# Blender 4.5.10 LTS
# www.blender.org
mtllib converted_link_6_orange_ff6c0aff.mtl
o converted_link_6_orange_ff6c0aff
v 0.023531 0.048731 0.008218
v 0.023145 0.048718 0.011641
v 0.027611 0.046069 0.012713
v 0.031022 0.042959 0.017413
v 0.029787 0.042893 0.020951
v 0.031689 0.041135 0.021622
v -0.032891 0.047564 0.040500
v -0.040438 0.046999 0.040695
v -0.035452 0.043050 0.044935
v -0.008483 0.041485 0.045075
v -0.000584 0.041747 0.043259
v -0.003837 0.044544 0.041156
v 0.012180 0.047887 -0.025682
v 0.016021 0.045501 -0.025739
v 0.012343 0.045292 -0.031014
v 0.024954 0.041345 -0.020107
v 0.023222 0.042911 -0.020111
v 0.026454 0.042997 -0.014035
v -0.027777 0.062659 0.013053
v -0.024398 0.063232 0.009476
v -0.033933 0.064767 0.005762
v -0.036256 0.061127 0.018196
v -0.041001 0.060246 0.019927
v -0.033444 0.058364 0.024396
v -0.027658 0.038271 0.049194
v -0.022891 0.038337 0.049019
v -0.024829 0.040955 0.046950
v -0.007816 0.039431 -0.060566
v -0.009363 0.039378 -0.062055
v -0.011716 0.041369 -0.061588
v -0.016473 0.039135 -0.068892
v -0.029358 0.043445 -0.074054
v -0.030005 0.046136 -0.070080
v -0.026570 0.046521 -0.066538
v -0.030955 0.049681 -0.064181
v -0.030995 0.049809 -0.063932
v -0.019704 0.051352 -0.051497
v -0.040643 0.065830 -0.000333
v -0.041100 0.065365 0.002898
v -0.038960 0.057534 0.025770
v -0.044318 0.056708 0.026637
v -0.044357 0.056551 0.026934
v -0.046678 0.041012 0.045732
v -0.046746 0.040265 0.046342
v -0.041562 0.040430 0.046782
v -0.046949 0.038067 0.048133
v -0.042914 0.038103 0.048526
v -0.040235 0.038126 0.048787
v -0.046524 0.042487 0.044413
v -0.043594 0.042653 0.044653
v -0.046304 0.044621 0.042505
v -0.046258 0.044992 0.042122
v -0.044988 0.053569 0.031820
v -0.045434 0.051048 0.035352
v -0.038670 0.050910 0.036207
v -0.045560 0.050198 0.036374
v -0.045576 0.050093 0.036500
v -0.044529 0.053631 0.031803
v -0.044946 0.053793 0.031490
v -0.044959 0.053727 0.031598
v -0.044425 0.056278 0.027453
v -0.038187 0.054418 0.031214
v -0.043517 0.059764 0.020564
v -0.043760 0.058948 0.022384
v -0.043794 0.058811 0.022643
v -0.042493 0.062856 0.012951
v -0.042727 0.062201 0.014683
v -0.043112 0.061125 0.017532
v -0.043256 0.060643 0.018606
v -0.036900 0.064142 0.009017
v -0.040433 0.063359 0.011657
v -0.031801 0.061942 0.015938
v -0.042475 0.062896 0.012816
v -0.041288 0.065175 0.004230
v -0.041657 0.064571 0.006885
v -0.041892 0.064190 0.008565
v -0.042198 0.063510 0.010800
v -0.040526 0.065880 -0.001141
v -0.031736 0.065176 0.001948
v -0.040026 0.066098 -0.004629
v -0.030430 0.065346 -0.002232
v -0.039954 0.066092 -0.005126
v -0.029972 0.065301 -0.006550
v -0.030223 0.065076 -0.010852
v -0.039313 0.066030 -0.009530
v -0.039393 0.066038 -0.008987
v -0.032234 0.064242 -0.019140
v -0.038306 0.065302 -0.016342
v -0.031022 0.064713 -0.015060
v -0.038612 0.065614 -0.014290
v -0.038844 0.065751 -0.012713
v -0.037603 0.064495 -0.021044
v -0.037774 0.064733 -0.019910
v -0.037086 0.064697 -0.019812
v -0.037843 0.064828 -0.019451
v -0.035855 0.061733 -0.032587
v -0.036467 0.062770 -0.028561
v -0.035493 0.063080 -0.026905
v -0.036705 0.063175 -0.026991
v -0.033750 0.063692 -0.023086
v -0.036950 0.063587 -0.025388
v -0.034611 0.059305 -0.040728
v -0.034721 0.059519 -0.040010
v -0.030886 0.060520 -0.034247
v -0.035607 0.061249 -0.034210
v -0.026368 0.061716 -0.026384
v -0.033317 0.056406 -0.049116
v -0.033548 0.056977 -0.047625
v -0.027970 0.057516 -0.042220
v -0.034463 0.058979 -0.041692
v -0.022497 0.058634 -0.034428
v -0.031767 0.052292 -0.059047
v -0.032093 0.053207 -0.056966
v -0.026492 0.054162 -0.050465
v -0.032626 0.054699 -0.053569
v -0.030116 0.046595 -0.069402
v -0.030739 0.048890 -0.065520
v -0.013202 0.047968 -0.052519
v -0.028318 0.038673 -0.080364
v -0.029106 0.042289 -0.075583
v -0.018791 0.039052 -0.071126
v -0.021282 0.042905 -0.067805
v -0.018156 0.039077 -0.070511
v -0.005370 0.039515 -0.058214
v -0.004126 0.041791 -0.054034
v -0.002402 0.039589 -0.055212
v 0.006419 0.039786 -0.046017
v 0.002947 0.039722 -0.049789
v 0.003835 0.042186 -0.045642
v 0.002798 0.039719 -0.049951
v -0.001668 0.039607 -0.054469
v 0.011890 0.042529 -0.036292
v 0.014652 0.039906 -0.036588
v 0.013091 0.039886 -0.038427
v 0.009374 0.039839 -0.042807
v 0.008106 0.039816 -0.044185
v 0.014743 0.039907 -0.036482
v 0.015837 0.042675 -0.031211
v 0.017856 0.039931 -0.032486
v 0.022568 0.039957 -0.025946
v 0.022311 0.039956 -0.026309
v 0.019644 0.042804 -0.025827
v 0.018779 0.039938 -0.031300
v 0.018680 0.039937 -0.031428
v 0.025930 0.039963 -0.020632
v 0.022675 0.039958 -0.025794
v 0.028770 0.039954 -0.015480
v 0.026356 0.039962 -0.019861
v 0.026221 0.039963 -0.020106
v 0.028240 0.041381 -0.013952
v 0.029517 0.039948 -0.013877
v 0.031015 0.041395 -0.007399
v 0.031085 0.039935 -0.010518
v 0.029875 0.039945 -0.013110
v 0.032771 0.039911 -0.006073
v 0.033888 0.039887 -0.002447
v 0.033059 0.041383 -0.000448
v 0.032670 0.039913 -0.006402
v 0.032340 0.039918 -0.007256
v 0.035064 0.039836 0.003442
v 0.034850 0.039852 0.001846
v 0.033719 0.041366 0.003164
v 0.034724 0.039856 0.001283
v 0.034388 0.039868 -0.000213
v 0.035279 0.039821 0.005047
v 0.034081 0.041340 0.006847
v 0.035374 0.039814 0.005756
v 0.035466 0.039751 0.010956
v 0.035534 0.039775 0.009064
v 0.034100 0.041305 0.010575
v 0.035524 0.039778 0.008844
v 0.035443 0.039797 0.007174
v 0.034984 0.039684 0.015648
v 0.035100 0.039697 0.014749
v 0.033732 0.041260 0.014315
v 0.035372 0.039728 0.012646
v 0.035417 0.039733 0.012296
v 0.033218 0.039579 0.021811
v 0.033811 0.039609 0.020076
v 0.032937 0.041203 0.018017
v 0.034272 0.039633 0.018729
v 0.034322 0.039636 0.018510
v 0.034808 0.039671 0.016408
v 0.030536 0.039464 0.026921
v 0.031314 0.039495 0.025649
v 0.029981 0.041057 0.025064
v 0.031754 0.039514 0.024930
v 0.032379 0.039542 0.023598
v 0.033052 0.039572 0.022163
v 0.030004 0.039442 0.027791
v 0.027831 0.040970 0.028282
v 0.029146 0.039411 0.028919
v 0.025286 0.040877 0.031234
v 0.028207 0.039378 0.030152
v 0.028317 0.039382 0.030008
v 0.022401 0.040777 0.033897
v 0.023653 0.039241 0.034615
v 0.025731 0.039302 0.032799
v 0.025788 0.039303 0.032750
v 0.026569 0.039327 0.031912
v 0.017511 0.042385 0.035322
v 0.020458 0.039154 0.037024
v 0.020626 0.042504 0.032996
v 0.022873 0.039219 0.035298
v 0.016509 0.039053 0.039481
v 0.017046 0.039067 0.039163
v 0.015854 0.040571 0.038360
v 0.019535 0.039129 0.037684
v 0.019768 0.039135 0.037517
v 0.009601 0.038895 0.042666
v 0.009700 0.038897 0.042626
v 0.008592 0.040362 0.041789
v 0.012566 0.038960 0.041460
v 0.016353 0.039050 0.039573
v 0.001916 0.038739 0.045249
v 0.002399 0.038749 0.045122
v 0.003047 0.038761 0.044954
v 0.007020 0.042008 0.040740
v 0.007849 0.038856 0.043380
v -0.005010 0.038616 0.046881
v -0.002128 0.038664 0.046303
v -0.012522 0.038492 0.048117
v -0.007785 0.038568 0.047437
v -0.006177 0.038596 0.047114
v -0.020853 0.038365 0.048944
v -0.020097 0.038376 0.048877
v -0.016585 0.041221 0.046284
v -0.014461 0.038460 0.048378
v -0.014158 0.038465 0.048351
v -0.031409 0.038225 0.049151
v -0.039984 0.038129 0.048800
v -0.035317 0.038180 0.049057
v -0.033168 0.040692 0.047107
v -0.034181 0.038191 0.049119
v -0.031952 0.055174 0.030210
v -0.025880 0.055898 0.028741
v -0.028147 0.059151 0.022533
v -0.009593 0.057777 0.020695
v -0.007396 0.058017 0.018676
v -0.016671 0.060793 0.015087
v -0.014893 0.061028 0.013035
v -0.005441 0.058224 0.016444
v -0.013365 0.061218 0.010805
v -0.003766 0.058390 0.014015
v -0.012117 0.061358 0.008423
v -0.002405 0.058511 0.011420
v -0.011162 0.061447 0.005929
v -0.001372 0.058589 0.008701
v -0.010499 0.061487 0.003359
v -0.023027 0.063445 0.007440
v -0.020044 0.056584 0.026740
v -0.023168 0.059877 0.020087
v -0.033260 0.056265 -0.049484
v -0.020376 0.055165 -0.042916
v -0.014306 0.056136 -0.034709
v -0.008607 0.057039 -0.025784
v -0.017392 0.059676 -0.026017
v -0.006041 0.057450 -0.021022
v -0.015107 0.060150 -0.021555
v -0.003775 0.057825 -0.016040
v -0.013101 0.060581 -0.016908
v -0.001925 0.058151 -0.010829
v -0.011477 0.060954 -0.012068
v -0.000648 0.058410 -0.005394
v -0.010377 0.061250 -0.007038
v -0.000149 0.058578 0.000222
v -0.009981 0.061439 -0.001862
v -0.000264 0.058618 0.003065
v -0.000664 0.058622 0.005902
v -0.024357 0.062258 -0.022237
v -0.022599 0.062749 -0.017936
v -0.021189 0.063170 -0.013472
v -0.020246 0.063500 -0.008853
v -0.019932 0.063707 -0.004115
v -0.020430 0.063755 0.000651
v -0.021038 0.063706 0.002993
v -0.021903 0.063604 0.005268
v -0.005969 0.048707 -0.044422
v -0.013024 0.052224 -0.043654
v 0.001289 0.049409 -0.035504
v -0.006358 0.053064 -0.035072
v 0.004817 0.049738 -0.030703
v -0.000057 0.053839 -0.025667
v 0.008199 0.050046 -0.025653
v 0.008524 0.045064 -0.036005
v 0.000706 0.044559 -0.045223
v -0.007041 0.044009 -0.053529
v -0.014438 0.043445 -0.061029
v -0.045895 0.047940 0.039086
v -0.046067 0.046538 0.040529
v 0.014175 0.042262 0.037375
v -0.027359 0.043438 0.044758
v -0.022338 0.046085 0.041972
v -0.025424 0.048108 0.039858
v -0.018086 0.048629 0.038735
v 0.028099 0.042813 0.024328
v 0.025979 0.042719 0.027487
v 0.023469 0.042616 0.030383
v 0.029179 0.043055 -0.007575
v 0.031179 0.043083 -0.000730
v 0.031821 0.043083 0.002821
v 0.032170 0.043071 0.006442
v 0.032182 0.043047 0.010106
v 0.031811 0.043011 0.013779
v 0.003534 0.044890 0.038720
v 0.010468 0.045217 0.035471
v 0.013699 0.045372 0.033491
v 0.016719 0.045517 0.031246
v 0.019475 0.045652 0.028727
v 0.021912 0.045774 0.025934
v 0.023973 0.045877 0.022888
v 0.025618 0.045962 0.019632
v 0.026830 0.046026 0.016219
v 0.022372 0.048680 0.015026
v 0.021185 0.048617 0.018319
v 0.019582 0.048528 0.021459
v 0.017581 0.048414 0.024397
v 0.015221 0.048279 0.027092
v 0.012553 0.048124 0.029524
v 0.009631 0.047955 0.031692
v 0.006506 0.047774 0.033606
v -0.000197 0.047387 0.036748
v 0.018975 0.051067 0.003945
v 0.018922 0.051085 0.007248
v 0.019470 0.045687 -0.020153
v 0.015485 0.048129 -0.020227
v 0.022573 0.045846 -0.014230
v 0.018451 0.048342 -0.014457
v 0.025180 0.045974 -0.007950
v 0.020930 0.048520 -0.008353
v 0.027079 0.046062 -0.001312
v 0.022720 0.048651 -0.001917
v 0.027681 0.046087 0.002126
v 0.023279 0.048696 0.001412
v 0.027998 0.046098 0.005627
v 0.023563 0.048723 0.004797
v 0.027989 0.046093 0.009167
v 0.018530 0.051079 0.010553
v 0.017765 0.051046 0.013817
v 0.016604 0.050982 0.016992
v 0.015046 0.050888 0.020022
v 0.013106 0.050764 0.022856
v 0.010823 0.050614 0.025456
v 0.008245 0.050442 0.027803
v 0.005425 0.050252 0.029896
v 0.002409 0.050048 0.031746
v -0.018350 0.052843 0.032960
v -0.024968 0.052225 0.034526
v -0.031760 0.051582 0.035590
v -0.019360 0.043817 0.044099
v -0.011498 0.044186 0.042918
v -0.014734 0.046537 0.040819
v -0.007325 0.046971 0.039108
v -0.010936 0.049130 0.037072
v -0.004060 0.049605 0.034785
v -0.011987 0.053426 0.030816
v -0.006001 0.053966 0.027977
v -0.014554 0.057218 0.024099
v -0.018668 0.060518 0.016946
v 0.011356 0.050330 -0.020330
v 0.002801 0.054190 -0.020618
v 0.014178 0.050585 -0.014713
v 0.005341 0.054509 -0.015313
v 0.016527 0.050801 -0.008785
v 0.007433 0.054785 -0.009741
v 0.018210 0.050968 -0.002549
v 0.008904 0.055003 -0.003903
v 0.009528 0.055143 0.002151
v 0.009439 0.055175 0.005224
v 0.009038 0.055177 0.008293
v 0.008296 0.055147 0.011324
v 0.007194 0.055078 0.014270
v 0.005730 0.054972 0.017081
v 0.003919 0.054828 0.019710
v 0.001796 0.054651 0.022125
v -0.000596 0.054445 0.024307
v -0.003209 0.054215 0.026254
v -0.024832 -0.041070 0.046849
v -0.033171 -0.040806 0.047006
v -0.035454 -0.043159 0.044827
v -0.007404 -0.058066 0.018527
v -0.009602 -0.057831 0.020547
v -0.018678 -0.060560 0.016789
v 0.035212 -0.039751 0.014053
v 0.035104 -0.039744 0.014647
v 0.033732 -0.041297 0.014211
v 0.034663 -0.039711 0.017080
v 0.034289 -0.039692 0.018400
v 0.032938 -0.041250 0.017914
v 0.027605 -0.039445 0.030741
v 0.026562 -0.039415 0.031809
v 0.025285 -0.040956 0.031132
v -0.020548 -0.038493 0.048825
v -0.022896 -0.038461 0.048923
v -0.046431 -0.038189 0.048096
v -0.046955 -0.038185 0.048035
v -0.046750 -0.040361 0.046219
v -0.046163 -0.045994 0.041136
v -0.046077 -0.046643 0.040423
v -0.040442 -0.047097 0.040576
v -0.038676 -0.050999 0.036077
v -0.032895 -0.047664 0.040379
v -0.037103 -0.064643 -0.019980
v -0.032249 -0.064191 -0.019305
v -0.031039 -0.064671 -0.015227
v -0.037626 -0.064484 -0.021132
v -0.037594 -0.064436 -0.021348
v -0.029107 -0.042101 -0.075727
v -0.028324 -0.038463 -0.080463
v -0.021285 -0.042726 -0.067917
v -0.019468 -0.038841 -0.071855
v -0.018803 -0.038867 -0.071221
v -0.030013 -0.045949 -0.070202
v -0.029906 -0.045539 -0.070864
v -0.029131 -0.042216 -0.075578
v -0.031007 -0.049623 -0.064026
v -0.030748 -0.048751 -0.065646
v -0.026574 -0.046345 -0.066659
v -0.030699 -0.048585 -0.065954
v -0.013206 -0.047830 -0.052643
v -0.019711 -0.051217 -0.051629
v -0.031472 -0.051199 -0.061102
v -0.032099 -0.053060 -0.057117
v -0.026500 -0.054030 -0.050605
v -0.033231 -0.056070 -0.049879
v -0.032303 -0.053663 -0.055825
v -0.020384 -0.055053 -0.043057
v -0.033322 -0.056281 -0.049284
v -0.033271 -0.056163 -0.049619
v -0.022507 -0.058544 -0.034579
v -0.034746 -0.059423 -0.040058
v -0.027980 -0.057405 -0.042367
v -0.034471 -0.058868 -0.041847
v -0.034327 -0.058574 -0.042790
v -0.026381 -0.061647 -0.026543
v -0.036476 -0.062694 -0.028736
v -0.030899 -0.060429 -0.034402
v -0.035619 -0.061177 -0.034358
v -0.035554 -0.061062 -0.034782
v -0.033766 -0.063631 -0.023251
v -0.035508 -0.063008 -0.027068
v -0.036768 -0.063212 -0.026819
v -0.036717 -0.063122 -0.027150
v -0.030239 -0.065047 -0.011021
v -0.038381 -0.065355 -0.016086
v -0.038317 -0.065282 -0.016516
v -0.037784 -0.064666 -0.020075
v -0.029988 -0.065281 -0.006719
v -0.039119 -0.065910 -0.011094
v -0.038855 -0.065711 -0.012881
v -0.040431 -0.065955 -0.002060
v -0.039966 -0.066058 -0.005289
v -0.030446 -0.065339 -0.002402
v -0.039788 -0.066098 -0.006518
v -0.039403 -0.065989 -0.009149
v -0.041063 -0.065463 0.002385
v -0.040537 -0.065872 -0.001311
v -0.031753 -0.065179 0.001778
v -0.033949 -0.064780 0.005594
v -0.041108 -0.065400 0.002711
v -0.036915 -0.064162 0.008851
v -0.041666 -0.064627 0.006695
v -0.041649 -0.064658 0.006578
v -0.040448 -0.063386 0.011492
v -0.042206 -0.063570 0.010612
v -0.043268 -0.060657 0.018473
v -0.042870 -0.061908 0.015498
v -0.036269 -0.061172 0.018037
v -0.042735 -0.062248 0.014512
v -0.042470 -0.062923 0.012557
v -0.033455 -0.058425 0.024246
v -0.043563 -0.059730 0.020679
v -0.041013 -0.060292 0.019770
v -0.043535 -0.059818 0.020470
v -0.044746 -0.054911 0.029725
v -0.044368 -0.056587 0.026805
v -0.038195 -0.054494 0.031075
v -0.044327 -0.056770 0.026487
v -0.038969 -0.057597 0.025621
v -0.044183 -0.057407 0.025376
v -0.043807 -0.058815 0.022531
v -0.045568 -0.050283 0.036245
v -0.045254 -0.052249 0.033717
v -0.044537 -0.053707 0.031664
v -0.044992 -0.053628 0.031649
v -0.044957 -0.053803 0.031386
v -0.045720 -0.049333 0.037467
v -0.045584 -0.050185 0.036372
v -0.046266 -0.045061 0.042019
v -0.043598 -0.042760 0.044546
v -0.046537 -0.042614 0.044337
v -0.042921 -0.038223 0.048425
v -0.041565 -0.040542 0.046681
v -0.046538 -0.042603 0.044348
v -0.033442 -0.038324 0.049044
v -0.035324 -0.038302 0.048949
v -0.039604 -0.038255 0.048735
v -0.039990 -0.038251 0.048699
v -0.026575 -0.038410 0.049078
v -0.027711 -0.038396 0.049072
v -0.031416 -0.038349 0.049054
v -0.012523 -0.038608 0.048020
v -0.014465 -0.038579 0.048283
v -0.016587 -0.041334 0.046182
v -0.014781 -0.038574 0.048326
v -0.020102 -0.038499 0.048786
v -0.002854 -0.038763 0.046375
v -0.005007 -0.038726 0.046790
v -0.008484 -0.041596 0.044971
v -0.006176 -0.038706 0.047014
v -0.008701 -0.038664 0.047500
v 0.002789 -0.038870 0.044931
v 0.002397 -0.038863 0.045030
v -0.000585 -0.041856 0.043155
v 0.001913 -0.038853 0.045155
v 0.011481 -0.039047 0.041837
v 0.009697 -0.039011 0.042533
v 0.008591 -0.040467 0.041689
v 0.009598 -0.039009 0.042573
v 0.015853 -0.040669 0.038259
v 0.016488 -0.039159 0.039355
v 0.015430 -0.039134 0.039963
v 0.020450 -0.039254 0.036920
v 0.019754 -0.039237 0.037405
v 0.017510 -0.042475 0.035216
v 0.019151 -0.039221 0.037824
v 0.017030 -0.039172 0.039043
v 0.025708 -0.039391 0.032681
v 0.025197 -0.039377 0.033204
v 0.022401 -0.040864 0.033795
v 0.023644 -0.039336 0.034510
v 0.022843 -0.039314 0.035184
v 0.027832 -0.041043 0.028179
v 0.029146 -0.039493 0.028821
v 0.028289 -0.039466 0.029889
v 0.031334 -0.039566 0.025564
v 0.031264 -0.039564 0.025697
v 0.029981 -0.041122 0.024961
v 0.030534 -0.039538 0.026819
v 0.029599 -0.039506 0.028255
v 0.032405 -0.039607 0.023510
v 0.031690 -0.041191 0.021518
v 0.032586 -0.039614 0.023161
v 0.033839 -0.039668 0.019987
v 0.033806 -0.039666 0.020106
v 0.033028 -0.039633 0.022055
v 0.034803 -0.039721 0.016307
v 0.035484 -0.039809 0.008742
v 0.034100 -0.041333 0.010471
v 0.035459 -0.039824 0.007070
v 0.034080 -0.041359 0.006741
v 0.035455 -0.039827 0.006837
v 0.035509 -0.039793 0.010399
v 0.035473 -0.039788 0.010853
v 0.035335 -0.039769 0.012542
v 0.034705 -0.039867 0.001181
v 0.035081 -0.039854 0.003210
v 0.033718 -0.041375 0.003058
v 0.035094 -0.039853 0.003335
v 0.035260 -0.039841 0.004945
v 0.031015 -0.041376 -0.007505
v 0.032325 -0.039906 -0.007357
v 0.032737 -0.039902 -0.006165
v 0.033059 -0.041383 -0.000553
v 0.033365 -0.039895 -0.004353
v 0.034414 -0.039876 -0.000394
v 0.028239 -0.041345 -0.014058
v 0.029529 -0.039920 -0.013988
v 0.029904 -0.039920 -0.013250
v 0.031880 -0.039911 -0.008640
v 0.023222 -0.042860 -0.020222
v 0.019643 -0.042737 -0.025937
v 0.022529 -0.039896 -0.026027
v 0.024722 -0.039911 -0.022715
v 0.026196 -0.039916 -0.020198
v 0.024954 -0.041293 -0.020213
v 0.026338 -0.039917 -0.019956
v 0.027524 -0.039920 -0.017929
v 0.017849 -0.039853 -0.032589
v 0.018646 -0.039861 -0.031512
v 0.015836 -0.042594 -0.031322
v 0.021070 -0.039885 -0.028229
v 0.022283 -0.039893 -0.026399
v 0.017098 -0.039845 -0.033606
v 0.011890 -0.042434 -0.036402
v 0.014613 -0.039813 -0.036665
v 0.002912 -0.039591 -0.049864
v 0.006439 -0.039674 -0.046142
v 0.003834 -0.042067 -0.045751
v 0.006937 -0.039686 -0.045615
v 0.008104 -0.039707 -0.044292
v 0.012081 -0.039780 -0.039780
v 0.013091 -0.039793 -0.038536
v -0.011718 -0.041208 -0.061694
v -0.007816 -0.039280 -0.060675
v -0.004128 -0.041649 -0.054144
v -0.001663 -0.039472 -0.054582
v 0.000055 -0.039524 -0.052881
v -0.016475 -0.038956 -0.068995
v -0.009346 -0.039231 -0.062180
v -0.009044 -0.039243 -0.061891
v -0.024412 -0.063255 0.009312
v -0.014903 -0.061062 0.012877
v -0.016682 -0.060831 0.014930
v -0.005449 -0.058268 0.016294
v -0.000673 -0.058640 0.005752
v -0.010510 -0.061496 0.003200
v -0.000273 -0.058627 0.002915
v -0.009992 -0.061435 -0.002020
v -0.021917 -0.063617 0.005103
v -0.023041 -0.063464 0.007275
v -0.012129 -0.061380 0.008265
v -0.013376 -0.061246 0.010647
v -0.002414 -0.058543 0.011269
v -0.003776 -0.058428 0.013865
v -0.027791 -0.062691 0.012890
v -0.021052 -0.063713 0.002828
v -0.011174 -0.061463 0.005769
v -0.001381 -0.058613 0.008550
v -0.014314 -0.056046 -0.034854
v -0.017403 -0.059608 -0.026171
v -0.008616 -0.056973 -0.025930
v -0.015118 -0.060095 -0.021710
v -0.006050 -0.057397 -0.021170
v -0.013111 -0.060538 -0.017064
v -0.003783 -0.057785 -0.016189
v -0.011489 -0.060924 -0.012225
v -0.001933 -0.058124 -0.010979
v -0.010389 -0.061232 -0.007196
v -0.000656 -0.058398 -0.005544
v -0.000157 -0.058580 0.000072
v -0.024370 -0.062200 -0.022398
v -0.022613 -0.062701 -0.018097
v -0.021202 -0.063135 -0.013635
v -0.020260 -0.063477 -0.009017
v -0.019946 -0.063696 -0.004279
v -0.020444 -0.063756 0.000486
v 0.001285 -0.049317 -0.035631
v 0.004813 -0.049659 -0.030832
v -0.006364 -0.052973 -0.035209
v -0.000062 -0.053774 -0.025806
v 0.000703 -0.044442 -0.045337
v -0.007044 -0.043869 -0.053644
v -0.005973 -0.048591 -0.044548
v -0.013031 -0.052111 -0.043788
v -0.014441 -0.043284 -0.061142
v -0.027362 -0.043547 0.044649
v -0.025428 -0.048206 0.039736
v -0.022341 -0.046188 0.041855
v -0.019362 -0.043925 0.043989
v 0.025979 -0.042791 0.027379
v 0.023469 -0.042694 0.030276
v 0.020626 -0.042588 0.032889
v 0.022350 -0.039302 0.035599
v 0.031822 -0.043091 0.002712
v 0.032170 -0.043090 0.006332
v 0.032181 -0.043075 0.009996
v 0.031812 -0.043047 0.013669
v 0.031022 -0.043005 0.017304
v 0.029787 -0.042948 0.020842
v 0.028099 -0.042877 0.024221
v 0.031179 -0.043083 -0.000841
v 0.029179 -0.043038 -0.007685
v 0.026454 -0.042961 -0.014145
v 0.027680 -0.046095 0.002009
v 0.027998 -0.046115 0.005510
v 0.027988 -0.046118 0.009050
v 0.027610 -0.046104 0.012596
v 0.026829 -0.046070 0.016103
v 0.025618 -0.046014 0.019515
v 0.023973 -0.045938 0.022772
v 0.021911 -0.045841 0.025818
v 0.019475 -0.045728 0.028611
v 0.016718 -0.045599 0.031132
v 0.023277 -0.048702 0.001287
v 0.023561 -0.048738 0.004673
v 0.023529 -0.048756 0.008094
v 0.023144 -0.048750 0.011518
v 0.022369 -0.048721 0.014902
v 0.021184 -0.048666 0.018194
v 0.019580 -0.048585 0.021337
v 0.017579 -0.048479 0.024275
v 0.015219 -0.048350 0.026970
v 0.012551 -0.048201 0.029403
v 0.008522 -0.044971 -0.036122
v 0.012341 -0.045213 -0.031131
v 0.012177 -0.047822 -0.025806
v 0.016019 -0.045435 -0.025856
v 0.015483 -0.048078 -0.020350
v 0.019468 -0.045637 -0.020270
v 0.018449 -0.048307 -0.014581
v 0.022573 -0.045812 -0.014347
v 0.020927 -0.048500 -0.008477
v 0.025179 -0.045956 -0.008067
v 0.022719 -0.048649 -0.002042
v 0.027078 -0.046061 -0.001430
v 0.018206 -0.050963 -0.002679
v 0.018972 -0.051080 0.003814
v 0.018919 -0.051107 0.007118
v 0.018527 -0.051109 0.010422
v 0.017761 -0.051083 0.013688
v 0.016601 -0.051028 0.016862
v 0.015043 -0.050941 0.019893
v 0.013103 -0.050826 0.022727
v 0.010819 -0.050682 0.025328
v 0.008241 -0.050515 0.027676
v -0.031960 -0.055247 0.030069
v -0.024973 -0.052311 0.034393
v -0.031766 -0.051669 0.035459
v -0.018091 -0.048726 0.038611
v -0.014737 -0.046638 0.040702
v -0.011500 -0.044292 0.042807
v -0.028158 -0.059207 0.022380
v -0.020052 -0.056652 0.026595
v -0.025889 -0.055970 0.028598
v -0.011993 -0.053505 0.030680
v -0.018357 -0.052925 0.032826
v -0.004063 -0.049694 0.034660
v -0.010940 -0.049224 0.036948
v -0.000200 -0.047480 0.036628
v -0.007327 -0.047070 0.038990
v 0.003533 -0.044988 0.038608
v -0.003838 -0.044648 0.041045
v 0.007019 -0.042110 0.040636
v 0.007157 -0.038959 0.043526
v -0.031814 -0.061981 0.015777
v -0.023178 -0.059928 0.019932
v -0.014562 -0.057280 0.023952
v -0.003215 -0.054283 0.026116
v -0.006007 -0.054039 0.027840
v 0.005421 -0.050330 0.029769
v 0.002406 -0.050130 0.031619
v 0.009630 -0.048038 0.031571
v 0.006504 -0.047861 0.033485
v 0.013698 -0.045458 0.033376
v 0.010467 -0.045309 0.035358
v 0.014174 -0.042357 0.037269
v 0.008196 -0.049982 -0.025782
v 0.002795 -0.054139 -0.020757
v 0.011353 -0.050280 -0.020459
v 0.005335 -0.054472 -0.015454
v 0.014175 -0.050549 -0.014843
v 0.007428 -0.054762 -0.009881
v 0.016524 -0.050781 -0.008915
v 0.008899 -0.054996 -0.004044
v 0.009522 -0.055152 0.002010
v 0.009433 -0.055192 0.005082
v 0.009032 -0.055201 0.008152
v 0.008290 -0.055178 0.011183
v 0.007189 -0.055117 0.014128
v 0.005724 -0.055017 0.016940
v 0.003913 -0.054881 0.019570
v 0.001789 -0.054709 0.021985
v -0.000602 -0.054508 0.024168
v -0.042249 -0.063487 0.010925
v 0.003301 0.016505 -0.063909
v 0.001760 0.021699 -0.063439
v 0.011826 0.021831 -0.051452
v -0.006580 -0.037670 -0.061046
v -0.005138 -0.035597 -0.061468
v 0.005409 -0.035870 -0.050332
v 0.006674 -0.033693 -0.050559
v -0.002489 -0.031202 -0.062243
v -0.013156 -0.030892 -0.073424
v -0.010714 -0.026241 -0.074377
v -0.033320 -0.005486 0.057762
v -0.033823 -0.010840 0.057279
v -0.018035 -0.010881 0.057178
v 0.030449 -0.035763 0.030848
v -0.015968 -0.035234 -0.072328
v -0.027977 -0.036525 -0.082500
v -0.027946 -0.036341 -0.082676
v -0.026757 -0.034832 -0.083235
v -0.026561 0.027418 -0.090441
v -0.027009 0.030678 -0.087942
v -0.023833 0.030772 -0.084523
v -0.047504 0.010618 0.056910
v -0.047441 0.005285 0.057441
v -0.033319 0.005345 0.057776
v -0.047499 -0.019156 0.055290
v -0.047472 -0.021074 0.054758
v -0.035795 -0.021124 0.055381
v -0.040931 -0.034710 0.050396
v -0.047115 -0.034653 0.049794
v -0.047158 -0.033708 0.050264
v -0.047227 -0.031691 0.051107
v -0.047431 -0.024129 0.053911
v -0.047390 -0.025889 0.053304
v -0.044999 -0.025909 0.053516
v -0.034652 -0.016071 0.056482
v -0.047511 -0.016030 0.055951
v -0.047509 -0.017800 0.055609
v -0.047476 -0.007750 0.057234
v -0.047500 -0.010809 0.056838
v -0.047516 -0.012788 0.056580
v -0.047326 -0.000070 0.057616
v -0.047326 -0.000072 0.057616
v -0.047389 -0.002687 0.057569
v -0.047437 -0.005469 0.057386
v -0.047472 0.021185 0.054785
v -0.047474 0.020950 0.054840
v -0.035792 0.020988 0.055434
v -0.047514 0.015884 0.056031
v -0.034651 0.015933 0.056522
v -0.047504 0.010677 0.056900
v -0.033822 0.010700 0.057306
v -0.038951 0.030361 0.052396
v -0.047223 0.031663 0.051185
v -0.046652 0.030321 0.051800
v -0.047230 0.031525 0.051248
v -0.047265 0.030306 0.051711
v -0.047108 0.034526 0.049865
v -0.040927 0.034588 0.050484
v -0.047030 0.036443 0.048982
v -0.033266 0.034651 0.050905
v -0.025592 0.034725 0.050966
v -0.017927 0.034811 0.050627
v -0.010292 0.034908 0.049846
v -0.002727 0.035015 0.048565
v 0.004716 0.035131 0.046705
v 0.011949 0.035258 0.044160
v 0.018828 0.035393 0.040785
v 0.022066 0.035464 0.038734
v 0.025117 0.035536 0.036417
v 0.027931 0.035608 0.033819
v 0.030453 0.035681 0.030938
v 0.032628 0.035750 0.027787
v 0.034409 0.035818 0.024396
v 0.035768 0.035879 0.020814
v 0.036693 0.035936 0.017094
v 0.037200 0.035986 0.013293
v 0.037315 0.036031 0.009459
v 0.037073 0.036068 0.005631
v 0.036512 0.036101 0.001835
v 0.034577 0.036150 -0.005588
v 0.031777 0.036182 -0.012731
v 0.028320 0.036198 -0.019579
v 0.024361 0.036198 -0.026151
v 0.020016 0.036179 -0.032472
v 0.015369 0.036142 -0.038574
v 0.010485 0.036083 -0.044487
v 0.005412 0.036000 -0.050240
v 0.000193 0.035891 -0.055859
v -0.005134 0.035756 -0.061374
v -0.015964 0.035424 -0.072236
v -0.027051 0.030984 -0.087707
v -0.027652 0.034858 -0.084265
v -0.026754 0.035051 -0.083143
v -0.027680 0.035016 -0.084102
v -0.027939 0.036502 -0.082583
v -0.019184 0.021311 -0.086721
v -0.025844 0.021185 -0.094253
v -0.026126 0.023838 -0.092791
v -0.025749 0.020289 -0.094747
v -0.017508 0.016218 -0.087517
v -0.025391 0.016340 -0.096503
v -0.016293 0.010951 -0.088094
v -0.025104 0.012524 -0.097798
v -0.025374 0.016115 -0.096579
v -0.024686 0.004706 -0.099265
v -0.024724 0.005531 -0.099151
v -0.015559 0.005564 -0.088446
v -0.024865 0.008595 -0.098730
v -0.025003 0.010874 -0.098189
v -0.015313 0.000116 -0.088570
v -0.024545 0.000131 -0.099409
v -0.024569 0.001118 -0.099421
v -0.015559 -0.005331 -0.088461
v -0.024656 -0.003664 -0.099337
v -0.024545 0.000129 -0.099409
v -0.025033 -0.011190 -0.098123
v -0.025001 -0.010619 -0.098243
v -0.016294 -0.010718 -0.088123
v -0.024820 -0.007439 -0.098909
v -0.024726 -0.005270 -0.099156
v -0.025970 -0.022157 -0.093685
v -0.025848 -0.020936 -0.094303
v -0.019186 -0.021083 -0.086777
v -0.025608 -0.018533 -0.095515
v -0.017510 -0.015988 -0.087559
v -0.025380 -0.015855 -0.096596
v -0.025295 -0.014856 -0.096999
v -0.023836 -0.030548 -0.084603
v -0.026866 -0.029423 -0.088851
v -0.021303 -0.025951 -0.085788
v -0.026394 -0.025819 -0.091443
v -0.026379 -0.025707 -0.091524
v -0.027689 -0.034781 -0.084162
v -0.027379 -0.032898 -0.085955
v -0.027015 -0.030439 -0.088005
v 0.004073 -0.037965 -0.050093
v 0.010481 -0.035969 -0.044580
v 0.015365 -0.036044 -0.038667
v 0.020012 -0.036098 -0.032565
v 0.024357 -0.036132 -0.026244
v 0.028316 -0.036150 -0.019672
v 0.031772 -0.036153 -0.012824
v 0.034572 -0.036140 -0.005681
v 0.036507 -0.036109 0.001743
v 0.037069 -0.036087 0.005538
v 0.037311 -0.036059 0.009367
v 0.037196 -0.036025 0.013202
v 0.036689 -0.035985 0.017002
v 0.035763 -0.035938 0.020721
v 0.034405 -0.035884 0.024305
v 0.032624 -0.035825 0.027696
v 0.027927 -0.035699 0.033728
v 0.025113 -0.035632 0.036327
v 0.022063 -0.035566 0.038644
v 0.018825 -0.035500 0.040694
v 0.011946 -0.035372 0.044069
v 0.015441 -0.035435 0.042496
v 0.004712 -0.035251 0.046616
v -0.002731 -0.035138 0.048476
v -0.010296 -0.035033 0.049757
v -0.017930 -0.034938 0.050540
v -0.025596 -0.034852 0.050878
v -0.033270 -0.034775 0.050818
v -0.026786 -0.016099 0.056595
v -0.027967 -0.021159 0.055552
v -0.018919 -0.016130 0.056453
v -0.020138 -0.021201 0.055449
v -0.011067 -0.016167 0.055966
v -0.012320 -0.021248 0.054991
v -0.003254 -0.016207 0.055045
v -0.004540 -0.021300 0.054097
v 0.004477 -0.016251 0.053585
v 0.003158 -0.021358 0.052673
v 0.012052 -0.016296 0.051469
v 0.010708 -0.021420 0.050605
v 0.019355 -0.016346 0.048556
v 0.017997 -0.021486 0.047759
v 0.022849 -0.016371 0.046754
v 0.021491 -0.021521 0.045998
v 0.026200 -0.016397 0.044696
v 0.024846 -0.021556 0.043987
v 0.029365 -0.016423 0.042366
v 0.028023 -0.021591 0.041706
v 0.032301 -0.016449 0.039754
v 0.030978 -0.021627 0.039148
v 0.034958 -0.016475 0.036860
v 0.033662 -0.021663 0.036307
v 0.037288 -0.016501 0.033698
v 0.036026 -0.021698 0.033196
v 0.039251 -0.016524 0.030295
v 0.038026 -0.021731 0.029839
v 0.040818 -0.016546 0.026692
v 0.039629 -0.021761 0.026273
v 0.041977 -0.016565 0.022935
v 0.040822 -0.021790 0.022549
v 0.042736 -0.016582 0.019078
v 0.041609 -0.021814 0.018716
v 0.043115 -0.016596 0.015163
v 0.042011 -0.021834 0.014823
v 0.043146 -0.016607 0.011229
v 0.042055 -0.021851 0.010908
v 0.042295 -0.016622 0.003411
v 0.024172 -0.005570 -0.039240
v 0.024372 0.000049 -0.039250
v 0.028444 -0.005586 -0.032580
v 0.028635 0.000040 -0.032578
v 0.032419 -0.005599 -0.025739
v 0.032605 0.000031 -0.025727
v 0.036030 -0.005610 -0.018699
v 0.036209 0.000022 -0.018676
v 0.039183 -0.005620 -0.011442
v 0.039354 0.000012 -0.011412
v 0.041753 -0.005626 -0.003961
v 0.041920 0.000002 -0.003922
v 0.043577 -0.005631 0.003736
v 0.043741 -0.000008 0.003781
v 0.044435 -0.005633 0.011596
v 0.044599 -0.000018 0.011646
v 0.044421 -0.005633 0.015552
v 0.044588 -0.000023 0.015605
v 0.044066 -0.005631 0.019491
v 0.044237 -0.000028 0.019547
v 0.043340 -0.005629 0.023378
v 0.043515 -0.000033 0.023439
v 0.042220 -0.005626 0.027171
v 0.042399 -0.000038 0.027236
v 0.040696 -0.005621 0.030819
v 0.040880 -0.000042 0.030890
v 0.038774 -0.005616 0.034275
v 0.038963 -0.000047 0.034352
v 0.036479 -0.005610 0.037495
v 0.036674 -0.000051 0.037579
v 0.033851 -0.005604 0.040451
v 0.034050 -0.000054 0.040543
v 0.030938 -0.005597 0.043123
v 0.031139 -0.000057 0.043223
v 0.027785 -0.005591 0.045512
v 0.027987 -0.000060 0.045620
v 0.024442 -0.005583 0.047624
v 0.024644 -0.000063 0.047738
v 0.020945 -0.005577 0.049475
v 0.021149 -0.000065 0.049595
v 0.013624 -0.005562 0.052465
v 0.013825 -0.000068 0.052595
v 0.006020 -0.005548 0.054639
v 0.006215 -0.000070 0.054776
v -0.001748 -0.005533 0.056139
v -0.001557 -0.000071 0.056283
v -0.009602 -0.005521 0.057096
v -0.009416 -0.000072 0.057242
v -0.017498 -0.005508 0.057618
v -0.017317 -0.000072 0.057770
v -0.033151 -0.000071 0.057929
v 0.023579 -0.011125 -0.039196
v 0.027873 -0.011148 -0.032571
v 0.031872 -0.011166 -0.025764
v 0.035505 -0.011178 -0.018754
v 0.038675 -0.011186 -0.011524
v 0.041261 -0.011190 -0.004065
v 0.043091 -0.011190 0.003614
v 0.043946 -0.011183 0.011458
v 0.043926 -0.011178 0.015405
v 0.043563 -0.011171 0.019335
v 0.042824 -0.011161 0.023211
v 0.041689 -0.011149 0.026990
v 0.040149 -0.011136 0.030622
v 0.038211 -0.011122 0.034058
v 0.035904 -0.011106 0.037256
v 0.033265 -0.011091 0.040188
v 0.030343 -0.011074 0.042838
v 0.027186 -0.011058 0.045205
v 0.023840 -0.011041 0.047296
v 0.020344 -0.011024 0.049128
v 0.013030 -0.010992 0.052089
v 0.005437 -0.010961 0.054241
v -0.002317 -0.010933 0.055727
v -0.010155 -0.010906 0.056669
v 0.022603 -0.016556 -0.039122
v 0.026936 -0.016584 -0.032556
v 0.030972 -0.016605 -0.025805
v 0.034641 -0.016620 -0.018845
v 0.037844 -0.016627 -0.011659
v 0.040453 -0.016629 -0.004237
v 0.021267 -0.021807 -0.039025
v 0.025654 -0.021842 -0.032542
v 0.029745 -0.021866 -0.025867
v 0.033464 -0.021881 -0.018977
v 0.036712 -0.021888 -0.011852
v 0.039355 -0.021886 -0.004481
v 0.041213 -0.021874 0.003125
v 0.041777 -0.021864 0.007001
v 0.019596 -0.026830 -0.038913
v 0.024054 -0.026871 -0.032534
v 0.028214 -0.026898 -0.025958
v 0.031998 -0.026914 -0.019156
v 0.035303 -0.026919 -0.012109
v 0.037989 -0.026913 -0.004801
v 0.039868 -0.026896 0.002753
v 0.040433 -0.026881 0.006605
v 0.040701 -0.026863 0.010490
v 0.040638 -0.026841 0.014382
v 0.040208 -0.026814 0.018249
v 0.039383 -0.026783 0.022050
v 0.038146 -0.026746 0.025734
v 0.036494 -0.026707 0.029250
v 0.034447 -0.026665 0.032551
v 0.032040 -0.026621 0.035598
v 0.029321 -0.026575 0.038372
v 0.026340 -0.026529 0.040863
v 0.023148 -0.026485 0.043079
v 0.019786 -0.026440 0.045032
v 0.016293 -0.026396 0.046741
v 0.009020 -0.026313 0.049502
v 0.001502 -0.026235 0.051510
v -0.006159 -0.026164 0.052893
v -0.013896 -0.026098 0.053753
v -0.021671 -0.026039 0.054175
v -0.029455 -0.025988 0.054231
v -0.037235 -0.025945 0.053988
v 0.017619 -0.031587 -0.038792
v 0.022163 -0.031633 -0.032541
v 0.026408 -0.031665 -0.026082
v 0.030273 -0.031682 -0.019387
v 0.033647 -0.031685 -0.012432
v 0.036385 -0.031675 -0.005202
v 0.038291 -0.031651 0.002291
v 0.038853 -0.031633 0.006117
v 0.039110 -0.031610 0.009976
v 0.039023 -0.031582 0.013840
v 0.038558 -0.031548 0.017677
v 0.037687 -0.031509 0.021439
v 0.036396 -0.031464 0.025077
v 0.034684 -0.031416 0.028536
v 0.032579 -0.031364 0.031766
v 0.030119 -0.031309 0.034737
v 0.027358 -0.031254 0.037428
v 0.024345 -0.031198 0.039840
v 0.021132 -0.031143 0.041979
v 0.017761 -0.031089 0.043862
v 0.014267 -0.031036 0.045508
v 0.007014 -0.030935 0.048168
v -0.000469 -0.030841 0.050107
v -0.008085 -0.030753 0.051441
v -0.015774 -0.030674 0.052264
v -0.023497 -0.030603 0.052645
v -0.031230 -0.030540 0.052646
v -0.038954 -0.030487 0.052319
v -0.046656 -0.030445 0.051723
v -0.047318 -0.029002 0.052229
v -0.047269 -0.030429 0.051634
v 0.014318 -0.011060 -0.051982
v 0.018032 -0.016517 -0.045523
v 0.013266 -0.016469 -0.051781
v 0.016642 -0.021759 -0.045340
v 0.011824 -0.021699 -0.051508
v 0.014901 -0.026774 -0.045116
v 0.010014 -0.026701 -0.051170
v 0.012838 -0.031521 -0.044861
v 0.007866 -0.031436 -0.050776
v -0.003773 -0.033439 -0.061867
v -0.002487 0.031364 -0.062162
v -0.000179 0.026666 -0.062853
v -0.010711 0.026435 -0.074309
v -0.026395 0.026051 -0.091340
v -0.021301 0.026177 -0.085719
v -0.013154 0.031084 -0.073344
v -0.000181 -0.026502 -0.062922
v -0.008666 -0.021320 -0.075176
v 0.001757 -0.021535 -0.063494
v -0.007042 -0.016172 -0.075808
v 0.003300 -0.016339 -0.063952
v -0.005863 -0.010849 -0.076266
v 0.004420 -0.010967 -0.064283
v -0.005150 -0.005404 -0.076541
v 0.005100 -0.005473 -0.064483
v -0.004909 0.000100 -0.076628
v 0.005329 0.000083 -0.064545
v 0.005101 0.005640 -0.064468
v 0.014957 0.005662 -0.052088
v -0.008664 0.021516 -0.075120
v -0.007040 0.016370 -0.075765
v -0.005862 0.011048 -0.076237
v -0.005149 0.005605 -0.076527
v 0.004421 0.011134 -0.064255
v 0.013268 0.016601 -0.051738
v 0.018033 0.016633 -0.045481
v 0.016644 0.021876 -0.045284
v 0.022605 0.016654 -0.039080
v 0.021269 0.021906 -0.038969
v 0.026937 0.016667 -0.032514
v 0.025656 0.021924 -0.032486
v 0.030974 0.016669 -0.025761
v 0.029747 0.021931 -0.025811
v 0.034643 0.016665 -0.018803
v 0.033466 0.021927 -0.018921
v 0.037847 0.016654 -0.011616
v 0.036714 0.021915 -0.011796
v 0.040456 0.016635 -0.004195
v 0.039357 0.021893 -0.004425
v 0.042297 0.016609 0.003454
v 0.014956 -0.005528 -0.052102
v 0.015172 0.000067 -0.052139
v 0.024173 0.005668 -0.039226
v -0.047377 0.026415 0.053188
v -0.047389 0.025767 0.053386
v -0.037232 0.025813 0.054052
v -0.031227 0.030412 0.052723
v -0.029453 0.025854 0.054296
v -0.023494 0.030472 0.052723
v -0.021668 0.025905 0.054240
v -0.015771 0.030543 0.052342
v -0.013894 0.025964 0.053819
v -0.008082 0.030623 0.051519
v -0.006156 0.026030 0.052959
v -0.000466 0.030712 0.050185
v 0.001504 0.026103 0.051576
v 0.007017 0.030811 0.048247
v 0.004977 0.026759 -0.057028
v 0.002747 0.031476 -0.056479
v 0.010017 0.026833 -0.051101
v 0.007869 0.031567 -0.050694
v 0.014903 0.026890 -0.045047
v 0.012841 0.031636 -0.044780
v 0.019599 0.026928 -0.038843
v 0.017622 0.031685 -0.038709
v 0.024057 0.026953 -0.032466
v 0.022167 0.031715 -0.032460
v 0.028217 0.026963 -0.025889
v 0.026412 0.031729 -0.026001
v 0.032001 0.026960 -0.019087
v 0.030276 0.031727 -0.019306
v 0.035306 0.026946 -0.012040
v 0.033651 0.031713 -0.012351
v 0.037992 0.026922 -0.004733
v 0.036389 0.031684 -0.005121
v 0.039872 0.026884 0.002821
v 0.038294 0.031641 0.002372
v 0.040436 0.026860 0.006674
v 0.038857 0.031613 0.006198
v 0.040704 0.026832 0.010559
v 0.039114 0.031580 0.010057
v 0.040641 0.026799 0.014451
v 0.039027 0.031542 0.013921
v 0.040211 0.026762 0.018318
v 0.038562 0.031498 0.017757
v 0.039386 0.026721 0.022119
v 0.037691 0.031449 0.021520
v 0.038149 0.026676 0.025803
v 0.036399 0.031396 0.025158
v 0.036497 0.026627 0.029319
v 0.034688 0.031338 0.028615
v 0.034450 0.026577 0.032619
v 0.032582 0.031278 0.031846
v 0.032043 0.026525 0.035666
v 0.030123 0.031217 0.034817
v 0.029324 0.026473 0.038439
v 0.027361 0.031154 0.037509
v 0.026343 0.026421 0.040931
v 0.024349 0.031094 0.039919
v 0.023151 0.026371 0.043147
v 0.021136 0.031033 0.042058
v 0.019789 0.026322 0.045099
v 0.017764 0.030975 0.043940
v 0.016295 0.026274 0.046807
v 0.014270 0.030918 0.045587
v 0.009024 0.026185 0.049568
v -0.027965 0.021023 0.055606
v -0.026785 0.015959 0.056636
v -0.020135 0.021063 0.055503
v -0.018918 0.015991 0.056494
v -0.012318 0.021110 0.055045
v -0.011065 0.016027 0.056006
v -0.004538 0.021164 0.054152
v -0.003252 0.016067 0.055085
v 0.003160 0.021224 0.052726
v 0.004479 0.016113 0.053626
v 0.010710 0.021290 0.050658
v 0.012054 0.016165 0.051510
v 0.018000 0.021363 0.047814
v 0.019356 0.016220 0.048598
v 0.021494 0.021401 0.046053
v 0.022852 0.016249 0.046795
v 0.024847 0.021440 0.044041
v 0.026201 0.016280 0.044737
v 0.028025 0.021482 0.041761
v 0.029366 0.016312 0.042407
v 0.030980 0.021524 0.039203
v 0.032302 0.016344 0.039795
v 0.033664 0.021566 0.036362
v 0.034959 0.016377 0.036902
v 0.036028 0.021608 0.033252
v 0.037290 0.016409 0.033740
v 0.038028 0.021649 0.029894
v 0.039254 0.016442 0.030337
v 0.039631 0.021690 0.026329
v 0.040820 0.016473 0.026733
v 0.040824 0.021726 0.022604
v 0.041980 0.016502 0.022978
v 0.041612 0.021760 0.018773
v 0.042738 0.016529 0.019120
v 0.042014 0.021790 0.014878
v 0.043118 0.016553 0.015206
v 0.042058 0.021817 0.010963
v 0.043148 0.016574 0.011271
v 0.041780 0.021840 0.007058
v 0.041216 0.021861 0.003182
v 0.014319 0.011194 -0.051953
v 0.019047 0.011213 -0.045631
v 0.023580 0.011224 -0.039167
v 0.028444 0.005666 -0.032565
v 0.027873 0.011229 -0.032542
v 0.032420 0.005662 -0.025725
v 0.031873 0.011228 -0.025735
v 0.036031 0.005655 -0.018684
v 0.035505 0.011223 -0.018725
v 0.039183 0.005644 -0.011428
v 0.038677 0.011213 -0.011496
v 0.041754 0.005632 -0.003946
v 0.041262 0.011197 -0.004036
v 0.043577 0.005616 0.003751
v 0.043092 0.011176 0.003642
v 0.044436 0.005598 0.011610
v 0.043947 0.011149 0.011486
v 0.044421 0.005587 0.015566
v 0.043928 0.011133 0.015434
v 0.044067 0.005576 0.019505
v 0.043564 0.011115 0.019364
v 0.043341 0.005564 0.023393
v 0.042825 0.011096 0.023240
v 0.042220 0.005551 0.027185
v 0.041691 0.011076 0.027019
v 0.040696 0.005538 0.030834
v 0.040150 0.011053 0.030649
v 0.038774 0.005524 0.034289
v 0.038213 0.011030 0.034085
v 0.036480 0.005511 0.037510
v 0.035904 0.011007 0.037284
v 0.033852 0.005497 0.040465
v 0.033266 0.010983 0.040215
v 0.030939 0.005484 0.043138
v 0.030344 0.010960 0.042866
v 0.027786 0.005471 0.045526
v 0.027187 0.010938 0.045232
v 0.024442 0.005460 0.047639
v 0.023841 0.010917 0.047324
v 0.020946 0.005448 0.049489
v 0.020346 0.010897 0.049156
v 0.013625 0.005427 0.052479
v 0.013031 0.010859 0.052118
v 0.006020 0.005408 0.054653
v 0.005437 0.010824 0.054269
v -0.001747 0.005392 0.056153
v -0.002316 0.010792 0.055754
v -0.009602 0.005377 0.057109
v -0.010155 0.010764 0.056696
v -0.017497 0.005365 0.057632
v -0.018033 0.010739 0.057205
vn 0.4987 0.8648 0.0595
vn 0.6159 0.7538 0.2290
vn -0.0350 0.7104 0.7029
vn 0.1394 0.6936 0.7068
vn 0.4863 0.7914 -0.3704
vn 0.6300 0.6958 -0.3449
vn 0.0702 0.9725 0.2219
vn -0.0182 0.9102 0.4139
vn 0.0199 0.6288 0.7773
vn 0.4847 0.6968 -0.5287
vn 0.4846 0.6968 -0.5288
vn 0.3959 0.7890 -0.4698
vn 0.3142 0.8644 -0.3925
vn 0.0244 0.9891 0.1455
vn -0.0619 0.8853 0.4609
vn -0.0854 0.6345 0.7682
vn -0.0854 0.6341 0.7685
vn -0.0811 0.6275 0.7744
vn -0.0809 0.6275 0.7744
vn -0.0981 0.6690 0.7367
vn -0.0283 0.7190 0.6944
vn -0.0561 0.8160 0.5753
vn -0.0643 0.7711 0.6335
vn -0.0640 0.7683 0.6369
vn -0.0548 0.8539 0.5176
vn -0.0554 0.8535 0.5182
vn -0.0579 0.8534 0.5181
vn -0.0152 0.8860 0.4635
vn -0.0526 0.8855 0.4617
vn -0.0275 0.9135 0.4060
vn -0.0312 0.9059 0.4224
vn -0.0625 0.8864 0.4588
vn -0.0624 0.8865 0.4586
vn -0.0341 0.9364 0.3492
vn -0.0342 0.9364 0.3493
vn -0.0364 0.9273 0.3725
vn -0.0729 0.9137 0.3997
vn -0.0735 0.9133 0.4005
vn 0.0098 0.9550 0.2964
vn -0.0171 0.9384 0.3451
vn -0.0107 0.9754 0.2201
vn -0.0105 0.9755 0.2198
vn -0.0148 0.9638 0.2661
vn -0.0557 0.9573 0.2836
vn -0.0559 0.9572 0.2841
vn 0.0550 0.9960 0.0703
vn 0.0630 0.9962 0.0603
vn 0.0785 0.9969 -0.0014
vn 0.0787 0.9969 -0.0021
vn 0.0959 0.9937 -0.0574
vn 0.0785 0.9969 -0.0018
vn 0.0786 0.9969 -0.0025
vn 0.1051 0.9839 -0.1447
vn 0.1034 0.9855 -0.1347
vn 0.1067 0.9887 -0.1057
vn 0.0934 0.9930 -0.0725
vn 0.0936 0.9929 -0.0732
vn 0.0774 0.9781 -0.1932
vn 0.0772 0.9783 -0.1920
vn 0.0915 0.9676 -0.2353
vn 0.0918 0.9675 -0.2355
vn 0.0898 0.9762 -0.1974
vn 0.1059 0.9852 -0.1344
vn 0.1108 0.9850 -0.1326
vn 0.1201 0.9703 -0.2098
vn 0.1093 0.9779 -0.1782
vn 0.1035 0.9766 -0.1887
vn 0.1320 0.9647 -0.2278
vn 0.1447 0.9541 -0.2621
vn 0.1452 0.9540 -0.2624
vn 0.1466 0.9619 -0.2305
vn 0.2200 0.9219 -0.3191
vn 0.1882 0.9390 -0.2879
vn 0.1908 0.9439 -0.2694
vn 0.2581 0.8987 -0.3545
vn 0.2581 0.8988 -0.3544
vn 0.3959 0.7889 -0.4699
vn 0.3644 0.8261 -0.4299
vn 0.3635 0.8255 -0.4318
vn 0.4469 0.7474 -0.4916
vn 0.4505 0.7319 -0.5112
vn 0.4594 0.7314 -0.5040
vn 0.4847 0.6967 -0.5289
vn 0.4837 0.7002 -0.5251
vn 0.5123 0.6810 -0.5232
vn 0.5438 0.6651 -0.5118
vn 0.5443 0.6648 -0.5117
vn 0.5103 0.6876 -0.5165
vn 0.5123 0.6810 -0.5233
vn 0.5124 0.6810 -0.5231
vn 0.5713 0.6570 -0.4919
vn 0.5360 0.7062 -0.4625
vn 0.5438 0.6655 -0.5113
vn 0.5437 0.6651 -0.5119
vn 0.5709 0.6567 -0.4928
vn 0.5803 0.6652 -0.4699
vn 0.5944 0.6545 -0.4672
vn 0.6173 0.6525 -0.4396
vn 0.6174 0.6526 -0.4393
vn 0.6036 0.6632 -0.4426
vn 0.5948 0.6545 -0.4668
vn 0.5949 0.6546 -0.4665
vn 0.6602 0.6248 -0.4169
vn 0.6157 0.6799 -0.3982
vn 0.6259 0.6621 -0.4122
vn 0.6170 0.6522 -0.4403
vn 0.6834 0.6261 -0.3754
vn 0.6832 0.6256 -0.3767
vn 0.6833 0.6257 -0.3762
vn 0.7130 0.6186 -0.3302
vn 0.6906 0.6608 -0.2939
vn 0.7130 0.6185 -0.3302
vn 0.7130 0.6186 -0.3301
vn 0.7206 0.6583 -0.2177
vn 0.7108 0.6720 -0.2079
vn 0.7283 0.6266 -0.2776
vn 0.7283 0.6267 -0.2771
vn 0.7562 0.6474 -0.0949
vn 0.7215 0.6746 -0.1560
vn 0.7411 0.6582 -0.1323
vn 0.7538 0.6363 -0.1639
vn 0.7538 0.6364 -0.1634
vn 0.7562 0.6474 -0.0950
vn 0.7426 0.6662 -0.0683
vn 0.7268 0.6808 -0.0911
vn 0.7465 0.6645 0.0355
vn 0.7161 0.6975 -0.0267
vn 0.7331 0.6802 0.0025
vn 0.7526 0.6579 -0.0290
vn 0.7525 0.6579 -0.0285
vn 0.7340 0.6711 0.1040
vn 0.7338 0.6712 0.1048
vn 0.7225 0.6868 0.0794
vn 0.7052 0.7017 0.1015
vn 0.7464 0.6645 0.0359
vn 0.6812 0.6899 0.2450
vn 0.6809 0.6901 0.2453
vn 0.7103 0.6823 0.1730
vn 0.7130 0.6818 0.1635
vn 0.6952 0.6978 0.1723
vn 0.6949 0.6981 0.1726
vn 0.6198 0.6776 0.3960
vn 0.6193 0.6775 0.3969
vn 0.6335 0.6996 0.3303
vn 0.6557 0.6830 0.3218
vn 0.6558 0.6830 0.3217
vn 0.6192 0.6779 0.3963
vn 0.5851 0.6999 0.4097
vn 0.5785 0.6749 0.4581
vn 0.5346 0.6934 0.4831
vn 0.5781 0.6749 0.4586
vn 0.5782 0.6748 0.4585
vn 0.4942 0.6649 0.5601
vn 0.4674 0.6862 0.5574
vn 0.4728 0.6848 0.5545
vn 0.5343 0.6686 0.5172
vn 0.5345 0.6686 0.5170
vn 0.4155 0.6907 0.5918
vn 0.4059 0.6943 0.5943
vn 0.3747 0.6498 0.6613
vn 0.3760 0.6503 0.6601
vn 0.3826 0.6864 0.6184
vn 0.4094 0.6887 0.5985
vn 0.4093 0.6886 0.5985
vn 0.2832 0.6281 0.7248
vn 0.2816 0.6275 0.7259
vn 0.2961 0.6822 0.6686
vn 0.3255 0.6525 0.6843
vn 0.3783 0.6498 0.6592
vn 0.1822 0.6433 0.7436
vn 0.1816 0.6429 0.7441
vn 0.2140 0.6657 0.7148
vn 0.2221 0.6598 0.7179
vn 0.1496 0.6501 0.7450
vn 0.1370 0.6603 0.7384
vn 0.1820 0.6432 0.7438
vn 0.0990 0.6404 0.7616
vn 0.1399 0.6431 0.7529
vn 0.1397 0.6430 0.7530
vn 0.0594 0.6313 0.7732
vn 0.0590 0.6316 0.7730
vn 0.0588 0.6315 0.7731
vn -0.0165 0.6514 0.7585
vn -0.0491 0.6382 0.7683
vn -0.0492 0.8638 0.5014
vn -0.0246 0.8661 0.4992
vn -0.0114 0.8754 0.4833
vn 0.0111 0.8778 0.4789
vn 0.0282 0.8896 0.4558
vn 0.0065 0.9145 0.4046
vn 0.0229 0.9252 0.3788
vn -0.0093 0.9464 0.3230
vn 0.0021 0.9583 0.2856
vn 0.1676 0.9409 0.2945
vn 0.1807 0.9471 0.2654
vn 0.1897 0.9484 0.2541
vn 0.2035 0.9539 0.2205
vn 0.2108 0.9546 0.2106
vn 0.2243 0.9589 0.1739
vn 0.2300 0.9590 0.1654
vn 0.2426 0.9617 0.1273
vn 0.2465 0.9616 0.1210
vn 0.2579 0.9627 0.0817
vn 0.0935 0.9817 0.1659
vn 0.0945 0.9826 0.1598
vn 0.0397 0.9908 0.1290
vn 0.0553 0.9960 0.0696
vn 0.0493 0.8920 0.4494
vn 0.0718 0.9069 0.4152
vn 0.0453 0.9288 0.3679
vn 0.0675 0.9421 0.3285
vn 0.0311 0.9589 0.2819
vn 0.0537 0.9705 0.2352
vn 0.0127 0.9798 0.1997
vn 0.0246 0.9891 0.1451
vn 0.2398 0.9184 -0.3148
vn 0.2400 0.9187 -0.3137
vn 0.2394 0.9181 -0.3159
vn 0.2497 0.9068 -0.3397
vn 0.2572 0.9190 -0.2989
vn 0.2666 0.9099 -0.3178
vn 0.2727 0.9241 -0.2676
vn 0.2825 0.9160 -0.2849
vn 0.2852 0.9294 -0.2341
vn 0.2898 0.9248 -0.2466
vn 0.2904 0.9353 -0.2024
vn 0.2951 0.9312 -0.2138
vn 0.2935 0.9419 -0.1632
vn 0.2979 0.9389 -0.1724
vn 0.2933 0.9492 -0.1141
vn 0.2969 0.9473 -0.1206
vn 0.2882 0.9560 -0.0542
vn 0.2901 0.9553 -0.0572
vn 0.2799 0.9600 -0.0022
vn 0.2704 0.9626 0.0179
vn 0.2708 0.9620 0.0366
vn 0.2603 0.9624 0.0774
vn 0.1700 0.9512 -0.2575
vn 0.1569 0.9587 -0.2374
vn 0.1561 0.9668 -0.2022
vn 0.1671 0.9588 -0.2299
vn 0.1642 0.9703 -0.1777
vn 0.1746 0.9638 -0.2014
vn 0.1693 0.9748 -0.1454
vn 0.1788 0.9699 -0.1650
vn 0.1706 0.9797 -0.1048
vn 0.1781 0.9769 -0.1182
vn 0.1664 0.9846 -0.0540
vn 0.1710 0.9834 -0.0613
vn 0.1553 0.9878 0.0063
vn 0.1555 0.9878 0.0061
vn 0.1408 0.9884 0.0572
vn 0.1280 0.9885 0.0803
vn 0.1267 0.9876 0.0924
vn 0.1133 0.9849 0.1307
vn 0.3625 0.8267 -0.4303
vn 0.3625 0.8266 -0.4304
vn 0.3705 0.8348 -0.4071
vn 0.3712 0.8337 -0.4088
vn 0.3803 0.8449 -0.3761
vn 0.3815 0.8431 -0.3789
vn 0.3889 0.8545 -0.3443
vn 0.3852 0.8621 -0.3292
vn 0.3962 0.8613 -0.3179
vn 0.4961 0.7358 -0.4610
vn 0.4830 0.7241 -0.4923
vn 0.4729 0.7327 -0.4895
vn 0.4646 0.7258 -0.5073
vn 0.4344 0.7515 -0.4965
vn 0.4175 0.7761 -0.4726
vn 0.4140 0.7736 -0.4797
vn 0.4124 0.7783 -0.4736
vn -0.0792 0.7197 0.6898
vn -0.0792 0.7200 0.6894
vn -0.0626 0.6926 0.7186
vn -0.0588 0.7015 0.7103
vn -0.0581 0.6622 0.7470
vn -0.0986 0.6398 0.7622
vn -0.0756 0.6690 0.7394
vn 0.3517 0.7069 0.6138
vn 0.2917 0.6810 0.6716
vn 0.2902 0.6960 0.6568
vn 0.2086 0.6597 0.7220
vn 0.2816 0.6276 0.7258
vn -0.0486 0.6397 0.7671
vn -0.0497 0.6392 0.7674
vn -0.0497 0.6503 0.7581
vn -0.0159 0.6691 0.7430
vn -0.0184 0.7060 0.7080
vn 0.0045 0.7211 0.6928
vn 0.0061 0.7269 0.6867
vn 0.0465 0.7547 0.6544
vn 0.5851 0.7504 0.3075
vn 0.5817 0.7526 0.3086
vn 0.5452 0.7451 0.3842
vn 0.5408 0.7477 0.3852
vn 0.4984 0.7359 0.4583
vn 0.4972 0.7405 0.4522
vn 0.4502 0.7251 0.5211
vn 0.4495 0.7305 0.5141
vn 0.3366 0.6839 0.6473
vn 0.4828 0.6619 0.5735
vn 0.6755 0.6411 -0.3643
vn 0.6385 0.6880 -0.3448
vn 0.6516 0.7060 -0.2775
vn 0.6580 0.6975 -0.2839
vn 0.6681 0.7180 -0.1952
vn 0.6737 0.7115 -0.1998
vn 0.6759 0.7272 -0.1201
vn 0.6778 0.7250 -0.1223
vn 0.6756 0.7347 -0.0612
vn 0.6774 0.7330 -0.0630
vn 0.6710 0.7415 0.0034
vn 0.6718 0.7407 0.0027
vn 0.6604 0.7473 0.0741
vn 0.6603 0.7473 0.0741
vn 0.6429 0.7513 0.1495
vn 0.1871 0.7201 0.6682
vn 0.1986 0.7122 0.6732
vn 0.2551 0.7426 0.6192
vn 0.2667 0.7357 0.6226
vn 0.3130 0.7597 0.5700
vn 0.3214 0.7580 0.5676
vn 0.3536 0.7736 0.5259
vn 0.3612 0.7719 0.5231
vn 0.3948 0.7870 0.4741
vn 0.4018 0.7853 0.4709
vn 0.4355 0.7990 0.4147
vn 0.4417 0.7973 0.4113
vn 0.4741 0.8086 0.3484
vn 0.4789 0.8071 0.3454
vn 0.5083 0.8151 0.2779
vn 0.5119 0.8138 0.2751
vn 0.5369 0.8181 0.2060
vn 0.5396 0.8169 0.2035
vn 0.5597 0.8176 0.1348
vn 0.4853 0.8662 0.1188
vn 0.4838 0.8668 0.1204
vn 0.4666 0.8656 0.1819
vn 0.4643 0.8663 0.1840
vn 0.4433 0.8619 0.2462
vn 0.4398 0.8629 0.2489
vn 0.4153 0.8552 0.3102
vn 0.4109 0.8562 0.3130
vn 0.3837 0.8455 0.3715
vn 0.3788 0.8465 0.3742
vn 0.3501 0.8333 0.4277
vn 0.3441 0.8344 0.4306
vn 0.3156 0.8199 0.4777
vn 0.3090 0.8209 0.4803
vn 0.2811 0.8056 0.5215
vn 0.2739 0.8066 0.5238
vn 0.2334 0.7826 0.5770
vn 0.2236 0.7876 0.5742
vn 0.1730 0.7566 0.6306
vn 0.4544 0.8908 0.0025
vn 0.4943 0.8034 -0.3320
vn 0.4966 0.8002 -0.3363
vn 0.5045 0.8146 -0.2862
vn 0.5072 0.8113 -0.2907
vn 0.5133 0.8269 -0.2299
vn 0.5158 0.8242 -0.2335
vn 0.5183 0.8402 -0.1595
vn 0.5205 0.8384 -0.1620
vn 0.5182 0.8498 -0.0967
vn 0.5192 0.8489 -0.0985
vn 0.5152 0.8556 -0.0494
vn 0.5156 0.8554 -0.0500
vn 0.5089 0.8608 0.0026
vn 0.4452 0.8938 0.0536
vn 0.4445 0.8941 0.0545
vn 0.4322 0.8952 0.1089
vn 0.4310 0.8956 0.1101
vn 0.4154 0.8942 0.1669
vn 0.4131 0.8949 0.1690
vn 0.3943 0.8907 0.2264
vn 0.3913 0.8914 0.2288
vn 0.3695 0.8842 0.2859
vn 0.3653 0.8850 0.2887
vn 0.3415 0.8751 0.3430
vn 0.3364 0.8758 0.3460
vn 0.3112 0.8637 0.3964
vn 0.3058 0.8644 0.3992
vn 0.2805 0.8509 0.4442
vn 0.2741 0.8515 0.4469
vn 0.2494 0.8373 0.4866
vn 0.2431 0.8378 0.4888
vn 0.2066 0.8151 0.5413
vn 0.5569 0.6602 -0.5040
vn 0.5074 0.7263 -0.4637
vn 0.5208 0.7399 -0.4258
vn 0.5241 0.7324 -0.4346
vn 0.5359 0.7453 -0.3967
vn 0.5395 0.7380 -0.4053
vn 0.5516 0.7527 -0.3594
vn 0.5557 0.7456 -0.3680
vn 0.5672 0.7620 -0.3124
vn 0.5712 0.7560 -0.3196
vn 0.5810 0.7739 -0.2521
vn 0.5852 0.7685 -0.2586
vn 0.5911 0.7872 -0.1760
vn 0.5948 0.7833 -0.1806
vn 0.5944 0.7970 -0.1072
vn 0.5958 0.7956 -0.1099
vn 0.5924 0.8038 -0.0546
vn 0.5935 0.8029 -0.0563
vn 0.5868 0.8097 0.0034
vn 0.5873 0.8094 0.0028
vn 0.5766 0.8143 0.0663
vn 0.0634 0.8076 0.5863
vn 0.0377 0.7893 0.6128
vn 0.0210 0.7904 0.6122
vn -0.0019 0.7741 0.6330
vn -0.0191 0.7759 0.6305
vn -0.0403 0.7611 0.6474
vn -0.0633 0.7646 0.6414
vn -0.0541 0.7709 0.6347
vn -0.0883 0.8166 0.5705
vn -0.0840 0.7940 0.6021
vn -0.0488 0.8195 0.5710
vn -0.0285 0.8192 0.5728
vn -0.0113 0.8314 0.5555
vn 0.0082 0.8318 0.5551
vn 0.0280 0.8459 0.5326
vn 0.0465 0.8466 0.5302
vn 0.0700 0.8631 0.5001
vn 0.0406 0.6478 0.7607
vn 0.0386 0.6673 0.7437
vn 0.0760 0.6885 0.7213
vn 0.0706 0.7167 0.6938
vn 0.1093 0.7416 0.6619
vn 0.1013 0.7670 0.6336
vn 0.1416 0.7942 0.5909
vn 0.1249 0.8276 0.5473
vn 0.1601 0.8513 0.4997
vn 0.1328 0.8840 0.4483
vn 0.1666 0.9050 0.3914
vn 0.1355 0.9270 0.3497
vn 0.1566 0.9387 0.3071
vn 0.4007 0.8711 -0.2841
vn 0.4019 0.8692 -0.2880
vn 0.4057 0.8809 -0.2438
vn 0.4072 0.8791 -0.2478
vn 0.4091 0.8915 -0.1946
vn 0.4107 0.8899 -0.1982
vn 0.4095 0.9023 -0.1346
vn 0.4109 0.9013 -0.1372
vn 0.4047 0.9124 -0.0617
vn 0.4054 0.9120 -0.0629
vn 0.3959 0.9183 0.0014
vn 0.3957 0.9184 0.0020
vn 0.3870 0.9208 0.0477
vn 0.3859 0.9212 0.0498
vn 0.3749 0.9219 0.0972
vn 0.3730 0.9224 0.1006
vn 0.3594 0.9210 0.1499
vn 0.3563 0.9214 0.1548
vn 0.3407 0.9179 0.2036
vn 0.3363 0.9181 0.2097
vn 0.3185 0.9122 0.2578
vn 0.3126 0.9121 0.2653
vn 0.2938 0.9042 0.3101
vn 0.2866 0.9036 0.3183
vn 0.2674 0.8942 0.3591
vn 0.2587 0.8931 0.3681
vn 0.2400 0.8828 0.4037
vn 0.2304 0.8812 0.4128
vn 0.2128 0.8708 0.4431
vn -0.0166 0.6309 0.7757
vn -0.0055 0.6357 0.7719
vn -0.0066 0.6580 0.7530
vn 0.0285 0.6777 0.7348
vn 0.0255 0.7015 0.7122
vn 0.0611 0.7243 0.6868
vn 0.0558 0.7480 0.6614
vn 0.0920 0.7727 0.6281
vn 0.0796 0.8070 0.5852
vn 0.1095 0.8279 0.5501
vn 0.0878 0.8640 0.4958
vn 0.1165 0.8833 0.4541
vn 0.0909 0.9088 0.4071
vn 0.1186 0.9258 0.3588
vn 0.0867 0.9445 0.3168
vn 0.1129 0.9582 0.2630
vn 0.1134 0.9588 0.2605
vn 0.1373 0.9635 0.2297
vn 0.1489 0.9681 0.2017
vn 0.1572 0.9691 0.1901
vn 0.1690 0.9728 0.1586
vn 0.1753 0.9732 0.1490
vn 0.1869 0.9756 0.1147
vn 0.1910 0.9756 0.1080
vn 0.2017 0.9767 0.0728
vn 0.2044 0.9765 0.0681
vn 0.2192 0.9756 0.0131
vn 0.2194 0.9755 0.0127
vn 0.2343 0.9705 -0.0579
vn 0.2313 0.9714 -0.0532
vn 0.2413 0.9632 -0.1181
vn 0.2360 0.9657 -0.1083
vn 0.2422 0.9558 -0.1667
vn 0.2356 0.9597 -0.1531
vn 0.2389 0.9490 -0.2058
vn 0.2315 0.9544 -0.1885
vn 0.2325 0.9435 -0.2362
vn 0.2248 0.9501 -0.2161
vn 0.2239 0.9362 -0.2710
vn 0.2078 0.9474 -0.2434
vn 0.2038 0.9344 -0.2923
vn 0.2005 0.9371 -0.2858
vn 0.6552 0.6829 0.3230
vn 0.6761 0.6941 0.2472
vn 0.6179 0.7524 0.2281
vn 0.6420 0.7519 0.1500
vn 0.5611 0.8169 0.1334
vn 0.5762 0.8145 0.0668
vn 0.4992 0.8645 0.0589
vn 0.4548 0.8906 0.0020
vn 0.4613 0.8861 -0.0457
vn 0.4510 0.8900 -0.0668
vn 0.4648 0.8808 -0.0898
vn 0.4681 0.8709 -0.1496
vn 0.4663 0.8722 -0.1476
vn 0.4658 0.8582 -0.2158
vn 0.4641 0.8597 -0.2135
vn 0.4602 0.8459 -0.2696
vn 0.4585 0.8476 -0.2670
vn 0.4529 0.8348 -0.3131
vn 0.4514 0.8365 -0.3105
vn 0.4449 0.8251 -0.3483
vn 0.4594 0.8041 -0.3773
vn 0.4563 0.7997 -0.3902
vn 0.4554 0.8026 -0.3852
vn 0.4446 0.7890 -0.4240
vn 0.4425 0.7930 -0.4187
vn 0.4299 0.7797 -0.4552
vn 0.4287 0.7825 -0.4516
vn 0.4201 0.7746 -0.4727
vn 0.4555 0.7334 -0.5045
vn 0.4510 0.7299 -0.5136
vn 0.4527 0.7264 -0.5171
vn 0.4596 0.7314 -0.5038
vn 0.3122 0.8659 -0.3909
vn 0.3046 0.8744 -0.3777
vn 0.3093 0.8797 -0.3612
vn 0.3129 0.8749 -0.3697
vn 0.3206 0.8857 -0.3357
vn 0.3248 0.8809 -0.3444
vn 0.3325 0.8953 -0.2966
vn 0.3374 0.8904 -0.3055
vn 0.3418 0.9041 -0.2564
vn 0.3443 0.9011 -0.2635
vn 0.3463 0.9118 -0.2206
vn 0.3488 0.9093 -0.2270
vn 0.3489 0.9204 -0.1765
vn 0.3515 0.9183 -0.1823
vn 0.3485 0.9293 -0.1226
vn 0.3507 0.9279 -0.1266
vn 0.3433 0.9375 -0.0571
vn 0.3442 0.9371 -0.0586
vn 0.3345 0.9424 -0.0001
vn 0.3343 0.9425 0.0002
vn 0.3258 0.9445 0.0419
vn 0.3246 0.9448 0.0442
vn 0.3144 0.9454 0.0865
vn 0.3122 0.9457 0.0903
vn 0.2999 0.9445 0.1342
vn 0.2965 0.9448 0.1396
vn 0.2826 0.9417 0.1826
vn 0.2777 0.9418 0.1896
vn 0.2622 0.9367 0.2320
vn 0.2558 0.9364 0.2404
vn 0.2399 0.9298 0.2792
vn 0.2317 0.9289 0.2890
vn 0.2158 0.9212 0.3238
vn 0.2064 0.9196 0.3342
vn 0.1914 0.9115 0.3641
vn 0.1621 0.9049 0.3935
vn 0.2019 0.8685 0.4526
vn 0.1745 0.8510 0.4954
vn 0.1969 0.8193 0.5385
vn 0.1510 0.7894 0.5950
vn 0.1629 0.7625 0.6261
vn 0.1191 0.7348 0.6677
vn 0.1281 0.7023 0.7002
vn 0.0867 0.6790 0.7290
vn 0.0920 0.6459 0.7578
vn 0.0971 0.6504 0.7533
vn -0.0075 -0.6755 0.7373
vn 0.1642 -0.9433 0.2887
vn 0.7225 -0.6771 0.1402
vn 0.7055 -0.6770 0.2098
vn 0.5237 -0.6666 0.5304
vn 0.0237 -0.6328 0.7739
vn -0.0933 -0.6431 0.7601
vn -0.0780 -0.7421 0.6657
vn -0.0404 -0.7627 0.6454
vn 0.1121 -0.9825 -0.1490
vn 0.1364 -0.9711 -0.1957
vn 0.4399 -0.7458 -0.5002
vn 0.4609 -0.7289 -0.5063
vn 0.4574 -0.7295 -0.5085
vn 0.4099 -0.8030 -0.4327
vn 0.4157 -0.7742 -0.4773
vn 0.4402 -0.7455 -0.5005
vn 0.3876 -0.8360 -0.3884
vn 0.3874 -0.8358 -0.3891
vn 0.3581 -0.8290 -0.4294
vn 0.3615 -0.8245 -0.4354
vn 0.3268 -0.8527 -0.4074
vn 0.2935 -0.8830 -0.3662
vn 0.2407 -0.9121 -0.3318
vn 0.2406 -0.9166 -0.3193
vn 0.2492 -0.9245 -0.2883
vn 0.2490 -0.9242 -0.2896
vn 0.1890 -0.9439 -0.2708
vn 0.1918 -0.9453 -0.2640
vn 0.1917 -0.9452 -0.2643
vn 0.1508 -0.9601 -0.2354
vn 0.1499 -0.9601 -0.2362
vn 0.1498 -0.9595 -0.2384
vn 0.1163 -0.9762 -0.1833
vn 0.1120 -0.9758 -0.1876
vn 0.1025 -0.9732 -0.2057
vn 0.1183 -0.9727 -0.1998
vn 0.1081 -0.9637 -0.2441
vn 0.1048 -0.9886 -0.1082
vn 0.1093 -0.9823 -0.1518
vn 0.1080 -0.9837 -0.1437
vn 0.0572 -0.9852 -0.1618
vn 0.0572 -0.9852 -0.1616
vn 0.0971 -0.9935 -0.0598
vn 0.0971 -0.9907 -0.0956
vn 0.0971 -0.9907 -0.0957
vn 0.0630 -0.9972 0.0408
vn 0.0629 -0.9972 0.0411
vn 0.0829 -0.9965 -0.0045
vn 0.0824 -0.9962 -0.0290
vn 0.0823 -0.9962 -0.0287
vn 0.0378 -0.9926 0.1153
vn 0.0377 -0.9926 0.1155
vn 0.0088 -0.9818 0.1895
vn -0.0201 -0.9672 0.2534
vn -0.0271 -0.9661 0.2569
vn -0.0440 -0.9231 0.3820
vn -0.0192 -0.9458 0.3242
vn -0.0189 -0.9459 0.3238
vn -0.0400 -0.8963 0.4416
vn -0.0688 -0.9234 0.3776
vn -0.0684 -0.9229 0.3789
vn -0.0463 -0.8689 0.4928
vn -0.0470 -0.8684 0.4936
vn -0.0528 -0.8647 0.4995
vn -0.0547 -0.8690 0.4917
vn -0.0532 -0.8978 0.4371
vn -0.0639 -0.7663 0.6393
vn -0.0673 -0.7917 0.6072
vn -0.0473 -0.8220 0.5675
vn -0.1625 -0.8303 0.5332
vn -0.1626 -0.8314 0.5314
vn -0.0780 -0.7421 0.6658
vn -0.0260 -0.7903 0.6122
vn -0.0215 -0.7931 0.6088
vn -0.0624 -0.6895 0.7216
vn -0.0689 -0.7004 0.7104
vn -0.0855 -0.6901 0.7186
vn -0.0786 -0.6280 0.7742
vn -0.0903 -0.6436 0.7601
vn -0.0901 -0.6466 0.7575
vn -0.0858 -0.6432 0.7608
vn -0.0853 -0.7014 0.7077
vn -0.0459 -0.6368 0.7696
vn -0.0454 -0.6455 0.7624
vn -0.0779 -0.6282 0.7741
vn -0.0785 -0.6280 0.7743
vn 0.0238 -0.6328 0.7739
vn -0.0117 -0.6466 0.7627
vn -0.0060 -0.6430 0.7658
vn -0.0119 -0.6352 0.7723
vn -0.0118 -0.6352 0.7722
vn 0.0929 -0.6480 0.7559
vn 0.0918 -0.6476 0.7564
vn 0.0577 -0.6356 0.7698
vn 0.1346 -0.6415 0.7552
vn 0.1344 -0.6414 0.7554
vn 0.1345 -0.6414 0.7553
vn 0.1779 -0.6437 0.7443
vn 0.1783 -0.6439 0.7440
vn 0.1782 -0.6438 0.7441
vn 0.2718 -0.6289 0.7284
vn 0.2761 -0.6305 0.7255
vn 0.3701 -0.6427 0.6707
vn 0.4029 -0.6876 0.6041
vn 0.4027 -0.6875 0.6043
vn 0.3831 -0.6877 0.6167
vn 0.3704 -0.6426 0.6707
vn 0.3709 -0.6427 0.6703
vn 0.5236 -0.6666 0.5306
vn 0.4806 -0.6874 0.5445
vn 0.4739 -0.6590 0.5841
vn 0.4741 -0.6591 0.5839
vn 0.5667 -0.6755 0.4717
vn 0.6381 -0.6884 0.3449
vn 0.6014 -0.6875 0.4071
vn 0.5929 -0.6914 0.4129
vn 0.5914 -0.6998 0.4007
vn 0.5674 -0.6756 0.4707
vn 0.6374 -0.6883 0.3463
vn 0.6342 -0.6997 0.3289
vn 0.6240 -0.7051 0.3369
vn 0.7054 -0.6770 0.2101
vn 0.7076 -0.6753 0.2078
vn 0.6687 -0.7027 0.2430
vn 0.6778 -0.6790 0.2821
vn 0.6775 -0.6790 0.2826
vn 0.7167 -0.6782 0.1624
vn 0.6956 -0.7055 0.1359
vn 0.6952 -0.7061 0.1348
vn 0.7375 -0.6753 -0.0049
vn 0.7437 -0.6685 0.0005
vn 0.7443 -0.6678 -0.0050
vn 0.7376 -0.6752 -0.0048
vn 0.7376 -0.6718 0.0675
vn 0.7356 -0.6728 0.0788
vn 0.7242 -0.6863 0.0669
vn 0.7243 -0.6863 0.0669
vn 0.7446 -0.6539 -0.1340
vn 0.7463 -0.6617 -0.0718
vn 0.7463 -0.6619 -0.0704
vn 0.7446 -0.6637 -0.0717
vn 0.7445 -0.6638 -0.0719
vn 0.7351 -0.6294 -0.2521
vn 0.7261 -0.6535 -0.2141
vn 0.6616 -0.7148 -0.2266
vn 0.7397 -0.6447 -0.1928
vn 0.7016 -0.6173 -0.3560
vn 0.7004 -0.6477 -0.2997
vn 0.7018 -0.6463 -0.2996
vn 0.7350 -0.6293 -0.2524
vn 0.6332 -0.6561 -0.4106
vn 0.6823 -0.6113 -0.4009
vn 0.6825 -0.6114 -0.4005
vn 0.6825 -0.6115 -0.4004
vn 0.6057 -0.6543 -0.4528
vn 0.6059 -0.6545 -0.4521
vn 0.6048 -0.6603 -0.4452
vn 0.6299 -0.6530 -0.4205
vn 0.6297 -0.6529 -0.4209
vn 0.6058 -0.6543 -0.4526
vn 0.5826 -0.6608 -0.4732
vn 0.5835 -0.6544 -0.4809
vn 0.5338 -0.6663 -0.5206
vn 0.5342 -0.6666 -0.5200
vn 0.5439 -0.6809 -0.4905
vn 0.5508 -0.6711 -0.4963
vn 0.5839 -0.6540 -0.4810
vn 0.5833 -0.6542 -0.4815
vn 0.4831 -0.6996 -0.5265
vn 0.5055 -0.6794 -0.5318
vn 0.5056 -0.6794 -0.5317
vn 0.4774 -0.7025 -0.5278
vn 0.4775 -0.7025 -0.5277
vn 0.4843 -0.7101 -0.5110
vn 0.1372 -0.9641 0.2272
vn 0.1837 -0.9464 0.2655
vn 0.1866 -0.9503 0.2491
vn 0.2706 -0.9621 0.0339
vn 0.2703 -0.9627 0.0154
vn 0.1132 -0.9853 0.1281
vn 0.1715 -0.9725 0.1573
vn 0.1729 -0.9742 0.1453
vn 0.2266 -0.9586 0.1726
vn 0.2276 -0.9602 0.1618
vn 0.0384 -0.9913 0.1259
vn 0.0944 -0.9831 0.1572
vn 0.0933 -0.9821 0.1633
vn 0.1519 -0.9677 0.2013
vn 0.1542 -0.9704 0.1857
vn 0.2062 -0.9535 0.2199
vn 0.2080 -0.9561 0.2062
vn 0.1599 -0.9378 0.3082
vn 0.1127 -0.9589 0.2606
vn 0.1132 -0.9594 0.2583
vn 0.0628 -0.9750 0.2132
vn 0.0614 -0.9689 0.2398
vn 0.0094 -0.9808 0.1947
vn 0.0088 -0.9818 0.1896
vn 0.0635 -0.9963 0.0579
vn 0.1278 -0.9887 0.0777
vn 0.1265 -0.9879 0.0899
vn 0.1886 -0.9755 0.1129
vn 0.1893 -0.9763 0.1048
vn 0.2442 -0.9616 0.1253
vn 0.2446 -0.9624 0.1179
vn 0.1921 -0.9343 -0.3003
vn 0.2498 -0.9065 -0.3403
vn 0.2549 -0.9150 -0.3129
vn 0.2678 -0.9127 -0.3087
vn 0.2712 -0.9206 -0.2812
vn 0.2830 -0.9185 -0.2761
vn 0.2846 -0.9263 -0.2468
vn 0.2899 -0.9268 -0.2389
vn 0.2902 -0.9327 -0.2143
vn 0.2947 -0.9329 -0.2068
vn 0.2937 -0.9400 -0.1734
vn 0.2972 -0.9402 -0.1667
vn 0.2937 -0.9480 -0.1224
vn 0.2960 -0.9480 -0.1173
vn 0.2884 -0.9557 -0.0595
vn 0.2894 -0.9555 -0.0567
vn 0.2796 -0.9601 -0.0044
vn 0.1513 -0.9503 -0.2720
vn 0.2028 -0.9310 -0.3036
vn 0.2061 -0.9421 -0.2644
vn 0.2242 -0.9406 -0.2551
vn 0.2245 -0.9457 -0.2352
vn 0.2320 -0.9470 -0.2222
vn 0.2316 -0.9509 -0.2054
vn 0.2377 -0.9519 -0.1935
vn 0.2361 -0.9571 -0.1677
vn 0.2409 -0.9578 -0.1570
vn 0.2369 -0.9641 -0.1197
vn 0.2399 -0.9644 -0.1117
vn 0.2319 -0.9709 -0.0603
vn 0.2332 -0.9708 -0.0559
vn 0.2192 -0.9756 0.0106
vn 0.2191 -0.9756 0.0102
vn 0.1081 -0.9638 -0.2436
vn 0.1571 -0.9501 -0.2695
vn 0.1564 -0.9610 -0.2283
vn 0.1657 -0.9638 -0.2091
vn 0.1652 -0.9656 -0.2006
vn 0.1726 -0.9678 -0.1832
vn 0.1709 -0.9714 -0.1651
vn 0.1762 -0.9728 -0.1503
vn 0.1721 -0.9777 -0.1200
vn 0.1756 -0.9785 -0.1083
vn 0.1675 -0.9838 -0.0634
vn 0.1691 -0.9840 -0.0567
vn 0.1551 -0.9879 0.0033
vn 0.1552 -0.9879 0.0038
vn 0.1406 -0.9886 0.0547
vn 0.2029 -0.9767 0.0706
vn 0.2031 -0.9770 0.0653
vn 0.2589 -0.9626 0.0796
vn 0.2590 -0.9630 0.0747
vn 0.6207 -0.6658 -0.4141
vn 0.6081 -0.6697 -0.4263
vn 0.6312 -0.6957 -0.3429
vn 0.6689 -0.6490 -0.3626
vn 0.7014 -0.6170 -0.3568
vn 0.3888 -0.8536 -0.3466
vn 0.3852 -0.8612 -0.3315
vn 0.5437 -0.6777 -0.4951
vn 0.4980 -0.7363 -0.4581
vn 0.4811 -0.7211 -0.4985
vn 0.4306 -0.7793 -0.4554
vn 0.4278 -0.7806 -0.4557
vn 0.3713 -0.8331 -0.4101
vn 0.3701 -0.8335 -0.4103
vn 0.4579 -0.7295 -0.5082
vn 0.4524 -0.7255 -0.5186
vn 0.4509 -0.7286 -0.5155
vn 0.4574 -0.7336 -0.5026
vn 0.3667 -0.8159 -0.4470
vn 0.4119 -0.7709 -0.4858
vn 0.4156 -0.7736 -0.4783
vn 0.4077 -0.7792 -0.4760
vn 0.4201 -0.7734 -0.4747
vn 0.4626 -0.7233 -0.5127
vn 0.4747 -0.7333 -0.4868
vn 0.5066 -0.6914 -0.5151
vn 0.5340 -0.6662 -0.5206
vn -0.0149 -0.6554 0.7552
vn 0.0370 -0.6844 0.7282
vn 0.0406 -0.6496 0.7592
vn 0.0574 -0.6358 0.7697
vn 0.0016 -0.7253 0.6884
vn 0.0255 -0.7033 0.7105
vn 0.0303 -0.6645 0.7466
vn 0.4951 -0.7410 0.4537
vn 0.4528 -0.7273 0.5158
vn 0.4469 -0.7308 0.5159
vn 0.3274 -0.6810 0.6550
vn 0.4518 -0.6967 0.5573
vn 0.6760 -0.7340 -0.0647
vn 0.6775 -0.7328 -0.0633
vn 0.6714 -0.7411 0.0010
vn 0.6717 -0.7408 0.0014
vn 0.6604 -0.7475 0.0719
vn 0.6606 -0.7473 0.0722
vn 0.6429 -0.7514 0.1484
vn 0.6422 -0.7523 0.1474
vn 0.6174 -0.7530 0.2276
vn 0.6164 -0.7544 0.2257
vn 0.5841 -0.7511 0.3077
vn 0.5828 -0.7534 0.3045
vn 0.5437 -0.7456 0.3854
vn 0.5423 -0.7491 0.3805
vn 0.5003 -0.7378 0.4531
vn 0.5416 -0.6850 0.4872
vn 0.5395 -0.7115 0.4502
vn 0.6739 -0.7116 -0.1988
vn 0.6681 -0.7167 -0.2000
vn 0.6587 -0.6974 -0.2823
vn 0.6511 -0.7042 -0.2830
vn 0.6377 -0.6859 -0.3506
vn 0.5926 -0.8034 -0.0583
vn 0.5933 -0.8030 -0.0568
vn 0.5869 -0.8097 0.0008
vn 0.5872 -0.8095 0.0015
vn 0.5766 -0.8145 0.0647
vn 0.5763 -0.8147 0.0640
vn 0.5607 -0.8173 0.1327
vn 0.5603 -0.8179 0.1313
vn 0.5388 -0.8172 0.2046
vn 0.5381 -0.8186 0.2009
vn 0.5105 -0.8141 0.2769
vn 0.5099 -0.8161 0.2720
vn 0.4766 -0.8072 0.3483
vn 0.4763 -0.8101 0.3419
vn 0.4386 -0.7971 0.4150
vn 0.4388 -0.8012 0.4069
vn 0.3979 -0.7848 0.4752
vn 0.3989 -0.7898 0.4660
vn 0.5151 -0.8555 -0.0523
vn 0.5155 -0.8554 -0.0516
vn 0.5089 -0.8608 0.0003
vn 0.5090 -0.8608 0.0005
vn 0.4991 -0.8646 0.0575
vn 0.4988 -0.8649 0.0567
vn 0.4849 -0.8665 0.1184
vn 0.4842 -0.8672 0.1162
vn 0.4657 -0.8660 0.1822
vn 0.4651 -0.8669 0.1792
vn 0.4419 -0.8622 0.2477
vn 0.4412 -0.8639 0.2430
vn 0.4133 -0.8553 0.3125
vn 0.4129 -0.8576 0.3068
vn 0.3813 -0.8453 0.3743
vn 0.3813 -0.8484 0.3671
vn 0.3468 -0.8328 0.4315
vn 0.3474 -0.8371 0.4226
vn 0.4543 -0.8005 -0.3909
vn 0.4571 -0.8001 -0.3885
vn 0.4593 -0.8032 -0.3794
vn 0.4862 -0.7905 -0.3723
vn 0.4937 -0.8018 -0.3368
vn 0.4970 -0.8002 -0.3357
vn 0.5040 -0.8131 -0.2914
vn 0.5074 -0.8114 -0.2900
vn 0.5130 -0.8258 -0.2344
vn 0.5157 -0.8245 -0.2330
vn 0.5181 -0.8395 -0.1638
vn 0.5206 -0.8383 -0.1622
vn 0.4509 -0.8899 -0.0691
vn 0.4611 -0.8860 -0.0481
vn 0.4545 -0.8907 -0.0001
vn 0.4544 -0.8908 -0.0004
vn 0.4449 -0.8940 0.0522
vn 0.4446 -0.8942 0.0514
vn 0.4318 -0.8955 0.1083
vn 0.4312 -0.8960 0.1063
vn 0.4145 -0.8946 0.1669
vn 0.4139 -0.8954 0.1640
vn 0.3930 -0.8909 0.2278
vn 0.3923 -0.8924 0.2231
vn 0.3676 -0.8844 0.2877
vn 0.3671 -0.8864 0.2821
vn 0.3390 -0.8748 0.3460
vn 0.3388 -0.8778 0.3386
vn 0.3082 -0.8632 0.3999
vn 0.3085 -0.8669 0.3915
vn 0.5948 -0.7837 -0.1790
vn 0.5908 -0.7861 -0.1815
vn 0.5856 -0.7691 -0.2561
vn 0.5805 -0.7721 -0.2587
vn 0.5721 -0.7565 -0.3169
vn 0.5662 -0.7599 -0.3192
vn 0.5567 -0.7464 -0.3647
vn 0.5502 -0.7501 -0.3668
vn 0.5409 -0.7387 -0.4021
vn 0.5344 -0.7425 -0.4039
vn 0.5259 -0.7330 -0.4314
vn 0.5191 -0.7370 -0.4329
vn 0.5056 -0.7232 -0.4705
vn 0.4452 -0.7891 -0.4231
vn 0.4415 -0.7909 -0.4238
vn 0.3818 -0.8428 -0.3794
vn 0.3797 -0.8435 -0.3799
vn -0.0246 -0.8674 0.4970
vn -0.0073 -0.8217 0.5698
vn 0.0046 -0.8436 0.5369
vn 0.0242 -0.7809 0.6242
vn 0.0348 -0.8013 0.5972
vn 0.0492 -0.7451 0.6652
vn 0.0531 -0.7606 0.6470
vn 0.0636 -0.7137 0.6976
vn 0.0681 -0.7303 0.6797
vn 0.0786 -0.6760 0.7327
vn 0.0843 -0.6949 0.7142
vn 0.0923 -0.6463 0.7574
vn 0.0933 -0.6484 0.7556
vn -0.0472 -0.9370 0.3461
vn -0.0108 -0.9033 0.4288
vn -0.0004 -0.9226 0.3856
vn 0.0347 -0.8828 0.4685
vn 0.0433 -0.9005 0.4326
vn 0.0754 -0.8563 0.5110
vn 0.0827 -0.8727 0.4812
vn 0.1138 -0.8211 0.5594
vn 0.1205 -0.8366 0.5343
vn 0.1456 -0.7870 0.5995
vn 0.1471 -0.7992 0.5828
vn 0.1669 -0.7544 0.6349
vn 0.1689 -0.7678 0.6180
vn 0.1915 -0.7097 0.6780
vn 0.1945 -0.7255 0.6601
vn 0.2147 -0.6653 0.7150
vn 0.2156 -0.6675 0.7127
vn 0.1479 -0.6591 0.7374
vn 0.1360 -0.7082 0.6928
vn 0.1315 -0.6907 0.7111
vn 0.1158 -0.7471 0.6545
vn 0.1126 -0.7322 0.6717
vn 0.0980 -0.7783 0.6201
vn 0.0952 -0.7643 0.6378
vn 0.0759 -0.8175 0.5709
vn 0.0672 -0.7995 0.5969
vn 0.0422 -0.8569 0.5137
vn 0.0325 -0.8375 0.5454
vn 0.0058 -0.8879 0.4599
vn -0.0057 -0.8667 0.4987
vn -0.0339 -0.9106 0.4120
vn -0.0388 -0.8978 0.4387
vn -0.0498 -0.6387 0.7678
vn -0.0497 -0.6686 0.7419
vn -0.0580 -0.6474 0.7599
vn -0.0588 -0.6970 0.7147
vn -0.0195 -0.7220 0.6917
vn -0.0337 -0.6974 0.7159
vn 0.0067 -0.7243 0.6895
vn -0.0042 -0.7876 0.6161
vn -0.0167 -0.7648 0.6440
vn -0.0314 -0.8326 0.5529
vn -0.0457 -0.8079 0.5875
vn -0.0731 -0.9041 0.4211
vn -0.0600 -0.8339 0.5486
vn -0.0212 -0.9666 0.2556
vn 0.0186 -0.9523 0.3047
vn 0.0232 -0.9629 0.2690
vn 0.0756 -0.9388 0.3362
vn 0.0792 -0.9492 0.3044
vn 0.1259 -0.9221 0.3658
vn 0.1287 -0.9322 0.3383
vn 0.1655 -0.9067 0.3879
vn 0.1639 -0.9046 0.3934
vn 0.2048 -0.8671 0.4541
vn 0.2101 -0.8746 0.4369
vn 0.2455 -0.8362 0.4904
vn 0.2469 -0.8413 0.4809
vn 0.2766 -0.8043 0.5259
vn 0.2785 -0.8105 0.5154
vn 0.3159 -0.7567 0.5724
vn 0.3186 -0.7639 0.5613
vn 0.3518 -0.7083 0.6120
vn 0.2957 -0.6845 0.6664
vn 0.3017 -0.6700 0.6783
vn 0.3011 -0.6821 0.6664
vn 0.4002 -0.8696 -0.2893
vn 0.4021 -0.8694 -0.2872
vn 0.4053 -0.8795 -0.2494
vn 0.4073 -0.8793 -0.2469
vn 0.4089 -0.8904 -0.2000
vn 0.4106 -0.8902 -0.1975
vn 0.4094 -0.9016 -0.1393
vn 0.4107 -0.9014 -0.1371
vn 0.4047 -0.9121 -0.0651
vn 0.4052 -0.9120 -0.0641
vn 0.3958 -0.9183 -0.0004
vn 0.3957 -0.9184 -0.0012
vn 0.3864 -0.9211 0.0474
vn 0.3863 -0.9213 0.0453
vn 0.3739 -0.9222 0.0986
vn 0.3738 -0.9226 0.0949
vn 0.3578 -0.9212 0.1529
vn 0.3580 -0.9221 0.1467
vn 0.3380 -0.9177 0.2086
vn 0.3386 -0.9193 0.2006
vn 0.3150 -0.9116 0.2643
vn 0.3162 -0.9141 0.2537
vn 0.2890 -0.9028 0.3184
vn 0.2911 -0.9065 0.3057
vn 0.2615 -0.8922 0.3683
vn 0.2645 -0.8969 0.3544
vn 0.2717 -0.6291 0.7283
vn 0.2164 -0.6651 0.7147
vn 0.2859 -0.6958 0.6588
vn 0.2616 -0.7473 0.6109
vn 0.2603 -0.7336 0.6277
vn 0.2287 -0.7921 0.5660
vn 0.2282 -0.7809 0.5814
vn 0.2018 -0.8235 0.5302
vn 0.2018 -0.8133 0.5458
vn 0.1697 -0.8585 0.4839
vn 0.1652 -0.8459 0.5072
vn 0.1272 -0.8911 0.4356
vn 0.1223 -0.8780 0.4627
vn 0.0844 -0.9157 0.3929
vn 0.0786 -0.9016 0.4255
vn 0.0378 -0.9351 0.3524
vn 0.0309 -0.9201 0.3904
vn -0.0118 -0.9485 0.3165
vn -0.0254 -0.9336 0.3573
vn -0.0478 -0.9461 0.3203
vn -0.0261 -0.9666 0.2551
vn 0.3961 -0.8605 -0.3203
vn 0.4449 -0.8241 -0.3507
vn 0.4512 -0.8352 -0.3144
vn 0.4531 -0.8344 -0.3137
vn 0.4584 -0.8465 -0.2710
vn 0.4603 -0.8457 -0.2702
vn 0.4639 -0.8588 -0.2174
vn 0.4660 -0.8579 -0.2163
vn 0.4665 -0.8715 -0.1513
vn 0.4678 -0.8709 -0.1505
vn 0.4646 -0.8808 -0.0917
vn 0.5184 -0.8492 -0.1003
vn 0.5190 -0.8490 -0.0993
vn 0.5944 -0.7964 -0.1119
vn 0.5957 -0.7957 -0.1096
vn 0.6759 -0.7265 -0.1239
vn 0.6781 -0.7247 -0.1222
vn 0.7439 -0.6547 -0.1344
vn 0.7447 -0.6538 -0.1338
vn 0.2768 -0.8868 -0.3701
vn 0.3018 -0.8703 -0.3891
vn 0.3078 -0.8772 -0.3684
vn 0.3138 -0.8756 -0.3672
vn 0.3193 -0.8833 -0.3432
vn 0.3256 -0.8817 -0.3416
vn 0.3316 -0.8930 -0.3045
vn 0.3378 -0.8914 -0.3023
vn 0.3412 -0.9021 -0.2643
vn 0.3445 -0.9020 -0.2601
vn 0.3459 -0.9101 -0.2283
vn 0.3487 -0.9100 -0.2242
vn 0.3488 -0.9191 -0.1836
vn 0.3511 -0.9189 -0.1797
vn 0.3485 -0.9284 -0.1287
vn 0.3502 -0.9282 -0.1254
vn 0.3433 -0.9373 -0.0609
vn 0.3439 -0.9371 -0.0595
vn 0.3342 -0.9425 -0.0019
vn 0.3342 -0.9425 -0.0025
vn 0.3251 -0.9448 0.0416
vn 0.3250 -0.9449 0.0393
vn 0.3132 -0.9456 0.0882
vn 0.3132 -0.9460 0.0839
vn 0.2980 -0.9446 0.1378
vn 0.2982 -0.9454 0.1311
vn 0.2797 -0.9414 0.1884
vn 0.2804 -0.9429 0.1795
vn 0.2584 -0.9359 0.2396
vn 0.2598 -0.9384 0.2277
vn 0.2346 -0.9281 0.2891
vn 0.2370 -0.9318 0.2748
vn 0.2095 -0.9186 0.3351
vn 0.2130 -0.9238 0.3181
vn 0.1911 -0.9123 0.3621
vn 0.2329 -0.8797 0.4145
vn 0.2373 -0.8862 0.3979
vn 0.2768 -0.8501 0.4479
vn 0.2777 -0.8547 0.4386
vn 0.3117 -0.8191 0.4816
vn 0.3128 -0.8240 0.4724
vn 0.3565 -0.7709 0.5279
vn 0.3583 -0.7770 0.5176
vn 0.4116 -0.6986 0.5852
vn 0.4028 -0.6875 0.6042
vn 0.7350 0.2741 -0.6202
vn 0.6045 -0.5398 -0.5858
vn 0.6464 -0.4405 -0.6230
vn 0.6358 -0.4607 -0.6193
vn 0.0061 -0.0905 0.9959
vn 0.6581 -0.5240 0.5407
vn 0.5401 -0.6010 -0.5891
vn 0.5314 -0.6292 -0.5672
vn 0.6131 0.5320 -0.5840
vn -0.0240 0.0989 0.9948
vn -0.0525 -0.2674 0.9622
vn -0.0877 -0.4492 0.8891
vn -0.1067 -0.4472 0.8880
vn -0.0907 -0.4454 0.8907
vn -0.0907 -0.4469 0.8900
vn -0.0816 -0.3864 0.9187
vn -0.0864 -0.3268 0.9411
vn -0.0411 -0.1899 0.9810
vn -0.0231 -0.0877 0.9959
vn -0.0323 -0.1283 0.9912
vn -0.0323 -0.1287 0.9912
vn -0.0125 -0.0019 0.9999
vn -0.0172 -0.0175 0.9997
vn -0.0267 -0.0654 0.9975
vn -0.0267 -0.0657 0.9975
vn -0.0502 0.2275 0.9725
vn -0.0501 0.2290 0.9721
vn -0.0381 0.2021 0.9786
vn -0.0382 0.1645 0.9856
vn -0.0295 0.1435 0.9892
vn -0.0731 0.3897 0.9180
vn 0.0005 0.4168 0.9090
vn -0.1423 0.3552 0.9239
vn -0.0946 0.4198 0.9027
vn -0.0826 0.4490 0.8897
vn -0.0900 0.4649 0.8808
vn -0.0541 0.4385 0.8971
vn -0.0540 0.4386 0.8971
vn -0.0529 0.4402 0.8963
vn -0.0531 0.4403 0.8963
vn -0.0907 0.4450 0.8909
vn -0.0157 0.4471 0.8944
vn -0.0114 0.4453 0.8953
vn -0.0155 0.4399 0.8979
vn 0.0709 0.4742 0.8776
vn 0.0344 0.4509 0.8919
vn 0.0262 0.4593 0.8879
vn 0.0263 0.4592 0.8879
vn 0.1157 0.4891 0.8645
vn 0.0845 0.4627 0.8825
vn 0.0707 0.4740 0.8777
vn 0.0706 0.4740 0.8777
vn 0.1621 0.5005 0.8504
vn 0.1617 0.5003 0.8506
vn 0.1394 0.4842 0.8638
vn 0.1670 0.4597 0.8722
vn 0.1162 0.4893 0.8643
vn 0.2114 0.4896 0.8459
vn 0.2029 0.4978 0.8432
vn 0.2099 0.5017 0.8392
vn 0.3122 0.5262 0.7910
vn 0.3108 0.5256 0.7919
vn 0.2803 0.4972 0.8211
vn 0.2580 0.5136 0.8184
vn 0.2091 0.5013 0.8396
vn 0.4248 0.5305 0.7335
vn 0.3712 0.5086 0.7769
vn 0.3754 0.5044 0.7776
vn 0.3107 0.5257 0.7919
vn 0.4220 0.5296 0.7358
vn 0.4442 0.5333 0.7199
vn 0.4298 0.5104 0.7448
vn 0.5032 0.5342 0.6792
vn 0.4827 0.5326 0.6952
vn 0.5600 0.5131 0.6505
vn 0.5568 0.5122 0.6540
vn 0.5677 0.5304 0.6295
vn 0.5494 0.5308 0.6452
vn 0.4899 0.5127 0.7050
vn 0.6143 0.5265 0.5878
vn 0.6343 0.5239 0.5685
vn 0.6241 0.5057 0.5957
vn 0.7251 0.5150 0.4571
vn 0.6881 0.4886 0.5365
vn 0.7008 0.5135 0.4951
vn 0.6725 0.5204 0.5262
vn 0.6727 0.5204 0.5260
vn 0.7254 0.5151 0.4566
vn 0.7618 0.5014 0.4102
vn 0.7477 0.4691 0.4700
vn 0.8228 0.4889 0.2899
vn 0.8044 0.4497 0.3883
vn 0.8156 0.4838 0.3175
vn 0.7777 0.5044 0.3751
vn 0.7777 0.5044 0.3753
vn 0.8578 0.4708 0.2064
vn 0.8579 0.4707 0.2061
vn 0.8574 0.4650 0.2205
vn 0.8648 0.4584 0.2050
vn 0.8227 0.4889 0.2902
vn 0.8850 0.4499 0.1202
vn 0.8836 0.4515 0.1237
vn 0.8835 0.4525 0.1210
vn 0.9040 0.4258 -0.0384
vn 0.9009 0.4324 0.0381
vn 0.9001 0.4345 0.0321
vn 0.8983 0.4376 0.0385
vn 0.8836 0.4525 0.1205
vn 0.9040 0.4258 -0.0390
vn 0.9067 0.4184 -0.0533
vn 0.9096 0.4137 -0.0390
vn 0.8961 0.3975 -0.1974
vn 0.9078 0.4025 -0.1177
vn 0.9043 0.4065 -0.1302
vn 0.9030 0.4135 -0.1168
vn 0.9030 0.4134 -0.1174
vn 0.8813 0.3884 -0.2693
vn 0.8813 0.3885 -0.2690
vn 0.9026 0.3620 -0.2328
vn 0.8961 0.3976 -0.1973
vn 0.8961 0.3975 -0.1977
vn 0.8374 0.3840 -0.3890
vn 0.8374 0.3839 -0.3892
vn 0.8691 0.3602 -0.3391
vn 0.8683 0.3683 -0.3323
vn 0.8682 0.3680 -0.3328
vn 0.7886 0.3612 -0.4976
vn 0.7861 0.3974 -0.4735
vn 0.7514 0.3876 -0.5341
vn 0.7517 0.3877 -0.5336
vn 0.8073 0.3878 -0.4449
vn 0.8070 0.3876 -0.4455
vn 0.8198 0.3967 -0.4129
vn 0.8277 0.3279 -0.4554
vn 0.7518 0.3878 -0.5334
vn 0.7515 0.4087 -0.5179
vn 0.7182 0.4113 -0.5613
vn 0.6829 0.4385 -0.5843
vn 0.6816 0.4389 -0.5855
vn 0.7188 0.4253 -0.5499
vn 0.7178 0.4111 -0.5619
vn 0.7183 0.4113 -0.5612
vn 0.6829 0.4385 -0.5842
vn 0.6836 0.4568 -0.5692
vn 0.6487 0.4623 -0.6045
vn 0.6484 0.4622 -0.6049
vn 0.6553 0.4781 -0.5848
vn 0.6359 0.4932 -0.5936
vn 0.6174 0.5274 -0.5837
vn 0.6171 0.4821 -0.6219
vn 0.6362 0.4933 -0.5932
vn 0.5693 0.5498 -0.6113
vn 0.5691 0.5497 -0.6115
vn 0.6005 0.5362 -0.5931
vn 0.5985 0.5257 -0.6045
vn 0.5427 0.6022 -0.5856
vn 0.5431 0.6022 -0.5851
vn 0.5773 0.5906 -0.5639
vn 0.5358 0.6485 -0.5407
vn 0.5367 0.6472 -0.5414
vn 0.6806 0.4079 -0.6086
vn 0.6807 0.4074 -0.6088
vn 0.7094 0.3307 -0.6224
vn 0.7095 0.3391 -0.6178
vn 0.7379 0.2393 -0.6311
vn 0.7258 0.2693 -0.6330
vn 0.7254 0.2712 -0.6327
vn 0.7536 0.1237 -0.6456
vn 0.7536 0.1235 -0.6456
vn 0.7545 0.1447 -0.6401
vn 0.7415 0.1971 -0.6413
vn 0.7612 0.0102 -0.6484
vn 0.7626 -0.0474 -0.6451
vn 0.7608 -0.0345 -0.6481
vn 0.7613 -0.0000 -0.6484
vn 0.7452 -0.1774 -0.6428
vn 0.7453 -0.1769 -0.6429
vn 0.7548 -0.1432 -0.6401
vn 0.7547 -0.1062 -0.6475
vn 0.7547 -0.1063 -0.6475
vn 0.6886 -0.3809 -0.6171
vn 0.6887 -0.3805 -0.6172
vn 0.7124 -0.3294 -0.6197
vn 0.7138 -0.3136 -0.6262
vn 0.7309 -0.2371 -0.6400
vn 0.7361 -0.3060 -0.6037
vn 0.7356 -0.2460 -0.6312
vn 0.6360 -0.5016 -0.5864
vn 0.6362 -0.5037 -0.5844
vn 0.6709 -0.4165 -0.6136
vn 0.6771 -0.4871 -0.5516
vn 0.6742 -0.4391 -0.5939
vn 0.5308 -0.6290 -0.5680
vn 0.5309 -0.6287 -0.5682
vn 0.5971 -0.5831 -0.5509
vn 0.5936 -0.5652 -0.5729
vn 0.5939 -0.5646 -0.5731
vn 0.5398 -0.6009 -0.5895
vn 0.5426 -0.6030 -0.5848
vn 0.5261 -0.6590 -0.5375
vn 0.5680 -0.5722 -0.5916
vn 0.5681 -0.5723 -0.5914
vn 0.5542 -0.5181 -0.6514
vn 0.5707 -0.5396 -0.6189
vn 0.6136 -0.5214 -0.5930
vn 0.6137 -0.5214 -0.5929
vn 0.6202 -0.4528 -0.6405
vn 0.6565 -0.4633 -0.5953
vn 0.6697 -0.4408 -0.5977
vn 0.6149 -0.5198 -0.5930
vn 0.6944 -0.4412 -0.5685
vn 0.7296 -0.4167 -0.5423
vn 0.7242 -0.4090 -0.5551
vn 0.6944 -0.4408 -0.5688
vn 0.6939 -0.4409 -0.5692
vn 0.7632 -0.4000 -0.5075
vn 0.7632 -0.4000 -0.5076
vn 0.7587 -0.3876 -0.5236
vn 0.7299 -0.4167 -0.5419
vn 0.7294 -0.4167 -0.5425
vn 0.7968 -0.3833 -0.4672
vn 0.7922 -0.3792 -0.4783
vn 0.8038 -0.3627 -0.4715
vn 0.7633 -0.4000 -0.5073
vn 0.8310 -0.3652 -0.4196
vn 0.8284 -0.3690 -0.4215
vn 0.7969 -0.3834 -0.4669
vn 0.8719 -0.3866 -0.3004
vn 0.8719 -0.3865 -0.3006
vn 0.8709 -0.3543 -0.3407
vn 0.8502 -0.3806 -0.3638
vn 0.8305 -0.3643 -0.4214
vn 0.8988 -0.4065 -0.1641
vn 0.8988 -0.4065 -0.1639
vn 0.9001 -0.3680 -0.2331
vn 0.8977 -0.3720 -0.2360
vn 0.8719 -0.3866 -0.3007
vn 0.9183 -0.3853 -0.0912
vn 0.9075 -0.3987 -0.1321
vn 0.9027 -0.4209 -0.0897
vn 0.8996 -0.4366 -0.0096
vn 0.8996 -0.4367 -0.0095
vn 0.9088 -0.4138 -0.0544
vn 0.9167 -0.3994 -0.0110
vn 0.9027 -0.4208 -0.0901
vn 0.9062 -0.4156 0.0780
vn 0.9013 -0.4320 0.0308
vn 0.8872 -0.4548 0.0776
vn 0.8682 -0.4687 0.1630
vn 0.8680 -0.4687 0.1639
vn 0.8845 -0.4500 0.1228
vn 0.8856 -0.4334 0.1671
vn 0.8872 -0.4548 0.0774
vn 0.8532 -0.4587 0.2484
vn 0.8547 -0.4709 0.2187
vn 0.8410 -0.4821 0.2456
vn 0.7658 -0.4983 0.4065
vn 0.8045 -0.4938 0.3300
vn 0.8136 -0.4884 0.3155
vn 0.8115 -0.4808 0.3322
vn 0.8420 -0.4820 0.2423
vn 0.7647 -0.4982 0.4088
vn 0.7644 -0.4975 0.4102
vn 0.7652 -0.4971 0.4090
vn 0.6579 -0.5239 0.5410
vn 0.6586 -0.5238 0.5403
vn 0.7059 -0.5046 0.4971
vn 0.7135 -0.5141 0.4760
vn 0.7135 -0.5141 0.4761
vn 0.6153 -0.4931 0.6151
vn 0.6341 -0.5258 0.5669
vn 0.5988 -0.5301 0.6004
vn 0.5369 -0.5337 0.6534
vn 0.5364 -0.5335 0.6539
vn 0.5672 -0.5330 0.6279
vn 0.5487 -0.5026 0.6680
vn 0.4838 -0.5058 0.7142
vn 0.5030 -0.5365 0.6776
vn 0.4736 -0.5342 0.7002
vn 0.4734 -0.5341 0.7004
vn 0.4493 -0.5206 0.7260
vn 0.4120 -0.5336 0.7386
vn 0.3058 -0.5244 0.7947
vn 0.3010 -0.5227 0.7976
vn 0.3431 -0.5190 0.7829
vn 0.3542 -0.5290 0.7712
vn 0.3935 -0.5202 0.7580
vn 0.4119 -0.5334 0.7388
vn 0.4126 -0.5337 0.7382
vn 0.3010 -0.5226 0.7977
vn 0.2804 -0.4985 0.8203
vn 0.2528 -0.5155 0.8188
vn 0.1557 -0.4994 0.8523
vn 0.2064 -0.4960 0.8434
vn 0.2030 -0.4993 0.8423
vn 0.2061 -0.5010 0.8406
vn 0.2051 -0.5005 0.8411
vn 0.1105 -0.4893 0.8651
vn 0.1403 -0.4776 0.8673
vn 0.1555 -0.4993 0.8523
vn 0.1555 -0.4993 0.8524
vn 0.0693 -0.4743 0.8776
vn 0.0846 -0.4637 0.8819
vn 0.1091 -0.4882 0.8659
vn 0.1101 -0.4891 0.8652
vn -0.0099 -0.4493 0.8933
vn 0.0310 -0.4580 0.8884
vn 0.0341 -0.4562 0.8892
vn 0.0311 -0.4528 0.8911
vn 0.0689 -0.4741 0.8777
vn -0.0101 -0.4492 0.8934
vn -0.0115 -0.4473 0.8943
vn -0.0100 -0.4467 0.8946
vn -0.0875 -0.4493 0.8891
vn -0.0866 -0.4491 0.8893
vn -0.0531 -0.4399 0.8965
vn -0.0498 -0.4447 0.8943
vn -0.0500 -0.4446 0.8943
vn -0.0352 -0.2294 0.9727
vn -0.0419 -0.2036 0.9781
vn -0.0148 -0.2097 0.9777
vn -0.0223 -0.1968 0.9802
vn 0.0169 -0.2057 0.9785
vn 0.0119 -0.1969 0.9804
vn 0.0596 -0.2076 0.9764
vn 0.0561 -0.2014 0.9779
vn 0.1133 -0.2141 0.9702
vn 0.1102 -0.2086 0.9718
vn 0.1796 -0.2235 0.9580
vn 0.1760 -0.2169 0.9602
vn 0.2602 -0.2344 0.9367
vn 0.2557 -0.2256 0.9401
vn 0.3576 -0.2457 0.9010
vn 0.3517 -0.2335 0.9065
vn 0.4423 -0.2504 0.8612
vn 0.4347 -0.2419 0.8675
vn 0.5049 -0.2542 0.8249
vn 0.4967 -0.2447 0.8327
vn 0.5716 -0.2570 0.7792
vn 0.5633 -0.2468 0.7885
vn 0.6408 -0.2586 0.7229
vn 0.6325 -0.2474 0.7340
vn 0.7104 -0.2580 0.6548
vn 0.7029 -0.2467 0.6671
vn 0.7773 -0.2555 0.5749
vn 0.7708 -0.2440 0.5885
vn 0.8379 -0.2503 0.4850
vn 0.8331 -0.2398 0.4985
vn 0.8890 -0.2433 0.3880
vn 0.8859 -0.2341 0.4004
vn 0.9285 -0.2348 0.2878
vn 0.9270 -0.2271 0.2987
vn 0.9558 -0.2253 0.1890
vn 0.9554 -0.2195 0.1976
vn 0.9718 -0.2159 0.0948
vn 0.9721 -0.2115 0.1013
vn 0.9784 -0.2068 0.0082
vn 0.9788 -0.2043 0.0120
vn 0.9749 -0.1962 -0.1056
vn 0.8413 -0.0309 -0.5396
vn 0.8423 -0.0286 -0.5382
vn 0.8642 -0.0293 -0.5023
vn 0.8649 -0.0274 -0.5011
vn 0.8894 -0.0283 -0.4562
vn 0.8901 -0.0264 -0.4550
vn 0.9168 -0.0275 -0.3984
vn 0.9173 -0.0258 -0.3973
vn 0.9454 -0.0270 -0.3248
vn 0.9457 -0.0258 -0.3240
vn 0.9727 -0.0273 -0.2305
vn 0.9728 -0.0265 -0.2300
vn 0.9937 -0.0281 -0.1084
vn 0.9937 -0.0281 -0.1085
vn 0.9996 -0.0293 0.0035
vn 0.9996 -0.0298 0.0029
vn 0.9955 -0.0305 0.0896
vn 0.9956 -0.0311 0.0886
vn 0.9825 -0.0317 0.1835
vn 0.9827 -0.0327 0.1821
vn 0.9585 -0.0330 0.2831
vn 0.9589 -0.0340 0.2818
vn 0.9221 -0.0340 0.3855
vn 0.9228 -0.0354 0.3836
vn 0.8734 -0.0351 0.4857
vn 0.8743 -0.0365 0.4840
vn 0.8139 -0.0358 0.5799
vn 0.8150 -0.0372 0.5782
vn 0.7467 -0.0361 0.6641
vn 0.7482 -0.0378 0.6624
vn 0.6755 -0.0364 0.7365
vn 0.6769 -0.0378 0.7351
vn 0.6035 -0.0362 0.7965
vn 0.6049 -0.0375 0.7954
vn 0.5337 -0.0359 0.8449
vn 0.5350 -0.0370 0.8441
vn 0.4674 -0.0354 0.8833
vn 0.4688 -0.0366 0.8825
vn 0.3778 -0.0341 0.9252
vn 0.3788 -0.0357 0.9248
vn 0.2746 -0.0328 0.9610
vn 0.2753 -0.0339 0.9607
vn 0.1895 -0.0314 0.9814
vn 0.1902 -0.0324 0.9812
vn 0.1208 -0.0303 0.9922
vn 0.1212 -0.0308 0.9922
vn 0.0660 -0.0291 0.9974
vn 0.0665 -0.0300 0.9973
vn 0.0100 -0.0282 0.9996
vn 0.8353 -0.0935 -0.5417
vn 0.8385 -0.0869 -0.5379
vn 0.8587 -0.0889 -0.5047
vn 0.8616 -0.0825 -0.5009
vn 0.8846 -0.0849 -0.4586
vn 0.8870 -0.0792 -0.4550
vn 0.9127 -0.0822 -0.4004
vn 0.9144 -0.0775 -0.3974
vn 0.9417 -0.0810 -0.3265
vn 0.9429 -0.0774 -0.3240
vn 0.9695 -0.0815 -0.2310
vn 0.9699 -0.0798 -0.2299
vn 0.9906 -0.0843 -0.1080
vn 0.9905 -0.0845 -0.1081
vn 0.9961 -0.0878 0.0053
vn 0.9960 -0.0890 0.0035
vn 0.9916 -0.0910 0.0918
vn 0.9917 -0.0927 0.0893
vn 0.9779 -0.0942 0.1865
vn 0.9784 -0.0968 0.1828
vn 0.9531 -0.0976 0.2866
vn 0.9541 -0.1010 0.2819
vn 0.9158 -0.1008 0.3888
vn 0.9175 -0.1047 0.3836
vn 0.8662 -0.1033 0.4889
vn 0.8688 -0.1078 0.4833
vn 0.8062 -0.1053 0.5822
vn 0.8094 -0.1099 0.5768
vn 0.7387 -0.1063 0.6656
vn 0.7425 -0.1110 0.6605
vn 0.6676 -0.1067 0.7368
vn 0.6716 -0.1112 0.7325
vn 0.5962 -0.1063 0.7958
vn 0.6001 -0.1104 0.7922
vn 0.5268 -0.1052 0.8435
vn 0.5307 -0.1090 0.8405
vn 0.4612 -0.1038 0.8812
vn 0.4649 -0.1072 0.8788
vn 0.3730 -0.0999 0.9224
vn 0.3759 -0.1049 0.9207
vn 0.2711 -0.0960 0.9578
vn 0.2733 -0.0997 0.9568
vn 0.1871 -0.0919 0.9780
vn 0.1887 -0.0945 0.9775
vn 0.1186 -0.0881 0.9890
vn 0.1202 -0.0907 0.9886
vn 0.0640 -0.0854 0.9943
vn 0.0656 -0.0879 0.9940
vn 0.0090 -0.0825 0.9966
vn 0.0091 -0.0310 0.9995
vn -0.0220 -0.0300 0.9993
vn 0.8242 -0.1555 -0.5445
vn 0.8301 -0.1445 -0.5385
vn 0.8487 -0.1476 -0.5079
vn 0.8539 -0.1375 -0.5020
vn 0.8756 -0.1414 -0.4618
vn 0.8800 -0.1321 -0.4562
vn 0.9047 -0.1369 -0.4034
vn 0.9081 -0.1289 -0.3984
vn 0.9348 -0.1347 -0.3287
vn 0.9370 -0.1288 -0.3248
vn 0.9632 -0.1357 -0.2319
vn 0.9642 -0.1326 -0.2298
vn 0.9844 -0.1401 -0.1068
vn 0.9842 -0.1408 -0.1072
vn 0.9892 -0.1464 0.0081
vn 0.9889 -0.1482 0.0053
vn 0.9838 -0.1515 0.0957
vn 0.9838 -0.1546 0.0912
vn 0.9689 -0.1570 0.1913
vn 0.9694 -0.1614 0.1851
vn 0.9426 -0.1626 0.2917
vn 0.9440 -0.1680 0.2841
vn 0.9037 -0.1676 0.3940
vn 0.9063 -0.1743 0.3850
vn 0.8528 -0.1720 0.4931
vn 0.8566 -0.1794 0.4838
vn 0.7919 -0.1750 0.5850
vn 0.7969 -0.1829 0.5758
vn 0.7241 -0.1768 0.6666
vn 0.7299 -0.1847 0.6581
vn 0.6533 -0.1772 0.7361
vn 0.6596 -0.1849 0.7285
vn 0.5827 -0.1766 0.7933
vn 0.5891 -0.1838 0.7869
vn 0.5144 -0.1750 0.8395
vn 0.5206 -0.1816 0.8343
vn 0.4505 -0.1728 0.8759
vn 0.4560 -0.1784 0.8719
vn 0.3643 -0.1661 0.9164
vn 0.3688 -0.1748 0.9129
vn 0.2647 -0.1601 0.9510
vn 0.2682 -0.1664 0.9489
vn 0.1825 -0.1536 0.9711
vn 0.1852 -0.1583 0.9699
vn 0.1151 -0.1475 0.9823
vn 0.1175 -0.1515 0.9814
vn 0.0606 -0.1426 0.9879
vn 0.0634 -0.1472 0.9871
vn 0.0174 -0.1398 0.9900
vn 0.0060 -0.1210 0.9926
vn -0.0148 -0.1483 0.9888
vn -0.0297 -0.1460 0.9888
vn -0.0411 -0.1903 0.9809
vn 0.8082 -0.2157 -0.5480
vn 0.8173 -0.2007 -0.5402
vn 0.8342 -0.2048 -0.5120
vn 0.8423 -0.1906 -0.5042
vn 0.8627 -0.1958 -0.4662
vn 0.8696 -0.1829 -0.4587
vn 0.8934 -0.1895 -0.4074
vn 0.8986 -0.1786 -0.4008
vn 0.9248 -0.1868 -0.3314
vn 0.9282 -0.1789 -0.3263
vn 0.9540 -0.1886 -0.2328
vn 0.9556 -0.1844 -0.2300
vn 0.9711 -0.1925 -0.1409
vn 0.9869 -0.1453 -0.0697
vn 0.7874 -0.2744 -0.5521
vn 0.8001 -0.2554 -0.5428
vn 0.8155 -0.2603 -0.5169
vn 0.8268 -0.2424 -0.5076
vn 0.8461 -0.2489 -0.4713
vn 0.8556 -0.2328 -0.4624
vn 0.8786 -0.2413 -0.4122
vn 0.8860 -0.2275 -0.4041
vn 0.9116 -0.2382 -0.3349
vn 0.9166 -0.2279 -0.3285
vn 0.9420 -0.2409 -0.2337
vn 0.9441 -0.2358 -0.2303
vn 0.9590 -0.2465 -0.1396
vn 0.9592 -0.2461 -0.1390
vn 0.9651 -0.2535 -0.0656
vn 0.9646 -0.2549 -0.0678
vn 0.9649 -0.2621 0.0172
vn 0.9641 -0.2654 0.0121
vn 0.9563 -0.2717 0.1083
vn 0.9556 -0.2772 0.0999
vn 0.9371 -0.2819 0.2057
vn 0.9372 -0.2895 0.1943
vn 0.9059 -0.2917 0.3071
vn 0.9073 -0.3016 0.2929
vn 0.8619 -0.3006 0.4084
vn 0.8653 -0.3127 0.3918
vn 0.8068 -0.3080 0.5043
vn 0.8122 -0.3215 0.4869
vn 0.7432 -0.3131 0.5913
vn 0.7505 -0.3275 0.5740
vn 0.6749 -0.3160 0.6668
vn 0.6839 -0.3309 0.6502
vn 0.6053 -0.3172 0.7301
vn 0.6152 -0.3317 0.7152
vn 0.5379 -0.3167 0.7813
vn 0.5480 -0.3303 0.7685
vn 0.4737 -0.3147 0.8225
vn 0.4835 -0.3271 0.8120
vn 0.4143 -0.3116 0.8552
vn 0.4234 -0.3226 0.8466
vn 0.3354 -0.3016 0.8925
vn 0.3423 -0.3174 0.8843
vn 0.2439 -0.2925 0.9246
vn 0.2494 -0.3040 0.9194
vn 0.1679 -0.2823 0.9445
vn 0.1720 -0.2903 0.9414
vn 0.1040 -0.2715 0.9568
vn 0.1077 -0.2786 0.9544
vn 0.0503 -0.2623 0.9637
vn 0.0547 -0.2704 0.9612
vn 0.0052 -0.2561 0.9666
vn 0.0113 -0.2672 0.9636
vn -0.0316 -0.2548 0.9665
vn -0.0223 -0.2715 0.9622
vn -0.0597 -0.2607 0.9636
vn -0.0524 -0.2734 0.9605
vn -0.0393 -0.2673 0.9628
vn 0.7621 -0.3309 -0.5565
vn 0.7787 -0.3084 -0.5463
vn 0.7927 -0.3140 -0.5225
vn 0.8076 -0.2926 -0.5120
vn 0.8257 -0.3004 -0.4774
vn 0.8384 -0.2808 -0.4671
vn 0.8607 -0.2912 -0.4177
vn 0.8705 -0.2748 -0.4084
vn 0.8956 -0.2882 -0.3388
vn 0.9022 -0.2761 -0.3314
vn 0.9270 -0.2925 -0.2348
vn 0.9300 -0.2861 -0.2306
vn 0.9441 -0.2998 -0.1374
vn 0.9441 -0.2997 -0.1372
vn 0.9490 -0.3091 -0.0615
vn 0.9483 -0.3108 -0.0642
vn 0.9471 -0.3200 0.0237
vn 0.9459 -0.3241 0.0172
vn 0.9360 -0.3321 0.1164
vn 0.9349 -0.3386 0.1064
vn 0.9138 -0.3444 0.2151
vn 0.9135 -0.3537 0.2011
vn 0.8791 -0.3563 0.3166
vn 0.8803 -0.3683 0.2992
vn 0.8318 -0.3667 0.4167
vn 0.8351 -0.3811 0.3967
vn 0.7739 -0.3749 0.5105
vn 0.7797 -0.3916 0.4886
vn 0.7088 -0.3810 0.5937
vn 0.7169 -0.3988 0.5718
vn 0.6403 -0.3846 0.6649
vn 0.6503 -0.4028 0.6441
vn 0.5722 -0.3860 0.7236
vn 0.5830 -0.4036 0.7051
vn 0.5067 -0.3855 0.7711
vn 0.5182 -0.4025 0.7546
vn 0.4456 -0.3838 0.8088
vn 0.4567 -0.3991 0.7951
vn 0.3894 -0.3808 0.8386
vn 0.3997 -0.3943 0.8275
vn 0.3154 -0.3698 0.8739
vn 0.3231 -0.3891 0.8627
vn 0.2296 -0.3605 0.9040
vn 0.2357 -0.3741 0.8969
vn 0.1578 -0.3490 0.9238
vn 0.1626 -0.3591 0.9190
vn 0.0968 -0.3370 0.9365
vn 0.1008 -0.3450 0.9332
vn 0.0436 -0.3253 0.9446
vn 0.0486 -0.3349 0.9410
vn -0.0025 -0.3169 0.9484
vn 0.0045 -0.3303 0.9439
vn -0.0423 -0.3137 0.9486
vn -0.0313 -0.3341 0.9420
vn -0.0749 -0.3187 0.9449
vn -0.0584 -0.3485 0.9355
vn -0.0510 -0.3510 0.9350
vn -0.0864 -0.3270 0.9411
vn 0.7323 -0.3859 -0.5611
vn 0.7534 -0.3599 -0.5503
vn 0.7660 -0.3661 -0.5285
vn 0.7847 -0.3415 -0.5174
vn 0.8018 -0.3506 -0.4840
vn 0.8178 -0.3279 -0.4729
vn 0.8393 -0.3405 -0.4237
vn 0.8520 -0.3212 -0.4135
vn 0.8765 -0.3377 -0.3429
vn 0.8850 -0.3235 -0.3347
vn 0.9090 -0.3439 -0.2355
vn 0.9128 -0.3368 -0.2311
vn 0.9256 -0.3537 -0.1350
vn 0.9258 -0.3533 -0.1344
vn 0.9293 -0.3649 -0.0560
vn 0.9282 -0.3673 -0.0597
vn 0.9251 -0.3784 0.0311
vn 0.9234 -0.3831 0.0236
vn 0.9110 -0.3927 0.1258
vn 0.9093 -0.4004 0.1138
vn 0.8851 -0.4072 0.2255
vn 0.8841 -0.4180 0.2090
vn 0.8463 -0.4207 0.3269
vn 0.8469 -0.4348 0.3061
vn 0.7952 -0.4323 0.4253
vn 0.7982 -0.4493 0.4013
vn 0.7344 -0.4413 0.5156
vn 0.7402 -0.4606 0.4899
vn 0.6679 -0.4475 0.5947
vn 0.6763 -0.4684 0.5685
vn 0.5996 -0.4513 0.6609
vn 0.6102 -0.4728 0.6358
vn 0.5329 -0.4530 0.7147
vn 0.5449 -0.4742 0.6915
vn 0.4704 -0.4532 0.7572
vn 0.4826 -0.4729 0.7372
vn 0.4125 -0.4517 0.7911
vn 0.4247 -0.4699 0.7738
vn 0.3600 -0.4492 0.8177
vn 0.3715 -0.4655 0.8033
vn 0.2919 -0.4384 0.8501
vn 0.3000 -0.4605 0.8354
vn 0.2129 -0.4293 0.8777
vn 0.2193 -0.4449 0.8683
vn 0.1461 -0.4172 0.8970
vn 0.1511 -0.4285 0.8908
vn 0.0883 -0.4038 0.9106
vn 0.0928 -0.4133 0.9059
vn 0.0362 -0.3904 0.9199
vn 0.0415 -0.4012 0.9151
vn -0.0111 -0.3794 0.9252
vn -0.0031 -0.3951 0.9186
vn -0.0542 -0.3737 0.9260
vn -0.0415 -0.3980 0.9164
vn -0.0793 -0.3822 0.9207
vn -0.0724 -0.4155 0.9067
vn -0.1432 -0.3855 0.9115
vn -0.1433 -0.3852 0.9117
vn 0.7827 -0.1744 -0.5974
vn 0.7741 -0.2260 -0.5913
vn 0.7635 -0.2419 -0.5988
vn 0.7534 -0.2878 -0.5913
vn 0.7385 -0.3077 -0.5999
vn 0.7274 -0.3480 -0.5915
vn 0.6649 -0.4112 -0.6235
vn 0.6277 -0.5064 -0.5913
vn 0.6057 -0.4979 -0.6207
vn 0.5799 -0.5546 -0.5968
vn 0.5400 -0.6011 -0.5891
vn 0.6087 -0.5124 -0.6058
vn 0.6262 -0.4703 -0.6218
vn 0.6527 -0.4829 -0.5838
vn 0.6663 -0.4491 -0.5953
vn 0.6935 -0.4051 -0.5958
vn 0.6911 -0.4216 -0.5870
vn 0.7082 -0.3712 -0.6006
vn 0.6647 0.4176 -0.6195
vn 0.6481 0.4714 -0.5981
vn 0.6398 0.5038 -0.5803
vn 0.6195 0.4992 -0.6058
vn 0.6011 0.5397 -0.5894
vn 0.5896 0.5360 -0.6042
vn 0.5595 0.5959 -0.5761
vn 0.5692 0.5496 -0.6115
vn 0.5115 0.6564 -0.5545
vn 0.5510 0.6052 -0.5746
vn 0.5317 0.6457 -0.5481
vn 0.5704 0.5776 -0.5840
vn 0.5906 0.5830 -0.5580
vn 0.6126 0.5331 -0.5835
vn 0.6647 -0.4160 -0.6206
vn 0.6755 -0.3833 -0.6299
vn 0.6973 -0.3446 -0.6285
vn 0.7086 -0.3018 -0.6378
vn 0.7236 -0.2707 -0.6350
vn 0.7339 -0.2179 -0.6433
vn 0.7434 -0.1945 -0.6399
vn 0.7517 -0.1312 -0.6464
vn 0.7564 -0.1171 -0.6436
vn 0.7611 -0.0435 -0.6472
vn 0.7623 -0.0387 -0.6460
vn 0.7623 0.0402 -0.6459
vn 0.7817 0.0407 -0.6224
vn 0.7086 0.3035 -0.6371
vn 0.7237 0.2720 -0.6343
vn 0.7340 0.2195 -0.6427
vn 0.6967 0.3288 -0.6376
vn 0.7095 0.3036 -0.6359
vn 0.7238 0.2379 -0.6478
vn 0.7317 0.2192 -0.6455
vn 0.7424 0.1439 -0.6543
vn 0.7622 0.0530 -0.6452
vn 0.7615 0.0491 -0.6463
vn 0.7522 0.0489 -0.6571
vn 0.7463 0.1325 -0.6523
vn 0.7516 0.1329 -0.6461
vn 0.7434 0.1964 -0.6394
vn 0.7575 0.1982 -0.6220
vn 0.7500 0.2405 -0.6162
vn 0.7708 0.2447 -0.5882
vn 0.7669 0.2258 -0.6007
vn 0.7914 0.2310 -0.5659
vn 0.7878 0.2124 -0.5781
vn 0.8143 0.2183 -0.5377
vn 0.8112 0.2006 -0.5494
vn 0.8396 0.2072 -0.5021
vn 0.8369 0.1904 -0.5131
vn 0.8671 0.1980 -0.4571
vn 0.8651 0.1830 -0.4670
vn 0.8966 0.1915 -0.3994
vn 0.8954 0.1788 -0.4079
vn 0.9267 0.1883 -0.3253
vn 0.9263 0.1791 -0.3315
vn 0.9547 0.1895 -0.2292
vn 0.5937 -0.5360 -0.6002
vn 0.6332 -0.4672 -0.6171
vn 0.6492 -0.4728 -0.5959
vn 0.6701 -0.4177 -0.6136
vn 0.6992 -0.3681 -0.6128
vn 0.7056 -0.3466 -0.6180
vn 0.7273 -0.3047 -0.6150
vn 0.7349 -0.2728 -0.6209
vn 0.7500 -0.2391 -0.6167
vn 0.7576 -0.1963 -0.6225
vn 0.7668 -0.1721 -0.6184
vn 0.7732 -0.1184 -0.6231
vn 0.7779 -0.1032 -0.6198
vn 0.7817 -0.0392 -0.6225
vn 0.7829 -0.0341 -0.6212
vn 0.7829 0.0356 -0.6211
vn 0.8123 0.0364 -0.5821
vn -0.1424 0.3548 0.9241
vn 0.2729 0.2768 0.9214
vn -0.0744 0.3387 0.9379
vn -0.0635 0.3203 0.9452
vn -0.0421 0.3278 0.9438
vn -0.0314 0.3152 0.9485
vn -0.0025 0.3254 0.9456
vn 0.0047 0.3170 0.9484
vn 0.0435 0.3307 0.9427
vn 0.0488 0.3247 0.9446
vn 0.0965 0.3412 0.9350
vn 0.1012 0.3360 0.9364
vn 0.1573 0.3549 0.9216
vn 0.1633 0.3484 0.9230
vn 0.2284 0.3695 0.9007
vn -0.0946 0.4199 0.9026
vn -0.0748 0.3817 0.9212
vn -0.0538 0.3906 0.9190
vn -0.0417 0.3768 0.9254
vn -0.0111 0.3896 0.9209
vn -0.0029 0.3805 0.9248
vn 0.0361 0.3966 0.9173
vn 0.0418 0.3905 0.9197
vn 0.0878 0.4091 0.9082
vn 0.0932 0.4035 0.9102
vn 0.1454 0.4240 0.8939
vn 0.1521 0.4172 0.8960
vn 0.2112 0.4397 0.8730
vn 0.2210 0.4300 0.8753
vn 0.2887 0.4544 0.8427
vn 0.6758 0.4210 -0.6050
vn 0.6731 0.3912 -0.6276
vn 0.6962 0.3986 -0.5970
vn 0.6934 0.3678 -0.6197
vn 0.7192 0.3764 -0.5840
vn 0.7164 0.3455 -0.6062
vn 0.7443 0.3553 -0.5655
vn 0.7417 0.3247 -0.5869
vn 0.7715 0.3358 -0.5405
vn 0.7693 0.3060 -0.5608
vn 0.8009 0.3184 -0.5071
vn 0.7994 0.2904 -0.5260
vn 0.8324 0.3044 -0.4630
vn 0.8317 0.2790 -0.4799
vn 0.8654 0.2946 -0.4053
vn 0.8656 0.2732 -0.4196
vn 0.8984 0.2905 -0.3293
vn 0.8994 0.2752 -0.3395
vn 0.9280 0.2937 -0.2294
vn 0.9291 0.2859 -0.2346
vn 0.9441 0.3002 -0.1363
vn 0.9441 0.3000 -0.1366
vn 0.9490 0.3089 -0.0634
vn 0.9484 0.3112 -0.0606
vn 0.9475 0.3192 0.0181
vn 0.9456 0.3245 0.0245
vn 0.9375 0.3310 0.1074
vn 0.9335 0.3389 0.1170
vn 0.9171 0.3433 0.2027
vn 0.9103 0.3536 0.2153
vn 0.8848 0.3553 0.3015
vn 0.8746 0.3676 0.3162
vn 0.8402 0.3662 0.3999
vn 0.8267 0.3795 0.4154
vn 0.7852 0.3751 0.4927
vn 0.7686 0.3888 0.5080
vn 0.7222 0.3817 0.5768
vn 0.7036 0.3950 0.5907
vn 0.6550 0.3858 0.6498
vn 0.6357 0.3980 0.6614
vn 0.5874 0.3875 0.7105
vn 0.5680 0.3985 0.7201
vn 0.5216 0.3874 0.7602
vn 0.5034 0.3970 0.7675
vn 0.4591 0.3855 0.8004
vn 0.4431 0.3934 0.8056
vn 0.4017 0.3821 0.8322
vn 0.3876 0.3887 0.8359
vn 0.3256 0.3707 0.8698
vn 0.2370 0.3605 0.9022
vn 0.3129 0.3839 0.8687
vn 0.3034 0.4402 0.8451
vn 0.3716 0.4633 0.8045
vn 0.3800 0.4753 0.7936
vn 0.4283 0.4547 0.7809
vn 0.4660 0.4662 0.7520
vn 0.4871 0.4562 0.7447
vn 0.5275 0.4677 0.7092
vn 0.5503 0.4560 0.6994
vn 0.5934 0.4671 0.6555
vn 0.6166 0.4540 0.6432
vn 0.6607 0.4639 0.5901
vn 0.6835 0.4493 0.5752
vn 0.7271 0.4573 0.5120
vn 0.7478 0.4421 0.4954
vn 0.7881 0.4473 0.4230
vn 0.8054 0.4321 0.4057
vn 0.8399 0.4339 0.3259
vn 0.8532 0.4198 0.3094
vn 0.8800 0.4181 0.2254
vn 0.8892 0.4059 0.2111
vn 0.9074 0.4009 0.1262
vn 0.9129 0.3916 0.1151
vn 0.9228 0.3839 0.0321
vn 0.9257 0.3775 0.0246
vn 0.9283 0.3678 -0.0552
vn 0.9293 0.3647 -0.0589
vn 0.9257 0.3537 -0.1338
vn 0.9257 0.3540 -0.1335
vn 0.9119 0.3362 -0.2354
vn 0.9100 0.3453 -0.2294
vn 0.8820 0.3219 -0.3443
vn 0.8797 0.3407 -0.3318
vn 0.8464 0.3187 -0.4266
vn 0.8448 0.3446 -0.4093
vn 0.8102 0.3246 -0.4880
vn 0.8095 0.3557 -0.4671
vn 0.7752 0.3377 -0.5339
vn 0.7753 0.3722 -0.5103
vn 0.7424 0.3562 -0.5675
vn 0.7431 0.3921 -0.5422
vn 0.7120 0.3779 -0.5919
vn 0.7131 0.4150 -0.5651
vn 0.6838 0.4023 -0.6088
vn 0.6851 0.4393 -0.5810
vn 0.6580 0.4282 -0.6195
vn 0.6594 0.4646 -0.5911
vn 0.6349 0.4551 -0.6243
vn 0.6362 0.4903 -0.5957
vn 0.6260 0.4866 -0.6094
vn 0.6358 0.4623 -0.6181
vn 0.6439 0.4645 -0.6080
vn 0.0119 0.2020 0.9793
vn 0.0170 0.1956 0.9805
vn 0.0560 0.2044 0.9773
vn 0.0598 0.1997 0.9780
vn 0.1101 0.2108 0.9713
vn 0.1135 0.2067 0.9718
vn 0.1759 0.2202 0.9595
vn 0.1799 0.2153 0.9598
vn 0.2552 0.2311 0.9389
vn 0.2608 0.2244 0.9390
vn 0.3506 0.2422 0.9047
vn 0.3587 0.2325 0.9040
vn 0.4339 0.2466 0.8665
vn 0.4433 0.2412 0.8633
vn 0.4959 0.2505 0.8315
vn 0.5060 0.2443 0.8272
vn 0.5617 0.2536 0.7875
vn 0.5730 0.2463 0.7816
vn 0.6308 0.2551 0.7328
vn 0.6426 0.2469 0.7254
vn 0.7009 0.2550 0.6661
vn 0.7125 0.2461 0.6571
vn 0.7686 0.2529 0.5876
vn 0.7795 0.2435 0.5772
vn 0.8309 0.2485 0.4979
vn 0.8400 0.2392 0.4870
vn 0.8838 0.2422 0.4002
vn 0.8911 0.2333 0.3893
vn 0.9252 0.2341 0.2987
vn 0.9302 0.2264 0.2890
vn 0.9540 0.2252 0.1981
vn 0.9573 0.2185 0.1895
vn 0.9711 0.2157 0.1018
vn 0.9728 0.2110 0.0957
vn 0.9783 0.2070 0.0126
vn 0.9790 0.2039 0.0086
vn 0.9776 0.1991 -0.0685
vn 0.9798 0.1698 -0.1058
vn 0.9712 0.1927 -0.1403
vn 0.9549 0.1846 -0.2326
vn 0.7780 0.1049 -0.6195
vn 0.7962 0.1064 -0.5957
vn 0.8104 0.0785 -0.5807
vn 0.8151 0.0931 -0.5718
vn 0.8380 0.0951 -0.5374
vn 0.8359 0.0880 -0.5418
vn 0.8611 0.0904 -0.5004
vn 0.8592 0.0836 -0.5048
vn 0.8865 0.0863 -0.4546
vn 0.8850 0.0802 -0.4586
vn 0.9140 0.0834 -0.3970
vn 0.9130 0.0782 -0.4004
vn 0.9426 0.0818 -0.3238
vn 0.9421 0.0781 -0.3262
vn 0.9698 0.0822 -0.2295
vn 0.9697 0.0801 -0.2310
vn 0.9906 0.0843 -0.1080
vn 0.9906 0.0849 -0.1076
vn 0.9961 0.0879 0.0039
vn 0.9960 0.0888 0.0051
vn 0.9919 0.0904 0.0894
vn 0.9914 0.0925 0.0922
vn 0.9786 0.0936 0.1830
vn 0.9777 0.0963 0.1867
vn 0.9544 0.0968 0.2824
vn 0.9528 0.1000 0.2866
vn 0.9179 0.0996 0.3840
vn 0.9154 0.1035 0.3891
vn 0.8692 0.1021 0.4838
vn 0.8658 0.1064 0.4889
vn 0.8099 0.1040 0.5773
vn 0.8058 0.1083 0.5822
vn 0.7429 0.1050 0.6611
vn 0.7384 0.1092 0.6655
vn 0.6720 0.1052 0.7331
vn 0.6675 0.1090 0.7366
vn 0.6004 0.1045 0.7929
vn 0.5957 0.1081 0.7959
vn 0.5309 0.1034 0.8411
vn 0.5266 0.1067 0.8434
vn 0.4651 0.1020 0.8794
vn 0.4613 0.1046 0.8810
vn 0.3761 0.0977 0.9214
vn 0.3728 0.1022 0.9223
vn 0.2734 0.0937 0.9573
vn 0.2708 0.0971 0.9577
vn 0.1887 0.0897 0.9779
vn 0.1870 0.0920 0.9780
vn 0.1202 0.0858 0.9890
vn 0.1186 0.0880 0.9890
vn 0.0657 0.0830 0.9944
vn 0.0640 0.0854 0.9943
vn 0.0090 0.0801 0.9967
vn 0.0061 0.0881 0.9961
vn -0.0293 0.0847 0.9960
vn -0.0295 0.1567 0.9872
vn 0.5398 -0.6309 -0.5572
vn 0.5705 -0.5760 -0.5855
vn 0.6010 -0.5384 -0.5907
vn 0.6194 -0.4978 -0.6071
vn 0.6438 -0.4629 -0.6093
vn 0.6617 -0.4147 -0.6246
vn 0.6800 -0.3843 -0.6245
vn 0.6967 -0.3271 -0.6384
vn 0.7095 -0.3019 -0.6367
vn 0.7237 -0.2363 -0.6484
vn 0.7316 -0.2176 -0.6460
vn 0.7424 -0.1424 -0.6547
vn 0.7463 -0.1308 -0.6526
vn 0.7522 -0.0472 -0.6572
vn 0.7533 -0.0433 -0.6563
vn 0.7533 0.0448 -0.6562
vn 0.7611 0.0450 -0.6471
vn 0.7564 0.1186 -0.6433
vn 0.7732 0.1199 -0.6227
vn 0.7669 0.1736 -0.6178
vn 0.7880 0.1766 -0.5898
vn 0.7845 0.1632 -0.5983
vn 0.8071 0.1666 -0.5664
vn 0.8039 0.1536 -0.5746
vn 0.8286 0.1575 -0.5372
vn 0.8257 0.1451 -0.5451
vn 0.8525 0.1494 -0.5008
vn 0.8501 0.1379 -0.5083
vn 0.8788 0.1429 -0.4553
vn 0.8768 0.1323 -0.4622
vn 0.9071 0.1380 -0.3978
vn 0.9058 0.1293 -0.4036
vn 0.9362 0.1357 -0.3241
vn 0.9356 0.1291 -0.3286
vn 0.9638 0.1361 -0.2294
vn 0.9637 0.1330 -0.2316
vn 0.9843 0.1404 -0.1067
vn 0.9843 0.1407 -0.1064
vn 0.9893 0.1459 0.0053
vn 0.9889 0.1481 0.0083
vn 0.9843 0.1510 0.0918
vn 0.9833 0.1544 0.0964
vn 0.9701 0.1564 0.1855
vn 0.9683 0.1607 0.1913
vn 0.9449 0.1616 0.2846
vn 0.9416 0.1673 0.2921
vn 0.9073 0.1667 0.3860
vn 0.9028 0.1730 0.3939
vn 0.8578 0.1707 0.4848
vn 0.8516 0.1777 0.4931
vn 0.7980 0.1739 0.5771
vn 0.7907 0.1808 0.5848
vn 0.7310 0.1756 0.6594
vn 0.7232 0.1822 0.6662
vn 0.6607 0.1760 0.7297
vn 0.6524 0.1823 0.7356
vn 0.5897 0.1754 0.7884
vn 0.5819 0.1809 0.7929
vn 0.5212 0.1736 0.8356
vn 0.5139 0.1785 0.8391
vn 0.4567 0.1713 0.8730
vn 0.4501 0.1755 0.8756
vn 0.3694 0.1646 0.9146
vn 0.3637 0.1719 0.9155
vn 0.2684 0.1583 0.9502
vn 0.2644 0.1635 0.9505
vn 0.1854 0.1516 0.9709
vn 0.1824 0.1554 0.9709
vn 0.1176 0.1454 0.9824
vn 0.1150 0.1487 0.9822
vn 0.0634 0.1405 0.9880
vn 0.0606 0.1441 0.9877
vn 0.0060 0.1353 0.9908
vn 0.0176 0.1030 0.9945
vn -0.0149 0.1458 0.9892
vn -0.0149 0.1960 0.9805
vn -0.0225 0.2056 0.9784
vn -0.0640 0.2925 0.9541
vn -0.0491 0.2613 0.9640
vn -0.0316 0.2663 0.9634
vn -0.0224 0.2552 0.9666
vn 0.0052 0.2631 0.9647
vn 0.0115 0.2556 0.9667
vn 0.0502 0.2668 0.9625
vn 0.0548 0.2613 0.9637
vn 0.1039 0.2752 0.9558
vn 0.1080 0.2704 0.9567
vn 0.1675 0.2869 0.9432
vn 0.1726 0.2811 0.9440
vn 0.2431 0.3000 0.9225
vn 0.2504 0.2918 0.9231
vn 0.3337 0.3130 0.8892
vn 0.3440 0.3015 0.8893
vn 0.4129 0.3181 0.8534
vn 0.4248 0.3119 0.8498
vn 0.4718 0.3225 0.8206
vn 0.4855 0.3150 0.8155
vn 0.5357 0.3256 0.7791
vn 0.5501 0.3172 0.7725
vn 0.6027 0.3275 0.7277
vn 0.6180 0.3178 0.7191
vn 0.6715 0.3274 0.6648
vn 0.6872 0.3163 0.6540
vn 0.7397 0.3245 0.5896
vn 0.7541 0.3130 0.5773
vn 0.8032 0.3192 0.5030
vn 0.8159 0.3075 0.4897
vn 0.8585 0.3112 0.4077
vn 0.8688 0.2999 0.3941
vn 0.9029 0.3008 0.3069
vn 0.9103 0.2908 0.2945
vn 0.9348 0.2892 0.2060
vn 0.9396 0.2810 0.1956
vn 0.9546 0.2773 0.1088
vn 0.9573 0.2710 0.1008
vn 0.9639 0.2657 0.0179
vn 0.9651 0.2616 0.0128
vn 0.9647 0.2553 -0.0649
vn 0.9650 0.2533 -0.0673
vn 0.9592 0.2463 -0.1388
vn 0.9592 0.2467 -0.1383
vn 0.9434 0.2357 -0.2335
vn 0.9428 0.2418 -0.2294
vn 0.9142 0.2275 -0.3353
vn 0.9141 0.2400 -0.3270
vn 0.8819 0.2268 -0.4132
vn 0.8826 0.2437 -0.4019
vn 0.8501 0.2319 -0.4728
vn 0.8517 0.2518 -0.4596
vn 0.8200 0.2413 -0.5191
vn 0.8223 0.2636 -0.5043
vn 0.7923 0.2542 -0.5547
vn 0.7952 0.2780 -0.5388
vn 0.7670 0.2697 -0.5822
vn 0.7704 0.2942 -0.5657
vn 0.7441 0.2868 -0.6033
vn 0.7477 0.3116 -0.5863
vn 0.7236 0.3052 -0.6191
vn 0.7251 0.3148 -0.6124
vn 0.6996 0.3468 -0.6248
vn 0.6973 0.3462 -0.6277
vn 0.6756 0.3848 -0.6289
vn 0.6800 0.3858 -0.6235
vn 0.6618 0.4162 -0.6236
vn 0.6792 0.4195 -0.6023
vn 0.6482 0.4711 -0.5982
vn -0.0238 0.0321 0.9992
vn -0.0220 0.0275 0.9994
vn 0.0091 0.0284 0.9996
vn 0.0100 0.0256 0.9996
vn 0.0660 0.0274 0.9974
vn 0.0666 0.0266 0.9974
vn 0.1207 0.0284 0.9923
vn 0.1212 0.0277 0.9922
vn 0.1895 0.0298 0.9814
vn 0.1902 0.0288 0.9813
vn 0.2746 0.0313 0.9610
vn 0.2754 0.0303 0.9609
vn 0.3778 0.0332 0.9253
vn 0.3788 0.0317 0.9249
vn 0.4674 0.0342 0.8834
vn 0.4689 0.0331 0.8826
vn 0.5337 0.0347 0.8450
vn 0.5350 0.0337 0.8442
vn 0.6035 0.0353 0.7966
vn 0.6049 0.0341 0.7956
vn 0.6755 0.0358 0.7365
vn 0.6769 0.0344 0.7352
vn 0.7467 0.0359 0.6642
vn 0.7482 0.0343 0.6625
vn 0.8139 0.0356 0.5799
vn 0.8151 0.0342 0.5783
vn 0.8734 0.0352 0.4858
vn 0.8743 0.0338 0.4841
vn 0.9221 0.0344 0.3855
vn 0.9229 0.0330 0.3837
vn 0.9584 0.0332 0.2834
vn 0.9589 0.0322 0.2819
vn 0.9825 0.0321 0.1836
vn 0.9828 0.0311 0.1822
vn 0.9955 0.0308 0.0895
vn 0.9956 0.0302 0.0887
vn 0.9996 0.0297 0.0037
vn 0.9996 0.0291 0.0030
vn 0.9937 0.0283 -0.1085
vn 0.9937 0.0284 -0.1084
vn 0.9727 0.0271 -0.2303
vn 0.9728 0.0277 -0.2299
vn 0.9454 0.0265 -0.3248
vn 0.9457 0.0278 -0.3240
vn 0.9169 0.0267 -0.3983
vn 0.9173 0.0284 -0.3972
vn 0.8895 0.0274 -0.4562
vn 0.8901 0.0293 -0.4549
vn 0.8642 0.0285 -0.5023
vn 0.8649 0.0305 -0.5010
vn 0.8414 0.0298 -0.5396
vn 0.8423 0.0322 -0.5381
vn 0.8135 0.0314 -0.5807
vn 0.8135 -0.0300 -0.5808
vn 0.8123 -0.0350 -0.5821
vn 0.8094 -0.0910 -0.5802
vn 0.8051 -0.1056 -0.5837
vn 0.8001 -0.1517 -0.5803
vn 0.8061 -0.1337 -0.5765
vn 0.7946 -0.2126 -0.5687
vn 0.7846 -0.2283 -0.5764
vn 0.7756 -0.2709 -0.5702
vn 0.7618 -0.2902 -0.5791
vn 0.7521 -0.3271 -0.5721
vn 0.7339 -0.3503 -0.5819
vn 0.7239 -0.3821 -0.5744
vn 0.7012 -0.4085 -0.5844
vn 0.6911 -0.4360 -0.5764
vn 0.6603 -0.4653 -0.5895
s 0
usemtl material
f 1//1 2//1 3//1
f 4//2 5//2 6//2
f 7//3 8//3 9//3
f 10//4 11//4 12//4
f 13//5 14//5 15//5
f 16//6 17//6 18//6
f 19//7 20//7 21//7
f 22//8 23//8 24//8
f 25//9 26//9 27//9
f 28//10 29//10 30//10
f 30//11 29//11 31//11
f 32//12 33//12 34//12
f 35//13 36//13 37//13
f 38//14 39//14 21//14
f 40//15 41//15 42//15
f 43//16 44//16 45//16
f 44//17 46//17 45//17
f 45//18 46//18 47//18
f 45//19 47//19 48//19
f 49//20 50//20 51//20
f 51//21 50//21 52//21
f 53//22 54//22 55//22
f 55//23 54//23 56//23
f 55//24 56//24 57//24
f 58//25 59//25 60//25
f 59//26 58//26 61//26
f 61//27 58//27 62//27
f 61//28 62//28 42//28
f 23//29 63//29 24//29
f 24//30 63//30 64//30
f 24//31 64//31 40//31
f 40//32 64//32 65//32
f 40//33 65//33 41//33
f 66//34 67//34 22//34
f 22//35 67//35 68//35
f 22//36 68//36 23//36
f 23//37 68//37 69//37
f 23//38 69//38 63//38
f 70//39 71//39 72//39
f 72//40 71//40 73//40
f 74//41 75//41 70//41
f 70//42 75//42 76//42
f 70//43 76//43 71//43
f 71//44 76//44 77//44
f 71//45 77//45 73//45
f 78//46 79//46 80//46
f 80//47 79//47 81//47
f 80//48 81//48 82//48
f 82//49 81//49 83//49
f 84//50 85//50 83//50
f 83//51 85//51 86//51
f 83//52 86//52 82//52
f 87//53 88//53 89//53
f 89//54 88//54 90//54
f 89//55 90//55 84//55
f 84//56 90//56 91//56
f 84//57 91//57 85//57
f 92//58 93//58 94//58
f 94//59 93//59 95//59
f 96//60 97//60 98//60
f 98//61 97//61 99//61
f 98//62 99//62 100//62
f 95//63 88//63 94//63
f 94//64 88//64 87//64
f 94//65 87//65 92//65
f 92//66 87//66 100//66
f 92//67 100//67 101//67
f 101//68 100//68 99//68
f 102//69 103//69 104//69
f 104//70 103//70 105//70
f 104//71 105//71 106//71
f 107//72 108//72 109//72
f 109//73 108//73 110//73
f 109//74 110//74 111//74
f 112//75 113//75 114//75
f 114//76 113//76 115//76
f 33//77 116//77 34//77
f 34//78 116//78 117//78
f 34//79 117//79 118//79
f 119//80 120//80 121//80
f 121//81 120//81 122//81
f 121//82 122//82 123//82
f 28//83 30//83 124//83
f 124//84 30//84 125//84
f 124//85 125//85 126//85
f 127//86 128//86 129//86
f 129//87 128//87 130//87
f 129//88 130//88 125//88
f 125//89 130//89 131//89
f 125//90 131//90 126//90
f 132//91 133//91 134//91
f 134//92 135//92 129//92
f 129//93 135//93 136//93
f 129//94 136//94 127//94
f 133//95 132//95 137//95
f 137//96 132//96 138//96
f 137//97 138//97 139//97
f 140//98 141//98 142//98
f 142//99 141//99 143//99
f 142//100 143//100 138//100
f 138//101 143//101 144//101
f 138//102 144//102 139//102
f 16//103 145//103 146//103
f 17//104 16//104 142//104
f 142//105 16//105 146//105
f 142//106 146//106 140//106
f 147//107 148//107 16//107
f 16//108 148//108 149//108
f 16//109 149//109 145//109
f 150//110 151//110 147//110
f 152//111 153//111 150//111
f 150//112 153//112 154//112
f 150//113 154//113 151//113
f 155//114 152//114 156//114
f 156//115 152//115 157//115
f 155//114 158//114 152//114
f 152//116 158//116 159//116
f 152//117 159//117 153//117
f 160//118 161//118 162//118
f 162//119 161//119 163//119
f 162//120 163//120 157//120
f 157//121 163//121 164//121
f 157//122 164//122 156//122
f 160//123 162//123 165//123
f 165//124 162//124 166//124
f 165//125 166//125 167//125
f 168//126 169//126 170//126
f 170//127 169//127 171//127
f 170//128 171//128 166//128
f 166//129 171//129 172//129
f 166//130 172//130 167//130
f 173//131 174//131 175//131
f 175//132 174//132 176//132
f 175//133 176//133 170//133
f 170//134 176//134 177//134
f 170//135 177//135 168//135
f 178//136 179//136 180//136
f 179//137 181//137 180//137
f 180//138 181//138 182//138
f 180//139 182//139 175//139
f 175//140 182//140 183//140
f 175//141 183//141 173//141
f 184//142 185//142 186//142
f 186//143 185//143 187//143
f 186//144 187//144 6//144
f 6//145 187//145 188//145
f 6//146 188//146 189//146
f 184//147 186//147 190//147
f 190//148 186//148 191//148
f 190//149 191//149 192//149
f 193//150 194//150 191//150
f 191//151 194//151 195//151
f 191//152 195//152 192//152
f 196//153 197//153 193//153
f 193//154 197//154 198//154
f 198//155 199//155 193//155
f 193//156 199//156 200//156
f 193//157 200//157 194//157
f 201//158 202//158 203//158
f 203//159 202//159 204//159
f 205//160 206//160 207//160
f 207//161 206//161 208//161
f 207//162 208//162 201//162
f 201//163 208//163 209//163
f 201//164 209//164 202//164
f 210//165 211//165 212//165
f 212//166 211//166 213//166
f 212//167 213//167 207//167
f 207//168 213//168 214//168
f 207//169 214//169 205//169
f 215//170 216//170 11//170
f 11//171 216//171 217//171
f 11//172 217//172 218//172
f 218//173 217//173 219//173
f 10//174 220//174 11//174
f 11//175 220//175 221//175
f 11//176 221//176 215//176
f 222//177 223//177 10//177
f 10//178 223//178 224//178
f 10//179 224//179 220//179
f 225//180 226//180 227//180
f 227//181 226//181 228//181
f 227//182 228//182 229//182
f 25//183 27//183 230//183
f 231//184 232//184 233//184
f 233//184 232//184 234//184
f 42//185 62//185 40//185
f 40//186 62//186 235//186
f 40//187 235//187 24//187
f 235//188 236//188 24//188
f 24//189 236//189 237//189
f 24//190 237//190 22//190
f 22//191 237//191 72//191
f 22//192 72//192 66//192
f 66//193 72//193 73//193
f 238//194 239//194 240//194
f 240//195 239//195 241//195
f 241//196 239//196 242//196
f 241//197 242//197 243//197
f 243//198 242//198 244//198
f 243//199 244//199 245//199
f 245//200 244//200 246//200
f 245//201 246//201 247//201
f 247//202 246//202 248//202
f 247//203 248//203 249//203
f 20//204 250//204 21//204
f 21//205 250//205 79//205
f 21//206 79//206 38//206
f 38//207 79//207 78//207
f 236//208 251//208 237//208
f 237//209 251//209 252//209
f 237//210 252//210 72//210
f 72//211 252//211 19//211
f 72//212 19//212 70//212
f 70//213 19//213 21//213
f 70//214 21//214 74//214
f 74//215 21//215 39//215
f 115//216 253//216 114//216
f 114//217 253//217 107//217
f 114//218 107//218 254//218
f 254//219 107//219 109//219
f 254//220 109//220 255//220
f 255//221 109//221 111//221
f 255//222 111//222 256//222
f 256//223 111//223 257//223
f 256//224 257//224 258//224
f 258//225 257//225 259//225
f 258//226 259//226 260//226
f 260//227 259//227 261//227
f 260//228 261//228 262//228
f 262//229 261//229 263//229
f 262//230 263//230 264//230
f 264//231 263//231 265//231
f 264//232 265//232 266//232
f 266//233 265//233 267//233
f 266//234 267//234 268//234
f 268//235 267//235 249//235
f 268//236 249//236 269//236
f 269//237 249//237 248//237
f 105//238 96//238 106//238
f 106//239 96//239 98//239
f 106//240 98//240 270//240
f 270//241 98//241 100//241
f 270//242 100//242 271//242
f 271//243 100//243 87//243
f 271//244 87//244 272//244
f 272//245 87//245 89//245
f 272//246 89//246 273//246
f 273//247 89//247 84//247
f 273//248 84//248 274//248
f 274//249 84//249 83//249
f 274//250 83//250 275//250
f 275//251 83//251 81//251
f 275//252 81//252 276//252
f 276//253 81//253 79//253
f 276//254 79//254 277//254
f 277//255 79//255 250//255
f 117//256 35//256 118//256
f 118//257 35//257 37//257
f 118//258 37//258 278//258
f 278//259 37//259 279//259
f 278//260 279//260 280//260
f 280//261 279//261 281//261
f 280//262 281//262 282//262
f 282//263 281//263 283//263
f 282//264 283//264 284//264
f 285//265 129//265 286//265
f 286//266 129//266 125//266
f 286//267 125//267 287//267
f 287//268 125//268 30//268
f 120//269 32//269 122//269
f 122//270 32//270 34//270
f 122//271 34//271 288//271
f 288//272 34//272 118//272
f 289//273 290//273 8//273
f 8//274 290//274 52//274
f 8//275 52//275 9//275
f 9//276 52//276 50//276
f 9//277 50//277 45//277
f 45//278 50//278 49//278
f 45//279 49//279 43//279
f 201//280 291//280 207//280
f 207//281 291//281 218//281
f 207//282 218//282 212//282
f 212//283 218//283 219//283
f 212//284 219//284 210//284
f 48//285 231//285 45//285
f 45//286 231//286 233//286
f 45//287 233//287 9//287
f 9//288 233//288 292//288
f 9//289 292//289 7//289
f 7//290 292//290 293//290
f 7//291 293//291 294//291
f 294//292 293//292 295//292
f 6//293 5//293 186//293
f 186//294 5//294 296//294
f 186//295 296//295 191//295
f 296//296 297//296 191//296
f 191//297 297//297 298//297
f 191//298 298//298 193//298
f 193//299 298//299 203//299
f 193//300 203//300 196//300
f 196//301 203//301 204//301
f 196//302 204//302 197//302
f 147//303 16//303 150//303
f 150//304 16//304 18//304
f 150//305 18//305 152//305
f 152//306 18//306 299//306
f 152//307 299//307 157//307
f 157//308 299//308 300//308
f 157//309 300//309 162//309
f 162//310 300//310 301//310
f 162//311 301//311 166//311
f 166//312 301//312 302//312
f 166//313 302//313 170//313
f 170//314 302//314 303//314
f 170//315 303//315 175//315
f 175//316 303//316 304//316
f 175//317 304//317 180//317
f 12//318 11//318 305//318
f 305//319 11//319 218//319
f 305//320 218//320 306//320
f 306//321 218//321 291//321
f 306//322 291//322 307//322
f 307//323 291//323 201//323
f 307//324 201//324 308//324
f 308//325 201//325 203//325
f 308//326 203//326 309//326
f 309//327 203//327 298//327
f 309//328 298//328 310//328
f 310//329 298//329 297//329
f 310//330 297//330 311//330
f 311//331 297//331 296//331
f 311//332 296//332 312//332
f 312//333 296//333 5//333
f 312//334 5//334 313//334
f 313//335 5//335 4//335
f 313//336 4//336 3//336
f 3//337 2//337 313//337
f 313//338 2//338 314//338
f 313//339 314//339 312//339
f 312//340 314//340 315//340
f 312//341 315//341 311//341
f 311//342 315//342 316//342
f 311//343 316//343 310//343
f 310//344 316//344 317//344
f 310//345 317//345 309//345
f 309//346 317//346 318//346
f 309//347 318//347 308//347
f 308//348 318//348 319//348
f 308//349 319//349 307//349
f 307//350 319//350 320//350
f 307//351 320//351 306//351
f 306//352 320//352 321//352
f 306//353 321//353 305//353
f 305//354 321//354 322//354
f 305//355 322//355 12//355
f 323//356 324//356 1//356
f 14//357 13//357 325//357
f 325//358 13//358 326//358
f 325//359 326//359 327//359
f 327//360 326//360 328//360
f 327//361 328//361 329//361
f 329//362 328//362 330//362
f 329//363 330//363 331//363
f 331//364 330//364 332//364
f 331//365 332//365 333//365
f 333//366 332//366 334//366
f 333//367 334//367 335//367
f 335//368 334//368 336//368
f 335//369 336//369 337//369
f 1//370 324//370 2//370
f 2//371 324//371 338//371
f 2//372 338//372 314//372
f 314//373 338//373 339//373
f 314//374 339//374 315//374
f 315//375 339//375 340//375
f 315//376 340//376 316//376
f 316//377 340//377 341//377
f 316//378 341//378 317//378
f 317//379 341//379 342//379
f 317//380 342//380 318//380
f 318//381 342//381 343//381
f 318//382 343//382 319//382
f 319//383 343//383 344//383
f 319//384 344//384 320//384
f 320//385 344//385 345//385
f 320//386 345//386 321//386
f 321//387 345//387 346//387
f 321//388 346//388 322//388
f 134//389 129//389 132//389
f 132//390 129//390 285//390
f 132//391 285//391 138//391
f 138//392 285//392 15//392
f 138//393 15//393 142//393
f 142//394 15//394 14//394
f 142//395 14//395 17//395
f 17//396 14//396 325//396
f 17//397 325//397 18//397
f 18//398 325//398 327//398
f 18//399 327//399 299//399
f 299//400 327//400 329//400
f 299//401 329//401 300//401
f 300//402 329//402 331//402
f 300//403 331//403 301//403
f 301//404 331//404 333//404
f 301//405 333//405 302//405
f 302//406 333//406 335//406
f 302//407 335//407 303//407
f 303//408 335//408 337//408
f 303//409 337//409 304//409
f 347//410 348//410 295//410
f 295//411 348//411 294//411
f 294//412 348//412 349//412
f 294//413 349//413 7//413
f 7//414 349//414 55//414
f 7//415 55//415 8//415
f 8//416 55//416 57//416
f 8//417 57//417 289//417
f 60//418 53//418 58//418
f 58//419 53//419 55//419
f 58//420 55//420 62//420
f 62//421 55//421 349//421
f 62//422 349//422 235//422
f 235//423 349//423 348//423
f 235//424 348//424 236//424
f 236//425 348//425 347//425
f 236//426 347//426 251//426
f 26//9 225//9 27//9
f 27//427 225//427 227//427
f 27//428 227//428 350//428
f 350//429 227//429 351//429
f 350//430 351//430 352//430
f 352//431 351//431 353//431
f 352//432 353//432 354//432
f 354//433 353//433 355//433
f 354//434 355//434 356//434
f 356//435 355//435 357//435
f 356//436 357//436 358//436
f 358//437 357//437 238//437
f 358//438 238//438 359//438
f 359//439 238//439 240//439
f 284//440 283//440 360//440
f 360//441 283//441 361//441
f 360//442 361//442 362//442
f 362//443 361//443 363//443
f 362//444 363//444 364//444
f 364//445 363//445 365//445
f 364//446 365//446 366//446
f 366//447 365//447 367//447
f 366//448 367//448 323//448
f 323//449 367//449 368//449
f 323//450 368//450 324//450
f 324//451 368//451 369//451
f 324//452 369//452 338//452
f 338//453 369//453 370//453
f 338//454 370//454 339//454
f 339//455 370//455 371//455
f 339//456 371//456 340//456
f 340//457 371//457 372//457
f 340//458 372//458 341//458
f 341//459 372//459 373//459
f 341//460 373//460 342//460
f 342//461 373//461 374//461
f 342//462 374//462 343//462
f 343//463 374//463 375//463
f 343//464 375//464 344//464
f 344//465 375//465 376//465
f 344//466 376//466 345//466
f 345//467 376//467 377//467
f 345//468 377//468 346//468
f 234//469 230//469 233//469
f 233//470 230//470 27//470
f 233//471 27//471 292//471
f 292//472 27//472 350//472
f 292//473 350//473 293//473
f 293//474 350//474 352//474
f 293//475 352//475 295//475
f 295//476 352//476 354//476
f 295//477 354//477 347//477
f 347//478 354//478 356//478
f 347//479 356//479 251//479
f 251//480 356//480 358//480
f 251//481 358//481 252//481
f 252//482 358//482 359//482
f 252//483 359//483 19//483
f 19//484 359//484 240//484
f 19//485 240//485 20//485
f 20//486 240//486 241//486
f 20//487 241//487 250//487
f 250//488 241//488 243//488
f 250//489 243//489 277//489
f 277//490 243//490 245//490
f 277//491 245//491 276//491
f 276//492 245//492 247//492
f 276//493 247//493 275//493
f 275//494 247//494 249//494
f 275//495 249//495 274//495
f 274//496 249//496 267//496
f 274//497 267//497 273//497
f 273//498 267//498 265//498
f 273//499 265//499 272//499
f 272//500 265//500 263//500
f 272//501 263//501 271//501
f 271//502 263//502 261//502
f 271//503 261//503 270//503
f 270//504 261//504 259//504
f 270//505 259//505 106//505
f 106//506 259//506 257//506
f 106//507 257//507 104//507
f 104//508 257//508 111//508
f 104//509 111//509 102//509
f 102//510 111//510 110//510
f 189//511 178//511 6//511
f 6//512 178//512 180//512
f 6//513 180//513 4//513
f 4//514 180//514 304//514
f 4//515 304//515 3//515
f 3//516 304//516 337//516
f 3//517 337//517 1//517
f 1//369 337//369 336//369
f 1//518 336//518 323//518
f 323//519 336//519 334//519
f 323//520 334//520 366//520
f 366//521 334//521 332//521
f 366//522 332//522 364//522
f 364//523 332//523 330//523
f 364//524 330//524 362//524
f 362//525 330//525 328//525
f 362//526 328//526 360//526
f 360//527 328//527 326//527
f 360//528 326//528 284//528
f 284//529 326//529 13//529
f 284//530 13//530 282//530
f 282//531 13//531 15//531
f 282//532 15//532 280//532
f 280//533 15//533 285//533
f 280//534 285//534 278//534
f 278//535 285//535 286//535
f 278//536 286//536 118//536
f 118//537 286//537 287//537
f 118//538 287//538 288//538
f 288//539 287//539 30//539
f 288//540 30//540 122//540
f 122//541 30//541 31//541
f 122//542 31//542 123//542
f 36//543 112//543 37//543
f 37//544 112//544 114//544
f 37//545 114//545 279//545
f 279//546 114//546 254//546
f 279//547 254//547 281//547
f 281//548 254//548 255//548
f 281//549 255//549 283//549
f 283//550 255//550 256//550
f 283//551 256//551 361//551
f 361//552 256//552 258//552
f 361//553 258//553 363//553
f 363//554 258//554 260//554
f 363//555 260//555 365//555
f 365//556 260//556 262//556
f 365//557 262//557 367//557
f 367//558 262//558 264//558
f 367//559 264//559 368//559
f 368//560 264//560 266//560
f 368//561 266//561 369//561
f 369//562 266//562 268//562
f 369//563 268//563 370//563
f 370//564 268//564 269//564
f 370//565 269//565 371//565
f 371//566 269//566 248//566
f 371//567 248//567 372//567
f 372//568 248//568 246//568
f 372//569 246//569 373//569
f 373//570 246//570 244//570
f 373//571 244//571 374//571
f 374//572 244//572 242//572
f 374//573 242//573 375//573
f 375//574 242//574 239//574
f 375//575 239//575 376//575
f 376//576 239//576 238//576
f 376//577 238//577 377//577
f 377//578 238//578 357//578
f 377//579 357//579 346//579
f 346//580 357//580 355//580
f 346//581 355//581 322//581
f 322//582 355//582 353//582
f 322//583 353//583 12//583
f 12//584 353//584 351//584
f 12//585 351//585 10//585
f 10//586 351//586 227//586
f 10//587 227//587 222//587
f 222//588 227//588 229//588
f 378//589 379//589 380//589
f 381//590 382//590 383//590
f 384//591 385//591 386//591
f 387//592 388//592 389//592
f 390//593 391//593 392//593
f 393//594 394//594 378//594
f 395//595 396//595 397//595
f 398//596 399//596 400//596
f 401//597 402//597 400//597
f 403//598 404//598 405//598
f 406//599 407//599 403//599
f 408//600 409//600 410//600
f 410//601 409//601 411//601
f 410//602 411//602 412//602
f 413//603 414//603 410//603
f 410//604 414//604 415//604
f 410//605 415//605 408//605
f 416//606 417//606 418//606
f 418//607 417//607 419//607
f 418//608 420//608 416//608
f 416//609 420//609 421//609
f 416//610 421//610 422//610
f 422//611 421//611 423//611
f 424//612 425//612 426//612
f 427//613 428//613 424//613
f 424//614 428//614 429//614
f 424//615 429//615 425//615
f 430//616 431//616 432//616
f 432//617 431//617 433//617
f 432//618 433//618 434//618
f 435//619 436//619 437//619
f 437//620 436//620 438//620
f 437//621 438//621 439//621
f 404//622 403//622 440//622
f 440//623 403//623 407//623
f 440//624 407//624 441//624
f 441//625 407//625 442//625
f 441//626 442//626 443//626
f 444//627 445//627 405//627
f 405//628 445//628 446//628
f 405//629 446//629 403//629
f 403//630 446//630 447//630
f 403//631 447//631 406//631
f 448//632 449//632 444//632
f 444//633 449//633 450//633
f 444//634 450//634 445//634
f 451//635 452//635 453//635
f 453//636 452//636 454//636
f 453//637 454//637 448//637
f 448//638 454//638 455//638
f 448//639 455//639 449//639
f 456//640 457//640 458//640
f 458//641 457//641 451//641
f 459//642 460//642 456//642
f 461//643 462//643 463//643
f 464//644 465//644 462//644
f 466//645 467//645 468//645
f 468//646 467//646 469//646
f 468//647 469//647 470//647
f 471//648 472//648 473//648
f 473//649 472//649 474//649
f 473//650 474//650 466//650
f 475//651 476//651 477//651
f 477//652 476//652 478//652
f 477//653 478//653 479//653
f 479//654 478//654 480//654
f 479//655 480//655 481//655
f 400//656 482//656 401//656
f 401//657 482//657 483//657
f 401//658 483//658 484//658
f 484//659 483//659 485//659
f 484//660 485//660 486//660
f 399//661 487//661 400//661
f 400//662 487//662 488//662
f 400//663 488//663 482//663
f 398//664 400//664 489//664
f 489//665 400//665 490//665
f 489//666 490//666 491//666
f 492//667 395//667 493//667
f 493//668 395//668 397//668
f 493//669 397//669 490//669
f 490//670 397//670 494//670
f 490//671 494//671 491//671
f 495//672 496//672 379//672
f 496//673 497//673 493//673
f 493//674 497//674 498//674
f 493//675 498//675 492//675
f 394//676 499//676 378//676
f 378//677 499//677 500//677
f 378//678 500//678 379//678
f 379//679 500//679 501//679
f 379//680 501//680 495//680
f 502//681 503//681 504//681
f 504//682 503//682 505//682
f 504//683 505//683 506//683
f 507//684 508//684 509//684
f 509//685 508//685 510//685
f 509//686 510//686 511//686
f 512//687 513//687 514//687
f 514//688 513//688 515//688
f 514//689 515//689 507//689
f 516//690 517//690 518//690
f 518//691 517//691 519//691
f 520//692 521//692 522//692
f 523//693 524//693 525//693
f 525//694 524//694 526//694
f 525//695 526//695 520//695
f 520//696 526//696 527//696
f 520//697 527//697 521//697
f 391//698 528//698 392//698
f 392//698 528//698 529//698
f 392//699 529//699 530//699
f 530//700 529//700 531//700
f 530//701 531//701 532//701
f 533//702 534//702 535//702
f 536//703 537//703 538//703
f 538//704 537//704 539//704
f 538//705 539//705 533//705
f 533//706 539//706 540//706
f 533//707 540//707 534//707
f 536//708 538//708 541//708
f 541//709 538//709 542//709
f 541//710 542//710 543//710
f 388//711 544//711 389//711
f 389//712 544//712 545//712
f 389//713 545//713 542//713
f 542//714 545//714 546//714
f 542//715 546//715 543//715
f 386//716 385//716 389//716
f 389//717 385//717 547//717
f 389//718 547//718 387//718
f 548//719 549//719 550//719
f 550//720 549//720 551//720
f 550//721 551//721 552//721
f 548//722 553//722 549//722
f 549//723 553//723 554//723
f 549//724 554//724 386//724
f 386//725 554//725 555//725
f 386//726 555//726 384//726
f 556//727 557//727 558//727
f 558//728 557//728 559//728
f 558//729 559//729 551//729
f 551//730 559//730 560//730
f 551//731 560//731 552//731
f 561//732 562//732 563//732
f 561//733 563//733 564//733
f 564//734 563//734 565//734
f 564//735 565//735 566//735
f 567//736 568//736 569//736
f 567//737 569//737 561//737
f 561//738 569//738 570//738
f 561//739 570//739 562//739
f 571//740 572//740 573//740
f 574//741 575//741 576//741
f 576//742 575//742 577//742
f 576//743 577//743 578//743
f 579//744 580//744 581//744
f 581//745 580//745 582//745
f 581//746 582//746 572//746
f 572//747 582//747 583//747
f 572//748 583//748 573//748
f 579//749 581//749 584//749
f 584//750 581//750 585//750
f 584//751 585//751 586//751
f 587//752 588//752 589//752
f 589//753 588//753 590//753
f 589//754 590//754 591//754
f 591//755 592//755 585//755
f 585//756 592//756 593//756
f 585//757 593//757 586//757
f 594//758 595//758 596//758
f 596//759 595//759 597//759
f 596//760 597//760 598//760
f 599//761 600//761 594//761
f 594//762 600//762 601//762
f 594//763 601//763 595//763
f 602//764 603//764 604//764
f 604//765 603//765 605//765
f 604//766 605//766 381//766
f 606//767 607//767 608//767
f 608//768 607//768 609//768
f 458//769 610//769 611//769
f 611//770 610//770 612//770
f 611//771 612//771 613//771
f 613//772 612//772 614//772
f 613//773 614//773 615//773
f 456//774 458//774 459//774
f 459//775 458//775 611//775
f 459//776 611//776 602//776
f 602//777 611//777 613//777
f 602//778 613//778 603//778
f 603//779 613//779 615//779
f 603//780 615//780 605//780
f 381//781 383//781 604//781
f 604//782 383//782 616//782
f 604//783 616//783 602//783
f 602//784 616//784 461//784
f 602//785 461//785 459//785
f 459//786 461//786 463//786
f 459//787 463//787 460//787
f 451//788 453//788 458//788
f 458//789 453//789 617//789
f 458//790 617//790 610//790
f 610//791 617//791 618//791
f 610//792 618//792 612//792
f 612//793 618//793 619//793
f 612//794 619//794 614//794
f 434//795 428//795 432//795
f 432//796 428//796 427//796
f 432//797 427//797 430//797
f 430//798 427//798 620//798
f 430//799 620//799 621//799
f 621//800 620//800 622//800
f 621//801 622//801 623//801
f 623//802 622//802 624//802
f 623//803 624//803 625//803
f 625//804 624//804 626//804
f 625//805 626//805 627//805
f 627//806 626//806 628//806
f 627//807 628//807 629//807
f 629//808 628//808 630//808
f 629//809 630//809 609//809
f 609//810 630//810 631//810
f 609//811 631//811 608//811
f 439//812 431//812 437//812
f 437//813 431//813 430//813
f 437//814 430//814 435//814
f 435//815 430//815 621//815
f 435//816 621//816 632//816
f 632//817 621//817 623//817
f 632//818 623//818 633//818
f 633//819 623//819 625//819
f 633//820 625//820 634//820
f 634//821 625//821 627//821
f 634//822 627//822 635//822
f 635//823 627//823 629//823
f 635//824 629//824 636//824
f 636//825 629//825 609//825
f 636//826 609//826 637//826
f 637//827 609//827 607//827
f 443//828 436//828 441//828
f 441//829 436//829 435//829
f 441//830 435//830 440//830
f 440//831 435//831 632//831
f 440//832 632//832 404//832
f 404//833 632//833 633//833
f 404//834 633//834 405//834
f 405//835 633//835 634//835
f 405//836 634//836 444//836
f 444//837 634//837 635//837
f 444//838 635//838 448//838
f 448//839 635//839 636//839
f 448//840 636//840 453//840
f 453//841 636//841 637//841
f 453//842 637//842 617//842
f 617//843 637//843 607//843
f 617//844 607//844 618//844
f 618//845 607//845 606//845
f 618//846 606//846 619//846
f 573//847 574//847 571//847
f 571//848 574//848 576//848
f 571//849 576//849 567//849
f 567//850 576//850 578//850
f 567//851 578//851 568//851
f 638//852 639//852 640//852
f 640//853 639//853 641//853
f 591//854 585//854 589//854
f 589//855 585//855 642//855
f 589//856 642//856 643//856
f 643//857 642//857 644//857
f 643//858 644//858 420//858
f 420//859 644//859 645//859
f 420//860 645//860 421//860
f 412//861 599//861 410//861
f 410//862 599//862 594//862
f 410//863 594//863 646//863
f 646//864 594//864 596//864
f 419//865 413//865 418//865
f 418//866 413//866 410//866
f 418//867 410//867 420//867
f 420//868 410//868 646//868
f 420//869 646//869 643//869
f 643//870 646//870 596//870
f 643//871 596//871 589//871
f 589//872 596//872 598//872
f 589//873 598//873 587//873
f 380//874 647//874 378//874
f 378//875 647//875 504//875
f 378//876 504//876 393//876
f 393//877 504//877 506//877
f 648//878 649//878 647//878
f 647//879 649//879 650//879
f 647//880 650//880 504//880
f 651//881 392//881 652//881
f 652//882 392//882 530//882
f 652//883 530//883 653//883
f 653//884 530//884 532//884
f 653//885 532//885 654//885
f 655//886 558//886 656//886
f 656//887 558//887 551//887
f 656//888 551//888 657//888
f 657//889 551//889 549//889
f 657//890 549//890 658//890
f 658//891 549//891 386//891
f 658//892 386//892 659//892
f 659//893 386//893 389//893
f 659//894 389//894 660//894
f 660//895 389//895 542//895
f 660//896 542//896 661//896
f 661//897 542//897 538//897
f 661//898 538//898 651//898
f 651//899 538//899 533//899
f 651//900 533//900 392//900
f 392//901 533//901 535//901
f 392//902 535//902 390//902
f 564//903 662//903 561//903
f 561//904 662//904 663//904
f 561//905 663//905 567//905
f 567//906 663//906 664//906
f 567//907 664//907 571//907
f 665//908 655//908 666//908
f 666//909 655//909 656//909
f 666//910 656//910 667//910
f 667//911 656//911 657//911
f 667//912 657//912 668//912
f 668//913 657//913 658//913
f 668//914 658//914 669//914
f 669//915 658//915 659//915
f 669//916 659//916 670//916
f 670//917 659//917 660//917
f 670//918 660//918 671//918
f 671//919 660//919 661//919
f 671//920 661//920 672//920
f 672//921 661//921 651//921
f 672//922 651//922 673//922
f 673//923 651//923 652//923
f 673//924 652//924 674//924
f 674//925 652//925 653//925
f 675//926 665//926 676//926
f 676//927 665//927 666//927
f 676//928 666//928 677//928
f 677//929 666//929 667//929
f 677//930 667//930 678//930
f 678//931 667//931 668//931
f 678//932 668//932 679//932
f 679//933 668//933 669//933
f 679//934 669//934 680//934
f 680//935 669//935 670//935
f 680//936 670//936 681//936
f 681//937 670//937 671//937
f 681//938 671//938 682//938
f 682//939 671//939 672//939
f 682//940 672//940 683//940
f 683//941 672//941 673//941
f 683//942 673//942 684//942
f 684//943 673//943 674//943
f 638//944 685//944 639//944
f 639//945 685//945 686//945
f 639//946 686//946 687//946
f 687//947 686//947 688//947
f 687//948 688//948 689//948
f 689//949 688//949 690//949
f 689//950 690//950 691//950
f 691//951 690//951 692//951
f 691//952 692//952 693//952
f 693//953 692//953 694//953
f 693//954 694//954 695//954
f 695//955 694//955 696//955
f 697//956 675//956 698//956
f 698//957 675//957 676//957
f 698//958 676//958 699//958
f 699//959 676//959 677//959
f 699//960 677//960 700//960
f 700//961 677//961 678//961
f 700//962 678//962 701//962
f 701//963 678//963 679//963
f 701//964 679//964 702//964
f 702//965 679//965 680//965
f 702//966 680//966 703//966
f 703//967 680//967 681//967
f 703//968 681//968 704//968
f 704//969 681//969 682//969
f 704//970 682//970 705//970
f 705//971 682//971 683//971
f 705//972 683//972 706//972
f 706//973 683//973 684//973
f 662//974 696//974 663//974
f 663//975 696//975 694//975
f 663//976 694//976 664//976
f 664//977 694//977 692//977
f 664//978 692//978 571//978
f 571//979 692//979 690//979
f 571//980 690//980 572//980
f 572//981 690//981 688//981
f 572//982 688//982 581//982
f 581//983 688//983 686//983
f 581//984 686//984 585//984
f 585//985 686//985 685//985
f 585//986 685//986 642//986
f 642//987 685//987 638//987
f 642//988 638//988 644//988
f 644//989 638//989 640//989
f 644//990 640//990 645//990
f 479//991 707//991 477//991
f 477//992 707//992 708//992
f 477//993 708//993 709//993
f 709//994 708//994 710//994
f 709//995 710//995 648//995
f 648//996 710//996 711//996
f 648//997 711//997 649//997
f 649//998 711//998 712//998
f 649//999 712//999 650//999
f 650//1000 712//1000 509//1000
f 650//1001 509//1001 504//1001
f 504//1002 509//1002 511//1002
f 504//1003 511//1003 502//1003
f 466//1004 468//1004 473//1004
f 473//1005 468//1005 713//1005
f 473//1006 713//1006 471//1006
f 471//1007 713//1007 714//1007
f 471//1008 714//1008 715//1008
f 715//1009 714//1009 716//1009
f 715//1010 716//1010 717//1010
f 717//1011 716//1011 718//1011
f 717//1012 718//1012 719//1012
f 719//1013 718//1013 720//1013
f 719//1014 720//1014 721//1014
f 721//1015 720//1015 722//1015
f 721//1016 722//1016 723//1016
f 723//1017 722//1017 724//1017
f 723//1018 724//1018 514//1018
f 514//1019 724//1019 725//1019
f 514//1020 725//1020 512//1020
f 507//1021 509//1021 514//1021
f 514//1022 509//1022 712//1022
f 514//1023 712//1023 723//1023
f 723//1024 712//1024 711//1024
f 723//1025 711//1025 721//1025
f 721//1026 711//1026 710//1026
f 721//1027 710//1027 719//1027
f 719//1028 710//1028 708//1028
f 719//1029 708//1029 717//1029
f 717//1030 708//1030 707//1030
f 717//1031 707//1031 715//1031
f 715//1032 707//1032 479//1032
f 715//1033 479//1033 471//1033
f 471//1034 479//1034 481//1034
f 471//1035 481//1035 472//1035
f 496//1036 493//1036 379//1036
f 379//1037 493//1037 490//1037
f 379//1038 490//1038 380//1038
f 380//1039 490//1039 400//1039
f 380//1040 400//1040 647//1040
f 647//1041 400//1041 402//1041
f 647//1042 402//1042 648//1042
f 648//1043 402//1043 401//1043
f 648//1044 401//1044 709//1044
f 709//1045 401//1045 484//1045
f 709//1046 484//1046 477//1046
f 477//1047 484//1047 486//1047
f 477//1048 486//1048 475//1048
f 462//1049 461//1049 464//1049
f 464//1050 461//1050 616//1050
f 464//1051 616//1051 726//1051
f 726//1052 616//1052 383//1052
f 726//1053 383//1053 727//1053
f 727//1054 383//1054 382//1054
f 727//1055 382//1055 728//1055
f 728//1056 382//1056 729//1056
f 728//1057 729//1057 730//1057
f 730//1058 729//1058 731//1058
f 730//1059 731//1059 732//1059
f 732//1060 731//1060 733//1060
f 732//1061 733//1061 734//1061
f 734//1062 733//1062 735//1062
f 734//1063 735//1063 736//1063
f 736//1064 735//1064 525//1064
f 736//1065 525//1065 737//1065
f 737//1066 525//1066 520//1066
f 737//1067 520//1067 518//1067
f 518//1068 520//1068 522//1068
f 518//1069 522//1069 516//1069
f 641//1070 738//1070 739//1070
f 739//1071 738//1071 740//1071
f 739//1072 740//1072 741//1072
f 741//1073 740//1073 742//1073
f 741//1074 742//1074 743//1074
f 743//1075 742//1075 744//1075
f 743//1076 744//1076 745//1076
f 745//1077 744//1077 697//1077
f 745//1078 697//1078 746//1078
f 746//1079 697//1079 698//1079
f 746//1080 698//1080 747//1080
f 747//1081 698//1081 699//1081
f 747//1082 699//1082 748//1082
f 748//1083 699//1083 700//1083
f 748//1084 700//1084 749//1084
f 749//1085 700//1085 701//1085
f 749//1086 701//1086 750//1086
f 750//1087 701//1087 702//1087
f 750//1088 702//1088 751//1088
f 751//1089 702//1089 703//1089
f 751//1090 703//1090 752//1090
f 752//1091 703//1091 704//1091
f 752//1092 704//1092 753//1092
f 753//1093 704//1093 705//1093
f 753//1094 705//1094 754//1094
f 754//1095 705//1095 706//1095
f 519//1096 725//1096 518//1096
f 518//1097 725//1097 724//1097
f 518//1098 724//1098 737//1098
f 737//1099 724//1099 722//1099
f 737//1100 722//1100 736//1100
f 736//1101 722//1101 720//1101
f 736//1102 720//1102 734//1102
f 734//1103 720//1103 718//1103
f 734//1104 718//1104 732//1104
f 732//1105 718//1105 716//1105
f 732//1106 716//1106 730//1106
f 730//1107 716//1107 714//1107
f 730//1108 714//1108 728//1108
f 728//1109 714//1109 713//1109
f 728//1110 713//1110 727//1110
f 727//1111 713//1111 468//1111
f 727//1112 468//1112 726//1112
f 726//1113 468//1113 470//1113
f 726//1114 470//1114 464//1114
f 464//1115 470//1115 755//1115
f 464//1116 755//1116 465//1116
f 641//1117 639//1117 738//1117
f 738//1118 639//1118 687//1118
f 738//1119 687//1119 740//1119
f 740//1120 687//1120 689//1120
f 740//1121 689//1121 742//1121
f 742//1122 689//1122 691//1122
f 742//1123 691//1123 744//1123
f 744//1124 691//1124 693//1124
f 744//1125 693//1125 697//1125
f 697//1126 693//1126 695//1126
f 697//1127 695//1127 675//1127
f 675//1128 695//1128 696//1128
f 675//1129 696//1129 665//1129
f 665//1130 696//1130 662//1130
f 665//1131 662//1131 655//1131
f 655//1132 662//1132 564//1132
f 655//1133 564//1133 558//1133
f 558//1134 564//1134 566//1134
f 558//1135 566//1135 556//1135
f 426//1136 423//1136 424//1136
f 424//1137 423//1137 421//1137
f 424//1138 421//1138 427//1138
f 427//1139 421//1139 645//1139
f 427//1140 645//1140 620//1140
f 620//1141 645//1141 640//1141
f 620//1142 640//1142 622//1142
f 622//1143 640//1143 641//1143
f 622//1144 641//1144 624//1144
f 624//1145 641//1145 739//1145
f 624//1146 739//1146 626//1146
f 626//1147 739//1147 741//1147
f 626//1148 741//1148 628//1148
f 628//1149 741//1149 743//1149
f 628//1150 743//1150 630//1150
f 630//1151 743//1151 745//1151
f 630//1152 745//1152 631//1152
f 631//1153 745//1153 746//1153
f 631//1154 746//1154 608//1154
f 608//1155 746//1155 747//1155
f 608//1156 747//1156 606//1156
f 606//1157 747//1157 748//1157
f 606//1158 748//1158 619//1158
f 619//1159 748//1159 749//1159
f 619//1160 749//1160 614//1160
f 614//1161 749//1161 750//1161
f 614//1162 750//1162 615//1162
f 615//1163 750//1163 751//1163
f 615//1164 751//1164 605//1164
f 605//1165 751//1165 752//1165
f 605//1166 752//1166 381//1166
f 381//1167 752//1167 753//1167
f 381//1168 753//1168 382//1168
f 382//1169 753//1169 754//1169
f 382//1170 754//1170 729//1170
f 729//1171 754//1171 706//1171
f 729//1172 706//1172 731//1172
f 731//1173 706//1173 684//1173
f 731//1174 684//1174 733//1174
f 733//1175 684//1175 674//1175
f 733//1176 674//1176 735//1176
f 735//1177 674//1177 653//1177
f 735//1178 653//1178 525//1178
f 525//1179 653//1179 654//1179
f 525//1180 654//1180 523//1180
f 756//1181 757//1181 758//1181
f 759//1182 760//1182 761//1182
f 761//1183 760//1183 762//1183
f 763//1184 764//1184 765//1184
f 766//1185 767//1185 768//1185
f 390//1186 535//1186 769//1186
f 599//1187 412//1187 770//1187
f 771//1188 772//1188 773//1188
f 774//1189 775//1189 776//1189
f 777//1190 778//1190 779//1190
f 780//1191 781//1191 782//1191
f 395//1192 492//1192 783//1192
f 396//1193 395//1193 784//1193
f 784//1194 395//1194 783//1194
f 784//1195 783//1195 785//1195
f 785//1196 783//1196 786//1196
f 787//1197 788//1197 789//1197
f 790//1198 791//1198 792//1198
f 766//1199 793//1199 767//1199
f 767//1200 793//1200 794//1200
f 767//1201 794//1201 795//1201
f 796//1202 797//1202 766//1202
f 797//1203 798//1203 766//1203
f 766//1204 798//1204 799//1204
f 766//1205 799//1205 793//1205
f 800//1206 801//1206 802//1206
f 802//1207 801//1207 803//1207
f 802//1208 803//1208 804//1208
f 804//1209 803//1209 805//1209
f 804//1210 805//1210 806//1210
f 807//1211 808//1211 809//1211
f 809//1212 808//1212 810//1212
f 809//1213 810//1213 811//1213
f 812//1214 813//1214 814//1214
f 814//1215 813//1215 47//1215
f 814//1216 47//1216 46//1216
f 234//1217 232//1217 815//1217
f 815//1218 232//1218 231//1218
f 815//1219 231//1219 813//1219
f 813//1220 231//1220 48//1220
f 813//1221 48//1221 47//1221
f 234//1222 815//1222 230//1222
f 230//1223 815//1223 816//1223
f 230//1224 816//1224 25//1224
f 817//1225 226//1225 225//1225
f 817//1226 225//1226 816//1226
f 816//1227 225//1227 26//1227
f 816//1228 26//1228 25//1228
f 818//1229 222//1229 229//1229
f 818//1230 229//1230 817//1230
f 817//1231 229//1231 228//1231
f 817//1232 228//1232 226//1232
f 221//1233 220//1233 819//1233
f 819//1234 220//1234 224//1234
f 819//1235 224//1235 818//1235
f 818//1236 224//1236 223//1236
f 818//1237 223//1237 222//1237
f 221//1238 819//1238 215//1238
f 215//1239 819//1239 820//1239
f 215//1240 820//1240 216//1240
f 211//1241 210//1241 821//1241
f 821//1242 210//1242 219//1242
f 821//1243 219//1243 820//1243
f 820//1244 219//1244 217//1244
f 820//1245 217//1245 216//1245
f 822//1246 205//1246 214//1246
f 822//1247 214//1247 821//1247
f 821//1248 214//1248 213//1248
f 821//1249 213//1249 211//1249
f 205//1250 822//1250 206//1250
f 206//1251 822//1251 823//1251
f 206//1252 823//1252 208//1252
f 824//1253 202//1253 823//1253
f 823//1254 202//1254 209//1254
f 823//1254 209//1254 208//1254
f 199//1255 198//1255 825//1255
f 825//1256 198//1256 197//1256
f 825//1257 197//1257 824//1257
f 824//1258 197//1258 204//1258
f 824//1259 204//1259 202//1259
f 199//1260 825//1260 200//1260
f 200//1261 825//1261 826//1261
f 200//1262 826//1262 194//1262
f 184//1263 190//1263 827//1263
f 827//1264 190//1264 192//1264
f 827//1265 192//1265 826//1265
f 826//1266 192//1266 195//1266
f 826//1267 195//1267 194//1267
f 184//1268 827//1268 185//1268
f 185//1269 827//1269 828//1269
f 185//1270 828//1270 187//1270
f 179//1271 178//1271 829//1271
f 829//1272 178//1272 189//1272
f 829//1273 189//1273 828//1273
f 828//1274 189//1274 188//1274
f 828//1275 188//1275 187//1275
f 173//1276 183//1276 830//1276
f 830//1277 183//1277 182//1277
f 830//1278 182//1278 829//1278
f 829//1279 182//1279 181//1279
f 829//1280 181//1280 179//1280
f 173//1281 830//1281 174//1281
f 174//1282 830//1282 831//1282
f 174//1283 831//1283 176//1283
f 171//1284 169//1284 832//1284
f 832//1285 169//1285 168//1285
f 832//1286 168//1286 831//1286
f 831//1287 168//1287 177//1287
f 831//1288 177//1288 176//1288
f 171//1289 832//1289 172//1289
f 172//1290 832//1290 833//1290
f 172//1291 833//1291 167//1291
f 163//1292 161//1292 834//1292
f 834//1293 161//1293 160//1293
f 834//1294 160//1294 833//1294
f 833//1295 160//1295 165//1295
f 833//1296 165//1296 167//1296
f 158//1297 155//1297 835//1297
f 835//1298 155//1298 156//1298
f 835//1299 156//1299 834//1299
f 834//1300 156//1300 164//1300
f 834//1301 164//1301 163//1301
f 151//1302 154//1302 836//1302
f 836//1303 154//1303 153//1303
f 836//1304 153//1304 835//1304
f 835//1305 153//1305 159//1305
f 835//1306 159//1306 158//1306
f 145//1307 837//1307 146//1307
f 146//1308 837//1308 838//1308
f 146//1309 838//1309 140//1309
f 140//1310 838//1310 141//1310
f 145//1311 149//1311 837//1311
f 837//1312 149//1312 148//1312
f 837//1313 148//1313 836//1313
f 836//1314 148//1314 147//1314
f 836//1303 147//1303 151//1303
f 141//1315 838//1315 143//1315
f 143//1316 838//1316 839//1316
f 143//1317 839//1317 144//1317
f 134//1318 133//1318 840//1318
f 840//1319 133//1319 137//1319
f 840//1320 137//1320 839//1320
f 839//1321 137//1321 139//1321
f 839//1322 139//1322 144//1322
f 134//1323 840//1323 135//1323
f 135//1324 840//1324 841//1324
f 135//1325 841//1325 136//1325
f 136//1326 841//1326 127//1326
f 127//1327 841//1327 842//1327
f 127//1328 842//1328 128//1328
f 843//1329 131//1329 842//1329
f 842//1330 131//1330 130//1330
f 842//1331 130//1331 128//1331
f 29//1332 28//1332 844//1332
f 844//1333 28//1333 124//1333
f 844//1334 124//1334 843//1334
f 843//1335 124//1335 126//1335
f 843//1335 126//1335 131//1335
f 31//1336 845//1336 123//1336
f 123//1337 845//1337 121//1337
f 846//1338 847//1338 848//1338
f 848//1339 847//1339 849//1339
f 848//1340 849//1340 850//1340
f 851//1341 852//1341 853//1341
f 852//1342 851//1342 854//1342
f 854//1343 851//1343 855//1343
f 854//1344 855//1344 856//1344
f 857//1345 858//1345 855//1345
f 855//1346 858//1346 859//1346
f 855//1347 859//1347 856//1347
f 860//1348 861//1348 862//1348
f 862//1349 861//1349 863//1349
f 862//1350 863//1350 857//1350
f 857//1351 863//1351 864//1351
f 857//1351 864//1351 858//1351
f 865//1352 866//1352 867//1352
f 868//1353 869//1353 865//1353
f 865//1354 869//1354 870//1354
f 865//1355 870//1355 866//1355
f 871//1356 872//1356 873//1356
f 873//1357 872//1357 874//1357
f 873//1358 874//1358 868//1358
f 868//1359 874//1359 875//1359
f 868//1360 875//1360 869//1360
f 876//1361 877//1361 878//1361
f 878//1362 877//1362 879//1362
f 878//1363 879//1363 880//1363
f 880//1364 879//1364 881//1364
f 880//1365 881//1365 873//1365
f 873//1366 881//1366 882//1366
f 873//1367 882//1367 871//1367
f 883//1368 884//1368 885//1368
f 885//1369 884//1369 886//1369
f 885//1370 886//1370 878//1370
f 878//1371 886//1371 887//1371
f 878//1372 887//1372 876//1372
f 772//1373 888//1373 773//1373
f 773//1374 888//1374 889//1374
f 773//1375 889//1375 883//1375
f 883//1376 889//1376 890//1376
f 883//1377 890//1377 884//1377
f 412//1378 411//1378 770//1378
f 770//1379 411//1379 409//1379
f 770//1380 409//1380 771//1380
f 597//1381 595//1381 759//1381
f 759//1382 595//1382 601//1382
f 759//1383 601//1383 760//1383
f 760//1384 601//1384 600//1384
f 588//1385 587//1385 891//1385
f 891//1386 587//1386 598//1386
f 891//1387 598//1387 597//1387
f 892//1388 591//1388 891//1388
f 891//1389 591//1389 590//1389
f 891//1390 590//1390 588//1390
f 893//1391 593//1391 592//1391
f 894//1392 579//1392 584//1392
f 894//1393 584//1393 893//1393
f 893//1394 584//1394 586//1394
f 893//1395 586//1395 593//1395
f 573//1396 583//1396 895//1396
f 895//1397 583//1397 582//1397
f 895//1398 582//1398 894//1398
f 894//1399 582//1399 580//1399
f 894//1400 580//1400 579//1400
f 896//1401 577//1401 575//1401
f 896//1402 575//1402 895//1402
f 895//1403 575//1403 574//1403
f 895//1404 574//1404 573//1404
f 897//1405 568//1405 896//1405
f 896//1406 568//1406 578//1406
f 896//1407 578//1407 577//1407
f 563//1408 562//1408 898//1408
f 898//1409 562//1409 570//1409
f 898//1410 570//1410 897//1410
f 897//1411 570//1411 569//1411
f 897//1412 569//1412 568//1412
f 557//1413 556//1413 899//1413
f 899//1414 556//1414 566//1414
f 899//1415 566//1415 898//1415
f 898//1416 566//1416 565//1416
f 898//1417 565//1417 563//1417
f 557//1418 899//1418 559//1418
f 559//1419 899//1419 900//1419
f 559//1420 900//1420 560//1420
f 553//1421 548//1421 901//1421
f 901//1422 548//1422 550//1422
f 901//1423 550//1423 900//1423
f 900//1424 550//1424 552//1424
f 900//1425 552//1425 560//1425
f 553//1426 901//1426 554//1426
f 554//1427 901//1427 902//1427
f 554//1428 902//1428 555//1428
f 387//1429 547//1429 903//1429
f 903//1430 547//1430 385//1430
f 903//1431 385//1431 902//1431
f 902//1432 385//1432 384//1432
f 902//1433 384//1433 555//1433
f 387//1434 903//1434 388//1434
f 388//1435 903//1435 904//1435
f 388//1436 904//1436 544//1436
f 541//1437 543//1437 905//1437
f 905//1438 543//1438 546//1438
f 905//1439 546//1439 904//1439
f 904//1440 546//1440 545//1440
f 904//1441 545//1441 544//1441
f 541//1442 905//1442 536//1442
f 536//1443 905//1443 906//1443
f 536//1444 906//1444 537//1444
f 535//1445 534//1445 769//1445
f 769//1446 534//1446 540//1446
f 769//1447 540//1447 906//1447
f 906//1448 540//1448 539//1448
f 906//1449 539//1449 537//1449
f 390//1450 769//1450 391//1450
f 391//1451 769//1451 907//1451
f 391//1452 907//1452 528//1452
f 654//1453 532//1453 908//1453
f 908//1454 532//1454 531//1454
f 908//1455 531//1455 907//1455
f 907//1456 531//1456 529//1456
f 907//1452 529//1452 528//1452
f 654//1457 908//1457 523//1457
f 523//1458 908//1458 909//1458
f 523//1459 909//1459 524//1459
f 524//1460 909//1460 526//1460
f 526//1461 909//1461 910//1461
f 526//1462 910//1462 527//1462
f 519//1463 517//1463 911//1463
f 911//1464 517//1464 516//1464
f 911//1465 516//1465 912//1465
f 912//1466 516//1466 522//1466
f 912//1467 522//1467 910//1467
f 910//1468 522//1468 521//1468
f 910//1469 521//1469 527//1469
f 519//1470 911//1470 725//1470
f 725//1471 911//1471 913//1471
f 725//1472 913//1472 512//1472
f 508//1473 507//1473 914//1473
f 914//1474 507//1474 515//1474
f 914//1475 515//1475 913//1475
f 913//1476 515//1476 513//1476
f 913//1477 513//1477 512//1477
f 915//1478 502//1478 511//1478
f 915//1479 511//1479 914//1479
f 914//1480 511//1480 510//1480
f 914//1481 510//1481 508//1481
f 916//1482 506//1482 505//1482
f 916//1483 505//1483 915//1483
f 915//1484 505//1484 503//1484
f 915//1485 503//1485 502//1485
f 500//1486 499//1486 917//1486
f 917//1487 499//1487 394//1487
f 917//1488 394//1488 916//1488
f 916//1489 394//1489 393//1489
f 916//1490 393//1490 506//1490
f 500//1491 917//1491 501//1491
f 501//1492 917//1492 918//1492
f 501//1493 918//1493 495//1493
f 492//1494 498//1494 783//1494
f 783//1495 498//1495 497//1495
f 783//1496 497//1496 918//1496
f 918//1497 497//1497 496//1497
f 918//1498 496//1498 495//1498
f 792//1499 780//1499 790//1499
f 790//1500 780//1500 782//1500
f 790//1501 782//1501 919//1501
f 919//1502 782//1502 920//1502
f 919//1503 920//1503 921//1503
f 921//1504 920//1504 922//1504
f 921//1505 922//1505 923//1505
f 923//1506 922//1506 924//1506
f 923//1507 924//1507 925//1507
f 925//1508 924//1508 926//1508
f 925//1509 926//1509 927//1509
f 927//1510 926//1510 928//1510
f 927//1511 928//1511 929//1511
f 929//1512 928//1512 930//1512
f 929//1513 930//1513 931//1513
f 931//1514 930//1514 932//1514
f 931//1515 932//1515 933//1515
f 933//1516 932//1516 934//1516
f 933//1517 934//1517 935//1517
f 935//1518 934//1518 936//1518
f 935//1519 936//1519 937//1519
f 937//1520 936//1520 938//1520
f 937//1521 938//1521 939//1521
f 939//1522 938//1522 940//1522
f 939//1523 940//1523 941//1523
f 941//1524 940//1524 942//1524
f 941//1525 942//1525 943//1525
f 943//1526 942//1526 944//1526
f 943//1527 944//1527 945//1527
f 945//1528 944//1528 946//1528
f 945//1529 946//1529 947//1529
f 947//1530 946//1530 948//1530
f 947//1531 948//1531 949//1531
f 949//1532 948//1532 950//1532
f 949//1533 950//1533 951//1533
f 951//1534 950//1534 952//1534
f 951//1535 952//1535 953//1535
f 953//1536 952//1536 954//1536
f 953//1537 954//1537 955//1537
f 955//1538 954//1538 956//1538
f 955//1539 956//1539 957//1539
f 958//1540 959//1540 960//1540
f 960//1541 959//1541 961//1541
f 960//1542 961//1542 962//1542
f 962//1543 961//1543 963//1543
f 962//1544 963//1544 964//1544
f 964//1545 963//1545 965//1545
f 964//1546 965//1546 966//1546
f 966//1547 965//1547 967//1547
f 966//1548 967//1548 968//1548
f 968//1549 967//1549 969//1549
f 968//1550 969//1550 970//1550
f 970//1551 969//1551 971//1551
f 970//1552 971//1552 972//1552
f 972//1553 971//1553 973//1553
f 972//1554 973//1554 974//1554
f 974//1555 973//1555 975//1555
f 974//1556 975//1556 976//1556
f 976//1557 975//1557 977//1557
f 976//1558 977//1558 978//1558
f 978//1559 977//1559 979//1559
f 978//1560 979//1560 980//1560
f 980//1561 979//1561 981//1561
f 980//1562 981//1562 982//1562
f 982//1563 981//1563 983//1563
f 982//1564 983//1564 984//1564
f 984//1565 983//1565 985//1565
f 984//1566 985//1566 986//1566
f 986//1567 985//1567 987//1567
f 986//1568 987//1568 988//1568
f 988//1569 987//1569 989//1569
f 988//1570 989//1570 990//1570
f 990//1571 989//1571 991//1571
f 990//1572 991//1572 992//1572
f 992//1573 991//1573 993//1573
f 992//1574 993//1574 994//1574
f 994//1575 993//1575 995//1575
f 994//1576 995//1576 996//1576
f 996//1577 995//1577 997//1577
f 996//1578 997//1578 998//1578
f 998//1579 997//1579 999//1579
f 998//1580 999//1580 1000//1580
f 1000//1581 999//1581 1001//1581
f 1000//1582 1001//1582 1002//1582
f 1002//1583 1001//1583 1003//1583
f 1002//1584 1003//1584 1004//1584
f 1004//1585 1003//1585 1005//1585
f 1004//1586 1005//1586 1006//1586
f 1006//1587 1005//1587 1007//1587
f 1006//1588 1007//1588 1008//1588
f 1009//1589 958//1589 1010//1589
f 1010//1590 958//1590 960//1590
f 1010//1591 960//1591 1011//1591
f 1011//1592 960//1592 962//1592
f 1011//1593 962//1593 1012//1593
f 1012//1594 962//1594 964//1594
f 1012//1595 964//1595 1013//1595
f 1013//1596 964//1596 966//1596
f 1013//1597 966//1597 1014//1597
f 1014//1598 966//1598 968//1598
f 1014//1599 968//1599 1015//1599
f 1015//1600 968//1600 970//1600
f 1015//1601 970//1601 1016//1601
f 1016//1602 970//1602 972//1602
f 1016//1603 972//1603 1017//1603
f 1017//1604 972//1604 974//1604
f 1017//1605 974//1605 1018//1605
f 1018//1606 974//1606 976//1606
f 1018//1607 976//1607 1019//1607
f 1019//1608 976//1608 978//1608
f 1019//1609 978//1609 1020//1609
f 1020//1610 978//1610 980//1610
f 1020//1611 980//1611 1021//1611
f 1021//1612 980//1612 982//1612
f 1021//1613 982//1613 1022//1613
f 1022//1614 982//1614 984//1614
f 1022//1615 984//1615 1023//1615
f 1023//1616 984//1616 986//1616
f 1023//1617 986//1617 1024//1617
f 1024//1618 986//1618 988//1618
f 1024//1619 988//1619 1025//1619
f 1025//1620 988//1620 990//1620
f 1025//1621 990//1621 1026//1621
f 1026//1622 990//1622 992//1622
f 1026//1623 992//1623 1027//1623
f 1027//1624 992//1624 994//1624
f 1027//1625 994//1625 1028//1625
f 1028//1626 994//1626 996//1626
f 1028//1627 996//1627 1029//1627
f 1029//1628 996//1628 998//1628
f 1029//1629 998//1629 1030//1629
f 1030//1630 998//1630 1000//1630
f 1030//1631 1000//1631 1031//1631
f 1031//1632 1000//1632 1002//1632
f 1031//1633 1002//1633 1032//1633
f 1032//1634 1002//1634 1004//1634
f 1032//1635 1004//1635 768//1635
f 768//1636 1004//1636 1006//1636
f 768//1637 1006//1637 766//1637
f 766//1638 1006//1638 1008//1638
f 766//1639 1008//1639 796//1639
f 1033//1640 1009//1640 1034//1640
f 1034//1641 1009//1641 1010//1641
f 1034//1642 1010//1642 1035//1642
f 1035//1643 1010//1643 1011//1643
f 1035//1644 1011//1644 1036//1644
f 1036//1645 1011//1645 1012//1645
f 1036//1646 1012//1646 1037//1646
f 1037//1647 1012//1647 1013//1647
f 1037//1648 1013//1648 1038//1648
f 1038//1649 1013//1649 1014//1649
f 1038//1650 1014//1650 957//1650
f 957//1651 1014//1651 1015//1651
f 957//1652 1015//1652 955//1652
f 955//1653 1015//1653 1016//1653
f 955//1654 1016//1654 953//1654
f 953//1655 1016//1655 1017//1655
f 953//1656 1017//1656 951//1656
f 951//1657 1017//1657 1018//1657
f 951//1658 1018//1658 949//1658
f 949//1659 1018//1659 1019//1659
f 949//1660 1019//1660 947//1660
f 947//1661 1019//1661 1020//1661
f 947//1662 1020//1662 945//1662
f 945//1663 1020//1663 1021//1663
f 945//1664 1021//1664 943//1664
f 943//1665 1021//1665 1022//1665
f 943//1666 1022//1666 941//1666
f 941//1667 1022//1667 1023//1667
f 941//1668 1023//1668 939//1668
f 939//1669 1023//1669 1024//1669
f 939//1670 1024//1670 937//1670
f 937//1671 1024//1671 1025//1671
f 937//1672 1025//1672 935//1672
f 935//1673 1025//1673 1026//1673
f 935//1674 1026//1674 933//1674
f 933//1675 1026//1675 1027//1675
f 933//1676 1027//1676 931//1676
f 931//1677 1027//1677 1028//1677
f 931//1678 1028//1678 929//1678
f 929//1679 1028//1679 1029//1679
f 929//1680 1029//1680 927//1680
f 927//1681 1029//1681 1030//1681
f 927//1682 1030//1682 925//1682
f 925//1683 1030//1683 1031//1683
f 925//1684 1031//1684 923//1684
f 923//1685 1031//1685 1032//1685
f 923//1686 1032//1686 921//1686
f 921//1687 1032//1687 768//1687
f 921//1688 768//1688 919//1688
f 919//1689 768//1689 767//1689
f 919//1690 767//1690 790//1690
f 790//1691 767//1691 795//1691
f 790//1692 795//1692 791//1692
f 1039//1693 1033//1693 1040//1693
f 1040//1694 1033//1694 1034//1694
f 1040//1695 1034//1695 1041//1695
f 1041//1696 1034//1696 1035//1696
f 1041//1697 1035//1697 1042//1697
f 1042//1698 1035//1698 1036//1698
f 1042//1699 1036//1699 1043//1699
f 1043//1700 1036//1700 1037//1700
f 1043//1701 1037//1701 1044//1701
f 1044//1702 1037//1702 1038//1702
f 1044//1703 1038//1703 1045//1703
f 1045//1704 1038//1704 957//1704
f 1045//1705 957//1705 1046//1705
f 1046//1706 957//1706 956//1706
f 1047//1707 1039//1707 1048//1707
f 1048//1708 1039//1708 1040//1708
f 1048//1709 1040//1709 1049//1709
f 1049//1710 1040//1710 1041//1710
f 1049//1711 1041//1711 1050//1711
f 1050//1712 1041//1712 1042//1712
f 1050//1713 1042//1713 1051//1713
f 1051//1714 1042//1714 1043//1714
f 1051//1715 1043//1715 1052//1715
f 1052//1716 1043//1716 1044//1716
f 1052//1717 1044//1717 1053//1717
f 1053//1718 1044//1718 1045//1718
f 1053//1719 1045//1719 1054//1719
f 1054//1720 1045//1720 1046//1720
f 1054//1721 1046//1721 1055//1721
f 1055//1722 1046//1722 956//1722
f 1055//1723 956//1723 1056//1723
f 1056//1724 956//1724 954//1724
f 1056//1725 954//1725 1057//1725
f 1057//1726 954//1726 952//1726
f 1057//1727 952//1727 1058//1727
f 1058//1728 952//1728 950//1728
f 1058//1729 950//1729 1059//1729
f 1059//1730 950//1730 948//1730
f 1059//1731 948//1731 1060//1731
f 1060//1732 948//1732 946//1732
f 1060//1733 946//1733 1061//1733
f 1061//1734 946//1734 944//1734
f 1061//1735 944//1735 1062//1735
f 1062//1736 944//1736 942//1736
f 1062//1737 942//1737 1063//1737
f 1063//1738 942//1738 940//1738
f 1063//1739 940//1739 1064//1739
f 1064//1740 940//1740 938//1740
f 1064//1741 938//1741 1065//1741
f 1065//1742 938//1742 936//1742
f 1065//1743 936//1743 1066//1743
f 1066//1744 936//1744 934//1744
f 1066//1745 934//1745 1067//1745
f 1067//1746 934//1746 932//1746
f 1067//1747 932//1747 1068//1747
f 1068//1748 932//1748 930//1748
f 1068//1749 930//1749 1069//1749
f 1069//1750 930//1750 928//1750
f 1069//1751 928//1751 1070//1751
f 1070//1752 928//1752 926//1752
f 1070//1753 926//1753 1071//1753
f 1071//1754 926//1754 924//1754
f 1071//1755 924//1755 1072//1755
f 1072//1756 924//1756 922//1756
f 1072//1757 922//1757 1073//1757
f 1073//1758 922//1758 920//1758
f 1073//1759 920//1759 1074//1759
f 1074//1760 920//1760 782//1760
f 1074//1761 782//1761 789//1761
f 789//1762 782//1762 781//1762
f 789//1763 781//1763 787//1763
f 1075//1764 1047//1764 1076//1764
f 1076//1765 1047//1765 1048//1765
f 1076//1766 1048//1766 1077//1766
f 1077//1767 1048//1767 1049//1767
f 1077//1768 1049//1768 1078//1768
f 1078//1769 1049//1769 1050//1769
f 1078//1770 1050//1770 1079//1770
f 1079//1771 1050//1771 1051//1771
f 1079//1772 1051//1772 1080//1772
f 1080//1773 1051//1773 1052//1773
f 1080//1774 1052//1774 1081//1774
f 1081//1775 1052//1775 1053//1775
f 1081//1776 1053//1776 1082//1776
f 1082//1777 1053//1777 1054//1777
f 1082//1778 1054//1778 1083//1778
f 1083//1779 1054//1779 1055//1779
f 1083//1780 1055//1780 1084//1780
f 1084//1781 1055//1781 1056//1781
f 1084//1782 1056//1782 1085//1782
f 1085//1783 1056//1783 1057//1783
f 1085//1784 1057//1784 1086//1784
f 1086//1785 1057//1785 1058//1785
f 1086//1786 1058//1786 1087//1786
f 1087//1787 1058//1787 1059//1787
f 1087//1788 1059//1788 1088//1788
f 1088//1789 1059//1789 1060//1789
f 1088//1790 1060//1790 1089//1790
f 1089//1791 1060//1791 1061//1791
f 1089//1792 1061//1792 1090//1792
f 1090//1793 1061//1793 1062//1793
f 1090//1794 1062//1794 1091//1794
f 1091//1795 1062//1795 1063//1795
f 1091//1796 1063//1796 1092//1796
f 1092//1797 1063//1797 1064//1797
f 1092//1798 1064//1798 1093//1798
f 1093//1799 1064//1799 1065//1799
f 1093//1800 1065//1800 1094//1800
f 1094//1801 1065//1801 1066//1801
f 1094//1802 1066//1802 1095//1802
f 1095//1803 1066//1803 1067//1803
f 1095//1804 1067//1804 1096//1804
f 1096//1805 1067//1805 1068//1805
f 1096//1806 1068//1806 1097//1806
f 1097//1807 1068//1807 1069//1807
f 1097//1808 1069//1808 1098//1808
f 1098//1809 1069//1809 1070//1809
f 1098//1810 1070//1810 1099//1810
f 1099//1811 1070//1811 1071//1811
f 1099//1812 1071//1812 1100//1812
f 1100//1813 1071//1813 1072//1813
f 1100//1814 1072//1814 1101//1814
f 1101//1815 1072//1815 1073//1815
f 1101//1816 1073//1816 1102//1816
f 1102//1817 1073//1817 1074//1817
f 1102//1818 1074//1818 1103//1818
f 1103//1819 1074//1819 789//1819
f 1103//1820 789//1820 1104//1820
f 1104//1821 789//1821 788//1821
f 893//1822 1075//1822 894//1822
f 894//1823 1075//1823 1076//1823
f 894//1824 1076//1824 895//1824
f 895//1825 1076//1825 1077//1825
f 895//1826 1077//1826 896//1826
f 896//1827 1077//1827 1078//1827
f 896//1828 1078//1828 897//1828
f 897//1829 1078//1829 1079//1829
f 897//1830 1079//1830 898//1830
f 898//1831 1079//1831 1080//1831
f 898//1832 1080//1832 899//1832
f 899//1833 1080//1833 1081//1833
f 899//1834 1081//1834 900//1834
f 900//1835 1081//1835 1082//1835
f 900//1836 1082//1836 901//1836
f 901//1837 1082//1837 1083//1837
f 901//1838 1083//1838 902//1838
f 902//1839 1083//1839 1084//1839
f 902//1840 1084//1840 903//1840
f 903//1841 1084//1841 1085//1841
f 903//1842 1085//1842 904//1842
f 904//1843 1085//1843 1086//1843
f 904//1844 1086//1844 905//1844
f 905//1845 1086//1845 1087//1845
f 905//1846 1087//1846 906//1846
f 906//1847 1087//1847 1088//1847
f 906//1848 1088//1848 769//1848
f 769//1849 1088//1849 1089//1849
f 769//1850 1089//1850 907//1850
f 907//1851 1089//1851 1090//1851
f 907//1852 1090//1852 908//1852
f 908//1853 1090//1853 1091//1853
f 908//1854 1091//1854 909//1854
f 909//1855 1091//1855 1092//1855
f 909//1856 1092//1856 910//1856
f 910//1857 1092//1857 1093//1857
f 910//1858 1093//1858 912//1858
f 912//1859 1093//1859 1094//1859
f 912//1860 1094//1860 911//1860
f 911//1861 1094//1861 1095//1861
f 911//1862 1095//1862 913//1862
f 913//1863 1095//1863 1096//1863
f 913//1864 1096//1864 914//1864
f 914//1865 1096//1865 1097//1865
f 914//1866 1097//1866 915//1866
f 915//1867 1097//1867 1098//1867
f 915//1868 1098//1868 916//1868
f 916//1869 1098//1869 1099//1869
f 916//1870 1099//1870 917//1870
f 917//1871 1099//1871 1100//1871
f 917//1872 1100//1872 918//1872
f 918//1873 1100//1873 1101//1873
f 918//1874 1101//1874 783//1874
f 783//1875 1101//1875 1102//1875
f 783//1876 1102//1876 786//1876
f 786//1877 1102//1877 1103//1877
f 786//1878 1103//1878 1105//1878
f 1105//1879 1103//1879 1104//1879
f 1106//1880 1107//1880 1108//1880
f 1108//1881 1107//1881 1109//1881
f 1108//1882 1109//1882 1110//1882
f 1110//1883 1109//1883 1111//1883
f 1110//1884 1111//1884 1112//1884
f 1112//1885 1111//1885 1113//1885
f 1114//1886 762//1886 1115//1886
f 1115//1887 762//1887 760//1887
f 1115//1888 760//1888 770//1888
f 770//1889 760//1889 600//1889
f 770//1890 600//1890 599//1890
f 597//1891 759//1891 891//1891
f 891//1892 759//1892 761//1892
f 891//1893 761//1893 892//1893
f 892//1894 761//1894 762//1894
f 892//1895 762//1895 1113//1895
f 1113//1896 762//1896 1114//1896
f 1113//1897 1114//1897 1112//1897
f 1116//1898 1117//1898 1118//1898
f 1119//1899 774//1899 1120//1899
f 1120//1900 774//1900 776//1900
f 1120//1901 776//1901 1121//1901
f 1121//1902 776//1902 845//1902
f 1121//1903 845//1903 844//1903
f 844//1904 845//1904 31//1904
f 844//1905 31//1905 29//1905
f 119//1906 121//1906 850//1906
f 850//1907 121//1907 845//1907
f 850//1908 845//1908 848//1908
f 848//1909 845//1909 776//1909
f 848//1910 776//1910 846//1910
f 846//1911 776//1911 775//1911
f 763//1912 765//1912 1122//1912
f 1122//1913 765//1913 1123//1913
f 1122//1914 1123//1914 1124//1914
f 1124//1915 1123//1915 1125//1915
f 1124//1916 1125//1916 1126//1916
f 1126//1917 1125//1917 1127//1917
f 1126//1918 1127//1918 1128//1918
f 1128//1919 1127//1919 1129//1919
f 1128//1920 1129//1920 1130//1920
f 1130//1921 1129//1921 1131//1921
f 1130//1922 1131//1922 1132//1922
f 1132//1923 1131//1923 1133//1923
f 1132//1924 1133//1924 1134//1924
f 1135//1925 757//1925 1136//1925
f 1136//1926 757//1926 756//1926
f 1136//1927 756//1927 1137//1927
f 851//1928 1135//1928 855//1928
f 855//1929 1135//1929 1136//1929
f 855//1930 1136//1930 857//1930
f 857//1931 1136//1931 1137//1931
f 857//1932 1137//1932 862//1932
f 867//1933 860//1933 865//1933
f 865//1934 860//1934 862//1934
f 865//1935 862//1935 1138//1935
f 1138//1936 862//1936 1137//1936
f 1138//1937 1137//1937 1139//1937
f 1139//1938 1137//1938 756//1938
f 1139//1939 756//1939 1140//1939
f 1140//1940 756//1940 758//1940
f 1140//1941 758//1941 1141//1941
f 1141//1942 758//1942 1142//1942
f 1141//1943 1142//1943 1143//1943
f 1143//1944 1142//1944 1144//1944
f 1143//1945 1144//1945 1145//1945
f 1145//1946 1144//1946 1146//1946
f 1145//1947 1146//1947 1147//1947
f 1147//1948 1146//1948 1148//1948
f 1147//1949 1148//1949 1149//1949
f 1149//1950 1148//1950 1150//1950
f 1149//1951 1150//1951 1151//1951
f 1151//1952 1150//1952 1152//1952
f 1151//1953 1152//1953 1153//1953
f 1153//1954 1152//1954 1154//1954
f 1153//1955 1154//1955 1155//1955
f 770//1956 764//1956 1115//1956
f 1115//1957 764//1957 763//1957
f 1115//1958 763//1958 1114//1958
f 1114//1959 763//1959 1122//1959
f 1114//1960 1122//1960 1112//1960
f 1112//1961 1122//1961 1124//1961
f 1112//1962 1124//1962 1110//1962
f 1110//1963 1124//1963 1126//1963
f 1110//1964 1126//1964 1108//1964
f 1108//1965 1126//1965 1128//1965
f 1108//1966 1128//1966 1106//1966
f 1106//1967 1128//1967 1130//1967
f 1106//1968 1130//1968 1156//1968
f 1156//1969 1130//1969 1132//1969
f 1156//1970 1132//1970 1157//1970
f 1157//1971 1132//1971 1134//1971
f 1157//1972 1134//1972 1158//1972
f 811//1973 1159//1973 809//1973
f 809//1974 1159//1974 1160//1974
f 809//1975 1160//1975 807//1975
f 807//1976 1160//1976 1161//1976
f 807//1977 1161//1977 1162//1977
f 1162//1978 1161//1978 1163//1978
f 1162//1979 1163//1979 1164//1979
f 1164//1980 1163//1980 1165//1980
f 1164//1981 1165//1981 1166//1981
f 1166//1982 1165//1982 1167//1982
f 1166//1983 1167//1983 1168//1983
f 1168//1984 1167//1984 1169//1984
f 1168//1985 1169//1985 1170//1985
f 1170//1986 1169//1986 1171//1986
f 1170//1987 1171//1987 1172//1987
f 812//1988 808//1988 813//1988
f 813//1989 808//1989 807//1989
f 813//1990 807//1990 815//1990
f 815//1991 807//1991 1162//1991
f 815//1992 1162//1992 816//1992
f 816//1993 1162//1993 1164//1993
f 816//1994 1164//1994 817//1994
f 817//1995 1164//1995 1166//1995
f 817//1996 1166//1996 818//1996
f 818//1997 1166//1997 1168//1997
f 818//1998 1168//1998 819//1998
f 819//1999 1168//1999 1170//1999
f 819//2000 1170//2000 820//2000
f 820//2001 1170//2001 1172//2001
f 820//2002 1172//2002 821//2002
f 1117//2003 1116//2003 1173//2003
f 1173//2004 1116//2004 1174//2004
f 1173//2005 1174//2005 1175//2005
f 1175//2006 1174//2006 1176//2006
f 1175//2007 1176//2007 1177//2007
f 1177//2008 1176//2008 1178//2008
f 1177//2009 1178//2009 1179//2009
f 1179//2010 1178//2010 1180//2010
f 1179//2011 1180//2011 1181//2011
f 1181//2012 1180//2012 1182//2012
f 1181//2013 1182//2013 1183//2013
f 1183//2014 1182//2014 1184//2014
f 1183//2015 1184//2015 1185//2015
f 1185//2016 1184//2016 1186//2016
f 1185//2017 1186//2017 1187//2017
f 1187//2018 1186//2018 1188//2018
f 1187//2019 1188//2019 1189//2019
f 1189//2020 1188//2020 1190//2020
f 1189//2021 1190//2021 1191//2021
f 1191//2022 1190//2022 1192//2022
f 1191//2023 1192//2023 1193//2023
f 1193//2024 1192//2024 1194//2024
f 1193//2025 1194//2025 1195//2025
f 1195//2026 1194//2026 1196//2026
f 1195//2027 1196//2027 1197//2027
f 1197//2028 1196//2028 1198//2028
f 1197//2029 1198//2029 1199//2029
f 1199//2030 1198//2030 1200//2030
f 1199//2031 1200//2031 1201//2031
f 1201//2032 1200//2032 1202//2032
f 1201//2033 1202//2033 1203//2033
f 1203//2034 1202//2034 1204//2034
f 1203//2035 1204//2035 1205//2035
f 1205//2036 1204//2036 1206//2036
f 1205//2037 1206//2037 1207//2037
f 1207//2038 1206//2038 1208//2038
f 1207//2039 1208//2039 1209//2039
f 1209//2040 1208//2040 1210//2040
f 1209//2041 1210//2041 1211//2041
f 1211//2042 1210//2042 1212//2042
f 1211//2043 1212//2043 1213//2043
f 1213//2044 1212//2044 1214//2044
f 1213//2045 1214//2045 1215//2045
f 1215//2046 1214//2046 1216//2046
f 1215//2047 1216//2047 1217//2047
f 1217//2048 1216//2048 1218//2048
f 1217//2049 1218//2049 1219//2049
f 1219//2050 1218//2050 1220//2050
f 1219//2051 1220//2051 1221//2051
f 1171//2052 1221//2052 1172//2052
f 1172//2053 1221//2053 1220//2053
f 1172//2054 1220//2054 821//2054
f 821//2055 1220//2055 1218//2055
f 821//2056 1218//2056 822//2056
f 822//2057 1218//2057 1216//2057
f 822//2058 1216//2058 823//2058
f 823//2059 1216//2059 1214//2059
f 823//2060 1214//2060 824//2060
f 824//2061 1214//2061 1212//2061
f 824//2062 1212//2062 825//2062
f 825//2063 1212//2063 1210//2063
f 825//2064 1210//2064 826//2064
f 826//2065 1210//2065 1208//2065
f 826//2066 1208//2066 827//2066
f 827//2067 1208//2067 1206//2067
f 827//2068 1206//2068 828//2068
f 828//2069 1206//2069 1204//2069
f 828//2070 1204//2070 829//2070
f 829//2071 1204//2071 1202//2071
f 829//2072 1202//2072 830//2072
f 830//2073 1202//2073 1200//2073
f 830//2074 1200//2074 831//2074
f 831//2075 1200//2075 1198//2075
f 831//2076 1198//2076 832//2076
f 832//2077 1198//2077 1196//2077
f 832//2078 1196//2078 833//2078
f 833//2079 1196//2079 1194//2079
f 833//2080 1194//2080 834//2080
f 834//2081 1194//2081 1192//2081
f 834//2082 1192//2082 835//2082
f 835//2083 1192//2083 1190//2083
f 835//2084 1190//2084 836//2084
f 836//2085 1190//2085 1188//2085
f 836//2086 1188//2086 837//2086
f 837//2087 1188//2087 1186//2087
f 837//2088 1186//2088 838//2088
f 838//2089 1186//2089 1184//2089
f 838//2090 1184//2090 839//2090
f 839//2091 1184//2091 1182//2091
f 839//2092 1182//2092 840//2092
f 840//2093 1182//2093 1180//2093
f 840//2094 1180//2094 841//2094
f 841//2095 1180//2095 1178//2095
f 841//2096 1178//2096 842//2096
f 842//2097 1178//2097 1176//2097
f 842//2098 1176//2098 843//2098
f 843//2099 1176//2099 1174//2099
f 843//2100 1174//2100 844//2100
f 844//2101 1174//2101 1116//2101
f 844//2102 1116//2102 1121//2102
f 1121//2103 1116//2103 1118//2103
f 1121//2104 1118//2104 1120//2104
f 1222//2105 1223//2105 1224//2105
f 1224//2106 1223//2106 1225//2106
f 1224//2107 1225//2107 1226//2107
f 1226//2108 1225//2108 1227//2108
f 1226//2109 1227//2109 1228//2109
f 1228//2110 1227//2110 1229//2110
f 1228//2111 1229//2111 1230//2111
f 1230//2112 1229//2112 1231//2112
f 1230//2113 1231//2113 1232//2113
f 1232//2114 1231//2114 1233//2114
f 1232//2115 1233//2115 1234//2115
f 1234//2116 1233//2116 1235//2116
f 1234//2117 1235//2117 1236//2117
f 1236//2118 1235//2118 1237//2118
f 1236//2119 1237//2119 1238//2119
f 1238//2120 1237//2120 1239//2120
f 1238//2121 1239//2121 1240//2121
f 1240//2122 1239//2122 1241//2122
f 1240//2123 1241//2123 1242//2123
f 1242//2124 1241//2124 1243//2124
f 1242//2125 1243//2125 1244//2125
f 1244//2126 1243//2126 1245//2126
f 1244//2127 1245//2127 1246//2127
f 1246//2128 1245//2128 1247//2128
f 1246//2129 1247//2129 1248//2129
f 1248//2130 1247//2130 1249//2130
f 1248//2131 1249//2131 1250//2131
f 1250//2132 1249//2132 1251//2132
f 1250//2133 1251//2133 1252//2133
f 1252//2134 1251//2134 1253//2134
f 1252//2135 1253//2135 1254//2135
f 1254//2136 1253//2136 1255//2136
f 1254//2137 1255//2137 1256//2137
f 1256//2138 1255//2138 1257//2138
f 1256//2139 1257//2139 1258//2139
f 1258//2140 1257//2140 1259//2140
f 1258//2141 1259//2141 1260//2141
f 1260//2142 1259//2142 1155//2142
f 1260//2143 1155//2143 1261//2143
f 1261//2144 1155//2144 1154//2144
f 1133//2145 1262//2145 1134//2145
f 1134//2146 1262//2146 1263//2146
f 1134//2147 1263//2147 1158//2147
f 1158//2148 1263//2148 1264//2148
f 1158//2149 1264//2149 1265//2149
f 1265//2150 1264//2150 1266//2150
f 1265//2151 1266//2151 1267//2151
f 1267//2152 1266//2152 1268//2152
f 1267//2153 1268//2153 1269//2153
f 1269//2154 1268//2154 1270//2154
f 1269//2155 1270//2155 1271//2155
f 1271//2156 1270//2156 1272//2156
f 1271//2157 1272//2157 1273//2157
f 1273//2158 1272//2158 1274//2158
f 1273//2159 1274//2159 1275//2159
f 1275//2160 1274//2160 1276//2160
f 1275//2161 1276//2161 1277//2161
f 1277//2162 1276//2162 1278//2162
f 1277//2163 1278//2163 1279//2163
f 1279//2164 1278//2164 1280//2164
f 1279//2165 1280//2165 1281//2165
f 1281//2166 1280//2166 1282//2166
f 1281//2167 1282//2167 1283//2167
f 1283//2168 1282//2168 1284//2168
f 1283//2169 1284//2169 1285//2169
f 1285//2170 1284//2170 1286//2170
f 1285//2171 1286//2171 1287//2171
f 1287//2172 1286//2172 1288//2172
f 1287//2173 1288//2173 1289//2173
f 1289//2174 1288//2174 1290//2174
f 1289//2175 1290//2175 1291//2175
f 1291//2176 1290//2176 1292//2176
f 1291//2177 1292//2177 1293//2177
f 1293//2178 1292//2178 1294//2178
f 1293//2179 1294//2179 1295//2179
f 1295//2180 1294//2180 1296//2180
f 1295//2181 1296//2181 1297//2181
f 1297//2182 1296//2182 1298//2182
f 1297//2183 1298//2183 1299//2183
f 1299//2184 1298//2184 1300//2184
f 1299//2185 1300//2185 1301//2185
f 1301//2186 1300//2186 1302//2186
f 1301//2187 1302//2187 1303//2187
f 1303//2188 1302//2188 1304//2188
f 1303//2189 1304//2189 1305//2189
f 1305//2190 1304//2190 1306//2190
f 1305//2191 1306//2191 1307//2191
f 1307//2192 1306//2192 1308//2192
f 1307//2193 1308//2193 1309//2193
f 1309//2194 1308//2194 1310//2194
f 1309//2195 1310//2195 1311//2195
f 1311//2196 1310//2196 1312//2196
f 1311//2197 1312//2197 779//2197
f 779//2198 1312//2198 806//2198
f 779//2199 806//2199 777//2199
f 777//2200 806//2200 805//2200
f 771//2201 773//2201 770//2201
f 770//2202 773//2202 883//2202
f 770//2203 883//2203 764//2203
f 764//2204 883//2204 885//2204
f 764//2205 885//2205 765//2205
f 765//2206 885//2206 878//2206
f 765//2207 878//2207 1123//2207
f 1123//2208 878//2208 880//2208
f 1123//2209 880//2209 1125//2209
f 1125//2210 880//2210 873//2210
f 1125//2211 873//2211 1127//2211
f 1127//2212 873//2212 868//2212
f 1127//2213 868//2213 1129//2213
f 1129//2214 868//2214 865//2214
f 1129//2215 865//2215 1131//2215
f 1131//2216 865//2216 1138//2216
f 1131//2217 1138//2217 1133//2217
f 1133//2218 1138//2218 1139//2218
f 1133//2219 1139//2219 1262//2219
f 1262//2220 1139//2220 1140//2220
f 1262//2221 1140//2221 1263//2221
f 1263//2222 1140//2222 1141//2222
f 1263//2223 1141//2223 1264//2223
f 1264//2224 1141//2224 1143//2224
f 1264//2225 1143//2225 1266//2225
f 1266//2226 1143//2226 1145//2226
f 1266//2227 1145//2227 1268//2227
f 1268//2228 1145//2228 1147//2228
f 1268//2229 1147//2229 1270//2229
f 1270//2230 1147//2230 1149//2230
f 1270//2231 1149//2231 1272//2231
f 1272//2232 1149//2232 1151//2232
f 1272//2233 1151//2233 1274//2233
f 1274//2234 1151//2234 1153//2234
f 1274//2235 1153//2235 1276//2235
f 1276//2236 1153//2236 1155//2236
f 1276//2237 1155//2237 1278//2237
f 1278//2238 1155//2238 1259//2238
f 1278//2239 1259//2239 1280//2239
f 1280//2240 1259//2240 1257//2240
f 1280//2241 1257//2241 1282//2241
f 1282//2242 1257//2242 1255//2242
f 1282//2243 1255//2243 1284//2243
f 1284//2244 1255//2244 1253//2244
f 1284//2245 1253//2245 1286//2245
f 1286//2246 1253//2246 1251//2246
f 1286//2247 1251//2247 1288//2247
f 1288//2248 1251//2248 1249//2248
f 1288//2249 1249//2249 1290//2249
f 1290//2250 1249//2250 1247//2250
f 1290//2251 1247//2251 1292//2251
f 1292//2252 1247//2252 1245//2252
f 1292//2253 1245//2253 1294//2253
f 1294//2254 1245//2254 1243//2254
f 1294//2255 1243//2255 1296//2255
f 1296//2256 1243//2256 1241//2256
f 1296//2257 1241//2257 1298//2257
f 1298//2258 1241//2258 1239//2258
f 1298//2259 1239//2259 1300//2259
f 1300//2260 1239//2260 1237//2260
f 1300//2261 1237//2261 1302//2261
f 1302//2262 1237//2262 1235//2262
f 1302//2263 1235//2263 1304//2263
f 1304//2264 1235//2264 1233//2264
f 1304//2265 1233//2265 1306//2265
f 1306//2266 1233//2266 1231//2266
f 1306//2267 1231//2267 1308//2267
f 1308//2268 1231//2268 1229//2268
f 1308//2269 1229//2269 1310//2269
f 1310//2270 1229//2270 1227//2270
f 1310//2271 1227//2271 1312//2271
f 1312//2272 1227//2272 1225//2272
f 1312//2273 1225//2273 806//2273
f 806//2274 1225//2274 1223//2274
f 806//2275 1223//2275 804//2275
f 804//2276 1223//2276 1222//2276
f 804//2277 1222//2277 802//2277
f 1160//2278 800//2278 1161//2278
f 1161//2279 800//2279 802//2279
f 1161//2280 802//2280 1163//2280
f 1163//2281 802//2281 1222//2281
f 1163//2282 1222//2282 1165//2282
f 1165//2283 1222//2283 1224//2283
f 1165//2284 1224//2284 1167//2284
f 1167//2285 1224//2285 1226//2285
f 1167//2286 1226//2286 1169//2286
f 1169//2287 1226//2287 1228//2287
f 1169//2288 1228//2288 1171//2288
f 1171//2289 1228//2289 1230//2289
f 1171//2290 1230//2290 1221//2290
f 1221//2291 1230//2291 1232//2291
f 1221//2292 1232//2292 1219//2292
f 1219//2293 1232//2293 1234//2293
f 1219//2294 1234//2294 1217//2294
f 1217//2295 1234//2295 1236//2295
f 1217//2296 1236//2296 1215//2296
f 1215//2297 1236//2297 1238//2297
f 1215//2298 1238//2298 1213//2298
f 1213//2299 1238//2299 1240//2299
f 1213//2300 1240//2300 1211//2300
f 1211//2301 1240//2301 1242//2301
f 1211//2302 1242//2302 1209//2302
f 1209//2303 1242//2303 1244//2303
f 1209//2304 1244//2304 1207//2304
f 1207//2305 1244//2305 1246//2305
f 1207//2306 1246//2306 1205//2306
f 1205//2307 1246//2307 1248//2307
f 1205//2308 1248//2308 1203//2308
f 1203//2309 1248//2309 1250//2309
f 1203//2310 1250//2310 1201//2310
f 1201//2311 1250//2311 1252//2311
f 1201//2312 1252//2312 1199//2312
f 1199//2313 1252//2313 1254//2313
f 1199//2314 1254//2314 1197//2314
f 1197//2315 1254//2315 1256//2315
f 1197//2316 1256//2316 1195//2316
f 1195//2317 1256//2317 1258//2317
f 1195//2318 1258//2318 1193//2318
f 1193//2319 1258//2319 1260//2319
f 1193//2320 1260//2320 1191//2320
f 1191//2321 1260//2321 1261//2321
f 1191//2322 1261//2322 1189//2322
f 1189//2323 1261//2323 1154//2323
f 1189//2324 1154//2324 1187//2324
f 1187//2325 1154//2325 1152//2325
f 1187//2326 1152//2326 1185//2326
f 1185//2327 1152//2327 1150//2327
f 1185//2328 1150//2328 1183//2328
f 1183//2329 1150//2329 1148//2329
f 1183//2330 1148//2330 1181//2330
f 1181//2331 1148//2331 1146//2331
f 1181//2332 1146//2332 1179//2332
f 1179//2333 1146//2333 1144//2333
f 1179//2334 1144//2334 1177//2334
f 1177//2335 1144//2335 1142//2335
f 1177//2336 1142//2336 1175//2336
f 1175//2337 1142//2337 758//2337
f 1175//2338 758//2338 1173//2338
f 1173//2339 758//2339 757//2339
f 1173//2340 757//2340 1117//2340
f 1117//2341 757//2341 1135//2341
f 1117//2342 1135//2342 1118//2342
f 1118//2343 1135//2343 851//2343
f 1118//2344 851//2344 1120//2344
f 1120//2345 851//2345 853//2345
f 1120//2346 853//2346 1119//2346
f 778//2347 796//2347 779//2347
f 779//2348 796//2348 1008//2348
f 779//2349 1008//2349 1311//2349
f 1311//2350 1008//2350 1007//2350
f 1311//2351 1007//2351 1309//2351
f 1309//2352 1007//2352 1005//2352
f 1309//2353 1005//2353 1307//2353
f 1307//2354 1005//2354 1003//2354
f 1307//2355 1003//2355 1305//2355
f 1305//2356 1003//2356 1001//2356
f 1305//2357 1001//2357 1303//2357
f 1303//2358 1001//2358 999//2358
f 1303//2359 999//2359 1301//2359
f 1301//2360 999//2360 997//2360
f 1301//2361 997//2361 1299//2361
f 1299//2362 997//2362 995//2362
f 1299//2363 995//2363 1297//2363
f 1297//2364 995//2364 993//2364
f 1297//2365 993//2365 1295//2365
f 1295//2366 993//2366 991//2366
f 1295//2367 991//2367 1293//2367
f 1293//2368 991//2368 989//2368
f 1293//2369 989//2369 1291//2369
f 1291//2370 989//2370 987//2370
f 1291//2371 987//2371 1289//2371
f 1289//2372 987//2372 985//2372
f 1289//2373 985//2373 1287//2373
f 1287//2374 985//2374 983//2374
f 1287//2375 983//2375 1285//2375
f 1285//2376 983//2376 981//2376
f 1285//2377 981//2377 1283//2377
f 1283//2378 981//2378 979//2378
f 1283//2379 979//2379 1281//2379
f 1281//2380 979//2380 977//2380
f 1281//2381 977//2381 1279//2381
f 1279//2382 977//2382 975//2382
f 1279//2383 975//2383 1277//2383
f 1277//2384 975//2384 973//2384
f 1277//2385 973//2385 1275//2385
f 1275//2386 973//2386 971//2386
f 1275//2387 971//2387 1273//2387
f 1273//2388 971//2388 969//2388
f 1273//2389 969//2389 1271//2389
f 1271//2390 969//2390 967//2390
f 1271//2391 967//2391 1269//2391
f 1269//2392 967//2392 965//2392
f 1269//2393 965//2393 1267//2393
f 1267//2394 965//2394 963//2394
f 1267//2395 963//2395 1265//2395
f 1265//2396 963//2396 961//2396
f 1265//2397 961//2397 1158//2397
f 1158//2398 961//2398 959//2398
f 1158//2399 959//2399 1157//2399
f 1157//2400 959//2400 958//2400
f 1157//2401 958//2401 1156//2401
f 1156//2402 958//2402 1009//2402
f 1156//2403 1009//2403 1106//2403
f 1106//2404 1009//2404 1033//2404
f 1106//2405 1033//2405 1107//2405
f 1107//2406 1033//2406 1039//2406
f 1107//2407 1039//2407 1109//2407
f 1109//2408 1039//2408 1047//2408
f 1109//2409 1047//2409 1111//2409
f 1111//2410 1047//2410 1075//2410
f 1111//2411 1075//2411 1113//2411
f 1113//2412 1075//2412 893//2412
f 1113//2413 893//2413 892//2413
f 892//2414 893//2414 592//2414
f 892//2415 592//2415 591//2415
