# Blender 4.5.10 LTS
# www.blender.org
mtllib converted_link_2_orange_ff6c0aff.mtl
o converted_link_2_orange_ff6c0aff
v -0.019417 0.073977 0.004090
v -0.023183 0.075114 -0.000569
v -0.025726 0.076076 0.004663
v -0.013777 0.047033 0.070787
v -0.013750 0.047033 0.070775
v -0.015582 0.050667 0.067957
v 0.004004 0.046913 0.060735
v 0.007002 0.046880 0.058486
v 0.004595 0.050137 0.055688
v 0.027552 0.046369 0.031218
v 0.028087 0.046334 0.029617
v 0.021272 0.052227 0.024196
v -0.038230 0.079548 0.001745
v -0.038369 0.079651 0.004169
v -0.035402 0.078719 -0.000103
v -0.038588 0.079811 0.007992
v -0.038877 0.079770 0.013030
v -0.035463 0.078974 0.009300
v -0.041077 0.071068 0.051502
v -0.040882 0.071062 0.051422
v -0.041052 0.071263 0.051063
v -0.041352 0.068568 0.056310
v -0.041368 0.068399 0.056586
v -0.038979 0.068277 0.055622
v -0.041609 0.065831 0.060803
v -0.041642 0.065435 0.061370
v -0.037124 0.065245 0.059658
v -0.041844 0.062965 0.064896
v -0.041899 0.062196 0.065859
v -0.035321 0.061980 0.063511
v -0.042292 0.056294 0.072715
v -0.042364 0.054993 0.073973
v -0.039231 0.054961 0.073054
v -0.036540 0.047078 0.079103
v -0.036457 0.047077 0.079080
v -0.037789 0.051031 0.076239
v -0.042683 0.048723 0.079575
v -0.042756 0.047086 0.080845
v -0.042353 0.047085 0.080738
v -0.042570 0.051061 0.077587
v -0.042491 0.052684 0.076206
v -0.033574 0.058495 0.067166
v -0.041954 0.061432 0.066815
v -0.040732 0.058699 0.069640
v -0.042075 0.059750 0.068919
v -0.042140 0.058711 0.070061
v -0.041091 0.070958 0.051749
v -0.040816 0.073101 0.046943
v -0.034687 0.070617 0.048498
v -0.040768 0.073414 0.046098
v -0.040441 0.075438 0.040372
v -0.040524 0.074996 0.041836
v -0.036845 0.073103 0.044126
v -0.040255 0.076414 0.037143
v -0.039044 0.075328 0.039628
v -0.040238 0.076505 0.036841
v -0.033529 0.074718 0.036270
v -0.040092 0.077115 0.034288
v -0.039721 0.078425 0.027790
v -0.039952 0.077705 0.031828
v -0.035989 0.076631 0.031643
v -0.039630 0.078707 0.026206
v -0.038480 0.078274 0.026928
v -0.039557 0.078856 0.024932
v -0.033757 0.077504 0.023134
v -0.039320 0.079343 0.020786
v -0.032438 0.077956 0.014146
v -0.038939 0.079761 0.014126
v -0.036513 0.078833 0.018338
v -0.038964 0.079757 0.014568
v -0.039286 0.079412 0.020200
v -0.032819 0.077678 -0.004925
v -0.037847 0.078968 -0.004940
v -0.037916 0.079072 -0.003747
v -0.036980 0.076716 -0.020109
v -0.037115 0.077105 -0.017766
v -0.034589 0.077000 -0.014750
v -0.037436 0.078041 -0.012147
v -0.036381 0.078094 -0.009751
v -0.037490 0.078163 -0.011197
v -0.037731 0.078705 -0.006984
v -0.036466 0.074934 -0.029125
v -0.036777 0.076010 -0.023675
v -0.033337 0.075912 -0.019920
v -0.032617 0.074842 -0.025204
v -0.036459 0.074907 -0.029249
v -0.027988 0.073537 -0.026232
v -0.029782 0.070730 -0.042811
v -0.035667 0.071887 -0.043083
v -0.028741 0.071625 -0.037320
v -0.035777 0.072316 -0.041160
v -0.028126 0.072562 -0.031783
v -0.035919 0.072855 -0.038682
v -0.036189 0.073882 -0.033961
v -0.032957 0.069092 -0.053565
v -0.035206 0.070074 -0.051168
v -0.031203 0.069884 -0.048232
v -0.035254 0.070267 -0.050331
v -0.035435 0.070975 -0.047163
v -0.034798 0.068426 -0.058307
v -0.034799 0.068435 -0.058272
v -0.034993 0.069214 -0.054893
v -0.030471 0.066024 -0.063547
v -0.034116 0.065344 -0.070202
v -0.034244 0.065990 -0.067963
v -0.033844 0.063976 -0.074943
v -0.027235 0.063134 -0.069511
v -0.033566 0.062376 -0.079783
v -0.025378 0.059767 -0.076705
v -0.033136 0.059593 -0.087310
v -0.033478 0.061870 -0.081316
v -0.033537 0.062215 -0.080271
v -0.025960 0.051882 -0.094796
v -0.032643 0.055664 -0.095929
v -0.024951 0.055995 -0.085136
v -0.032796 0.056986 -0.093280
v -0.032904 0.059202 -0.088029
v -0.033084 0.059196 -0.088219
v -0.033092 0.059254 -0.088085
v -0.032222 0.051726 -0.103279
v -0.032470 0.054154 -0.098954
v -0.032603 0.055311 -0.096635
v -0.032157 0.051092 -0.104409
v -0.019081 0.047698 -0.093080
v -0.031820 0.047400 -0.110308
v -0.013189 0.043644 -0.091846
v -0.014061 0.043620 -0.093049
v -0.016311 0.043558 -0.096155
v -0.031815 0.047341 -0.110402
v -0.031470 0.043143 -0.116471
v -0.010111 0.048011 -0.080310
v -0.004919 0.043881 -0.080201
v -0.008827 0.043766 -0.085828
v 0.003325 0.044141 -0.067848
v -0.002609 0.043950 -0.076876
v -0.003869 0.043913 -0.078690
v 0.004957 0.044199 -0.065197
v 0.003827 0.044159 -0.067033
v -0.001608 0.048403 -0.067238
v 0.006227 0.048874 -0.053769
v 0.013109 0.044506 -0.051287
v 0.012602 0.044485 -0.052248
v 0.011951 0.044459 -0.053384
v 0.008216 0.044314 -0.059907
v 0.007986 0.044306 -0.060281
v 0.015715 0.044618 -0.046341
v 0.009818 0.049139 -0.046861
v 0.016308 0.044643 -0.045217
v 0.016827 0.044668 -0.044137
v 0.019691 0.044804 -0.038175
v 0.019233 0.044782 -0.039127
v 0.013140 0.049422 -0.039823
v 0.016149 0.049721 -0.032650
v 0.022488 0.044951 -0.031699
v 0.020264 0.044834 -0.036847
v 0.026077 0.045176 -0.021817
v 0.025286 0.045121 -0.024234
v 0.018788 0.050035 -0.025338
v 0.024963 0.045098 -0.025220
v 0.023364 0.045004 -0.029406
v 0.027081 0.045248 -0.018751
v 0.020993 0.050361 -0.017887
v 0.027684 0.045299 -0.016537
v 0.029808 0.045506 -0.007671
v 0.029595 0.045483 -0.008643
v 0.022682 0.050697 -0.010308
v 0.028616 0.045378 -0.013120
v 0.028352 0.045356 -0.014088
v 0.030867 0.045670 -0.000560
v 0.030613 0.045618 -0.002800
v 0.023764 0.051039 -0.002624
v 0.030313 0.045576 -0.004618
v 0.030049 0.045539 -0.006214
v 0.028117 0.048465 0.007758
v 0.031400 0.045855 0.007618
v 0.024134 0.051383 0.005123
v 0.031402 0.045828 0.006384
v 0.031235 0.045762 0.003522
v 0.031136 0.045724 0.001826
v 0.031130 0.045723 0.001771
v 0.031132 0.046028 0.015337
v 0.031365 0.045947 0.011729
v 0.030527 0.046129 0.019992
v 0.030804 0.046083 0.017857
v 0.027587 0.048727 0.015654
v 0.031065 0.046039 0.015857
v 0.031392 0.045938 0.011318
v 0.031395 0.045904 0.009826
v 0.026107 0.048984 0.023422
v 0.029726 0.046216 0.024019
v 0.030513 0.046131 0.020096
v 0.028601 0.046302 0.028080
v 0.028847 0.046286 0.027344
v 0.029265 0.046253 0.025763
v 0.019980 0.052390 0.027838
v 0.026650 0.046414 0.033379
v 0.027224 0.046385 0.032004
v 0.024961 0.046488 0.037036
v 0.025562 0.046464 0.035852
v 0.018443 0.052553 0.031380
v 0.025876 0.046452 0.035232
v 0.016671 0.052712 0.034807
v 0.023617 0.046540 0.039578
v 0.023958 0.046529 0.039014
v 0.020843 0.046625 0.043954
v 0.021421 0.046609 0.043129
v 0.014672 0.052871 0.038103
v 0.021852 0.046597 0.042513
v 0.023023 0.046559 0.040568
v 0.007474 0.053332 0.047112
v 0.015690 0.049710 0.044525
v 0.012461 0.053026 0.041256
v 0.018987 0.046674 0.046503
v 0.019519 0.046662 0.045845
v 0.010950 0.046827 0.055169
v 0.013044 0.046793 0.053160
v 0.010465 0.049930 0.050430
v 0.013472 0.046786 0.052750
v 0.014029 0.046777 0.052217
v 0.016341 0.046733 0.049714
v 0.016698 0.046726 0.049330
v 0.018436 0.046686 0.047183
v 0.007169 0.046878 0.058362
v 0.007283 0.046876 0.058265
v 0.010438 0.046833 0.055601
v -0.001781 0.050331 0.060326
v 0.000606 0.046944 0.063019
v 0.003893 0.046914 0.060818
v -0.008537 0.050508 0.064395
v -0.006525 0.046996 0.067206
v -0.006453 0.046996 0.067167
v -0.004824 0.046986 0.066315
v -0.000310 0.046952 0.063633
v 0.000428 0.046945 0.063139
v -0.010335 0.047018 0.069201
v -0.015812 0.047042 0.071725
v -0.022839 0.050809 0.071078
v -0.021177 0.047054 0.073908
v -0.030256 0.050931 0.073819
v -0.022108 0.047056 0.074287
v -0.021254 0.047054 0.073940
v -0.036257 0.047076 0.079024
v -0.028879 0.047069 0.076704
v -0.028758 0.047069 0.076662
v -0.017346 0.052224 -0.082529
v -0.009179 0.052700 -0.069979
v -0.017111 0.056528 -0.073172
v -0.018416 0.060543 -0.065053
v -0.015206 0.061008 -0.059084
v -0.006541 0.057660 -0.054557
v -0.009871 0.057239 -0.060863
v 0.001809 0.053663 -0.050440
v -0.001648 0.053309 -0.057061
v 0.005687 0.060300 -0.021299
v 0.014340 0.055823 -0.015483
v 0.004000 0.059714 -0.028184
v 0.012655 0.055351 -0.022723
v 0.001874 0.059153 -0.034956
v 0.010493 0.054893 -0.029844
v -0.000626 0.058620 -0.041608
v 0.007926 0.054457 -0.036837
v -0.003447 0.058120 -0.048141
v 0.005015 0.054045 -0.043701
v -0.012216 0.061523 -0.053012
v -0.009479 0.062086 -0.046831
v -0.007038 0.062689 -0.040536
v -0.004940 0.063332 -0.034130
v -0.003245 0.064006 -0.027617
v -0.002018 0.064702 -0.021009
v 0.002452 0.062908 -0.017608
v 0.006860 0.060902 -0.014318
v 0.011198 0.058697 -0.011155
v 0.015464 0.056307 -0.008141
v -0.001605 0.066249 0.015958
v -0.005445 0.068317 0.011733
v -0.004703 0.066923 0.021968
v -0.008315 0.069054 0.017647
v -0.008484 0.067597 0.027546
v -0.011850 0.069793 0.023160
v -0.012862 0.068264 0.032654
v -0.015975 0.070524 0.028236
v -0.017748 0.068914 0.037289
v -0.020608 0.071235 0.032862
v -0.023060 0.069531 0.041460
v -0.025674 0.071913 0.037043
v -0.028728 0.070102 0.045188
v -0.031108 0.072540 0.040792
v -0.032576 0.067876 0.052726
v -0.026396 0.067415 0.049442
v -0.020495 0.066902 0.045738
v -0.014938 0.066348 0.041578
v -0.009801 0.065766 0.036938
v -0.005171 0.065166 0.031798
v -0.001145 0.064559 0.026160
v 0.002178 0.063950 0.020056
v -0.030515 0.064894 0.056789
v -0.024115 0.064488 0.053535
v -0.017983 0.064037 0.049855
v -0.012183 0.063551 0.045711
v -0.006795 0.063038 0.041067
v -0.001913 0.062509 0.035899
v 0.002355 0.061972 0.030203
v 0.005902 0.061432 0.024008
v -0.028506 0.061680 0.060673
v -0.021890 0.061334 0.057450
v -0.015528 0.060950 0.053797
v -0.009487 0.060534 0.049669
v -0.003851 0.060095 0.045024
v 0.001281 0.059641 0.039830
v 0.005791 0.059177 0.034078
v 0.009561 0.058710 0.027796
v 0.016270 0.055398 0.024545
v 0.009161 0.056189 0.037768
v 0.013152 0.055796 0.031401
v 0.023683 0.051725 0.012856
v -0.026557 0.058250 0.064359
v -0.019725 0.057969 0.061169
v -0.013134 0.057654 0.057545
v -0.006852 0.057313 0.053435
v -0.000968 0.056952 0.048791
v 0.004412 0.056575 0.043574
v -0.031884 0.054806 0.070607
v -0.024667 0.054621 0.067832
v -0.017621 0.054407 0.064676
v -0.010802 0.054167 0.061082
v -0.004282 0.053906 0.056992
v 0.001847 0.053626 0.052350
v -0.029293 0.075575 -0.015285
v -0.030777 0.076624 -0.010003
v -0.028368 0.074542 -0.020714
v -0.023577 0.073032 -0.021922
v -0.019058 0.071377 -0.023557
v -0.014888 0.069575 -0.025613
v -0.019483 0.070494 -0.029487
v -0.011124 0.067628 -0.028074
v 0.019701 0.054583 0.009854
v 0.020071 0.054166 0.002285
v 0.015644 0.057282 0.006662
v 0.015932 0.056795 -0.000738
v 0.011513 0.059802 0.003299
v 0.011717 0.059249 -0.003930
v 0.007312 0.062126 -0.000220
v 0.007430 0.061513 -0.007273
v 0.003045 0.064241 -0.003876
v 0.003077 0.063571 -0.010748
v -0.001280 0.066136 -0.007649
v -0.001337 0.065415 -0.014338
v -0.005660 0.067802 -0.011519
v -0.005807 0.067034 -0.018023
v -0.010089 0.069232 -0.015473
v -0.014557 0.070425 -0.019490
v -0.010328 0.068422 -0.021787
v -0.021234 0.074155 -0.006071
v -0.017235 0.073069 -0.001519
v -0.013266 0.071733 0.002976
v -0.019900 0.073210 -0.011783
v -0.015697 0.072173 -0.007369
v -0.011526 0.070889 -0.003010
v -0.007392 0.069358 0.001281
v -0.019182 0.072284 -0.017635
v -0.014812 0.071292 -0.013386
v -0.010473 0.070056 -0.009188
v -0.006173 0.068577 -0.005057
v -0.001919 0.066860 -0.001011
v -0.009334 0.070148 0.007400
v -0.003303 0.067587 0.005482
v 0.000735 0.065579 0.009580
v 0.002282 0.064910 0.002933
v 0.004716 0.063343 0.013554
v 0.006425 0.062736 0.006756
v 0.008635 0.060893 0.017385
v 0.010504 0.060350 0.010441
v 0.012487 0.058239 0.021054
v 0.014515 0.057763 0.013966
v 0.018453 0.054994 0.017316
v 0.022319 0.052062 0.020473
v -0.024126 0.074000 -0.016236
v -0.025255 0.074989 -0.010665
v -0.026973 0.075995 -0.005272
v -0.029265 0.077006 -0.000116
v -0.032106 0.078006 0.004755
v -0.038398 0.079672 0.004680
v -0.028825 0.077030 0.009579
v -0.029433 0.076670 0.018941
v -0.025565 0.075792 0.014356
v -0.022209 0.074889 0.009397
v -0.015678 0.072586 0.008690
v -0.011975 0.070944 0.013215
v -0.031029 0.075905 0.027862
v -0.028332 0.074040 0.032504
v -0.026456 0.075120 0.023671
v -0.023513 0.073307 0.028317
v -0.022332 0.074294 0.019070
v -0.019133 0.072536 0.023701
v -0.018718 0.073444 0.014068
v -0.015265 0.071744 0.018662
v -0.021244 0.064172 -0.058187
v -0.033961 0.064564 -0.072902
v -0.018585 0.064772 -0.052372
v -0.027883 0.066641 -0.058111
v -0.016196 0.065424 -0.046451
v -0.025540 0.067314 -0.052575
v -0.014122 0.066122 -0.040424
v -0.023483 0.068042 -0.046937
v -0.012411 0.066858 -0.034294
v -0.021753 0.068820 -0.041202
v -0.020400 0.069638 -0.035379
v -0.034371 0.066552 -0.065735
v -0.034578 0.067461 -0.062130
v -0.034779 0.068343 -0.058637
v -0.037223 0.076993 -0.015884
v -0.037676 0.077369 -0.014213
v -0.037329 0.077320 -0.014006
v -0.037344 0.077354 -0.013761
v -0.037746 0.078327 -0.006743
v -0.037681 -0.078232 -0.014194
v -0.037233 -0.077874 -0.015784
v -0.037310 -0.078115 -0.014416
v -0.037351 -0.078213 -0.013716
v -0.030489 -0.011728 -0.133659
v -0.030683 -0.011727 -0.133980
v -0.030470 -0.010206 -0.133965
v -0.030487 0.010838 -0.133663
v -0.030682 0.010836 -0.133983
v -0.030505 0.012354 -0.133359
v -0.030470 0.009316 -0.133967
v -0.007395 -0.069346 0.001299
v -0.011529 -0.070876 -0.002991
v -0.010475 -0.070045 -0.009170
v -0.014560 -0.070417 -0.019471
v -0.019061 -0.071369 -0.023537
v -0.019485 -0.070487 -0.029468
v 0.000732 -0.065564 0.009597
v -0.001609 -0.066233 0.015975
v -0.005448 -0.068303 0.011751
v 0.003074 -0.063563 -0.010732
v -0.001340 -0.065406 -0.014321
v -0.002022 -0.064695 -0.020993
v -0.042564 -0.051273 0.077445
v -0.042367 -0.055011 0.073996
v -0.039235 -0.054928 0.073067
v -0.041934 -0.061787 0.066415
v -0.041903 -0.062175 0.065885
v -0.035325 -0.061950 0.063527
v -0.041694 -0.064855 0.062232
v -0.041646 -0.065398 0.061382
v -0.037129 -0.065216 0.059675
v -0.041446 -0.067634 0.057889
v -0.041371 -0.068353 0.056590
v -0.038984 -0.068248 0.055640
v -0.040921 -0.072343 0.048703
v -0.040772 -0.073376 0.046108
v -0.036849 -0.073078 0.044146
v -0.040642 -0.074286 0.043826
v -0.040445 -0.075408 0.040388
v -0.039048 -0.075303 0.039648
v -0.040262 -0.076357 0.037187
v -0.040098 -0.077101 0.034316
v -0.035994 -0.076609 0.031664
v -0.040037 -0.077376 0.033253
v -0.039728 -0.078429 0.027835
v -0.038485 -0.078253 0.026949
v -0.039377 -0.079251 0.021708
v -0.039325 -0.079317 0.020802
v -0.036516 -0.078814 0.018359
v -0.034282 -0.066149 -0.067362
v -0.034122 -0.065349 -0.070149
v -0.030474 -0.066025 -0.063530
v -0.033144 -0.059614 -0.087242
v -0.033097 -0.059256 -0.088069
v -0.032906 -0.059209 -0.088015
v -0.033090 -0.059198 -0.088202
v -0.032167 -0.051140 -0.104329
v -0.031826 -0.047411 -0.110298
v -0.019084 -0.047708 -0.093068
v 0.003815 -0.044168 -0.067017
v 0.004955 -0.044207 -0.065191
v -0.001610 -0.048407 -0.067225
v 0.015716 -0.044621 -0.046333
v 0.016809 -0.044669 -0.044120
v 0.009815 -0.049139 -0.046848
v 0.019230 -0.044778 -0.039118
v 0.020252 -0.044828 -0.036828
v 0.013137 -0.049420 -0.039811
v 0.022442 -0.044941 -0.031744
v 0.023374 -0.044993 -0.029393
v 0.016146 -0.049718 -0.032638
v 0.025271 -0.045111 -0.024218
v 0.026100 -0.045166 -0.021808
v 0.018785 -0.050031 -0.025326
v 0.023599 -0.046520 0.039581
v 0.023035 -0.046539 0.040589
v 0.016667 -0.052694 0.034819
v 0.007255 -0.046850 0.058245
v 0.006976 -0.046853 0.058468
v 0.004591 -0.050113 0.055700
v -0.020497 -0.047026 0.073670
v -0.021180 -0.047027 0.073922
v -0.022843 -0.050779 0.071090
v -0.037793 -0.050999 0.076251
v -0.036468 -0.047045 0.079066
v -0.036551 -0.047045 0.079090
v -0.042575 -0.051047 0.077628
v -0.042740 -0.047495 0.080519
v -0.042759 -0.047052 0.080856
v -0.034430 -0.047043 0.078487
v -0.030259 -0.050899 0.073831
v -0.028860 -0.047036 0.076681
v -0.021257 -0.047028 0.073950
v -0.027161 -0.047034 0.076130
v -0.028769 -0.047036 0.076651
v -0.013904 -0.047005 0.070888
v -0.015585 -0.050639 0.067969
v -0.013769 -0.047004 0.070824
v -0.006456 -0.046968 0.067180
v -0.006528 -0.046968 0.067220
v -0.008540 -0.050480 0.064407
v -0.008601 -0.046981 0.068343
v -0.013742 -0.047004 0.070811
v 0.005257 -0.046874 0.059834
v 0.003984 -0.046886 0.060723
v -0.001783 -0.050305 0.060337
v 0.001189 -0.046913 0.062677
v 0.000615 -0.046918 0.063050
v 0.000437 -0.046920 0.063166
v 0.000435 -0.046920 0.063167
v -0.003760 -0.046951 0.065720
v 0.012765 -0.046775 0.053480
v 0.010426 -0.046810 0.055604
v 0.010462 -0.049907 0.050442
v 0.009358 -0.046826 0.056572
v 0.015203 -0.046733 0.050995
v 0.013482 -0.046763 0.052775
v 0.013059 -0.046770 0.053191
v 0.018977 -0.046652 0.046510
v 0.018445 -0.046665 0.047205
v 0.015687 -0.049688 0.044537
v 0.017948 -0.046677 0.047854
v 0.016323 -0.046710 0.049713
v 0.022776 -0.046548 0.041052
v 0.021402 -0.046589 0.043131
v 0.014668 -0.052850 0.038115
v 0.020846 -0.046605 0.043971
v 0.020376 -0.046619 0.044681
v 0.025547 -0.046447 0.035858
v 0.024983 -0.046471 0.037060
v 0.018440 -0.052534 0.031393
v 0.024839 -0.046477 0.037366
v 0.027211 -0.046368 0.032012
v 0.026671 -0.046397 0.033402
v 0.019976 -0.052374 0.027851
v 0.026526 -0.046405 0.033776
v 0.027979 -0.046328 0.030035
v 0.021269 -0.052210 0.024208
v 0.028105 -0.046319 0.029635
v 0.029268 -0.046237 0.025777
v 0.029122 -0.046250 0.026386
v 0.028589 -0.046286 0.028089
v 0.030126 -0.046161 0.022195
v 0.029674 -0.046201 0.024082
v 0.026103 -0.048968 0.023433
v 0.030490 -0.046114 0.019997
v 0.031294 -0.045968 0.013241
v 0.031041 -0.046025 0.015867
v 0.027585 -0.048713 0.015665
v 0.030855 -0.046067 0.017793
v 0.030842 -0.046069 0.017874
v 0.031269 -0.045755 0.003632
v 0.031408 -0.045843 0.007630
v 0.028114 -0.048453 0.007770
v 0.023761 -0.051029 -0.002612
v 0.031093 -0.045713 0.001785
v 0.024131 -0.051371 0.005135
v 0.031259 -0.045752 0.003532
v 0.031434 -0.045860 0.008384
v 0.031392 -0.045892 0.009835
v 0.031337 -0.045935 0.011739
v 0.030311 -0.045568 -0.004607
v 0.030787 -0.045640 -0.001447
v 0.030872 -0.045660 -0.000550
v 0.029606 -0.045474 -0.008636
v 0.030047 -0.045528 -0.006345
v 0.022679 -0.050689 -0.010296
v 0.030071 -0.045532 -0.006207
v 0.030072 -0.045532 -0.006202
v 0.020989 -0.050355 -0.017875
v 0.026499 -0.045193 -0.020648
v 0.027692 -0.045289 -0.016529
v 0.028130 -0.045325 -0.015020
v 0.028352 -0.045347 -0.014075
v 0.029476 -0.045459 -0.009312
v 0.024244 -0.045042 -0.027203
v 0.021804 -0.044905 -0.033353
v 0.018756 -0.044755 -0.040179
v 0.006223 -0.048876 -0.053757
v 0.013084 -0.044512 -0.051270
v 0.015381 -0.044606 -0.047011
v 0.006819 -0.044271 -0.062208
v 0.007960 -0.044314 -0.060257
v 0.011540 -0.044448 -0.054135
v 0.011950 -0.044465 -0.053375
v -0.010115 -0.048017 -0.080299
v -0.003867 -0.043922 -0.078688
v -0.003543 -0.043932 -0.078227
v 0.002643 -0.044127 -0.068892
v -0.013189 -0.043650 -0.091830
v -0.010826 -0.043716 -0.088612
v -0.004921 -0.043892 -0.080192
v -0.021930 -0.043402 -0.103730
v -0.014072 -0.043624 -0.093032
v -0.031821 -0.047358 -0.110383
v -0.031473 -0.043157 -0.116460
v -0.032810 -0.057079 -0.093084
v -0.032649 -0.055671 -0.095912
v -0.024954 -0.056000 -0.085123
v -0.032608 -0.055320 -0.096621
v -0.025963 -0.051892 -0.094783
v -0.032480 -0.054205 -0.098859
v -0.032227 -0.051733 -0.103271
v -0.033502 -0.061972 -0.080999
v -0.025380 -0.059770 -0.076690
v -0.033544 -0.062216 -0.080259
v -0.027237 -0.063138 -0.069495
v -0.033965 -0.064564 -0.072884
v -0.033856 -0.064013 -0.074804
v -0.033571 -0.062371 -0.079786
v -0.034375 -0.066557 -0.065735
v -0.027885 -0.066640 -0.058094
v -0.034582 -0.067466 -0.062103
v -0.025543 -0.067314 -0.052557
v -0.034784 -0.068350 -0.058577
v -0.031205 -0.069882 -0.048212
v -0.034997 -0.069224 -0.054868
v -0.032959 -0.069090 -0.053546
v -0.034854 -0.068657 -0.057354
v -0.034810 -0.068460 -0.058139
v -0.035432 -0.070960 -0.047239
v -0.035399 -0.070828 -0.047832
v -0.035214 -0.070092 -0.051060
v -0.029784 -0.070726 -0.042792
v -0.028742 -0.071620 -0.037301
v -0.035674 -0.071895 -0.043024
v -0.028129 -0.072556 -0.031763
v -0.035919 -0.072843 -0.038756
v -0.027991 -0.073529 -0.026211
v -0.036191 -0.073870 -0.033978
v -0.037116 -0.077099 -0.017816
v -0.037068 -0.076967 -0.018644
v -0.033339 -0.075902 -0.019898
v -0.036782 -0.076002 -0.023661
v -0.032619 -0.074834 -0.025184
v -0.036561 -0.075262 -0.027509
v -0.036469 -0.074917 -0.029112
v -0.037517 -0.078220 -0.010799
v -0.037495 -0.078155 -0.011202
v -0.036383 -0.078082 -0.009729
v -0.034592 -0.076990 -0.014729
v -0.037736 -0.078681 -0.006990
v -0.032822 -0.077665 -0.004904
v -0.037920 -0.079069 -0.003776
v -0.035406 -0.078704 -0.000080
v -0.037927 -0.079086 -0.003630
v -0.038306 -0.079605 0.002987
v -0.038377 -0.079643 0.004217
v -0.032110 -0.077989 0.004776
v -0.038403 -0.079657 0.004688
v -0.035466 -0.078957 0.009322
v -0.038695 -0.079815 0.009786
v -0.038882 -0.079748 0.013051
v -0.039029 -0.079696 0.015641
v -0.038946 -0.079725 0.014175
v -0.032441 -0.077937 0.014166
v -0.039717 -0.078466 0.027647
v -0.039564 -0.078820 0.024969
v -0.033761 -0.077483 0.023155
v -0.041189 -0.070125 0.053387
v -0.041080 -0.071019 0.051502
v -0.040887 -0.071035 0.051440
v -0.041057 -0.071212 0.051093
v -0.034692 -0.070590 0.048517
v -0.042157 -0.058513 0.070323
v -0.042144 -0.058700 0.070100
v -0.040736 -0.058667 0.069654
v -0.041956 -0.061446 0.066823
v -0.033578 -0.058465 0.067181
v 0.005684 -0.060294 -0.021284
v -0.003248 -0.063999 -0.027600
v 0.003997 -0.059710 -0.028169
v -0.004943 -0.063327 -0.034114
v 0.001871 -0.059148 -0.034941
v -0.007040 -0.062687 -0.040521
v -0.000629 -0.058617 -0.041594
v -0.009481 -0.062083 -0.046815
v -0.003450 -0.058120 -0.048127
v -0.012219 -0.061523 -0.052997
v -0.006544 -0.057660 -0.054543
v -0.015209 -0.061009 -0.059069
v -0.009874 -0.057241 -0.060849
v -0.004706 -0.066904 0.021986
v -0.008319 -0.069037 0.017665
v 0.003042 -0.064230 -0.003859
v 0.007309 -0.062114 -0.000205
v 0.006422 -0.062723 0.006772
v 0.010501 -0.060335 0.010456
v 0.004713 -0.063329 0.013570
v 0.008632 -0.060876 0.017401
v 0.002175 -0.063934 0.020072
v 0.002449 -0.062899 -0.017592
v 0.007427 -0.061503 -0.007257
v 0.011509 -0.059789 0.003314
v 0.014511 -0.057749 0.013981
v 0.012484 -0.058222 0.021069
v -0.011855 -0.069774 0.023179
v -0.008488 -0.067578 0.027563
v -0.015978 -0.070504 0.028255
v -0.012866 -0.068243 0.032672
v -0.020612 -0.071215 0.032881
v -0.017751 -0.068891 0.037307
v -0.025679 -0.071890 0.037062
v -0.023065 -0.069506 0.041478
v -0.031111 -0.072515 0.040811
v -0.028732 -0.070077 0.045206
v -0.030519 -0.064865 0.056805
v -0.032580 -0.067849 0.052743
v -0.024120 -0.064461 0.053552
v -0.026400 -0.067389 0.049459
v -0.017986 -0.064012 0.049871
v -0.020499 -0.066877 0.045754
v -0.012187 -0.063526 0.045727
v -0.014942 -0.066325 0.041595
v -0.006799 -0.063015 0.041083
v -0.009805 -0.065743 0.036954
v -0.001917 -0.062488 0.035915
v -0.005174 -0.065145 0.031815
v -0.028511 -0.061651 0.060688
v -0.021894 -0.061307 0.057466
v -0.015531 -0.060924 0.053812
v -0.009490 -0.060509 0.049684
v -0.003853 -0.060072 0.045039
v 0.001278 -0.059618 0.039845
v 0.022315 -0.052045 0.020486
v 0.023680 -0.051711 0.012869
v 0.019698 -0.054570 0.009868
v 0.020068 -0.054156 0.002298
v 0.015928 -0.056785 -0.000724
v 0.015460 -0.056299 -0.008128
v 0.011195 -0.058689 -0.011141
v 0.014337 -0.055816 -0.015468
v 0.012651 -0.055344 -0.022710
v 0.010490 -0.054889 -0.029831
v 0.007923 -0.054455 -0.036824
v 0.005011 -0.054045 -0.043688
v 0.001806 -0.053662 -0.050427
v -0.001651 -0.053311 -0.057048
v -0.009182 -0.052704 -0.069966
v 0.006857 -0.060894 -0.014302
v 0.011713 -0.059239 -0.003915
v 0.015640 -0.057269 0.006677
v 0.018450 -0.054980 0.017330
v 0.016266 -0.055382 0.024558
v 0.013148 -0.055778 0.031415
v 0.012458 -0.053006 0.041268
v 0.009157 -0.056169 0.037782
v 0.005788 -0.059157 0.034093
v 0.009557 -0.058691 0.027811
v 0.002351 -0.061953 0.030219
v 0.005898 -0.061416 0.024024
v -0.001148 -0.064540 0.026177
v -0.026561 -0.058221 0.064373
v -0.019729 -0.057940 0.061183
v -0.013137 -0.057628 0.057560
v -0.006856 -0.057288 0.053449
v -0.000972 -0.056928 0.048804
v 0.004408 -0.056553 0.043587
v -0.031888 -0.054776 0.070620
v -0.024671 -0.054591 0.067845
v -0.017625 -0.054378 0.064689
v -0.010806 -0.054141 0.061095
v -0.004286 -0.053880 0.057006
v 0.001843 -0.053602 0.052363
v 0.007470 -0.053310 0.047124
v -0.029295 -0.075564 -0.015264
v -0.030780 -0.076612 -0.009982
v 0.002279 -0.064897 0.002950
v -0.001922 -0.066848 -0.000994
v -0.001284 -0.066125 -0.007631
v -0.005664 -0.067791 -0.011501
v -0.005811 -0.067025 -0.018005
v -0.010330 -0.068414 -0.021769
v -0.011127 -0.067621 -0.028057
v -0.019185 -0.072275 -0.017616
v -0.014815 -0.071282 -0.013366
v -0.015701 -0.072162 -0.007349
v -0.003306 -0.067572 0.005500
v -0.006176 -0.068566 -0.005039
v -0.010092 -0.069224 -0.015454
v -0.014891 -0.069569 -0.025595
v -0.020403 -0.069634 -0.035361
v -0.009337 -0.070133 0.007418
v -0.013269 -0.071719 0.002995
v -0.026976 -0.075983 -0.005252
v -0.029268 -0.076992 -0.000095
v -0.025730 -0.076062 0.004683
v -0.028829 -0.077013 0.009600
v -0.028369 -0.074534 -0.020694
v -0.025259 -0.074979 -0.010644
v -0.023187 -0.075099 -0.000549
v -0.022211 -0.074872 0.009416
v -0.025568 -0.075775 0.014377
v -0.029437 -0.076652 0.018962
v -0.040342 -0.075994 0.038592
v -0.033534 -0.074695 0.036290
v -0.028337 -0.074017 0.032524
v -0.031032 -0.075884 0.027882
v -0.023516 -0.073286 0.028337
v -0.026460 -0.075099 0.023690
v -0.019137 -0.072517 0.023721
v -0.022336 -0.074275 0.019089
v -0.015268 -0.071725 0.018681
v -0.018722 -0.073427 0.014087
v -0.019419 -0.073962 0.004110
v -0.021237 -0.074143 -0.006051
v -0.024129 -0.073990 -0.016215
v -0.023580 -0.073023 -0.021902
v -0.019902 -0.073200 -0.011763
v -0.017239 -0.073056 -0.001500
v -0.015682 -0.072571 0.008709
v -0.011979 -0.070928 0.013234
v -0.021247 -0.064171 -0.058170
v -0.018419 -0.060544 -0.065037
v -0.017114 -0.056532 -0.073158
v -0.017350 -0.052230 -0.082516
v -0.012413 -0.066853 -0.034276
v -0.021754 -0.068815 -0.041184
v -0.014124 -0.066117 -0.040406
v -0.023485 -0.068040 -0.046919
v -0.016198 -0.065421 -0.046434
v -0.018587 -0.064772 -0.052355
v -0.023478 0.046583 0.075133
v -0.021131 0.046554 0.074293
v -0.021187 0.046816 0.074129
v -0.004544 0.043397 -0.080452
v 0.028229 0.044768 -0.016681
v 0.031976 0.045383 0.011763
v 0.016716 0.046251 0.050071
v -0.036506 0.046899 0.079229
v -0.042762 0.046922 0.080958
v -0.028805 0.046868 0.076835
v -0.013676 0.046744 0.071036
v -0.006309 0.046660 0.067461
v 0.000796 0.046563 0.063340
v 0.004213 0.046509 0.061056
v 0.010731 0.046388 0.055960
v 0.007529 0.046451 0.058602
v 0.013807 0.046322 0.053112
v 0.019413 0.046177 0.046855
v 0.021886 0.046097 0.043462
v 0.026107 0.045927 0.036130
v 0.024123 0.046015 0.039887
v 0.027804 0.045839 0.032245
v 0.029198 0.045750 0.028278
v 0.030305 0.045659 0.024231
v 0.031133 0.045566 0.020102
v 0.031685 0.045475 0.015929
v 0.032024 0.045293 0.007618
v 0.031850 0.045203 0.003490
v 0.031470 0.045114 -0.000621
v 0.030900 0.045026 -0.004704
v 0.030159 0.044939 -0.008750
v 0.025791 0.044601 -0.024401
v 0.022925 0.044438 -0.031942
v 0.019691 0.044275 -0.039332
v 0.016154 0.044119 -0.046559
v 0.012370 0.043967 -0.053611
v 0.008375 0.043820 -0.060507
v 0.004206 0.043677 -0.067266
v -0.013706 0.043134 -0.093299
v -0.031439 0.042685 -0.117007
v -0.031453 0.042918 -0.116763
v -0.009925 0.042780 -0.088603
v -0.013489 0.042687 -0.093455
v -0.013729 0.042680 -0.093784
v -0.018554 0.042556 -0.100351
v -0.024518 0.042426 -0.108274
v -0.031415 0.042276 -0.117437
v -0.004308 0.042940 -0.080611
v 0.004463 0.043213 -0.067422
v 0.003251 0.043172 -0.069364
v -0.002720 0.042986 -0.078351
v -0.003238 0.042971 -0.079087
v 0.006622 0.043285 -0.063963
v 0.008281 0.043341 -0.061305
v 0.012882 0.043505 -0.053386
v 0.012661 0.043497 -0.053766
v 0.011243 0.043447 -0.056207
v 0.008653 0.043354 -0.060665
v 0.015599 0.043610 -0.048297
v 0.016450 0.043643 -0.046703
v 0.019889 0.043786 -0.039744
v 0.019652 0.043776 -0.040229
v 0.016901 0.043660 -0.045858
v 0.023284 0.043943 -0.031961
v 0.023243 0.043941 -0.032064
v 0.022640 0.043911 -0.033575
v 0.020011 0.043791 -0.039471
v 0.025160 0.044038 -0.027251
v 0.026122 0.044093 -0.024507
v 0.028863 0.044266 -0.015865
v 0.028589 0.044248 -0.016772
v 0.027123 0.044150 -0.021646
v 0.026471 0.044113 -0.023508
v 0.030527 0.044405 -0.008817
v 0.030253 0.044377 -0.010250
v 0.030195 0.044373 -0.010485
v 0.029109 0.044286 -0.014870
v 0.031054 0.044460 -0.006050
v 0.031300 0.044485 -0.004760
v 0.032040 0.044599 0.000748
v 0.031856 0.044570 -0.000656
v 0.031734 0.044551 -0.001587
v 0.031356 0.044491 -0.004471
v 0.032192 0.044644 0.002902
v 0.032420 0.044745 0.007620
v 0.032417 0.044741 0.007407
v 0.032403 0.044707 0.005886
v 0.032232 0.044656 0.003473
v 0.032447 0.044805 0.010393
v 0.032374 0.044835 0.011788
v 0.032039 0.044936 0.016416
v 0.032092 0.044926 0.015978
v 0.032202 0.044906 0.015066
v 0.032367 0.044838 0.011918
v 0.031647 0.045006 0.019662
v 0.031548 0.045018 0.020181
v 0.030458 0.045135 0.025287
v 0.030710 0.045113 0.024337
v 0.030881 0.045098 0.023690
v 0.031414 0.045034 0.020881
v 0.029728 0.045200 0.028043
v 0.029600 0.045209 0.028414
v 0.027593 0.045343 0.033823
v 0.028192 0.045308 0.032409
v 0.028345 0.045299 0.032047
v 0.029187 0.045238 0.029609
v 0.026924 0.045381 0.035400
v 0.026461 0.045404 0.036313
v 0.023422 0.045546 0.041803
v 0.024454 0.045501 0.040091
v 0.025040 0.045476 0.039118
v 0.025660 0.045444 0.037893
v 0.022847 0.045571 0.042757
v 0.019691 0.045690 0.047090
v 0.020465 0.045663 0.046139
v 0.020892 0.045647 0.045532
v 0.022194 0.045596 0.043685
v 0.018089 0.045746 0.049061
v 0.017809 0.045755 0.049406
v 0.014024 0.045873 0.053353
v 0.015043 0.045844 0.052384
v 0.015116 0.045841 0.052314
v 0.016967 0.045782 0.050315
v 0.011826 0.045935 0.055446
v 0.007700 0.046040 0.058842
v 0.008316 0.046025 0.058385
v 0.008420 0.046022 0.058309
v 0.010925 0.045958 0.056203
v 0.004694 0.046110 0.061074
v 0.000451 0.046201 0.063885
v 0.000929 0.046191 0.063570
v 0.000935 0.046191 0.063567
v 0.004443 0.046116 0.061260
v -0.004326 0.046294 0.066671
v -0.009274 0.046377 0.069227
v -0.006914 0.046337 0.068009
v -0.006220 0.046326 0.067650
v -0.013608 0.046446 0.071206
v -0.020905 0.046551 0.074213
v -0.015071 0.046469 0.071861
v -0.014814 0.046465 0.071756
v -0.026856 0.046624 0.076341
v -0.036483 0.046726 0.079315
v -0.034832 0.046711 0.078857
v -0.032038 0.046680 0.077976
v -0.028772 0.046645 0.076945
v -0.040700 0.046763 0.080485
v -0.042768 0.046781 0.081058
v -0.030418 -0.000009 -0.134891
v -0.030417 -0.000269 -0.134901
v -0.030426 0.003812 -0.134731
v -0.031457 0.042543 -0.116696
v -0.030426 0.004067 -0.134745
v -0.030436 0.005212 -0.134562
v -0.030436 0.005648 -0.134560
v -0.030455 0.008046 -0.134221
v -0.030454 0.008294 -0.134252
v -0.030488 0.011274 -0.133666
v -0.030502 0.012598 -0.133404
v -0.030569 0.016402 -0.132216
v -0.030570 0.016838 -0.132223
v -0.030574 0.016671 -0.132141
v -0.040996 0.071258 0.050133
v -0.040951 0.071636 0.049349
v -0.040668 0.073658 0.044391
v -0.042576 0.050558 0.077698
v -0.042759 0.046588 0.080891
v -0.031213 0.037466 -0.121010
v -0.031238 0.038088 -0.120556
v -0.031226 0.038312 -0.120724
v -0.041212 0.069440 0.053899
v -0.041280 0.068776 0.055082
v -0.041303 0.068556 0.055473
v -0.041469 0.066933 0.058359
v -0.041591 0.065544 0.060496
v -0.041717 0.064121 0.062690
v -0.041861 0.062246 0.065212
v -0.041946 0.061136 0.066705
v -0.042112 0.058672 0.069614
v -0.042170 0.057811 0.070630
v -0.042347 0.054846 0.073707
v -0.042380 0.054276 0.074298
v -0.042536 0.051321 0.076999
v -0.042564 0.050791 0.077485
v -0.043553 -0.000375 0.094759
v -0.043553 0.000019 0.094749
v -0.043543 0.004930 0.094594
v -0.043545 0.004936 0.094620
v -0.043539 0.005747 0.094519
v -0.043539 0.006182 0.094512
v -0.043515 0.010214 0.094105
v -0.043519 0.010230 0.094157
v -0.043500 0.011880 0.093847
v -0.043501 0.012316 0.093844
v -0.043469 0.015497 0.093287
v -0.043474 0.015492 0.093368
v -0.043438 0.017957 0.092751
v -0.043438 0.018393 0.092751
v -0.043404 0.020680 0.092157
v -0.043409 0.020706 0.092259
v -0.043350 0.023949 0.091230
v -0.043351 0.024387 0.091235
v -0.043320 0.025803 0.090705
v -0.043328 0.025825 0.090836
v -0.043240 0.029831 0.089288
v -0.043240 0.030271 0.089303
v -0.043220 0.030843 0.088933
v -0.043229 0.030831 0.089109
v -0.043106 0.035576 0.086935
v -0.043113 0.035713 0.087082
v -0.043103 0.035672 0.086895
v -0.043104 0.036012 0.086935
v -0.042969 0.040368 0.084568
v -0.042981 0.040443 0.084764
v -0.042944 0.041137 0.084126
v -0.042943 0.041571 0.084122
v -0.042820 0.044910 0.081960
v -0.042831 0.045032 0.082154
v -0.042766 0.046409 0.081015
v -0.031424 0.042033 -0.117264
v -0.031432 0.042174 -0.117132
v -0.031439 0.042290 -0.116995
v -0.031210 0.037903 -0.121020
v -0.031143 0.036276 -0.122201
v -0.031069 0.033964 -0.123565
v -0.031057 0.034227 -0.123688
v -0.031013 0.032432 -0.124533
v -0.031008 0.032870 -0.124539
v -0.030914 0.029713 -0.126251
v -0.030904 0.029958 -0.126367
v -0.030836 0.027227 -0.127592
v -0.030834 0.027664 -0.127594
v -0.030779 0.025408 -0.128573
v -0.030773 0.025672 -0.128660
v -0.030687 0.021874 -0.130168
v -0.030687 0.022310 -0.130165
v -0.030665 0.021051 -0.130539
v -0.030662 0.021336 -0.130601
v -0.030571 0.016927 -0.132199
v -0.039496 0.078588 0.023871
v -0.039563 0.078412 0.025032
v -0.039160 0.079145 0.017994
v -0.039310 0.078897 0.020612
v -0.040394 0.075284 0.039572
v -0.040328 0.075601 0.038406
v -0.040212 0.076152 0.036387
v -0.040102 0.076672 0.034473
v -0.039959 0.077202 0.031951
v -0.039798 0.077791 0.029145
v -0.031783 0.046531 -0.110966
v -0.031837 0.047134 -0.110019
v -0.032090 0.049939 -0.105605
v -0.032255 0.051597 -0.102713
v -0.032422 0.053267 -0.099796
v -0.032533 0.054249 -0.097864
v -0.032690 0.055635 -0.095142
v -0.032745 0.056129 -0.094169
v -0.038836 0.079380 0.012317
v -0.038644 0.079352 0.008975
v -0.038545 0.079338 0.007237
v -0.038486 0.079329 0.006211
v -0.039131 0.079166 0.017486
v -0.033092 0.058845 -0.088067
v -0.033151 0.059248 -0.087028
v -0.033180 0.059441 -0.086528
v -0.033428 0.061128 -0.082169
v -0.033474 0.061398 -0.081368
v -0.038125 0.078981 -0.000106
v -0.038070 0.078885 -0.001080
v -0.037900 0.078595 -0.004029
v -0.033661 0.062497 -0.078103
v -0.033758 0.063063 -0.076422
v -0.033796 0.063284 -0.075764
v -0.034036 0.064508 -0.071578
v -0.034209 0.065391 -0.068560
v -0.034244 0.065546 -0.067957
v -0.034308 0.065828 -0.066859
v -0.036877 0.075941 -0.021918
v -0.034857 0.068215 -0.057268
v -0.035068 0.069072 -0.053579
v -0.035140 0.069364 -0.052319
v -0.035297 0.070004 -0.049560
v -0.035431 0.070526 -0.047227
v -0.035672 0.071473 -0.042993
v -0.036868 0.075909 -0.022073
v -0.036465 0.074464 -0.029126
v -0.034686 0.067519 -0.060267
v -0.034579 0.067043 -0.062123
v -0.035744 0.071751 -0.041727
v -0.035749 0.071767 -0.041656
v -0.036088 0.073071 -0.035736
v -0.036229 0.073614 -0.033266
v -0.030417 -0.000445 -0.134900
v -0.030428 -0.004412 -0.134716
v -0.030417 -0.000751 -0.134899
v -0.031442 -0.043174 -0.116989
v -0.031428 -0.042918 -0.117257
v -0.031443 -0.042703 -0.116991
v -0.031428 -0.042489 -0.117241
v -0.030426 -0.004683 -0.134729
v -0.030436 -0.005666 -0.134564
v -0.030437 -0.006102 -0.134559
v -0.030457 -0.008533 -0.134214
v -0.030457 -0.008963 -0.134214
v -0.031450 -0.043299 -0.116856
v -0.031460 -0.043428 -0.116689
v -0.041470 -0.067819 0.058308
v -0.041596 -0.066390 0.060514
v -0.041714 -0.065052 0.062579
v -0.041866 -0.063089 0.065228
v -0.041949 -0.062011 0.066684
v -0.042117 -0.059518 0.069635
v -0.042170 -0.058733 0.070564
v -0.042351 -0.055693 0.073727
v -0.042766 -0.046890 0.080969
v -0.042769 -0.047248 0.081027
v -0.042771 -0.046747 0.081069
v -0.042820 -0.045817 0.081929
v -0.042926 -0.042228 0.083781
v -0.042946 -0.041976 0.084137
v -0.042947 -0.041541 0.084138
v -0.042971 -0.041239 0.084560
v -0.043065 -0.037541 0.086215
v -0.043105 -0.036487 0.086913
v -0.030488 -0.011292 -0.133664
v -0.030503 -0.012648 -0.133394
v -0.030506 -0.013288 -0.133344
v -0.030568 -0.016725 -0.132266
v -0.030571 -0.017292 -0.132214
v -0.030571 -0.016856 -0.132219
v -0.030575 -0.017539 -0.132145
v -0.030653 -0.020911 -0.130774
v -0.030668 -0.021973 -0.130522
v -0.030689 -0.022329 -0.130155
v -0.030688 -0.022765 -0.130164
v -0.030756 -0.025014 -0.128980
v -0.030780 -0.026333 -0.128551
v -0.030836 -0.027680 -0.127597
v -0.030836 -0.028117 -0.127590
v -0.030878 -0.029116 -0.126853
v -0.030913 -0.030613 -0.126245
v -0.031009 -0.032887 -0.124566
v -0.031011 -0.033323 -0.124532
v -0.031020 -0.033224 -0.124361
v -0.031067 -0.034868 -0.123556
v -0.042539 -0.052168 0.077012
v -0.042380 -0.055214 0.074226
v -0.043553 -0.000417 0.094759
v -0.043552 -0.001728 0.094743
v -0.043552 -0.001715 0.094750
v -0.043550 -0.003061 0.094707
v -0.043551 -0.003053 0.094721
v -0.043547 -0.004390 0.094650
v -0.043544 -0.005720 0.094601
v -0.043540 -0.006146 0.094536
v -0.043540 -0.006581 0.094522
v -0.043537 -0.007040 0.094477
v -0.043517 -0.011013 0.094118
v -0.043504 -0.012302 0.093889
v -0.043502 -0.012717 0.093855
v -0.043452 -0.017524 0.092976
v -0.041309 -0.069401 0.055490
v -0.041286 -0.069623 0.055096
v -0.041215 -0.070327 0.053842
v -0.041003 -0.072104 0.050151
v -0.042762 -0.047427 0.080902
v -0.042577 -0.051442 0.077675
v -0.042568 -0.051632 0.077501
v -0.043471 -0.016246 0.093312
v -0.043439 -0.018794 0.092758
v -0.043440 -0.018361 0.092777
v -0.043407 -0.021426 0.092185
v -0.043382 -0.022666 0.091750
v -0.043353 -0.024786 0.091237
v -0.043352 -0.024349 0.091239
v -0.043324 -0.026558 0.090737
v -0.043294 -0.027733 0.090211
v -0.043242 -0.030667 0.089296
v -0.043241 -0.030226 0.089283
v -0.043223 -0.031600 0.088970
v -0.043187 -0.032707 0.088359
v -0.043106 -0.035964 0.086914
v -0.031145 -0.036323 -0.122194
v -0.031176 -0.037110 -0.121645
v -0.031213 -0.038356 -0.121007
v -0.031213 -0.037920 -0.120998
v -0.031238 -0.038945 -0.120575
v -0.031356 -0.041058 -0.118495
v -0.031418 -0.042290 -0.117427
v -0.040950 -0.072561 0.049200
v -0.040680 -0.074476 0.044483
v -0.040674 -0.074515 0.044388
v -0.040388 -0.076192 0.039393
v -0.040333 -0.076453 0.038428
v -0.040217 -0.077000 0.036405
v -0.040099 -0.077561 0.034333
v -0.039964 -0.078054 0.031970
v -0.039798 -0.078656 0.029083
v -0.039567 -0.079260 0.025045
v -0.039483 -0.079480 0.023566
v -0.039315 -0.079756 0.020622
v -0.039172 -0.079992 0.018120
v -0.039137 -0.080017 0.017501
v -0.038828 -0.080238 0.012117
v -0.038076 -0.079747 -0.001045
v -0.037906 -0.079450 -0.004006
v -0.031787 -0.047408 -0.110966
v -0.031842 -0.048017 -0.110006
v -0.032100 -0.050877 -0.105500
v -0.032261 -0.052477 -0.102703
v -0.032427 -0.054147 -0.099785
v -0.032537 -0.055130 -0.097851
v -0.032693 -0.056515 -0.095123
v -0.032753 -0.057048 -0.094074
v -0.033093 -0.059682 -0.088144
v -0.033158 -0.060121 -0.087005
v -0.033186 -0.060312 -0.086510
v -0.033435 -0.061990 -0.082172
v -0.033482 -0.062267 -0.081349
v -0.038650 -0.080210 0.008996
v -0.038550 -0.080193 0.007257
v -0.038488 -0.080183 0.006166
v -0.038115 -0.079816 -0.000357
v -0.033668 -0.063367 -0.078081
v -0.033764 -0.063933 -0.076403
v -0.033804 -0.064168 -0.075705
v -0.034041 -0.065382 -0.071562
v -0.034218 -0.066281 -0.068490
v -0.034249 -0.066420 -0.067949
v -0.035071 -0.069951 -0.053555
v -0.034860 -0.069094 -0.057252
v -0.036470 -0.075334 -0.029097
v -0.036861 -0.076736 -0.022273
v -0.036873 -0.076774 -0.022058
v -0.037734 -0.079151 -0.007007
v -0.034312 -0.066704 -0.066845
v -0.034583 -0.067920 -0.062109
v -0.034687 -0.068394 -0.060266
v -0.036209 -0.074397 -0.033661
v -0.036090 -0.073938 -0.035740
v -0.035755 -0.072641 -0.041617
v -0.035750 -0.072621 -0.041707
v -0.035671 -0.072317 -0.043087
v -0.035434 -0.071400 -0.047214
v -0.035304 -0.070891 -0.049502
v -0.035143 -0.070242 -0.052301
v 0.019406 -0.046160 0.046863
v 0.024116 -0.046001 0.039895
v 0.027795 -0.045827 0.032253
v 0.031677 -0.045468 0.015939
v 0.032015 -0.045288 0.007629
v 0.016146 -0.044124 -0.046546
v 0.004200 -0.043687 -0.067253
v -0.040699 -0.046730 0.080512
v -0.036509 -0.046867 0.079239
v -0.036488 -0.046692 0.079320
v -0.038904 -0.046715 0.080029
v -0.032032 -0.046650 0.078012
v -0.028808 -0.046838 0.076845
v -0.031375 -0.046643 0.077819
v -0.021146 -0.046522 0.074275
v -0.023477 -0.046551 0.075155
v -0.021191 -0.046788 0.074138
v -0.024355 -0.046563 0.075487
v -0.028776 -0.046614 0.076956
v -0.017977 -0.046481 0.073080
v -0.013680 -0.046717 0.071044
v -0.015087 -0.046438 0.071841
v -0.006335 -0.046301 0.067756
v -0.006908 -0.046310 0.068036
v -0.006314 -0.046635 0.067470
v -0.011920 -0.046391 0.070484
v -0.013614 -0.046416 0.071209
v 0.000791 -0.046541 0.063348
v -0.001169 -0.046207 0.064878
v -0.006210 -0.046298 0.067686
v 0.003533 -0.046112 0.061892
v 0.000917 -0.046165 0.063553
v 0.000910 -0.046165 0.063558
v 0.007523 -0.046430 0.058609
v 0.004356 -0.046093 0.061295
v 0.004207 -0.046488 0.061064
v 0.010927 -0.045936 0.056220
v 0.008305 -0.046003 0.058385
v 0.007828 -0.046014 0.058779
v 0.007707 -0.046016 0.058866
v 0.016962 -0.045760 0.050324
v 0.015050 -0.045819 0.052389
v 0.013800 -0.046303 0.053120
v 0.014019 -0.045849 0.053362
v 0.010725 -0.046369 0.055968
v 0.011762 -0.045913 0.055492
v 0.011441 -0.045922 0.055795
v 0.022191 -0.045576 0.043696
v 0.020895 -0.045626 0.045547
v 0.020640 -0.045636 0.045911
v 0.019683 -0.045669 0.047097
v 0.016709 -0.046234 0.050078
v 0.018087 -0.045724 0.049072
v 0.017863 -0.045732 0.049351
v 0.023419 -0.045526 0.041815
v 0.021880 -0.046083 0.043470
v 0.022888 -0.045549 0.042702
v 0.026099 -0.045915 0.036138
v 0.026451 -0.045386 0.036321
v 0.025656 -0.045426 0.037904
v 0.025089 -0.045453 0.039035
v 0.024449 -0.045481 0.040101
v 0.028178 -0.045290 0.032416
v 0.027588 -0.045325 0.033834
v 0.027052 -0.045356 0.035125
v 0.029188 -0.045740 0.028287
v 0.029576 -0.045193 0.028418
v 0.029177 -0.045222 0.029618
v 0.028515 -0.045270 0.031605
v 0.030296 -0.045650 0.024241
v 0.030709 -0.045097 0.024348
v 0.030464 -0.045119 0.025300
v 0.029962 -0.045165 0.027260
v 0.031123 -0.045559 0.020111
v 0.031538 -0.045003 0.020190
v 0.031407 -0.045019 0.020892
v 0.030901 -0.045079 0.023597
v 0.032084 -0.044909 0.015989
v 0.032034 -0.044918 0.016428
v 0.031690 -0.044984 0.019375
v 0.031967 -0.045378 0.011773
v 0.032368 -0.044818 0.011798
v 0.032362 -0.044820 0.011931
v 0.032231 -0.044881 0.014730
v 0.032410 -0.044729 0.007631
v 0.032457 -0.044776 0.009885
v 0.032201 -0.044631 0.002913
v 0.032247 -0.044643 0.003483
v 0.031841 -0.045199 0.003501
v 0.032350 -0.044669 0.004755
v 0.032405 -0.044724 0.007421
v 0.031993 -0.044578 0.000323
v 0.031461 -0.045111 -0.000610
v 0.031862 -0.044558 -0.000647
v 0.031071 -0.044451 -0.006043
v 0.030892 -0.045024 -0.004692
v 0.030666 -0.044407 -0.008263
v 0.030151 -0.044937 -0.008738
v 0.031302 -0.044476 -0.004769
v 0.031305 -0.044477 -0.004751
v 0.031735 -0.044540 -0.001577
v 0.029421 -0.044300 -0.013732
v 0.030164 -0.044364 -0.010468
v 0.030541 -0.044397 -0.008809
v 0.027863 -0.044190 -0.019291
v 0.028573 -0.044240 -0.016759
v 0.028221 -0.044769 -0.016668
v 0.029106 -0.044278 -0.014859
v 0.026142 -0.044087 -0.024504
v 0.026474 -0.044107 -0.023500
v 0.025783 -0.044603 -0.024388
v 0.022917 -0.044441 -0.031929
v 0.023290 -0.043942 -0.031954
v 0.023646 -0.043959 -0.031123
v 0.026029 -0.044081 -0.024848
v 0.019683 -0.044281 -0.039319
v 0.020843 -0.043830 -0.037652
v 0.023247 -0.043940 -0.032055
v 0.017622 -0.043697 -0.044404
v 0.019623 -0.043780 -0.040209
v 0.019985 -0.043795 -0.039450
v 0.011227 -0.043463 -0.056201
v 0.012632 -0.043512 -0.053740
v 0.012362 -0.043975 -0.053597
v 0.013772 -0.043552 -0.051744
v 0.015585 -0.043619 -0.048288
v 0.016427 -0.043651 -0.046682
v 0.008634 -0.043375 -0.060646
v 0.009379 -0.043399 -0.059434
v 0.008368 -0.043830 -0.060493
v 0.006600 -0.043309 -0.063957
v 0.004619 -0.043244 -0.067183
v -0.004334 -0.042980 -0.080584
v -0.003285 -0.043009 -0.079072
v -0.004551 -0.043410 -0.080439
v -0.001057 -0.043072 -0.075854
v 0.004466 -0.043239 -0.067416
v -0.007672 -0.042885 -0.085402
v -0.013712 -0.043149 -0.093286
v -0.013505 -0.042730 -0.093435
v -0.024544 -0.042456 -0.108260
v -0.015893 -0.042667 -0.096723
v -0.013758 -0.042724 -0.093783
v 0.042182 0.011793 -0.015497
v 0.044216 0.011838 -0.006186
v 0.045006 0.005937 -0.005731
v 0.043003 0.005914 -0.015077
v 0.040277 0.005892 -0.024238
v 0.039433 0.011750 -0.024622
v -0.026393 0.027718 -0.121622
v -0.029055 0.032898 -0.121945
v -0.017900 0.033084 -0.107172
v 0.013704 0.005770 -0.074876
v 0.013985 -0.000004 -0.074806
v 0.002860 -0.000005 -0.090379
v -0.026395 -0.027734 -0.121616
v -0.024200 -0.022389 -0.121353
v -0.020262 -0.000008 -0.120888
v -0.020510 0.005671 -0.120918
v -0.021252 0.011317 -0.121005
v -0.024198 0.022373 -0.121358
v -0.005383 0.041368 0.070719
v -0.038698 0.036002 0.085809
v -0.037888 0.030265 0.087964
v -0.037219 0.024387 0.089739
v -0.036698 0.018395 0.091126
v -0.036324 0.012317 0.092122
v -0.036099 0.006182 0.092722
v -0.036024 0.000018 0.092923
v -0.036099 -0.006146 0.092724
v -0.036325 -0.012281 0.092125
v -0.036699 -0.018359 0.091131
v -0.037221 -0.024351 0.089744
v -0.037890 -0.030229 0.087971
v -0.038701 -0.035968 0.085817
v 0.002569 -0.041259 0.066234
v 0.035220 -0.040126 0.005108
v 0.030006 -0.039633 -0.021712
v 0.010359 -0.038885 -0.062854
v -0.021176 -0.038117 -0.107710
v -0.010221 -0.038356 -0.093070
v 0.000390 -0.038612 -0.078179
v 0.005474 -0.038747 -0.070581
v 0.014999 -0.039026 -0.054978
v 0.019348 -0.039172 -0.046937
v 0.023346 -0.039322 -0.038718
v 0.026924 -0.039476 -0.030312
v 0.032495 -0.039794 -0.012924
v 0.034277 -0.039958 -0.003971
v 0.033482 -0.039875 -0.008467
v 0.034862 -0.040041 0.000557
v 0.035330 -0.040209 0.009671
v 0.035175 -0.040294 0.014233
v 0.034735 -0.040378 0.018776
v 0.033996 -0.040462 0.023280
v 0.032943 -0.040544 0.027721
v 0.031568 -0.040625 0.032074
v 0.029871 -0.040704 0.036313
v 0.027853 -0.040780 0.040408
v 0.025527 -0.040854 0.044338
v 0.022913 -0.040924 0.048083
v 0.020032 -0.040990 0.051628
v 0.016912 -0.041052 0.054965
v 0.013579 -0.041110 0.058089
v 0.010061 -0.041163 0.061004
v -0.005386 -0.041340 0.070728
v -0.013671 -0.041407 0.074585
v -0.022189 -0.041461 0.077904
v -0.030864 -0.041504 0.080778
v -0.039650 -0.041539 0.083294
v -0.039648 0.041573 0.083285
v -0.030861 0.041538 0.080768
v -0.022186 0.041493 0.077894
v -0.013669 0.041437 0.074575
v 0.002572 0.041287 0.066224
v 0.006386 0.041240 0.063706
v 0.010064 0.041189 0.060994
v 0.013582 0.041134 0.058079
v 0.016915 0.041076 0.054955
v 0.020035 0.041012 0.051618
v 0.022916 0.040946 0.048074
v 0.025530 0.040874 0.044328
v 0.027856 0.040800 0.040398
v 0.029874 0.040722 0.036303
v 0.031571 0.040643 0.032064
v 0.032946 0.040560 0.027711
v 0.033999 0.040476 0.023270
v 0.034738 0.040392 0.018766
v 0.035178 0.040306 0.014223
v 0.035333 0.040221 0.009661
v 0.035223 0.040136 0.005099
v 0.034865 0.040051 0.000547
v 0.034280 0.039966 -0.003980
v 0.033484 0.039883 -0.008476
v 0.032498 0.039800 -0.012934
v 0.030009 0.039637 -0.021722
v 0.026927 0.039478 -0.030322
v 0.023349 0.039322 -0.038728
v 0.019351 0.039172 -0.046947
v 0.015002 0.039024 -0.054988
v 0.010361 0.038881 -0.062863
v 0.000393 0.038606 -0.078188
v 0.005477 0.038741 -0.070591
v -0.010218 0.038346 -0.093079
v -0.021173 0.038105 -0.107719
v -0.022483 0.016895 -0.121153
v -0.020510 -0.005687 -0.120916
v -0.021253 -0.011333 -0.121003
v -0.029058 -0.032914 -0.121938
v -0.017902 -0.033096 -0.107164
v -0.015108 0.027870 -0.106708
v -0.006787 0.033287 -0.092367
v 0.019269 -0.000003 -0.066827
v 0.018984 0.005789 -0.066906
v 0.024296 -0.000002 -0.058685
v 0.024008 0.005808 -0.058771
v 0.029006 -0.000001 -0.050355
v 0.028717 0.005828 -0.050452
v 0.033338 -0.000000 -0.041821
v 0.033049 0.005849 -0.041927
v 0.037216 0.000001 -0.033073
v 0.036929 0.005870 -0.033191
v 0.040559 0.000002 -0.024109
v 0.043277 0.000003 -0.014936
v 0.045270 0.000004 -0.005578
v 0.036072 0.011707 -0.033540
v 0.032184 0.011666 -0.042245
v 0.027850 0.011625 -0.050738
v 0.023145 0.011586 -0.059030
v 0.018129 0.011548 -0.067139
v 0.012861 0.011511 -0.075086
v 0.002588 0.005735 -0.090436
v -0.008683 -0.000006 -0.105647
v 0.045702 0.005948 -0.001002
v 0.044931 0.011860 -0.001475
v 0.046177 0.005960 0.003754
v 0.045425 0.011884 0.003266
v 0.046414 0.005971 0.008527
v 0.045684 0.011907 0.008024
v 0.046399 0.005984 0.013307
v 0.045692 0.011930 0.012789
v 0.046118 0.005995 0.018079
v 0.045437 0.011953 0.017547
v 0.045558 0.006008 0.022825
v 0.044902 0.011977 0.022281
v 0.044707 0.006020 0.027528
v 0.044077 0.012001 0.026975
v 0.043556 0.006031 0.032167
v 0.042951 0.012024 0.031604
v 0.042097 0.006044 0.036718
v 0.041519 0.012048 0.036148
v 0.040329 0.006055 0.041158
v 0.039776 0.012070 0.040583
v 0.038256 0.006066 0.045464
v 0.037725 0.012092 0.044884
v 0.035882 0.006078 0.049612
v 0.035374 0.012113 0.049029
v 0.033223 0.006087 0.053584
v 0.032736 0.012134 0.052998
v 0.030297 0.006098 0.057362
v 0.029830 0.012154 0.056774
v 0.027123 0.006107 0.060935
v 0.026674 0.012171 0.060345
v 0.023724 0.006116 0.064297
v 0.023293 0.012189 0.063704
v 0.020128 0.006124 0.067444
v 0.019713 0.012204 0.066851
v 0.016355 0.006132 0.070379
v 0.015957 0.012220 0.069785
v 0.008377 0.006145 0.075642
v -0.026875 0.006177 0.090207
v -0.026791 0.000018 0.090408
v -0.017757 0.006172 0.087338
v -0.017663 0.000017 0.087540
v -0.008791 0.006165 0.084023
v -0.008687 0.000016 0.084223
v -0.000048 0.006155 0.080157
v 0.000065 0.000015 0.080358
v 0.008500 0.000015 0.075842
v 0.016488 0.000014 0.070579
v 0.020265 0.000013 0.067643
v 0.023868 0.000013 0.064494
v 0.027272 0.000012 0.061132
v 0.030453 0.000012 0.057559
v 0.033386 0.000011 0.053779
v 0.036052 0.000011 0.049807
v 0.038432 0.000010 0.045658
v 0.040515 0.000009 0.041351
v 0.042291 0.000009 0.036908
v 0.043758 0.000008 0.032355
v 0.044918 0.000008 0.027714
v 0.045777 0.000007 0.023008
v 0.046346 0.000006 0.018257
v 0.046635 0.000006 0.013481
v 0.046657 0.000005 0.008697
v 0.046428 0.000005 0.003918
v -0.027128 0.012309 0.089607
v -0.018038 0.012299 0.086739
v -0.009100 0.012284 0.083422
v -0.000386 0.012267 0.079559
v 0.008010 0.012245 0.075045
v 0.012048 0.012233 0.072513
v -0.027549 0.018383 0.088612
v -0.018504 0.018367 0.085743
v -0.009613 0.018346 0.082427
v -0.000948 0.018319 0.078564
v 0.007399 0.018287 0.074053
v 0.011412 0.018268 0.071525
v 0.015294 0.018249 0.068798
v 0.019023 0.018226 0.065866
v 0.022577 0.018203 0.062723
v 0.025928 0.018176 0.059365
v 0.029053 0.018149 0.055798
v 0.031927 0.018120 0.052025
v 0.034530 0.018089 0.048060
v 0.036844 0.018058 0.043922
v 0.038855 0.018024 0.039627
v 0.040557 0.017991 0.035202
v 0.041947 0.017956 0.030670
v 0.043029 0.017921 0.026055
v 0.043812 0.017886 0.021378
v 0.044304 0.017850 0.016663
v 0.044519 0.017816 0.011927
v 0.044471 0.017780 0.007186
v 0.044175 0.017746 0.002453
v 0.043648 0.017711 -0.002259
v 0.042902 0.017677 -0.006942
v 0.040817 0.017610 -0.016194
v 0.038032 0.017545 -0.025261
v 0.034645 0.017481 -0.034122
v 0.030745 0.017419 -0.042772
v 0.026408 0.017358 -0.051215
v 0.021710 0.017300 -0.059459
v 0.016708 0.017242 -0.067525
v 0.011460 0.017187 -0.075433
v 0.001777 0.011441 -0.090602
v -0.008943 0.005702 -0.105690
v -0.028134 0.024370 0.087225
v -0.019155 0.024349 0.084356
v -0.010330 0.024320 0.081039
v -0.001731 0.024284 0.077178
v 0.006546 0.024240 0.072671
v 0.010524 0.024215 0.070144
v 0.014370 0.024187 0.067420
v 0.018062 0.024158 0.064491
v 0.021577 0.024126 0.061352
v 0.024887 0.024092 0.057998
v 0.027969 0.024055 0.054435
v 0.030798 0.024016 0.050668
v 0.033352 0.023975 0.046709
v 0.035614 0.023933 0.042578
v 0.037569 0.023888 0.038294
v 0.039214 0.023843 0.033882
v 0.040546 0.023797 0.029366
v 0.041567 0.023749 0.024770
v 0.042289 0.023703 0.020117
v 0.042722 0.023655 0.015429
v 0.042880 0.023608 0.010724
v 0.042778 0.023561 0.006016
v 0.042432 0.023515 0.001319
v 0.041857 0.023468 -0.003354
v 0.041069 0.023422 -0.007998
v 0.038912 0.023332 -0.017168
v 0.036074 0.023244 -0.026153
v 0.032654 0.023160 -0.034934
v 0.028736 0.023077 -0.043508
v 0.024397 0.022996 -0.051879
v 0.019708 0.022917 -0.060059
v 0.014726 0.022840 -0.068065
v 0.009506 0.022766 -0.075919
v 0.000428 0.017082 -0.090879
v -0.009719 0.011377 -0.105817
v -0.028884 0.030243 0.085449
v -0.019987 0.030214 0.082579
v -0.011248 0.030178 0.079263
v -0.002735 0.030132 0.075403
v 0.005454 0.030076 0.070900
v 0.009387 0.030045 0.068376
v 0.013188 0.030009 0.065656
v 0.016832 0.029972 0.062731
v 0.020296 0.029931 0.059596
v 0.023555 0.029888 0.056247
v 0.026582 0.029841 0.052689
v 0.029351 0.029793 0.048928
v 0.031843 0.029741 0.044978
v 0.034039 0.029687 0.040857
v 0.035923 0.029631 0.036586
v 0.037494 0.029573 0.032189
v 0.038749 0.029516 0.027694
v 0.039694 0.029456 0.023123
v 0.040339 0.029397 0.018501
v 0.040695 0.029337 0.013848
v 0.040780 0.029279 0.009181
v 0.040608 0.029219 0.004516
v 0.040195 0.029160 -0.000133
v 0.039561 0.029102 -0.004759
v 0.038718 0.029044 -0.009351
v 0.036471 0.028930 -0.018417
v 0.033565 0.028820 -0.027296
v 0.030101 0.028713 -0.035975
v 0.026162 0.028608 -0.044451
v 0.021819 0.028505 -0.052732
v 0.017143 0.028406 -0.060828
v 0.012187 0.028309 -0.068758
v 0.007004 0.028215 -0.076541
v -0.001454 0.022625 -0.091267
v -0.011009 0.016985 -0.106030
v -0.029793 0.035975 0.083294
v -0.020999 0.035938 0.080422
v -0.012362 0.035892 0.077106
v -0.003954 0.035836 0.073247
v 0.004128 0.035767 0.068748
v 0.008006 0.035728 0.066227
v 0.011750 0.035686 0.063512
v 0.015337 0.035640 0.060592
v 0.018740 0.035590 0.057461
v 0.021935 0.035538 0.054118
v 0.024895 0.035481 0.050566
v 0.027594 0.035421 0.046812
v 0.030009 0.035358 0.042872
v 0.032122 0.035292 0.038763
v 0.033922 0.035225 0.034507
v 0.035403 0.035155 0.030131
v 0.036564 0.035085 0.025661
v 0.037414 0.035013 0.021120
v 0.037966 0.034941 0.016534
v 0.038229 0.034869 0.011924
v 0.038224 0.034796 0.007304
v 0.037967 0.034725 0.002692
v 0.037476 0.034653 -0.001902
v 0.036768 0.034583 -0.006467
v 0.035858 0.034513 -0.010999
v 0.033499 0.034375 -0.019936
v 0.030513 0.034240 -0.028687
v 0.026997 0.034109 -0.037241
v 0.023029 0.033982 -0.045598
v 0.018684 0.033858 -0.053768
v 0.014024 0.033737 -0.061763
v 0.009101 0.033619 -0.069600
v 0.003962 0.033504 -0.077298
v -0.003862 0.028036 -0.091763
v -0.012807 0.022494 -0.106327
v -0.029796 -0.035941 0.083302
v -0.021002 -0.035906 0.080431
v -0.012365 -0.035862 0.077114
v -0.003956 -0.035806 0.073256
v 0.004126 -0.035739 0.068756
v 0.005452 -0.030048 0.070907
v -0.002737 -0.030102 0.075410
v -0.011250 -0.030146 0.079270
v -0.019989 -0.030182 0.082587
v -0.028886 -0.030209 0.085457
v 0.008377 -0.006115 0.075643
v 0.012048 -0.012205 0.072516
v 0.016355 -0.006104 0.070381
v 0.015956 -0.012192 0.069788
v 0.020127 -0.006097 0.067446
v 0.019712 -0.012178 0.066854
v 0.023723 -0.006090 0.064298
v 0.023292 -0.012163 0.063707
v 0.027122 -0.006083 0.060936
v 0.026673 -0.012147 0.060348
v 0.030296 -0.006074 0.057364
v 0.029829 -0.012129 0.056777
v 0.033222 -0.006065 0.053585
v 0.032735 -0.012112 0.053001
v 0.035882 -0.006055 0.049614
v 0.035373 -0.012093 0.049032
v 0.038255 -0.006046 0.045466
v 0.037724 -0.012072 0.044887
v 0.040328 -0.006036 0.041160
v 0.039775 -0.012052 0.040586
v 0.042097 -0.006025 0.036719
v 0.041518 -0.012030 0.036151
v 0.043555 -0.006015 0.032168
v 0.042950 -0.012008 0.031607
v 0.044707 -0.006004 0.027529
v 0.044076 -0.011985 0.026978
v 0.045557 -0.005993 0.022826
v 0.044901 -0.011963 0.022284
v 0.046118 -0.005983 0.018080
v 0.045436 -0.011941 0.017549
v 0.046399 -0.005972 0.013309
v 0.045692 -0.011918 0.012792
v 0.046414 -0.005961 0.008529
v 0.045683 -0.011896 0.008026
v 0.046177 -0.005950 0.003755
v 0.045425 -0.011874 0.003269
v 0.045005 -0.005929 -0.005730
v -0.026876 -0.006143 0.090209
v -0.027129 -0.012275 0.089610
v -0.017757 -0.006138 0.087340
v -0.018039 -0.012264 0.086742
v -0.008791 -0.006133 0.084024
v -0.009101 -0.012252 0.083425
v -0.000048 -0.006125 0.080159
v -0.000387 -0.012236 0.079562
v 0.008009 -0.012217 0.075048
v 0.009385 -0.030017 0.068383
v 0.008003 -0.035702 0.066236
v 0.013186 -0.029983 0.065663
v 0.011748 -0.035660 0.063520
v 0.016830 -0.029946 0.062738
v 0.015334 -0.035614 0.060600
v 0.020294 -0.029907 0.059603
v 0.018738 -0.035566 0.057469
v 0.023553 -0.029864 0.056254
v 0.021933 -0.035514 0.054126
v 0.026580 -0.029819 0.052696
v 0.024893 -0.035459 0.050574
v 0.029349 -0.029771 0.048935
v 0.027591 -0.035401 0.046821
v 0.031841 -0.029721 0.044985
v 0.030007 -0.035338 0.042880
v 0.034037 -0.029667 0.040864
v 0.032120 -0.035274 0.038771
v 0.035921 -0.029613 0.036593
v 0.033920 -0.035207 0.034516
v 0.037492 -0.029557 0.032196
v 0.035400 -0.035139 0.030139
v 0.038747 -0.029500 0.027701
v 0.036562 -0.035069 0.025669
v 0.039692 -0.029442 0.023130
v 0.037412 -0.034999 0.021128
v 0.040336 -0.029383 0.018508
v 0.037963 -0.034927 0.016543
v 0.040693 -0.029325 0.013855
v 0.038227 -0.034857 0.011932
v 0.040778 -0.029266 0.009188
v 0.038222 -0.034786 0.007312
v 0.040606 -0.029209 0.004523
v 0.037965 -0.034715 0.002700
v 0.040193 -0.029152 -0.000126
v 0.037473 -0.034645 -0.001894
v 0.039559 -0.029094 -0.004752
v 0.036765 -0.034575 -0.006459
v 0.038716 -0.029038 -0.009344
v 0.035856 -0.034506 -0.010991
v 0.036469 -0.028926 -0.018410
v 0.033497 -0.034371 -0.019928
v 0.033563 -0.028818 -0.027290
v 0.030511 -0.034238 -0.028679
v 0.030099 -0.028711 -0.035968
v 0.026994 -0.034109 -0.037232
v 0.026160 -0.028608 -0.044444
v 0.023027 -0.033982 -0.045590
v 0.021817 -0.028507 -0.052725
v 0.018682 -0.033860 -0.053760
v 0.017141 -0.028410 -0.060821
v 0.014022 -0.033741 -0.061755
v 0.012185 -0.028315 -0.068751
v 0.009098 -0.033625 -0.069592
v 0.007002 -0.028223 -0.076534
v 0.003959 -0.033512 -0.077290
v -0.003864 -0.028046 -0.091757
v -0.006789 -0.033297 -0.092359
v -0.015110 -0.027882 -0.106701
v -0.027550 -0.018349 0.088617
v -0.028135 -0.024336 0.087230
v -0.018505 -0.018333 0.085748
v -0.019157 -0.024315 0.084362
v -0.009615 -0.018314 0.082432
v -0.010332 -0.024288 0.081045
v -0.000949 -0.018289 0.078569
v -0.001733 -0.024254 0.077184
v 0.007397 -0.018258 0.074057
v 0.006545 -0.024212 0.072676
v 0.011410 -0.018240 0.071529
v 0.010522 -0.024187 0.070149
v 0.015293 -0.018220 0.068802
v 0.014369 -0.024161 0.067426
v 0.019022 -0.018200 0.065870
v 0.018061 -0.024132 0.064497
v 0.022575 -0.018176 0.062727
v 0.021575 -0.024102 0.061357
v 0.025927 -0.018152 0.059369
v 0.024885 -0.024068 0.058004
v 0.029051 -0.018126 0.055802
v 0.027968 -0.024033 0.054441
v 0.031925 -0.018098 0.052030
v 0.030796 -0.023994 0.050673
v 0.034529 -0.018069 0.048065
v 0.033351 -0.023955 0.046715
v 0.036843 -0.018038 0.043926
v 0.035612 -0.023913 0.042584
v 0.038853 -0.018006 0.039632
v 0.037568 -0.023870 0.038300
v 0.040556 -0.017973 0.035206
v 0.039212 -0.023825 0.033888
v 0.041945 -0.017940 0.030674
v 0.040544 -0.023780 0.029372
v 0.043028 -0.017907 0.026059
v 0.041565 -0.023735 0.024775
v 0.043811 -0.017872 0.021382
v 0.042288 -0.023689 0.020122
v 0.044303 -0.017838 0.016667
v 0.042720 -0.023643 0.015435
v 0.044518 -0.017804 0.011931
v 0.042878 -0.023596 0.010729
v 0.044470 -0.017770 0.007190
v 0.042776 -0.023551 0.006022
v 0.044174 -0.017736 0.002457
v 0.042430 -0.023505 0.001325
v 0.043647 -0.017703 -0.002255
v 0.041855 -0.023460 -0.003349
v 0.042901 -0.017669 -0.006938
v 0.041067 -0.023416 -0.007993
v 0.040816 -0.017604 -0.016190
v 0.038911 -0.023328 -0.017163
v 0.038030 -0.017541 -0.025257
v 0.036072 -0.023242 -0.026147
v 0.034644 -0.017479 -0.034118
v 0.032652 -0.023158 -0.034928
v 0.030744 -0.017419 -0.042768
v 0.028734 -0.023077 -0.043502
v 0.026407 -0.017360 -0.051211
v 0.024395 -0.022998 -0.051874
v 0.021709 -0.017304 -0.059455
v 0.019707 -0.022921 -0.060054
v 0.016707 -0.017248 -0.067521
v 0.014725 -0.022846 -0.068059
v 0.011459 -0.017195 -0.075429
v 0.009505 -0.022774 -0.075913
v 0.000427 -0.017092 -0.090875
v -0.001455 -0.022635 -0.091261
v -0.011010 -0.016997 -0.106026
v -0.012808 -0.022506 -0.106321
v -0.022484 -0.016911 -0.121149
v 0.044930 -0.011852 -0.001472
v 0.044215 -0.011830 -0.006183
v 0.043002 -0.005908 -0.015076
v 0.042182 -0.011787 -0.015494
v 0.040276 -0.005887 -0.024237
v 0.039433 -0.011746 -0.024620
v 0.036929 -0.005868 -0.033189
v 0.036071 -0.011705 -0.033538
v 0.033048 -0.005849 -0.041926
v 0.032183 -0.011666 -0.042242
v 0.028716 -0.005830 -0.050450
v 0.027849 -0.011627 -0.050735
v 0.024007 -0.005812 -0.058770
v 0.023144 -0.011590 -0.059027
v 0.018983 -0.005795 -0.066905
v 0.018128 -0.011554 -0.067136
v 0.013703 -0.005778 -0.074875
v 0.012860 -0.011519 -0.075083
v 0.002588 -0.005744 -0.090435
v 0.001776 -0.011451 -0.090599
v -0.008943 -0.005714 -0.105689
v -0.009720 -0.011389 -0.105815
vn 0.3138 0.9492 -0.0221
vn 0.3147 0.6756 0.6667
vn 0.4026 0.7493 0.5258
vn 0.5632 0.8085 0.1708
vn 0.2661 0.9636 -0.0254
vn 0.2499 0.9680 0.0223
vn 0.1935 0.8922 0.4080
vn 0.2501 0.8192 0.5161
vn 0.2470 0.7875 0.5646
vn 0.2437 0.7512 0.6135
vn 0.2146 0.6728 0.7080
vn 0.2133 0.6165 0.7579
vn 0.2083 0.5936 0.7773
vn 0.2185 0.5937 0.7745
vn 0.2233 0.6172 0.7545
vn 0.2150 0.6268 0.7490
vn 0.2150 0.6266 0.7491
vn 0.2360 0.7473 0.6211
vn 0.2568 0.7476 0.6125
vn 0.2051 0.7179 0.6653
vn 0.2386 0.8545 0.4614
vn 0.1917 0.8922 0.4089
vn 0.2538 0.8790 0.4038
vn 0.2752 0.8964 0.3474
vn 0.2877 0.9122 0.2918
vn 0.2311 0.9278 0.2927
vn 0.2692 0.9232 0.2745
vn 0.2688 0.9332 0.2386
vn 0.2651 0.9465 0.1839
vn 0.2786 0.9520 0.1272
vn 0.2647 0.9548 0.1355
vn 0.2625 0.9565 0.1273
vn 0.2669 0.9620 0.0581
vn 0.3170 0.9481 0.0261
vn 0.2507 0.9653 0.0735
vn 0.2478 0.9658 -0.0756
vn 0.2385 0.9686 -0.0708
vn 0.2381 0.9687 -0.0705
vn 0.2166 0.9650 -0.1479
vn 0.2170 0.9648 -0.1483
vn 0.2371 0.9633 -0.1258
vn 0.2078 0.9716 -0.1131
vn 0.2079 0.9716 -0.1132
vn 0.2206 0.9592 -0.1769
vn 0.2209 0.9591 -0.1771
vn 0.2221 0.9552 -0.1956
vn 0.2249 0.9540 -0.1984
vn 0.1979 0.9608 -0.1943
vn 0.2043 0.9578 -0.2021
vn 0.1953 0.9632 -0.1846
vn 0.2100 0.9578 -0.1964
vn 0.2098 0.9578 -0.1963
vn 0.1975 0.9581 -0.2074
vn 0.1990 0.9573 -0.2095
vn 0.1948 0.9601 -0.2008
vn 0.1981 0.9589 -0.2031
vn 0.1979 0.9590 -0.2029
vn 0.2473 0.9417 -0.2282
vn 0.1948 0.9581 -0.2099
vn 0.2852 0.9251 -0.2508
vn 0.3421 0.8979 -0.2771
vn 0.3915 0.8681 -0.3053
vn 0.3986 0.8646 -0.3058
vn 0.3831 0.8834 -0.2698
vn 0.3829 0.8836 -0.2694
vn 0.5032 0.7749 -0.3824
vn 0.4830 0.7942 -0.3686
vn 0.4553 0.8236 -0.3383
vn 0.3478 0.8663 -0.3586
vn 0.3479 0.8662 -0.3587
vn 0.5177 0.7584 -0.3961
vn 0.5047 0.7837 -0.3620
vn 0.5176 0.7584 -0.3961
vn 0.5463 0.7291 -0.4122
vn 0.5509 0.7212 -0.4199
vn 0.5714 0.7001 -0.4281
vn 0.5715 0.7002 -0.4280
vn 0.5534 0.7183 -0.4216
vn 0.5679 0.7007 -0.4319
vn 0.5750 0.6878 -0.4431
vn 0.5724 0.7089 -0.4121
vn 0.5700 0.7232 -0.3899
vn 0.5724 0.7088 -0.4123
vn 0.5798 0.7244 -0.3730
vn 0.5876 0.7405 -0.3262
vn 0.5863 0.7294 -0.3526
vn 0.5864 0.7296 -0.3520
vn 0.5675 0.7382 -0.3645
vn 0.5926 0.7352 -0.3290
vn 0.5933 0.7459 -0.3027
vn 0.5988 0.7404 -0.3053
vn 0.6033 0.7451 -0.2842
vn 0.5993 0.7514 -0.2761
vn 0.5992 0.7517 -0.2755
vn 0.6120 0.7603 -0.2176
vn 0.6120 0.7601 -0.2184
vn 0.6074 0.7536 -0.2516
vn 0.6059 0.7557 -0.2485
vn 0.6121 0.7601 -0.2181
vn 0.6103 0.7628 -0.2139
vn 0.6164 0.7652 -0.1857
vn 0.6184 0.7707 -0.1538
vn 0.6183 0.7708 -0.1531
vn 0.6116 0.7726 -0.1706
vn 0.6163 0.7653 -0.1857
vn 0.6164 0.7652 -0.1859
vn 0.6167 0.7823 -0.0877
vn 0.6142 0.7800 -0.1197
vn 0.6138 0.7801 -0.1211
vn 0.6132 0.7808 -0.1196
vn 0.6131 0.7810 -0.1193
vn 0.6190 0.7823 -0.0695
vn 0.6089 0.7931 -0.0164
vn 0.6122 0.7889 -0.0538
vn 0.6123 0.7888 -0.0534
vn 0.6088 0.7908 -0.0642
vn 0.6159 0.7833 -0.0848
vn 0.6167 0.7823 -0.0875
vn 0.5967 0.8022 0.0206
vn 0.6082 0.7914 0.0617
vn 0.6081 0.7914 0.0618
vn 0.5960 0.8027 0.0215
vn 0.6222 0.7827 -0.0168
vn 0.6218 0.7830 -0.0159
vn 0.5936 0.7983 0.1018
vn 0.5628 0.8086 0.1715
vn 0.5634 0.8085 0.1702
vn 0.5675 0.8079 0.1592
vn 0.5869 0.7977 0.1386
vn 0.5871 0.7976 0.1382
vn 0.5486 0.8088 0.2120
vn 0.5319 0.8080 0.2535
vn 0.5316 0.8080 0.2540
vn 0.5138 0.8058 0.2944
vn 0.4966 0.8019 0.3321
vn 0.4967 0.8019 0.3321
vn 0.5275 0.8016 0.2814
vn 0.5143 0.8058 0.2937
vn 0.5145 0.8058 0.2934
vn 0.4686 0.8081 0.3569
vn 0.5961 0.7776 0.2000
vn 0.4770 0.7967 0.3713
vn 0.4504 0.7673 0.4565
vn 0.4503 0.7673 0.4566
vn 0.4502 0.7673 0.4566
vn 0.4490 0.7982 0.4015
vn 0.4911 0.7824 0.3829
vn 0.4905 0.7825 0.3836
vn 0.4351 0.7510 0.4967
vn 0.4543 0.7519 0.4777
vn 0.4080 0.7822 0.4708
vn 0.4068 0.7827 0.4710
vn 0.4180 0.7274 0.5442
vn 0.3625 0.7660 0.5309
vn 0.4030 0.7491 0.5258
vn 0.3377 0.6985 0.6309
vn 0.3351 0.6983 0.6325
vn 0.3631 0.7111 0.6021
vn 0.3679 0.7273 0.5793
vn 0.3878 0.7254 0.5686
vn 0.3865 0.7254 0.5696
vn 0.3441 0.6774 0.6501
vn 0.2939 0.7179 0.6311
vn 0.3352 0.6983 0.6324
vn 0.3110 0.6753 0.6688
vn 0.3016 0.6777 0.6706
vn 0.2864 0.6544 0.6998
vn 0.2712 0.6556 0.7047
vn 0.2866 0.6544 0.6998
vn 0.2860 0.6543 0.7000
vn 0.2145 0.6166 0.7575
vn 0.2362 0.6190 0.7490
vn 0.2440 0.6347 0.7332
vn 0.2559 0.6355 0.7285
vn 0.2606 0.6358 0.7265
vn 0.5123 0.7696 -0.3811
vn 0.5497 0.7300 -0.4063
vn 0.5469 0.7343 -0.4021
vn 0.5667 0.7115 -0.4155
vn 0.5714 0.7000 -0.4283
vn 0.5725 0.7190 -0.3940
vn 0.5497 0.7440 -0.3799
vn 0.5573 0.7328 -0.3905
vn 0.5107 0.7798 -0.3620
vn 0.5211 0.7664 -0.3756
vn 0.4547 0.8253 -0.3348
vn 0.4679 0.8109 -0.3514
vn 0.3308 0.9057 -0.2650
vn 0.4423 0.8311 -0.3372
vn 0.4834 0.8135 -0.3234
vn 0.4693 0.8293 -0.3032
vn 0.5360 0.7750 -0.3348
vn 0.5241 0.7909 -0.3160
vn 0.5730 0.7461 -0.3391
vn 0.5632 0.7611 -0.3219
vn 0.5916 0.7331 -0.3356
vn 0.5876 0.7404 -0.3264
vn 0.5548 0.8065 -0.2046
vn 0.5300 0.8292 -0.1775
vn 0.5535 0.7976 -0.2399
vn 0.5319 0.8192 -0.2142
vn 0.5506 0.7898 -0.2702
vn 0.5316 0.8106 -0.2456
vn 0.5464 0.7835 -0.2958
vn 0.5299 0.8030 -0.2729
vn 0.4746 0.8381 -0.2690
vn 0.4934 0.8190 -0.2930
vn 0.4759 0.8443 -0.2465
vn 0.4972 0.8239 -0.2719
vn 0.4757 0.8517 -0.2200
vn 0.5002 0.8299 -0.2471
vn 0.4739 0.8600 -0.1893
vn 0.5011 0.8377 -0.2171
vn 0.4828 0.8570 -0.1800
vn 0.4826 0.8567 -0.1822
vn 0.5042 0.8490 -0.1579
vn 0.5370 0.8280 -0.1615
vn 0.5373 0.8281 -0.1598
vn 0.5570 0.8187 -0.1393
vn 0.3874 0.9168 0.0968
vn 0.4218 0.9020 0.0923
vn 0.3722 0.9173 0.1413
vn 0.4067 0.9028 0.1398
vn 0.3558 0.9160 0.1854
vn 0.3896 0.9018 0.1867
vn 0.3382 0.9129 0.2286
vn 0.3703 0.8994 0.2325
vn 0.3182 0.9085 0.2709
vn 0.3483 0.8955 0.2769
vn 0.2961 0.9028 0.3117
vn 0.3229 0.8910 0.3192
vn 0.2718 0.8965 0.3499
vn 0.2952 0.8858 0.3581
vn 0.2599 0.8889 0.3773
vn 0.2472 0.9037 0.3497
vn 0.1936 0.8921 0.4082
vn 0.2692 0.8543 0.4446
vn 0.2709 0.8542 0.4438
vn 0.2510 0.8646 0.4352
vn 0.3012 0.8618 0.4083
vn 0.2776 0.8736 0.3997
vn 0.3299 0.8692 0.3683
vn 0.3030 0.8822 0.3605
vn 0.3566 0.8761 0.3246
vn 0.3268 0.8899 0.3182
vn 0.3809 0.8819 0.2779
vn 0.3488 0.8964 0.2736
vn 0.4025 0.8862 0.2293
vn 0.3693 0.9010 0.2275
vn 0.4225 0.8885 0.1789
vn 0.3883 0.9038 0.1800
vn 0.4404 0.8887 0.1273
vn 0.4069 0.9040 0.1314
vn 0.2493 0.8207 0.5141
vn 0.2383 0.8259 0.5109
vn 0.2749 0.8251 0.4935
vn 0.2549 0.8366 0.4848
vn 0.3056 0.8349 0.4578
vn 0.2820 0.8478 0.4491
vn 0.3353 0.8447 0.4172
vn 0.3086 0.8587 0.4091
vn 0.3636 0.8539 0.3722
vn 0.3341 0.8688 0.3655
vn 0.3901 0.8620 0.3236
vn 0.3583 0.8775 0.3188
vn 0.4144 0.8685 0.2720
vn 0.3814 0.8841 0.2698
vn 0.4370 0.8726 0.2181
vn 0.4037 0.8883 0.2188
vn 0.4583 0.8738 0.1623
vn 0.4253 0.8897 0.1660
vn 0.2472 0.7869 0.5653
vn 0.2388 0.7931 0.5604
vn 0.2776 0.7931 0.5422
vn 0.2576 0.8057 0.5334
vn 0.3086 0.8051 0.5066
vn 0.2852 0.8191 0.4977
vn 0.3394 0.8174 0.4655
vn 0.3129 0.8325 0.4572
vn 0.3693 0.8292 0.4195
vn 0.3400 0.8451 0.4125
vn 0.3980 0.8399 0.3690
vn 0.3666 0.8562 0.3640
vn 0.4252 0.8486 0.3148
vn 0.3926 0.8651 0.3122
vn 0.4509 0.8547 0.2573
vn 0.4182 0.8711 0.2576
vn 0.4752 0.8575 0.1973
vn 0.4426 0.8740 0.2007
vn 0.5707 0.7749 -0.2717
vn 0.5849 0.7562 -0.2934
vn 0.5735 0.7831 -0.2406
vn 0.5902 0.7628 -0.2642
vn 0.5751 0.7921 -0.2048
vn 0.5945 0.7705 -0.2301
vn 0.5748 0.8018 -0.1637
vn 0.5968 0.7796 -0.1898
vn 0.5715 0.8123 -0.1166
vn 0.5966 0.7896 -0.1434
vn 0.5484 0.8088 0.2123
vn 0.5676 0.8065 0.1653
vn 0.5367 0.8297 0.1533
vn 0.4876 0.8353 0.2540
vn 0.4861 0.8360 0.2546
vn 0.5098 0.8303 0.2251
vn 0.5422 0.8043 0.2430
vn 0.5320 0.8080 0.2533
vn 0.5914 0.8064 -0.0012
vn 0.6027 0.7979 0.0140
vn 0.6065 0.7950 0.0144
vn 0.6081 0.7914 0.0625
vn 0.2438 0.7508 0.6138
vn 0.2400 0.7573 0.6073
vn 0.2789 0.7581 0.5895
vn 0.2592 0.7716 0.5808
vn 0.3104 0.7722 0.5544
vn 0.2871 0.7874 0.5454
vn 0.3422 0.7872 0.5131
vn 0.3159 0.8034 0.5047
vn 0.3738 0.8018 0.4663
vn 0.3448 0.8188 0.4590
vn 0.4047 0.8153 0.4141
vn 0.3738 0.8326 0.4088
vn 0.4348 0.8267 0.3572
vn 0.4027 0.8439 0.3543
vn 0.4636 0.8351 0.2961
vn 0.4312 0.8523 0.2961
vn 0.4906 0.8399 0.2320
vn 0.4592 0.8567 0.2349
vn 0.2051 0.7177 0.6654
vn 0.2329 0.7052 0.6697
vn 0.2493 0.7058 0.6631
vn 0.2334 0.7183 0.6554
vn 0.2791 0.7203 0.6351
vn 0.2598 0.7348 0.6266
vn 0.3108 0.7366 0.6007
vn 0.2879 0.7529 0.5919
vn 0.3437 0.7541 0.5597
vn 0.3176 0.7716 0.5512
vn 0.3770 0.7717 0.5122
vn 0.3484 0.7898 0.5048
vn 0.4104 0.7882 0.4586
vn 0.3799 0.8065 0.4531
vn 0.4433 0.8025 0.3992
vn 0.4116 0.8208 0.3961
vn 0.4752 0.8138 0.3346
vn 0.4436 0.8315 0.3344
vn 0.4796 0.8262 0.2956
vn 0.5116 0.7977 0.3194
vn 0.4966 0.8019 0.3322
vn 0.2278 0.6622 0.7139
vn 0.2490 0.6633 0.7057
vn 0.2333 0.6768 0.6982
vn 0.2784 0.6796 0.6787
vn 0.2592 0.6952 0.6705
vn 0.3102 0.6982 0.6453
vn 0.2878 0.7154 0.6367
vn 0.3440 0.7182 0.6049
vn 0.3183 0.7368 0.5965
vn 0.3792 0.7389 0.5571
vn 0.3509 0.7581 0.5497
vn 0.4149 0.7587 0.5022
vn 0.3848 0.7781 0.4965
vn 0.4507 0.7764 0.4405
vn 0.4196 0.7955 0.4372
vn 0.4713 0.7924 0.3874
vn 0.4861 0.7764 0.4011
vn 0.4493 0.7981 0.4014
vn 0.2464 0.9615 -0.1216
vn 0.2468 0.9614 -0.1219
vn 0.2483 0.9635 -0.1003
vn 0.2418 0.9656 -0.0953
vn 0.2471 0.9628 -0.1095
vn 0.1951 0.9661 -0.1690
vn 0.2381 0.9577 -0.1614
vn 0.2352 0.9589 -0.1586
vn 0.2611 0.9527 -0.1557
vn 0.2813 0.9431 -0.1774
vn 0.3230 0.9325 -0.1619
vn 0.3474 0.9173 -0.1945
vn 0.5635 0.8259 -0.0179
vn 0.5530 0.8325 -0.0333
vn 0.5406 0.8406 -0.0343
vn 0.5304 0.8463 -0.0497
vn 0.5157 0.8553 -0.0508
vn 0.5059 0.8601 -0.0663
vn 0.4890 0.8697 -0.0674
vn 0.4794 0.8737 -0.0829
vn 0.4603 0.8838 -0.0840
vn 0.4512 0.8869 -0.0994
vn 0.4299 0.8973 -0.1003
vn 0.4211 0.8996 -0.1157
vn 0.3979 0.9100 -0.1164
vn 0.3648 0.9217 -0.1321
vn 0.3895 0.9115 -0.1317
vn 0.4158 0.8934 -0.1700
vn 0.4368 0.8887 -0.1395
vn 0.4591 0.8772 -0.1406
vn 0.4686 0.8742 -0.1273
vn 0.4884 0.8632 -0.1280
vn 0.4982 0.8594 -0.1149
vn 0.5156 0.8490 -0.1154
vn 0.5257 0.8445 -0.1023
vn 0.5403 0.8352 -0.1026
vn 0.5509 0.8298 -0.0895
vn 0.5757 0.8127 -0.0899
vn 0.5770 0.8124 -0.0836
vn 0.5941 0.8018 -0.0640
vn 0.5733 0.8192 -0.0171
vn 0.5841 0.8117 -0.0019
vn 0.3171 0.9469 -0.0527
vn 0.3208 0.9467 -0.0284
vn 0.3395 0.9404 -0.0202
vn 0.3188 0.9443 -0.0817
vn 0.3240 0.9442 -0.0594
vn 0.3442 0.9374 -0.0531
vn 0.3497 0.9364 -0.0304
vn 0.3688 0.9292 -0.0238
vn 0.3202 0.9410 -0.1096
vn 0.3264 0.9409 -0.0898
vn 0.3485 0.9334 -0.0855
vn 0.3553 0.9325 -0.0651
vn 0.3761 0.9246 -0.0605
vn 0.3832 0.9228 -0.0400
vn 0.4028 0.9146 -0.0352
vn 0.3746 0.9272 -0.0008
vn 0.3925 0.9197 0.0058
vn 0.4101 0.9119 -0.0147
vn 0.4487 0.8936 -0.0044
vn 0.4167 0.9090 0.0055
vn 0.4732 0.8807 0.0215
vn 0.4418 0.8966 0.0310
vn 0.4959 0.8671 0.0473
vn 0.4659 0.8831 0.0563
vn 0.5179 0.8523 0.0727
vn 0.4886 0.8687 0.0815
vn 0.5383 0.8371 0.0978
vn 0.5097 0.8537 0.1063
vn 0.5376 0.8352 0.1157
vn 0.5395 0.8342 0.1145
vn 0.5664 0.8149 0.1229
vn 0.5752 0.8156 0.0624
vn 0.5863 0.8056 0.0851
vn 0.5874 0.8048 0.0853
vn 0.5769 0.8141 0.0673
vn 0.5686 0.8200 0.0656
vn 0.5585 0.8281 0.0478
vn 0.5482 0.8351 0.0457
vn 0.5384 0.8422 0.0278
vn 0.5260 0.8501 0.0253
vn 0.5164 0.8563 0.0073
vn 0.5019 0.8649 0.0046
vn 0.4927 0.8701 -0.0135
vn 0.4764 0.8791 -0.0164
vn 0.4675 0.8833 -0.0344
vn 0.4493 0.8926 -0.0373
vn 0.4407 0.8960 -0.0553
vn 0.4209 0.9052 -0.0582
vn 0.4126 0.9077 -0.0763
vn 0.3912 0.9169 -0.0791
vn 0.3833 0.9185 -0.0970
vn 0.3605 0.9274 -0.0996
vn 0.3531 0.9282 -0.1171
vn 0.3288 0.9368 -0.1193
vn 0.2703 0.9559 -0.1150
vn 0.2693 0.9563 -0.1142
vn 0.2725 0.9578 -0.0918
vn 0.2706 0.9584 -0.0903
vn 0.2724 0.9598 -0.0671
vn 0.2682 0.9613 -0.0637
vn 0.2686 0.9624 -0.0409
vn 0.2568 0.9659 -0.0323
vn 0.2555 0.9666 -0.0173
vn 0.2677 0.9632 -0.0246
vn 0.2684 0.9630 -0.0251
vn 0.2968 0.9482 -0.1136
vn 0.2928 0.9499 -0.1094
vn 0.2975 0.9507 -0.0877
vn 0.2936 0.9522 -0.0841
vn 0.2971 0.9529 -0.0608
vn 0.2927 0.9545 -0.0570
vn 0.2947 0.9550 -0.0325
vn 0.2890 0.9569 -0.0278
vn 0.2894 0.9572 -0.0032
vn 0.2810 0.9597 0.0030
vn 0.2800 0.9596 0.0269
vn 0.2650 0.9635 0.0371
vn 0.2674 0.9633 0.0231
vn 0.2841 0.9502 0.1281
vn 0.2697 0.9566 0.1102
vn 0.2988 0.9499 0.0916
vn 0.2701 0.9588 0.0879
vn 0.3147 0.9475 0.0569
vn 0.2826 0.9576 0.0552
vn 0.3261 0.9451 0.0222
vn 0.2917 0.9562 0.0231
vn 0.3160 0.9488 0.0032
vn 0.3338 0.9426 0.0136
vn 0.3435 0.9391 0.0047
vn 0.3817 0.9240 0.0231
vn 0.3457 0.9379 0.0287
vn 0.2643 0.9344 0.2389
vn 0.2670 0.9324 0.2435
vn 0.3042 0.9265 0.2213
vn 0.2779 0.9363 0.2148
vn 0.3269 0.9272 0.1828
vn 0.2971 0.9382 0.1778
vn 0.3453 0.9275 0.1431
vn 0.3131 0.9393 0.1402
vn 0.3604 0.9271 0.1029
vn 0.3262 0.9397 0.1026
vn 0.2431 0.9524 0.1839
vn 0.2517 0.9475 0.1972
vn 0.2926 0.9404 0.1732
vn 0.2663 0.9493 0.1672
vn 0.3137 0.9396 0.1366
vn 0.2844 0.9495 0.1323
vn 0.3308 0.9385 0.0994
vn 0.2985 0.9495 0.0972
vn 0.3439 0.9369 0.0620
vn 0.3094 0.9489 0.0623
vn 0.3361 0.9410 0.0399
vn 0.3724 0.9260 0.0628
vn 0.3367 0.9393 0.0654
vn 0.2296 0.9280 0.2936
vn 0.2475 0.9111 0.3296
vn 0.2877 0.9069 0.3079
vn 0.2644 0.9166 0.3000
vn 0.3145 0.9100 0.2700
vn 0.2877 0.9209 0.2630
vn 0.3382 0.9126 0.2296
vn 0.3086 0.9244 0.2241
vn 0.3586 0.9144 0.1876
vn 0.3263 0.9271 0.1842
vn 0.3758 0.9154 0.1445
vn 0.3414 0.9289 0.1437
vn 0.3898 0.9153 0.1010
vn 0.3549 0.9292 0.1031
vn 0.4021 0.9138 0.0576
vn 0.3672 0.9280 0.0626
vn 0.3987 0.9166 0.0295
vn 0.4357 0.8990 0.0442
vn 0.4021 0.9141 0.0516
vn 0.4574 0.8861 0.0748
vn 0.4249 0.9016 0.0817
vn 0.4780 0.8720 0.1051
vn 0.4461 0.8880 0.1117
vn 0.4974 0.8569 0.1354
vn 0.4666 0.8730 0.1416
vn 0.5160 0.8405 0.1653
vn 0.4857 0.8572 0.1712
vn 0.5140 0.8375 0.1852
vn 0.5147 0.8372 0.1848
vn 0.5557 0.8059 0.2041
vn 0.4086 0.8637 -0.2952
vn 0.3992 0.8722 -0.2827
vn 0.4053 0.8637 -0.2997
vn 0.4796 0.8087 -0.3404
vn 0.4608 0.8282 -0.3189
vn 0.5321 0.7676 -0.3573
vn 0.5159 0.7872 -0.3379
vn 0.5681 0.7371 -0.3659
vn 0.5550 0.7550 -0.3492
vn 0.5749 0.7347 -0.3601
vn 0.3185 0.9155 -0.2457
vn 0.3186 0.9155 -0.2458
vn 0.3187 0.9137 -0.2522
vn 0.3424 0.8971 -0.2793
vn 0.3247 0.9141 -0.2429
vn 0.3454 0.8998 -0.2665
vn 0.3279 0.9155 -0.2331
vn 0.3512 0.9000 -0.2581
vn 0.3298 0.9181 -0.2198
vn 0.3564 0.9013 -0.2464
vn 0.3303 0.9218 -0.2030
vn 0.3608 0.9035 -0.2313
vn 0.3297 0.9262 -0.1829
vn 0.3635 0.9071 -0.2120
vn 0.3468 0.9190 -0.1875
vn 0.2526 0.9415 -0.2231
vn 0.2524 0.9416 -0.2229
vn 0.2511 0.9411 -0.2263
vn 0.2496 0.9422 -0.2236
vn 0.2495 0.9430 -0.2203
vn 0.2513 0.9418 -0.2233
vn 0.2445 0.9463 -0.2114
vn 0.2680 0.9343 -0.2351
vn 0.2469 0.9475 -0.2030
vn 0.2758 0.9334 -0.2294
vn 0.2493 0.9493 -0.1914
vn 0.2827 0.9337 -0.2197
vn 0.2512 0.9516 -0.1773
vn 0.2896 0.9344 -0.2074
vn 0.2521 0.9544 -0.1601
vn 0.2957 0.9360 -0.1911
vn 0.2802 0.9443 -0.1728
vn 0.2047 0.9632 -0.1742
vn 0.2238 0.9550 -0.1948
vn 0.2205 0.9639 -0.1496
vn 0.2437 0.9593 -0.1430
vn 0.2419 0.9599 -0.1414
vn 0.2659 0.9543 -0.1362
vn 0.2664 0.9541 -0.1367
vn 0.2910 0.9474 -0.1331
vn 0.2960 0.9451 -0.1387
vn 0.3217 0.9369 -0.1369
vn 0.3302 0.9324 -0.1473
vn 0.3569 0.9224 -0.1473
vn 0.3677 0.9157 -0.1622
vn 0.4158 0.8943 -0.1656
vn 0.4363 0.8776 -0.1989
vn 0.4034 0.8991 -0.1697
vn 0.4359 0.8711 -0.2263
vn 0.4067 0.8918 -0.1981
vn 0.4341 0.8656 -0.2496
vn 0.4081 0.8854 -0.2225
vn 0.4308 0.8616 -0.2686
vn 0.4073 0.8805 -0.2424
vn 0.4260 0.8591 -0.2836
vn 0.4057 0.8764 -0.2594
vn 0.4132 0.8675 -0.2770
vn 0.4886 0.8157 -0.3098
vn 0.4723 0.8332 -0.2876
vn 0.5414 0.7787 -0.3170
vn 0.5272 0.7965 -0.2960
vn 0.5790 0.7507 -0.3180
vn 0.5671 0.7676 -0.2986
vn 0.5980 0.7383 -0.3120
vn 0.5933 0.7463 -0.3018
vn 0.2283 0.9612 -0.1545
vn 0.2102 0.9700 -0.1223
vn 0.2105 0.9699 -0.1224
vn 0.2098 -0.9649 -0.1580
vn 0.2318 -0.9651 -0.1215
vn 0.8499 -0.1137 -0.5146
vn 0.8480 0.1135 -0.5177
vn 0.8480 0.1133 -0.5177
vn 0.3969 -0.9162 -0.0556
vn 0.3424 -0.9255 -0.1622
vn 0.4218 -0.9047 0.0599
vn 0.4770 -0.8675 -0.1412
vn 0.2311 -0.6532 0.7211
vn 0.2357 -0.7771 0.5836
vn 0.2344 -0.8130 0.5331
vn 0.2287 -0.8461 0.4815
vn 0.2533 -0.8937 0.3703
vn 0.2353 -0.9199 0.3138
vn 0.2762 -0.9265 0.2556
vn 0.2755 -0.9406 0.1986
vn 0.2468 -0.9654 0.0847
vn 0.2815 -0.9265 -0.2497
vn 0.3185 -0.8760 -0.3622
vn 0.3188 -0.8751 -0.3640
vn 0.5505 -0.7218 -0.4195
vn 0.5792 -0.7228 -0.3769
vn 0.5949 -0.7417 -0.3100
vn 0.6012 -0.7467 -0.2845
vn 0.6070 -0.7518 -0.2576
vn 0.6129 -0.7566 -0.2280
vn 0.5248 -0.8043 0.2787
vn 0.4194 -0.7461 0.5172
vn 0.2631 -0.6527 0.7104
vn 0.2294 -0.6143 0.7550
vn 0.2252 -0.6087 0.7607
vn 0.2196 -0.6137 0.7584
vn 0.2226 -0.5840 0.7806
vn 0.2165 -0.6133 0.7596
vn 0.2458 -0.6268 0.7394
vn 0.2399 -0.6311 0.7377
vn 0.2684 -0.6532 0.7080
vn 0.2631 -0.6528 0.7104
vn 0.2743 -0.6444 0.7138
vn 0.2397 -0.6310 0.7379
vn 0.2438 -0.6313 0.7362
vn 0.2939 -0.6593 0.6920
vn 0.3014 -0.6781 0.6703
vn 0.3220 -0.6791 0.6596
vn 0.3446 -0.6992 0.6264
vn 0.3438 -0.6992 0.6269
vn 0.3339 -0.7019 0.6292
vn 0.3203 -0.6790 0.6606
vn 0.3139 -0.6785 0.6642
vn 0.4198 -0.7461 0.5169
vn 0.3788 -0.7572 0.5322
vn 0.4066 -0.7455 0.5280
vn 0.3959 -0.7306 0.5564
vn 0.3788 -0.7270 0.5727
vn 0.3794 -0.7270 0.5723
vn 0.4244 -0.7287 0.5375
vn 0.3683 -0.7264 0.5803
vn 0.3663 -0.7170 0.5931
vn 0.3439 -0.6991 0.6269
vn 0.4342 -0.7711 0.4657
vn 0.4422 -0.7677 0.4637
vn 0.4400 -0.7635 0.4727
vn 0.4199 -0.7461 0.5167
vn 0.4649 -0.7704 0.4362
vn 0.4544 -0.7696 0.4486
vn 0.4537 -0.7696 0.4493
vn 0.5010 -0.7828 0.3691
vn 0.5010 -0.7828 0.3692
vn 0.4695 -0.7890 0.3963
vn 0.5068 -0.8008 0.3193
vn 0.5065 -0.8008 0.3198
vn 0.5068 -0.8007 0.3193
vn 0.5411 -0.8065 0.2382
vn 0.5407 -0.8066 0.2388
vn 0.5556 -0.8073 0.1991
vn 0.5561 -0.8071 0.1983
vn 0.5555 -0.8073 0.1992
vn 0.5656 -0.8081 0.1644
vn 0.5684 -0.8070 0.1601
vn 0.5784 -0.8066 0.1216
vn 0.5680 -0.8072 0.1608
vn 0.5680 -0.8072 0.1607
vn 0.5935 -0.7951 0.1249
vn 0.5870 -0.8056 0.0801
vn 0.6119 -0.7899 0.0416
vn 0.6118 -0.7899 0.0418
vn 0.5947 -0.7999 0.0806
vn 0.5942 -0.8002 0.0816
vn 0.6195 -0.7841 -0.0390
vn 0.6107 -0.7893 -0.0640
vn 0.6068 -0.7913 -0.0754
vn 0.6195 -0.7841 -0.0388
vn 0.6154 -0.7882 0.0005
vn 0.6156 -0.7881 0.0001
vn 0.6164 -0.7797 -0.1106
vn 0.6147 -0.7851 -0.0757
vn 0.6148 -0.7850 -0.0760
vn 0.6165 -0.7754 -0.1368
vn 0.6152 -0.7773 -0.1319
vn 0.6120 -0.7815 -0.1208
vn 0.6098 -0.7824 -0.1264
vn 0.6165 -0.7796 -0.1099
vn 0.6102 -0.7629 -0.2137
vn 0.6033 -0.7650 -0.2254
vn 0.6160 -0.7629 -0.1963
vn 0.6160 -0.7627 -0.1969
vn 0.6107 -0.7751 -0.1619
vn 0.6128 -0.7716 -0.1706
vn 0.6164 -0.7703 -0.1636
vn 0.6164 -0.7756 -0.1358
vn 0.6060 -0.7548 -0.2511
vn 0.6027 -0.7558 -0.2560
vn 0.6128 -0.7565 -0.2283
vn 0.6011 -0.7474 -0.2831
vn 0.6000 -0.7477 -0.2844
vn 0.6070 -0.7519 -0.2575
vn 0.5949 -0.7414 -0.3105
vn 0.5952 -0.7413 -0.3101
vn 0.6011 -0.7464 -0.2855
vn 0.5891 -0.7357 -0.3342
vn 0.5893 -0.7356 -0.3341
vn 0.5949 -0.7416 -0.3100
vn 0.5794 -0.7300 -0.3624
vn 0.5598 -0.7436 -0.3658
vn 0.5826 -0.7302 -0.3569
vn 0.5827 -0.7301 -0.3568
vn 0.5891 -0.7358 -0.3341
vn 0.5891 -0.7358 -0.3339
vn 0.5711 -0.7080 -0.4154
vn 0.5716 -0.7201 -0.3933
vn 0.5709 -0.7206 -0.3934
vn 0.5791 -0.7226 -0.3776
vn 0.5516 -0.7207 -0.4200
vn 0.5711 -0.7081 -0.4152
vn 0.5710 -0.6969 -0.4339
vn 0.5705 -0.6973 -0.4339
vn 0.5635 -0.7162 -0.4118
vn 0.5737 -0.6888 -0.4433
vn 0.4822 -0.7950 -0.3681
vn 0.4811 -0.7960 -0.3674
vn 0.5050 -0.7740 -0.3820
vn 0.5045 -0.7840 -0.3617
vn 0.5169 -0.7591 -0.3956
vn 0.3825 -0.8838 -0.2693
vn 0.3930 -0.8676 -0.3046
vn 0.3175 -0.9161 -0.2447
vn 0.3408 -0.8985 -0.2767
vn 0.3394 -0.8992 -0.2759
vn 0.2536 -0.9416 -0.2215
vn 0.2574 -0.9388 -0.2289
vn 0.2491 -0.9427 -0.2219
vn 0.2479 -0.9436 -0.2196
vn 0.2502 -0.9424 -0.2218
vn 0.1967 -0.9584 -0.2069
vn 0.1969 -0.9583 -0.2071
vn 0.2336 -0.9462 -0.2240
vn 0.1979 -0.9591 -0.2023
vn 0.1973 -0.9582 -0.2071
vn 0.1974 -0.9582 -0.2073
vn 0.1982 -0.9593 -0.2014
vn 0.1916 -0.9623 -0.1929
vn 0.2040 -0.9581 -0.2010
vn 0.1903 -0.9643 -0.1841
vn 0.2146 -0.9560 -0.1999
vn 0.2223 -0.9557 -0.1928
vn 0.2279 -0.9635 -0.1404
vn 0.2163 -0.9609 -0.1726
vn 0.2095 -0.9636 -0.1662
vn 0.2068 -0.9629 -0.1732
vn 0.2179 -0.9567 -0.1932
vn 0.2492 -0.9582 -0.1405
vn 0.2472 -0.9589 -0.1390
vn 0.2091 -0.9683 -0.1367
vn 0.2234 -0.9634 -0.1485
vn 0.2431 -0.9646 -0.1027
vn 0.2496 -0.9655 -0.0743
vn 0.2808 -0.9549 -0.0966
vn 0.2353 -0.9699 -0.0626
vn 0.2563 -0.9665 -0.0140
vn 0.2563 -0.9664 -0.0164
vn 0.2547 -0.9669 -0.0153
vn 0.2612 -0.9647 0.0345
vn 0.2470 -0.9653 0.0850
vn 0.2963 -0.9544 0.0359
vn 0.2647 -0.9627 0.0560
vn 0.2739 -0.9415 0.1963
vn 0.2456 -0.9591 0.1409
vn 0.2614 -0.9562 0.1315
vn 0.0625 -0.9005 0.4303
vn 0.0619 -0.9013 0.4287
vn 0.2302 -0.9081 0.3498
vn 0.2180 -0.7419 0.6341
vn 0.2179 -0.7420 0.6340
vn 0.2374 -0.7426 0.6263
vn 0.3963 -0.8662 -0.3044
vn 0.4165 -0.8513 -0.3190
vn 0.4562 -0.8208 -0.3439
vn 0.4747 -0.7189 -0.5077
vn 0.4514 -0.8277 -0.3333
vn 0.4888 -0.8510 -0.1920
vn 0.4852 -0.8479 -0.2138
vn 0.4897 -0.8428 -0.2235
vn 0.4855 -0.8398 -0.2428
vn 0.4886 -0.8358 -0.2504
vn 0.4841 -0.8331 -0.2676
vn 0.4861 -0.8301 -0.2731
vn 0.4813 -0.8278 -0.2882
vn 0.4826 -0.8258 -0.2919
vn 0.4777 -0.8239 -0.3051
vn 0.4784 -0.8226 -0.3073
vn 0.4063 -0.9073 0.1080
vn 0.4417 -0.8931 -0.0847
vn 0.4979 -0.8634 -0.0815
vn 0.4573 -0.8891 -0.0193
vn 0.5117 -0.8591 -0.0098
vn 0.4765 -0.8782 0.0415
vn 0.4848 -0.8724 0.0625
vn 0.4583 -0.8835 0.0967
vn 0.4510 -0.8835 -0.1265
vn 0.5061 -0.8529 -0.1286
vn 0.4707 -0.8797 -0.0683
vn 0.5243 -0.8490 -0.0648
vn 0.4835 -0.8753 0.0013
vn 0.5351 -0.8447 0.0110
vn 0.4986 -0.8642 0.0668
vn 0.5072 -0.8574 0.0878
vn 0.3723 -0.9122 0.1712
vn 0.3726 -0.9059 0.2013
vn 0.3548 -0.9097 0.2157
vn 0.3530 -0.9028 0.2458
vn 0.3347 -0.9060 0.2593
vn 0.3309 -0.8983 0.2890
vn 0.3119 -0.9010 0.3017
vn 0.3066 -0.8930 0.3295
vn 0.2863 -0.8951 0.3417
vn 0.2801 -0.8872 0.3666
vn 0.2613 -0.8887 0.3767
vn 0.2569 -0.8677 0.4255
vn 0.2345 -0.8127 0.5335
vn 0.2541 -0.8257 0.5037
vn 0.2610 -0.8255 0.5004
vn 0.2684 -0.8363 0.4780
vn 0.2900 -0.8356 0.4665
vn 0.2971 -0.8471 0.4406
vn 0.3186 -0.8459 0.4277
vn 0.3248 -0.8576 0.3987
vn 0.3462 -0.8558 0.3843
vn 0.3507 -0.8672 0.3534
vn 0.3726 -0.8646 0.3371
vn 0.3750 -0.8753 0.3054
vn 0.3975 -0.8717 0.2866
vn 0.3974 -0.8813 0.2555
vn 0.2487 -0.7932 0.5559
vn 0.2636 -0.7932 0.5489
vn 0.2713 -0.8056 0.5266
vn 0.2929 -0.8054 0.5153
vn 0.3004 -0.8188 0.4891
vn 0.3225 -0.8182 0.4760
vn 0.3290 -0.8319 0.4468
vn 0.3519 -0.8306 0.4315
vn 0.3568 -0.8440 0.4004
vn 0.3806 -0.8419 0.3826
vn 0.3832 -0.8546 0.3505
vn 0.4085 -0.8513 0.3293
vn 0.4085 -0.8628 0.2978
vn 0.5948 -0.8007 0.0714
vn 0.5507 -0.8324 0.0621
vn 0.5907 -0.8067 -0.0153
vn 0.5460 -0.8376 -0.0192
vn 0.5798 -0.8098 -0.0898
vn 0.5340 -0.8408 -0.0889
vn 0.5570 -0.8188 -0.1390
vn 0.5365 -0.8285 -0.1604
vn 0.5449 -0.8189 -0.1803
vn 0.5395 -0.8175 -0.2016
vn 0.5454 -0.8095 -0.2173
vn 0.5395 -0.8082 -0.2363
vn 0.5438 -0.8013 -0.2494
vn 0.5377 -0.8001 -0.2660
vn 0.5410 -0.7941 -0.2769
vn 0.5348 -0.7932 -0.2913
vn 0.5372 -0.7882 -0.3002
vn 0.5311 -0.7875 -0.3126
vn 0.5328 -0.7835 -0.3197
vn 0.5269 -0.7831 -0.3303
vn 0.5298 -0.7747 -0.3452
vn 0.4807 -0.8694 -0.1141
vn 0.5330 -0.8382 -0.1157
vn 0.4978 -0.8657 -0.0518
vn 0.5484 -0.8348 -0.0480
vn 0.5077 -0.8613 0.0219
vn 0.5568 -0.8301 0.0315
vn 0.5193 -0.8497 0.0918
vn 0.5281 -0.8417 0.1127
vn 0.5251 -0.8042 0.2783
vn 0.5241 -0.8045 0.2796
vn 0.4859 -0.8360 0.2550
vn 0.5088 -0.8003 0.3172
vn 0.4797 -0.8262 0.2955
vn 0.4876 -0.8352 0.2543
vn 0.4772 -0.8433 0.2473
vn 0.4720 -0.8537 0.2198
vn 0.4610 -0.8615 0.2126
vn 0.4560 -0.8704 0.1856
vn 0.4439 -0.8782 0.1780
vn 0.4389 -0.8857 0.1510
vn 0.5376 -0.8352 0.1160
vn 0.5368 -0.8297 0.1532
vn 0.5145 -0.8373 0.1852
vn 0.5527 -0.8082 0.2031
vn 0.5411 -0.8065 0.2383
vn 0.4652 -0.8770 0.1206
vn 0.4782 -0.8691 0.1267
vn 0.4852 -0.8613 0.1507
vn 0.4969 -0.8536 0.1563
vn 0.5041 -0.8446 0.1805
vn 0.5141 -0.8375 0.1854
vn 0.5098 -0.8303 0.2252
vn 0.5389 -0.8071 0.2413
vn 0.5252 -0.8042 0.2781
vn 0.4812 -0.8580 -0.1796
vn 0.4833 -0.8566 -0.1810
vn 0.5040 -0.8492 -0.1576
vn 0.5382 -0.8272 -0.1615
vn 0.5086 -0.8550 -0.1016
vn 0.5575 -0.8238 -0.1027
vn 0.5228 -0.8517 -0.0354
vn 0.5706 -0.8206 -0.0315
vn 0.5301 -0.8469 0.0422
vn 0.5767 -0.8153 0.0517
vn 0.5395 -0.8341 0.1148
vn 0.5662 -0.8150 0.1231
vn 0.5675 -0.8052 0.1721
vn 0.5934 -0.7951 0.1254
vn 0.6057 -0.7915 -0.0814
vn 0.6112 -0.7899 -0.0491
vn 0.5856 -0.8105 0.0126
vn 0.6046 -0.7964 0.0143
vn 0.5948 -0.8038 -0.0003
vn 0.5899 -0.8028 0.0861
vn 0.5695 -0.8179 0.0817
vn 0.6087 -0.7934 0.0007
vn 0.5667 -0.8239 -0.0031
vn 0.5940 -0.8019 -0.0638
vn 0.5742 -0.8141 -0.0864
vn 0.5870 -0.8010 -0.1181
vn 0.5806 -0.8018 -0.1415
vn 0.5891 -0.7908 -0.1662
vn 0.5820 -0.7914 -0.1871
vn 0.5882 -0.7815 -0.2080
vn 0.5809 -0.7819 -0.2263
vn 0.5855 -0.7730 -0.2444
vn 0.5780 -0.7734 -0.2602
vn 0.5813 -0.7656 -0.2756
vn 0.5740 -0.7661 -0.2893
vn 0.5763 -0.7592 -0.3025
vn 0.5694 -0.7598 -0.3139
vn 0.5711 -0.7536 -0.3255
vn 0.5648 -0.7542 -0.3349
vn 0.5671 -0.7429 -0.3557
vn 0.5556 -0.7499 -0.3591
vn 0.5570 -0.7363 -0.3843
vn 0.4876 -0.7961 0.3585
vn 0.5986 -0.7765 0.1967
vn 0.4545 -0.8092 0.3723
vn 0.4774 -0.7857 0.3934
vn 0.4764 -0.7817 0.4025
vn 0.2360 -0.7392 0.6308
vn 0.2456 -0.7574 0.6050
vn 0.2650 -0.7578 0.5962
vn 0.2731 -0.7719 0.5740
vn 0.2946 -0.7722 0.5630
vn 0.3025 -0.7875 0.5370
vn 0.3252 -0.7874 0.5237
vn 0.3321 -0.8033 0.4944
vn 0.3565 -0.8026 0.4783
vn 0.3617 -0.8182 0.4470
vn 0.3875 -0.8167 0.4277
vn 0.3903 -0.8315 0.3954
vn 0.4183 -0.8288 0.3717
vn 0.4184 -0.8422 0.3400
vn 0.2201 -0.6996 0.6797
vn 0.2379 -0.7051 0.6680
vn 0.2372 -0.7051 0.6682
vn 0.2451 -0.7187 0.6506
vn 0.2651 -0.7196 0.6418
vn 0.2736 -0.7355 0.6198
vn 0.2951 -0.7363 0.6090
vn 0.3033 -0.7534 0.5834
vn 0.3267 -0.7539 0.5700
vn 0.3340 -0.7718 0.5410
vn 0.3596 -0.7719 0.5242
vn 0.3652 -0.7898 0.4928
vn 0.3932 -0.7891 0.4719
vn 0.3964 -0.8059 0.4398
vn 0.4270 -0.8040 0.4138
vn 0.4273 -0.8196 0.3817
vn 0.2257 -0.6064 0.7624
vn 0.2176 -0.6614 0.7177
vn 0.2369 -0.6627 0.7105
vn 0.2451 -0.6775 0.6935
vn 0.2643 -0.6787 0.6852
vn 0.2731 -0.6961 0.6640
vn 0.2945 -0.6974 0.6534
vn 0.3031 -0.7165 0.6283
vn 0.3270 -0.7177 0.6148
vn 0.3347 -0.7376 0.5864
vn 0.3618 -0.7386 0.5689
vn 0.3677 -0.7586 0.5379
vn 0.3979 -0.7589 0.5155
vn 0.4013 -0.7781 0.4832
vn 0.4347 -0.7773 0.4549
vn 0.4351 -0.7949 0.4230
vn 0.4859 -0.7906 0.3728
vn 0.4603 -0.8160 0.3497
vn 0.4577 -0.8297 0.3195
vn 0.4484 -0.8379 0.3114
vn 0.4457 -0.8498 0.2813
vn 0.4353 -0.8581 0.2725
vn 0.4327 -0.8683 0.2426
vn 0.4213 -0.8764 0.2334
vn 0.4187 -0.8849 0.2040
vn 0.2598 -0.9528 -0.1572
vn 0.2272 -0.9654 -0.1278
vn 0.2647 -0.9546 -0.1367
vn 0.2301 -0.9672 -0.1079
vn 0.2663 -0.9572 -0.1137
vn 0.2393 -0.9665 -0.0930
vn 0.2171 -0.9705 -0.1049
vn 0.4606 -0.8861 -0.0522
vn 0.4015 -0.9138 -0.0609
vn 0.4403 -0.8905 -0.1149
vn 0.3794 -0.9179 -0.1167
vn 0.4130 -0.8956 -0.1654
vn 0.3424 -0.9298 -0.1350
vn 0.3088 -0.9434 -0.1208
vn 0.3735 -0.9205 -0.1149
vn 0.3350 -0.9397 -0.0693
vn 0.3697 -0.9256 -0.0809
vn 0.3060 -0.9474 -0.0934
vn 0.4235 -0.9054 -0.0300
vn 0.3632 -0.9307 -0.0447
vn 0.4037 -0.9100 -0.0943
vn 0.3407 -0.9347 -0.1013
vn 0.3764 -0.9147 -0.1470
vn 0.3115 -0.9388 -0.1469
vn 0.3414 -0.9212 -0.1866
vn 0.4361 -0.8998 0.0112
vn 0.4154 -0.9089 0.0361
vn 0.3789 -0.9252 0.0217
vn 0.4130 -0.9106 0.0139
vn 0.3544 -0.9351 -0.0078
vn 0.3898 -0.9207 -0.0163
vn 0.3294 -0.9435 -0.0371
vn 0.2905 -0.9509 -0.1071
vn 0.2539 -0.9642 -0.0759
vn 0.2900 -0.9536 -0.0810
vn 0.2518 -0.9664 -0.0510
vn 0.2857 -0.9568 -0.0531
vn 0.2578 -0.9656 -0.0329
vn 0.2840 -0.9587 -0.0132
vn 0.3126 -0.9487 -0.0467
vn 0.2724 -0.9621 -0.0144
vn 0.3066 -0.9517 -0.0159
vn 0.2653 -0.9640 0.0147
vn 0.2965 -0.9549 0.0157
vn 0.2649 -0.9636 0.0374
vn 0.2615 -0.9646 0.0348
vn 0.2215 -0.9643 -0.1452
vn 0.2876 -0.9488 -0.1310
vn 0.2527 -0.9625 -0.0988
vn 0.3149 -0.9461 -0.0760
vn 0.2763 -0.9601 -0.0423
vn 0.3337 -0.9426 -0.0112
vn 0.3080 -0.9513 0.0101
vn 0.3085 -0.9506 0.0359
vn 0.2987 -0.9534 0.0433
vn 0.2976 -0.9522 0.0689
vn 0.2851 -0.9553 0.0775
vn 0.2826 -0.9538 0.1023
vn 0.2730 -0.9559 0.1083
vn 0.2639 -0.9541 0.1414
vn 0.2352 -0.9199 0.3137
vn 0.2851 -0.9239 0.2552
vn 0.2646 -0.9268 0.2665
vn 0.2633 -0.9328 0.2460
vn 0.2886 -0.9292 0.2311
vn 0.2930 -0.9338 0.2053
vn 0.3099 -0.9307 0.1942
vn 0.3131 -0.9350 0.1666
vn 0.3279 -0.9317 0.1559
vn 0.3294 -0.9355 0.1276
vn 0.3430 -0.9320 0.1169
vn 0.3425 -0.9353 0.0889
vn 0.2761 -0.9265 0.2555
vn 0.2561 -0.9468 0.1947
vn 0.2770 -0.9434 0.1825
vn 0.2811 -0.9466 0.1580
vn 0.2972 -0.9433 0.1477
vn 0.3000 -0.9461 0.1218
vn 0.3136 -0.9429 0.1121
vn 0.3149 -0.9453 0.0848
vn 0.3263 -0.9422 0.0760
vn 0.3258 -0.9442 0.0488
vn 0.3533 -0.9352 0.0255
vn 0.2973 -0.9547 -0.0073
vn 0.3379 -0.9402 -0.0437
vn 0.2772 -0.9584 -0.0684
vn 0.3144 -0.9436 -0.1036
vn 0.2496 -0.9609 -0.1198
vn 0.2829 -0.9469 -0.1530
vn 0.2351 -0.9590 -0.1584
vn 0.2254 -0.9543 -0.1962
vn 0.2181 -0.9566 -0.1935
vn 0.2534 -0.8936 0.3706
vn 0.2626 -0.9097 0.3217
vn 0.2728 -0.9086 0.3162
vn 0.2787 -0.9150 0.2918
vn 0.2983 -0.9125 0.2801
vn 0.3032 -0.9187 0.2531
vn 0.3211 -0.9158 0.2412
vn 0.3246 -0.9216 0.2127
vn 0.3411 -0.9184 0.2006
vn 0.3427 -0.9237 0.1712
vn 0.3583 -0.9200 0.1587
vn 0.3579 -0.9247 0.1295
vn 0.1918 -0.9659 -0.1741
vn 0.2771 -0.9452 -0.1726
vn 0.2463 -0.9591 -0.1394
vn 0.3128 -0.9409 -0.1299
vn 0.2770 -0.9563 -0.0932
vn 0.3405 -0.9372 -0.0752
vn 0.3011 -0.9529 -0.0369
vn 0.3603 -0.9328 -0.0106
vn 0.3176 -0.9478 0.0286
vn 0.3526 -0.9344 0.0506
vn 0.3551 -0.9316 0.0781
vn 0.3706 -0.9246 0.0885
vn 0.3731 -0.9205 0.1162
vn 0.3876 -0.9131 0.1265
vn 0.3902 -0.9076 0.1551
vn 0.4028 -0.8674 -0.2923
vn 0.4054 -0.8637 -0.2996
vn 0.4635 -0.8218 -0.3315
vn 0.4657 -0.8164 -0.3414
vn 0.5113 -0.7759 -0.3695
vn 0.5122 -0.7698 -0.3809
vn 0.5467 -0.7333 -0.4042
vn 0.5459 -0.7270 -0.4164
vn 0.5329 -0.7508 -0.3903
vn 0.4285 -0.9035 -0.0094
vn 0.3902 -0.9205 -0.0195
vn 0.4325 -0.8986 -0.0734
vn 0.3717 -0.9248 -0.0813
vn 0.4092 -0.9030 -0.1312
vn 0.3459 -0.9289 -0.1321
vn 0.3678 -0.9157 -0.1622
vn 0.3496 -0.9172 -0.1912
vn 0.3454 -0.9200 -0.1851
vn 0.3467 -0.9144 -0.2090
vn 0.3448 -0.9158 -0.2061
vn 0.3451 -0.9106 -0.2273
vn 0.3428 -0.9125 -0.2234
vn 0.3424 -0.9079 -0.2419
vn 0.3395 -0.9103 -0.2368
vn 0.3385 -0.9062 -0.2534
vn 0.3353 -0.9091 -0.2472
vn 0.3338 -0.9056 -0.2615
vn 0.3324 -0.9070 -0.2586
vn 0.3177 -0.9096 -0.2679
vn 0.3176 -0.9160 -0.2450
vn 0.4017 -0.9121 0.0818
vn 0.3863 -0.9195 0.0734
vn 0.3818 -0.9230 0.0472
vn 0.3652 -0.9301 0.0387
vn 0.3610 -0.9325 0.0135
vn 0.3235 -0.9462 -0.0044
vn 0.3652 -0.9298 -0.0461
vn 0.3037 -0.9505 -0.0655
vn 0.3418 -0.9338 -0.1057
vn 0.2765 -0.9539 -0.1169
vn 0.2958 -0.9452 -0.1383
vn 0.2820 -0.9434 -0.1747
vn 0.2699 -0.9494 -0.1605
vn 0.2759 -0.9422 -0.1899
vn 0.2671 -0.9470 -0.1787
vn 0.2715 -0.9404 -0.2045
vn 0.2637 -0.9449 -0.1940
vn 0.2668 -0.9392 -0.2163
vn 0.2596 -0.9435 -0.2059
vn 0.2617 -0.9385 -0.2253
vn 0.2545 -0.9430 -0.2144
vn 0.2558 -0.9385 -0.2319
vn 0.2504 -0.9423 -0.2222
vn 0.2287 -0.8462 0.4813
vn 0.2758 -0.8538 0.4415
vn 0.2572 -0.8549 0.4506
vn 0.2642 -0.8640 0.4285
vn 0.2857 -0.8628 0.4170
vn 0.2925 -0.8727 0.3910
vn 0.3133 -0.8710 0.3785
vn 0.3189 -0.8807 0.3502
vn 0.3392 -0.8784 0.3366
vn 0.3434 -0.8878 0.3064
vn 0.3634 -0.8848 0.2915
vn 0.3655 -0.8937 0.2603
vn 0.3855 -0.8899 0.2438
vn 0.3853 -0.8978 0.2133
vn 0.4062 -0.8929 0.1942
vn 0.4036 -0.8999 0.1651
vn 0.4255 -0.8936 0.1429
vn 0.4208 -0.8997 0.1163
vn 0.4440 -0.8915 0.0903
vn 0.4373 -0.8968 0.0664
vn 0.4611 -0.8866 0.0369
vn 0.4531 -0.8913 0.0160
vn 0.4868 -0.8730 -0.0310
vn 0.4301 -0.9019 -0.0402
vn 0.4700 -0.8772 -0.0983
vn 0.4113 -0.9059 -0.1009
vn 0.4368 -0.8887 -0.1393
vn 0.4172 -0.8932 -0.1677
vn 0.4196 -0.8913 -0.1717
vn 0.4189 -0.8866 -0.1961
vn 0.4217 -0.8842 -0.2010
vn 0.4201 -0.8797 -0.2227
vn 0.4217 -0.8782 -0.2258
vn 0.4194 -0.8741 -0.2453
vn 0.4200 -0.8734 -0.2466
vn 0.4172 -0.8697 -0.2637
vn 0.4171 -0.8698 -0.2636
vn 0.4139 -0.8666 -0.2788
vn 0.4132 -0.8675 -0.2770
vn 0.4104 -0.8652 -0.2880
vn 0.4736 -0.8211 -0.3186
vn 0.4759 -0.8165 -0.3269
vn 0.5175 -0.7811 -0.3494
vn 0.5200 -0.7710 -0.3675
vn 0.5497 -0.7410 -0.3857
vn 0.5496 -0.7313 -0.4038
vn 0.5729 -0.7042 -0.4195
vn 0.5709 -0.6968 -0.4343
vn 0.2868 0.5516 0.7832
vn 0.5943 0.6817 -0.4268
vn 0.6572 0.7278 -0.1960
vn 0.6774 0.7350 0.0283
vn 0.5070 0.7312 0.4564
vn 0.2192 0.5884 0.7783
vn 0.2175 0.5884 0.7788
vn 0.2304 0.5286 0.8170
vn 0.2158 0.5507 0.8063
vn 0.2722 0.5909 0.7594
vn 0.2669 0.5926 0.7600
vn 0.2418 0.5901 0.7703
vn 0.2488 0.5610 0.7895
vn 0.2201 0.5881 0.7782
vn 0.3258 0.5366 0.7784
vn 0.2896 0.6444 0.7077
vn 0.2891 0.6445 0.7078
vn 0.3355 0.6975 0.6332
vn 0.3381 0.6975 0.6318
vn 0.3090 0.6806 0.6643
vn 0.3136 0.6801 0.6627
vn 0.3091 0.6803 0.6646
vn 0.4023 0.6995 0.5906
vn 0.3984 0.6342 0.6626
vn 0.4405 0.6875 0.5773
vn 0.4410 0.6875 0.5770
vn 0.4141 0.6817 0.6032
vn 0.4023 0.6991 0.5911
vn 0.4013 0.6991 0.5918
vn 0.4629 0.6995 0.5445
vn 0.4699 0.6991 0.5389
vn 0.4380 0.6919 0.5740
vn 0.5107 0.6841 0.5208
vn 0.4518 0.7212 0.5251
vn 0.4526 0.7212 0.5245
vn 0.4803 0.7284 0.4887
vn 0.5013 0.7313 0.4625
vn 0.5365 0.6915 0.4838
vn 0.4803 0.7283 0.4887
vn 0.5578 0.7048 0.4383
vn 0.5259 0.7372 0.4242
vn 0.5256 0.7440 0.4127
vn 0.5551 0.7361 0.3873
vn 0.5890 0.7028 0.3989
vn 0.5261 0.7440 0.4120
vn 0.6087 0.7109 0.3524
vn 0.5529 0.7453 0.3725
vn 0.5529 0.7453 0.3726
vn 0.5937 0.7519 0.2867
vn 0.5940 0.7519 0.2862
vn 0.5997 0.7421 0.2994
vn 0.6272 0.7174 0.3034
vn 0.5740 0.7486 0.3318
vn 0.6456 0.7200 0.2547
vn 0.6193 0.7431 0.2536
vn 0.6109 0.7547 0.2391
vn 0.6308 0.7513 0.1939
vn 0.6303 0.7514 0.1953
vn 0.6399 0.7397 0.2083
vn 0.6652 0.7174 0.2069
vn 0.6108 0.7547 0.2395
vn 0.6713 0.7231 0.1625
vn 0.6607 0.7325 0.1641
vn 0.6547 0.7394 0.1573
vn 0.6663 0.7363 0.1177
vn 0.6682 0.7347 0.1176
vn 0.6711 0.7374 0.0769
vn 0.6719 0.7372 0.0712
vn 0.6688 0.7400 0.0723
vn 0.6664 0.7423 0.0704
vn 0.6773 0.7350 0.0311
vn 0.6915 0.7218 0.0285
vn 0.6663 0.7423 0.0711
vn 0.6712 0.7400 -0.0444
vn 0.7144 0.6974 -0.0576
vn 0.6693 0.7429 -0.0151
vn 0.6693 0.7429 -0.0084
vn 0.6936 0.7202 -0.0143
vn 0.6951 0.7187 -0.0152
vn 0.7254 0.6814 -0.0975
vn 0.7228 0.6845 -0.0953
vn 0.6704 0.7399 -0.0557
vn 0.6698 0.7367 -0.0927
vn 0.7018 0.7034 -0.1130
vn 0.6677 0.7334 -0.1275
vn 0.6966 0.7030 -0.1429
vn 0.6674 0.7338 -0.1272
vn 0.6571 0.7278 -0.1962
vn 0.6577 0.7273 -0.1961
vn 0.7301 0.6558 -0.1917
vn 0.6688 0.7254 -0.1631
vn 0.6686 0.7254 -0.1638
vn 0.7224 0.6441 -0.2516
vn 0.6811 0.6951 -0.2302
vn 0.6598 0.7147 -0.2322
vn 0.6713 0.6903 -0.2700
vn 0.6802 0.6794 -0.2752
vn 0.6595 0.7147 -0.2329
vn 0.6339 0.7035 -0.3214
vn 0.6753 0.6709 -0.3065
vn 0.6659 0.6803 -0.3064
vn 0.6527 0.6966 -0.2979
vn 0.6663 0.6950 -0.2702
vn 0.6343 0.7035 -0.3205
vn 0.6561 0.6759 -0.3357
vn 0.6671 0.6648 -0.3362
vn 0.6169 0.6950 -0.3693
vn 0.6600 0.6580 -0.3626
vn 0.6467 0.6716 -0.3615
vn 0.6250 0.7002 -0.3451
vn 0.6249 0.7002 -0.3452
vn 0.6171 0.6950 -0.3688
vn 0.6361 0.6699 -0.3828
vn 0.6189 0.6790 -0.3948
vn 0.6183 0.6790 -0.3958
vn 0.6184 0.6789 -0.3958
vn 0.6185 0.6788 -0.3958
vn 0.5942 0.6817 -0.4269
vn 0.5946 0.6813 -0.4270
vn 0.6578 0.6046 -0.4493
vn 0.6250 0.6550 -0.4246
vn 0.5972 0.6666 -0.4461
vn 0.6563 0.5635 -0.5016
vn 0.5972 0.6666 -0.4460
vn 0.6242 0.6181 -0.4778
vn 0.6039 0.6482 -0.4638
vn 0.6874 0.5124 -0.5147
vn 0.6876 0.5124 -0.5145
vn 0.6873 0.5126 -0.5146
vn 0.6232 0.6180 -0.4792
vn 0.6421 0.5884 -0.4914
vn 0.6543 0.5658 -0.5018
vn 0.5968 0.6669 -0.4461
vn 0.6431 0.6039 -0.4709
vn 0.6386 0.6109 -0.4679
vn 0.6894 0.5287 -0.4952
vn 0.7073 0.5429 -0.4526
vn 0.6490 0.6177 -0.4441
vn 0.6518 0.6137 -0.4455
vn 0.6902 0.5271 -0.4958
vn 0.6896 0.5287 -0.4948
vn 0.7072 0.5429 -0.4528
vn 0.6943 0.5692 -0.4403
vn 0.6778 0.5924 -0.4355
vn 0.7023 0.5745 -0.4203
vn 0.7024 0.5745 -0.4201
vn 0.7050 0.5711 -0.4205
vn 0.7079 0.5656 -0.4230
vn 0.7080 0.5656 -0.4230
vn 0.7052 0.5930 -0.3887
vn 0.7164 0.5739 -0.3968
vn 0.7210 0.5682 -0.3966
vn 0.7168 0.5960 -0.3619
vn 0.7149 0.5978 -0.3628
vn 0.7096 0.6061 -0.3594
vn 0.7211 0.5682 -0.3965
vn 0.7632 0.5650 -0.3134
vn 0.7625 0.5650 -0.3154
vn 0.7116 0.6228 -0.3252
vn 0.7361 0.5853 -0.3401
vn 0.7361 0.5853 -0.3399
vn 0.7627 0.5647 -0.3152
vn 0.7119 0.6421 -0.2844
vn 0.7752 0.5648 -0.2831
vn 0.7765 0.5804 -0.2453
vn 0.7765 0.5805 -0.2452
vn 0.7191 0.6516 -0.2413
vn 0.7755 0.5644 -0.2828
vn 0.7754 0.5648 -0.2825
vn 0.8024 0.5736 -0.1647
vn 0.7419 0.6418 -0.1940
vn 0.7414 0.6423 -0.1942
vn 0.7531 0.6271 -0.1989
vn 0.7536 0.6264 -0.1993
vn 0.8024 0.5736 -0.1644
vn 0.7917 0.5902 -0.1579
vn 0.7855 0.5974 -0.1616
vn 0.8064 0.5796 -0.1178
vn 0.8064 0.5796 -0.1174
vn 0.7994 0.5879 -0.1241
vn 0.7803 0.6148 -0.1149
vn 0.7850 0.5973 -0.1643
vn 0.6714 0.7369 -0.0780
vn 0.8059 0.5855 -0.0871
vn 0.7524 0.6553 -0.0668
vn 0.8106 0.5853 -0.0200
vn 0.8105 0.5854 -0.0205
vn 0.7704 0.6359 -0.0464
vn 0.8165 0.5731 -0.0700
vn 0.8166 0.5731 -0.0691
vn 0.8106 0.5853 -0.0206
vn 0.7693 0.6388 -0.0049
vn 0.8079 0.5885 0.0296
vn 0.7973 0.5978 0.0830
vn 0.7973 0.5978 0.0828
vn 0.7692 0.6378 0.0396
vn 0.8077 0.5888 0.0299
vn 0.8080 0.5885 0.0280
vn 0.7972 0.5980 0.0832
vn 0.7672 0.6354 0.0876
vn 0.7803 0.6108 0.1341
vn 0.7707 0.6084 0.1896
vn 0.7706 0.6084 0.1899
vn 0.7540 0.6425 0.1369
vn 0.7810 0.6099 0.1345
vn 0.7801 0.6109 0.1355
vn 0.7460 0.6384 0.1895
vn 0.7480 0.6173 0.2438
vn 0.7273 0.6208 0.2926
vn 0.7270 0.6208 0.2933
vn 0.7284 0.6411 0.2416
vn 0.7485 0.6169 0.2433
vn 0.7482 0.6173 0.2434
vn 0.7263 0.6219 0.2928
vn 0.6974 0.6555 0.2897
vn 0.7158 0.6056 0.3477
vn 0.6905 0.6027 0.4000
vn 0.6901 0.6027 0.4007
vn 0.6716 0.6586 0.3393
vn 0.7172 0.6041 0.3474
vn 0.7159 0.6056 0.3474
vn 0.5747 0.7486 0.3307
vn 0.5788 0.7389 0.3451
vn 0.6584 0.6393 0.3972
vn 0.6396 0.6750 0.3679
vn 0.6301 0.5977 0.4956
vn 0.6116 0.6746 0.4133
vn 0.6251 0.6445 0.4404
vn 0.6589 0.6043 0.4479
vn 0.6592 0.6043 0.4475
vn 0.6304 0.5977 0.4953
vn 0.5920 0.6461 0.4817
vn 0.5822 0.6744 0.4542
vn 0.5677 0.5848 0.5794
vn 0.5650 0.6038 0.5623
vn 0.5545 0.6536 0.5151
vn 0.5969 0.5978 0.5351
vn 0.5967 0.5978 0.5353
vn 0.4777 0.7230 0.4992
vn 0.5268 0.6446 0.5541
vn 0.5680 0.5848 0.5791
vn 0.4924 0.5831 0.6462
vn 0.4930 0.5857 0.6433
vn 0.4991 0.6348 0.5899
vn 0.5304 0.5856 0.6130
vn 0.5302 0.5856 0.6132
vn 0.4376 0.6916 0.5747
vn 0.4800 0.6063 0.6340
vn 0.4930 0.5831 0.6458
vn 0.4566 0.5797 0.6749
vn 0.3783 0.5802 0.7213
vn 0.4587 0.5808 0.6724
vn 0.4473 0.6032 0.6604
vn 0.4815 0.6080 0.6312
vn 0.4154 0.5776 0.7027
vn 0.3775 0.6739 0.6351
vn 0.4028 0.6236 0.6700
vn 0.3961 0.5297 0.7500
vn 0.3960 0.5298 0.7500
vn 0.3966 0.5298 0.7497
vn 0.3358 0.6972 0.6334
vn 0.3768 0.5234 0.7642
vn 0.3267 0.6791 0.6573
vn 0.3610 0.5224 0.7725
vn 0.2866 0.5516 0.7833
vn 0.3136 0.5722 0.7578
vn 0.3025 0.6247 0.7199
vn 0.3019 0.6257 0.7193
vn 0.3609 0.5224 0.7725
vn 0.2897 0.6445 0.7076
vn 0.2803 0.5616 0.7785
vn 0.2756 0.5825 0.7647
vn 0.2614 0.6560 0.7081
vn 0.2413 0.4581 0.8555
vn 0.2324 0.6611 0.7134
vn 0.2513 0.5428 0.8014
vn 0.2717 0.4597 0.8455
vn 0.2716 0.4597 0.8455
vn 0.2292 0.5216 0.8218
vn 0.2268 0.5544 0.8007
vn -0.9453 -0.0156 0.3257
vn -0.9983 0.0015 -0.0575
vn -0.9997 -0.0011 -0.0263
vn -0.9991 -0.0020 -0.0423
vn -0.9981 0.0012 -0.0624
vn -0.9978 0.0013 -0.0660
vn -0.9991 -0.0021 -0.0422
vn -0.9990 -0.0025 -0.0449
vn -0.9989 -0.0019 -0.0469
vn -0.9988 -0.0017 -0.0484
vn -0.9988 -0.0017 -0.0492
vn -0.9983 0.0007 -0.0577
vn -0.9983 0.0006 -0.0587
vn -0.9987 -0.0018 -0.0511
vn -0.9984 -0.0019 -0.0558
vn -0.9982 -0.0053 -0.0603
vn -0.9982 -0.0075 -0.0603
vn -0.9982 -0.0068 -0.0601
vn -0.9982 -0.0052 -0.0592
vn -0.9982 -0.0023 -0.0596
vn -0.9983 -0.0004 -0.0577
vn -0.9984 -0.0001 -0.0572
vn -0.9979 0.0060 -0.0640
vn -0.9979 0.0058 -0.0643
vn -0.9981 -0.0086 -0.0608
vn -0.9982 -0.0062 -0.0603
vn -0.9982 -0.0059 -0.0601
vn -0.9983 -0.0024 -0.0588
vn -0.9983 0.0012 -0.0582
vn -0.9983 0.0008 -0.0582
vn -0.9983 -0.0022 -0.0586
vn -0.9983 -0.0011 -0.0577
vn -0.9983 -0.0009 -0.0576
vn -0.9983 -0.0006 -0.0578
vn -0.9983 -0.0009 -0.0579
vn -0.9984 -0.0004 -0.0574
vn -0.9983 -0.0018 -0.0581
vn -0.9982 -0.0022 -0.0592
vn -0.9982 -0.0024 -0.0592
vn -0.9982 -0.0033 -0.0597
vn -0.9982 -0.0032 -0.0600
vn -0.9981 -0.0044 -0.0608
vn -0.9981 -0.0049 -0.0615
vn -0.9981 -0.0056 -0.0615
vn -0.9980 -0.0067 -0.0633
vn -0.9981 -0.0047 -0.0618
vn -0.9981 -0.0049 -0.0621
vn -0.9981 -0.0054 -0.0619
vn -0.9980 -0.0058 -0.0628
vn -0.9982 -0.0020 -0.0596
vn -0.9982 -0.0018 -0.0592
vn -0.9983 -0.0021 -0.0585
vn -0.9952 0.0047 0.0975
vn -0.9977 -0.0003 -0.0680
vn -0.9977 -0.0005 -0.0681
vn -0.9965 -0.0023 -0.0830
vn -0.9966 -0.0023 -0.0821
vn -0.9977 -0.0009 -0.0680
vn -0.9977 -0.0015 -0.0679
vn -0.9976 -0.0019 -0.0698
vn -0.9978 -0.0018 -0.0669
vn -0.9985 0.0002 -0.0551
vn -0.9985 0.0006 -0.0551
vn -0.9984 -0.0000 -0.0572
vn -0.9984 -0.0000 -0.0570
vn -0.9986 0.0012 -0.0525
vn -0.9986 0.0016 -0.0526
vn -0.9981 -0.0014 -0.0619
vn -0.9981 -0.0014 -0.0618
vn -0.9984 0.0004 -0.0570
vn -0.9984 -0.0002 -0.0569
vn -0.9986 0.0015 -0.0525
vn -0.9986 0.0015 -0.0524
vn -0.9986 0.0014 -0.0525
vn -0.9986 0.0018 -0.0525
vn -0.9989 0.0041 -0.0475
vn -0.9987 0.0082 -0.0511
vn -0.9987 0.0033 -0.0501
vn -0.9987 0.0034 -0.0507
vn -0.9983 -0.0003 -0.0574
vn -0.9984 -0.0006 -0.0573
vn -0.9985 0.0021 -0.0543
vn -0.9986 0.0021 -0.0538
vn -0.9984 0.0002 -0.0567
vn -0.9984 0.0003 -0.0567
vn -0.9984 -0.0000 -0.0571
vn -0.9984 -0.0001 -0.0561
vn -0.9983 0.0014 -0.0578
vn -0.9986 0.0003 -0.0527
vn -0.9985 -0.0013 -0.0548
vn -0.9983 -0.0037 -0.0582
vn -0.9984 0.0007 -0.0567
vn -0.9986 -0.0004 -0.0523
vn -0.9983 -0.0005 -0.0584
vn -0.9980 0.0056 -0.0628
vn -0.9979 0.0056 -0.0645
vn -0.9978 0.0068 -0.0657
vn -0.9975 0.0097 -0.0707
vn -0.9974 0.0093 -0.0716
vn -0.9972 0.0107 -0.0746
vn -0.9972 0.0107 -0.0743
vn -0.9973 0.0096 -0.0723
vn -0.9972 0.0087 -0.0742
vn -0.9977 0.0054 -0.0669
vn -0.9976 0.0054 -0.0687
vn -0.9983 0.0012 -0.0590
vn -0.9982 0.0010 -0.0595
vn -0.9981 0.0018 -0.0615
vn -0.9980 0.0018 -0.0632
vn -0.9984 -0.0001 -0.0566
vn -0.9984 -0.0001 -0.0565
vn -0.9989 0.0021 -0.0477
vn -0.9984 0.0006 -0.0571
vn -0.9984 0.0007 -0.0572
vn -0.9982 -0.0074 -0.0596
vn -0.9982 -0.0062 -0.0595
vn -0.9983 -0.0024 -0.0575
vn -0.9983 -0.0020 -0.0574
vn -0.9983 -0.0020 -0.0575
vn -0.9984 0.0005 -0.0572
vn -0.9984 -0.0009 -0.0566
vn -0.9984 -0.0002 -0.0572
vn -0.9984 0.0001 -0.0572
vn -0.9984 0.0003 -0.0566
vn -0.9984 0.0004 -0.0566
vn -0.9984 0.0002 -0.0573
vn -0.9984 -0.0010 -0.0574
vn -0.9984 -0.0003 -0.0570
vn -0.9984 0.0011 -0.0571
vn -0.9984 0.0007 -0.0569
vn -0.9987 -0.0042 -0.0505
vn -0.9984 0.0004 -0.0571
vn -0.9983 0.0008 -0.0574
vn -0.9983 0.0013 -0.0586
vn -0.9983 0.0023 -0.0584
vn -0.9983 0.0024 -0.0585
vn -0.9983 0.0026 -0.0585
vn -0.9983 0.0012 -0.0579
vn -0.9983 0.0010 -0.0577
vn -0.9983 0.0006 -0.0577
vn -0.9983 0.0010 -0.0580
vn -0.9983 0.0025 -0.0584
vn -0.9983 0.0027 -0.0583
vn -0.9983 0.0003 -0.0577
vn -0.9984 0.0001 -0.0573
vn -0.9984 0.0009 -0.0569
vn -0.9984 0.0012 -0.0570
vn -0.9984 -0.0064 -0.0563
vn -0.9984 0.0015 -0.0570
vn -0.9984 0.0012 -0.0571
vn -0.9984 -0.0070 -0.0557
vn -0.9984 -0.0003 -0.0571
vn -0.9984 -0.0010 -0.0564
vn -0.9985 -0.0030 -0.0554
vn -0.9986 -0.0017 -0.0523
vn -0.9984 -0.0019 -0.0561
vn -0.9984 -0.0024 -0.0561
vn -0.9984 -0.0028 -0.0566
vn -0.9984 -0.0015 -0.0564
vn -0.9984 -0.0027 -0.0558
vn -0.9984 -0.0018 -0.0566
vn -0.9983 0.0010 -0.0585
vn -0.9984 0.0023 -0.0573
vn -0.9984 0.0054 -0.0566
vn -0.9984 0.0016 -0.0572
vn -0.9983 0.0033 -0.0575
vn -0.9984 0.0010 -0.0568
vn -0.9984 0.0026 -0.0572
vn -0.9984 0.0004 -0.0573
vn -0.9983 0.0007 -0.0578
vn -0.9984 0.0024 -0.0571
vn -0.9984 -0.0021 -0.0566
vn -0.9984 -0.0027 -0.0564
vn -0.9984 -0.0020 -0.0566
vn -0.9984 -0.0011 -0.0570
vn -0.9984 -0.0014 -0.0570
vn -0.9984 -0.0018 -0.0568
vn -0.9984 -0.0005 -0.0568
vn -0.9983 0.0008 -0.0581
vn -0.9983 0.0009 -0.0577
vn -0.9983 0.0015 -0.0576
vn -0.9983 0.0016 -0.0577
vn -0.9984 0.0016 -0.0568
vn -0.9983 0.0013 -0.0575
vn -0.9983 0.0022 -0.0575
vn -0.9984 0.0003 -0.0569
vn -0.9982 0.0080 -0.0602
vn -0.9984 -0.0005 -0.0569
vn -0.9984 0.0021 -0.0570
vn -0.9984 -0.0003 -0.0572
vn -0.9984 -0.0004 -0.0570
vn -0.9984 0.0002 -0.0572
vn -0.9984 -0.0029 -0.0559
vn -0.9984 -0.0018 -0.0567
vn -0.9984 -0.0008 -0.0570
vn -0.9984 -0.0009 -0.0567
vn -0.9984 -0.0006 -0.0568
vn -0.9984 -0.0006 -0.0566
vn -0.9983 0.0007 -0.0575
vn -0.9984 -0.0007 -0.0569
vn -0.9984 0.0037 -0.0567
vn -0.9984 -0.0004 -0.0569
vn -0.9984 0.0061 -0.0557
vn -0.9984 0.0026 -0.0563
vn -0.9984 -0.0013 -0.0567
vn -0.9983 0.0004 -0.0576
vn -0.9983 0.0003 -0.0576
vn -0.9984 0.0003 -0.0572
vn -0.9984 -0.0000 -0.0569
vn -0.9978 0.0093 -0.0660
vn -0.9983 0.0017 -0.0577
vn -0.9984 0.0008 -0.0573
vn -0.9984 0.0002 -0.0570
vn -0.9985 -0.0015 -0.0556
vn -0.9984 -0.0015 -0.0567
vn 0.9983 -0.0001 0.0586
vn 0.9969 0.0009 0.0783
vn 0.9984 0.0011 0.0558
vn 0.9984 -0.0007 0.0572
vn 0.9970 0.0008 0.0770
vn 0.9978 0.0014 0.0661
vn 0.9988 -0.0016 0.0484
vn 0.9990 -0.0017 0.0450
vn 0.9984 -0.0000 0.0564
vn 0.9980 0.0011 0.0633
vn 0.9984 -0.0006 0.0558
vn 0.9985 0.0007 0.0553
vn 0.9983 -0.0010 0.0578
vn 0.9983 -0.0011 0.0578
vn 0.9983 -0.0004 0.0574
vn 0.9984 0.0001 0.0568
vn 0.9984 -0.0002 0.0569
vn 0.9984 0.0001 0.0571
vn 0.9983 -0.0009 0.0577
vn 0.9983 -0.0014 0.0584
vn 0.9983 0.0007 0.0580
vn 0.9984 -0.0014 0.0562
vn 0.9983 -0.0019 0.0583
vn 0.9984 0.0008 0.0565
vn 0.9984 0.0013 0.0565
vn 0.9984 0.0009 0.0562
vn 0.9984 0.0008 0.0563
vn 0.9984 -0.0003 0.0557
vn 0.9984 -0.0000 0.0571
vn 0.9984 -0.0000 0.0572
vn 0.9983 -0.0004 0.0576
vn 0.9984 0.0002 0.0565
vn 0.9985 0.0016 0.0555
vn 0.9985 0.0016 0.0552
vn 0.9984 0.0003 0.0561
vn 0.9984 -0.0000 0.0568
vn 0.9985 -0.0000 0.0549
vn 0.9982 0.0007 0.0599
vn 0.9987 -0.0015 0.0517
vn 0.9988 -0.0016 0.0496
vn 0.9986 -0.0005 0.0531
vn 0.9984 -0.0003 0.0568
vn 0.9982 0.0010 0.0608
vn 0.9983 0.0007 0.0582
vn 0.9982 0.0008 0.0606
vn 0.9983 0.0005 0.0582
vn 0.9986 -0.0015 0.0533
vn 0.9984 -0.0009 0.0560
vn 0.9983 0.0013 0.0580
vn 0.9982 0.0012 0.0596
vn 0.9983 0.0007 0.0588
vn 0.9984 -0.0003 0.0574
vn 0.9984 -0.0003 0.0567
vn 0.9984 -0.0004 0.0565
vn 0.9984 -0.0004 0.0562
vn 0.9984 -0.0006 0.0563
vn 0.9983 -0.0006 0.0577
vn 0.9983 -0.0012 0.0582
vn 0.9983 -0.0003 0.0590
vn 0.9947 -0.0000 0.1025
vn 0.9973 0.0003 0.0731
vn 0.9972 -0.0008 0.0754
vn 0.9955 -0.0014 0.0944
vn 0.9955 -0.0014 0.0945
vn 0.9962 -0.0010 0.0871
vn 0.9983 -0.0000 0.0585
vn 0.9977 -0.0014 0.0680
vn 0.9969 -0.0018 0.0791
vn 0.9934 -0.0050 0.1143
vn 0.9986 0.0002 0.0536
vn 0.9991 0.0021 0.0434
vn 0.9989 0.0017 0.0475
vn 0.9983 -0.0008 0.0577
vn 0.9985 0.0019 0.0551
vn 0.9984 -0.0006 0.0573
vn 0.9984 -0.0002 0.0572
vn 0.9984 -0.0001 0.0573
vn 0.9983 -0.0006 0.0574
vn 0.9984 0.0003 0.0567
vn 0.9984 0.0001 0.0560
vn 0.9984 -0.0024 0.0572
vn 0.9984 0.0004 0.0567
vn 0.9984 0.0007 0.0564
vn 0.9983 0.0010 0.0589
vn 0.9984 -0.0015 0.0571
vn 0.9983 -0.0012 0.0589
vn 0.9984 0.0001 0.0564
vn 0.9986 0.0011 0.0525
vn 0.9986 0.0005 0.0533
vn 0.9983 -0.0006 0.0591
vn 0.9982 -0.0006 0.0592
vn 0.9981 -0.0012 0.0618
vn 0.9981 -0.0013 0.0620
vn 0.9984 0.0001 0.0561
vn 0.9985 0.0006 0.0551
vn 0.9982 -0.0011 0.0603
vn 0.9981 -0.0011 0.0610
vn 0.9982 -0.0012 0.0602
vn 0.9986 0.0018 0.0524
vn 0.9985 0.0018 0.0541
vn 0.9984 -0.0003 0.0569
vn 0.9982 0.0029 0.0603
vn 0.9985 -0.0016 0.0550
vn 0.9983 -0.0003 0.0575
vn 0.9984 -0.0003 0.0573
vn 0.9984 -0.0008 0.0561
vn 0.9984 -0.0001 0.0572
vn 0.9985 -0.0006 0.0553
vn 0.9984 0.0002 0.0568
vn 0.9984 -0.0009 0.0570
vn 0.9983 -0.0010 0.0577
vn 0.9982 0.0039 0.0591
vn 0.9984 -0.0001 0.0571
vn 0.9984 -0.0004 0.0574
vn 0.9984 -0.0013 0.0572
vn 0.9984 -0.0014 0.0574
vn 0.9983 -0.0002 0.0574
vn 0.9984 0.0005 0.0568
vn 0.9984 0.0006 0.0568
vn 0.9984 0.0006 0.0572
vn 0.9984 -0.0006 0.0570
vn 0.9984 -0.0009 0.0572
vn 0.9984 0.0019 0.0569
vn 0.9983 0.0047 0.0574
vn 0.9984 0.0012 0.0570
vn 0.9984 0.0017 0.0568
vn 0.9984 0.0017 0.0566
vn 0.9984 0.0002 0.0573
vn 0.9984 -0.0007 0.0571
vn 0.9983 -0.0015 0.0575
vn 0.9984 -0.0015 0.0574
vn 0.9984 -0.0008 0.0572
vn 0.9984 -0.0060 0.0566
vn 0.9984 -0.0021 0.0572
vn 0.9984 -0.0014 0.0571
vn 0.9984 -0.0002 0.0570
vn 0.9984 -0.0000 0.0569
vn 0.9984 -0.0004 0.0570
vn 0.9984 -0.0005 0.0567
vn 0.9983 0.0017 0.0584
vn 0.9983 0.0019 0.0584
vn 0.9985 -0.0005 0.0541
vn 0.9983 0.0013 0.0579
vn 0.9983 0.0009 0.0577
vn 0.9983 -0.0000 0.0575
vn 0.9985 -0.0025 0.0554
vn 0.9984 -0.0022 0.0557
vn 0.9984 0.0002 0.0570
vn 0.9984 0.0004 0.0573
vn 0.9983 0.0014 0.0581
vn 0.9983 0.0010 0.0577
vn 0.9983 0.0007 0.0574
vn 0.9984 0.0004 0.0574
vn 0.9986 -0.0005 0.0528
vn 0.9984 -0.0012 0.0564
vn 0.9984 -0.0018 0.0559
vn 0.9984 -0.0019 0.0557
vn 0.9984 -0.0005 0.0570
vn 0.9984 0.0006 0.0570
vn 0.9984 0.0001 0.0570
vn 0.9984 0.0005 0.0572
vn 0.9984 0.0004 0.0571
vn 0.9984 -0.0037 0.0565
vn 0.9984 -0.0008 0.0571
vn 0.9984 -0.0002 0.0571
vn 0.9984 0.0009 0.0573
vn 0.9984 0.0002 0.0574
vn 0.9984 0.0032 0.0572
vn 0.9984 -0.0001 0.0570
vn 0.9984 0.0006 0.0574
vn 0.9983 0.0008 0.0574
vn 0.9983 0.0016 0.0575
vn 0.9984 0.0023 0.0574
vn 0.9984 -0.0006 0.0569
vn 0.9984 -0.0007 0.0569
vn 0.9984 -0.0013 0.0569
vn 0.9984 -0.0013 0.0570
vn 0.9984 -0.0001 0.0568
vn 0.9984 0.0003 0.0571
vn 0.9984 -0.0017 0.0569
vn 0.9984 -0.0000 0.0574
vn 0.9984 0.0005 0.0573
vn 0.9986 -0.0097 0.0521
vn 0.9984 0.0008 0.0571
vn 0.9984 -0.0008 0.0570
vn 0.9983 0.0015 0.0578
vn 0.9984 -0.0022 0.0564
vn 0.9984 0.0010 0.0573
vn 0.9984 -0.0020 0.0573
vn 0.9983 0.0072 0.0571
vn 0.9984 -0.0004 0.0571
vn 0.9984 0.0009 0.0574
vn 0.9984 0.0009 0.0572
vn 0.9984 0.0012 0.0572
vn 0.9987 0.0051 0.0508
vn 0.9984 0.0001 0.0573
vn 0.9984 -0.0013 0.0566
vn 0.9984 -0.0013 0.0564
vn 0.9984 -0.0011 0.0571
vn 0.9982 0.0029 0.0593
vn 0.9984 -0.0020 0.0558
vn 0.9984 0.0009 0.0571
vn 0.9984 0.0013 0.0573
vn 0.9984 -0.0003 0.0572
vn 0.9986 -0.0118 0.0512
vn 0.9984 -0.0013 0.0568
vn 0.9985 -0.0014 0.0555
vn 0.9984 -0.0003 0.0571
vn 0.9984 -0.0000 0.0573
vn 0.5335 -0.7481 0.3946
vn 0.5750 -0.7581 0.3076
vn 0.6116 -0.7594 0.2218
vn 0.6551 -0.7541 0.0467
vn 0.6745 -0.7372 -0.0397
vn 0.6385 -0.6951 -0.3305
vn 0.6118 -0.6845 -0.3964
vn 0.6303 -0.6070 -0.4841
vn 0.2202 -0.5540 0.8029
vn 0.2576 -0.4328 0.8639
vn 0.2579 -0.4328 0.8638
vn 0.2361 -0.6157 0.7518
vn 0.2100 -0.6907 0.6920
vn 0.3160 -0.4756 0.8209
vn 0.3166 -0.4737 0.8218
vn 0.2578 -0.6514 0.7135
vn 0.2852 -0.4574 0.8423
vn 0.2849 -0.4574 0.8424
vn 0.3158 -0.4757 0.8210
vn 0.2905 -0.6626 0.6903
vn 0.3458 -0.5081 0.7889
vn 0.3607 -0.5939 0.7191
vn 0.3609 -0.5937 0.7192
vn 0.3370 -0.6517 0.6795
vn 0.3453 -0.5082 0.7890
vn 0.3457 -0.5081 0.7888
vn 0.3725 -0.6845 0.6266
vn 0.4046 -0.5792 0.7077
vn 0.4092 -0.5791 0.7052
vn 0.4596 -0.5379 0.7067
vn 0.4841 -0.5371 0.6908
vn 0.4596 -0.5383 0.7064
vn 0.4951 -0.5702 0.6555
vn 0.4907 -0.5704 0.6587
vn 0.5101 -0.6174 0.5988
vn 0.5101 -0.6177 0.5985
vn 0.4724 -0.6067 0.6393
vn 0.4755 -0.6067 0.6370
vn 0.5486 -0.6785 0.4885
vn 0.5666 -0.5828 0.5825
vn 0.5587 -0.5830 0.5900
vn 0.5343 -0.6446 0.5469
vn 0.5342 -0.6455 0.5459
vn 0.6030 -0.6883 0.4033
vn 0.6032 -0.6879 0.4036
vn 0.6340 -0.5936 0.4955
vn 0.6231 -0.5939 0.5090
vn 0.5795 -0.6800 0.4493
vn 0.5783 -0.6831 0.4460
vn 0.6578 -0.6401 0.3969
vn 0.6374 -0.6786 0.3649
vn 0.6600 -0.6046 0.4459
vn 0.7206 -0.6004 0.3469
vn 0.6612 -0.6810 0.3148
vn 0.6916 -0.6016 0.3997
vn 0.6917 -0.6016 0.3996
vn 0.7352 -0.6124 0.2908
vn 0.7103 -0.6387 0.2959
vn 0.6830 -0.6795 0.2678
vn 0.7206 -0.6004 0.3468
vn 0.7640 -0.5989 0.2399
vn 0.7445 -0.6199 0.2478
vn 0.7138 -0.6644 0.2215
vn 0.7354 -0.6124 0.2902
vn 0.7704 -0.6104 0.1841
vn 0.7567 -0.6245 0.1933
vn 0.7232 -0.6695 0.1696
vn 0.7855 -0.6045 0.1328
vn 0.7770 -0.6133 0.1420
vn 0.7482 -0.6516 0.1253
vn 0.7707 -0.6104 0.1830
vn 0.8018 -0.5921 0.0805
vn 0.7956 -0.5987 0.0926
vn 0.7555 -0.6510 0.0735
vn 0.7855 -0.6045 0.1330
vn 0.8125 -0.5823 0.0285
vn 0.8100 -0.5849 0.0438
vn 0.7485 -0.6629 0.0206
vn 0.8020 -0.5921 0.0795
vn 0.8168 -0.5769 -0.0030
vn 0.7283 -0.6846 -0.0294
vn 0.8126 -0.5823 0.0251
vn 0.8041 -0.5895 -0.0769
vn 0.7733 -0.6323 -0.0462
vn 0.8172 -0.5757 -0.0289
vn 0.8164 -0.5765 -0.0325
vn 0.8042 -0.5894 -0.0768
vn 0.7760 -0.6250 -0.0851
vn 0.8000 -0.5879 -0.1200
vn 0.7802 -0.6062 -0.1542
vn 0.7742 -0.6137 -0.1551
vn 0.7807 -0.6057 -0.1538
vn 0.7811 -0.6056 -0.1520
vn 0.7859 -0.6061 -0.1224
vn 0.8000 -0.5879 -0.1202
vn 0.7999 -0.5879 -0.1202
vn 0.7830 -0.5924 -0.1899
vn 0.7834 -0.5918 -0.1897
vn 0.7834 -0.5919 -0.1895
vn 0.7908 -0.5660 -0.2327
vn 0.7907 -0.5660 -0.2332
vn 0.7629 -0.5902 -0.2639
vn 0.7627 -0.5906 -0.2635
vn 0.7475 -0.5751 -0.3323
vn 0.7302 -0.6183 -0.2908
vn 0.7397 -0.6060 -0.2926
vn 0.7636 -0.5902 -0.2619
vn 0.7085 -0.6271 -0.3237
vn 0.7477 -0.5749 -0.3323
vn 0.7470 -0.5749 -0.3338
vn 0.7431 -0.5605 -0.3656
vn 0.7435 -0.5601 -0.3653
vn 0.7432 -0.5601 -0.3659
vn 0.7205 -0.5499 -0.4224
vn 0.7204 -0.5499 -0.4226
vn 0.6873 -0.6178 -0.3819
vn 0.7354 -0.5496 -0.3964
vn 0.7014 -0.5591 -0.4421
vn 0.6815 -0.6117 -0.4017
vn 0.7014 -0.5591 -0.4420
vn 0.6939 -0.5701 -0.4398
vn 0.6878 -0.5818 -0.4341
vn 0.6977 -0.5189 -0.4938
vn 0.6974 -0.5201 -0.4931
vn 0.6261 -0.6510 -0.4292
vn 0.6814 -0.5714 -0.4573
vn 0.6809 -0.5714 -0.4581
vn 0.6979 -0.5189 -0.4936
vn 0.6309 -0.6230 -0.4625
vn 0.6866 -0.5195 -0.5086
vn 0.6347 -0.6000 -0.4869
vn 0.6861 -0.5204 -0.5083
vn 0.6872 -0.5195 -0.5077
vn 0.5841 -0.6800 -0.4432
vn 0.6452 -0.5833 -0.4935
vn 0.6472 -0.5798 -0.4950
vn 0.6320 -0.6066 -0.4822
vn 0.6787 -0.5202 -0.5184
vn 0.5947 -0.6785 -0.4311
vn 0.6415 -0.6065 -0.4698
vn 0.5848 -0.6792 -0.4436
vn 0.5839 -0.6800 -0.4435
vn 0.6115 -0.6845 -0.3969
vn 0.6388 -0.6335 -0.4366
vn 0.6450 -0.6239 -0.4412
vn 0.5944 -0.6788 -0.4311
vn 0.5947 -0.6785 -0.4312
vn 0.6106 -0.6857 -0.3963
vn 0.6365 -0.6556 -0.4062
vn 0.6119 -0.6973 -0.3733
vn 0.7035 -0.5735 -0.4196
vn 0.6357 -0.6705 -0.3824
vn 0.6120 -0.6973 -0.3732
vn 0.6442 -0.6735 -0.3623
vn 0.6349 -0.6861 -0.3552
vn 0.6297 -0.6911 -0.3548
vn 0.6296 -0.6911 -0.3549
vn 0.7352 -0.5496 -0.3967
vn 0.6947 -0.6264 -0.3535
vn 0.6459 -0.6879 -0.3310
vn 0.6586 -0.6713 -0.3399
vn 0.6451 -0.7141 -0.2718
vn 0.6823 -0.6577 -0.3192
vn 0.6556 -0.6921 -0.3019
vn 0.6417 -0.7051 -0.3016
vn 0.6413 -0.7051 -0.3026
vn 0.6431 -0.7279 -0.2377
vn 0.6430 -0.7279 -0.2380
vn 0.6996 -0.6574 -0.2800
vn 0.6449 -0.7143 -0.2719
vn 0.6451 -0.7141 -0.2719
vn 0.7208 -0.6497 -0.2416
vn 0.7167 -0.6546 -0.2404
vn 0.6419 -0.7289 -0.2378
vn 0.7210 -0.6677 -0.1854
vn 0.6574 -0.7243 -0.2080
vn 0.6576 -0.7243 -0.2074
vn 0.7897 -0.5678 -0.2322
vn 0.7244 -0.6626 -0.1903
vn 0.7103 -0.6786 -0.1872
vn 0.6931 -0.6980 -0.1800
vn 0.6697 -0.7334 -0.1169
vn 0.7014 -0.6977 -0.1457
vn 0.6999 -0.6994 -0.1448
vn 0.6979 -0.7018 -0.1430
vn 0.6802 -0.7180 -0.1477
vn 0.6804 -0.7180 -0.1468
vn 0.6696 -0.7334 -0.1175
vn 0.6959 -0.7094 -0.1121
vn 0.6751 -0.7333 -0.0803
vn 0.6751 -0.7333 -0.0805
vn 0.6805 -0.7285 -0.0785
vn 0.6843 -0.7246 -0.0813
vn 0.6744 -0.7370 -0.0443
vn 0.6915 -0.7213 -0.0401
vn 0.6838 -0.7244 -0.0868
vn 0.7050 -0.7092 0.0049
vn 0.6815 -0.7318 -0.0080
vn 0.6623 -0.7493 0.0024
vn 0.6567 -0.7536 0.0294
vn 0.7223 -0.6895 0.0544
vn 0.6623 -0.7493 0.0028
vn 0.7318 -0.6731 0.1068
vn 0.6927 -0.7171 0.0763
vn 0.6468 -0.7572 0.0913
vn 0.6468 -0.7572 0.0910
vn 0.6865 -0.7169 0.1216
vn 0.6370 -0.7587 0.1362
vn 0.6287 -0.7563 0.1808
vn 0.6287 -0.7563 0.1809
vn 0.6753 -0.7180 0.1690
vn 0.6371 -0.7585 0.1368
vn 0.6370 -0.7587 0.1366
vn 0.6196 -0.7587 0.2009
vn 0.6967 -0.6698 0.2569
vn 0.6281 -0.7571 0.1800
vn 0.6883 -0.6362 0.3487
vn 0.5844 -0.7574 0.2911
vn 0.6421 -0.6841 0.3459
vn 0.5970 -0.7567 0.2663
vn 0.5965 -0.7576 0.2652
vn 0.6049 -0.7569 0.2472
vn 0.6706 -0.6777 0.3018
vn 0.6107 -0.7606 0.2203
vn 0.6500 -0.6048 0.4601
vn 0.5448 -0.7475 0.3801
vn 0.5964 -0.6686 0.4441
vn 0.5520 -0.7568 0.3501
vn 0.5521 -0.7564 0.3508
vn 0.5628 -0.7557 0.3348
vn 0.6189 -0.6784 0.3959
vn 0.5748 -0.7585 0.3070
vn 0.4972 -0.7139 0.4930
vn 0.5147 -0.7132 0.4759
vn 0.5866 -0.5969 0.5473
vn 0.5973 -0.5967 0.5358
vn 0.5317 -0.6818 0.5024
vn 0.5096 -0.7440 0.4321
vn 0.5207 -0.7435 0.4197
vn 0.5649 -0.6699 0.4818
vn 0.5335 -0.7481 0.3947
vn 0.4288 -0.7321 0.5293
vn 0.4422 -0.7316 0.5189
vn 0.5168 -0.5982 0.6124
vn 0.5200 -0.5981 0.6098
vn 0.4786 -0.6486 0.5918
vn 0.4655 -0.7293 0.5014
vn 0.4734 -0.7290 0.4945
vn 0.4973 -0.6817 0.5366
vn 0.4969 -0.7133 0.4942
vn 0.4291 -0.7323 0.5288
vn 0.4515 -0.6656 0.5943
vn 0.4049 -0.7149 0.5701
vn 0.4397 -0.6272 0.6429
vn 0.4234 -0.6627 0.6177
vn 0.4052 -0.7149 0.5699
vn 0.4492 -0.6931 0.5638
vn 0.4062 -0.6763 0.6145
vn 0.4058 -0.6763 0.6148
vn 0.3900 -0.6692 0.6325
vn 0.4243 -0.5503 0.7191
vn 0.3459 -0.6948 0.6306
vn 0.3290 -0.6375 0.6967
vn 0.3360 -0.6369 0.6939
vn 0.3689 -0.5524 0.7475
vn 0.3459 -0.6947 0.6307
vn 0.3468 -0.6948 0.6301
vn 0.2722 -0.6394 0.7191
vn 0.2666 -0.6406 0.7201
vn 0.3181 -0.5678 0.7593
vn 0.3049 -0.6255 0.7182
vn 0.3377 -0.6373 0.6927
vn 0.2670 -0.6395 0.7210
vn 0.2916 -0.5069 0.8112
vn 0.2331 -0.6566 0.7174
vn 0.2203 -0.6549 0.7229
vn 0.2063 -0.6588 0.7235
vn 0.2616 -0.4830 0.8356
vn 0.2336 -0.6553 0.7183
vn 0.2375 -0.6554 0.7170
vn 0.2059 -0.6331 0.7462
vn 0.2177 -0.5871 0.7797
vn 0.2036 -0.6550 0.7277
vn 0.2291 -0.5496 0.8034
vn 0.9705 0.1135 -0.2125
vn 0.9517 0.1184 -0.2834
vn 0.7461 0.3480 -0.5677
vn 0.8133 0.0327 -0.5810
vn 0.7603 -0.3166 -0.5672
vn 0.7742 -0.2697 -0.5726
vn 0.8093 0.0246 -0.5869
vn 0.8064 0.0734 -0.5868
vn 0.8014 0.1241 -0.5851
vn 0.7730 0.2755 -0.5714
vn 0.3958 0.5307 0.7495
vn 0.2251 0.4235 0.8775
vn 0.2308 0.3135 0.9211
vn 0.2291 0.2569 0.9389
vn 0.2296 0.1999 0.9525
vn 0.2310 0.1422 0.9625
vn 0.2330 0.0838 0.9689
vn 0.2357 0.0251 0.9715
vn 0.2362 -0.0624 0.9697
vn 0.2375 -0.1065 0.9655
vn 0.2314 -0.2224 0.9471
vn 0.2272 -0.2795 0.9329
vn 0.2241 -0.3357 0.9149
vn 0.2220 -0.3908 0.8933
vn 0.4838 -0.5393 0.6893
vn 0.8455 -0.5280 -0.0789
vn 0.8050 -0.5252 -0.2761
vn 0.7303 -0.5061 -0.4587
vn 0.6969 -0.4893 -0.5244
vn 0.7037 -0.4851 -0.5191
vn 0.7033 -0.4845 -0.5202
vn 0.7021 -0.4721 -0.5331
vn 0.6996 -0.4755 -0.5333
vn 0.6997 -0.4755 -0.5333
vn 0.7109 -0.4922 -0.5024
vn 0.7088 -0.4838 -0.5134
vn 0.7264 -0.4583 -0.5122
vn 0.7033 -0.4846 -0.5201
vn 0.7274 -0.5011 -0.4687
vn 0.7382 -0.4904 -0.4632
vn 0.7192 -0.5008 -0.4817
vn 0.7141 -0.5032 -0.4868
vn 0.7258 -0.4881 -0.4847
vn 0.7110 -0.4924 -0.5021
vn 0.7630 -0.4997 -0.4099
vn 0.7525 -0.5104 -0.4163
vn 0.7547 -0.5154 -0.4058
vn 0.7418 -0.5112 -0.4340
vn 0.7419 -0.5112 -0.4339
vn 0.7391 -0.5060 -0.4446
vn 0.7500 -0.4951 -0.4385
vn 0.7303 -0.5061 -0.4588
vn 0.7830 -0.5166 -0.3464
vn 0.7862 -0.5133 -0.3441
vn 0.7856 -0.5108 -0.3491
vn 0.7689 -0.5161 -0.3773
vn 0.7691 -0.5163 -0.3767
vn 0.7680 -0.5133 -0.3829
vn 0.7738 -0.5075 -0.3791
vn 0.7546 -0.5154 -0.4062
vn 0.8049 -0.5250 -0.2765
vn 0.8048 -0.5262 -0.2744
vn 0.8063 -0.5107 -0.2983
vn 0.7931 -0.5235 -0.3113
vn 0.7858 -0.5117 -0.3474
vn 0.8214 -0.5164 -0.2421
vn 0.8225 -0.5151 -0.2411
vn 0.8229 -0.5148 -0.2407
vn 0.8367 -0.5244 -0.1576
vn 0.8348 -0.5260 -0.1625
vn 0.8285 -0.5237 -0.1985
vn 0.8285 -0.5236 -0.1986
vn 0.8283 -0.5260 -0.1929
vn 0.8259 -0.5278 -0.1984
vn 0.8214 -0.5173 -0.2401
vn 0.8415 -0.5257 -0.1247
vn 0.8414 -0.5258 -0.1245
vn 0.8389 -0.5313 -0.1183
vn 0.8374 -0.5237 -0.1563
vn 0.8371 -0.5224 -0.1625
vn 0.8451 -0.5291 -0.0762
vn 0.8443 -0.5300 -0.0789
vn 0.8415 -0.5258 -0.1243
vn 0.8466 -0.5314 0.0278
vn 0.8450 -0.5345 0.0188
vn 0.8419 -0.5388 0.0305
vn 0.8454 -0.5333 -0.0287
vn 0.8460 -0.5322 -0.0322
vn 0.8457 -0.5329 -0.0303
vn 0.8461 -0.5323 -0.0286
vn 0.8362 -0.5417 0.0854
vn 0.8362 -0.5418 0.0855
vn 0.8411 -0.5361 0.0715
vn 0.8426 -0.5317 0.0857
vn 0.8426 -0.5379 0.0277
vn 0.8340 -0.5327 0.1437
vn 0.8336 -0.5376 0.1268
vn 0.8268 -0.5442 0.1419
vn 0.8150 -0.5453 0.1961
vn 0.8146 -0.5456 0.1969
vn 0.8212 -0.5399 0.1848
vn 0.8205 -0.5364 0.1975
vn 0.8267 -0.5444 0.1423
vn 0.8011 -0.5421 0.2536
vn 0.8025 -0.5447 0.2433
vn 0.7968 -0.5492 0.2520
vn 0.7761 -0.5494 0.3096
vn 0.7762 -0.5493 0.3094
vn 0.7814 -0.5456 0.3028
vn 0.7797 -0.5438 0.3103
vn 0.7524 -0.5489 0.3641
vn 0.7534 -0.5497 0.3609
vn 0.7511 -0.5512 0.3634
vn 0.7215 -0.5515 0.4186
vn 0.7214 -0.5516 0.4188
vn 0.7228 -0.5507 0.4175
vn 0.7220 -0.5503 0.4193
vn 0.7513 -0.5511 0.3631
vn 0.6902 -0.5514 0.4686
vn 0.6892 -0.5509 0.4707
vn 0.6914 -0.5496 0.4690
vn 0.6589 -0.5486 0.5148
vn 0.6577 -0.5488 0.5160
vn 0.6521 -0.5520 0.5198
vn 0.6556 -0.5532 0.5140
vn 0.6913 -0.5496 0.4691
vn 0.6200 -0.5516 0.5580
vn 0.6150 -0.5502 0.5648
vn 0.6224 -0.5461 0.5607
vn 0.5813 -0.5507 0.5990
vn 0.5763 -0.5497 0.6047
vn 0.5831 -0.5459 0.6016
vn 0.5428 -0.5435 0.6403
vn 0.5426 -0.5435 0.6405
vn 0.5398 -0.5451 0.6415
vn 0.5425 -0.5455 0.6388
vn 0.5837 -0.5459 0.6011
vn 0.4589 -0.5401 0.7055
vn 0.5111 -0.5146 0.6885
vn 0.4909 -0.5272 0.6936
vn 0.5017 -0.5407 0.6752
vn 0.4990 -0.5404 0.6775
vn 0.4262 -0.5235 0.7378
vn 0.4230 -0.5239 0.7393
vn 0.4222 -0.5220 0.7411
vn 0.4590 -0.5401 0.7054
vn 0.3425 -0.5223 0.7809
vn 0.3422 -0.5224 0.7811
vn 0.3661 -0.5111 0.7776
vn 0.3797 -0.5278 0.7598
vn 0.3796 -0.5278 0.7598
vn 0.3095 -0.5113 0.8017
vn 0.3092 -0.5113 0.8018
vn 0.3153 -0.5093 0.8008
vn 0.3107 -0.5028 0.8066
vn 0.3426 -0.5223 0.7809
vn 0.2774 -0.5051 0.8173
vn 0.2743 -0.5017 0.8204
vn 0.2780 -0.5000 0.8202
vn 0.2295 -0.4954 0.8378
vn 0.2496 -0.4906 0.8349
vn 0.2409 -0.4956 0.8344
vn 0.2482 -0.5019 0.8286
vn 0.2481 -0.5019 0.8286
vn 0.2292 -0.4952 0.8380
vn 0.2288 -0.4954 0.8380
vn 0.2224 -0.4438 0.8681
vn 0.2223 -0.4442 0.8679
vn 0.2357 0.0252 0.9715
vn 0.2375 -0.0116 0.9713
vn 0.2406 -0.0259 0.9703
vn 0.2321 0.3684 0.9002
vn 0.2357 0.4981 0.8345
vn 0.2578 0.5064 0.8229
vn 0.2161 0.4774 0.8517
vn 0.2645 0.5063 0.8208
vn 0.2412 0.4938 0.8354
vn 0.2358 0.4981 0.8345
vn 0.2749 0.4989 0.8219
vn 0.2643 0.5063 0.8209
vn 0.2644 0.5063 0.8208
vn 0.3137 0.5170 0.7964
vn 0.3300 0.4995 0.8010
vn 0.2943 0.5125 0.8066
vn 0.2947 0.5124 0.8066
vn 0.2949 0.5124 0.8065
vn 0.3959 0.5307 0.7494
vn 0.3631 0.5136 0.7774
vn 0.3648 0.5166 0.7746
vn 0.3622 0.5172 0.7754
vn 0.3289 0.5177 0.7898
vn 0.4719 0.5366 0.6996
vn 0.4208 0.5315 0.7351
vn 0.4402 0.5118 0.7378
vn 0.3964 0.5306 0.7492
vn 0.4688 0.5383 0.7003
vn 0.4718 0.5365 0.6997
vn 0.3909 0.5360 0.7483
vn 0.5094 0.5438 0.6669
vn 0.5078 0.5438 0.6681
vn 0.5032 0.5433 0.6720
vn 0.5100 0.5394 0.6700
vn 0.5090 0.5395 0.6707
vn 0.5494 0.5407 0.6370
vn 0.5394 0.5463 0.6408
vn 0.5465 0.5475 0.6337
vn 0.5867 0.5438 0.6001
vn 0.5765 0.5494 0.6048
vn 0.5834 0.5509 0.5968
vn 0.6561 0.5493 0.5175
vn 0.6200 0.5514 0.5582
vn 0.6152 0.5501 0.5648
vn 0.6227 0.5458 0.5606
vn 0.5902 0.5502 0.5907
vn 0.6560 0.5493 0.5176
vn 0.6525 0.5513 0.5199
vn 0.6544 0.5520 0.5167
vn 0.7204 0.5520 0.4199
vn 0.6894 0.5511 0.4702
vn 0.6892 0.5510 0.4705
vn 0.6891 0.5511 0.4706
vn 0.6888 0.5511 0.4710
vn 0.7207 0.5519 0.4195
vn 0.7230 0.5505 0.4175
vn 0.7215 0.5497 0.4210
vn 0.7733 0.5505 0.3145
vn 0.7520 0.5473 0.3675
vn 0.7540 0.5488 0.3611
vn 0.7495 0.5517 0.3659
vn 0.7499 0.5515 0.3653
vn 0.7736 0.5504 0.3140
vn 0.7823 0.5443 0.3030
vn 0.7790 0.5408 0.3174
vn 0.8116 0.5483 0.2019
vn 0.8013 0.5367 0.2642
vn 0.8043 0.5419 0.2438
vn 0.7931 0.5505 0.2606
vn 0.7932 0.5505 0.2604
vn 0.8211 0.5401 0.1846
vn 0.8199 0.5347 0.2047
vn 0.8354 0.5424 0.0890
vn 0.8348 0.5308 0.1463
vn 0.8343 0.5365 0.1268
vn 0.8258 0.5448 0.1458
vn 0.8263 0.5444 0.1446
vn 0.8355 0.5423 0.0889
vn 0.8417 0.5352 0.0714
vn 0.8436 0.5295 0.0899
vn 0.8446 0.5350 -0.0199
vn 0.8481 0.5288 0.0330
vn 0.8455 0.5336 0.0187
vn 0.8423 0.5381 0.0309
vn 0.8418 0.5388 0.0327
vn 0.8433 0.5328 -0.0701
vn 0.8434 0.5325 -0.0711
vn 0.8484 0.5285 -0.0304
vn 0.8446 0.5350 -0.0198
vn 0.8445 0.5351 -0.0194
vn 0.8434 0.5326 -0.0707
vn 0.8455 0.5285 -0.0763
vn 0.8408 0.5276 -0.1213
vn 0.8360 0.5219 -0.1698
vn 0.8358 0.5213 -0.1725
vn 0.8398 0.5297 -0.1185
vn 0.8408 0.5276 -0.1211
vn 0.8408 0.5277 -0.1208
vn 0.8319 0.5323 -0.1570
vn 0.8306 0.5305 -0.1692
vn 0.8311 0.5133 -0.2138
vn 0.8307 0.5220 -0.1935
vn 0.8216 0.5284 -0.2139
vn 0.8036 0.5187 -0.2918
vn 0.8127 0.5239 -0.2550
vn 0.8229 0.5138 -0.2426
vn 0.8252 0.5022 -0.2584
vn 0.8216 0.5283 -0.2141
vn 0.7880 0.5245 -0.3224
vn 0.7878 0.5237 -0.3243
vn 0.8052 0.5127 -0.2980
vn 0.8037 0.5184 -0.2921
vn 0.8036 0.5188 -0.2915
vn 0.7697 0.5086 -0.3858
vn 0.7760 0.5202 -0.3566
vn 0.7794 0.5253 -0.3415
vn 0.7887 0.4971 -0.3617
vn 0.7878 0.5235 -0.3246
vn 0.7695 0.5082 -0.3867
vn 0.7685 0.5124 -0.3832
vn 0.7537 0.5115 -0.4127
vn 0.7403 0.5077 -0.4407
vn 0.7402 0.5077 -0.4409
vn 0.7547 0.5061 -0.4175
vn 0.7536 0.5114 -0.4129
vn 0.7536 0.5115 -0.4128
vn 0.7403 0.5077 -0.4406
vn 0.7411 0.5021 -0.4458
vn 0.7436 0.5014 -0.4424
vn 0.7106 0.4861 -0.5087
vn 0.7104 0.4859 -0.5092
vn 0.7191 0.4928 -0.4900
vn 0.7185 0.4959 -0.4877
vn 0.7316 0.4967 -0.4669
vn 0.7289 0.4981 -0.4697
vn 0.7287 0.5024 -0.4654
vn 0.7013 0.4830 -0.5243
vn 0.7014 0.4831 -0.5240
vn 0.7001 0.4732 -0.5347
vn 0.6989 0.4760 -0.5339
vn 0.7005 0.4735 -0.5339
vn 0.7190 0.4262 -0.5490
vn 0.7184 0.4279 -0.5485
vn 0.7377 0.3777 -0.5596
vn 0.7556 0.3539 -0.5512
vn 0.7572 0.3259 -0.5660
vn 0.7573 0.3258 -0.5660
vn 0.7947 0.1747 -0.5814
vn 0.7953 0.1704 -0.5818
vn 0.8062 -0.0773 -0.5865
vn 0.8063 -0.0765 -0.5865
vn 0.8006 -0.2146 -0.5595
vn 0.7980 -0.1726 -0.5774
vn 0.8013 -0.1256 -0.5849
vn 0.7460 -0.3644 -0.5574
vn 0.7342 -0.4086 -0.5422
vn 0.7338 -0.4083 -0.5430
vn 0.7270 -0.4056 -0.5540
vn 0.7155 -0.4556 -0.5296
vn 0.7378 0.3775 -0.5597
vn 0.7383 0.4160 -0.5309
vn 0.7265 0.4070 -0.5537
vn 0.7251 0.4127 -0.5513
vn 0.7258 0.4133 -0.5499
vn 0.7030 0.4699 -0.5338
vn 0.7013 0.4829 -0.5243
vn 0.7729 0.2759 -0.5714
vn 0.7726 0.2894 -0.5650
vn 0.7630 0.2847 -0.5803
vn 0.7457 0.3487 -0.5678
vn 0.7470 0.3496 -0.5655
vn 0.7251 0.4144 -0.5500
vn 0.7343 0.4233 -0.5306
vn 0.7131 0.4742 -0.5164
vn 0.7105 0.4858 -0.5092
vn 0.8333 0.0340 -0.5518
vn 0.8332 0.0336 -0.5520
vn 0.8504 0.0348 -0.5250
vn 0.8503 0.0343 -0.5252
vn 0.8699 0.0358 -0.4919
vn 0.8697 0.0350 -0.4924
vn 0.8911 0.0367 -0.4523
vn 0.8909 0.0358 -0.4528
vn 0.9136 0.0378 -0.4050
vn 0.9133 0.0364 -0.4057
vn 0.9363 0.0387 -0.3491
vn 0.9360 0.0371 -0.3501
vn 0.9580 0.0396 -0.2839
vn 0.9578 0.0376 -0.2851
vn 0.9773 0.0403 -0.2082
vn 0.9298 0.1108 -0.3510
vn 0.9303 0.1158 -0.3481
vn 0.9074 0.1090 -0.4058
vn 0.9079 0.1130 -0.4036
vn 0.8854 0.1070 -0.4523
vn 0.8860 0.1102 -0.4505
vn 0.8647 0.1051 -0.4912
vn 0.8651 0.1073 -0.4899
vn 0.8457 0.1029 -0.5236
vn 0.8460 0.1045 -0.5228
vn 0.8290 0.1008 -0.5500
vn 0.8292 0.1017 -0.5496
vn 0.8097 0.0977 -0.5786
vn 0.8132 0.0328 -0.5810
vn 0.7973 0.0318 -0.6028
vn 0.9821 0.1202 -0.1450
vn 0.9819 0.1162 -0.1495
vn 0.9877 0.1210 -0.0988
vn 0.9877 0.1168 -0.1037
vn 0.9913 0.1217 -0.0495
vn 0.9916 0.1174 -0.0544
vn 0.9925 0.1223 0.0028
vn 0.9930 0.1178 -0.0024
vn 0.9907 0.1228 0.0581
vn 0.9916 0.1181 0.0527
vn 0.9856 0.1230 0.1160
vn 0.9867 0.1185 0.1109
vn 0.9766 0.1234 0.1764
vn 0.9780 0.1189 0.1714
vn 0.9632 0.1236 0.2387
vn 0.9649 0.1193 0.2340
vn 0.9451 0.1237 0.3025
vn 0.9471 0.1195 0.2979
vn 0.9220 0.1237 0.3669
vn 0.9242 0.1197 0.3626
vn 0.8943 0.1234 0.4302
vn 0.8964 0.1200 0.4267
vn 0.8615 0.1233 0.4926
vn 0.8638 0.1200 0.4894
vn 0.8248 0.1228 0.5520
vn 0.8271 0.1198 0.5492
vn 0.7849 0.1221 0.6075
vn 0.7871 0.1194 0.6051
vn 0.7422 0.1212 0.6591
vn 0.7443 0.1190 0.6572
vn 0.6983 0.1203 0.7056
vn 0.7002 0.1184 0.7041
vn 0.6541 0.1193 0.7470
vn 0.6558 0.1176 0.7457
vn 0.6099 0.1182 0.7836
vn 0.6118 0.1164 0.7824
vn 0.5470 0.1167 0.8290
vn 0.2330 0.0833 0.9689
vn 0.2414 0.0345 0.9698
vn 0.2629 0.0346 0.9642
vn 0.2627 0.0350 0.9643
vn 0.3000 0.0352 0.9533
vn 0.2996 0.0358 0.9534
vn 0.3466 0.0360 0.9373
vn 0.3464 0.0364 0.9374
vn 0.4041 0.0367 0.9140
vn 0.4037 0.0373 0.9141
vn 0.4721 0.0375 0.8807
vn 0.4716 0.0383 0.8810
vn 0.5502 0.0384 0.8341
vn 0.5498 0.0392 0.8344
vn 0.6136 0.0391 0.7886
vn 0.6132 0.0395 0.7889
vn 0.6581 0.0393 0.7519
vn 0.6576 0.0398 0.7523
vn 0.7027 0.0396 0.7103
vn 0.7021 0.0403 0.7110
vn 0.7470 0.0399 0.6636
vn 0.7463 0.0406 0.6643
vn 0.7901 0.0401 0.6117
vn 0.7894 0.0409 0.6125
vn 0.8303 0.0401 0.5559
vn 0.8296 0.0411 0.5569
vn 0.8673 0.0402 0.4962
vn 0.8667 0.0412 0.4972
vn 0.9003 0.0401 0.4333
vn 0.8995 0.0415 0.4348
vn 0.9283 0.0403 0.3696
vn 0.9277 0.0414 0.3709
vn 0.9516 0.0401 0.3048
vn 0.9510 0.0415 0.3064
vn 0.9698 0.0401 0.2406
vn 0.9693 0.0415 0.2422
vn 0.9833 0.0400 0.1778
vn 0.9829 0.0414 0.1795
vn 0.9923 0.0398 0.1170
vn 0.9921 0.0412 0.1187
vn 0.9975 0.0397 0.0587
vn 0.9973 0.0411 0.0605
vn 0.9992 0.0395 0.0030
vn 0.9992 0.0409 0.0046
vn 0.9980 0.0393 -0.0497
vn 0.9980 0.0408 -0.0478
vn 0.9943 0.0392 -0.0993
vn 0.9924 0.0210 -0.1210
vn 0.9885 0.0403 -0.1457
vn 0.9771 0.0381 -0.2095
vn 0.9706 0.1205 -0.2083
vn 0.9513 0.1122 -0.2871
vn 0.2310 0.1421 0.9625
vn 0.2428 0.1033 0.9646
vn 0.2624 0.1035 0.9594
vn 0.2617 0.1046 0.9595
vn 0.2994 0.1051 0.9483
vn 0.2985 0.1064 0.9485
vn 0.3461 0.1070 0.9321
vn 0.3448 0.1089 0.9323
vn 0.4031 0.1095 0.9086
vn 0.4020 0.1112 0.9089
vn 0.4708 0.1117 0.8752
vn 0.4694 0.1139 0.8756
vn 0.5279 0.1141 0.8416
vn 0.5709 0.0757 0.8175
vn 0.2426 0.1713 0.9549
vn 0.2612 0.1716 0.9499
vn 0.2599 0.1736 0.9499
vn 0.2980 0.1744 0.9385
vn 0.2964 0.1768 0.9386
vn 0.3443 0.1777 0.9219
vn 0.3425 0.1804 0.9221
vn 0.4009 0.1814 0.8980
vn 0.3987 0.1846 0.8983
vn 0.4678 0.1854 0.8642
vn 0.4653 0.1891 0.8647
vn 0.5241 0.1894 0.8303
vn 0.5217 0.1913 0.8314
vn 0.5648 0.1911 0.8028
vn 0.5620 0.1935 0.8042
vn 0.6072 0.1930 0.7708
vn 0.6043 0.1955 0.7724
vn 0.6506 0.1946 0.7341
vn 0.6476 0.1972 0.7360
vn 0.6949 0.1957 0.6920
vn 0.6912 0.1992 0.6946
vn 0.7382 0.1970 0.6452
vn 0.7345 0.2007 0.6482
vn 0.7805 0.1977 0.5930
vn 0.7767 0.2019 0.5966
vn 0.8200 0.1981 0.5369
vn 0.8159 0.2030 0.5413
vn 0.8561 0.1982 0.4772
vn 0.8520 0.2036 0.4823
vn 0.8883 0.1980 0.4143
vn 0.8841 0.2042 0.4204
vn 0.9154 0.1979 0.3506
vn 0.9114 0.2044 0.3572
vn 0.9377 0.1973 0.2861
vn 0.9339 0.2043 0.2933
vn 0.9549 0.1967 0.2225
vn 0.9515 0.2041 0.2303
vn 0.9674 0.1961 0.1604
vn 0.9644 0.2036 0.1686
vn 0.9756 0.1953 0.1003
vn 0.9730 0.2033 0.1089
vn 0.9799 0.1947 0.0431
vn 0.9779 0.2025 0.0515
vn 0.9810 0.1939 -0.0113
vn 0.9794 0.2018 -0.0028
vn 0.9792 0.1932 -0.0627
vn 0.9781 0.2011 -0.0541
vn 0.9750 0.1926 -0.1106
vn 0.9744 0.1999 -0.1027
vn 0.9691 0.1916 -0.1556
vn 0.9688 0.1988 -0.1479
vn 0.9580 0.1874 -0.2172
vn 0.9571 0.1994 -0.2100
vn 0.9389 0.1856 -0.2898
vn 0.9387 0.1958 -0.2837
vn 0.9179 0.1832 -0.3521
vn 0.9180 0.1919 -0.3470
vn 0.8961 0.1806 -0.4054
vn 0.8965 0.1874 -0.4014
vn 0.8749 0.1775 -0.4506
vn 0.8754 0.1829 -0.4475
vn 0.8550 0.1744 -0.4885
vn 0.8554 0.1783 -0.4863
vn 0.8368 0.1711 -0.5201
vn 0.8372 0.1737 -0.5186
vn 0.8209 0.1678 -0.5459
vn 0.8211 0.1693 -0.5451
vn 0.8025 0.1629 -0.5740
vn 0.8096 0.0983 -0.5787
vn 0.7940 0.0954 -0.6004
vn 0.7959 0.0317 -0.6047
vn 0.2291 0.2574 0.9387
vn 0.2410 0.2388 0.9407
vn 0.2593 0.2393 0.9357
vn 0.2574 0.2420 0.9355
vn 0.2958 0.2430 0.9238
vn 0.2935 0.2462 0.9237
vn 0.3416 0.2475 0.9067
vn 0.3388 0.2513 0.9067
vn 0.3972 0.2526 0.8823
vn 0.3941 0.2569 0.8824
vn 0.4631 0.2579 0.8480
vn 0.4596 0.2628 0.8484
vn 0.5186 0.2632 0.8135
vn 0.5148 0.2661 0.8150
vn 0.5583 0.2659 0.7859
vn 0.5545 0.2689 0.7875
vn 0.6000 0.2682 0.7537
vn 0.5959 0.2716 0.7558
vn 0.6428 0.2702 0.7168
vn 0.6381 0.2742 0.7194
vn 0.6863 0.2720 0.6746
vn 0.6813 0.2765 0.6778
vn 0.7289 0.2733 0.6278
vn 0.7235 0.2785 0.6317
vn 0.7705 0.2741 0.5755
vn 0.7647 0.2801 0.5804
vn 0.8092 0.2746 0.5194
vn 0.8031 0.2813 0.5252
vn 0.8446 0.2746 0.4596
vn 0.8382 0.2823 0.4666
vn 0.8759 0.2742 0.3969
vn 0.8696 0.2827 0.4049
vn 0.9022 0.2736 0.3334
vn 0.8959 0.2829 0.3425
vn 0.9235 0.2728 0.2696
vn 0.9177 0.2825 0.2793
vn 0.9401 0.2715 0.2060
vn 0.9344 0.2823 0.2171
vn 0.9516 0.2708 0.1450
vn 0.9467 0.2817 0.1563
vn 0.9591 0.2697 0.0857
vn 0.9547 0.2810 0.0975
vn 0.9628 0.2687 0.0296
vn 0.9591 0.2801 0.0415
vn 0.9632 0.2678 -0.0235
vn 0.9602 0.2790 -0.0117
vn 0.9610 0.2667 -0.0734
vn 0.9587 0.2776 -0.0620
vn 0.9566 0.2655 -0.1203
vn 0.9549 0.2763 -0.1090
vn 0.9504 0.2644 -0.1639
vn 0.9492 0.2748 -0.1531
vn 0.9397 0.2588 -0.2236
vn 0.9373 0.2758 -0.2132
vn 0.9209 0.2567 -0.2934
vn 0.9195 0.2713 -0.2845
vn 0.9004 0.2540 -0.3531
vn 0.8998 0.2661 -0.3458
vn 0.8796 0.2506 -0.4044
vn 0.8794 0.2605 -0.3984
vn 0.8594 0.2469 -0.4478
vn 0.8595 0.2544 -0.4433
vn 0.8406 0.2429 -0.4841
vn 0.8409 0.2482 -0.4810
vn 0.8235 0.2384 -0.5148
vn 0.8238 0.2422 -0.5126
vn 0.8086 0.2342 -0.5397
vn 0.8089 0.2365 -0.5384
vn 0.7916 0.2279 -0.5670
vn 0.8022 0.1637 -0.5741
vn 0.7874 0.1591 -0.5956
vn 0.7940 0.0952 -0.6004
vn 0.7926 0.0950 -0.6023
vn 0.7959 0.0316 -0.6046
vn 0.8104 0.0323 -0.5850
vn 0.8093 0.0227 -0.5870
vn 0.2308 0.3132 0.9212
vn 0.2376 0.3054 0.9221
vn 0.2567 0.3060 0.9168
vn 0.2541 0.3094 0.9163
vn 0.2927 0.3107 0.9043
vn 0.2896 0.3148 0.9039
vn 0.3377 0.3164 0.8865
vn 0.3341 0.3210 0.8862
vn 0.3923 0.3227 0.8614
vn 0.3881 0.3280 0.8613
vn 0.4567 0.3292 0.8265
vn 0.4519 0.3354 0.8266
vn 0.5106 0.3357 0.7915
vn 0.5060 0.3391 0.7930
vn 0.5497 0.3387 0.7636
vn 0.5445 0.3426 0.7656
vn 0.5904 0.3415 0.7313
vn 0.5848 0.3459 0.7337
vn 0.6323 0.3440 0.6942
vn 0.6261 0.3490 0.6973
vn 0.6747 0.3460 0.6519
vn 0.6680 0.3517 0.6558
vn 0.7164 0.3475 0.6050
vn 0.7091 0.3541 0.6098
vn 0.7570 0.3484 0.5528
vn 0.7492 0.3559 0.5587
vn 0.7947 0.3486 0.4969
vn 0.7865 0.3571 0.5039
vn 0.8292 0.3483 0.4371
vn 0.8206 0.3580 0.4456
vn 0.8596 0.3475 0.3747
vn 0.8507 0.3583 0.3846
vn 0.8848 0.3464 0.3117
vn 0.8761 0.3582 0.3228
vn 0.9052 0.3449 0.2482
vn 0.8966 0.3580 0.2608
vn 0.9205 0.3436 0.1858
vn 0.9126 0.3570 0.1991
vn 0.9313 0.3419 0.1255
vn 0.9239 0.3562 0.1399
vn 0.9378 0.3405 0.0676
vn 0.9312 0.3550 0.0823
vn 0.9407 0.3390 0.0127
vn 0.9349 0.3538 0.0278
vn 0.9405 0.3377 -0.0389
vn 0.9355 0.3525 -0.0237
vn 0.9376 0.3364 -0.0874
vn 0.9335 0.3512 -0.0722
vn 0.9327 0.3355 -0.1322
vn 0.9295 0.3494 -0.1178
vn 0.9263 0.3341 -0.1742
vn 0.9238 0.3477 -0.1602
vn 0.9161 0.3274 -0.2312
vn 0.9115 0.3489 -0.2178
vn 0.8976 0.3251 -0.2977
vn 0.8945 0.3438 -0.2859
vn 0.8778 0.3222 -0.3544
vn 0.8759 0.3381 -0.3444
vn 0.8580 0.3189 -0.4027
vn 0.8569 0.3315 -0.3948
vn 0.8390 0.3148 -0.4439
vn 0.8385 0.3246 -0.4377
vn 0.8215 0.3104 -0.4783
vn 0.8214 0.3176 -0.4738
vn 0.8058 0.3056 -0.5073
vn 0.8058 0.3103 -0.5044
vn 0.7922 0.3005 -0.5312
vn 0.7923 0.3034 -0.5294
vn 0.7768 0.2931 -0.5574
vn 0.7912 0.2290 -0.5671
vn 0.7774 0.2228 -0.5883
vn 0.7875 0.1585 -0.5955
vn 0.7861 0.1581 -0.5975
vn 0.7927 0.0948 -0.6022
vn 0.8069 0.0970 -0.5827
vn 0.8063 0.0740 -0.5868
vn 0.2250 0.4244 0.8771
vn 0.2348 0.3706 0.8986
vn 0.2535 0.3713 0.8933
vn 0.2501 0.3754 0.8925
vn 0.2889 0.3768 0.8801
vn 0.2849 0.3817 0.8793
vn 0.3328 0.3835 0.8615
vn 0.3283 0.3889 0.8608
vn 0.3861 0.3907 0.8356
vn 0.3808 0.3970 0.8351
vn 0.4488 0.3983 0.8000
vn 0.4426 0.4056 0.7998
vn 0.5010 0.4058 0.7644
vn 0.4949 0.4099 0.7662
vn 0.5387 0.4093 0.7364
vn 0.5324 0.4138 0.7385
vn 0.5784 0.4123 0.7039
vn 0.5713 0.4175 0.7066
vn 0.6192 0.4150 0.6666
vn 0.6114 0.4209 0.6701
vn 0.6603 0.4172 0.6245
vn 0.6520 0.4238 0.6288
vn 0.7010 0.4185 0.5775
vn 0.6917 0.4263 0.5830
vn 0.7403 0.4192 0.5255
vn 0.7304 0.4281 0.5322
vn 0.7770 0.4191 0.4696
vn 0.7663 0.4294 0.4779
vn 0.8104 0.4184 0.4101
vn 0.7992 0.4301 0.4200
vn 0.8395 0.4171 0.3484
vn 0.8281 0.4299 0.3598
vn 0.8638 0.4151 0.2856
vn 0.8521 0.4296 0.2990
vn 0.8830 0.4131 0.2229
vn 0.8716 0.4287 0.2377
vn 0.8973 0.4109 0.1615
vn 0.8863 0.4276 0.1777
vn 0.9068 0.4090 0.1027
vn 0.8967 0.4262 0.1196
vn 0.9124 0.4067 0.0457
vn 0.9030 0.4248 0.0638
vn 0.9143 0.4051 -0.0073
vn 0.9059 0.4233 0.0110
vn 0.9132 0.4035 -0.0571
vn 0.9059 0.4216 -0.0387
vn 0.9098 0.4020 -0.1037
vn 0.9035 0.4199 -0.0855
vn 0.9044 0.4007 -0.1464
vn 0.8992 0.4182 -0.1286
vn 0.8976 0.3994 -0.1864
vn 0.8934 0.4163 -0.1692
vn 0.8880 0.3920 -0.2404
vn 0.8805 0.4181 -0.2235
vn 0.8696 0.3901 -0.3027
vn 0.8642 0.4128 -0.2879
vn 0.8505 0.3877 -0.3556
vn 0.8467 0.4066 -0.3430
vn 0.8317 0.3844 -0.4007
vn 0.8292 0.4000 -0.3904
vn 0.8140 0.3808 -0.4387
vn 0.8126 0.3924 -0.4310
vn 0.7980 0.3762 -0.4708
vn 0.7972 0.3848 -0.4652
vn 0.7838 0.3712 -0.4980
vn 0.7834 0.3770 -0.4942
vn 0.7715 0.3659 -0.5205
vn 0.7714 0.3695 -0.5181
vn 0.7580 0.3579 -0.5453
vn 0.7762 0.2943 -0.5575
vn 0.7638 0.2868 -0.5783
vn 0.7777 0.2221 -0.5882
vn 0.7762 0.2215 -0.5903
vn 0.7862 0.1578 -0.5975
vn 0.7990 0.1611 -0.5794
vn 0.8014 0.1240 -0.5851
vn 0.2161 0.4776 0.8516
vn 0.2384 0.4343 0.8687
vn 0.2496 0.4347 0.8653
vn 0.2454 0.4394 0.8641
vn 0.2843 0.4410 0.8513
vn 0.2794 0.4466 0.8500
vn 0.3271 0.4485 0.8318
vn 0.3213 0.4548 0.8306
vn 0.3785 0.4567 0.8051
vn 0.3721 0.4637 0.8041
vn 0.4391 0.4649 0.7688
vn 0.4317 0.4729 0.7681
vn 0.4894 0.4730 0.7326
vn 0.4822 0.4776 0.7344
vn 0.5260 0.4767 0.7043
vn 0.5180 0.4820 0.7066
vn 0.5640 0.4802 0.6718
vn 0.5556 0.4859 0.6747
vn 0.6034 0.4829 0.6346
vn 0.5943 0.4893 0.6383
vn 0.6435 0.4847 0.5924
vn 0.6330 0.4924 0.5973
vn 0.6826 0.4861 0.5457
vn 0.6714 0.4948 0.5517
vn 0.7208 0.4863 0.4938
vn 0.7085 0.4966 0.5014
vn 0.7562 0.4859 0.4383
vn 0.7431 0.4975 0.4476
vn 0.7884 0.4844 0.3792
vn 0.7746 0.4976 0.3904
vn 0.8164 0.4821 0.3178
vn 0.8019 0.4973 0.3312
vn 0.8393 0.4797 0.2560
vn 0.8247 0.4963 0.2711
vn 0.8573 0.4767 0.1944
vn 0.8430 0.4947 0.2113
vn 0.8705 0.4735 0.1339
vn 0.8566 0.4929 0.1526
vn 0.8790 0.4707 0.0762
vn 0.8656 0.4913 0.0964
vn 0.8834 0.4682 0.0213
vn 0.8712 0.4892 0.0421
vn 0.8844 0.4658 -0.0301
vn 0.8732 0.4873 -0.0086
vn 0.8825 0.4638 -0.0780
vn 0.8724 0.4856 -0.0561
vn 0.8782 0.4624 -0.1222
vn 0.8695 0.4836 -0.1006
vn 0.8723 0.4610 -0.1629
vn 0.8646 0.4821 -0.1415
vn 0.8650 0.4601 -0.2000
vn 0.8587 0.4799 -0.1798
vn 0.8559 0.4522 -0.2508
vn 0.8451 0.4824 -0.2305
vn 0.8376 0.4509 -0.3085
vn 0.8294 0.4773 -0.2903
vn 0.8189 0.4494 -0.3569
vn 0.8130 0.4715 -0.3415
vn 0.8011 0.4471 -0.3979
vn 0.7971 0.4648 -0.3855
vn 0.7848 0.4438 -0.4326
vn 0.7821 0.4577 -0.4229
vn 0.7702 0.4400 -0.4618
vn 0.7686 0.4500 -0.4548
vn 0.7574 0.4353 -0.4866
vn 0.7565 0.4420 -0.4819
vn 0.7467 0.4301 -0.5074
vn 0.7463 0.4341 -0.5046
vn 0.7352 0.4219 -0.5305
vn 0.7573 0.3592 -0.5454
vn 0.7464 0.3508 -0.5656
vn 0.7641 0.2861 -0.5782
vn 0.7627 0.2854 -0.5803
vn 0.7764 0.2210 -0.5902
vn 0.7865 0.2247 -0.5752
vn 0.7865 0.2246 -0.5752
vn 0.2221 -0.3901 0.8936
vn 0.2357 -0.4340 0.8696
vn 0.2460 -0.4343 0.8665
vn 0.2489 -0.4394 0.8631
vn 0.2802 -0.4407 0.8528
vn 0.2834 -0.4466 0.8487
vn 0.3225 -0.4481 0.8338
vn 0.3259 -0.4549 0.8288
vn 0.3736 -0.4564 0.8075
vn 0.3770 -0.4637 0.8018
vn 0.4337 -0.4647 0.7720
vn 0.4370 -0.4729 0.7651
vn 0.4472 -0.4055 0.7972
vn 0.4441 -0.3981 0.8027
vn 0.3849 -0.3970 0.8332
vn 0.3818 -0.3905 0.8377
vn 0.3320 -0.3889 0.8594
vn 0.3291 -0.3832 0.8631
vn 0.2883 -0.3817 0.8782
vn 0.2855 -0.3766 0.8813
vn 0.2530 -0.3753 0.8917
vn 0.2506 -0.3710 0.8942
vn 0.2391 -0.3706 0.8975
vn 0.2241 -0.3358 0.9149
vn 0.5481 -0.0962 0.8308
vn 0.5688 -0.1165 0.8142
vn 0.6100 -0.1163 0.7838
vn 0.6117 -0.1180 0.7823
vn 0.6542 -0.1175 0.7472
vn 0.6557 -0.1191 0.7456
vn 0.6984 -0.1183 0.7058
vn 0.7000 -0.1202 0.7039
vn 0.7424 -0.1190 0.6593
vn 0.7441 -0.1211 0.6570
vn 0.7851 -0.1195 0.6077
vn 0.7869 -0.1219 0.6050
vn 0.8251 -0.1199 0.5522
vn 0.8268 -0.1226 0.5490
vn 0.8618 -0.1201 0.4929
vn 0.8635 -0.1230 0.4892
vn 0.8946 -0.1201 0.4304
vn 0.8960 -0.1231 0.4266
vn 0.9224 -0.1199 0.3671
vn 0.9238 -0.1234 0.3625
vn 0.9455 -0.1198 0.3027
vn 0.9466 -0.1234 0.2978
vn 0.9636 -0.1196 0.2389
vn 0.9644 -0.1233 0.2339
vn 0.9770 -0.1193 0.1765
vn 0.9775 -0.1230 0.1713
vn 0.9861 -0.1189 0.1161
vn 0.9862 -0.1227 0.1109
vn 0.9912 -0.1186 0.0581
vn 0.9911 -0.1224 0.0526
vn 0.9930 -0.1183 0.0028
vn 0.9925 -0.1220 -0.0024
vn 0.9918 -0.1179 -0.0495
vn 0.9911 -0.1213 -0.0544
vn 0.9858 -0.1151 -0.1220
vn 0.2361 -0.0629 0.9697
vn 0.2399 -0.1031 0.9653
vn 0.2617 -0.1033 0.9596
vn 0.2624 -0.1044 0.9593
vn 0.2985 -0.1049 0.9486
vn 0.2993 -0.1063 0.9482
vn 0.3449 -0.1068 0.9325
vn 0.3460 -0.1087 0.9319
vn 0.4020 -0.1093 0.9091
vn 0.4030 -0.1111 0.9084
vn 0.4695 -0.1116 0.8758
vn 0.4706 -0.1137 0.8750
vn 0.5279 -0.1139 0.8416
vn 0.5335 -0.4093 0.7402
vn 0.5376 -0.4135 0.7349
vn 0.5727 -0.4125 0.7085
vn 0.5770 -0.4171 0.7022
vn 0.6131 -0.4153 0.6721
vn 0.6175 -0.4205 0.6648
vn 0.6539 -0.4177 0.6309
vn 0.6583 -0.4231 0.6226
vn 0.6940 -0.4193 0.5852
vn 0.6985 -0.4254 0.5755
vn 0.7332 -0.4204 0.5345
vn 0.7374 -0.4269 0.5235
vn 0.7697 -0.4207 0.4802
vn 0.7736 -0.4278 0.4675
vn 0.8030 -0.4205 0.4223
vn 0.8065 -0.4280 0.4080
vn 0.8324 -0.4197 0.3619
vn 0.8351 -0.4274 0.3465
vn 0.8570 -0.4183 0.3010
vn 0.8588 -0.4265 0.2839
vn 0.8769 -0.4169 0.2394
vn 0.8776 -0.4251 0.2215
vn 0.8919 -0.4152 0.1791
vn 0.8916 -0.4235 0.1603
vn 0.9024 -0.4137 0.1207
vn 0.9010 -0.4217 0.1018
vn 0.9089 -0.4119 0.0645
vn 0.9064 -0.4199 0.0454
vn 0.9118 -0.4105 0.0113
vn 0.9084 -0.4181 -0.0074
vn 0.9117 -0.4091 -0.0386
vn 0.9074 -0.4164 -0.0569
vn 0.9091 -0.4077 -0.0857
vn 0.9042 -0.4146 -0.1032
vn 0.9045 -0.4064 -0.1291
vn 0.8991 -0.4129 -0.1456
vn 0.8984 -0.4050 -0.1699
vn 0.8925 -0.4111 -0.1855
vn 0.8895 -0.3975 -0.2254
vn 0.8789 -0.4133 -0.2382
vn 0.8717 -0.3949 -0.2900
vn 0.8620 -0.4085 -0.3003
vn 0.8528 -0.3918 -0.3452
vn 0.8443 -0.4030 -0.3532
vn 0.8340 -0.3879 -0.3924
vn 0.8268 -0.3970 -0.3985
vn 0.8160 -0.3834 -0.4326
vn 0.8105 -0.3902 -0.4369
vn 0.7997 -0.3782 -0.4664
vn 0.7955 -0.3832 -0.4694
vn 0.7849 -0.3726 -0.4950
vn 0.7821 -0.3760 -0.4969
vn 0.7723 -0.3668 -0.5186
vn 0.7705 -0.3690 -0.5198
vn 0.7580 -0.3581 -0.5452
vn 0.7573 -0.3594 -0.5453
vn 0.7463 -0.3510 -0.5655
vn 0.7470 -0.3498 -0.5654
vn 0.7456 -0.3489 -0.5677
vn 0.7460 -0.3481 -0.5676
vn 0.7547 -0.3535 -0.5527
vn 0.7462 -0.3639 -0.5575
vn 0.7044 -0.4620 -0.5389
vn 0.7241 -0.4120 -0.5531
vn 0.7258 -0.4134 -0.5498
vn 0.7251 -0.4146 -0.5499
vn 0.7343 -0.4235 -0.5305
vn 0.7352 -0.4220 -0.5304
vn 0.7454 -0.4334 -0.5065
vn 0.7475 -0.4312 -0.5053
vn 0.7552 -0.4406 -0.4853
vn 0.7587 -0.4371 -0.4831
vn 0.7668 -0.4478 -0.4599
vn 0.7718 -0.4426 -0.4565
vn 0.7800 -0.4546 -0.4301
vn 0.7868 -0.4474 -0.4252
vn 0.7948 -0.4608 -0.3950
vn 0.8034 -0.4516 -0.3882
vn 0.8107 -0.4666 -0.3536
vn 0.8212 -0.4549 -0.3445
vn 0.8274 -0.4715 -0.3051
vn 0.8395 -0.4574 -0.2934
vn 0.8439 -0.4758 -0.2477
vn 0.8571 -0.4594 -0.2331
vn 0.8584 -0.4729 -0.1986
vn 0.8652 -0.4676 -0.1809
vn 0.8651 -0.4747 -0.1618
vn 0.8718 -0.4688 -0.1423
vn 0.8708 -0.4764 -0.1214
vn 0.8768 -0.4701 -0.1011
vn 0.8747 -0.4784 -0.0776
vn 0.8801 -0.4715 -0.0562
vn 0.8766 -0.4804 -0.0300
vn 0.8809 -0.4732 -0.0083
vn 0.8756 -0.4826 0.0208
vn 0.8789 -0.4751 0.0430
vn 0.8712 -0.4851 0.0753
vn 0.8734 -0.4772 0.0976
vn 0.8631 -0.4874 0.1326
vn 0.8639 -0.4794 0.1543
vn 0.8503 -0.4898 0.1926
vn 0.8499 -0.4818 0.2134
vn 0.8327 -0.4921 0.2538
vn 0.8312 -0.4840 0.2736
vn 0.8104 -0.4938 0.3153
vn 0.8078 -0.4858 0.3340
vn 0.7831 -0.4948 0.3766
vn 0.7797 -0.4872 0.3933
vn 0.7516 -0.4953 0.4356
vn 0.7475 -0.4881 0.4506
vn 0.7169 -0.4949 0.4911
vn 0.7123 -0.4880 0.5045
vn 0.6793 -0.4936 0.5430
vn 0.6746 -0.4872 0.5546
vn 0.6407 -0.4915 0.5898
vn 0.6357 -0.4855 0.6001
vn 0.6011 -0.4887 0.6323
vn 0.5964 -0.4833 0.6408
vn 0.5621 -0.4855 0.6695
vn 0.5574 -0.4804 0.6771
vn 0.5056 -0.4821 0.7155
vn 0.5119 -0.5007 0.6981
vn 0.4834 -0.4729 0.7366
vn 0.5000 -0.4098 0.7630
vn 0.4959 -0.4057 0.7678
vn 0.2313 -0.2227 0.9470
vn 0.2410 -0.2386 0.9407
vn 0.2575 -0.2390 0.9362
vn 0.2591 -0.2418 0.9351
vn 0.2937 -0.2428 0.9246
vn 0.2955 -0.2460 0.9231
vn 0.3391 -0.2472 0.9077
vn 0.3412 -0.2512 0.9058
vn 0.3946 -0.2524 0.8835
vn 0.3968 -0.2568 0.8813
vn 0.4602 -0.2577 0.8496
vn 0.4625 -0.2626 0.8468
vn 0.5151 -0.2630 0.8158
vn 0.5181 -0.2660 0.8129
vn 0.5550 -0.2658 0.7883
vn 0.5578 -0.2687 0.7852
vn 0.5964 -0.2681 0.7566
vn 0.5994 -0.2714 0.7530
vn 0.6389 -0.2702 0.7203
vn 0.6421 -0.2739 0.7160
vn 0.6821 -0.2721 0.6787
vn 0.6854 -0.2761 0.6738
vn 0.7245 -0.2735 0.6327
vn 0.7278 -0.2780 0.6269
vn 0.7659 -0.2745 0.5814
vn 0.7692 -0.2795 0.5746
vn 0.8046 -0.2752 0.5263
vn 0.8077 -0.2806 0.5185
vn 0.8399 -0.2754 0.4676
vn 0.8429 -0.2814 0.4587
vn 0.8715 -0.2753 0.4059
vn 0.8740 -0.2816 0.3960
vn 0.8980 -0.2749 0.3434
vn 0.9000 -0.2816 0.3326
vn 0.9199 -0.2743 0.2801
vn 0.9213 -0.2810 0.2689
vn 0.9369 -0.2734 0.2178
vn 0.9376 -0.2806 0.2055
vn 0.9492 -0.2728 0.1569
vn 0.9491 -0.2799 0.1446
vn 0.9573 -0.2719 0.0979
vn 0.9565 -0.2789 0.0854
vn 0.9617 -0.2711 0.0418
vn 0.9601 -0.2780 0.0295
vn 0.9627 -0.2702 -0.0116
vn 0.9606 -0.2768 -0.0235
vn 0.9611 -0.2691 -0.0620
vn 0.9585 -0.2754 -0.0732
vn 0.9572 -0.2679 -0.1091
vn 0.9542 -0.2740 -0.1200
vn 0.9515 -0.2669 -0.1533
vn 0.9481 -0.2726 -0.1635
vn 0.9413 -0.2612 -0.2139
vn 0.9357 -0.2737 -0.2227
vn 0.9228 -0.2588 -0.2853
vn 0.9175 -0.2695 -0.2924
vn 0.9024 -0.2559 -0.3467
vn 0.8978 -0.2646 -0.3522
vn 0.8815 -0.2522 -0.3992
vn 0.8775 -0.2593 -0.4035
vn 0.8610 -0.2482 -0.4440
vn 0.8578 -0.2536 -0.4470
vn 0.8419 -0.2438 -0.4815
vn 0.8396 -0.2476 -0.4835
vn 0.8245 -0.2391 -0.5129
vn 0.8228 -0.2418 -0.5143
vn 0.8092 -0.2347 -0.5386
vn 0.8082 -0.2363 -0.5394
vn 0.7916 -0.2281 -0.5669
vn 0.7912 -0.2291 -0.5670
vn 0.7774 -0.2230 -0.5882
vn 0.7776 -0.2223 -0.5881
vn 0.7762 -0.2217 -0.5902
vn 0.7764 -0.2212 -0.5901
vn 0.7870 -0.2251 -0.5744
vn 0.7742 -0.2698 -0.5726
vn 0.9908 -0.0873 -0.1038
vn 0.9815 -0.1199 -0.1494
vn 0.9714 -0.1140 -0.2085
vn 0.9698 -0.1202 -0.2124
vn 0.9523 -0.1127 -0.2836
vn 0.9506 -0.1182 -0.2869
vn 0.9308 -0.1113 -0.3483
vn 0.9293 -0.1157 -0.3508
vn 0.9083 -0.1094 -0.4037
vn 0.9070 -0.1129 -0.4057
vn 0.8862 -0.1074 -0.4506
vn 0.8851 -0.1102 -0.4521
vn 0.8653 -0.1054 -0.4900
vn 0.8645 -0.1074 -0.4911
vn 0.8462 -0.1032 -0.5228
vn 0.8456 -0.1045 -0.5235
vn 0.8293 -0.1011 -0.5496
vn 0.8290 -0.1018 -0.5500
vn 0.8097 -0.0979 -0.5786
vn 0.8096 -0.0984 -0.5787
vn 0.7940 -0.0956 -0.6004
vn 0.7940 -0.0954 -0.6003
vn 0.7926 -0.0952 -0.6023
vn 0.7927 -0.0950 -0.6022
vn 0.8069 -0.0972 -0.5827
vn 0.2358 -0.1649 0.9577
vn 0.2400 -0.1711 0.9556
vn 0.2600 -0.1714 0.9503
vn 0.2611 -0.1734 0.9496
vn 0.2965 -0.1741 0.9390
vn 0.2979 -0.1766 0.9381
vn 0.3426 -0.1775 0.9226
vn 0.3441 -0.1802 0.9215
vn 0.3989 -0.1812 0.8989
vn 0.4006 -0.1844 0.8975
vn 0.4656 -0.1852 0.8654
vn 0.4675 -0.1889 0.8636
vn 0.5219 -0.1892 0.8317
vn 0.5238 -0.1911 0.8301
vn 0.5623 -0.1910 0.8046
vn 0.5646 -0.1933 0.8024
vn 0.6046 -0.1929 0.7728
vn 0.6069 -0.1953 0.7704
vn 0.6480 -0.1945 0.7364
vn 0.6502 -0.1971 0.7337
vn 0.6917 -0.1957 0.6952
vn 0.6944 -0.1990 0.6915
vn 0.7351 -0.1971 0.6487
vn 0.7377 -0.2005 0.6447
vn 0.7773 -0.1979 0.5972
vn 0.7798 -0.2016 0.5926
vn 0.8167 -0.1984 0.5419
vn 0.8193 -0.2026 0.5365
vn 0.8529 -0.1986 0.4828
vn 0.8553 -0.2031 0.4767
vn 0.8851 -0.1985 0.4210
vn 0.8873 -0.2036 0.4138
vn 0.9125 -0.1985 0.3577
vn 0.9143 -0.2037 0.3502
vn 0.9351 -0.1981 0.2938
vn 0.9365 -0.2035 0.2857
vn 0.9527 -0.1977 0.2307
vn 0.9536 -0.2032 0.2222
vn 0.9657 -0.1971 0.1689
vn 0.9660 -0.2027 0.1602
vn 0.9744 -0.1965 0.1092
vn 0.9742 -0.2022 0.1002
vn 0.9793 -0.1959 0.0517
vn 0.9786 -0.2014 0.0430
vn 0.9808 -0.1952 -0.0027
vn 0.9796 -0.2006 -0.0113
vn 0.9794 -0.1945 -0.0541
vn 0.9778 -0.1999 -0.0626
vn 0.9756 -0.1939 -0.1027
vn 0.9738 -0.1988 -0.1105
vn 0.9700 -0.1929 -0.1480
vn 0.9679 -0.1977 -0.1555
vn 0.9592 -0.1887 -0.2104
vn 0.9558 -0.1984 -0.2168
vn 0.9404 -0.1867 -0.2841
vn 0.9372 -0.1949 -0.2893
vn 0.9194 -0.1842 -0.3474
vn 0.9164 -0.1912 -0.3516
vn 0.8976 -0.1815 -0.4018
vn 0.8951 -0.1869 -0.4049
vn 0.8762 -0.1783 -0.4479
vn 0.8741 -0.1825 -0.4502
vn 0.8560 -0.1750 -0.4865
vn 0.8544 -0.1781 -0.4882
vn 0.8375 -0.1715 -0.5188
vn 0.8364 -0.1736 -0.5199
vn 0.8213 -0.1682 -0.5452
vn 0.8207 -0.1693 -0.5457
vn 0.8025 -0.1631 -0.5740
vn 0.8022 -0.1639 -0.5741
vn 0.7874 -0.1592 -0.5956
vn 0.7875 -0.1587 -0.5955
vn 0.7861 -0.1583 -0.5975
vn 0.7862 -0.1580 -0.5974
vn 0.7966 -0.1606 -0.5827
vn 0.7870 -0.2213 -0.5760
vn 0.2272 -0.2794 0.9329
vn 0.2408 -0.3053 0.9213
vn 0.2544 -0.3058 0.9175
vn 0.2564 -0.3093 0.9157
vn 0.2899 -0.3105 0.9053
vn 0.2923 -0.3148 0.9030
vn 0.3346 -0.3161 0.8877
vn 0.3371 -0.3210 0.8850
vn 0.3888 -0.3224 0.8631
vn 0.3915 -0.3279 0.8598
vn 0.4529 -0.3290 0.8286
vn 0.4557 -0.3353 0.8246
vn 0.5066 -0.3356 0.7942
vn 0.5100 -0.3390 0.7906
vn 0.5453 -0.3386 0.7668
vn 0.5489 -0.3424 0.7625
vn 0.5857 -0.3416 0.7350
vn 0.5894 -0.3456 0.7302
vn 0.6272 -0.3441 0.6987
vn 0.6311 -0.3487 0.6929
vn 0.6694 -0.3463 0.6573
vn 0.6733 -0.3513 0.6506
vn 0.7107 -0.3480 0.6114
vn 0.7147 -0.3534 0.6036
vn 0.7511 -0.3491 0.5603
vn 0.7550 -0.3550 0.5514
vn 0.7888 -0.3497 0.5055
vn 0.7924 -0.3560 0.4954
vn 0.8232 -0.3497 0.4472
vn 0.8265 -0.3566 0.4356
vn 0.8538 -0.3492 0.3861
vn 0.8565 -0.3565 0.3733
vn 0.8794 -0.3485 0.3243
vn 0.8814 -0.3561 0.3105
vn 0.9003 -0.3475 0.2621
vn 0.9015 -0.3554 0.2471
vn 0.9165 -0.3465 0.2002
vn 0.9167 -0.3543 0.1850
vn 0.9279 -0.3452 0.1407
vn 0.9272 -0.3531 0.1249
vn 0.9353 -0.3440 0.0828
vn 0.9337 -0.3517 0.0672
vn 0.9390 -0.3427 0.0281
vn 0.9365 -0.3503 0.0125
vn 0.9395 -0.3416 -0.0236
vn 0.9364 -0.3489 -0.0387
vn 0.9375 -0.3404 -0.0723
vn 0.9336 -0.3475 -0.0871
vn 0.9332 -0.3394 -0.1181
vn 0.9290 -0.3459 -0.1317
vn 0.9273 -0.3380 -0.1606
vn 0.9227 -0.3441 -0.1736
vn 0.9178 -0.3312 -0.2190
vn 0.9098 -0.3456 -0.2298
vn 0.8998 -0.3284 -0.2874
vn 0.8923 -0.3408 -0.2961
vn 0.8801 -0.3252 -0.3459
vn 0.8735 -0.3355 -0.3528
vn 0.8601 -0.3213 -0.3961
vn 0.8547 -0.3295 -0.4013
vn 0.8409 -0.3167 -0.4388
vn 0.8365 -0.3231 -0.4426
vn 0.8231 -0.3118 -0.4747
vn 0.8198 -0.3165 -0.4773
vn 0.8068 -0.3066 -0.5050
vn 0.8047 -0.3096 -0.5066
vn 0.7929 -0.3012 -0.5297
vn 0.7915 -0.3031 -0.5307
vn 0.7768 -0.2933 -0.5573
vn 0.7762 -0.2944 -0.5575
vn 0.7638 -0.2870 -0.5782
vn 0.7641 -0.2863 -0.5781
vn 0.7627 -0.2856 -0.5803
vn 0.7630 -0.2849 -0.5802
vn 0.7729 -0.2897 -0.5646
vn 0.7602 -0.3170 -0.5671
vn 0.2462 -0.0407 0.9684
vn 0.2427 -0.0343 0.9695
vn 0.2627 -0.0344 0.9643
vn 0.2629 -0.0348 0.9642
vn 0.2996 -0.0350 0.9534
vn 0.3000 -0.0356 0.9533
vn 0.3464 -0.0358 0.9374
vn 0.3466 -0.0363 0.9373
vn 0.4037 -0.0365 0.9141
vn 0.4041 -0.0371 0.9139
vn 0.4716 -0.0373 0.8810
vn 0.4721 -0.0382 0.8807
vn 0.5498 -0.0382 0.8344
vn 0.5502 -0.0390 0.8341
vn 0.6132 -0.0390 0.7889
vn 0.6136 -0.0394 0.7886
vn 0.6576 -0.0392 0.7523
vn 0.6581 -0.0397 0.7519
vn 0.7021 -0.0394 0.7110
vn 0.7027 -0.0402 0.7103
vn 0.7464 -0.0398 0.6643
vn 0.7470 -0.0405 0.6636
vn 0.7894 -0.0400 0.6125
vn 0.7900 -0.0408 0.6117
vn 0.8296 -0.0401 0.5569
vn 0.8303 -0.0411 0.5559
vn 0.8667 -0.0402 0.4972
vn 0.8673 -0.0411 0.4962
vn 0.8996 -0.0401 0.4349
vn 0.9003 -0.0414 0.4333
vn 0.9278 -0.0403 0.3709
vn 0.9283 -0.0414 0.3696
vn 0.9510 -0.0401 0.3065
vn 0.9515 -0.0415 0.3048
vn 0.9694 -0.0401 0.2422
vn 0.9697 -0.0414 0.2406
vn 0.9829 -0.0400 0.1795
vn 0.9832 -0.0414 0.1778
vn 0.9921 -0.0399 0.1187
vn 0.9923 -0.0412 0.1170
vn 0.9974 -0.0398 0.0605
vn 0.9974 -0.0411 0.0587
vn 0.9992 -0.0397 0.0046
vn 0.9992 -0.0409 0.0030
vn 0.9981 -0.0394 -0.0478
vn 0.9979 -0.0408 -0.0497
vn 0.9919 -0.0386 -0.1210
vn 0.9916 -0.0411 -0.1225
vn 0.9773 -0.0383 -0.2082
vn 0.9770 -0.0404 -0.2095
vn 0.9581 -0.0378 -0.2839
vn 0.9577 -0.0397 -0.2850
vn 0.9363 -0.0373 -0.3491
vn 0.9359 -0.0388 -0.3500
vn 0.9136 -0.0366 -0.4050
vn 0.9132 -0.0380 -0.4057
vn 0.8911 -0.0360 -0.4523
vn 0.8909 -0.0369 -0.4528
vn 0.8699 -0.0352 -0.4919
vn 0.8697 -0.0360 -0.4923
vn 0.8504 -0.0345 -0.5250
vn 0.8503 -0.0349 -0.5252
vn 0.8333 -0.0338 -0.5518
vn 0.8331 -0.0342 -0.5520
vn 0.8133 -0.0329 -0.5810
vn 0.8132 -0.0330 -0.5810
vn 0.7973 -0.0320 -0.6028
vn 0.7959 -0.0319 -0.6046
vn 0.7959 -0.0318 -0.6046
vn 0.8096 -0.0325 -0.5861
vn 0.8105 -0.0282 -0.5851
s 0
usemtl material
f 1//1 2//1 3//1
f 4//2 5//2 6//2
f 7//3 8//3 9//3
f 10//4 11//4 12//4
f 13//5 14//5 15//5
f 16//6 17//6 18//6
f 19//7 20//7 21//7
f 22//8 23//8 24//8
f 25//9 26//9 27//9
f 28//10 29//10 30//10
f 31//11 32//11 33//11
f 34//12 35//12 36//12
f 37//13 38//13 39//13
f 39//14 34//14 37//14
f 37//15 34//15 36//15
f 37//16 36//16 40//16
f 40//17 36//17 41//17
f 42//18 43//18 44//18
f 44//19 43//19 45//19
f 44//20 45//20 46//20
f 22//21 24//21 47//21
f 21//22 20//22 48//22
f 48//23 20//23 49//23
f 48//24 49//24 50//24
f 51//25 52//25 53//25
f 54//26 55//26 56//26
f 56//27 55//27 57//27
f 56//28 57//28 58//28
f 59//29 60//29 61//29
f 62//30 63//30 64//30
f 64//31 63//31 65//31
f 64//32 65//32 66//32
f 67//33 68//33 69//33
f 69//34 68//34 70//34
f 69//35 70//35 71//35
f 72//36 73//36 15//36
f 15//37 73//37 74//37
f 15//38 74//38 13//38
f 75//39 76//39 77//39
f 77//40 76//40 78//40
f 77//41 78//41 79//41
f 79//42 78//42 80//42
f 79//43 80//43 81//43
f 82//44 83//44 84//44
f 84//45 83//45 75//45
f 82//46 85//46 86//46
f 86//47 85//47 87//47
f 88//48 89//48 90//48
f 90//49 89//49 91//49
f 90//50 91//50 92//50
f 92//51 91//51 93//51
f 92//52 93//52 94//52
f 95//53 96//53 97//53
f 97//54 96//54 98//54
f 97//55 98//55 88//55
f 88//56 98//56 99//56
f 88//57 99//57 89//57
f 100//58 101//58 95//58
f 95//59 101//59 102//59
f 95//59 102//59 96//59
f 103//60 104//60 105//60
f 106//61 107//61 108//61
f 108//62 107//62 109//62
f 110//63 111//63 109//63
f 109//64 111//64 112//64
f 109//65 112//65 108//65
f 113//66 114//66 115//66
f 115//67 114//67 116//67
f 115//68 116//68 117//68
f 117//69 116//69 118//69
f 117//70 118//70 119//70
f 120//71 121//71 113//71
f 113//72 121//72 122//72
f 113//72 122//72 114//72
f 120//73 113//73 123//73
f 123//74 113//74 124//74
f 123//75 124//75 125//75
f 126//76 127//76 124//76
f 124//77 127//77 128//77
f 125//78 124//78 129//78
f 129//79 124//79 128//79
f 129//80 128//80 130//80
f 131//81 132//81 133//81
f 134//82 135//82 131//82
f 131//81 135//81 136//81
f 131//83 136//83 132//83
f 137//84 138//84 139//84
f 139//84 138//84 134//84
f 140//85 141//85 142//85
f 142//86 143//86 140//86
f 140//87 143//87 144//87
f 140//88 144//88 145//88
f 146//89 147//89 148//89
f 148//90 147//90 149//90
f 150//91 151//91 152//91
f 153//92 154//92 152//92
f 152//93 154//93 155//93
f 152//94 155//94 150//94
f 156//95 157//95 158//95
f 158//96 157//96 159//96
f 158//97 159//97 153//97
f 153//98 159//98 160//98
f 153//98 160//98 154//98
f 156//99 158//99 161//99
f 161//100 158//100 162//100
f 161//101 162//101 163//101
f 164//102 165//102 166//102
f 166//103 165//103 167//103
f 166//104 167//104 162//104
f 162//105 167//105 168//105
f 162//106 168//106 163//106
f 169//107 170//107 171//107
f 171//108 170//108 172//108
f 171//109 172//109 166//109
f 166//110 172//110 173//110
f 166//111 173//111 164//111
f 174//112 175//112 176//112
f 176//113 175//113 177//113
f 177//114 178//114 176//114
f 176//115 178//115 179//115
f 176//116 179//116 171//116
f 171//117 179//117 180//117
f 171//118 180//118 169//118
f 181//119 182//119 174//119
f 183//120 184//120 185//120
f 185//121 184//121 186//121
f 182//122 187//122 174//122
f 174//123 187//123 188//123
f 174//124 188//124 175//124
f 189//125 190//125 191//125
f 11//126 192//126 12//126
f 12//127 192//127 193//127
f 12//128 193//128 189//128
f 189//129 193//129 194//129
f 189//130 194//130 190//130
f 195//131 196//131 197//131
f 198//132 199//132 200//132
f 200//133 199//133 201//133
f 202//134 203//134 204//134
f 205//135 206//135 207//135
f 207//136 206//136 208//136
f 207//137 208//137 202//137
f 202//138 208//138 209//138
f 202//139 209//139 203//139
f 210//140 211//140 212//140
f 212//141 211//141 213//141
f 212//142 213//142 214//142
f 215//143 216//143 217//143
f 217//144 216//144 218//144
f 217//145 218//145 219//145
f 220//146 221//146 211//146
f 211//147 221//147 222//147
f 211//148 222//148 213//148
f 8//3 223//3 9//3
f 9//149 223//149 224//149
f 9//150 224//150 217//150
f 217//151 224//151 225//151
f 217//152 225//152 215//152
f 226//153 227//153 9//153
f 9//154 227//154 228//154
f 9//155 228//155 7//155
f 229//156 230//156 231//156
f 231//157 232//157 229//157
f 229//158 232//158 233//158
f 229//159 233//159 226//159
f 226//160 233//160 234//160
f 226//161 234//161 227//161
f 6//162 5//162 229//162
f 229//163 5//163 235//163
f 229//164 235//164 230//164
f 4//165 6//165 236//165
f 236//166 6//166 237//166
f 236//167 237//167 238//167
f 239//168 240//168 237//168
f 237//169 240//169 241//169
f 237//170 241//170 238//170
f 35//171 242//171 36//171
f 36//172 242//172 243//172
f 36//173 243//173 239//173
f 239//174 243//174 244//174
f 239//175 244//175 240//175
f 115//176 245//176 113//176
f 113//177 245//177 131//177
f 113//178 131//178 124//178
f 124//179 131//179 133//179
f 124//180 133//180 126//180
f 134//181 131//181 139//181
f 139//182 131//182 245//182
f 139//183 245//183 246//183
f 246//184 245//184 115//184
f 246//185 115//185 247//185
f 247//186 115//186 117//186
f 247//187 117//187 109//187
f 109//188 117//188 119//188
f 109//189 119//189 110//189
f 248//190 249//190 250//190
f 248//191 250//191 251//191
f 251//192 250//192 252//192
f 251//193 252//193 253//193
f 253//194 252//194 147//194
f 253//195 147//195 140//195
f 140//196 147//196 146//196
f 140//197 146//197 141//197
f 254//198 255//198 256//198
f 256//199 255//199 257//199
f 256//200 257//200 258//200
f 258//201 257//201 259//201
f 258//202 259//202 260//202
f 260//203 259//203 261//203
f 260//204 261//204 262//204
f 262//205 261//205 263//205
f 262//206 264//206 260//206
f 260//207 264//207 265//207
f 260//208 265//208 258//208
f 258//209 265//209 266//209
f 258//210 266//210 256//210
f 256//211 266//211 267//211
f 256//212 267//212 254//212
f 254//213 267//213 268//213
f 254//214 268//214 269//214
f 269//215 270//215 254//215
f 254//216 270//216 271//216
f 254//217 271//217 255//217
f 255//218 271//218 272//218
f 255//219 272//219 273//219
f 274//220 275//220 276//220
f 276//221 275//221 277//221
f 276//222 277//222 278//222
f 278//223 277//223 279//223
f 278//224 279//224 280//224
f 280//225 279//225 281//225
f 280//226 281//226 282//226
f 282//227 281//227 283//227
f 282//228 283//228 284//228
f 284//229 283//229 285//229
f 284//230 285//230 286//230
f 286//231 285//231 287//231
f 286//232 287//232 49//232
f 49//233 287//233 53//233
f 49//234 53//234 50//234
f 50//235 53//235 52//235
f 19//236 47//236 20//236
f 20//237 47//237 24//237
f 20//238 24//238 49//238
f 49//239 24//239 288//239
f 49//240 288//240 286//240
f 286//241 288//241 289//241
f 286//242 289//242 284//242
f 284//243 289//243 290//243
f 284//244 290//244 282//244
f 282//245 290//245 291//245
f 282//246 291//246 280//246
f 280//247 291//247 292//247
f 280//248 292//248 278//248
f 278//249 292//249 293//249
f 278//250 293//250 276//250
f 276//251 293//251 294//251
f 276//252 294//252 274//252
f 274//253 294//253 295//253
f 23//254 25//254 24//254
f 24//255 25//255 27//255
f 24//256 27//256 288//256
f 288//257 27//257 296//257
f 288//258 296//258 289//258
f 289//259 296//259 297//259
f 289//260 297//260 290//260
f 290//261 297//261 298//261
f 290//262 298//262 291//262
f 291//263 298//263 299//263
f 291//264 299//264 292//264
f 292//265 299//265 300//265
f 292//266 300//266 293//266
f 293//267 300//267 301//267
f 293//268 301//268 294//268
f 294//269 301//269 302//269
f 294//270 302//270 295//270
f 295//271 302//271 303//271
f 26//272 28//272 27//272
f 27//273 28//273 30//273
f 27//274 30//274 296//274
f 296//275 30//275 304//275
f 296//276 304//276 297//276
f 297//277 304//277 305//277
f 297//278 305//278 298//278
f 298//279 305//279 306//279
f 298//280 306//280 299//280
f 299//281 306//281 307//281
f 299//282 307//282 300//282
f 300//283 307//283 308//283
f 300//284 308//284 301//284
f 301//285 308//285 309//285
f 301//286 309//286 302//286
f 302//287 309//287 310//287
f 302//288 310//288 303//288
f 303//289 310//289 311//289
f 152//290 263//290 153//290
f 153//291 263//291 261//291
f 153//292 261//292 158//292
f 158//293 261//293 259//293
f 158//294 259//294 162//294
f 162//295 259//295 257//295
f 162//296 257//296 166//296
f 166//297 257//297 255//297
f 166//298 255//298 171//298
f 171//299 255//299 273//299
f 197//300 10//300 195//300
f 195//301 10//301 12//301
f 195//302 12//302 312//302
f 313//303 207//303 314//303
f 314//304 207//304 202//304
f 314//305 202//305 200//305
f 200//306 202//306 204//306
f 200//307 204//307 198//307
f 176//308 315//308 174//308
f 174//309 315//309 185//309
f 174//310 185//310 181//310
f 181//311 185//311 186//311
f 29//312 43//312 30//312
f 30//313 43//313 42//313
f 30//314 42//314 304//314
f 304//315 42//315 316//315
f 304//316 316//316 305//316
f 305//317 316//317 317//317
f 305//318 317//318 306//318
f 306//319 317//319 318//319
f 306//320 318//320 307//320
f 307//321 318//321 319//321
f 307//322 319//322 308//322
f 308//323 319//323 320//323
f 308//324 320//324 309//324
f 309//325 320//325 321//325
f 309//326 321//326 310//326
f 310//327 321//327 313//327
f 310//328 313//328 311//328
f 311//329 313//329 314//329
f 46//330 31//330 44//330
f 44//331 31//331 33//331
f 44//332 33//332 42//332
f 42//333 33//333 322//333
f 42//334 322//334 316//334
f 316//335 322//335 323//335
f 316//336 323//336 317//336
f 317//337 323//337 324//337
f 317//338 324//338 318//338
f 318//339 324//339 325//339
f 318//340 325//340 319//340
f 319//341 325//341 326//341
f 319//342 326//342 320//342
f 320//343 326//343 327//343
f 320//344 327//344 321//344
f 321//345 327//345 210//345
f 321//346 210//346 313//346
f 313//347 210//347 212//347
f 313//348 212//348 207//348
f 207//349 212//349 214//349
f 207//350 214//350 205//350
f 32//11 41//11 33//11
f 33//351 41//351 36//351
f 33//352 36//352 322//352
f 322//353 36//353 239//353
f 322//354 239//354 323//354
f 323//355 239//355 237//355
f 323//356 237//356 324//356
f 324//357 237//357 6//357
f 324//358 6//358 325//358
f 325//359 6//359 229//359
f 325//360 229//360 326//360
f 326//361 229//361 226//361
f 326//362 226//362 327//362
f 327//363 226//363 9//363
f 327//364 9//364 210//364
f 210//365 9//365 217//365
f 210//366 217//366 211//366
f 211//367 217//367 219//367
f 211//368 219//368 220//368
f 328//369 77//369 329//369
f 329//370 77//370 79//370
f 329//371 79//371 72//371
f 72//372 79//372 81//372
f 72//373 81//373 73//373
f 82//374 84//374 85//374
f 85//375 84//375 330//375
f 85//376 330//376 87//376
f 87//377 330//377 331//377
f 87//378 331//378 332//378
f 332//379 333//379 334//379
f 334//380 333//380 335//380
f 336//381 337//381 338//381
f 338//382 337//382 339//382
f 338//383 339//383 340//383
f 340//384 339//384 341//384
f 340//385 341//385 342//385
f 342//386 341//386 343//386
f 342//387 343//387 344//387
f 344//388 343//388 345//388
f 344//389 345//389 346//389
f 346//390 345//390 347//390
f 346//391 347//391 348//391
f 348//392 347//392 349//392
f 348//393 349//393 350//393
f 351//394 350//394 352//394
f 352//395 350//395 349//395
f 352//396 349//396 269//396
f 269//397 349//397 347//397
f 269//398 347//398 270//398
f 270//399 347//399 345//399
f 270//400 345//400 271//400
f 271//401 345//401 343//401
f 271//402 343//402 272//402
f 272//403 343//403 341//403
f 272//404 341//404 273//404
f 273//405 341//405 339//405
f 273//406 339//406 171//406
f 171//407 339//407 337//407
f 171//408 337//408 176//408
f 176//409 337//409 336//409
f 176//410 336//410 315//410
f 353//411 2//411 354//411
f 354//412 2//412 1//412
f 354//413 1//413 355//413
f 356//414 353//414 357//414
f 357//415 353//415 354//415
f 357//416 354//416 358//416
f 358//417 354//417 355//417
f 358//418 355//418 359//418
f 360//419 356//419 361//419
f 361//420 356//420 357//420
f 361//421 357//421 362//421
f 362//422 357//422 358//422
f 362//423 358//423 363//423
f 363//424 358//424 359//424
f 363//425 359//425 364//425
f 355//426 365//426 359//426
f 359//427 365//427 366//427
f 359//428 366//428 364//428
f 364//429 366//429 367//429
f 364//430 367//430 368//430
f 368//431 367//431 369//431
f 368//432 369//432 370//432
f 370//433 369//433 371//433
f 370//434 371//434 372//434
f 372//435 371//435 373//435
f 372//436 373//436 374//436
f 374//437 373//437 312//437
f 374//438 312//438 375//438
f 375//439 312//439 12//439
f 375//440 12//440 376//440
f 376//441 12//441 189//441
f 191//442 183//442 189//442
f 189//443 183//443 185//443
f 189//444 185//444 376//444
f 376//445 185//445 315//445
f 376//446 315//446 375//446
f 375//447 315//447 336//447
f 375//448 336//448 374//448
f 374//449 336//449 338//449
f 374//450 338//450 372//450
f 372//451 338//451 340//451
f 372//452 340//452 370//452
f 370//453 340//453 342//453
f 370//454 342//454 368//454
f 368//455 342//455 344//455
f 368//456 344//456 364//456
f 364//457 344//457 346//457
f 364//458 346//458 363//458
f 363//459 346//459 348//459
f 363//460 348//460 362//460
f 362//461 348//461 350//461
f 362//462 350//462 361//462
f 361//463 350//463 351//463
f 361//464 351//464 360//464
f 377//465 328//465 378//465
f 378//466 328//466 329//466
f 378//467 329//467 379//467
f 379//468 329//468 72//468
f 379//469 72//469 380//469
f 380//470 72//470 15//470
f 380//471 15//471 381//471
f 381//472 15//472 14//472
f 381//473 14//473 18//473
f 18//474 14//474 382//474
f 18//475 382//475 16//475
f 360//476 377//476 356//476
f 356//477 377//477 378//477
f 356//478 378//478 353//478
f 353//479 378//479 379//479
f 353//480 379//480 2//480
f 2//481 379//481 380//481
f 2//482 380//482 3//482
f 3//483 380//483 381//483
f 3//484 381//484 383//484
f 383//485 381//485 18//485
f 383//486 18//486 67//486
f 67//487 18//487 17//487
f 67//488 17//488 68//488
f 71//489 66//489 69//489
f 69//490 66//490 65//490
f 69//491 65//491 67//491
f 67//492 65//492 384//492
f 67//493 384//493 383//493
f 383//494 384//494 385//494
f 383//495 385//495 3//495
f 3//496 385//496 386//496
f 3//497 386//497 1//497
f 1//498 386//498 387//498
f 1//499 387//499 355//499
f 355//500 387//500 388//500
f 355//501 388//501 365//501
f 60//502 58//502 61//502
f 61//503 58//503 57//503
f 61//504 57//504 389//504
f 389//505 57//505 390//505
f 389//506 390//506 391//506
f 391//507 390//507 392//507
f 391//508 392//508 393//508
f 393//509 392//509 394//509
f 393//510 394//510 395//510
f 395//511 394//511 396//511
f 62//512 59//512 63//512
f 63//513 59//513 61//513
f 63//514 61//514 65//514
f 65//515 61//515 389//515
f 65//516 389//516 384//516
f 384//517 389//517 391//517
f 384//518 391//518 385//518
f 385//519 391//519 393//519
f 385//520 393//520 386//520
f 386//521 393//521 395//521
f 386//522 395//522 387//522
f 387//523 395//523 396//523
f 387//524 396//524 388//524
f 54//525 51//525 55//525
f 55//526 51//526 53//526
f 55//527 53//527 57//527
f 57//528 53//528 287//528
f 57//529 287//529 390//529
f 390//530 287//530 285//530
f 390//531 285//531 392//531
f 392//532 285//532 283//532
f 392//533 283//533 394//533
f 394//534 283//534 281//534
f 394//535 281//535 396//535
f 396//536 281//536 279//536
f 396//537 279//537 388//537
f 388//538 279//538 277//538
f 388//539 277//539 365//539
f 365//540 277//540 275//540
f 365//541 275//541 366//541
f 366//542 275//542 274//542
f 366//543 274//543 367//543
f 367//544 274//544 295//544
f 367//545 295//545 369//545
f 369//546 295//546 303//546
f 369//547 303//547 371//547
f 371//548 303//548 311//548
f 371//549 311//549 373//549
f 373//550 311//550 314//550
f 373//551 314//551 312//551
f 312//552 314//552 200//552
f 312//553 200//553 195//553
f 195//554 200//554 201//554
f 195//300 201//300 196//300
f 397//555 249//555 107//555
f 107//556 249//556 248//556
f 107//557 248//557 109//557
f 109//558 248//558 251//558
f 109//559 251//559 247//559
f 247//560 251//560 253//560
f 247//561 253//561 246//561
f 246//562 253//562 140//562
f 246//563 140//563 139//563
f 139//564 140//564 145//564
f 139//84 145//84 137//84
f 106//565 398//565 107//565
f 107//566 398//566 104//566
f 107//567 104//567 397//567
f 397//568 104//568 103//568
f 397//569 103//569 399//569
f 399//570 103//570 400//570
f 399//571 400//571 401//571
f 401//572 400//572 402//572
f 401//573 402//573 403//573
f 403//574 402//574 404//574
f 403//575 404//575 405//575
f 405//576 404//576 406//576
f 405//577 406//577 335//577
f 335//578 406//578 407//578
f 335//579 407//579 334//579
f 105//580 408//580 103//580
f 103//581 408//581 409//581
f 103//582 409//582 400//582
f 400//583 409//583 410//583
f 400//584 410//584 402//584
f 402//585 410//585 100//585
f 402//586 100//586 404//586
f 404//587 100//587 95//587
f 404//588 95//588 406//588
f 406//589 95//589 97//589
f 406//590 97//590 407//590
f 407//591 97//591 88//591
f 407//592 88//592 334//592
f 334//593 88//593 90//593
f 334//594 90//594 332//594
f 332//595 90//595 92//595
f 332//596 92//596 87//596
f 87//597 92//597 94//597
f 87//598 94//598 86//598
f 75//599 77//599 84//599
f 84//600 77//600 328//600
f 84//601 328//601 330//601
f 330//602 328//602 377//602
f 330//603 377//603 331//603
f 331//604 377//604 360//604
f 331//605 360//605 332//605
f 332//606 360//606 351//606
f 332//607 351//607 333//607
f 333//608 351//608 352//608
f 333//609 352//609 335//609
f 335//610 352//610 269//610
f 335//611 269//611 405//611
f 405//612 269//612 268//612
f 405//613 268//613 403//613
f 403//614 268//614 267//614
f 403//615 267//615 401//615
f 401//616 267//616 266//616
f 401//617 266//617 399//617
f 399//618 266//618 265//618
f 399//619 265//619 397//619
f 397//620 265//620 264//620
f 397//621 264//621 249//621
f 249//622 264//622 262//622
f 249//623 262//623 250//623
f 250//624 262//624 263//624
f 250//625 263//625 252//625
f 252//626 263//626 152//626
f 252//627 152//627 147//627
f 147//628 152//628 151//628
f 147//629 151//629 149//629
f 411//630 412//630 413//630
f 413//631 412//631 414//631
f 412//632 415//632 414//632
f 416//633 417//633 418//633
f 416//634 418//634 419//634
f 420//635 421//635 422//635
f 423//636 424//636 425//636
f 426//637 424//637 423//637
f 427//638 428//638 429//638
f 430//639 431//639 432//639
f 433//640 434//640 435//640
f 436//641 437//641 438//641
f 439//642 440//642 441//642
f 442//643 443//643 444//643
f 445//644 446//644 447//644
f 448//645 449//645 450//645
f 451//646 452//646 453//646
f 454//647 455//647 456//647
f 457//648 458//648 459//648
f 460//649 461//649 462//649
f 463//650 464//650 465//650
f 466//651 467//651 468//651
f 469//652 470//652 471//652
f 471//653 470//653 472//653
f 473//654 474//654 475//654
f 476//655 477//655 478//655
f 479//656 480//656 481//656
f 482//657 483//657 484//657
f 485//658 486//658 487//658
f 488//659 489//659 490//659
f 491//660 492//660 493//660
f 494//661 495//661 496//661
f 497//662 498//662 499//662
f 500//663 501//663 502//663
f 503//664 500//664 504//664
f 504//665 500//665 502//665
f 504//666 502//666 505//666
f 501//667 500//667 506//667
f 506//668 500//668 507//668
f 506//669 507//669 508//669
f 498//670 509//670 499//670
f 499//671 509//671 510//671
f 499//672 510//672 507//672
f 507//673 510//673 511//673
f 507//674 511//674 508//674
f 497//675 499//675 512//675
f 512//676 499//676 513//676
f 512//677 513//677 514//677
f 515//678 516//678 517//678
f 517//679 516//679 518//679
f 517//680 518//680 513//680
f 513//681 518//681 519//681
f 513//682 519//682 514//682
f 495//683 520//683 496//683
f 496//684 520//684 521//684
f 496//685 521//685 522//685
f 522//686 521//686 523//686
f 522//687 523//687 524//687
f 524//688 525//688 522//688
f 522//689 525//689 526//689
f 522//690 526//690 517//690
f 517//691 526//691 527//691
f 517//692 527//692 515//692
f 528//693 529//693 530//693
f 530//694 529//694 496//694
f 496//695 529//695 531//695
f 496//696 531//696 494//696
f 532//697 533//697 530//697
f 530//698 533//698 534//698
f 530//699 534//699 528//699
f 535//700 536//700 537//700
f 537//701 536//701 538//701
f 537//702 538//702 539//702
f 540//703 541//703 542//703
f 542//704 541//704 543//704
f 542//705 543//705 544//705
f 545//706 546//706 547//706
f 547//707 546//707 548//707
f 549//708 550//708 551//708
f 551//709 550//709 552//709
f 549//710 551//710 553//710
f 553//711 551//711 554//711
f 553//712 554//712 555//712
f 556//713 557//713 554//713
f 554//714 557//714 558//714
f 554//715 558//715 555//715
f 559//716 560//716 561//716
f 559//717 561//717 562//717
f 563//718 564//718 565//718
f 564//719 566//719 565//719
f 565//720 566//720 567//720
f 565//721 567//721 562//721
f 568//722 569//722 570//722
f 571//723 572//723 573//723
f 573//724 572//724 574//724
f 569//725 575//725 570//725
f 570//726 575//726 576//726
f 570//727 576//727 577//727
f 578//728 579//728 571//728
f 571//729 579//729 580//729
f 571//730 580//730 572//730
f 581//731 582//731 583//731
f 583//732 582//732 584//732
f 583//733 584//733 571//733
f 571//734 584//734 585//734
f 571//735 585//735 578//735
f 490//736 489//736 586//736
f 586//737 489//737 587//737
f 586//738 587//738 588//738
f 588//739 589//739 586//739
f 586//740 589//740 590//740
f 586//741 590//741 583//741
f 583//742 590//742 591//742
f 583//743 591//743 581//743
f 487//744 486//744 490//744
f 490//745 486//745 592//745
f 490//746 592//746 488//746
f 484//747 483//747 487//747
f 487//748 483//748 593//748
f 487//749 593//749 485//749
f 481//750 480//750 484//750
f 484//751 480//751 594//751
f 484//752 594//752 482//752
f 595//753 596//753 481//753
f 481//754 596//754 597//754
f 481//755 597//755 479//755
f 478//756 477//756 595//756
f 595//757 477//757 598//757
f 595//758 598//758 599//758
f 599//759 600//759 595//759
f 595//760 600//760 601//760
f 595//761 601//761 596//761
f 602//762 603//762 604//762
f 602//763 604//763 478//763
f 478//764 604//764 605//764
f 478//765 605//765 476//765
f 606//766 607//766 602//766
f 602//767 607//767 608//767
f 602//767 608//767 603//767
f 609//768 610//768 475//768
f 475//769 474//769 609//769
f 609//770 474//770 611//770
f 609//771 611//771 612//771
f 613//772 614//772 615//772
f 615//773 614//773 616//773
f 615//774 616//774 617//774
f 617//775 616//775 618//775
f 617//776 618//776 619//776
f 620//777 621//777 622//777
f 622//778 621//778 623//778
f 624//779 625//779 623//779
f 623//780 625//780 626//780
f 623//781 626//781 622//781
f 466//782 468//782 627//782
f 627//783 468//783 628//783
f 627//784 628//784 629//784
f 629//785 628//785 630//785
f 629//786 630//786 631//786
f 632//787 633//787 634//787
f 634//788 633//788 635//788
f 634//789 635//789 636//789
f 637//790 638//790 632//790
f 632//791 638//791 639//791
f 632//792 639//792 633//792
f 632//793 640//793 637//793
f 637//794 640//794 641//794
f 637//795 641//795 642//795
f 642//796 641//796 643//796
f 642//797 643//797 644//797
f 645//798 646//798 644//798
f 647//799 648//799 649//799
f 649//800 648//800 650//800
f 649//801 650//801 651//801
f 651//802 650//802 652//802
f 651//803 652//803 653//803
f 654//804 655//804 656//804
f 656//805 655//805 647//805
f 656//806 647//806 657//806
f 657//807 647//807 649//807
f 658//808 659//808 660//808
f 660//809 659//809 661//809
f 660//810 661//810 662//810
f 662//811 661//811 663//811
f 664//812 665//812 666//812
f 666//813 665//813 667//813
f 666//814 667//814 668//814
f 668//815 667//815 669//815
f 464//816 670//816 465//816
f 465//817 670//817 671//817
f 465//818 671//818 672//818
f 461//819 673//819 462//819
f 462//820 673//820 674//820
f 462//821 674//821 675//821
f 676//822 677//822 678//822
f 678//823 677//823 679//823
f 678//824 679//824 680//824
f 681//825 682//825 683//825
f 683//826 682//826 684//826
f 683//827 684//827 685//827
f 620//828 469//828 621//828
f 621//829 469//829 471//829
f 621//830 471//830 615//830
f 615//831 471//831 472//831
f 615//832 472//832 613//832
f 686//833 687//833 688//833
f 688//834 687//834 689//834
f 688//835 689//835 690//835
f 690//836 689//836 691//836
f 690//837 691//837 692//837
f 692//838 691//838 693//838
f 692//839 693//839 694//839
f 694//840 693//840 695//840
f 694//841 695//841 696//841
f 696//842 695//842 697//842
f 696//843 697//843 698//843
f 434//844 699//844 700//844
f 437//845 436//845 701//845
f 701//846 436//846 702//846
f 701//847 702//847 703//847
f 703//848 702//848 704//848
f 703//849 704//849 705//849
f 705//850 704//850 706//850
f 705//851 706//851 707//851
f 438//852 708//852 436//852
f 436//853 708//853 709//853
f 436//854 709//854 702//854
f 702//855 709//855 710//855
f 702//856 710//856 704//856
f 704//857 710//857 711//857
f 704//858 711//858 706//858
f 706//859 711//859 712//859
f 713//860 714//860 715//860
f 715//861 714//861 716//861
f 715//862 716//862 717//862
f 717//863 716//863 718//863
f 717//864 718//864 719//864
f 719//865 718//865 720//865
f 719//866 720//866 721//866
f 721//867 720//867 722//867
f 721//868 722//868 453//868
f 453//869 722//869 680//869
f 453//870 680//870 451//870
f 451//871 680//871 679//871
f 446//872 448//872 447//872
f 447//873 448//873 450//873
f 447//874 450//874 723//874
f 723//875 450//875 724//875
f 723//876 724//876 725//876
f 725//877 724//877 726//877
f 725//878 726//878 727//878
f 727//879 726//879 728//879
f 727//880 728//880 729//880
f 729//881 728//881 730//881
f 729//882 730//882 731//882
f 731//883 730//883 732//883
f 731//884 732//884 733//884
f 733//885 732//885 734//885
f 443//643 445//643 444//643
f 444//886 445//886 447//886
f 444//887 447//887 735//887
f 735//888 447//888 723//888
f 735//889 723//889 736//889
f 736//890 723//890 725//890
f 736//891 725//891 737//891
f 737//892 725//892 727//892
f 737//893 727//893 738//893
f 738//894 727//894 729//894
f 738//895 729//895 739//895
f 739//896 729//896 731//896
f 739//897 731//897 740//897
f 740//898 731//898 733//898
f 561//899 741//899 742//899
f 742//900 741//900 743//900
f 742//901 743//901 744//901
f 744//902 743//902 745//902
f 744//903 745//903 746//903
f 746//904 745//904 747//904
f 746//905 747//905 748//905
f 748//906 747//906 686//906
f 748//907 686//907 749//907
f 749//908 686//908 688//908
f 749//909 688//909 750//909
f 750//910 688//910 690//910
f 750//911 690//911 751//911
f 751//912 690//912 692//912
f 751//913 692//913 752//913
f 752//914 692//914 694//914
f 752//915 694//915 753//915
f 753//916 694//916 696//916
f 753//917 696//917 754//917
f 754//918 696//918 698//918
f 754//919 698//919 755//919
f 708//920 756//920 709//920
f 709//921 756//921 757//921
f 709//922 757//922 710//922
f 710//923 757//923 758//923
f 710//924 758//924 711//924
f 711//925 758//925 759//925
f 711//926 759//926 712//926
f 712//927 759//927 760//927
f 492//928 540//928 493//928
f 493//929 540//929 542//929
f 493//930 542//930 761//930
f 544//931 762//931 542//931
f 542//932 762//932 763//932
f 542//933 763//933 761//933
f 761//934 763//934 764//934
f 761//935 764//935 765//935
f 765//936 764//936 766//936
f 765//937 766//937 767//937
f 767//938 766//938 768//938
f 767//939 768//939 707//939
f 759//940 554//940 760//940
f 760//941 554//941 551//941
f 760//942 551//942 547//942
f 547//943 551//943 552//943
f 547//944 552//944 545//944
f 707//945 706//945 767//945
f 767//946 706//946 712//946
f 767//947 712//947 765//947
f 765//948 712//948 760//948
f 765//949 760//949 761//949
f 761//950 760//950 547//950
f 761//951 547//951 493//951
f 493//952 547//952 548//952
f 493//953 548//953 491//953
f 438//954 687//954 708//954
f 708//955 687//955 686//955
f 708//956 686//956 756//956
f 756//957 686//957 747//957
f 756//958 747//958 757//958
f 757//959 747//959 745//959
f 757//960 745//960 758//960
f 758//961 745//961 743//961
f 758//962 743//962 759//962
f 759//963 743//963 741//963
f 759//964 741//964 554//964
f 554//965 741//965 561//965
f 554//966 561//966 556//966
f 556//967 561//967 560//967
f 574//968 568//968 573//968
f 573//969 568//969 570//969
f 573//970 570//970 565//970
f 565//971 570//971 577//971
f 565//972 577//972 563//972
f 562//973 561//973 565//973
f 565//974 561//974 742//974
f 565//975 742//975 573//975
f 573//976 742//976 744//976
f 573//977 744//977 571//977
f 571//978 744//978 746//978
f 571//979 746//979 583//979
f 583//980 746//980 748//980
f 583//981 748//981 586//981
f 586//982 748//982 749//982
f 586//983 749//983 490//983
f 490//984 749//984 750//984
f 490//985 750//985 487//985
f 487//986 750//986 751//986
f 487//987 751//987 484//987
f 484//988 751//988 752//988
f 484//989 752//989 481//989
f 481//990 752//990 753//990
f 481//991 753//991 595//991
f 595//992 753//992 754//992
f 595//993 754//993 478//993
f 478//994 754//994 755//994
f 478//995 755//995 602//995
f 544//996 535//996 762//996
f 762//997 535//997 537//997
f 762//998 537//998 530//998
f 530//999 537//999 539//999
f 530//1000 539//1000 532//1000
f 684//1001 442//1001 685//1001
f 685//1002 442//1002 444//1002
f 685//1003 444//1003 769//1003
f 769//1004 444//1004 735//1004
f 769//1005 735//1005 770//1005
f 770//1006 735//1006 736//1006
f 770//1007 736//1007 771//1007
f 771//1008 736//1008 737//1008
f 771//1009 737//1009 772//1009
f 772//1010 737//1010 738//1010
f 772//1011 738//1011 773//1011
f 773//1012 738//1012 739//1012
f 773//1013 739//1013 774//1013
f 774//1014 739//1014 740//1014
f 440//1015 681//1015 441//1015
f 441//1016 681//1016 683//1016
f 441//1017 683//1017 775//1017
f 775//1018 683//1018 685//1018
f 775//1019 685//1019 776//1019
f 776//1020 685//1020 769//1020
f 776//1021 769//1021 777//1021
f 777//1022 769//1022 770//1022
f 777//1023 770//1023 778//1023
f 778//1024 770//1024 771//1024
f 778//1025 771//1025 779//1025
f 779//1026 771//1026 772//1026
f 779//1027 772//1027 780//1027
f 780//1028 772//1028 773//1028
f 780//1029 773//1029 781//1029
f 781//1030 773//1030 774//1030
f 503//1031 439//1031 500//1031
f 500//1032 439//1032 441//1032
f 500//1033 441//1033 507//1033
f 507//1034 441//1034 775//1034
f 507//1035 775//1035 499//1035
f 499//1036 775//1036 776//1036
f 499//1037 776//1037 513//1037
f 513//1038 776//1038 777//1038
f 513//1039 777//1039 517//1039
f 517//1040 777//1040 778//1040
f 517//1041 778//1041 522//1041
f 522//1042 778//1042 779//1042
f 522//1043 779//1043 496//1043
f 496//1044 779//1044 780//1044
f 496//1045 780//1045 530//1045
f 530//1046 780//1046 781//1046
f 530//1047 781//1047 762//1047
f 762//1048 781//1048 774//1048
f 762//1049 774//1049 763//1049
f 763//1050 774//1050 740//1050
f 763//1051 740//1051 764//1051
f 764//1052 740//1052 733//1052
f 764//1053 733//1053 766//1053
f 766//1054 733//1054 734//1054
f 766//1055 734//1055 768//1055
f 651//1056 782//1056 649//1056
f 649//1057 782//1057 783//1057
f 649//1058 783//1058 657//1058
f 657//1059 783//1059 659//1059
f 657//1060 659//1060 656//1060
f 656//1061 659//1061 658//1061
f 656//1062 658//1062 654//1062
f 784//1063 785//1063 786//1063
f 786//1064 785//1064 787//1064
f 786//1065 787//1065 788//1065
f 788//1066 787//1066 789//1066
f 788//1067 789//1067 790//1067
f 791//1068 431//1068 792//1068
f 792//1069 431//1069 430//1069
f 792//1070 430//1070 429//1070
f 429//1071 428//1071 792//1071
f 792//1072 428//1072 793//1072
f 792//1073 793//1073 791//1073
f 794//1074 427//1074 795//1074
f 795//1075 427//1075 429//1075
f 795//1076 429//1076 796//1076
f 796//1077 429//1077 430//1077
f 796//1078 430//1078 797//1078
f 797//1079 430//1079 432//1079
f 797//1080 432//1080 798//1080
f 784//1081 433//1081 794//1081
f 794//1082 433//1082 435//1082
f 794//1083 435//1083 427//1083
f 427//1084 435//1084 799//1084
f 427//1085 799//1085 428//1085
f 428//1086 799//1086 800//1086
f 428//1087 800//1087 793//1087
f 782//1088 801//1088 783//1088
f 783//1089 801//1089 802//1089
f 783//1090 802//1090 659//1090
f 659//1091 802//1091 665//1091
f 659//1092 665//1092 661//1092
f 661//1093 665//1093 664//1093
f 661//1094 664//1094 663//1094
f 801//1095 803//1095 802//1095
f 802//1096 803//1096 804//1096
f 802//1097 804//1097 665//1097
f 665//1098 804//1098 672//1098
f 665//1099 672//1099 667//1099
f 667//1100 672//1100 671//1100
f 667//1101 671//1101 669//1101
f 651//1102 805//1102 782//1102
f 782//1103 805//1103 806//1103
f 782//1104 806//1104 801//1104
f 801//1105 806//1105 807//1105
f 801//1106 807//1106 803//1106
f 803//1107 807//1107 808//1107
f 803//1108 808//1108 804//1108
f 804//1109 808//1109 809//1109
f 804//1110 809//1110 672//1110
f 672//1111 809//1111 810//1111
f 672//1112 810//1112 465//1112
f 465//1113 810//1113 675//1113
f 465//1114 675//1114 463//1114
f 463//1115 675//1115 674//1115
f 455//1116 811//1116 456//1116
f 456//1117 811//1117 457//1117
f 456//1118 457//1118 812//1118
f 812//1119 457//1119 459//1119
f 812//1120 459//1120 813//1120
f 813//1121 459//1121 814//1121
f 813//1122 814//1122 815//1122
f 815//1123 814//1123 816//1123
f 815//1124 816//1124 817//1124
f 817//1125 816//1125 818//1125
f 817//1126 818//1126 819//1126
f 819//1127 818//1127 820//1127
f 458//1128 460//1128 459//1128
f 459//1129 460//1129 462//1129
f 459//1130 462//1130 814//1130
f 814//1131 462//1131 675//1131
f 814//1132 675//1132 816//1132
f 816//1133 675//1133 810//1133
f 816//1134 810//1134 818//1134
f 818//1135 810//1135 809//1135
f 818//1136 809//1136 820//1136
f 820//1137 809//1137 808//1137
f 820//1138 808//1138 821//1138
f 821//1139 808//1139 807//1139
f 821//1140 807//1140 822//1140
f 822//1141 807//1141 806//1141
f 822//1142 806//1142 823//1142
f 823//1143 806//1143 805//1143
f 823//1144 805//1144 645//1144
f 645//1145 805//1145 651//1145
f 645//1146 651//1146 646//1146
f 646//1147 651//1147 653//1147
f 452//1148 454//1148 453//1148
f 453//1149 454//1149 456//1149
f 453//1150 456//1150 721//1150
f 721//1151 456//1151 812//1151
f 721//1152 812//1152 719//1152
f 719//1153 812//1153 813//1153
f 719//1154 813//1154 717//1154
f 717//1155 813//1155 815//1155
f 717//1156 815//1156 715//1156
f 715//1157 815//1157 817//1157
f 715//1158 817//1158 713//1158
f 713//1159 817//1159 819//1159
f 644//1160 643//1160 645//1160
f 645//1161 643//1161 824//1161
f 645//1162 824//1162 823//1162
f 823//1163 824//1163 825//1163
f 823//1164 825//1164 822//1164
f 822//1165 825//1165 826//1165
f 822//1166 826//1166 821//1166
f 821//1167 826//1167 827//1167
f 821//1168 827//1168 820//1168
f 820//1169 827//1169 828//1169
f 820//1170 828//1170 819//1170
f 819//1171 828//1171 700//1171
f 819//1172 700//1172 713//1172
f 713//1173 700//1173 699//1173
f 713//1174 699//1174 714//1174
f 829//1175 623//1175 830//1175
f 830//1176 623//1176 621//1176
f 830//1177 621//1177 831//1177
f 831//1178 621//1178 615//1178
f 831//1179 615//1179 832//1179
f 832//1180 615//1180 617//1180
f 832//1181 617//1181 475//1181
f 475//1182 617//1182 619//1182
f 475//1183 619//1183 473//1183
f 784//1184 794//1184 785//1184
f 785//1185 794//1185 795//1185
f 785//1186 795//1186 787//1186
f 787//1187 795//1187 796//1187
f 787//1188 796//1188 789//1188
f 789//1189 796//1189 797//1189
f 789//1190 797//1190 790//1190
f 790//1191 797//1191 798//1191
f 790//1192 798//1192 833//1192
f 833//1193 798//1193 834//1193
f 833//1194 834//1194 835//1194
f 835//1195 834//1195 836//1195
f 835//1196 836//1196 837//1196
f 837//1197 836//1197 630//1197
f 837//1198 630//1198 838//1198
f 838//1199 630//1199 628//1199
f 838//1200 628//1200 829//1200
f 829//1201 628//1201 468//1201
f 829//1202 468//1202 623//1202
f 623//1203 468//1203 467//1203
f 623//1204 467//1204 624//1204
f 434//1205 700//1205 435//1205
f 435//1206 700//1206 828//1206
f 435//1207 828//1207 799//1207
f 799//1208 828//1208 827//1208
f 799//1209 827//1209 800//1209
f 800//1210 827//1210 826//1210
f 800//1211 826//1211 793//1211
f 793//1212 826//1212 825//1212
f 793//1213 825//1213 791//1213
f 791//1214 825//1214 824//1214
f 791//1215 824//1215 431//1215
f 431//1216 824//1216 643//1216
f 431//1217 643//1217 432//1217
f 432//1218 643//1218 641//1218
f 432//1219 641//1219 798//1219
f 798//1220 641//1220 640//1220
f 798//1221 640//1221 834//1221
f 834//1222 640//1222 632//1222
f 834//1223 632//1223 836//1223
f 836//1224 632//1224 634//1224
f 836//1225 634//1225 630//1225
f 630//1226 634//1226 636//1226
f 630//1227 636//1227 631//1227
f 449//1228 676//1228 450//1228
f 450//1229 676//1229 678//1229
f 450//1230 678//1230 724//1230
f 724//1231 678//1231 680//1231
f 724//1232 680//1232 726//1232
f 726//1233 680//1233 722//1233
f 726//1234 722//1234 728//1234
f 728//1235 722//1235 720//1235
f 728//1236 720//1236 730//1236
f 730//1237 720//1237 718//1237
f 730//1238 718//1238 732//1238
f 732//1239 718//1239 716//1239
f 732//1240 716//1240 734//1240
f 734//1241 716//1241 714//1241
f 734//1242 714//1242 768//1242
f 768//1243 714//1243 699//1243
f 768//1244 699//1244 707//1244
f 707//1245 699//1245 434//1245
f 707//1246 434//1246 705//1246
f 705//1247 434//1247 433//1247
f 705//1248 433//1248 703//1248
f 703//1249 433//1249 784//1249
f 703//1250 784//1250 701//1250
f 701//1251 784//1251 786//1251
f 701//1252 786//1252 437//1252
f 437//1253 786//1253 788//1253
f 437//1254 788//1254 438//1254
f 438//1255 788//1255 790//1255
f 438//1256 790//1256 687//1256
f 687//1257 790//1257 833//1257
f 687//1258 833//1258 689//1258
f 689//1259 833//1259 835//1259
f 689//1260 835//1260 691//1260
f 691//1261 835//1261 837//1261
f 691//1262 837//1262 693//1262
f 693//1263 837//1263 838//1263
f 693//1264 838//1264 695//1264
f 695//1265 838//1265 829//1265
f 695//1266 829//1266 697//1266
f 697//1267 829//1267 830//1267
f 697//1268 830//1268 698//1268
f 698//1269 830//1269 831//1269
f 698//1270 831//1270 755//1270
f 755//1271 831//1271 832//1271
f 755//1272 832//1272 602//1272
f 602//1273 832//1273 475//1273
f 602//1274 475//1274 606//1274
f 606//1275 475//1275 610//1275
f 839//1276 840//1276 841//1276
f 133//1277 132//1277 842//1277
f 161//1278 163//1278 843//1278
f 187//1279 182//1279 844//1279
f 221//1280 220//1280 845//1280
f 35//1281 34//1281 846//1281
f 846//1282 34//1282 847//1282
f 847//1283 34//1283 39//1283
f 847//1284 39//1284 38//1284
f 240//1285 244//1285 848//1285
f 848//1286 244//1286 243//1286
f 848//1287 243//1287 846//1287
f 846//1288 243//1288 242//1288
f 846//1289 242//1289 35//1289
f 849//1290 236//1290 841//1290
f 841//1291 236//1291 238//1291
f 841//1292 238//1292 241//1292
f 232//1293 231//1293 850//1293
f 850//1294 231//1294 230//1294
f 235//1295 5//1295 849//1295
f 849//1296 5//1296 4//1296
f 849//1297 4//1297 236//1297
f 234//1298 233//1298 851//1298
f 851//1299 233//1299 232//1299
f 8//1300 7//1300 852//1300
f 852//1301 7//1301 228//1301
f 852//1302 228//1302 851//1302
f 851//1303 228//1303 227//1303
f 851//1304 227//1304 234//1304
f 853//1305 224//1305 854//1305
f 854//1306 224//1306 223//1306
f 854//1307 223//1307 8//1307
f 216//1308 215//1308 853//1308
f 853//1309 215//1309 225//1309
f 853//1310 225//1310 224//1310
f 855//1311 218//1311 216//1311
f 845//1312 220//1312 855//1312
f 855//1313 220//1313 219//1313
f 855//1314 219//1314 218//1314
f 221//1315 845//1315 222//1315
f 222//1316 845//1316 856//1316
f 222//1317 856//1317 213//1317
f 857//1318 205//1318 856//1318
f 856//1319 205//1319 214//1319
f 856//1320 214//1320 213//1320
f 209//1321 208//1321 857//1321
f 857//1322 208//1322 206//1322
f 857//1323 206//1323 205//1323
f 201//1324 199//1324 858//1324
f 858//1325 199//1325 198//1325
f 858//1326 198//1326 859//1326
f 859//1327 198//1327 204//1327
f 859//1328 204//1328 203//1328
f 201//1329 858//1329 196//1329
f 196//1330 858//1330 860//1330
f 196//1331 860//1331 197//1331
f 193//1332 192//1332 861//1332
f 861//1333 192//1333 11//1333
f 861//1334 11//1334 860//1334
f 860//1335 11//1335 10//1335
f 860//1336 10//1336 197//1336
f 193//1337 861//1337 194//1337
f 194//1338 861//1338 862//1338
f 194//1339 862//1339 190//1339
f 190//1340 862//1340 191//1340
f 191//1341 862//1341 863//1341
f 191//1342 863//1342 183//1342
f 183//1343 863//1343 184//1343
f 184//1344 863//1344 864//1344
f 184//1345 864//1345 186//1345
f 844//1346 182//1346 864//1346
f 864//1347 182//1347 181//1347
f 864//1348 181//1348 186//1348
f 865//1349 866//1349 178//1349
f 178//1350 177//1350 865//1350
f 865//1351 177//1351 175//1351
f 865//1352 175//1352 844//1352
f 844//1353 175//1353 188//1353
f 844//1354 188//1354 187//1354
f 169//1355 180//1355 866//1355
f 866//1356 180//1356 179//1356
f 866//1357 179//1357 178//1357
f 169//1358 867//1358 170//1358
f 170//1359 867//1359 868//1359
f 170//1360 868//1360 172//1360
f 869//1361 164//1361 868//1361
f 868//1362 164//1362 173//1362
f 868//1360 173//1360 172//1360
f 163//1363 168//1363 843//1363
f 843//1364 168//1364 167//1364
f 843//1365 167//1365 869//1365
f 869//1366 167//1366 165//1366
f 869//1367 165//1367 164//1367
f 161//1368 843//1368 156//1368
f 156//1369 843//1369 870//1369
f 156//1370 870//1370 157//1370
f 871//1371 160//1371 870//1371
f 870//1372 160//1372 159//1372
f 870//1373 159//1373 157//1373
f 151//1374 150//1374 872//1374
f 872//1375 150//1375 155//1375
f 872//1376 155//1376 871//1376
f 871//1377 155//1377 154//1377
f 871//1378 154//1378 160//1378
f 151//1379 872//1379 149//1379
f 149//1380 872//1380 873//1380
f 149//1381 873//1381 148//1381
f 143//1382 142//1382 874//1382
f 874//1383 142//1383 141//1383
f 874//1384 141//1384 873//1384
f 873//1385 141//1385 146//1385
f 873//1386 146//1386 148//1386
f 143//1387 874//1387 144//1387
f 144//1388 874//1388 875//1388
f 144//1389 875//1389 145//1389
f 145//1390 875//1390 137//1390
f 137//1391 875//1391 876//1391
f 137//1392 876//1392 138//1392
f 132//1393 136//1393 842//1393
f 842//1394 136//1394 135//1394
f 842//1395 135//1395 876//1395
f 876//1396 135//1396 134//1396
f 876//1392 134//1392 138//1392
f 877//1397 127//1397 126//1397
f 877//1398 878//1398 879//1398
f 127//1399 877//1399 128//1399
f 128//1400 877//1400 879//1400
f 128//1401 879//1401 130//1401
f 880//1402 881//1402 877//1402
f 877//1403 881//1403 882//1403
f 882//1404 883//1404 877//1404
f 877//1405 883//1405 884//1405
f 877//1406 884//1406 878//1406
f 878//1407 884//1407 885//1407
f 126//1408 133//1408 877//1408
f 877//1409 133//1409 842//1409
f 877//1410 842//1410 880//1410
f 880//1411 842//1411 886//1411
f 887//1412 888//1412 876//1412
f 876//1413 888//1413 889//1413
f 876//1414 889//1414 842//1414
f 842//1415 889//1415 890//1415
f 842//1416 890//1416 886//1416
f 887//1417 876//1417 891//1417
f 891//1418 876//1418 875//1418
f 891//1419 875//1419 892//1419
f 893//1420 894//1420 874//1420
f 874//1421 894//1421 895//1421
f 874//1422 895//1422 875//1422
f 875//1423 895//1423 896//1423
f 875//1424 896//1424 892//1424
f 893//1425 874//1425 897//1425
f 897//1426 874//1426 873//1426
f 897//1427 873//1427 898//1427
f 899//1428 900//1428 872//1428
f 872//1429 900//1429 873//1429
f 873//1430 900//1430 901//1430
f 873//1431 901//1431 898//1431
f 902//1432 903//1432 871//1432
f 871//1433 903//1433 904//1433
f 871//1434 904//1434 872//1434
f 872//1435 904//1435 905//1435
f 872//1436 905//1436 899//1436
f 902//1437 871//1437 906//1437
f 906//1438 871//1438 870//1438
f 906//1439 870//1439 907//1439
f 908//1440 909//1440 843//1440
f 843//1441 909//1441 910//1441
f 843//1442 910//1442 870//1442
f 870//1443 910//1443 911//1443
f 870//1444 911//1444 907//1444
f 912//1445 913//1445 869//1445
f 869//1446 913//1446 914//1446
f 869//1447 914//1447 843//1447
f 843//1448 914//1448 915//1448
f 843//1449 915//1449 908//1449
f 912//1450 869//1450 916//1450
f 916//1451 869//1451 868//1451
f 916//1452 868//1452 917//1452
f 918//1453 919//1453 867//1453
f 867//1454 919//1454 920//1454
f 867//1455 920//1455 868//1455
f 868//1456 920//1456 921//1456
f 868//1457 921//1457 917//1457
f 169//1458 866//1458 867//1458
f 867//1459 866//1459 922//1459
f 867//1460 922//1460 918//1460
f 923//1461 924//1461 865//1461
f 865//1462 924//1462 925//1462
f 865//1463 925//1463 866//1463
f 866//1464 925//1464 926//1464
f 866//1465 926//1465 922//1465
f 923//1466 865//1466 927//1466
f 927//1467 865//1467 844//1467
f 927//1468 844//1468 928//1468
f 929//1469 930//1469 864//1469
f 864//1470 930//1470 931//1470
f 864//1471 931//1471 844//1471
f 844//1472 931//1472 932//1472
f 844//1473 932//1473 928//1473
f 929//1474 864//1474 933//1474
f 933//1475 864//1475 863//1475
f 933//1476 863//1476 934//1476
f 935//1477 936//1477 862//1477
f 862//1478 936//1478 937//1478
f 862//1479 937//1479 863//1479
f 863//1480 937//1480 938//1480
f 863//1481 938//1481 934//1481
f 935//1477 862//1477 939//1477
f 939//1482 862//1482 861//1482
f 939//1483 861//1483 940//1483
f 941//1484 942//1484 860//1484
f 860//1485 942//1485 943//1485
f 860//1486 943//1486 861//1486
f 861//1487 943//1487 944//1487
f 861//1488 944//1488 940//1488
f 941//1489 860//1489 945//1489
f 945//1490 860//1490 858//1490
f 945//1491 858//1491 946//1491
f 947//1492 948//1492 859//1492
f 859//1493 948//1493 949//1493
f 859//1494 949//1494 858//1494
f 858//1495 949//1495 950//1495
f 858//1496 950//1496 946//1496
f 203//1497 209//1497 859//1497
f 859//1498 209//1498 857//1498
f 859//1499 857//1499 947//1499
f 947//1500 857//1500 951//1500
f 952//1501 953//1501 856//1501
f 856//1502 953//1502 954//1502
f 856//1503 954//1503 857//1503
f 857//1504 954//1504 955//1504
f 857//1505 955//1505 951//1505
f 952//1506 856//1506 956//1506
f 956//1507 856//1507 845//1507
f 956//1508 845//1508 957//1508
f 958//1509 959//1509 855//1509
f 855//1510 959//1510 960//1510
f 855//1511 960//1511 845//1511
f 845//1512 960//1512 961//1512
f 845//1513 961//1513 957//1513
f 216//1514 853//1514 855//1514
f 855//1515 853//1515 962//1515
f 855//1516 962//1516 958//1516
f 963//1517 964//1517 854//1517
f 854//1518 964//1518 965//1518
f 854//1519 965//1519 853//1519
f 853//1520 965//1520 966//1520
f 853//1521 966//1521 962//1521
f 8//1522 852//1522 854//1522
f 854//1523 852//1523 967//1523
f 854//1524 967//1524 963//1524
f 968//1525 969//1525 851//1525
f 851//1526 969//1526 970//1526
f 851//1527 970//1527 852//1527
f 852//1528 970//1528 971//1528
f 852//1529 971//1529 967//1529
f 232//1530 850//1530 851//1530
f 851//1531 850//1531 972//1531
f 851//1532 972//1532 968//1532
f 973//1533 974//1533 850//1533
f 850//1534 974//1534 975//1534
f 850//1535 975//1535 972//1535
f 230//1536 235//1536 850//1536
f 850//1537 235//1537 849//1537
f 850//1538 849//1538 973//1538
f 973//1539 849//1539 976//1539
f 840//1540 977//1540 841//1540
f 841//1541 977//1541 978//1541
f 841//1542 978//1542 849//1542
f 849//1543 978//1543 979//1543
f 849//1544 979//1544 976//1544
f 241//1545 240//1545 841//1545
f 841//1546 240//1546 848//1546
f 841//1547 848//1547 839//1547
f 839//1548 848//1548 980//1548
f 981//1549 982//1549 846//1549
f 846//1550 982//1550 983//1550
f 846//1551 983//1551 848//1551
f 848//1552 983//1552 984//1552
f 848//1553 984//1553 980//1553
f 981//1549 846//1549 985//1549
f 985//1554 846//1554 847//1554
f 985//1555 847//1555 986//1555
f 987//1556 988//1556 989//1556
f 990//1557 879//1557 878//1557
f 987//1558 989//1558 991//1558
f 991//1559 989//1559 992//1559
f 991//1560 992//1560 993//1560
f 993//1561 992//1561 994//1561
f 993//1562 994//1562 995//1562
f 995//1563 994//1563 426//1563
f 995//1564 426//1564 996//1564
f 426//1565 423//1565 996//1565
f 996//1566 423//1566 425//1566
f 996//1567 425//1567 997//1567
f 997//1568 425//1568 998//1568
f 997//1569 998//1569 999//1569
f 999//1570 998//1570 1000//1570
f 19//1571 21//1571 1001//1571
f 1001//1572 21//1572 1002//1572
f 1002//1573 21//1573 48//1573
f 1002//1574 48//1574 1003//1574
f 40//1575 1004//1575 37//1575
f 37//1576 1004//1576 1005//1576
f 37//1577 1005//1577 38//1577
f 1006//1578 1007//1578 1008//1578
f 1008//1579 1007//1579 885//1579
f 19//1580 1001//1580 47//1580
f 47//1581 1001//1581 1009//1581
f 47//1582 1009//1582 22//1582
f 1009//1583 1010//1583 22//1583
f 22//1584 1010//1584 1011//1584
f 22//1585 1011//1585 23//1585
f 23//1586 1011//1586 1012//1586
f 23//1587 1012//1587 25//1587
f 25//1588 1012//1588 1013//1588
f 25//1589 1013//1589 26//1589
f 26//1590 1013//1590 1014//1590
f 26//1591 1014//1591 28//1591
f 28//1592 1014//1592 1015//1592
f 28//1593 1015//1593 29//1593
f 29//1594 1015//1594 43//1594
f 43//1595 1015//1595 1016//1595
f 43//1596 1016//1596 45//1596
f 45//1597 1016//1597 1017//1597
f 45//1598 1017//1598 46//1598
f 46//1599 1017//1599 1018//1599
f 46//1600 1018//1600 31//1600
f 31//1601 1018//1601 1019//1601
f 31//1602 1019//1602 32//1602
f 32//1603 1019//1603 1020//1603
f 32//1604 1020//1604 41//1604
f 41//1605 1020//1605 1021//1605
f 41//1606 1021//1606 40//1606
f 40//1606 1021//1606 1022//1606
f 40//1607 1022//1607 1004//1607
f 1023//1608 1024//1608 1025//1608
f 1025//1609 1024//1609 1026//1609
f 1025//1610 1026//1610 1027//1610
f 1027//1611 1026//1611 1028//1611
f 1027//1612 1028//1612 1029//1612
f 1029//1613 1028//1613 1030//1613
f 1029//1614 1030//1614 1031//1614
f 1031//1615 1030//1615 1032//1615
f 1031//1616 1032//1616 1033//1616
f 1033//1617 1032//1617 1034//1617
f 1033//1618 1034//1618 1035//1618
f 1035//1619 1034//1619 1036//1619
f 1035//1620 1036//1620 1037//1620
f 1037//1621 1036//1621 1038//1621
f 1037//1622 1038//1622 1039//1622
f 1039//1623 1038//1623 1040//1623
f 1039//1624 1040//1624 1041//1624
f 1041//1625 1040//1625 1042//1625
f 1041//1626 1042//1626 1043//1626
f 1043//1627 1042//1627 1044//1627
f 1043//1628 1044//1628 1045//1628
f 1045//1629 1044//1629 1046//1629
f 1045//1630 1046//1630 1047//1630
f 1047//1631 1046//1631 1048//1631
f 1047//1632 1048//1632 1049//1632
f 1049//1633 1048//1633 1050//1633
f 1049//1634 1050//1634 1051//1634
f 1051//1635 1050//1635 1052//1635
f 1051//1636 1052//1636 1053//1636
f 1053//1637 1052//1637 1054//1637
f 1053//1638 1054//1638 1055//1638
f 1055//1639 1054//1639 1056//1639
f 1055//1640 1056//1640 1057//1640
f 1057//1641 1056//1641 986//1641
f 1057//1642 986//1642 1005//1642
f 1005//1643 986//1643 847//1643
f 1005//1644 847//1644 38//1644
f 1007//1645 1058//1645 885//1645
f 885//1646 1058//1646 1059//1646
f 885//1647 1059//1647 878//1647
f 878//1648 1059//1648 1060//1648
f 878//1649 1060//1649 990//1649
f 1008//1650 1061//1650 1006//1650
f 1006//1651 1061//1651 1062//1651
f 1006//1652 1062//1652 1063//1652
f 1063//1653 1062//1653 1064//1653
f 1063//1654 1064//1654 1065//1654
f 1065//1655 1064//1655 1066//1655
f 1065//1656 1066//1656 1067//1656
f 1067//1657 1066//1657 1068//1657
f 1067//1658 1068//1658 1069//1658
f 1069//1659 1068//1659 1070//1659
f 1069//1660 1070//1660 1071//1660
f 1071//1661 1070//1661 1072//1661
f 1071//1662 1072//1662 1073//1662
f 1073//1663 1072//1663 1074//1663
f 1073//1664 1074//1664 1075//1664
f 1075//1665 1074//1665 1076//1665
f 1075//1666 1076//1666 1000//1666
f 1000//1620 1076//1620 1077//1620
f 1000//1667 1077//1667 999//1667
f 64//1668 1078//1668 1079//1668
f 71//1669 1080//1669 1081//1669
f 1078//1668 64//1668 1081//1668
f 1081//1668 64//1668 66//1668
f 1081//1669 66//1669 71//1669
f 48//1670 50//1670 1003//1670
f 1003//1671 50//1671 52//1671
f 1003//1672 52//1672 1082//1672
f 1082//1673 52//1673 51//1673
f 1082//1674 51//1674 1083//1674
f 1083//1675 51//1675 54//1675
f 1083//1668 54//1668 1084//1668
f 1084//1676 54//1676 56//1676
f 1084//1677 56//1677 1085//1677
f 1085//1678 56//1678 58//1678
f 1085//1679 58//1679 1086//1679
f 1086//1680 58//1680 60//1680
f 1086//1681 60//1681 1087//1681
f 1087//1682 60//1682 59//1682
f 1087//1683 59//1683 1079//1683
f 1079//1684 59//1684 62//1684
f 1079//1685 62//1685 64//1685
f 125//1686 129//1686 1088//1686
f 1088//1687 129//1687 990//1687
f 990//1688 129//1688 130//1688
f 990//1689 130//1689 879//1689
f 1088//1680 1089//1680 125//1680
f 125//1577 1089//1577 1090//1577
f 125//1690 1090//1690 123//1690
f 123//1691 1090//1691 1091//1691
f 123//1691 1091//1691 120//1691
f 120//1692 1091//1692 1092//1692
f 120//1693 1092//1693 121//1693
f 121//1694 1092//1694 1093//1694
f 121//1695 1093//1695 122//1695
f 122//1696 1093//1696 1094//1696
f 122//1697 1094//1697 114//1697
f 114//1698 1094//1698 1095//1698
f 114//1699 1095//1699 116//1699
f 1096//1619 17//1619 1097//1619
f 1097//1700 17//1700 16//1700
f 1097//1701 16//1701 1098//1701
f 1098//1702 16//1702 1099//1702
f 1080//1703 71//1703 1100//1703
f 1100//1704 71//1704 70//1704
f 1100//1705 70//1705 1096//1705
f 1096//1706 70//1706 68//1706
f 1096//1707 68//1707 17//1707
f 116//1708 1095//1708 118//1708
f 118//1709 1095//1709 1101//1709
f 118//1710 1101//1710 119//1710
f 119//1711 1101//1711 1102//1711
f 119//1712 1102//1712 110//1712
f 110//1713 1102//1713 1103//1713
f 110//1714 1103//1714 111//1714
f 111//1715 1103//1715 1104//1715
f 111//1716 1104//1716 112//1716
f 112//1591 1104//1591 1105//1591
f 112//1717 1105//1717 108//1717
f 16//1718 382//1718 1099//1718
f 1099//1719 382//1719 14//1719
f 1099//1720 14//1720 1106//1720
f 1106//1721 14//1721 13//1721
f 1106//1722 13//1722 1107//1722
f 1107//1723 13//1723 74//1723
f 1107//1724 74//1724 1108//1724
f 1108//1725 74//1725 73//1725
f 1108//1726 73//1726 415//1726
f 1105//1727 1109//1727 108//1727
f 108//1727 1109//1727 1110//1727
f 108//1728 1110//1728 106//1728
f 106//1589 1110//1589 1111//1589
f 106//1729 1111//1729 398//1729
f 398//1730 1111//1730 1112//1730
f 398//1731 1112//1731 104//1731
f 104//1732 1112//1732 1113//1732
f 104//1733 1113//1733 105//1733
f 1113//1734 1114//1734 105//1734
f 105//1735 1114//1735 1115//1735
f 105//1736 1115//1736 408//1736
f 408//1737 1115//1737 409//1737
f 73//1738 81//1738 415//1738
f 415//1739 81//1739 80//1739
f 415//1740 80//1740 414//1740
f 414//1741 80//1741 78//1741
f 414//1742 78//1742 413//1742
f 413//1743 78//1743 76//1743
f 413//1744 76//1744 411//1744
f 411//1745 76//1745 1116//1745
f 101//1746 1117//1746 102//1746
f 102//1678 1117//1678 1118//1678
f 102//1747 1118//1747 96//1747
f 96//1748 1118//1748 1119//1748
f 96//1749 1119//1749 98//1749
f 98//1716 1119//1716 1120//1716
f 98//1716 1120//1716 99//1716
f 99//1750 1120//1750 1121//1750
f 99//1751 1121//1751 89//1751
f 89//1752 1121//1752 1122//1752
f 89//1753 1122//1753 91//1753
f 76//1754 75//1754 1116//1754
f 1116//1755 75//1755 83//1755
f 1116//1756 83//1756 1123//1756
f 1123//1757 83//1757 1124//1757
f 101//1758 100//1758 1117//1758
f 1117//1759 100//1759 410//1759
f 1117//1760 410//1760 1125//1760
f 1125//1761 410//1761 409//1761
f 1125//1762 409//1762 1126//1762
f 1126//1763 409//1763 1115//1763
f 1122//1764 1127//1764 91//1764
f 91//1765 1127//1765 1128//1765
f 91//1766 1128//1766 93//1766
f 93//1763 1128//1763 1129//1763
f 93//1767 1129//1767 94//1767
f 94//1768 1129//1768 1130//1768
f 94//1707 1130//1707 86//1707
f 86//1716 1130//1716 1124//1716
f 86//1769 1124//1769 82//1769
f 82//1770 1124//1770 83//1770
f 1131//1771 988//1771 1132//1771
f 1131//1772 1132//1772 1133//1772
f 1134//1773 1135//1773 1136//1773
f 1136//1774 1135//1774 1137//1774
f 1133//1775 1132//1775 1138//1775
f 1138//1776 1132//1776 1139//1776
f 1138//1777 1139//1777 1140//1777
f 1140//1778 1139//1778 1141//1778
f 1140//1779 1141//1779 1142//1779
f 1134//1780 1136//1780 1143//1780
f 1143//1781 1136//1781 612//1781
f 1143//1782 612//1782 1144//1782
f 449//1783 448//1783 1145//1783
f 1145//1784 448//1784 1146//1784
f 1146//1785 448//1785 446//1785
f 1146//1786 446//1786 1147//1786
f 1147//1787 446//1787 445//1787
f 1147//1788 445//1788 1148//1788
f 1148//1789 445//1789 443//1789
f 1148//1790 443//1790 1149//1790
f 443//1791 442//1791 1149//1791
f 1149//1792 442//1792 684//1792
f 1149//1793 684//1793 1150//1793
f 1150//1794 684//1794 682//1794
f 1150//1794 682//1794 1151//1794
f 1151//1795 682//1795 681//1795
f 1151//1796 681//1796 1152//1796
f 1152//1797 681//1797 440//1797
f 505//1798 1153//1798 1154//1798
f 1154//1799 1153//1799 1155//1799
f 1154//1800 1155//1800 1156//1800
f 1156//1801 1155//1801 1157//1801
f 1156//1802 1157//1802 1158//1802
f 1158//1803 1157//1803 1159//1803
f 1158//1804 1159//1804 1160//1804
f 1160//1805 1159//1805 1161//1805
f 1160//1806 1161//1806 1162//1806
f 1142//1807 1141//1807 422//1807
f 422//1808 1141//1808 1163//1808
f 422//1809 1163//1809 420//1809
f 420//1810 1163//1810 1164//1810
f 420//1811 1164//1811 1165//1811
f 1165//1812 1164//1812 1166//1812
f 1165//1813 1166//1813 1167//1813
f 1167//1814 1166//1814 1168//1814
f 1167//1815 1168//1815 1169//1815
f 1169//1816 1168//1816 1170//1816
f 1169//1817 1170//1817 1171//1817
f 1171//1818 1170//1818 1172//1818
f 1171//1819 1172//1819 1173//1819
f 1173//1820 1172//1820 1174//1820
f 1173//1816 1174//1816 1175//1816
f 1175//1821 1174//1821 1176//1821
f 1175//1822 1176//1822 1177//1822
f 1177//1823 1176//1823 1178//1823
f 1177//1791 1178//1791 1179//1791
f 1179//1791 1178//1791 1180//1791
f 1179//1824 1180//1824 1181//1824
f 1181//1825 1180//1825 1182//1825
f 1181//1826 1182//1826 1183//1826
f 439//1827 1184//1827 440//1827
f 440//1828 1184//1828 1185//1828
f 440//1829 1185//1829 1152//1829
f 1023//1830 1186//1830 1187//1830
f 1187//1831 1186//1831 1188//1831
f 1187//1832 1188//1832 1189//1832
f 1189//1833 1188//1833 1190//1833
f 1189//1834 1190//1834 1191//1834
f 1191//1835 1190//1835 1192//1835
f 1191//1836 1192//1836 1193//1836
f 1193//1837 1192//1837 1194//1837
f 1193//1838 1194//1838 1195//1838
f 1195//1839 1194//1839 1196//1839
f 1195//1840 1196//1840 1197//1840
f 1197//1841 1196//1841 1198//1841
f 1197//1842 1198//1842 1199//1842
f 1145//1843 1200//1843 449//1843
f 449//1844 1200//1844 1201//1844
f 449//1845 1201//1845 676//1845
f 676//1846 1201//1846 1202//1846
f 676//1847 1202//1847 677//1847
f 677//1848 1202//1848 1203//1848
f 677//1849 1203//1849 679//1849
f 505//1850 1154//1850 504//1850
f 504//1851 1154//1851 1204//1851
f 504//1852 1204//1852 503//1852
f 503//1853 1204//1853 1205//1853
f 503//1854 1205//1854 439//1854
f 439//1855 1205//1855 1206//1855
f 439//1856 1206//1856 1184//1856
f 1198//1857 1207//1857 1199//1857
f 1199//1858 1207//1858 1208//1858
f 1199//1852 1208//1852 1209//1852
f 1209//1859 1208//1859 1210//1859
f 1209//1860 1210//1860 1211//1860
f 1211//1861 1210//1861 1212//1861
f 1211//1862 1212//1862 1213//1862
f 1213//1863 1212//1863 1214//1863
f 1213//1864 1214//1864 1215//1864
f 1215//1865 1214//1865 1216//1865
f 1215//1866 1216//1866 1217//1866
f 1217//1867 1216//1867 1218//1867
f 1217//1861 1218//1861 1219//1861
f 1219//1868 1218//1868 1162//1868
f 1219//1869 1162//1869 1220//1869
f 1220//1870 1162//1870 1161//1870
f 1182//1871 1221//1871 1183//1871
f 1183//1872 1221//1872 1222//1872
f 1183//1873 1222//1873 1223//1873
f 1223//1874 1222//1874 1224//1874
f 1223//1875 1224//1875 1225//1875
f 1225//1876 1224//1876 1226//1876
f 1225//1876 1226//1876 1135//1876
f 1135//1877 1226//1877 1227//1877
f 1135//1878 1227//1878 1137//1878
f 679//1879 1203//1879 451//1879
f 451//1880 1203//1880 1228//1880
f 451//1846 1228//1846 452//1846
f 452//1845 1228//1845 1229//1845
f 452//1881 1229//1881 454//1881
f 454//1882 1229//1882 1230//1882
f 454//1845 1230//1845 455//1845
f 455//1883 1230//1883 1231//1883
f 455//1884 1231//1884 811//1884
f 811//1885 1231//1885 1232//1885
f 811//1886 1232//1886 457//1886
f 457//1887 1232//1887 1233//1887
f 457//1888 1233//1888 458//1888
f 458//1889 1233//1889 1234//1889
f 458//1890 1234//1890 460//1890
f 460//1891 1234//1891 1235//1891
f 460//1892 1235//1892 461//1892
f 461//1893 1235//1893 1236//1893
f 461//1894 1236//1894 673//1894
f 673//1895 1236//1895 1237//1895
f 673//1896 1237//1896 674//1896
f 674//1897 1237//1897 1238//1897
f 674//1898 1238//1898 463//1898
f 463//1899 1238//1899 1239//1899
f 463//1900 1239//1900 464//1900
f 464//1901 1239//1901 1240//1901
f 464//1902 1240//1902 670//1902
f 670//1903 1240//1903 1241//1903
f 670//1904 1241//1904 1242//1904
f 1243//1905 1244//1905 662//1905
f 668//1906 669//1906 1242//1906
f 1242//1907 669//1907 671//1907
f 1242//1908 671//1908 670//1908
f 1144//1909 612//1909 1245//1909
f 1245//1910 612//1910 611//1910
f 1245//1911 611//1911 1246//1911
f 1246//1912 611//1912 474//1912
f 1246//1913 474//1913 1247//1913
f 1247//1914 474//1914 473//1914
f 1247//1915 473//1915 1248//1915
f 1248//1916 473//1916 619//1916
f 1248//1917 619//1917 1249//1917
f 1249//1908 619//1908 618//1908
f 1249//1918 618//1918 1250//1918
f 1250//1919 618//1919 616//1919
f 1250//1919 616//1919 1251//1919
f 1251//1920 616//1920 614//1920
f 1251//1921 614//1921 1252//1921
f 1252//1922 614//1922 613//1922
f 1252//1923 613//1923 1253//1923
f 613//1800 472//1800 1253//1800
f 1253//1924 472//1924 470//1924
f 1253//1925 470//1925 1254//1925
f 1254//1926 470//1926 469//1926
f 1254//1927 469//1927 1255//1927
f 1255//1928 469//1928 1256//1928
f 1256//1928 469//1928 620//1928
f 1256//1929 620//1929 1257//1929
f 1242//1930 1258//1930 668//1930
f 668//1875 1258//1875 1259//1875
f 668//1931 1259//1931 666//1931
f 666//1932 1259//1932 1260//1932
f 1243//1933 662//1933 1261//1933
f 1261//1934 662//1934 663//1934
f 1261//1935 663//1935 1260//1935
f 1260//1890 663//1890 664//1890
f 1260//1936 664//1936 666//1936
f 620//1937 622//1937 1257//1937
f 1257//1938 622//1938 626//1938
f 1257//1939 626//1939 1262//1939
f 1262//1940 626//1940 625//1940
f 1262//1941 625//1941 1263//1941
f 1263//1942 625//1942 1264//1942
f 1264//1943 625//1943 624//1943
f 1264//1944 624//1944 1265//1944
f 1265//1945 624//1945 467//1945
f 1265//1946 467//1946 1266//1946
f 1266//1947 467//1947 466//1947
f 1266//1948 466//1948 1267//1948
f 639//1931 1268//1931 633//1931
f 633//1949 1268//1949 1269//1949
f 633//1950 1269//1950 635//1950
f 646//1799 653//1799 1270//1799
f 1270//1951 653//1951 652//1951
f 1270//1952 652//1952 1271//1952
f 1271//1800 652//1800 650//1800
f 1271//1953 650//1953 1272//1953
f 1272//1954 650//1954 648//1954
f 1272//1955 648//1955 417//1955
f 417//1956 648//1956 647//1956
f 417//1957 647//1957 418//1957
f 418//1958 647//1958 655//1958
f 418//1959 655//1959 419//1959
f 419//1960 655//1960 654//1960
f 419//1961 654//1961 1273//1961
f 1273//1962 654//1962 658//1962
f 1273//1963 658//1963 1244//1963
f 1244//1964 658//1964 660//1964
f 1244//1965 660//1965 662//1965
f 1267//1871 466//1871 1274//1871
f 1274//1966 466//1966 627//1966
f 1274//1919 627//1919 1275//1919
f 1275//1967 627//1967 629//1967
f 1275//1968 629//1968 1276//1968
f 1276//1799 629//1799 631//1799
f 1276//1969 631//1969 1269//1969
f 1269//1970 631//1970 636//1970
f 1269//1971 636//1971 635//1971
f 1270//1939 1277//1939 646//1939
f 646//1800 1277//1800 1278//1800
f 646//1972 1278//1972 644//1972
f 644//1973 1278//1973 1279//1973
f 644//1974 1279//1974 642//1974
f 1279//1975 1280//1975 642//1975
f 642//1934 1280//1934 1281//1934
f 642//1955 1281//1955 637//1955
f 637//1976 1281//1976 1282//1976
f 637//1977 1282//1977 638//1977
f 638//1932 1282//1932 1283//1932
f 638//1978 1283//1978 639//1978
f 639//1979 1283//1979 1284//1979
f 639//1931 1284//1931 1268//1931
f 536//1980 535//1980 1285//1980
f 492//1981 491//1981 1286//1981
f 550//1982 549//1982 1287//1982
f 566//1983 564//1983 1288//1983
f 575//1984 569//1984 1289//1984
f 480//1985 479//1985 1290//1985
f 477//1986 476//1986 1291//1986
f 609//1987 612//1987 1136//1987
f 1292//1988 1155//1988 1153//1988
f 1293//1989 1294//1989 1295//1989
f 1294//1990 1293//1990 1296//1990
f 1296//1991 1293//1991 1297//1991
f 1296//1992 1297//1992 1298//1992
f 1299//1993 1300//1993 1301//1993
f 1301//1994 1300//1994 1302//1994
f 1301//1995 1302//1995 1297//1995
f 1297//1996 1302//1996 1303//1996
f 1297//1997 1303//1997 1298//1997
f 1299//1998 1301//1998 1304//1998
f 1304//1999 1301//1999 1305//1999
f 1304//2000 1305//2000 1306//2000
f 1307//2001 1308//2001 1309//2001
f 1309//2002 1308//2002 1310//2002
f 1309//2003 1310//2003 1305//2003
f 1305//2004 1310//2004 1311//2004
f 1305//2005 1311//2005 1306//2005
f 1312//2006 1313//2006 1309//2006
f 1309//2007 1313//2007 1314//2007
f 1309//2008 1314//2008 1307//2008
f 1315//2009 1316//2009 1312//2009
f 1312//2010 1316//2010 1317//2010
f 1312//2011 1317//2011 1313//2011
f 1318//2012 1319//2012 1320//2012
f 1320//2013 1319//2013 1315//2013
f 1321//2014 1322//2014 1318//2014
f 1322//2015 1323//2015 1318//2015
f 1318//2016 1323//2016 1324//2016
f 1318//2017 1324//2017 1319//2017
f 1325//2018 1326//2018 1327//2018
f 1327//2019 1326//2019 1328//2019
f 1327//2020 1328//2020 1329//2020
f 1329//2021 1328//2021 1330//2021
f 1329//2022 1330//2022 1331//2022
f 1332//2023 1333//2023 1285//2023
f 1333//2024 1334//2024 1285//2024
f 1285//2025 1334//2025 1335//2025
f 1285//2026 1335//2026 1336//2026
f 1336//2027 1335//2027 1337//2027
f 1336//2028 1337//2028 1338//2028
f 1286//2029 1339//2029 1340//2029
f 1340//2030 1339//2030 1341//2030
f 1340//2031 1341//2031 1332//2031
f 1342//2032 1343//2032 1344//2032
f 1344//2033 1345//2033 1286//2033
f 1286//2034 1345//2034 1346//2034
f 1286//2035 1346//2035 1339//2035
f 1287//2036 1347//2036 1348//2036
f 1287//2037 1348//2037 1342//2037
f 1342//2038 1348//2038 1349//2038
f 1342//2039 1349//2039 1343//2039
f 1350//2040 1351//2040 1352//2040
f 1350//2041 1352//2041 1287//2041
f 1287//2042 1352//2042 1353//2042
f 1287//2043 1353//2043 1347//2043
f 1354//2044 1355//2044 1356//2044
f 1354//2045 1356//2045 1350//2045
f 1350//2046 1356//2046 1357//2046
f 1350//2040 1357//2040 1351//2040
f 1358//2047 1359//2047 1360//2047
f 1358//2048 1360//2048 1354//2048
f 1354//2049 1360//2049 1361//2049
f 1354//2050 1361//2050 1355//2050
f 1288//2051 1362//2051 1363//2051
f 1288//2052 1363//2052 1358//2052
f 1358//2053 1363//2053 1364//2053
f 1358//2054 1364//2054 1359//2054
f 1365//2055 1366//2055 1367//2055
f 1365//2056 1367//2056 1288//2056
f 1288//2057 1367//2057 1368//2057
f 1288//2058 1368//2058 1362//2058
f 1289//2059 1369//2059 1365//2059
f 1365//2060 1369//2060 1370//2060
f 1365//2061 1370//2061 1366//2061
f 1371//2062 1372//2062 1373//2062
f 1373//2062 1372//2062 1374//2062
f 1373//2063 1374//2063 1289//2063
f 1289//2064 1374//2064 1375//2064
f 1289//2065 1375//2065 1369//2065
f 1371//2066 1373//2066 1376//2066
f 1376//2067 1373//2067 1377//2067
f 1376//2068 1377//2068 1378//2068
f 1379//2069 1380//2069 1381//2069
f 1381//2070 1380//2070 1382//2070
f 1379//2071 1383//2071 1380//2071
f 1380//2072 1383//2072 1384//2072
f 1380//2073 1384//2073 1377//2073
f 1377//2074 1384//2074 1385//2074
f 1377//2075 1385//2075 1378//2075
f 1386//2076 1387//2076 1382//2076
f 1382//2077 1387//2077 1388//2077
f 1382//2078 1388//2078 1381//2078
f 1389//2079 1390//2079 1391//2079
f 1391//2080 1390//2080 1392//2080
f 1393//2081 1394//2081 1395//2081
f 1395//2082 1394//2082 1389//2082
f 1396//2083 1397//2083 1398//2083
f 1396//2084 1398//2084 1395//2084
f 1395//2085 1398//2085 1399//2085
f 1395//2086 1399//2086 1393//2086
f 1400//2087 1401//2087 1396//2087
f 1396//2088 1401//2088 1402//2088
f 1396//2089 1402//2089 1397//2089
f 1403//2090 1404//2090 1400//2090
f 1400//2091 1404//2091 1405//2091
f 1400//2092 1405//2092 1401//2092
f 1406//2093 1407//2093 1408//2093
f 1408//2094 1407//2094 1409//2094
f 1408//2095 1409//2095 1290//2095
f 1290//2096 1409//2096 1410//2096
f 1290//2096 1410//2096 1411//2096
f 1412//2097 1413//2097 1414//2097
f 1414//2098 1413//2098 1406//2098
f 1412//2099 1414//2099 1415//2099
f 1415//2100 1414//2100 1291//2100
f 1415//2101 1291//2101 1416//2101
f 1417//2102 1418//2102 1419//2102
f 1419//2103 1418//2103 1420//2103
f 1419//2104 1420//2104 1291//2104
f 1291//2105 1420//2105 1421//2105
f 1291//2106 1421//2106 1416//2106
f 1417//2107 1419//2107 1422//2107
f 1422//2108 1419//2108 1423//2108
f 1422//2109 1423//2109 1424//2109
f 1425//2110 1426//2110 1423//2110
f 1423//2111 1426//2111 1427//2111
f 1423//2112 1427//2112 1424//2112
f 610//2113 609//2113 1423//2113
f 1423//2114 609//2114 1136//2114
f 1423//2115 1136//2115 1425//2115
f 1425//2116 1136//2116 1137//2116
f 1425//2117 1137//2117 1227//2117
f 1419//2118 608//2118 607//2118
f 1419//2119 607//2119 1423//2119
f 1423//2120 607//2120 606//2120
f 1423//2121 606//2121 610//2121
f 476//2122 605//2122 1291//2122
f 1291//2123 605//2123 604//2123
f 1291//2124 604//2124 1419//2124
f 1419//2125 604//2125 603//2125
f 1419//2126 603//2126 608//2126
f 477//2127 1291//2127 598//2127
f 598//2128 1291//2128 1414//2128
f 598//2129 1414//2129 599//2129
f 1406//2130 1408//2130 1414//2130
f 1414//2131 1408//2131 600//2131
f 1414//2132 600//2132 599//2132
f 479//1985 597//1985 1290//1985
f 1290//2133 597//2133 596//2133
f 1290//2134 596//2134 1408//2134
f 1408//2135 596//2135 601//2135
f 1408//2136 601//2136 600//2136
f 1411//2137 1403//2137 1290//2137
f 1290//2138 1403//2138 1400//2138
f 1290//2139 1400//2139 480//2139
f 480//2140 1400//2140 594//2140
f 485//2141 593//2141 1396//2141
f 1396//2142 593//2142 483//2142
f 1396//2143 483//2143 1400//2143
f 1400//2144 483//2144 482//2144
f 1400//2145 482//2145 594//2145
f 489//2146 488//2146 1395//2146
f 1395//2147 488//2147 592//2147
f 1395//2148 592//2148 1396//2148
f 1396//2149 592//2149 486//2149
f 1396//2150 486//2150 485//2150
f 1389//2151 1391//2151 1395//2151
f 1395//2152 1391//2152 587//2152
f 1395//2153 587//2153 489//2153
f 590//2154 589//2154 1391//2154
f 1391//2155 589//2155 588//2155
f 1391//2156 588//2156 587//2156
f 1392//2157 1386//2157 1391//2157
f 1391//2158 1386//2158 1382//2158
f 1391//2159 1382//2159 590//2159
f 590//2160 1382//2160 591//2160
f 1380//2161 578//2161 585//2161
f 585//2162 584//2162 1380//2162
f 1380//2163 584//2163 582//2163
f 1380//2164 582//2164 1382//2164
f 1382//2165 582//2165 581//2165
f 1382//2166 581//2166 591//2166
f 578//2167 1380//2167 579//2167
f 579//2168 1380//2168 1377//2168
f 579//2169 1377//2169 580//2169
f 580//2170 1377//2170 572//2170
f 572//2171 1377//2171 1373//2171
f 572//2172 1373//2172 574//2172
f 1289//2173 569//2173 1373//2173
f 1373//2174 569//2174 568//2174
f 1373//2175 568//2175 574//2175
f 575//2176 1289//2176 576//2176
f 576//2177 1289//2177 1365//2177
f 576//2178 1365//2178 577//2178
f 1288//2179 564//2179 1365//2179
f 1365//2180 564//2180 563//2180
f 1365//2181 563//2181 577//2181
f 566//2182 1288//2182 567//2182
f 567//2183 1288//2183 1358//2183
f 567//2184 1358//2184 562//2184
f 562//2185 1358//2185 559//2185
f 559//2186 1358//2186 1354//2186
f 559//2187 1354//2187 560//2187
f 555//2188 558//2188 1350//2188
f 1350//2189 558//2189 557//2189
f 1350//2190 557//2190 1354//2190
f 1354//2191 557//2191 556//2191
f 1354//2192 556//2192 560//2192
f 1287//2193 549//2193 1350//2193
f 1350//2194 549//2194 553//2194
f 1350//2195 553//2195 555//2195
f 1344//2196 1286//2196 1342//2196
f 1342//2197 1286//2197 491//2197
f 1342//2198 491//2198 548//2198
f 548//2199 546//2199 1342//2199
f 1342//2200 546//2200 545//2200
f 1342//2201 545//2201 1287//2201
f 1287//2202 545//2202 552//2202
f 1287//2203 552//2203 550//2203
f 1332//2204 1285//2204 1340//2204
f 1340//2205 1285//2205 535//2205
f 1340//2206 535//2206 544//2206
f 544//2207 543//2207 1340//2207
f 1340//2208 543//2208 541//2208
f 1340//2209 541//2209 1286//2209
f 1286//2210 541//2210 540//2210
f 1286//2211 540//2211 492//2211
f 534//2212 533//2212 1327//2212
f 1327//2213 533//2213 1336//2213
f 1327//2214 1336//2214 1325//2214
f 1325//2215 1336//2215 1338//2215
f 533//2216 532//2216 1336//2216
f 1336//2217 532//2217 539//2217
f 1336//2218 539//2218 1285//2218
f 1285//2219 539//2219 538//2219
f 1285//2220 538//2220 536//2220
f 495//2221 494//2221 1318//2221
f 1318//2222 494//2222 1329//2222
f 1318//2223 1329//2223 1321//2223
f 1321//2224 1329//2224 1331//2224
f 494//2225 531//2225 1329//2225
f 1329//2226 531//2226 529//2226
f 1329//2227 529//2227 1327//2227
f 1327//2228 529//2228 528//2228
f 1327//2229 528//2229 534//2229
f 495//2230 1318//2230 520//2230
f 520//2231 1318//2231 1320//2231
f 520//2232 1320//2232 521//2232
f 1315//2233 1312//2233 1320//2233
f 1320//2234 1312//2234 523//2234
f 1320//2235 523//2235 521//2235
f 526//2236 525//2236 1312//2236
f 1312//2237 525//2237 524//2237
f 1312//2238 524//2238 523//2238
f 526//2239 1312//2239 527//2239
f 527//2240 1312//2240 1309//2240
f 527//2241 1309//2241 515//2241
f 514//2242 519//2242 1305//2242
f 1305//2243 519//2243 518//2243
f 1305//2244 518//2244 1309//2244
f 1309//2245 518//2245 516//2245
f 1309//2246 516//2246 515//2246
f 509//2247 498//2247 1301//2247
f 1301//2248 498//2248 497//2248
f 1301//2249 497//2249 1305//2249
f 1305//2250 497//2250 512//2250
f 1305//2251 512//2251 514//2251
f 509//2252 1301//2252 510//2252
f 510//2253 1301//2253 1297//2253
f 510//2254 1297//2254 511//2254
f 502//2255 501//2255 1293//2255
f 1293//2256 501//2256 506//2256
f 1293//2257 506//2257 1297//2257
f 1297//2258 506//2258 508//2258
f 1297//2259 508//2259 511//2259
f 1295//2260 1292//2260 1293//2260
f 1293//2261 1292//2261 1153//2261
f 1293//2262 1153//2262 502//2262
f 502//2263 1153//2263 505//2263
f 1428//2264 1429//2264 1430//2264
f 1431//2265 1432//2265 1433//2265
f 1434//2266 1435//2266 1436//2266
f 1437//2267 1438//2267 1439//2267
f 1178//2268 1176//2268 1440//2268
f 1174//2269 1172//2269 1441//2269
f 988//2270 987//2270 1442//2270
f 991//2271 993//2271 1443//2271
f 995//2272 996//2272 1444//2272
f 1076//2273 1074//2273 1445//2273
f 975//2274 974//2274 1446//2274
f 1052//2275 1050//2275 1447//2275
f 1046//2276 1044//2276 1448//2276
f 1042//2277 1040//2277 1449//2277
f 1038//2278 1036//2278 1450//2278
f 1034//2279 1032//2279 1451//2279
f 1030//2280 1028//2280 1452//2280
f 1026//2281 1024//2281 1453//2281
f 1191//2282 1193//2282 1454//2282
f 1195//2283 1197//2283 1455//2283
f 1199//2284 1209//2284 1456//2284
f 1211//2285 1213//2285 1457//2285
f 1215//2286 1217//2286 1458//2286
f 1219//2287 1220//2287 1459//2287
f 1317//2288 1316//2288 1460//2288
f 1372//2289 1371//2289 1461//2289
f 1389//2290 1394//2290 1462//2290
f 1412//2291 1415//2291 1463//2291
f 1227//2292 1226//2292 1464//2292
f 1424//2293 1427//2293 1465//2293
f 1465//2294 1427//2294 1426//2294
f 1465//2295 1426//2295 1464//2295
f 1464//2296 1426//2296 1425//2296
f 1464//2297 1425//2297 1227//2297
f 1466//2298 1418//2298 1417//2298
f 1466//2299 1417//2299 1465//2299
f 1465//2300 1417//2300 1422//2300
f 1465//2301 1422//2301 1424//2301
f 1463//2302 1415//2302 1467//2302
f 1415//2303 1416//2303 1467//2303
f 1467//2304 1416//2304 1421//2304
f 1467//2305 1421//2305 1466//2305
f 1466//2306 1421//2306 1420//2306
f 1466//2307 1420//2307 1418//2307
f 1409//2308 1468//2308 1410//2308
f 1410//2309 1468//2309 1469//2309
f 1410//2310 1469//2310 1411//2310
f 1409//2311 1407//2311 1468//2311
f 1468//2312 1407//2312 1406//2312
f 1468//2313 1406//2313 1463//2313
f 1463//2314 1406//2314 1413//2314
f 1463//2315 1413//2315 1412//2315
f 1401//2316 1470//2316 1402//2316
f 1402//2317 1470//2317 1471//2317
f 1402//2318 1471//2318 1397//2318
f 1401//2319 1405//2319 1470//2319
f 1470//2320 1405//2320 1404//2320
f 1470//2321 1404//2321 1469//2321
f 1469//2322 1404//2322 1403//2322
f 1469//2323 1403//2323 1411//2323
f 1394//2324 1393//2324 1462//2324
f 1462//2325 1393//2325 1399//2325
f 1462//2326 1399//2326 1471//2326
f 1471//2327 1399//2327 1398//2327
f 1471//2328 1398//2328 1397//2328
f 1472//2329 1392//2329 1462//2329
f 1462//2330 1392//2330 1390//2330
f 1462//2331 1390//2331 1389//2331
f 1473//2332 1379//2332 1474//2332
f 1474//2333 1379//2333 1381//2333
f 1381//2334 1388//2334 1474//2334
f 1474//2335 1388//2335 1387//2335
f 1474//2336 1387//2336 1472//2336
f 1472//2337 1387//2337 1386//2337
f 1472//2338 1386//2338 1392//2338
f 1378//2339 1385//2339 1475//2339
f 1475//2340 1385//2340 1384//2340
f 1475//2341 1384//2341 1473//2341
f 1473//2342 1384//2342 1383//2342
f 1473//2343 1383//2343 1379//2343
f 1461//2344 1371//2344 1475//2344
f 1475//2345 1371//2345 1376//2345
f 1475//2346 1376//2346 1378//2346
f 1370//2347 1476//2347 1366//2347
f 1366//2348 1476//2348 1477//2348
f 1366//2349 1477//2349 1367//2349
f 1370//2350 1369//2350 1476//2350
f 1476//2351 1369//2351 1375//2351
f 1476//2352 1375//2352 1461//2352
f 1461//2353 1375//2353 1374//2353
f 1461//2289 1374//2289 1372//2289
f 1364//2354 1363//2354 1478//2354
f 1478//2355 1363//2355 1362//2355
f 1478//2356 1362//2356 1477//2356
f 1477//2357 1362//2357 1368//2357
f 1477//2358 1368//2358 1367//2358
f 1364//2359 1478//2359 1359//2359
f 1359//2360 1478//2360 1479//2360
f 1359//2361 1479//2361 1360//2361
f 1357//2362 1356//2362 1480//2362
f 1480//2363 1356//2363 1355//2363
f 1480//2364 1355//2364 1479//2364
f 1479//2365 1355//2365 1361//2365
f 1479//2366 1361//2366 1360//2366
f 1357//2367 1480//2367 1351//2367
f 1351//2368 1480//2368 1481//2368
f 1351//2369 1481//2369 1352//2369
f 1349//2370 1348//2370 1482//2370
f 1482//2371 1348//2371 1347//2371
f 1482//2372 1347//2372 1481//2372
f 1481//2373 1347//2373 1353//2373
f 1481//2369 1353//2369 1352//2369
f 1349//2374 1482//2374 1343//2374
f 1343//2375 1482//2375 1483//2375
f 1343//2376 1483//2376 1344//2376
f 1341//2377 1339//2377 1484//2377
f 1484//2378 1339//2378 1346//2378
f 1484//2379 1346//2379 1483//2379
f 1483//2380 1346//2380 1345//2380
f 1483//2381 1345//2381 1344//2381
f 1341//2382 1484//2382 1332//2382
f 1332//2383 1484//2383 1485//2383
f 1332//2384 1485//2384 1333//2384
f 1338//2385 1337//2385 1486//2385
f 1486//2386 1337//2386 1335//2386
f 1486//2387 1335//2387 1485//2387
f 1485//2388 1335//2388 1334//2388
f 1485//2389 1334//2389 1333//2389
f 1338//2390 1486//2390 1325//2390
f 1325//2391 1486//2391 1487//2391
f 1325//2392 1487//2392 1326//2392
f 1326//2393 1487//2393 1328//2393
f 1328//2394 1487//2394 1488//2394
f 1328//2395 1488//2395 1330//2395
f 1323//2396 1322//2396 1489//2396
f 1489//2397 1322//2397 1321//2397
f 1489//2398 1321//2398 1488//2398
f 1488//2399 1321//2399 1331//2399
f 1488//2400 1331//2400 1330//2400
f 1316//2401 1315//2401 1460//2401
f 1460//2402 1315//2402 1319//2402
f 1460//2403 1319//2403 1489//2403
f 1489//2404 1319//2404 1324//2404
f 1489//2405 1324//2405 1323//2405
f 1490//2406 1307//2406 1314//2406
f 1490//2407 1314//2407 1460//2407
f 1460//2408 1314//2408 1313//2408
f 1460//2409 1313//2409 1317//2409
f 1306//2410 1311//2410 1491//2410
f 1491//2411 1311//2411 1310//2411
f 1491//2412 1310//2412 1490//2412
f 1490//2413 1310//2413 1308//2413
f 1490//2414 1308//2414 1307//2414
f 1302//2415 1300//2415 1492//2415
f 1492//2416 1300//2416 1299//2416
f 1492//2417 1299//2417 1491//2417
f 1491//2418 1299//2418 1304//2418
f 1491//2419 1304//2419 1306//2419
f 1302//2420 1492//2420 1303//2420
f 1303//2421 1492//2421 1493//2421
f 1303//2422 1493//2422 1298//2422
f 1292//2423 1295//2423 1494//2423
f 1494//2424 1295//2424 1294//2424
f 1494//2425 1294//2425 1493//2425
f 1493//2426 1294//2426 1296//2426
f 1493//2427 1296//2427 1298//2427
f 1155//2428 1292//2428 1157//2428
f 1157//2429 1292//2429 1494//2429
f 1157//2430 1494//2430 1159//2430
f 1159//2431 1494//2431 1161//2431
f 1024//2432 1023//2432 1453//2432
f 1453//2433 1023//2433 1187//2433
f 1453//2434 1187//2434 1189//2434
f 1046//2435 1448//2435 1048//2435
f 985//2436 986//2436 1495//2436
f 1495//2437 986//2437 1056//2437
f 1495//2438 1056//2438 1054//2438
f 1496//2439 983//2439 982//2439
f 1496//2440 982//2440 1495//2440
f 1495//2441 982//2441 981//2441
f 1495//2441 981//2441 985//2441
f 1497//2442 980//2442 1496//2442
f 1496//2443 980//2443 984//2443
f 1496//2444 984//2444 983//2444
f 1498//2445 978//2445 1497//2445
f 1497//2446 978//2446 977//2446
f 977//2447 840//2447 1497//2447
f 1497//2448 840//2448 839//2448
f 1497//2449 839//2449 980//2449
f 974//2450 973//2450 1446//2450
f 1446//2451 973//2451 976//2451
f 1446//2452 976//2452 1498//2452
f 1498//2453 976//2453 979//2453
f 1498//2454 979//2454 978//2454
f 969//2455 968//2455 1499//2455
f 1499//2456 968//2456 1446//2456
f 1446//2457 968//2457 972//2457
f 1446//2458 972//2458 975//2458
f 1500//2459 971//2459 1499//2459
f 1499//2460 971//2460 970//2460
f 1499//2461 970//2461 969//2461
f 965//2462 964//2462 1501//2462
f 1501//2463 964//2463 963//2463
f 1501//2464 963//2464 1500//2464
f 1500//2465 963//2465 967//2465
f 1500//2466 967//2466 971//2466
f 965//2467 1501//2467 966//2467
f 966//2468 1501//2468 1502//2468
f 966//2469 1502//2469 962//2469
f 962//2470 1502//2470 958//2470
f 958//2471 1502//2471 1503//2471
f 958//2472 1503//2472 959//2472
f 956//2473 957//2473 1504//2473
f 1504//2474 957//2474 961//2474
f 1504//2475 961//2475 1503//2475
f 1503//2476 961//2476 960//2476
f 1503//2477 960//2477 959//2477
f 956//2478 1504//2478 952//2478
f 952//2479 1504//2479 1505//2479
f 952//2480 1505//2480 953//2480
f 947//2481 951//2481 1506//2481
f 1506//2482 951//2482 955//2482
f 1506//2483 955//2483 1505//2483
f 1505//2484 955//2484 954//2484
f 1505//2485 954//2485 953//2485
f 947//2486 1506//2486 948//2486
f 948//2487 1506//2487 1507//2487
f 948//2488 1507//2488 949//2488
f 941//2489 945//2489 1508//2489
f 1508//2490 945//2490 946//2490
f 1508//2491 946//2491 1507//2491
f 1507//2492 946//2492 950//2492
f 1507//2493 950//2493 949//2493
f 941//2494 1508//2494 942//2494
f 942//2495 1508//2495 1509//2495
f 942//2496 1509//2496 943//2496
f 935//2497 939//2497 1510//2497
f 1510//2498 939//2498 940//2498
f 1510//2499 940//2499 1509//2499
f 1509//2500 940//2500 944//2500
f 1509//2501 944//2501 943//2501
f 935//2497 1510//2497 936//2497
f 936//2502 1510//2502 1511//2502
f 936//2503 1511//2503 937//2503
f 929//2504 933//2504 1512//2504
f 1512//2505 933//2505 934//2505
f 1512//2506 934//2506 1511//2506
f 1511//2507 934//2507 938//2507
f 1511//2508 938//2508 937//2508
f 929//2509 1512//2509 930//2509
f 930//2510 1512//2510 1513//2510
f 930//2511 1513//2511 931//2511
f 923//2512 927//2512 1514//2512
f 1514//2513 927//2513 928//2513
f 1514//2514 928//2514 1513//2514
f 1513//2515 928//2515 932//2515
f 1513//2516 932//2516 931//2516
f 922//2517 926//2517 1515//2517
f 1515//2518 926//2518 925//2518
f 1515//2519 925//2519 1514//2519
f 1514//2520 925//2520 924//2520
f 1514//2521 924//2521 923//2521
f 922//2522 1515//2522 918//2522
f 918//2523 1515//2523 1516//2523
f 918//2524 1516//2524 919//2524
f 916//2525 917//2525 1517//2525
f 1517//2526 917//2526 921//2526
f 1517//2527 921//2527 1516//2527
f 1516//2528 921//2528 920//2528
f 1516//2529 920//2529 919//2529
f 916//2525 1517//2525 912//2525
f 912//2530 1517//2530 1518//2530
f 912//2531 1518//2531 913//2531
f 913//2532 1518//2532 914//2532
f 914//2533 1518//2533 1519//2533
f 914//2534 1519//2534 915//2534
f 911//2535 910//2535 1520//2535
f 1520//2536 910//2536 909//2536
f 1520//2537 909//2537 1519//2537
f 1519//2538 909//2538 908//2538
f 1519//2539 908//2539 915//2539
f 903//2540 902//2540 1521//2540
f 1521//2541 902//2541 906//2541
f 1521//2542 906//2542 1520//2542
f 1520//2543 906//2543 907//2543
f 1520//2544 907//2544 911//2544
f 900//2545 899//2545 1522//2545
f 1522//2546 899//2546 905//2546
f 1522//2547 905//2547 1521//2547
f 1521//2548 905//2548 904//2548
f 1521//2549 904//2549 903//2549
f 900//2550 1522//2550 901//2550
f 901//2551 1522//2551 1523//2551
f 901//2552 1523//2552 898//2552
f 895//2553 894//2553 1524//2553
f 1524//2554 894//2554 893//2554
f 1524//2555 893//2555 1523//2555
f 1523//2556 893//2556 897//2556
f 1523//2557 897//2557 898//2557
f 895//2558 1524//2558 896//2558
f 896//2559 1524//2559 1525//2559
f 896//2560 1525//2560 892//2560
f 886//2561 890//2561 1526//2561
f 1526//2562 890//2562 889//2562
f 1526//2563 889//2563 1527//2563
f 889//2564 888//2564 1527//2564
f 1527//2565 888//2565 887//2565
f 1527//2566 887//2566 1525//2566
f 1525//2567 887//2567 891//2567
f 1525//2567 891//2567 892//2567
f 880//2568 1528//2568 881//2568
f 881//2569 1528//2569 882//2569
f 1529//2570 884//2570 883//2570
f 885//2571 884//2571 1008//2571
f 1008//2572 884//2572 1529//2572
f 1008//2573 1529//2573 1061//2573
f 1061//2574 1529//2574 1062//2574
f 1066//2575 1435//2575 1068//2575
f 1068//2576 1435//2576 1434//2576
f 1068//2577 1434//2577 1070//2577
f 1070//2578 1434//2578 1072//2578
f 997//2579 999//2579 1530//2579
f 1530//2580 999//2580 1077//2580
f 1141//2581 1139//2581 1531//2581
f 1531//2582 1139//2582 1132//2582
f 1168//2583 1166//2583 1532//2583
f 1532//2584 1166//2584 1164//2584
f 1532//2585 1164//2585 1163//2585
f 1180//2586 1533//2586 1182//2586
f 1182//2587 1533//2587 1221//2587
f 1221//2588 1533//2588 1222//2588
f 1222//2589 1533//2589 1534//2589
f 1222//2590 1534//2590 1224//2590
f 1066//2591 1064//2591 1435//2591
f 1435//2592 1064//2592 1062//2592
f 1435//2593 1062//2593 1436//2593
f 1436//2594 1062//2594 1529//2594
f 1436//2595 1529//2595 1528//2595
f 1528//2596 1529//2596 883//2596
f 1528//2597 883//2597 882//2597
f 1074//2598 1072//2598 1445//2598
f 1445//2599 1072//2599 1434//2599
f 1445//2600 1434//2600 1535//2600
f 1535//2601 1434//2601 1436//2601
f 1535//2602 1436//2602 1536//2602
f 1536//2603 1436//2603 1528//2603
f 1536//2604 1528//2604 1526//2604
f 1526//2605 1528//2605 880//2605
f 1526//2606 880//2606 886//2606
f 1438//2607 1437//2607 1537//2607
f 1537//2608 1437//2608 1538//2608
f 1537//2609 1538//2609 1539//2609
f 1539//2610 1538//2610 1540//2610
f 1539//2611 1540//2611 1541//2611
f 1541//2612 1540//2612 1542//2612
f 1541//2613 1542//2613 1543//2613
f 1543//2614 1542//2614 1544//2614
f 1543//2615 1544//2615 1545//2615
f 1545//2616 1544//2616 1546//2616
f 1545//2617 1546//2617 1547//2617
f 1547//2618 1546//2618 1432//2618
f 1547//2619 1432//2619 1548//2619
f 1548//2620 1432//2620 1431//2620
f 1548//2621 1431//2621 1549//2621
f 1433//2622 1432//2622 1550//2622
f 1550//2623 1432//2623 1546//2623
f 1550//2624 1546//2624 1551//2624
f 1551//2625 1546//2625 1544//2625
f 1551//2626 1544//2626 1552//2626
f 1552//2627 1544//2627 1542//2627
f 1552//2628 1542//2628 1553//2628
f 1553//2629 1542//2629 1540//2629
f 1553//2630 1540//2630 1554//2630
f 1554//2631 1540//2631 1538//2631
f 1554//2632 1538//2632 1555//2632
f 1555//2633 1538//2633 1437//2633
f 1555//2634 1437//2634 1556//2634
f 1556//2635 1437//2635 1439//2635
f 1556//2636 1439//2636 1557//2636
f 1430//2637 1429//2637 1558//2637
f 1558//2638 1429//2638 1559//2638
f 1558//2639 1559//2639 1560//2639
f 1560//2640 1559//2640 1561//2640
f 1560//2641 1561//2641 1562//2641
f 1562//2642 1561//2642 1563//2642
f 1562//2643 1563//2643 1564//2643
f 1564//2644 1563//2644 1565//2644
f 1564//2645 1565//2645 1566//2645
f 1566//2646 1565//2646 1567//2646
f 1566//2647 1567//2647 1568//2647
f 1568//2648 1567//2648 1569//2648
f 1568//2649 1569//2649 1570//2649
f 1570//2650 1569//2650 1571//2650
f 1570//2651 1571//2651 1572//2651
f 1572//2652 1571//2652 1573//2652
f 1572//2653 1573//2653 1574//2653
f 1574//2654 1573//2654 1575//2654
f 1574//2655 1575//2655 1576//2655
f 1576//2656 1575//2656 1577//2656
f 1576//2657 1577//2657 1578//2657
f 1578//2658 1577//2658 1579//2658
f 1578//2659 1579//2659 1580//2659
f 1580//2660 1579//2660 1581//2660
f 1580//2661 1581//2661 1582//2661
f 1582//2662 1581//2662 1583//2662
f 1582//2663 1583//2663 1584//2663
f 1584//2664 1583//2664 1585//2664
f 1584//2665 1585//2665 1586//2665
f 1586//2666 1585//2666 1587//2666
f 1586//2667 1587//2667 1588//2667
f 1588//2668 1587//2668 1589//2668
f 1588//2669 1589//2669 1590//2669
f 1590//2670 1589//2670 1591//2670
f 1590//2671 1591//2671 1592//2671
f 1592//2672 1591//2672 1593//2672
f 1592//2673 1593//2673 1594//2673
f 1028//2674 1026//2674 1452//2674
f 1452//2675 1026//2675 1453//2675
f 1452//2676 1453//2676 1595//2676
f 1595//2677 1453//2677 1596//2677
f 1595//2678 1596//2678 1597//2678
f 1597//2679 1596//2679 1598//2679
f 1597//2680 1598//2680 1599//2680
f 1599//2681 1598//2681 1600//2681
f 1599//2682 1600//2682 1601//2682
f 1601//2683 1600//2683 1602//2683
f 1601//2684 1602//2684 1594//2684
f 1594//2685 1602//2685 1603//2685
f 1594//2686 1603//2686 1592//2686
f 1592//2687 1603//2687 1604//2687
f 1592//2688 1604//2688 1590//2688
f 1590//2689 1604//2689 1605//2689
f 1590//2690 1605//2690 1588//2690
f 1588//2691 1605//2691 1606//2691
f 1588//2692 1606//2692 1586//2692
f 1586//2693 1606//2693 1607//2693
f 1586//2694 1607//2694 1584//2694
f 1584//2695 1607//2695 1608//2695
f 1584//2696 1608//2696 1582//2696
f 1582//2697 1608//2697 1609//2697
f 1582//2698 1609//2698 1580//2698
f 1580//2699 1609//2699 1610//2699
f 1580//2700 1610//2700 1578//2700
f 1578//2701 1610//2701 1611//2701
f 1578//2702 1611//2702 1576//2702
f 1576//2703 1611//2703 1612//2703
f 1576//2704 1612//2704 1574//2704
f 1574//2705 1612//2705 1613//2705
f 1574//2706 1613//2706 1572//2706
f 1572//2707 1613//2707 1614//2707
f 1572//2708 1614//2708 1570//2708
f 1570//2709 1614//2709 1615//2709
f 1570//2710 1615//2710 1568//2710
f 1568//2711 1615//2711 1616//2711
f 1568//2712 1616//2712 1566//2712
f 1566//2713 1616//2713 1617//2713
f 1566//2714 1617//2714 1564//2714
f 1564//2715 1617//2715 1618//2715
f 1564//2716 1618//2716 1562//2716
f 1562//2717 1618//2717 1619//2717
f 1562//2718 1619//2718 1560//2718
f 1560//2719 1619//2719 1620//2719
f 1560//2720 1620//2720 1558//2720
f 1558//2721 1620//2721 1549//2721
f 1558//2722 1549//2722 1430//2722
f 1430//2723 1549//2723 1431//2723
f 1430//2724 1431//2724 1428//2724
f 1428//2725 1431//2725 1433//2725
f 1032//2726 1030//2726 1451//2726
f 1451//2727 1030//2727 1452//2727
f 1451//2728 1452//2728 1621//2728
f 1621//2729 1452//2729 1595//2729
f 1621//2730 1595//2730 1622//2730
f 1622//2731 1595//2731 1597//2731
f 1622//2732 1597//2732 1623//2732
f 1623//2733 1597//2733 1599//2733
f 1623//2734 1599//2734 1624//2734
f 1624//2735 1599//2735 1601//2735
f 1624//2736 1601//2736 1625//2736
f 1625//2737 1601//2737 1594//2737
f 1625//2738 1594//2738 1626//2738
f 1626//2739 1594//2739 1593//2739
f 1036//2278 1034//2278 1450//2278
f 1450//2740 1034//2740 1451//2740
f 1450//2741 1451//2741 1627//2741
f 1627//2742 1451//2742 1621//2742
f 1627//2743 1621//2743 1628//2743
f 1628//2744 1621//2744 1622//2744
f 1628//2745 1622//2745 1629//2745
f 1629//2746 1622//2746 1623//2746
f 1629//2747 1623//2747 1630//2747
f 1630//2748 1623//2748 1624//2748
f 1630//2749 1624//2749 1631//2749
f 1631//2750 1624//2750 1625//2750
f 1631//2751 1625//2751 1632//2751
f 1632//2752 1625//2752 1626//2752
f 1632//2753 1626//2753 1633//2753
f 1633//2754 1626//2754 1593//2754
f 1633//2755 1593//2755 1634//2755
f 1634//2756 1593//2756 1591//2756
f 1634//2757 1591//2757 1635//2757
f 1635//2758 1591//2758 1589//2758
f 1635//2759 1589//2759 1636//2759
f 1636//2760 1589//2760 1587//2760
f 1636//2761 1587//2761 1637//2761
f 1637//2762 1587//2762 1585//2762
f 1637//2763 1585//2763 1638//2763
f 1638//2764 1585//2764 1583//2764
f 1638//2765 1583//2765 1639//2765
f 1639//2766 1583//2766 1581//2766
f 1639//2767 1581//2767 1640//2767
f 1640//2768 1581//2768 1579//2768
f 1640//2769 1579//2769 1641//2769
f 1641//2770 1579//2770 1577//2770
f 1641//2771 1577//2771 1642//2771
f 1642//2772 1577//2772 1575//2772
f 1642//2773 1575//2773 1643//2773
f 1643//2774 1575//2774 1573//2774
f 1643//2775 1573//2775 1644//2775
f 1644//2776 1573//2776 1571//2776
f 1644//2777 1571//2777 1645//2777
f 1645//2778 1571//2778 1569//2778
f 1645//2779 1569//2779 1646//2779
f 1646//2780 1569//2780 1567//2780
f 1646//2781 1567//2781 1647//2781
f 1647//2782 1567//2782 1565//2782
f 1647//2783 1565//2783 1648//2783
f 1648//2784 1565//2784 1563//2784
f 1648//2785 1563//2785 1649//2785
f 1649//2786 1563//2786 1561//2786
f 1649//2787 1561//2787 1650//2787
f 1650//2788 1561//2788 1559//2788
f 1650//2789 1559//2789 1651//2789
f 1651//2790 1559//2790 1429//2790
f 1651//2791 1429//2791 1652//2791
f 1652//2792 1429//2792 1428//2792
f 1652//2793 1428//2793 1653//2793
f 1653//2794 1428//2794 1433//2794
f 1653//2795 1433//2795 1654//2795
f 1654//2796 1433//2796 1550//2796
f 1654//2797 1550//2797 1655//2797
f 1655//2798 1550//2798 1551//2798
f 1655//2799 1551//2799 1656//2799
f 1656//2800 1551//2800 1552//2800
f 1656//2801 1552//2801 1657//2801
f 1657//2802 1552//2802 1553//2802
f 1657//2803 1553//2803 1658//2803
f 1658//2804 1553//2804 1554//2804
f 1658//2805 1554//2805 1659//2805
f 1659//2806 1554//2806 1555//2806
f 1659//2807 1555//2807 1660//2807
f 1660//2808 1555//2808 1556//2808
f 1660//2809 1556//2809 1661//2809
f 1661//2636 1556//2636 1557//2636
f 1661//2810 1557//2810 1442//2810
f 1040//2811 1038//2811 1449//2811
f 1449//2812 1038//2812 1450//2812
f 1449//2813 1450//2813 1662//2813
f 1662//2814 1450//2814 1627//2814
f 1662//2815 1627//2815 1663//2815
f 1663//2816 1627//2816 1628//2816
f 1663//2817 1628//2817 1664//2817
f 1664//2818 1628//2818 1629//2818
f 1664//2819 1629//2819 1665//2819
f 1665//2820 1629//2820 1630//2820
f 1665//2821 1630//2821 1666//2821
f 1666//2822 1630//2822 1631//2822
f 1666//2823 1631//2823 1667//2823
f 1667//2824 1631//2824 1632//2824
f 1667//2825 1632//2825 1668//2825
f 1668//2826 1632//2826 1633//2826
f 1668//2827 1633//2827 1669//2827
f 1669//2828 1633//2828 1634//2828
f 1669//2829 1634//2829 1670//2829
f 1670//2830 1634//2830 1635//2830
f 1670//2831 1635//2831 1671//2831
f 1671//2832 1635//2832 1636//2832
f 1671//2833 1636//2833 1672//2833
f 1672//2834 1636//2834 1637//2834
f 1672//2835 1637//2835 1673//2835
f 1673//2836 1637//2836 1638//2836
f 1673//2837 1638//2837 1674//2837
f 1674//2838 1638//2838 1639//2838
f 1674//2839 1639//2839 1675//2839
f 1675//2840 1639//2840 1640//2840
f 1675//2841 1640//2841 1676//2841
f 1676//2842 1640//2842 1641//2842
f 1676//2843 1641//2843 1677//2843
f 1677//2844 1641//2844 1642//2844
f 1677//2845 1642//2845 1678//2845
f 1678//2846 1642//2846 1643//2846
f 1678//2847 1643//2847 1679//2847
f 1679//2848 1643//2848 1644//2848
f 1679//2849 1644//2849 1680//2849
f 1680//2850 1644//2850 1645//2850
f 1680//2851 1645//2851 1681//2851
f 1681//2852 1645//2852 1646//2852
f 1681//2853 1646//2853 1682//2853
f 1682//2854 1646//2854 1647//2854
f 1682//2855 1647//2855 1683//2855
f 1683//2856 1647//2856 1648//2856
f 1683//2857 1648//2857 1684//2857
f 1684//2858 1648//2858 1649//2858
f 1684//2859 1649//2859 1685//2859
f 1685//2860 1649//2860 1650//2860
f 1685//2861 1650//2861 1686//2861
f 1686//2862 1650//2862 1651//2862
f 1686//2863 1651//2863 1687//2863
f 1687//2864 1651//2864 1652//2864
f 1687//2865 1652//2865 1688//2865
f 1688//2866 1652//2866 1653//2866
f 1688//2867 1653//2867 1689//2867
f 1689//2868 1653//2868 1654//2868
f 1689//2869 1654//2869 1690//2869
f 1690//2870 1654//2870 1655//2870
f 1690//2871 1655//2871 1691//2871
f 1691//2872 1655//2872 1656//2872
f 1691//2873 1656//2873 1692//2873
f 1692//2874 1656//2874 1657//2874
f 1692//2875 1657//2875 1693//2875
f 1693//2876 1657//2876 1658//2876
f 1693//2877 1658//2877 1694//2877
f 1694//2878 1658//2878 1659//2878
f 1694//2879 1659//2879 1695//2879
f 1695//2880 1659//2880 1660//2880
f 1695//2881 1660//2881 1696//2881
f 1696//2882 1660//2882 1661//2882
f 1696//2883 1661//2883 1443//2883
f 1443//2884 1661//2884 1442//2884
f 1443//2885 1442//2885 991//2885
f 991//2886 1442//2886 987//2886
f 1044//2887 1042//2887 1448//2887
f 1448//2888 1042//2888 1449//2888
f 1448//2889 1449//2889 1697//2889
f 1697//2890 1449//2890 1662//2890
f 1697//2891 1662//2891 1698//2891
f 1698//2892 1662//2892 1663//2892
f 1698//2893 1663//2893 1699//2893
f 1699//2894 1663//2894 1664//2894
f 1699//2895 1664//2895 1700//2895
f 1700//2896 1664//2896 1665//2896
f 1700//2897 1665//2897 1701//2897
f 1701//2898 1665//2898 1666//2898
f 1701//2899 1666//2899 1702//2899
f 1702//2900 1666//2900 1667//2900
f 1702//2901 1667//2901 1703//2901
f 1703//2902 1667//2902 1668//2902
f 1703//2903 1668//2903 1704//2903
f 1704//2904 1668//2904 1669//2904
f 1704//2905 1669//2905 1705//2905
f 1705//2906 1669//2906 1670//2906
f 1705//2907 1670//2907 1706//2907
f 1706//2908 1670//2908 1671//2908
f 1706//2909 1671//2909 1707//2909
f 1707//2910 1671//2910 1672//2910
f 1707//2911 1672//2911 1708//2911
f 1708//2912 1672//2912 1673//2912
f 1708//2913 1673//2913 1709//2913
f 1709//2914 1673//2914 1674//2914
f 1709//2915 1674//2915 1710//2915
f 1710//2916 1674//2916 1675//2916
f 1710//2917 1675//2917 1711//2917
f 1711//2918 1675//2918 1676//2918
f 1711//2919 1676//2919 1712//2919
f 1712//2920 1676//2920 1677//2920
f 1712//2921 1677//2921 1713//2921
f 1713//2922 1677//2922 1678//2922
f 1713//2923 1678//2923 1714//2923
f 1714//2924 1678//2924 1679//2924
f 1714//2925 1679//2925 1715//2925
f 1715//2926 1679//2926 1680//2926
f 1715//2927 1680//2927 1716//2927
f 1716//2928 1680//2928 1681//2928
f 1716//2929 1681//2929 1717//2929
f 1717//2930 1681//2930 1682//2930
f 1717//2931 1682//2931 1718//2931
f 1718//2932 1682//2932 1683//2932
f 1718//2933 1683//2933 1719//2933
f 1719//2934 1683//2934 1684//2934
f 1719//2935 1684//2935 1720//2935
f 1720//2936 1684//2936 1685//2936
f 1720//2937 1685//2937 1721//2937
f 1721//2938 1685//2938 1686//2938
f 1721//2939 1686//2939 1722//2939
f 1722//2940 1686//2940 1687//2940
f 1722//2941 1687//2941 1723//2941
f 1723//2942 1687//2942 1688//2942
f 1723//2943 1688//2943 1724//2943
f 1724//2944 1688//2944 1689//2944
f 1724//2945 1689//2945 1725//2945
f 1725//2946 1689//2946 1690//2946
f 1725//2947 1690//2947 1726//2947
f 1726//2948 1690//2948 1691//2948
f 1726//2949 1691//2949 1727//2949
f 1727//2950 1691//2950 1692//2950
f 1727//2951 1692//2951 1728//2951
f 1728//2952 1692//2952 1693//2952
f 1728//2953 1693//2953 1729//2953
f 1729//2954 1693//2954 1694//2954
f 1729//2955 1694//2955 1730//2955
f 1730//2956 1694//2956 1695//2956
f 1730//2957 1695//2957 1731//2957
f 1731//2958 1695//2958 1696//2958
f 1731//2959 1696//2959 1444//2959
f 1444//2960 1696//2960 1443//2960
f 1444//2961 1443//2961 995//2961
f 995//2962 1443//2962 993//2962
f 1050//2963 1048//2963 1447//2963
f 1447//2964 1048//2964 1448//2964
f 1447//2965 1448//2965 1732//2965
f 1732//2966 1448//2966 1697//2966
f 1732//2967 1697//2967 1733//2967
f 1733//2968 1697//2968 1698//2968
f 1733//2969 1698//2969 1734//2969
f 1734//2970 1698//2970 1699//2970
f 1734//2971 1699//2971 1735//2971
f 1735//2972 1699//2972 1700//2972
f 1735//2973 1700//2973 1736//2973
f 1736//2974 1700//2974 1701//2974
f 1736//2975 1701//2975 1737//2975
f 1737//2976 1701//2976 1702//2976
f 1737//2977 1702//2977 1738//2977
f 1738//2978 1702//2978 1703//2978
f 1738//2979 1703//2979 1739//2979
f 1739//2980 1703//2980 1704//2980
f 1739//2981 1704//2981 1740//2981
f 1740//2982 1704//2982 1705//2982
f 1740//2983 1705//2983 1741//2983
f 1741//2984 1705//2984 1706//2984
f 1741//2985 1706//2985 1742//2985
f 1742//2986 1706//2986 1707//2986
f 1742//2987 1707//2987 1743//2987
f 1743//2988 1707//2988 1708//2988
f 1743//2989 1708//2989 1744//2989
f 1744//2990 1708//2990 1709//2990
f 1744//2991 1709//2991 1745//2991
f 1745//2992 1709//2992 1710//2992
f 1745//2993 1710//2993 1746//2993
f 1746//2994 1710//2994 1711//2994
f 1746//2995 1711//2995 1747//2995
f 1747//2996 1711//2996 1712//2996
f 1747//2997 1712//2997 1748//2997
f 1748//2998 1712//2998 1713//2998
f 1748//2999 1713//2999 1749//2999
f 1749//3000 1713//3000 1714//3000
f 1749//3001 1714//3001 1750//3001
f 1750//3002 1714//3002 1715//3002
f 1750//3003 1715//3003 1751//3003
f 1751//3004 1715//3004 1716//3004
f 1751//3005 1716//3005 1752//3005
f 1752//3006 1716//3006 1717//3006
f 1752//3007 1717//3007 1753//3007
f 1753//3008 1717//3008 1718//3008
f 1753//3009 1718//3009 1754//3009
f 1754//3010 1718//3010 1719//3010
f 1754//3011 1719//3011 1755//3011
f 1755//3012 1719//3012 1720//3012
f 1755//3013 1720//3013 1756//3013
f 1756//3014 1720//3014 1721//3014
f 1756//3015 1721//3015 1757//3015
f 1757//3016 1721//3016 1722//3016
f 1757//3017 1722//3017 1758//3017
f 1758//3018 1722//3018 1723//3018
f 1758//3019 1723//3019 1759//3019
f 1759//3020 1723//3020 1724//3020
f 1759//3021 1724//3021 1760//3021
f 1760//3022 1724//3022 1725//3022
f 1760//3023 1725//3023 1761//3023
f 1761//3024 1725//3024 1726//3024
f 1761//3025 1726//3025 1762//3025
f 1762//3026 1726//3026 1727//3026
f 1762//3027 1727//3027 1763//3027
f 1763//3028 1727//3028 1728//3028
f 1763//3029 1728//3029 1764//3029
f 1764//3030 1728//3030 1729//3030
f 1764//3031 1729//3031 1765//3031
f 1765//3032 1729//3032 1730//3032
f 1765//3033 1730//3033 1766//3033
f 1766//3034 1730//3034 1731//3034
f 1766//3035 1731//3035 1530//3035
f 1530//3036 1731//3036 1444//3036
f 1530//3037 1444//3037 997//3037
f 997//3038 1444//3038 996//3038
f 1054//3039 1052//3039 1495//3039
f 1495//3040 1052//3040 1447//3040
f 1495//3041 1447//3041 1496//3041
f 1496//3042 1447//3042 1732//3042
f 1496//3043 1732//3043 1497//3043
f 1497//3044 1732//3044 1733//3044
f 1497//3045 1733//3045 1498//3045
f 1498//3046 1733//3046 1734//3046
f 1498//3047 1734//3047 1446//3047
f 1446//3048 1734//3048 1735//3048
f 1446//3049 1735//3049 1499//3049
f 1499//3050 1735//3050 1736//3050
f 1499//3051 1736//3051 1500//3051
f 1500//3052 1736//3052 1737//3052
f 1500//3053 1737//3053 1501//3053
f 1501//3054 1737//3054 1738//3054
f 1501//3055 1738//3055 1502//3055
f 1502//3056 1738//3056 1739//3056
f 1502//3057 1739//3057 1503//3057
f 1503//3058 1739//3058 1740//3058
f 1503//3059 1740//3059 1504//3059
f 1504//3060 1740//3060 1741//3060
f 1504//3061 1741//3061 1505//3061
f 1505//3062 1741//3062 1742//3062
f 1505//3063 1742//3063 1506//3063
f 1506//3064 1742//3064 1743//3064
f 1506//3065 1743//3065 1507//3065
f 1507//3066 1743//3066 1744//3066
f 1507//3067 1744//3067 1508//3067
f 1508//3068 1744//3068 1745//3068
f 1508//3069 1745//3069 1509//3069
f 1509//3070 1745//3070 1746//3070
f 1509//3071 1746//3071 1510//3071
f 1510//3072 1746//3072 1747//3072
f 1510//3073 1747//3073 1511//3073
f 1511//3074 1747//3074 1748//3074
f 1511//3075 1748//3075 1512//3075
f 1512//3076 1748//3076 1749//3076
f 1512//3077 1749//3077 1513//3077
f 1513//3078 1749//3078 1750//3078
f 1513//3079 1750//3079 1514//3079
f 1514//3080 1750//3080 1751//3080
f 1514//3081 1751//3081 1515//3081
f 1515//3082 1751//3082 1752//3082
f 1515//3083 1752//3083 1516//3083
f 1516//3084 1752//3084 1753//3084
f 1516//3085 1753//3085 1517//3085
f 1517//3086 1753//3086 1754//3086
f 1517//3087 1754//3087 1518//3087
f 1518//3088 1754//3088 1755//3088
f 1518//3089 1755//3089 1519//3089
f 1519//3090 1755//3090 1756//3090
f 1519//3091 1756//3091 1520//3091
f 1520//3092 1756//3092 1757//3092
f 1520//3093 1757//3093 1521//3093
f 1521//3094 1757//3094 1758//3094
f 1521//3095 1758//3095 1522//3095
f 1522//3096 1758//3096 1759//3096
f 1522//3097 1759//3097 1523//3097
f 1523//3098 1759//3098 1760//3098
f 1523//3099 1760//3099 1524//3099
f 1524//3100 1760//3100 1761//3100
f 1524//3101 1761//3101 1525//3101
f 1525//3102 1761//3102 1762//3102
f 1525//3103 1762//3103 1527//3103
f 1527//3104 1762//3104 1763//3104
f 1527//3105 1763//3105 1526//3105
f 1526//3106 1763//3106 1764//3106
f 1526//3107 1764//3107 1536//3107
f 1536//3108 1764//3108 1765//3108
f 1536//3109 1765//3109 1535//3109
f 1535//3110 1765//3110 1766//3110
f 1535//3111 1766//3111 1445//3111
f 1445//3112 1766//3112 1530//3112
f 1445//3113 1530//3113 1076//3113
f 1076//3114 1530//3114 1077//3114
f 1220//3115 1161//3115 1459//3115
f 1459//3116 1161//3116 1494//3116
f 1459//3117 1494//3117 1767//3117
f 1767//3118 1494//3118 1493//3118
f 1767//3119 1493//3119 1768//3119
f 1768//3120 1493//3120 1492//3120
f 1768//3121 1492//3121 1769//3121
f 1769//3122 1492//3122 1491//3122
f 1769//3123 1491//3123 1770//3123
f 1770//3124 1491//3124 1490//3124
f 1770//3125 1490//3125 1771//3125
f 1771//3126 1490//3126 1460//3126
f 1771//3127 1772//3127 1770//3127
f 1770//3128 1772//3128 1773//3128
f 1770//3129 1773//3129 1769//3129
f 1769//3130 1773//3130 1774//3130
f 1769//3131 1774//3131 1768//3131
f 1768//3132 1774//3132 1775//3132
f 1768//3133 1775//3133 1767//3133
f 1767//3134 1775//3134 1776//3134
f 1767//3135 1776//3135 1459//3135
f 1459//3136 1776//3136 1458//3136
f 1459//3137 1458//3137 1219//3137
f 1219//3138 1458//3138 1217//3138
f 1777//3139 1778//3139 1779//3139
f 1779//3140 1778//3140 1780//3140
f 1779//3141 1780//3141 1781//3141
f 1781//3142 1780//3142 1782//3142
f 1781//3143 1782//3143 1783//3143
f 1783//3144 1782//3144 1784//3144
f 1783//3145 1784//3145 1785//3145
f 1785//3146 1784//3146 1786//3146
f 1785//3147 1786//3147 1787//3147
f 1787//3148 1786//3148 1788//3148
f 1787//3149 1788//3149 1789//3149
f 1789//3150 1788//3150 1790//3150
f 1789//3151 1790//3151 1791//3151
f 1791//3152 1790//3152 1792//3152
f 1791//3153 1792//3153 1793//3153
f 1793//3154 1792//3154 1794//3154
f 1793//3155 1794//3155 1795//3155
f 1795//3156 1794//3156 1796//3156
f 1795//3157 1796//3157 1797//3157
f 1797//3158 1796//3158 1798//3158
f 1797//3159 1798//3159 1799//3159
f 1799//3160 1798//3160 1800//3160
f 1799//3161 1800//3161 1801//3161
f 1801//3162 1800//3162 1802//3162
f 1801//3163 1802//3163 1803//3163
f 1803//3164 1802//3164 1804//3164
f 1803//3165 1804//3165 1805//3165
f 1805//3166 1804//3166 1806//3166
f 1805//3167 1806//3167 1807//3167
f 1807//3168 1806//3168 1808//3168
f 1807//3169 1808//3169 1809//3169
f 1809//3170 1808//3170 1810//3170
f 1809//3171 1810//3171 1811//3171
f 1811//3172 1810//3172 1812//3172
f 1811//3173 1812//3173 1813//3173
f 1193//3174 1195//3174 1454//3174
f 1454//3175 1195//3175 1455//3175
f 1454//3176 1455//3176 1814//3176
f 1814//3177 1455//3177 1815//3177
f 1814//3178 1815//3178 1816//3178
f 1816//3179 1815//3179 1817//3179
f 1816//3180 1817//3180 1818//3180
f 1818//3181 1817//3181 1819//3181
f 1818//3182 1819//3182 1820//3182
f 1820//3183 1819//3183 1821//3183
f 1820//3184 1821//3184 1777//3184
f 1777//3185 1821//3185 1822//3185
f 1777//3186 1822//3186 1778//3186
f 1823//3187 1824//3187 1825//3187
f 1825//3188 1824//3188 1826//3188
f 1825//3189 1826//3189 1827//3189
f 1827//3190 1826//3190 1828//3190
f 1827//3191 1828//3191 1829//3191
f 1829//3192 1828//3192 1830//3192
f 1829//3193 1830//3193 1831//3193
f 1831//3194 1830//3194 1832//3194
f 1831//3195 1832//3195 1833//3195
f 1833//3196 1832//3196 1834//3196
f 1833//3197 1834//3197 1835//3197
f 1835//3198 1834//3198 1836//3198
f 1835//3199 1836//3199 1837//3199
f 1837//3200 1836//3200 1838//3200
f 1837//3201 1838//3201 1839//3201
f 1839//3202 1838//3202 1840//3202
f 1839//3203 1840//3203 1841//3203
f 1841//3204 1840//3204 1842//3204
f 1841//3205 1842//3205 1843//3205
f 1843//3206 1842//3206 1844//3206
f 1843//3207 1844//3207 1845//3207
f 1845//3208 1844//3208 1846//3208
f 1845//3209 1846//3209 1847//3209
f 1847//3210 1846//3210 1848//3210
f 1847//3211 1848//3211 1849//3211
f 1849//3212 1848//3212 1850//3212
f 1849//3213 1850//3213 1851//3213
f 1851//3214 1850//3214 1852//3214
f 1851//3215 1852//3215 1853//3215
f 1853//3216 1852//3216 1854//3216
f 1853//3217 1854//3217 1855//3217
f 1855//3218 1854//3218 1856//3218
f 1855//3219 1856//3219 1857//3219
f 1857//3220 1856//3220 1858//3220
f 1857//3221 1858//3221 1859//3221
f 1859//3222 1858//3222 1860//3222
f 1859//3223 1860//3223 1861//3223
f 1861//3224 1860//3224 1862//3224
f 1861//3225 1862//3225 1863//3225
f 1863//3226 1862//3226 1864//3226
f 1863//3227 1864//3227 1865//3227
f 1865//3228 1864//3228 1866//3228
f 1865//3229 1866//3229 1867//3229
f 1867//3230 1866//3230 1868//3230
f 1867//3231 1868//3231 1869//3231
f 1869//3232 1868//3232 1870//3232
f 1869//3233 1870//3233 1871//3233
f 1871//3234 1870//3234 1872//3234
f 1871//3235 1872//3235 1873//3235
f 1873//3236 1872//3236 1874//3236
f 1873//3237 1874//3237 1875//3237
f 1875//3238 1874//3238 1876//3238
f 1875//3239 1876//3239 1877//3239
f 1877//3240 1876//3240 1878//3240
f 1877//3241 1878//3241 1879//3241
f 1879//3242 1878//3242 1880//3242
f 1879//3243 1880//3243 1881//3243
f 1881//3244 1880//3244 1534//3244
f 1881//3245 1534//3245 1440//3245
f 1440//3246 1534//3246 1533//3246
f 1440//3247 1533//3247 1178//3247
f 1178//3248 1533//3248 1180//3248
f 1226//3249 1224//3249 1464//3249
f 1464//3250 1224//3250 1534//3250
f 1464//3251 1534//3251 1465//3251
f 1465//3252 1534//3252 1880//3252
f 1465//3253 1880//3253 1466//3253
f 1466//3254 1880//3254 1878//3254
f 1466//3255 1878//3255 1467//3255
f 1467//3256 1878//3256 1876//3256
f 1467//3257 1876//3257 1463//3257
f 1463//3258 1876//3258 1874//3258
f 1463//3259 1874//3259 1468//3259
f 1468//3260 1874//3260 1872//3260
f 1468//3261 1872//3261 1469//3261
f 1469//3262 1872//3262 1870//3262
f 1469//3263 1870//3263 1470//3263
f 1470//3264 1870//3264 1868//3264
f 1470//3265 1868//3265 1471//3265
f 1471//3266 1868//3266 1866//3266
f 1471//3267 1866//3267 1462//3267
f 1462//3268 1866//3268 1864//3268
f 1462//3269 1864//3269 1472//3269
f 1472//3270 1864//3270 1862//3270
f 1472//3271 1862//3271 1474//3271
f 1474//3272 1862//3272 1860//3272
f 1474//3273 1860//3273 1473//3273
f 1473//3274 1860//3274 1858//3274
f 1473//3275 1858//3275 1475//3275
f 1475//3276 1858//3276 1856//3276
f 1475//3277 1856//3277 1461//3277
f 1461//3278 1856//3278 1854//3278
f 1461//3279 1854//3279 1476//3279
f 1476//3280 1854//3280 1852//3280
f 1476//3281 1852//3281 1477//3281
f 1477//3282 1852//3282 1850//3282
f 1477//3283 1850//3283 1478//3283
f 1478//3284 1850//3284 1848//3284
f 1478//3285 1848//3285 1479//3285
f 1479//3286 1848//3286 1846//3286
f 1479//3287 1846//3287 1480//3287
f 1480//3288 1846//3288 1844//3288
f 1480//3289 1844//3289 1481//3289
f 1481//3290 1844//3290 1842//3290
f 1481//3291 1842//3291 1482//3291
f 1482//3292 1842//3292 1840//3292
f 1482//3293 1840//3293 1483//3293
f 1483//3294 1840//3294 1838//3294
f 1483//3295 1838//3295 1484//3295
f 1484//3296 1838//3296 1836//3296
f 1484//3297 1836//3297 1485//3297
f 1485//3298 1836//3298 1834//3298
f 1485//3299 1834//3299 1486//3299
f 1486//3300 1834//3300 1832//3300
f 1486//3301 1832//3301 1487//3301
f 1487//3302 1832//3302 1830//3302
f 1487//3303 1830//3303 1488//3303
f 1488//3304 1830//3304 1828//3304
f 1488//3305 1828//3305 1489//3305
f 1489//3306 1828//3306 1826//3306
f 1489//3307 1826//3307 1460//3307
f 1460//3308 1826//3308 1824//3308
f 1460//3309 1824//3309 1771//3309
f 1771//3310 1824//3310 1823//3310
f 1771//3311 1823//3311 1772//3311
f 1209//3312 1211//3312 1456//3312
f 1456//3313 1211//3313 1457//3313
f 1456//3314 1457//3314 1882//3314
f 1882//3315 1457//3315 1883//3315
f 1882//3316 1883//3316 1884//3316
f 1884//3317 1883//3317 1885//3317
f 1884//3318 1885//3318 1886//3318
f 1886//3319 1885//3319 1887//3319
f 1886//3320 1887//3320 1888//3320
f 1888//3321 1887//3321 1889//3321
f 1888//3322 1889//3322 1890//3322
f 1890//3323 1889//3323 1891//3323
f 1890//3324 1891//3324 1892//3324
f 1892//3325 1891//3325 1893//3325
f 1892//3326 1893//3326 1894//3326
f 1894//3327 1893//3327 1895//3327
f 1894//3328 1895//3328 1896//3328
f 1896//3329 1895//3329 1897//3329
f 1896//3330 1897//3330 1898//3330
f 1898//3331 1897//3331 1899//3331
f 1898//3332 1899//3332 1900//3332
f 1900//3333 1899//3333 1901//3333
f 1900//3334 1901//3334 1902//3334
f 1902//3335 1901//3335 1903//3335
f 1902//3336 1903//3336 1904//3336
f 1904//3337 1903//3337 1905//3337
f 1904//3338 1905//3338 1906//3338
f 1906//3339 1905//3339 1907//3339
f 1906//3340 1907//3340 1908//3340
f 1908//3341 1907//3341 1909//3341
f 1908//3342 1909//3342 1910//3342
f 1910//3343 1909//3343 1911//3343
f 1910//3344 1911//3344 1912//3344
f 1912//3345 1911//3345 1913//3345
f 1912//3346 1913//3346 1914//3346
f 1914//3347 1913//3347 1915//3347
f 1914//3348 1915//3348 1916//3348
f 1916//3349 1915//3349 1917//3349
f 1916//3350 1917//3350 1918//3350
f 1918//3351 1917//3351 1919//3351
f 1918//3352 1919//3352 1920//3352
f 1920//3353 1919//3353 1921//3353
f 1920//3354 1921//3354 1922//3354
f 1922//3355 1921//3355 1923//3355
f 1922//3356 1923//3356 1924//3356
f 1924//3357 1923//3357 1925//3357
f 1924//3358 1925//3358 1926//3358
f 1926//3359 1925//3359 1927//3359
f 1926//3360 1927//3360 1928//3360
f 1928//3361 1927//3361 1929//3361
f 1928//3362 1929//3362 1930//3362
f 1930//3363 1929//3363 1931//3363
f 1930//3364 1931//3364 1932//3364
f 1932//3365 1931//3365 1933//3365
f 1932//3366 1933//3366 1934//3366
f 1934//3367 1933//3367 1935//3367
f 1934//3368 1935//3368 1936//3368
f 1936//3369 1935//3369 1937//3369
f 1936//3370 1937//3370 1938//3370
f 1938//3371 1937//3371 1939//3371
f 1938//3372 1939//3372 1940//3372
f 1940//3373 1939//3373 1941//3373
f 1940//3374 1941//3374 1942//3374
f 1942//3375 1941//3375 1943//3375
f 1942//3376 1943//3376 1944//3376
f 1944//3377 1943//3377 1945//3377
f 1944//3378 1945//3378 1946//3378
f 1946//3379 1945//3379 1947//3379
f 1946//3380 1947//3380 1948//3380
f 1948//3381 1947//3381 1949//3381
f 1948//3382 1949//3382 1950//3382
f 1950//3383 1949//3383 1951//3383
f 1950//3384 1951//3384 1952//3384
f 1952//3385 1951//3385 1441//3385
f 1952//3386 1441//3386 1170//3386
f 1170//3387 1441//3387 1172//3387
f 1812//3388 1953//3388 1813//3388
f 1813//3389 1953//3389 1954//3389
f 1813//3390 1954//3390 1955//3390
f 1955//3391 1954//3391 1956//3391
f 1955//3392 1956//3392 1957//3392
f 1957//3393 1956//3393 1958//3393
f 1957//3394 1958//3394 1959//3394
f 1959//3395 1958//3395 1960//3395
f 1959//3396 1960//3396 1961//3396
f 1961//3397 1960//3397 1962//3397
f 1961//3398 1962//3398 1963//3398
f 1963//3399 1962//3399 1964//3399
f 1963//3400 1964//3400 1965//3400
f 1965//3401 1964//3401 1966//3401
f 1965//3402 1966//3402 1967//3402
f 1967//3403 1966//3403 1968//3403
f 1967//3404 1968//3404 1969//3404
f 1969//3405 1968//3405 1970//3405
f 1969//3406 1970//3406 1971//3406
f 1971//3407 1970//3407 1972//3407
f 1971//3408 1972//3408 1973//3408
f 1973//3409 1972//3409 1974//3409
f 1973//3410 1974//3410 1531//3410
f 1531//3411 1974//3411 1532//3411
f 1531//3412 1532//3412 1141//3412
f 1141//2585 1532//2585 1163//2585
f 1197//3413 1199//3413 1455//3413
f 1455//3414 1199//3414 1456//3414
f 1455//3415 1456//3415 1815//3415
f 1815//3416 1456//3416 1882//3416
f 1815//3417 1882//3417 1817//3417
f 1817//3418 1882//3418 1884//3418
f 1817//3419 1884//3419 1819//3419
f 1819//3420 1884//3420 1886//3420
f 1819//3421 1886//3421 1821//3421
f 1821//3422 1886//3422 1888//3422
f 1821//3423 1888//3423 1822//3423
f 1822//3424 1888//3424 1890//3424
f 1822//3425 1890//3425 1778//3425
f 1778//3426 1890//3426 1892//3426
f 1778//3427 1892//3427 1780//3427
f 1780//3428 1892//3428 1894//3428
f 1780//3429 1894//3429 1782//3429
f 1782//3430 1894//3430 1896//3430
f 1782//3431 1896//3431 1784//3431
f 1784//3432 1896//3432 1898//3432
f 1784//3433 1898//3433 1786//3433
f 1786//3434 1898//3434 1900//3434
f 1786//3435 1900//3435 1788//3435
f 1788//3436 1900//3436 1902//3436
f 1788//3437 1902//3437 1790//3437
f 1790//3438 1902//3438 1904//3438
f 1790//3439 1904//3439 1792//3439
f 1792//3440 1904//3440 1906//3440
f 1792//3441 1906//3441 1794//3441
f 1794//3442 1906//3442 1908//3442
f 1794//3443 1908//3443 1796//3443
f 1796//3444 1908//3444 1910//3444
f 1796//3445 1910//3445 1798//3445
f 1798//3446 1910//3446 1912//3446
f 1798//3447 1912//3447 1800//3447
f 1800//3448 1912//3448 1914//3448
f 1800//3449 1914//3449 1802//3449
f 1802//3450 1914//3450 1916//3450
f 1802//3451 1916//3451 1804//3451
f 1804//3452 1916//3452 1918//3452
f 1804//3453 1918//3453 1806//3453
f 1806//3454 1918//3454 1920//3454
f 1806//3455 1920//3455 1808//3455
f 1808//3456 1920//3456 1922//3456
f 1808//3457 1922//3457 1810//3457
f 1810//3458 1922//3458 1924//3458
f 1810//3459 1924//3459 1812//3459
f 1812//3460 1924//3460 1926//3460
f 1812//3461 1926//3461 1953//3461
f 1953//3462 1926//3462 1928//3462
f 1953//3463 1928//3463 1954//3463
f 1954//3464 1928//3464 1930//3464
f 1954//3465 1930//3465 1956//3465
f 1956//3466 1930//3466 1932//3466
f 1956//3467 1932//3467 1958//3467
f 1958//3468 1932//3468 1934//3468
f 1958//3469 1934//3469 1960//3469
f 1960//3470 1934//3470 1936//3470
f 1960//3471 1936//3471 1962//3471
f 1962//3472 1936//3472 1938//3472
f 1962//3473 1938//3473 1964//3473
f 1964//3474 1938//3474 1940//3474
f 1964//3475 1940//3475 1966//3475
f 1966//3476 1940//3476 1942//3476
f 1966//3477 1942//3477 1968//3477
f 1968//3478 1942//3478 1944//3478
f 1968//3479 1944//3479 1970//3479
f 1970//3480 1944//3480 1946//3480
f 1970//3481 1946//3481 1972//3481
f 1972//3482 1946//3482 1948//3482
f 1972//3483 1948//3483 1974//3483
f 1974//3484 1948//3484 1950//3484
f 1974//3485 1950//3485 1532//3485
f 1532//3486 1950//3486 1952//3486
f 1532//3487 1952//3487 1168//3487
f 1168//3488 1952//3488 1170//3488
f 1213//3489 1215//3489 1457//3489
f 1457//3490 1215//3490 1458//3490
f 1457//3491 1458//3491 1883//3491
f 1883//3492 1458//3492 1776//3492
f 1883//3493 1776//3493 1885//3493
f 1885//3494 1776//3494 1775//3494
f 1885//3495 1775//3495 1887//3495
f 1887//3496 1775//3496 1774//3496
f 1887//3497 1774//3497 1889//3497
f 1889//3498 1774//3498 1773//3498
f 1889//3499 1773//3499 1891//3499
f 1891//3500 1773//3500 1772//3500
f 1891//3501 1772//3501 1893//3501
f 1893//3502 1772//3502 1823//3502
f 1893//3503 1823//3503 1895//3503
f 1895//3504 1823//3504 1825//3504
f 1895//3505 1825//3505 1897//3505
f 1897//3506 1825//3506 1827//3506
f 1897//3507 1827//3507 1899//3507
f 1899//3508 1827//3508 1829//3508
f 1899//3509 1829//3509 1901//3509
f 1901//3510 1829//3510 1831//3510
f 1901//3511 1831//3511 1903//3511
f 1903//3512 1831//3512 1833//3512
f 1903//3513 1833//3513 1905//3513
f 1905//3514 1833//3514 1835//3514
f 1905//3515 1835//3515 1907//3515
f 1907//3516 1835//3516 1837//3516
f 1907//3517 1837//3517 1909//3517
f 1909//3518 1837//3518 1839//3518
f 1909//3519 1839//3519 1911//3519
f 1911//3520 1839//3520 1841//3520
f 1911//3521 1841//3521 1913//3521
f 1913//3522 1841//3522 1843//3522
f 1913//3523 1843//3523 1915//3523
f 1915//3524 1843//3524 1845//3524
f 1915//3525 1845//3525 1917//3525
f 1917//3526 1845//3526 1847//3526
f 1917//3527 1847//3527 1919//3527
f 1919//3528 1847//3528 1849//3528
f 1919//3529 1849//3529 1921//3529
f 1921//3530 1849//3530 1851//3530
f 1921//3531 1851//3531 1923//3531
f 1923//3532 1851//3532 1853//3532
f 1923//3533 1853//3533 1925//3533
f 1925//3534 1853//3534 1855//3534
f 1925//3535 1855//3535 1927//3535
f 1927//3536 1855//3536 1857//3536
f 1927//3537 1857//3537 1929//3537
f 1929//3538 1857//3538 1859//3538
f 1929//3539 1859//3539 1931//3539
f 1931//3540 1859//3540 1861//3540
f 1931//3541 1861//3541 1933//3541
f 1933//3542 1861//3542 1863//3542
f 1933//3543 1863//3543 1935//3543
f 1935//3544 1863//3544 1865//3544
f 1935//3545 1865//3545 1937//3545
f 1937//3546 1865//3546 1867//3546
f 1937//3547 1867//3547 1939//3547
f 1939//3548 1867//3548 1869//3548
f 1939//3549 1869//3549 1941//3549
f 1941//3550 1869//3550 1871//3550
f 1941//3551 1871//3551 1943//3551
f 1943//3552 1871//3552 1873//3552
f 1943//3553 1873//3553 1945//3553
f 1945//3554 1873//3554 1875//3554
f 1945//3555 1875//3555 1947//3555
f 1947//3556 1875//3556 1877//3556
f 1947//3557 1877//3557 1949//3557
f 1949//3558 1877//3558 1879//3558
f 1949//3559 1879//3559 1951//3559
f 1951//3560 1879//3560 1881//3560
f 1951//3561 1881//3561 1441//3561
f 1441//3562 1881//3562 1440//3562
f 1441//3563 1440//3563 1174//3563
f 1174//3564 1440//3564 1176//3564
f 1189//3565 1191//3565 1453//3565
f 1453//3566 1191//3566 1454//3566
f 1453//3567 1454//3567 1596//3567
f 1596//3568 1454//3568 1814//3568
f 1596//3569 1814//3569 1598//3569
f 1598//3570 1814//3570 1816//3570
f 1598//3571 1816//3571 1600//3571
f 1600//3572 1816//3572 1818//3572
f 1600//3573 1818//3573 1602//3573
f 1602//3574 1818//3574 1820//3574
f 1602//3575 1820//3575 1603//3575
f 1603//3576 1820//3576 1777//3576
f 1603//3577 1777//3577 1604//3577
f 1604//3578 1777//3578 1779//3578
f 1604//3579 1779//3579 1605//3579
f 1605//3580 1779//3580 1781//3580
f 1605//3581 1781//3581 1606//3581
f 1606//3582 1781//3582 1783//3582
f 1606//3583 1783//3583 1607//3583
f 1607//3584 1783//3584 1785//3584
f 1607//3585 1785//3585 1608//3585
f 1608//3586 1785//3586 1787//3586
f 1608//3587 1787//3587 1609//3587
f 1609//3588 1787//3588 1789//3588
f 1609//3589 1789//3589 1610//3589
f 1610//3590 1789//3590 1791//3590
f 1610//3591 1791//3591 1611//3591
f 1611//3592 1791//3592 1793//3592
f 1611//3593 1793//3593 1612//3593
f 1612//3594 1793//3594 1795//3594
f 1612//3595 1795//3595 1613//3595
f 1613//3596 1795//3596 1797//3596
f 1613//3597 1797//3597 1614//3597
f 1614//3598 1797//3598 1799//3598
f 1614//3599 1799//3599 1615//3599
f 1615//3600 1799//3600 1801//3600
f 1615//3601 1801//3601 1616//3601
f 1616//3602 1801//3602 1803//3602
f 1616//3603 1803//3603 1617//3603
f 1617//3604 1803//3604 1805//3604
f 1617//3605 1805//3605 1618//3605
f 1618//3606 1805//3606 1807//3606
f 1618//3607 1807//3607 1619//3607
f 1619//3608 1807//3608 1809//3608
f 1619//3609 1809//3609 1620//3609
f 1620//3610 1809//3610 1811//3610
f 1620//3611 1811//3611 1549//3611
f 1549//3612 1811//3612 1813//3612
f 1549//3613 1813//3613 1548//3613
f 1548//3614 1813//3614 1955//3614
f 1548//3615 1955//3615 1547//3615
f 1547//3616 1955//3616 1957//3616
f 1547//3617 1957//3617 1545//3617
f 1545//3618 1957//3618 1959//3618
f 1545//3619 1959//3619 1543//3619
f 1543//3620 1959//3620 1961//3620
f 1543//3621 1961//3621 1541//3621
f 1541//3622 1961//3622 1963//3622
f 1541//3623 1963//3623 1539//3623
f 1539//3624 1963//3624 1965//3624
f 1539//3625 1965//3625 1537//3625
f 1537//3626 1965//3626 1967//3626
f 1537//3627 1967//3627 1438//3627
f 1438//3628 1967//3628 1969//3628
f 1438//3629 1969//3629 1439//3629
f 1439//3630 1969//3630 1971//3630
f 1439//3631 1971//3631 1557//3631
f 1557//3631 1971//3631 1973//3631
f 1557//3632 1973//3632 1442//3632
f 1442//3633 1973//3633 1531//3633
f 1442//3634 1531//3634 988//3634
f 988//3635 1531//3635 1132//3635
