# Blender 4.5.10 LTS
# www.blender.org
mtllib converted_link_2_grey_666666ff.mtl
o converted_link_2_grey_666666ff
v -0.028254 0.008548 0.078373
v -0.029898 0.016066 0.120985
v -0.029780 0.019148 0.117906
v -0.028419 -0.016072 0.082710
v -0.028538 -0.019153 0.085789
v -0.028676 -0.021653 0.089356
v -0.028828 -0.023495 0.093302
v -0.028990 -0.024622 0.097509
v -0.029157 -0.025002 0.101847
v -0.029325 -0.024622 0.106185
v -0.029487 -0.023495 0.110392
v -0.029639 -0.021653 0.114338
v -0.028422 0.016067 0.082711
v -0.029490 0.023490 0.110393
v -0.028541 0.019149 0.085790
v -0.029328 0.024618 0.106186
v -0.029161 0.024998 0.101848
v -0.029642 0.021648 0.114339
v -0.028325 0.012498 0.080213
v -0.028210 0.004339 0.077246
v -0.028195 -0.000002 0.076866
v -0.028209 -0.004343 0.077246
v -0.029777 -0.019154 0.117905
v -0.029896 -0.016073 0.120984
v -0.029993 -0.012503 0.123482
v -0.030064 -0.008554 0.125322
v -0.030108 -0.004344 0.126449
v -0.030123 -0.000003 0.126829
v -0.030109 0.004338 0.126449
v -0.030065 0.008547 0.125322
v -0.029995 0.012497 0.123483
v -0.028253 -0.008553 0.078373
v -0.028323 -0.012502 0.080212
v -0.028993 0.024618 0.097510
v -0.028831 0.023490 0.093303
v -0.028678 0.021648 0.089357
v -0.004937 0.024079 -0.091862
v -0.003137 0.023460 -0.091792
v 0.012913 0.004341 -0.091174
v -0.026441 0.020162 -0.092692
v 0.004389 -0.019144 -0.091503
v 0.002179 -0.020806 -0.091588
v 0.000807 -0.021616 -0.091641
v -0.000174 -0.022195 -0.091679
v -0.002762 -0.023355 -0.091779
v -0.003127 -0.023471 -0.091793
v -0.005381 -0.024193 -0.091880
v -0.007334 -0.024586 -0.091956
v -0.021550 0.022964 -0.092503
v -0.020199 0.023459 -0.092451
v -0.002187 0.023133 -0.091756
v 0.000478 0.021850 -0.091653
v 0.000812 0.021638 -0.091640
v 0.013013 0.003871 -0.091170
v 0.013288 0.001153 -0.091159
v 0.013276 0.000005 -0.091160
v 0.013257 -0.001702 -0.091161
v 0.012925 -0.004335 -0.091173
v 0.012900 -0.004534 -0.091174
v 0.012267 -0.007163 -0.091199
v -0.024075 0.021701 -0.092600
v -0.010687 0.024984 -0.092084
v -0.007850 0.024709 -0.091974
v -0.007336 0.024598 -0.091954
v 0.002907 0.020308 -0.091559
v 0.004366 0.019125 -0.091503
v 0.012424 0.006622 -0.091192
v 0.011780 0.008546 -0.091217
v 0.011769 -0.008532 -0.091218
v 0.011282 -0.009875 -0.091237
v 0.009968 -0.012495 -0.091288
v 0.007439 -0.016039 -0.091385
v 0.006529 -0.017127 -0.091420
v 0.004458 -0.019092 -0.091500
v -0.011665 -0.024997 -0.092123
v -0.014354 -0.024852 -0.092226
v -0.015996 -0.024577 -0.092290
v -0.017226 -0.024370 -0.092337
v -0.020069 -0.023540 -0.092447
v -0.020206 -0.023482 -0.092452
v -0.027700 0.019122 -0.092740
v -0.024156 0.021648 -0.092604
v -0.016005 0.024613 -0.092289
v -0.013541 0.024933 -0.092194
v -0.011668 0.024966 -0.092122
v 0.009964 -0.012504 -0.091288
v 0.008378 -0.014918 -0.091349
v -0.008119 -0.024744 -0.091986
v -0.010857 -0.024984 -0.092092
v -0.033010 -0.012989 -0.092946
v -0.033278 -0.012486 -0.092956
v -0.034332 -0.010510 -0.092997
v -0.035115 -0.008538 -0.093027
v -0.036236 -0.004334 -0.093070
v -0.036521 -0.002514 -0.093081
v -0.036633 0.000002 -0.093086
v -0.036646 0.000299 -0.093086
v -0.035910 0.006037 -0.093058
v -0.035127 0.008547 -0.093027
v -0.035036 0.008840 -0.093024
v -0.033849 0.011502 -0.092978
v -0.033269 0.012482 -0.092955
v -0.032380 0.013978 -0.092921
v -0.030793 0.016063 -0.092860
v -0.018950 0.023917 -0.092403
v -0.016209 0.024586 -0.092297
v 0.005151 0.018489 -0.091473
v 0.007149 0.016448 -0.091396
v 0.007451 0.016059 -0.091384
v 0.008899 0.014195 -0.091328
v 0.009939 0.012488 -0.091288
v 0.010360 0.011798 -0.091272
v 0.011554 0.009220 -0.091226
v -0.027711 -0.019135 -0.092742
v -0.024136 -0.021613 -0.092604
v -0.027417 -0.019403 -0.092730
v -0.025279 -0.020960 -0.092648
v -0.029526 -0.017478 -0.092812
v -0.030776 -0.016044 -0.092860
v -0.022772 -0.022392 -0.092551
v -0.031400 -0.015327 -0.092884
v -0.035365 -0.007909 -0.093037
v -0.036098 -0.005212 -0.093065
v -0.036451 0.003145 -0.093078
v -0.036228 0.004335 -0.093070
v -0.030621 0.016289 -0.092853
v -0.028640 0.018346 -0.092777
v -0.020116 0.004339 0.126835
v -0.020130 -0.000002 0.127215
v -0.020115 -0.004343 0.126835
v -0.020072 -0.008553 0.125708
v -0.020000 -0.012502 0.123868
v -0.019904 -0.016072 0.121370
v -0.019785 -0.019153 0.118291
v -0.019647 -0.021653 0.114723
v -0.019495 -0.023495 0.110777
v -0.019332 -0.024622 0.106570
v -0.019165 -0.025001 0.102233
v -0.018997 -0.024621 0.097895
v -0.018835 -0.023494 0.093688
v -0.018683 -0.021652 0.089742
v -0.018546 -0.019152 0.086175
v -0.018427 -0.016071 0.083096
v -0.018331 -0.012501 0.080598
v -0.018260 -0.008552 0.078758
v -0.018217 -0.004342 0.077631
v -0.018202 -0.000001 0.077252
v -0.018217 0.004340 0.077632
v -0.018261 0.008549 0.078759
v -0.018332 0.012499 0.080599
v -0.018429 0.016068 0.083097
v -0.018548 0.019150 0.086176
v -0.018686 0.021649 0.089743
v -0.018838 0.023491 0.093689
v -0.019001 0.024619 0.097896
v -0.019168 0.024999 0.102234
v -0.019335 0.024618 0.106571
v -0.019498 0.023490 0.110778
v -0.019650 0.021648 0.114724
v -0.019787 0.019149 0.118292
v -0.019906 0.016067 0.121370
v -0.020002 0.012498 0.123868
v -0.020073 0.008548 0.125708
v -0.011280 -0.024997 -0.102115
v -0.006942 -0.024616 -0.101948
v -0.002735 -0.023489 -0.101786
v 0.001211 -0.021647 -0.101633
v 0.004778 -0.019147 -0.101496
v 0.007856 -0.016065 -0.101377
v 0.010354 -0.012495 -0.101280
v 0.012194 -0.008546 -0.101209
v 0.013321 -0.004336 -0.101166
v 0.013700 0.000005 -0.101151
v 0.013320 0.004346 -0.101165
v 0.012193 0.008555 -0.101209
v 0.010353 0.012505 -0.101280
v 0.007854 0.016074 -0.101376
v 0.004775 0.019155 -0.101495
v 0.001208 0.021654 -0.101632
v -0.002738 0.023496 -0.101785
v -0.006945 0.024624 -0.101947
v -0.011283 0.025003 -0.102114
v -0.015621 0.024623 -0.102282
v -0.019827 0.023495 -0.102444
v -0.023773 0.021653 -0.102596
v -0.027341 0.019153 -0.102734
v -0.030419 0.016071 -0.102853
v -0.032917 0.012502 -0.102949
v -0.034756 0.008552 -0.103020
v -0.035883 0.004343 -0.103064
v -0.036263 0.000002 -0.103079
v -0.035883 -0.004339 -0.103064
v -0.034755 -0.008549 -0.103021
v -0.032915 -0.012498 -0.102950
v -0.030417 -0.016068 -0.102854
v -0.027338 -0.019149 -0.102735
v -0.023771 -0.021648 -0.102597
v -0.019824 -0.023490 -0.102445
v -0.015617 -0.024617 -0.102283
v -0.008159 0.067313 -0.078992
v -0.007161 0.067144 -0.075786
v 0.000251 0.066785 -0.075512
v 0.032822 0.052190 -0.100412
v 0.031872 0.052918 -0.100448
v 0.031951 0.052864 -0.091819
v -0.001578 0.067321 -0.101739
v -0.003539 0.067530 -0.101814
v -0.003541 0.067540 -0.097541
v -0.006307 0.067824 -0.101921
v -0.011284 0.068002 -0.102113
v -0.011290 0.067975 -0.098337
v 0.003101 0.066496 -0.101558
v 0.004099 0.066248 -0.097260
v 0.004110 0.066246 -0.101519
v 0.011548 0.064108 -0.096985
v 0.011571 0.064111 -0.101231
v 0.007720 0.065351 -0.101380
v 0.025650 0.057335 -0.092040
v 0.025542 0.057410 -0.100693
v 0.025087 0.057712 -0.100710
v 0.018893 0.061080 -0.092278
v 0.020949 0.060065 -0.100870
v 0.018733 0.061132 -0.100955
v 0.018713 0.061145 -0.096722
v 0.016661 0.062130 -0.101035
v 0.012249 0.063892 -0.101205
v 0.029047 0.055085 -0.100557
v 0.036394 0.049039 -0.100274
v 0.037723 0.047732 -0.091619
v 0.037664 0.047755 -0.100225
v 0.042777 0.042073 -0.094326
v 0.042896 0.042084 -0.091461
v 0.042897 0.042084 -0.091448
v 0.042840 0.042057 -0.100025
v 0.039738 0.045658 -0.100145
v 0.043529 0.042125 -0.082672
v 0.043527 0.042125 -0.082700
v 0.043049 0.042097 -0.087804
v 0.044524 0.042175 -0.075433
v 0.043610 0.042129 -0.081809
v 0.038416 0.047626 -0.082833
v 0.039742 0.047500 -0.074133
v 0.044800 0.042188 -0.073968
v 0.044796 0.042188 -0.073994
v 0.042665 0.046390 -0.065506
v 0.046585 0.042266 -0.065355
v 0.045631 0.042226 -0.069586
v 0.041617 0.047372 -0.065547
v 0.034153 0.052442 -0.074326
v 0.038984 0.049837 -0.065648
v 0.041585 0.047402 -0.065548
v 0.034869 0.053236 -0.065807
v 0.036077 0.052238 -0.065760
v 0.036144 0.052182 -0.065758
v 0.030731 0.056200 -0.065967
v 0.028105 0.056814 -0.074537
v 0.030267 0.056484 -0.065985
v 0.023794 0.060191 -0.066234
v 0.023949 0.060111 -0.066228
v 0.021627 0.060517 -0.074764
v 0.026576 0.058750 -0.066127
v 0.030155 0.056553 -0.065989
v 0.017070 0.063092 -0.066494
v 0.017277 0.063021 -0.066486
v 0.014767 0.063456 -0.075004
v 0.018209 0.062704 -0.066450
v 0.022404 0.060911 -0.066288
v 0.009709 0.065258 -0.066778
v 0.010045 0.065170 -0.066765
v 0.007608 0.065557 -0.075254
v 0.010298 0.065104 -0.066755
v 0.013977 0.064148 -0.066613
v -0.003325 0.066677 -0.067280
v 0.000997 0.066516 -0.067114
v -0.004156 0.066674 -0.067313
v -0.005671 0.066906 -0.071424
v -0.006523 0.067036 -0.073740
v 0.002812 0.066322 -0.067044
v 0.003115 0.066289 -0.067032
v 0.005386 0.066045 -0.066944
v -0.009973 0.067660 -0.086750
v -0.009530 0.067569 -0.084457
v -0.001947 0.067181 -0.084195
v -0.009464 0.067555 -0.084116
v -0.008191 0.067319 -0.079094
v -0.011258 0.067966 -0.097828
v -0.011058 0.067905 -0.094643
v -0.003270 0.067461 -0.093062
v -0.010982 0.067883 -0.093459
v -0.010967 0.067879 -0.093336
v 0.005557 0.065925 -0.083939
v 0.032721 0.052679 -0.083022
v 0.026528 0.057112 -0.083230
v 0.019887 0.060846 -0.083454
v 0.012869 0.063803 -0.083691
v -0.010384 0.067744 -0.088882
v -0.002731 0.067339 -0.088609
v 0.004833 0.066069 -0.088349
v 0.011759 0.064042 -0.092530
v 0.004340 0.066178 -0.092792
v -0.023159 0.048806 -0.028075
v -0.030286 0.048380 -0.038001
v -0.035876 0.043630 -0.040525
v -0.077041 -0.000001 -0.081632
v -0.075448 -0.000001 -0.077142
v -0.074977 0.006596 -0.076650
v -0.074944 -0.000001 -0.075721
v -0.073465 -0.000001 -0.072824
v -0.072877 0.006586 -0.072141
v -0.078664 -0.000001 -0.088917
v -0.078114 -0.000001 -0.086265
v -0.077820 0.006624 -0.086060
v -0.003744 0.057540 0.035086
v -0.005233 0.057745 0.036366
v -0.004801 0.060737 0.039488
v -0.003173 0.060516 0.038237
v -0.001760 0.060234 0.036795
v -0.002476 0.057278 0.033627
v -0.009287 0.049789 0.031257
v -0.009207 0.051495 0.032571
v -0.007517 0.051430 0.031674
v -0.012188 0.044463 0.028717
v -0.013271 0.044434 0.028994
v -0.013258 0.048006 0.031305
v -0.006290 0.044257 0.024565
v -0.005849 0.044177 0.023826
v -0.006089 0.042359 0.022584
v -0.006014 0.040429 0.020592
v -0.005762 0.040335 0.019777
v -0.006059 0.038470 0.018593
v 0.000659 0.057635 0.029907
v 0.001241 0.059056 0.031494
v 0.001826 0.058569 0.029438
v -0.004835 0.041683 0.017551
v -0.004387 0.043472 0.018826
v -0.004295 0.043160 0.016977
v -0.004185 0.044988 0.011397
v -0.004857 0.044539 0.009210
v -0.006467 0.041239 0.006746
v -0.008605 0.020912 0.013941
v -0.008726 0.020928 0.014386
v -0.008560 0.025026 0.015860
v -0.008871 0.020942 0.014824
v -0.008864 0.016782 0.013100
v -0.008342 0.020762 0.010721
v -0.008420 0.020708 0.009785
v -0.008859 0.016597 0.008291
v -0.013847 0.008452 0.017016
v -0.014418 0.008451 0.017131
v -0.014419 0.012657 0.017656
v -0.010291 0.012656 0.015239
v -0.010616 0.012660 0.015636
v -0.010637 0.016848 0.016484
v -0.012716 0.000001 0.016184
v -0.013268 0.000001 0.016409
v -0.013293 0.008453 0.016854
v -0.013447 0.000001 0.016481
v -0.013838 0.000001 0.016571
v -0.010993 0.000001 0.014989
v -0.011238 0.000001 0.015200
v -0.011341 0.008451 0.015765
v -0.009308 0.000001 0.011599
v -0.009438 0.000001 0.012179
v -0.009488 0.004214 0.012570
v -0.009455 0.027750 0.004005
v -0.008742 0.027996 0.005923
v -0.007713 0.031841 0.007988
v -0.007257 0.032099 0.009880
v -0.008552 0.020648 0.008846
v -0.008734 0.020584 0.007907
v -0.009294 0.016494 0.006360
v -0.012600 0.019742 -0.001580
v -0.013663 0.015804 -0.003198
v -0.011554 0.016108 0.000611
v -0.007374 0.040822 0.004593
v -0.001224 0.051652 0.013520
v -0.002140 0.050211 0.012163
v -0.001493 0.050733 0.014486
v -0.011754 0.033598 -0.001924
v -0.013328 0.030043 -0.003928
v -0.010975 0.030662 0.000095
v -0.018954 0.028896 -0.011834
v -0.016024 0.029447 -0.007912
v -0.012607 0.036324 -0.003969
v -0.030860 0.007105 -0.024152
v -0.033015 0.000000 -0.026251
v -0.026454 0.000001 -0.019337
v 0.020598 0.078549 0.070699
v 0.022493 0.077708 0.067822
v 0.019064 0.076056 0.060000
v 0.028461 0.071029 0.041223
v 0.028311 0.072561 0.048129
v 0.033540 0.073497 0.055360
v -0.013045 0.075767 0.062680
v -0.007313 0.075605 0.062038
v -0.007797 0.071434 0.054686
v 0.005140 0.063196 0.033713
v 0.004489 0.063780 0.035978
v 0.005849 0.066132 0.039391
v 0.008161 0.067666 0.040536
v 0.008858 0.066989 0.038046
v 0.007199 0.064871 0.034644
v 0.004881 0.060747 0.027256
v 0.005755 0.061940 0.028850
v 0.005726 0.061288 0.026305
v 0.002925 0.059396 0.028836
v 0.003658 0.060704 0.030437
v 0.003946 0.060119 0.028105
v -0.001461 0.060725 -0.016275
v 0.001848 0.061819 -0.014467
v -0.004880 0.061330 -0.026644
v -0.014181 0.067068 -0.080061
v -0.016005 0.067408 -0.087551
v -0.022602 0.066524 -0.088430
v -0.051776 0.052838 -0.086418
v -0.053047 0.052910 -0.092371
v -0.058207 0.048472 -0.093022
v 0.039629 0.071456 0.049896
v 0.039581 0.070875 0.046543
v 0.034031 0.070530 0.040623
v 0.029603 0.065820 0.003282
v 0.028477 0.065677 0.000581
v 0.022251 0.065473 -0.003067
v -0.001281 0.066286 -0.060487
v -0.002765 0.066486 -0.064008
v -0.008909 0.066269 -0.065522
v -0.017097 0.067646 -0.095169
v -0.058385 0.049009 -0.103931
v -0.059067 0.048310 -0.103957
v -0.058874 0.048446 -0.098750
v -0.079230 -0.000001 -0.104737
v -0.079278 -0.000001 -0.096045
v -0.078921 0.006671 -0.095654
v -0.078628 0.009037 -0.104713
v -0.078862 0.006700 -0.104722
v -0.078998 0.006694 -0.100444
v -0.079076 0.004581 -0.104731
v -0.077884 0.013474 -0.104684
v -0.077905 0.013345 -0.104685
v -0.077995 0.013347 -0.100357
v -0.076329 0.019885 -0.100216
v -0.076232 0.019848 -0.104621
v -0.076842 0.017872 -0.104645
v -0.074015 0.026236 -0.100019
v -0.073985 0.026176 -0.104534
v -0.075508 0.022199 -0.104592
v -0.071073 0.032228 -0.104421
v -0.071973 0.030578 -0.104456
v -0.071077 0.032331 -0.099772
v -0.073883 0.026440 -0.104530
v -0.067336 0.038435 -0.104277
v -0.067621 0.037987 -0.104288
v -0.067547 0.038105 -0.099476
v -0.069789 0.034580 -0.104372
v -0.064624 0.042123 -0.104172
v -0.063464 0.043494 -0.099135
v -0.063585 0.043348 -0.104132
v -0.061467 0.045844 -0.104050
v -0.054881 0.052156 -0.103796
v -0.053824 0.052913 -0.098325
v -0.054073 0.052788 -0.103765
v -0.042901 0.060179 -0.103333
v -0.043193 0.060035 -0.103345
v -0.042575 0.060228 -0.097371
v -0.047270 0.057680 -0.103502
v -0.048373 0.056852 -0.097864
v -0.048658 0.056745 -0.103556
v -0.051174 0.055049 -0.103653
v -0.039111 0.062037 -0.103187
v -0.036489 0.063016 -0.096850
v -0.036808 0.062978 -0.103098
v -0.034790 0.063802 -0.103020
v -0.030173 0.065191 -0.096306
v -0.030492 0.065217 -0.102854
v -0.023689 0.066738 -0.095745
v -0.025555 0.066484 -0.102664
v -0.030220 0.065307 -0.102844
v -0.016009 0.067837 -0.102296
v -0.017337 0.067697 -0.102347
v -0.020807 0.067331 -0.102481
v -0.023973 0.066767 -0.102603
v -0.011770 0.066676 -0.072720
v -0.005714 0.065879 -0.058447
v 0.001289 0.065241 -0.044559
v 0.006940 0.065456 -0.043510
v 0.001928 0.065914 -0.053567
v 0.000860 0.066038 -0.055870
v 0.000464 0.066084 -0.056724
v 0.014825 0.065079 -0.028247
v 0.013798 0.065088 -0.030261
v 0.008593 0.064897 -0.030833
v 0.013311 0.065114 -0.031202
v 0.007505 0.065426 -0.042419
v 0.015716 0.064948 -0.017055
v 0.019573 0.065057 -0.018878
v 0.018952 0.065037 -0.020157
v 0.019082 0.065146 -0.010095
v 0.023108 0.065170 -0.011605
v 0.021959 0.065133 -0.013971
v 0.026623 0.065441 -0.003864
v 0.025479 0.065353 -0.006384
v 0.025318 0.065340 -0.006737
v 0.032127 0.066292 0.009984
v 0.031379 0.066152 0.007998
v 0.025174 0.065934 0.004039
v 0.030765 0.066037 0.006368
v 0.034238 0.066842 0.016320
v 0.033970 0.066772 0.015517
v 0.027794 0.066540 0.011227
v 0.033084 0.066541 0.012858
v 0.036861 0.067897 0.026079
v 0.036161 0.067553 0.023147
v 0.030056 0.067296 0.018492
v 0.035971 0.067460 0.022356
v 0.035130 0.067160 0.019430
v 0.038232 0.068753 0.032797
v 0.037870 0.068500 0.030880
v 0.031896 0.068211 0.025827
v 0.037349 0.068137 0.028119
v 0.039112 0.069633 0.038929
v 0.039080 0.069598 0.038687
v 0.033246 0.069287 0.033213
v 0.038391 0.068864 0.033640
v 0.039578 0.070845 0.046378
v 0.039553 0.070529 0.044550
v 0.039163 0.069736 0.039572
v 0.039357 0.072404 0.054971
v 0.039388 0.072295 0.054387
v 0.034164 0.071937 0.048022
v 0.039453 0.072069 0.053176
v 0.037844 0.074329 0.064309
v 0.038284 0.073864 0.062123
v 0.038728 0.073395 0.059916
v 0.038757 0.073364 0.059772
v 0.032906 0.074327 0.058983
v 0.037389 0.074690 0.065919
v 0.037223 0.074822 0.066504
v 0.032033 0.075183 0.062555
v 0.036634 0.075290 0.068585
v 0.036242 0.075539 0.069640
v 0.035145 0.076238 0.072595
v 0.030906 0.076056 0.066055
v 0.035014 0.076307 0.072874
v 0.029513 0.076939 0.069459
v 0.033388 0.077168 0.076348
v 0.034830 0.076404 0.073266
v 0.031179 0.078152 0.080131
v 0.031378 0.078075 0.079844
v 0.027844 0.077821 0.072739
v 0.031939 0.077822 0.078869
v 0.033144 0.077278 0.076772
v 0.029130 0.078951 0.083083
v 0.025901 0.078693 0.075864
v 0.028939 0.079016 0.083314
v 0.028057 0.079316 0.084376
v 0.023686 0.079543 0.078807
v 0.026651 0.079793 0.086071
v 0.021211 0.080359 0.081540
v 0.023956 0.080595 0.088803
v 0.026429 0.079859 0.086295
v 0.020665 0.081439 0.091564
v 0.021048 0.081352 0.091289
v 0.018496 0.081131 0.084037
v 0.023408 0.080738 0.089272
v 0.023666 0.080671 0.089052
v 0.014639 0.082715 0.095503
v 0.017453 0.082157 0.093814
v 0.015559 0.081851 0.086283
v 0.017943 0.082060 0.093520
v 0.018056 0.082034 0.093439
v 0.014055 0.082814 0.095792
v 0.012428 0.082509 0.088263
v 0.012106 0.083147 0.096759
v 0.009128 0.083099 0.089970
v 0.011147 0.083311 0.097234
v 0.010499 0.083405 0.097494
v 0.007462 0.083845 0.098716
v 0.005686 0.083615 0.091402
v 0.006812 0.083924 0.098921
v 0.005737 0.084053 0.099262
v 0.002128 0.084057 0.092562
v 0.003590 0.084313 0.099943
v -0.001521 0.084421 0.093454
v -0.000460 0.084708 0.100910
v 0.003022 0.084368 0.100078
v -0.007742 0.085188 0.101930
v -0.004708 0.085026 0.101621
v -0.005235 0.084708 0.094088
v -0.000913 0.084742 0.100986
v -0.000847 0.084737 0.100975
v -0.009171 0.085265 0.102074
v -0.012779 0.085058 0.094691
v -0.012716 0.085381 0.102224
v -0.019007 0.085384 0.097953
v -0.019171 0.085492 0.102224
v -0.014637 0.085430 0.102267
v -0.018808 0.084968 0.092792
v -0.018879 0.085117 0.094638
v -0.013899 0.085420 0.102273
v -0.018243 0.082011 0.078155
v -0.018414 0.083202 0.082589
v -0.012851 0.083921 0.086402
v -0.018558 0.083966 0.086323
v -0.018610 0.084241 0.087669
v -0.018029 0.080194 0.072620
v -0.018220 0.081856 0.077579
v -0.012918 0.081984 0.078255
v -0.017937 0.079224 0.070232
v -0.012983 0.079260 0.070323
v -0.017835 0.078152 0.067593
v -0.016176 0.075755 0.062682
v -0.017646 0.075796 0.062708
v -0.017641 0.075728 0.062587
v -0.017466 0.073170 0.058038
v -0.016075 0.071495 0.055422
v -0.017362 0.071434 0.055354
v -0.015979 0.066533 0.048608
v -0.017099 0.066476 0.048549
v -0.017135 0.067242 0.049465
v -0.017299 0.070372 0.053711
v -0.016978 0.063861 0.045424
v -0.015890 0.060914 0.042305
v -0.016855 0.060875 0.042243
v -0.015810 0.054689 0.036581
v -0.016707 0.056834 0.038403
v -0.016852 0.060792 0.042155
v -0.015740 0.047921 0.031493
v -0.016469 0.049015 0.032226
v -0.015774 0.051369 0.033953
v -0.016583 0.053012 0.035199
v -0.016636 0.054633 0.036558
v -0.016267 0.040550 0.027015
v -0.016269 0.040651 0.027073
v -0.015683 0.040674 0.027096
v -0.016364 0.044859 0.029498
v -0.016440 0.047877 0.031480
v -0.016177 0.035939 0.024710
v -0.015640 0.033022 0.023436
v -0.016129 0.032993 0.023454
v -0.016099 0.031173 0.022677
v -0.015611 0.025044 0.020552
v -0.016027 0.025981 0.020836
v -0.015594 0.008447 0.017221
v -0.015895 0.010321 0.017421
v -0.015594 0.012650 0.017743
v -0.015925 0.015253 0.018167
v -0.015595 0.016825 0.018474
v -0.015938 0.016813 0.018503
v -0.015602 0.020960 0.019412
v -0.015970 0.020669 0.019330
v -0.016017 0.025029 0.020566
v -0.014520 0.000001 0.016727
v -0.015605 0.000001 0.016793
v -0.015598 0.004227 0.016906
v -0.015723 0.000001 0.016800
v -0.015870 0.000001 0.016797
v -0.015877 0.005351 0.016965
v -0.015888 0.008443 0.017250
v -0.046089 0.056694 -0.085487
v -0.044187 0.056542 -0.079324
v -0.038046 0.059765 -0.078114
v -0.035552 0.059549 -0.071780
v -0.029060 0.062120 -0.070305
v -0.026073 0.061859 -0.063843
v -0.019348 0.063780 -0.062109
v -0.020821 0.066211 -0.081221
v -0.029108 0.065013 -0.089289
v -0.018475 0.065849 -0.074136
v -0.027390 0.064741 -0.082353
v -0.035466 0.062883 -0.090118
v -0.012493 0.063267 -0.049056
v -0.022793 0.061626 -0.057468
v -0.032660 0.059344 -0.065505
v -0.041822 0.056384 -0.073183
v -0.050024 0.052737 -0.080461
v -0.057081 0.048436 -0.087281
v -0.062913 0.043534 -0.093613
v -0.015680 0.065475 -0.067169
v -0.025127 0.064423 -0.075512
v -0.033832 0.062660 -0.083446
v -0.041616 0.060143 -0.090913
v 0.008799 0.064277 -0.020351
v 0.001671 0.064219 -0.033592
v -0.005609 0.064531 -0.046847
v -0.012542 0.065117 -0.060309
v -0.022417 0.064094 -0.068766
v -0.031671 0.062395 -0.076842
v -0.040086 0.059973 -0.084493
v -0.047497 0.056812 -0.091666
v 0.004940 0.062229 -0.008357
v 0.011585 0.064005 -0.004339
v 0.007797 0.062761 -0.002233
v 0.015374 0.064786 -0.006975
v 0.018338 0.065230 -0.000207
v 0.008562 0.063577 -0.010773
v 0.001920 0.063080 -0.023547
v -0.005230 0.063002 -0.036258
v 0.004576 0.061644 -0.004368
v -0.005018 0.054956 -0.004286
v -0.000123 0.056589 0.005825
v 0.000251 0.057681 0.003213
v 0.001495 0.056464 0.013138
v 0.000759 0.056508 0.009522
v -0.000433 0.055380 0.008196
v -0.002652 0.054419 0.003306
v -0.007757 0.052861 -0.006502
v -0.010785 0.053775 -0.014527
v -0.013668 0.051731 -0.016439
v -0.017288 0.052985 -0.024874
v -0.001611 0.054211 0.006890
v 0.000391 0.055268 0.011761
v 0.001975 0.056425 0.016713
v 0.005117 0.060446 0.011064
v 0.002468 0.058598 0.008413
v 0.004418 0.059651 0.013610
v 0.007615 0.063516 0.029495
v 0.008504 0.063864 0.028434
v 0.007491 0.062829 0.026841
v 0.008237 0.063169 0.025726
v 0.007169 0.062148 0.024171
v 0.007199 0.061834 0.020331
v -0.018059 0.056075 -0.032547
v -0.014240 0.054843 -0.023218
v -0.011126 0.056545 -0.021527
v -0.007830 0.055661 -0.012572
v -0.004811 0.057390 -0.010576
v -0.002212 0.056892 -0.002017
v 0.000657 0.058669 0.000303
v 0.003019 0.059491 0.005698
v 0.005845 0.061141 0.008237
v 0.009524 0.064857 0.030046
v 0.010396 0.065084 0.028897
v 0.009313 0.064147 0.027302
v 0.009559 0.063694 0.023346
v 0.008373 0.062785 0.021829
v 0.008195 0.062428 0.017858
v 0.006925 0.061543 0.016425
v 0.005561 0.062580 0.031328
v 0.004750 0.061371 0.029705
v 0.002484 0.059934 0.031034
v 0.001828 0.060436 0.033108
v 0.003148 0.061258 0.032658
v 0.000326 0.062665 0.038469
v 0.001476 0.062245 0.036688
v 0.000446 0.059500 0.033413
v 0.002419 0.061774 0.034747
v 0.004396 0.061971 0.032063
v 0.006635 0.063091 0.030467
v 0.006667 0.062423 0.027889
v 0.006485 0.061752 0.025270
v 0.007522 0.064200 0.032106
v 0.009314 0.066289 0.035447
v 0.009532 0.065575 0.032771
v 0.006642 0.065518 0.037081
v 0.007223 0.068309 0.042890
v -0.000283 0.065654 0.043471
v 0.000476 0.068109 0.046964
v 0.001221 0.065268 0.041860
v 0.002131 0.067700 0.045349
v 0.002523 0.064824 0.040067
v 0.003584 0.067231 0.043540
v 0.003615 0.064326 0.038101
v 0.004827 0.066705 0.041550
v -0.008251 0.066550 0.047735
v -0.008667 0.060992 0.041257
v -0.010810 0.061022 0.041800
v -0.001988 0.065977 0.044888
v -0.000754 0.070755 0.051955
v 0.001245 0.070389 0.050549
v -0.002941 0.071053 0.053131
v -0.003894 0.066236 0.046095
v -0.005304 0.071279 0.054049
v -0.005997 0.066427 0.047054
v 0.003052 0.069957 0.048928
v 0.004658 0.069462 0.047103
v 0.006052 0.068911 0.045086
v 0.010007 0.072135 0.050128
v 0.008610 0.070310 0.046471
v 0.009694 0.069640 0.044070
v 0.011240 0.071437 0.047682
v 0.010534 0.068934 0.041527
v 0.011957 0.065390 0.026431
v 0.012586 0.066831 0.032144
v 0.013171 0.066177 0.028000
v 0.013693 0.067642 0.033796
v 0.015924 0.069141 0.037153
v 0.015412 0.070726 0.043064
v 0.017406 0.072105 0.046640
v 0.014796 0.071521 0.045938
v 0.016650 0.072922 0.049578
v -0.004576 0.075416 0.061426
v -0.001952 0.075154 0.060534
v 0.000516 0.074817 0.059373
v 0.002809 0.074409 0.057968
v 0.004919 0.073932 0.056330
v 0.006832 0.073389 0.054470
v 0.008533 0.072788 0.052397
v -0.006806 0.079036 0.069722
v -0.003823 0.078814 0.069119
v -0.000938 0.078516 0.068237
v 0.001808 0.078144 0.067083
v 0.004394 0.077697 0.065672
v 0.006807 0.077179 0.064013
v 0.009028 0.076594 0.062114
v 0.011037 0.075948 0.059986
v 0.012819 0.075250 0.057646
v 0.025358 0.067418 0.020406
v 0.023381 0.066539 0.013490
v 0.016815 0.065257 0.008628
v 0.014349 0.064562 0.002131
v 0.013582 0.064410 0.006247
v 0.011055 0.063733 -0.000067
v 0.010385 0.063422 0.003901
v 0.022868 0.069561 0.034663
v 0.022014 0.068241 0.028166
v 0.020117 0.068609 0.031472
v 0.019093 0.067320 0.025183
v 0.017401 0.067507 0.028340
v 0.016211 0.066252 0.022250
v 0.013369 0.065032 0.019372
v 0.011649 0.063971 0.013467
v 0.008722 0.062633 0.010827
v 0.006564 0.061750 0.005083
v 0.003584 0.060288 0.002671
v 0.001052 0.059564 -0.002925
v 0.022743 0.072664 0.047639
v 0.023161 0.071044 0.041160
v 0.020452 0.071650 0.044076
v 0.020622 0.070060 0.037772
v 0.018178 0.070476 0.040581
v 0.018109 0.068924 0.034450
v 0.015623 0.067630 0.031191
v 0.014720 0.066252 0.025268
v 0.012078 0.064842 0.022256
v 0.010571 0.063661 0.016546
v 0.010773 0.064077 0.020775
v 0.021424 0.074363 0.053991
v 0.022207 0.073509 0.050843
v -0.011558 0.059003 -0.029647
v -0.007954 0.058091 -0.019806
v -0.004730 0.059483 -0.018054
v -0.001733 0.058962 -0.008542
v 0.001397 0.060379 -0.006472
v 0.004114 0.061001 -0.000687
v 0.007228 0.062286 0.001590
v 0.009594 0.063058 0.007538
v 0.012669 0.064218 0.010034
v 0.014621 0.065158 0.016152
v 0.015786 0.065229 0.012569
v 0.017635 0.066196 0.018883
v 0.018942 0.066096 0.015142
v 0.020688 0.067089 0.021659
v 0.026903 0.068456 0.027345
v 0.027959 0.069658 0.034289
v 0.021023 0.065812 0.006615
v 0.027368 0.074227 0.054964
v 0.020378 0.075216 0.057054
v 0.016037 0.080115 0.075840
v 0.018441 0.079355 0.073380
v 0.015636 0.077654 0.065407
v 0.017481 0.076873 0.062794
v 0.014355 0.074505 0.055112
v 0.015634 0.073726 0.052414
v 0.012224 0.070705 0.045086
v 0.024117 0.076844 0.064778
v 0.025467 0.075969 0.061600
v 0.026546 0.075092 0.058319
v 0.007818 0.062133 0.013775
v 0.009478 0.063273 0.019308
v 0.010753 0.064563 0.024879
v 0.011488 0.065978 0.030511
v 0.011586 0.066716 0.033331
v 0.013433 0.069179 0.039558
v 0.012953 0.069949 0.042367
v -0.006285 0.081705 0.077671
v -0.003056 0.081454 0.077063
v 0.000088 0.081126 0.076181
v 0.003109 0.080723 0.075026
v 0.005985 0.080244 0.073606
v 0.008698 0.079692 0.071925
v 0.011225 0.079071 0.069990
v 0.013545 0.078389 0.067813
v -0.005759 0.083599 0.085814
v -0.002285 0.083325 0.085194
v 0.001114 0.082975 0.084308
v 0.004406 0.082547 0.083150
v 0.007568 0.082044 0.081720
v 0.010577 0.081468 0.080021
v 0.013408 0.080822 0.078058
v -0.024348 0.007391 -0.017086
v -0.028322 0.014298 -0.021711
v -0.035075 0.013865 -0.028843
v -0.044524 0.006723 -0.037968
v -0.042029 0.013554 -0.035964
v -0.051426 0.006625 -0.044940
v -0.016142 0.015484 -0.006989
v -0.013687 0.023176 -0.003702
v -0.018915 0.015161 -0.010748
v -0.016268 0.022703 -0.007574
v -0.021908 0.014850 -0.014454
v -0.009835 0.046968 -0.003811
v -0.009401 0.044947 -0.001655
v -0.007260 0.047780 0.000676
v -0.006943 0.045802 0.002764
v -0.004922 0.048695 0.005215
v -0.011469 0.041975 -0.003892
v -0.010788 0.039608 -0.001831
v -0.008900 0.042771 0.000413
v -0.008409 0.040408 0.002439
v -0.006644 0.043638 0.004794
v -0.005682 0.044087 0.007002
v -0.003937 0.047219 0.009528
v -0.003198 0.047706 0.011791
v -0.002942 0.049693 0.009834
v -0.001012 0.052503 0.012512
v -0.003877 0.049186 0.007515
v -0.001867 0.051962 0.010129
v 0.000196 0.054585 0.012839
v -0.000027 0.053850 0.013888
v 0.000968 0.055157 0.015288
v 0.000642 0.054418 0.016313
v -0.019198 0.047179 -0.020118
v -0.016475 0.049532 -0.018304
v -0.013010 0.048201 -0.010756
v -0.010422 0.050609 -0.008660
v -0.007512 0.049605 -0.001516
v -0.005116 0.052091 0.000857
v -0.005050 0.050468 0.003098
v -0.002773 0.053003 0.005606
v -0.002840 0.051440 0.007764
v -0.000700 0.054032 0.010406
v -0.025802 0.000001 -0.018650
v -0.018321 0.007716 -0.009786
v -0.020256 0.000001 -0.012101
v -0.018998 0.000001 -0.010617
v -0.015608 0.007881 -0.006032
v -0.017354 0.000001 -0.008327
v -0.014590 0.000001 -0.004449
v -0.012256 0.000001 -0.000296
v -0.011131 0.008182 0.001741
v -0.011332 0.000001 0.001349
v -0.011153 0.000001 0.001807
v -0.010296 0.008244 0.003760
v -0.010287 0.000001 0.004027
v -0.014669 0.000001 -0.004590
v -0.013179 0.008039 -0.002196
v -0.012394 0.012077 -0.000864
v -0.011480 0.023644 0.000173
v -0.009726 0.024082 0.004005
v -0.010541 0.012285 0.003011
v -0.009906 0.016377 0.004437
v -0.009877 0.020285 0.004132
v -0.009228 0.020443 0.006022
v -0.008510 0.024467 0.007766
v -0.010666 0.020114 0.002234
v -0.009045 0.024283 0.005895
v -0.007754 0.028436 0.009669
v -0.008170 0.028226 0.007812
v -0.007701 0.026789 0.012345
v -0.007825 0.026636 0.010536
v -0.008017 0.024707 0.010536
v -0.008137 0.024632 0.009618
v -0.009381 0.004169 0.007014
v -0.009952 0.004144 0.004830
v -0.009907 0.000001 0.005005
v -0.009606 0.000001 0.006300
v -0.009337 0.000001 0.007461
v -0.009198 0.004180 0.008125
v -0.009124 0.000001 0.009827
v -0.009101 0.004200 0.010367
v -0.009113 0.000001 0.009670
v -0.009098 0.004191 0.009244
v -0.009194 0.000001 0.008639
v -0.009262 0.000001 0.007786
v -0.009261 0.012456 0.006969
v -0.009626 0.008300 0.005817
v -0.009061 0.012492 0.007973
v -0.009170 0.008348 0.007911
v -0.008922 0.012525 0.008981
v -0.008854 0.012554 0.009992
v -0.008867 0.012581 0.011001
v -0.009043 0.008369 0.008969
v -0.009622 0.000001 0.012744
v -0.009839 0.000001 0.013298
v -0.009915 0.004220 0.013607
v -0.009876 0.000001 0.013393
v -0.010194 0.004222 0.014096
v -0.010128 0.000001 0.013817
v -0.010406 0.000001 0.014288
v -0.010516 0.004224 0.014559
v -0.010436 0.000001 0.014324
v -0.010819 0.000001 0.014781
v -0.010940 0.008450 0.015395
v -0.012255 0.008453 0.016394
v -0.012193 0.000001 0.015903
v -0.012542 0.000001 0.016114
v -0.014417 0.004228 0.016817
v -0.014418 0.000001 0.016704
v -0.010577 0.008447 0.014995
v -0.010253 0.008444 0.014566
v -0.009970 0.008441 0.014113
v -0.011403 0.021002 0.018155
v -0.010999 0.016850 0.016829
v -0.011396 0.016851 0.017150
v -0.010977 0.012662 0.016009
v -0.013851 0.012660 0.017543
v -0.014420 0.016836 0.018389
v -0.012783 0.016848 0.017938
v -0.012760 0.008453 0.016647
v -0.013301 0.012662 0.017388
v -0.008771 0.016769 0.012629
v -0.008702 0.016754 0.012154
v -0.008508 0.020894 0.013492
v -0.008631 0.016721 0.011194
v -0.008378 0.020856 0.012578
v -0.008640 0.016684 0.010228
v -0.008326 0.020812 0.011652
v -0.008719 0.016642 0.009259
v -0.008999 0.008388 0.010032
v -0.009053 0.008405 0.011092
v -0.009122 0.008413 0.011617
v -0.009068 0.012614 0.012496
v -0.009190 0.012623 0.012983
v -0.009130 0.016806 0.014021
v -0.009304 0.016816 0.014468
v -0.009238 0.020966 0.015669
v -0.009462 0.020976 0.016074
v -0.009392 0.025080 0.017440
v -0.009662 0.025089 0.017801
v -0.010278 0.025101 0.018478
v -0.009958 0.025096 0.018147
v -0.009994 0.020991 0.016839
v -0.009714 0.020985 0.016464
v -0.009742 0.016833 0.015324
v -0.009508 0.016825 0.014903
v -0.009529 0.012639 0.013928
v -0.009343 0.012632 0.013461
v -0.009354 0.008426 0.012649
v -0.009223 0.008419 0.012137
v -0.009224 0.004208 0.011481
v -0.008732 0.025043 0.016271
v -0.008927 0.025057 0.016673
v -0.007981 0.024895 0.013254
v -0.008240 0.022907 0.013337
v -0.008095 0.024945 0.014140
v -0.008400 0.022948 0.014228
v -0.008285 0.024989 0.015011
v -0.008411 0.025009 0.015439
v -0.007934 0.024838 0.012356
v -0.007796 0.026916 0.014120
v -0.007943 0.026969 0.014989
v -0.008163 0.027015 0.015840
v -0.008467 0.027054 0.016665
v -0.008861 0.027086 0.017454
v -0.008974 0.012604 0.012001
v -0.008983 0.016795 0.013564
v -0.009041 0.020955 0.015251
v -0.009148 0.025069 0.017063
v -0.009349 0.027110 0.018195
v -0.009932 0.027126 0.018876
v -0.007948 0.024776 0.011450
v -0.007718 0.026856 0.013238
v -0.007495 0.028857 0.014162
v -0.007606 0.028920 0.015030
v -0.007408 0.030907 0.015982
v -0.007783 0.028976 0.015882
v -0.007618 0.030966 0.016818
v -0.008035 0.029025 0.016713
v -0.007901 0.031017 0.017631
v -0.008368 0.029066 0.017516
v -0.008263 0.031060 0.018414
v -0.008789 0.029099 0.018282
v -0.008711 0.031094 0.019156
v -0.009301 0.029124 0.018997
v -0.009246 0.031119 0.019847
v -0.009902 0.029140 0.019653
v -0.009867 0.031136 0.020478
v -0.009214 0.000001 0.011175
v -0.009337 0.004211 0.012030
v -0.009523 0.008431 0.013151
v -0.009728 0.008436 0.013640
v -0.009748 0.012646 0.014382
v -0.010002 0.012652 0.014821
v -0.010009 0.016839 0.015729
v -0.010306 0.016844 0.016116
v -0.010302 0.020996 0.017196
v -0.010639 0.021000 0.017537
v -0.010624 0.025104 0.018791
v -0.010997 0.025105 0.019088
v -0.009485 0.000001 0.012392
v -0.009681 0.004217 0.013097
v -0.011005 0.021002 0.017857
v -0.011398 0.025104 0.019366
v -0.012289 0.016850 0.017708
v -0.012787 0.020994 0.018898
v -0.013307 0.025085 0.020238
v -0.013308 0.020989 0.019081
v -0.013306 0.016845 0.018129
v -0.009204 0.000001 0.011014
v -0.010236 0.029145 0.019957
v -0.010593 0.029147 0.020246
v -0.011382 0.029145 0.020778
v -0.011829 0.025101 0.019623
v -0.011832 0.021001 0.018431
v -0.011826 0.016851 0.017445
v -0.011780 0.008452 0.016099
v -0.011726 0.000001 0.015620
v -0.010547 0.033118 0.021898
v -0.009815 0.012376 0.004979
v -0.009075 0.031272 0.004091
v -0.007142 0.035293 0.008250
v -0.007796 0.034968 0.006257
v -0.005919 0.038925 0.010582
v -0.009528 0.034288 0.002186
v -0.008594 0.034632 0.004232
v -0.007173 0.038197 0.006494
v -0.006468 0.038568 0.008558
v -0.005095 0.042058 0.010990
v -0.005703 0.041653 0.008884
v -0.008024 0.037818 0.004404
v -0.010113 0.037057 0.000199
v -0.019129 0.022247 -0.011403
v -0.025379 0.021441 -0.018903
v -0.005317 0.039578 0.014468
v -0.004964 0.041055 0.013785
v -0.005533 0.039263 0.012555
v -0.005292 0.040701 0.011799
v -0.004655 0.042448 0.013049
v -0.006145 0.036380 0.015730
v -0.005710 0.038019 0.015110
v -0.006135 0.036148 0.013945
v -0.005814 0.037746 0.013266
v -0.006304 0.035887 0.012100
v -0.006093 0.037445 0.011360
v -0.006643 0.035600 0.010200
v -0.012362 0.026952 -0.001867
v -0.010303 0.027492 0.002063
v -0.008322 0.031563 0.006057
v -0.005896 0.038370 0.017750
v -0.005565 0.040232 0.018941
v -0.005786 0.038262 0.016888
v -0.005420 0.040118 0.018084
v -0.005276 0.039865 0.016312
v -0.004810 0.041384 0.015705
v -0.004387 0.042817 0.015049
v 0.001965 0.057596 0.010865
v 0.002612 0.057619 0.014536
v 0.002994 0.057651 0.018160
v 0.002551 0.057027 0.019206
v 0.001592 0.055743 0.017747
v 0.002043 0.056333 0.020197
v 0.001144 0.054992 0.018731
v 0.001458 0.055561 0.021118
v 0.003185 0.058644 0.012228
v 0.004882 0.059809 0.017394
v 0.003741 0.058734 0.015955
v 0.005062 0.059982 0.021122
v 0.004023 0.058837 0.019630
v 0.004501 0.059472 0.022193
v 0.003521 0.058270 0.020688
v 0.003867 0.058893 0.023204
v 0.002951 0.057633 0.021688
v 0.003154 0.058236 0.024138
v 0.002302 0.056919 0.022616
v 0.002357 0.057493 0.024978
v 0.001573 0.056118 0.023453
v 0.001479 0.056654 0.025709
v 0.005665 0.060618 0.015009
v 0.006035 0.060842 0.018853
v 0.006111 0.061086 0.022636
v 0.005488 0.060632 0.023721
v 0.004792 0.060111 0.024743
v 0.004014 0.059513 0.025685
v 0.003147 0.058827 0.026529
v 0.002199 0.058045 0.027260
v 0.001175 0.057163 0.027867
v -0.000624 0.052191 0.015874
v -0.001019 0.051251 0.016785
v -0.000203 0.052726 0.018202
v -0.000731 0.051757 0.019037
v 0.000029 0.053249 0.020482
v -0.000638 0.052245 0.021222
v 0.000060 0.053753 0.022690
v -0.000744 0.052707 0.023321
v -0.000111 0.054231 0.024808
v -0.001051 0.053136 0.025318
v -0.000486 0.054674 0.026819
v -0.001558 0.053526 0.027201
v -0.001064 0.055077 0.028709
v -0.002264 0.053871 0.028958
v -0.001844 0.055435 0.030469
v -0.003174 0.054167 0.030583
v -0.002827 0.055741 0.032089
v -0.000063 0.058065 0.031817
v -0.000990 0.058447 0.033582
v -0.000555 0.059894 0.035183
v -0.001028 0.063027 0.040079
v -0.002587 0.063330 0.041507
v -0.004354 0.063569 0.042733
v -0.006328 0.063744 0.043720
v -0.004821 0.046735 0.007260
v -0.000297 0.053055 0.014904
v 0.000255 0.053611 0.017290
v 0.000623 0.054163 0.019647
v 0.000796 0.054704 0.021954
v 0.000766 0.055223 0.024186
v 0.000528 0.055716 0.026323
v 0.000083 0.056174 0.028349
v -0.000567 0.056591 0.030248
v -0.001419 0.056960 0.032011
v 0.011125 0.068205 0.038869
v 0.011472 0.067462 0.036126
v -0.002351 0.049238 0.013124
v -0.001826 0.049738 0.015394
v -0.001482 0.050228 0.017621
v -0.001329 0.050700 0.019784
v -0.001371 0.051146 0.021864
v -0.001609 0.051560 0.023848
v -0.002045 0.051937 0.025723
v -0.002679 0.052270 0.027479
v -0.003517 0.052556 0.029108
v 0.006461 0.061309 0.012412
v -0.004393 0.043758 0.012254
v -0.003680 0.045427 0.013549
v -0.004008 0.044165 0.014332
v -0.003351 0.045849 0.015649
v -0.003799 0.044549 0.016347
v -0.003204 0.046249 0.017678
v -0.003773 0.044906 0.018285
v -0.003242 0.046621 0.019626
v -0.003932 0.045231 0.020138
v -0.003470 0.046958 0.021482
v -0.004283 0.045518 0.021896
v -0.003890 0.047256 0.023241
v -0.004833 0.045763 0.023556
v -0.007446 0.032935 0.017798
v -0.007760 0.032989 0.018594
v -0.007613 0.034940 0.019599
v -0.008152 0.033033 0.019356
v -0.008036 0.034986 0.020342
v -0.008628 0.033069 0.020076
v -0.008538 0.035023 0.021042
v -0.009187 0.033095 0.020744
v -0.009122 0.035050 0.021687
v -0.009827 0.033112 0.021351
v -0.009783 0.035067 0.022271
v -0.009053 0.036982 0.022677
v -0.008345 0.038862 0.023109
v -0.008444 0.036954 0.022054
v -0.007786 0.038822 0.022449
v -0.007914 0.036916 0.021374
v -0.007302 0.038772 0.021741
v -0.007460 0.036868 0.020649
v -0.007084 0.036809 0.019888
v -0.007268 0.034884 0.018822
v -0.006993 0.034819 0.018017
v -0.007204 0.032874 0.016979
v -0.007028 0.032803 0.016139
v -0.007265 0.030840 0.015130
v -0.007181 0.030765 0.014263
v -0.007445 0.028786 0.013283
v -0.007176 0.030594 0.012492
v -0.007505 0.028624 0.011494
v -0.007361 0.030395 0.010680
v -0.007653 0.040702 0.023566
v -0.007139 0.040650 0.022875
v -0.006893 0.038711 0.020995
v -0.006776 0.036742 0.019097
v -0.006784 0.034745 0.017191
v -0.006912 0.032725 0.015284
v -0.006840 0.032544 0.013531
v -0.006961 0.032335 0.011729
v -0.005048 0.041947 0.019318
v -0.005227 0.042065 0.020170
v -0.005459 0.042174 0.020999
v -0.005745 0.042272 0.021805
v -0.005470 0.044086 0.023056
v -0.005149 0.043984 0.022259
v -0.004882 0.043871 0.021436
v -0.004668 0.043748 0.020589
v -0.006796 0.044325 0.025267
v -0.006497 0.042436 0.023335
v -0.006324 0.040513 0.021381
v -0.006277 0.038560 0.019417
v -0.006350 0.036579 0.017450
v -0.006784 0.034004 0.010972
v -0.006553 0.034253 0.012818
v -0.006497 0.034474 0.014610
v -0.006634 0.034663 0.016346
v -0.006533 0.036665 0.018284
v -0.006553 0.038640 0.020219
v -0.006698 0.040587 0.022144
v -0.006971 0.042502 0.024051
v -0.007515 0.042556 0.024725
v -0.007372 0.044382 0.025926
v -0.008131 0.042599 0.025349
v -0.008018 0.044427 0.026533
v -0.007899 0.046225 0.027757
v -0.007224 0.046178 0.027167
v -0.006617 0.046119 0.026523
v -0.006078 0.046048 0.025834
v -0.005603 0.045964 0.025107
v -0.005190 0.045870 0.024346
v -0.008818 0.042630 0.025912
v -0.008240 0.040744 0.024207
v -0.008900 0.040774 0.024790
v -0.008979 0.038891 0.023712
v -0.009735 0.036999 0.023238
v -0.011354 0.033115 0.022390
v -0.011317 0.037001 0.024196
v -0.010487 0.037006 0.023741
v -0.012246 0.036986 0.024596
v -0.012267 0.033103 0.022819
v -0.012283 0.029136 0.021238
v -0.013290 0.036963 0.024915
v -0.013298 0.033083 0.023158
v -0.013304 0.029120 0.021599
v -0.012292 0.025097 0.019858
v -0.012294 0.020998 0.018680
v -0.014422 0.020977 0.019330
v -0.014424 0.025067 0.020477
v -0.014427 0.029098 0.021826
v -0.014432 0.033055 0.023373
v -0.014445 0.040715 0.027048
v -0.013281 0.040750 0.026862
v -0.012220 0.040776 0.026564
v -0.011269 0.040793 0.026192
v -0.011213 0.044480 0.028372
v -0.011148 0.048053 0.030730
v -0.009361 0.048050 0.029983
v -0.009434 0.046280 0.028750
v -0.009502 0.044479 0.027559
v -0.010412 0.040798 0.025773
v -0.009566 0.042649 0.026413
v -0.009626 0.040792 0.025310
v -0.008730 0.044459 0.027078
v -0.008638 0.046259 0.028286
v -0.007776 0.047992 0.029023
v -0.007071 0.047943 0.028449
v -0.006433 0.047882 0.027818
v -0.005860 0.047807 0.027142
v -0.005352 0.047721 0.026425
v -0.004904 0.047622 0.025673
v -0.004512 0.047512 0.024891
v -0.003409 0.046606 0.012700
v -0.002623 0.048190 0.014033
v -0.002957 0.047062 0.014876
v -0.002225 0.048663 0.016234
v -0.002686 0.047501 0.016995
v -0.002011 0.049118 0.018374
v -0.002600 0.047916 0.019042
v -0.001990 0.049549 0.020438
v -0.002705 0.048302 0.021001
v -0.002160 0.049949 0.022409
v -0.003001 0.048652 0.022863
v -0.002525 0.050312 0.024276
v -0.003492 0.048962 0.024619
v -0.003089 0.050634 0.026033
v -0.004185 0.049227 0.026262
v -0.003853 0.050909 0.027668
v -0.005095 0.049445 0.027781
v -0.004834 0.051135 0.029173
v -0.005638 0.049535 0.028487
v -0.006050 0.051309 0.030524
v -0.006244 0.049612 0.029152
v -0.006914 0.049676 0.029769
v -0.007649 0.049728 0.030329
v -0.005650 0.054600 0.033375
v -0.004298 0.054411 0.032063
v -0.005852 0.052972 0.031932
v -0.004568 0.052791 0.030600
v -0.004023 0.055994 0.033557
v -0.006646 0.060897 0.040506
v -0.006951 0.057890 0.037423
v -0.007242 0.054732 0.034476
v -0.007382 0.053099 0.033056
v -0.011075 0.051502 0.033259
v -0.013244 0.051456 0.033790
v -0.010994 0.054818 0.035952
v -0.009040 0.054806 0.035318
v -0.008860 0.057974 0.038216
v -0.014462 0.047968 0.031463
v -0.014473 0.051418 0.033934
v -0.013228 0.054776 0.036441
v -0.013191 0.060992 0.042210
v -0.013149 0.066595 0.048552
v -0.013100 0.071534 0.055398
v -0.079249 -0.000001 -0.095709
v -0.078841 -0.000001 -0.090962
v -0.078559 0.006646 -0.090855
v -0.071202 -0.000001 -0.068638
v -0.068586 -0.000001 -0.064656
v -0.067629 0.006569 -0.063663
v -0.065735 -0.000001 -0.060847
v -0.061392 -0.000001 -0.055414
v -0.058197 0.006575 -0.052122
v -0.059641 -0.000001 -0.053527
v -0.053157 -0.000001 -0.046542
v -0.052195 -0.000000 -0.045504
v -0.046458 -0.000000 -0.039766
v -0.034275 0.000000 -0.027579
v -0.067693 -0.000001 -0.063296
v -0.064634 0.006565 -0.059681
v -0.056040 0.013247 -0.050625
v -0.049065 0.013355 -0.043182
v -0.046097 0.020056 -0.041212
v -0.038990 0.020356 -0.033697
v -0.035423 0.026991 -0.031151
v -0.032047 0.020812 -0.026293
v -0.028554 0.027586 -0.023410
v -0.022041 0.028400 -0.015708
v -0.015374 0.035649 -0.008068
v -0.012065 0.061228 -0.038834
v -0.018782 0.058873 -0.041322
v -0.019310 0.061435 -0.051183
v -0.026005 0.059016 -0.053228
v -0.029447 0.059162 -0.059317
v -0.035903 0.056104 -0.061083
v -0.039037 0.056235 -0.067091
v -0.045136 0.052532 -0.068589
v -0.047801 0.052631 -0.074506
v -0.053415 0.048312 -0.075740
v -0.055487 0.048375 -0.081517
v -0.060505 0.043488 -0.082484
v -0.061937 0.043520 -0.088066
v -0.066281 0.038141 -0.088770
v -0.067113 0.038145 -0.094140
v -0.070749 0.032360 -0.094596
v -0.077888 0.013323 -0.095514
v -0.077482 0.013291 -0.090644
v -0.075691 0.019849 -0.090326
v -0.074805 0.019826 -0.085327
v -0.072209 0.026215 -0.084781
v -0.070721 0.026207 -0.079633
v -0.067304 0.032335 -0.078829
v -0.065168 0.032336 -0.073567
v -0.060968 0.038104 -0.072490
v -0.058240 0.038103 -0.067171
v -0.053337 0.043412 -0.065810
v -0.024324 0.052533 -0.035337
v -0.025320 0.055919 -0.043715
v -0.031613 0.052358 -0.046007
v -0.032511 0.056001 -0.055186
v -0.038757 0.052385 -0.057050
v -0.042089 0.052449 -0.062759
v -0.047927 0.048209 -0.064337
v -0.050875 0.048256 -0.069993
v -0.056179 0.043430 -0.071296
v -0.058584 0.043456 -0.076876
v -0.063239 0.038111 -0.077908
v -0.065006 0.038125 -0.083354
v -0.068926 0.032342 -0.084121
v -0.070054 0.032354 -0.089384
v -0.073206 0.026232 -0.089905
v -0.073782 0.026246 -0.094981
v -0.076169 0.019875 -0.095288
v -0.077309 -0.000001 -0.082388
v -0.076635 0.006608 -0.081307
v -0.075417 0.013245 -0.080875
v -0.073653 0.013232 -0.076067
v -0.071557 0.019804 -0.075358
v -0.069200 0.019800 -0.070526
v -0.066232 0.026209 -0.069533
v -0.063355 0.026214 -0.064710
v -0.059570 0.032348 -0.063422
v -0.056303 0.032366 -0.058612
v -0.051798 0.038124 -0.057014
v -0.048281 0.038161 -0.052180
v -0.045789 0.040867 -0.051231
v -0.071767 -0.000001 -0.069500
v -0.070401 0.006576 -0.067811
v -0.065881 0.013209 -0.062594
v -0.062738 0.013210 -0.058463
v -0.060124 0.019812 -0.057110
v -0.053216 0.019886 -0.048962
v -0.049748 0.026359 -0.047119
v -0.042540 0.026593 -0.039019
v -0.038422 0.032837 -0.036598
v -0.031351 0.033329 -0.028325
v -0.026807 0.039256 -0.025228
v -0.024615 0.034053 -0.020187
v -0.020259 0.040104 -0.016639
v -0.018323 0.035044 -0.012117
v -0.014246 0.041265 -0.008145
v -0.071423 0.013223 -0.071395
v -0.066445 0.019798 -0.065868
v -0.060186 0.026225 -0.060075
v -0.052851 0.032399 -0.053970
v -0.041025 0.038331 -0.042895
v -0.076683 0.013264 -0.085754
v -0.073437 0.019811 -0.080317
v -0.068716 0.026206 -0.074525
v -0.062560 0.032340 -0.068413
v -0.055149 0.038107 -0.062007
v -0.052718 0.040817 -0.061253
v -0.068803 0.013214 -0.066900
v -0.063391 0.019801 -0.061401
v -0.056817 0.026248 -0.055614
v -0.045669 0.032543 -0.045095
v -0.033785 0.038678 -0.033957
v -0.028678 0.044023 -0.031109
v -0.021832 0.044678 -0.021880
v -0.043169 0.043446 -0.050250
v -0.037588 0.048194 -0.048189
v -0.050155 0.043403 -0.060470
v -0.044664 0.048178 -0.058815
v -0.015516 0.045643 -0.012789
v 0.003044 0.046843 0.175303
v 0.006340 0.046827 0.175275
v 0.006377 0.047006 0.175156
v 0.002986 0.047017 0.175189
v -0.002566 0.047036 0.175130
v -0.007817 0.046889 0.175181
v -0.007819 0.047054 0.175073
v -0.021963 0.047069 0.174624
v -0.021966 0.046927 0.174714
v -0.008088 0.047055 0.175070
v -0.007905 0.046889 0.175178
v -0.007824 0.046889 0.175181
v -0.009964 -0.067654 -0.086753
v -0.010380 -0.067739 -0.088907
v -0.002722 -0.067331 -0.088612
v -0.006528 -0.067833 -0.101933
v -0.003531 -0.067524 -0.101817
v -0.003532 -0.067532 -0.097544
v 0.045203 -0.042195 -0.071719
v 0.046590 -0.042255 -0.065357
v 0.042671 -0.046379 -0.065508
v 0.043539 -0.042111 -0.082675
v 0.044110 -0.042143 -0.078089
v 0.039748 -0.047489 -0.074136
v 0.044813 -0.042177 -0.073997
v 0.044817 -0.042177 -0.073972
v 0.042902 -0.042073 -0.090423
v 0.043388 -0.042103 -0.083885
v 0.038422 -0.047615 -0.082835
v 0.043536 -0.042111 -0.082704
v 0.039586 -0.045814 -0.100153
v 0.042845 -0.042044 -0.100027
v 0.042771 -0.042055 -0.095896
v 0.037730 -0.047720 -0.091621
v 0.037669 -0.047741 -0.100227
v 0.042877 -0.042069 -0.091461
v 0.042877 -0.042069 -0.091448
v 0.031958 -0.052852 -0.091821
v 0.031882 -0.052910 -0.100451
v 0.032656 -0.052320 -0.100421
v 0.036231 -0.049187 -0.100283
v 0.028869 -0.055205 -0.100567
v 0.025657 -0.057324 -0.092042
v 0.025546 -0.057394 -0.100695
v 0.018901 -0.061070 -0.092280
v 0.020759 -0.060159 -0.100880
v 0.024896 -0.057822 -0.100720
v 0.011556 -0.064098 -0.096988
v 0.012037 -0.063961 -0.101216
v 0.018721 -0.061136 -0.096724
v 0.016464 -0.062210 -0.101046
v 0.018742 -0.061122 -0.100958
v 0.004107 -0.066241 -0.097262
v 0.007511 -0.065404 -0.101391
v 0.011581 -0.064107 -0.101234
v -0.001800 -0.067346 -0.101751
v 0.002891 -0.066535 -0.101569
v 0.004118 -0.066235 -0.101522
v -0.011275 -0.067997 -0.102116
v -0.011281 -0.067970 -0.098352
v -0.011249 -0.067960 -0.097831
v -0.011049 -0.067900 -0.094646
v -0.003261 -0.067453 -0.093064
v -0.010957 -0.067873 -0.093339
v -0.010976 -0.067878 -0.093479
v -0.007152 -0.067139 -0.075789
v -0.008150 -0.067308 -0.078994
v -0.001938 -0.067173 -0.084198
v -0.008188 -0.067315 -0.079119
v -0.009459 -0.067551 -0.084135
v -0.009521 -0.067564 -0.084460
v 0.002820 -0.066314 -0.067047
v 0.001006 -0.066511 -0.067117
v 0.000260 -0.066778 -0.075515
v -0.003316 -0.066671 -0.067283
v -0.004148 -0.066668 -0.067315
v -0.005662 -0.066900 -0.071428
v -0.006525 -0.067032 -0.073773
v 0.007616 -0.065550 -0.075257
v 0.010307 -0.065097 -0.066758
v 0.010054 -0.065163 -0.066767
v 0.009717 -0.065250 -0.066780
v 0.005394 -0.066037 -0.066947
v 0.003124 -0.066282 -0.067035
v 0.013986 -0.064140 -0.066616
v 0.014775 -0.063448 -0.075006
v 0.017078 -0.063084 -0.066496
v 0.023802 -0.060182 -0.066237
v 0.022412 -0.060902 -0.066290
v 0.021635 -0.060508 -0.074767
v 0.018218 -0.062694 -0.066452
v 0.017285 -0.063014 -0.066488
v 0.030274 -0.056475 -0.065987
v 0.030162 -0.056543 -0.065991
v 0.028112 -0.056804 -0.074540
v 0.026584 -0.058741 -0.066129
v 0.023957 -0.060101 -0.066231
v 0.030738 -0.056190 -0.065969
v 0.034159 -0.052431 -0.074328
v 0.034876 -0.053224 -0.065809
v 0.038990 -0.049826 -0.065650
v 0.036151 -0.052171 -0.065760
v 0.036084 -0.052226 -0.065763
v 0.041623 -0.047360 -0.065549
v 0.041591 -0.047390 -0.065550
v 0.032728 -0.052667 -0.083024
v 0.026535 -0.057103 -0.083232
v 0.019895 -0.060837 -0.083456
v 0.012877 -0.063794 -0.083694
v 0.005566 -0.065917 -0.083942
v 0.004841 -0.066061 -0.088351
v 0.004348 -0.066171 -0.092795
v 0.011767 -0.064033 -0.092532
v -0.058196 -0.006578 -0.052123
v -0.064633 -0.006567 -0.059681
v -0.067628 -0.006571 -0.063663
v -0.070401 -0.006579 -0.067811
v -0.068801 -0.013217 -0.066901
v -0.013238 -0.051457 0.033788
v -0.013252 -0.048007 0.031303
v -0.011142 -0.048052 0.030728
v -0.005226 -0.057744 0.036363
v -0.004793 -0.060736 0.039485
v -0.006638 -0.060896 0.040504
v -0.007375 -0.053097 0.033054
v -0.007511 -0.051429 0.031672
v -0.006043 -0.051308 0.030522
v -0.012215 -0.040775 0.026562
v -0.011264 -0.040791 0.026190
v -0.011208 -0.044479 0.028370
v -0.007509 -0.042555 0.024723
v -0.007648 -0.040701 0.023564
v -0.007134 -0.040648 0.022873
v -0.006284 -0.044255 0.024563
v -0.005843 -0.044175 0.023825
v -0.005597 -0.045963 0.025105
v -0.006491 -0.042434 0.023333
v -0.006965 -0.042500 0.024049
v -0.002995 -0.048651 0.022861
v -0.003464 -0.046957 0.021480
v -0.003236 -0.046619 0.019624
v -0.002594 -0.047915 0.019040
v -0.003198 -0.046248 0.017676
v -0.003345 -0.045848 0.015647
v -0.002679 -0.047499 0.016993
v -0.003674 -0.045425 0.013547
v -0.006088 -0.037443 0.011358
v -0.006638 -0.035599 0.010199
v -0.007137 -0.035291 0.008248
v -0.008159 -0.027014 0.015839
v -0.008031 -0.029024 0.016712
v -0.008364 -0.029065 0.017515
v -0.008408 -0.025007 0.015438
v -0.008282 -0.024988 0.015010
v -0.008397 -0.022947 0.014227
v -0.014416 -0.004227 0.016817
v -0.010193 -0.004220 0.014096
v -0.010252 -0.008443 0.014566
v -0.010576 -0.008446 0.014994
v -0.009224 -0.004206 0.011481
v -0.009097 -0.004189 0.009244
v -0.009814 -0.012374 0.004978
v -0.009292 -0.016492 0.006359
v -0.008856 -0.016595 0.008290
v -0.011130 -0.008180 0.001741
v -0.012359 -0.026951 -0.001868
v -0.013684 -0.023174 -0.003703
v -0.016265 -0.022701 -0.007575
v -0.001861 -0.051959 0.010127
v -0.001005 -0.052499 0.012509
v -0.002935 -0.049690 0.009832
v -0.003930 -0.047217 0.009526
v -0.003192 -0.047705 0.011789
v -0.004851 -0.044538 0.009208
v -0.015369 -0.035647 -0.008069
v -0.012602 -0.036323 -0.003971
v -0.016020 -0.029446 -0.007913
v -0.019192 -0.047178 -0.020120
v -0.016468 -0.049531 -0.018306
v -0.010416 -0.050607 -0.008662
v -0.044523 -0.006724 -0.037968
v 0.000485 -0.068108 0.046961
v 0.001254 -0.070388 0.050546
v -0.000744 -0.070754 0.051952
v 0.005148 -0.063193 0.033710
v 0.005569 -0.062576 0.031326
v 0.007208 -0.064867 0.034641
v 0.002427 -0.061773 0.034744
v 0.003156 -0.061257 0.032656
v 0.004497 -0.063779 0.035975
v 0.002492 -0.059933 0.031032
v 0.003027 -0.059487 0.005696
v 0.005125 -0.060442 0.011062
v 0.002476 -0.058594 0.008410
v -0.078997 -0.006696 -0.100445
v -0.024099 -0.066775 -0.102611
v -0.023971 -0.066795 -0.102606
v -0.023681 -0.066734 -0.095748
v 0.031396 -0.078068 0.079828
v 0.031188 -0.078149 0.080126
v 0.027854 -0.077818 0.072735
v -0.015870 -0.000853 0.016801
v -0.015877 -0.005876 0.016999
v -0.015597 -0.004226 0.016906
v -0.015593 -0.008446 0.017221
v -0.015887 -0.008441 0.017251
v -0.015897 -0.010872 0.017490
v -0.015592 -0.012649 0.017743
v -0.015927 -0.015850 0.018277
v -0.015593 -0.016823 0.018473
v -0.015935 -0.016814 0.018489
v -0.015968 -0.020800 0.019362
v -0.015599 -0.020959 0.019411
v -0.016013 -0.025032 0.020557
v -0.016020 -0.025691 0.020743
v -0.015608 -0.025045 0.020551
v -0.016084 -0.030439 0.022392
v -0.015635 -0.033023 0.023435
v -0.016264 -0.040638 0.027095
v -0.016236 -0.039279 0.026343
v -0.015678 -0.040674 0.027094
v -0.016155 -0.034902 0.024236
v -0.016124 -0.032996 0.023448
v -0.016328 -0.043572 0.028719
v -0.015734 -0.047921 0.031491
v -0.016430 -0.047758 0.031362
v -0.015882 -0.060914 0.042303
v -0.016848 -0.060853 0.042263
v -0.016792 -0.059427 0.040803
v -0.015803 -0.054690 0.036579
v -0.016662 -0.055715 0.037422
v -0.016628 -0.054638 0.036551
v -0.015768 -0.051370 0.033951
v -0.016541 -0.051815 0.034268
v -0.016433 -0.047891 0.031458
v -0.015970 -0.066533 0.048605
v -0.017090 -0.066491 0.048532
v -0.017081 -0.066321 0.048309
v -0.016928 -0.062861 0.044317
v -0.017246 -0.069588 0.052591
v -0.016065 -0.071496 0.055419
v -0.017353 -0.071434 0.055352
v -0.016166 -0.075756 0.062679
v -0.017587 -0.075112 0.061416
v -0.017416 -0.072521 0.056978
v -0.017926 -0.079251 0.070218
v -0.017763 -0.077422 0.065984
v -0.017632 -0.075708 0.062595
v -0.017948 -0.079497 0.070789
v -0.012973 -0.079260 0.070319
v -0.018143 -0.081317 0.075846
v -0.012908 -0.081986 0.078252
v -0.012840 -0.083924 0.086398
v -0.018342 -0.082815 0.081003
v -0.018232 -0.081989 0.078159
v -0.018956 -0.085329 0.096926
v -0.018868 -0.085114 0.094635
v -0.012768 -0.085060 0.094687
v -0.018749 -0.084826 0.091568
v -0.018544 -0.083987 0.086250
v -0.019160 -0.085494 0.102220
v -0.015832 -0.085460 0.102279
v -0.014626 -0.085429 0.102252
v -0.012704 -0.085380 0.102211
v -0.004765 -0.085022 0.101594
v -0.006067 -0.085112 0.101786
v -0.005224 -0.084708 0.094085
v -0.007730 -0.085189 0.101921
v -0.010807 -0.085332 0.102169
v -0.001658 -0.084808 0.101137
v -0.001510 -0.084421 0.093450
v -0.000905 -0.084740 0.100975
v 0.005679 -0.084074 0.099319
v 0.003031 -0.084368 0.100071
v 0.002139 -0.084057 0.092558
v 0.002221 -0.084458 0.100301
v -0.000838 -0.084735 0.100961
v 0.012120 -0.083147 0.096759
v 0.010503 -0.083401 0.097480
v 0.009139 -0.083098 0.089966
v 0.009242 -0.083600 0.098040
v 0.005697 -0.083616 0.091399
v 0.006818 -0.083922 0.098910
v 0.005759 -0.084063 0.099290
v 0.012825 -0.083036 0.096446
v 0.012438 -0.082507 0.088259
v 0.014061 -0.082812 0.095782
v 0.015835 -0.082489 0.094828
v 0.015570 -0.081849 0.086280
v 0.017456 -0.082153 0.093800
v 0.021577 -0.081223 0.090871
v 0.020667 -0.081436 0.091550
v 0.018507 -0.081129 0.084033
v 0.018768 -0.081882 0.092966
v 0.018056 -0.082029 0.093419
v 0.026832 -0.079735 0.085876
v 0.026434 -0.079855 0.086287
v 0.023696 -0.079539 0.078804
v 0.024248 -0.080512 0.088534
v 0.021222 -0.080356 0.081536
v 0.023668 -0.080666 0.089041
v 0.023414 -0.080734 0.089264
v 0.025911 -0.078690 0.075861
v 0.029150 -0.078944 0.083066
v 0.028948 -0.079013 0.083309
v 0.028070 -0.079312 0.084374
v 0.034840 -0.076399 0.073263
v 0.033405 -0.077160 0.076329
v 0.029523 -0.076935 0.069455
v 0.033153 -0.077274 0.076769
v 0.031949 -0.077818 0.078865
v 0.035160 -0.076229 0.072578
v 0.035023 -0.076302 0.072871
v 0.030916 -0.076051 0.066052
v 0.036252 -0.075534 0.069637
v 0.037398 -0.074685 0.065915
v 0.037233 -0.074816 0.066500
v 0.032043 -0.075177 0.062551
v 0.036649 -0.075280 0.068563
v 0.039399 -0.072290 0.054384
v 0.039368 -0.072395 0.054948
v 0.033550 -0.073492 0.055357
v 0.038769 -0.073356 0.059752
v 0.038737 -0.073390 0.059913
v 0.038294 -0.073859 0.062120
v 0.039638 -0.071447 0.049875
v 0.039463 -0.072063 0.053173
v 0.034173 -0.071931 0.048019
v 0.039590 -0.070868 0.046540
v 0.039089 -0.069590 0.038684
v 0.039119 -0.069623 0.038909
v 0.034040 -0.070524 0.040620
v 0.039172 -0.069728 0.039569
v 0.039561 -0.070518 0.044525
v 0.039588 -0.070839 0.046375
v 0.037879 -0.068493 0.030877
v 0.038241 -0.068745 0.032794
v 0.033255 -0.069282 0.033210
v 0.038397 -0.068855 0.033623
v 0.036170 -0.067545 0.023144
v 0.036870 -0.067890 0.026076
v 0.031905 -0.068205 0.025824
v 0.037354 -0.068127 0.028102
v 0.033966 -0.066770 0.015518
v 0.034483 -0.066908 0.017088
v 0.030065 -0.067291 0.018490
v 0.035146 -0.067150 0.019424
v 0.035994 -0.067459 0.022409
v 0.032241 -0.066308 0.010279
v 0.033089 -0.066535 0.012856
v 0.027803 -0.066534 0.011224
v 0.031390 -0.066143 0.007994
v 0.030041 -0.065882 0.004368
v 0.030783 -0.066026 0.006361
v 0.025182 -0.065929 0.004037
v 0.028479 -0.065672 0.000581
v 0.022260 -0.065467 -0.003069
v 0.025484 -0.065347 -0.006386
v 0.026900 -0.065461 -0.003247
v 0.019445 -0.065036 -0.019186
v 0.019591 -0.065041 -0.018885
v 0.015724 -0.064942 -0.017058
v 0.021965 -0.065127 -0.013973
v 0.019090 -0.065141 -0.010098
v 0.023411 -0.065179 -0.010981
v 0.025325 -0.065334 -0.006739
v 0.007510 -0.065413 -0.042420
v 0.013318 -0.065122 -0.031204
v 0.008601 -0.064892 -0.030836
v 0.014533 -0.065062 -0.028856
v 0.014840 -0.065059 -0.028253
v 0.000881 -0.066035 -0.055877
v 0.002410 -0.065859 -0.052589
v 0.001297 -0.065235 -0.044562
v 0.006974 -0.065454 -0.043483
v 0.007362 -0.065420 -0.042706
v -0.008900 -0.066263 -0.065525
v -0.011762 -0.066670 -0.072723
v -0.002760 -0.066480 -0.064009
v -0.005706 -0.065874 -0.058450
v -0.001437 -0.066301 -0.060857
v 0.000484 -0.066080 -0.056732
v -0.014172 -0.067063 -0.080063
v -0.015996 -0.067402 -0.087554
v -0.017088 -0.067640 -0.095172
v -0.014982 -0.067895 -0.102259
v -0.019558 -0.067489 -0.102436
v -0.017328 -0.067687 -0.102350
v -0.033004 -0.064427 -0.102954
v -0.030476 -0.065186 -0.102857
v -0.030165 -0.065187 -0.096309
v -0.028591 -0.065752 -0.102784
v -0.042568 -0.060227 -0.097374
v -0.041479 -0.060912 -0.103281
v -0.036481 -0.063013 -0.096853
v -0.037182 -0.062861 -0.103116
v -0.036811 -0.063000 -0.103101
v -0.048366 -0.056850 -0.097867
v -0.045615 -0.058676 -0.103441
v -0.042880 -0.060154 -0.103335
v -0.054067 -0.052789 -0.103767
v -0.053383 -0.053369 -0.103741
v -0.053818 -0.052911 -0.098327
v -0.049589 -0.056158 -0.103594
v -0.048656 -0.056749 -0.103558
v -0.056872 -0.050417 -0.103875
v -0.058867 -0.048446 -0.098752
v -0.059063 -0.048311 -0.103960
v -0.063458 -0.043494 -0.099136
v -0.063047 -0.044043 -0.104113
v -0.059780 -0.047622 -0.103987
v -0.067542 -0.038105 -0.099478
v -0.066052 -0.040239 -0.104229
v -0.063589 -0.043358 -0.104134
v -0.071234 -0.031999 -0.104429
v -0.071093 -0.032241 -0.104423
v -0.071073 -0.032333 -0.099773
v -0.068787 -0.036217 -0.104335
v -0.067594 -0.037972 -0.104289
v -0.073374 -0.027611 -0.104511
v -0.074012 -0.026239 -0.100021
v -0.073954 -0.026168 -0.104534
v -0.075203 -0.023057 -0.104582
v -0.076327 -0.019887 -0.100217
v -0.076229 -0.019850 -0.104622
v -0.076702 -0.018369 -0.104641
v -0.077993 -0.013349 -0.100358
v -0.077861 -0.013578 -0.104684
v -0.078606 -0.009195 -0.104713
v -0.077900 -0.013347 -0.104686
v -0.079063 -0.004769 -0.104730
v -0.078863 -0.006702 -0.104723
v -0.078920 -0.006674 -0.095654
v -0.033824 -0.062657 -0.083449
v -0.031663 -0.062391 -0.076844
v -0.038039 -0.059763 -0.078117
v -0.035544 -0.059547 -0.071782
v -0.041815 -0.056382 -0.073186
v -0.039030 -0.056233 -0.067093
v -0.045129 -0.052533 -0.068591
v -0.042082 -0.052447 -0.062761
v -0.047921 -0.048210 -0.064340
v -0.044658 -0.048178 -0.058817
v -0.050149 -0.043404 -0.060471
v -0.012534 -0.065113 -0.060312
v -0.019340 -0.063776 -0.062111
v -0.015672 -0.065471 -0.067172
v -0.022408 -0.064090 -0.068769
v -0.018466 -0.065845 -0.074139
v -0.025119 -0.064419 -0.075515
v -0.020813 -0.066208 -0.081224
v -0.027382 -0.064738 -0.082355
v -0.022593 -0.066520 -0.088433
v -0.029100 -0.065009 -0.089292
v -0.029052 -0.062116 -0.070308
v -0.032652 -0.059342 -0.065508
v -0.035896 -0.056103 -0.061086
v -0.038750 -0.052383 -0.057053
v -0.031606 -0.052356 -0.046009
v -0.018052 -0.056074 -0.032549
v -0.025313 -0.055918 -0.043718
v -0.032504 -0.056000 -0.055188
v -0.029439 -0.059161 -0.059319
v -0.026065 -0.061855 -0.063846
v -0.011551 -0.058999 -0.029650
v -0.004723 -0.059479 -0.018057
v -0.007947 -0.058087 -0.019808
v -0.022785 -0.061622 -0.057471
v -0.025997 -0.059014 -0.053230
v -0.018774 -0.058869 -0.041325
v -0.011119 -0.056541 -0.021530
v 0.001405 -0.060375 -0.006475
v -0.001725 -0.058958 -0.008544
v -0.004872 -0.061326 -0.026647
v 0.001856 -0.061815 -0.014470
v -0.001453 -0.060721 -0.016277
v 0.001679 -0.064213 -0.033595
v -0.005222 -0.062999 -0.036261
v -0.012485 -0.063264 -0.049058
v -0.005601 -0.064526 -0.046850
v 0.018347 -0.065225 -0.000210
v 0.015382 -0.064780 -0.006977
v 0.011593 -0.063999 -0.004342
v 0.008807 -0.064272 -0.020354
v 0.001928 -0.063074 -0.023549
v 0.008571 -0.063572 -0.010776
v 0.004948 -0.062226 -0.008360
v 0.004584 -0.061640 -0.004371
v -0.019302 -0.061431 -0.051186
v -0.012057 -0.061224 -0.038837
v 0.000664 -0.058666 0.000301
v -0.002204 -0.056889 -0.002020
v -0.007823 -0.055658 -0.012574
v -0.010778 -0.053771 -0.014529
v -0.017282 -0.052983 -0.024876
v 0.003002 -0.057648 0.018158
v 0.000398 -0.055264 0.011759
v 0.001502 -0.056460 0.013136
v -0.001604 -0.054208 0.006888
v -0.000426 -0.055376 0.008194
v -0.002645 -0.054416 0.003303
v -0.007750 -0.052858 -0.006505
v -0.000115 -0.056585 0.005823
v 0.000766 -0.056504 0.009519
v 0.002619 -0.057616 0.014534
v 0.004031 -0.058834 0.019628
v 0.004508 -0.059468 0.022190
v 0.001972 -0.057592 0.010863
v 0.003748 -0.058731 0.015952
v 0.005070 -0.059979 0.021120
v 0.005496 -0.060629 0.023718
v 0.004426 -0.059647 0.013608
v 0.003192 -0.058640 0.012226
v 0.005673 -0.060614 0.015007
v 0.006933 -0.061540 0.016422
v 0.007177 -0.062145 0.024168
v 0.007500 -0.062826 0.026839
v 0.006119 -0.061083 0.022633
v 0.006493 -0.061748 0.025268
v 0.008381 -0.062781 0.021827
v 0.007207 -0.061830 0.020329
v 0.006043 -0.060838 0.018851
v 0.004890 -0.059805 0.017391
v 0.014358 -0.064557 0.002128
v 0.011064 -0.063727 -0.000070
v 0.007805 -0.062757 -0.002236
v 0.007236 -0.062282 0.001587
v 0.004122 -0.060998 -0.000690
v 0.006572 -0.061746 0.005080
v 0.003591 -0.060284 0.002668
v 0.005853 -0.061137 0.008234
v 0.006469 -0.061306 0.012409
v 0.008203 -0.062425 0.017855
v 0.009567 -0.063691 0.023343
v 0.009533 -0.064854 0.030044
v 0.009321 -0.064144 0.027299
v 0.010405 -0.065080 0.028894
v 0.009541 -0.065571 0.032768
v 0.011595 -0.066713 0.033328
v 0.011496 -0.065975 0.030509
v 0.012595 -0.066827 0.032141
v 0.006675 -0.062420 0.027887
v 0.007623 -0.063513 0.029493
v 0.008512 -0.063861 0.028431
v 0.008245 -0.063165 0.025724
v 0.004758 -0.061367 0.029702
v 0.004404 -0.061968 0.032060
v 0.003954 -0.060116 0.028102
v 0.001834 -0.058567 0.029435
v 0.001836 -0.060434 0.033105
v 0.006643 -0.063088 0.030464
v 0.007531 -0.064197 0.032103
v 0.013701 -0.067639 0.033793
v 0.011481 -0.067458 0.036123
v 0.009322 -0.066285 0.035444
v -0.007788 -0.071434 0.054683
v -0.008243 -0.066550 0.047732
v -0.005294 -0.071279 0.054046
v -0.005989 -0.066426 0.047051
v -0.002931 -0.071051 0.053128
v -0.003885 -0.066234 0.046092
v -0.001979 -0.065976 0.044886
v -0.000274 -0.065653 0.043468
v 0.002140 -0.067699 0.045346
v 0.003061 -0.069955 0.048925
v 0.004667 -0.069461 0.047100
v 0.013442 -0.069175 0.039555
v 0.012962 -0.069945 0.042364
v 0.011134 -0.068201 0.038866
v 0.010543 -0.068931 0.041524
v 0.008867 -0.066986 0.038043
v 0.008169 -0.067663 0.040533
v 0.006650 -0.065514 0.037079
v 0.005858 -0.066130 0.039388
v 0.003624 -0.064324 0.038099
v 0.001484 -0.062244 0.036685
v -0.007303 -0.075605 0.062035
v -0.004566 -0.075416 0.061423
v -0.001942 -0.075152 0.060531
v 0.000526 -0.074816 0.059370
v 0.002819 -0.074408 0.057965
v 0.004928 -0.073930 0.056327
v 0.006841 -0.073388 0.054467
v 0.008543 -0.072786 0.052394
v -0.006795 -0.079036 0.069719
v -0.003813 -0.078814 0.069116
v -0.000928 -0.078517 0.068233
v 0.001818 -0.078143 0.067079
v 0.004404 -0.077696 0.065669
v 0.006817 -0.077178 0.064010
v 0.009037 -0.076593 0.062111
v 0.011047 -0.075947 0.059983
v 0.012829 -0.075246 0.057643
v 0.010016 -0.072131 0.050125
v 0.014364 -0.074501 0.055109
v 0.021032 -0.065807 0.006612
v 0.016824 -0.065251 0.008625
v 0.013590 -0.064405 0.006244
v 0.010393 -0.063416 0.003898
v 0.009602 -0.063055 0.007536
v 0.008730 -0.062629 0.010824
v 0.007827 -0.062129 0.013773
v 0.009486 -0.063269 0.019306
v 0.010762 -0.064559 0.024876
v 0.023389 -0.066533 0.013487
v 0.018950 -0.066091 0.015140
v 0.015794 -0.065223 0.012566
v 0.012678 -0.064212 0.010031
v 0.011657 -0.063967 0.013464
v 0.010579 -0.063657 0.016543
v 0.010781 -0.064074 0.020772
v 0.011966 -0.065387 0.026429
v 0.027968 -0.069653 0.034286
v 0.028470 -0.071023 0.041220
v 0.022877 -0.069555 0.034660
v 0.023171 -0.071039 0.041156
v 0.020126 -0.068604 0.031469
v 0.020631 -0.070057 0.037769
v 0.017409 -0.067503 0.028337
v 0.018117 -0.068920 0.034447
v 0.015632 -0.067626 0.031188
v 0.015933 -0.069138 0.037150
v 0.018187 -0.070473 0.040578
v 0.020461 -0.071646 0.044073
v 0.017415 -0.072101 0.046637
v 0.022753 -0.072661 0.047636
v 0.025366 -0.067412 0.020403
v 0.026912 -0.068450 0.027343
v 0.020696 -0.067083 0.021656
v 0.022023 -0.068236 0.028163
v 0.017643 -0.066190 0.018880
v 0.019101 -0.067314 0.025180
v 0.014629 -0.065152 0.016150
v 0.016219 -0.066246 0.022248
v 0.013377 -0.065029 0.019369
v 0.014729 -0.066249 0.025265
v 0.012087 -0.064838 0.022253
v 0.013179 -0.066174 0.027998
v 0.027378 -0.074221 0.054961
v 0.032916 -0.074322 0.058979
v 0.037858 -0.074320 0.064290
v 0.026556 -0.075089 0.058316
v 0.025477 -0.075965 0.061596
v 0.021434 -0.074359 0.053988
v 0.020388 -0.075212 0.057051
v 0.022217 -0.073505 0.050840
v 0.028321 -0.072555 0.048126
v 0.016659 -0.072918 0.049575
v 0.015643 -0.073722 0.052411
v -0.006274 -0.081705 0.077667
v -0.003046 -0.081455 0.077059
v 0.000099 -0.081127 0.076178
v 0.003120 -0.080722 0.075022
v 0.005995 -0.080242 0.073602
v 0.008708 -0.079690 0.071922
v 0.011236 -0.079070 0.069987
v 0.013555 -0.078388 0.067809
v 0.015647 -0.077650 0.065403
v 0.017491 -0.076869 0.062790
v 0.019073 -0.076053 0.059996
v -0.005748 -0.083599 0.085810
v -0.002274 -0.083326 0.085191
v 0.001124 -0.082975 0.084304
v 0.004416 -0.082548 0.083146
v 0.007579 -0.082043 0.081716
v 0.010588 -0.081466 0.080018
v 0.013418 -0.080821 0.078055
v 0.016048 -0.080114 0.075836
v 0.018451 -0.079351 0.073376
v 0.020608 -0.078545 0.070695
v 0.022504 -0.077705 0.067818
v 0.024127 -0.076841 0.064775
v -0.042027 -0.013555 -0.035964
v -0.035073 -0.013865 -0.028844
v -0.030859 -0.007106 -0.024152
v -0.024347 -0.007389 -0.017086
v -0.019126 -0.022245 -0.011404
v -0.018913 -0.015160 -0.010748
v -0.016140 -0.015482 -0.006990
v -0.028320 -0.014297 -0.021711
v -0.021906 -0.014849 -0.014455
v -0.018320 -0.007714 -0.009787
v -0.021826 -0.044676 -0.021882
v -0.013004 -0.048200 -0.010758
v -0.013324 -0.030042 -0.003929
v -0.011750 -0.033596 -0.001925
v -0.010108 -0.037056 0.000198
v -0.011464 -0.041973 -0.003894
v -0.008894 -0.042770 0.000412
v -0.010783 -0.039606 -0.001833
v -0.006638 -0.043636 0.004792
v -0.008404 -0.040406 0.002438
v -0.007369 -0.040821 0.004591
v -0.008020 -0.037816 0.004402
v -0.014241 -0.041263 -0.008147
v -0.009523 -0.034286 0.002185
v -0.010971 -0.030660 0.000093
v -0.009829 -0.046966 -0.003813
v -0.007254 -0.047778 0.000674
v -0.009395 -0.044945 -0.001657
v -0.004916 -0.048692 0.005213
v -0.006937 -0.045801 0.002762
v -0.004815 -0.046734 0.007258
v -0.015510 -0.045642 -0.012790
v -0.007505 -0.049603 -0.001519
v -0.005043 -0.050465 0.003096
v -0.002833 -0.051437 0.007761
v -0.003871 -0.049182 0.007513
v 0.000649 -0.054415 0.016311
v -0.000020 -0.053846 0.013885
v 0.001599 -0.055739 0.017745
v 0.000976 -0.055154 0.015286
v 0.002559 -0.057023 0.019204
v 0.001983 -0.056421 0.016711
v 0.003529 -0.058266 0.020685
v 0.000203 -0.054581 0.012836
v -0.005110 -0.052088 0.000855
v -0.002766 -0.053000 0.005603
v -0.000693 -0.054028 0.010404
v -0.015607 -0.007880 -0.006032
v -0.010539 -0.012283 0.003011
v -0.013178 -0.008038 -0.002197
v -0.012392 -0.012076 -0.000865
v -0.009904 -0.016375 0.004436
v -0.010295 -0.008243 0.003760
v -0.009952 -0.004142 0.004830
v -0.009625 -0.008299 0.005816
v -0.009169 -0.008347 0.007910
v -0.012597 -0.019741 -0.001581
v -0.013661 -0.015803 -0.003198
v -0.010663 -0.020113 0.002233
v -0.011552 -0.016106 0.000611
v -0.009723 -0.024081 0.004004
v -0.011477 -0.023642 0.000172
v -0.010300 -0.027490 0.002062
v -0.009071 -0.031270 0.004090
v -0.009452 -0.027749 0.004004
v -0.009875 -0.020284 0.004131
v -0.007709 -0.031839 0.007987
v -0.007252 -0.032097 0.009879
v -0.008167 -0.028225 0.007810
v -0.008339 -0.020761 0.010720
v -0.008417 -0.020706 0.009784
v -0.007945 -0.024774 0.011449
v -0.008014 -0.024705 0.010535
v -0.007822 -0.026635 0.010535
v -0.006957 -0.032333 0.011728
v -0.006836 -0.032543 0.013530
v -0.007358 -0.030394 0.010679
v -0.007172 -0.030592 0.012491
v -0.007750 -0.028435 0.009668
v -0.007501 -0.028622 0.011493
v -0.008549 -0.020647 0.008846
v -0.008134 -0.024631 0.009617
v -0.008506 -0.024466 0.007765
v -0.009380 -0.004168 0.007014
v -0.009197 -0.004179 0.008124
v -0.009100 -0.004198 0.010367
v -0.009488 -0.004213 0.012570
v -0.009337 -0.004210 0.012030
v -0.009259 -0.012454 0.006968
v -0.009060 -0.012490 0.007972
v -0.008920 -0.012523 0.008981
v -0.009042 -0.008368 0.008969
v -0.008852 -0.012553 0.009991
v -0.008998 -0.008387 0.010031
v -0.008865 -0.012579 0.011000
v -0.008973 -0.012602 0.012001
v -0.008717 -0.016641 0.009259
v -0.008638 -0.016682 0.010227
v -0.008629 -0.016719 0.011193
v -0.009969 -0.008439 0.014113
v -0.009914 -0.004218 0.013607
v -0.009727 -0.008435 0.013640
v -0.009680 -0.004216 0.013097
v -0.009522 -0.008430 0.013151
v -0.009353 -0.008424 0.012649
v -0.009222 -0.008418 0.012136
v -0.009121 -0.008411 0.011617
v -0.009052 -0.008404 0.011091
v -0.010515 -0.004222 0.014558
v -0.010938 -0.008448 0.015395
v -0.012254 -0.008451 0.016394
v -0.012759 -0.008451 0.016646
v -0.012716 0.000001 0.016185
v -0.011779 -0.008451 0.016099
v -0.011340 -0.008450 0.015764
v -0.013846 -0.008450 0.017016
v -0.013291 -0.008451 0.016854
v -0.009066 -0.012612 0.012496
v -0.009189 -0.012622 0.012982
v -0.009341 -0.012630 0.013461
v -0.009528 -0.012638 0.013928
v -0.009746 -0.012644 0.014382
v -0.010000 -0.012650 0.014820
v -0.010290 -0.012655 0.015238
v -0.010614 -0.012658 0.015635
v -0.010976 -0.012661 0.016009
v -0.010997 -0.016849 0.016828
v -0.011394 -0.016850 0.017149
v -0.013849 -0.012658 0.017543
v -0.013300 -0.012660 0.017387
v -0.014417 -0.008449 0.017131
v -0.014417 -0.012656 0.017655
v -0.014418 -0.016835 0.018389
v -0.011824 -0.016850 0.017444
v -0.012287 -0.016848 0.017707
v -0.012781 -0.016846 0.017937
v -0.013304 -0.016843 0.018128
v -0.008700 -0.016752 0.012153
v -0.008769 -0.016767 0.012628
v -0.008862 -0.016781 0.013099
v -0.008981 -0.016793 0.013564
v -0.009128 -0.016805 0.014020
v -0.009302 -0.016815 0.014467
v -0.009506 -0.016824 0.014902
v -0.009740 -0.016831 0.015324
v -0.010007 -0.016838 0.015729
v -0.010304 -0.016843 0.016115
v -0.010635 -0.016846 0.016483
v -0.008375 -0.020854 0.012577
v -0.008323 -0.020810 0.011651
v -0.008237 -0.022906 0.013336
v -0.007978 -0.024894 0.013253
v -0.008463 -0.027053 0.016664
v -0.008728 -0.025041 0.016270
v -0.008556 -0.025025 0.015858
v -0.008868 -0.020940 0.014823
v -0.008723 -0.020926 0.014385
v -0.008505 -0.020893 0.013491
v -0.008602 -0.020910 0.013940
v -0.008857 -0.027085 0.017453
v -0.009144 -0.025068 0.017062
v -0.008924 -0.025055 0.016672
v -0.009235 -0.020965 0.015668
v -0.009039 -0.020953 0.015251
v -0.009346 -0.027109 0.018194
v -0.009659 -0.025087 0.017800
v -0.009389 -0.025079 0.017439
v -0.009711 -0.020983 0.016463
v -0.009460 -0.020975 0.016073
v -0.006908 -0.032723 0.015282
v -0.007261 -0.030838 0.015129
v -0.007177 -0.030764 0.014261
v -0.007491 -0.028855 0.014161
v -0.007441 -0.028784 0.013281
v -0.007715 -0.026854 0.013237
v -0.007697 -0.026787 0.012344
v -0.007931 -0.024837 0.012355
v -0.007793 -0.026914 0.014119
v -0.007603 -0.028919 0.015029
v -0.009863 -0.031134 0.020476
v -0.009898 -0.029138 0.019651
v -0.009297 -0.029122 0.018996
v -0.008707 -0.031092 0.019155
v -0.008259 -0.031058 0.018413
v -0.007897 -0.031015 0.017630
v -0.008785 -0.029098 0.018280
v -0.009242 -0.031118 0.019846
v -0.009823 -0.033110 0.021350
v -0.009183 -0.033094 0.020743
v -0.008624 -0.033068 0.020075
v -0.008147 -0.033032 0.019355
v -0.007756 -0.032987 0.018592
v -0.009992 -0.020990 0.016838
v -0.009955 -0.025094 0.018146
v -0.010300 -0.020995 0.017195
v -0.010275 -0.025099 0.018477
v -0.010636 -0.020998 0.017536
v -0.010621 -0.025102 0.018790
v -0.011003 -0.021000 0.017856
v -0.010994 -0.025103 0.019087
v -0.011400 -0.021000 0.018155
v -0.014419 -0.020975 0.019329
v -0.013300 -0.029118 0.021598
v -0.013304 -0.025083 0.020237
v -0.012288 -0.025096 0.019857
v -0.013305 -0.020988 0.019080
v -0.011829 -0.020999 0.018430
v -0.011826 -0.025100 0.019622
v -0.012291 -0.020997 0.018679
v -0.012784 -0.020993 0.018897
v -0.010589 -0.029146 0.020245
v -0.011378 -0.029144 0.020777
v -0.011395 -0.025102 0.019365
v -0.009929 -0.027125 0.018875
v -0.010232 -0.029143 0.019956
v -0.012279 -0.029134 0.021237
v -0.010542 -0.033117 0.021896
v -0.011350 -0.033113 0.022388
v -0.012263 -0.033101 0.022818
v -0.013294 -0.033081 0.023157
v -0.007791 -0.034966 0.006256
v -0.008318 -0.031562 0.006055
v -0.008738 -0.027995 0.005922
v -0.009042 -0.024282 0.005894
v -0.009225 -0.020441 0.006021
v -0.008731 -0.020583 0.007906
v -0.005677 -0.044085 0.007000
v -0.006461 -0.041238 0.006744
v -0.005697 -0.041652 0.008882
v -0.007168 -0.038195 0.006493
v -0.006463 -0.038566 0.008556
v -0.006780 -0.034003 0.010970
v -0.006548 -0.034251 0.012816
v -0.006492 -0.034472 0.014609
v -0.006629 -0.034662 0.016345
v -0.007024 -0.032802 0.016138
v -0.007404 -0.030905 0.015981
v -0.006345 -0.036577 0.017449
v -0.006140 -0.036378 0.015728
v -0.005781 -0.038260 0.016886
v -0.006130 -0.036147 0.013943
v -0.005705 -0.038018 0.015109
v -0.006299 -0.035886 0.012098
v -0.005810 -0.037744 0.013264
v -0.005311 -0.039577 0.014466
v -0.005270 -0.039863 0.016310
v -0.005415 -0.040117 0.018082
v -0.005892 -0.038369 0.017748
v -0.005090 -0.042056 0.010988
v -0.005286 -0.040699 0.011797
v -0.005914 -0.038923 0.010580
v -0.004959 -0.041053 0.013783
v -0.005528 -0.039262 0.012553
v -0.004805 -0.041382 0.015704
v -0.004382 -0.043470 0.018824
v -0.004289 -0.043159 0.016975
v -0.004381 -0.042816 0.015047
v -0.004649 -0.042446 0.013048
v -0.004277 -0.045516 0.021894
v -0.003926 -0.045229 0.020136
v -0.003767 -0.044905 0.018283
v -0.003793 -0.044548 0.016345
v -0.004002 -0.044163 0.014330
v -0.004387 -0.043757 0.012252
v -0.004179 -0.044986 0.011395
v -0.003403 -0.046604 0.012698
v -0.002617 -0.048188 0.014031
v -0.000290 -0.053051 0.014902
v -0.001217 -0.051648 0.013518
v -0.002134 -0.050208 0.012161
v -0.002345 -0.049235 0.013122
v -0.001820 -0.049737 0.015392
v 0.005734 -0.061285 0.026302
v 0.005763 -0.061937 0.028847
v 0.004800 -0.060108 0.024740
v 0.004888 -0.060744 0.027253
v 0.003875 -0.058889 0.023201
v 0.004021 -0.059509 0.025683
v 0.002958 -0.057630 0.021686
v 0.003161 -0.058233 0.024136
v 0.002050 -0.056329 0.020195
v 0.002309 -0.056916 0.022614
v 0.001151 -0.054988 0.018728
v 0.001465 -0.055558 0.021116
v 0.000262 -0.053607 0.017288
v 0.000630 -0.054160 0.019645
v -0.000617 -0.052187 0.015872
v -0.000196 -0.052723 0.018200
v -0.001487 -0.050730 0.014483
v -0.001013 -0.051248 0.016782
v 0.003666 -0.060701 0.030435
v 0.003155 -0.058823 0.026526
v 0.002933 -0.059392 0.028833
v 0.002364 -0.057490 0.024976
v 0.002206 -0.058043 0.027257
v 0.001580 -0.056115 0.023450
v 0.001486 -0.056653 0.025706
v 0.000803 -0.054700 0.021951
v 0.000773 -0.055222 0.024184
v 0.000036 -0.053247 0.020479
v 0.000066 -0.053752 0.022687
v -0.000724 -0.051756 0.019035
v -0.000632 -0.052244 0.021219
v -0.001475 -0.050226 0.017619
v -0.001323 -0.050698 0.019782
v -0.002219 -0.048661 0.016232
v -0.002005 -0.049116 0.018372
v -0.002951 -0.047060 0.014874
v 0.001248 -0.059054 0.031491
v 0.001182 -0.057161 0.027864
v 0.000667 -0.057634 0.029905
v 0.000535 -0.055715 0.026321
v 0.000090 -0.056173 0.028346
v -0.000104 -0.054229 0.024805
v -0.000479 -0.054673 0.026816
v -0.000738 -0.052705 0.023319
v -0.001044 -0.053134 0.025315
v -0.001364 -0.051144 0.021862
v 0.000454 -0.059498 0.033411
v -0.000547 -0.059892 0.035181
v -0.000055 -0.058064 0.031814
v -0.000982 -0.058446 0.033580
v -0.000559 -0.056589 0.030246
v -0.001412 -0.056959 0.032008
v -0.001057 -0.055076 0.028706
v -0.006780 -0.034744 0.017190
v -0.007200 -0.032872 0.016977
v -0.004830 -0.041681 0.017549
v -0.005042 -0.041946 0.019316
v -0.005560 -0.040230 0.018939
v -0.006054 -0.038468 0.018592
v -0.006529 -0.036663 0.018282
v -0.006989 -0.034818 0.018015
v -0.007442 -0.032934 0.017797
v -0.007614 -0.030964 0.016816
v -0.007779 -0.028975 0.015880
v -0.007939 -0.026968 0.014988
v -0.008092 -0.024944 0.014139
v -0.004663 -0.043746 0.020587
v -0.005221 -0.042064 0.020168
v -0.005756 -0.040334 0.019775
v -0.006272 -0.038558 0.019416
v -0.006771 -0.036740 0.019095
v -0.007263 -0.034882 0.018820
v -0.003884 -0.047255 0.023239
v -0.004179 -0.049226 0.026260
v -0.004506 -0.047510 0.024889
v -0.004898 -0.047621 0.025671
v -0.005184 -0.045868 0.024344
v -0.009621 -0.040791 0.025308
v -0.008895 -0.040772 0.024789
v -0.008812 -0.042629 0.025911
v -0.008235 -0.040742 0.024206
v -0.008126 -0.042598 0.025347
v -0.008012 -0.044425 0.026531
v -0.007770 -0.047991 0.029021
v -0.008632 -0.046257 0.028284
v -0.007893 -0.046223 0.027755
v -0.008724 -0.044458 0.027076
v -0.007366 -0.044380 0.025924
v -0.007218 -0.046176 0.027165
v -0.007065 -0.047942 0.028447
v -0.004827 -0.045762 0.023554
v -0.005143 -0.043982 0.022257
v -0.005464 -0.044084 0.023055
v -0.005739 -0.042270 0.021803
v -0.006084 -0.042358 0.022582
v -0.006319 -0.040512 0.021379
v -0.006692 -0.040585 0.022143
v -0.006888 -0.038709 0.020993
v -0.007297 -0.038770 0.021739
v -0.007456 -0.036866 0.020647
v -0.007781 -0.038820 0.022447
v -0.007909 -0.036914 0.021372
v -0.008340 -0.038860 0.023107
v -0.008439 -0.036953 0.022052
v -0.008974 -0.038889 0.023710
v -0.009048 -0.036981 0.022675
v -0.009730 -0.036998 0.023236
v -0.004877 -0.043869 0.021434
v -0.005453 -0.042172 0.020998
v -0.006009 -0.040428 0.020590
v -0.006548 -0.038639 0.020218
v -0.007079 -0.036808 0.019886
v -0.007608 -0.034938 0.019598
v -0.008031 -0.034984 0.020341
v -0.008534 -0.035021 0.021041
v -0.009118 -0.035049 0.021686
v -0.009779 -0.035065 0.022270
v -0.010482 -0.037004 0.023740
v -0.011312 -0.036999 0.024194
v -0.012241 -0.036985 0.024595
v -0.013285 -0.036961 0.024914
v -0.014428 -0.033055 0.023371
v -0.014424 -0.029096 0.021825
v -0.014421 -0.025066 0.020476
v -0.009496 -0.044478 0.027557
v -0.010407 -0.040797 0.025771
v -0.009560 -0.042648 0.026411
v -0.009355 -0.048049 0.029981
v -0.009428 -0.046278 0.028748
v -0.014456 -0.047969 0.031461
v -0.014439 -0.040716 0.027047
v -0.013265 -0.044435 0.028992
v -0.013276 -0.040749 0.026860
v -0.012183 -0.044461 0.028715
v -0.006072 -0.046046 0.025832
v -0.005346 -0.047719 0.026423
v -0.005854 -0.047806 0.027139
v -0.005089 -0.049443 0.027778
v -0.005632 -0.049533 0.028485
v -0.004827 -0.051134 0.029171
v -0.003486 -0.048961 0.024617
v -0.003082 -0.050632 0.026030
v -0.003847 -0.050908 0.027666
v -0.003510 -0.052555 0.029106
v -0.004561 -0.052789 0.030598
v -0.004291 -0.054409 0.032060
v -0.005643 -0.054598 0.033373
v -0.007235 -0.054731 0.034474
v -0.005845 -0.052971 0.031929
v -0.006238 -0.049611 0.029150
v -0.006426 -0.047880 0.027816
v -0.006611 -0.046117 0.026521
v -0.006791 -0.044323 0.025265
v -0.006944 -0.057889 0.037421
v -0.001984 -0.049547 0.020436
v -0.002154 -0.049947 0.022407
v -0.001603 -0.051559 0.023846
v -0.002038 -0.051935 0.025720
v -0.001551 -0.053524 0.027198
v -0.002257 -0.053869 0.028955
v -0.001837 -0.055433 0.030467
v -0.002820 -0.055740 0.032087
v -0.002469 -0.057277 0.033625
v -0.003736 -0.057539 0.035084
v -0.001752 -0.060232 0.036793
v -0.003165 -0.060514 0.038234
v -0.004015 -0.055993 0.033555
v -0.003167 -0.054166 0.030580
v -0.002672 -0.052269 0.027476
v -0.002519 -0.050311 0.024274
v -0.002699 -0.048300 0.020999
v -0.014466 -0.051418 0.033931
v -0.009280 -0.049787 0.031254
v -0.011068 -0.051501 0.033257
v -0.013221 -0.054776 0.036438
v 0.011249 -0.071434 0.047679
v 0.008619 -0.070308 0.046468
v 0.006061 -0.068909 0.045083
v 0.003593 -0.067229 0.043537
v 0.001230 -0.065267 0.041857
v -0.001020 -0.063026 0.040076
v -0.002578 -0.063328 0.041504
v -0.004346 -0.063568 0.042730
v -0.006320 -0.063743 0.043717
v -0.008659 -0.060992 0.041254
v -0.010802 -0.061022 0.041797
v -0.008853 -0.057973 0.038214
v -0.010987 -0.054818 0.035950
v -0.009033 -0.054804 0.035316
v -0.009201 -0.051494 0.032568
v -0.013035 -0.075768 0.062676
v -0.013090 -0.071535 0.055395
v -0.013141 -0.066595 0.048549
v -0.013184 -0.060993 0.042208
v -0.006908 -0.049675 0.029767
v -0.007642 -0.049726 0.030327
v 0.015421 -0.070723 0.043061
v 0.014805 -0.071517 0.045934
v 0.012233 -0.070701 0.045083
v 0.009703 -0.069636 0.044067
v 0.007232 -0.068308 0.042887
v 0.004836 -0.066704 0.041547
v 0.002531 -0.064822 0.040064
v 0.000334 -0.062663 0.038466
v -0.077819 -0.006626 -0.086061
v -0.076634 -0.006610 -0.081307
v -0.072876 -0.006588 -0.072142
v -0.065879 -0.013211 -0.062595
v -0.066443 -0.019801 -0.065869
v -0.062736 -0.013212 -0.058464
v -0.063389 -0.019803 -0.061402
v -0.063352 -0.026216 -0.064711
v -0.051425 -0.006625 -0.044940
v -0.056038 -0.013249 -0.050625
v -0.060122 -0.019815 -0.057111
v -0.060183 -0.026227 -0.060076
v -0.059566 -0.032351 -0.063423
v -0.056173 -0.043431 -0.071298
v -0.058235 -0.038103 -0.067173
v -0.060963 -0.038105 -0.072491
v -0.062556 -0.032342 -0.068414
v -0.065164 -0.032338 -0.073569
v -0.066229 -0.026211 -0.069534
v -0.068713 -0.026209 -0.074526
v -0.069197 -0.019803 -0.070527
v -0.071555 -0.019807 -0.075359
v -0.071422 -0.013225 -0.071395
v -0.073651 -0.013235 -0.076068
v -0.074976 -0.006598 -0.076650
v -0.035458 -0.062879 -0.090121
v -0.040078 -0.059972 -0.084495
v -0.041608 -0.060141 -0.090915
v -0.046082 -0.056693 -0.085490
v -0.047489 -0.056810 -0.091668
v -0.051769 -0.052839 -0.086420
v -0.053041 -0.052911 -0.092373
v -0.057075 -0.048436 -0.087283
v -0.058201 -0.048473 -0.093024
v -0.061932 -0.043521 -0.088068
v -0.062908 -0.043535 -0.093615
v -0.066276 -0.038142 -0.088771
v -0.067108 -0.038146 -0.094141
v -0.070050 -0.032357 -0.089385
v -0.070745 -0.032362 -0.094598
v -0.073202 -0.026234 -0.089906
v -0.073778 -0.026249 -0.094982
v -0.075688 -0.019852 -0.090327
v -0.076166 -0.019877 -0.095289
v -0.077480 -0.013294 -0.090645
v -0.077886 -0.013326 -0.095514
v -0.078558 -0.006648 -0.090856
v -0.050018 -0.052737 -0.080463
v -0.053408 -0.048312 -0.075742
v -0.055481 -0.048375 -0.081519
v -0.058579 -0.043456 -0.076878
v -0.060499 -0.043488 -0.082486
v -0.063234 -0.038112 -0.077910
v -0.065001 -0.038125 -0.083356
v -0.067300 -0.032338 -0.078830
v -0.068922 -0.032344 -0.084123
v -0.070718 -0.026210 -0.079634
v -0.072205 -0.026218 -0.084783
v -0.073435 -0.019814 -0.080318
v -0.074803 -0.019828 -0.085328
v -0.075415 -0.013247 -0.080875
v -0.076681 -0.013266 -0.085755
v -0.052713 -0.040818 -0.061255
v -0.053332 -0.043412 -0.065812
v -0.050869 -0.048256 -0.069995
v -0.047795 -0.052631 -0.074508
v -0.044180 -0.056541 -0.079327
v -0.049063 -0.013355 -0.043183
v -0.053214 -0.019886 -0.048963
v -0.056813 -0.026251 -0.055615
v -0.056299 -0.032367 -0.058613
v -0.055144 -0.038108 -0.062009
v -0.051793 -0.038124 -0.057015
v -0.052846 -0.032400 -0.053971
v -0.049745 -0.026360 -0.047121
v -0.046094 -0.020056 -0.041213
v -0.004803 -0.057387 -0.010578
v -0.014233 -0.054840 -0.023220
v -0.024317 -0.052532 -0.035339
v -0.037582 -0.048193 -0.048191
v -0.043163 -0.043447 -0.050252
v -0.045783 -0.040868 -0.051233
v -0.048276 -0.038162 -0.052182
v -0.041020 -0.038331 -0.042896
v -0.045664 -0.032544 -0.045097
v -0.038418 -0.032838 -0.036599
v -0.042537 -0.026594 -0.039021
v -0.035420 -0.026992 -0.031152
v -0.038988 -0.020356 -0.033698
v -0.028550 -0.027584 -0.023411
v -0.032044 -0.020812 -0.026293
v -0.022037 -0.028399 -0.015709
v -0.025376 -0.021440 -0.018904
v -0.005011 -0.054952 -0.004289
v -0.013661 -0.051729 -0.016441
v -0.023153 -0.048805 -0.028077
v -0.030279 -0.048379 -0.038003
v -0.028672 -0.044021 -0.031111
v -0.018950 -0.028894 -0.011835
v -0.018318 -0.035043 -0.012119
v -0.024611 -0.034051 -0.020189
v -0.020254 -0.040103 -0.016641
v -0.031346 -0.033327 -0.028326
v -0.026802 -0.039254 -0.025230
v -0.033780 -0.038679 -0.033958
v -0.035870 -0.043630 -0.040527
v 0.001059 -0.059561 -0.002928
v -0.008590 -0.034630 0.004230
v 0.000259 -0.057678 0.003210
v -0.021957 -0.047075 0.174622
v -0.021960 -0.046933 0.174712
v -0.021838 -0.051323 0.171558
v -0.021262 -0.066482 0.156652
v -0.021414 -0.063159 0.160579
v -0.021419 -0.063040 0.160720
v -0.021564 -0.059453 0.164470
v -0.021568 -0.059360 0.164567
v -0.021705 -0.055515 0.168124
v -0.021708 -0.055446 0.168189
v -0.021837 -0.051359 0.171529
v -0.019367 -0.085332 0.107575
v -0.019553 -0.084889 0.112405
v -0.019572 -0.084845 0.112887
v -0.022079 0.041599 0.177657
v -0.022074 0.041871 0.177526
v -0.020923 -0.072625 0.147879
v -0.021088 -0.069820 0.152155
v -0.019961 -0.082989 0.122954
v -0.019775 -0.084034 0.118149
v -0.019758 -0.084102 0.117708
v -0.019977 -0.082899 0.123369
v -0.020160 -0.081558 0.128124
v -0.020176 -0.081443 0.128533
v -0.019347 -0.085348 0.107065
v -0.022063 -0.042150 0.177384
v -0.022074 -0.041602 0.177648
v -0.022155 -0.037239 0.179753
v -0.020559 -0.077635 0.138452
v -0.020734 -0.075402 0.142983
v -0.020744 -0.075276 0.143239
v -0.020914 -0.072753 0.147655
v -0.021097 0.069811 0.152156
v -0.021113 0.069547 0.152557
v -0.021263 0.066605 0.156466
v -0.020935 0.072581 0.147947
v -0.020924 0.072747 0.147658
v -0.021738 0.054740 0.168790
v -0.022165 0.036967 0.179872
v -0.022175 -0.036014 0.180255
v -0.022235 -0.032211 0.181816
v -0.022261 -0.030263 0.182483
v -0.022303 -0.027056 0.183579
v -0.021096 -0.069693 0.152348
v -0.021255 -0.066619 0.156468
v -0.020356 -0.079812 0.133199
v -0.020370 -0.079682 0.133571
v -0.020548 -0.077758 0.138159
v -0.019591 0.084814 0.113085
v -0.019564 0.084877 0.112407
v -0.021712 0.055492 0.168107
v -0.021596 0.058807 0.165101
v -0.021571 0.059432 0.164457
v -0.021444 0.062640 0.161157
v -0.021421 0.063141 0.160572
v -0.021283 0.066225 0.156971
v -0.021978 0.046410 0.175021
v -0.022310 0.026770 0.183666
v -0.022265 0.030258 0.182486
v -0.022243 0.031925 0.181922
v -0.022180 0.036009 0.180262
v -0.022456 -0.005607 0.187498
v -0.022463 -0.000154 0.187670
v -0.022463 -0.000004 0.187666
v -0.022457 0.005298 0.187514
v -0.022405 -0.016412 0.186184
v -0.022429 -0.012304 0.186808
v -0.022437 -0.011016 0.187004
v -0.022454 -0.006169 0.187447
v -0.022332 -0.024377 0.184321
v -0.022360 -0.021779 0.185040
v -0.022388 -0.018382 0.185765
v -0.019379 0.085325 0.107599
v -0.019358 0.085342 0.107068
v -0.020210 0.081243 0.129147
v -0.020171 0.081539 0.128124
v -0.019800 0.083959 0.118520
v -0.019769 0.084086 0.117709
v -0.021870 0.050457 0.172210
v -0.021843 0.051335 0.171509
v -0.022408 0.016170 0.186225
v -0.022391 0.018375 0.185762
v -0.022365 0.021522 0.185102
v -0.022335 0.024371 0.184323
v -0.022455 0.006160 0.187438
v -0.022439 0.010736 0.187031
v -0.022430 0.012295 0.186801
v -0.020007 0.082767 0.123881
v -0.019971 0.082972 0.122956
v -0.020783 0.074868 0.143993
v -0.020743 0.075381 0.142978
v -0.020602 0.077230 0.139321
v -0.020557 0.077734 0.138153
v -0.020409 0.079394 0.134301
v -0.020366 0.079790 0.133197
v 0.006383 -0.047009 0.175153
v 0.006346 -0.046830 0.175273
v 0.003321 -0.047021 0.175185
v -0.003927 -0.046879 0.175254
v -0.002560 -0.047041 0.175127
v -0.017149 -0.046923 0.174894
v -0.007813 -0.047058 0.175074
v -0.007788 -0.047058 0.175075
v -0.007816 -0.046892 0.175148
v -0.007897 -0.046892 0.175146
v 0.065102 0.042482 -0.014437
v 0.060086 0.042334 -0.026485
v 0.065062 0.042623 -0.014311
v 0.059924 0.042567 -0.026422
v 0.065022 0.042739 -0.014179
v 0.064933 0.042992 -0.013893
v 0.059771 0.042796 -0.026363
v 0.059603 0.042790 -0.026772
v 0.058969 0.042766 -0.028300
v 0.055686 0.042642 -0.036724
v 0.054895 0.042406 -0.039242
v 0.055152 0.042622 -0.038096
v 0.055032 0.042192 -0.039290
v 0.052447 0.042517 -0.045660
v 0.054759 0.042607 -0.039194
v 0.052840 0.042135 -0.045394
v 0.052713 0.042131 -0.045747
v 0.052046 0.042501 -0.046780
v 0.052029 0.042113 -0.047652
v 0.051785 0.042491 -0.047512
v 0.050302 0.042428 -0.052170
v 0.050547 0.042075 -0.052244
v 0.049221 0.042382 -0.055563
v 0.049580 0.042051 -0.055237
v 0.048828 0.042365 -0.056979
v 0.049333 0.042045 -0.056108
v 0.048341 0.042344 -0.058733
v 0.048574 0.042026 -0.058794
v 0.047290 0.042298 -0.062513
v 0.047542 0.042001 -0.062441
v 0.046600 0.042267 -0.065291
v 0.046795 0.041984 -0.065403
v 0.059169 0.042307 -0.028686
v 0.056770 0.042241 -0.034825
v 0.055104 0.042194 -0.039090
v 0.044985 0.041949 -0.074026
v 0.045367 0.041956 -0.071855
v 0.046440 0.041977 -0.067004
v 0.044312 0.041937 -0.077840
v 0.044284 0.041936 -0.078061
v 0.043679 0.041930 -0.082718
v 0.043529 0.041928 -0.083870
v 0.043098 0.041931 -0.089263
v 0.043033 0.041931 -0.090075
v 0.042994 0.041934 -0.091464
v 0.042919 0.041954 -0.100022
v 0.042861 0.041944 -0.096046
v 0.042895 0.041941 -0.094891
v 0.052032 0.025179 -0.099671
v 0.048758 0.032447 -0.099797
v 0.050179 0.029606 -0.099743
v 0.051121 0.027354 -0.099706
v 0.045615 0.038008 -0.099918
v 0.046007 0.037342 -0.099903
v 0.048040 0.033882 -0.099825
v 0.054836 0.015964 -0.099563
v 0.055765 0.011238 -0.099527
v 0.056373 0.006442 -0.099504
v 0.056421 0.005620 -0.099502
v 0.056650 0.001661 -0.099493
v 0.053085 0.022095 -0.099631
v 0.053590 0.020617 -0.099611
v 0.054640 0.016700 -0.099571
v 0.047362 -0.035116 -0.099853
v 0.054516 -0.017342 -0.099576
v 0.053180 -0.021962 -0.099628
v 0.053131 -0.022094 -0.099630
v 0.051532 -0.026495 -0.099692
v 0.056229 -0.007905 -0.099510
v 0.055749 -0.011180 -0.099529
v 0.055533 -0.012652 -0.099537
v 0.054657 -0.016689 -0.099571
v 0.056633 0.000008 -0.099494
v 0.056600 -0.003124 -0.099496
v 0.056408 -0.005603 -0.099503
v 0.046000 -0.037321 -0.099905
v 0.044846 -0.039192 -0.099950
v 0.042924 -0.041941 -0.100024
v 0.051153 -0.027352 -0.099706
v 0.049589 -0.030887 -0.099767
v 0.048773 -0.032438 -0.099798
v 0.046436 -0.041965 -0.067004
v 0.046800 -0.041972 -0.065405
v 0.045752 -0.041952 -0.070007
v 0.044986 -0.041937 -0.074028
v 0.043669 -0.041916 -0.082718
v 0.043697 -0.041916 -0.082419
v 0.044320 -0.041926 -0.078067
v 0.044632 -0.041930 -0.075890
v 0.043130 -0.041916 -0.088575
v 0.043099 -0.041917 -0.089264
v 0.043004 -0.041921 -0.091467
v 0.042889 -0.041925 -0.094092
v 0.042894 -0.041927 -0.094892
v 0.063147 -0.042410 -0.019077
v 0.065108 -0.042469 -0.014442
v 0.065029 -0.042725 -0.014185
v 0.064989 -0.042850 -0.014058
v 0.064940 -0.042979 -0.013898
v 0.059778 -0.042785 -0.026367
v 0.059930 -0.042554 -0.026426
v 0.060108 -0.042322 -0.026495
v 0.057744 -0.042254 -0.032265
v 0.054900 -0.042394 -0.039245
v 0.056771 -0.042228 -0.034824
v 0.052728 -0.042119 -0.045753
v 0.052850 -0.042122 -0.045397
v 0.052453 -0.042505 -0.045663
v 0.053807 -0.042147 -0.042623
v 0.054588 -0.042591 -0.039624
v 0.055068 -0.042181 -0.039305
v 0.049365 -0.042033 -0.056118
v 0.050541 -0.042063 -0.052242
v 0.050304 -0.042415 -0.052172
v 0.050908 -0.042072 -0.051034
v 0.051581 -0.042471 -0.048133
v 0.052057 -0.042490 -0.046784
v 0.047405 -0.042289 -0.062095
v 0.048404 -0.042009 -0.059284
v 0.048341 -0.042330 -0.058734
v 0.048554 -0.042013 -0.058789
v 0.048830 -0.042351 -0.056979
v 0.049173 -0.042366 -0.055748
v 0.059609 -0.042779 -0.026774
v 0.058818 -0.042749 -0.028684
v 0.055706 -0.042633 -0.036732
v 0.054754 -0.042597 -0.039193
v 0.015084 0.071491 0.147040
v 0.015292 0.071485 0.147010
v 0.015214 0.071686 0.146621
v 0.006767 0.049141 0.173898
v 0.006391 0.047504 0.175112
v 0.006807 0.047503 0.175105
v 0.016435 0.073524 0.142679
v 0.056622 0.059647 0.013583
v 0.057992 0.057432 0.008513
v 0.056493 0.059641 0.013356
v 0.056454 0.059699 0.013483
v 0.015011 0.071381 0.147276
v 0.025027 0.080654 0.094429
v 0.019367 0.081924 0.098514
v 0.020813 0.081524 0.104120
v -0.013505 0.055497 0.168391
v 0.014376 0.069862 0.149334
v 0.015493 0.071681 0.145732
v 0.013282 0.071833 0.146113
v 0.050666 0.065833 0.032165
v 0.051561 0.064951 0.029278
v 0.048925 0.065455 0.026860
v 0.059925 0.053714 0.002278
v 0.060789 0.052044 -0.000513
v 0.056130 0.051923 -0.011751
v 0.061647 0.050387 -0.003280
v 0.062956 0.047582 -0.007504
v 0.062291 0.047558 -0.009150
v 0.035053 0.077426 0.082567
v 0.036842 0.076376 0.076794
v 0.030007 0.079262 0.089587
v -0.014572 0.085301 0.107126
v -0.007441 0.085061 0.106814
v 0.006527 0.083929 0.104232
v -0.000377 0.084609 0.105885
v 0.013154 0.083028 0.101785
v 0.034211 0.077802 0.084080
v 0.036888 0.076344 0.076645
v 0.038978 0.074899 0.069897
v 0.040205 0.074050 0.065935
v 0.040936 0.073507 0.063572
v 0.042713 0.072188 0.057840
v 0.042691 0.072204 0.057908
v 0.044342 0.070965 0.052577
v 0.043088 0.071911 0.056628
v 0.045850 0.068740 0.041177
v 0.045034 0.070443 0.050345
v 0.045851 0.069803 0.047705
v 0.046224 0.069511 0.046500
v 0.044575 0.067839 0.033943
v 0.042887 0.067051 0.026775
v 0.040849 0.066380 0.019685
v 0.038512 0.065823 0.012677
v 0.033129 0.065048 -0.001107
v 0.035926 0.065380 0.005748
v 0.027064 0.064696 -0.014624
v 0.020608 0.064727 -0.027962
v 0.014076 0.065083 -0.041251
v 0.007826 0.065690 -0.054651
v 0.004952 0.066054 -0.061456
v 0.012176 0.064884 -0.060726
v 0.019205 0.062855 -0.060003
v 0.025940 0.060002 -0.059301
v 0.032307 0.056402 -0.058632
v 0.038266 0.052164 -0.058011
v 0.043807 0.047398 -0.057450
v 0.046979 0.047381 -0.047597
v 0.050524 0.047384 -0.037874
v 0.054322 0.047413 -0.028248
v 0.063236 0.046979 -0.008411
v 0.058256 0.056575 0.007661
v 0.058544 0.056081 0.006731
v 0.056972 0.055997 0.002757
v 0.059352 0.054696 0.004126
v 0.049623 0.055820 -0.014670
v 0.056449 0.059290 0.013501
v 0.049863 0.059246 -0.001359
v 0.056142 0.059692 0.014495
v 0.048882 0.062256 0.009951
v 0.055993 0.059885 0.014974
v 0.051814 0.062635 0.017869
v 0.054465 0.061842 0.019911
v 0.054702 0.061572 0.019145
v 0.043934 0.064396 0.011846
v 0.046566 0.064870 0.019313
v 0.053496 0.062940 0.023035
v 0.052998 0.063506 0.024643
v 0.052803 0.063727 0.025272
v 0.050487 0.065987 0.032743
v 0.050161 0.066269 0.033793
v 0.048757 0.067483 0.038324
v 0.047318 0.068655 0.042969
v 0.048206 0.067959 0.040100
v 0.034498 0.077753 0.084364
v 0.034424 0.077787 0.084598
v 0.032344 0.078759 0.091313
v 0.028201 0.079768 0.104689
v 0.028505 0.079759 0.103707
v 0.026798 0.080287 0.100112
v 0.030378 0.079412 0.097663
v 0.030666 0.079316 0.096731
v 0.022256 0.080829 0.109709
v 0.027687 0.079781 0.106352
v 0.024238 0.079324 0.117486
v 0.025014 0.079573 0.114981
v 0.023694 0.079840 0.115262
v 0.025164 0.079594 0.114495
v 0.026696 0.079808 0.109550
v 0.017703 0.079514 0.123688
v 0.022928 0.078839 0.121715
v 0.016572 0.080845 0.118279
v 0.023272 0.079015 0.120604
v 0.019563 0.076576 0.132579
v 0.020130 0.077097 0.130748
v 0.018826 0.077883 0.129020
v 0.020877 0.077628 0.128334
v 0.021709 0.078217 0.125651
v 0.018965 0.076025 0.134511
v 0.011628 0.076661 0.136207
v 0.010789 0.078635 0.131064
v 0.012459 0.074391 0.141230
v 0.015725 0.072059 0.144981
v 0.017194 0.074081 0.140237
v 0.018619 0.075708 0.135627
v 0.004830 0.069404 0.151835
v 0.013909 0.068978 0.150839
v 0.014025 0.069198 0.150465
v 0.004266 0.072286 0.147200
v 0.005389 0.066250 0.156287
v 0.012419 0.065965 0.155645
v 0.013053 0.067355 0.153600
v 0.005947 0.062839 0.160536
v 0.006502 0.059184 0.164567
v 0.009719 0.059091 0.164369
v 0.010580 0.061556 0.161585
v 0.011023 0.062666 0.160157
v 0.011769 0.064541 0.157744
v 0.007530 0.051740 0.171433
v 0.008331 0.054695 0.168849
v 0.007055 0.055302 0.168359
v 0.008506 0.055265 0.168284
v 0.009418 0.058230 0.165341
v -0.002893 0.051296 0.172011
v 0.007386 0.051209 0.171898
v -0.003221 0.055430 0.168540
v 0.007323 0.050976 0.172102
v -0.013606 0.059437 0.164714
v -0.013703 0.063145 0.160802
v -0.013795 0.066606 0.156668
v -0.013883 0.069808 0.152331
v -0.013967 0.072736 0.147807
v -0.014049 0.075381 0.143115
v -0.014128 0.077733 0.138271
v -0.014206 0.079783 0.133296
v -0.014282 0.081523 0.128209
v -0.014355 0.082950 0.123029
v -0.014428 0.084056 0.117775
v -0.014501 0.084842 0.112468
v 0.035334 0.056205 -0.049678
v 0.028915 0.059735 -0.050861
v 0.038675 0.056035 -0.040837
v 0.035619 0.059311 -0.034259
v 0.042771 0.059126 -0.017827
v 0.042225 0.055908 -0.032076
v 0.048462 0.051902 -0.030053
v 0.044794 0.051958 -0.039273
v 0.041358 0.052049 -0.048581
v 0.031540 0.079026 0.093910
v 0.014297 0.082603 0.107309
v 0.015436 0.081875 0.112814
v 0.009946 0.080308 0.125819
v 0.009096 0.081675 0.120495
v 0.008242 0.082736 0.115111
v 0.007386 0.083487 0.109683
v 0.000212 0.084157 0.111278
v 0.000799 0.083389 0.116645
v 0.001386 0.082306 0.121965
v 0.001969 0.080911 0.127221
v 0.002549 0.079206 0.132392
v 0.003125 0.077196 0.137459
v 0.003697 0.074887 0.142401
v -0.007113 0.084605 0.112170
v -0.006785 0.083827 0.117496
v -0.006458 0.082729 0.122772
v -0.006132 0.081315 0.127980
v -0.005806 0.079588 0.133098
v -0.005481 0.077553 0.138107
v -0.005158 0.075217 0.142990
v -0.004835 0.072586 0.147725
v -0.004513 0.069673 0.152294
v -0.004192 0.066488 0.156677
v -0.003869 0.063042 0.160857
v -0.003547 0.059351 0.164816
v 0.034843 0.063626 -0.010133
v 0.028193 0.063615 -0.024540
v 0.021466 0.063942 -0.038894
v 0.015077 0.064529 -0.053373
v 0.042469 0.061807 -0.005687
v 0.035607 0.061744 -0.021140
v 0.028677 0.062011 -0.036550
v 0.022138 0.062534 -0.052102
v 0.041074 0.064033 0.004455
v 0.002320 0.005345 0.188262
v 0.002343 0.006162 0.188190
v -0.007366 0.006164 0.187996
v -0.007780 0.041592 0.178135
v 0.003995 0.031259 0.182848
v 0.004585 0.035992 0.180937
v -0.007669 0.036012 0.180772
v 0.004598 0.036088 0.180899
v 0.006060 0.045328 0.176179
v 0.005418 0.041554 0.178251
v 0.005288 0.040785 0.178673
v 0.003889 0.030247 0.183188
v -0.007575 0.030267 0.183023
v 0.003471 0.026219 0.184543
v -0.007497 0.024381 0.184878
v 0.002865 0.018373 0.186500
v 0.003041 0.021096 0.185931
v 0.003316 0.024365 0.185045
v -0.007392 0.012302 0.187370
v 0.002465 0.010629 0.187794
v 0.002541 0.012296 0.187548
v -0.007436 0.018384 0.186329
v 0.002706 0.015913 0.187012
v -0.007365 -0.006170 0.187996
v 0.002320 -0.005305 0.188266
v -0.007357 -0.000003 0.188206
v 0.002283 -0.002638 0.188381
v 0.002275 -0.001300 0.188410
v 0.002271 -0.000002 0.188419
v 0.002271 0.000040 0.188419
v 0.002702 -0.015830 0.187032
v 0.002541 -0.012301 0.187552
v -0.007390 -0.012308 0.187369
v 0.002463 -0.010598 0.187804
v 0.002343 -0.006166 0.188191
v 0.003036 -0.021010 0.185953
v 0.002867 -0.018378 0.186502
v -0.007434 -0.018390 0.186329
v 0.004601 -0.036071 0.180907
v 0.003990 -0.031184 0.182875
v -0.007571 -0.030271 0.183022
v 0.003893 -0.030251 0.183188
v -0.007494 -0.024388 0.184877
v 0.003467 -0.026142 0.184566
v 0.003318 -0.024370 0.185045
v -0.007665 -0.036016 0.180770
v 0.005299 -0.040822 0.178654
v -0.007775 -0.041596 0.178133
v 0.005425 -0.041559 0.178250
v 0.006079 -0.045399 0.176136
v 0.030017 -0.079258 0.089583
v 0.044584 -0.067831 0.033939
v 0.046985 -0.047370 -0.047599
v 0.059931 -0.053700 0.002273
v 0.059358 -0.054683 0.004124
v 0.056979 -0.055985 0.002755
v 0.058550 -0.056069 0.006733
v 0.052796 -0.063725 0.025312
v 0.051568 -0.064939 0.029276
v 0.048934 -0.065446 0.026857
v 0.028535 -0.079753 0.103643
v 0.028211 -0.079763 0.104687
v 0.026809 -0.080283 0.100108
v 0.024992 -0.079564 0.115080
v 0.024250 -0.079329 0.117475
v 0.023704 -0.079838 0.115259
v 0.007340 -0.051024 0.172066
v 0.007537 -0.051749 0.171431
v 0.007062 -0.055305 0.168356
v 0.008362 -0.054795 0.168765
v 0.008511 -0.055274 0.168288
v 0.009448 -0.058314 0.165261
v 0.006509 -0.059186 0.164564
v 0.009724 -0.059099 0.164372
v 0.010598 -0.061591 0.161548
v 0.005955 -0.062841 0.160534
v 0.011030 -0.062669 0.160155
v 0.011815 -0.064632 0.157620
v 0.005398 -0.066253 0.156284
v 0.012427 -0.065969 0.155644
v 0.013081 -0.067397 0.153533
v 0.004839 -0.069406 0.151832
v 0.013917 -0.068979 0.150837
v 0.014033 -0.069201 0.150459
v 0.013292 -0.071834 0.146110
v 0.014405 -0.069905 0.149260
v 0.015499 -0.071681 0.145728
v 0.015780 -0.072138 0.144819
v 0.012468 -0.074391 0.141227
v 0.017178 -0.074053 0.140305
v 0.017207 -0.074092 0.140214
v 0.011638 -0.076661 0.136203
v 0.018687 -0.075768 0.135435
v 0.019573 -0.076576 0.132576
v 0.018836 -0.077884 0.129017
v 0.020187 -0.077136 0.130593
v 0.020887 -0.077628 0.128332
v 0.021743 -0.078230 0.125570
v 0.017713 -0.079515 0.123684
v 0.022940 -0.078833 0.121706
v 0.023378 -0.079053 0.120291
v 0.016583 -0.080846 0.118276
v 0.022266 -0.080828 0.109705
v 0.026771 -0.079810 0.109337
v 0.025175 -0.079589 0.114488
v 0.034221 -0.077799 0.084076
v 0.034427 -0.077780 0.084621
v 0.032439 -0.078719 0.091039
v 0.031549 -0.079019 0.093911
v 0.025038 -0.080650 0.094426
v 0.030671 -0.079316 0.096744
v 0.030468 -0.079385 0.097401
v 0.036899 -0.076339 0.076639
v 0.035039 -0.077441 0.082642
v 0.034635 -0.077682 0.083950
v 0.036962 -0.076301 0.076433
v 0.038985 -0.074899 0.069905
v 0.040338 -0.073961 0.065537
v 0.040954 -0.073502 0.063549
v 0.042695 -0.072204 0.057926
v 0.042721 -0.072184 0.057840
v 0.044353 -0.070961 0.052571
v 0.043130 -0.071879 0.056519
v 0.045031 -0.070452 0.050381
v 0.045861 -0.069803 0.047703
v 0.046233 -0.069512 0.046504
v 0.045859 -0.068733 0.041174
v 0.050171 -0.066263 0.033788
v 0.042896 -0.067044 0.026771
v 0.048767 -0.067480 0.038319
v 0.048221 -0.067954 0.040083
v 0.047328 -0.068654 0.042966
v 0.050658 -0.065839 0.032215
v 0.050497 -0.065978 0.032732
v 0.053500 -0.062924 0.023039
v 0.053003 -0.063490 0.024644
v 0.051821 -0.062625 0.017865
v 0.046574 -0.064860 0.019310
v 0.055998 -0.059868 0.014974
v 0.054712 -0.061546 0.019124
v 0.054468 -0.061823 0.019912
v 0.049871 -0.059237 -0.001361
v 0.058239 -0.056602 0.007737
v 0.056481 -0.059237 0.013411
v 0.060795 -0.052030 -0.000518
v 0.049630 -0.055810 -0.014672
v 0.062960 -0.047569 -0.007505
v 0.061625 -0.050429 -0.003194
v 0.056137 -0.051912 -0.011753
v 0.054328 -0.047402 -0.028250
v 0.062297 -0.047547 -0.009152
v 0.063245 -0.046960 -0.008424
v 0.050530 -0.047373 -0.037876
v 0.043814 -0.047387 -0.057452
v 0.038272 -0.052153 -0.058014
v 0.032314 -0.056393 -0.058635
v 0.025948 -0.059992 -0.059304
v 0.019213 -0.062847 -0.060006
v 0.012184 -0.064877 -0.060729
v 0.004960 -0.066046 -0.061459
v 0.007833 -0.065682 -0.054654
v 0.014084 -0.065076 -0.041254
v 0.020617 -0.064720 -0.027965
v 0.027072 -0.064689 -0.014626
v 0.033137 -0.065040 -0.001110
v 0.038521 -0.065816 0.012674
v 0.040857 -0.066372 0.019683
v 0.019378 -0.081923 0.098511
v 0.013164 -0.083027 0.101781
v 0.006538 -0.083929 0.104229
v -0.000367 -0.084609 0.105882
v -0.007430 -0.085064 0.106810
v -0.014561 -0.085303 0.107122
v -0.014490 -0.084844 0.112464
v -0.014418 -0.084061 0.117772
v -0.014344 -0.082954 0.123026
v -0.014271 -0.081528 0.128205
v -0.014195 -0.079787 0.133293
v -0.014118 -0.077737 0.138268
v -0.014039 -0.075386 0.143110
v -0.013958 -0.072741 0.147804
v -0.013874 -0.069812 0.152328
v -0.013786 -0.066611 0.156666
v -0.013694 -0.063150 0.160799
v -0.013598 -0.059442 0.164712
v -0.013497 -0.055503 0.168389
v -0.002886 -0.051301 0.172009
v 0.048468 -0.051891 -0.030056
v 0.041365 -0.052037 -0.048583
v 0.035341 -0.056195 -0.049680
v 0.038682 -0.056026 -0.040839
v 0.035627 -0.059302 -0.034262
v 0.020824 -0.081522 0.104117
v 0.027696 -0.079781 0.106350
v 0.015447 -0.081874 0.112810
v 0.014307 -0.082601 0.107306
v 0.007397 -0.083487 0.109679
v 0.008253 -0.082736 0.115106
v 0.009107 -0.081676 0.120492
v 0.009956 -0.080308 0.125816
v 0.010799 -0.078635 0.131060
v 0.018973 -0.076029 0.134511
v 0.004275 -0.072289 0.147197
v 0.003707 -0.074890 0.142398
v 0.003135 -0.077199 0.137455
v 0.002559 -0.079209 0.132388
v 0.001979 -0.080914 0.127217
v 0.001396 -0.082309 0.121962
v 0.000810 -0.083391 0.116641
v 0.000223 -0.084158 0.111274
v -0.003213 -0.055435 0.168537
v -0.003539 -0.059356 0.164814
v -0.003861 -0.063047 0.160854
v -0.004183 -0.066492 0.156674
v -0.004504 -0.069678 0.152291
v -0.004826 -0.072591 0.147722
v -0.005148 -0.075219 0.142986
v -0.005471 -0.077556 0.138104
v -0.005795 -0.079591 0.133094
v -0.006121 -0.081318 0.127975
v -0.006447 -0.082732 0.122769
v -0.006774 -0.083829 0.117492
v -0.007102 -0.084607 0.112167
v 0.007392 -0.051214 0.171899
v 0.015085 -0.064522 -0.053375
v 0.021475 -0.063935 -0.038896
v 0.022146 -0.062526 -0.052105
v 0.028201 -0.063608 -0.024542
v 0.028685 -0.062002 -0.036552
v 0.028922 -0.059725 -0.050864
v 0.034852 -0.063619 -0.010136
v 0.035615 -0.061735 -0.021143
v 0.043942 -0.064387 0.011843
v 0.048891 -0.062246 0.009948
v 0.056144 -0.059677 0.014500
v 0.035934 -0.065373 0.005745
v 0.041083 -0.064024 0.004452
v 0.042477 -0.061798 -0.005690
v 0.042779 -0.059117 -0.017829
v 0.042233 -0.055899 -0.032079
v 0.044801 -0.051947 -0.039275
v 0.049463 -0.037439 -0.066415
v 0.054604 -0.016692 -0.094144
v 0.054602 0.016706 -0.094143
v 0.069965 -0.011276 -0.030131
v 0.069854 -0.011275 -0.030489
v 0.070057 -0.009754 -0.030423
v 0.059834 -0.037719 -0.033787
v 0.066219 -0.037905 -0.018029
v 0.066091 -0.038495 -0.017617
v 0.062690 -0.032761 -0.032842
v 0.065131 -0.027606 -0.032037
v 0.068168 -0.027666 -0.024326
v 0.067770 -0.030162 -0.023040
v 0.067263 -0.032872 -0.021401
v 0.066974 -0.034417 -0.020468
v 0.068723 -0.016831 -0.030859
v 0.069538 -0.016840 -0.028749
v 0.069518 -0.017087 -0.028683
v 0.067147 -0.022286 -0.031376
v 0.069037 -0.021521 -0.027131
v 0.068931 -0.022313 -0.026788
v 0.068454 -0.025882 -0.025246
v 0.069873 -0.012836 -0.029830
v 0.070130 -0.008511 -0.030662
v 0.065761 -0.011247 -0.041673
v 0.070231 -0.005650 -0.030991
v 0.066435 -0.005637 -0.041483
v 0.070283 -0.004231 -0.031154
v 0.070333 -0.000299 -0.031316
v 0.066660 0.000007 -0.041419
v 0.070333 0.000007 -0.031317
v 0.066434 0.005651 -0.041483
v 0.070232 0.005664 -0.030993
v 0.070282 0.004264 -0.031154
v 0.070333 0.000183 -0.031317
v 0.070131 0.008498 -0.030666
v 0.065760 0.011260 -0.041673
v 0.070055 0.009768 -0.030423
v 0.069965 0.011290 -0.030131
v 0.069853 0.011288 -0.030489
v 0.069874 0.012806 -0.029841
v 0.068721 0.016845 -0.030859
v 0.069536 0.016854 -0.028747
v 0.067144 0.022300 -0.031375
v 0.069038 0.021503 -0.027142
v 0.069513 0.017123 -0.028674
v 0.065128 0.027620 -0.032036
v 0.068454 0.025859 -0.025260
v 0.068927 0.022326 -0.026787
v 0.062686 0.032774 -0.032840
v 0.067763 0.030164 -0.023038
v 0.068161 0.027678 -0.024321
v 0.059830 0.037732 -0.033785
v 0.066076 0.038538 -0.017588
v 0.066209 0.037917 -0.018022
v 0.066966 0.034415 -0.020468
v 0.067253 0.032883 -0.021395
v 0.055875 0.037623 -0.044500
v 0.052364 0.037529 -0.055367
v 0.049458 0.037452 -0.066413
v 0.047334 0.037396 -0.077630
v 0.046158 0.037362 -0.088986
v 0.045965 0.037355 -0.094693
v 0.048731 0.032465 -0.094516
v 0.051104 0.027373 -0.094365
v 0.053065 0.022109 -0.094240
v 0.055707 0.011199 -0.094073
v 0.056374 0.005621 -0.094031
v 0.056598 0.000008 -0.094016
v 0.056375 -0.005605 -0.094031
v 0.055708 -0.011183 -0.094073
v 0.053068 -0.022096 -0.094241
v 0.051107 -0.027359 -0.094366
v 0.048735 -0.032452 -0.094518
v 0.045970 -0.037341 -0.094695
v 0.046163 -0.037349 -0.088988
v 0.047339 -0.037382 -0.077631
v 0.052369 -0.037516 -0.055369
v 0.055879 -0.037610 -0.044501
v 0.048925 0.032470 -0.088739
v 0.051296 0.027376 -0.088528
v 0.053257 0.022111 -0.088355
v 0.054792 0.016707 -0.088218
v 0.055896 0.011198 -0.088122
v 0.056563 0.005620 -0.088063
v 0.058689 0.032683 -0.043690
v 0.061097 0.027546 -0.043000
v 0.063086 0.022242 -0.042432
v 0.064643 0.016802 -0.041990
v 0.055152 0.032605 -0.054696
v 0.057538 0.027483 -0.054125
v 0.059509 0.022193 -0.053655
v 0.061052 0.016766 -0.053287
v 0.062160 0.011237 -0.053024
v 0.062829 0.005639 -0.052866
v 0.063053 0.000007 -0.052814
v 0.062829 -0.005625 -0.052867
v 0.062161 -0.011223 -0.053025
v 0.061054 -0.016753 -0.053288
v 0.064645 -0.016789 -0.041991
v 0.059512 -0.022179 -0.053656
v 0.063089 -0.022228 -0.042433
v 0.057541 -0.027469 -0.054126
v 0.061101 -0.027533 -0.043002
v 0.055156 -0.032592 -0.054698
v 0.058693 -0.032670 -0.043691
v 0.056786 0.000007 -0.088044
v 0.056564 -0.005607 -0.088063
v 0.055898 -0.011185 -0.088122
v 0.054794 -0.016694 -0.088219
v 0.053260 -0.022098 -0.088356
v 0.051299 -0.027363 -0.088529
v 0.048929 -0.032457 -0.088740
v 0.050101 0.032496 -0.077242
v 0.052232 0.032542 -0.065883
v 0.052473 0.027396 -0.076910
v 0.054607 0.027432 -0.065432
v 0.054433 0.022126 -0.076638
v 0.056569 0.022153 -0.065061
v 0.055967 0.016717 -0.076426
v 0.058105 0.016737 -0.064771
v 0.057070 0.011205 -0.076274
v 0.059209 0.011218 -0.064564
v 0.057736 0.005623 -0.076182
v 0.059876 0.005630 -0.064438
v 0.057959 0.000007 -0.076152
v 0.060099 0.000007 -0.064396
v 0.057736 -0.005610 -0.076182
v 0.059876 -0.005616 -0.064438
v 0.057072 -0.011191 -0.076274
v 0.059211 -0.011204 -0.064564
v 0.055969 -0.016704 -0.076427
v 0.058107 -0.016724 -0.064772
v 0.054436 -0.022112 -0.076639
v 0.056572 -0.022140 -0.065061
v 0.052476 -0.027382 -0.076911
v 0.054610 -0.027419 -0.065434
v 0.050105 -0.032483 -0.077243
v 0.052236 -0.032529 -0.065885
v 0.056215 -0.059170 0.014274
v 0.056460 -0.058811 0.013483
v 0.056632 -0.058764 0.013581
v 0.056499 -0.058753 0.013355
v 0.014540 -0.069703 0.148825
v 0.015099 -0.070596 0.147021
v 0.015301 -0.070612 0.147008
v 0.015220 -0.070789 0.146629
v 0.006357 0.047340 0.175221
v 0.070329 0.000443 -0.031308
v 0.064953 0.043367 -0.013958
v 0.065026 0.043134 -0.014191
v 0.070285 0.004519 -0.031168
v 0.070232 0.006100 -0.030991
v 0.070139 0.008746 -0.030696
v 0.069965 0.011726 -0.030134
v 0.069888 0.013050 -0.029884
v 0.069537 0.017290 -0.028754
v 0.007355 0.051479 0.171995
v 0.066128 0.038762 -0.017748
v 0.065153 0.042725 -0.014603
v 0.013660 0.068990 0.151640
v 0.013577 0.068821 0.151904
v 0.012328 0.066251 0.155939
v 0.012160 0.065855 0.156481
v 0.011115 0.063385 0.159854
v 0.010830 0.062616 0.160776
v 0.010546 0.061852 0.161691
v 0.009922 0.060170 0.163703
v 0.009584 0.059130 0.164796
v 0.008798 0.056713 0.167334
v 0.008425 0.055412 0.168538
v 0.007764 0.053103 0.170674
v 0.002275 0.000434 0.188409
v 0.002312 0.005351 0.188286
v 0.002344 0.006597 0.188183
v 0.002449 0.010645 0.187844
v 0.002542 0.012732 0.187545
v 0.002682 0.015908 0.187090
v 0.002865 0.018809 0.186500
v 0.003011 0.021122 0.186029
v 0.003314 0.024803 0.185050
v 0.003432 0.026241 0.184668
v 0.003886 0.030687 0.183202
v 0.003943 0.031247 0.183017
v 0.004544 0.036129 0.181078
v 0.004587 0.036428 0.180937
v 0.005230 0.040860 0.178861
v 0.005420 0.041988 0.178247
v 0.006003 0.045450 0.176364
v 0.006328 0.047199 0.175316
v 0.066215 0.038354 -0.018031
v 0.066565 0.036727 -0.019162
v 0.067006 0.034678 -0.020585
v 0.067259 0.033321 -0.021399
v 0.067801 0.030409 -0.023148
v 0.068164 0.028115 -0.024323
v 0.068480 0.026123 -0.025343
v 0.068927 0.022762 -0.026784
v 0.069057 0.021788 -0.027201
v 0.069530 0.017379 -0.028730
v 0.022957 0.079283 0.121620
v 0.024360 0.079839 0.117092
v 0.024186 0.079770 0.117653
v 0.016685 0.073837 0.141870
v 0.017948 0.075420 0.137792
v 0.018382 0.075862 0.136392
v 0.019339 0.076838 0.133303
v 0.019429 0.076929 0.133014
v 0.020185 0.077540 0.130571
v 0.020914 0.078131 0.128217
v 0.022110 0.078851 0.124354
v 0.022580 0.079134 0.122838
v 0.063042 0.047848 -0.007781
v 0.063069 0.047789 -0.007871
v 0.064867 0.043592 -0.013678
v 0.061293 0.051539 -0.002136
v 0.060958 0.052173 -0.001055
v 0.059676 0.054601 0.003084
v 0.058988 0.055758 0.005303
v 0.058778 0.056110 0.005978
v 0.026484 0.080198 0.110232
v 0.027978 0.080240 0.105411
v 0.026029 0.080185 0.111704
v 0.026159 0.080189 0.111280
v 0.056224 0.060037 0.014225
v 0.054449 0.062314 0.019961
v 0.054139 0.062659 0.020961
v 0.053994 0.062820 0.021427
v 0.028960 0.080102 0.102243
v 0.029111 0.080081 0.101754
v 0.029830 0.079979 0.099435
v 0.031457 0.079503 0.094180
v 0.031811 0.079399 0.093039
v 0.052558 0.064419 0.026059
v 0.051953 0.065007 0.028011
v 0.051152 0.065786 0.030595
v 0.050489 0.066432 0.032737
v 0.049828 0.066993 0.034869
v 0.048759 0.067901 0.038317
v 0.032416 0.079137 0.091083
v 0.033665 0.078595 0.087052
v 0.033947 0.078473 0.086143
v 0.035611 0.077539 0.080766
v 0.047615 0.068875 0.042009
v 0.046614 0.069654 0.045242
v 0.045509 0.070513 0.048806
v 0.045261 0.070706 0.049607
v 0.044323 0.071414 0.052638
v 0.043114 0.072325 0.056542
v 0.042545 0.072753 0.058383
v 0.036306 0.077150 0.078524
v 0.037362 0.076445 0.075112
v 0.047625 0.068866 0.041975
v 0.047723 0.068783 0.041660
v 0.041810 0.073292 0.060753
v 0.040410 0.074318 0.065271
v 0.039013 0.075342 0.069779
v 0.038977 0.075369 0.069898
v 0.070278 -0.003960 -0.031141
v 0.065029 -0.042254 -0.014187
v 0.065103 -0.042040 -0.014426
v 0.070233 -0.005214 -0.030996
v 0.070130 -0.008081 -0.030662
v 0.064872 -0.042708 -0.013680
v 0.013591 -0.067931 0.151890
v 0.013205 -0.067212 0.153133
v 0.012170 -0.064978 0.156475
v 0.011918 -0.064435 0.157288
v 0.010835 -0.061755 0.160784
v 0.010678 -0.061367 0.161290
v 0.010557 -0.061026 0.161681
v 0.009586 -0.058281 0.164817
v 0.009519 -0.058094 0.165031
v 0.008431 -0.054592 0.168545
v 0.006397 -0.046634 0.175110
v 0.006363 -0.046472 0.175218
v 0.006334 -0.046329 0.175314
v 0.005530 -0.041811 0.177910
v 0.005423 -0.041124 0.178251
v 0.004808 -0.037125 0.180239
v 0.069967 -0.010840 -0.030136
v 0.069888 -0.012196 -0.029878
v 0.069553 -0.016273 -0.028799
v 0.069539 -0.016404 -0.028754
v 0.069112 -0.020459 -0.027372
v 0.068928 -0.021877 -0.026780
v 0.068581 -0.024563 -0.025656
v 0.068170 -0.027229 -0.024333
v 0.067950 -0.028665 -0.023621
v 0.067273 -0.032436 -0.021434
v 0.067213 -0.032773 -0.021238
v 0.007409 -0.050855 0.171845
v 0.002277 -0.001313 0.188403
v 0.002288 -0.002646 0.188368
v 0.002305 -0.003975 0.188314
v 0.002339 -0.005731 0.188204
v 0.002356 -0.006625 0.188148
v 0.002531 -0.011887 0.187584
v 0.002802 -0.017108 0.186711
v 0.006496 -0.047077 0.174787
v 0.007354 -0.050629 0.172020
v 0.002861 -0.017945 0.186520
v 0.003166 -0.022250 0.185537
v 0.003318 -0.023933 0.185047
v 0.003622 -0.027317 0.184063
v 0.003898 -0.029810 0.183175
v 0.004172 -0.032291 0.182291
v 0.004600 -0.035548 0.180907
v 0.066571 -0.035872 -0.019165
v 0.066408 -0.036659 -0.018639
v 0.066216 -0.037469 -0.018021
v 0.065475 -0.040608 -0.015626
v 0.065158 -0.041841 -0.014604
v 0.015928 -0.071920 0.144343
v 0.016697 -0.072953 0.141860
v 0.017374 -0.073862 0.139676
v 0.018392 -0.074984 0.136387
v 0.018925 -0.075570 0.134668
v 0.019341 -0.075933 0.133324
v 0.020192 -0.076676 0.130577
v 0.020507 -0.076951 0.129559
v 0.022113 -0.078003 0.124375
v 0.022169 -0.078039 0.124195
v 0.022962 -0.078393 0.121633
v 0.023929 -0.078824 0.118513
v 0.024198 -0.078890 0.117647
v 0.025727 -0.079268 0.112709
v 0.031438 -0.078655 0.094271
v 0.027461 -0.079386 0.107107
v 0.026494 -0.079320 0.110231
v 0.026162 -0.079297 0.111306
v 0.063071 -0.046910 -0.007866
v 0.063046 -0.046963 -0.007784
v 0.061278 -0.050693 -0.002074
v 0.060964 -0.051286 -0.001061
v 0.059657 -0.053758 0.003159
v 0.058994 -0.054873 0.005300
v 0.058783 -0.055225 0.005979
v 0.057946 -0.056633 0.008685
v 0.054364 -0.061528 0.020247
v 0.028973 -0.079227 0.102228
v 0.029477 -0.079175 0.100602
v 0.029112 -0.079213 0.101778
v 0.054145 -0.061772 0.020955
v 0.054005 -0.061927 0.021407
v 0.052529 -0.063570 0.026173
v 0.051960 -0.064121 0.028011
v 0.051150 -0.064907 0.030628
v 0.050324 -0.065708 0.033294
v 0.045493 -0.069653 0.048891
v 0.046621 -0.068784 0.045248
v 0.047358 -0.068217 0.042869
v 0.040431 -0.073434 0.065235
v 0.038990 -0.074482 0.069890
v 0.038514 -0.074827 0.071424
v 0.037373 -0.075567 0.075105
v 0.035887 -0.076533 0.079905
v 0.035642 -0.076665 0.080698
v 0.033681 -0.077723 0.087026
v 0.033562 -0.077788 0.087411
v 0.032433 -0.078249 0.091056
v 0.031481 -0.078638 0.094130
v 0.049841 -0.066116 0.034850
v 0.048766 -0.067026 0.038325
v 0.047721 -0.067910 0.041700
v 0.047591 -0.068020 0.042118
v 0.041846 -0.072406 0.060663
v 0.043112 -0.071457 0.056580
v 0.044361 -0.070521 0.052547
v 0.044536 -0.070389 0.051979
vn -0.9993 -0.0001 -0.0386
vn 0.0385 -0.0000 -0.9993
vn 0.0386 -0.0000 -0.9993
vn 0.0387 -0.0000 -0.9993
vn 0.0386 0.0001 -0.9993
vn 0.0396 0.0002 -0.9992
vn 0.0384 -0.0000 -0.9993
vn 0.0387 -0.0000 -0.9992
vn -0.0384 0.0872 0.9955
vn -0.0384 -0.0872 0.9954
vn -0.0372 -0.2588 0.9652
vn -0.0349 -0.4226 0.9057
vn -0.0315 -0.5736 0.8185
vn -0.0272 -0.7071 0.7066
vn -0.0221 -0.8191 0.5732
vn -0.0162 -0.9063 0.4224
vn -0.0099 -0.9660 0.2584
vn -0.0033 -0.9962 0.0871
vn 0.0034 -0.9962 -0.0872
vn 0.0100 -0.9660 -0.2584
vn 0.0164 -0.9062 -0.4224
vn 0.0222 -0.8191 -0.5732
vn 0.0273 -0.7071 -0.7066
vn 0.0316 -0.5736 -0.8185
vn 0.0350 -0.4225 -0.9057
vn 0.0373 -0.2588 -0.9652
vn 0.0384 -0.0872 -0.9955
vn 0.0384 0.0872 -0.9954
vn 0.0372 0.2589 -0.9652
vn 0.0349 0.4225 -0.9057
vn 0.0315 0.5737 -0.8184
vn 0.0272 0.7070 -0.7067
vn 0.0221 0.8192 -0.5730
vn 0.0162 0.9063 -0.4224
vn 0.0099 0.9659 -0.2586
vn 0.0033 0.9962 -0.0871
vn -0.0034 0.9962 0.0872
vn -0.0100 0.9659 0.2586
vn -0.0164 0.9062 0.4224
vn -0.0222 0.8192 0.5731
vn -0.0273 0.7070 0.7067
vn -0.0316 0.5737 0.8185
vn -0.0350 0.4224 0.9057
vn -0.0373 0.2588 0.9652
vn -0.0875 0.9962 0.0024
vn -0.0874 0.9962 0.0024
vn -0.3046 0.9524 -0.0136
vn -0.2588 0.9659 -0.0004
vn -0.1965 0.9804 -0.0107
vn -0.1969 0.9804 -0.0107
vn -0.3026 0.9530 -0.0136
vn -0.4086 0.9126 -0.0133
vn -0.4227 0.9062 -0.0089
vn -0.6003 0.7994 -0.0236
vn -0.5736 0.8191 -0.0133
vn -0.5077 0.8613 -0.0232
vn -0.5074 0.8614 -0.0231
vn -0.7660 0.6419 -0.0337
vn -0.7069 0.7070 -0.0189
vn -0.6877 0.7256 -0.0260
vn -0.6014 0.7986 -0.0236
vn -0.7656 0.6425 -0.0337
vn -0.8353 0.5494 -0.0194
vn -0.8186 0.5736 -0.0315
vn -0.9390 0.3415 -0.0404
vn -0.9060 0.4225 -0.0266
vn -0.8931 0.4485 -0.0345
vn -0.9132 0.4060 -0.0353
vn -0.9389 0.3418 -0.0404
vn -0.9718 0.2344 -0.0253
vn -0.9653 0.2587 -0.0355
vn -0.9990 0.0111 -0.0425
vn -0.9958 0.0871 -0.0293
vn -0.9914 0.1250 -0.0393
vn -0.9914 0.1246 -0.0393
vn -0.9990 0.0113 -0.0425
vn -0.9945 -0.1007 -0.0294
vn -0.9956 -0.0873 -0.0347
vn -0.9474 -0.3175 -0.0394
vn -0.9655 -0.2589 -0.0277
vn -0.9770 -0.2097 -0.0400
vn -0.9769 -0.2102 -0.0400
vn -0.9473 -0.3180 -0.0394
vn -0.9067 -0.4206 -0.0300
vn -0.9059 -0.4225 -0.0292
vn -0.7888 -0.6138 -0.0327
vn -0.8187 -0.5738 -0.0221
vn -0.8531 -0.5205 -0.0362
vn -0.8529 -0.5209 -0.0362
vn -0.7892 -0.6133 -0.0327
vn -0.7140 -0.6998 -0.0242
vn -0.7069 -0.7070 -0.0205
vn -0.5353 -0.8444 -0.0226
vn -0.5733 -0.8192 -0.0128
vn -0.6289 -0.7770 -0.0281
vn -0.6284 -0.7774 -0.0281
vn -0.5342 -0.8450 -0.0225
vn -0.4332 -0.9012 -0.0140
vn -0.4226 -0.9063 -0.0096
vn -0.2114 -0.9773 -0.0107
vn -0.2589 -0.9659 -0.0007
vn -0.3244 -0.9458 -0.0164
vn -0.3250 -0.9456 -0.0164
vn -0.2104 -0.9776 -0.0107
vn -0.0964 -0.9953 -0.0002
vn -0.0873 -0.9962 0.0033
vn 0.1287 -0.9917 0.0039
vn 0.0868 -0.9961 0.0127
vn 0.0178 -0.9998 -0.0030
vn 0.0185 -0.9998 -0.0030
vn 0.3440 -0.9389 0.0094
vn 0.2584 -0.9659 0.0180
vn 0.2368 -0.9715 0.0103
vn 0.1312 -0.9913 0.0040
vn 0.3438 -0.9390 0.0094
vn 0.4460 -0.8945 0.0295
vn 0.4224 -0.9062 0.0172
vn 0.5472 -0.8368 0.0206
vn 0.5445 -0.8385 0.0205
vn 0.5727 -0.8192 0.0310
vn 0.7195 -0.6938 0.0296
vn 0.7064 -0.7069 0.0349
vn 0.6360 -0.7715 0.0205
vn 0.6363 -0.7712 0.0205
vn 0.7953 -0.6056 0.0292
vn 0.7949 -0.6061 0.0292
vn 0.8181 -0.5736 0.0406
vn 0.9125 -0.4075 0.0373
vn 0.9054 -0.4224 0.0423
vn 0.8597 -0.5099 0.0292
vn 0.8592 -0.5108 0.0292
vn 0.9544 -0.2965 0.0352
vn 0.9539 -0.2981 0.0352
vn 0.9648 -0.2588 0.0464
vn 0.9968 -0.0686 0.0403
vn 0.9951 -0.0871 0.0461
vn 0.9823 -0.1841 0.0337
vn 0.9824 -0.1836 0.0337
vn 0.9984 0.0438 0.0370
vn 0.9983 0.0445 0.0370
vn 0.9950 0.0873 0.0477
vn 0.9640 0.2627 0.0420
vn 0.9649 0.2589 0.0434
vn 0.9872 0.1553 0.0349
vn 0.9873 0.1548 0.0349
vn 0.9287 0.3694 0.0330
vn 0.9288 0.3691 0.0330
vn 0.9052 0.4226 0.0445
vn 0.8225 0.5674 0.0390
vn 0.8183 0.5737 0.0359
vn 0.8820 0.4703 0.0314
vn 0.8816 0.4710 0.0314
vn 0.6734 0.7389 0.0241
vn 0.7061 0.7071 0.0367
vn 0.7533 0.6571 0.0255
vn 0.6732 0.7391 0.0241
vn 0.5879 0.8085 0.0252
vn 0.5728 0.8191 0.0302
vn 0.3907 0.9204 0.0142
vn 0.4220 0.9063 0.0251
vn 0.4954 0.8685 0.0150
vn 0.4955 0.8685 0.0150
vn 0.3895 0.9209 0.0142
vn 0.2798 0.9600 0.0117
vn 0.2580 0.9660 0.0178
vn 0.1658 0.9862 0.0024
vn 0.1650 0.9863 0.0023
vn 0.0867 0.9962 0.0124
vn 0.0537 0.9986 0.0021
vn -0.0161 0.9999 -0.0006
vn 0.0470 0.9982 0.0380
vn 0.6081 0.7939 -0.0006
vn 0.1060 0.9944 -0.0023
vn 0.1056 0.9944 -0.0023
vn 0.0342 0.9985 0.0431
vn 0.0554 0.9984 0.0073
vn 0.1724 0.9846 0.0293
vn 0.1660 0.9860 0.0183
vn 0.2404 0.9707 0.0002
vn 0.2761 0.9611 0.0022
vn 0.3039 0.9508 0.0599
vn 0.2408 0.9706 0.0002
vn 0.5532 0.8330 0.0003
vn 0.4846 0.8747 0.0066
vn 0.4339 0.9010 -0.0007
vn 0.4338 0.9010 -0.0007
vn 0.3810 0.9241 0.0298
vn 0.3703 0.9288 0.0140
vn 0.3070 0.9517 0.0023
vn 0.5786 0.8156 -0.0002
vn 0.6075 0.7937 0.0327
vn 0.5527 0.8334 0.0003
vn 0.6614 0.7500 0.0082
vn 0.6642 0.7475 0.0109
vn 0.7112 0.7029 -0.0031
vn 0.7375 0.6745 -0.0334
vn 0.7376 0.6746 -0.0280
vn 0.7474 0.6643 0.0064
vn 0.7572 0.6529 0.0200
vn 0.7111 0.7031 -0.0031
vn 0.7327 0.6788 -0.0498
vn 0.7493 0.6581 -0.0739
vn 0.7375 0.6745 -0.0331
vn 0.7327 0.6717 -0.1099
vn 0.7211 0.6832 -0.1155
vn 0.7176 0.6759 -0.1681
vn 0.7190 0.6803 -0.1422
vn 0.7205 0.6776 -0.1472
vn 0.6696 0.7052 -0.2330
vn 0.6582 0.7388 -0.1447
vn 0.6797 0.7205 -0.1377
vn 0.6805 0.7197 -0.1379
vn 0.6347 0.7627 -0.1244
vn 0.6394 0.7586 -0.1255
vn 0.6346 0.7628 -0.1243
vn 0.5811 0.8044 -0.1238
vn 0.5844 0.8023 -0.1215
vn 0.5225 0.8468 -0.0994
vn 0.4598 0.8841 -0.0831
vn 0.4609 0.8835 -0.0834
vn 0.4962 0.8615 -0.1081
vn 0.5234 0.8463 -0.0997
vn 0.5249 0.8453 -0.1001
vn 0.3259 0.9442 -0.0478
vn 0.3240 0.9449 -0.0472
vn 0.3950 0.9153 -0.0784
vn 0.3943 0.9156 -0.0787
vn 0.4608 0.8836 -0.0833
vn 0.2537 0.9669 -0.0288
vn 0.2535 0.9669 -0.0287
vn 0.2523 0.9672 -0.0283
vn 0.0360 0.9989 0.0287
vn -0.0059 0.9983 0.0585
vn 0.0421 0.9986 0.0313
vn 0.0472 0.9981 0.0387
vn 0.0470 0.9982 0.0381
vn 0.1059 0.9941 0.0223
vn 0.1071 0.9940 0.0220
vn 0.1645 0.9864 0.0021
vn 0.1079 0.9937 -0.0295
vn 0.1794 0.9837 -0.0098
vn 0.0501 0.9983 0.0299
vn 0.0501 0.9983 0.0313
vn 0.0501 0.9982 0.0342
vn 0.0538 0.9984 0.0158
vn 0.0539 0.9984 0.0151
vn 0.0534 0.9982 0.0257
vn 0.1645 0.9864 0.0030
vn 0.1649 0.9863 0.0032
vn 0.0490 0.9982 0.0331
vn 0.0557 0.9976 0.0412
vn 0.7189 0.6804 -0.1423
vn 0.7278 0.6783 -0.1011
vn 0.6614 0.7446 -0.0900
vn 0.6627 0.7436 -0.0888
vn 0.5860 0.8069 -0.0745
vn 0.5821 0.8094 -0.0778
vn 0.4969 0.8657 -0.0605
vn 0.4907 0.8689 -0.0653
vn 0.3948 0.9177 -0.0443
vn 0.3892 0.9199 -0.0484
vn 0.0518 0.9982 0.0294
vn 0.0512 0.9983 0.0267
vn 0.1653 0.9862 0.0059
vn 0.1649 0.9863 0.0051
vn 0.2792 0.9601 -0.0145
vn 0.2795 0.9598 -0.0253
vn 0.2822 0.9591 -0.0234
vn 0.2828 0.9577 -0.0524
vn 0.3243 0.9448 -0.0474
vn 0.4939 0.8694 0.0155
vn 0.4287 0.9034 -0.0041
vn 0.3835 0.9235 -0.0020
vn 0.3822 0.9241 -0.0044
vn 0.2767 0.9610 0.0011
vn 0.2762 0.9611 0.0002
vn 0.1660 0.9861 0.0065
vn 0.1664 0.9860 0.0073
vn 0.0547 0.9984 0.0143
vn 0.0547 0.9984 0.0142
vn 0.7317 0.6779 -0.0716
vn 0.7323 0.6791 -0.0495
vn 0.6638 0.7466 -0.0433
vn 0.6647 0.7459 -0.0424
vn 0.5825 0.8121 -0.0339
vn 0.5791 0.8144 -0.0372
vn 0.4906 0.8710 -0.0269
vn 0.4854 0.8737 -0.0315
vn 0.3887 0.9212 -0.0194
vn 0.3840 0.9230 -0.0233
vn 0.2761 0.9611 -0.0087
vn 0.2769 0.9609 -0.0071
vn 0.1660 0.9861 0.0069
vn 0.0522 0.9984 0.0211
vn 0.0534 0.9983 0.0233
vn -0.6853 0.5579 0.4681
vn -0.9416 0.0423 0.3341
vn -0.8901 0.0323 0.4545
vn -0.9785 0.0371 0.2030
vn -0.4191 0.6838 -0.5973
vn -0.4318 0.7061 -0.5612
vn -0.3647 0.5788 -0.7294
vn -0.2234 0.5301 -0.8180
vn -0.7505 0.4376 -0.4953
vn -0.8862 0.3406 -0.3140
vn -0.6672 0.6595 -0.3463
vn -0.9463 0.3077 -0.0992
vn -0.9313 0.2843 0.2278
vn -0.9548 0.1340 -0.2652
vn -0.9401 0.1292 -0.3155
vn -0.9939 0.0775 0.0784
vn -0.1964 0.1213 -0.9730
vn -0.7675 0.1235 -0.6290
vn -0.3768 0.0477 -0.9251
vn -0.2235 0.0510 -0.9734
vn -0.6526 0.0426 -0.7565
vn -0.9760 0.0085 -0.2177
vn -0.9379 0.0682 0.3402
vn -0.9663 0.1439 0.2135
vn -0.9806 0.0642 0.1854
vn -0.8755 0.0386 0.4816
vn -0.9178 0.1857 0.3510
vn -0.8930 0.4231 0.1536
vn -0.8653 0.1070 0.4896
vn -0.8037 0.0599 0.5920
vn -0.7253 0.0165 0.6882
vn 0.0716 0.9691 -0.2361
vn 0.1202 0.9697 -0.2125
vn -0.0305 0.8702 -0.4917
vn -0.4986 0.7938 -0.3483
vn -0.3905 0.8548 -0.3418
vn -0.6649 0.7253 -0.1783
vn -0.6743 0.6923 -0.2569
vn -0.3976 0.8990 0.1836
vn -0.1427 0.9866 0.0795
vn -0.6556 0.7403 0.1490
vn 0.1222 0.9776 -0.1714
vn -0.0022 0.9986 -0.0520
vn -0.0548 0.9953 0.0796
vn -0.0448 0.9988 0.0214
vn -0.7162 0.6979 0.0084
vn -0.9985 0.0537 -0.0055
vn -0.9945 0.1000 -0.0313
vn -0.9945 0.1004 -0.0313
vn -0.9868 0.1604 -0.0206
vn -0.9860 0.1656 -0.0206
vn -0.9552 0.2949 -0.0235
vn -0.9338 0.3577 -0.0110
vn -0.8777 0.4791 -0.0115
vn -0.9079 0.4189 0.0168
vn -0.8440 0.5364 -0.0002
vn -0.8437 0.5369 -0.0003
vn -0.8057 0.5923 0.0053
vn -0.7975 0.6030 0.0196
vn -0.7626 0.6469 -0.0004
vn -0.7337 0.6794 0.0095
vn -0.7168 0.6960 0.0416
vn -0.7625 0.6470 -0.0004
vn -0.6684 0.7436 0.0179
vn -0.6635 0.7477 0.0247
vn -0.6162 0.7875 0.0101
vn -0.4419 0.8969 0.0168
vn -0.5008 0.8652 0.0239
vn -0.5048 0.8628 0.0280
vn -0.5590 0.8290 0.0124
vn -0.5865 0.8099 0.0141
vn -0.5596 0.8270 0.0532
vn -0.6153 0.7882 0.0100
vn -0.4405 0.8976 0.0167
vn -0.4185 0.9076 0.0329
vn -0.3788 0.9254 0.0138
vn -0.3784 0.9255 0.0137
vn -0.3278 0.9443 0.0300
vn -0.3134 0.9494 0.0190
vn -0.2343 0.9718 0.0275
vn -0.2453 0.9693 0.0190
vn -0.3150 0.9489 0.0191
vn -0.1053 0.9944 0.0106
vn -0.1054 0.9944 0.0106
vn -0.1387 0.9900 0.0277
vn -0.1758 0.9844 0.0113
vn -0.1760 0.9843 0.0113
vn -0.0352 0.9994 0.0071
vn -0.0459 0.9988 0.0198
vn -0.0454 0.9988 0.0206
vn -0.0448 0.9988 0.0220
vn -0.0510 0.9980 0.0369
vn -0.0528 0.9962 0.0690
vn -0.0539 0.9957 0.0754
vn -0.0515 0.9969 0.0599
vn -0.0583 0.9969 0.0521
vn -0.0526 0.9969 0.0581
vn -0.0482 0.9976 0.0489
vn -0.0482 0.9977 0.0486
vn -0.0537 0.9957 0.0760
vn -0.0537 0.9957 0.0757
vn -0.0512 0.9961 0.0716
vn -0.0493 0.9963 0.0699
vn -0.0552 0.9953 0.0792
vn -0.0395 0.9989 0.0251
vn -0.0421 0.9979 0.0493
vn -0.0423 0.9980 0.0475
vn -0.0478 0.9975 0.0525
vn -0.0477 0.9975 0.0521
vn -0.0288 0.9996 -0.0016
vn -0.0139 0.9997 -0.0217
vn -0.0287 0.9996 -0.0017
vn -0.0288 0.9996 -0.0015
vn -0.0020 0.9986 -0.0522
vn 0.0010 0.9994 -0.0354
vn -0.0071 0.9990 -0.0433
vn -0.0148 0.9994 -0.0301
vn -0.0161 0.9995 -0.0276
vn 0.0130 0.9971 -0.0752
vn 0.0131 0.9971 -0.0753
vn 0.0299 0.9949 -0.0967
vn 0.0296 0.9949 -0.0963
vn 0.0575 0.9899 -0.1299
vn 0.0577 0.9898 -0.1302
vn 0.0481 0.9921 -0.1155
vn 0.0744 0.9867 -0.1442
vn 0.0739 0.9869 -0.1437
vn 0.0933 0.9835 -0.1552
vn 0.0939 0.9833 -0.1558
vn 0.1256 0.9766 -0.1745
vn 0.1220 0.9776 -0.1712
vn 0.1178 0.9792 -0.1652
vn 0.1451 0.9740 -0.1739
vn 0.1702 0.9703 -0.1721
vn 0.1700 0.9703 -0.1720
vn 0.1715 0.9698 -0.1736
vn 0.1794 0.9695 -0.1667
vn 0.1915 0.9678 -0.1633
vn 0.1865 0.9694 -0.1595
vn 0.1870 0.9693 -0.1598
vn 0.2194 0.9609 -0.1690
vn 0.1904 0.9701 -0.1505
vn 0.2240 0.9617 -0.1580
vn 0.1916 0.9698 -0.1510
vn 0.1904 0.9701 -0.1504
vn 0.1900 0.9732 -0.1293
vn 0.2024 0.9699 -0.1353
vn 0.2202 0.9643 -0.1472
vn 0.1930 0.9710 -0.1409
vn 0.1932 0.9710 -0.1409
vn 0.1918 0.9728 -0.1301
vn 0.2199 0.9664 -0.1329
vn 0.1880 0.9749 -0.1189
vn 0.1883 0.9749 -0.1190
vn 0.2079 0.9703 -0.1237
vn 0.1943 0.9744 -0.1129
vn 0.2018 0.9735 -0.1079
vn 0.1816 0.9775 -0.1078
vn 0.1816 0.9774 -0.1078
vn 0.1610 0.9831 -0.0866
vn 0.1767 0.9800 -0.0920
vn 0.1856 0.9775 -0.1006
vn 0.1720 0.9803 -0.0969
vn 0.1729 0.9801 -0.0972
vn 0.1489 0.9858 -0.0775
vn 0.1486 0.9859 -0.0774
vn 0.1663 0.9826 -0.0832
vn 0.1345 0.9885 -0.0691
vn 0.1409 0.9876 -0.0688
vn 0.1359 0.9885 -0.0666
vn 0.1189 0.9910 -0.0619
vn 0.1233 0.9905 -0.0611
vn 0.1030 0.9931 -0.0562
vn 0.1014 0.9933 -0.0560
vn 0.1050 0.9929 -0.0560
vn 0.1028 0.9932 -0.0548
vn 0.0868 0.9949 -0.0506
vn 0.0848 0.9951 -0.0512
vn 0.0840 0.9951 -0.0512
vn 0.0486 0.9978 -0.0456
vn 0.0669 0.9967 -0.0469
vn 0.0687 0.9965 -0.0480
vn 0.0667 0.9966 -0.0479
vn 0.0667 0.9966 -0.0478
vn 0.0491 0.9978 -0.0455
vn 0.0425 0.9979 -0.0487
vn 0.0308 0.9986 -0.0431
vn 0.0138 0.9996 -0.0247
vn 0.0103 0.9967 -0.0801
vn 0.0103 0.9968 -0.0798
vn 0.0304 0.9987 -0.0415
vn 0.0139 0.9989 -0.0456
vn 0.0310 0.9986 -0.0431
vn 0.0515 0.9650 -0.2572
vn 0.0104 0.9797 -0.2000
vn 0.0104 0.9798 -0.1998
vn 0.0175 0.9482 -0.3171
vn 0.0012 0.9095 -0.4157
vn 0.0179 0.9008 -0.4338
vn 0.0161 0.8718 -0.4896
vn 0.0161 0.8718 -0.4897
vn 0.0890 0.8596 -0.5032
vn -0.0108 0.8394 -0.5433
vn -0.0052 0.7671 -0.6415
vn 0.0599 0.8074 -0.5870
vn 0.0863 0.8035 -0.5890
vn -0.0109 0.8396 -0.5432
vn -0.0051 0.7668 -0.6419
vn 0.1184 0.7420 -0.6599
vn 0.0146 0.7293 -0.6841
vn 0.1263 0.6723 -0.7294
vn 0.0259 0.6883 -0.7250
vn 0.0148 0.7274 -0.6860
vn 0.0534 0.5804 -0.8126
vn -0.0250 0.5962 -0.8025
vn 0.0540 0.6201 -0.7827
vn -0.0224 0.6419 -0.7665
vn -0.0223 0.6418 -0.7666
vn 0.0139 0.4979 -0.8671
vn 0.0138 0.4995 -0.8662
vn 0.1774 0.5115 -0.8407
vn -0.0190 0.5484 -0.8360
vn -0.0190 0.5481 -0.8362
vn 0.0283 0.4475 -0.8939
vn 0.2060 0.4231 -0.8824
vn -0.0554 0.3908 -0.9188
vn -0.0554 0.3910 -0.9187
vn 0.1804 0.3350 -0.9248
vn 0.1114 0.3334 -0.9362
vn 0.1061 0.1227 -0.9868
vn -0.0941 0.1483 -0.9845
vn 0.0948 0.1716 -0.9806
vn -0.0893 0.2089 -0.9739
vn -0.0895 0.2201 -0.9714
vn 0.0502 0.2099 -0.9764
vn 0.0007 0.2689 -0.9632
vn -0.0441 0.2721 -0.9613
vn -0.0441 0.2720 -0.9613
vn -0.0609 0.0269 -0.9978
vn -0.0636 0.0269 -0.9976
vn 0.0250 0.0243 -0.9994
vn -0.0828 0.0312 -0.9961
vn 0.0904 0.0739 -0.9932
vn -0.0983 0.0909 -0.9910
vn -0.0982 0.0903 -0.9911
vn -0.5709 0.8104 0.1318
vn -0.5720 0.7964 0.1962
vn -0.4841 0.8582 0.1706
vn -0.4870 0.8451 0.2206
vn -0.3981 0.8980 0.1874
vn -0.4021 0.8883 0.2217
vn -0.3133 0.9319 0.1825
vn -0.0549 0.9961 0.0697
vn -0.0540 0.9960 0.0709
vn -0.1445 0.9844 0.1000
vn -0.1409 0.9870 0.0776
vn -0.2377 0.9661 0.1007
vn -0.0549 0.9953 0.0797
vn -0.0554 0.9954 0.0783
vn -0.1451 0.9829 0.1133
vn -0.1420 0.9851 0.0973
vn -0.2376 0.9629 0.1279
vn -0.2331 0.9677 0.0957
vn -0.3293 0.9368 0.1183
vn -0.3114 0.9290 0.2000
vn -0.3159 0.9282 0.1964
vn -0.3981 0.8861 0.2372
vn -0.3947 0.8942 0.2111
vn -0.4803 0.8411 0.2489
vn -0.4773 0.8543 0.2058
vn -0.5624 0.7922 0.2370
vn -0.5614 0.8080 0.1788
vn -0.6446 0.7373 0.2021
vn -0.6456 0.7523 0.1313
vn -0.7248 0.6732 0.1463
vn -0.0551 0.9954 0.0790
vn -0.1441 0.9824 0.1192
vn -0.1419 0.9838 0.1097
vn -0.2362 0.9606 0.1463
vn -0.2321 0.9651 0.1216
vn -0.3271 0.9327 0.1516
vn -0.3225 0.9401 0.1104
vn -0.4175 0.8990 0.1323
vn -0.1214 0.9907 0.0610
vn -0.1352 0.9861 0.0966
vn -0.1336 0.9863 0.0966
vn -0.1396 0.9834 0.1156
vn -0.1411 0.9832 0.1156
vn -0.1412 0.9832 0.1159
vn -0.2340 0.9595 0.1571
vn -0.2306 0.9630 0.1396
vn -0.3238 0.9297 0.1755
vn -0.3193 0.9369 0.1421
vn -0.4129 0.8946 0.1710
vn -0.4088 0.9045 0.1214
vn -0.5016 0.8534 0.1421
vn -0.3090 0.9465 0.0929
vn -0.2861 0.9569 0.0503
vn 0.0130 0.9971 -0.0750
vn 0.0138 0.9974 -0.0704
vn -0.0820 0.9962 -0.0309
vn -0.0983 0.9952 -0.0020
vn -0.0910 0.9958 0.0068
vn -0.1078 0.9939 0.0239
vn -0.1252 0.9902 0.0611
vn -0.0206 0.9998 0.0069
vn -0.0396 0.9989 0.0254
vn 0.0296 0.9949 -0.0960
vn 0.0299 0.9950 -0.0948
vn -0.0652 0.9961 -0.0602
vn -0.0852 0.9960 -0.0280
vn -0.1833 0.9829 0.0158
vn -0.2101 0.9754 0.0661
vn -0.2010 0.9773 0.0665
vn -0.2221 0.9682 0.1153
vn -0.2155 0.9697 0.1153
vn -0.2265 0.9628 0.1471
vn -0.2240 0.9634 0.1471
vn -0.2273 0.9608 0.1590
vn -0.2307 0.9600 0.1588
vn -0.2289 0.9617 0.1509
vn -0.3201 0.9279 0.1913
vn -0.3160 0.9342 0.1655
vn -0.4074 0.8910 0.2002
vn -0.4033 0.9013 0.1584
vn -0.4946 0.8490 0.1858
vn -0.4918 0.8612 0.1285
vn -0.5812 0.8002 0.1477
vn -0.3734 0.9189 0.1273
vn -0.3486 0.9314 0.1048
vn -0.3843 0.9178 0.0996
vn -0.6641 0.7189 0.2054
vn -0.7682 0.6189 0.1639
vn -0.7814 0.5913 0.1992
vn -0.7517 0.6222 0.2188
vn -0.7705 0.5723 0.2806
vn -0.7128 0.6482 0.2680
vn -0.7299 0.5914 0.3428
vn -0.6819 0.6520 0.3315
vn -0.6900 0.6116 0.3871
vn -0.8115 0.5203 0.2660
vn -0.7935 0.5743 0.2015
vn -0.8263 0.5237 0.2074
vn -0.7916 0.6005 0.1130
vn -0.6195 0.7815 0.0741
vn -0.5435 0.8185 -0.1865
vn -0.5843 0.7980 -0.1473
vn -0.5732 0.8079 -0.1369
vn -0.6362 0.7686 -0.0678
vn -0.5859 0.7369 0.3372
vn -0.5747 0.7663 0.2872
vn -0.6152 0.7297 0.2985
vn -0.5919 0.7740 0.2248
vn -0.6432 0.7279 0.2377
vn -0.6030 0.7846 0.1445
vn -0.5880 0.7974 0.1360
vn -0.4708 0.8622 -0.1868
vn -0.5334 0.8360 -0.1288
vn -0.4941 0.8597 -0.1291
vn -0.5681 0.8215 -0.0484
vn -0.5304 0.8461 -0.0523
vn -0.6176 0.7863 -0.0152
vn -0.5452 0.8322 -0.1010
vn -0.5853 0.8046 -0.0997
vn -0.5216 0.8374 -0.1636
vn -0.5323 0.8286 -0.1734
vn -0.5321 0.8287 -0.1736
vn -0.6252 0.7424 -0.2406
vn -0.6180 0.7533 -0.2249
vn -0.6723 0.7080 -0.2162
vn -0.6231 0.7025 -0.3439
vn -0.6232 0.6918 -0.3648
vn -0.5784 0.7319 -0.3603
vn -0.4669 0.7446 -0.4772
vn -0.5373 0.7219 -0.4360
vn -0.5493 0.7572 -0.3534
vn -0.5772 0.7584 -0.3028
vn -0.5802 0.7489 -0.3203
vn -0.6279 0.7089 -0.3213
vn -0.6251 0.7198 -0.3019
vn -0.6728 0.6759 -0.3007
vn -0.5707 0.7832 -0.2468
vn -0.6174 0.7596 -0.2046
vn -0.6083 0.7705 -0.1905
vn -0.6524 0.7439 -0.1452
vn -0.4832 0.8293 -0.2807
vn -0.4261 0.8520 -0.3042
vn -0.5214 0.8207 -0.2336
vn -0.4601 0.8478 -0.2637
vn -0.5186 0.8272 -0.2165
vn -0.6249 0.7356 -0.2617
vn -0.6299 0.7248 -0.2790
vn -0.5780 0.7659 -0.2817
vn -0.5831 0.7557 -0.2982
vn -0.5432 0.7847 -0.2987
vn -0.4391 0.8192 -0.3689
vn -0.4056 0.8390 -0.3627
vn -0.3244 0.8056 -0.4958
vn -0.2831 0.8199 -0.4977
vn -0.3670 0.8053 -0.4656
vn -0.3212 0.8215 -0.4711
vn -0.4100 0.8036 -0.4315
vn -0.3589 0.8225 -0.4413
vn -0.6334 0.7647 -0.1186
vn -0.5933 0.7888 -0.1608
vn -0.6038 0.7781 -0.1733
vn -0.5598 0.8004 -0.2145
vn -0.5684 0.7907 -0.2274
vn -0.5633 0.7931 -0.2318
vn -0.5437 0.7918 -0.2785
vn -0.4797 0.8147 -0.3259
vn -0.4452 0.8349 -0.3234
vn -0.3558 0.8557 -0.3757
vn -0.4361 0.7843 -0.4412
vn -0.4959 0.7575 -0.4246
vn -0.3915 0.7859 -0.4786
vn -0.4459 0.7630 -0.4679
vn -0.3466 0.7861 -0.5118
vn -0.1511 0.7550 -0.6381
vn -0.2152 0.8260 -0.5209
vn -0.1724 0.8297 -0.5309
vn -0.2242 0.8180 -0.5297
vn -0.1333 0.8261 -0.5475
vn -0.1762 0.8169 -0.5492
vn -0.0924 0.8224 -0.5614
vn -0.2723 0.8140 -0.5130
vn -0.3326 0.8265 -0.4542
vn -0.2592 0.8392 -0.4781
vn -0.2255 0.8492 -0.4775
vn -0.2943 0.8407 -0.4545
vn -0.2560 0.8521 -0.4564
vn -0.3292 0.8417 -0.4279
vn -0.2887 0.8540 -0.4328
vn -0.3115 0.8925 -0.3262
vn -0.2375 0.9024 -0.3594
vn -0.2069 0.9084 -0.3634
vn -0.2624 0.9040 -0.3375
vn -0.3453 0.9183 -0.1936
vn -0.3728 0.9070 -0.1957
vn -0.3127 0.9272 -0.2062
vn -0.2224 0.9367 -0.2704
vn -0.1729 0.9475 -0.2690
vn -0.1338 0.9474 -0.2908
vn -0.1318 0.9458 -0.2969
vn -0.0709 0.8696 -0.4886
vn -0.0482 0.8732 -0.4849
vn -0.1022 0.8719 -0.4788
vn -0.0740 0.8765 -0.4757
vn -0.1318 0.8745 -0.4668
vn -0.0986 0.8798 -0.4649
vn -0.1583 0.8772 -0.4533
vn -0.1205 0.8832 -0.4532
vn -0.1830 0.8800 -0.4383
vn -0.1415 0.8866 -0.4404
vn -0.2072 0.8827 -0.4218
vn -0.1623 0.8898 -0.4265
vn -0.2333 0.8850 -0.4029
vn -0.1851 0.8928 -0.4107
vn -0.2181 0.8909 -0.3984
vn -0.0208 0.9094 -0.4154
vn -0.0065 0.9133 -0.4073
vn -0.0278 0.9135 -0.4060
vn -0.0135 0.9151 -0.4029
vn -0.0444 0.9154 -0.4000
vn -0.0267 0.9174 -0.3970
vn -0.0595 0.9177 -0.3928
vn -0.0392 0.9198 -0.3904
vn -0.0722 0.9201 -0.3850
vn -0.0497 0.9223 -0.3834
vn -0.0838 0.9226 -0.3765
vn -0.0601 0.9247 -0.3760
vn -0.0950 0.9251 -0.3676
vn -0.0708 0.9270 -0.3683
vn -0.1083 0.9275 -0.3578
vn -0.0823 0.9294 -0.3598
vn -0.1217 0.9299 -0.3470
vn -0.0949 0.9317 -0.3505
vn -0.1370 0.9322 -0.3350
vn 0.0933 0.9847 -0.1472
vn 0.0920 0.9828 -0.1600
vn -0.0007 0.9896 -0.1440
vn -0.0207 0.9925 -0.1202
vn -0.1268 0.9879 -0.0893
vn -0.1593 0.9862 -0.0450
vn -0.2464 0.9691 -0.0101
vn -0.2387 0.9711 -0.0086
vn -0.3100 0.9505 0.0221
vn -0.1271 0.9752 -0.1814
vn -0.1241 0.9758 -0.1798
vn -0.2010 0.9656 -0.1652
vn -0.1942 0.9676 -0.1616
vn -0.2618 0.9541 -0.1456
vn -0.3297 0.9413 -0.0731
vn -0.3709 0.9268 -0.0585
vn -0.4338 0.9007 0.0245
vn -0.4653 0.8843 0.0389
vn -0.5161 0.8475 0.1239
vn -0.0472 0.9683 -0.2453
vn -0.0474 0.9682 -0.2455
vn -0.1189 0.9620 -0.2458
vn -0.1148 0.9633 -0.2425
vn -0.1828 0.9536 -0.2393
vn -0.2560 0.9494 -0.1818
vn -0.3045 0.9369 -0.1715
vn -0.3907 0.9165 -0.0864
vn -0.4473 0.8919 -0.0663
vn -0.0855 0.9722 -0.2181
vn -0.0844 0.9724 -0.2173
vn -0.1590 0.9648 -0.2096
vn -0.1539 0.9663 -0.2063
vn -0.2230 0.9550 -0.1956
vn -0.2967 0.9464 -0.1278
vn -0.3412 0.9329 -0.1148
vn -0.4163 0.9088 -0.0288
vn -0.4495 0.8932 -0.0152
vn -0.5130 0.8549 0.0774
vn -0.5365 0.8392 0.0893
vn -0.5707 0.8066 0.1539
vn -0.5267 0.8335 0.1667
vn -0.0434 0.9614 -0.2716
vn -0.3863 0.9130 -0.1310
vn -0.4156 0.9002 -0.1302
vn -0.3558 0.9230 -0.1468
vn -0.2638 0.9381 -0.2245
vn -0.2128 0.9497 -0.2299
vn -0.1461 0.9505 -0.2742
vn -0.0827 0.9597 -0.2685
vn -0.0650 0.9664 -0.2486
vn -0.0249 0.9656 -0.2588
vn -0.4981 0.8275 0.2591
vn -0.4770 0.8565 0.1972
vn -0.5140 0.8323 0.2075
vn -0.4800 0.8673 0.1322
vn -0.4505 0.8852 0.1164
vn -0.4086 0.9116 0.0442
vn -0.3722 0.9278 0.0276
vn -0.3219 0.9458 -0.0426
vn -0.2595 0.9635 -0.0652
vn -0.2690 0.9607 -0.0684
vn -0.1923 0.9769 -0.0933
vn -0.1986 0.9754 -0.0954
vn -0.1053 0.9869 -0.1222
vn -0.0705 0.9846 -0.1597
vn 0.0431 0.9833 -0.1768
vn 0.0547 0.9807 -0.1875
vn 0.1496 0.9708 -0.1873
vn 0.1454 0.9739 -0.1742
vn -0.3568 0.9328 0.0502
vn -0.3002 0.9536 0.0241
vn -0.2999 0.9537 0.0236
vn -0.2622 0.9646 0.0290
vn -0.1787 0.9839 -0.0083
vn -0.1492 0.9874 -0.0532
vn -0.0458 0.9949 -0.0895
vn -0.0244 0.9927 -0.1177
vn 0.0698 0.9876 -0.1407
vn 0.0694 0.9887 -0.1330
vn 0.1997 0.9622 -0.1855
vn 0.1079 0.9730 -0.2040
vn 0.1394 0.9663 -0.2163
vn -0.0310 0.9601 -0.2779
vn -0.0366 0.9603 -0.2764
vn -0.0220 0.9588 -0.2832
vn 0.0700 0.9703 -0.2316
vn 0.0783 0.9690 -0.2343
vn -0.0081 0.9565 -0.2916
vn -0.0214 0.9578 -0.2866
vn -0.1233 0.9364 -0.3287
vn 0.0808 0.9675 -0.2398
vn 0.0695 0.9688 -0.2379
vn 0.0793 0.9670 -0.2422
vn 0.0650 0.9688 -0.2391
vn 0.0746 0.9670 -0.2437
vn 0.0592 0.9691 -0.2395
vn 0.0672 0.9675 -0.2439
vn 0.0496 0.9700 -0.2382
vn 0.0514 0.9696 -0.2392
vn 0.0289 0.9721 -0.2329
vn 0.0149 0.9747 -0.2232
vn -0.0023 0.9763 -0.2166
vn -0.0281 0.9803 -0.1954
vn -0.5046 0.8630 0.0253
vn -0.4455 0.8939 -0.0505
vn -0.4735 0.8785 -0.0638
vn -0.4335 0.8947 -0.1080
vn -0.4664 0.8782 -0.1062
vn -0.3937 0.9023 -0.1753
vn -0.4260 0.8873 -0.1769
vn -0.3688 0.9023 -0.2233
vn -0.3542 0.9112 -0.2102
vn -0.3410 0.9044 -0.2566
vn -0.2659 0.9284 -0.2596
vn -0.2120 0.9327 -0.2919
vn -0.2084 0.9302 -0.3020
vn -0.1926 0.9309 -0.3105
vn -0.2154 0.9431 -0.2533
vn -0.1465 0.9367 -0.3180
vn -0.0280 0.9590 -0.2819
vn -0.0139 0.9576 -0.2878
vn 0.0809 0.9681 -0.2372
vn 0.0716 0.9696 -0.2338
vn 0.0003 0.9265 -0.3763
vn 0.0272 0.9453 -0.3250
vn 0.0027 0.9457 -0.3249
vn 0.0118 0.9477 -0.3190
vn 0.0060 0.9478 -0.3187
vn 0.0141 0.9485 -0.3166
vn 0.0014 0.9489 -0.3155
vn 0.0111 0.9496 -0.3134
vn -0.0021 0.9501 -0.3119
vn 0.0085 0.9507 -0.3101
vn -0.0037 0.9513 -0.3082
vn 0.0069 0.9517 -0.3069
vn -0.0052 0.9524 -0.3047
vn 0.0055 0.9527 -0.3039
vn -0.0065 0.9535 -0.3013
vn 0.0038 0.9536 -0.3010
vn -0.0086 0.9546 -0.2978
vn 0.0009 0.9546 -0.2980
vn -0.0117 0.9556 -0.2943
vn 0.0097 0.9657 -0.2596
vn 0.0092 0.9728 -0.2314
vn 0.0206 0.9726 -0.2314
vn 0.0254 0.9733 -0.2280
vn 0.0326 0.9730 -0.2284
vn 0.0362 0.9731 -0.2273
vn 0.0377 0.9731 -0.2274
vn 0.0410 0.9731 -0.2266
vn 0.0433 0.9730 -0.2268
vn 0.0469 0.9730 -0.2261
vn 0.0501 0.9727 -0.2265
vn 0.0527 0.9727 -0.2261
vn 0.0572 0.9723 -0.2268
vn 0.0581 0.9722 -0.2267
vn 0.0641 0.9716 -0.2280
vn 0.0635 0.9716 -0.2280
vn 0.0699 0.9708 -0.2296
vn 0.1198 0.9802 -0.1574
vn 0.1746 0.9809 -0.0860
vn 0.1617 0.9830 -0.0868
vn 0.1417 0.9763 -0.1635
vn 0.1278 0.9782 -0.1637
vn 0.1511 0.9736 -0.1711
vn 0.1335 0.9763 -0.1705
vn 0.1584 0.9709 -0.1794
vn 0.1377 0.9744 -0.1777
vn 0.1633 0.9685 -0.1878
vn 0.1394 0.9729 -0.1847
vn 0.1651 0.9666 -0.1959
vn 0.1380 0.9718 -0.1910
vn 0.1645 0.9651 -0.2038
vn 0.1349 0.9711 -0.1969
vn 0.1594 0.9646 -0.2099
vn 0.1280 0.9712 -0.2010
vn 0.1285 0.9711 -0.2013
vn 0.2043 0.9621 -0.1806
vn 0.1806 0.9692 -0.1675
vn 0.0242 0.9899 -0.1395
vn 0.0280 0.9903 -0.1361
vn 0.0337 0.9901 -0.1361
vn 0.0352 0.9902 -0.1349
vn 0.0537 0.9893 -0.1360
vn 0.0531 0.9893 -0.1362
vn 0.0659 0.9883 -0.1372
vn 0.0649 0.9884 -0.1375
vn 0.0793 0.9871 -0.1391
vn 0.0770 0.9872 -0.1397
vn 0.0928 0.9855 -0.1419
vn 0.0886 0.9858 -0.1428
vn 0.1059 0.9836 -0.1458
vn 0.1000 0.9841 -0.1467
vn 0.1193 0.9813 -0.1507
vn -0.7356 0.0299 0.6768
vn -0.7267 0.0235 0.6866
vn -0.7109 0.0439 0.7019
vn -0.7155 0.0571 0.6963
vn -0.7100 0.0534 0.7021
vn -0.8048 0.0032 0.5935
vn -0.8340 0.0620 0.5482
vn -0.7783 0.0090 0.6278
vn -0.8529 0.2842 0.4380
vn -0.8564 0.3036 0.4177
vn -0.8758 0.2769 0.3953
vn -0.8596 0.1717 0.4813
vn -0.8711 0.2027 0.4474
vn -0.8888 0.1777 0.4225
vn -0.9064 0.2438 0.3450
vn -0.9094 0.2245 0.3502
vn -0.9170 0.3266 0.2289
vn -0.8950 0.3420 0.2862
vn -0.8763 0.4300 0.2171
vn -0.8845 0.3278 0.3319
vn -0.8596 0.4861 0.1574
vn -0.8438 0.5253 0.1097
vn -0.7355 0.4913 0.4666
vn -0.7371 0.5211 0.4303
vn -0.7765 0.4544 0.4366
vn -0.7764 0.4980 0.3863
vn -0.8204 0.4157 0.3927
vn -0.8190 0.4529 0.3523
vn -0.8412 0.4257 0.3334
vn -0.8383 0.4536 0.3025
vn -0.8609 0.4245 0.2806
vn -0.8458 0.4949 0.1993
vn -0.7354 0.0032 0.6777
vn -0.7257 -0.0027 0.6880
vn -0.7714 0.0172 0.6361
vn -0.7631 -0.0025 0.6463
vn -0.7628 -0.0027 0.6467
vn -0.8102 -0.0108 0.5860
vn -0.8106 0.0081 0.5855
vn -0.8123 0.0102 0.5831
vn -0.8718 -0.0021 0.4899
vn -0.9318 0.0109 0.3629
vn -0.9315 0.0107 0.3636
vn -0.8121 0.0100 0.5834
vn -0.8448 -0.0027 0.5351
vn -0.8450 0.0162 0.5345
vn -0.8727 0.0085 0.4883
vn -0.8750 0.0051 0.4840
vn -0.9101 0.0672 0.4089
vn -0.8709 0.0152 0.4912
vn -0.8873 0.0267 0.4604
vn -0.8873 0.0205 0.4607
vn -0.9021 -0.0038 0.4315
vn -0.9024 0.0306 0.4298
vn -0.9185 0.0048 0.3955
vn -0.9187 0.0374 0.3933
vn -0.9461 0.0321 0.3224
vn -0.9461 0.0290 0.3227
vn -0.8924 0.0153 0.4510
vn -0.9239 0.0514 0.3792
vn -0.9240 0.0240 0.3817
vn -0.9603 0.0823 0.2666
vn -0.9614 0.0538 0.2697
vn -0.9379 0.0692 0.3400
vn -0.9553 0.1048 0.2764
vn -0.9569 0.0760 0.2804
vn -0.9933 0.0989 0.0599
vn -0.9878 0.0984 0.1207
vn -0.9881 0.0946 0.1211
vn -0.9674 -0.0000 0.2531
vn -0.9741 -0.0035 0.2262
vn -0.9974 0.0145 -0.0703
vn -1.0000 0.0033 -0.0030
vn -0.9968 0.0116 0.0786
vn -0.9968 0.0114 0.0796
vn -0.9806 0.0326 0.1935
vn -0.9769 0.0224 0.2125
vn -0.9904 0.0239 0.1360
vn -0.9969 0.0422 0.0660
vn -0.9987 0.0487 -0.0141
vn -0.9929 0.0161 0.1181
vn -0.9927 0.0249 0.1179
vn -0.9771 0.0037 0.2129
vn -0.9674 0.0158 0.2529
vn -0.9308 0.0102 -0.3654
vn -0.9335 0.0096 -0.3583
vn -0.8682 0.0172 -0.4959
vn -0.8597 0.0203 -0.5104
vn -0.8605 0.0201 -0.5090
vn -0.8207 0.0153 -0.5711
vn -0.7708 0.0208 -0.6367
vn -0.7661 0.0212 -0.6424
vn -0.8238 0.0294 -0.5661
vn -0.5170 0.0459 -0.8547
vn -0.1972 0.0727 -0.9777
vn -0.0405 0.0525 -0.9978
vn -0.2232 0.0262 -0.9744
vn -0.7950 0.0841 -0.6008
vn -0.7702 0.0938 -0.6309
vn -0.8454 0.0768 -0.5286
vn -0.6180 0.1841 -0.7643
vn -0.6219 0.1473 -0.7691
vn -0.7508 0.1027 -0.6525
vn -0.6738 0.1006 -0.7320
vn -0.6768 0.0396 -0.7351
vn -0.7669 0.0356 -0.6408
vn -0.3736 0.0477 -0.9264
vn -0.2797 0.0475 -0.9589
vn -0.2782 0.1192 -0.9531
vn -0.1930 0.1218 -0.9736
vn -0.1919 0.1696 -0.9666
vn -0.1717 0.1493 -0.9738
vn -0.9762 0.0933 -0.1959
vn -0.9564 0.1224 -0.2652
vn -0.9858 0.0854 -0.1446
vn -0.9704 0.1143 -0.2127
vn -0.9946 0.0713 -0.0761
vn -0.9835 0.1088 -0.1448
vn -0.9982 0.0589 0.0068
vn -0.9935 0.0963 -0.0601
vn -0.9957 0.0486 0.0788
vn -0.9747 -0.0030 0.2234
vn -0.9960 0.0082 0.0888
vn -0.9960 0.0067 0.0888
vn -0.9997 0.0240 -0.0031
vn -0.9985 0.0202 -0.0511
vn -0.9908 0.0339 -0.1312
vn -0.9905 0.0404 -0.1312
vn -0.9673 0.0640 -0.2454
vn -0.9665 0.0749 -0.2454
vn -0.9257 0.1037 -0.3637
vn -0.9239 0.1200 -0.3634
vn -0.8622 0.1536 -0.4827
vn -0.8589 0.1749 -0.4814
vn -0.7811 0.2092 -0.5883
vn -0.6991 0.2227 -0.6794
vn -0.7833 0.1951 -0.5902
vn -0.7875 0.1683 -0.5929
vn -0.8642 0.1388 -0.4835
vn -0.8669 0.1172 -0.4846
vn -0.9247 0.0908 -0.3698
vn -0.9260 0.0740 -0.3701
vn -0.9670 0.0508 -0.2496
vn -0.9676 0.0392 -0.2496
vn -0.9058 0.1754 -0.3857
vn -0.9381 0.1431 -0.3153
vn -0.8813 0.1836 -0.4355
vn -0.9834 0.1227 -0.1337
vn -0.9735 0.1404 -0.1806
vn -0.9663 0.1377 -0.2174
vn -0.9439 0.1632 -0.2871
vn -0.9946 0.0679 0.0790
vn -0.9906 0.1229 -0.0593
vn -0.9915 0.1158 -0.0589
vn -0.9799 0.1472 -0.1346
vn -0.9740 0.1459 -0.1732
vn -0.9622 0.1637 -0.2178
vn -0.9533 0.1617 -0.2551
vn -0.9420 0.1741 -0.2871
vn -0.9195 0.1834 -0.3476
vn -0.8789 0.1963 -0.4348
vn -0.8732 0.2018 -0.4437
vn -0.9023 0.1942 -0.3850
vn -0.9263 0.1749 -0.3337
vn -0.9279 0.1658 -0.3339
vn -0.9645 0.1295 -0.2299
vn -0.9687 0.1275 -0.2128
vn -0.9768 0.1162 -0.1801
vn -0.9822 0.1196 -0.1451
vn -0.9811 0.1217 -0.1507
vn -0.9923 0.1077 -0.0606
vn -0.9968 0.0792 0.0130
vn -0.9962 0.0866 0.0126
vn -0.9892 0.0404 0.1409
vn -0.9888 0.0512 0.1404
vn -0.9808 0.0208 0.1940
vn -0.9952 0.0578 0.0783
vn -0.9904 0.0264 0.1359
vn -0.9978 0.0657 0.0065
vn -0.9972 0.0341 0.0662
vn -0.9943 0.0751 -0.0762
vn -0.9990 0.0432 -0.0139
vn -0.9864 0.0788 -0.1445
vn -0.9920 0.0648 -0.1082
vn -0.9776 0.0773 -0.1957
vn -0.9641 0.0911 -0.2494
vn -0.9630 0.1018 -0.2494
vn -0.9186 0.1374 -0.3706
vn -0.9162 0.1537 -0.3701
vn -0.8519 0.1925 -0.4871
vn -0.8475 0.2148 -0.4854
vn -0.8107 0.2206 -0.5423
vn -0.9741 0.0140 0.2258
vn -0.9864 0.0255 0.1625
vn -0.9867 0.0035 0.1628
vn -0.9988 0.0285 0.0409
vn -0.9989 0.0221 0.0410
vn -0.9977 0.0434 -0.0514
vn -0.9933 0.0420 -0.1078
vn -0.9808 0.0587 -0.1858
vn -0.9803 0.0673 -0.1859
vn -0.9469 0.0975 -0.3065
vn -0.9454 0.1110 -0.3064
vn -0.8941 0.1447 -0.4238
vn -0.8913 0.1632 -0.4230
vn -0.8190 0.2006 -0.5377
vn -0.8159 0.2167 -0.5361
vn -0.7762 0.2341 -0.5853
vn -0.7354 0.2374 -0.6347
vn -0.9811 0.0517 0.1864
vn -0.9924 0.1029 0.0670
vn -0.9934 0.0920 0.0679
vn -0.9904 0.1349 -0.0295
vn -0.9919 0.1240 -0.0287
vn -0.9753 0.1726 -0.1379
vn -0.9769 0.1634 -0.1375
vn -0.9572 0.1971 -0.2118
vn -0.9473 0.1972 -0.2524
vn -0.9312 0.2154 -0.2939
vn -0.9184 0.2147 -0.3324
vn -0.8931 0.2363 -0.3828
vn -0.8771 0.2346 -0.4191
vn -0.8420 0.2575 -0.4741
vn -0.8228 0.2546 -0.5082
vn -0.7767 0.2779 -0.5652
vn -0.7556 0.2740 -0.5950
vn -0.7000 0.2959 -0.6500
vn -0.6778 0.2910 -0.6752
vn -0.9759 0.0156 -0.2175
vn -0.9628 0.0210 -0.2694
vn -0.9626 0.0292 -0.2694
vn -0.9212 0.0457 -0.3863
vn -0.9202 0.0637 -0.3861
vn -0.8617 0.0841 -0.5004
vn -0.8597 0.1069 -0.4996
vn -0.7855 0.1299 -0.6051
vn -0.7822 0.1576 -0.6028
vn -0.6984 0.1808 -0.6925
vn -0.6936 0.2128 -0.6882
vn -0.6052 0.2347 -0.7607
vn -0.9321 0.0173 -0.3619
vn -0.9088 0.0222 -0.4166
vn -0.9084 0.0379 -0.4164
vn -0.8673 0.0480 -0.4955
vn -0.8470 0.0470 -0.5295
vn -0.8196 0.0520 -0.5705
vn -0.7969 0.0506 -0.6020
vn -0.7396 0.0585 -0.6705
vn -0.7374 0.0949 -0.6688
vn -0.7148 0.0946 -0.6929
vn -0.7112 0.1361 -0.6897
vn -0.6827 0.1369 -0.7177
vn -0.6784 0.1756 -0.7134
vn -0.5893 0.1933 -0.7844
vn -0.5845 0.2303 -0.7780
vn -0.4470 0.0448 -0.8934
vn -0.4433 0.1351 -0.8861
vn -0.4185 0.1387 -0.8976
vn -0.4138 0.2050 -0.8870
vn -0.3223 0.2574 -0.9110
vn -0.3254 0.2130 -0.9213
vn -0.3365 0.2106 -0.9178
vn -0.3393 0.1638 -0.9263
vn -0.9761 0.0085 -0.2171
vn -0.9392 0.0138 -0.3431
vn -0.9387 0.0337 -0.3430
vn -0.8887 0.0488 -0.4560
vn -0.8875 0.0699 -0.4556
vn -0.8187 0.0892 -0.5673
vn -0.8163 0.1156 -0.5659
vn -0.7360 0.1362 -0.6631
vn -0.7323 0.1671 -0.6602
vn -0.6455 0.1875 -0.7404
vn -0.6406 0.2219 -0.7351
vn -0.5531 0.2405 -0.7977
vn -0.9976 0.0141 -0.0671
vn -0.9939 0.0074 -0.1098
vn -0.9936 0.0276 -0.1099
vn -0.9814 0.0298 -0.1895
vn -0.9808 0.0456 -0.1895
vn -0.9501 0.0685 -0.3042
vn -0.9491 0.0820 -0.3042
vn -0.8992 0.1102 -0.4234
vn -0.8970 0.1291 -0.4228
vn -0.8285 0.1604 -0.5366
vn -0.8247 0.1845 -0.5347
vn -0.7400 0.2167 -0.6367
vn -0.7362 0.2369 -0.6339
vn -0.6940 0.2510 -0.6748
vn -0.7027 0.2508 -0.6659
vn -0.6044 0.2791 -0.7462
vn -0.9980 0.0022 -0.0634
vn -0.9793 0.0124 -0.2021
vn -0.9790 0.0257 -0.2021
vn -0.9470 0.0429 -0.3183
vn -0.9463 0.0574 -0.3182
vn -0.8976 0.0788 -0.4336
vn -0.8959 0.0986 -0.4331
vn -0.8278 0.1242 -0.5471
vn -0.8248 0.1488 -0.5455
vn -0.7446 0.1748 -0.6442
vn -0.7401 0.2045 -0.6407
vn -0.6514 0.2297 -0.7232
vn -0.6455 0.2632 -0.7170
vn -0.5984 0.2755 -0.7523
vn -0.5369 0.2817 -0.7953
vn -0.5474 0.2782 -0.7893
vn -0.4924 0.2890 -0.8210
vn -0.4983 0.2459 -0.8314
vn -0.5255 0.2379 -0.8168
vn -0.5302 0.1988 -0.8242
vn -0.5551 0.1916 -0.8094
vn -0.5607 0.1311 -0.8176
vn -0.6009 0.1233 -0.7898
vn -0.6050 0.0457 -0.7949
vn -0.6509 0.0388 -0.7581
vn -0.5280 0.3313 -0.7820
vn -0.6153 0.3087 -0.7253
vn -0.5994 0.3047 -0.7402
vn -0.6394 0.3033 -0.7066
vn -0.6436 0.2837 -0.7109
vn -0.7073 0.2635 -0.6559
vn -0.7288 0.2687 -0.6298
vn -0.7843 0.2460 -0.5695
vn -0.8043 0.2503 -0.5390
vn -0.8494 0.2264 -0.4768
vn -0.8672 0.2297 -0.4418
vn -0.8998 0.2069 -0.3841
vn -0.9143 0.2091 -0.3469
vn -0.9372 0.1876 -0.2941
vn -0.9482 0.1890 -0.2553
vn -0.9625 0.1705 -0.2112
vn -0.9698 0.1709 -0.1740
vn -0.9858 0.1373 -0.0966
vn -0.9842 0.1478 -0.0972
vn -0.9947 0.1028 0.0084
vn -0.9937 0.1121 0.0078
vn -0.9890 0.0594 0.1352
vn -0.9892 0.0563 0.1354
vn -0.9750 0.0439 0.2177
vn -0.9754 0.0248 0.2188
vn -0.9631 0.0322 0.2672
vn -0.9633 0.0104 0.2681
vn -0.9508 0.0195 0.3093
vn -0.9508 0.0010 0.3098
vn -0.9401 0.0100 0.3406
vn -0.9320 0.0050 0.3625
vn -0.9453 0.1608 0.2838
vn -0.9479 0.1335 0.2892
vn -0.8820 0.0847 0.4635
vn -0.9096 0.1368 0.3922
vn -0.9110 0.1109 0.3972
vn -0.9387 0.1925 0.2860
vn -0.9418 0.1673 0.2916
vn -0.9429 0.2460 0.2246
vn -0.9247 0.1523 0.3488
vn -0.9223 0.1771 0.3434
vn -0.8978 0.1153 0.4250
vn -0.8803 0.1394 0.4534
vn -0.8614 0.1035 0.4972
vn -0.8624 0.1022 0.4958
vn -0.8309 0.0989 0.5476
vn -0.8310 0.0924 0.5486
vn -0.8037 0.0595 0.5921
vn -0.7700 0.0614 0.6351
vn -0.9632 0.2604 0.0661
vn -0.9670 0.2250 0.1194
vn -0.9600 0.2384 0.1470
vn -0.9039 0.1120 0.4127
vn -0.9303 0.1186 0.3471
vn -0.9301 0.1214 0.3466
vn -0.9524 0.2094 0.2216
vn -0.9503 0.2213 0.2189
vn -0.9601 0.2320 0.1563
vn -0.9587 0.2345 0.1608
vn -0.9565 0.2704 0.1096
vn -0.9692 0.2433 -0.0370
vn -0.9781 0.2067 0.0251
vn -0.9738 0.2199 0.0581
vn -0.9760 0.1858 0.1134
vn -0.9695 0.1990 0.1430
vn -0.8657 0.0609 0.4969
vn -0.8872 0.0927 0.4520
vn -0.9050 0.0689 0.4198
vn -0.9328 0.1211 0.3393
vn -0.9343 0.0933 0.3440
vn -0.9600 0.1755 0.2180
vn -0.9588 0.1839 0.2164
vn -0.9693 0.1936 0.1515
vn -0.9682 0.1958 0.1559
vn -0.9677 0.2289 0.1053
vn -0.9736 0.2156 0.0746
vn -0.9677 0.2513 0.0179
vn -0.9344 0.2848 -0.2140
vn -0.9111 0.3245 -0.2540
vn -0.9507 0.2684 -0.1552
vn -0.9293 0.3114 -0.1988
vn -0.9577 0.2634 -0.1157
vn -0.9426 0.3110 -0.1212
vn -0.9607 0.2717 -0.0571
vn -0.9450 0.3206 -0.0648
vn -0.9595 0.2815 -0.0044
vn -0.6647 0.7310 0.1545
vn -0.7099 0.6802 0.1827
vn -0.6932 0.7058 0.1460
vn -0.7684 0.6091 0.1965
vn -0.7382 0.6627 0.1260
vn -0.8034 0.5705 0.1705
vn -0.7605 0.6451 0.0746
vn -0.8274 0.5492 0.1172
vn -0.7878 0.6150 0.0336
vn -0.8302 0.5544 0.0580
vn -0.8035 0.5952 0.0045
vn -0.8432 0.5370 0.0258
vn -0.8142 0.5798 -0.0310
vn -0.6648 0.7453 0.0503
vn -0.7433 0.6621 0.0949
vn -0.6852 0.7283 -0.0006
vn -0.7658 0.6417 0.0409
vn -0.7130 0.7000 -0.0406
vn -0.7644 0.6446 -0.0173
vn -0.7301 0.6800 -0.0679
vn -0.7801 0.6239 -0.0471
vn -0.7426 0.6620 -0.1015
vn -0.7894 0.6081 -0.0844
vn -0.7500 0.6465 -0.1397
vn -0.7956 0.5927 -0.1255
vn -0.7540 0.6313 -0.1817
vn -0.7074 0.6958 0.1244
vn -0.7245 0.6773 0.1279
vn -0.7037 0.7050 0.0879
vn -0.7760 0.6166 0.1329
vn -0.7250 0.6878 0.0365
vn -0.7994 0.5955 0.0791
vn -0.7527 0.6584 -0.0043
vn -0.7996 0.6002 0.0197
vn -0.7693 0.6381 -0.0319
vn -0.8139 0.5809 -0.0108
vn -0.7801 0.6220 -0.0672
vn -0.8233 0.5655 -0.0489
vn -0.7881 0.6064 -0.1058
vn -0.5770 0.8165 -0.0203
vn -0.6634 0.7480 0.0203
vn -0.5940 0.8014 -0.0702
vn -0.6833 0.7294 -0.0335
vn -0.6221 0.7755 -0.1076
vn -0.6815 0.7266 -0.0868
vn -0.6421 0.7551 -0.1327
vn -0.6982 0.7066 -0.1152
vn -0.6558 0.7370 -0.1635
vn -0.7096 0.6886 -0.1494
vn -0.6647 0.7201 -0.1989
vn -0.7159 0.6723 -0.1883
vn -0.6691 0.7040 -0.2380
vn -0.7182 0.6563 -0.2310
vn -0.6701 0.6875 -0.2799
vn -0.7160 0.6410 -0.2765
vn -0.6672 0.6709 -0.3236
vn -0.9027 0.4080 0.1365
vn -0.8882 0.4521 0.0811
vn -0.8972 0.4373 0.0619
vn -0.8763 0.4817 0.0038
vn -0.8839 0.4673 -0.0177
vn -0.8559 0.5112 -0.0778
vn -0.8615 0.4975 -0.1015
vn -0.8270 0.5388 -0.1603
vn -0.8301 0.5259 -0.1856
vn -0.7893 0.5642 -0.2423
vn -0.7894 0.5519 -0.2687
vn -0.7432 0.5866 -0.3216
vn -0.7402 0.5747 -0.3490
vn -0.6906 0.6050 -0.3964
vn -0.6845 0.5932 -0.4237
vn -0.6309 0.6200 -0.4663
vn -0.6222 0.6086 -0.4925
vn -0.5631 0.6957 -0.4461
vn -0.5581 0.6853 -0.4679
vn -0.5309 0.7126 -0.4587
vn -0.4166 0.7469 -0.5183
vn -0.3968 0.7659 -0.5059
vn -0.3343 0.7793 -0.5300
vn -0.3114 0.7743 -0.5509
vn -0.2828 0.7790 -0.5596
vn -0.2607 0.7734 -0.5778
vn -0.2246 0.7782 -0.5865
vn -0.2040 0.7724 -0.6015
vn -0.8820 0.3376 0.3287
vn -0.8844 0.3037 0.3544
vn -0.9017 0.3166 0.2945
vn -0.8992 0.3743 0.2264
vn -0.8886 0.4046 0.2160
vn -0.8948 0.4157 0.1627
vn -0.8907 0.4220 0.1689
vn -0.8778 0.4645 0.1173
vn -0.8877 0.4493 0.1004
vn -0.8684 0.4939 0.0437
vn -0.8774 0.4792 0.0249
vn -0.8514 0.5234 -0.0339
vn -0.8589 0.5091 -0.0549
vn -0.8260 0.5520 -0.1144
vn -0.8313 0.5388 -0.1367
vn -0.7920 0.5787 -0.1945
vn -0.7949 0.5658 -0.2192
vn -0.7512 0.6013 -0.2724
vn -0.7511 0.5891 -0.2980
vn -0.7026 0.6210 -0.3474
vn -0.6996 0.6094 -0.3731
vn -0.6485 0.6370 -0.4167
vn -0.6428 0.6258 -0.4419
vn -0.5893 0.6496 -0.4803
vn -0.5808 0.6382 -0.5053
vn -0.6169 0.6850 -0.3875
vn -0.6142 0.6741 -0.4103
vn -0.5727 0.7142 -0.4024
vn -0.5745 0.7232 -0.3832
vn -0.5787 0.7215 -0.3803
vn -0.5454 0.7493 -0.3755
vn -0.4814 0.7806 -0.3986
vn -0.4540 0.8000 -0.3923
vn -0.3993 0.8215 -0.4070
vn -0.3677 0.8409 -0.3972
vn -0.3215 0.8555 -0.4059
vn -0.2724 0.8810 -0.3868
vn -0.3178 0.8748 -0.3657
vn -0.2788 0.8849 -0.3732
vn -0.3509 0.8741 -0.3359
vn -0.3070 0.8861 -0.3473
vn -0.3843 0.8723 -0.3023
vn -0.3369 0.8862 -0.3179
vn -0.4171 0.8691 -0.2659
vn -0.3663 0.8854 -0.2862
vn -0.4491 0.8643 -0.2265
vn -0.9138 0.3681 0.1718
vn -0.9039 0.4111 0.1183
vn -0.9128 0.3963 0.0988
vn -0.8969 0.4402 0.0418
vn -0.9046 0.4257 0.0200
vn -0.8816 0.4703 -0.0404
vn -0.8873 0.4567 -0.0643
vn -0.8577 0.4990 -0.1240
vn -0.8610 0.4858 -0.1504
vn -0.8246 0.5258 -0.2089
vn -0.8249 0.5132 -0.2368
vn -0.7823 0.5500 -0.2924
vn -0.7794 0.5378 -0.3213
vn -0.7317 0.5708 -0.3725
vn -0.7256 0.5590 -0.4014
vn -0.6722 0.5889 -0.4487
vn -0.6632 0.5771 -0.4766
vn -0.5870 0.8093 0.0206
vn -0.5509 0.8344 0.0150
vn -0.6297 0.7750 0.0537
vn -0.6513 0.7566 0.0575
vn -0.6228 0.7822 0.0144
vn -0.7050 0.7069 0.0568
vn -0.6405 0.7671 -0.0367
vn -0.7275 0.6861 0.0034
vn -0.6698 0.7388 -0.0750
vn -0.7248 0.6869 -0.0530
vn -0.6875 0.7191 -0.1015
vn -0.7408 0.6667 -0.0823
vn -0.7004 0.7011 -0.1338
vn -0.7517 0.6489 -0.1178
vn -0.7087 0.6845 -0.1710
vn -0.7575 0.6333 -0.1585
vn -0.7131 0.6684 -0.2114
vn -0.7592 0.6186 -0.2025
vn -0.7133 0.6530 -0.2546
vn -0.9469 0.2756 0.1657
vn -0.9425 0.3146 0.1130
vn -0.9495 0.3011 0.0884
vn -0.9395 0.3412 0.0322
vn -0.9448 0.3277 0.0038
vn -0.9282 0.3681 -0.0552
vn -0.9308 0.3552 -0.0861
vn -0.9067 0.3954 -0.1470
vn -0.9060 0.3827 -0.1806
vn -0.8730 0.4226 -0.2432
vn -0.8687 0.4105 -0.2772
vn -0.8259 0.4496 -0.3402
vn -0.8926 0.2579 -0.3697
vn -0.8427 0.2955 -0.4500
vn -0.8226 0.2944 -0.4864
vn -0.7840 0.3163 -0.5341
vn -0.7634 0.3141 -0.5644
vn -0.7158 0.3356 -0.6123
vn -0.6921 0.3321 -0.6409
vn -0.6394 0.3511 -0.6840
vn -0.6160 0.3467 -0.7074
vn -0.6487 0.3937 -0.6513
vn -0.6962 0.3747 -0.6123
vn -0.7200 0.3768 -0.5828
vn -0.7592 0.3575 -0.5439
vn -0.7808 0.3583 -0.5118
vn -0.8384 0.3218 -0.4399
vn -0.8379 0.3235 -0.4397
vn -0.9048 0.2692 -0.3300
vn -0.9034 0.2740 -0.3299
vn -0.9508 0.2197 -0.2184
vn -0.9490 0.2270 -0.2187
vn -0.9786 0.1744 -0.1093
vn -0.9767 0.1844 -0.1100
vn -0.9900 0.1399 -0.0165
vn -0.9877 0.1551 0.0191
vn -0.9888 0.1204 0.0878
vn -0.9835 0.1349 0.1202
vn -0.6846 0.4075 -0.6044
vn -0.7248 0.3891 -0.5686
vn -0.7473 0.3899 -0.5381
vn -0.8071 0.3551 -0.4717
vn -0.8070 0.3553 -0.4717
vn -0.8794 0.3021 -0.3678
vn -0.8782 0.3058 -0.3677
vn -0.9329 0.2507 -0.2586
vn -0.9311 0.2569 -0.2587
vn -0.9678 0.2025 -0.1498
vn -0.9658 0.2112 -0.1503
vn -0.9846 0.1653 -0.0573
vn -0.9834 0.1803 -0.0203
vn -0.9883 0.1440 0.0494
vn -0.9839 0.1582 0.0832
vn -0.9819 0.1265 0.1410
vn -0.9824 0.1253 0.1383
vn -0.9715 0.1200 0.2044
vn -0.9719 0.1160 0.2049
vn -0.9413 0.0462 0.3344
vn -0.9406 0.0749 0.3311
vn -0.9102 0.0311 0.4130
vn -0.8927 0.0552 0.4473
vn -0.8701 0.0286 0.4921
vn -0.8682 0.0310 0.4952
vn -0.8378 0.0345 0.5448
vn -0.8379 0.0390 0.5445
vn -0.8051 0.0124 0.5930
vn -0.7714 0.0206 0.6360
vn -0.7789 0.0338 0.6262
vn -0.7497 0.0117 0.6617
vn -0.9266 0.2378 -0.2912
vn -0.8660 0.2924 -0.4057
vn -0.8668 0.2896 -0.4059
vn -0.8125 0.3270 -0.4826
vn -0.7917 0.3262 -0.5165
vn -0.7534 0.3464 -0.5589
vn -0.7308 0.3443 -0.5894
vn -0.6823 0.3650 -0.6334
vn -0.6588 0.3617 -0.6597
vn -0.6071 0.3795 -0.6982
vn -0.9235 0.3474 -0.1628
vn -0.9414 0.2982 -0.1576
vn -0.9074 0.3459 -0.2386
vn -0.9314 0.3051 -0.1983
vn -0.8846 0.3613 -0.2950
vn -0.9131 0.3192 -0.2538
vn -0.8584 0.3745 -0.3506
vn -0.8878 0.3365 -0.3140
vn -0.8257 0.3894 -0.4082
vn -0.8262 0.3882 -0.4083
vn -0.7920 0.4235 -0.4398
vn -0.8594 0.3721 -0.3507
vn -0.8269 0.4096 -0.3853
vn -0.8864 0.3569 -0.2949
vn -0.8562 0.3960 -0.3319
vn -0.9096 0.3405 -0.2383
vn -0.8816 0.3816 -0.2778
vn -0.9211 0.3345 -0.1993
vn -0.7023 0.4514 -0.5504
vn -0.7857 0.4050 -0.4677
vn -0.7858 0.4047 -0.4677
vn -0.8578 0.3527 -0.3739
vn -0.8568 0.3553 -0.3738
vn -0.9134 0.3008 -0.2744
vn -0.9115 0.3062 -0.2745
vn -0.9380 0.2733 -0.2133
vn -0.9532 0.2656 -0.1446
vn -0.9483 0.2766 -0.1560
vn -0.9704 0.2299 -0.0733
vn -0.9577 0.2766 -0.0791
vn -0.9711 0.2384 -0.0155
vn -0.9584 0.2846 -0.0230
vn -0.9683 0.2474 0.0353
vn -0.9553 0.2943 0.0262
vn -0.9629 0.2571 0.0816
vn -0.9758 0.1592 0.1501
vn -0.9767 0.1913 0.0969
vn -0.9819 0.1779 0.0648
vn -0.9771 0.2129 0.0042
vn -0.9794 0.1993 -0.0313
vn -0.9658 0.2384 -0.1022
vn -0.9643 0.2240 -0.1411
vn -0.9334 0.2726 -0.2333
vn -0.9354 0.2660 -0.2331
vn -0.8851 0.3212 -0.3368
vn -0.8864 0.3174 -0.3369
vn -0.8191 0.3714 -0.4371
vn -0.8194 0.3707 -0.4372
vn -0.7386 0.4200 -0.5274
vn -0.7377 0.4219 -0.5270
vn -0.6754 0.4527 -0.5822
vn -0.6523 0.4515 -0.6088
vn -0.6124 0.4674 -0.6376
vn -0.5887 0.4649 -0.6613
vn -0.5809 0.4841 -0.6544
vn -0.5477 0.5057 -0.6666
vn -0.6443 0.4700 -0.6034
vn -0.6092 0.4948 -0.6197
vn -0.7007 0.4549 -0.5496
vn -0.6649 0.4827 -0.5700
vn -0.7496 0.4395 -0.4950
vn -0.7133 0.4704 -0.5196
vn -0.7917 0.4240 -0.4398
vn -0.7564 0.4571 -0.4678
vn -0.8273 0.4086 -0.3854
vn -0.7918 0.4454 -0.4179
vn -0.8569 0.3943 -0.3319
vn -0.8487 0.4043 -0.3411
vn -0.8749 0.3963 -0.2783
vn -0.8965 0.3725 -0.2397
vn -0.9000 0.3852 -0.2039
vn -0.9282 0.3448 -0.1399
vn -0.9279 0.3572 -0.1066
vn -0.9472 0.3173 -0.0456
vn -0.9437 0.3304 -0.0139
vn -0.9556 0.2916 0.0433
vn -0.9498 0.3047 0.0711
vn -0.9556 0.2668 0.1248
vn -0.9481 0.2805 0.1499
vn -0.9486 0.2725 0.1608
vn -0.9397 0.2614 0.2207
vn -0.9338 0.2032 0.2944
vn -0.9304 0.2259 0.2887
vn -0.9187 0.1765 0.3532
vn -0.8947 0.1675 0.4141
vn -0.5836 0.4390 -0.6832
vn -0.5901 0.4197 -0.6896
vn -0.6097 0.4130 -0.6765
vn -0.9241 0.0043 0.3820
vn -0.9242 0.0148 0.3817
vn -0.9383 0.0073 0.3457
vn -0.9383 0.0255 0.3449
vn -0.9532 0.0193 0.3018
vn -0.9529 0.0418 0.3004
vn -0.9674 0.0378 0.2506
vn -0.9665 0.0648 0.2484
vn -0.9794 0.0635 0.1916
vn -0.9774 0.0959 0.1883
vn -0.9877 0.0978 0.1218
vn -0.9873 0.0990 0.1244
vn -0.9896 0.1320 0.0568
vn -0.9929 0.1165 0.0228
vn -0.9850 0.1585 -0.0687
vn -0.9867 0.1475 -0.0679
vn -0.9640 0.1982 -0.1773
vn -0.9658 0.1896 -0.1769
vn -0.9409 0.2255 -0.2528
vn -0.9295 0.2263 -0.2911
vn -0.9110 0.2449 -0.3317
vn -0.8961 0.2447 -0.3702
vn -0.8692 0.2656 -0.4171
vn -0.8516 0.2643 -0.4527
vn -0.8143 0.2870 -0.5045
vn -0.7931 0.2844 -0.5386
vn -0.7473 0.3063 -0.5897
vn -0.7250 0.3026 -0.6187
vn -0.6699 0.3235 -0.6682
vn -0.6477 0.3190 -0.6919
vn -0.5665 0.3427 -0.7494
vn -0.5619 0.3625 -0.7436
vn -0.5984 0.3705 -0.7104
vn -0.5833 0.3751 -0.7204
vn -0.5741 0.4072 -0.7103
vn -0.6252 0.3905 -0.6758
vn -0.6144 0.4230 -0.6660
vn -0.6611 0.4054 -0.6313
vn -0.4457 0.3808 -0.8102
vn -0.3701 0.3883 -0.8440
vn -0.3958 0.3901 -0.8314
vn -0.4036 0.3401 -0.8494
vn -0.2762 0.3969 -0.8753
vn -0.2938 0.3991 -0.8685
vn -0.2992 0.3498 -0.8878
vn -0.3169 0.3522 -0.8806
vn -0.3220 0.3029 -0.8970
vn -0.3371 0.3051 -0.8907
vn -0.3418 0.2530 -0.9051
vn -0.3933 0.2542 -0.8836
vn -0.3973 0.2089 -0.8936
vn -0.3747 0.0487 -0.9259
vn -0.3629 0.0490 -0.9305
vn -0.3609 0.1165 -0.9253
vn -0.2715 0.1204 -0.9549
vn -0.2697 0.1678 -0.9482
vn -0.2257 0.1637 -0.9603
vn -0.2237 0.2181 -0.9499
vn -0.2155 0.2163 -0.9523
vn -0.2133 0.2656 -0.9402
vn -0.2060 0.2641 -0.9422
vn -0.2036 0.3131 -0.9276
vn -0.1939 0.3112 -0.9303
vn -0.1914 0.3596 -0.9132
vn -0.1817 0.3578 -0.9159
vn -0.1791 0.4061 -0.8961
vn -0.2526 0.4183 -0.8725
vn -0.2476 0.4857 -0.8383
vn -0.2281 0.4924 -0.8399
vn -0.3270 0.4786 -0.8149
vn -0.3279 0.5246 -0.7857
vn -0.3850 0.5380 -0.7499
vn -0.3654 0.5229 -0.7701
vn -0.3765 0.4782 -0.7935
vn -0.4864 0.4759 -0.7327
vn -0.4458 0.4679 -0.7631
vn -0.5169 0.4878 -0.7035
vn -0.5138 0.4960 -0.7000
vn -0.4834 0.5144 -0.7084
vn -0.4758 0.5339 -0.6990
vn -0.5444 0.5132 -0.6635
vn -0.5118 0.5334 -0.6735
vn -0.6064 0.5009 -0.6176
vn -0.5730 0.5232 -0.6308
vn -0.6627 0.4871 -0.5688
vn -0.6260 0.5136 -0.5868
vn -0.7116 0.4737 -0.5189
vn -0.6765 0.5013 -0.5395
vn -0.7556 0.4587 -0.4676
vn -0.7182 0.4908 -0.4932
vn -0.7916 0.4457 -0.4179
vn -0.7564 0.4787 -0.4457
vn -0.8174 0.4366 -0.3758
vn -0.9322 0.3196 0.1701
vn -0.9252 0.3610 0.1167
vn -0.9332 0.3467 0.0944
vn -0.9204 0.3893 0.0373
vn -0.9267 0.3756 0.0126
vn -0.9071 0.4184 -0.0471
vn -0.9113 0.4049 -0.0751
vn -0.8846 0.4463 -0.1352
vn -0.8859 0.4338 -0.1645
vn -0.8516 0.4737 -0.2244
vn -0.8495 0.4613 -0.2559
vn -0.8079 0.4988 -0.3139
vn -0.8021 0.4865 -0.3463
vn -0.7530 0.5213 -0.4015
vn -0.7438 0.5089 -0.4333
vn -0.6837 0.5427 -0.4879
vn -0.6716 0.5302 -0.5175
vn -0.6265 0.5510 -0.5513
vn -0.5846 0.5495 -0.5969
vn -0.5851 0.5492 -0.5967
vn -0.5261 0.5702 -0.6310
vn -0.4799 0.5645 -0.6716
vn -0.4733 0.5684 -0.6730
vn -0.3806 0.5912 -0.7110
vn -0.5093 0.6056 -0.6114
vn -0.5224 0.6177 -0.5878
vn -0.4431 0.6479 -0.6196
vn -0.4966 0.6540 -0.5707
vn -0.4852 0.6435 -0.5921
vn -0.2990 0.6978 -0.6509
vn -0.3281 0.7043 -0.6295
vn -0.3552 0.6551 -0.6668
vn -0.3885 0.6615 -0.6415
vn -0.4118 0.6176 -0.6701
vn -0.4258 0.6294 -0.6500
vn -0.6032 0.6044 -0.5204
vn -0.5916 0.5923 -0.5470
vn -0.5627 0.6330 -0.5317
vn -0.5517 0.6214 -0.5564
vn -0.5233 0.6594 -0.5397
vn -0.5132 0.6486 -0.5621
vn -0.4924 0.6755 -0.5489
vn -0.3670 0.7085 -0.6028
vn -0.3895 0.4731 -0.7902
vn -0.2983 0.4891 -0.8196
vn -0.2907 0.5308 -0.7961
vn -0.2343 0.5263 -0.8174
vn -0.2262 0.5791 -0.7833
vn -0.2061 0.5724 -0.7937
vn -0.1985 0.6207 -0.7585
vn -0.1715 0.6784 -0.7144
vn -0.3945 0.5540 -0.7331
vn -0.3165 0.5694 -0.7587
vn -0.3362 0.5845 -0.7385
vn -0.2820 0.5712 -0.7708
vn -0.2685 0.6231 -0.7346
vn -0.2396 0.6155 -0.7508
vn -0.2268 0.6644 -0.7121
vn -0.3118 0.6841 -0.6594
vn -0.2207 0.0262 -0.9750
vn -0.0756 0.0231 -0.9969
vn -0.0754 0.0740 -0.9944
vn -0.0761 0.0742 -0.9943
vn -0.0759 0.1234 -0.9895
vn -0.0746 0.1230 -0.9896
vn -0.0744 0.1724 -0.9822
vn -0.0725 0.1719 -0.9824
vn -0.0722 0.2209 -0.9726
vn -0.0704 0.2205 -0.9728
vn -0.0703 0.2693 -0.9605
vn -0.0660 0.2682 -0.9611
vn -0.0659 0.3166 -0.9463
vn -0.1488 0.3357 -0.9301
vn -0.0589 0.3634 -0.9298
vn -0.0592 0.4304 -0.9007
vn -0.0487 0.4320 -0.9005
vn -0.0498 0.5178 -0.8540
vn -0.0390 0.5195 -0.8536
vn -0.0403 0.5802 -0.8135
vn -0.0343 0.5818 -0.8126
vn -0.0353 0.6200 -0.7838
vn -0.0636 0.6120 -0.7883
vn -0.0628 0.6751 -0.7350
vn -0.0455 0.6798 -0.7320
vn -0.0450 0.7454 -0.6651
vn -0.0296 0.7492 -0.6617
vn -0.0294 0.8079 -0.5886
vn -0.0155 0.8109 -0.5849
vn -0.0155 0.8623 -0.5062
vn -0.0897 0.8080 -0.5823
vn -0.1022 0.7495 -0.6540
vn -0.1226 0.7442 -0.6567
vn -0.1326 0.6819 -0.7193
vn -0.1704 0.6709 -0.7217
vn -0.1796 0.6143 -0.7683
vn -0.1101 0.6205 -0.7765
vn -0.1123 0.5810 -0.8061
vn -0.1240 0.5775 -0.8069
vn -0.1261 0.5392 -0.8327
vn -0.2239 0.5063 -0.8328
vn -0.1515 0.4953 -0.8554
vn -0.1540 0.4520 -0.8786
vn -0.2527 0.4428 -0.8603
vn -0.2706 0.4450 -0.8536
vn -0.3343 0.4360 -0.8355
vn -0.3618 0.4379 -0.8230
vn -0.3986 0.4312 -0.8094
vn -0.4351 0.4318 -0.7901
vn -0.4563 0.4271 -0.7806
vn -0.9955 0.0408 0.0856
vn -0.8352 0.0387 0.5486
vn -0.7794 0.0668 0.6230
vn -0.7327 0.0270 0.6800
vn -0.7329 0.0271 0.6798
vn -0.7106 0.0225 0.7032
vn -0.7071 0.0143 0.7069
vn -0.7112 0.0166 0.7028
vn -0.7072 -0.0011 0.7070
vn -0.7250 0.0163 0.6885
vn -0.7809 0.0202 0.6243
vn -0.7613 0.0126 0.6483
vn -0.7576 0.1002 0.6450
vn -0.7277 0.0825 0.6809
vn -0.7251 0.1219 0.6778
vn -0.7237 0.1208 0.6795
vn -0.7231 0.1284 0.6787
vn -0.7271 0.1324 0.6737
vn -0.7478 0.1067 0.6553
vn -0.7429 0.1015 0.6617
vn -0.7653 0.0735 0.6394
vn -0.7844 0.0948 0.6129
vn -0.7845 0.0725 0.6159
vn -0.8312 0.1406 0.5379
vn -0.7328 0.0155 0.6802
vn -0.7276 0.0132 0.6859
vn -0.7258 0.0761 0.6837
vn -0.7153 0.0694 0.6953
vn -0.7146 0.0879 0.6940
vn -0.7298 0.0684 0.6802
vn -0.7266 0.0656 0.6839
vn -0.7436 0.0441 0.6672
vn -0.7502 0.0500 0.6593
vn -0.7693 0.0258 0.6383
vn -0.8030 0.0570 0.5933
vn -0.8022 0.0250 0.5965
vn -0.8340 0.0617 0.5483
vn -0.8651 0.0617 0.4978
vn -0.8704 0.0686 0.4875
vn -0.8875 0.0462 0.4586
vn -0.9171 0.0897 0.3884
vn -0.9177 0.0617 0.3924
vn -0.9507 0.1316 0.2807
vn -0.9528 0.1033 0.2855
vn -0.9656 0.1499 0.2125
vn -0.9765 0.1578 0.1471
vn -0.9770 0.1646 0.1354
vn -0.9832 0.1507 0.1032
vn -0.9820 0.1838 0.0444
vn -0.9854 0.1699 0.0098
vn -0.9762 0.2081 -0.0614
vn -0.9761 0.1939 -0.0982
vn -0.9508 0.2423 -0.1931
vn -0.9529 0.2342 -0.1927
vn -0.9096 0.2888 -0.2986
vn -0.9113 0.2836 -0.2986
vn -0.8499 0.3386 -0.4038
vn -0.8507 0.3363 -0.4039
vn -0.7737 0.3877 -0.5010
vn -0.7734 0.3886 -0.5009
vn -0.7120 0.4216 -0.5616
vn -0.6888 0.4206 -0.5905
vn -0.6490 0.4375 -0.6224
vn -0.6251 0.4353 -0.6479
vn -0.5511 0.4605 -0.6959
vn -0.5484 0.4679 -0.6930
vn -0.7971 0.5992 0.0751
vn -0.7263 0.6841 0.0675
vn -0.7341 0.6740 0.0824
vn -0.6557 0.7515 0.0729
vn -0.6641 0.7425 0.0869
vn -0.5798 0.8112 0.0759
vn -0.5883 0.8038 0.0884
vn -0.4988 0.8634 0.0761
vn -0.5068 0.8577 0.0866
vn -0.4137 0.9074 0.0734
vn -0.4208 0.9035 0.0818
vn -0.3250 0.9433 0.0680
vn -0.3305 0.9409 0.0740
vn -0.2334 0.9705 0.0601
vn -0.2369 0.9695 0.0636
vn -0.1391 0.9890 0.0496
vn -0.1406 0.9888 0.0511
vn -0.0494 0.9980 0.0383
vn -0.0495 0.9980 0.0387
vn 0.1176 0.9791 -0.1659
vn 0.1140 0.9778 -0.1761
vn 0.0263 0.9854 -0.1681
vn 0.0091 0.9887 -0.1499
vn -0.1007 0.9870 -0.1252
vn -0.1354 0.9873 -0.0829
vn -0.2250 0.9730 -0.0519
vn -0.2184 0.9746 -0.0501
vn -0.2923 0.9561 -0.0220
vn -0.2823 0.9591 -0.0194
vn -0.3418 0.9398 0.0053
vn -0.3834 0.9208 0.0714
vn -0.4187 0.9038 0.0890
vn -0.4567 0.8744 0.1640
vn -0.4234 0.8926 0.1550
vn -0.4397 0.8765 0.1961
vn -0.4012 0.8941 0.1993
vn -0.4127 0.8798 0.2358
vn -0.3984 0.8862 0.2366
vn -0.4016 0.8809 0.2504
vn -0.3957 0.8835 0.2508
vn -0.3946 0.8858 0.2442
vn -0.4731 0.8328 0.2874
vn -0.4709 0.8417 0.2640
vn -0.5478 0.7799 0.3028
vn -0.5470 0.7958 0.2597
vn -0.6227 0.7257 0.2927
vn -0.6247 0.7455 0.2323
vn -0.6992 0.6667 0.2581
vn -0.7038 0.6860 0.1846
vn -0.7747 0.5991 0.2023
vn -0.7800 0.6140 0.1212
vn -0.8439 0.5202 0.1311
vn -0.8473 0.5287 0.0507
vn -0.9003 0.4318 0.0546
vn -0.9007 0.4345 -0.0067
vn -0.9328 0.3602 -0.0110
vn -0.9994 0.0335 0.0018
vn -0.9996 0.0244 0.0160
vn -0.9881 0.1531 0.0165
vn -0.9850 0.1512 0.0832
vn -0.9624 0.2588 0.0821
vn -0.9527 0.2519 0.1700
vn -0.9186 0.3593 0.1645
vn -0.9019 0.3442 0.2611
vn -0.8594 0.4465 0.2490
vn -0.8395 0.4234 0.3407
vn -0.7930 0.5174 0.3218
vn -0.7754 0.4904 0.3978
vn -0.7273 0.5760 0.3732
vn 0.1334 0.9887 -0.0689
vn 0.1585 0.9844 -0.0764
vn 0.1104 0.9822 -0.1517
vn 0.1309 0.9789 -0.1567
vn 0.0672 0.9709 -0.2297
vn 0.0746 0.9699 -0.2317
vn -0.0031 0.9555 -0.2949
vn -0.0156 0.9567 -0.2907
vn -0.1083 0.9341 -0.3403
vn -0.1533 0.9344 -0.3215
vn -0.2300 0.9104 -0.3438
vn -0.2681 0.9072 -0.3241
vn -0.2741 0.9102 -0.3105
vn -0.2938 0.9079 -0.2990
vn -0.2994 0.9107 -0.2846
vn -0.3445 0.9035 -0.2552
vn -0.3952 0.8834 -0.2519
vn -0.4462 0.8694 -0.2120
vn -0.4568 0.8723 -0.1742
vn -0.4791 0.8640 -0.1546
vn -0.4444 0.8825 -0.1539
vn -0.5186 0.8514 -0.0784
vn -0.4825 0.8721 -0.0813
vn -0.5415 0.8406 -0.0107
vn -0.5075 0.8615 -0.0154
vn -0.5533 0.8316 0.0483
vn -0.5762 0.8156 0.0523
vn -0.5461 0.8352 0.0648
vn -0.6030 0.7921 0.0948
vn -0.6550 0.7291 0.1985
vn -0.6618 0.7217 0.2028
vn -0.6914 0.6613 0.2909
vn -0.6409 0.7154 0.2784
vn -0.6562 0.6719 0.3435
vn -0.6158 0.7142 0.3326
vn -0.6181 0.7057 0.3463
vn -0.5749 0.7374 0.3547
vn -0.5760 0.7318 0.3642
vn -0.5558 0.7457 0.3674
vn -0.5549 0.7532 0.3532
vn -0.5455 0.7593 0.3547
vn -0.5447 0.7724 0.3266
vn -0.6097 0.7042 0.3638
vn -0.6116 0.7214 0.3248
vn -0.6751 0.6454 0.3573
vn -0.6816 0.6688 0.2970
vn -0.7437 0.5851 0.3234
vn -0.7540 0.6090 0.2462
vn -0.8140 0.5166 0.2655
vn -0.8253 0.5359 0.1781
vn -0.8795 0.4366 0.1895
vn -0.8880 0.4485 0.1020
vn -0.9327 0.3444 0.1067
vn -0.9364 0.3494 0.0311
vn -0.9687 0.2461 0.0320
vn -0.9691 0.2468 -0.0001
vn -0.9729 0.2307 -0.0182
vn 0.1707 0.9701 -0.1726
vn 0.1688 0.9669 -0.1912
vn 0.0834 0.9762 -0.2004
vn 0.0817 0.9766 -0.1990
vn -0.0368 0.9808 -0.1913
vn -0.0698 0.9846 -0.1601
vn -0.1659 0.9763 -0.1390
vn -0.1613 0.9773 -0.1370
vn -0.2385 0.9641 -0.1168
vn -0.2302 0.9665 -0.1134
vn -0.2949 0.9509 -0.0937
vn -0.3540 0.9350 -0.0213
vn -0.3925 0.9197 -0.0056
vn -0.4444 0.8929 0.0727
vn -0.4751 0.8755 0.0880
vn -0.5154 0.8409 0.1654
vn -0.5387 0.8233 0.1788
vn -0.5674 0.7837 0.2528
vn -0.5280 0.8141 0.2417
vn -0.5365 0.7993 0.2706
vn -0.4943 0.8244 0.2759
vn -0.4998 0.8125 0.3001
vn -0.4820 0.8225 0.3019
vn -0.4821 0.8223 0.3024
vn -0.4743 0.8265 0.3032
vn -0.4725 0.8335 0.2863
vn -0.5449 0.7722 0.3269
vn -0.5441 0.7852 0.2956
vn -0.6145 0.7159 0.3314
vn -0.6167 0.7359 0.2797
vn -0.6863 0.6581 0.3097
vn -0.6921 0.6804 0.2409
vn -0.7595 0.5947 0.2635
vn -0.7675 0.6145 0.1825
vn -0.8307 0.5207 0.1971
vn -0.8378 0.5343 0.1124
vn -0.8924 0.4350 0.1196
vn -0.8962 0.4419 0.0407
vn -0.9392 0.3408 0.0429
vn -0.9396 0.3422 0.0046
vn -0.9553 0.2946 -0.0235
vn 0.0480 0.9922 -0.1152
vn 0.0467 0.9919 -0.1177
vn -0.0463 0.9949 -0.0891
vn -0.0673 0.9960 -0.0585
vn -0.1678 0.9857 -0.0181
vn -0.1937 0.9807 0.0257
vn -0.2897 0.9544 0.0726
vn -0.3164 0.9400 0.1279
vn -0.3016 0.9447 0.1287
vn -0.3188 0.9318 0.1737
vn -0.3084 0.9352 0.1739
vn -0.3157 0.9279 0.1984
vn -0.3117 0.9292 0.1985
vn -0.3124 0.9284 0.2013
vn -0.3960 0.8846 0.2463
vn -0.3935 0.8899 0.2305
vn -0.4755 0.8368 0.2714
vn -0.4727 0.8488 0.2368
vn -0.5540 0.7867 0.2725
vn -0.5530 0.8034 0.2207
vn -0.6332 0.7327 0.2494
vn -0.6348 0.7506 0.1835
vn -0.7126 0.6712 0.2042
vn -0.7158 0.6866 0.1277
vn -0.7876 0.6000 0.1401
vn -0.7902 0.6099 0.0598
vn -0.8528 0.5181 0.0656
vn -0.8534 0.5210 0.0156
vn -0.8776 0.4793 -0.0115
vn -0.9784 0.0371 0.2032
vn -0.9685 0.0593 0.2418
vn -0.9576 0.1601 0.2394
vn -0.9283 0.1481 0.3410
vn -0.9079 0.2535 0.3338
vn -0.8740 0.2327 0.4266
vn -0.8487 0.3287 0.4143
vn -0.8185 0.3033 0.4880
vn -0.7913 0.3892 0.4717
vn -0.7705 0.3658 0.5220
vn -0.7429 0.4417 0.5030
vn -0.7329 0.4264 0.5301
vn -0.7129 0.4759 0.5151
vn -0.8357 0.0327 0.5483
vn -0.8310 0.0312 0.5554
vn -0.8244 0.1284 0.5512
vn -0.7909 0.1115 0.6017
vn -0.7818 0.1876 0.5947
vn -0.7527 0.1675 0.6366
vn -0.7451 0.2200 0.6297
vn -0.7335 0.2090 0.6467
vn -0.7300 0.2321 0.6429
vn -0.7434 0.2496 0.6206
vn -0.7440 0.2457 0.6214
vn -0.7544 0.2644 0.6008
vn -0.7851 0.2274 0.5761
vn -0.7820 0.2214 0.5826
vn -0.8142 0.1813 0.5516
vn -0.8330 0.2222 0.5067
vn -0.9417 0.0415 0.3339
vn -0.9413 0.0414 0.3351
vn -0.9304 0.1565 0.3315
vn -0.8934 0.1408 0.4266
vn -0.8758 0.2409 0.4183
vn -0.8399 0.2184 0.4968
vn -0.8191 0.3070 0.4845
vn -0.7919 0.2838 0.5406
vn -0.7700 0.3618 0.5255
vn -0.7546 0.3440 0.5588
vn -0.7323 0.4125 0.5418
vn -0.7252 0.4015 0.5593
vn -0.7043 0.4586 0.5419
vn -0.9955 0.0408 0.0858
vn -0.9865 0.0600 0.1522
vn -0.9755 0.1602 0.1510
vn -0.9565 0.1524 0.2487
vn -0.9342 0.2610 0.2434
vn -0.9066 0.2441 0.3442
vn -0.8772 0.3458 0.3331
vn -0.8479 0.3213 0.4217
vn -0.8150 0.4141 0.4053
vn -0.7911 0.3874 0.4733
vn -0.7574 0.4703 0.4530
vn -0.7429 0.4484 0.4970
vn -0.7157 0.5087 0.4785
vn -0.7032 0.5211 0.4837
vn -0.9418 0.0423 0.3336
vn -0.9051 0.0549 0.4217
vn -0.8962 0.1493 0.4177
vn -0.8563 0.1314 0.4995
vn -0.8416 0.2244 0.4912
vn -0.8084 0.2029 0.5526
vn -0.7918 0.2832 0.5411
vn -0.7702 0.2643 0.5805
vn -0.7529 0.3339 0.5671
vn -0.7394 0.3182 0.5933
vn -0.7275 0.3620 0.5829
vn -0.7300 0.3661 0.5771
vn -0.7237 0.3871 0.5713
vn -0.7393 0.4304 0.5179
vn -0.6806 0.5353 0.5003
vn -0.6666 0.5808 0.4672
vn -0.6686 0.5886 0.4545
vn -0.6612 0.6080 0.4394
vn -0.6673 0.6291 0.3987
vn -0.8901 0.0323 0.4547
vn -0.8669 0.0527 0.4957
vn -0.8595 0.1396 0.4917
vn -0.8213 0.1213 0.5575
vn -0.8096 0.2062 0.5496
vn -0.7688 0.2592 0.5846
vn -0.7477 0.2403 0.6190
vn -0.7381 0.2871 0.6105
vn -0.7346 0.2828 0.6167
vn -0.7303 0.3029 0.6123
vn -0.7471 0.3331 0.5752
vn -0.7478 0.3305 0.5759
vn -0.7585 0.3609 0.5426
vn -0.7937 0.3200 0.5174
vn -0.7935 0.3194 0.5180
vn -0.8305 0.2737 0.4851
vn -0.8274 0.2628 0.4963
vn -0.8599 0.2745 0.4303
vn -0.8519 0.2441 0.4634
vn -0.8700 0.2192 0.4416
vn -0.8792 0.2557 0.4021
vn -0.8978 0.2289 0.3763
vn -0.9077 0.3042 0.2890
vn -0.9113 0.2886 0.2937
vn -0.9097 0.3516 0.2211
vn -0.9170 0.3629 0.1658
vn -0.9153 0.3719 0.1545
vn -0.9242 0.3572 0.1349
vn -0.9129 0.4003 0.0792
vn -0.9206 0.3862 0.0574
vn -0.9029 0.4298 -0.0012
vn -0.9092 0.4156 -0.0265
vn -0.8845 0.4585 -0.0866
vn -0.8881 0.4455 -0.1131
vn -0.8565 0.4863 -0.1726
vn -0.8573 0.4735 -0.2019
vn -0.8188 0.5120 -0.2597
vn -0.8162 0.4996 -0.2901
vn -0.7709 0.5353 -0.3452
vn -0.7649 0.5233 -0.3755
vn -0.7133 0.5558 -0.4269
vn -0.7040 0.5435 -0.4571
vn -0.6438 0.5740 -0.5060
vn -0.6320 0.5617 -0.5339
vn -0.5606 0.5905 -0.5806
vn -0.5467 0.5779 -0.6059
vn -0.4598 0.6050 -0.6501
vn -0.4448 0.5925 -0.6717
vn -0.3514 0.6140 -0.7068
vn -0.3689 0.6275 -0.6857
vn -0.3134 0.6157 -0.7229
vn -0.2936 0.6666 -0.6852
vn -0.2636 0.6592 -0.7042
vn -0.2450 0.7061 -0.6644
vn -0.2195 0.6993 -0.6803
vn -0.9888 0.1491 -0.0038
vn -0.9886 0.1487 0.0224
vn -0.9672 0.2530 0.0225
vn -0.9638 0.2496 0.0942
vn -0.9300 0.3560 0.0915
vn -0.9206 0.3465 0.1803
vn -0.8759 0.4507 0.1720
vn -0.8616 0.4331 0.2647
vn -0.8102 0.5306 0.2490
vn -0.7950 0.5064 0.3338
vn -0.7403 0.5960 0.3110
vn -0.7287 0.5702 0.3793
vn -0.6730 0.6512 0.3507
vn -0.6670 0.6301 0.3976
vn -0.6099 0.7037 0.3643
vn -0.6076 0.6840 0.4036
vn -0.6178 0.6762 0.4013
vn -0.6166 0.6595 0.4299
vn -0.6376 0.6426 0.4250
vn -0.6375 0.6391 0.4303
vn -0.6671 0.6139 0.4221
vn -0.6667 0.6226 0.4098
vn -0.7145 0.5790 0.3928
vn -0.7137 0.5868 0.3824
vn -0.7577 0.5221 0.3915
vn -0.7504 0.5731 0.3292
vn -0.8018 0.4920 0.3391
vn -0.7933 0.5362 0.2885
vn -0.8207 0.5048 0.2677
vn -0.8139 0.5302 0.2377
vn -0.8437 0.4788 0.2428
vn -0.8285 0.5284 0.1853
vn -0.8553 0.4934 0.1583
vn -0.8493 0.5063 0.1495
vn -0.8190 0.5693 0.0720
vn -0.8549 0.5100 0.0953
vn -0.8328 0.5519 0.0419
vn -0.8353 0.0387 0.5484
vn -0.7984 0.0413 0.6007
vn -0.7935 0.1169 0.5972
vn -0.7569 0.0975 0.6463
vn -0.7510 0.1588 0.6410
vn -0.7304 0.1433 0.6679
vn -0.7272 0.1728 0.6643
vn -0.7341 0.1797 0.6549
vn -0.7416 0.1896 0.6435
vn -0.7676 0.1579 0.6212
vn -0.7626 0.1510 0.6289
vn -0.7901 0.1170 0.6017
vn -0.8100 0.1463 0.5679
vn -0.8109 0.1228 0.5721
vn -0.8302 0.1598 0.5341
vn -0.8628 0.1672 0.4772
vn -0.8592 0.1594 0.4861
vn -0.8760 0.1363 0.4626
vn -0.8984 0.1933 0.3943
vn -0.9005 0.1720 0.3994
vn -0.9202 0.2627 0.2903
vn -0.9239 0.2428 0.2958
vn -0.9264 0.3040 0.2222
vn -0.9346 0.3154 0.1645
vn -0.9335 0.3244 0.1526
vn -0.9416 0.3104 0.1307
vn -0.9332 0.3513 0.0757
vn -0.9400 0.3375 0.0505
vn -0.9253 0.3791 -0.0078
vn -0.9300 0.3659 -0.0355
vn -0.9083 0.4072 -0.0955
vn -0.9103 0.3943 -0.1263
vn -0.8811 0.4345 -0.1869
vn -0.8796 0.4221 -0.2192
vn -0.8424 0.4609 -0.2794
vn -0.8372 0.4484 -0.3132
vn -0.7902 0.4860 -0.3733
vn -0.7816 0.4738 -0.4059
vn -0.7462 0.4968 -0.4431
vn -0.7092 0.5000 -0.4970
vn -0.7164 0.4941 -0.4926
vn -0.6369 0.5330 -0.5570
vn -0.6741 0.5058 -0.5383
vn -0.5888 0.5424 -0.5993
vn -0.6232 0.5191 -0.5850
vn -0.5356 0.5516 -0.6394
vn -0.5697 0.5301 -0.6281
vn -0.4774 0.5594 -0.6776
vn -0.5083 0.5413 -0.6698
vn -0.4113 0.5671 -0.7136
vn -0.4266 0.5253 -0.7363
vn -0.4162 0.5311 -0.7381
vn -0.4197 0.5205 -0.7436
vn -0.4474 0.5049 -0.7382
vn -0.4506 0.4950 -0.7429
vn -0.4803 0.4776 -0.7357
vn -0.4831 0.4686 -0.7396
vn -0.5122 0.4509 -0.7310
vn -0.5212 0.4206 -0.7426
vn -0.5006 0.4260 -0.7536
vn -0.5135 0.3741 -0.7722
vn -0.4822 0.3814 -0.7887
vn -0.4922 0.3303 -0.8054
vn -0.4295 0.3422 -0.8357
vn -0.4368 0.2914 -0.8510
vn -0.4344 0.2921 -0.8520
vn -0.4393 0.2511 -0.8625
vn -0.4603 0.2455 -0.8531
vn -0.4646 0.2041 -0.8616
vn -0.4844 0.1990 -0.8519
vn -0.4897 0.1353 -0.8614
vn -0.5231 0.1297 -0.8424
vn -0.5271 0.0448 -0.8486
vn -0.5178 0.0459 -0.8543
vn 0.2473 0.9010 -0.3564
vn -0.0038 0.9083 -0.4183
vn -0.0037 0.8645 -0.5025
vn -0.0511 0.8636 -0.5016
vn -0.0613 0.8186 -0.5711
vn -0.1260 0.8156 -0.5648
vn -0.1515 0.7550 -0.6380
vn -0.2793 0.7614 -0.5851
vn -0.2018 0.7430 -0.6382
vn -0.2491 0.7370 -0.6283
vn -0.2730 0.7431 -0.6110
vn -0.3158 0.7360 -0.5988
vn -0.3425 0.7416 -0.5768
vn -0.3750 0.7348 -0.5651
vn -0.4028 0.7396 -0.5393
vn -0.4745 0.7199 -0.5066
vn -0.5075 0.6842 -0.5237
vn -0.5542 0.6868 -0.4703
vn -0.5475 0.6774 -0.4913
vn -0.6001 0.6565 -0.4570
vn -0.6058 0.6676 -0.4328
vn -0.6571 0.6431 -0.3933
vn -0.6599 0.6543 -0.3694
vn -0.7099 0.6254 -0.3238
vn -0.7100 0.6372 -0.2999
vn -0.7568 0.6042 -0.2493
vn -0.7541 0.6165 -0.2264
vn -0.7972 0.5790 -0.1711
vn -0.7917 0.5925 -0.1487
vn -0.8291 0.5516 -0.0908
vn -0.8218 0.5653 -0.0709
vn -0.8528 0.5221 -0.0122
vn -0.8437 0.5367 0.0062
vn -0.8679 0.4927 0.0633
vn -0.8577 0.5079 0.0799
vn -0.8751 0.4656 0.1323
vn -0.8642 0.4811 0.1474
vn -0.8651 0.4783 0.1508
vn -0.8604 0.4674 0.2029
vn -0.8722 0.4091 0.2683
vn -0.8709 0.4127 0.2670
vn -0.8739 0.3455 0.3419
vn -0.8532 0.3735 0.3641
vn -0.8521 0.3500 0.3892
vn -0.8313 0.3765 0.4089
vn -0.8283 0.3466 0.4402
vn -0.7912 0.4272 0.4376
vn -0.7868 0.3914 0.4773
vn -0.7520 0.4582 0.4738
vn -0.7526 0.4620 0.4692
vn -0.7090 0.5072 0.4899
vn -0.7047 0.4842 0.5186
vn -0.7150 0.4589 0.5274
vn -0.7150 0.4589 0.5275
vn -0.6845 0.4897 0.5400
vn -0.7009 0.5304 0.4769
vn -0.6924 0.5421 0.4761
vn -0.7048 0.5711 0.4209
vn -0.7330 0.5435 0.4090
vn -0.7160 0.5514 0.4282
vn -0.7574 0.4702 0.4530
vn -0.7747 0.4964 0.3916
vn -0.8150 0.4074 0.4121
vn -0.8386 0.4340 0.3292
vn -0.8769 0.3356 0.3442
vn -0.9011 0.3563 0.2471
vn -0.9337 0.2505 0.2557
vn -0.9521 0.2622 0.1570
vn -0.9752 0.1530 0.1602
vn -0.9847 0.1572 0.0752
vn -0.9960 0.0483 0.0754
vn -0.9951 0.0482 0.0859
vn 0.0099 0.5511 0.8344
vn 0.0099 0.5513 0.8342
vn -0.0071 0.5474 0.8368
vn -0.0071 0.5466 0.8373
vn -0.0072 0.5482 0.8363
vn -0.0265 0.5353 0.8442
vn -0.0266 0.5248 0.8508
vn -0.0086 0.5392 0.8422
vn -0.0322 0.5476 0.8361
vn -0.0316 0.5476 0.8362
vn 0.0520 -0.9982 0.0294
vn 0.1027 -0.9947 -0.0018
vn 0.7182 -0.6765 -0.1629
vn 0.7352 -0.6710 -0.0962
vn 0.7194 -0.6825 -0.1292
vn 0.7206 -0.6837 -0.1155
vn 0.7194 -0.6825 -0.1289
vn 0.7362 -0.6743 -0.0579
vn 0.7304 -0.6763 -0.0958
vn 0.7563 -0.6542 0.0119
vn 0.7091 -0.7051 -0.0032
vn 0.7533 -0.6575 0.0170
vn 0.7394 -0.6730 -0.0198
vn 0.7393 -0.6728 -0.0283
vn 0.6061 -0.7954 -0.0000
vn 0.6644 -0.7474 0.0077
vn 0.6589 -0.7522 0.0134
vn 0.7087 -0.7055 -0.0032
vn 0.6060 -0.7954 -0.0000
vn 0.5784 -0.8156 0.0152
vn 0.5501 -0.8351 -0.0003
vn 0.4845 -0.8747 0.0120
vn 0.4915 -0.8708 0.0068
vn 0.5497 -0.8354 -0.0003
vn 0.3816 -0.9242 0.0135
vn 0.3663 -0.9297 0.0398
vn 0.4310 -0.9023 -0.0008
vn 0.2752 -0.9609 0.0322
vn 0.3036 -0.9528 0.0038
vn 0.3045 -0.9525 0.0038
vn 0.1024 -0.9947 -0.0018
vn 0.1694 -0.9852 0.0261
vn 0.1659 -0.9859 0.0205
vn 0.2378 -0.9713 -0.0008
vn 0.2377 -0.9713 -0.0008
vn 0.0341 -0.9994 0.0072
vn 0.0530 -0.9981 0.0323
vn 0.0547 -0.9984 0.0158
vn 0.0547 -0.9984 0.0153
vn 0.0534 -0.9982 0.0286
vn 0.0521 -0.9980 0.0364
vn 0.0546 -0.9977 0.0394
vn 0.0504 -0.9981 0.0342
vn 0.0504 -0.9983 0.0302
vn 0.1066 -0.9941 0.0222
vn 0.0359 -0.9989 0.0287
vn -0.0040 -0.9999 0.0113
vn 0.0473 -0.9981 0.0389
vn 0.0472 -0.9981 0.0388
vn 0.2536 -0.9669 -0.0288
vn 0.2511 -0.9676 -0.0280
vn 0.1795 -0.9837 -0.0097
vn 0.1652 -0.9862 -0.0137
vn 0.1065 -0.9941 0.0222
vn 0.1039 -0.9943 0.0230
vn 0.2527 -0.9671 -0.0284
vn 0.2831 -0.9577 -0.0524
vn 0.3245 -0.9447 -0.0474
vn 0.4609 -0.8835 -0.0834
vn 0.3943 -0.9156 -0.0788
vn 0.3950 -0.9153 -0.0784
vn 0.3251 -0.9445 -0.0477
vn 0.3219 -0.9456 -0.0467
vn 0.5196 -0.8487 -0.0987
vn 0.5236 -0.8461 -0.0997
vn 0.4964 -0.8613 -0.1082
vn 0.4607 -0.8836 -0.0832
vn 0.4644 -0.8816 -0.0843
vn 0.5239 -0.8459 -0.0999
vn 0.5844 -0.8023 -0.1215
vn 0.5812 -0.8043 -0.1237
vn 0.6347 -0.7627 -0.1243
vn 0.6328 -0.7643 -0.1239
vn 0.6348 -0.7626 -0.1244
vn 0.7229 -0.6726 -0.1584
vn 0.6797 -0.7205 -0.1376
vn 0.6592 -0.7402 -0.1328
vn 0.6785 -0.7163 -0.1631
vn 0.6779 -0.7171 -0.1621
vn 0.7317 -0.6778 -0.0724
vn 0.7301 -0.6758 -0.1015
vn 0.6626 -0.7435 -0.0902
vn 0.6616 -0.7446 -0.0887
vn 0.5824 -0.8096 -0.0739
vn 0.5859 -0.8065 -0.0786
vn 0.4909 -0.8692 -0.0592
vn 0.4971 -0.8651 -0.0667
vn 0.3892 -0.9201 -0.0431
vn 0.3949 -0.9174 -0.0496
vn 0.2794 -0.9599 -0.0227
vn 0.2825 -0.9589 -0.0262
vn 0.1651 -0.9863 0.0027
vn 0.1646 -0.9864 0.0032
vn 0.0473 -0.9983 0.0334
vn 0.0471 -0.9982 0.0383
vn 0.0522 -0.9984 0.0234
vn 0.0537 -0.9983 0.0209
vn 0.1654 -0.9862 0.0070
vn 0.1660 -0.9861 0.0060
vn 0.2771 -0.9608 -0.0070
vn 0.4261 -0.9047 -0.0038
vn 0.3821 -0.9241 -0.0017
vn 0.3838 -0.9234 -0.0048
vn 0.2764 -0.9610 0.0009
vn 0.2768 -0.9609 0.0001
vn 0.1664 -0.9860 0.0065
vn 0.1659 -0.9861 0.0073
vn 0.0543 -0.9984 0.0143
vn 0.0541 -0.9984 0.0154
vn 0.7394 -0.6730 -0.0203
vn 0.7418 -0.6688 -0.0505
vn 0.6647 -0.7458 -0.0435
vn 0.6639 -0.7467 -0.0424
vn 0.5793 -0.8144 -0.0335
vn 0.5827 -0.8118 -0.0376
vn 0.4854 -0.8739 -0.0264
vn 0.4908 -0.8707 -0.0323
vn 0.3841 -0.9231 -0.0189
vn 0.3889 -0.9210 -0.0240
vn 0.2761 -0.9611 -0.0087
vn 0.2792 -0.9601 -0.0145
vn 0.1655 -0.9862 0.0050
vn 0.1649 -0.9863 0.0060
vn 0.0513 -0.9983 0.0266
vn 0.0504 -0.9983 0.0294
vn -0.7328 -0.0157 0.6802
vn -0.7809 -0.0203 0.6243
vn -0.8250 -0.1232 0.5516
vn -0.2277 -0.5696 -0.7897
vn -0.2920 -0.7104 -0.6404
vn -0.4695 -0.5857 -0.6607
vn -0.3253 -0.4848 -0.8119
vn -0.7175 -0.4070 -0.5652
vn -0.7423 -0.4546 -0.4923
vn -0.7450 -0.4048 -0.5303
vn -0.8990 -0.3979 -0.1827
vn -0.9405 -0.3398 0.0011
vn -0.9463 -0.3117 0.0856
vn -0.9636 -0.1469 0.2234
vn -0.8960 -0.2239 -0.3834
vn -0.9421 -0.1741 -0.2867
vn -0.9440 -0.1632 -0.2868
vn -0.2208 -0.0262 -0.9750
vn -0.7966 -0.0559 -0.6019
vn -0.9977 -0.0028 -0.0671
vn -0.9968 -0.0117 0.0786
vn -0.9748 -0.0505 0.2173
vn -0.8718 0.0020 0.4899
vn -0.8333 -0.0242 0.5524
vn -0.8906 -0.3918 0.2311
vn -0.9265 -0.2900 0.2397
vn -0.8322 -0.1011 0.5452
vn -0.7371 -0.5431 0.4021
vn -0.7072 -0.0145 0.7069
vn -0.1942 -0.8461 -0.4964
vn -0.5168 -0.8022 -0.2989
vn -0.5224 -0.7673 -0.3720
vn -0.5556 -0.7411 -0.3771
vn -0.6446 -0.7554 0.1176
vn -0.9992 -0.0383 -0.0055
vn -0.1539 -0.9880 0.0154
vn 0.1924 -0.9726 -0.1303
vn 0.0250 -0.0047 -0.9997
vn 0.2236 -0.0389 -0.9739
vn -0.1561 -0.0293 -0.9873
vn 0.1045 -0.0738 -0.9918
vn -0.1052 -0.0968 -0.9897
vn 0.1041 -0.1226 -0.9870
vn -0.0879 -0.1551 -0.9840
vn 0.0757 -0.1719 -0.9822
vn -0.0508 -0.2139 -0.9755
vn -0.0508 -0.2134 -0.9757
vn 0.0317 -0.2210 -0.9748
vn 0.0081 -0.2718 -0.9623
vn 0.0748 -0.3280 -0.9417
vn 0.2186 -0.3324 -0.9175
vn -0.0317 -0.4836 -0.8747
vn 0.1221 -0.4322 -0.8935
vn 0.1696 -0.4259 -0.8887
vn -0.0459 -0.3812 -0.9234
vn -0.0459 -0.3807 -0.9235
vn -0.0317 -0.4834 -0.8748
vn 0.1785 -0.5114 -0.8406
vn 0.0314 -0.5341 -0.8448
vn -0.0160 -0.7150 -0.6990
vn 0.1045 -0.6739 -0.7314
vn 0.0804 -0.6727 -0.7356
vn -0.0133 -0.6287 -0.7776
vn -0.0126 -0.6204 -0.7841
vn 0.0445 -0.6291 -0.7761
vn 0.0011 -0.5808 -0.8141
vn 0.0134 -0.5824 -0.8128
vn 0.0132 -0.5852 -0.8108
vn 0.0099 -0.7951 -0.6063
vn 0.0348 -0.7462 -0.6648
vn 0.1559 -0.7494 -0.6435
vn -0.0159 -0.7147 -0.6992
vn 0.1004 -0.8049 -0.5848
vn -0.0107 -0.8310 -0.5561
vn 0.0576 -0.8614 -0.5047
vn 0.0770 -0.8624 -0.5004
vn -0.0108 -0.8312 -0.5558
vn 0.1468 -0.9101 -0.3875
vn -0.0040 -0.8923 -0.4514
vn -0.0040 -0.8924 -0.4512
vn 0.0128 -0.9410 -0.3382
vn 0.0286 -0.9453 -0.3250
vn 0.0311 -0.9723 -0.2316
vn 0.0054 -0.9603 -0.2787
vn 0.0054 -0.9603 -0.2788
vn 0.0097 -0.9956 -0.0931
vn 0.0322 -0.9902 -0.1360
vn 0.0150 -0.9878 -0.1553
vn 0.0165 -0.9759 -0.2174
vn 0.0108 -0.9995 -0.0308
vn 0.0286 -0.9987 -0.0411
vn 0.0248 -0.9988 -0.0427
vn 0.0246 -0.9988 -0.0427
vn 0.0623 -0.9970 -0.0454
vn 0.0424 -0.9980 -0.0476
vn 0.0426 -0.9980 -0.0475
vn 0.0618 -0.9971 -0.0454
vn 0.0687 -0.9964 -0.0489
vn 0.0795 -0.9956 -0.0486
vn 0.0955 -0.9940 -0.0525
vn 0.0957 -0.9940 -0.0525
vn 0.0865 -0.9949 -0.0525
vn 0.0797 -0.9956 -0.0488
vn 0.0645 -0.9968 -0.0475
vn 0.1275 -0.9898 -0.0631
vn 0.1274 -0.9898 -0.0631
vn 0.1226 -0.9905 -0.0630
vn 0.1114 -0.9921 -0.0571
vn 0.1048 -0.9929 -0.0561
vn 0.1105 -0.9921 -0.0603
vn 0.1137 -0.9916 -0.0620
vn 0.1279 -0.9898 -0.0632
vn 0.1405 -0.9876 -0.0705
vn 0.1411 -0.9875 -0.0705
vn 0.1419 -0.9874 -0.0707
vn 0.1572 -0.9844 -0.0786
vn 0.1544 -0.9849 -0.0786
vn 0.1647 -0.9825 -0.0875
vn 0.1654 -0.9823 -0.0877
vn 0.1734 -0.9809 -0.0878
vn 0.1536 -0.9850 -0.0783
vn 0.1538 -0.9850 -0.0784
vn 0.1829 -0.9772 -0.1082
vn 0.1827 -0.9772 -0.1081
vn 0.2014 -0.9735 -0.1088
vn 0.1750 -0.9797 -0.0975
vn 0.1853 -0.9775 -0.1008
vn 0.1790 -0.9793 -0.0941
vn 0.1785 -0.9795 -0.0936
vn 0.2113 -0.9675 -0.1386
vn 0.2000 -0.9719 -0.1242
vn 0.1895 -0.9746 -0.1195
vn 0.2051 -0.9706 -0.1257
vn 0.1947 -0.9743 -0.1132
vn 0.1952 -0.9742 -0.1135
vn 0.2018 -0.9685 -0.1457
vn 0.1933 -0.9710 -0.1410
vn 0.2140 -0.9651 -0.1510
vn 0.2026 -0.9699 -0.1353
vn 0.2028 -0.9698 -0.1354
vn 0.1923 -0.9696 -0.1515
vn 0.1981 -0.9678 -0.1552
vn 0.1913 -0.9679 -0.1629
vn 0.1917 -0.9677 -0.1634
vn 0.1710 -0.9703 -0.1713
vn 0.1708 -0.9700 -0.1728
vn 0.1695 -0.9705 -0.1713
vn 0.1702 -0.9703 -0.1720
vn 0.1455 -0.9739 -0.1742
vn 0.1445 -0.9746 -0.1713
vn 0.1197 -0.9798 -0.1603
vn 0.1180 -0.9792 -0.1651
vn 0.1179 -0.9792 -0.1654
vn 0.1221 -0.9776 -0.1714
vn 0.0936 -0.9847 -0.1471
vn 0.0935 -0.9845 -0.1483
vn 0.0693 -0.9887 -0.1329
vn 0.0693 -0.9888 -0.1322
vn 0.0527 -0.9931 -0.1047
vn 0.0488 -0.9920 -0.1166
vn 0.0298 -0.9948 -0.0974
vn 0.0327 -0.9959 -0.0841
vn 0.0148 -0.9969 -0.0775
vn 0.0137 -0.9980 -0.0610
vn -0.0002 -0.9993 -0.0362
vn -0.0274 -0.9996 -0.0034
vn -0.0277 -0.9996 -0.0041
vn -0.0205 -0.9996 -0.0186
vn -0.0114 -0.9999 -0.0119
vn -0.0150 -0.9994 -0.0297
vn -0.0448 -0.9978 0.0491
vn -0.0448 -0.9978 0.0487
vn -0.0358 -0.9991 0.0215
vn -0.0399 -0.9966 0.0719
vn -0.0517 -0.9962 0.0702
vn -0.0516 -0.9963 0.0694
vn -0.0540 -0.9955 0.0778
vn -0.0559 -0.9955 0.0767
vn -0.0548 -0.9953 0.0796
vn -0.0547 -0.9953 0.0794
vn -0.0547 -0.9953 0.0795
vn -0.0550 -0.9954 0.0789
vn -0.0540 -0.9960 0.0711
vn -0.0548 -0.9960 0.0699
vn -0.0536 -0.9957 0.0758
vn -0.0492 -0.9972 0.0571
vn -0.0595 -0.9969 0.0506
vn -0.0590 -0.9970 0.0511
vn -0.0514 -0.9969 0.0599
vn -0.0533 -0.9960 0.0724
vn -0.0527 -0.9962 0.0689
vn -0.0448 -0.9988 0.0216
vn -0.0506 -0.9978 0.0424
vn -0.0493 -0.9981 0.0382
vn -0.0510 -0.9980 0.0368
vn -0.0481 -0.9977 0.0486
vn -0.0277 -0.9996 0.0071
vn -0.0888 -0.9960 0.0095
vn -0.0886 -0.9960 0.0095
vn -0.0442 -0.9988 0.0228
vn -0.0447 -0.9988 0.0219
vn -0.2879 -0.9576 0.0135
vn -0.2880 -0.9575 0.0135
vn -0.4181 -0.9080 0.0282
vn -0.4139 -0.9100 0.0242
vn -0.3515 -0.9360 0.0166
vn -0.5051 -0.8624 0.0332
vn -0.4757 -0.8795 0.0141
vn -0.4762 -0.8792 0.0142
vn -0.6467 -0.7627 0.0125
vn -0.5927 -0.8052 0.0205
vn -0.5869 -0.8092 0.0276
vn -0.5352 -0.8446 0.0122
vn -0.5355 -0.8444 0.0123
vn -0.6461 -0.7632 0.0125
vn -0.6636 -0.7476 0.0292
vn -0.6932 -0.7207 0.0073
vn -0.7338 -0.6792 0.0143
vn -0.7388 -0.6736 0.0228
vn -0.6927 -0.7212 0.0073
vn -0.7974 -0.6031 0.0207
vn -0.7848 -0.6197 0.0036
vn -0.7844 -0.6202 0.0036
vn -0.8641 -0.5033 -0.0062
vn -0.8650 -0.5017 -0.0062
vn -0.8534 -0.5211 0.0161
vn -0.8269 -0.5624 -0.0067
vn -0.8267 -0.5625 -0.0067
vn -0.8988 -0.4384 -0.0004
vn -0.9008 -0.4343 0.0047
vn -0.9277 -0.3729 -0.0178
vn -0.9277 -0.3728 -0.0178
vn -0.9396 -0.3422 0.0067
vn -0.9521 -0.3047 -0.0237
vn -0.9521 -0.3049 -0.0237
vn -0.9690 -0.2470 -0.0024
vn -0.9718 -0.2351 -0.0172
vn -0.9888 -0.1492 -0.0032
vn -0.9856 -0.1677 -0.0212
vn -0.9858 -0.1666 -0.0212
vn -0.9994 -0.0350 -0.0004
vn -0.9942 -0.1030 -0.0310
vn -0.9942 -0.1026 -0.0310
vn -0.9951 -0.0483 0.0859
vn -0.4043 -0.8990 0.1685
vn -0.4064 -0.8936 0.1905
vn -0.4781 -0.8510 0.2173
vn -0.4797 -0.8440 0.2399
vn -0.5471 -0.7925 0.2695
vn -0.5476 -0.7820 0.2976
vn -0.6113 -0.7194 0.3299
vn -0.6095 -0.7041 0.3642
vn -0.6672 -0.6296 0.3979
vn -0.2297 -0.9608 0.1552
vn -0.2330 -0.9604 0.1527
vn -0.2314 -0.9621 0.1445
vn -0.2353 -0.9616 0.1414
vn -0.2328 -0.9643 0.1265
vn -0.2368 -0.9637 0.1233
vn -0.2335 -0.9672 0.0995
vn -0.2371 -0.9667 0.0965
vn -0.2336 -0.9703 0.0631
vn -0.2365 -0.9697 0.0605
vn -0.2336 -0.9721 0.0202
vn -0.2232 -0.9743 0.0307
vn -0.1418 -0.9828 0.1181
vn -0.1434 -0.9827 0.1169
vn -0.1424 -0.9834 0.1122
vn -0.1445 -0.9833 0.1107
vn -0.1423 -0.9848 0.0994
vn -0.1440 -0.9847 0.0981
vn -0.1410 -0.9869 0.0790
vn -0.1424 -0.9867 0.0779
vn -0.1391 -0.9890 0.0508
vn -0.1403 -0.9889 0.0498
vn -0.1385 -0.9900 0.0265
vn -0.1559 -0.9877 0.0155
vn -0.3992 -0.8954 0.1971
vn -0.4011 -0.8907 0.2140
vn -0.4734 -0.8459 0.2459
vn -0.4750 -0.8389 0.2659
vn -0.5443 -0.7831 0.3009
vn -0.5449 -0.7723 0.3267
vn -0.6099 -0.7040 0.3639
vn -0.6081 -0.6885 0.3951
vn -0.5546 -0.7549 0.3501
vn -0.5554 -0.7491 0.3611
vn -0.5454 -0.7628 0.3474
vn -0.5447 -0.7723 0.3268
vn -0.4729 -0.8332 0.2866
vn -0.4714 -0.8398 0.2693
vn -0.3974 -0.8878 0.2323
vn -0.3956 -0.8919 0.2189
vn -0.4980 -0.8276 0.2591
vn -0.3941 -0.8885 0.2352
vn -0.3955 -0.8852 0.2450
vn -0.4724 -0.8333 0.2871
vn -0.4735 -0.8291 0.2973
vn -0.4829 -0.8195 0.3086
vn -0.4795 -0.8292 0.2874
vn -0.5029 -0.8046 0.3157
vn -0.4895 -0.8334 0.2565
vn -0.5475 -0.7766 0.3115
vn -0.4717 -0.8626 0.1829
vn -0.5208 -0.8237 0.2240
vn -0.5229 -0.8221 0.2252
vn -0.3975 -0.8991 0.1835
vn -0.2268 -0.9625 0.1487
vn -0.0450 -0.9978 0.0478
vn -0.0455 -0.9978 0.0491
vn -0.1330 -0.9865 0.0954
vn -0.2234 -0.9638 0.1455
vn -0.1356 -0.9859 0.0978
vn -0.1206 -0.9910 0.0587
vn -0.0323 -0.9994 0.0131
vn -0.0186 -0.9998 0.0120
vn -0.0829 -0.9961 -0.0292
vn -0.1894 -0.9817 0.0184
vn -0.2243 -0.9671 0.1204
vn -0.1984 -0.9783 0.0604
vn -0.2134 -0.9742 0.0730
vn -0.1867 -0.9822 0.0225
vn -0.3010 -0.9504 0.0783
vn -0.2136 -0.9706 0.1107
vn -0.1261 -0.9900 0.0635
vn -0.1022 -0.9947 0.0125
vn -0.0859 -0.9962 0.0131
vn -0.0983 -0.9952 -0.0018
vn -0.0080 -0.9991 -0.0427
vn -0.0006 -0.9993 -0.0365
vn -0.3680 -0.9226 0.1154
vn -0.0547 -0.9955 0.0778
vn -0.0525 -0.9960 0.0723
vn -0.1414 -0.9831 0.1165
vn -0.1390 -0.9837 0.1144
vn -0.2310 -0.9596 0.1607
vn -0.2266 -0.9613 0.1567
vn -0.3122 -0.9287 0.2004
vn -0.3111 -0.9300 0.1958
vn -0.3166 -0.9270 0.2013
vn -0.3062 -0.9373 0.1666
vn -0.3218 -0.9292 0.1819
vn -0.2972 -0.9475 0.1176
vn -0.3223 -0.9361 0.1405
vn -0.2963 -0.9512 0.0859
vn -0.3355 -0.9359 0.1068
vn -0.6536 -0.7089 0.2652
vn -0.6338 -0.7313 0.2521
vn -0.6605 -0.6560 0.3652
vn -0.7795 -0.6205 0.0860
vn -0.8338 -0.4999 0.2343
vn -0.7845 -0.5947 0.1756
vn -0.8112 -0.5208 0.2659
vn -0.7800 -0.5374 0.3206
vn -0.7415 -0.6432 0.1908
vn -0.7993 -0.5436 0.2560
vn -0.7577 -0.6377 0.1386
vn -0.8133 -0.5474 0.1972
vn -0.7469 -0.6632 0.0484
vn -0.8129 -0.5725 0.1073
vn -0.7362 -0.6761 -0.0301
vn -0.7683 -0.6092 0.1965
vn -0.7262 -0.6800 0.1012
vn -0.7876 -0.5953 0.1591
vn -0.7098 -0.7043 0.0115
vn -0.7813 -0.6204 0.0682
vn -0.6952 -0.7159 -0.0651
vn -0.7437 -0.6679 -0.0266
vn -0.7073 -0.6959 0.1244
vn -0.6833 -0.7218 0.1101
vn -0.6042 -0.7953 0.0493
vn -0.6300 -0.7747 0.0538
vn -0.6040 -0.7867 -0.1277
vn -0.6535 -0.7507 -0.0966
vn -0.5635 -0.8252 -0.0384
vn -0.6340 -0.7733 0.0061
vn -0.6086 -0.7934 -0.0058
vn -0.6791 -0.7328 0.0430
vn -0.6510 -0.7585 0.0285
vn -0.7198 -0.6894 0.0810
vn -0.1717 -0.9851 -0.0116
vn -0.2623 -0.9646 0.0289
vn -0.2732 -0.9616 0.0274
vn -0.3281 -0.9420 0.0714
vn -0.3843 -0.9178 0.0997
vn -0.3631 -0.9297 0.0615
vn -0.4411 -0.8919 0.1002
vn -0.4175 -0.9067 0.0597
vn -0.5038 -0.8577 0.1027
vn -0.4783 -0.8761 0.0601
vn -0.5717 -0.8134 0.1076
vn -0.5333 -0.8447 0.0445
vn -0.6042 -0.7911 0.0954
vn -0.5400 -0.8416 -0.0010
vn -0.6001 -0.7990 0.0387
vn -0.5171 -0.8532 -0.0684
vn -0.5847 -0.8107 -0.0294
vn -0.4700 -0.8626 -0.1870
vn -0.4244 -0.8760 -0.2293
vn -0.4731 -0.8603 -0.1899
vn -0.4052 -0.8878 -0.2182
vn -0.3679 -0.9026 -0.2234
vn -0.6240 -0.7663 -0.1532
vn -0.5745 -0.7985 -0.1799
vn -0.5433 -0.8185 -0.1866
vn -0.6035 -0.7871 -0.1279
vn -0.5544 -0.8176 -0.1556
vn -0.5568 -0.7750 -0.2989
vn -0.6046 -0.7454 -0.2808
vn -0.6029 -0.7468 -0.2809
vn -0.6005 -0.7128 -0.3624
vn -0.5884 -0.7809 -0.2098
vn -0.5409 -0.8087 -0.2311
vn -0.4936 -0.8368 -0.2368
vn -0.5475 -0.8146 -0.1913
vn -0.4761 -0.8508 -0.2225
vn -0.5504 -0.8201 -0.1566
vn -0.5051 -0.8442 -0.1795
vn -0.3540 -0.9112 -0.2109
vn -0.3413 -0.9047 -0.2551
vn -0.4175 -0.8736 -0.2499
vn -0.3940 -0.8795 -0.2668
vn -0.4839 -0.8349 -0.2622
vn -0.4586 -0.8431 -0.2809
vn -0.5042 -0.8170 -0.2798
vn -0.5744 -0.7782 -0.2538
vn -0.0944 -0.8174 -0.5682
vn -0.1237 -0.8211 -0.5573
vn -0.1368 -0.8202 -0.5554
vn -0.1712 -0.8236 -0.5407
vn -0.1781 -0.8230 -0.5394
vn -0.2175 -0.8258 -0.5203
vn -0.2832 -0.8167 -0.5027
vn -0.2722 -0.8141 -0.5130
vn -0.2935 -0.8109 -0.5062
vn -0.2338 -0.8424 -0.4855
vn -0.2491 -0.8469 -0.4698
vn -0.2670 -0.8448 -0.4638
vn -0.2937 -0.9079 -0.2991
vn -0.2735 -0.9103 -0.3108
vn -0.3546 -0.8785 -0.3201
vn -0.3323 -0.8824 -0.3330
vn -0.4107 -0.8442 -0.3446
vn -0.3861 -0.8498 -0.3589
vn -0.4592 -0.8065 -0.3725
vn -0.4340 -0.8134 -0.3873
vn -0.5020 -0.7653 -0.4029
vn -0.4756 -0.7737 -0.4187
vn -0.0495 -0.8701 -0.4904
vn -0.0691 -0.8730 -0.4828
vn -0.0764 -0.8729 -0.4819
vn -0.0991 -0.8760 -0.4721
vn -0.1025 -0.8759 -0.4715
vn -0.1276 -0.8790 -0.4595
vn -0.1253 -0.8791 -0.4600
vn -0.1521 -0.8821 -0.4459
vn -0.1471 -0.8823 -0.4471
vn -0.1748 -0.8851 -0.4312
vn -0.1698 -0.8854 -0.4326
vn -0.1982 -0.8880 -0.4149
vn -0.1931 -0.8884 -0.4166
vn -0.0143 -0.9134 -0.4069
vn -0.0266 -0.9154 -0.4017
vn -0.0285 -0.9154 -0.4016
vn -0.0424 -0.9176 -0.3952
vn -0.0414 -0.9176 -0.3953
vn -0.0569 -0.9201 -0.3875
vn -0.0526 -0.9201 -0.3882
vn -0.0684 -0.9226 -0.3797
vn -0.0636 -0.9225 -0.3806
vn -0.0789 -0.9250 -0.3717
vn -0.0749 -0.9249 -0.3726
vn -0.0902 -0.9274 -0.3630
vn -0.0870 -0.9274 -0.3638
vn -0.1018 -0.9298 -0.3537
vn -0.0999 -0.9298 -0.3543
vn -0.1148 -0.9322 -0.3433
vn -0.1143 -0.9322 -0.3435
vn -0.0009 -0.9985 -0.0546
vn 0.0067 -0.9977 -0.0676
vn -0.0837 -0.9960 -0.0303
vn -0.0658 -0.9961 -0.0591
vn -0.1739 -0.9846 -0.0155
vn -0.1530 -0.9871 -0.0474
vn -0.2351 -0.9719 -0.0146
vn -0.2505 -0.9681 -0.0037
vn -0.2948 -0.9554 0.0154
vn -0.3164 -0.9481 0.0315
vn -0.3756 -0.9249 0.0590
vn -0.3494 -0.9368 0.0172
vn -0.4335 -0.8995 0.0556
vn -0.4041 -0.9146 0.0112
vn -0.4973 -0.8659 0.0537
vn -0.4655 -0.8850 0.0074
vn -0.5525 -0.8321 0.0479
vn -0.4960 -0.8678 -0.0300
vn -0.5536 -0.8327 0.0052
vn -0.4690 -0.8780 -0.0960
vn -0.5331 -0.8438 -0.0622
vn 0.0145 -0.9969 -0.0768
vn 0.0247 -0.9954 -0.0928
vn -0.0662 -0.9960 -0.0597
vn -0.0460 -0.9949 -0.0893
vn -0.1547 -0.9866 -0.0511
vn -0.1299 -0.9879 -0.0850
vn -0.2139 -0.9752 -0.0559
vn -0.2302 -0.9721 -0.0455
vn -0.2767 -0.9606 -0.0278
vn -0.2994 -0.9540 -0.0123
vn -0.3622 -0.9320 0.0140
vn -0.3304 -0.9434 -0.0306
vn -0.4202 -0.9074 0.0060
vn -0.3840 -0.9224 -0.0417
vn -0.4851 -0.8745 -0.0004
vn -0.4309 -0.8998 -0.0681
vn -0.5070 -0.8616 -0.0254
vn -0.4227 -0.8983 -0.1200
vn -0.4812 -0.8718 -0.0917
vn 0.0940 -0.9833 -0.1557
vn 0.1133 -0.9779 -0.1759
vn 0.0348 -0.9850 -0.1688
vn 0.0664 -0.9779 -0.1981
vn -0.0329 -0.9809 -0.1915
vn 0.0057 -0.9748 -0.2230
vn -0.0827 -0.9723 -0.2184
vn -0.0867 -0.9723 -0.2171
vn -0.1489 -0.9661 -0.2107
vn -0.1660 -0.9647 -0.2045
vn -0.2428 -0.9508 -0.1924
vn -0.1921 -0.9535 -0.2322
vn -0.2921 -0.9304 -0.2213
vn -0.2372 -0.9360 -0.2602
vn -0.3426 -0.9038 -0.2564
vn -0.2992 -0.9107 -0.2846
vn -0.3863 -0.8768 -0.2864
vn -0.3630 -0.8817 -0.3015
vn -0.4476 -0.8405 -0.3052
vn -0.4227 -0.8473 -0.3216
vn -0.5024 -0.8003 -0.3274
vn -0.4752 -0.8092 -0.3456
vn -0.5136 -0.7834 -0.3500
vn -0.5816 -0.7436 -0.3300
vn -0.0825 -0.9598 -0.2684
vn -0.0568 -0.9692 -0.2396
vn 0.0574 -0.9899 -0.1295
vn 0.0651 -0.9881 -0.1395
vn -0.0224 -0.9927 -0.1181
vn 0.0034 -0.9889 -0.1487
vn -0.1029 -0.9868 -0.1247
vn -0.0699 -0.9846 -0.1602
vn -0.1575 -0.9774 -0.1411
vn -0.1705 -0.9761 -0.1347
vn -0.2236 -0.9672 -0.1208
vn -0.2464 -0.9631 -0.1085
vn -0.3168 -0.9445 -0.0869
vn -0.2717 -0.9529 -0.1349
vn -0.3722 -0.9221 -0.1055
vn -0.3207 -0.9342 -0.1563
vn 0.0298 -0.9948 -0.0977
vn 0.0433 -0.9922 -0.1169
vn -0.0460 -0.9949 -0.0894
vn -0.0231 -0.9926 -0.1196
vn -0.1310 -0.9875 -0.0881
vn -0.1024 -0.9871 -0.1228
vn -0.1886 -0.9771 -0.0982
vn -0.2035 -0.9749 -0.0897
vn -0.2530 -0.9647 -0.0737
vn -0.2768 -0.9591 -0.0591
vn -0.3432 -0.9386 -0.0347
vn -0.3046 -0.9489 -0.0820
vn -0.4001 -0.9152 -0.0481
vn -0.3565 -0.9291 -0.0980
vn -0.4464 -0.8924 -0.0667
vn -0.3751 -0.9161 -0.1417
vn -0.4281 -0.8960 -0.1183
vn 0.0743 -0.9868 -0.1442
vn 0.0873 -0.9834 -0.1593
vn 0.0045 -0.9894 -0.1451
vn 0.0334 -0.9839 -0.1755
vn -0.0699 -0.9846 -0.1600
vn -0.0331 -0.9803 -0.1947
vn -0.1220 -0.9757 -0.1820
vn -0.1295 -0.9753 -0.1790
vn -0.1877 -0.9678 -0.1679
vn -0.2091 -0.9650 -0.1582
vn -0.2829 -0.9488 -0.1404
vn -0.2329 -0.9545 -0.1864
vn -0.3350 -0.9277 -0.1646
vn -0.2791 -0.9366 -0.2116
vn -0.3350 -0.9202 -0.2025
vn -0.3867 -0.9034 -0.1852
vn -0.3825 -0.9050 -0.1860
vn -0.4399 -0.8828 -0.1646
vn -0.4302 -0.8871 -0.1669
vn -0.4962 -0.8569 -0.1396
vn -0.4800 -0.8654 -0.1441
vn -0.5506 -0.8273 -0.1115
vn -0.5294 -0.8401 -0.1183
vn -0.6042 -0.7928 -0.0800
vn -0.5776 -0.8114 -0.0897
vn -0.6540 -0.7551 -0.0461
vn -0.6238 -0.7794 -0.0586
vn -0.7014 -0.7127 -0.0093
vn 0.1277 -0.9714 -0.2003
vn 0.1923 -0.9633 -0.1871
vn 0.1823 -0.9686 -0.1692
vn 0.1872 -0.9692 -0.1600
vn 0.2095 -0.9624 -0.1729
vn 0.1373 -0.9705 -0.1982
vn 0.1543 -0.9660 -0.2072
vn 0.0631 -0.9692 -0.2381
vn 0.0747 -0.9669 -0.2438
vn 0.1797 -0.9695 -0.1669
vn 0.2022 -0.9625 -0.1810
vn 0.1283 -0.9711 -0.2011
vn 0.1489 -0.9656 -0.2131
vn 0.0548 -0.9699 -0.2373
vn 0.0693 -0.9670 -0.2451
vn 0.1461 -0.9737 -0.1748
vn 0.1670 -0.9672 -0.1916
vn 0.1004 -0.9749 -0.1989
vn 0.1283 -0.9674 -0.2181
vn 0.0388 -0.9720 -0.2316
vn 0.0610 -0.9677 -0.2447
vn -0.0519 -0.9635 -0.2625
vn -0.0433 -0.9614 -0.2716
vn -0.0347 -0.9605 -0.2761
vn -0.0323 -0.9599 -0.2784
vn -0.0261 -0.9593 -0.2813
vn 0.0134 -0.9476 -0.3191
vn 0.0067 -0.9487 -0.3161
vn 0.0103 -0.9486 -0.3164
vn 0.0023 -0.9499 -0.3124
vn 0.0074 -0.9497 -0.3130
vn -0.0005 -0.9511 -0.3088
vn 0.0058 -0.9508 -0.3097
vn -0.0018 -0.9523 -0.3053
vn 0.0040 -0.9519 -0.3063
vn -0.0029 -0.9533 -0.3020
vn 0.0019 -0.9530 -0.3030
vn -0.0042 -0.9543 -0.2990
vn -0.0008 -0.9540 -0.2998
vn -0.0062 -0.9552 -0.2959
vn -0.0044 -0.9550 -0.2965
vn -0.0090 -0.9561 -0.2929
vn -0.0097 -0.9562 -0.2927
vn -0.0134 -0.9571 -0.2896
vn -0.0159 -0.9573 -0.2886
vn 0.0358 -0.9729 -0.2286
vn 0.0327 -0.9733 -0.2271
vn 0.0411 -0.9728 -0.2278
vn 0.0382 -0.9733 -0.2262
vn 0.0464 -0.9728 -0.2271
vn 0.0439 -0.9732 -0.2257
vn 0.0525 -0.9725 -0.2269
vn 0.0509 -0.9728 -0.2259
vn 0.0583 -0.9721 -0.2272
vn 0.0575 -0.9723 -0.2266
vn 0.0634 -0.9716 -0.2279
vn 0.0638 -0.9715 -0.2281
vn 0.0679 -0.9710 -0.2291
vn 0.0694 -0.9707 -0.2303
vn 0.0714 -0.9704 -0.2308
vn 0.0739 -0.9697 -0.2329
vn 0.0733 -0.9698 -0.2327
vn 0.0766 -0.9688 -0.2356
vn 0.0736 -0.9693 -0.2346
vn 0.0779 -0.9680 -0.2386
vn 0.0725 -0.9689 -0.2364
vn 0.0533 -0.9893 -0.1360
vn 0.0535 -0.9892 -0.1361
vn 0.0652 -0.9884 -0.1371
vn 0.0662 -0.9883 -0.1377
vn 0.0772 -0.9873 -0.1389
vn 0.0789 -0.9870 -0.1400
vn 0.0893 -0.9859 -0.1415
vn 0.0922 -0.9853 -0.1435
vn 0.1013 -0.9842 -0.1450
vn 0.1052 -0.9834 -0.1478
vn 0.1121 -0.9824 -0.1493
vn 0.1173 -0.9812 -0.1533
vn 0.1222 -0.9804 -0.1545
vn 0.1285 -0.9788 -0.1597
vn 0.1308 -0.9784 -0.1604
vn 0.1384 -0.9762 -0.1672
vn 0.1379 -0.9762 -0.1671
vn 0.1463 -0.9736 -0.1751
vn 0.1427 -0.9744 -0.1738
vn 0.1521 -0.9712 -0.1834
vn 0.1457 -0.9727 -0.1809
vn 0.1560 -0.9689 -0.1919
vn 0.1457 -0.9714 -0.1874
vn -0.7157 -0.0379 0.6973
vn -0.7356 -0.0230 0.6771
vn -0.7630 -0.0136 0.6462
vn -0.7257 0.0026 0.6880
vn -0.7254 0.0028 0.6883
vn -0.8024 -0.0310 0.5960
vn -0.8056 -0.0340 0.5915
vn -0.7267 -0.0236 0.6866
vn -0.7502 -0.0409 0.6600
vn -0.7353 -0.0015 0.6777
vn -0.7714 -0.0281 0.6357
vn -0.7712 -0.0025 0.6366
vn -0.7549 -0.4804 0.4465
vn -0.8307 -0.0556 0.5539
vn -0.8465 -0.1238 0.5179
vn -0.8614 -0.1036 0.4972
vn -0.8596 -0.1718 0.4813
vn -0.8819 -0.2377 0.4072
vn -0.8758 -0.1427 0.4611
vn -0.8970 -0.2051 0.3915
vn -0.9006 -0.1697 0.4001
vn -0.8375 -0.1754 0.5176
vn -0.8448 -0.1919 0.4995
vn -0.8321 -0.1068 0.5442
vn -0.8724 -0.1902 0.4503
vn -0.8614 -0.1059 0.4968
vn -0.8936 -0.1794 0.4114
vn -0.8944 -0.1707 0.4134
vn -0.8820 -0.0845 0.4636
vn -0.8806 -0.1337 0.4546
vn -0.8656 -0.0588 0.4972
vn -0.8528 -0.2844 0.4380
vn -0.8614 -0.3431 0.3745
vn -0.8679 -0.2360 0.4371
vn -0.8808 -0.3193 0.3495
vn -0.7822 -0.3653 0.5046
vn -0.7931 -0.4571 0.4026
vn -0.8229 -0.3121 0.4747
vn -0.8328 -0.4147 0.3668
vn -0.8479 -0.3092 0.4307
vn -0.8526 -0.4152 0.3173
vn -0.8712 -0.3007 0.3880
vn -0.8739 -0.3669 0.3189
vn -0.8893 -0.3075 0.3386
vn -0.8650 -0.4861 0.1245
vn -0.8329 -0.5474 0.0810
vn -0.8431 -0.5305 0.0876
vn -0.8054 -0.5912 0.0434
vn -0.8150 -0.5774 0.0490
vn -0.7814 -0.6240 0.0103
vn -0.7727 -0.6348 0.0059
vn -0.8387 -0.5247 0.1458
vn -0.8509 -0.5020 0.1550
vn -0.8576 -0.4901 0.1557
vn -0.8596 -0.4861 0.1573
vn -0.7595 -0.4954 0.4215
vn -0.7439 -0.6013 0.2917
vn -0.8060 -0.4551 0.3785
vn -0.7872 -0.5587 0.2611
vn -0.8297 -0.4560 0.3219
vn -0.8071 -0.5509 0.2123
vn -0.8490 -0.4548 0.2691
vn -0.8284 -0.5285 0.1853
vn -0.8628 -0.4581 0.2140
vn -0.8512 -0.4975 0.1671
vn -0.8811 -0.4176 0.2218
vn -0.8550 -0.5053 0.1173
vn -0.8710 0.0137 0.4912
vn -0.8121 -0.0102 0.5834
vn -0.8107 -0.0093 0.5854
vn -0.8123 -0.0086 0.5831
vn -0.7628 0.0026 0.6467
vn -0.9318 -0.0056 0.3629
vn -0.9383 -0.0028 0.3459
vn -0.9383 -0.0284 0.3448
vn -0.8869 0.0152 0.4617
vn -0.8873 -0.0073 0.4611
vn -0.8717 -0.0159 0.4898
vn -0.8448 0.0015 0.5351
vn -0.8445 0.0123 0.5353
vn -0.9024 -0.0338 0.4297
vn -0.9019 0.0103 0.4318
vn -0.9529 -0.0434 0.3003
vn -0.9355 -0.0137 0.3531
vn -0.9508 -0.0012 0.3098
vn -0.9768 -0.0263 0.2124
vn -0.8335 -0.0303 0.5517
vn -0.8533 -0.0506 0.5190
vn -0.8371 -0.0014 0.5471
vn -0.8926 -0.0575 0.4471
vn -0.8748 0.0020 0.4845
vn -0.9099 -0.0783 0.4075
vn -0.8874 -0.0422 0.4591
vn -0.9171 -0.0898 0.3884
vn -0.9177 -0.0679 0.3915
vn -0.8872 -0.0917 0.4522
vn -0.8699 -0.0242 0.4926
vn -0.8700 -0.0287 0.4921
vn -0.9099 -0.0782 0.4075
vn -0.8922 -0.0098 0.4515
vn -0.9239 -0.0495 0.3794
vn -0.9239 -0.0515 0.3792
vn -0.9694 -0.1121 0.2186
vn -0.9935 -0.0835 0.0779
vn -0.9938 -0.0875 0.0683
vn -0.9928 -0.0989 0.0674
vn -0.9828 -0.1789 0.0449
vn -0.9884 -0.1238 0.0875
vn -0.9845 -0.1540 0.0838
vn -0.9870 -0.1019 0.1241
vn -0.9873 -0.0992 0.1244
vn -0.9882 -0.0745 0.1342
vn -0.9893 -0.0795 0.1225
vn -0.9878 -0.0985 0.1208
vn -0.9794 -0.0648 0.1914
vn -0.9816 -0.1132 0.1540
vn -0.9742 -0.0855 0.2089
vn -0.9741 -0.0875 0.2086
vn -0.9756 -0.1398 0.1695
vn -0.9819 -0.1267 0.1410
vn -0.9742 0.0011 0.2258
vn -0.9320 -0.0052 0.3625
vn -0.9316 -0.0049 0.3636
vn -0.9740 -0.0141 0.2262
vn -0.9866 -0.0072 0.1627
vn -0.9960 -0.0102 0.0888
vn -0.9968 -0.0091 0.0796
vn -0.9747 0.0029 0.2234
vn -0.9975 0.0034 -0.0703
vn -1.0000 -0.0060 -0.0030
vn -0.9937 -0.0197 -0.1099
vn -0.9629 -0.0136 -0.2694
vn -0.9759 -0.0157 -0.2177
vn -0.9793 -0.0141 -0.2021
vn -0.9760 -0.0136 -0.2175
vn -0.9980 -0.0023 -0.0634
vn -0.9508 0.0021 0.3099
vn -0.9806 -0.0328 0.1935
vn -0.9769 -0.0225 0.2125
vn -0.9904 -0.0240 0.1360
vn -0.9926 -0.0288 0.1178
vn -0.9974 -0.0291 0.0664
vn -0.9985 -0.0354 0.0408
vn -0.9993 -0.0349 -0.0137
vn -0.9925 -0.0565 -0.1081
vn -0.9242 -0.0057 0.3820
vn -0.9240 0.0050 0.3823
vn -0.9631 -0.0335 0.2671
vn -0.9633 -0.0080 0.2682
vn -0.9805 -0.0335 0.1935
vn -0.9893 -0.0380 0.1410
vn -0.9900 -0.0398 0.1354
vn -0.9959 -0.0439 0.0791
vn -0.9967 -0.0480 0.0657
vn -0.9987 -0.0514 0.0071
vn -0.9982 -0.0576 -0.0143
vn -0.8890 -0.0430 -0.4560
vn -0.9082 -0.0436 -0.4163
vn -0.9215 -0.0396 -0.3864
vn -0.9385 -0.0397 -0.3430
vn -0.9473 -0.0362 -0.3184
vn -0.9624 -0.0358 -0.2694
vn -0.9678 -0.0328 -0.2495
vn -0.9788 -0.0319 -0.2021
vn -0.9814 -0.0300 -0.1895
vn -0.9936 -0.0277 -0.1099
vn -0.9908 -0.0340 -0.1311
vn -0.9999 -0.0120 -0.0030
vn -0.8597 -0.0181 -0.5104
vn -0.9335 -0.0097 -0.3583
vn -0.9090 -0.0144 -0.4166
vn -0.9307 -0.0177 -0.3654
vn -0.9392 -0.0157 -0.3431
vn -0.9321 -0.0147 -0.3619
vn -0.9761 -0.0086 -0.2171
vn -0.7710 -0.0099 -0.6368
vn -0.8467 -0.0524 -0.5294
vn -0.8675 -0.0431 -0.4956
vn -0.8682 -0.0193 -0.4959
vn -0.8605 -0.0202 -0.5090
vn -0.7661 -0.0213 -0.6424
vn -0.8238 -0.0295 -0.5661
vn -0.4469 -0.0465 -0.8934
vn -0.3793 -0.0436 -0.9243
vn -0.5170 -0.0459 -0.8548
vn -0.5271 -0.0455 -0.8486
vn -0.5178 -0.0452 -0.8543
vn -0.6051 -0.0413 -0.7951
vn -0.6508 -0.0427 -0.7580
vn -0.6767 -0.0409 -0.7351
vn -0.6526 -0.0405 -0.7566
vn -0.7669 -0.0357 -0.6408
vn -0.2797 -0.0502 -0.9588
vn -0.2236 -0.0471 -0.9736
vn -0.3736 -0.0478 -0.9264
vn -0.0609 -0.0227 -0.9979
vn -0.9674 -0.0092 0.2530
vn -0.9674 0.0053 0.2531
vn -0.9866 -0.0151 0.1626
vn -0.9929 -0.0129 0.1182
vn -0.9959 -0.0189 0.0887
vn -0.9990 -0.0158 0.0412
vn -0.9981 -0.0332 -0.0513
vn -0.9982 -0.0300 -0.0513
vn -0.9902 -0.0471 -0.1312
vn -0.9812 -0.0518 -0.1858
vn -0.9804 -0.0526 -0.1896
vn -0.9677 -0.0569 -0.2455
vn -0.9667 -0.0577 -0.2495
vn -0.9506 -0.0614 -0.3041
vn -0.9458 -0.0641 -0.3183
vn -0.9265 -0.0671 -0.3703
vn -0.9198 -0.0701 -0.3860
vn -0.8982 -0.0723 -0.4336
vn -0.8871 -0.0762 -0.4553
vn -0.8622 -0.0777 -0.5006
vn -0.8449 -0.0825 -0.5286
vn -0.8190 -0.0834 -0.5677
vn -0.7946 -0.0888 -0.6006
vn -0.7706 -0.0890 -0.6310
vn -0.7143 -0.0989 -0.6928
vn -0.7115 -0.1315 -0.6903
vn -0.6219 -0.1474 -0.7691
vn -0.2715 -0.1194 -0.9550
vn -0.2781 -0.1201 -0.9530
vn -0.3609 -0.1165 -0.9253
vn -0.3629 -0.0480 -0.9306
vn -0.3754 -0.0486 -0.9256
vn -0.0636 -0.0269 -0.9976
vn -0.0756 -0.0269 -0.9968
vn -0.0754 -0.0741 -0.9944
vn -0.0760 -0.0740 -0.9944
vn -0.0758 -0.1230 -0.9895
vn -0.0746 -0.1233 -0.9896
vn -0.0744 -0.1719 -0.9823
vn -0.0726 -0.1724 -0.9824
vn -0.0724 -0.2204 -0.9727
vn -0.8207 -0.0163 -0.5711
vn -0.8199 -0.0471 -0.5706
vn -0.7396 -0.0586 -0.6705
vn -0.7378 -0.0909 -0.6689
vn -0.6737 -0.1007 -0.7321
vn -0.7508 -0.1027 -0.6525
vn -0.6006 -0.1263 -0.7895
vn -0.5609 -0.1280 -0.8179
vn -0.5231 -0.1321 -0.8420
vn -0.4900 -0.1328 -0.8615
vn -0.4432 -0.1368 -0.8859
vn -0.4186 -0.1369 -0.8978
vn -0.1717 -0.1493 -0.9738
vn -0.3393 -0.1638 -0.9263
vn -0.2697 -0.1678 -0.9482
vn -0.9953 -0.0603 -0.0758
vn -0.9864 -0.0789 -0.1445
vn -0.9920 -0.0649 -0.1082
vn -0.9776 -0.0774 -0.1959
vn -0.9797 -0.0749 -0.1860
vn -0.9649 -0.0833 -0.2492
vn -0.9659 -0.0824 -0.2455
vn -0.9475 -0.0900 -0.3068
vn -0.9485 -0.0893 -0.3039
vn -0.9265 -0.0962 -0.3638
vn -0.9239 -0.0976 -0.3698
vn -0.8999 -0.1033 -0.4236
vn -0.8953 -0.1054 -0.4327
vn -0.8677 -0.1103 -0.4847
vn -0.8590 -0.1135 -0.4993
vn -0.8284 -0.1175 -0.5477
vn -0.8156 -0.1214 -0.5658
vn -0.7861 -0.1241 -0.6055
vn -0.7671 -0.1289 -0.6284
vn -0.7367 -0.1307 -0.6634
vn -0.6820 -0.1419 -0.7174
vn -0.9942 -0.0890 -0.0598
vn -0.9867 -0.1245 -0.1043
vn -0.9024 -0.1941 -0.3846
vn -0.9074 -0.1670 -0.3856
vn -0.9369 -0.1514 -0.3152
vn -0.9688 -0.1276 -0.2126
vn -0.9646 -0.1295 -0.2297
vn -0.9537 -0.1420 -0.2651
vn -0.8472 -0.2149 -0.4858
vn -0.8531 -0.1846 -0.4881
vn -0.8898 -0.1714 -0.4230
vn -0.7766 -0.2341 -0.5850
vn -0.7827 -0.2017 -0.5888
vn -0.8236 -0.1918 -0.5337
vn -0.9752 -0.1919 -0.1103
vn -0.9800 -0.1666 -0.1086
vn -0.9838 -0.1652 -0.0692
vn -0.9876 -0.1416 -0.0675
vn -0.9896 -0.1410 -0.0299
vn -0.9925 -0.1188 -0.0283
vn -0.9926 -0.1069 -0.0584
vn -0.9894 -0.1322 -0.0598
vn -0.9866 -0.1316 -0.0963
vn -0.9831 -0.1550 -0.0976
vn -0.9783 -0.1551 -0.1372
vn -0.9738 -0.1805 -0.1385
vn -0.7032 -0.2822 -0.6526
vn -0.7042 -0.2777 -0.6534
vn -0.8076 -0.2353 -0.5407
vn -0.8110 -0.2190 -0.5425
vn -0.8152 -0.2200 -0.5358
vn -0.8203 -0.1933 -0.5383
vn -0.8576 -0.1823 -0.4809
vn -0.8186 -0.2711 -0.5064
vn -0.8970 -0.2198 -0.3835
vn -0.8729 -0.2514 -0.4181
vn -0.9291 -0.1580 -0.3344
vn -0.9250 -0.1814 -0.3340
vn -0.9201 -0.1803 -0.3477
vn -0.9178 -0.1923 -0.3474
vn -0.8456 -0.2429 -0.4754
vn -0.8459 -0.2414 -0.4755
vn -0.7515 -0.2892 -0.5929
vn -0.6447 -0.3320 -0.6886
vn -0.7509 -0.2916 -0.5925
vn -0.7210 -0.3173 -0.6160
vn -0.8187 -0.2705 -0.5065
vn -0.7886 -0.3007 -0.5364
vn -0.8735 -0.2491 -0.4182
vn -0.8468 -0.2809 -0.4516
vn -0.7390 -0.2106 -0.6399
vn -0.7001 -0.2167 -0.6803
vn -0.6930 -0.2188 -0.6870
vn -0.6523 -0.2237 -0.7242
vn -0.6399 -0.2268 -0.7343
vn -0.6059 -0.2298 -0.7616
vn -0.5839 -0.2345 -0.7772
vn -0.2232 -0.0262 -0.9744
vn -0.0404 -0.0525 -0.9978
vn -0.1972 -0.0727 -0.9777
vn -0.1963 -0.1217 -0.9730
vn -0.1928 -0.1213 -0.9737
vn -0.1919 -0.1604 -0.9682
vn -0.2254 -0.1684 -0.9596
vn -0.2236 -0.2159 -0.9505
vn -0.0702 -0.2210 -0.9727
vn -0.0700 -0.2681 -0.9608
vn -0.0237 -0.2688 -0.9629
vn -0.0238 -0.2711 -0.9623
vn -0.3377 -0.3011 -0.8918
vn -0.3418 -0.2556 -0.9043
vn -0.4596 -0.2482 -0.8527
vn -0.4396 -0.2483 -0.8632
vn -0.3932 -0.2542 -0.8836
vn -0.3226 -0.2524 -0.9123
vn -0.5371 -0.2803 -0.7956
vn -0.6939 -0.2510 -0.6749
vn -0.7030 -0.2507 -0.6655
vn -0.6445 -0.2685 -0.7159
vn -0.6049 -0.2739 -0.7477
vn -0.5984 -0.2755 -0.7523
vn -0.5469 -0.2807 -0.7887
vn -0.5536 -0.2363 -0.7985
vn -0.5250 -0.2415 -0.8161
vn -0.4983 -0.2423 -0.8325
vn -0.4918 -0.2891 -0.8213
vn -0.4344 -0.2915 -0.8522
vn -0.4370 -0.2918 -0.8508
vn -0.3215 -0.3069 -0.8958
vn -0.5969 -0.3140 -0.7383
vn -0.4908 -0.3394 -0.8025
vn -0.5297 -0.3222 -0.7846
vn -0.4026 -0.3468 -0.8472
vn -0.4308 -0.3356 -0.8377
vn -0.2987 -0.3543 -0.8861
vn -0.3174 -0.3476 -0.8823
vn -0.6735 -0.3103 -0.6709
vn -0.6749 -0.3045 -0.6722
vn -0.7806 -0.2627 -0.5672
vn -0.7809 -0.2612 -0.5674
vn -0.8708 -0.2133 -0.4430
vn -0.8736 -0.1996 -0.4438
vn -0.8780 -0.2007 -0.4345
vn -0.8827 -0.1757 -0.4359
vn -0.9149 -0.1617 -0.3699
vn -0.9778 -0.2008 -0.0606
vn -0.9893 -0.1452 -0.0170
vn -0.9845 -0.1744 -0.0199
vn -0.9924 -0.1210 0.0224
vn -0.9885 -0.1499 0.0196
vn -0.9933 -0.0993 0.0599
vn -0.9936 -0.0955 0.0603
vn -0.9929 -0.1190 0.0071
vn -0.9953 -0.0962 0.0088
vn -0.9954 -0.0949 0.0122
vn -0.9482 -0.1297 0.2899
vn -0.9503 -0.1362 0.2800
vn -0.9529 -0.1016 0.2858
vn -0.9551 -0.1075 0.2760
vn -0.9569 -0.0761 0.2804
vn -0.9602 -0.0836 0.2665
vn -0.9614 -0.0548 0.2696
vn -0.9777 -0.0928 0.1886
vn -0.9674 -0.0369 0.2507
vn -0.9804 -0.0665 0.1853
vn -0.7748 -0.4278 0.4654
vn -0.7740 -0.5281 0.3493
vn -0.8194 -0.3790 0.4301
vn -0.8148 -0.4913 0.3078
vn -0.8428 -0.3832 0.3780
vn -0.8305 -0.4966 0.2522
vn -0.8651 -0.3766 0.3313
vn -0.8567 -0.4495 0.2531
vn -0.8834 -0.3755 0.2804
vn -0.8828 -0.3828 0.2722
vn -0.9017 -0.3169 0.2943
vn -0.9017 -0.3278 0.2818
vn -0.9154 -0.2687 0.2997
vn -0.9164 -0.2811 0.2850
vn -0.9263 -0.2284 0.2996
vn -0.9280 -0.2399 0.2852
vn -0.9352 -0.1928 0.2969
vn -0.9372 -0.2028 0.2837
vn -0.9425 -0.1602 0.2932
vn -0.9641 -0.1427 0.2242
vn -0.9691 -0.1718 0.1771
vn -0.9691 -0.1154 0.2180
vn -0.9776 -0.1863 0.0978
vn -0.9816 -0.1292 0.1406
vn -0.9787 -0.2055 0.0052
vn -0.9877 -0.1487 0.0488
vn -0.9680 -0.2293 -0.1015
vn -0.9832 -0.1729 -0.0579
vn -0.9634 -0.2212 -0.1512
vn -0.9695 -0.1940 -0.1495
vn -0.9619 -0.2076 -0.1777
vn -0.9674 -0.1814 -0.1766
vn -0.9517 -0.2706 -0.1450
vn -0.9780 -0.2061 -0.0321
vn -0.9606 -0.2669 -0.0777
vn -0.9810 -0.1833 0.0639
vn -0.9697 -0.2436 0.0190
vn -0.9751 -0.1913 0.1124
vn -0.9611 -0.2752 -0.0213
vn -0.9765 -0.2143 0.0237
vn -0.9460 -0.3009 -0.1203
vn -0.9682 -0.2388 -0.0742
vn -0.9448 -0.2876 -0.1572
vn -0.9511 -0.2669 -0.1554
vn -0.9492 -0.2111 0.2332
vn -0.9516 -0.2469 0.1831
vn -0.9566 -0.1821 0.2276
vn -0.9585 -0.2624 0.1114
vn -0.9673 -0.2011 0.1548
vn -0.9581 -0.2852 0.0280
vn -0.9326 -0.3454 -0.1047
vn -0.9660 -0.2562 0.0336
vn -0.9477 -0.3189 -0.0116
vn -0.9656 -0.2319 0.1180
vn -0.9526 -0.2952 0.0731
vn -0.9587 -0.2347 0.1608
vn -0.8799 -0.4087 -0.2423
vn -0.9423 -0.3194 -0.1008
vn -0.9129 -0.3815 -0.1449
vn -0.9568 -0.2907 -0.0062
vn -0.9329 -0.3561 -0.0529
vn -0.9606 -0.2663 0.0795
vn -0.9434 -0.3297 0.0346
vn -0.9572 -0.2419 0.1591
vn -0.9454 -0.3047 0.1157
vn -0.9478 -0.2199 0.2311
vn -0.9395 -0.2883 0.1852
vn -0.9390 -0.2485 0.2376
vn -0.9367 -0.2600 0.2346
vn -0.9246 -0.3319 0.1870
vn -0.9322 -0.3195 0.1702
vn -0.8833 -0.4397 0.1627
vn -0.8906 -0.4222 0.1689
vn -0.8825 -0.4342 0.1808
vn -0.9048 -0.3570 0.2321
vn -0.9108 -0.3368 0.2387
vn -0.9060 -0.3804 0.1858
vn -0.9226 -0.3059 0.2350
vn -0.9098 -0.3965 0.1229
vn -0.9287 -0.3313 0.1668
vn -0.6357 -0.7495 -0.1848
vn -0.6859 -0.7108 -0.1558
vn -0.6809 -0.7153 -0.1571
vn -0.7305 -0.6715 -0.1247
vn -0.7230 -0.6791 -0.1270
vn -0.7709 -0.6304 -0.0914
vn -0.7621 -0.6405 -0.0946
vn -0.8075 -0.5872 -0.0561
vn -0.7972 -0.6007 -0.0604
vn -0.8396 -0.5429 -0.0191
vn -0.8287 -0.5591 -0.0244
vn -0.8669 -0.4982 0.0186
vn -0.8556 -0.5174 0.0123
vn -0.8890 -0.4543 0.0564
vn -0.8777 -0.4767 0.0492
vn -0.9064 -0.4118 0.0940
vn -0.6474 -0.7165 -0.2597
vn -0.6977 -0.6771 -0.2342
vn -0.6910 -0.6835 -0.2351
vn -0.7408 -0.6394 -0.2060
vn -0.7328 -0.6480 -0.2076
vn -0.7806 -0.5999 -0.1753
vn -0.7710 -0.6116 -0.1777
vn -0.8179 -0.5577 -0.1412
vn -0.8071 -0.5725 -0.1445
vn -0.8495 -0.5167 -0.1063
vn -0.8381 -0.5342 -0.1105
vn -0.8783 -0.4731 -0.0684
vn -0.8667 -0.4934 -0.0734
vn -0.9016 -0.4314 -0.0305
vn -0.8898 -0.4548 -0.0364
vn -0.9212 -0.3890 0.0092
vn -0.9103 -0.4140 0.0029
vn -0.6429 -0.6838 -0.3451
vn -0.6917 -0.6454 -0.3242
vn -0.6850 -0.6524 -0.3241
vn -0.7349 -0.6088 -0.2989
vn -0.7270 -0.6180 -0.2993
vn -0.7756 -0.5704 -0.2705
vn -0.7658 -0.5830 -0.2715
vn -0.8129 -0.5311 -0.2388
vn -0.8023 -0.5464 -0.2404
vn -0.6032 -0.7103 -0.3627
vn -0.5075 -0.7479 -0.4279
vn -0.5715 -0.7084 -0.4142
vn -0.5114 -0.7309 -0.4520
vn -0.5384 -0.7050 -0.4615
vn -0.5826 -0.6755 -0.4520
vn -0.5801 -0.6781 -0.4513
vn -0.6265 -0.6444 -0.4384
vn -0.6219 -0.6496 -0.4373
vn -0.6474 -0.6794 -0.3454
vn -0.5728 -0.7142 -0.4023
vn -0.5921 -0.6961 -0.4061
vn -0.6393 -0.6622 -0.3909
vn -0.6349 -0.6668 -0.3903
vn -0.6834 -0.6285 -0.3714
vn -0.6773 -0.6354 -0.3709
vn -0.7255 -0.5934 -0.3485
vn -0.7178 -0.6029 -0.3482
vn -0.6521 -0.7124 -0.2592
vn -0.5801 -0.7489 -0.3204
vn -0.6030 -0.7303 -0.3210
vn -0.6510 -0.6965 -0.3017
vn -0.6467 -0.7005 -0.3018
vn -0.6971 -0.6609 -0.2781
vn -0.6899 -0.6682 -0.2786
vn -0.7399 -0.6240 -0.2513
vn -0.7319 -0.6330 -0.2523
vn -0.7794 -0.5858 -0.2221
vn -0.7696 -0.5980 -0.2238
vn -0.8177 -0.5439 -0.1884
vn -0.8066 -0.5593 -0.1910
vn -0.8505 -0.5031 -0.1534
vn -0.8391 -0.5209 -0.1568
vn -0.8794 -0.4616 -0.1164
vn -0.8680 -0.4817 -0.1205
vn -0.9692 -0.2219 0.1067
vn -0.9752 -0.1632 0.1494
vn -0.9758 -0.1593 0.1501
vn -0.9751 -0.2137 0.0591
vn -0.9825 -0.1556 0.1025
vn -0.9712 -0.2354 -0.0358
vn -0.9842 -0.1766 0.0089
vn -0.9545 -0.2611 -0.1442
vn -0.9745 -0.2014 -0.0990
vn -0.9481 -0.2521 -0.1936
vn -0.9554 -0.2240 -0.1922
vn -0.9465 -0.2373 -0.2187
vn -0.9533 -0.2091 -0.2178
vn -0.9691 -0.2463 -0.0167
vn -0.9281 -0.3352 -0.1618
vn -0.9547 -0.2736 -0.1170
vn -0.9252 -0.3231 -0.1993
vn -0.9357 -0.2927 -0.1971
vn -0.9286 -0.3027 -0.2146
vn -0.9381 -0.2732 -0.2130
vn -0.9297 -0.2845 -0.2338
vn -0.9384 -0.2553 -0.2327
vn -0.9277 -0.2689 -0.2590
vn -0.9359 -0.2394 -0.2584
vn -0.9219 -0.2555 -0.2914
vn -0.9251 -0.2435 -0.2914
vn -0.9448 -0.2084 -0.2526
vn -0.9432 -0.2155 -0.2527
vn -0.9608 -0.1793 -0.2114
vn -0.9593 -0.1870 -0.2116
vn -0.9726 -0.1547 -0.1737
vn -0.9711 -0.1635 -0.1740
vn -0.9824 -0.1302 -0.1340
vn -0.9834 -0.1228 -0.1337
vn -0.9374 -0.3099 -0.1591
vn -0.9021 -0.3591 -0.2393
vn -0.9142 -0.3282 -0.2376
vn -0.9059 -0.3382 -0.2549
vn -0.9172 -0.3072 -0.2537
vn -0.9071 -0.3189 -0.2747
vn -0.9175 -0.2882 -0.2741
vn -0.9056 -0.3013 -0.2986
vn -0.9150 -0.2714 -0.2986
vn -0.8996 -0.2869 -0.3293
vn -0.9084 -0.2567 -0.3299
vn -0.8879 -0.2752 -0.3687
vn -0.8917 -0.2618 -0.3693
vn -0.9154 -0.2276 -0.3322
vn -0.9142 -0.2322 -0.3321
vn -0.9350 -0.1984 -0.2941
vn -0.9335 -0.2051 -0.2940
vn -0.9515 -0.1718 -0.2552
vn -0.9502 -0.1786 -0.2552
vn -0.9649 -0.1472 -0.2175
vn -0.9637 -0.1545 -0.2177
vn -0.9758 -0.1241 -0.1803
vn -0.9747 -0.1323 -0.1805
vn -0.9840 -0.1041 -0.1448
vn -0.8084 -0.4539 -0.3749
vn -0.7458 -0.4969 -0.4436
vn -0.7642 -0.4640 -0.4481
vn -0.5082 -0.4619 -0.7269
vn -0.6548 -0.4234 -0.6261
vn -0.6199 -0.4488 -0.6437
vn -0.6176 -0.4544 -0.6419
vn -0.4758 -0.5337 -0.6991
vn -0.4873 -0.5039 -0.7132
vn -0.5090 -0.5073 -0.6954
vn -0.5205 -0.4765 -0.7085
vn -0.5439 -0.4799 -0.6883
vn -0.5554 -0.4481 -0.7005
vn -0.5791 -0.4514 -0.6789
vn -0.6825 -0.4352 -0.5872
vn -0.6808 -0.4392 -0.5862
vn -0.5834 -0.4780 -0.6567
vn -0.5756 -0.4964 -0.6498
vn -0.5526 -0.4938 -0.6714
vn -0.5393 -0.5247 -0.6587
vn -0.5167 -0.5219 -0.6787
vn -0.8506 -0.3999 -0.3413
vn -0.8192 -0.4256 -0.3843
vn -0.8345 -0.3930 -0.3863
vn -0.8185 -0.4052 -0.4074
vn -0.8324 -0.3730 -0.4099
vn -0.8130 -0.3870 -0.4351
vn -0.8258 -0.3548 -0.4383
vn -0.8009 -0.3714 -0.4697
vn -0.8128 -0.3391 -0.4736
vn -0.7536 -0.3730 -0.5413
vn -0.7862 -0.3427 -0.5142
vn -0.6910 -0.3896 -0.6088
vn -0.7247 -0.3620 -0.5863
vn -0.6208 -0.4040 -0.6719
vn -0.6530 -0.3805 -0.6549
vn -0.5740 -0.4075 -0.7102
vn -0.8891 -0.3642 -0.2772
vn -0.8791 -0.3746 -0.2948
vn -0.8921 -0.3429 -0.2943
vn -0.8809 -0.3541 -0.3139
vn -0.8929 -0.3227 -0.3140
vn -0.8799 -0.3352 -0.3368
vn -0.8909 -0.3041 -0.3375
vn -0.8734 -0.3197 -0.3674
vn -0.8836 -0.2885 -0.3687
vn -0.8616 -0.3064 -0.4048
vn -0.8710 -0.2754 -0.4067
vn -0.8175 -0.3115 -0.4845
vn -0.8475 -0.2787 -0.4518
vn -0.7589 -0.3291 -0.5619
vn -0.7883 -0.3016 -0.5363
vn -0.6874 -0.3472 -0.6379
vn -0.7201 -0.3207 -0.6153
vn -0.6128 -0.3597 -0.7036
vn -0.6432 -0.3379 -0.6872
vn -0.5615 -0.3627 -0.7438
vn -0.5661 -0.3429 -0.7496
vn -0.6215 -0.3041 -0.7220
vn -0.6393 -0.3033 -0.7066
vn -0.6435 -0.2839 -0.7108
vn -0.7318 -0.2549 -0.6321
vn -0.7354 -0.2371 -0.6348
vn -0.7361 -0.2373 -0.6339
vn -0.7412 -0.2099 -0.6376
vn -0.7819 -0.2020 -0.5898
vn -0.9445 -0.1678 0.2825
vn -0.9575 -0.1755 0.2290
vn -0.9614 -0.2080 0.1804
vn -0.9682 -0.1959 0.1558
vn -0.9651 -0.2530 0.0675
vn -0.9721 -0.2227 0.0733
vn -0.9488 -0.3096 -0.0631
vn -0.9577 -0.2818 -0.0587
vn -0.9060 -0.3715 -0.2027
vn -0.9158 -0.3479 -0.2006
vn -0.8749 -0.3964 -0.2783
vn -0.8528 -0.4033 -0.3319
vn -0.8638 -0.3790 -0.3321
vn -0.8519 -0.3895 -0.3501
vn -0.8653 -0.3578 -0.3510
vn -0.8508 -0.3702 -0.3730
vn -0.8634 -0.3381 -0.3746
vn -0.8447 -0.3531 -0.4024
vn -0.8561 -0.3214 -0.4046
vn -0.8328 -0.3385 -0.4380
vn -0.8435 -0.3068 -0.4408
vn -0.7863 -0.3423 -0.5143
vn -0.8177 -0.3108 -0.4846
vn -0.7255 -0.3596 -0.5868
vn -0.7583 -0.3310 -0.5616
vn -0.6546 -0.3754 -0.6562
vn -0.6863 -0.3511 -0.6370
vn -0.5797 -0.3880 -0.7165
vn -0.6110 -0.3663 -0.7017
vn -0.5088 -0.3953 -0.7648
vn -0.5595 -0.3622 -0.7455
vn -0.4439 -0.3896 -0.8069
vn -0.4843 -0.3725 -0.7916
vn -0.3687 -0.3946 -0.8416
vn -0.3968 -0.3837 -0.8338
vn -0.2760 -0.4012 -0.8734
vn -0.2943 -0.3947 -0.8704
vn -0.1787 -0.4061 -0.8962
vn -0.1812 -0.3603 -0.9151
vn -0.1915 -0.3570 -0.9143
vn -0.1938 -0.3137 -0.9295
vn -0.2035 -0.3106 -0.9285
vn -0.2056 -0.2661 -0.9418
vn -0.4864 -0.4760 -0.7327
vn -0.4457 -0.4679 -0.7632
vn -0.3216 -0.5498 -0.7709
vn -0.3594 -0.5186 -0.7758
vn -0.3652 -0.5231 -0.7700
vn -0.3770 -0.4755 -0.7948
vn -0.3887 -0.4784 -0.7875
vn -0.2238 -0.5063 -0.8328
vn -0.1515 -0.4953 -0.8554
vn -0.2281 -0.4881 -0.8425
vn -0.2469 -0.4903 -0.8358
vn -0.7209 -0.4555 -0.5223
vn -0.7047 -0.4876 -0.5154
vn -0.6831 -0.4881 -0.5433
vn -0.6659 -0.5200 -0.5350
vn -0.6442 -0.5200 -0.5610
vn -0.7637 -0.4420 -0.4705
vn -0.7471 -0.4744 -0.4656
vn -0.7265 -0.4759 -0.4956
vn -0.7135 -0.4998 -0.4910
vn -0.7110 -0.4972 -0.4974
vn -0.7007 -0.5149 -0.4938
vn -0.6266 -0.5508 -0.5514
vn -0.8179 -0.4822 -0.3138
vn -0.8277 -0.4653 -0.3136
vn -0.7247 -0.5387 -0.4297
vn -0.7324 -0.5269 -0.4313
vn -0.6161 -0.5861 -0.5262
vn -0.6201 -0.5801 -0.5281
vn -0.4967 -0.6257 -0.6015
vn -0.4356 -0.6112 -0.6608
vn -0.5742 -0.5677 -0.5899
vn -0.5846 -0.5494 -0.5970
vn -0.5845 -0.5493 -0.5971
vn -0.5946 -0.5305 -0.6041
vn -0.6169 -0.5316 -0.5803
vn -0.6332 -0.5001 -0.5907
vn -0.6558 -0.5008 -0.5649
vn -0.6714 -0.4690 -0.5738
vn -0.6939 -0.4692 -0.5461
vn -0.3969 -0.6456 -0.6525
vn -0.4024 -0.6352 -0.6593
vn -0.5350 -0.5970 -0.5977
vn -0.5332 -0.6001 -0.5964
vn -0.6603 -0.5486 -0.5129
vn -0.6553 -0.5564 -0.5109
vn -0.7719 -0.4905 -0.4045
vn -0.7637 -0.5041 -0.4033
vn -0.8612 -0.4256 -0.2779
vn -0.9135 -0.4044 -0.0442
vn -0.9246 -0.3790 -0.0386
vn -0.8663 -0.4697 -0.1701
vn -0.8778 -0.4491 -0.1669
vn -0.7950 -0.5320 -0.2915
vn -0.8048 -0.5174 -0.2908
vn -0.7048 -0.5869 -0.3985
vn -0.7120 -0.5774 -0.3996
vn -0.6037 -0.6319 -0.4861
vn -0.6079 -0.6267 -0.4876
vn -0.4989 -0.6673 -0.5531
vn -0.4774 -0.6938 -0.5392
vn -0.4449 -0.6900 -0.5710
vn -0.3359 -0.6907 -0.6404
vn -0.3474 -0.6698 -0.6563
vn -0.4789 -0.6373 -0.6037
vn -0.4852 -0.6433 -0.5922
vn -0.5792 -0.6105 -0.5402
vn -0.5759 -0.6152 -0.5384
vn -0.6912 -0.5623 -0.4539
vn -0.6852 -0.5709 -0.4523
vn -0.7917 -0.5036 -0.3459
vn -0.7822 -0.5185 -0.3455
vn -0.8713 -0.4381 -0.2211
vn -0.8607 -0.4577 -0.2231
vn -0.9256 -0.3681 -0.0882
vn -0.8922 -0.4317 -0.1325
vn -0.9034 -0.4091 -0.1287
vn -0.8290 -0.4957 -0.2588
vn -0.8398 -0.4779 -0.2574
vn -0.7441 -0.5535 -0.3741
vn -0.7523 -0.5418 -0.3748
vn -0.6442 -0.6027 -0.4710
vn -0.6494 -0.5957 -0.4727
vn -0.5363 -0.6423 -0.5475
vn -0.5382 -0.6398 -0.5486
vn -0.4258 -0.6740 -0.6037
vn -0.4077 -0.6996 -0.5868
vn -0.3765 -0.6943 -0.6133
vn -0.2997 -0.4831 -0.8227
vn -0.2911 -0.5307 -0.7960
vn -0.2235 -0.5252 -0.8211
vn -0.2339 -0.5288 -0.8159
vn -0.1260 -0.5392 -0.8327
vn -0.1237 -0.5802 -0.8050
vn -0.1129 -0.5784 -0.8079
vn -0.4864 -0.4579 -0.7441
vn -0.4767 -0.4886 -0.7308
vn -0.4539 -0.4843 -0.7479
vn -0.4439 -0.5151 -0.7332
vn -0.4227 -0.5110 -0.7484
vn -0.4187 -0.5235 -0.7421
vn -0.4253 -0.5287 -0.7346
vn -0.4181 -0.5487 -0.7240
vn -0.3164 -0.5696 -0.7586
vn -0.3118 -0.5661 -0.7631
vn -0.2047 -0.5816 -0.7873
vn -0.1999 -0.6121 -0.7651
vn -0.1105 -0.6205 -0.7763
vn 0.1910 -0.9700 -0.1507
vn 0.2134 -0.9633 -0.1626
vn 0.1429 -0.9707 -0.1934
vn 0.1567 -0.9672 -0.2001
vn 0.0691 -0.9689 -0.2378
vn 0.0776 -0.9673 -0.2416
vn -0.0232 -0.9585 -0.2841
vn -0.0192 -0.9581 -0.2857
vn -0.1298 -0.9345 -0.3313
vn -0.1293 -0.9345 -0.3315
vn -0.2179 -0.9041 -0.3675
vn -0.1846 -0.9059 -0.3811
vn -0.2817 -0.8840 -0.3732
vn -0.2218 -0.8906 -0.3970
vn -0.3008 -0.8463 -0.4395
vn -0.2817 -0.8490 -0.4470
vn -0.3335 -0.8120 -0.4790
vn -0.3123 -0.8156 -0.4871
vn -0.3591 -0.7745 -0.5208
vn -0.3014 -0.7848 -0.5415
vn -0.3458 -0.7675 -0.5397
vn -0.2536 -0.7829 -0.5681
vn -0.2906 -0.7687 -0.5697
vn -0.1985 -0.7810 -0.5921
vn -0.2301 -0.7691 -0.5962
vn -0.1426 -0.7779 -0.6120
vn -0.2188 -0.7474 -0.6273
vn -0.1510 -0.7550 -0.6381
vn -0.1648 -0.7052 -0.6895
vn -0.2445 -0.6689 -0.7020
vn -0.2267 -0.6643 -0.7123
vn -0.2365 -0.6276 -0.7417
vn 0.0063 -0.9184 -0.3957
vn 0.0068 -0.9079 -0.4192
vn -0.0037 -0.9096 -0.4156
vn -0.0036 -0.8624 -0.5062
vn -0.0154 -0.8645 -0.5025
vn -0.0154 -0.8081 -0.5888
vn -0.0293 -0.8107 -0.5848
vn -0.0295 -0.7459 -0.6654
vn -0.0452 -0.7488 -0.6612
vn -0.0456 -0.6759 -0.7356
vn -0.0624 -0.6791 -0.7314
vn -0.0632 -0.6189 -0.7829
vn -0.0344 -0.6060 -0.7947
vn -0.0337 -0.5802 -0.8138
vn -0.0407 -0.5817 -0.8124
vn -0.0393 -0.5181 -0.8544
vn -0.0501 -0.5192 -0.8532
vn -0.0490 -0.4307 -0.9012
vn -0.5033 -0.5520 -0.6648
vn -0.4824 -0.5492 -0.6824
vn -0.3878 -0.5724 -0.7225
vn -0.3873 -0.5736 -0.7218
vn -0.2761 -0.5943 -0.7554
vn -0.2718 -0.6107 -0.7438
vn -0.1782 -0.6230 -0.7617
vn -0.1690 -0.6787 -0.7147
vn -0.1333 -0.6746 -0.7261
vn -0.1208 -0.7518 -0.6482
vn -0.1028 -0.7458 -0.6582
vn -0.0873 -0.8177 -0.5689
vn -0.0629 -0.8095 -0.5837
vn -0.0492 -0.8701 -0.4904
vn -0.0316 -0.8642 -0.5022
vn -0.0195 -0.9134 -0.4066
vn -0.0073 -0.9096 -0.4155
vn 0.0035 -0.9479 -0.3186
vn 0.0113 -0.9457 -0.3250
vn 0.0211 -0.9735 -0.2278
vn 0.0253 -0.9725 -0.2316
vn 0.0341 -0.9903 -0.1349
vn 0.0353 -0.9901 -0.1360
vn 0.0427 -0.9980 -0.0475
vn 0.0244 -0.9988 -0.0427
vn -0.1614 -0.9477 -0.2753
vn -0.1247 -0.9472 -0.2955
vn -0.1418 -0.9459 -0.2918
vn -0.1104 -0.9451 -0.3075
vn -0.1997 -0.9352 -0.2926
vn -0.1441 -0.9367 -0.3191
vn -0.2419 -0.9059 -0.3475
vn -0.2248 -0.9073 -0.3555
vn -0.2920 -0.8786 -0.3778
vn -0.2727 -0.8810 -0.3866
vn -0.3368 -0.8469 -0.4114
vn -0.3152 -0.8505 -0.4211
vn -0.3746 -0.8118 -0.4480
vn -0.3520 -0.8163 -0.4580
vn -0.4061 -0.7735 -0.4867
vn -0.3822 -0.7789 -0.4972
vn -0.4305 -0.7325 -0.5273
vn -0.3638 -0.7479 -0.5552
vn -0.4157 -0.7249 -0.5493
vn -0.3066 -0.7480 -0.5887
vn -0.3520 -0.7287 -0.5875
vn -0.2433 -0.7471 -0.6186
vn -0.2794 -0.7323 -0.6211
vn -0.2020 -0.7429 -0.6382
vn -0.2157 -0.7096 -0.6708
vn -0.2494 -0.6952 -0.6742
vn -0.2587 -0.6717 -0.6941
vn -0.2993 -0.6531 -0.6956
vn -0.3048 -0.6393 -0.7060
vn -0.3454 -0.6096 -0.7134
vn -0.3512 -0.6142 -0.7067
vn -0.3585 -0.5955 -0.7190
vn -0.4789 -0.5666 -0.6706
vn -0.4758 -0.5639 -0.6750
vn -0.5260 -0.5702 -0.6310
vn -0.5413 -0.5400 -0.6445
vn -0.5632 -0.5421 -0.6236
vn -0.5781 -0.5115 -0.6357
vn -0.6005 -0.5132 -0.6132
vn -0.6150 -0.4819 -0.6241
vn -0.6382 -0.4834 -0.5992
vn -0.6464 -0.4651 -0.6048
vn -0.7088 -0.4370 -0.5537
vn -0.7311 -0.4370 -0.5240
vn -0.7575 -0.4223 -0.4979
vn 0.1194 -0.9784 -0.1688
vn 0.1397 -0.9723 -0.1874
vn 0.0677 -0.9799 -0.1876
vn 0.0998 -0.9718 -0.2134
vn 0.0056 -0.9763 -0.2165
vn 0.0395 -0.9699 -0.2401
vn -0.0475 -0.9683 -0.2453
vn -0.0474 -0.9683 -0.2454
vn -0.1107 -0.9630 -0.2457
vn -0.1238 -0.9623 -0.2423
vn -0.2002 -0.9503 -0.2384
vn -0.1549 -0.9508 -0.2684
vn -0.2477 -0.9302 -0.2709
vn -0.1978 -0.9331 -0.3003
vn -0.2247 -0.9293 -0.2932
vn -0.1924 -0.9309 -0.3105
vn -0.2677 -0.9073 -0.3241
vn -0.2486 -0.9092 -0.3341
vn -0.3232 -0.8791 -0.3504
vn -0.3017 -0.8822 -0.3615
vn -0.3733 -0.8463 -0.3801
vn -0.3502 -0.8507 -0.3920
vn -0.4167 -0.8100 -0.4126
vn -0.3926 -0.8157 -0.4250
vn -0.4536 -0.7707 -0.4475
vn -0.4291 -0.7773 -0.4601
vn -0.4845 -0.7284 -0.4844
vn -0.4583 -0.7362 -0.4980
vn -0.4829 -0.7110 -0.5111
vn -0.5432 -0.6717 -0.5037
vn -0.5474 -0.6775 -0.4913
vn -0.5629 -0.6597 -0.4979
vn -0.6700 -0.6116 -0.4207
vn -0.6641 -0.6188 -0.4196
vn -0.7664 -0.5561 -0.3216
vn -0.7570 -0.5687 -0.3217
vn -0.8466 -0.4913 -0.2046
vn -0.8355 -0.5090 -0.2070
vn -0.9038 -0.4207 -0.0785
vn -0.8925 -0.4433 -0.0833
vn -0.9356 -0.3498 0.0474
vn -0.9255 -0.3766 0.0406
vn -0.6687 -0.7330 -0.1246
vn -0.7178 -0.6902 -0.0911
vn -0.7112 -0.6967 -0.0935
vn -0.7601 -0.6474 -0.0557
vn -0.7516 -0.6569 -0.0592
vn -0.7972 -0.6034 -0.0192
vn -0.7877 -0.6156 -0.0237
vn -0.8295 -0.5582 0.0182
vn -0.8186 -0.5743 0.0123
vn -0.8567 -0.5127 0.0564
vn -0.8462 -0.5305 0.0500
vn -0.8788 -0.4677 0.0941
vn -0.8683 -0.4883 0.0869
vn -0.8961 -0.4240 0.1312
vn -0.8857 -0.4476 0.1232
vn -0.9086 -0.3829 0.1670
vn -0.9137 -0.3682 0.1718
vn -0.8960 -0.4356 0.0865
vn -0.9195 -0.3706 0.1309
vn -0.9785 -0.0373 0.2030
vn -0.9417 -0.0416 0.3339
vn -0.8901 -0.0325 0.4545
vn -0.8356 -0.0328 0.5483
vn -0.8354 -0.0327 0.5487
vn -0.8308 -0.0371 0.5553
vn -0.8353 -0.0388 0.5484
vn -0.7984 -0.0414 0.6007
vn -0.7939 -0.1131 0.5975
vn -0.8207 -0.1266 0.5571
vn -0.8099 -0.2040 0.5499
vn -0.7606 -0.0455 0.6476
vn -0.7578 -0.0981 0.6451
vn -0.7905 -0.1154 0.6014
vn -0.7817 -0.1877 0.5947
vn -0.8080 -0.2053 0.5523
vn -0.7916 -0.2838 0.5411
vn -0.7329 -0.0272 0.6798
vn -0.7275 -0.0244 0.6857
vn -0.7255 -0.0813 0.6834
vn -0.7567 -0.0998 0.6461
vn -0.7501 -0.1658 0.6402
vn -0.7818 -0.1877 0.5947
vn -0.7681 -0.2627 0.5840
vn -0.7920 -0.2836 0.5407
vn -0.7692 -0.3645 0.5249
vn -0.7296 -0.5723 0.3745
vn -0.7733 -0.4944 0.3969
vn -0.7768 -0.4924 0.3927
vn -0.8131 -0.4121 0.4111
vn -0.8168 -0.4095 0.4063
vn -0.8462 -0.3267 0.4210
vn -0.8504 -0.3234 0.4151
vn -0.8727 -0.2389 0.4259
vn -0.8771 -0.2347 0.4190
vn -0.8925 -0.1477 0.4262
vn -0.8971 -0.1424 0.4182
vn -0.9051 -0.0550 0.4217
vn -0.9418 -0.0424 0.3336
vn -0.4169 -0.9006 0.1230
vn -0.4923 -0.8591 0.1399
vn -0.5011 -0.8555 0.1304
vn -0.5713 -0.8078 0.1454
vn -0.5810 -0.8029 0.1338
vn -0.6457 -0.7493 0.1470
vn -0.6558 -0.7430 0.1333
vn -0.7153 -0.6837 0.1446
vn -0.7254 -0.6761 0.1293
vn -0.7792 -0.6113 0.1386
vn -0.7885 -0.6027 0.1225
vn -0.8367 -0.5319 0.1300
vn -0.8451 -0.5225 0.1133
vn -0.8868 -0.4465 0.1188
vn -0.8936 -0.4369 0.1026
vn -0.9289 -0.3548 0.1064
vn -0.9339 -0.3456 0.0917
vn -0.9615 -0.2581 0.0939
vn -0.9646 -0.2505 0.0822
vn -0.9841 -0.1570 0.0832
vn -0.9856 -0.1516 0.0752
vn -0.9963 -0.0411 0.0754
vn -0.9952 -0.0483 0.0856
vn -0.9985 -0.0526 0.0162
vn -0.9887 -0.1490 0.0164
vn -0.9880 -0.1531 0.0224
vn -0.9689 -0.2464 0.0224
vn -0.9670 -0.2528 0.0319
vn -0.9394 -0.3414 0.0312
vn -0.9362 -0.3488 0.0428
vn -0.9006 -0.4327 0.0409
vn -0.8958 -0.4411 0.0542
vn -0.8531 -0.5192 0.0511
vn -0.8471 -0.5275 0.0649
vn -0.7973 -0.6005 0.0603
vn -0.7900 -0.6085 0.0742
vn -0.7342 -0.6755 0.0682
vn -0.7263 -0.6826 0.0813
vn -0.6641 -0.7440 0.0738
vn -0.6558 -0.7500 0.0857
vn -0.5882 -0.8051 0.0769
vn -0.5800 -0.8099 0.0873
vn -0.5066 -0.8587 0.0772
vn -0.4992 -0.8622 0.0856
vn -0.4204 -0.9043 0.0745
vn -0.4142 -0.9066 0.0810
vn -0.6337 -0.7369 0.2354
vn -0.6911 -0.6762 0.2553
vn -0.7004 -0.6709 0.2436
vn -0.7523 -0.6049 0.2610
vn -0.7613 -0.5988 0.2485
vn -0.8080 -0.5269 0.2635
vn -0.8163 -0.5203 0.2508
vn -0.8568 -0.4434 0.2631
vn -0.8643 -0.4363 0.2504
vn -0.8984 -0.3539 0.2601
vn -0.9047 -0.3466 0.2479
vn -0.9315 -0.2593 0.2550
vn -0.9364 -0.2522 0.2439
vn -0.9555 -0.1593 0.2485
vn -0.9587 -0.1533 0.2396
vn -0.9685 -0.0594 0.2418
vn -0.9784 -0.0373 0.2032
vn -0.6873 -0.6618 0.2993
vn -0.7388 -0.5925 0.3212
vn -0.7452 -0.5887 0.3131
vn -0.7909 -0.5140 0.3321
vn -0.7972 -0.5097 0.3236
vn -0.8360 -0.4311 0.3394
vn -0.8420 -0.4263 0.3305
vn -0.8743 -0.3434 0.3431
vn -0.8798 -0.3381 0.3341
vn -0.9048 -0.2517 0.3435
vn -0.9098 -0.2460 0.3344
vn -0.9273 -0.1552 0.3406
vn -0.9314 -0.1494 0.3319
vn -0.9412 -0.0423 0.3351
vn -0.9416 -0.0416 0.3341
vn -0.7189 -0.5576 0.4150
vn -0.7263 -0.5739 0.3782
vn -0.6756 -0.6477 0.3522
vn -0.6805 -0.6652 0.3072
vn -0.6231 -0.7293 0.2825
vn -0.6244 -0.7413 0.2463
vn -0.5624 -0.7959 0.2241
vn -0.4940 -0.8520 0.1735
vn -0.5619 -0.8044 0.1932
vn -0.5719 -0.7999 0.1819
vn -0.6346 -0.7467 0.1994
vn -0.6451 -0.7410 0.1863
vn -0.7030 -0.6820 0.2016
vn -0.7135 -0.6752 0.1871
vn -0.7661 -0.6107 0.2002
vn -0.7762 -0.6028 0.1847
vn -0.8235 -0.5325 0.1956
vn -0.8326 -0.5239 0.1797
vn -0.8739 -0.4481 0.1884
vn -0.8816 -0.4392 0.1730
vn -0.9166 -0.3572 0.1795
vn -0.9226 -0.3485 0.1652
vn -0.9503 -0.2610 0.1697
vn -0.9545 -0.2531 0.1574
vn -0.9741 -0.1596 0.1601
vn -0.9765 -0.1536 0.1511
vn -0.9865 -0.0602 0.1522
vn -0.9955 -0.0409 0.0858
vn -0.7071 -0.0144 0.7069
vn -0.7106 -0.0227 0.7032
vn -0.7096 -0.0659 0.7015
vn -0.7280 -0.0777 0.6812
vn -0.7236 -0.1385 0.6762
vn -0.7535 -0.1609 0.6374
vn -0.7423 -0.2358 0.6272
vn -0.7709 -0.2612 0.5810
vn -0.7511 -0.3403 0.5656
vn -0.7713 -0.3634 0.5225
vn -0.7412 -0.4460 0.5018
vn -0.7445 -0.4445 0.4981
vn -0.7292 -0.4211 0.5394
vn -0.7563 -0.3381 0.5601
vn -0.7326 -0.3107 0.6056
vn -0.7504 -0.2252 0.6215
vn -0.7237 -0.1999 0.6605
vn -0.7318 -0.1274 0.6695
vn -0.7131 -0.1125 0.6920
vn -0.7157 -0.0574 0.6960
vn -0.7107 -0.0540 0.7014
vn -0.7111 -0.0027 0.7031
vn -0.7250 -0.0165 0.6885
vn -0.5736 -0.7729 0.2711
vn -0.5699 -0.7765 0.2687
vn -0.5856 -0.7372 0.3372
vn -0.5720 -0.7495 0.3332
vn -0.5779 -0.7207 0.3829
vn -0.6174 -0.6710 0.4107
vn -0.6174 -0.6713 0.4101
vn -0.6698 -0.5943 0.4451
vn -0.6596 -0.6033 0.4483
vn -0.7188 -0.4887 0.4946
vn -0.7042 -0.4587 0.5419
vn -0.7342 -0.3736 0.5669
vn -0.7191 -0.3485 0.6012
vn -0.7415 -0.2472 0.6238
vn -0.7276 -0.2293 0.6465
vn -0.7376 -0.1435 0.6599
vn -0.7451 -0.1515 0.6496
vn -0.7293 -0.0874 0.6786
vn -0.7641 -0.1248 0.6329
vn -0.7436 -0.0507 0.6667
vn -0.7700 -0.0787 0.6332
vn -0.6997 -0.6386 0.3203
vn -0.6766 -0.6709 0.3036
vn -0.6899 -0.6117 0.3871
vn -0.6649 -0.6426 0.3809
vn -0.6675 -0.5903 0.4539
vn -0.7093 -0.5093 0.4874
vn -0.8038 -0.0991 0.5866
vn -0.8112 -0.1099 0.5743
vn -0.8085 -0.1702 0.5634
vn -0.7893 -0.1350 0.5989
vn -0.8035 -0.2664 0.5324
vn -0.7646 -0.1894 0.6160
vn -0.7727 -0.3002 0.5594
vn -0.7598 -0.2747 0.5893
vn -0.7286 -0.4001 0.5560
vn -0.7325 -0.4109 0.5428
vn -0.6809 -0.5368 0.4982
vn -0.4881 -0.8599 0.1497
vn -0.5207 -0.8370 0.1683
vn -0.5356 -0.8268 0.1720
vn -0.5833 -0.7871 0.2006
vn -0.6208 -0.7162 0.3188
vn -0.6124 -0.7260 0.3130
vn -0.6244 -0.6764 0.3907
vn -0.6374 -0.6584 0.4003
vn -0.6371 -0.6292 0.4452
vn -0.6837 -0.5497 0.4800
vn -0.6632 -0.5685 0.4867
vn -0.4095 -0.9029 0.1303
vn -0.4121 -0.8968 0.1611
vn -0.4847 -0.8553 0.1830
vn -0.4863 -0.8484 0.2092
vn -0.5533 -0.7995 0.2338
vn -0.5538 -0.7901 0.2626
vn -0.6164 -0.7322 0.2898
vn -0.6148 -0.7180 0.3263
vn -0.6724 -0.6491 0.3558
vn -0.6669 -0.6298 0.3983
vn -0.7047 -0.5712 0.4208
vn -0.6934 -0.5446 0.4717
vn -0.6998 -0.5278 0.4813
vn -0.6928 -0.5098 0.5100
vn -0.7106 -0.4482 0.5424
vn -0.7066 -0.4384 0.5554
vn -0.7415 -0.3229 0.5881
vn -0.7324 -0.3068 0.6079
vn -0.7504 -0.2017 0.6295
vn -0.7614 -0.2170 0.6109
vn -0.7466 -0.1296 0.6526
vn -0.7859 -0.1847 0.5901
vn -0.7653 -0.0834 0.6383
vn -0.7842 -0.1088 0.6110
vn -0.7844 -0.0608 0.6173
vn -0.8037 -0.0596 0.5920
vn -0.8030 -0.0588 0.5931
vn -0.8308 -0.0579 0.5536
vn -0.8498 -0.0818 0.5207
vn -0.8657 -0.0610 0.4969
vn -0.9035 -0.1205 0.4113
vn -0.9033 -0.1238 0.4107
vn -0.9109 -0.1138 0.3967
vn -0.9093 -0.1416 0.3913
vn -0.9186 -0.0375 0.3933
vn -0.9185 -0.0477 0.3925
vn -0.8750 -0.0052 0.4840
vn -0.8588 -0.0279 0.5115
vn -0.8374 -0.0101 0.5466
vn -0.8107 -0.0169 0.5852
vn -0.8051 -0.0125 0.5930
vn -0.7786 -0.0190 0.6272
vn -0.7789 -0.0345 0.6262
vn -0.7496 -0.0088 0.6619
vn -0.7700 -0.0681 0.6344
vn -0.7267 -0.0298 0.6863
vn -0.7434 -0.0804 0.6640
vn -0.7155 -0.0564 0.6963
vn -0.7288 -0.1000 0.6774
vn -0.7251 -0.0968 0.6818
vn -0.7199 -0.1656 0.6741
vn -0.7371 -0.1829 0.6506
vn -0.7233 -0.2692 0.6359
vn -0.7449 -0.2958 0.5980
vn -0.7184 -0.3913 0.5751
vn -0.7359 -0.4185 0.5323
vn -0.6818 -0.5414 0.4920
vn -0.7156 -0.5088 0.4786
vn -0.7271 -0.5313 0.4348
vn -0.7574 -0.4704 0.4529
vn -0.7907 -0.3886 0.4730
vn -0.7916 -0.3881 0.4719
vn -0.8177 -0.3060 0.4875
vn -0.8198 -0.3046 0.4849
vn -0.8391 -0.2228 0.4963
vn -0.8425 -0.2200 0.4917
vn -0.8555 -0.1377 0.4991
vn -0.8603 -0.1332 0.4921
vn -0.8669 -0.0528 0.4957
vn -0.8901 -0.0324 0.4547
vn -0.3514 -0.9361 0.0166
vn -0.3277 -0.9442 0.0320
vn -0.3299 -0.9415 0.0689
vn -0.3253 -0.9428 0.0733
vn -0.3287 -0.9378 0.1117
vn -0.3231 -0.9391 0.1167
vn -0.3262 -0.9342 0.1444
vn -0.3202 -0.9355 0.1496
vn -0.3228 -0.9314 0.1681
vn -0.3171 -0.9325 0.1729
vn -0.3190 -0.9295 0.1850
vn -0.3144 -0.9303 0.1888
vn -0.3158 -0.9283 0.1964
vn -0.3107 -0.9291 0.2005
vn -0.3947 -0.8853 0.2457
vn -0.3949 -0.8850 0.2465
vn -0.4026 -0.8792 0.2549
vn -0.3957 -0.8902 0.2258
vn -0.4162 -0.8749 0.2478
vn -0.3958 -0.8999 0.1830
vn -0.4528 -0.8612 0.2310
vn -0.4184 -0.8969 0.1429
vn -0.4633 -0.8681 0.1780
vn -0.4261 -0.8988 0.1033
vn -0.5055 -0.8504 0.1458
vn -0.4856 -0.8675 0.1077
vn -0.5704 -0.8068 0.1539
vn -0.5503 -0.8270 0.1151
vn -0.6394 -0.7508 0.1658
vn -0.6207 -0.7735 0.1284
vn -0.7099 -0.6801 0.1829
vn -0.6798 -0.7237 0.1189
vn -0.7505 -0.6347 0.1840
vn -0.6905 -0.7204 0.0644
vn -0.7564 -0.6430 0.1201
vn -0.6685 -0.7433 -0.0245
vn -0.7446 -0.6669 0.0294
vn -0.6517 -0.7522 -0.0972
vn -0.7001 -0.7112 -0.0631
vn -0.6225 -0.7674 -0.1536
vn -0.6721 -0.7301 -0.1236
vn -0.5883 -0.7810 -0.2098
vn -0.6386 -0.7472 -0.1842
vn -0.5709 -0.7831 -0.2465
vn -0.5979 -0.7637 -0.2436
vn -0.6472 -0.7298 -0.2202
vn -0.6437 -0.7327 -0.2207
vn -0.6942 -0.6934 -0.1933
vn -0.6876 -0.6995 -0.1947
vn -0.7376 -0.6551 -0.1636
vn -0.7296 -0.6635 -0.1656
vn -0.7781 -0.6143 -0.1312
vn -0.7685 -0.6256 -0.1341
vn -0.8151 -0.5713 -0.0961
vn -0.8043 -0.5857 -0.1001
vn -0.8467 -0.5286 -0.0602
vn -0.8355 -0.5456 -0.0650
vn -0.8745 -0.4846 -0.0224
vn -0.8626 -0.5051 -0.0284
vn -0.8967 -0.4423 0.0152
vn -0.8855 -0.4646 0.0088
vn -0.9152 -0.3994 0.0538
vn -0.9043 -0.4244 0.0467
vn -0.9283 -0.3605 0.0906
vn -0.9187 -0.3860 0.0834
vn -0.9385 -0.3208 0.1279
vn -0.9295 -0.3487 0.1202
vn -0.9444 -0.2855 0.1631
vn -0.9468 -0.2759 0.1656
vn -0.9373 -0.3394 0.0787
vn -0.9534 -0.2757 0.1228
vn -0.9304 -0.3665 -0.0049
vn -0.9526 -0.3015 0.0410
vn -0.9149 -0.3929 -0.0927
vn -0.9429 -0.3295 -0.0479
vn -0.8883 -0.4201 -0.1855
vn -0.9234 -0.3567 -0.1414
vn -0.8514 -0.4444 -0.2788
vn -0.8900 -0.3871 -0.2408
vn -0.7997 -0.4696 -0.3740
vn -0.8433 -0.4152 -0.3412
vn -0.7837 -0.4613 -0.4159
vn -0.8003 -0.4288 -0.4190
vn -0.7840 -0.4399 -0.4379
vn -0.7993 -0.4076 -0.4416
vn -0.7788 -0.4210 -0.4650
vn -0.7929 -0.3886 -0.4694
vn -0.7669 -0.4044 -0.4984
vn -0.7799 -0.3719 -0.5034
vn -0.7186 -0.4043 -0.5658
vn -0.7530 -0.3745 -0.5410
vn -0.6564 -0.4190 -0.6273
vn -0.6897 -0.3934 -0.6079
vn -0.5857 -0.4328 -0.6853
vn -0.6189 -0.4098 -0.6701
vn -0.5143 -0.4424 -0.7347
vn -0.5694 -0.4067 -0.7145
vn -0.4538 -0.4372 -0.7765
vn -0.5037 -0.4156 -0.7574
vn -0.3973 -0.4393 -0.8057
vn -0.4369 -0.4234 -0.7937
vn -0.3328 -0.4426 -0.8327
vn -0.3625 -0.4314 -0.8261
vn -0.2521 -0.4472 -0.8582
vn -0.2715 -0.4404 -0.8557
vn -0.1539 -0.4519 -0.8787
vn -0.2522 -0.4183 -0.8726
vn -0.0591 -0.4317 -0.9001
vn -0.0588 -0.3632 -0.9298
vn -0.1484 -0.3357 -0.9302
vn -0.0659 -0.3167 -0.9463
vn -0.0659 -0.2693 -0.9608
vn -0.2136 -0.2636 -0.9407
vn -0.2156 -0.2184 -0.9517
vn -0.3255 -0.2115 -0.9216
vn -0.3364 -0.2121 -0.9175
vn -0.3975 -0.2066 -0.8941
vn -0.4136 -0.2072 -0.8866
vn -0.4645 -0.2014 -0.8623
vn -0.4845 -0.2017 -0.8512
vn -0.5305 -0.1954 -0.8248
vn -0.5547 -0.1951 -0.8089
vn -0.5898 -0.1893 -0.7851
vn -0.6175 -0.1882 -0.7637
vn -0.6461 -0.1826 -0.7411
vn -0.6775 -0.1806 -0.7130
vn -0.6994 -0.1754 -0.6929
vn -0.7318 -0.1723 -0.6593
vn -0.7455 -0.1686 -0.6449
vn -0.7813 -0.1638 -0.6023
vn -0.7882 -0.1616 -0.5938
vn -0.8237 -0.1555 -0.5453
vn -0.8297 -0.1532 -0.5368
vn -0.8635 -0.1458 -0.4829
vn -0.8633 -0.1458 -0.4832
vn -0.8960 -0.1368 -0.4225
vn -0.8950 -0.1373 -0.4244
vn -0.9230 -0.1275 -0.3632
vn -0.9196 -0.1297 -0.3708
vn -0.9444 -0.1188 -0.3065
vn -0.9411 -0.1214 -0.3156
vn -0.9622 -0.1096 -0.2492
vn -0.9574 -0.1143 -0.2652
vn -0.9753 -0.1014 -0.1962
vn -0.9714 -0.1064 -0.2123
vn -0.9851 -0.0931 -0.1448
vn -0.9851 -0.0930 -0.1445
vn -0.9933 -0.0866 -0.0765
vn -0.9949 -0.0810 -0.0595
vn -0.9972 -0.0739 0.0062
vn -0.9974 -0.0714 0.0135
vn -0.9949 -0.0634 0.0782
vn -0.9949 -0.0630 0.0792
vn -0.9886 -0.0546 0.1401
vn -0.9892 -0.0564 0.1354
vn -0.9750 -0.0441 0.2177
vn -0.9805 -0.0644 0.1854
vn -0.9532 -0.0165 0.3020
vn -0.9665 -0.0645 0.2484
vn -0.9461 -0.0322 0.3224
vn -0.9457 -0.0557 0.3203
vn -0.9413 -0.0487 0.3342
vn -0.9406 -0.0744 0.3312
vn -0.9378 -0.0694 0.3400
vn -0.9368 -0.0979 0.3360
vn -0.9343 -0.0928 0.3441
vn -0.9326 -0.1244 0.3387
vn -0.9303 -0.1187 0.3471
vn -0.9277 -0.1539 0.3402
vn -0.9252 -0.1466 0.3501
vn -0.9214 -0.1859 0.3414
vn -0.9187 -0.1766 0.3532
vn -0.9132 -0.2209 0.3423
vn -0.9111 -0.2114 0.3537
vn -0.9034 -0.2609 0.3403
vn -0.8878 -0.1882 0.4200
vn -0.8862 -0.2954 0.3570
vn -0.8587 -0.1833 0.4786
vn -0.8610 -0.2796 0.4249
vn -0.8358 -0.1956 0.5131
vn -0.8380 -0.3039 0.4533
vn -0.8109 -0.2133 0.5449
vn -0.8074 -0.3748 0.4557
vn -0.7779 -0.2728 0.5661
vn -0.7710 -0.4033 0.4928
vn -0.7599 -0.3653 0.5378
vn -0.7443 -0.4156 0.5227
vn -0.7121 -0.5282 0.4625
vn -0.7354 -0.4914 0.4666
vn -0.7164 -0.5328 0.4505
vn -0.7109 -0.6079 0.3538
vn -0.7348 -0.5666 0.3727
vn -0.7020 -0.6736 0.2311
vn -0.6625 -0.7206 0.2044
vn -0.6653 -0.7179 0.2051
vn -0.6167 -0.7676 0.1747
vn -0.9993 -0.0001 -0.0385
vn -0.9993 -0.0006 -0.0386
vn -0.9993 -0.0002 -0.0387
vn -0.9993 0.0001 -0.0384
vn -0.9993 0.0001 -0.0385
vn -0.9993 -0.0000 -0.0385
vn -0.9993 -0.0002 -0.0384
vn -0.9993 -0.0003 -0.0385
vn -0.9993 0.0003 -0.0386
vn -0.9993 0.0002 -0.0387
vn 0.0107 -0.5542 0.8323
vn 0.0003 -0.4229 0.9062
vn -0.0054 -0.6461 0.7632
vn -0.0307 -0.5354 0.8440
vn -0.0241 -0.6271 0.7786
vn -0.0235 -0.4056 0.9137
vn -0.0354 -0.4072 0.9127
vn -0.0238 -0.4071 0.9131
vn -0.0235 -0.4070 0.9131
vn 0.7854 0.5216 -0.3334
vn 0.7377 0.5967 -0.3157
vn 0.7305 0.6072 -0.3127
vn 0.7295 0.6089 -0.3116
vn 0.7471 0.5830 -0.3193
vn 0.7482 0.5830 -0.3167
vn 0.7493 0.5800 -0.3196
vn 0.6844 0.6746 -0.2766
vn 0.6921 0.6654 -0.2798
vn 0.6948 0.6622 -0.2804
vn 0.7766 0.5610 -0.2866
vn 0.7619 0.5837 -0.2806
vn 0.7619 0.5837 -0.2807
vn 0.7594 0.5882 -0.2782
vn 0.7594 0.5879 -0.2786
vn 0.7591 0.5879 -0.2795
vn 0.7577 0.5905 -0.2777
vn 0.7562 0.5922 -0.2784
vn 0.7672 0.5897 -0.2522
vn 0.7692 0.5868 -0.2531
vn 0.7692 0.5868 -0.2530
vn 0.7703 0.5850 -0.2536
vn 0.7616 0.6101 -0.2185
vn 0.7645 0.6057 -0.2206
vn 0.7639 0.6068 -0.2198
vn 0.7654 0.6045 -0.2206
vn 0.7656 0.6045 -0.2202
vn 0.7688 0.5999 -0.2216
vn 0.7700 0.6066 -0.1979
vn 0.7694 0.6075 -0.1976
vn 0.7706 0.6069 -0.1943
vn 0.7381 0.5967 -0.3148
vn 0.8279 0.4547 -0.3284
vn 0.7967 0.5134 -0.3190
vn 0.7783 0.5460 -0.3100
vn 0.7662 0.6247 -0.1508
vn 0.7709 0.6249 -0.1234
vn 0.7679 0.6257 -0.1373
vn 0.8221 0.5463 -0.1606
vn 0.7278 0.6659 -0.1638
vn 0.7572 0.6289 -0.1766
vn 0.7753 0.6071 -0.1744
vn 0.7280 0.6731 -0.1305
vn 0.9108 0.3953 -0.1190
vn 0.8421 0.5248 -0.1246
vn 0.7227 0.6846 -0.0949
vn 0.7817 0.6190 -0.0761
vn 0.7854 0.6167 -0.0535
vn 0.7802 0.6171 -0.1025
vn 0.8595 0.5042 -0.0833
vn 0.7077 0.7043 -0.0562
vn 0.7063 0.7057 -0.0564
vn 0.8936 0.4472 -0.0388
vn 0.8391 0.5435 -0.0226
vn 0.8385 0.5440 -0.0320
vn 0.8382 0.5441 -0.0371
vn 0.7934 0.6085 0.0130
vn 0.8846 0.4662 0.0085
vn 0.7047 0.7093 -0.0186
vn 0.7041 0.7099 -0.0189
vn 0.0385 -0.0002 -0.9993
vn 0.0387 0.0004 -0.9993
vn 0.0387 -0.0003 -0.9993
vn 0.0385 0.0002 -0.9993
vn 0.7754 -0.6056 -0.1790
vn 0.7739 -0.6074 -0.1791
vn 0.8146 -0.5504 -0.1828
vn 0.7387 -0.6587 -0.1431
vn 0.8204 -0.5667 -0.0757
vn 0.8363 -0.5375 -0.1079
vn 0.7195 -0.6866 -0.1045
vn 0.7195 -0.6866 -0.1042
vn 0.8395 -0.5227 -0.1485
vn 0.7916 -0.5916 -0.1529
vn 0.7964 -0.5912 -0.1276
vn 0.7931 -0.5926 -0.1408
vn 0.8195 -0.5674 -0.0810
vn 0.8168 -0.5672 -0.1058
vn 0.7312 -0.6788 -0.0674
vn 0.8756 -0.4784 -0.0673
vn 0.7252 -0.6878 -0.0310
vn 0.7219 -0.6914 -0.0299
vn 0.7935 -0.6085 0.0126
vn 0.7579 -0.6521 -0.0207
vn 0.7570 -0.6528 -0.0290
vn 0.7571 -0.6526 -0.0321
vn 0.8740 -0.4855 -0.0224
vn 0.6959 -0.7181 0.0060
vn 0.6960 -0.7180 0.0060
vn 0.7584 -0.5633 -0.3280
vn 0.7041 -0.6430 -0.3015
vn 0.7564 -0.5687 -0.3232
vn 0.7122 -0.6350 -0.2993
vn 0.7122 -0.6350 -0.2992
vn 0.8529 -0.3965 -0.3396
vn 0.7149 -0.6414 -0.2784
vn 0.7557 -0.5990 -0.2648
vn 0.7558 -0.5983 -0.2661
vn 0.7867 -0.5472 -0.2858
vn 0.7323 -0.6197 -0.2824
vn 0.7157 -0.6404 -0.2786
vn 0.7156 -0.6404 -0.2788
vn 0.7811 -0.5758 -0.2415
vn 0.7812 -0.5758 -0.2414
vn 0.7978 -0.5440 -0.2598
vn 0.7271 -0.6370 -0.2562
vn 0.7530 -0.5980 -0.2745
vn 0.7526 -0.5989 -0.2739
vn 0.7706 -0.6055 -0.1988
vn 0.7347 -0.6493 -0.1965
vn 0.8016 -0.5519 -0.2300
vn 0.7845 -0.5706 -0.2429
vn 0.7891 -0.5708 -0.2267
vn 0.7437 -0.6276 -0.2304
vn 0.7270 -0.6536 -0.2104
vn 0.7075 -0.6673 -0.2329
vn 0.7953 -0.5031 -0.3383
vn 0.7508 -0.5774 -0.3208
vn 0.7516 -0.5774 -0.3189
vn 0.7522 -0.5757 -0.3205
vn 0.6654 -0.6970 -0.2673
vn 0.7225 -0.6270 -0.2913
vn 0.7380 -0.6071 -0.2944
vn 0.7382 -0.6072 -0.2938
vn 0.0894 0.8922 0.4428
vn 0.0148 0.5935 0.8047
vn 0.0874 0.8922 0.4431
vn 0.4237 0.8664 -0.2642
vn 0.4239 0.8663 -0.2643
vn 0.0894 0.8921 0.4428
vn 0.2266 0.9739 0.0110
vn -0.0196 0.6242 0.7810
vn 0.1423 0.8651 0.4810
vn 0.3390 0.9240 -0.1771
vn 0.6083 0.7498 -0.2603
vn 0.6475 0.7118 -0.2720
vn 0.2365 0.9662 -0.1026
vn 0.2355 0.9687 -0.0781
vn 0.2108 0.9762 -0.0503
vn 0.0341 0.9990 0.0292
vn 0.0133 0.9996 0.0264
vn 0.0134 0.9996 0.0264
vn 0.0555 0.9982 0.0226
vn 0.0560 0.9982 0.0225
vn 0.0339 0.9990 0.0306
vn 0.1009 0.9947 0.0200
vn 0.1014 0.9947 0.0181
vn 0.0778 0.9968 0.0186
vn 0.0781 0.9968 0.0185
vn 0.1430 0.9897 -0.0015
vn 0.1225 0.9925 0.0057
vn 0.1208 0.9927 0.0056
vn 0.1218 0.9925 0.0054
vn 0.1801 0.9833 -0.0246
vn 0.1800 0.9834 -0.0245
vn 0.1619 0.9867 -0.0108
vn 0.1631 0.9865 -0.0106
vn 0.1633 0.9865 -0.0107
vn 0.2112 0.9761 -0.0504
vn 0.1984 0.9795 -0.0334
vn 0.1972 0.9799 -0.0315
vn 0.2011 0.9791 -0.0307
vn 0.2026 0.9788 -0.0311
vn 0.2348 0.9689 -0.0778
vn 0.2227 0.9727 -0.0658
vn 0.2160 0.9747 -0.0580
vn 0.2335 0.9708 -0.0546
vn 0.2117 0.9760 -0.0505
vn 0.2507 0.9623 -0.1056
vn 0.2361 0.9670 -0.0956
vn 0.2375 0.9666 -0.0967
vn 0.2345 0.9689 -0.0787
vn 0.2367 0.9632 -0.1271
vn 0.2366 0.9633 -0.1270
vn 0.2444 0.9607 -0.1318
vn 0.2375 0.9629 -0.1279
vn 0.2362 0.9649 -0.1147
vn 0.2515 0.9586 -0.1334
vn 0.2375 0.9623 -0.1325
vn 0.2378 0.9614 -0.1385
vn 0.2145 0.9643 -0.1551
vn 0.2234 0.9616 -0.1595
vn 0.2198 0.9633 -0.1539
vn 0.2202 0.9655 -0.1387
vn 0.2430 0.9587 -0.1474
vn 0.2421 0.9590 -0.1470
vn 0.2012 0.9659 -0.1628
vn 0.2051 0.9644 -0.1672
vn 0.2102 0.9650 -0.1569
vn 0.2195 0.9621 -0.1621
vn 0.2174 0.9627 -0.1608
vn 0.1976 0.9654 -0.1703
vn 0.1949 0.9668 -0.1653
vn 0.2030 0.9644 -0.1694
vn 0.1956 0.9673 -0.1614
vn 0.2063 0.9638 -0.1688
vn 0.2062 0.9639 -0.1687
vn 0.1793 0.9704 -0.1616
vn 0.1838 0.9689 -0.1660
vn 0.1836 0.9690 -0.1653
vn 0.2017 0.9640 -0.1735
vn 0.1924 0.9671 -0.1665
vn 0.1950 0.9659 -0.1702
vn 0.1977 0.9649 -0.1727
vn 0.1961 0.9659 -0.1692
vn 0.1994 0.9647 -0.1720
vn 0.1975 0.9655 -0.1699
vn 0.1798 0.9703 -0.1620
vn 0.1648 0.9748 -0.1504
vn 0.1688 0.9726 -0.1597
vn 0.1493 0.9784 -0.1432
vn 0.1547 0.9762 -0.1519
vn 0.1500 0.9783 -0.1429
vn 0.1637 0.9745 -0.1534
vn 0.1642 0.9743 -0.1539
vn 0.1351 0.9822 -0.1306
vn 0.1349 0.9823 -0.1303
vn 0.1346 0.9824 -0.1299
vn 0.1226 0.9853 -0.1192
vn 0.1209 0.9860 -0.1150
vn 0.0924 0.9928 -0.0766
vn 0.0997 0.9906 -0.0942
vn 0.0997 0.9906 -0.0940
vn 0.1210 0.9859 -0.1152
vn 0.1131 0.9880 -0.1054
vn 0.1122 0.9874 -0.1117
vn 0.0783 0.9955 -0.0536
vn 0.0688 0.9954 -0.0660
vn 0.0620 0.9977 -0.0267
vn 0.0620 0.9977 -0.0264
vn 0.0602 0.9978 -0.0268
vn 0.0784 0.9955 -0.0536
vn 0.0783 0.9955 -0.0535
vn 0.0520 0.9986 0.0012
vn 0.0529 0.9986 0.0004
vn 0.0530 0.9986 0.0002
vn 0.0427 0.9988 0.0253
vn 0.0450 0.9987 0.0230
vn 0.0521 0.9986 0.0005
vn 0.0432 0.9983 0.0385
vn 0.0425 0.9985 0.0339
vn 0.0437 0.9984 0.0350
vn 0.0441 0.9985 0.0333
vn -0.0060 0.9982 0.0593
vn 0.1786 0.9838 0.0125
vn 0.1065 0.9943 0.0068
vn 0.1077 0.9942 0.0065
vn 0.0460 0.9985 0.0303
vn 0.1008 0.9861 0.1318
vn 0.0351 0.9980 0.0523
vn 0.3237 0.9460 -0.0192
vn 0.2528 0.9666 -0.0435
vn 0.2539 0.9662 -0.0438
vn 0.4607 0.8866 -0.0398
vn 0.3943 0.9153 -0.0824
vn 0.3244 0.9431 -0.0723
vn 0.5232 0.8456 -0.1063
vn 0.4603 0.8798 -0.1184
vn 0.5798 0.8014 -0.1467
vn 0.5213 0.8426 -0.1352
vn 0.6783 0.7183 -0.1550
vn 0.6312 0.7565 -0.1711
vn 0.6359 0.7523 -0.1724
vn 0.7026 0.6820 -0.2030
vn 0.7026 0.6819 -0.2036
vn 0.7160 0.6739 -0.1824
vn 0.6756 0.7136 -0.1851
vn 0.7158 0.6731 -0.1857
vn 0.7157 0.6734 -0.1852
vn 0.7034 0.6715 -0.2332
vn 0.7007 0.6773 -0.2243
vn 0.6960 0.6800 -0.2307
vn 0.6828 0.6765 -0.2759
vn 0.6873 0.6800 -0.2553
vn 0.6874 0.6800 -0.2553
vn 0.6915 0.6769 -0.2523
vn 0.6915 0.6752 -0.2566
vn 0.6916 0.6753 -0.2565
vn 0.6828 0.6765 -0.2760
vn 0.6793 0.6823 -0.2701
vn 0.6750 0.6783 -0.2904
vn 0.6484 0.7109 -0.2723
vn 0.6575 0.6915 -0.2993
vn 0.6709 0.6845 -0.2851
vn 0.6751 0.6783 -0.2901
vn 0.6751 0.6792 -0.2880
vn 0.5684 0.7865 -0.2415
vn 0.5687 0.7863 -0.2416
vn 0.5707 0.7826 -0.2486
vn 0.4605 0.8633 -0.2066
vn 0.4335 0.8795 -0.1964
vn 0.4417 0.8712 -0.2141
vn 0.4110 0.8923 -0.1868
vn 0.3431 0.9220 -0.1795
vn 0.4107 0.8925 -0.1864
vn 0.3469 0.9229 -0.1674
vn 0.3639 0.9082 -0.2068
vn 0.3396 0.9236 -0.1778
vn 0.3388 0.9240 -0.1773
vn 0.3635 0.9085 -0.2062
vn 0.2909 0.9428 -0.1626
vn 0.2546 0.9547 -0.1541
vn 0.2675 0.9482 -0.1716
vn 0.2626 0.9505 -0.1663
vn 0.2621 0.9494 -0.1731
vn 0.1799 0.9717 -0.1534
vn 0.2456 0.9568 -0.1558
vn 0.2548 0.9530 -0.1636
vn 0.2377 0.9583 -0.1588
vn 0.2489 0.9627 -0.1066
vn 0.2450 0.9640 -0.1032
vn 0.2587 0.9613 -0.0949
vn 0.2334 0.9700 -0.0679
vn 0.2344 0.9690 -0.0779
vn 0.2536 0.9653 -0.0622
vn 0.2336 0.9699 -0.0680
vn 0.1948 0.9795 0.0514
vn 0.2519 0.9675 0.0225
vn 0.2153 0.9760 -0.0339
vn 0.2262 0.9721 0.0625
vn 0.2294 0.9590 0.1665
vn 0.2194 0.9694 0.1097
vn 0.2220 0.9683 0.1150
vn 0.2265 0.9676 0.1121
vn 0.2257 0.9722 0.0618
vn 0.1979 0.9606 0.1951
vn 0.1890 0.9591 0.2106
vn 0.1498 0.9378 0.3133
vn 0.2077 0.9400 0.2707
vn 0.2010 0.9478 0.2476
vn 0.1781 0.9481 0.2633
vn 0.2044 0.9551 0.2143
vn 0.1539 0.9366 0.3148
vn 0.1611 0.9299 0.3307
vn 0.1370 0.8867 0.4415
vn 0.0879 0.8785 0.4696
vn 0.1478 0.8925 0.4262
vn 0.1410 0.9107 0.3882
vn 0.1555 0.9154 0.3712
vn 0.1537 0.9370 0.3139
vn 0.0975 0.8441 0.5272
vn 0.0961 0.8505 0.5171
vn 0.0850 0.8180 0.5689
vn 0.0788 0.8131 0.5767
vn 0.0974 0.8445 0.5266
vn 0.0624 0.7436 0.6657
vn 0.0529 0.7394 0.6712
vn 0.0732 0.7763 0.6261
vn 0.0729 0.7824 0.6185
vn 0.0656 0.7780 0.6249
vn 0.0855 0.8119 0.5775
vn 0.0211 0.6549 0.7555
vn 0.0548 0.6948 0.7171
vn 0.0546 0.7017 0.7104
vn 0.0385 0.6979 0.7151
vn 0.0627 0.7374 0.6725
vn 0.0139 0.6564 0.7543
vn 0.0150 0.6437 0.7652
vn 0.0097 0.6083 0.7936
vn 0.0138 0.6560 0.7546
vn 0.0114 0.5913 0.8064
vn -0.0063 0.6192 0.7852
vn -0.0249 0.6047 0.7961
vn -0.0079 0.5913 0.8064
vn -0.0067 0.5904 0.8071
vn -0.0184 0.6820 0.7312
vn -0.0260 0.6721 0.7400
vn -0.0260 0.6723 0.7398
vn -0.0158 0.7255 0.6880
vn -0.0229 0.7173 0.6964
vn -0.0229 0.7176 0.6961
vn -0.0130 0.7665 0.6421
vn -0.0197 0.7598 0.6499
vn -0.0197 0.7595 0.6502
vn -0.0104 0.8044 0.5940
vn -0.0163 0.7992 0.6009
vn -0.0163 0.7990 0.6011
vn -0.0077 0.8394 0.5435
vn -0.0129 0.8355 0.5494
vn -0.0129 0.8358 0.5489
vn -0.0024 0.8711 0.4911
vn -0.0093 0.8657 0.5004
vn -0.0093 0.8671 0.4981
vn 0.0009 0.8996 0.4368
vn -0.0092 0.8925 0.4509
vn -0.0092 0.8924 0.4511
vn 0.0037 0.9246 0.3810
vn -0.0072 0.9184 0.3955
vn -0.0072 0.9183 0.3959
vn 0.0064 0.9462 0.3235
vn -0.0044 0.9413 0.3376
vn -0.0044 0.9413 0.3374
vn 0.0087 0.9641 0.2655
vn -0.0015 0.9606 0.2780
vn -0.0015 0.9606 0.2779
vn 0.0108 0.9785 0.2059
vn 0.0009 0.9761 0.2173
vn 0.0009 0.9763 0.2164
vn 0.0124 0.9892 0.1461
vn 0.0036 0.9878 0.1557
vn 0.0036 0.9879 0.1550
vn 0.0083 0.9995 0.0311
vn 0.0083 0.9994 0.0324
vn 0.0135 0.9963 0.0854
vn 0.0059 0.9956 0.0930
vn 0.0059 0.9957 0.0928
vn 0.5237 0.8410 -0.1359
vn 0.4982 0.8575 -0.1281
vn 0.4985 0.8539 -0.1497
vn 0.4973 0.8548 -0.1482
vn 0.4988 0.8495 -0.1721
vn 0.5076 0.8418 -0.1835
vn 0.5094 0.8297 -0.2282
vn 0.5122 0.8271 -0.2315
vn 0.5101 0.8300 -0.2257
vn 0.5046 0.8346 -0.2212
vn 0.5013 0.8397 -0.2087
vn 0.5015 0.8396 -0.2089
vn 0.4984 0.8459 -0.1898
vn 0.5636 0.7890 -0.2445
vn 0.5785 0.7747 -0.2554
vn 0.5759 0.7812 -0.2408
vn 0.5789 0.7782 -0.2434
vn 0.5770 0.7859 -0.2225
vn 0.5795 0.7831 -0.2258
vn 0.5784 0.7900 -0.2033
vn 0.5809 0.7873 -0.2067
vn 0.5806 0.7943 -0.1788
vn 0.5825 0.7923 -0.1814
vn 0.5835 0.7992 -0.1444
vn 0.6314 0.7564 -0.1711
vn 0.6761 0.7132 -0.1852
vn 0.6519 0.7370 -0.1785
vn 0.6498 0.7311 -0.2079
vn 0.6464 0.7355 -0.2030
vn 0.6450 0.7270 -0.2354
vn 0.6408 0.7326 -0.2294
vn 0.6405 0.7244 -0.2550
vn 0.6361 0.7304 -0.2487
vn 0.6366 0.7220 -0.2711
vn 0.6294 0.7307 -0.2645
vn 0.6309 0.7238 -0.2796
vn 0.6085 0.7497 -0.2603
vn 0.2264 0.9721 0.0619
vn 0.2282 0.9728 0.0404
vn 0.2026 0.9793 0.0001
vn 0.2348 0.9720 -0.0104
vn 0.2422 0.9698 -0.0297
vn 0.2303 0.9727 -0.0286
vn 0.2304 0.9727 -0.0286
vn 0.1704 0.9853 -0.0088
vn 0.1929 0.9806 0.0356
vn 0.1751 0.9842 0.0251
vn 0.2038 0.9752 0.0868
vn 0.1841 0.9801 0.0744
vn 0.2113 0.9676 0.1383
vn 0.1901 0.9739 0.1242
vn 0.2062 0.9645 0.1653
vn 0.2299 0.9589 0.1663
vn 0.1662 0.9363 0.3094
vn 0.1550 0.9534 0.2590
vn 0.1721 0.9462 0.2742
vn 0.1553 0.9663 0.2054
vn 0.1716 0.9605 0.2193
vn 0.1534 0.9764 0.1520
vn 0.1689 0.9718 0.1647
vn 0.1495 0.9838 0.0992
vn 0.1632 0.9804 0.1099
vn 0.1425 0.9887 0.0466
vn 0.1547 0.9864 0.0556
vn 0.1359 0.9907 0.0030
vn 0.1475 0.9890 0.0100
vn 0.1024 0.9946 0.0187
vn 0.1144 0.9909 0.0706
vn 0.1068 0.9922 0.0637
vn 0.1202 0.9845 0.1276
vn 0.1112 0.9867 0.1190
vn 0.1237 0.9750 0.1848
vn 0.1134 0.9781 0.1747
vn 0.1249 0.9623 0.2416
vn 0.1135 0.9665 0.2301
vn 0.1240 0.9464 0.2982
vn 0.1120 0.9518 0.2856
vn 0.1214 0.9273 0.3541
vn 0.1090 0.9338 0.3407
vn 0.1172 0.9049 0.4092
vn 0.1045 0.9127 0.3951
vn 0.1117 0.8791 0.4633
vn 0.0988 0.8882 0.4487
vn 0.1037 0.8586 0.5021
vn 0.0328 0.8575 0.5135
vn 0.0348 0.9990 0.0295
vn 0.0372 0.9957 0.0851
vn 0.0352 0.9960 0.0826
vn 0.0375 0.9886 0.1457
vn 0.0349 0.9892 0.1424
vn 0.0369 0.9780 0.2054
vn 0.0340 0.9789 0.2016
vn 0.0356 0.9636 0.2650
vn 0.0320 0.9651 0.2601
vn 0.0333 0.9458 0.3230
vn 0.0296 0.9477 0.3179
vn 0.0305 0.9243 0.3804
vn 0.0264 0.9267 0.3748
vn 0.0270 0.8994 0.4363
vn 0.0227 0.9024 0.4302
vn 0.0230 0.8711 0.4906
vn 0.0187 0.8746 0.4845
vn 0.0186 0.8395 0.5431
vn 0.0142 0.8436 0.5369
vn 0.0139 0.8046 0.5937
vn 0.0094 0.8092 0.5874
vn 0.0088 0.7668 0.6418
vn 0.0045 0.7718 0.6359
vn 0.0037 0.7259 0.6878
vn -0.0007 0.7314 0.6819
vn -0.0016 0.6823 0.7311
vn -0.0060 0.6883 0.7254
vn -0.0075 0.6090 0.7931
vn -0.0190 0.6420 0.7664
vn -0.0194 0.6244 0.7808
vn -0.0171 0.5805 0.8141
vn 0.0215 0.6549 0.7554
vn 0.0213 0.7002 0.7137
vn 0.0295 0.6896 0.7236
vn 0.0290 0.7424 0.6693
vn 0.0374 0.7325 0.6798
vn 0.0365 0.7817 0.6226
vn 0.0450 0.7725 0.6334
vn 0.0437 0.8178 0.5739
vn 0.0521 0.8097 0.5846
vn 0.0502 0.8509 0.5230
vn 0.0587 0.8436 0.5338
vn 0.0562 0.8805 0.4706
vn 0.0645 0.8742 0.4812
vn 0.0615 0.9070 0.4166
vn 0.0695 0.9017 0.4268
vn 0.0658 0.9301 0.3615
vn 0.0737 0.9256 0.3713
vn 0.0692 0.9497 0.3054
vn 0.0766 0.9462 0.3144
vn 0.0714 0.9660 0.2485
vn 0.0783 0.9633 0.2567
vn 0.0724 0.9789 0.1913
vn 0.0786 0.9770 0.1984
vn 0.0720 0.9884 0.1334
vn 0.0774 0.9872 0.1395
vn 0.0701 0.9947 0.0757
vn 0.0742 0.9940 0.0801
vn 0.0665 0.9976 0.0198
vn 0.0807 0.9961 0.0358
vn 0.2257 0.9640 -0.1408
vn 0.2372 0.9598 -0.1499
vn 0.2358 0.9604 -0.1482
vn 0.2512 0.9547 -0.1596
vn 0.2543 0.9532 -0.1633
vn 0.1357 0.9819 -0.1319
vn 0.1490 0.9785 -0.1428
vn 0.1849 0.9789 -0.0872
vn 0.1818 0.9797 -0.0847
vn 0.1700 0.9838 -0.0572
vn 0.1701 0.9838 -0.0573
vn 0.1621 0.9863 -0.0309
vn 0.1635 0.9860 -0.0322
vn 0.1606 0.9869 -0.0150
vn 0.1614 0.9868 -0.0160
vn 0.1602 0.9871 -0.0043
vn 0.2541 0.9662 -0.0439
vn 0.3077 0.9407 -0.1428
vn 0.3013 0.9436 -0.1376
vn 0.2926 0.9492 -0.1155
vn 0.2917 0.9496 -0.1147
vn 0.2839 0.9549 -0.0866
vn 0.2854 0.9544 -0.0878
vn 0.2821 0.9572 -0.0651
vn 0.2830 0.9568 -0.0662
vn 0.2823 0.9576 -0.0579
vn 0.3263 0.9425 -0.0729
vn 0.1042 0.9904 -0.0905
vn 0.2237 0.9648 -0.1380
vn 0.2152 0.9678 -0.1308
vn 0.3418 0.9228 -0.1775
vn 0.3285 0.9298 -0.1661
vn 0.4137 0.8891 -0.1958
vn 0.4423 0.8707 -0.2152
vn 0.4592 0.8804 -0.1181
vn 0.3969 0.9126 -0.0979
vn 0.3975 0.9108 -0.1113
vn 0.3967 0.9113 -0.1103
vn 0.3997 0.9062 -0.1383
vn 0.3979 0.9072 -0.1367
vn 0.4045 0.8994 -0.1659
vn 0.4056 0.8987 -0.1668
vn 0.4112 0.8929 -0.1836
vn 0.4185 0.8883 -0.1894
vn 0.4225 0.8843 -0.1987
vn 0.3143 0.9364 -0.1558
vn 0.3286 0.9297 -0.1662
vn 0.1984 0.9737 -0.1119
vn 0.2068 0.9712 -0.1181
vn 0.0825 0.9946 -0.0629
vn 0.0942 0.9924 -0.0793
vn -0.0198 0.0885 0.9959
vn -0.0334 0.4865 0.8730
vn -0.0384 0.4864 0.8729
vn -0.0119 0.3756 0.9267
vn -0.0119 0.3739 0.9274
vn 0.0099 0.5150 0.8571
vn -0.0078 0.4887 0.8724
vn -0.0087 0.4824 0.8759
vn -0.0063 0.4869 0.8734
vn -0.0063 0.4821 0.8761
vn -0.0107 0.4295 0.9030
vn -0.0131 0.3200 0.9473
vn -0.0212 0.3003 0.9536
vn -0.0334 0.2063 0.9779
vn -0.0145 0.2627 0.9648
vn -0.0145 0.2626 0.9648
vn -0.0198 0.1014 0.9946
vn -0.0278 0.0889 0.9957
vn -0.0176 0.1469 0.9890
vn -0.0176 0.1685 0.9856
vn -0.0305 0.1479 0.9885
vn -0.0160 0.2048 0.9787
vn -0.0249 -0.0341 0.9991
vn -0.0300 -0.0434 0.9986
vn -0.0240 -0.0216 0.9995
vn -0.0221 -0.0069 0.9997
vn -0.0220 0.0341 0.9992
vn -0.0438 -0.0000 0.9990
vn -0.0249 0.0298 0.9992
vn -0.0181 -0.1466 0.9890
vn -0.0181 -0.1467 0.9890
vn -0.0262 -0.1014 0.9945
vn -0.0200 -0.0877 0.9959
vn -0.0200 -0.0875 0.9960
vn -0.0162 -0.2051 0.9786
vn -0.0162 -0.2047 0.9787
vn -0.0179 -0.3754 0.9267
vn -0.0132 -0.3188 0.9477
vn -0.0133 -0.3006 0.9537
vn -0.0244 -0.3203 0.9470
vn -0.0146 -0.2619 0.9650
vn -0.0120 -0.4299 0.9028
vn -0.0108 -0.4271 0.9041
vn -0.0064 -0.4819 0.8762
vn -0.0221 -0.4908 0.8710
vn -0.0230 -0.4907 0.8710
vn -0.0064 -0.4829 0.8756
vn -0.0060 -0.4819 0.8762
vn 0.0009 -0.5165 0.8563
vn -0.0319 -0.4880 0.8723
vn 0.0360 -0.4329 0.9007
vn -0.0295 -0.4809 0.8763
vn -0.0303 -0.4347 0.9001
vn -0.0275 -0.4267 0.9040
vn -0.0329 -0.3799 0.9245
vn -0.0120 -0.3647 0.9311
vn -0.0283 -0.3643 0.9308
vn -0.0329 -0.3800 0.9244
vn -0.0363 -0.2671 0.9630
vn -0.0363 -0.2669 0.9630
vn -0.0295 -0.3003 0.9534
vn -0.0349 -0.3237 0.9455
vn -0.0349 -0.3240 0.9454
vn -0.0370 -0.2087 0.9773
vn -0.0305 -0.2348 0.9716
vn -0.0239 -0.2349 0.9717
vn -0.0146 -0.2620 0.9650
vn -0.0259 -0.1684 0.9854
vn -0.0317 -0.1683 0.9852
vn -0.0370 -0.2085 0.9773
vn -0.0362 -0.0904 0.9952
vn -0.0362 -0.0910 0.9952
vn -0.0329 -0.1014 0.9943
vn -0.0369 -0.1505 0.9879
vn -0.0369 -0.1502 0.9880
vn -0.0342 -0.0316 0.9989
vn -0.0352 -0.0341 0.9988
vn -0.0358 0.0267 0.9990
vn -0.0358 0.0286 0.9989
vn -0.0339 0.0340 0.9988
vn -0.0368 0.0878 0.9955
vn -0.0368 0.0886 0.9954
vn -0.0329 0.1013 0.9943
vn -0.0375 0.1466 0.9885
vn -0.0375 0.1470 0.9884
vn -0.0318 0.1683 0.9852
vn -0.0372 0.2056 0.9779
vn -0.0158 0.2350 0.9719
vn -0.0305 0.2348 0.9716
vn -0.0372 0.2055 0.9779
vn -0.0348 0.3210 0.9464
vn -0.0348 0.3207 0.9465
vn -0.0296 0.3002 0.9534
vn -0.0363 0.2641 0.9638
vn -0.0363 0.2640 0.9638
vn -0.0326 0.3767 0.9258
vn -0.0287 0.3643 0.9308
vn -0.0172 0.3645 0.9310
vn -0.0131 0.3198 0.9474
vn -0.0120 0.4271 0.9041
vn -0.0280 0.4267 0.9040
vn -0.0326 0.3770 0.9256
vn -0.0269 0.5105 0.8594
vn -0.0262 0.4834 0.8750
vn -0.0277 0.4867 0.8731
vn -0.0299 0.4339 0.9005
vn -0.0299 0.4317 0.9015
vn 0.2361 -0.9686 -0.0782
vn 0.1636 -0.9746 -0.1531
vn 0.6915 -0.6763 -0.2538
vn 0.5691 -0.7860 -0.2414
vn 0.5691 -0.7861 -0.2413
vn 0.3405 -0.9233 -0.1774
vn 0.1958 -0.9793 0.0512
vn 0.2271 -0.9599 0.1645
vn 0.0105 -0.6080 0.7939
vn 0.0200 -0.6555 0.7550
vn 0.0486 -0.6969 0.7155
vn 0.0486 -0.6972 0.7152
vn 0.0393 -0.7012 0.7119
vn 0.0602 -0.7389 0.6711
vn 0.0602 -0.7391 0.6709
vn 0.0545 -0.7434 0.6666
vn 0.0730 -0.7778 0.6243
vn 0.0730 -0.7774 0.6247
vn 0.0687 -0.7823 0.6191
vn 0.0853 -0.8128 0.5763
vn 0.0853 -0.8127 0.5764
vn 0.0819 -0.8182 0.5691
vn 0.0973 -0.8449 0.5260
vn 0.0330 -0.8575 0.5134
vn 0.1429 -0.8658 0.4796
vn 0.1428 -0.8660 0.4791
vn 0.1221 -0.8876 0.4442
vn 0.1473 -0.8933 0.4246
vn 0.1479 -0.8914 0.4284
vn 0.1405 -0.9108 0.3883
vn 0.1564 -0.9159 0.3696
vn 0.1544 -0.9373 0.3125
vn 0.2068 -0.9406 0.2691
vn 0.1850 -0.9500 0.2516
vn 0.2050 -0.9554 0.2126
vn 0.2047 -0.9556 0.2119
vn 0.1955 -0.9610 0.1956
vn 0.2075 -0.9653 0.1588
vn 0.2279 -0.9671 0.1134
vn 0.2219 -0.9688 0.1103
vn 0.2214 -0.9691 0.1092
vn 0.2538 -0.9653 -0.0620
vn 0.2528 -0.9655 -0.0630
vn 0.2339 -0.9718 -0.0291
vn 0.2406 -0.9701 -0.0316
vn 0.2409 -0.9702 -0.0271
vn 0.2345 -0.9721 -0.0103
vn 0.2126 -0.9765 -0.0367
vn 0.2532 -0.9672 0.0214
vn 0.2367 -0.9648 -0.1145
vn 0.2367 -0.9648 -0.1144
vn 0.2423 -0.9648 -0.1019
vn 0.2428 -0.9647 -0.1024
vn 0.2419 -0.9648 -0.1029
vn 0.2544 -0.9651 -0.0622
vn 0.2374 -0.9630 -0.1277
vn 0.2370 -0.9631 -0.1274
vn 0.2112 -0.9707 -0.1147
vn 0.2371 -0.9629 -0.1288
vn 0.2425 -0.9612 -0.1313
vn 0.2370 -0.9615 -0.1393
vn 0.2371 -0.9614 -0.1397
vn 0.2412 -0.9592 -0.1475
vn 0.2229 -0.9650 -0.1383
vn 0.2175 -0.9637 -0.1546
vn 0.2175 -0.9637 -0.1549
vn 0.2200 -0.9622 -0.1603
vn 0.2135 -0.9643 -0.1565
vn 0.2159 -0.9630 -0.1613
vn 0.2100 -0.9649 -0.1577
vn 0.2077 -0.9647 -0.1622
vn 0.2086 -0.9648 -0.1603
vn 0.2051 -0.9643 -0.1674
vn 0.1965 -0.9657 -0.1700
vn 0.2058 -0.9640 -0.1682
vn 0.2072 -0.9635 -0.1697
vn 0.1961 -0.9671 -0.1620
vn 0.1975 -0.9666 -0.1636
vn 0.1968 -0.9655 -0.1704
vn 0.1937 -0.9666 -0.1679
vn 0.1909 -0.9675 -0.1659
vn 0.1961 -0.9652 -0.1732
vn 0.1956 -0.9658 -0.1704
vn 0.1951 -0.9660 -0.1693
vn 0.1989 -0.9647 -0.1725
vn 0.1817 -0.9711 -0.1547
vn 0.1846 -0.9682 -0.1686
vn 0.1842 -0.9685 -0.1674
vn 0.2546 -0.9541 -0.1578
vn 0.2675 -0.9481 -0.1718
vn 0.2519 -0.9538 -0.1640
vn 0.2621 -0.9492 -0.1742
vn 0.2408 -0.9570 -0.1618
vn 0.2431 -0.9572 -0.1571
vn 0.2430 -0.9572 -0.1570
vn 0.3405 -0.9234 -0.1773
vn 0.2918 -0.9425 -0.1630
vn 0.2920 -0.9424 -0.1631
vn 0.4142 -0.8910 -0.1859
vn 0.3439 -0.9221 -0.1776
vn 0.4248 -0.8774 -0.2231
vn 0.4137 -0.8913 -0.1857
vn 0.4137 -0.8913 -0.1858
vn 0.5089 -0.8301 -0.2277
vn 0.5961 -0.7568 -0.2682
vn 0.5676 -0.7853 -0.2473
vn 0.5094 -0.8311 -0.2232
vn 0.5075 -0.8336 -0.2180
vn 0.5360 -0.8031 -0.2604
vn 0.6339 -0.7203 -0.2816
vn 0.6751 -0.6789 -0.2888
vn 0.6751 -0.6797 -0.2868
vn 0.6688 -0.6856 -0.2875
vn 0.6579 -0.6912 -0.2989
vn 0.6899 -0.6781 -0.2535
vn 0.6820 -0.6785 -0.2731
vn 0.6818 -0.6785 -0.2737
vn 0.6819 -0.6793 -0.2712
vn 0.6796 -0.6811 -0.2726
vn 0.6750 -0.6784 -0.2902
vn 0.7031 -0.6811 -0.2041
vn 0.6972 -0.6790 -0.2299
vn 0.7157 -0.6732 -0.1858
vn 0.6756 -0.7136 -0.1852
vn 0.6763 -0.7130 -0.1853
vn 0.6753 -0.7139 -0.1851
vn 0.7157 -0.6733 -0.1857
vn 0.7031 -0.6812 -0.2041
vn 0.6314 -0.7563 -0.1712
vn 0.6295 -0.7580 -0.1706
vn 0.6313 -0.7564 -0.1712
vn 0.5227 -0.8417 -0.1356
vn 0.5184 -0.8445 -0.1344
vn 0.4602 -0.8799 -0.1184
vn 0.4638 -0.8779 -0.1195
vn 0.3222 -0.9440 -0.0715
vn 0.3255 -0.9428 -0.0725
vn 0.3943 -0.9153 -0.0825
vn 0.2515 -0.9669 -0.0429
vn 0.2540 -0.9662 -0.0438
vn 0.2531 -0.9665 -0.0435
vn 0.1071 -0.9942 0.0068
vn 0.1045 -0.9945 0.0077
vn -0.0058 -0.9982 0.0592
vn 0.0350 -0.9980 0.0523
vn 0.1014 -0.9860 0.1327
vn 0.0492 -0.9981 0.0360
vn 0.0427 -0.9986 0.0315
vn 0.0429 -0.9985 0.0335
vn 0.0422 -0.9986 0.0329
vn 0.0415 -0.9989 0.0236
vn 0.0512 -0.9987 -0.0006
vn 0.0515 -0.9987 -0.0022
vn 0.0314 -0.9990 -0.0318
vn 0.0600 -0.9978 -0.0279
vn 0.0600 -0.9978 -0.0272
vn 0.0667 -0.9955 -0.0667
vn 0.0670 -0.9955 -0.0666
vn 0.0784 -0.9954 -0.0552
vn 0.0997 -0.9904 -0.0957
vn 0.0996 -0.9904 -0.0960
vn 0.1260 -0.9837 -0.1282
vn 0.1217 -0.9857 -0.1164
vn 0.1400 -0.9800 -0.1413
vn 0.1360 -0.9820 -0.1311
vn 0.1539 -0.9776 -0.1436
vn 0.1547 -0.9762 -0.1519
vn 0.1542 -0.9764 -0.1511
vn 0.1837 -0.9689 -0.1658
vn 0.1807 -0.9700 -0.1628
vn 0.1677 -0.9742 -0.1510
vn 0.1690 -0.9726 -0.1598
vn 0.1692 -0.9725 -0.1602
vn 0.2346 -0.9690 -0.0776
vn 0.2346 -0.9689 -0.0788
vn 0.2348 -0.9687 -0.0803
vn 0.2375 -0.9666 -0.0967
vn 0.2378 -0.9664 -0.0970
vn 0.2508 -0.9622 -0.1059
vn 0.2140 -0.9755 -0.0515
vn 0.2213 -0.9738 -0.0525
vn 0.2236 -0.9724 -0.0669
vn 0.2238 -0.9723 -0.0672
vn 0.2009 -0.9789 -0.0380
vn 0.2142 -0.9754 -0.0515
vn 0.2150 -0.9753 -0.0518
vn 0.2073 -0.9778 -0.0300
vn 0.1719 -0.9850 -0.0140
vn 0.1860 -0.9822 -0.0279
vn 0.1854 -0.9823 -0.0277
vn 0.1853 -0.9823 -0.0277
vn 0.1352 -0.9908 0.0097
vn 0.1340 -0.9910 0.0057
vn 0.1517 -0.9884 -0.0079
vn 0.1518 -0.9884 -0.0079
vn 0.1522 -0.9883 -0.0080
vn 0.1132 -0.9935 0.0094
vn 0.1131 -0.9935 0.0095
vn 0.1378 -0.9904 0.0051
vn 0.0717 -0.9972 0.0223
vn 0.0935 -0.9955 0.0163
vn 0.0787 -0.9967 0.0180
vn 0.0483 -0.9986 0.0225
vn 0.0481 -0.9986 0.0226
vn 0.0733 -0.9969 0.0294
vn 0.0098 -0.9995 0.0298
vn 0.0263 -0.9993 0.0255
vn 0.0261 -0.9993 0.0255
vn 0.0139 -0.9962 0.0854
vn 0.0089 -0.9995 0.0316
vn 0.0089 -0.9995 0.0307
vn 0.0122 -0.9892 0.1459
vn 0.0077 -0.9958 0.0911
vn 0.0076 -0.9958 0.0916
vn 0.0096 -0.9785 0.2060
vn 0.0058 -0.9883 0.1527
vn 0.0058 -0.9883 0.1525
vn 0.0068 -0.9641 0.2653
vn 0.0034 -0.9772 0.2122
vn 0.0034 -0.9771 0.2126
vn 0.0044 -0.9462 0.3237
vn 0.0012 -0.9626 0.2709
vn 0.0012 -0.9625 0.2714
vn 0.0015 -0.9246 0.3810
vn -0.0011 -0.9439 0.3301
vn -0.0011 -0.9440 0.3299
vn -0.0017 -0.8996 0.4367
vn -0.0035 -0.9220 0.3872
vn -0.0035 -0.9222 0.3866
vn -0.0048 -0.8712 0.4910
vn -0.0062 -0.8972 0.4417
vn -0.0062 -0.8971 0.4418
vn -0.0082 -0.8393 0.5436
vn -0.0092 -0.8682 0.4962
vn -0.0092 -0.8683 0.4959
vn -0.0116 -0.8045 0.5939
vn -0.0123 -0.8367 0.5476
vn -0.0123 -0.8363 0.5481
vn -0.0144 -0.7665 0.6421
vn -0.0150 -0.8021 0.5970
vn -0.0150 -0.8017 0.5976
vn -0.0174 -0.7255 0.6880
vn -0.0175 -0.7642 0.6447
vn -0.0175 -0.7636 0.6454
vn -0.0204 -0.6818 0.7312
vn -0.0201 -0.7218 0.6918
vn -0.0201 -0.7228 0.6907
vn -0.0232 -0.6330 0.7738
vn -0.0224 -0.6857 0.7275
vn -0.0226 -0.6794 0.7334
vn 0.0120 -0.6071 0.7946
vn -0.0060 -0.5903 0.8071
vn -0.0302 -0.6084 0.7930
vn -0.0247 -0.6042 0.7965
vn -0.0186 -0.5852 0.8107
vn 0.6083 -0.7499 -0.2601
vn 0.5771 -0.7782 -0.2475
vn 0.5762 -0.7805 -0.2423
vn 0.6528 -0.7396 -0.1640
vn 0.6502 -0.7318 -0.2042
vn 0.5807 -0.7938 -0.1807
vn 0.5810 -0.7878 -0.2044
vn 0.5149 -0.8384 -0.1785
vn 0.6486 -0.7113 -0.2706
vn 0.6293 -0.7312 -0.2631
vn 0.6299 -0.7289 -0.2683
vn 0.6365 -0.7234 -0.2675
vn 0.6363 -0.7287 -0.2533
vn 0.1972 -0.9798 -0.0321
vn 0.2163 -0.9763 -0.0044
vn 0.2123 -0.9771 0.0151
vn 0.2284 -0.9727 0.0405
vn 0.2266 -0.9720 0.0622
vn 0.2245 -0.9727 0.0596
vn 0.2248 -0.9726 0.0601
vn 0.2083 -0.9632 0.1700
vn 0.1972 -0.9701 0.1416
vn 0.2039 -0.9716 0.1204
vn 0.1908 -0.9775 0.0896
vn 0.1966 -0.9779 0.0707
vn 0.1815 -0.9827 0.0382
vn 0.1863 -0.9822 0.0222
vn 0.1703 -0.9853 -0.0092
vn 0.1715 -0.9851 -0.0131
vn 0.1369 -0.9906 0.0059
vn 0.1509 -0.9875 0.0449
vn 0.1461 -0.9876 0.0571
vn 0.1591 -0.9825 0.0968
vn 0.1532 -0.9819 0.1117
vn 0.1644 -0.9750 0.1494
vn 0.1575 -0.9734 0.1666
vn 0.1672 -0.9649 0.2025
vn 0.1594 -0.9620 0.2218
vn 0.1677 -0.9521 0.2559
vn 0.1590 -0.9477 0.2767
vn 0.1663 -0.9362 0.3096
vn 0.1612 -0.9299 0.3306
vn 0.1529 -0.9376 0.3124
vn 0.1529 -0.9376 0.3122
vn 0.0974 -0.8447 0.5264
vn 0.0961 -0.8504 0.5172
vn 0.1038 -0.8586 0.5020
vn 0.1004 -0.8796 0.4649
vn 0.1102 -0.8880 0.4465
vn 0.1064 -0.9055 0.4107
vn 0.1156 -0.9122 0.3931
vn 0.1110 -0.9281 0.3555
vn 0.1196 -0.9333 0.3387
vn 0.1142 -0.9472 0.2995
vn 0.1221 -0.9511 0.2838
vn 0.1158 -0.9631 0.2428
vn 0.1228 -0.9658 0.2286
vn 0.1155 -0.9758 0.1857
vn 0.1216 -0.9774 0.1731
vn 0.1132 -0.9852 0.1286
vn 0.1185 -0.9860 0.1177
vn 0.1086 -0.9915 0.0710
vn 0.1127 -0.9916 0.0627
vn 0.1018 -0.9947 0.0157
vn 0.0962 -0.9950 0.0283
vn -0.0175 -0.6402 0.7680
vn -0.0178 -0.6264 0.7793
vn -0.0068 -0.6427 0.7661
vn -0.0061 -0.6822 0.7312
vn -0.0014 -0.6885 0.7252
vn -0.0007 -0.7258 0.6879
vn 0.0039 -0.7316 0.6817
vn 0.0045 -0.7668 0.6419
vn 0.0091 -0.7721 0.6355
vn 0.0095 -0.8047 0.5936
vn 0.0139 -0.8093 0.5873
vn 0.0142 -0.8395 0.5432
vn 0.0187 -0.8437 0.5366
vn 0.0188 -0.8712 0.4906
vn 0.0232 -0.8748 0.4840
vn 0.0230 -0.8995 0.4363
vn 0.0270 -0.9024 0.4301
vn 0.0265 -0.9244 0.3805
vn 0.0305 -0.9268 0.3744
vn 0.0297 -0.9459 0.3232
vn 0.0333 -0.9476 0.3176
vn 0.0322 -0.9638 0.2648
vn 0.0355 -0.9650 0.2598
vn 0.0341 -0.9780 0.2056
vn 0.0370 -0.9789 0.2012
vn 0.0353 -0.9887 0.1455
vn 0.0375 -0.9891 0.1422
vn 0.0354 -0.9957 0.0851
vn 0.0371 -0.9959 0.0827
vn 0.0348 -0.9990 0.0288
vn 0.0262 -0.9989 0.0387
vn 0.0677 -0.9974 0.0265
vn 0.0739 -0.9944 0.0751
vn 0.0707 -0.9942 0.0805
vn 0.0767 -0.9881 0.1330
vn 0.0728 -0.9875 0.1398
vn 0.0780 -0.9786 0.1904
vn 0.0732 -0.9773 0.1986
vn 0.0776 -0.9657 0.2477
vn 0.0722 -0.9637 0.2572
vn 0.0759 -0.9495 0.3045
vn 0.0699 -0.9465 0.3149
vn 0.0730 -0.9299 0.3606
vn 0.0665 -0.9259 0.3718
vn 0.0690 -0.9069 0.4157
vn 0.0620 -0.9018 0.4276
vn 0.0640 -0.8805 0.4697
vn 0.0568 -0.8746 0.4816
vn 0.0583 -0.8509 0.5221
vn 0.0508 -0.8437 0.5344
vn 0.0519 -0.8180 0.5728
vn 0.0440 -0.8096 0.5853
vn 0.0448 -0.7819 0.6218
vn 0.0369 -0.7726 0.6338
vn 0.0374 -0.7428 0.6685
vn 0.0293 -0.7323 0.6803
vn 0.0295 -0.7007 0.7128
vn 0.0215 -0.6894 0.7241
vn 0.0216 -0.6556 0.7548
vn 0.0147 -0.6437 0.7652
vn 0.0136 -0.6561 0.7546
vn 0.0136 -0.6584 0.7525
vn 0.0449 -0.9985 0.0326
vn 0.0445 -0.9984 0.0346
vn 0.1613 -0.9868 -0.0153
vn 0.1587 -0.9873 0.0109
vn 0.1796 -0.9837 -0.0126
vn 0.1498 -0.9782 -0.1438
vn 0.1397 -0.9812 -0.1332
vn 0.2545 -0.9532 -0.1635
vn 0.2435 -0.9581 -0.1505
vn 0.3402 -0.9233 -0.1781
vn 0.3647 -0.9080 -0.2063
vn 0.0466 -0.9987 0.0204
vn 0.0455 -0.9987 0.0239
vn 0.1634 -0.9861 -0.0316
vn 0.1607 -0.9869 -0.0158
vn 0.2831 -0.9568 -0.0655
vn 0.2806 -0.9592 -0.0342
vn 0.3248 -0.9430 -0.0724
vn 0.0566 -0.9984 -0.0038
vn 0.0550 -0.9985 -0.0003
vn 0.1702 -0.9837 -0.0573
vn 0.1624 -0.9862 -0.0317
vn 0.2855 -0.9544 -0.0873
vn 0.2824 -0.9570 -0.0660
vn 0.3976 -0.9109 -0.1106
vn 0.3961 -0.9146 -0.0813
vn 0.4604 -0.8798 -0.1183
vn 0.0784 -0.9954 -0.0553
vn 0.0630 -0.9976 -0.0282
vn 0.1825 -0.9794 -0.0860
vn 0.2919 -0.9495 -0.1151
vn 0.2843 -0.9548 -0.0874
vn 0.3997 -0.9062 -0.1376
vn 0.3969 -0.9111 -0.1111
vn 0.4985 -0.8541 -0.1487
vn 0.4979 -0.8601 -0.1112
vn 0.5224 -0.8418 -0.1357
vn 0.0939 -0.9925 -0.0784
vn 0.0836 -0.9945 -0.0633
vn 0.2003 -0.9729 -0.1152
vn 0.1842 -0.9791 -0.0858
vn 0.3024 -0.9428 -0.1403
vn 0.2925 -0.9493 -0.1151
vn 0.4047 -0.8992 -0.1664
vn 0.3982 -0.9069 -0.1377
vn 0.4993 -0.8475 -0.1801
vn 0.4975 -0.8545 -0.1493
vn 0.5827 -0.7926 -0.1794
vn 0.5836 -0.7985 -0.1475
vn 0.5802 -0.8019 -0.1426
vn 0.1363 -0.9819 -0.1316
vn 0.1264 -0.9847 -0.1202
vn 0.2429 -0.9573 -0.1569
vn 0.2317 -0.9623 -0.1426
vn 0.3433 -0.9219 -0.1794
vn 0.3363 -0.9265 -0.1688
vn 0.4372 -0.8759 -0.2038
vn 0.4333 -0.8796 -0.1965
vn 0.4603 -0.8635 -0.2060
vn 0.4606 -0.8634 -0.2061
vn 0.1212 -0.9859 -0.1158
vn 0.1127 -0.9880 -0.1053
vn 0.2308 -0.9617 -0.1476
vn 0.2200 -0.9664 -0.1327
vn 0.3339 -0.9263 -0.1748
vn 0.3248 -0.9322 -0.1599
vn 0.4226 -0.8843 -0.1987
vn 0.4171 -0.8896 -0.1861
vn 0.5054 -0.8334 -0.2237
vn 0.5015 -0.8396 -0.2088
vn 0.5789 -0.7786 -0.2421
vn 0.5774 -0.7849 -0.2249
vn 0.6407 -0.7258 -0.2504
vn 0.6409 -0.7311 -0.2339
vn 0.6915 -0.6768 -0.2523
vn 0.6915 -0.6764 -0.2534
vn 0.7034 -0.6720 -0.2316
vn 0.7012 -0.6767 -0.2245
vn 0.6463 -0.7346 -0.2067
vn 0.6452 -0.7282 -0.2311
vn 0.5786 -0.7892 -0.2059
vn 0.5795 -0.7837 -0.2235
vn 0.4985 -0.8458 -0.1898
vn 0.5016 -0.8395 -0.2088
vn 0.4055 -0.8988 -0.1663
vn 0.4123 -0.8917 -0.1867
vn 0.3063 -0.9416 -0.1398
vn 0.3172 -0.9345 -0.1614
vn 0.2044 -0.9722 -0.1143
vn 0.2190 -0.9662 -0.1363
vn 0.1070 -0.9900 -0.0917
vn 0.1117 -0.9873 -0.1129
vn 0.8273 -0.5285 -0.1904
vn 0.9775 -0.2109 0.0093
vn 0.9660 0.2585 0.0063
vn 0.9488 -0.1136 -0.2947
vn 0.8073 -0.4850 -0.3363
vn 0.8105 -0.4811 -0.3340
vn 0.8224 -0.4348 -0.3669
vn 0.8086 -0.4823 -0.3370
vn 0.8071 -0.4773 -0.3475
vn 0.8681 -0.3573 -0.3447
vn 0.8716 -0.3271 -0.3651
vn 0.8609 -0.3714 -0.3477
vn 0.8414 -0.4197 -0.3404
vn 0.8516 -0.3785 -0.3627
vn 0.8383 -0.4225 -0.3446
vn 0.9187 -0.1719 -0.3557
vn 0.9057 -0.2278 -0.3575
vn 0.9046 -0.2249 -0.3621
vn 0.8967 -0.2705 -0.3504
vn 0.8902 -0.2940 -0.3480
vn 0.8891 -0.2766 -0.3647
vn 0.8804 -0.3209 -0.3492
vn 0.9407 -0.1721 -0.2924
vn 0.8831 -0.1388 -0.4481
vn 0.9185 -0.1728 -0.3556
vn 0.9331 -0.0736 -0.3519
vn 0.9355 -0.1009 -0.3386
vn 0.9378 -0.0729 -0.3394
vn 0.9379 -0.0262 -0.3458
vn 0.9390 -0.0336 -0.3423
vn 0.9398 -0.0012 -0.3416
vn 0.9378 0.0728 -0.3396
vn 0.9380 0.0337 -0.3449
vn 0.9394 0.0253 -0.3419
vn 0.9398 0.0002 -0.3416
vn 0.9378 0.0725 -0.3396
vn 0.9331 0.1005 -0.3453
vn 0.9326 0.1206 -0.3401
vn 0.9477 0.1137 -0.2983
vn 0.9033 0.1574 -0.3991
vn 0.9186 0.1729 -0.3553
vn 0.9042 0.2271 -0.3618
vn 0.9068 0.2234 -0.3574
vn 0.9186 0.1733 -0.3553
vn 0.8865 0.2913 -0.3595
vn 0.8966 0.2714 -0.3500
vn 0.8965 0.2717 -0.3500
vn 0.8654 0.3548 -0.3538
vn 0.8805 0.3212 -0.3487
vn 0.8804 0.3215 -0.3486
vn 0.8159 0.4789 -0.3239
vn 0.8159 0.4788 -0.3240
vn 0.8005 0.4939 -0.3395
vn 0.8106 0.4743 -0.3434
vn 0.8220 0.4345 -0.3680
vn 0.8094 0.4835 -0.3333
vn 0.8388 0.4217 -0.3444
vn 0.8400 0.4180 -0.3460
vn 0.8612 0.3713 -0.3472
vn 0.8611 0.3714 -0.3472
vn 0.8183 0.4912 -0.2985
vn 0.8166 0.5113 -0.2678
vn 0.8183 0.4911 -0.2986
vn 0.8243 0.5142 -0.2368
vn 0.8243 0.5143 -0.2366
vn 0.8243 0.5143 -0.2369
vn 0.8286 0.5283 -0.1855
vn 0.8285 0.5282 -0.1858
vn 0.8266 0.5431 -0.1475
vn 0.8301 0.5470 -0.1089
vn 0.8300 0.5471 -0.1086
vn 0.8299 0.5470 -0.1093
vn 0.8278 0.5606 -0.0227
vn 0.8277 0.5608 -0.0223
vn 0.8309 0.5525 -0.0663
vn 0.8254 0.5644 0.0133
vn 0.8262 0.5632 0.0151
vn 0.8619 0.5071 0.0057
vn 0.8620 0.5068 0.0057
vn 0.8699 0.4928 0.0183
vn 0.8944 0.4473 0.0030
vn 0.8943 0.4474 0.0030
vn 0.9060 0.4227 0.0198
vn 0.9225 0.3861 0.0017
vn 0.9618 0.2737 0.0063
vn 0.9656 0.2590 0.0223
vn 0.9463 0.3232 0.0026
vn 0.9370 0.3493 0.0025
vn 0.9457 0.3234 0.0318
vn 0.9224 0.3862 0.0017
vn 0.9811 0.1929 0.0160
vn 0.9804 0.1967 0.0119
vn 0.9920 0.1258 0.0115
vn 0.9928 0.1189 0.0177
vn 0.9983 0.0583 0.0086
vn 0.9983 0.0578 0.0086
vn 0.9990 0.0399 0.0216
vn 0.9999 -0.0102 0.0064
vn 0.9999 -0.0105 0.0064
vn 0.9989 -0.0398 0.0232
vn 0.9970 -0.0775 0.0060
vn 0.9804 -0.1966 0.0094
vn 0.9769 -0.2122 0.0257
vn 0.9894 -0.1450 0.0072
vn 0.9929 -0.1187 0.0073
vn 0.9888 -0.1452 0.0347
vn 0.9970 -0.0774 0.0060
vn 0.9605 -0.2779 0.0176
vn 0.9618 -0.2736 0.0132
vn 0.9375 -0.3478 0.0109
vn 0.9397 -0.3418 0.0109
vn 0.9368 -0.3495 0.0180
vn 0.9146 -0.4042 0.0073
vn 0.9145 -0.4046 0.0073
vn 0.9061 -0.4225 0.0214
vn 0.8849 -0.4658 0.0051
vn 0.8847 -0.4661 0.0051
vn 0.8698 -0.4929 0.0222
vn 0.8508 -0.5255 0.0030
vn 0.8304 -0.5571 0.0063
vn 0.8189 -0.5733 0.0269
vn 0.8511 -0.5250 0.0030
vn 0.8312 -0.5549 -0.0355
vn 0.8274 -0.5564 -0.0762
vn 0.8310 -0.5551 -0.0359
vn 0.8310 -0.5551 -0.0349
vn 0.8206 -0.5491 -0.1583
vn 0.8322 -0.5413 -0.1200
vn 0.8322 -0.5413 -0.1204
vn 0.8242 -0.5061 -0.2539
vn 0.8195 -0.5300 -0.2180
vn 0.8030 -0.5253 -0.2814
vn 0.8243 -0.5060 -0.2540
vn 0.8242 -0.5061 -0.2541
vn 0.8084 -0.4988 -0.3126
vn 0.8086 -0.4986 -0.3124
vn 0.8206 -0.4938 -0.2875
vn 0.8312 0.5555 -0.0227
vn 0.8312 0.5552 -0.0288
vn 0.8704 0.4914 -0.0300
vn 0.8707 0.4910 -0.0296
vn 0.9064 0.4214 -0.0307
vn 0.9067 0.4208 -0.0300
vn 0.9368 0.3484 -0.0310
vn 0.9370 0.3480 -0.0306
vn 0.9615 0.2729 -0.0313
vn 0.9617 0.2724 -0.0308
vn 0.9801 0.1961 -0.0314
vn 0.9801 0.1960 -0.0312
vn 0.9925 0.1185 -0.0316
vn 0.9925 0.1183 -0.0314
vn 0.9987 0.0398 -0.0316
vn 0.8166 0.4930 -0.3004
vn 0.8121 0.4975 -0.3048
vn 0.8456 0.4298 -0.3165
vn 0.8470 0.4278 -0.3156
vn 0.8724 0.3655 -0.3245
vn 0.8736 0.3634 -0.3236
vn 0.8947 0.3001 -0.3309
vn 0.8955 0.2984 -0.3302
vn 0.9124 0.2337 -0.3360
vn 0.9130 0.2322 -0.3354
vn 0.9256 0.1671 -0.3397
vn 0.9259 0.1660 -0.3393
vn 0.9333 0.1097 -0.3418
vn 0.9477 0.1135 -0.2983
vn 0.8169 0.5106 -0.2681
vn 0.8168 0.5107 -0.2683
vn 0.8515 0.4441 -0.2789
vn 0.8536 0.4408 -0.2775
vn 0.8805 0.3783 -0.2857
vn 0.8821 0.3754 -0.2844
vn 0.9046 0.3113 -0.2912
vn 0.9059 0.3086 -0.2901
vn 0.9240 0.2426 -0.2956
vn 0.9248 0.2406 -0.2947
vn 0.9383 0.1738 -0.2988
vn 0.9389 0.1722 -0.2981
vn 0.9479 0.1048 -0.3008
vn 0.9481 0.1038 -0.3004
vn 0.9527 0.0352 -0.3018
vn 0.9528 0.0348 -0.3016
vn 0.9528 -0.0350 -0.3016
vn 0.9527 -0.0346 -0.3018
vn 0.9481 -0.1047 -0.3004
vn 0.9480 -0.1037 -0.3009
vn 0.9386 -0.1738 -0.2980
vn 0.9387 -0.1719 -0.2989
vn 0.9243 -0.2426 -0.2946
vn 0.9245 -0.2404 -0.2957
vn 0.9050 -0.3114 -0.2898
vn 0.9056 -0.3082 -0.2915
vn 0.8809 -0.3785 -0.2841
vn 0.8818 -0.3749 -0.2861
vn 0.8519 -0.4444 -0.2769
vn 0.8533 -0.4403 -0.2794
vn 0.8228 -0.5001 -0.2700
vn 0.8209 -0.4942 -0.2863
vn 0.9327 -0.1201 -0.3402
vn 0.9334 -0.1095 -0.3418
vn 0.9258 -0.1670 -0.3392
vn 0.9258 -0.1659 -0.3398
vn 0.9127 -0.2338 -0.3352
vn 0.9128 -0.2319 -0.3362
vn 0.8950 -0.3001 -0.3300
vn 0.8953 -0.2981 -0.3311
vn 0.8728 -0.3657 -0.3232
vn 0.8734 -0.3629 -0.3248
vn 0.8459 -0.4302 -0.3152
vn 0.8468 -0.4272 -0.3170
vn 0.8185 -0.4855 -0.3071
vn 0.8170 -0.4825 -0.3157
vn 0.9987 0.0395 -0.0314
vn 0.9987 -0.0394 -0.0314
vn 0.9987 -0.0396 -0.0316
vn 0.9925 -0.1181 -0.0315
vn 0.9925 -0.1184 -0.0317
vn 0.9801 -0.1958 -0.0313
vn 0.9801 -0.1960 -0.0315
vn 0.9617 -0.2723 -0.0309
vn 0.9616 -0.2727 -0.0313
vn 0.9370 -0.3479 -0.0306
vn 0.9368 -0.3484 -0.0311
vn 0.9067 -0.4207 -0.0301
vn 0.9065 -0.4212 -0.0307
vn 0.8707 -0.4908 -0.0296
vn 0.8704 -0.4913 -0.0302
vn 0.8279 -0.5601 -0.0288
vn 0.8304 -0.5571 0.0064
vn 0.8267 0.5430 -0.1474
vn 0.8184 0.5526 -0.1577
vn 0.8642 0.4750 -0.1660
vn 0.8663 0.4717 -0.1644
vn 0.8977 0.4064 -0.1700
vn 0.8995 0.4032 -0.1685
vn 0.9260 0.3355 -0.1732
vn 0.9273 0.3326 -0.1719
vn 0.9489 0.2623 -0.1757
vn 0.9497 0.2601 -0.1747
vn 0.9659 0.1884 -0.1775
vn 0.9664 0.1867 -0.1767
vn 0.9773 0.1136 -0.1787
vn 0.9775 0.1125 -0.1782
vn 0.9831 0.0381 -0.1791
vn 0.9831 0.0378 -0.1790
vn 0.9831 -0.0380 -0.1790
vn 0.9831 -0.0377 -0.1791
vn 0.9774 -0.1135 -0.1781
vn 0.9775 -0.1123 -0.1787
vn 0.9661 -0.1883 -0.1767
vn 0.9663 -0.1865 -0.1776
vn 0.9491 -0.2623 -0.1746
vn 0.9495 -0.2598 -0.1758
vn 0.9262 -0.3356 -0.1717
vn 0.9271 -0.3323 -0.1734
vn 0.8981 -0.4064 -0.1683
vn 0.8993 -0.4028 -0.1703
vn 0.8644 -0.4752 -0.1641
vn 0.8662 -0.4712 -0.1664
vn 0.8207 -0.5490 -0.1582
vn 0.8273 -0.5284 -0.1909
vn 0.8309 0.5525 -0.0661
vn 0.8184 0.5681 -0.0864
vn 0.8688 0.4867 -0.0914
vn 0.8702 0.4844 -0.0901
vn 0.9041 0.4170 -0.0935
vn 0.9052 0.4149 -0.0924
vn 0.9339 0.3447 -0.0952
vn 0.9347 0.3428 -0.0943
vn 0.9581 0.2698 -0.0965
vn 0.9586 0.2682 -0.0958
vn 0.9762 0.1940 -0.0974
vn 0.9765 0.1928 -0.0969
vn 0.9883 0.1171 -0.0980
vn 0.9884 0.1162 -0.0976
vn 0.9944 0.0391 -0.0982
vn 0.9944 0.0390 -0.0981
vn 0.9944 -0.0390 -0.0981
vn 0.9944 -0.0389 -0.0982
vn 0.9883 -0.1170 -0.0976
vn 0.9884 -0.1161 -0.0980
vn 0.9762 -0.1939 -0.0968
vn 0.9764 -0.1926 -0.0975
vn 0.9582 -0.2697 -0.0957
vn 0.9586 -0.2680 -0.0966
vn 0.9340 -0.3447 -0.0942
vn 0.9346 -0.3426 -0.0952
vn 0.9042 -0.4169 -0.0923
vn 0.9052 -0.4146 -0.0936
vn 0.8689 -0.4867 -0.0900
vn 0.8702 -0.4842 -0.0915
vn 0.8197 -0.5663 -0.0865
vn 0.8147 -0.5750 -0.0752
vn 0.8217 0.5297 -0.2104
vn 0.8164 0.5346 -0.2185
vn 0.8579 0.4600 -0.2289
vn 0.8604 0.4562 -0.2271
vn 0.8893 0.3926 -0.2343
vn 0.8912 0.3892 -0.2328
vn 0.9156 0.3236 -0.2388
vn 0.9169 0.3207 -0.2375
vn 0.9367 0.2528 -0.2424
vn 0.9377 0.2501 -0.2412
vn 0.9525 0.1813 -0.2448
vn 0.9530 0.1794 -0.2440
vn 0.9630 0.1092 -0.2464
vn 0.9632 0.1081 -0.2459
vn 0.9683 0.0367 -0.2471
vn 0.9684 0.0363 -0.2469
vn 0.9683 -0.0366 -0.2469
vn 0.9683 -0.0362 -0.2471
vn 0.9631 -0.1091 -0.2459
vn 0.9631 -0.1080 -0.2464
vn 0.9527 -0.1813 -0.2439
vn 0.9528 -0.1791 -0.2449
vn 0.9370 -0.2528 -0.2410
vn 0.9374 -0.2499 -0.2425
vn 0.9159 -0.3237 -0.2372
vn 0.9167 -0.3203 -0.2390
vn 0.8898 -0.3928 -0.2324
vn 0.8910 -0.3887 -0.2347
vn 0.8583 -0.4603 -0.2266
vn 0.8601 -0.4555 -0.2295
vn 0.8183 -0.5314 -0.2190
vn 0.8243 -0.5058 -0.2544
vn 0.3965 -0.8759 -0.2749
vn 0.3972 -0.8751 -0.2766
vn -0.0429 -0.9006 0.4325
vn -0.0430 -0.9014 0.4308
vn 0.0152 0.5506 0.8346
vn -0.9958 -0.0156 0.0900
vn -0.9551 0.0014 -0.2963
vn -0.9639 -0.0011 -0.2664
vn -0.9595 -0.0020 -0.2817
vn -0.9536 0.0011 -0.3009
vn -0.9525 0.0012 -0.3045
vn -0.9595 -0.0022 -0.2816
vn -0.9588 -0.0026 -0.2842
vn -0.9582 -0.0020 -0.2861
vn -0.9578 -0.0018 -0.2875
vn -0.9575 -0.0018 -0.2883
vn -0.9551 0.0006 -0.2964
vn -0.9548 0.0005 -0.2973
vn -0.9570 -0.0019 -0.2901
vn -0.9556 -0.0020 -0.2947
vn -0.9543 -0.0053 -0.2989
vn -0.9542 -0.0077 -0.2989
vn -0.9543 -0.0069 -0.2987
vn -0.9546 -0.0053 -0.2978
vn -0.9545 -0.0024 -0.2983
vn -0.9550 -0.0005 -0.2965
vn -0.9552 -0.0002 -0.2960
vn -0.9531 0.0060 -0.3024
vn -0.9531 0.0057 -0.3027
vn -0.9541 -0.0087 -0.2994
vn -0.9542 -0.0063 -0.2989
vn -0.9543 -0.0059 -0.2987
vn -0.9547 -0.0024 -0.2975
vn -0.9549 0.0011 -0.2969
vn -0.9549 0.0007 -0.2969
vn -0.9548 -0.0023 -0.2973
vn -0.9550 -0.0011 -0.2965
vn -0.9551 -0.0009 -0.2964
vn -0.9550 -0.0007 -0.2966
vn -0.9550 -0.0009 -0.2966
vn -0.9551 -0.0005 -0.2962
vn -0.9549 -0.0018 -0.2968
vn -0.9546 -0.0023 -0.2978
vn -0.9546 -0.0025 -0.2979
vn -0.9545 -0.0034 -0.2983
vn -0.9544 -0.0033 -0.2986
vn -0.9541 -0.0045 -0.2994
vn -0.9539 -0.0050 -0.3001
vn -0.9539 -0.0056 -0.3000
vn -0.9534 -0.0068 -0.3018
vn -0.9538 -0.0048 -0.3004
vn -0.9537 -0.0050 -0.3007
vn -0.9538 -0.0055 -0.3004
vn -0.9535 -0.0059 -0.3013
vn -0.9545 -0.0021 -0.2983
vn -0.9546 -0.0019 -0.2979
vn -0.9548 -0.0022 -0.2973
vn -0.9888 0.0049 -0.1488
vn -0.9519 -0.0004 -0.3065
vn -0.9518 -0.0006 -0.3067
vn -0.9473 -0.0024 -0.3204
vn -0.9475 -0.0024 -0.3196
vn -0.9519 -0.0010 -0.3063
vn -0.9519 -0.0016 -0.3063
vn -0.9514 -0.0019 -0.3080
vn -0.9523 -0.0019 -0.3051
vn -0.9558 0.0002 -0.2941
vn -0.9558 0.0005 -0.2940
vn -0.9552 -0.0001 -0.2959
vn -0.9552 -0.0001 -0.2958
vn -0.9566 0.0011 -0.2914
vn -0.9565 0.0015 -0.2917
vn -0.9538 -0.0015 -0.3004
vn -0.9553 0.0004 -0.2957
vn -0.9553 -0.0002 -0.2957
vn -0.9566 0.0014 -0.2915
vn -0.9566 0.0014 -0.2914
vn -0.9566 0.0013 -0.2915
vn -0.9566 0.0018 -0.2914
vn -0.9580 0.0041 -0.2867
vn -0.9569 0.0080 -0.2902
vn -0.9573 0.0032 -0.2892
vn -0.9571 0.0033 -0.2897
vn -0.9551 -0.0004 -0.2962
vn -0.9552 -0.0007 -0.2961
vn -0.9560 0.0020 -0.2932
vn -0.9562 0.0020 -0.2926
vn -0.9553 0.0001 -0.2955
vn -0.9553 0.0002 -0.2955
vn -0.9555 -0.0002 -0.2950
vn -0.9550 0.0013 -0.2966
vn -0.9565 0.0003 -0.2916
vn -0.9559 -0.0014 -0.2936
vn -0.9549 -0.0039 -0.2969
vn -0.9553 0.0007 -0.2955
vn -0.9566 -0.0004 -0.2913
vn -0.9548 -0.0006 -0.2971
vn -0.9535 0.0055 -0.3013
vn -0.9530 0.0055 -0.3029
vn -0.9526 0.0067 -0.3041
vn -0.9511 0.0096 -0.3088
vn -0.9508 0.0092 -0.3097
vn -0.9499 0.0106 -0.3125
vn -0.9499 0.0106 -0.3123
vn -0.9506 0.0095 -0.3104
vn -0.9500 0.0086 -0.3122
vn -0.9523 0.0053 -0.3052
vn -0.9517 0.0053 -0.3069
vn -0.9547 0.0011 -0.2977
vn -0.9545 0.0009 -0.2982
vn -0.9539 0.0018 -0.3001
vn -0.9534 0.0018 -0.3017
vn -0.9554 -0.0002 -0.2954
vn -0.9554 -0.0002 -0.2953
vn -0.9553 -0.0000 -0.2957
vn -0.9579 0.0021 -0.2869
vn -0.9552 0.0005 -0.2959
vn -0.9552 0.0006 -0.2959
vn -0.9544 -0.0075 -0.2983
vn -0.9545 -0.0063 -0.2981
vn -0.9551 -0.0025 -0.2962
vn -0.9551 -0.0021 -0.2962
vn -0.9552 0.0004 -0.2960
vn -0.9554 -0.0010 -0.2954
vn -0.9552 -0.0002 -0.2959
vn -0.9552 -0.0000 -0.2959
vn -0.9554 0.0002 -0.2954
vn -0.9554 0.0003 -0.2954
vn -0.9552 0.0001 -0.2961
vn -0.9551 -0.0011 -0.2961
vn -0.9552 -0.0004 -0.2958
vn -0.9552 0.0010 -0.2958
vn -0.9553 0.0006 -0.2957
vn -0.9572 -0.0042 -0.2895
vn -0.9552 0.0002 -0.2959
vn -0.9551 0.0008 -0.2962
vn -0.9548 0.0012 -0.2973
vn -0.9548 0.0022 -0.2971
vn -0.9548 0.0023 -0.2972
vn -0.9548 0.0025 -0.2972
vn -0.9550 0.0011 -0.2966
vn -0.9551 0.0010 -0.2964
vn -0.9551 0.0005 -0.2964
vn -0.9550 0.0009 -0.2967
vn -0.9549 0.0025 -0.2971
vn -0.9549 0.0026 -0.2971
vn -0.9551 0.0002 -0.2964
vn -0.9552 -0.0001 -0.2960
vn -0.9552 -0.0000 -0.2960
vn -0.9553 0.0008 -0.2957
vn -0.9552 0.0011 -0.2958
vn -0.9554 -0.0064 -0.2951
vn -0.9553 0.0014 -0.2958
vn -0.9556 -0.0070 -0.2945
vn -0.9554 -0.0011 -0.2952
vn -0.9557 -0.0031 -0.2942
vn -0.9566 -0.0018 -0.2913
vn -0.9555 -0.0020 -0.2949
vn -0.9555 -0.0025 -0.2949
vn -0.9554 -0.0029 -0.2954
vn -0.9554 -0.0016 -0.2952
vn -0.9556 -0.0028 -0.2946
vn -0.9554 -0.0019 -0.2954
vn -0.9552 -0.0005 -0.2961
vn -0.9548 0.0010 -0.2972
vn -0.9552 0.0022 -0.2961
vn -0.9554 0.0054 -0.2954
vn -0.9552 0.0015 -0.2960
vn -0.9551 0.0032 -0.2963
vn -0.9553 0.0009 -0.2956
vn -0.9552 0.0025 -0.2959
vn -0.9552 0.0004 -0.2961
vn -0.9550 0.0007 -0.2965
vn -0.9552 0.0023 -0.2959
vn -0.9554 -0.0021 -0.2954
vn -0.9554 -0.0022 -0.2954
vn -0.9554 -0.0028 -0.2952
vn -0.9550 -0.0007 -0.2965
vn -0.9553 -0.0011 -0.2957
vn -0.9553 -0.0015 -0.2958
vn -0.9553 -0.0019 -0.2955
vn -0.9553 -0.0006 -0.2956
vn -0.9549 0.0008 -0.2969
vn -0.9550 0.0008 -0.2964
vn -0.9551 0.0014 -0.2964
vn -0.9551 0.0016 -0.2964
vn -0.9553 0.0016 -0.2956
vn -0.9551 0.0012 -0.2962
vn -0.9551 0.0021 -0.2962
vn -0.9553 0.0002 -0.2957
vn -0.9543 0.0080 -0.2988
vn -0.9552 0.0020 -0.2958
vn -0.9552 -0.0004 -0.2959
vn -0.9553 -0.0005 -0.2958
vn -0.9552 0.0001 -0.2960
vn -0.9556 -0.0030 -0.2948
vn -0.9553 -0.0009 -0.2958
vn -0.9553 -0.0009 -0.2955
vn -0.9553 -0.0007 -0.2956
vn -0.9554 -0.0007 -0.2954
vn -0.9551 0.0006 -0.2962
vn -0.9553 -0.0008 -0.2956
vn -0.9553 0.0037 -0.2955
vn -0.9553 -0.0005 -0.2957
vn -0.9557 0.0056 -0.2943
vn -0.9555 0.0025 -0.2951
vn -0.9553 -0.0014 -0.2955
vn -0.9551 0.0004 -0.2963
vn -0.9551 0.0002 -0.2963
vn -0.9552 0.0002 -0.2960
vn -0.9553 -0.0001 -0.2957
vn -0.9525 0.0091 -0.3044
vn -0.9550 0.0016 -0.2965
vn -0.9552 0.0007 -0.2960
vn -0.9552 -0.0003 -0.2959
vn -0.9557 -0.0016 -0.2944
vn -0.9554 -0.0016 -0.2954
vn 0.9547 0.0002 0.2974
vn 0.9488 0.0009 0.3159
vn 0.9556 0.0012 0.2946
vn 0.9552 -0.0006 0.2959
vn 0.9492 0.0009 0.3147
vn 0.9525 0.0014 0.3044
vn 0.9578 -0.0016 0.2875
vn 0.9587 -0.0016 0.2843
vn 0.9555 -0.0000 0.2952
vn 0.9534 0.0012 0.3018
vn 0.9556 -0.0005 0.2946
vn 0.9558 0.0008 0.2942
vn 0.9550 -0.0009 0.2965
vn 0.9550 -0.0010 0.2965
vn 0.9551 -0.0003 0.2962
vn 0.9553 0.0002 0.2956
vn 0.9553 -0.0001 0.2957
vn 0.9552 0.0002 0.2959
vn 0.9551 -0.0008 0.2964
vn 0.9548 -0.0014 0.2971
vn 0.9550 0.0008 0.2967
vn 0.9555 -0.0013 0.2950
vn 0.9549 -0.0018 0.2971
vn 0.9554 0.0009 0.2953
vn 0.9554 0.0014 0.2953
vn 0.9555 0.0010 0.2950
vn 0.9555 0.0009 0.2951
vn 0.9557 -0.0002 0.2944
vn 0.9552 0.0001 0.2960
vn 0.9551 -0.0003 0.2963
vn 0.9554 0.0003 0.2952
vn 0.9557 0.0017 0.2943
vn 0.9558 0.0017 0.2941
vn 0.9555 0.0004 0.2949
vn 0.9553 0.0001 0.2956
vn 0.9559 -0.0000 0.2937
vn 0.9544 0.0008 0.2985
vn 0.9568 -0.0014 0.2907
vn 0.9574 -0.0014 0.2887
vn 0.9564 -0.0005 0.2920
vn 0.9553 -0.0001 0.2956
vn 0.9541 0.0010 0.2994
vn 0.9549 0.0008 0.2968
vn 0.9542 0.0009 0.2993
vn 0.9549 0.0006 0.2969
vn 0.9564 -0.0014 0.2922
vn 0.9556 -0.0008 0.2948
vn 0.9550 0.0013 0.2968
vn 0.9545 0.0013 0.2983
vn 0.9549 0.0006 0.2970
vn 0.9547 0.0008 0.2975
vn 0.9551 -0.0002 0.2961
vn 0.9554 -0.0002 0.2954
vn 0.9554 -0.0004 0.2953
vn 0.9555 -0.0004 0.2950
vn 0.9555 -0.0005 0.2951
vn 0.9551 -0.0005 0.2964
vn 0.9549 -0.0011 0.2970
vn 0.9547 -0.0002 0.2977
vn 0.9385 0.0001 0.3454
vn 0.9502 0.0004 0.3116
vn 0.9500 -0.0007 0.3123
vn 0.9437 -0.0013 0.3307
vn 0.9439 -0.0014 0.3301
vn 0.9460 -0.0010 0.3242
vn 0.9549 0.0001 0.2971
vn 0.9518 -0.0013 0.3066
vn 0.9484 -0.0017 0.3169
vn 0.9377 -0.0051 0.3474
vn 0.9562 0.0003 0.2926
vn 0.9592 0.0022 0.2827
vn 0.9580 0.0018 0.2868
vn 0.9550 -0.0007 0.2964
vn 0.9558 0.0021 0.2939
vn 0.9552 -0.0006 0.2961
vn 0.9552 -0.0002 0.2960
vn 0.9552 -0.0000 0.2960
vn 0.9551 -0.0005 0.2962
vn 0.9554 0.0004 0.2954
vn 0.9556 0.0001 0.2948
vn 0.9552 -0.0022 0.2959
vn 0.9554 0.0005 0.2955
vn 0.9555 0.0008 0.2951
vn 0.9547 0.0011 0.2975
vn 0.9552 -0.0014 0.2959
vn 0.9547 -0.0011 0.2975
vn 0.9555 0.0002 0.2951
vn 0.9566 0.0012 0.2915
vn 0.9553 0.0005 0.2957
vn 0.9564 0.0006 0.2922
vn 0.9546 -0.0005 0.2978
vn 0.9538 -0.0012 0.3003
vn 0.9537 -0.0012 0.3006
vn 0.9555 0.0002 0.2949
vn 0.9558 0.0006 0.2940
vn 0.9543 -0.0010 0.2989
vn 0.9541 -0.0010 0.2996
vn 0.9546 -0.0006 0.2979
vn 0.9543 -0.0011 0.2988
vn 0.9566 0.0019 0.2914
vn 0.9561 0.0019 0.2931
vn 0.9553 -0.0002 0.2957
vn 0.9543 0.0029 0.2989
vn 0.9558 -0.0015 0.2939
vn 0.9552 -0.0003 0.2960
vn 0.9555 -0.0007 0.2949
vn 0.9558 -0.0005 0.2941
vn 0.9553 0.0003 0.2956
vn 0.9553 -0.0008 0.2957
vn 0.9552 -0.0001 0.2960
vn 0.9552 -0.0005 0.2961
vn 0.9551 -0.0010 0.2964
vn 0.9546 0.0038 0.2977
vn 0.9552 -0.0006 0.2960
vn 0.9552 -0.0000 0.2959
vn 0.9551 -0.0004 0.2962
vn 0.9552 -0.0012 0.2960
vn 0.9552 -0.0013 0.2961
vn 0.9551 -0.0001 0.2962
vn 0.9553 0.0006 0.2956
vn 0.9553 0.0007 0.2956
vn 0.9552 0.0007 0.2960
vn 0.9553 -0.0005 0.2958
vn 0.9552 -0.0008 0.2959
vn 0.9553 0.0019 0.2957
vn 0.9551 0.0047 0.2961
vn 0.9553 0.0012 0.2957
vn 0.9553 0.0018 0.2956
vn 0.9554 0.0018 0.2953
vn 0.9552 0.0003 0.2960
vn 0.9552 -0.0007 0.2959
vn 0.9551 -0.0015 0.2963
vn 0.9552 -0.0014 0.2961
vn 0.9552 -0.0008 0.2960
vn 0.9554 -0.0059 0.2953
vn 0.9552 -0.0021 0.2960
vn 0.9552 -0.0013 0.2958
vn 0.9553 -0.0001 0.2958
vn 0.9553 -0.0000 0.2956
vn 0.9553 -0.0003 0.2957
vn 0.9553 -0.0004 0.2955
vn 0.9548 0.0018 0.2971
vn 0.9548 0.0020 0.2971
vn 0.9561 -0.0005 0.2930
vn 0.9550 0.0013 0.2967
vn 0.9551 0.0010 0.2964
vn 0.9551 0.0002 0.2962
vn 0.9557 -0.0024 0.2942
vn 0.9556 -0.0022 0.2945
vn 0.9553 -0.0003 0.2958
vn 0.9553 0.0002 0.2958
vn 0.9552 0.0006 0.2960
vn 0.9552 0.0005 0.2960
vn 0.9549 0.0015 0.2968
vn 0.9551 0.0011 0.2964
vn 0.9551 0.0008 0.2962
vn 0.9551 0.0005 0.2962
vn 0.9565 -0.0004 0.2917
vn 0.9554 -0.0011 0.2952
vn 0.9556 -0.0017 0.2947
vn 0.9556 -0.0018 0.2945
vn 0.9553 -0.0004 0.2958
vn 0.9553 0.0007 0.2958
vn 0.9552 0.0002 0.2958
vn 0.9552 0.0005 0.2959
vn 0.9554 -0.0037 0.2952
vn 0.9552 -0.0001 0.2959
vn 0.9552 0.0009 0.2961
vn 0.9552 0.0003 0.2961
vn 0.9552 0.0033 0.2960
vn 0.9553 -0.0000 0.2958
vn 0.9551 0.0007 0.2962
vn 0.9551 0.0018 0.2962
vn 0.9552 0.0024 0.2961
vn 0.9553 -0.0005 0.2957
vn 0.9553 -0.0006 0.2957
vn 0.9553 -0.0012 0.2957
vn 0.9552 0.0004 0.2958
vn 0.9553 -0.0016 0.2957
vn 0.9552 0.0001 0.2958
vn 0.9552 0.0001 0.2961
vn 0.9552 0.0005 0.2961
vn 0.9566 -0.0096 0.2912
vn 0.9552 0.0009 0.2959
vn 0.9552 -0.0007 0.2958
vn 0.9550 0.0016 0.2965
vn 0.9554 -0.0021 0.2952
vn 0.9552 0.0011 0.2961
vn 0.9552 -0.0019 0.2961
vn 0.9552 0.0073 0.2958
vn 0.9552 -0.0003 0.2958
vn 0.9551 0.0010 0.2961
vn 0.9552 0.0010 0.2959
vn 0.9552 0.0013 0.2960
vn 0.9571 0.0052 0.2898
vn 0.9552 0.0002 0.2960
vn 0.9552 0.0004 0.2960
vn 0.9554 -0.0012 0.2954
vn 0.9554 -0.0012 0.2952
vn 0.9552 -0.0010 0.2958
vn 0.9546 0.0030 0.2980
vn 0.9556 -0.0019 0.2946
vn 0.9552 0.0014 0.2961
vn 0.9552 -0.0002 0.2959
vn 0.9569 -0.0116 0.2902
vn 0.9553 -0.0007 0.2958
vn 0.9553 -0.0012 0.2956
vn 0.9557 -0.0013 0.2943
vn 0.9552 0.0005 0.2958
s 0
usemtl material
f 1//1 2//1 3//1
f 4//1 5//1 2//1
f 2//1 5//1 6//1
f 6//1 7//1 2//1
f 2//1 7//1 8//1
f 2//1 8//1 9//1
f 9//1 10//1 2//1
f 2//1 10//1 11//1
f 2//1 11//1 12//1
f 13//1 14//1 15//1
f 15//1 14//1 16//1
f 15//1 16//1 17//1
f 3//1 18//1 1//1
f 1//1 18//1 14//1
f 1//1 14//1 19//1
f 19//1 14//1 13//1
f 1//1 20//1 2//1
f 2//1 20//1 21//1
f 2//1 21//1 22//1
f 12//1 23//1 2//1
f 2//1 23//1 24//1
f 2//1 24//1 25//1
f 25//1 26//1 2//1
f 2//1 26//1 27//1
f 2//1 27//1 28//1
f 28//1 29//1 2//1
f 2//1 29//1 30//1
f 2//1 30//1 31//1
f 22//1 32//1 2//1
f 2//1 32//1 33//1
f 2//1 33//1 4//1
f 17//1 34//1 15//1
f 15//1 34//1 35//1
f 15//1 35//1 36//1
f 37//2 38//2 39//2
f 40//3 41//3 42//3
f 42//3 43//3 40//3
f 40//2 43//2 44//2
f 40//3 44//3 45//3
f 45//2 46//2 40//2
f 40//3 46//3 47//3
f 40//2 47//2 48//2
f 49//2 50//2 39//2
f 38//3 51//3 39//3
f 39//3 51//3 52//3
f 39//2 52//2 53//2
f 54//3 55//3 40//3
f 40//3 55//3 56//3
f 40//3 56//3 57//3
f 57//3 58//3 40//3
f 40//3 58//3 59//3
f 40//3 59//3 60//3
f 49//3 39//3 61//3
f 62//3 63//3 39//3
f 39//3 63//3 64//3
f 39//3 64//3 37//3
f 53//3 65//3 39//3
f 39//3 65//3 66//3
f 39//3 66//3 67//3
f 67//3 66//3 68//3
f 60//3 69//3 40//3
f 40//3 69//3 70//3
f 40//3 70//3 71//3
f 72//3 73//3 40//3
f 40//3 73//3 74//3
f 40//4 74//4 41//4
f 75//2 76//2 40//2
f 40//3 76//3 77//3
f 40//2 77//2 78//2
f 78//3 79//3 40//3
f 40//2 79//2 80//2
f 40//3 80//3 81//3
f 54//3 40//3 39//3
f 39//3 40//3 82//3
f 39//5 82//5 61//5
f 83//3 84//3 39//3
f 39//3 84//3 85//3
f 39//2 85//2 62//2
f 71//6 86//6 40//6
f 40//3 86//3 87//3
f 40//3 87//3 72//3
f 48//3 88//3 40//3
f 40//3 88//3 89//3
f 40//3 89//3 75//3
f 90//3 91//3 80//3
f 80//3 91//3 92//3
f 80//3 92//3 93//3
f 94//3 95//3 80//3
f 80//3 95//3 96//3
f 80//3 96//3 97//3
f 98//3 99//3 80//3
f 80//2 99//2 100//2
f 80//3 100//3 101//3
f 101//2 102//2 80//2
f 80//3 102//3 103//3
f 80//3 103//3 104//3
f 50//3 105//3 39//3
f 39//3 105//3 106//3
f 39//2 106//2 83//2
f 66//7 107//7 108//7
f 108//8 109//8 66//8
f 66//3 109//3 110//3
f 66//3 110//3 111//3
f 111//3 112//3 66//3
f 66//2 112//2 113//2
f 66//3 113//3 68//3
f 114//2 115//2 116//2
f 116//3 115//3 117//3
f 114//2 118//2 115//2
f 115//3 118//3 119//3
f 115//3 119//3 120//3
f 120//3 119//3 80//3
f 80//3 119//3 121//3
f 80//2 121//2 90//2
f 93//3 122//3 80//3
f 80//3 122//3 123//3
f 80//2 123//2 94//2
f 97//3 124//3 80//3
f 80//2 124//2 125//2
f 80//3 125//3 98//3
f 104//2 126//2 80//2
f 80//3 126//3 127//3
f 80//3 127//3 81//3
f 128//9 28//9 129//9
f 129//10 28//10 27//10
f 129//10 27//10 130//10
f 130//11 27//11 26//11
f 130//11 26//11 131//11
f 131//12 26//12 25//12
f 131//12 25//12 132//12
f 132//13 25//13 24//13
f 132//13 24//13 133//13
f 133//14 24//14 23//14
f 133//14 23//14 134//14
f 134//15 23//15 12//15
f 134//15 12//15 135//15
f 135//16 12//16 11//16
f 135//16 11//16 136//16
f 136//17 11//17 10//17
f 136//17 10//17 137//17
f 137//18 10//18 9//18
f 137//18 9//18 138//18
f 138//19 9//19 8//19
f 138//19 8//19 139//19
f 139//20 8//20 7//20
f 139//20 7//20 140//20
f 140//21 7//21 6//21
f 140//21 6//21 141//21
f 141//22 6//22 5//22
f 141//22 5//22 142//22
f 142//23 5//23 4//23
f 142//23 4//23 143//23
f 143//24 4//24 33//24
f 143//24 33//24 144//24
f 144//25 33//25 32//25
f 144//25 32//25 145//25
f 145//26 32//26 22//26
f 145//26 22//26 146//26
f 146//27 22//27 21//27
f 146//27 21//27 147//27
f 147//28 21//28 20//28
f 147//28 20//28 148//28
f 148//29 20//29 1//29
f 148//29 1//29 149//29
f 149//30 1//30 19//30
f 149//30 19//30 150//30
f 150//31 19//31 13//31
f 150//31 13//31 151//31
f 151//32 13//32 15//32
f 151//32 15//32 152//32
f 152//33 15//33 36//33
f 152//33 36//33 153//33
f 153//34 36//34 35//34
f 153//34 35//34 154//34
f 154//35 35//35 34//35
f 154//35 34//35 155//35
f 155//36 34//36 17//36
f 155//36 17//36 156//36
f 156//37 17//37 16//37
f 156//37 16//37 157//37
f 157//38 16//38 14//38
f 157//38 14//38 158//38
f 158//39 14//39 18//39
f 158//39 18//39 159//39
f 159//40 18//40 3//40
f 159//40 3//40 160//40
f 160//41 3//41 2//41
f 160//41 2//41 161//41
f 161//42 2//42 31//42
f 161//42 31//42 162//42
f 162//43 31//43 30//43
f 162//43 30//43 163//43
f 163//44 30//44 29//44
f 163//44 29//44 128//44
f 128//9 29//9 28//9
f 89//45 88//45 164//45
f 164//46 88//46 165//46
f 46//47 166//47 47//47
f 47//48 166//48 165//48
f 47//49 165//49 48//49
f 48//50 165//50 88//50
f 46//51 45//51 166//51
f 166//52 45//52 44//52
f 166//53 44//53 167//53
f 41//54 168//54 42//54
f 42//55 168//55 167//55
f 42//56 167//56 43//56
f 43//57 167//57 44//57
f 72//58 169//58 73//58
f 73//59 169//59 168//59
f 73//60 168//60 74//60
f 74//61 168//61 41//61
f 72//62 87//62 169//62
f 169//63 87//63 86//63
f 169//64 86//64 170//64
f 69//65 171//65 70//65
f 70//66 171//66 170//66
f 70//67 170//67 71//67
f 71//68 170//68 86//68
f 69//69 60//69 171//69
f 171//70 60//70 59//70
f 171//71 59//71 172//71
f 56//72 173//72 57//72
f 57//73 173//73 172//73
f 57//74 172//74 58//74
f 58//75 172//75 59//75
f 56//76 55//76 173//76
f 173//77 55//77 54//77
f 173//78 54//78 174//78
f 68//79 175//79 67//79
f 67//80 175//80 174//80
f 67//81 174//81 39//81
f 39//82 174//82 54//82
f 68//83 113//83 175//83
f 175//84 113//84 112//84
f 175//85 112//85 176//85
f 109//86 177//86 110//86
f 110//87 177//87 176//87
f 110//88 176//88 111//88
f 111//89 176//89 112//89
f 109//90 108//90 177//90
f 177//91 108//91 107//91
f 177//92 107//92 178//92
f 53//93 179//93 65//93
f 65//94 179//94 178//94
f 65//95 178//95 66//95
f 66//96 178//96 107//96
f 53//97 52//97 179//97
f 179//98 52//98 51//98
f 179//99 51//99 180//99
f 64//100 181//100 37//100
f 37//101 181//101 180//101
f 37//102 180//102 38//102
f 38//103 180//103 51//103
f 64//104 63//104 181//104
f 181//105 63//105 62//105
f 181//106 62//106 182//106
f 83//107 183//107 84//107
f 84//108 183//108 182//108
f 84//109 182//109 85//109
f 85//110 182//110 62//110
f 50//111 184//111 105//111
f 105//112 184//112 183//112
f 105//113 183//113 106//113
f 106//114 183//114 83//114
f 50//115 49//115 184//115
f 184//116 49//116 61//116
f 184//117 61//117 185//117
f 61//118 82//118 185//118
f 185//119 82//119 40//119
f 185//120 40//120 186//120
f 126//121 187//121 127//121
f 127//122 187//122 186//122
f 127//123 186//123 81//123
f 81//124 186//124 40//124
f 126//125 104//125 187//125
f 187//126 104//126 103//126
f 187//127 103//127 188//127
f 100//128 189//128 101//128
f 101//129 189//129 188//129
f 101//130 188//130 102//130
f 102//131 188//131 103//131
f 100//132 99//132 189//132
f 189//133 99//133 98//133
f 189//134 98//134 190//134
f 97//135 191//135 124//135
f 124//136 191//136 190//136
f 124//137 190//137 125//137
f 125//138 190//138 98//138
f 97//139 96//139 191//139
f 191//140 96//140 95//140
f 191//141 95//141 192//141
f 122//142 193//142 123//142
f 123//143 193//143 192//143
f 123//144 192//144 94//144
f 94//145 192//145 95//145
f 122//146 93//146 193//146
f 193//147 93//147 92//147
f 193//148 92//148 194//148
f 121//149 195//149 90//149
f 90//150 195//150 194//150
f 90//151 194//151 91//151
f 91//152 194//152 92//152
f 114//153 196//153 118//153
f 118//154 196//154 195//154
f 118//155 195//155 119//155
f 119//155 195//155 121//155
f 114//156 116//156 196//156
f 196//157 116//157 117//157
f 196//158 117//158 197//158
f 80//159 198//159 120//159
f 120//160 198//160 197//160
f 120//161 197//161 115//161
f 115//162 197//162 117//162
f 80//163 79//163 198//163
f 198//164 79//164 78//164
f 198//165 78//165 199//165
f 78//166 77//166 199//166
f 199//167 77//167 76//167
f 199//168 76//168 164//168
f 164//169 76//169 75//169
f 164//170 75//170 89//170
f 200//171 201//171 202//171
f 203//172 204//172 205//172
f 206//173 207//173 208//173
f 207//174 209//174 208//174
f 208//175 209//175 210//175
f 208//176 210//176 211//176
f 206//177 208//177 212//177
f 212//178 208//178 213//178
f 212//179 213//179 214//179
f 215//180 216//180 213//180
f 213//181 216//181 217//181
f 213//182 217//182 214//182
f 218//183 219//183 220//183
f 218//184 220//184 221//184
f 222//185 223//185 224//185
f 224//186 223//186 225//186
f 224//187 225//187 215//187
f 215//188 225//188 226//188
f 215//189 226//189 216//189
f 205//190 204//190 218//190
f 218//191 204//191 227//191
f 218//192 227//192 219//192
f 203//193 205//193 228//193
f 228//194 205//194 229//194
f 228//195 229//195 230//195
f 231//196 229//196 232//196
f 232//197 229//197 233//197
f 231//198 234//198 229//198
f 229//199 234//199 235//199
f 229//200 235//200 230//200
f 236//201 237//201 229//201
f 229//202 237//202 238//202
f 229//203 238//203 233//203
f 239//204 240//204 241//204
f 242//205 243//205 244//205
f 245//206 246//206 247//206
f 243//207 242//207 247//207
f 247//208 242//208 248//208
f 247//209 248//209 245//209
f 249//210 250//210 242//210
f 242//211 250//211 251//211
f 242//212 251//212 248//212
f 252//213 253//213 249//213
f 249//214 253//214 254//214
f 249//215 254//215 250//215
f 252//216 249//216 255//216
f 255//217 249//217 256//217
f 255//218 256//218 257//218
f 258//219 259//219 260//219
f 260//220 259//220 261//220
f 260//221 261//221 256//221
f 256//222 261//222 262//222
f 256//223 262//223 257//223
f 263//224 264//224 265//224
f 265//225 264//225 266//225
f 265//226 266//226 260//226
f 260//227 266//227 267//227
f 260//228 267//228 258//228
f 268//229 269//229 270//229
f 270//230 269//230 271//230
f 270//231 271//231 272//231
f 273//232 274//232 202//232
f 275//233 273//233 276//233
f 276//234 273//234 202//234
f 276//235 202//235 277//235
f 277//236 202//236 201//236
f 274//237 278//237 202//237
f 202//238 278//238 279//238
f 202//239 279//239 270//239
f 270//240 279//240 280//240
f 270//241 280//241 268//241
f 281//242 282//242 283//242
f 283//243 282//243 284//243
f 283//244 284//244 285//244
f 286//245 287//245 288//245
f 288//246 287//246 289//246
f 288//247 289//247 290//247
f 270//248 291//248 202//248
f 202//249 291//249 283//249
f 202//250 283//250 200//250
f 200//251 283//251 285//251
f 244//252 239//252 242//252
f 242//253 239//253 241//253
f 242//254 241//254 249//254
f 249//255 241//255 292//255
f 249//256 292//256 256//256
f 256//257 292//257 293//257
f 256//258 293//258 260//258
f 260//259 293//259 294//259
f 260//260 294//260 265//260
f 265//261 294//261 295//261
f 296//262 281//262 297//262
f 297//263 281//263 283//263
f 297//264 283//264 298//264
f 298//265 283//265 291//265
f 298//266 291//266 295//266
f 295//267 291//267 270//267
f 295//268 270//268 265//268
f 265//269 270//269 272//269
f 265//270 272//270 263//270
f 220//271 222//271 221//271
f 221//272 222//272 224//272
f 221//273 224//273 299//273
f 299//274 224//274 215//274
f 299//275 215//275 300//275
f 300//276 215//276 213//276
f 300//277 213//277 288//277
f 288//278 213//278 208//278
f 288//279 208//279 286//279
f 286//280 208//280 211//280
f 240//281 236//281 241//281
f 241//282 236//282 229//282
f 241//283 229//283 292//283
f 292//284 229//284 205//284
f 292//285 205//285 293//285
f 293//286 205//286 218//286
f 293//287 218//287 294//287
f 294//288 218//288 221//288
f 294//289 221//289 295//289
f 295//290 221//290 299//290
f 295//291 299//291 298//291
f 298//292 299//292 300//292
f 298//264 300//264 297//264
f 297//293 300//293 288//293
f 297//294 288//294 296//294
f 296//295 288//295 290//295
f 301//296 302//296 303//296
f 304//297 305//297 306//297
f 307//298 308//298 309//298
f 310//299 311//299 312//299
f 313//300 314//300 315//300
f 316//301 317//301 318//301
f 319//302 320//302 321//302
f 322//303 323//303 324//303
f 325//304 326//304 327//304
f 328//305 329//305 330//305
f 331//306 332//306 333//306
f 334//307 335//307 336//307
f 337//308 338//308 339//308
f 340//309 341//309 342//309
f 343//310 341//310 344//310
f 345//311 346//311 347//311
f 348//312 349//312 350//312
f 351//313 352//313 353//313
f 354//314 355//314 356//314
f 357//315 358//315 348//315
f 359//316 360//316 361//316
f 362//317 363//317 364//317
f 365//318 366//318 367//318
f 367//319 366//319 368//319
f 369//320 370//320 371//320
f 372//321 373//321 374//321
f 339//322 338//322 375//322
f 376//323 377//323 378//323
f 379//324 380//324 381//324
f 382//325 383//325 384//325
f 385//326 386//326 387//326
f 388//327 389//327 390//327
f 391//328 392//328 393//328
f 394//329 395//329 396//329
f 397//330 398//330 399//330
f 400//331 401//331 402//331
f 403//332 404//332 405//332
f 406//333 407//333 408//333
f 409//334 410//334 411//334
f 412//335 413//335 414//335
f 415//336 416//336 417//336
f 418//337 419//337 420//337
f 421//338 422//338 423//338
f 424//339 425//339 426//339
f 289//340 287//340 427//340
f 428//341 429//341 430//341
f 431//342 432//342 433//342
f 434//343 435//343 436//343
f 436//344 435//344 437//344
f 438//345 439//345 440//345
f 440//346 439//346 434//346
f 441//347 442//347 443//347
f 444//348 445//348 446//348
f 447//349 448//349 449//349
f 449//350 448//350 450//350
f 451//351 452//351 453//351
f 453//352 452//352 454//352
f 451//353 453//353 455//353
f 455//354 453//354 456//354
f 455//355 456//355 457//355
f 430//356 429//356 456//356
f 456//357 429//357 458//357
f 456//358 458//358 457//358
f 428//359 430//359 459//359
f 459//360 430//360 460//360
f 459//361 460//361 461//361
f 462//362 463//362 464//362
f 464//363 463//363 465//363
f 464//364 465//364 466//364
f 466//365 465//365 467//365
f 466//366 467//366 460//366
f 460//367 467//367 468//367
f 460//368 468//368 461//368
f 462//369 464//369 469//369
f 469//370 464//370 470//370
f 469//371 470//371 471//371
f 471//372 470//372 472//372
f 472//373 470//373 473//373
f 472//374 473//374 474//374
f 475//375 476//375 473//375
f 473//376 476//376 477//376
f 473//377 477//377 474//377
f 478//378 479//378 427//378
f 427//379 479//379 480//379
f 427//380 480//380 475//380
f 475//381 480//381 481//381
f 475//382 481//382 476//382
f 210//383 478//383 211//383
f 211//384 478//384 427//384
f 211//385 427//385 286//385
f 286//386 427//386 287//386
f 413//387 296//387 290//387
f 201//388 200//388 412//388
f 412//389 200//389 285//389
f 285//390 284//390 412//390
f 412//391 284//391 282//391
f 412//392 282//392 413//392
f 413//393 282//393 281//393
f 413//394 281//394 296//394
f 275//395 276//395 482//395
f 482//396 276//396 277//396
f 483//397 484//397 485//397
f 485//398 486//398 483//398
f 483//399 486//399 487//399
f 483//399 487//399 488//399
f 489//400 490//400 491//400
f 491//401 490//401 492//401
f 491//402 492//402 484//402
f 484//403 492//403 493//403
f 484//404 493//404 485//404
f 494//405 495//405 496//405
f 497//406 498//406 494//406
f 494//407 498//407 499//407
f 494//408 499//408 495//408
f 422//409 500//409 423//409
f 423//410 500//410 501//410
f 423//411 501//411 497//411
f 497//412 501//412 502//412
f 497//413 502//413 498//413
f 503//414 504//414 505//414
f 505//415 504//415 506//415
f 507//416 508//416 509//416
f 509//417 508//417 510//417
f 511//418 512//418 513//418
f 513//419 512//419 514//419
f 513//420 514//420 515//420
f 516//421 517//421 518//421
f 518//422 517//422 519//422
f 520//423 521//423 522//423
f 522//424 521//424 523//424
f 419//425 524//425 420//425
f 420//426 524//426 525//426
f 420//427 525//427 526//427
f 527//428 528//428 529//428
f 529//428 528//428 530//428
f 531//429 532//429 393//429
f 393//430 532//430 533//430
f 393//431 533//431 534//431
f 535//432 536//432 531//432
f 537//433 538//433 539//433
f 539//434 538//434 540//434
f 540//435 538//435 541//435
f 541//436 538//436 542//436
f 541//437 542//437 543//437
f 544//438 545//438 542//438
f 542//439 545//439 546//439
f 542//440 546//440 543//440
f 547//441 548//441 549//441
f 549//442 548//442 550//442
f 549//443 550//443 544//443
f 544//444 550//444 551//444
f 544//445 551//445 545//445
f 547//446 549//446 552//446
f 552//447 549//447 553//447
f 552//448 553//448 554//448
f 554//449 553//449 555//449
f 555//450 553//450 556//450
f 555//451 556//451 557//451
f 558//452 559//452 556//452
f 556//453 559//453 560//453
f 556//454 560//454 557//454
f 561//455 562//455 563//455
f 563//456 562//456 564//456
f 563//457 564//457 558//457
f 558//458 564//458 565//458
f 558//459 565//459 559//459
f 566//460 567//460 568//460
f 568//461 567//461 569//461
f 568//462 569//462 570//462
f 571//463 572//463 573//463
f 573//464 572//464 574//464
f 573//465 574//465 575//465
f 575//466 574//466 576//466
f 576//466 574//466 577//466
f 577//467 574//467 578//467
f 577//468 578//468 579//468
f 579//469 578//469 580//469
f 580//470 578//470 581//470
f 580//471 581//471 582//471
f 583//472 584//472 581//472
f 581//473 584//473 585//473
f 581//474 585//474 582//474
f 586//475 587//475 588//475
f 588//476 587//476 589//476
f 588//477 589//477 583//477
f 583//478 589//478 590//478
f 583//479 590//479 584//479
f 586//480 588//480 591//480
f 591//481 588//481 592//481
f 591//482 592//482 593//482
f 594//483 595//483 596//483
f 597//484 598//484 592//484
f 592//485 598//485 594//485
f 594//486 596//486 592//486
f 592//487 596//487 599//487
f 592//488 599//488 593//488
f 600//489 601//489 602//489
f 602//490 601//490 603//490
f 602//491 603//491 604//491
f 605//492 606//492 607//492
f 608//493 609//493 394//493
f 610//494 611//494 612//494
f 612//495 611//495 613//495
f 613//496 611//496 614//496
f 614//497 611//497 615//497
f 614//498 615//498 616//498
f 617//499 618//499 619//499
f 617//500 619//500 615//500
f 615//501 619//501 620//501
f 615//502 620//502 616//502
f 618//503 617//503 621//503
f 621//504 617//504 622//504
f 621//505 622//505 623//505
f 624//506 625//506 622//506
f 622//507 625//507 626//507
f 622//508 626//508 623//508
f 627//509 628//509 629//509
f 629//510 628//510 630//510
f 629//511 630//511 624//511
f 624//512 630//512 631//512
f 624//513 631//513 625//513
f 632//514 633//514 634//514
f 634//515 633//515 635//515
f 634//516 635//516 627//516
f 627//517 635//517 636//517
f 627//518 636//518 628//518
f 632//519 634//519 637//519
f 637//520 634//520 638//520
f 637//521 638//521 639//521
f 639//522 638//522 640//522
f 640//523 638//523 641//523
f 640//524 641//524 642//524
f 643//525 644//525 645//525
f 645//526 644//526 646//526
f 645//527 646//527 647//527
f 647//528 646//528 648//528
f 647//529 648//529 649//529
f 649//530 648//530 650//530
f 649//531 650//531 641//531
f 641//532 650//532 651//532
f 641//533 651//533 642//533
f 652//534 653//534 654//534
f 654//535 653//535 655//535
f 655//536 656//536 654//536
f 654//537 656//537 657//537
f 654//538 657//538 643//538
f 643//539 657//539 658//539
f 643//540 658//540 644//540
f 416//541 415//541 659//541
f 659//542 415//542 660//542
f 659//543 660//543 661//543
f 661//544 660//544 662//544
f 661//545 662//545 663//545
f 663//546 662//546 664//546
f 663//547 664//547 665//547
f 277//548 201//548 482//548
f 482//549 201//549 412//549
f 482//550 412//550 666//550
f 666//551 412//551 414//551
f 666//552 414//552 667//552
f 425//553 275//553 426//553
f 426//554 275//554 482//554
f 426//555 482//555 668//555
f 668//556 482//556 666//556
f 668//557 666//557 669//557
f 669//558 666//558 667//558
f 669//559 667//559 670//559
f 671//560 665//560 672//560
f 672//561 665//561 664//561
f 672//562 664//562 673//562
f 673//563 664//563 662//563
f 673//564 662//564 674//564
f 674//565 662//565 660//565
f 674//566 660//566 675//566
f 675//567 660//567 415//567
f 675//568 415//568 676//568
f 676//569 415//569 417//569
f 676//570 417//570 677//570
f 488//571 424//571 483//571
f 483//339 424//339 426//339
f 483//572 426//572 678//572
f 678//573 426//573 668//573
f 678//574 668//574 679//574
f 679//575 668//575 669//575
f 679//576 669//576 680//576
f 680//577 669//577 670//577
f 680//578 670//578 681//578
f 682//579 491//579 683//579
f 683//580 491//580 484//580
f 683//581 484//581 684//581
f 684//582 484//582 483//582
f 684//583 483//583 685//583
f 685//584 483//584 678//584
f 685//585 678//585 686//585
f 686//586 678//586 679//586
f 686//587 679//587 687//587
f 687//588 679//588 680//588
f 687//589 680//589 688//589
f 688//590 680//590 681//590
f 688//591 681//591 689//591
f 410//592 690//592 691//592
f 691//593 690//593 692//593
f 506//594 421//594 505//594
f 505//595 421//595 423//595
f 505//596 423//596 693//596
f 693//597 423//597 497//597
f 693//598 497//598 682//598
f 682//599 497//599 494//599
f 682//600 494//600 491//600
f 491//601 494//601 496//601
f 491//602 496//602 489//602
f 510//603 503//603 509//603
f 509//604 503//604 505//604
f 509//605 505//605 694//605
f 694//606 505//606 693//606
f 694//607 693//607 695//607
f 695//608 693//608 682//608
f 695//609 682//609 696//609
f 696//610 682//610 683//610
f 696//611 683//611 697//611
f 697//612 683//612 684//612
f 697//613 684//613 671//613
f 671//614 684//614 685//614
f 671//615 685//615 665//615
f 665//616 685//616 686//616
f 665//617 686//617 663//617
f 663//618 686//618 687//618
f 663//619 687//619 661//619
f 661//620 687//620 688//620
f 661//621 688//621 659//621
f 659//622 688//622 689//622
f 659//623 689//623 416//623
f 410//624 409//624 690//624
f 690//625 409//625 698//625
f 690//626 698//626 692//626
f 699//627 700//627 701//627
f 702//628 703//628 704//628
f 704//629 703//629 700//629
f 704//630 700//630 705//630
f 705//631 700//631 699//631
f 705//632 699//632 706//632
f 706//633 699//633 707//633
f 706//634 707//634 708//634
f 708//635 707//635 709//635
f 705//636 710//636 704//636
f 704//637 710//637 711//637
f 704//638 711//638 702//638
f 702//639 711//639 712//639
f 713//640 714//640 715//640
f 716//641 717//641 718//641
f 718//642 717//642 719//642
f 718//643 719//643 720//643
f 720//644 719//644 721//644
f 722//645 723//645 724//645
f 724//646 723//646 725//646
f 724//647 725//647 726//647
f 726//648 725//648 727//648
f 726//649 727//649 728//649
f 728//650 727//650 729//650
f 728//651 729//651 730//651
f 731//652 732//652 733//652
f 733//653 732//653 734//653
f 733//654 734//654 735//654
f 735//655 734//655 736//655
f 735//656 736//656 737//656
f 737//657 721//657 735//657
f 735//658 721//658 719//658
f 735//659 719//659 733//659
f 733//660 719//660 717//660
f 733//661 717//661 731//661
f 731//662 717//662 716//662
f 738//663 404//663 739//663
f 739//664 404//664 403//664
f 739//665 403//665 408//665
f 333//666 332//666 740//666
f 740//667 332//667 741//667
f 740//668 741//668 742//668
f 743//669 744//669 745//669
f 745//670 744//670 746//670
f 398//671 397//671 742//671
f 397//672 747//672 742//672
f 742//673 747//673 407//673
f 742//674 407//674 740//674
f 740//675 407//675 406//675
f 740//676 406//676 333//676
f 738//677 748//677 404//677
f 404//678 748//678 749//678
f 404//679 749//679 405//679
f 405//680 749//680 750//680
f 402//681 401//681 751//681
f 751//682 401//682 752//682
f 751//683 752//683 716//683
f 716//684 752//684 753//684
f 716//685 753//685 731//685
f 408//686 407//686 739//686
f 739//687 407//687 747//687
f 739//688 747//688 738//688
f 738//689 747//689 397//689
f 738//690 397//690 754//690
f 754//691 397//691 399//691
f 754//692 399//692 755//692
f 756//693 757//693 758//693
f 758//694 757//694 759//694
f 758//695 759//695 760//695
f 760//696 759//696 761//696
f 760//697 761//697 762//697
f 762//698 761//698 763//698
f 720//699 750//699 718//699
f 718//700 750//700 749//700
f 718//701 749//701 716//701
f 716//702 749//702 748//702
f 716//703 748//703 751//703
f 751//704 748//704 738//704
f 751//705 738//705 402//705
f 402//706 738//706 754//706
f 402//707 754//707 400//707
f 400//708 754//708 755//708
f 762//709 746//709 760//709
f 760//710 746//710 744//710
f 760//711 744//711 758//711
f 758//712 744//712 743//712
f 758//713 743//713 756//713
f 764//714 765//714 766//714
f 767//715 768//715 769//715
f 768//716 767//716 770//716
f 770//717 767//717 771//717
f 770//718 771//718 772//718
f 772//719 771//719 773//719
f 772//720 773//720 396//720
f 756//721 767//721 757//721
f 757//722 767//722 769//722
f 757//723 769//723 759//723
f 759//724 769//724 774//724
f 759//725 774//725 761//725
f 761//726 774//726 775//726
f 761//727 775//727 763//727
f 763//728 775//728 776//728
f 777//729 778//729 776//729
f 778//730 777//730 779//730
f 779//731 777//731 780//731
f 779//732 780//732 781//732
f 782//733 783//733 784//733
f 784//734 783//734 785//734
f 784//735 785//735 786//735
f 786//736 785//736 787//736
f 786//737 787//737 788//737
f 788//738 787//738 789//738
f 788//739 789//739 790//739
f 396//740 395//740 772//740
f 772//741 395//741 791//741
f 772//742 791//742 770//742
f 770//743 791//743 792//743
f 770//744 792//744 768//744
f 768//745 792//745 793//745
f 768//746 793//746 769//746
f 769//747 793//747 794//747
f 769//748 794//748 774//748
f 774//749 794//749 795//749
f 774//750 795//750 775//750
f 775//751 795//751 796//751
f 775//752 796//752 776//752
f 776//753 796//753 797//753
f 776//754 797//754 777//754
f 394//755 609//755 395//755
f 395//756 609//756 798//756
f 395//757 798//757 791//757
f 791//758 798//758 799//758
f 791//759 799//759 792//759
f 792//760 799//760 800//760
f 792//761 800//761 793//761
f 793//762 800//762 801//762
f 793//763 801//763 794//763
f 794//764 801//764 802//764
f 794//765 802//765 795//765
f 795//766 802//766 803//766
f 795//767 803//767 796//767
f 796//768 803//768 804//768
f 796//769 804//769 797//769
f 797//770 804//770 805//770
f 797//771 805//771 777//771
f 777//772 805//772 806//772
f 777//773 806//773 780//773
f 523//774 516//774 522//774
f 522//775 516//775 518//775
f 522//776 518//776 807//776
f 807//777 518//777 808//777
f 807//778 808//778 809//778
f 809//779 808//779 810//779
f 809//780 810//780 811//780
f 811//781 810//781 812//781
f 811//782 812//782 813//782
f 814//783 815//783 816//783
f 816//784 815//784 817//784
f 816//785 817//785 818//785
f 818//786 817//786 819//786
f 818//787 819//787 820//787
f 820//788 819//788 821//788
f 820//789 821//789 822//789
f 822//790 821//790 823//790
f 822//791 823//791 824//791
f 824//792 823//792 825//792
f 826//793 827//793 828//793
f 828//794 827//794 829//794
f 828//795 829//795 830//795
f 830//796 829//796 831//796
f 830//797 831//797 832//797
f 832//798 831//798 833//798
f 832//799 833//799 834//799
f 834//800 833//800 835//800
f 834//801 835//801 836//801
f 827//802 814//802 829//802
f 829//803 814//803 816//803
f 829//804 816//804 831//804
f 831//805 816//805 818//805
f 831//806 818//806 833//806
f 833//807 818//807 820//807
f 833//808 820//808 835//808
f 835//809 820//809 822//809
f 835//810 822//810 730//810
f 730//811 822//811 824//811
f 730//812 824//812 728//812
f 728//813 824//813 825//813
f 728//814 825//814 726//814
f 788//815 837//815 838//815
f 836//816 782//816 834//816
f 834//817 782//817 784//817
f 834//818 784//818 832//818
f 832//819 784//819 786//819
f 832//820 786//820 830//820
f 830//821 786//821 788//821
f 830//822 788//822 828//822
f 828//823 788//823 838//823
f 828//824 838//824 826//824
f 839//825 840//825 841//825
f 841//826 840//826 842//826
f 841//827 842//827 843//827
f 843//828 842//828 844//828
f 843//829 844//829 845//829
f 845//830 844//830 846//830
f 845//831 846//831 847//831
f 847//832 846//832 848//832
f 847//833 848//833 849//833
f 849//834 848//834 850//834
f 849//835 850//835 851//835
f 851//836 850//836 852//836
f 851//837 852//837 853//837
f 853//838 852//838 854//838
f 853//839 854//839 420//839
f 420//840 854//840 529//840
f 420//841 529//841 418//841
f 418//842 529//842 530//842
f 698//843 813//843 692//843
f 692//844 813//844 812//844
f 692//845 812//845 691//845
f 691//846 812//846 810//846
f 691//847 810//847 855//847
f 855//848 810//848 808//848
f 855//849 808//849 513//849
f 513//850 808//850 518//850
f 513//851 518//851 511//851
f 511//852 518//852 519//852
f 531//853 393//853 535//853
f 535//854 393//854 392//854
f 535//855 392//855 856//855
f 837//856 788//856 857//856
f 857//857 788//857 790//857
f 857//858 790//858 390//858
f 858//859 859//859 860//859
f 860//860 859//860 861//860
f 860//861 861//861 862//861
f 862//862 861//862 863//862
f 862//863 863//863 864//863
f 390//864 389//864 857//864
f 857//865 389//865 865//865
f 857//866 865//866 837//866
f 837//867 865//867 866//867
f 837//868 866//868 838//868
f 838//869 866//869 867//869
f 838//870 867//870 826//870
f 826//871 867//871 856//871
f 826//872 856//872 827//872
f 827//873 856//873 392//873
f 827//874 392//874 814//874
f 814//875 392//875 391//875
f 814//876 391//876 815//876
f 730//877 868//877 835//877
f 835//878 868//878 869//878
f 835//879 869//879 836//879
f 836//880 869//880 870//880
f 836//881 870//881 782//881
f 782//882 870//882 871//882
f 782//883 871//883 783//883
f 783//884 871//884 872//884
f 783//885 872//885 785//885
f 785//886 872//886 873//886
f 785//887 873//887 787//887
f 787//888 873//888 874//888
f 787//889 874//889 789//889
f 789//890 874//890 864//890
f 789//891 864//891 790//891
f 790//892 864//892 863//892
f 790//893 863//893 390//893
f 390//894 863//894 861//894
f 390//895 861//895 388//895
f 388//896 861//896 859//896
f 608//897 605//897 609//897
f 609//898 605//898 607//898
f 609//899 607//899 798//899
f 798//900 607//900 875//900
f 798//901 875//901 799//901
f 799//902 875//902 876//902
f 799//903 876//903 800//903
f 800//904 876//904 877//904
f 800//905 877//905 801//905
f 801//906 877//906 878//906
f 801//907 878//907 802//907
f 802//908 878//908 879//908
f 802//909 879//909 803//909
f 803//910 879//910 880//910
f 803//911 880//911 804//911
f 804//912 880//912 881//912
f 804//913 881//913 805//913
f 805//914 881//914 882//914
f 805//915 882//915 806//915
f 606//916 600//916 607//916
f 607//917 600//917 602//917
f 607//918 602//918 875//918
f 875//919 602//919 883//919
f 875//920 883//920 876//920
f 876//921 883//921 884//921
f 876//922 884//922 877//922
f 877//923 884//923 885//923
f 877//924 885//924 878//924
f 878//925 885//925 886//925
f 878//926 886//926 879//926
f 879//927 886//927 887//927
f 879//928 887//928 880//928
f 880//929 887//929 888//929
f 880//930 888//930 881//930
f 881//931 888//931 889//931
f 881//932 889//932 882//932
f 858//933 568//933 563//933
f 563//934 568//934 570//934
f 563//935 570//935 561//935
f 858//936 563//936 859//936
f 859//937 563//937 558//937
f 859//938 558//938 388//938
f 388//939 558//939 556//939
f 388//940 556//940 389//940
f 389//941 556//941 553//941
f 389//942 553//942 865//942
f 865//943 553//943 549//943
f 865//944 549//944 866//944
f 866//945 549//945 544//945
f 866//946 544//946 867//946
f 867//947 544//947 542//947
f 867//948 542//948 856//948
f 856//949 542//949 538//949
f 856//950 538//950 535//950
f 535//951 538//951 537//951
f 535//952 537//952 536//952
f 604//953 597//953 602//953
f 602//954 597//954 592//954
f 602//955 592//955 883//955
f 883//956 592//956 588//956
f 883//957 588//957 884//957
f 884//958 588//958 583//958
f 884//959 583//959 885//959
f 885//960 583//960 581//960
f 885//961 581//961 886//961
f 886//962 581//962 578//962
f 886//963 578//963 887//963
f 887//964 578//964 574//964
f 887//965 574//965 888//965
f 888//966 574//966 572//966
f 888//967 572//967 889//967
f 890//968 891//968 385//968
f 385//969 891//969 892//969
f 385//970 892//970 893//970
f 893//971 892//971 894//971
f 893//972 894//972 895//972
f 896//973 897//973 898//973
f 898//974 897//974 899//974
f 898//975 899//975 900//975
f 901//976 902//976 903//976
f 903//977 902//977 904//977
f 903//978 904//978 905//978
f 906//979 907//979 908//979
f 908//980 907//980 909//980
f 908//981 909//981 910//981
f 910//982 909//982 911//982
f 910//983 911//983 912//983
f 912//984 911//984 913//984
f 914//985 915//985 916//985
f 916//986 915//986 917//986
f 916//987 917//987 905//987
f 918//988 919//988 920//988
f 920//989 919//989 921//989
f 301//990 922//990 923//990
f 923//991 922//991 924//991
f 923//992 924//992 925//992
f 925//993 924//993 926//993
f 925//994 926//994 927//994
f 927//995 926//995 928//995
f 927//996 928//996 929//996
f 929//997 928//997 930//997
f 929//998 930//998 931//998
f 931//999 930//999 918//999
f 385//1000 387//1000 890//1000
f 890//1001 387//1001 932//1001
f 890//1002 932//1002 933//1002
f 933//1003 932//1003 934//1003
f 933//1004 934//1004 935//1004
f 373//1005 933//1005 936//1005
f 936//1006 933//1006 935//1006
f 936//1007 935//1007 937//1007
f 938//1008 939//1008 940//1008
f 941//1009 942//1009 943//1009
f 943//1010 942//1010 944//1010
f 937//1011 945//1011 936//1011
f 936//1012 945//1012 946//1012
f 936//1013 946//1013 373//1013
f 373//1014 946//1014 947//1014
f 373//1015 947//1015 374//1015
f 948//1016 949//1016 365//1016
f 945//1017 938//1017 946//1017
f 946//1018 938//1018 940//1018
f 946//1019 940//1019 947//1019
f 947//1020 940//1020 950//1020
f 947//1021 950//1021 374//1021
f 374//1022 950//1022 951//1022
f 374//1023 951//1023 952//1023
f 952//1024 951//1024 953//1024
f 952//1025 953//1025 954//1025
f 372//1026 374//1026 955//1026
f 955//1027 374//1027 952//1027
f 955//1028 952//1028 956//1028
f 956//1029 952//1029 954//1029
f 956//1030 954//1030 957//1030
f 365//1031 949//1031 366//1031
f 366//1032 949//1032 958//1032
f 366//1033 958//1033 368//1033
f 959//1034 960//1034 961//1034
f 961//1035 960//1035 962//1035
f 961//1036 962//1036 370//1036
f 963//1037 964//1037 965//1037
f 966//1038 967//1038 968//1038
f 969//1039 970//1039 971//1039
f 971//1040 970//1040 972//1040
f 971//1041 972//1041 973//1041
f 973//1042 972//1042 974//1042
f 975//1043 976//1043 977//1043
f 977//1044 976//1044 978//1044
f 977//1045 978//1045 979//1045
f 979//1046 978//1046 980//1046
f 981//1047 980//1047 982//1047
f 982//1048 980//1048 978//1048
f 982//1049 978//1049 963//1049
f 963//1050 978//1050 976//1050
f 963//1051 976//1051 964//1051
f 983//1052 984//1052 985//1052
f 985//1053 984//1053 986//1053
f 985//1054 986//1054 987//1054
f 986//1055 988//1055 987//1055
f 987//1056 988//1056 989//1056
f 987//1057 989//1057 990//1057
f 989//1058 991//1058 990//1058
f 990//1059 991//1059 992//1059
f 990//1060 992//1060 993//1060
f 994//1061 995//1061 996//1061
f 349//1062 348//1062 997//1062
f 997//1063 348//1063 358//1063
f 997//1064 358//1064 998//1064
f 999//1065 352//1065 1000//1065
f 1000//1066 352//1066 351//1066
f 1000//1067 351//1067 1001//1067
f 1002//1068 1003//1068 1004//1068
f 1004//1069 1003//1069 1005//1069
f 1004//1070 1005//1070 361//1070
f 361//1071 1005//1071 993//1071
f 361//1072 993//1072 359//1072
f 359//1073 993//1073 992//1073
f 355//1074 357//1074 356//1074
f 356//1075 357//1075 348//1075
f 356//1076 348//1076 1006//1076
f 1006//1077 348//1077 350//1077
f 1006//1078 350//1078 1007//1078
f 1008//1079 1009//1079 1010//1079
f 344//1080 341//1080 1011//1080
f 1011//1081 341//1081 340//1081
f 1011//1082 340//1082 1012//1082
f 1012//1083 340//1083 1013//1083
f 1012//1084 1013//1084 1014//1084
f 1014//1085 1013//1085 1015//1085
f 1014//1086 1015//1086 1016//1086
f 1016//1087 1015//1087 1017//1087
f 1016//1088 1017//1088 1018//1088
f 967//1089 974//1089 968//1089
f 968//1090 974//1090 972//1090
f 968//1091 972//1091 1019//1091
f 1019//1092 972//1092 970//1092
f 1019//1093 970//1093 1020//1093
f 1020//1094 970//1094 1021//1094
f 1020//1095 1021//1095 1022//1095
f 1022//1096 1021//1096 1023//1096
f 1022//1097 1023//1097 1024//1097
f 1024//1098 1023//1098 1025//1098
f 1024//1099 1025//1099 1026//1099
f 1026//1100 1025//1100 1027//1100
f 1026//1101 1027//1101 1028//1101
f 1028//1102 1027//1102 1029//1102
f 1030//1103 1031//1103 1032//1103
f 1032//1104 1031//1104 1033//1104
f 1032//1105 1033//1105 1034//1105
f 1034//1106 1033//1106 1035//1106
f 1034//1107 1035//1107 1036//1107
f 1036//1108 1035//1108 1037//1108
f 1036//1109 1037//1109 1038//1109
f 1038//1110 1037//1110 1039//1110
f 1038//1111 1039//1111 1040//1111
f 342//1112 341//1112 1041//1112
f 1041//1113 341//1113 343//1113
f 1041//1114 343//1114 1042//1114
f 1043//1115 1044//1115 1045//1115
f 1045//1116 1044//1116 1046//1116
f 1045//1117 1046//1117 1047//1117
f 1047//1118 1046//1118 1048//1118
f 346//1119 345//1119 1049//1119
f 1049//1120 345//1120 1043//1120
f 1049//1121 1043//1121 1050//1121
f 1050//1122 1043//1122 1045//1122
f 1050//1123 1045//1123 1051//1123
f 1051//1124 1045//1124 1047//1124
f 1051//1125 1047//1125 1052//1125
f 1052//1126 1047//1126 1048//1126
f 1052//1127 1048//1127 1053//1127
f 1042//1128 1054//1128 1041//1128
f 1041//1129 1054//1129 1053//1129
f 1041//1130 1053//1130 342//1130
f 342//1131 1053//1131 1048//1131
f 342//1132 1048//1132 340//1132
f 340//1133 1048//1133 1046//1133
f 340//1134 1046//1134 1013//1134
f 1013//1135 1046//1135 1044//1135
f 1013//1136 1044//1136 1015//1136
f 1015//1137 1044//1137 1043//1137
f 1015//1138 1043//1138 1017//1138
f 1017//1139 1043//1139 345//1139
f 1017//1140 345//1140 1018//1140
f 1018//1141 345//1141 347//1141
f 347//1142 975//1142 1018//1142
f 1018//1143 975//1143 977//1143
f 1018//1144 977//1144 1016//1144
f 1016//1145 977//1145 979//1145
f 1016//1146 979//1146 1014//1146
f 1014//1147 979//1147 980//1147
f 1014//1148 980//1148 1012//1148
f 1012//1149 980//1149 981//1149
f 1012//1150 981//1150 1011//1150
f 1011//1151 981//1151 1055//1151
f 1011//1152 1055//1152 344//1152
f 344//1153 1055//1153 1056//1153
f 344//1154 1056//1154 343//1154
f 343//1155 1056//1155 1057//1155
f 343//1156 1057//1156 1042//1156
f 1042//1157 1057//1157 1058//1157
f 1042//1158 1058//1158 1054//1158
f 1054//1159 1058//1159 1059//1159
f 965//1160 966//1160 963//1160
f 963//1161 966//1161 968//1161
f 963//1162 968//1162 982//1162
f 982//1163 968//1163 1019//1163
f 982//1164 1019//1164 981//1164
f 981//1165 1019//1165 1020//1165
f 981//1166 1020//1166 1055//1166
f 1055//1167 1020//1167 1022//1167
f 1055//1168 1022//1168 1056//1168
f 1056//1169 1022//1169 1024//1169
f 1056//1170 1024//1170 1057//1170
f 1057//1171 1024//1171 1026//1171
f 1057//1172 1026//1172 1058//1172
f 1058//1173 1026//1173 1028//1173
f 1058//1174 1028//1174 1059//1174
f 1059//1175 1028//1175 1029//1175
f 1059//1176 1029//1176 1060//1176
f 370//1177 369//1177 961//1177
f 961//1178 369//1178 1061//1178
f 961//1179 1061//1179 959//1179
f 959//1180 1061//1180 1062//1180
f 959//1181 1062//1181 1063//1181
f 1063//1182 1062//1182 1064//1182
f 1063//1183 1064//1183 1065//1183
f 1065//1184 1064//1184 1066//1184
f 1065//1185 1066//1185 1067//1185
f 1067//1186 1066//1186 1068//1186
f 1067//1187 1068//1187 1069//1187
f 1069//1188 1068//1188 1070//1188
f 1069//1189 1070//1189 1071//1189
f 1071//1190 1070//1190 1072//1190
f 1071//1191 1072//1191 1073//1191
f 1073//1192 1072//1192 1074//1192
f 1073//1193 1074//1193 1075//1193
f 1075//1194 1074//1194 1076//1194
f 1075//1195 1076//1195 1077//1195
f 1078//1196 362//1196 1079//1196
f 1079//1197 362//1197 364//1197
f 1079//1198 364//1198 1080//1198
f 1080//1199 364//1199 1081//1199
f 1080//1200 1081//1200 1082//1200
f 1082//1201 1081//1201 1083//1201
f 1082//1202 1083//1202 1084//1202
f 1084//1203 1083//1203 1085//1203
f 1084//1204 1085//1204 1086//1204
f 1086//1205 1085//1205 1087//1205
f 1086//1206 1087//1206 1088//1206
f 1088//1207 1087//1207 1089//1207
f 1090//1208 983//1208 1091//1208
f 1091//1209 983//1209 985//1209
f 1091//1210 985//1210 1001//1210
f 1001//1211 985//1211 987//1211
f 1001//1212 987//1212 1000//1212
f 1000//1213 987//1213 990//1213
f 1000//1214 990//1214 999//1214
f 999//1215 990//1215 993//1215
f 999//1216 993//1216 352//1216
f 352//1217 993//1217 1005//1217
f 352//1218 1005//1218 353//1218
f 353//1219 1005//1219 1003//1219
f 353//1220 1003//1220 1092//1220
f 1092//1221 1003//1221 1002//1221
f 1092//1222 1002//1222 1093//1222
f 996//1223 1009//1223 994//1223
f 994//1224 1009//1224 1008//1224
f 994//1225 1008//1225 1094//1225
f 1094//1226 1008//1226 1095//1226
f 1096//1227 1095//1227 1097//1227
f 1097//1228 1095//1228 1008//1228
f 1097//1229 1008//1229 1098//1229
f 1098//1230 1008//1230 1010//1230
f 363//1231 1090//1231 364//1231
f 364//1232 1090//1232 1091//1232
f 364//1233 1091//1233 1081//1233
f 1081//1234 1091//1234 1001//1234
f 1081//1235 1001//1235 1083//1235
f 1083//1236 1001//1236 351//1236
f 1083//1237 351//1237 1085//1237
f 1085//1238 351//1238 353//1238
f 1085//1239 353//1239 1087//1239
f 1087//1240 353//1240 1092//1240
f 1087//1241 1092//1241 1089//1241
f 1089//1242 1092//1242 1093//1242
f 969//1243 1099//1243 970//1243
f 970//1244 1099//1244 1040//1244
f 970//1245 1040//1245 1021//1245
f 1021//1246 1040//1246 1039//1246
f 1021//1247 1039//1247 1023//1247
f 1023//1248 1039//1248 1037//1248
f 1023//1249 1037//1249 1025//1249
f 1025//1250 1037//1250 1035//1250
f 1025//1251 1035//1251 1027//1251
f 1027//1252 1035//1252 1033//1252
f 1027//1253 1033//1253 1029//1253
f 1029//1254 1033//1254 1031//1254
f 1029//1255 1031//1255 1060//1255
f 1060//1256 1031//1256 1030//1256
f 1060//1257 1030//1257 1100//1257
f 1100//1258 1030//1258 1101//1258
f 1099//1259 1078//1259 1040//1259
f 1040//1260 1078//1260 1079//1260
f 1040//1261 1079//1261 1038//1261
f 1038//1262 1079//1262 1080//1262
f 1038//1263 1080//1263 1036//1263
f 1036//1264 1080//1264 1082//1264
f 1036//1265 1082//1265 1034//1265
f 1034//1266 1082//1266 1084//1266
f 1034//1267 1084//1267 1032//1267
f 1032//1268 1084//1268 1086//1268
f 1032//1269 1086//1269 1030//1269
f 1030//1270 1086//1270 1088//1270
f 1030//1271 1088//1271 1101//1271
f 1101//1272 1088//1272 1089//1272
f 1101//1273 1089//1273 1102//1273
f 1102//1274 1089//1274 1093//1274
f 1102//1275 1093//1275 1103//1275
f 1103//1276 1093//1276 1002//1276
f 1103//1277 1002//1277 1104//1277
f 1104//1278 1002//1278 1004//1278
f 1104//1279 1004//1279 1105//1279
f 1105//1280 1004//1280 361//1280
f 1105//1281 361//1281 1106//1281
f 1106//1282 361//1282 360//1282
f 1106//1283 360//1283 1107//1283
f 1102//1284 1108//1284 1101//1284
f 1101//1285 1108//1285 1077//1285
f 1101//1286 1077//1286 1100//1286
f 1100//1287 1077//1287 1076//1287
f 1100//1288 1076//1288 1060//1288
f 1060//1289 1076//1289 1074//1289
f 1060//1290 1074//1290 1059//1290
f 1059//1291 1074//1291 1072//1291
f 1059//1292 1072//1292 1054//1292
f 1054//1293 1072//1293 1070//1293
f 1054//1294 1070//1294 1053//1294
f 1053//1295 1070//1295 1068//1295
f 1053//1296 1068//1296 1052//1296
f 1052//1297 1068//1297 1066//1297
f 1052//1298 1066//1298 1051//1298
f 1051//1299 1066//1299 1064//1299
f 1051//1300 1064//1300 1050//1300
f 1050//1301 1064//1301 1062//1301
f 1050//1302 1062//1302 1049//1302
f 1049//1303 1062//1303 1061//1303
f 1049//1304 1061//1304 346//1304
f 346//1305 1061//1305 369//1305
f 346//1306 369//1306 347//1306
f 347//1307 369//1307 371//1307
f 347//1308 371//1308 975//1308
f 975//1309 371//1309 1109//1309
f 975//1310 1109//1310 976//1310
f 976//1311 1109//1311 943//1311
f 976//1312 943//1312 964//1312
f 964//1313 943//1313 944//1313
f 964//1314 944//1314 965//1314
f 1110//1315 1111//1315 1112//1315
f 1112//1316 1111//1316 1113//1316
f 379//1317 381//1317 1114//1317
f 1114//1318 381//1318 1115//1318
f 1114//1319 1115//1319 1116//1319
f 1116//1320 1115//1320 1117//1320
f 1116//1321 1117//1321 1118//1321
f 1118//1322 1119//1322 1116//1322
f 1116//1323 1119//1323 1120//1323
f 1116//1324 1120//1324 1114//1324
f 1114//1325 1120//1325 1121//1325
f 1114//1326 1121//1326 379//1326
f 379//1327 1121//1327 384//1327
f 379//1328 384//1328 380//1328
f 380//1329 384//1329 383//1329
f 380//1330 383//1330 1122//1330
f 1122//1331 383//1331 382//1331
f 1122//1332 382//1332 1123//1332
f 1124//1333 1125//1333 1126//1333
f 1126//1334 1125//1334 1127//1334
f 1126//1335 1127//1335 1113//1335
f 381//1336 1110//1336 1115//1336
f 1115//1337 1110//1337 1112//1337
f 1115//1338 1112//1338 1117//1338
f 1117//1339 1112//1339 1113//1339
f 1117//1340 1113//1340 1118//1340
f 1118//1341 1113//1341 1127//1341
f 1118//1342 1127//1342 1128//1342
f 1128//1343 1127//1343 1125//1343
f 1129//1344 1130//1344 1131//1344
f 1131//1345 1130//1345 1132//1345
f 1131//1346 1132//1346 1133//1346
f 1133//1347 1132//1347 1134//1347
f 1133//1348 1134//1348 1135//1348
f 380//1349 1136//1349 381//1349
f 381//1350 1136//1350 1137//1350
f 381//1351 1137//1351 1110//1351
f 1110//1352 1137//1352 1138//1352
f 1110//1353 1138//1353 1111//1353
f 1111//1354 1138//1354 1135//1354
f 1111//1355 1135//1355 1113//1355
f 1113//1356 1135//1356 1134//1356
f 1113//1357 1134//1357 1126//1357
f 1126//1358 1134//1358 1132//1358
f 1126//1359 1132//1359 1124//1359
f 1124//1360 1132//1360 1130//1360
f 330//1361 329//1361 1139//1361
f 1139//1362 329//1362 1140//1362
f 1139//1363 1140//1363 1141//1363
f 1141//1364 1140//1364 1142//1364
f 1141//1365 1142//1365 1143//1365
f 1143//1366 1142//1366 334//1366
f 1143//1367 334//1367 1144//1367
f 1144//1368 334//1368 336//1368
f 1144//1369 336//1369 1145//1369
f 713//1370 701//1370 714//1370
f 714//1371 701//1371 700//1371
f 714//1372 700//1372 1146//1372
f 1146//1373 700//1373 703//1373
f 1146//1374 703//1374 1147//1374
f 1147//1375 703//1375 702//1375
f 1147//1376 702//1376 1148//1376
f 1148//1377 702//1377 712//1377
f 1148//1378 712//1378 1149//1378
f 1149//1379 712//1379 1150//1379
f 1149//1380 1150//1380 1151//1380
f 1151//1381 1150//1381 1152//1381
f 1151//1382 1152//1382 1153//1382
f 715//1383 1154//1383 1155//1383
f 1155//1384 1154//1384 1156//1384
f 1155//1385 1156//1385 1157//1385
f 1157//1386 1156//1386 1158//1386
f 1157//1387 1158//1387 1159//1387
f 1159//1388 1158//1388 1160//1388
f 1159//1389 1160//1389 1161//1389
f 1161//1390 1160//1390 1162//1390
f 1161//1391 1162//1391 1163//1391
f 1163//1392 1162//1392 1164//1392
f 1163//1393 1164//1393 1165//1393
f 1165//1394 1164//1394 1166//1394
f 1165//1395 1166//1395 1167//1395
f 715//1396 714//1396 1154//1396
f 1154//1397 714//1397 1146//1397
f 1154//1398 1146//1398 1156//1398
f 1156//1399 1146//1399 1147//1399
f 1156//1400 1147//1400 1158//1400
f 1158//1401 1147//1401 1148//1401
f 1158//1402 1148//1402 1160//1402
f 1160//1403 1148//1403 1149//1403
f 1160//1404 1149//1404 1162//1404
f 1162//1405 1149//1405 1151//1405
f 1162//1406 1151//1406 1164//1406
f 1164//1407 1151//1407 1153//1407
f 1164//1408 1153//1408 1166//1408
f 737//1409 1168//1409 721//1409
f 721//1410 1168//1410 1169//1410
f 721//1411 1169//1411 720//1411
f 720//1412 1169//1412 1170//1412
f 720//1413 1170//1413 750//1413
f 750//1414 1170//1414 1171//1414
f 750//1415 1171//1415 405//1415
f 405//1416 1171//1416 1172//1416
f 405//1417 1172//1417 403//1417
f 403//1418 1172//1418 1173//1418
f 403//1419 1173//1419 408//1419
f 408//1420 1173//1420 1174//1420
f 408//1421 1174//1421 406//1421
f 406//1422 1174//1422 1175//1422
f 406//1423 1175//1423 333//1423
f 333//1424 1175//1424 1176//1424
f 333//1425 1176//1425 331//1425
f 376//1426 378//1426 1177//1426
f 1177//1427 378//1427 1178//1427
f 1177//1428 1178//1428 1179//1428
f 1179//1429 1178//1429 1180//1429
f 1179//1430 1180//1430 1181//1430
f 1181//1431 1180//1431 1182//1431
f 1181//1432 1182//1432 1183//1432
f 1183//1433 1182//1433 1184//1433
f 1183//1434 1184//1434 1185//1434
f 1185//1435 1184//1435 1186//1435
f 1185//1436 1186//1436 1187//1436
f 1187//1437 1186//1437 1188//1437
f 1187//1438 1188//1438 1189//1438
f 1189//1439 1188//1439 1190//1439
f 1189//1440 1190//1440 1191//1440
f 1191//1441 1190//1441 1192//1441
f 1191//1442 1192//1442 1193//1442
f 1194//1443 1195//1443 745//1443
f 745//1444 1195//1444 1196//1444
f 745//1445 1196//1445 743//1445
f 743//1446 1196//1446 1197//1446
f 743//1447 1197//1447 756//1447
f 756//1448 1197//1448 1198//1448
f 756//1449 1198//1449 767//1449
f 767//1450 1198//1450 1199//1450
f 767//1451 1199//1451 771//1451
f 771//1452 1199//1452 1200//1452
f 771//1453 1200//1453 773//1453
f 905//1454 904//1454 916//1454
f 916//1455 904//1455 1201//1455
f 916//1456 1201//1456 914//1456
f 914//1457 1201//1457 377//1457
f 914//1458 377//1458 915//1458
f 915//1459 377//1459 376//1459
f 915//1460 376//1460 1202//1460
f 1202//1461 376//1461 1177//1461
f 1202//1462 1177//1462 1203//1462
f 1203//1463 1177//1463 1179//1463
f 1203//1464 1179//1464 1204//1464
f 1204//1465 1179//1465 1181//1465
f 1204//1466 1181//1466 1205//1466
f 1205//1467 1181//1467 1183//1467
f 1205//1468 1183//1468 1206//1468
f 1206//1469 1183//1469 1185//1469
f 1206//1470 1185//1470 1207//1470
f 1207//1471 1185//1471 1187//1471
f 1207//1472 1187//1472 1208//1472
f 1208//1473 1187//1473 1189//1473
f 1208//1474 1189//1474 1209//1474
f 1209//1475 1189//1475 1191//1475
f 1209//1476 1191//1476 1210//1476
f 1210//1477 1191//1477 1193//1477
f 1210//1478 1193//1478 318//1478
f 331//1479 1194//1479 332//1479
f 332//1480 1194//1480 745//1480
f 332//1481 745//1481 741//1481
f 741//1482 745//1482 746//1482
f 741//1483 746//1483 742//1483
f 742//1484 746//1484 762//1484
f 742//1485 762//1485 398//1485
f 398//1486 762//1486 763//1486
f 398//1487 763//1487 399//1487
f 399//1488 763//1488 776//1488
f 399//1489 776//1489 755//1489
f 755//1490 776//1490 778//1490
f 755//1491 778//1491 400//1491
f 400//1492 778//1492 779//1492
f 400//1493 779//1493 401//1493
f 401//1494 779//1494 781//1494
f 401//1495 781//1495 752//1495
f 752//1496 781//1496 1211//1496
f 752//1497 1211//1497 753//1497
f 753//1498 1211//1498 1212//1498
f 753//1499 1212//1499 731//1499
f 377//1500 1213//1500 378//1500
f 378//1501 1213//1501 1214//1501
f 378//1502 1214//1502 1178//1502
f 1178//1503 1214//1503 1215//1503
f 1178//1504 1215//1504 1180//1504
f 1180//1505 1215//1505 1216//1505
f 1180//1506 1216//1506 1182//1506
f 1182//1507 1216//1507 1217//1507
f 1182//1508 1217//1508 1184//1508
f 1184//1509 1217//1509 1218//1509
f 1184//1510 1218//1510 1186//1510
f 1186//1511 1218//1511 1219//1511
f 1186//1512 1219//1512 1188//1512
f 1188//1513 1219//1513 1220//1513
f 1188//1514 1220//1514 1190//1514
f 1190//1515 1220//1515 1221//1515
f 1190//1516 1221//1516 1192//1516
f 736//1517 1222//1517 737//1517
f 737//1518 1222//1518 713//1518
f 737//1519 713//1519 1168//1519
f 1168//1520 713//1520 715//1520
f 1168//1521 715//1521 1169//1521
f 1169//1522 715//1522 1155//1522
f 1169//1523 1155//1523 1170//1523
f 1170//1524 1155//1524 1157//1524
f 1170//1525 1157//1525 1171//1525
f 1171//1526 1157//1526 1159//1526
f 1171//1527 1159//1527 1172//1527
f 1172//1528 1159//1528 1161//1528
f 1172//1529 1161//1529 1173//1529
f 1173//1530 1161//1530 1163//1530
f 1173//1531 1163//1531 1174//1531
f 1174//1532 1163//1532 1165//1532
f 1174//1533 1165//1533 1175//1533
f 1175//1534 1165//1534 1167//1534
f 1175//1535 1167//1535 1176//1535
f 337//1536 1223//1536 1224//1536
f 1224//1537 1223//1537 1225//1537
f 1224//1538 1225//1538 1226//1538
f 1226//1539 1225//1539 1227//1539
f 1226//1540 1227//1540 1228//1540
f 1228//1541 1227//1541 1229//1541
f 1228//1542 1229//1542 1230//1542
f 1230//1543 1229//1543 1231//1543
f 1230//1544 1231//1544 1232//1544
f 1232//1545 1231//1545 1233//1545
f 1232//1546 1233//1546 1234//1546
f 1234//1547 1233//1547 1235//1547
f 1236//1548 1237//1548 1238//1548
f 1238//1549 1237//1549 1239//1549
f 1238//1550 1239//1550 1240//1550
f 1240//1551 1239//1551 1241//1551
f 1240//1552 1241//1552 1242//1552
f 1242//1553 1241//1553 1243//1553
f 1242//1554 1243//1554 1244//1554
f 1244//1555 1243//1555 1245//1555
f 1244//1556 1245//1556 1246//1556
f 1247//1557 1248//1557 1249//1557
f 1249//1558 1248//1558 1250//1558
f 1249//1559 1250//1559 1251//1559
f 1251//1560 1250//1560 1252//1560
f 1251//1561 1252//1561 1253//1561
f 1253//1562 1252//1562 1254//1562
f 1253//1563 1254//1563 1255//1563
f 1255//1564 1254//1564 1256//1564
f 1255//1565 1256//1565 1257//1565
f 1257//1566 1256//1566 1258//1566
f 1257//1567 1258//1567 1259//1567
f 1259//1568 1258//1568 1260//1568
f 1259//1569 1260//1569 1261//1569
f 1261//1570 1260//1570 1262//1570
f 1261//1571 1262//1571 1263//1571
f 1263//1572 1262//1572 1264//1572
f 1263//1573 1264//1573 957//1573
f 1248//1574 1265//1574 1250//1574
f 1250//1575 1265//1575 1266//1575
f 1250//1576 1266//1576 1252//1576
f 1252//1577 1266//1577 1267//1577
f 1252//1578 1267//1578 1254//1578
f 1254//1579 1267//1579 1268//1579
f 1254//1580 1268//1580 1256//1580
f 1256//1581 1268//1581 1269//1581
f 1256//1582 1269//1582 1258//1582
f 1258//1583 1269//1583 1270//1583
f 1258//1584 1270//1584 1260//1584
f 1260//1585 1270//1585 1271//1585
f 1260//1586 1271//1586 1262//1586
f 1262//1587 1271//1587 1272//1587
f 1262//1588 1272//1588 1264//1588
f 1264//1589 1272//1589 368//1589
f 1264//1590 368//1590 957//1590
f 957//1591 368//1591 958//1591
f 957//1592 958//1592 956//1592
f 956//1593 958//1593 949//1593
f 956//1594 949//1594 955//1594
f 955//1595 949//1595 948//1595
f 955//1596 948//1596 372//1596
f 372//1597 948//1597 897//1597
f 372//1598 897//1598 373//1598
f 373//1599 897//1599 896//1599
f 373//1600 896//1600 933//1600
f 933//1601 896//1601 898//1601
f 933//1602 898//1602 890//1602
f 890//1603 898//1603 900//1603
f 890//1604 900//1604 891//1604
f 1257//1605 1236//1605 1255//1605
f 1255//1606 1236//1606 1238//1606
f 1255//1607 1238//1607 1253//1607
f 1253//1608 1238//1608 1240//1608
f 1253//1609 1240//1609 1251//1609
f 1251//1610 1240//1610 1242//1610
f 1251//1611 1242//1611 1249//1611
f 1249//1612 1242//1612 1244//1612
f 1249//1613 1244//1613 1247//1613
f 1247//1614 1244//1614 1246//1614
f 335//1615 334//1615 1273//1615
f 1273//1616 334//1616 1142//1616
f 1273//1617 1142//1617 1274//1617
f 1274//1618 1142//1618 1140//1618
f 1274//1619 1140//1619 1275//1619
f 1275//1620 1140//1620 329//1620
f 1275//1621 329//1621 1276//1621
f 1276//1622 329//1622 328//1622
f 1276//1623 328//1623 327//1623
f 327//1624 326//1624 1276//1624
f 1276//1625 326//1625 1277//1625
f 1276//1626 1277//1626 1275//1626
f 1275//1627 1277//1627 1278//1627
f 1275//1628 1278//1628 1274//1628
f 1274//1629 1278//1629 1279//1629
f 1274//1630 1279//1630 1273//1630
f 1273//1631 1279//1631 1280//1631
f 1273//1632 1280//1632 335//1632
f 1281//1633 325//1633 1282//1633
f 1282//1634 325//1634 327//1634
f 1282//1635 327//1635 1283//1635
f 1283//1636 327//1636 328//1636
f 1283//1637 328//1637 1284//1637
f 1284//1638 328//1638 330//1638
f 1284//1639 330//1639 1285//1639
f 1285//1640 330//1640 1139//1640
f 1285//1641 1139//1641 1129//1641
f 1129//1642 1139//1642 1141//1642
f 1129//1643 1141//1643 1130//1643
f 1130//1644 1141//1644 1143//1644
f 1130//1645 1143//1645 1124//1645
f 1124//1646 1143//1646 1144//1646
f 1124//1647 1144//1647 1125//1647
f 1125//1648 1144//1648 1145//1648
f 1125//1649 1145//1649 1128//1649
f 1135//1650 1286//1650 1133//1650
f 1133//1651 1286//1651 1287//1651
f 1133//1652 1287//1652 1131//1652
f 1131//1653 1287//1653 1288//1653
f 1131//1654 1288//1654 1129//1654
f 1129//1655 1288//1655 1289//1655
f 1129//1656 1289//1656 1285//1656
f 1285//1657 1289//1657 1290//1657
f 1285//1658 1290//1658 1284//1658
f 1284//1659 1290//1659 1291//1659
f 1284//1660 1291//1660 1283//1660
f 1283//1661 1291//1661 1292//1661
f 1283//1662 1292//1662 1282//1662
f 1282//1663 1292//1663 1293//1663
f 1282//1664 1293//1664 1281//1664
f 1281//1665 1293//1665 1294//1665
f 1281//1666 1294//1666 1295//1666
f 1295//1667 1294//1667 1296//1667
f 1295//1668 1296//1668 1297//1668
f 1297//1669 1298//1669 1295//1669
f 1295//1670 1298//1670 1299//1670
f 1295//1671 1299//1671 1281//1671
f 1281//1672 1299//1672 1300//1672
f 1281//1673 1300//1673 325//1673
f 325//1674 1300//1674 1301//1674
f 325//1675 1301//1675 326//1675
f 326//1676 1301//1676 1302//1676
f 326//1677 1302//1677 1277//1677
f 1277//1678 1302//1678 1303//1678
f 1277//1679 1303//1679 1278//1679
f 1278//1680 1303//1680 1235//1680
f 1278//1681 1235//1681 1279//1681
f 1279//1682 1235//1682 1233//1682
f 1279//1683 1233//1683 1280//1683
f 1280//1684 1233//1684 1231//1684
f 1280//1685 1231//1685 335//1685
f 335//1686 1231//1686 1229//1686
f 335//1687 1229//1687 336//1687
f 336//1688 1229//1688 1227//1688
f 336//1689 1227//1689 1145//1689
f 1145//1690 1227//1690 1225//1690
f 1145//1691 1225//1691 1128//1691
f 1128//1692 1225//1692 1223//1692
f 1128//1693 1223//1693 1118//1693
f 1118//1694 1223//1694 337//1694
f 1118//1695 337//1695 1119//1695
f 1119//1696 337//1696 339//1696
f 1119//1697 339//1697 1120//1697
f 1120//1698 339//1698 375//1698
f 1120//1699 375//1699 1121//1699
f 1304//1700 1305//1700 1306//1700
f 1306//1701 1305//1701 1307//1701
f 1306//1702 1307//1702 1308//1702
f 939//1008 941//1008 940//1008
f 940//1703 941//1703 943//1703
f 940//1704 943//1704 950//1704
f 950//1705 943//1705 1109//1705
f 950//1706 1109//1706 951//1706
f 951//1707 1109//1707 371//1707
f 951//1708 371//1708 953//1708
f 953//1709 371//1709 370//1709
f 953//1710 370//1710 954//1710
f 954//1711 370//1711 962//1711
f 954//1712 962//1712 957//1712
f 957//1713 962//1713 960//1713
f 957//1714 960//1714 1263//1714
f 1263//1715 960//1715 959//1715
f 1263//1716 959//1716 1261//1716
f 1261//1717 959//1717 1063//1717
f 1261//1718 1063//1718 1259//1718
f 1259//1719 1063//1719 1065//1719
f 1259//1720 1065//1720 1257//1720
f 1257//1721 1065//1721 1067//1721
f 1257//1722 1067//1722 1236//1722
f 1236//1723 1067//1723 1069//1723
f 1236//1724 1069//1724 1237//1724
f 1237//1725 1069//1725 1071//1725
f 1237//1726 1071//1726 1239//1726
f 1239//1727 1071//1727 1073//1727
f 1239//1728 1073//1728 1241//1728
f 1241//1729 1073//1729 1075//1729
f 1241//1730 1075//1730 1243//1730
f 1243//1731 1075//1731 1077//1731
f 1243//1732 1077//1732 1245//1732
f 1245//1733 1077//1733 1108//1733
f 1245//1734 1108//1734 1246//1734
f 1246//1735 1108//1735 1308//1735
f 1246//1736 1308//1736 1247//1736
f 1247//1737 1308//1737 1307//1737
f 1247//1738 1307//1738 1248//1738
f 1248//1739 1307//1739 1305//1739
f 1248//1740 1305//1740 1265//1740
f 1309//1741 1310//1741 1311//1741
f 1312//1742 1310//1742 1313//1742
f 1313//1743 1310//1743 1309//1743
f 1313//1744 1309//1744 1314//1744
f 1315//1745 1312//1745 1316//1745
f 1316//1746 1312//1746 1313//1746
f 1316//1747 1313//1747 1317//1747
f 1317//1748 1313//1748 1314//1748
f 1317//1749 1314//1749 1096//1749
f 1096//1750 1314//1750 1318//1750
f 1096//1751 1318//1751 1095//1751
f 1095//1752 1318//1752 1319//1752
f 1095//1753 1319//1753 1094//1753
f 996//1754 354//1754 1009//1754
f 1009//1755 354//1755 356//1755
f 1009//1756 356//1756 1010//1756
f 1010//1757 356//1757 1006//1757
f 1010//1758 1006//1758 1098//1758
f 1098//1759 1006//1759 1007//1759
f 1098//1760 1007//1760 1097//1760
f 1097//1761 1007//1761 1320//1761
f 1097//1762 1320//1762 1096//1762
f 1096//1763 1320//1763 1321//1763
f 1096//1764 1321//1764 1317//1764
f 1317//1765 1321//1765 1322//1765
f 1317//1766 1322//1766 1316//1766
f 1316//1767 1322//1767 1323//1767
f 1316//1768 1323//1768 1315//1768
f 1315//1769 1323//1769 1324//1769
f 1325//1770 323//1770 1326//1770
f 1326//1771 323//1771 322//1771
f 1326//1772 322//1772 1327//1772
f 1328//1773 1329//1773 1330//1773
f 1330//1774 1331//1774 1328//1774
f 1328//1775 1331//1775 1332//1775
f 1328//1776 1332//1776 1333//1776
f 1333//1777 1332//1777 1334//1777
f 1333//1778 1334//1778 1335//1778
f 1296//1779 1336//1779 1297//1779
f 1297//1780 1336//1780 1337//1780
f 1297//1781 1337//1781 1298//1781
f 1298//1782 1337//1782 1338//1782
f 1298//1783 1338//1783 1299//1783
f 1299//1784 1338//1784 1339//1784
f 1299//1785 1339//1785 1300//1785
f 1300//1786 1339//1786 1340//1786
f 1300//1787 1340//1787 1301//1787
f 1301//1788 1340//1788 1341//1788
f 1301//1789 1341//1789 1302//1789
f 1302//1790 1341//1790 1342//1790
f 1302//1791 1342//1791 1303//1791
f 1303//1792 1342//1792 1343//1792
f 1303//1793 1343//1793 1235//1793
f 1235//1794 1343//1794 1344//1794
f 1235//1795 1344//1795 1234//1795
f 913//1796 1345//1796 1346//1796
f 1346//1797 1345//1797 1347//1797
f 1346//1798 1347//1798 1348//1798
f 1348//1799 1347//1799 1349//1799
f 1348//1800 1349//1800 1350//1800
f 1350//1801 1349//1801 1351//1801
f 1350//1802 1351//1802 1352//1802
f 1352//1803 1351//1803 1353//1803
f 1352//1804 1353//1804 1354//1804
f 1354//1805 1353//1805 1355//1805
f 1354//1806 1355//1806 1356//1806
f 1356//1807 1355//1807 1357//1807
f 1356//1808 1357//1808 1358//1808
f 1358//1809 1357//1809 1359//1809
f 1358//1810 1359//1810 1360//1810
f 1360//1811 1359//1811 1361//1811
f 1360//1812 1361//1812 1362//1812
f 1362//1813 1361//1813 1363//1813
f 1362//1814 1363//1814 1364//1814
f 1363//1815 1365//1815 1364//1815
f 1364//1816 1365//1816 1366//1816
f 1364//1817 1366//1817 321//1817
f 321//1818 1366//1818 1367//1818
f 321//1819 1367//1819 319//1819
f 1368//1820 1369//1820 1370//1820
f 1370//1821 1369//1821 1371//1821
f 314//1822 313//1822 1368//1822
f 1368//1823 313//1823 1372//1823
f 1368//1824 1372//1824 1369//1824
f 1373//1825 315//1825 1374//1825
f 1374//1826 315//1826 314//1826
f 1374//1827 314//1827 1375//1827
f 1375//1828 314//1828 1368//1828
f 1375//1829 1368//1829 1376//1829
f 1376//1830 1368//1830 1370//1830
f 1221//1831 1371//1831 1192//1831
f 1192//1832 1371//1832 1369//1832
f 1192//1833 1369//1833 1193//1833
f 1193//1834 1369//1834 1372//1834
f 1193//1835 1372//1835 318//1835
f 318//1836 1372//1836 313//1836
f 318//1837 313//1837 316//1837
f 316//1838 313//1838 315//1838
f 1333//1839 1327//1839 1328//1839
f 1328//1840 1327//1840 322//1840
f 1328//1841 322//1841 1329//1841
f 1329//1842 322//1842 324//1842
f 1329//1843 324//1843 1377//1843
f 1377//1844 324//1844 1378//1844
f 1377//1845 1378//1845 1379//1845
f 766//1846 765//1846 1379//1846
f 1367//1847 1330//1847 319//1847
f 319//1848 1330//1848 1329//1848
f 319//1849 1329//1849 320//1849
f 320//1850 1329//1850 1377//1850
f 320//1851 1377//1851 1380//1851
f 1380//1852 1377//1852 1379//1852
f 1380//1853 1379//1853 1381//1853
f 1381//1854 1379//1854 765//1854
f 998//1855 652//1855 997//1855
f 997//1856 652//1856 654//1856
f 997//1857 654//1857 349//1857
f 349//1858 654//1858 643//1858
f 349//1859 643//1859 350//1859
f 350//1860 643//1860 645//1860
f 350//1861 645//1861 1007//1861
f 1007//1862 645//1862 647//1862
f 1007//1863 647//1863 1320//1863
f 1320//1864 647//1864 649//1864
f 1320//1865 649//1865 1321//1865
f 1321//1866 649//1866 641//1866
f 1321//1867 641//1867 1322//1867
f 1322//1868 641//1868 638//1868
f 1322//1869 638//1869 1323//1869
f 1323//1870 638//1870 634//1870
f 1323//1871 634//1871 1324//1871
f 1324//1872 634//1872 627//1872
f 1324//1873 627//1873 1382//1873
f 1382//1874 627//1874 629//1874
f 1382//1875 629//1875 1383//1875
f 1383//1876 629//1876 624//1876
f 1383//1877 624//1877 1384//1877
f 1384//1878 624//1878 622//1878
f 1384//1879 622//1879 1385//1879
f 1385//1880 622//1880 617//1880
f 1385//1881 617//1881 1386//1881
f 1386//1882 617//1882 615//1882
f 1386//1883 615//1883 1387//1883
f 1387//1884 615//1884 611//1884
f 1387//1885 764//1885 1386//1885
f 1386//1886 764//1886 766//1886
f 1386//1887 766//1887 1385//1887
f 1385//1888 766//1888 1379//1888
f 1385//1889 1379//1889 1384//1889
f 1384//1890 1379//1890 1378//1890
f 1384//1891 1378//1891 1383//1891
f 1383//1892 1378//1892 324//1892
f 1383//1893 324//1893 1382//1893
f 1382//1894 324//1894 323//1894
f 1382//1895 323//1895 1324//1895
f 1324//1896 323//1896 1325//1896
f 1324//1897 1325//1897 1315//1897
f 1315//1898 1325//1898 1326//1898
f 1315//1899 1326//1899 1312//1899
f 1312//1900 1326//1900 1327//1900
f 1312//1901 1327//1901 1310//1901
f 1310//1902 1327//1902 1333//1902
f 1310//1903 1333//1903 1311//1903
f 1311//1904 1333//1904 1335//1904
f 1388//1905 1389//1905 1390//1905
f 1391//1906 1392//1906 1393//1906
f 1394//1907 1395//1907 1396//1907
f 1397//1908 1398//1908 895//1908
f 895//1909 1398//1909 1399//1909
f 895//1910 1399//1910 893//1910
f 893//1911 1399//1911 1400//1911
f 893//1912 1400//1912 385//1912
f 385//1913 1400//1913 1401//1913
f 385//1914 1401//1914 386//1914
f 1402//1915 1394//1915 1403//1915
f 1403//1916 1394//1916 1396//1916
f 1403//1917 1396//1917 1404//1917
f 1404//1918 1396//1918 1405//1918
f 1404//1919 1405//1919 1406//1919
f 1406//1920 1405//1920 1407//1920
f 1406//1921 1407//1921 1408//1921
f 1408//1922 1407//1922 1409//1922
f 1408//1923 1409//1923 1410//1923
f 1410//1924 1409//1924 1123//1924
f 1410//1925 1123//1925 1411//1925
f 1411//1926 1123//1926 382//1926
f 1411//1927 382//1927 1412//1927
f 1412//1928 382//1928 384//1928
f 1395//1929 1397//1929 1396//1929
f 1396//1930 1397//1930 895//1930
f 1396//1931 895//1931 1405//1931
f 1405//1932 895//1932 894//1932
f 1405//1933 894//1933 1407//1933
f 1407//1933 894//1933 892//1933
f 1407//1934 892//1934 1409//1934
f 1409//1935 892//1935 891//1935
f 1409//1936 891//1936 1123//1936
f 1123//1937 891//1937 900//1937
f 1123//1938 900//1938 1122//1938
f 1122//1939 900//1939 899//1939
f 1122//1940 899//1940 380//1940
f 380//1941 899//1941 897//1941
f 380//1942 897//1942 1136//1942
f 1136//1943 897//1943 948//1943
f 1136//1944 948//1944 1137//1944
f 1137//1945 948//1945 365//1945
f 1137//1946 365//1946 1138//1946
f 1138//1947 365//1947 367//1947
f 1138//1948 367//1948 1135//1948
f 1135//1949 367//1949 368//1949
f 1135//1950 368//1950 1286//1950
f 1286//1951 368//1951 1272//1951
f 1286//1952 1272//1952 1287//1952
f 1287//1953 1272//1953 1271//1953
f 1287//1954 1271//1954 1288//1954
f 1288//1955 1271//1955 1270//1955
f 1288//1956 1270//1956 1289//1956
f 1289//1957 1270//1957 1269//1957
f 1289//1958 1269//1958 1290//1958
f 1290//1959 1269//1959 1268//1959
f 1290//1960 1268//1960 1291//1960
f 1291//1961 1268//1961 1267//1961
f 1291//1962 1267//1962 1292//1962
f 1292//1963 1267//1963 1266//1963
f 1292//1964 1266//1964 1293//1964
f 1293//1965 1266//1965 1265//1965
f 1293//1966 1265//1966 1294//1966
f 1294//1967 1265//1967 1305//1967
f 1294//1968 1305//1968 1296//1968
f 1296//1969 1305//1969 1304//1969
f 1296//1970 1304//1970 1336//1970
f 453//1971 677//1971 456//1971
f 456//1972 677//1972 417//1972
f 456//1973 417//1973 430//1973
f 430//1974 417//1974 416//1974
f 430//1975 416//1975 460//1975
f 460//1976 416//1976 689//1976
f 460//1977 689//1977 466//1977
f 466//1978 689//1978 681//1978
f 466//1979 681//1979 464//1979
f 464//1980 681//1980 670//1980
f 464//1981 670//1981 470//1981
f 470//1982 670//1982 667//1982
f 470//1983 667//1983 473//1983
f 473//1984 667//1984 414//1984
f 473//1985 414//1985 475//1985
f 475//1986 414//1986 413//1986
f 475//1987 413//1987 427//1987
f 427//1988 413//1988 290//1988
f 427//1989 290//1989 289//1989
f 526//1990 520//1990 420//1990
f 420//1991 520//1991 522//1991
f 420//1992 522//1992 853//1992
f 853//1993 522//1993 807//1993
f 853//1994 807//1994 851//1994
f 851//1995 807//1995 809//1995
f 851//1996 809//1996 849//1996
f 849//1997 809//1997 811//1997
f 849//1998 811//1998 847//1998
f 847//1999 811//1999 813//1999
f 847//2000 813//2000 845//2000
f 845//2001 813//2001 698//2001
f 845//2002 698//2002 843//2002
f 843//2003 698//2003 409//2003
f 843//2004 409//2004 841//2004
f 841//2005 409//2005 411//2005
f 841//2006 411//2006 839//2006
f 839//2007 411//2007 1413//2007
f 839//2008 1413//2008 1414//2008
f 1414//2009 1413//2009 1415//2009
f 1414//2010 1415//2010 1416//2010
f 1416//2011 1415//2011 1417//2011
f 1416//2012 1417//2012 1418//2012
f 1418//2013 1417//2013 1419//2013
f 1418//2014 1419//2014 1420//2014
f 1420//2015 1419//2015 1421//2015
f 1420//2016 1421//2016 1422//2016
f 1422//2017 1421//2017 1423//2017
f 1422//2018 1423//2018 1424//2018
f 1424//2019 1423//2019 1425//2019
f 1424//2020 1425//2020 1426//2020
f 1426//2021 1425//2021 1427//2021
f 1426//2022 1427//2022 1428//2022
f 1428//2023 1427//2023 449//2023
f 1428//2024 449//2024 444//2024
f 444//2025 449//2025 450//2025
f 444//2026 450//2026 445//2026
f 437//2027 431//2027 436//2027
f 436//2028 431//2028 433//2028
f 436//2029 433//2029 1429//2029
f 1429//2030 433//2030 1430//2030
f 1429//2031 1430//2031 1431//2031
f 1431//2032 1430//2032 1432//2032
f 1431//2033 1432//2033 1433//2033
f 1433//2034 1432//2034 1434//2034
f 1433//2035 1434//2035 1435//2035
f 1435//2036 1434//2036 1436//2036
f 1435//2037 1436//2037 1437//2037
f 1437//2038 1436//2038 1438//2038
f 1437//2039 1438//2039 1439//2039
f 571//2040 566//2040 572//2040
f 572//2041 566//2041 568//2041
f 572//2042 568//2042 889//2042
f 889//2043 568//2043 858//2043
f 889//2044 858//2044 882//2044
f 882//2045 858//2045 860//2045
f 882//2046 860//2046 806//2046
f 806//2047 860//2047 862//2047
f 806//2048 862//2048 780//2048
f 780//2049 862//2049 864//2049
f 780//2050 864//2050 781//2050
f 781//2051 864//2051 874//2051
f 781//2052 874//2052 1211//2052
f 1211//2053 874//2053 873//2053
f 1211//2054 873//2054 1212//2054
f 1212//2055 873//2055 872//2055
f 1212//2056 872//2056 731//2056
f 731//2057 872//2057 871//2057
f 731//2058 871//2058 732//2058
f 732//2059 871//2059 870//2059
f 732//2060 870//2060 734//2060
f 734//2061 870//2061 869//2061
f 734//2062 869//2062 736//2062
f 736//2063 869//2063 868//2063
f 736//2064 868//2064 1222//2064
f 1222//2065 868//2065 730//2065
f 1222//2066 730//2066 713//2066
f 713//2067 730//2067 729//2067
f 713//2068 729//2068 701//2068
f 701//2069 729//2069 727//2069
f 701//2070 727//2070 699//2070
f 699//2071 727//2071 725//2071
f 699//2072 725//2072 707//2072
f 707//2073 725//2073 723//2073
f 707//2074 723//2074 709//2074
f 709//2075 723//2075 722//2075
f 709//2076 722//2076 1440//2076
f 1440//2077 722//2077 1441//2077
f 1440//2078 1441//2078 1442//2078
f 1442//2079 1441//2079 1443//2079
f 1442//2080 1443//2080 1444//2080
f 1444//2081 1443//2081 1445//2081
f 1444//2082 1445//2082 1446//2082
f 1446//2083 1445//2083 1447//2083
f 1446//2084 1447//2084 1448//2084
f 1448//2085 1447//2085 1449//2085
f 1448//2086 1449//2086 1450//2086
f 1450//2087 1449//2087 1451//2087
f 1450//2088 1451//2088 1452//2088
f 1452//2089 1451//2089 1453//2089
f 1452//2090 1453//2090 1454//2090
f 1454//2091 1453//2091 1455//2091
f 1454//2092 1455//2092 1456//2092
f 1456//2093 1455//2093 441//2093
f 1456//2094 441//2094 440//2094
f 440//2095 441//2095 443//2095
f 440//2096 443//2096 438//2096
f 534//2097 527//2097 393//2097
f 393//2098 527//2098 529//2098
f 393//2099 529//2099 391//2099
f 391//2100 529//2100 854//2100
f 391//2101 854//2101 815//2101
f 815//2102 854//2102 852//2102
f 815//2103 852//2103 817//2103
f 817//2104 852//2104 850//2104
f 817//2105 850//2105 819//2105
f 819//2106 850//2106 848//2106
f 819//2107 848//2107 821//2107
f 821//2108 848//2108 846//2108
f 821//2109 846//2109 823//2109
f 823//2110 846//2110 844//2110
f 823//2111 844//2111 825//2111
f 825//2112 844//2112 842//2112
f 825//2113 842//2113 726//2113
f 726//2114 842//2114 840//2114
f 726//2115 840//2115 724//2115
f 724//2116 840//2116 839//2116
f 724//2117 839//2117 722//2117
f 722//2118 839//2118 1414//2118
f 722//2119 1414//2119 1441//2119
f 1441//2120 1414//2120 1416//2120
f 1441//2121 1416//2121 1443//2121
f 1443//2122 1416//2122 1418//2122
f 1443//2123 1418//2123 1445//2123
f 1445//2124 1418//2124 1420//2124
f 1445//2125 1420//2125 1447//2125
f 1447//2126 1420//2126 1422//2126
f 1447//2127 1422//2127 1449//2127
f 1449//2128 1422//2128 1424//2128
f 1449//2129 1424//2129 1451//2129
f 1451//2130 1424//2130 1426//2130
f 1451//2131 1426//2131 1453//2131
f 1453//2132 1426//2132 1428//2132
f 1453//2133 1428//2133 1455//2133
f 1455//2134 1428//2134 444//2134
f 1455//2135 444//2135 441//2135
f 441//2136 444//2136 446//2136
f 441//2137 446//2137 442//2137
f 515//2138 507//2138 513//2138
f 513//2139 507//2139 509//2139
f 513//2140 509//2140 855//2140
f 855//2141 509//2141 694//2141
f 855//2142 694//2142 691//2142
f 691//2143 694//2143 695//2143
f 691//2144 695//2144 410//2144
f 410//2145 695//2145 696//2145
f 410//2146 696//2146 411//2146
f 411//2147 696//2147 697//2147
f 411//2148 697//2148 1413//2148
f 1413//2149 697//2149 671//2149
f 1413//2150 671//2150 1415//2150
f 1415//2151 671//2151 672//2151
f 1415//2152 672//2152 1417//2152
f 1417//2153 672//2153 673//2153
f 1417//2154 673//2154 1419//2154
f 1419//2155 673//2155 674//2155
f 1419//2156 674//2156 1421//2156
f 1421//2157 674//2157 675//2157
f 1421//2158 675//2158 1423//2158
f 1423//2159 675//2159 676//2159
f 1423//2160 676//2160 1425//2160
f 1425//2161 676//2161 677//2161
f 1425//2162 677//2162 1427//2162
f 1427//2163 677//2163 453//2163
f 1427//2164 453//2164 449//2164
f 449//2165 453//2165 454//2165
f 449//2166 454//2166 447//2166
f 311//2167 1457//2167 312//2167
f 312//2168 1457//2168 1458//2168
f 312//2169 1458//2169 1459//2169
f 1459//2170 1458//2170 1460//2170
f 1459//2171 1460//2171 1461//2171
f 1461//2172 1460//2172 1462//2172
f 1461//2173 1462//2173 1463//2173
f 1463//2174 1462//2174 1464//2174
f 1463//2175 1464//2175 1465//2175
f 1465//2176 1464//2176 1466//2176
f 1465//2177 1466//2177 1467//2177
f 1467//2178 1466//2178 1468//2178
f 1467//2179 1468//2179 1469//2179
f 1470//2180 1391//2180 1471//2180
f 1471//2181 1391//2181 1393//2181
f 1471//2182 1393//2182 1472//2182
f 1472//2183 1393//2183 1473//2183
f 1472//2184 1473//2184 1474//2184
f 1474//2185 1473//2185 1475//2185
f 1474//2186 1475//2186 1476//2186
f 1476//2187 1475//2187 1477//2187
f 1476//2188 1477//2188 1478//2188
f 1478//2189 1477//2189 1479//2189
f 1478//2190 1479//2190 1480//2190
f 1480//2191 1479//2191 1481//2191
f 1480//2192 1481//2192 1482//2192
f 1482//2193 1481//2193 1483//2193
f 1482//2194 1483//2194 1484//2194
f 1484//2195 1483//2195 906//2195
f 1457//2196 304//2196 1458//2196
f 1458//2197 304//2197 306//2197
f 1458//2198 306//2198 1460//2198
f 1460//2199 306//2199 1485//2199
f 1460//2200 1485//2200 1462//2200
f 1462//2201 1485//2201 1486//2201
f 1462//2202 1486//2202 1464//2202
f 1464//2203 1486//2203 1487//2203
f 1464//2204 1487//2204 1466//2204
f 1466//2205 1487//2205 1488//2205
f 1466//2206 1488//2206 1468//2206
f 1468//2207 1488//2207 1489//2207
f 1468//2208 1489//2208 1469//2208
f 1389//2209 310//2209 1390//2209
f 1390//2210 310//2210 312//2210
f 1390//2211 312//2211 1490//2211
f 1490//2212 312//2212 1459//2212
f 1490//2213 1459//2213 1491//2213
f 1491//2214 1459//2214 1461//2214
f 1491//2215 1461//2215 1492//2215
f 1492//2216 1461//2216 1463//2216
f 1492//2217 1463//2217 1493//2217
f 1493//2218 1463//2218 1465//2218
f 1493//2219 1465//2219 1494//2219
f 1494//2220 1465//2220 1467//2220
f 1494//2221 1467//2221 1495//2221
f 1495//2222 1467//2222 1469//2222
f 305//2223 307//2223 306//2223
f 306//2224 307//2224 309//2224
f 306//2225 309//2225 1485//2225
f 1485//2226 309//2226 1496//2226
f 1485//2227 1496//2227 1486//2227
f 1486//2228 1496//2228 1497//2228
f 1486//2229 1497//2229 1487//2229
f 1487//2230 1497//2230 1498//2230
f 1487//2231 1498//2231 1488//2231
f 1488//2232 1498//2232 1499//2232
f 1488//2233 1499//2233 1489//2233
f 1489//2234 1499//2234 1500//2234
f 1489//2235 1500//2235 1501//2235
f 1501//2236 1500//2236 1502//2236
f 303//2237 302//2237 1503//2237
f 1503//2238 302//2238 1504//2238
f 1503//2239 1504//2239 1505//2239
f 1505//2240 1504//2240 1506//2240
f 1505//2241 1506//2241 1439//2241
f 308//2242 1470//2242 309//2242
f 309//2243 1470//2243 1471//2243
f 309//2244 1471//2244 1496//2244
f 1496//2245 1471//2245 1472//2245
f 1496//2246 1472//2246 1497//2246
f 1497//2184 1472//2184 1474//2184
f 1497//2247 1474//2247 1498//2247
f 1498//2248 1474//2248 1476//2248
f 1498//2249 1476//2249 1499//2249
f 1499//2250 1476//2250 1478//2250
f 1499//2251 1478//2251 1500//2251
f 1500//2252 1478//2252 1480//2252
f 1500//2253 1480//2253 1502//2253
f 1502//2254 1480//2254 1482//2254
f 1502//2255 1482//2255 1507//2255
f 1507//2256 1482//2256 1484//2256
f 1507//2257 1484//2257 901//2257
f 901//2258 1484//2258 906//2258
f 901//2259 906//2259 902//2259
f 902//2260 906//2260 908//2260
f 902//2261 908//2261 904//2261
f 904//2262 908//2262 910//2262
f 904//2263 910//2263 1201//2263
f 1201//2264 910//2264 912//2264
f 1201//2265 912//2265 377//2265
f 377//2266 912//2266 913//2266
f 377//2267 913//2267 1213//2267
f 1213//2268 913//2268 1346//2268
f 1213//2269 1346//2269 1214//2269
f 1214//2270 1346//2270 1348//2270
f 1214//2271 1348//2271 1215//2271
f 1215//2272 1348//2272 1350//2272
f 1215//2273 1350//2273 1216//2273
f 1216//2274 1350//2274 1352//2274
f 1216//2275 1352//2275 1217//2275
f 1217//2276 1352//2276 1354//2276
f 1217//2277 1354//2277 1218//2277
f 1218//2278 1354//2278 1356//2278
f 1218//2279 1356//2279 1219//2279
f 1219//2280 1356//2280 1358//2280
f 1219//2281 1358//2281 1220//2281
f 1220//2282 1358//2282 1360//2282
f 1220//2283 1360//2283 1221//2283
f 1221//2284 1360//2284 1362//2284
f 1221//2285 1362//2285 1371//2285
f 1371//2286 1362//2286 1364//2286
f 1371//2287 1364//2287 1370//2287
f 1370//2288 1364//2288 321//2288
f 1370//2289 321//2289 1376//2289
f 1376//2290 321//2290 320//2290
f 1376//2291 320//2291 1375//2291
f 1375//2292 320//2292 1380//2292
f 1375//2293 1380//2293 1374//2293
f 1374//2294 1380//2294 1381//2294
f 1374//2295 1381//2295 1373//2295
f 1373//2296 1381//2296 765//2296
f 434//2297 436//2297 440//2297
f 440//2298 436//2298 1429//2298
f 440//2299 1429//2299 1456//2299
f 1456//2300 1429//2300 1431//2300
f 1456//2301 1431//2301 1454//2301
f 1454//2302 1431//2302 1433//2302
f 1454//2303 1433//2303 1452//2303
f 1452//2304 1433//2304 1435//2304
f 1452//2305 1435//2305 1450//2305
f 1450//2306 1435//2306 1437//2306
f 1450//2307 1437//2307 1448//2307
f 1448//2308 1437//2308 1439//2308
f 1448//2309 1439//2309 1446//2309
f 1446//2310 1439//2310 1506//2310
f 1446//2311 1506//2311 1444//2311
f 1444//2312 1506//2312 1504//2312
f 1444//2313 1504//2313 1442//2313
f 1442//2314 1504//2314 302//2314
f 1442//2315 302//2315 1440//2315
f 1440//2316 302//2316 301//2316
f 1440//2317 301//2317 709//2317
f 709//2318 301//2318 923//2318
f 709//2319 923//2319 708//2319
f 708//2320 923//2320 925//2320
f 708//2321 925//2321 706//2321
f 706//2322 925//2322 927//2322
f 706//2323 927//2323 705//2323
f 705//2324 927//2324 929//2324
f 705//2325 929//2325 710//2325
f 710//2326 929//2326 931//2326
f 710//2327 931//2327 711//2327
f 711//2328 931//2328 918//2328
f 711//2329 918//2329 712//2329
f 712//2330 918//2330 920//2330
f 712//2331 920//2331 1150//2331
f 1150//2332 920//2332 921//2332
f 1150//2333 921//2333 1152//2333
f 1392//2334 1402//2334 1393//2334
f 1393//2335 1402//2335 1403//2335
f 1393//2336 1403//2336 1473//2336
f 1473//2337 1403//2337 1404//2337
f 1473//2338 1404//2338 1475//2338
f 1475//2339 1404//2339 1406//2339
f 1475//2340 1406//2340 1477//2340
f 1477//2341 1406//2341 1408//2341
f 1477//2341 1408//2341 1479//2341
f 1479//2342 1408//2342 1410//2342
f 1479//2343 1410//2343 1481//2343
f 1481//2344 1410//2344 1411//2344
f 1481//2345 1411//2345 1483//2345
f 1483//2346 1411//2346 1412//2346
f 1483//2347 1412//2347 906//2347
f 906//2348 1412//2348 384//2348
f 906//2349 384//2349 907//2349
f 907//2350 384//2350 1121//2350
f 907//2351 1121//2351 909//2351
f 909//2352 1121//2352 375//2352
f 909//2353 375//2353 911//2353
f 911//2354 375//2354 338//2354
f 911//2355 338//2355 913//2355
f 913//2356 338//2356 337//2356
f 913//2357 337//2357 1345//2357
f 1345//2358 337//2358 1224//2358
f 1345//2359 1224//2359 1347//2359
f 1347//2360 1224//2360 1226//2360
f 1347//2361 1226//2361 1349//2361
f 1349//2362 1226//2362 1228//2362
f 1349//2363 1228//2363 1351//2363
f 1351//2364 1228//2364 1230//2364
f 1351//2365 1230//2365 1353//2365
f 1353//2366 1230//2366 1232//2366
f 1353//2367 1232//2367 1355//2367
f 1355//2368 1232//2368 1234//2368
f 1355//2369 1234//2369 1357//2369
f 1357//2370 1234//2370 1344//2370
f 1357//2371 1344//2371 1359//2371
f 1359//2372 1344//2372 1343//2372
f 1359//2373 1343//2373 1361//2373
f 1361//2374 1343//2374 1342//2374
f 1361//2375 1342//2375 1363//2375
f 1363//2376 1342//2376 1341//2376
f 1363//2377 1341//2377 1365//2377
f 1365//2378 1341//2378 1340//2378
f 1365//2379 1340//2379 1366//2379
f 1366//2380 1340//2380 1339//2380
f 1366//2381 1339//2381 1367//2381
f 1367//2382 1339//2382 1338//2382
f 1367//2383 1338//2383 1330//2383
f 1330//2384 1338//2384 1337//2384
f 1330//2385 1337//2385 1331//2385
f 1331//2386 1337//2386 1336//2386
f 1331//2387 1336//2387 1332//2387
f 1332//2388 1336//2388 1304//2388
f 1332//2389 1304//2389 1334//2389
f 1334//2390 1304//2390 1306//2390
f 1334//2391 1306//2391 1335//2391
f 1335//2392 1306//2392 1308//2392
f 1335//2393 1308//2393 1311//2393
f 1311//2394 1308//2394 1108//2394
f 1311//2395 1108//2395 1309//2395
f 1309//2396 1108//2396 1102//2396
f 1309//2397 1102//2397 1314//2397
f 1314//2398 1102//2398 1103//2398
f 1314//2399 1103//2399 1318//2399
f 1318//2400 1103//2400 1104//2400
f 1318//2401 1104//2401 1319//2401
f 1319//2402 1104//2402 1105//2402
f 1319//2403 1105//2403 1094//2403
f 1094//2404 1105//2404 1106//2404
f 1094//2405 1106//2405 994//2405
f 994//2406 1106//2406 1107//2406
f 994//2407 1107//2407 995//2407
f 610//2408 608//2408 611//2408
f 611//2409 608//2409 394//2409
f 611//2410 394//2410 1387//2410
f 1387//2411 394//2411 396//2411
f 1387//2412 396//2412 764//2412
f 764//2413 396//2413 773//2413
f 764//2414 773//2414 765//2414
f 765//2415 773//2415 1200//2415
f 765//2416 1200//2416 1373//2416
f 1373//2417 1200//2417 1199//2417
f 1373//2418 1199//2418 315//2418
f 315//2419 1199//2419 1198//2419
f 315//2420 1198//2420 316//2420
f 316//2421 1198//2421 1197//2421
f 316//2422 1197//2422 317//2422
f 317//2423 1197//2423 1196//2423
f 317//2424 1196//2424 318//2424
f 318//2425 1196//2425 1195//2425
f 318//2426 1195//2426 1210//2426
f 1210//2427 1195//2427 1194//2427
f 1210//2428 1194//2428 1209//2428
f 1209//2429 1194//2429 331//2429
f 1209//2430 331//2430 1208//2430
f 1208//2431 331//2431 1176//2431
f 1208//2432 1176//2432 1207//2432
f 1207//2433 1176//2433 1167//2433
f 1207//2434 1167//2434 1206//2434
f 1206//2435 1167//2435 1166//2435
f 1206//2436 1166//2436 1205//2436
f 1205//2437 1166//2437 1153//2437
f 1205//2438 1153//2438 1204//2438
f 1204//2439 1153//2439 1152//2439
f 1204//2440 1152//2440 1203//2440
f 1203//2441 1152//2441 921//2441
f 1203//2442 921//2442 1202//2442
f 1202//2443 921//2443 919//2443
f 1202//2444 919//2444 915//2444
f 915//2445 919//2445 918//2445
f 915//2446 918//2446 917//2446
f 917//2447 918//2447 930//2447
f 917//2448 930//2448 905//2448
f 905//2449 930//2449 928//2449
f 905//2450 928//2450 903//2450
f 903//2451 928//2451 926//2451
f 903//2452 926//2452 901//2452
f 901//2453 926//2453 924//2453
f 901//2454 924//2454 1507//2454
f 1507//2455 924//2455 922//2455
f 1507//2456 922//2456 1502//2456
f 1502//2457 922//2457 301//2457
f 1502//2458 301//2458 1501//2458
f 1501//2459 301//2459 303//2459
f 1501//2460 303//2460 1489//2460
f 1489//2461 303//2461 1503//2461
f 1489//2462 1503//2462 1469//2462
f 1469//2463 1503//2463 1505//2463
f 1469//2464 1505//2464 1495//2464
f 1495//2465 1505//2465 1439//2465
f 1495//2466 1439//2466 1494//2466
f 1494//2467 1439//2467 1438//2467
f 1494//2468 1438//2468 1493//2468
f 1493//2469 1438//2469 1436//2469
f 1493//2470 1436//2470 1492//2470
f 1492//2471 1436//2471 1434//2471
f 1492//2472 1434//2472 1491//2472
f 1491//2473 1434//2473 1432//2473
f 1491//2474 1432//2474 1490//2474
f 1490//2475 1432//2475 1430//2475
f 1490//2476 1430//2476 1390//2476
f 1390//2477 1430//2477 433//2477
f 1390//2478 433//2478 1388//2478
f 1388//2479 433//2479 432//2479
f 1508//2480 1509//2480 1510//2480
f 1510//2481 1511//2481 1508//2481
f 1508//2482 1511//2482 1512//2482
f 1508//2483 1512//2483 1513//2483
f 1513//2484 1512//2484 1514//2484
f 1515//2485 1516//2485 1517//2485
f 1517//2486 1516//2486 1518//2486
f 1517//2487 1518//2487 1514//2487
f 1514//2488 1518//2488 1519//2488
f 1514//2489 1519//2489 1513//2489
f 1520//2490 1521//2490 1522//2490
f 1523//2491 1524//2491 1525//2491
f 1526//2492 1527//2492 1528//2492
f 1529//2493 1530//2493 1531//2493
f 1530//2494 1532//2494 1531//2494
f 1531//2495 1532//2495 1533//2495
f 1531//2496 1533//2496 1526//2496
f 1534//2497 1535//2497 1536//2497
f 1536//2498 1535//2498 1537//2498
f 1538//2499 1539//2499 1540//2499
f 1541//2500 1542//2500 1538//2500
f 1538//2501 1540//2501 1541//2501
f 1541//2502 1540//2502 1543//2502
f 1541//2503 1543//2503 1544//2503
f 1545//2504 1546//2504 1547//2504
f 1545//2505 1547//2505 1541//2505
f 1541//2506 1547//2506 1548//2506
f 1541//2507 1548//2507 1542//2507
f 1546//2508 1545//2508 1549//2508
f 1549//2509 1545//2509 1550//2509
f 1549//2510 1550//2510 1551//2510
f 1552//2511 1553//2511 1550//2511
f 1550//2512 1553//2512 1554//2512
f 1550//2513 1554//2513 1551//2513
f 1555//2514 1556//2514 1557//2514
f 1557//2515 1556//2515 1558//2515
f 1557//2516 1558//2516 1559//2516
f 1560//2517 1561//2517 1555//2517
f 1555//2518 1561//2518 1562//2518
f 1555//2519 1562//2519 1556//2519
f 1524//2520 1563//2520 1525//2520
f 1525//2521 1563//2521 1564//2521
f 1525//2522 1564//2522 1560//2522
f 1560//2523 1564//2523 1565//2523
f 1560//2524 1565//2524 1561//2524
f 1566//2525 1523//2525 1567//2525
f 1567//2526 1523//2526 1525//2526
f 1567//2527 1525//2527 1568//2527
f 1568//2528 1525//2528 1569//2528
f 1570//2529 1571//2529 1572//2529
f 1573//2530 1574//2530 1575//2530
f 1574//2531 1576//2531 1575//2531
f 1575//2532 1576//2532 1577//2532
f 1575//2533 1577//2533 1578//2533
f 1579//2534 1580//2534 1581//2534
f 1581//2535 1580//2535 1582//2535
f 1582//2536 1583//2536 1581//2536
f 1581//2537 1583//2537 1584//2537
f 1581//2538 1584//2538 1585//2538
f 1586//2539 1587//2539 1588//2539
f 1588//2540 1589//2540 1586//2540
f 1586//2541 1589//2541 1590//2541
f 1586//2542 1590//2542 1581//2542
f 1581//2543 1590//2543 1591//2543
f 1581//2544 1591//2544 1579//2544
f 1587//2545 1586//2545 1592//2545
f 1592//2546 1586//2546 1593//2546
f 1592//2547 1593//2547 1594//2547
f 1595//2548 1596//2548 1597//2548
f 1597//2549 1596//2549 1598//2549
f 1597//2550 1598//2550 1593//2550
f 1593//2551 1598//2551 1599//2551
f 1593//2552 1599//2552 1594//2552
f 1600//2553 1601//2553 1602//2553
f 1602//2554 1601//2554 1603//2554
f 1602//2555 1603//2555 1597//2555
f 1597//2556 1603//2556 1604//2556
f 1597//2557 1604//2557 1595//2557
f 1600//2558 1602//2558 1605//2558
f 1605//2559 1602//2559 1606//2559
f 1605//2560 1606//2560 1607//2560
f 1608//2561 1609//2561 1606//2561
f 1606//2562 1609//2562 1610//2562
f 1606//2563 1610//2563 1607//2563
f 1526//2564 1528//2564 1531//2564
f 1531//2565 1528//2565 1611//2565
f 1531//2566 1611//2566 1606//2566
f 1606//2567 1611//2567 1612//2567
f 1606//2568 1612//2568 1608//2568
f 1537//2569 1529//2569 1536//2569
f 1536//2570 1529//2570 1531//2570
f 1536//2571 1531//2571 1613//2571
f 1613//2572 1531//2572 1606//2572
f 1613//2573 1606//2573 1614//2573
f 1614//2574 1606//2574 1602//2574
f 1614//2575 1602//2575 1615//2575
f 1615//2576 1602//2576 1597//2576
f 1615//2577 1597//2577 1616//2577
f 1616//2578 1597//2578 1593//2578
f 1616//2579 1593//2579 1617//2579
f 1617//2580 1593//2580 1586//2580
f 1617//2581 1586//2581 1575//2581
f 1575//2582 1586//2582 1581//2582
f 1575//2583 1581//2583 1573//2583
f 1573//2584 1581//2584 1585//2584
f 1521//2585 1571//2585 1522//2585
f 1522//2586 1571//2586 1570//2586
f 1522//2587 1570//2587 1618//2587
f 1618//2588 1570//2588 1619//2588
f 1618//2589 1619//2589 1620//2589
f 1559//2516 1553//2516 1557//2516
f 1557//2590 1553//2590 1552//2590
f 1557//2591 1552//2591 1555//2591
f 1555//2592 1552//2592 1620//2592
f 1555//2593 1620//2593 1560//2593
f 1560//2594 1620//2594 1619//2594
f 1560//2595 1619//2595 1525//2595
f 1525//2596 1619//2596 1570//2596
f 1525//2597 1570//2597 1569//2597
f 1569//2598 1570//2598 1572//2598
f 1544//2599 1534//2599 1541//2599
f 1541//2600 1534//2600 1536//2600
f 1541//2601 1536//2601 1545//2601
f 1545//2602 1536//2602 1613//2602
f 1545//2603 1613//2603 1550//2603
f 1550//2604 1613//2604 1614//2604
f 1550//2605 1614//2605 1552//2605
f 1552//2606 1614//2606 1615//2606
f 1552//2607 1615//2607 1620//2607
f 1620//2608 1615//2608 1616//2608
f 1620//2609 1616//2609 1618//2609
f 1618//2610 1616//2610 1617//2610
f 1618//2611 1617//2611 1522//2611
f 1522//2612 1617//2612 1575//2612
f 1522//2613 1575//2613 1520//2613
f 1520//2614 1575//2614 1578//2614
f 1398//2615 1397//2615 1621//2615
f 1395//2616 1394//2616 1622//2616
f 1623//2617 1624//2617 1625//2617
f 1626//2618 1627//2618 1628//2618
f 1629//2619 1630//2619 1631//2619
f 1632//2620 1633//2620 1634//2620
f 1635//2621 1636//2621 1637//2621
f 1638//2622 1639//2622 1640//2622
f 1641//2623 1642//2623 1643//2623
f 1644//2624 1645//2624 1640//2624
f 1646//2625 1647//2625 1648//2625
f 1649//2626 1650//2626 1651//2626
f 1652//2627 1651//2627 1653//2627
f 1654//2628 1655//2628 1656//2628
f 1657//2629 1658//2629 1659//2629
f 1660//2630 1661//2630 1657//2630
f 1661//2631 1660//2631 1662//2631
f 652//2632 998//2632 1663//2632
f 1664//2633 1665//2633 1666//2633
f 1667//2634 1099//2634 969//2634
f 971//2635 973//2635 1668//2635
f 1669//2636 1670//2636 1671//2636
f 941//2637 939//2637 1672//2637
f 1673//2638 1674//2638 1675//2638
f 1676//2639 1677//2639 1678//2639
f 1679//2640 1680//2640 1681//2640
f 1682//2641 1683//2641 1684//2641
f 1685//2642 1686//2642 1687//2642
f 1401//2643 1400//2643 1688//2643
f 1689//2644 1690//2644 1691//2644
f 1692//2645 1693//2645 1694//2645
f 1695//2646 1696//2646 1697//2646
f 1696//2647 1695//2647 1698//2647
f 1699//2648 1700//2648 1701//2648
f 432//2649 431//2649 1702//2649
f 1703//2650 1704//2650 1705//2650
f 1706//2651 1707//2651 1708//2651
f 656//2652 655//2652 1709//2652
f 1709//2653 655//2653 1710//2653
f 655//2654 1711//2654 1710//2654
f 1710//2655 1711//2655 1712//2655
f 1710//2656 1712//2656 1713//2656
f 1713//2656 1712//2656 1714//2656
f 1714//2657 1712//2657 1715//2657
f 1714//2658 1715//2658 1716//2658
f 1716//2659 1715//2659 1717//2659
f 1716//2660 1717//2660 1718//2660
f 1718//2661 1717//2661 1719//2661
f 1719//2662 1717//2662 1720//2662
f 1719//2663 1720//2663 1721//2663
f 1722//2664 1723//2664 1724//2664
f 1724//2665 1723//2665 1725//2665
f 1726//2666 1727//2666 1728//2666
f 1728//2667 1727//2667 1729//2667
f 1728//2668 1729//2668 1725//2668
f 1725//2669 1729//2669 1730//2669
f 1725//2670 1730//2670 1724//2670
f 1726//2671 1728//2671 1731//2671
f 1731//2672 1728//2672 1732//2672
f 1731//2673 1732//2673 1733//2673
f 1734//2674 1735//2674 1736//2674
f 1734//2675 1736//2675 1737//2675
f 1736//2676 1738//2676 1737//2676
f 1737//2677 1738//2677 1739//2677
f 1737//2678 1739//2678 1740//2678
f 1740//2679 1739//2679 1741//2679
f 1740//2680 1741//2680 1732//2680
f 1732//2681 1741//2681 1742//2681
f 1732//2682 1742//2682 1733//2682
f 1743//2683 1744//2683 1745//2683
f 1743//2684 1745//2684 1734//2684
f 1734//2685 1745//2685 1746//2685
f 1734//2686 1746//2686 1735//2686
f 1744//2683 1743//2683 1747//2683
f 1747//2687 1743//2687 1748//2687
f 1747//2688 1748//2688 1749//2688
f 1750//2689 1751//2689 1748//2689
f 1748//2690 1751//2690 1752//2690
f 1748//2691 1752//2691 1749//2691
f 1753//2692 1754//2692 1750//2692
f 1750//2693 1754//2693 1755//2693
f 1750//2694 1755//2694 1751//2694
f 1756//2695 1757//2695 1758//2695
f 1758//2696 1757//2696 1759//2696
f 1760//2697 1761//2697 1759//2697
f 1759//2698 1761//2698 1762//2698
f 1759//2699 1762//2699 1758//2699
f 1763//2700 1764//2700 1765//2700
f 1765//2700 1764//2700 1766//2700
f 1765//2701 1766//2701 1760//2701
f 1760//2702 1766//2702 1767//2702
f 1760//2703 1767//2703 1761//2703
f 1768//2704 1763//2704 1769//2704
f 1769//2705 1763//2705 1765//2705
f 1769//2706 1765//2706 1770//2706
f 1770//2707 1765//2707 1771//2707
f 1772//2708 1773//2708 1774//2708
f 1774//2709 1773//2709 1775//2709
f 1774//2710 1775//2710 1776//2710
f 1772//2711 1774//2711 1777//2711
f 1777//2712 1774//2712 1778//2712
f 1777//2713 1778//2713 1779//2713
f 1780//2714 1781//2714 1782//2714
f 1782//2715 1781//2715 1783//2715
f 1782//2716 1783//2716 1778//2716
f 1778//2717 1783//2717 1784//2717
f 1778//2718 1784//2718 1779//2718
f 1785//2719 1786//2719 1787//2719
f 1787//2720 1786//2720 1788//2720
f 1787//2721 1788//2721 1789//2721
f 1789//2722 1788//2722 1790//2722
f 1789//2723 1790//2723 1782//2723
f 1782//2724 1790//2724 1791//2724
f 1782//2725 1791//2725 1780//2725
f 1785//2726 1787//2726 1792//2726
f 1792//2727 1787//2727 1793//2727
f 1792//2728 1793//2728 1794//2728
f 1794//2729 1793//2729 1795//2729
f 1795//2730 1793//2730 1796//2730
f 1795//2731 1796//2731 1797//2731
f 1798//2732 1799//2732 1800//2732
f 1800//2733 1799//2733 1801//2733
f 1800//2734 1801//2734 1796//2734
f 1796//2735 1801//2735 1802//2735
f 1796//2736 1802//2736 1797//2736
f 1803//2737 1804//2737 1805//2737
f 1805//2738 1804//2738 1806//2738
f 1805//2739 1806//2739 1807//2739
f 1807//2740 1806//2740 1808//2740
f 1807//2741 1808//2741 1800//2741
f 1800//2742 1808//2742 1809//2742
f 1800//2743 1809//2743 1798//2743
f 1708//2744 1707//2744 1810//2744
f 1707//2745 1811//2745 1810//2745
f 1810//2746 1811//2746 1812//2746
f 1810//2747 1812//2747 1805//2747
f 1805//2748 1812//2748 1813//2748
f 1805//2749 1813//2749 1803//2749
f 1814//2750 1815//2750 1816//2750
f 1816//2751 1815//2751 1817//2751
f 1816//2752 1817//2752 1708//2752
f 1708//2753 1817//2753 1818//2753
f 1708//2754 1818//2754 1706//2754
f 1819//2755 1820//2755 1821//2755
f 1819//2756 1821//2756 1822//2756
f 1823//2757 1824//2757 1825//2757
f 1825//2758 1824//2758 1826//2758
f 1827//2759 1828//2759 1829//2759
f 1828//2760 1830//2760 1829//2760
f 1829//2761 1830//2761 1831//2761
f 1829//2762 1831//2762 1832//2762
f 1833//2763 1834//2763 1835//2763
f 1833//2764 1835//2764 1836//2764
f 1837//2765 1838//2765 1839//2765
f 1838//2766 1840//2766 1839//2766
f 1839//2767 1840//2767 1841//2767
f 1839//2768 1841//2768 1842//2768
f 1843//2769 1844//2769 1845//2769
f 1845//2770 1844//2770 1846//2770
f 1847//2771 1848//2771 1849//2771
f 1849//2772 1848//2772 1850//2772
f 1851//2773 1852//2773 1853//2773
f 1853//2774 1852//2774 1854//2774
f 1853//2774 1854//2774 1855//2774
f 1856//2775 1857//2775 1858//2775
f 1856//2776 1858//2776 1859//2776
f 1860//2777 1861//2777 1862//2777
f 1860//2778 1862//2778 1863//2778
f 1864//2779 1865//2779 1866//2779
f 1867//2780 1868//2780 1869//2780
f 1869//2781 1868//2781 1870//2781
f 1869//2782 1870//2782 1871//2782
f 1871//2783 1870//2783 1872//2783
f 1871//2784 1872//2784 1873//2784
f 1874//2785 1875//2785 1876//2785
f 1876//2786 1875//2786 1877//2786
f 1876//2787 1877//2787 1878//2787
f 1879//2788 1880//2788 1881//2788
f 1881//2789 1880//2789 1882//2789
f 1881//2790 1882//2790 1883//2790
f 1884//2791 1885//2791 1584//2791
f 1584//2792 1583//2792 1884//2792
f 1884//2793 1583//2793 1886//2793
f 1884//2794 1886//2794 1887//2794
f 1887//2795 1886//2795 1888//2795
f 1887//2796 1888//2796 1889//2796
f 1890//2797 1573//2797 1885//2797
f 1885//2798 1573//2798 1585//2798
f 1885//2799 1585//2799 1584//2799
f 1891//2800 1520//2800 1890//2800
f 1890//2801 1520//2801 1578//2801
f 1890//2802 1578//2802 1577//2802
f 1577//2803 1576//2803 1890//2803
f 1890//2804 1576//2804 1574//2804
f 1890//2805 1574//2805 1573//2805
f 1569//2806 1572//2806 1892//2806
f 1892//2807 1572//2807 1571//2807
f 1892//2808 1571//2808 1891//2808
f 1891//2809 1571//2809 1521//2809
f 1891//2810 1521//2810 1520//2810
f 1893//2811 1566//2811 1567//2811
f 1894//2812 1895//2812 1892//2812
f 1892//2813 1895//2813 1893//2813
f 1893//2814 1567//2814 1892//2814
f 1892//2815 1567//2815 1568//2815
f 1892//2806 1568//2806 1569//2806
f 1896//2816 1897//2816 1898//2816
f 1898//2817 1897//2817 1899//2817
f 1900//2818 1901//2818 1902//2818
f 1902//2819 1901//2819 1903//2819
f 1902//2820 1903//2820 1904//2820
f 1905//2821 1906//2821 1900//2821
f 1900//2822 1906//2822 1907//2822
f 1900//2823 1907//2823 1901//2823
f 1908//2824 1909//2824 1910//2824
f 1910//2825 1909//2825 1911//2825
f 1910//2826 1911//2826 1905//2826
f 1905//2827 1911//2827 1912//2827
f 1905//2828 1912//2828 1906//2828
f 1908//2829 1910//2829 1913//2829
f 1913//2830 1910//2830 1914//2830
f 1913//2831 1914//2831 1915//2831
f 1916//2832 1917//2832 1914//2832
f 1914//2833 1917//2833 1918//2833
f 1914//2834 1918//2834 1915//2834
f 1919//2835 1920//2835 1916//2835
f 1916//2836 1920//2836 1921//2836
f 1916//2837 1921//2837 1917//2837
f 1922//2838 1923//2838 1924//2838
f 1924//2839 1923//2839 1925//2839
f 1924//2840 1925//2840 1919//2840
f 1919//2841 1925//2841 1926//2841
f 1919//2842 1926//2842 1920//2842
f 1922//2843 1924//2843 1927//2843
f 1927//2844 1924//2844 1928//2844
f 1927//2845 1928//2845 1929//2845
f 1929//2846 1928//2846 1930//2846
f 1930//2847 1928//2847 1931//2847
f 1930//2848 1931//2848 1932//2848
f 1932//2849 1931//2849 1933//2849
f 1933//2850 1931//2850 1934//2850
f 1933//2851 1934//2851 1935//2851
f 1702//2852 1936//2852 1934//2852
f 1934//2853 1936//2853 1937//2853
f 1934//2854 1937//2854 1935//2854
f 431//2855 1938//2855 1702//2855
f 1702//2856 1938//2856 1939//2856
f 1702//2857 1939//2857 1936//2857
f 1940//2858 1388//2858 432//2858
f 1941//2859 1942//2859 1943//2859
f 1943//2860 1942//2860 1944//2860
f 1943//2861 1944//2861 1945//2861
f 1945//2862 1944//2862 1946//2862
f 1945//2863 1946//2863 1947//2863
f 1947//2864 1946//2864 1948//2864
f 1947//2865 1948//2865 1949//2865
f 1949//2866 1948//2866 1950//2866
f 1949//2867 1950//2867 1951//2867
f 1952//2868 1953//2868 1954//2868
f 1954//2869 1953//2869 1955//2869
f 1954//2870 1955//2870 1956//2870
f 1956//2871 1955//2871 1957//2871
f 1956//2872 1957//2872 1958//2872
f 1958//2873 1957//2873 1959//2873
f 1958//2874 1959//2874 1960//2874
f 1960//2875 1959//2875 1961//2875
f 1960//2876 1961//2876 1705//2876
f 1705//2877 1961//2877 1898//2877
f 1705//2878 1898//2878 1703//2878
f 1703//2879 1898//2879 1899//2879
f 1887//2880 1952//2880 1884//2880
f 1884//2881 1952//2881 1954//2881
f 1884//2882 1954//2882 1885//2882
f 1885//2883 1954//2883 1956//2883
f 1885//2884 1956//2884 1890//2884
f 1890//2885 1956//2885 1958//2885
f 1890//2886 1958//2886 1891//2886
f 1891//2887 1958//2887 1960//2887
f 1891//2888 1960//2888 1892//2888
f 1892//2889 1960//2889 1705//2889
f 1892//2890 1705//2890 1894//2890
f 1894//2891 1705//2891 1704//2891
f 1942//2892 1962//2892 1944//2892
f 1944//2893 1962//2893 1963//2893
f 1944//2894 1963//2894 1946//2894
f 1946//2895 1963//2895 1964//2895
f 1946//2896 1964//2896 1948//2896
f 1948//2897 1964//2897 1965//2897
f 1948//2898 1965//2898 1950//2898
f 1950//2899 1965//2899 1966//2899
f 1967//2900 1966//2900 1968//2900
f 1968//2901 1966//2901 1965//2901
f 1968//2902 1965//2902 1969//2902
f 1969//2903 1965//2903 1964//2903
f 1969//2904 1964//2904 1970//2904
f 1970//2905 1964//2905 1963//2905
f 1970//2906 1963//2906 1971//2906
f 1971//2907 1963//2907 1962//2907
f 1972//2908 1973//2908 1974//2908
f 1971//2909 1975//2909 1970//2909
f 1970//2910 1975//2910 1976//2910
f 1970//2911 1976//2911 1969//2911
f 1969//2912 1976//2912 1977//2912
f 1969//2913 1977//2913 1968//2913
f 1968//2914 1977//2914 1972//2914
f 1968//2915 1972//2915 1967//2915
f 1967//2916 1972//2916 1974//2916
f 1967//2917 1974//2917 1978//2917
f 1973//2918 1979//2918 1974//2918
f 1974//2919 1979//2919 1980//2919
f 1974//2920 1980//2920 1978//2920
f 1981//2921 1982//2921 1983//2921
f 1984//2922 1985//2922 1986//2922
f 1883//2923 1874//2923 1881//2923
f 1881//2924 1874//2924 1876//2924
f 1881//2925 1876//2925 1987//2925
f 1986//2926 1987//2926 1984//2926
f 1984//2927 1987//2927 1876//2927
f 1984//2928 1876//2928 1869//2928
f 1869//2929 1876//2929 1878//2929
f 1869//2930 1878//2930 1867//2930
f 1864//2931 1988//2931 1989//2931
f 1989//2932 1988//2932 1990//2932
f 1985//2933 1991//2933 1992//2933
f 1992//2934 1991//2934 1989//2934
f 1992//2935 1989//2935 1993//2935
f 1993//2936 1989//2936 1990//2936
f 1993//2937 1990//2937 1994//2937
f 1985//2938 1984//2938 1991//2938
f 1991//2939 1984//2939 1869//2939
f 1991//2940 1869//2940 1989//2940
f 1989//2941 1869//2941 1871//2941
f 1989//2942 1871//2942 1864//2942
f 1864//2943 1871//2943 1873//2943
f 1864//2944 1873//2944 1865//2944
f 1983//2945 1982//2945 1995//2945
f 1889//2946 1879//2946 1887//2946
f 1887//2947 1879//2947 1881//2947
f 1887//2948 1881//2948 1952//2948
f 1952//2949 1881//2949 1987//2949
f 1952//2950 1987//2950 1953//2950
f 1953//2951 1987//2951 1986//2951
f 1953//2952 1986//2952 1996//2952
f 1996//2953 1986//2953 1985//2953
f 1996//2954 1985//2954 1997//2954
f 1997//2955 1985//2955 1992//2955
f 1997//2956 1992//2956 1981//2956
f 1981//2957 1992//2957 1993//2957
f 1981//2958 1993//2958 1982//2958
f 1982//2959 1993//2959 1994//2959
f 1982//2960 1994//2960 1995//2960
f 1998//2961 1999//2961 2000//2961
f 2000//2962 1999//2962 2001//2962
f 2000//2963 2001//2963 2002//2963
f 2003//2964 2004//2964 2005//2964
f 2005//2965 2004//2965 2006//2965
f 2005//2966 2006//2966 2007//2966
f 2007//2967 2006//2967 2008//2967
f 2009//2968 2010//2968 2008//2968
f 2008//2969 2010//2969 2011//2969
f 2008//2970 2011//2970 2007//2970
f 2007//2971 2011//2971 2012//2971
f 2007//2972 2012//2972 2005//2972
f 2005//2973 2012//2973 2013//2973
f 2005//2974 2013//2974 2003//2974
f 2003//2975 2013//2975 2014//2975
f 2010//2976 2015//2976 2011//2976
f 2011//2977 2015//2977 2016//2977
f 2011//2978 2016//2978 2012//2978
f 2012//2979 2016//2979 2017//2979
f 2012//2980 2017//2980 2013//2980
f 2013//2981 2017//2981 2018//2981
f 2013//2982 2018//2982 2014//2982
f 1701//2983 2019//2983 2020//2983
f 2019//2984 1701//2984 2021//2984
f 2021//2985 1701//2985 1700//2985
f 2021//2986 1700//2986 2022//2986
f 2023//2987 2024//2987 2025//2987
f 2025//2988 2024//2988 2026//2988
f 2022//2989 2027//2989 2021//2989
f 2021//2990 2027//2990 2028//2990
f 2021//2991 2028//2991 2019//2991
f 2019//2992 2028//2992 2029//2992
f 2019//2993 2029//2993 2020//2993
f 2020//2994 2029//2994 2030//2994
f 1988//2995 2031//2995 1990//2995
f 1990//2996 2031//2996 2032//2996
f 1990//2997 2032//2997 1994//2997
f 1994//2998 2032//2998 2033//2998
f 1994//2999 2033//2999 1995//2999
f 1995//3000 2033//3000 2034//3000
f 1995//3001 2034//3001 2035//3001
f 2035//3002 2034//3002 2036//3002
f 2035//3003 2036//3003 2037//3003
f 2037//3004 2036//3004 2038//3004
f 2037//3005 2038//3005 1699//3005
f 1699//3006 2038//3006 2039//3006
f 1699//3007 2039//3007 1700//3007
f 1700//3008 2039//3008 2040//3008
f 1700//3009 2040//3009 2022//3009
f 2022//3010 2040//3010 2041//3010
f 2022//3011 2041//3011 2027//3011
f 2042//3012 2043//3012 2044//3012
f 2045//3013 2042//3013 2046//3013
f 2042//3014 2044//3014 2046//3014
f 2046//3015 2044//3015 2047//3015
f 2046//3016 2047//3016 2048//3016
f 2049//3017 2026//3017 2050//3017
f 2050//3018 2026//3018 2024//3018
f 2050//3019 2024//3019 2051//3019
f 2051//3020 2024//3020 2023//3020
f 2051//3021 2023//3021 2052//3021
f 1693//3022 1692//3022 2053//3022
f 2053//3023 1692//3023 2054//3023
f 2053//3024 2054//3024 2055//3024
f 2056//3025 1698//3025 2057//3025
f 2058//3026 2049//3026 2059//3026
f 2059//3027 2049//3027 2050//3027
f 2059//3028 2050//3028 2045//3028
f 2045//3029 2050//3029 2051//3029
f 2045//3030 2051//3030 2042//3030
f 2042//3031 2051//3031 2052//3031
f 2042//3032 2052//3032 2043//3032
f 2048//3033 2060//3033 2046//3033
f 2046//3034 2060//3034 2061//3034
f 2046//3035 2061//3035 2045//3035
f 2045//3036 2061//3036 2062//3036
f 2045//3037 2062//3037 2059//3037
f 2059//3038 2062//3038 1694//3038
f 2059//3039 1694//3039 2058//3039
f 2058//3040 1694//3040 1693//3040
f 2063//3041 2064//3041 2065//3041
f 2065//3042 2064//3042 2066//3042
f 2065//3043 2066//3043 2067//3043
f 2067//3044 2066//3044 2068//3044
f 2067//3045 2068//3045 1691//3045
f 1691//3046 2068//3046 2069//3046
f 1691//3047 2069//3047 1689//3047
f 1689//3048 2069//3048 2070//3048
f 1689//3049 2070//3049 2071//3049
f 1690//3050 1689//3050 2072//3050
f 2072//3051 1689//3051 2071//3051
f 2072//3052 2071//3052 2073//3052
f 2074//3053 2075//3053 2076//3053
f 2076//3054 2075//3054 2077//3054
f 2076//3055 2077//3055 2078//3055
f 2078//3056 2077//3056 2079//3056
f 2078//3057 2079//3057 2080//3057
f 2080//3058 2079//3058 2081//3058
f 2080//3059 2081//3059 1697//3059
f 1697//3060 2081//3060 2082//3060
f 1697//3061 2082//3061 1695//3061
f 1695//3062 2082//3062 2083//3062
f 2084//3063 2063//3063 2085//3063
f 2085//3064 2063//3064 2065//3064
f 2085//3065 2065//3065 2086//3065
f 2086//3066 2065//3066 2067//3066
f 2086//3067 2067//3067 2087//3067
f 2087//3068 2067//3068 1691//3068
f 2087//3069 1691//3069 2088//3069
f 2088//3070 1691//3070 1690//3070
f 2088//3071 1690//3071 2089//3071
f 2089//3072 1690//3072 2072//3072
f 2089//3073 2072//3073 2090//3073
f 2090//3074 2072//3074 2073//3074
f 2090//3075 2073//3075 2091//3075
f 2092//3076 2084//3076 2093//3076
f 2093//3077 2084//3077 2085//3077
f 2093//3078 2085//3078 2094//3078
f 2094//3079 2085//3079 2086//3079
f 2094//3080 2086//3080 2095//3080
f 2095//3081 2086//3081 2087//3081
f 2095//3082 2087//3082 2096//3082
f 2096//3083 2087//3083 2088//3083
f 2096//3084 2088//3084 2097//3084
f 2097//3085 2088//3085 2089//3085
f 2097//3086 2089//3086 2098//3086
f 2098//3087 2089//3087 2090//3087
f 2098//3088 2090//3088 2099//3088
f 2099//3089 2090//3089 2091//3089
f 2099//3090 2091//3090 2100//3090
f 2100//3091 2091//3091 2101//3091
f 2100//3092 2101//3092 2102//3092
f 1866//3093 1863//3093 1864//3093
f 1864//3094 1863//3094 1862//3094
f 1864//3095 1862//3095 1988//3095
f 1988//3096 1862//3096 2103//3096
f 1988//3097 2103//3097 2031//3097
f 2031//3098 2103//3098 2104//3098
f 2031//3099 2104//3099 2032//3099
f 2032//3100 2104//3100 2105//3100
f 2032//3101 2105//3101 2033//3101
f 2033//3102 2105//3102 2106//3102
f 2033//3103 2106//3103 2034//3103
f 2034//3104 2106//3104 2107//3104
f 2034//3105 2107//3105 2036//3105
f 2036//3106 2107//3106 2108//3106
f 2036//3107 2108//3107 2038//3107
f 2038//3108 2108//3108 2109//3108
f 2038//3109 2109//3109 2039//3109
f 2039//3110 2109//3110 2110//3110
f 2039//3111 2110//3111 2040//3111
f 2040//3112 2110//3112 2111//3112
f 2040//3113 2111//3113 2041//3113
f 1861//3114 1859//3114 1862//3114
f 1862//3115 1859//3115 1858//3115
f 1862//3116 1858//3116 2103//3116
f 2103//3117 1858//3117 2112//3117
f 2103//3118 2112//3118 2104//3118
f 2104//3119 2112//3119 2113//3119
f 2104//3120 2113//3120 2105//3120
f 2105//3121 2113//3121 2114//3121
f 2105//3122 2114//3122 2106//3122
f 2106//3123 2114//3123 2115//3123
f 2106//3124 2115//3124 2107//3124
f 2107//3125 2115//3125 2116//3125
f 2107//3126 2116//3126 2108//3126
f 2108//3127 2116//3127 2117//3127
f 2108//3128 2117//3128 2109//3128
f 2109//3129 2117//3129 2118//3129
f 2109//3130 2118//3130 2110//3130
f 2110//3131 2118//3131 2119//3131
f 2110//3132 2119//3132 2111//3132
f 1846//3133 1837//3133 1845//3133
f 1845//3134 1837//3134 1839//3134
f 1845//3135 1839//3135 2120//3135
f 2120//3136 1839//3136 2121//3136
f 2120//3137 2121//3137 2122//3137
f 2122//3138 2121//3138 2123//3138
f 2122//3139 2123//3139 2124//3139
f 2124//3140 2123//3140 2125//3140
f 2124//3141 2125//3141 2126//3141
f 2126//3142 2125//3142 2127//3142
f 2126//3143 2127//3143 2128//3143
f 2128//3144 2127//3144 2129//3144
f 2128//3145 2129//3145 2060//3145
f 2060//3146 2129//3146 2074//3146
f 2060//3147 2074//3147 2061//3147
f 2061//3148 2074//3148 2076//3148
f 2061//3149 2076//3149 2062//3149
f 2062//3150 2076//3150 2078//3150
f 2062//3151 2078//3151 1694//3151
f 1694//3152 2078//3152 2080//3152
f 1694//3153 2080//3153 1692//3153
f 1692//3154 2080//3154 1697//3154
f 1692//3155 1697//3155 2054//3155
f 2054//3156 1697//3156 1696//3156
f 2130//3157 2131//3157 2132//3157
f 2132//3158 2131//3158 2133//3158
f 1855//3159 1847//3159 1853//3159
f 1853//3160 1847//3160 1849//3160
f 1853//3161 1849//3161 2134//3161
f 2134//3162 1849//3162 2135//3162
f 2134//3163 2135//3163 2136//3163
f 2136//3164 2135//3164 2137//3164
f 2136//3165 2137//3165 2138//3165
f 2138//3166 2137//3166 2139//3166
f 2138//3167 2139//3167 2140//3167
f 2140//3168 2139//3168 2141//3168
f 2140//3169 2141//3169 2142//3169
f 2142//3170 2141//3170 2143//3170
f 2142//3171 2143//3171 2144//3171
f 2144//3172 2143//3172 2145//3172
f 1857//3173 1851//3173 1858//3173
f 1858//3174 1851//3174 1853//3174
f 1858//3175 1853//3175 2112//3175
f 2112//3176 1853//3176 2134//3176
f 2112//3177 2134//3177 2113//3177
f 2113//3178 2134//3178 2136//3178
f 2113//3179 2136//3179 2114//3179
f 2114//3180 2136//3180 2138//3180
f 2114//3181 2138//3181 2115//3181
f 2115//3182 2138//3182 2140//3182
f 2115//3183 2140//3183 2116//3183
f 2116//3184 2140//3184 2142//3184
f 2116//3185 2142//3185 2117//3185
f 2117//3186 2142//3186 2144//3186
f 2117//3187 2144//3187 2118//3187
f 2118//3188 2144//3188 2145//3188
f 2118//3189 2145//3189 2119//3189
f 1850//3190 1843//3190 1849//3190
f 1849//3191 1843//3191 1845//3191
f 1849//3192 1845//3192 2135//3192
f 2135//3193 1845//3193 2120//3193
f 2135//3194 2120//3194 2137//3194
f 2137//3195 2120//3195 2122//3195
f 2137//3196 2122//3196 2139//3196
f 2139//3197 2122//3197 2124//3197
f 2139//3198 2124//3198 2141//3198
f 2141//3199 2124//3199 2126//3199
f 2141//3200 2126//3200 2143//3200
f 2143//3201 2126//3201 2128//3201
f 2143//3202 2128//3202 2145//3202
f 2145//3203 2128//3203 2060//3203
f 2145//3204 2060//3204 2119//3204
f 2119//3205 2060//3205 2048//3205
f 2119//3206 2048//3206 2111//3206
f 2111//3207 2048//3207 2047//3207
f 2111//3208 2047//3208 2041//3208
f 2041//3209 2047//3209 2044//3209
f 2041//3210 2044//3210 2027//3210
f 2027//3211 2044//3211 2043//3211
f 2027//3212 2043//3212 2028//3212
f 2028//3213 2043//3213 2052//3213
f 2028//3214 2052//3214 2029//3214
f 2029//3215 2052//3215 2023//3215
f 2029//3216 2023//3216 2030//3216
f 2030//3217 2023//3217 2025//3217
f 2146//3218 1829//3218 2147//3218
f 2147//3219 1829//3219 1832//3219
f 2147//3220 1832//3220 2148//3220
f 1826//3221 1822//3221 1825//3221
f 1825//3222 1822//3222 1821//3222
f 1825//3223 1821//3223 2149//3223
f 2149//3224 1821//3224 2150//3224
f 2149//3225 2150//3225 2151//3225
f 2151//3226 2150//3226 2152//3226
f 2148//3227 1823//3227 2147//3227
f 2147//3228 1823//3228 1825//3228
f 2147//3229 1825//3229 2146//3229
f 2146//3230 1825//3230 2149//3230
f 2146//3231 2149//3231 2153//3231
f 2153//3232 2149//3232 2151//3232
f 1834//3233 1827//3233 1835//3233
f 1835//3234 1827//3234 1829//3234
f 1835//3235 1829//3235 2154//3235
f 2154//3236 1829//3236 2146//3236
f 2154//3237 2146//3237 2133//3237
f 2133//3238 2146//3238 2153//3238
f 2133//3239 2153//3239 2132//3239
f 2132//3240 2153//3240 2151//3240
f 2132//3241 2151//3241 2155//3241
f 2155//3242 2151//3242 2152//3242
f 2155//3243 2152//3243 2156//3243
f 2157//3244 2092//3244 2158//3244
f 2158//3245 2092//3245 2093//3245
f 2158//3246 2093//3246 2159//3246
f 2159//3247 2093//3247 2094//3247
f 2159//3248 2094//3248 2160//3248
f 2160//3249 2094//3249 2095//3249
f 2160//3250 2095//3250 2161//3250
f 2161//3251 2095//3251 2096//3251
f 2161//3252 2096//3252 2162//3252
f 2162//3253 2096//3253 2097//3253
f 2162//3254 2097//3254 2163//3254
f 2163//3255 2097//3255 2098//3255
f 2163//3256 2098//3256 2164//3256
f 2164//3257 2098//3257 2099//3257
f 2164//3258 2099//3258 2165//3258
f 2165//3259 2099//3259 2100//3259
f 2165//3260 2100//3260 2166//3260
f 2166//3261 2100//3261 2102//3261
f 2166//3262 2102//3262 2167//3262
f 2168//3263 2157//3263 2169//3263
f 2169//3264 2157//3264 2158//3264
f 2169//3265 2158//3265 2170//3265
f 2170//3266 2158//3266 2159//3266
f 2170//3267 2159//3267 2171//3267
f 2171//3268 2159//3268 2160//3268
f 2171//3269 2160//3269 2172//3269
f 2172//3270 2160//3270 2161//3270
f 2172//3271 2161//3271 2173//3271
f 2173//3272 2161//3272 2162//3272
f 2173//3273 2162//3273 2174//3273
f 2174//3274 2162//3274 2163//3274
f 2174//3275 2163//3275 2175//3275
f 2175//3276 2163//3276 2164//3276
f 2175//3277 2164//3277 2176//3277
f 2176//3278 2164//3278 2165//3278
f 2176//3279 2165//3279 2177//3279
f 2177//3280 2165//3280 2166//3280
f 2177//3281 2166//3281 2178//3281
f 2178//3282 2166//3282 2167//3282
f 2178//3283 2167//3283 2179//3283
f 1774//3284 2168//3284 1778//3284
f 1778//3285 2168//3285 2169//3285
f 1778//3286 2169//3286 1782//3286
f 1782//3287 2169//3287 2170//3287
f 1782//3288 2170//3288 1789//3288
f 1789//3289 2170//3289 2171//3289
f 1789//3290 2171//3290 1787//3290
f 1787//3291 2171//3291 2172//3291
f 1787//3292 2172//3292 1793//3292
f 1793//3293 2172//3293 2173//3293
f 1793//3294 2173//3294 1796//3294
f 1796//3295 2173//3295 2174//3295
f 1796//3296 2174//3296 1800//3296
f 1800//3297 2174//3297 2175//3297
f 1800//3298 2175//3298 1807//3298
f 1807//3299 2175//3299 2176//3299
f 1807//3300 2176//3300 1805//3300
f 1805//3301 2176//3301 2177//3301
f 1805//3302 2177//3302 1810//3302
f 1810//3303 2177//3303 2178//3303
f 1810//3304 2178//3304 1708//3304
f 1708//3305 2178//3305 2179//3305
f 1708//3306 2179//3306 1816//3306
f 2180//3307 2181//3307 2182//3307
f 386//3308 2182//3308 2183//3308
f 934//3309 932//3309 2183//3309
f 2183//3310 932//3310 387//3310
f 2183//3311 387//3311 386//3311
f 2184//3312 1675//3312 2185//3312
f 2185//3313 1675//3313 2186//3313
f 2181//3314 2187//3314 2182//3314
f 2182//3315 2187//3315 2188//3315
f 2182//3316 2188//3316 2183//3316
f 2183//3317 2188//3317 2189//3317
f 2183//3318 2189//3318 934//3318
f 2190//3319 1685//3319 2191//3319
f 2192//3320 1684//3320 2193//3320
f 2193//3321 1684//3321 1683//3321
f 2193//3322 1683//3322 2194//3322
f 2195//3323 2196//3323 2197//3323
f 2197//3324 2196//3324 2198//3324
f 2197//3325 2198//3325 2199//3325
f 2199//3326 2198//3326 2200//3326
f 2199//3327 2200//3327 2201//3327
f 2202//3328 2195//3328 1682//3328
f 1682//3329 2195//3329 2197//3329
f 1682//3330 2197//3330 1683//3330
f 1683//3331 2197//3331 2199//3331
f 1683//3332 2199//3332 2194//3332
f 2194//3333 2199//3333 2201//3333
f 2194//3334 2201//3334 2193//3334
f 2193//3335 2201//3335 2203//3335
f 2193//3336 2203//3336 2192//3336
f 2192//3337 2203//3337 2204//3337
f 2205//3338 2206//3338 2207//3338
f 2207//3339 2206//3339 2208//3339
f 2207//3340 2208//3340 2209//3340
f 2209//3341 2208//3341 2210//3341
f 2190//3342 2191//3342 2211//3342
f 2211//3343 2191//3343 2212//3343
f 2211//3344 2212//3344 2205//3344
f 2205//3345 2212//3345 2213//3345
f 2205//3346 2213//3346 2206//3346
f 2206//3347 2213//3347 2214//3347
f 2206//3348 2214//3348 2208//3348
f 2208//3349 2214//3349 2215//3349
f 2208//3350 2215//3350 2210//3350
f 2216//3351 2217//3351 2218//3351
f 2218//3352 2217//3352 2219//3352
f 2218//3353 2219//3353 2220//3353
f 2220//3354 2219//3354 2221//3354
f 2220//3355 2221//3355 2222//3355
f 2014//3356 2222//3356 2003//3356
f 2003//3357 2222//3357 2221//3357
f 2003//3358 2221//3358 2004//3358
f 2004//3359 2221//3359 2219//3359
f 2004//3360 2219//3360 2223//3360
f 2223//3361 2219//3361 2217//3361
f 1686//3362 2009//3362 1687//3362
f 1687//3363 2009//3363 2008//3363
f 1687//3364 2008//3364 2224//3364
f 2224//3365 2008//3365 2006//3365
f 2224//3366 2006//3366 2225//3366
f 2225//3367 2006//3367 2004//3367
f 2225//3368 2004//3368 2226//3368
f 2226//3369 2004//3369 2223//3369
f 2226//3370 2223//3370 1676//3370
f 1676//3371 2223//3371 2217//3371
f 1676//3372 2217//3372 1677//3372
f 1677//3373 2217//3373 2216//3373
f 938//3374 945//3374 2227//3374
f 2227//3375 945//3375 937//3375
f 2227//3376 937//3376 2189//3376
f 2189//3377 937//3377 935//3377
f 2189//3378 935//3378 934//3378
f 941//3379 1672//3379 942//3379
f 1670//3380 1669//3380 2228//3380
f 2228//3381 1669//3381 1672//3381
f 2228//3382 1672//3382 2229//3382
f 2229//3383 1672//3383 939//3383
f 2229//3384 939//3384 938//3384
f 938//3385 2227//3385 2229//3385
f 2229//3386 2227//3386 2230//3386
f 2229//3387 2230//3387 2228//3387
f 2228//3388 2230//3388 2231//3388
f 2228//3389 2231//3389 1670//3389
f 942//3390 2232//3390 2233//3390
f 2233//3391 2232//3391 2234//3391
f 2233//3392 2234//3392 2235//3392
f 1675//3393 1674//3393 2186//3393
f 2186//3394 1674//3394 2236//3394
f 2186//3395 2236//3395 2237//3395
f 2237//3396 2236//3396 2238//3396
f 2237//3397 2238//3397 2239//3397
f 2240//3398 2241//3398 2242//3398
f 1673//3399 2243//3399 2242//3399
f 2242//3400 2243//3400 2244//3400
f 2242//3401 2244//3401 2240//3401
f 1673//3402 2242//3402 1674//3402
f 1674//3403 2242//3403 2241//3403
f 1674//3404 2241//3404 2236//3404
f 2236//3405 2241//3405 2240//3405
f 2236//3406 2240//3406 2238//3406
f 2238//3407 2240//3407 2245//3407
f 2238//3408 2245//3408 2239//3408
f 2246//3409 2247//3409 2248//3409
f 2249//3410 2250//3410 2251//3410
f 2251//3411 2250//3411 2252//3411
f 2251//3412 2252//3412 2253//3412
f 2254//3413 2255//3413 2256//3413
f 2256//3414 2255//3414 2257//3414
f 2256//3415 2257//3415 2258//3415
f 2258//3416 2257//3416 2259//3416
f 2258//3417 2259//3417 2253//3417
f 2250//3418 2260//3418 2252//3418
f 2252//3419 2260//3419 2261//3419
f 2252//3420 2261//3420 2253//3420
f 2253//3421 2261//3421 2262//3421
f 2253//3422 2262//3422 2258//3422
f 2258//3423 2262//3423 2248//3423
f 2258//3424 2248//3424 2256//3424
f 2256//3425 2248//3425 2247//3425
f 2256//3426 2247//3426 2254//3426
f 966//3427 965//3427 2233//3427
f 2233//3428 965//3428 944//3428
f 2233//3429 944//3429 942//3429
f 966//3430 2263//3430 967//3430
f 967//3431 2263//3431 2264//3431
f 1668//3432 973//3432 2264//3432
f 2264//3433 973//3433 974//3433
f 2264//3434 974//3434 967//3434
f 971//3435 1668//3435 969//3435
f 969//3436 1668//3436 2265//3436
f 969//3437 2265//3437 1667//3437
f 2266//3438 363//3438 2267//3438
f 2267//3439 363//3439 362//3439
f 2267//3440 362//3440 1667//3440
f 1667//3441 362//3441 1078//3441
f 1667//3442 1078//3442 1099//3442
f 2232//3443 2268//3443 2234//3443
f 2234//3444 2268//3444 2269//3444
f 2234//3445 2269//3445 2235//3445
f 2235//3446 2269//3446 2270//3446
f 2235//3447 2270//3447 2271//3447
f 2271//3448 2270//3448 2272//3448
f 2271//3449 2272//3449 2273//3449
f 2273//3450 2272//3450 2274//3450
f 2273//3451 2274//3451 2275//3451
f 942//3452 1672//3452 2232//3452
f 2232//3453 1672//3453 1669//3453
f 2232//3454 1669//3454 2268//3454
f 2268//3455 1669//3455 1671//3455
f 2268//3456 1671//3456 2269//3456
f 2269//3457 1671//3457 2276//3457
f 2269//3458 2276//3458 2270//3458
f 2270//3459 2276//3459 2277//3459
f 2270//3460 2277//3460 2272//3460
f 2272//3461 2277//3461 2278//3461
f 2272//3462 2278//3462 2274//3462
f 2279//3463 2280//3463 2281//3463
f 2281//3464 2280//3464 2282//3464
f 2281//3465 2282//3465 2283//3465
f 2283//3466 2282//3466 2266//3466
f 2283//3467 2266//3467 2284//3467
f 2284//3468 2266//3468 2267//3468
f 2284//3469 2267//3469 2285//3469
f 2285//3470 2267//3470 1667//3470
f 2285//3471 1667//3471 2286//3471
f 2286//3472 1667//3472 2265//3472
f 2286//3473 2265//3473 2287//3473
f 2287//3474 2265//3474 1668//3474
f 988//3475 986//3475 2280//3475
f 2280//3476 986//3476 984//3476
f 2280//3477 984//3477 2282//3477
f 2282//3478 984//3478 983//3478
f 2282//3479 983//3479 2266//3479
f 2266//3480 983//3480 1090//3480
f 2266//3481 1090//3481 363//3481
f 991//3482 989//3482 1664//3482
f 2279//3483 1665//3483 2280//3483
f 2280//3484 1665//3484 1664//3484
f 2280//3485 1664//3485 988//3485
f 988//3486 1664//3486 989//3486
f 992//3487 991//3487 2288//3487
f 992//3488 2288//3488 2289//3488
f 2290//3489 2291//3489 2292//3489
f 2292//3490 996//3490 2290//3490
f 2290//3491 996//3491 995//3491
f 2290//3492 995//3492 2293//3492
f 2293//3493 995//3493 1107//3493
f 2293//3494 1107//3494 2294//3494
f 2294//3495 1107//3495 360//3495
f 2294//3496 360//3496 2289//3496
f 2289//3497 360//3497 359//3497
f 2289//3498 359//3498 992//3498
f 2295//3499 358//3499 2296//3499
f 2296//3500 358//3500 357//3500
f 2296//3501 357//3501 355//3501
f 652//3502 1663//3502 653//3502
f 966//3503 2233//3503 2263//3503
f 2263//3504 2233//3504 2235//3504
f 2263//3505 2235//3505 2264//3505
f 2264//3506 2235//3506 2271//3506
f 2264//3507 2271//3507 1668//3507
f 1668//3508 2271//3508 2273//3508
f 1668//3509 2273//3509 2287//3509
f 2287//3510 2273//3510 2275//3510
f 2287//3511 2275//3511 2286//3511
f 2286//3512 2275//3512 2297//3512
f 2286//3513 2297//3513 2285//3513
f 2285//3514 2297//3514 2298//3514
f 2285//3515 2298//3515 2284//3515
f 2284//3516 2298//3516 2299//3516
f 2284//3517 2299//3517 2283//3517
f 2283//3518 2299//3518 2300//3518
f 2283//3519 2300//3519 2281//3519
f 2281//3520 2300//3520 2301//3520
f 2281//3521 2301//3521 2279//3521
f 2279//3522 2301//3522 2302//3522
f 2279//3523 2302//3523 1665//3523
f 1665//3524 2302//3524 2303//3524
f 1665//3525 2303//3525 1666//3525
f 1666//3526 2303//3526 2304//3526
f 1666//3527 2304//3527 2305//3527
f 2305//3528 2304//3528 2306//3528
f 2305//3529 2306//3529 2307//3529
f 2308//3530 2295//3530 2309//3530
f 2309//3531 2295//3531 2296//3531
f 2309//3532 2296//3532 2291//3532
f 2291//3533 2296//3533 355//3533
f 2291//3534 355//3534 2292//3534
f 655//3535 653//3535 1711//3535
f 1711//3536 653//3536 1663//3536
f 1711//3537 1663//3537 1712//3537
f 1712//3538 1663//3538 2310//3538
f 1712//3539 2310//3539 1715//3539
f 1715//3540 2310//3540 2311//3540
f 1715//3541 2311//3541 1717//3541
f 1717//3542 2311//3542 2312//3542
f 1717//3543 2312//3543 1720//3543
f 991//3544 1664//3544 2288//3544
f 2288//3545 1664//3545 1666//3545
f 2288//3546 1666//3546 2289//3546
f 2289//3547 1666//3547 2305//3547
f 2289//3548 2305//3548 2294//3548
f 2294//3549 2305//3549 2307//3549
f 2294//3550 2307//3550 2293//3550
f 2293//3551 2307//3551 2313//3551
f 2293//3552 2313//3552 2290//3552
f 2290//3553 2313//3553 2314//3553
f 2290//3554 2314//3554 2291//3554
f 2291//3555 2314//3555 2315//3555
f 2291//3556 2315//3556 2309//3556
f 2309//3557 2315//3557 2316//3557
f 2309//3558 2316//3558 2308//3558
f 2278//3559 2317//3559 2274//3559
f 2274//3560 2317//3560 2318//3560
f 2274//3561 2318//3561 2275//3561
f 2275//3562 2318//3562 2319//3562
f 2275//3563 2319//3563 2297//3563
f 2297//3564 2319//3564 2320//3564
f 2297//3565 2320//3565 2298//3565
f 2298//3566 2320//3566 2321//3566
f 2298//3567 2321//3567 2299//3567
f 2299//3568 2321//3568 2322//3568
f 2299//3569 2322//3569 2300//3569
f 2300//3570 2322//3570 2323//3570
f 2300//3571 2323//3571 2301//3571
f 2301//3572 2323//3572 2324//3572
f 2301//3573 2324//3573 2302//3573
f 2302//3574 2324//3574 2325//3574
f 2302//3575 2325//3575 2303//3575
f 2303//3576 2325//3576 2326//3576
f 2303//3577 2326//3577 2304//3577
f 2304//3578 2326//3578 2327//3578
f 2304//3579 2327//3579 2306//3579
f 2328//3580 2329//3580 2330//3580
f 2330//3581 2329//3581 2331//3581
f 2332//3582 2333//3582 2334//3582
f 2334//3583 2333//3583 2335//3583
f 2334//3584 2335//3584 2336//3584
f 2337//3585 1662//3585 2338//3585
f 2338//3586 1662//3586 1660//3586
f 2338//3587 1660//3587 2336//3587
f 2339//3588 2340//3588 2341//3588
f 2341//3589 2340//3589 2342//3589
f 2341//3590 2342//3590 2343//3590
f 2344//3591 2345//3591 2346//3591
f 2346//3592 2345//3592 2347//3592
f 2346//3593 2347//3593 2348//3593
f 2349//3594 2350//3594 2351//3594
f 2351//3595 2350//3595 2352//3595
f 2351//3596 2352//3596 2353//3596
f 2353//3597 2352//3597 2354//3597
f 2353//3598 2354//3598 2355//3598
f 2355//3599 2354//3599 2356//3599
f 2329//3600 2356//3600 2331//3600
f 2331//3601 2356//3601 2354//3601
f 2331//3602 2354//3602 2357//3602
f 2357//3603 2354//3603 2352//3603
f 2357//3604 2352//3604 2358//3604
f 2358//3605 2352//3605 2350//3605
f 2359//3606 2360//3606 2361//3606
f 2361//3607 2360//3607 2344//3607
f 2361//3608 2344//3608 2339//3608
f 2339//3609 2344//3609 2346//3609
f 2339//3610 2346//3610 2340//3610
f 2340//3611 2346//3611 2348//3611
f 2340//3612 2348//3612 2342//3612
f 2362//3613 1659//3613 2363//3613
f 2363//3614 1659//3614 1658//3614
f 2363//3615 1658//3615 2364//3615
f 2336//3616 1660//3616 2334//3616
f 2334//3617 1660//3617 1657//3617
f 2334//3618 1657//3618 2332//3618
f 2332//3619 1657//3619 1659//3619
f 2332//3620 1659//3620 2365//3620
f 2365//3621 1659//3621 2362//3621
f 2365//3622 2362//3622 2366//3622
f 2367//3623 2366//3623 2368//3623
f 2368//3624 2366//3624 2362//3624
f 2368//3625 2362//3625 2369//3625
f 2369//3626 2362//3626 2363//3626
f 2369//3627 2363//3627 2370//3627
f 2370//3628 2363//3628 2364//3628
f 2370//3629 2364//3629 2371//3629
f 2372//3630 2373//3630 2374//3630
f 2374//3631 2373//3631 2375//3631
f 2374//3632 2375//3632 2376//3632
f 2376//3633 2375//3633 2377//3633
f 2376//3634 2377//3634 2378//3634
f 2378//3635 2377//3635 2379//3635
f 2378//3636 2379//3636 2380//3636
f 998//3637 358//3637 1663//3637
f 1663//3638 358//3638 2295//3638
f 1663//3639 2295//3639 2310//3639
f 2310//3640 2295//3640 2308//3640
f 2310//3641 2308//3641 2311//3641
f 2311//3642 2308//3642 2316//3642
f 2311//3643 2316//3643 2312//3643
f 2312//3644 2316//3644 2381//3644
f 2312//3645 2381//3645 1720//3645
f 1720//3646 2381//3646 1723//3646
f 1720//3647 1723//3647 1721//3647
f 1721//3648 1723//3648 1722//3648
f 2382//3649 2383//3649 2384//3649
f 2384//3650 2383//3650 2385//3650
f 2386//3651 2387//3651 2388//3651
f 2388//3652 2387//3652 2384//3652
f 2388//3653 2384//3653 2389//3653
f 2389//3654 2384//3654 2385//3654
f 2390//3655 2391//3655 2392//3655
f 2373//3656 2393//3656 2375//3656
f 2375//3657 2393//3657 2394//3657
f 2375//3658 2394//3658 2377//3658
f 2377//3659 2394//3659 2390//3659
f 2377//3660 2390//3660 2379//3660
f 2379//3661 2390//3661 2392//3661
f 2379//3662 2392//3662 2380//3662
f 2380//3663 2392//3663 2386//3663
f 2386//3664 2392//3664 2387//3664
f 2387//3665 2392//3665 2391//3665
f 2387//3666 2391//3666 2384//3666
f 2384//3667 2391//3667 2395//3667
f 2384//3668 2395//3668 2382//3668
f 2394//3669 2396//3669 2390//3669
f 2390//3670 2396//3670 2397//3670
f 2390//3671 2397//3671 2391//3671
f 2391//3672 2397//3672 2398//3672
f 2391//3673 2398//3673 2395//3673
f 2395//3674 2398//3674 2399//3674
f 2395//3675 2399//3675 2382//3675
f 2367//3676 2359//3676 2366//3676
f 2366//3677 2359//3677 2361//3677
f 2366//3678 2361//3678 2365//3678
f 2365//3679 2361//3679 2339//3679
f 2365//3680 2339//3680 2332//3680
f 2332//3681 2339//3681 2341//3681
f 2332//3682 2341//3682 2333//3682
f 2333//3683 2341//3683 2343//3683
f 2333//3684 2343//3684 2335//3684
f 2255//3685 2349//3685 2257//3685
f 2257//3686 2349//3686 2351//3686
f 2257//3687 2351//3687 2259//3687
f 2259//3688 2351//3688 2353//3688
f 2259//3689 2353//3689 2253//3689
f 2253//3690 2353//3690 2355//3690
f 2253//3691 2355//3691 2251//3691
f 2251//3692 2355//3692 2356//3692
f 2251//3693 2356//3693 2249//3693
f 2249//3694 2356//3694 2329//3694
f 2400//3695 1656//3695 2401//3695
f 2401//3696 1656//3696 2246//3696
f 2401//3697 2246//3697 2402//3697
f 2402//3698 2246//3698 2248//3698
f 2402//3699 2248//3699 2403//3699
f 2403//3700 2248//3700 2262//3700
f 2403//3701 2262//3701 2404//3701
f 2404//3702 2262//3702 2261//3702
f 2404//3703 2261//3703 2405//3703
f 2405//3704 2261//3704 2260//3704
f 1685//3705 1687//3705 2191//3705
f 2191//3706 1687//3706 2224//3706
f 2191//3707 2224//3707 2212//3707
f 2212//3708 2224//3708 2225//3708
f 2212//3709 2225//3709 2213//3709
f 2213//3710 2225//3710 2226//3710
f 2213//3711 2226//3711 2214//3711
f 2214//3712 2226//3712 1676//3712
f 2214//3713 1676//3713 2215//3713
f 2215//3714 1676//3714 1678//3714
f 2215//3715 1678//3715 2210//3715
f 2210//3716 1678//3716 1679//3716
f 2210//3717 1679//3717 2406//3717
f 2406//3718 1679//3718 1681//3718
f 2406//3719 1681//3719 2407//3719
f 2407//3720 1681//3720 2408//3720
f 2407//3721 2408//3721 2409//3721
f 2409//3722 2408//3722 2410//3722
f 2409//3723 2410//3723 2400//3723
f 1656//3724 1655//3724 2246//3724
f 2246//3725 1655//3725 2411//3725
f 2246//3726 2411//3726 2247//3726
f 2247//3727 2411//3727 2412//3727
f 2247//3728 2412//3728 2254//3728
f 2254//3729 2412//3729 2413//3729
f 2254//3730 2413//3730 2255//3730
f 2255//3731 2413//3731 2414//3731
f 2255//3732 2414//3732 2349//3732
f 2349//3733 2414//3733 2415//3733
f 2349//3734 2415//3734 2350//3734
f 2350//3735 2415//3735 2416//3735
f 2350//3736 2416//3736 2358//3736
f 2417//3737 2418//3737 2419//3737
f 2419//3738 2418//3738 2420//3738
f 2419//3739 2420//3739 2421//3739
f 2421//3740 2420//3740 2422//3740
f 2421//3741 2422//3741 2423//3741
f 1654//3742 2424//3742 2423//3742
f 2423//3743 2424//3743 2425//3743
f 2423//3744 2425//3744 2421//3744
f 2421//3745 2425//3745 2426//3745
f 2421//3746 2426//3746 2419//3746
f 2419//3747 2426//3747 2427//3747
f 2419//3748 2427//3748 2417//3748
f 2408//3749 2428//3749 2410//3749
f 2410//3750 2428//3750 2429//3750
f 2410//3751 2429//3751 2430//3751
f 2430//3752 2429//3752 2431//3752
f 2430//3753 2431//3753 2432//3753
f 2432//3754 2431//3754 2433//3754
f 2434//3755 2433//3755 2435//3755
f 2435//3756 2433//3756 2431//3756
f 2435//3757 2431//3757 2436//3757
f 2436//3758 2431//3758 2429//3758
f 2436//3759 2429//3759 2437//3759
f 2437//3760 2429//3760 2428//3760
f 2438//3761 2434//3761 2439//3761
f 2439//3762 2434//3762 2435//3762
f 2439//3763 2435//3763 2440//3763
f 2440//3764 2435//3764 2436//3764
f 2440//3765 2436//3765 2441//3765
f 2441//3766 2436//3766 2437//3766
f 2441//3767 2437//3767 2442//3767
f 2442//3768 2437//3768 2428//3768
f 2442//3769 2428//3769 2443//3769
f 2443//3770 2428//3770 2408//3770
f 2443//3771 2408//3771 2444//3771
f 2444//3772 2408//3772 1681//3772
f 2444//3773 1681//3773 2445//3773
f 2445//3774 1681//3774 1680//3774
f 2445//3775 1680//3775 2446//3775
f 2216//3776 2447//3776 1677//3776
f 1677//3777 2447//3777 2448//3777
f 1677//3778 2448//3778 1678//3778
f 1678//3779 2448//3779 2449//3779
f 1678//3780 2449//3780 1679//3780
f 1679//3781 2449//3781 2450//3781
f 1679//3782 2450//3782 1680//3782
f 1680//3783 2450//3783 2451//3783
f 1680//3784 2451//3784 2446//3784
f 2452//3785 2453//3785 2454//3785
f 2454//3786 2453//3786 2455//3786
f 2454//3787 2455//3787 2456//3787
f 2456//3788 2455//3788 2457//3788
f 2456//3789 2457//3789 2458//3789
f 2458//3790 2457//3790 2459//3790
f 2458//3791 2459//3791 2460//3791
f 2460//3792 2459//3792 2461//3792
f 2460//3793 2461//3793 2462//3793
f 2462//3794 2461//3794 2463//3794
f 2462//3795 2463//3795 2464//3795
f 2464//3796 2463//3796 2465//3796
f 2464//3797 2465//3797 2466//3797
f 2466//3798 2465//3798 2467//3798
f 2466//3799 2467//3799 2468//3799
f 2468//3800 2467//3800 2469//3800
f 2055//3801 2470//3801 2471//3801
f 2471//3802 2470//3802 2472//3802
f 2471//3803 2472//3803 2473//3803
f 2473//3804 2472//3804 2474//3804
f 2473//3805 2474//3805 2475//3805
f 2475//3806 2474//3806 2476//3806
f 2475//3807 2476//3807 2477//3807
f 2477//3808 2476//3808 2478//3808
f 2477//3809 2478//3809 2479//3809
f 2479//3810 2478//3810 2480//3810
f 2479//3811 2480//3811 2481//3811
f 2481//3812 2480//3812 2482//3812
f 2481//3813 2482//3813 2483//3813
f 2483//3814 2482//3814 2484//3814
f 2483//3815 2484//3815 2485//3815
f 2485//3816 2484//3816 2486//3816
f 2485//3817 2486//3817 2487//3817
f 2056//3818 2488//3818 2489//3818
f 2489//3819 2488//3819 2490//3819
f 2489//3820 2490//3820 2491//3820
f 2491//3821 2490//3821 2492//3821
f 2491//3822 2492//3822 2493//3822
f 2493//3823 2492//3823 2494//3823
f 2493//3824 2494//3824 2495//3824
f 2495//3825 2494//3825 2496//3825
f 2495//3826 2496//3826 2497//3826
f 1698//3827 1695//3827 2057//3827
f 2057//3828 1695//3828 2083//3828
f 2057//3829 2083//3829 2498//3829
f 2498//3830 2083//3830 2499//3830
f 2498//3831 2499//3831 2500//3831
f 2500//3832 2499//3832 2501//3832
f 2500//3833 2501//3833 2502//3833
f 2502//3834 2501//3834 2503//3834
f 2502//3835 2503//3835 2504//3835
f 2056//3836 2057//3836 2488//3836
f 2488//3837 2057//3837 2498//3837
f 2488//3838 2498//3838 2490//3838
f 2490//3839 2498//3839 2500//3839
f 2490//3840 2500//3840 2492//3840
f 2492//3841 2500//3841 2502//3841
f 2492//3842 2502//3842 2494//3842
f 2494//3843 2502//3843 2504//3843
f 2494//3844 2504//3844 2496//3844
f 2055//3845 2054//3845 2470//3845
f 2470//3846 2054//3846 1696//3846
f 2470//3847 1696//3847 2472//3847
f 2472//3848 1696//3848 1698//3848
f 2472//3849 1698//3849 2474//3849
f 2474//3850 1698//3850 2056//3850
f 2474//3851 2056//3851 2476//3851
f 2476//3852 2056//3852 2489//3852
f 2476//3853 2489//3853 2478//3853
f 2478//3854 2489//3854 2491//3854
f 2478//3855 2491//3855 2480//3855
f 2480//3856 2491//3856 2493//3856
f 2480//3857 2493//3857 2482//3857
f 2482//3858 2493//3858 2495//3858
f 2482//3859 2495//3859 2484//3859
f 2484//3860 2495//3860 2497//3860
f 2484//3861 2497//3861 2486//3861
f 1654//3862 2423//3862 1655//3862
f 1655//3863 2423//3863 2422//3863
f 1655//3864 2422//3864 2411//3864
f 2411//3865 2422//3865 2420//3865
f 2411//3866 2420//3866 2412//3866
f 2412//3867 2420//3867 2418//3867
f 2412//3868 2418//3868 2413//3868
f 2413//3869 2418//3869 2417//3869
f 2413//3870 2417//3870 2414//3870
f 2414//3871 2417//3871 2505//3871
f 2414//3872 2505//3872 2415//3872
f 2415//3873 2505//3873 2506//3873
f 2415//3874 2506//3874 2416//3874
f 2424//3875 2507//3875 2425//3875
f 2425//3876 2507//3876 2508//3876
f 2425//3877 2508//3877 2426//3877
f 2426//3878 2508//3878 2509//3878
f 2426//3879 2509//3879 2427//3879
f 2427//3880 2509//3880 2510//3880
f 2427//3881 2510//3881 2417//3881
f 2417//3882 2510//3882 2511//3882
f 2417//3883 2511//3883 2505//3883
f 2505//3884 2511//3884 2512//3884
f 2505//3885 2512//3885 2506//3885
f 2506//3886 2512//3886 2513//3886
f 2506//3887 2513//3887 2416//3887
f 2416//3888 2513//3888 2514//3888
f 2416//3889 2514//3889 2358//3889
f 2358//3890 2514//3890 2515//3890
f 2358//3891 2515//3891 2357//3891
f 2357//3892 2515//3892 2516//3892
f 2357//3893 2516//3893 2331//3893
f 2331//3894 2516//3894 2517//3894
f 2331//3895 2517//3895 2330//3895
f 2507//3896 2518//3896 2508//3896
f 2508//3897 2518//3897 2519//3897
f 2508//3898 2519//3898 2509//3898
f 2509//3899 2519//3899 2520//3899
f 2509//3900 2520//3900 2510//3900
f 2510//3901 2520//3901 2521//3901
f 2510//3902 2521//3902 2511//3902
f 2511//3903 2521//3903 2522//3903
f 2511//3904 2522//3904 2512//3904
f 2512//3905 2522//3905 2523//3905
f 2512//3906 2523//3906 2513//3906
f 2513//3907 2523//3907 2371//3907
f 2513//3908 2371//3908 2514//3908
f 2514//3909 2371//3909 2364//3909
f 2514//3910 2364//3910 2515//3910
f 2515//3911 2364//3911 1658//3911
f 2515//3912 1658//3912 2516//3912
f 2516//3913 1658//3913 1657//3913
f 2516//3914 1657//3914 2517//3914
f 2517//3915 1657//3915 1661//3915
f 2517//3916 1661//3916 2330//3916
f 2330//3917 1661//3917 1662//3917
f 2330//3918 1662//3918 2328//3918
f 2328//3919 1662//3919 2337//3919
f 2524//3920 2525//3920 2526//3920
f 2526//3921 2525//3921 2527//3921
f 2526//3922 2527//3922 2528//3922
f 2529//3923 2530//3923 2531//3923
f 2532//3924 1639//3924 2533//3924
f 2533//3925 1639//3925 1638//3925
f 2533//3926 1638//3926 2534//3926
f 2535//3927 2536//3927 2537//3927
f 2537//3928 2536//3928 2538//3928
f 2537//3929 2538//3929 2534//3929
f 2534//3930 2538//3930 2531//3930
f 2534//3931 2531//3931 2533//3931
f 2533//3932 2531//3932 2530//3932
f 2533//3933 2530//3933 2532//3933
f 1640//3934 1645//3934 1638//3934
f 1638//3935 1645//3935 2539//3935
f 1638//3936 2539//3936 2534//3936
f 2534//3937 2539//3937 2540//3937
f 2534//3938 2540//3938 2537//3938
f 2537//3939 2540//3939 2541//3939
f 2537//3940 2541//3940 2535//3940
f 2438//3941 2542//3941 2543//3941
f 2543//3942 2542//3942 2544//3942
f 2543//3943 2544//3943 2545//3943
f 2545//3944 2544//3944 2546//3944
f 2545//3945 2546//3945 2547//3945
f 2547//3946 2546//3946 2548//3946
f 2547//3947 2548//3947 2549//3947
f 2549//3948 2548//3948 2550//3948
f 2549//3949 2550//3949 2551//3949
f 2551//3950 2550//3950 2552//3950
f 2551//3951 2552//3951 2553//3951
f 2553//3952 2552//3952 2554//3952
f 2553//3953 2554//3953 2555//3953
f 2555//3954 2554//3954 2556//3954
f 2555//3955 2556//3955 2557//3955
f 2557//3956 2556//3956 2558//3956
f 2518//3957 2559//3957 2519//3957
f 2519//3958 2559//3958 2560//3958
f 2519//3959 2560//3959 2520//3959
f 2520//3960 2560//3960 2561//3960
f 2520//3961 2561//3961 2521//3961
f 2521//3962 2561//3962 2562//3962
f 2521//3963 2562//3963 2522//3963
f 2522//3964 2562//3964 2563//3964
f 2522//3965 2563//3965 2523//3965
f 2523//3966 2563//3966 2564//3966
f 2523//3967 2564//3967 2371//3967
f 2371//3968 2564//3968 2565//3968
f 2371//3969 2565//3969 2370//3969
f 2370//3970 2565//3970 2566//3970
f 2370//3971 2566//3971 2369//3971
f 2369//3972 2566//3972 2567//3972
f 2369//3973 2567//3973 2368//3973
f 2368//3974 2567//3974 2568//3974
f 2368//3975 2568//3975 2367//3975
f 2367//3976 2568//3976 2396//3976
f 2367//3977 2396//3977 2359//3977
f 2359//3978 2396//3978 2394//3978
f 2359//3979 2394//3979 2360//3979
f 2360//3980 2394//3980 2393//3980
f 2360//3981 2393//3981 2344//3981
f 2344//3982 2393//3982 2373//3982
f 2344//3983 2373//3983 2345//3983
f 2345//3984 2373//3984 2372//3984
f 2345//3985 2372//3985 2347//3985
f 2400//3986 2410//3986 1656//3986
f 1656//3987 2410//3987 2430//3987
f 1656//3988 2430//3988 1654//3988
f 1654//3989 2430//3989 2432//3989
f 1654//3990 2432//3990 2424//3990
f 2424//3991 2432//3991 2433//3991
f 2424//3992 2433//3992 2507//3992
f 2507//3993 2433//3993 2434//3993
f 2507//3994 2434//3994 2518//3994
f 2518//3995 2434//3995 2438//3995
f 2518//3996 2438//3996 2559//3996
f 2559//3997 2438//3997 2543//3997
f 2559//3998 2543//3998 2560//3998
f 2560//3999 2543//3999 2545//3999
f 2560//4000 2545//4000 2561//4000
f 2561//4001 2545//4001 2547//4001
f 2561//4002 2547//4002 2562//4002
f 2562//4003 2547//4003 2549//4003
f 2562//4004 2549//4004 2563//4004
f 2563//4005 2549//4005 2551//4005
f 2563//4006 2551//4006 2564//4006
f 2564//4007 2551//4007 2553//4007
f 2564//4008 2553//4008 2565//4008
f 2565//4009 2553//4009 2555//4009
f 2565//4010 2555//4010 2566//4010
f 2566//4011 2555//4011 2557//4011
f 2566//4012 2557//4012 2567//4012
f 2567//4013 2557//4013 2558//4013
f 2567//4014 2558//4014 2568//4014
f 2568//4015 2558//4015 2569//4015
f 2568//4016 2569//4016 2396//4016
f 2396//4017 2569//4017 2570//4017
f 2396//4018 2570//4018 2397//4018
f 2397//4019 2570//4019 2571//4019
f 2397//4020 2571//4020 2398//4020
f 2398//4021 2571//4021 2572//4021
f 2398//4022 2572//4022 2399//4022
f 2399//4023 2572//4023 2573//4023
f 2399//4024 2573//4024 2382//4024
f 2382//4025 2573//4025 2574//4025
f 2382//4026 2574//4026 2383//4026
f 2383//4027 2574//4027 2575//4027
f 2383//4028 2575//4028 2385//4028
f 2576//4029 2577//4029 2578//4029
f 2578//4030 2577//4030 2529//4030
f 2579//4031 1628//4031 2580//4031
f 2580//4032 1628//4032 1637//4032
f 2580//4033 1637//4033 2576//4033
f 2576//4034 1637//4034 1636//4034
f 2576//4035 1636//4035 2577//4035
f 2581//4036 2582//4036 2583//4036
f 2583//4037 2582//4037 2584//4037
f 2583//4038 2584//4038 2585//4038
f 2585//4039 2584//4039 1635//4039
f 1641//4040 1643//4040 2586//4040
f 2586//4041 1643//4041 2587//4041
f 2586//4042 2587//4042 2588//4042
f 2588//4043 2587//4043 2589//4043
f 2588//4044 2589//4044 2590//4044
f 1642//4045 2528//4045 1643//4045
f 1643//4046 2528//4046 2527//4046
f 1643//4047 2527//4047 2587//4047
f 2587//4048 2527//4048 2525//4048
f 2587//4049 2525//4049 2589//4049
f 2589//4050 2525//4050 2591//4050
f 2589//4051 2591//4051 2590//4051
f 1647//4052 1646//4052 2592//4052
f 2592//4053 1646//4053 2593//4053
f 2592//4054 2593//4054 2594//4054
f 2594//4055 2593//4055 2595//4055
f 2594//4056 2595//4056 2596//4056
f 2596//4057 2595//4057 2597//4057
f 2596//4058 2597//4058 2598//4058
f 2599//4059 1632//4059 2600//4059
f 2600//4059 1632//4059 1634//4059
f 2600//4060 1634//4060 2591//4060
f 2591//4061 1634//4061 2601//4061
f 2591//4062 2601//4062 2590//4062
f 2590//4063 2601//4063 2602//4063
f 2590//4064 2602//4064 2588//4064
f 2588//4065 2602//4065 2603//4065
f 2588//4066 2603//4066 2586//4066
f 2586//4067 2603//4067 2604//4067
f 2586//4068 2604//4068 1641//4068
f 2605//4069 2599//4069 2598//4069
f 2598//4070 2599//4070 2600//4070
f 2598//4071 2600//4071 2596//4071
f 2596//4072 2600//4072 2591//4072
f 2596//4073 2591//4073 2594//4073
f 2594//4074 2591//4074 2525//4074
f 2594//4075 2525//4075 2592//4075
f 2592//4076 2525//4076 2524//4076
f 2592//4077 2524//4077 1647//4077
f 1651//4078 1652//4078 1649//4078
f 1649//4079 1652//4079 2606//4079
f 1649//4080 2606//4080 2607//4080
f 2607//4081 2606//4081 2608//4081
f 2607//4082 2608//4082 2609//4082
f 2609//4083 2608//4083 2610//4083
f 2609//4084 2610//4084 2611//4084
f 2611//4085 2610//4085 2612//4085
f 2611//4086 2612//4086 2613//4086
f 2613//4087 2612//4087 2614//4087
f 2613//4088 2614//4088 2615//4088
f 2615//4089 2614//4089 2616//4089
f 2615//4090 2616//4090 2617//4090
f 1631//4091 2605//4091 1629//4091
f 1629//4092 2605//4092 2598//4092
f 1629//4093 2598//4093 2618//4093
f 2618//4094 2598//4094 2597//4094
f 2618//4095 2597//4095 2619//4095
f 2619//4096 2597//4096 2595//4096
f 2619//4097 2595//4097 2620//4097
f 2620//4098 2595//4098 2593//4098
f 2620//4099 2593//4099 2621//4099
f 2621//4100 2593//4100 1646//4100
f 2621//4101 1646//4101 2622//4101
f 2622//4102 1646//4102 1648//4102
f 2622//4103 1648//4103 1650//4103
f 1650//4104 1649//4104 2622//4104
f 2622//4105 1649//4105 2607//4105
f 2622//4106 2607//4106 2621//4106
f 2621//4107 2607//4107 2609//4107
f 2621//4108 2609//4108 2620//4108
f 2620//4109 2609//4109 2611//4109
f 2620//4110 2611//4110 2619//4110
f 2619//4111 2611//4111 2613//4111
f 2619//4112 2613//4112 2618//4112
f 2618//4113 2613//4113 2615//4113
f 2618//4114 2615//4114 1629//4114
f 1629//4115 2615//4115 2617//4115
f 1629//4116 2617//4116 1630//4116
f 1635//4117 1637//4117 2585//4117
f 2585//4118 1637//4118 1628//4118
f 2585//4119 1628//4119 2583//4119
f 2583//4120 1628//4120 1627//4120
f 2583//4121 1627//4121 2581//4121
f 2581//4122 1627//4122 1626//4122
f 2581//4123 1626//4123 2623//4123
f 2529//4124 2531//4124 2578//4124
f 2578//4125 2531//4125 2538//4125
f 2578//4126 2538//4126 2576//4126
f 2576//4127 2538//4127 2536//4127
f 2576//4128 2536//4128 2580//4128
f 2580//4129 2536//4129 2535//4129
f 2580//4130 2535//4130 2579//4130
f 2579//4131 2535//4131 2624//4131
f 2579//4132 2624//4132 1628//4132
f 1628//4133 2624//4133 2625//4133
f 1628//4134 2625//4134 1626//4134
f 1626//4135 2625//4135 2626//4135
f 1626//4136 2626//4136 2623//4136
f 1820//4137 1814//4137 1821//4137
f 1821//4138 1814//4138 1816//4138
f 1821//4139 1816//4139 2150//4139
f 2150//4140 1816//4140 2179//4140
f 2150//4141 2179//4141 2152//4141
f 2152//4142 2179//4142 2167//4142
f 2152//4143 2167//4143 2156//4143
f 2156//4144 2167//4144 2102//4144
f 2156//4145 2102//4145 2627//4145
f 2627//4146 2102//4146 2101//4146
f 2627//4147 2101//4147 2628//4147
f 2628//4148 2101//4148 2091//4148
f 2628//4149 2091//4149 2629//4149
f 2629//4150 2091//4150 2073//4150
f 2629//4151 2073//4151 2630//4151
f 2630//4152 2073//4152 2071//4152
f 2630//4153 2071//4153 2631//4153
f 2631//4154 2071//4154 2070//4154
f 2631//4155 2070//4155 2632//4155
f 2632//4156 2070//4156 2069//4156
f 2632//4157 2069//4157 2633//4157
f 2633//4158 2069//4158 2068//4158
f 2633//4159 2068//4159 2634//4159
f 2634//4160 2068//4160 2066//4160
f 2634//4161 2066//4161 2635//4161
f 2635//4162 2066//4162 2064//4162
f 2635//4163 2064//4163 2636//4163
f 2636//4164 2064//4164 2637//4164
f 2636//4165 2637//4165 2638//4165
f 2638//4166 2637//4166 2639//4166
f 2638//4167 2639//4167 2640//4167
f 2640//4168 2639//4168 2641//4168
f 1756//4169 1753//4169 1757//4169
f 1757//4170 1753//4170 1750//4170
f 1757//4171 1750//4171 2642//4171
f 2642//4172 1750//4172 1748//4172
f 2642//4173 1748//4173 2643//4173
f 2643//4174 1748//4174 1743//4174
f 2643//4175 1743//4175 2644//4175
f 2644//4176 1743//4176 1734//4176
f 2644//4177 1734//4177 2645//4177
f 2645//4178 1734//4178 1737//4178
f 2645//4179 1737//4179 2626//4179
f 2626//4180 1737//4180 1740//4180
f 2626//4181 1740//4181 2623//4181
f 2623//4182 1740//4182 1732//4182
f 2623//4183 1732//4183 2581//4183
f 2581//4184 1732//4184 1728//4184
f 2581//4185 1728//4185 2582//4185
f 2582//4186 1728//4186 1725//4186
f 2541//4187 2646//4187 2535//4187
f 2535//4188 2646//4188 2647//4188
f 2535//4189 2647//4189 2624//4189
f 2624//4190 2647//4190 2641//4190
f 2624//4191 2641//4191 2625//4191
f 2625//4192 2641//4192 2639//4192
f 2625//4193 2639//4193 2626//4193
f 2626//4194 2639//4194 2637//4194
f 2626//4195 2637//4195 2645//4195
f 2645//4196 2637//4196 2064//4196
f 2645//4197 2064//4197 2644//4197
f 2644//4198 2064//4198 2063//4198
f 2644//4199 2063//4199 2643//4199
f 2643//4200 2063//4200 2084//4200
f 2643//4201 2084//4201 2642//4201
f 2642//4202 2084//4202 2092//4202
f 2642//4203 2092//4203 1757//4203
f 1757//4204 2092//4204 2157//4204
f 1757//4205 2157//4205 1759//4205
f 1759//4206 2157//4206 2168//4206
f 1759//4207 2168//4207 1760//4207
f 1760//4208 2168//4208 1774//4208
f 1760//4209 1774//4209 1765//4209
f 1765//4210 1774//4210 1776//4210
f 1765//4211 1776//4211 1771//4211
f 2130//4212 2132//4212 2648//4212
f 2648//4213 2132//4213 2155//4213
f 2648//4214 2155//4214 2649//4214
f 2649//4215 2155//4215 2156//4215
f 2649//4216 2156//4216 2650//4216
f 2650//4217 2156//4217 2627//4217
f 2650//4218 2627//4218 2651//4218
f 2651//4219 2627//4219 2628//4219
f 2651//4220 2628//4220 2652//4220
f 2652//4221 2628//4221 2629//4221
f 2652//4222 2629//4222 2653//4222
f 2653//4223 2629//4223 2630//4223
f 2653//4224 2630//4224 2654//4224
f 2654//4225 2630//4225 2631//4225
f 2654//4226 2631//4226 2655//4226
f 2655//4227 2631//4227 2632//4227
f 2655//4228 2632//4228 2616//4228
f 2616//4229 2632//4229 2633//4229
f 2616//4230 2633//4230 2617//4230
f 2617//4231 2633//4231 2634//4231
f 2617//4232 2634//4232 1630//4232
f 1630//4233 2634//4233 2635//4233
f 1630//4234 2635//4234 1631//4234
f 1631//4235 2635//4235 2636//4235
f 1631//4236 2636//4236 2605//4236
f 2605//4237 2636//4237 2638//4237
f 2605//4238 2638//4238 2599//4238
f 2599//4239 2638//4239 2640//4239
f 2599//4240 2640//4240 1632//4240
f 1632//4241 2640//4241 2641//4241
f 1632//4242 2641//4242 1633//4242
f 1633//4243 2641//4243 2647//4243
f 1633//4244 2647//4244 1634//4244
f 1634//4245 2647//4245 2646//4245
f 1634//4246 2646//4246 2601//4246
f 2601//4247 2646//4247 2541//4247
f 2601//4248 2541//4248 2602//4248
f 2602//4249 2541//4249 2540//4249
f 2602//4250 2540//4250 2603//4250
f 2603//4251 2540//4251 2539//4251
f 2603//4252 2539//4252 2604//4252
f 2604//4253 2539//4253 1645//4253
f 2604//4254 1645//4254 1641//4254
f 1641//4255 1645//4255 1644//4255
f 1641//4256 1644//4256 1642//4256
f 1842//4257 1836//4257 1839//4257
f 1839//4258 1836//4258 1835//4258
f 1839//4259 1835//4259 2121//4259
f 2121//4260 1835//4260 2154//4260
f 2121//4261 2154//4261 2123//4261
f 2123//4262 2154//4262 2133//4262
f 2123//4263 2133//4263 2125//4263
f 2125//4264 2133//4264 2131//4264
f 2125//4265 2131//4265 2127//4265
f 2127//4266 2131//4266 2130//4266
f 2127//4267 2130//4267 2129//4267
f 2129//4268 2130//4268 2648//4268
f 2129//4269 2648//4269 2074//4269
f 2074//4270 2648//4270 2649//4270
f 2074//4271 2649//4271 2075//4271
f 2075//4272 2649//4272 2650//4272
f 2075//4273 2650//4273 2077//4273
f 2077//4274 2650//4274 2651//4274
f 2077//4275 2651//4275 2079//4275
f 2079//4276 2651//4276 2652//4276
f 2079//4277 2652//4277 2081//4277
f 2081//4278 2652//4278 2653//4278
f 2081//4279 2653//4279 2082//4279
f 2082//4280 2653//4280 2654//4280
f 2082//4281 2654//4281 2083//4281
f 2083//4282 2654//4282 2655//4282
f 2083//4283 2655//4283 2499//4283
f 2499//4284 2655//4284 2616//4284
f 2499//4285 2616//4285 2501//4285
f 2501//4286 2616//4286 2614//4286
f 2501//4287 2614//4287 2503//4287
f 2503//4288 2614//4288 2612//4288
f 2503//4289 2612//4289 2504//4289
f 2504//4290 2612//4290 2610//4290
f 2504//4291 2610//4291 2496//4291
f 2496//4292 2610//4292 2608//4292
f 2496//4293 2608//4293 2497//4293
f 2497//4294 2608//4294 2606//4294
f 2497//4295 2606//4295 2486//4295
f 2486//4296 2606//4296 1652//4296
f 2486//4297 1652//4297 2487//4297
f 2487//4298 1652//4298 1653//4298
f 2018//4299 2452//4299 2014//4299
f 2014//4300 2452//4300 2454//4300
f 2014//4301 2454//4301 2222//4301
f 2222//4302 2454//4302 2456//4302
f 2222//4303 2456//4303 2220//4303
f 2220//4304 2456//4304 2458//4304
f 2220//4305 2458//4305 2218//4305
f 2218//4306 2458//4306 2460//4306
f 2218//4307 2460//4307 2216//4307
f 2216//4308 2460//4308 2462//4308
f 2216//4309 2462//4309 2447//4309
f 2447//4310 2462//4310 2464//4310
f 2447//4311 2464//4311 2448//4311
f 2448//4312 2464//4312 2466//4312
f 2448//4313 2466//4313 2449//4313
f 2449//4314 2466//4314 2468//4314
f 2449//4315 2468//4315 2450//4315
f 2450//4316 2468//4316 2469//4316
f 2450//4317 2469//4317 2451//4317
f 2656//4318 311//4318 310//4318
f 2657//4319 304//4319 1457//4319
f 2658//4320 308//4320 307//4320
f 1624//4321 1391//4321 1470//4321
f 1391//4322 1624//4322 1392//4322
f 1392//4323 1624//4323 1623//4323
f 1392//4324 1623//4324 1402//4324
f 1394//2616 1402//2616 1622//2616
f 1622//4325 1402//4325 1623//4325
f 1622//4326 1623//4326 2659//4326
f 2659//4327 1623//4327 1625//4327
f 2659//4328 1625//4328 2660//4328
f 1397//2615 1395//2615 1621//2615
f 1621//4329 1395//4329 1622//4329
f 1621//4330 1622//4330 2661//4330
f 2661//4331 1622//4331 2659//4331
f 2661//4332 2659//4332 2662//4332
f 2662//4333 2659//4333 2660//4333
f 2662//4334 2660//4334 2663//4334
f 1399//4335 1398//4335 2664//4335
f 2664//4336 1398//4336 1621//4336
f 2664//4337 1621//4337 2665//4337
f 2665//4338 1621//4338 2661//4338
f 2665//4339 2661//4339 2666//4339
f 2666//4340 2661//4340 2662//4340
f 2666//4341 2662//4341 2667//4341
f 2667//4342 2662//4342 2663//4342
f 2667//4343 2663//4343 2668//4343
f 2669//4344 2670//4344 2671//4344
f 2671//4345 2670//4345 2672//4345
f 2671//4346 2672//4346 2673//4346
f 2673//4347 2672//4347 2674//4347
f 2673//4348 2674//4348 2675//4348
f 2675//4349 2674//4349 2676//4349
f 2675//4350 2676//4350 2677//4350
f 2677//4351 2676//4351 2678//4351
f 2677//4352 2678//4352 2679//4352
f 2679//4353 2678//4353 2658//4353
f 2679//4354 2658//4354 2680//4354
f 2680//4355 2658//4355 307//4355
f 2680//4356 307//4356 305//4356
f 2681//4357 2682//4357 2683//4357
f 2683//4358 2682//4358 2684//4358
f 2683//4359 2684//4359 2685//4359
f 2685//4360 2684//4360 2686//4360
f 2685//4361 2686//4361 2687//4361
f 2687//4362 2686//4362 2688//4362
f 2687//4363 2688//4363 2689//4363
f 2689//4364 2688//4364 2690//4364
f 2689//4365 2690//4365 2691//4365
f 2691//4366 2690//4366 2692//4366
f 2691//4367 2692//4367 2693//4367
f 2693//4368 2692//4368 2694//4368
f 2693//4369 2694//4369 2695//4369
f 2695//4370 2694//4370 2696//4370
f 2695//4371 2696//4371 2697//4371
f 2697//4372 2696//4372 2698//4372
f 2697//4373 2698//4373 2699//4373
f 2699//4374 2698//4374 2700//4374
f 2699//4375 2700//4375 2701//4375
f 2701//4376 2700//4376 2702//4376
f 2701//4377 2702//4377 1940//4377
f 1940//4378 2702//4378 1389//4378
f 1940//4379 1389//4379 1388//4379
f 432//4380 1702//4380 1940//4380
f 1940//4381 1702//4381 1934//4381
f 1940//4382 1934//4382 2701//4382
f 2701//4383 1934//4383 1931//4383
f 2701//4384 1931//4384 2699//4384
f 2699//4385 1931//4385 1928//4385
f 2699//4386 1928//4386 2697//4386
f 2697//4387 1928//4387 1924//4387
f 2697//4388 1924//4388 2695//4388
f 2695//4389 1924//4389 1919//4389
f 2695//4390 1919//4390 2693//4390
f 2693//4391 1919//4391 1916//4391
f 2693//4392 1916//4392 2691//4392
f 2691//4393 1916//4393 1914//4393
f 2691//4394 1914//4394 2689//4394
f 2689//4395 1914//4395 1910//4395
f 2689//4396 1910//4396 2687//4396
f 2687//4397 1910//4397 1905//4397
f 2687//4398 1905//4398 2685//4398
f 2685//4399 1905//4399 1900//4399
f 2685//4400 1900//4400 2683//4400
f 2683//4401 1900//4401 1902//4401
f 2683//4402 1902//4402 2681//4402
f 2703//4403 2704//4403 2705//4403
f 2705//4404 2704//4404 2706//4404
f 2705//4405 2706//4405 2707//4405
f 2707//4406 2706//4406 2708//4406
f 2707//4407 2708//4407 2709//4407
f 2709//4408 2708//4408 2710//4408
f 2709//4409 2710//4409 2711//4409
f 2711//4410 2710//4410 2712//4410
f 2711//4411 2712//4411 2713//4411
f 2713//4412 2712//4412 2714//4412
f 2713//4413 2714//4413 2715//4413
f 2715//4414 2714//4414 2716//4414
f 2715//4415 2716//4415 2717//4415
f 2717//4416 2716//4416 2657//4416
f 2717//4417 2657//4417 2656//4417
f 2656//4418 2657//4418 1457//4418
f 2656//4419 1457//4419 311//4419
f 2704//4420 2669//4420 2706//4420
f 2706//4421 2669//4421 2671//4421
f 2706//4422 2671//4422 2708//4422
f 2708//4423 2671//4423 2673//4423
f 2708//4424 2673//4424 2710//4424
f 2710//4425 2673//4425 2675//4425
f 2710//4426 2675//4426 2712//4426
f 2712//4427 2675//4427 2677//4427
f 2712//4428 2677//4428 2714//4428
f 2714//4429 2677//4429 2679//4429
f 2714//4430 2679//4430 2716//4430
f 2716//4431 2679//4431 2680//4431
f 2716//4432 2680//4432 2657//4432
f 2657//4433 2680//4433 305//4433
f 2657//4434 305//4434 304//4434
f 2718//4435 2670//4435 2719//4435
f 2719//4436 2670//4436 2669//4436
f 2719//4437 2669//4437 2720//4437
f 2720//4438 2669//4438 2704//4438
f 2720//4439 2704//4439 2721//4439
f 2721//4440 2704//4440 2703//4440
f 2721//4441 2703//4441 2722//4441
f 2682//4442 2722//4442 2684//4442
f 2684//4443 2722//4443 2703//4443
f 2684//4444 2703//4444 2686//4444
f 2686//4445 2703//4445 2705//4445
f 2686//4446 2705//4446 2688//4446
f 2688//4447 2705//4447 2707//4447
f 2688//4448 2707//4448 2690//4448
f 2690//4449 2707//4449 2709//4449
f 2690//4450 2709//4450 2692//4450
f 2692//4451 2709//4451 2711//4451
f 2692//4452 2711//4452 2694//4452
f 2694//4453 2711//4453 2713//4453
f 2694//4454 2713//4454 2696//4454
f 2696//4455 2713//4455 2715//4455
f 2696//4456 2715//4456 2698//4456
f 2698//4457 2715//4457 2717//4457
f 2698//4458 2717//4458 2700//4458
f 2700//4459 2717//4459 2656//4459
f 2700//4460 2656//4460 2702//4460
f 2702//4461 2656//4461 310//4461
f 2702//4462 310//4462 1389//4462
f 1400//4463 1399//4463 1688//4463
f 1688//4464 1399//4464 2664//4464
f 1688//4465 2664//4465 2723//4465
f 2723//4466 2664//4466 2665//4466
f 2723//4467 2665//4467 2724//4467
f 2724//4468 2665//4468 2666//4468
f 2724//4469 2666//4469 2725//4469
f 2725//4470 2666//4470 2667//4470
f 2725//4471 2667//4471 2726//4471
f 2726//4472 2667//4472 2668//4472
f 2726//4473 2668//4473 2727//4473
f 2727//4474 2728//4474 2726//4474
f 2726//4475 2728//4475 2729//4475
f 2726//4476 2729//4476 2725//4476
f 2725//4477 2729//4477 2730//4477
f 2725//4478 2730//4478 2724//4478
f 2724//4479 2730//4479 2731//4479
f 2724//4480 2731//4480 2723//4480
f 2723//4481 2731//4481 2180//4481
f 2723//4482 2180//4482 1688//4482
f 1688//4483 2180//4483 2182//4483
f 1688//4484 2182//4484 1401//4484
f 1401//4485 2182//4485 386//4485
f 1980//4486 2732//4486 1978//4486
f 1978//4487 2732//4487 2733//4487
f 1978//4488 2733//4488 1967//4488
f 1967//4489 2733//4489 2734//4489
f 1967//4490 2734//4490 1966//4490
f 1966//4491 2734//4491 2735//4491
f 1966//4492 2735//4492 1950//4492
f 1950//4493 2735//4493 2736//4493
f 1950//4494 2736//4494 1951//4494
f 2718//4495 2737//4495 2738//4495
f 2738//4496 2737//4496 2739//4496
f 2738//4497 2739//4497 2740//4497
f 2740//4498 2739//4498 2741//4498
f 2740//4499 2741//4499 2742//4499
f 2742//4500 2741//4500 2743//4500
f 2742//4501 2743//4501 2744//4501
f 2744//4502 2743//4502 2745//4502
f 2744//4503 2745//4503 2746//4503
f 2746//4504 2745//4504 2747//4504
f 2746//4505 2747//4505 2748//4505
f 2748//4506 2747//4506 2184//4506
f 1999//4507 2749//4507 2001//4507
f 2001//4508 2749//4508 2750//4508
f 2001//4509 2750//4509 2002//4509
f 2002//4510 2750//4510 2751//4510
f 2002//4511 2751//4511 2752//4511
f 2752//4512 2751//4512 2753//4512
f 1684//4513 2754//4513 1682//4513
f 1682//4514 2754//4514 2755//4514
f 1682//4515 2755//4515 2202//4515
f 2202//4516 2755//4516 2756//4516
f 2202//4517 2756//4517 2757//4517
f 2757//4518 2756//4518 2758//4518
f 2757//4519 2758//4519 2759//4519
f 2759//4520 2758//4520 2760//4520
f 2759//4521 2760//4521 2753//4521
f 2753//4522 2760//4522 2761//4522
f 2753//4523 2761//4523 2752//4523
f 1979//4524 2762//4524 1980//4524
f 1980//4525 2762//4525 1998//4525
f 1980//4526 1998//4526 2732//4526
f 2732//4527 1998//4527 2000//4527
f 2732//4528 2000//4528 2733//4528
f 2733//4529 2000//4529 2002//4529
f 2733//4530 2002//4530 2734//4530
f 2734//4531 2002//4531 2752//4531
f 2734//4532 2752//4532 2735//4532
f 2735//4533 2752//4533 2761//4533
f 2735//4534 2761//4534 2736//4534
f 2681//4535 1941//4535 2682//4535
f 2682//4536 1941//4536 1943//4536
f 2682//4537 1943//4537 2722//4537
f 2722//4538 1943//4538 1945//4538
f 2722//4539 1945//4539 2721//4539
f 2721//4540 1945//4540 1947//4540
f 2721//4541 1947//4541 2720//4541
f 2720//4542 1947//4542 1949//4542
f 2720//4543 1949//4543 2719//4543
f 2719//4544 1949//4544 1951//4544
f 2719//4545 1951//4545 2718//4545
f 2718//4546 1951//4546 2736//4546
f 2718//4547 2736//4547 2737//4547
f 2737//4548 2736//4548 2761//4548
f 2737//4549 2761//4549 2739//4549
f 2739//4550 2761//4550 2760//4550
f 2739//4551 2760//4551 2741//4551
f 2741//4552 2760//4552 2758//4552
f 2741//4553 2758//4553 2743//4553
f 2743//4554 2758//4554 2756//4554
f 2743//4555 2756//4555 2745//4555
f 2745//4556 2756//4556 2755//4556
f 2745//4557 2755//4557 2747//4557
f 2747//4558 2755//4558 2754//4558
f 2747//4559 2754//4559 2184//4559
f 2184//4560 2754//4560 1684//4560
f 2184//4561 1684//4561 1675//4561
f 1675//4562 1684//4562 2192//4562
f 1675//4563 2192//4563 1673//4563
f 1673//4564 2192//4564 2204//4564
f 1673//4565 2204//4565 2243//4565
f 2243//4566 2204//4566 2203//4566
f 2243//4567 2203//4567 2763//4567
f 2763//4568 2203//4568 2201//4568
f 2245//4569 2231//4569 2239//4569
f 2239//4570 2231//4570 2230//4570
f 2239//4571 2230//4571 2237//4571
f 2237//4572 2230//4572 2227//4572
f 2237//4573 2227//4573 2186//4573
f 2186//4574 2227//4574 2189//4574
f 2186//4575 2189//4575 2185//4575
f 2185//4576 2189//4576 2188//4576
f 2185//4577 2188//4577 2184//4577
f 2184//4578 2188//4578 2187//4578
f 2184//4579 2187//4579 2748//4579
f 2748//4580 2187//4580 2181//4580
f 2748//4581 2181//4581 2746//4581
f 2746//4582 2181//4582 2180//4582
f 2746//4583 2180//4583 2744//4583
f 2744//4584 2180//4584 2731//4584
f 2744//4585 2731//4585 2742//4585
f 2742//4586 2731//4586 2730//4586
f 2742//4587 2730//4587 2740//4587
f 2740//4588 2730//4588 2729//4588
f 2740//4589 2729//4589 2738//4589
f 2738//4590 2729//4590 2728//4590
f 2738//4591 2728//4591 2718//4591
f 2718//4592 2728//4592 2727//4592
f 2718//4593 2727//4593 2670//4593
f 2670//4594 2727//4594 2668//4594
f 2670//4594 2668//4594 2672//4594
f 2672//4595 2668//4595 2663//4595
f 2672//4596 2663//4596 2674//4596
f 2674//4597 2663//4597 2660//4597
f 2674//4598 2660//4598 2676//4598
f 2676//4599 2660//4599 1625//4599
f 2676//4600 1625//4600 2678//4600
f 2678//4601 1625//4601 1624//4601
f 2678//4602 1624//4602 2658//4602
f 2658//4603 1624//4603 1470//4603
f 2658//4604 1470//4604 308//4604
f 1904//4605 1896//4605 1902//4605
f 1902//4606 1896//4606 1898//4606
f 1902//4607 1898//4607 2681//4607
f 2681//4608 1898//4608 1961//4608
f 2681//4609 1961//4609 1941//4609
f 1941//4610 1961//4610 1959//4610
f 1941//4611 1959//4611 1942//4611
f 1942//4612 1959//4612 1957//4612
f 1942//4613 1957//4613 1962//4613
f 1962//4614 1957//4614 1955//4614
f 1962//4615 1955//4615 1971//4615
f 1971//4616 1955//4616 1953//4616
f 1971//4617 1953//4617 1975//4617
f 1975//4618 1953//4618 1996//4618
f 1975//4619 1996//4619 1976//4619
f 1976//4620 1996//4620 1997//4620
f 1976//4621 1997//4621 1977//4621
f 1977//4622 1997//4622 1981//4622
f 1977//4623 1981//4623 1972//4623
f 1972//4624 1981//4624 1983//4624
f 1972//4625 1983//4625 1973//4625
f 1973//4626 1983//4626 1995//4626
f 1973//4627 1995//4627 1979//4627
f 1979//4628 1995//4628 2035//4628
f 1979//4629 2035//4629 2762//4629
f 2762//4630 2035//4630 2037//4630
f 2762//4631 2037//4631 1998//4631
f 1998//4632 2037//4632 1699//4632
f 1998//4633 1699//4633 2764//4633
f 2764//4634 1699//4634 1701//4634
f 2764//4635 1701//4635 2010//4635
f 2010//4636 1701//4636 2020//4636
f 2010//4637 2020//4637 2015//4637
f 2015//4638 2020//4638 2030//4638
f 2015//4639 2030//4639 2016//4639
f 2016//4640 2030//4640 2025//4640
f 2016//4641 2025//4641 2017//4641
f 2017//4642 2025//4642 2026//4642
f 2017//4643 2026//4643 2018//4643
f 2018//4644 2026//4644 2049//4644
f 2018//4645 2049//4645 2452//4645
f 2452//4646 2049//4646 2058//4646
f 2452//4647 2058//4647 2453//4647
f 2453//4648 2058//4648 1693//4648
f 2453//4649 1693//4649 2455//4649
f 2455//4650 1693//4650 2053//4650
f 2455//4651 2053//4651 2457//4651
f 2457//4652 2053//4652 2055//4652
f 2457//4653 2055//4653 2459//4653
f 2459//4654 2055//4654 2471//4654
f 2459//4655 2471//4655 2461//4655
f 2461//4656 2471//4656 2473//4656
f 2461//4657 2473//4657 2463//4657
f 2463//4658 2473//4658 2475//4658
f 2463//4659 2475//4659 2465//4659
f 2465//4660 2475//4660 2477//4660
f 2465//4661 2477//4661 2467//4661
f 2467//4662 2477//4662 2479//4662
f 2467//4663 2479//4663 2469//4663
f 2469//4664 2479//4664 2481//4664
f 2469//4665 2481//4665 2451//4665
f 2451//4666 2481//4666 2483//4666
f 2451//4667 2483//4667 2446//4667
f 2446//4668 2483//4668 2485//4668
f 2446//4669 2485//4669 2445//4669
f 2445//4670 2485//4670 2487//4670
f 2445//4671 2487//4671 2444//4671
f 2444//4672 2487//4672 1653//4672
f 2444//4673 1653//4673 2443//4673
f 2443//4674 1653//4674 1651//4674
f 2443//4675 1651//4675 2442//4675
f 2442//4676 1651//4676 1650//4676
f 2442//4677 1650//4677 2441//4677
f 2441//4678 1650//4678 1648//4678
f 2441//4679 1648//4679 2440//4679
f 2440//4680 1648//4680 1647//4680
f 2440//4681 1647//4681 2439//4681
f 2439//4682 1647//4682 2524//4682
f 2439//4683 2524//4683 2438//4683
f 2438//4684 2524//4684 2526//4684
f 2438//4685 2526//4685 2542//4685
f 2542//4686 2526//4686 2528//4686
f 2542//4687 2528//4687 2544//4687
f 2544//4688 2528//4688 1642//4688
f 2544//4689 1642//4689 2546//4689
f 2546//4690 1642//4690 1644//4690
f 2546//4691 1644//4691 2548//4691
f 2548//4692 1644//4692 1640//4692
f 2548//4693 1640//4693 2550//4693
f 2550//4694 1640//4694 1639//4694
f 2550//4695 1639//4695 2552//4695
f 2552//4696 1639//4696 2532//4696
f 2552//4697 2532//4697 2554//4697
f 2554//4698 2532//4698 2530//4698
f 2554//4699 2530//4699 2556//4699
f 2556//4700 2530//4700 2529//4700
f 2556//4701 2529//4701 2558//4701
f 2558//4702 2529//4702 2577//4702
f 2558//4703 2577//4703 2569//4703
f 2569//4704 2577//4704 1636//4704
f 2569//4705 1636//4705 2570//4705
f 2570//4706 1636//4706 1635//4706
f 2570//4707 1635//4707 2571//4707
f 2571//4708 1635//4708 2584//4708
f 2571//4709 2584//4709 2572//4709
f 2572//4710 2584//4710 2582//4710
f 2572//4711 2582//4711 2573//4711
f 2573//4712 2582//4712 1725//4712
f 2573//4713 1725//4713 2574//4713
f 2574//4714 1725//4714 1723//4714
f 2574//4715 1723//4715 2575//4715
f 2575//4716 1723//4716 2381//4716
f 2575//4717 2381//4717 2385//4717
f 2385//4718 2381//4718 2316//4718
f 2385//4719 2316//4719 2389//4719
f 2389//4720 2316//4720 2315//4720
f 2389//4721 2315//4721 2388//4721
f 2388//4722 2315//4722 2314//4722
f 2388//4723 2314//4723 2386//4723
f 2386//4724 2314//4724 2313//4724
f 2386//4725 2313//4725 2380//4725
f 2380//4726 2313//4726 2307//4726
f 2380//4727 2307//4727 2378//4727
f 2378//4728 2307//4728 2306//4728
f 2378//4729 2306//4729 2376//4729
f 2376//4730 2306//4730 2327//4730
f 2376//4731 2327//4731 2374//4731
f 2374//4732 2327//4732 2326//4732
f 2374//4733 2326//4733 2372//4733
f 2372//4734 2326//4734 2325//4734
f 2372//4735 2325//4735 2347//4735
f 2347//4736 2325//4736 2324//4736
f 2347//4737 2324//4737 2348//4737
f 2348//4738 2324//4738 2323//4738
f 2348//4739 2323//4739 2342//4739
f 2342//4740 2323//4740 2322//4740
f 2342//4741 2322//4741 2343//4741
f 2343//4742 2322//4742 2321//4742
f 2343//4743 2321//4743 2335//4743
f 2335//4744 2321//4744 2320//4744
f 2335//4745 2320//4745 2336//4745
f 2336//4746 2320//4746 2319//4746
f 2336//4747 2319//4747 2338//4747
f 2338//4748 2319//4748 2318//4748
f 2338//4749 2318//4749 2337//4749
f 2337//4750 2318//4750 2317//4750
f 2337//4751 2317//4751 2328//4751
f 2328//4752 2317//4752 2278//4752
f 2328//4753 2278//4753 2329//4753
f 2329//4754 2278//4754 2277//4754
f 2329//4755 2277//4755 2249//4755
f 2249//4756 2277//4756 2276//4756
f 2249//4757 2276//4757 2250//4757
f 2250//4758 2276//4758 1671//4758
f 2250//4759 1671//4759 2260//4759
f 2260//4760 1671//4760 1670//4760
f 2260//4761 1670//4761 2405//4761
f 2405//4762 1670//4762 2231//4762
f 2405//4763 2231//4763 2404//4763
f 2404//4764 2231//4764 2245//4764
f 2404//4765 2245//4765 2403//4765
f 2403//4766 2245//4766 2240//4766
f 2403//4767 2240//4767 2402//4767
f 2402//4768 2240//4768 2244//4768
f 2402//4769 2244//4769 2401//4769
f 2401//4770 2244//4770 2243//4770
f 2401//4771 2243//4771 2400//4771
f 2400//4772 2243//4772 2763//4772
f 2400//4773 2763//4773 2409//4773
f 2409//4774 2763//4774 2201//4774
f 2409//4775 2201//4775 2407//4775
f 2407//4776 2201//4776 2200//4776
f 2407//4777 2200//4777 2406//4777
f 2406//4778 2200//4778 2198//4778
f 2406//4779 2198//4779 2210//4779
f 2210//4780 2198//4780 2196//4780
f 2210//4781 2196//4781 2209//4781
f 2209//4782 2196//4782 2195//4782
f 2209//4783 2195//4783 2207//4783
f 2207//4784 2195//4784 2202//4784
f 2207//4785 2202//4785 2205//4785
f 2205//4786 2202//4786 2757//4786
f 2205//4787 2757//4787 2211//4787
f 2211//4788 2757//4788 2759//4788
f 2211//4789 2759//4789 2190//4789
f 2190//4790 2759//4790 2753//4790
f 2190//4791 2753//4791 1685//4791
f 1685//4792 2753//4792 2751//4792
f 1685//4793 2751//4793 1686//4793
f 1686//4794 2751//4794 2750//4794
f 1686//4795 2750//4795 2009//4795
f 2009//4796 2750//4796 2749//4796
f 2009//4797 2749//4797 2010//4797
f 2010//4798 2749//4798 1999//4798
f 2010//4799 1999//4799 2764//4799
f 2764//4800 1999//4800 1998//4800
f 1714//4801 1716//4801 146//4801
f 148//4801 646//4801 644//4801
f 656//1 147//1 657//1
f 657//1 147//1 148//1
f 657//1 148//1 658//1
f 658//4802 148//4802 644//4802
f 633//4803 150//4803 635//4803
f 635//4801 150//4801 151//4801
f 2765//1 2766//1 132//1
f 630//4804 628//4804 151//4804
f 151//4801 628//4801 636//4801
f 151//4801 636//4801 635//4801
f 2765//1 132//1 2767//1
f 134//1 2768//1 133//1
f 133//1 2768//1 2769//1
f 2769//1 2770//1 133//1
f 133//1 2770//1 2771//1
f 133//1 2771//1 2772//1
f 1744//1 1747//1 1749//1
f 1752//1 1751//1 141//1
f 149//1 640//1 642//1
f 642//1 651//1 149//1
f 149//4805 651//4805 650//4805
f 149//4801 650//4801 148//4801
f 148//4801 650//4801 648//4801
f 148//4801 648//4801 646//4801
f 633//1 632//1 150//1
f 150//1 632//1 637//1
f 150//1 637//1 149//1
f 149//1 637//1 639//1
f 149//1 639//1 640//1
f 2772//1 2773//1 133//1
f 133//4801 2773//4801 2774//4801
f 133//1 2774//1 132//1
f 132//1 2774//1 2775//1
f 132//1 2775//1 2767//1
f 2776//1 2777//1 137//1
f 137//1 2777//1 2778//1
f 1763//1 1768//1 138//1
f 606//1 605//1 154//1
f 154//1 605//1 608//1
f 154//1 613//1 153//1
f 153//1 613//1 614//1
f 153//1 614//1 616//1
f 597//1 604//1 155//1
f 2779//1 2780//1 162//1
f 2781//1 2782//1 134//1
f 2783//1 136//1 2784//1
f 2784//1 136//1 137//1
f 2784//1 137//1 2785//1
f 2785//1 137//1 2778//1
f 2783//1 2786//1 136//1
f 136//1 2786//1 2787//1
f 136//1 2787//1 2788//1
f 138//1 1768//1 137//1
f 137//1 1768//1 2789//1
f 137//1 2789//1 2776//1
f 1738//1 1736//1 143//1
f 1736//1 1735//1 143//1
f 143//1 1735//1 1746//1
f 143//1 1746//1 142//1
f 152//1 621//1 151//1
f 151//1 621//1 623//1
f 151//1 623//1 626//1
f 626//1 625//1 151//1
f 151//1 625//1 631//1
f 151//1 631//1 630//1
f 616//1 620//1 153//1
f 153//1 620//1 619//1
f 153//1 619//1 152//1
f 152//1 619//1 618//1
f 152//1 618//1 621//1
f 2766//1 2790//1 132//1
f 132//1 2790//1 2791//1
f 132//1 2791//1 2792//1
f 2793//1 2794//1 135//1
f 135//1 2794//1 2795//1
f 135//1 2795//1 134//1
f 134//1 2795//1 2796//1
f 134//1 2796//1 2781//1
f 140//1 1756//1 1758//1
f 1758//1 1762//1 140//1
f 140//1 1762//1 1761//1
f 140//1 1761//1 139//1
f 1746//1 1745//1 142//1
f 142//1 1745//1 1744//1
f 142//1 1744//1 141//1
f 141//1 1744//1 1749//1
f 141//1 1749//1 1752//1
f 144//4801 1731//4801 1733//4801
f 1733//4806 1742//4806 144//4806
f 144//4807 1742//4807 1741//4807
f 144//1 1741//1 143//1
f 143//1 1741//1 1739//1
f 143//1 1739//1 1738//1
f 1722//1 1724//1 145//1
f 145//1 1724//1 1730//1
f 1716//4801 1718//4801 146//4801
f 146//4801 1718//4801 1719//4801
f 146//4801 1719//4801 145//4801
f 145//4808 1719//4808 1721//4808
f 145//1 1721//1 1722//1
f 656//1 1709//1 147//1
f 147//1 1709//1 1710//1
f 147//1 1710//1 146//1
f 146//1 1710//1 1713//1
f 146//4809 1713//4809 1714//4809
f 608//1 610//1 154//1
f 154//1 610//1 612//1
f 154//1 612//1 613//1
f 2797//1 160//1 2798//1
f 2798//1 160//1 2799//1
f 2797//1 2800//1 160//1
f 160//1 2800//1 2801//1
f 160//1 2801//1 159//1
f 2802//1 161//1 162//1
f 2779//1 162//1 2803//1
f 2792//1 2804//1 132//1
f 132//1 2804//1 2805//1
f 132//1 2805//1 131//1
f 131//1 2805//1 2806//1
f 131//1 2806//1 2807//1
f 2782//1 2808//1 134//1
f 134//1 2808//1 2809//1
f 134//1 2809//1 2768//1
f 2788//1 2810//1 136//1
f 136//1 2810//1 2811//1
f 136//1 2811//1 135//1
f 135//1 2811//1 2812//1
f 135//1 2812//1 2793//1
f 1761//1 1767//1 139//1
f 139//1 1767//1 1766//1
f 139//1 1766//1 138//1
f 138//1 1766//1 1764//1
f 138//1 1764//1 1763//1
f 1751//1 1755//1 141//1
f 141//1 1755//1 1754//1
f 141//1 1754//1 140//1
f 140//1 1754//1 1753//1
f 140//1 1753//1 1756//1
f 604//1 603//1 155//1
f 155//1 603//1 601//1
f 155//1 601//1 154//1
f 154//1 601//1 600//1
f 154//1 600//1 606//1
f 156//1 594//1 155//1
f 155//1 594//1 598//1
f 155//1 598//1 597//1
f 2813//1 2814//1 157//1
f 2802//1 2815//1 161//1
f 161//1 2815//1 2816//1
f 161//1 2816//1 2817//1
f 2817//1 2818//1 161//1
f 161//1 2818//1 2819//1
f 161//1 2819//1 160//1
f 160//1 2819//1 2820//1
f 160//1 2820//1 2799//1
f 2780//1 2821//1 162//1
f 162//1 2821//1 1516//1
f 162//1 1516//1 1515//1
f 2822//1 2823//1 163//1
f 163//1 2823//1 2824//1
f 163//1 2824//1 162//1
f 162//1 2824//1 2825//1
f 162//1 2825//1 2803//1
f 2826//1 2827//1 129//1
f 129//1 2827//1 2828//1
f 129//1 2828//1 2829//1
f 2830//1 2831//1 130//1
f 130//1 2831//1 2832//1
f 130//1 2832//1 129//1
f 129//1 2832//1 2833//1
f 129//1 2833//1 2826//1
f 2807//1 2834//1 131//1
f 131//1 2834//1 2835//1
f 131//1 2835//1 130//1
f 130//1 2835//1 2836//1
f 130//1 2836//1 2830//1
f 1730//1 1729//1 145//1
f 145//1 1729//1 1727//1
f 145//1 1727//1 144//1
f 144//1 1727//1 1726//1
f 144//4810 1726//4810 1731//4810
f 2814//1 2837//1 157//1
f 157//1 2837//1 2838//1
f 157//1 2838//1 156//1
f 156//1 2838//1 595//1
f 156//1 595//1 594//1
f 2839//1 2840//1 158//1
f 158//1 2841//1 157//1
f 157//1 2841//1 2842//1
f 157//1 2842//1 2813//1
f 1515//1 2843//1 162//1
f 162//1 2843//1 2844//1
f 162//1 2844//1 2802//1
f 2845//1 2846//1 128//1
f 128//1 2846//1 2847//1
f 128//1 2847//1 163//1
f 163//1 2847//1 2848//1
f 163//1 2848//1 2822//1
f 2829//1 2849//1 129//1
f 129//1 2849//1 2850//1
f 129//1 2850//1 128//1
f 128//1 2850//1 2851//1
f 128//1 2851//1 2845//1
f 2840//1 2852//1 158//1
f 158//1 2852//1 2853//1
f 158//1 2853//1 2841//1
f 2801//1 2854//1 159//1
f 159//1 2854//1 2855//1
f 159//1 2855//1 2856//1
f 2856//1 2857//1 159//1
f 159//1 2857//1 2858//1
f 159//1 2858//1 158//1
f 158//1 2858//1 2859//1
f 158//1 2859//1 2839//1
f 2860//4811 2861//4811 2862//4811
f 2862//4812 2861//4812 2863//4812
f 2862//4813 2863//4813 2864//4813
f 2766//4814 2765//4814 2865//4814
f 2865//4815 2765//4815 2866//4815
f 2864//4813 2863//4813 2867//4813
f 2867//4816 2863//4816 2868//4816
f 2867//4817 2868//4817 2866//4817
f 2866//4818 2868//4818 2869//4818
f 2866//4819 2869//4819 2865//4819
f 2870//4820 2871//4820 2872//4820
f 2872//4821 2871//4821 2873//4821
f 2872//4822 2873//4822 2874//4822
f 2875//4823 2874//4823 2876//4823
f 2876//4824 2874//4824 2873//4824
f 2876//4825 2873//4825 2877//4825
f 2877//4826 2873//4826 2878//4826
f 2878//4827 2873//4827 2879//4827
f 2879//4828 2873//4828 2880//4828
f 2879//4829 2880//4829 2881//4829
f 2882//4830 2883//4830 2880//4830
f 2880//4831 2883//4831 2884//4831
f 2880//4832 2884//4832 2881//4832
f 2882//4833 2885//4833 2883//4833
f 2883//4834 2885//4834 2886//4834
f 2883//4835 2886//4835 2887//4835
f 2887//4836 2886//4836 2888//4836
f 2887//4837 2888//4837 2889//4837
f 2889//4838 2888//4838 2890//4838
f 2890//4839 2888//4839 2891//4839
f 2890//4840 2891//4840 2892//4840
f 2892//4841 2891//4841 2893//4841
f 2892//4842 2893//4842 2894//4842
f 2894//4843 2893//4843 2895//4843
f 2894//4844 2895//4844 2896//4844
f 2896//4845 2895//4845 2897//4845
f 2896//4846 2897//4846 2898//4846
f 2898//4847 2897//4847 2899//4847
f 2898//4848 2899//4848 2900//4848
f 2900//4849 2899//4849 2901//4849
f 2900//4850 2901//4850 246//4850
f 2871//4851 2902//4851 2873//4851
f 2873//4852 2902//4852 2903//4852
f 2873//4853 2903//4853 2880//4853
f 2880//4854 2903//4854 2904//4854
f 2880//4830 2904//4830 2882//4830
f 239//4855 244//4855 2905//4855
f 2905//4856 244//4856 243//4856
f 2905//4857 243//4857 2906//4857
f 2906//4858 243//4858 247//4858
f 2906//4859 247//4859 2907//4859
f 2907//4860 247//4860 246//4860
f 2907//4861 246//4861 2901//4861
f 2905//4862 2908//4862 239//4862
f 239//4863 2908//4863 2909//4863
f 239//4864 2909//4864 240//4864
f 240//4865 2909//4865 2910//4865
f 240//4866 2910//4866 236//4866
f 236//4867 2910//4867 237//4867
f 237//4868 2910//4868 2911//4868
f 237//4869 2911//4869 238//4869
f 2911//4870 2912//4870 238//4870
f 238//4871 2912//4871 2913//4871
f 238//4872 2913//4872 233//4872
f 233//4873 2913//4873 2914//4873
f 233//4874 2914//4874 232//4874
f 232//4875 2914//4875 231//4875
f 2915//4876 234//4876 2916//4876
f 2916//4877 234//4877 231//4877
f 2916//4878 231//4878 2917//4878
f 2917//4879 231//4879 2914//4879
f 1925//3 1923//3 194//3
f 428//3 459//3 186//3
f 434//3 439//3 190//3
f 1894//3 1704//3 199//3
f 2918//3 175//3 176//3
f 2919//3 2920//3 176//3
f 176//3 2920//3 2921//3
f 176//3 2921//3 2918//3
f 230//2 235//2 177//2
f 177//3 235//3 234//3
f 177//3 234//3 2915//3
f 2915//3 2922//3 177//3
f 177//3 2922//3 2923//3
f 177//3 2923//3 176//3
f 176//3 2923//3 2924//3
f 176//3 2924//3 2919//3
f 230//3 177//3 228//3
f 228//3 177//3 178//3
f 228//3 178//3 203//3
f 226//3 225//3 180//3
f 180//3 225//3 179//3
f 183//3 480//3 182//3
f 182//3 480//3 479//3
f 182//3 479//3 478//3
f 184//3 472//3 183//3
f 183//3 472//3 474//3
f 183//3 474//3 477//3
f 185//3 465//3 463//3
f 188//3 454//3 187//3
f 187//3 454//3 452//3
f 187//3 452//3 451//3
f 192//3 1937//3 1936//3
f 1936//3 1939//3 192//3
f 192//3 1939//3 1938//3
f 192//3 1938//3 191//3
f 1554//3 1553//3 167//3
f 225//3 223//3 179//3
f 179//3 223//3 222//3
f 179//3 222//3 220//3
f 220//2 219//2 179//2
f 179//3 219//3 227//3
f 179//3 227//3 178//3
f 178//3 227//3 204//3
f 178//3 204//3 203//3
f 181//3 206//3 212//3
f 477//3 476//3 183//3
f 183//3 476//3 481//3
f 183//3 481//3 480//3
f 463//3 462//3 185//3
f 185//3 462//3 469//3
f 185//3 469//3 184//3
f 184//2 469//2 471//2
f 184//3 471//3 472//3
f 187//3 458//3 186//3
f 186//3 458//3 429//3
f 186//2 429//2 428//2
f 451//3 455//3 187//3
f 187//3 455//3 457//3
f 187//3 457//3 458//3
f 450//3 448//3 188//3
f 188//3 448//3 447//3
f 188//3 447//3 454//3
f 439//3 438//3 190//3
f 190//4880 438//4880 443//4880
f 190//3 443//3 189//3
f 1938//3 431//3 191//3
f 191//3 431//3 437//3
f 191//3 437//3 190//3
f 190//3 437//3 435//3
f 190//3 435//3 434//3
f 195//3 1915//3 1918//3
f 1524//3 1523//3 165//3
f 165//3 1523//3 164//3
f 212//2 214//2 181//2
f 181//3 214//3 217//3
f 181//3 217//3 180//3
f 180//3 217//3 216//3
f 180//3 216//3 226//3
f 478//3 210//3 182//3
f 182//3 210//3 209//3
f 182//3 209//3 181//3
f 181//3 209//3 207//3
f 181//3 207//3 206//3
f 459//3 461//3 186//3
f 186//3 461//3 468//3
f 186//3 468//3 185//3
f 185//3 468//3 467//3
f 185//3 467//3 465//3
f 443//3 442//3 189//3
f 189//4881 442//4881 446//4881
f 189//3 446//3 188//3
f 188//3 446//3 445//3
f 188//3 445//3 450//3
f 195//3 1920//3 194//3
f 194//3 1920//3 1926//3
f 194//3 1926//3 1925//3
f 1915//3 195//3 1913//3
f 1913//3 195//3 196//3
f 1913//3 196//3 1908//3
f 1918//3 1917//3 195//3
f 195//2 1917//2 1921//2
f 195//3 1921//3 1920//3
f 197//3 1906//3 196//3
f 196//3 1906//3 1912//3
f 198//3 1896//3 1904//3
f 1704//2 1703//2 199//2
f 199//3 1703//3 1899//3
f 199//3 1899//3 198//3
f 198//3 1899//3 1897//3
f 198//3 1897//3 1896//3
f 1523//3 1566//3 164//3
f 164//3 1566//3 1893//3
f 164//3 1893//3 199//3
f 199//3 1893//3 1895//3
f 199//2 1895//2 1894//2
f 1565//3 1564//3 165//3
f 165//3 1564//3 1563//3
f 165//3 1563//3 1524//3
f 2925//3 2926//3 174//3
f 174//3 2926//3 2927//3
f 2927//3 2928//3 174//3
f 174//3 2928//3 2929//3
f 174//3 2929//3 173//3
f 1923//3 1922//3 194//3
f 194//3 1922//3 1927//3
f 194//3 1927//3 193//3
f 193//3 1927//3 1929//3
f 193//3 1929//3 1930//3
f 1912//3 1911//3 196//3
f 196//3 1911//3 1909//3
f 196//3 1909//3 1908//3
f 1565//3 165//3 1561//3
f 1561//3 165//3 166//3
f 1561//3 166//3 1562//3
f 1553//3 1559//3 167//3
f 167//3 1559//3 1558//3
f 167//3 1558//3 166//3
f 166//3 1558//3 1556//3
f 166//2 1556//2 1562//2
f 2918//3 2930//3 175//3
f 175//3 2930//3 2931//3
f 175//3 2931//3 174//3
f 174//3 2931//3 2932//3
f 174//3 2932//3 2925//3
f 1930//4882 1932//4882 193//4882
f 193//3 1932//3 1933//3
f 193//3 1933//3 192//3
f 192//4883 1933//4883 1935//4883
f 192//3 1935//3 1937//3
f 1904//2 1903//2 198//2
f 198//3 1903//3 1901//3
f 198//3 1901//3 197//3
f 197//3 1901//3 1907//3
f 197//3 1907//3 1906//3
f 169//3 170//3 2933//3
f 1547//2 1546//2 168//2
f 168//3 1546//3 1549//3
f 168//3 1549//3 167//3
f 167//3 1549//3 1551//3
f 167//3 1551//3 1554//3
f 1547//3 168//3 1548//3
f 1548//3 168//3 169//3
f 1548//3 169//3 1542//3
f 2934//3 2935//3 171//3
f 171//3 2935//3 2936//3
f 171//3 2936//3 2937//3
f 2938//3 2939//3 172//3
f 172//3 2939//3 2940//3
f 172//3 2940//3 171//3
f 171//3 2940//3 2941//3
f 171//3 2941//3 2934//3
f 2929//3 2942//3 173//3
f 173//3 2942//3 2943//3
f 173//3 2943//3 172//3
f 172//3 2943//3 2944//3
f 172//3 2944//3 2938//3
f 2933//3 2945//3 169//3
f 169//3 2945//3 2946//3
f 169//3 2946//3 2947//3
f 2947//3 1539//3 169//3
f 169//3 1539//3 1538//3
f 169//3 1538//3 1542//3
f 2937//2 2948//2 171//2
f 171//3 2948//3 2949//3
f 171//3 2949//3 170//3
f 170//3 2949//3 2950//3
f 170//3 2950//3 2933//3
f 2951//4884 2952//4884 1527//4884
f 2951//4885 1527//4885 2953//4885
f 2953//4886 1527//4886 1526//4886
f 2953//4887 1526//4887 2954//4887
f 2955//4888 2956//4888 1529//4888
f 1529//4889 2956//4889 1530//4889
f 2956//4890 2957//4890 1530//4890
f 1530//4891 2957//4891 2958//4891
f 1530//4892 2958//4892 1532//4892
f 1532//4893 2958//4893 2954//4893
f 1532//4894 2954//4894 1533//4894
f 1533//4895 2954//4895 1526//4895
f 1529//4896 1537//4896 2955//4896
f 2955//4897 1537//4897 1535//4897
f 2955//4898 1535//4898 2959//4898
f 2959//4899 1535//4899 1534//4899
f 2959//4900 1534//4900 2960//4900
f 2960//4901 1534//4901 2961//4901
f 1540//4902 1539//4902 2947//4902
f 1534//4903 1544//4903 2961//4903
f 2961//4904 1544//4904 1543//4904
f 2961//4905 1543//4905 2962//4905
f 2962//4906 1543//4906 1540//4906
f 2962//4907 1540//4907 2963//4907
f 2963//4908 1540//4908 2947//4908
f 2964//4909 2965//4909 2966//4909
f 2967//4910 2968//4910 2969//4910
f 2967//4911 2969//4911 2966//4911
f 2970//4912 2971//4912 2964//4912
f 2971//4913 2970//4913 2972//4913
f 2972//4914 2970//4914 2973//4914
f 2972//4915 2973//4915 2974//4915
f 2975//4916 2976//4916 2977//4916
f 2977//4917 2976//4917 2978//4917
f 2977//4918 2978//4918 2979//4918
f 2979//4919 2978//4919 2973//4919
f 2973//4920 2978//4920 2980//4920
f 2973//4921 2980//4921 2974//4921
f 2981//4922 2982//4922 2983//4922
f 2983//4923 2982//4923 2984//4923
f 2983//4924 2984//4924 2985//4924
f 2985//4925 2984//4925 2975//4925
f 2985//4926 2975//4926 2986//4926
f 2986//4927 2975//4927 2977//4927
f 1527//4928 2952//4928 2987//4928
f 2987//4929 2952//4929 2988//4929
f 2987//4930 2988//4930 2989//4930
f 2989//4931 2988//4931 2990//4931
f 2989//4932 2990//4932 2991//4932
f 2991//4933 2990//4933 2981//4933
f 2991//4934 2981//4934 2992//4934
f 2992//4935 2981//4935 2983//4935
f 2964//4936 2966//4936 2970//4936
f 2970//4937 2966//4937 2969//4937
f 2970//4938 2969//4938 2993//4938
f 2993//4939 2994//4939 2970//4939
f 2970//4940 2994//4940 2995//4940
f 2970//4941 2995//4941 2973//4941
f 2973//4942 2995//4942 2996//4942
f 2973//4943 2996//4943 2979//4943
f 2997//4944 2998//4944 2999//4944
f 3000//4945 3001//4945 3002//4945
f 2999//4946 2998//4946 3003//4946
f 3004//4947 3005//4947 3006//4947
f 3004//4948 3006//4948 3007//4948
f 2997//4949 3008//4949 2998//4949
f 3009//4950 3010//4950 3011//4950
f 2802//4951 2844//4951 3012//4951
f 3013//4952 3014//4952 3015//4952
f 3016//4953 3017//4953 3018//4953
f 3019//4954 3020//4954 3021//4954
f 3022//4955 3023//4955 3024//4955
f 3025//4956 3026//4956 551//4956
f 554//4957 555//4957 3027//4957
f 565//4958 564//4958 3009//4958
f 593//4959 599//4959 3028//4959
f 3028//4960 599//4960 596//4960
f 3028//4961 596//4961 595//4961
f 587//4962 586//4962 3029//4962
f 3029//4963 586//4963 591//4963
f 3029//4964 591//4964 593//4964
f 3030//4965 582//4965 585//4965
f 585//4966 584//4966 3031//4966
f 3031//4967 584//4967 590//4967
f 3031//4968 590//4968 589//4968
f 3032//4969 575//4969 576//4969
f 577//4970 579//4970 3030//4970
f 3030//4971 579//4971 580//4971
f 3030//4972 580//4972 582//4972
f 566//4973 3010//4973 567//4973
f 567//4974 3010//4974 569//4974
f 566//4975 571//4975 3032//4975
f 3032//4976 571//4976 573//4976
f 3032//4977 573//4977 575//4977
f 564//4978 562//4978 3009//4978
f 3009//4979 562//4979 561//4979
f 3009//4980 561//4980 3010//4980
f 3010//4981 561//4981 570//4981
f 3010//4982 570//4982 569//4982
f 555//4983 557//4983 3027//4983
f 3027//4984 557//4984 560//4984
f 3027//4985 560//4985 3009//4985
f 3009//4986 560//4986 559//4986
f 3009//4987 559//4987 565//4987
f 3033//4988 550//4988 548//4988
f 548//4989 547//4989 3033//4989
f 3033//4990 547//4990 552//4990
f 3033//4991 552//4991 554//4991
f 541//4992 543//4992 3034//4992
f 3034//4993 543//4993 546//4993
f 3034//4994 546//4994 3026//4994
f 3026//4995 546//4995 545//4995
f 3026//4996 545//4996 551//4996
f 541//4997 3034//4997 540//4997
f 540//4998 3034//4998 3035//4998
f 540//4999 3035//4999 539//4999
f 3036//5000 3037//5000 532//5000
f 532//5001 531//5001 3036//5001
f 3036//5002 531//5002 536//5002
f 3036//5003 536//5003 3035//5003
f 3035//5004 536//5004 537//5004
f 3035//5005 537//5005 539//5005
f 3038//5006 527//5006 3039//5006
f 3039//5007 527//5007 534//5007
f 3039//5008 534//5008 3037//5008
f 3037//5009 534//5009 533//5009
f 3037//5010 533//5010 532//5010
f 419//5011 418//5011 3040//5011
f 3040//5012 418//5012 3041//5012
f 3041//5013 418//5013 530//5013
f 3041//5014 530//5014 3038//5014
f 3038//5015 530//5015 528//5015
f 3038//5016 528//5016 527//5016
f 516//5017 523//5017 3042//5017
f 3042//5018 523//5018 521//5018
f 3042//5019 521//5019 520//5019
f 419//5020 3040//5020 524//5020
f 524//5021 3040//5021 3043//5021
f 524//5022 3043//5022 525//5022
f 525//5023 3043//5023 3044//5023
f 525//5024 3044//5024 526//5024
f 526//5025 3044//5025 3045//5025
f 526//5026 3045//5026 520//5026
f 516//5027 3042//5027 517//5027
f 517//5028 3042//5028 3046//5028
f 517//5029 3046//5029 519//5029
f 515//5030 514//5030 3047//5030
f 3047//5031 514//5031 512//5031
f 3047//5032 512//5032 3046//5032
f 3046//5033 512//5033 511//5033
f 3046//5034 511//5034 519//5034
f 507//5035 3048//5035 508//5035
f 508//5036 3048//5036 510//5036
f 510//5037 3048//5037 503//5037
f 503//5038 3048//5038 3049//5038
f 503//5039 3049//5039 504//5039
f 501//5040 500//5040 3050//5040
f 3050//5041 500//5041 422//5041
f 3050//5042 422//5042 421//5042
f 504//5043 3049//5043 506//5043
f 506//5044 3049//5044 3051//5044
f 506//5045 3051//5045 421//5045
f 499//5046 498//5046 3052//5046
f 3052//5047 498//5047 502//5047
f 490//5048 489//5048 3053//5048
f 3053//5049 489//5049 496//5049
f 3053//5050 496//5050 3052//5050
f 3052//5051 496//5051 495//5051
f 3052//5052 495//5052 499//5052
f 3054//5053 493//5053 3053//5053
f 3053//5054 493//5054 492//5054
f 3053//5055 492//5055 490//5055
f 3055//5056 486//5056 3054//5056
f 3054//5057 486//5057 485//5057
f 3054//5058 485//5058 493//5058
f 425//5059 424//5059 3056//5059
f 3056//5060 424//5060 488//5060
f 3056//5061 488//5061 3055//5061
f 3055//5062 488//5062 487//5062
f 3055//5062 487//5062 486//5062
f 273//5063 275//5063 425//5063
f 268//5064 280//5064 3056//5064
f 280//5065 279//5065 3056//5065
f 3056//5066 279//5066 278//5066
f 3056//5067 278//5067 425//5067
f 425//5068 278//5068 274//5068
f 425//5069 274//5069 273//5069
f 263//5070 272//5070 3057//5070
f 3057//5071 272//5071 271//5071
f 3057//5072 271//5072 269//5072
f 258//5073 267//5073 3058//5073
f 3058//5074 267//5074 266//5074
f 3058//5075 266//5075 264//5075
f 262//5076 261//5076 3059//5076
f 3059//5077 261//5077 259//5077
f 252//5078 255//5078 3060//5078
f 3060//5079 255//5079 257//5079
f 251//5080 250//5080 3061//5080
f 3061//5081 250//5081 254//5081
f 3061//5082 254//5082 253//5082
f 2892//5083 2894//5083 3062//5083
f 3062//5084 2894//5084 2896//5084
f 3062//5084 2896//5084 2898//5084
f 2900//5085 246//5085 245//5085
f 248//5086 3062//5086 245//5086
f 245//5087 3062//5087 2898//5087
f 245//5088 2898//5088 2900//5088
f 2892//5089 3062//5089 2890//5089
f 2890//5090 3062//5090 3063//5090
f 2890//5091 3063//5091 2889//5091
f 3064//5092 2879//5092 2881//5092
f 2881//5093 2884//5093 3064//5093
f 3064//5094 2884//5094 2883//5094
f 3064//5095 2883//5095 3063//5095
f 3063//5096 2883//5096 2887//5096
f 3063//5097 2887//5097 2889//5097
f 2879//5098 3064//5098 2878//5098
f 2878//5099 3064//5099 3065//5099
f 2878//5100 3065//5100 2877//5100
f 3023//5101 3066//5101 3024//5101
f 3024//5102 3066//5102 2875//5102
f 3024//5103 2875//5103 3065//5103
f 3065//5104 2875//5104 2876//5104
f 3065//5105 2876//5105 2877//5105
f 3067//5106 3068//5106 3069//5106
f 3069//5107 3068//5107 3070//5107
f 3069//5108 3070//5108 3071//5108
f 3072//5109 3073//5109 3074//5109
f 3074//5110 3073//5110 3075//5110
f 3074//5111 3075//5111 3076//5111
f 3077//5112 3078//5112 3079//5112
f 3077//5113 3080//5113 3081//5113
f 3078//5114 3077//5114 3082//5114
f 3082//5115 3077//5115 3081//5115
f 3082//5116 3081//5116 3083//5116
f 3018//5117 3017//5117 3081//5117
f 3081//5118 3017//5118 3084//5118
f 3081//5119 3084//5119 3083//5119
f 3016//5120 3018//5120 3085//5120
f 3085//5121 3018//5121 3047//5121
f 3085//5122 3047//5122 3086//5122
f 3086//5123 3047//5123 3046//5123
f 3086//5124 3046//5124 3087//5124
f 520//5125 3045//5125 3042//5125
f 3042//5126 3045//5126 3088//5126
f 3042//5127 3088//5127 3046//5127
f 3046//5128 3088//5128 3089//5128
f 3046//5124 3089//5124 3087//5124
f 551//5129 550//5129 3025//5129
f 3025//5130 550//5130 3033//5130
f 3025//5131 3033//5131 3090//5131
f 3090//5132 3033//5132 3091//5132
f 554//5133 3027//5133 3033//5133
f 3033//5134 3027//5134 3092//5134
f 3033//5135 3092//5135 3091//5135
f 3093//5136 3094//5136 3095//5136
f 3095//5137 3094//5137 3096//5137
f 3095//5138 3096//5138 3097//5138
f 3011//5139 3098//5139 3099//5139
f 3100//5140 3101//5140 3102//5140
f 3102//5141 3101//5141 3103//5141
f 3102//5142 3103//5142 3098//5142
f 3098//5143 3103//5143 3104//5143
f 3098//5144 3104//5144 3099//5144
f 3105//5145 3106//5145 3107//5145
f 3107//5146 3106//5146 3108//5146
f 3109//5147 3110//5147 3111//5147
f 3111//5148 3110//5148 3112//5148
f 3111//5149 3112//5149 3105//5149
f 3105//5150 3112//5150 3113//5150
f 3105//5151 3113//5151 3106//5151
f 3114//5152 3109//5152 3115//5152
f 3115//5153 3109//5153 3116//5153
f 3015//5154 3014//5154 3117//5154
f 3014//5155 3118//5155 3117//5155
f 3117//5156 3118//5156 3119//5156
f 3117//5157 3119//5157 3115//5157
f 3115//5158 3119//5158 3120//5158
f 3115//5159 3120//5159 3114//5159
f 3121//5160 3122//5160 3123//5160
f 3121//5161 3123//5161 3124//5161
f 3125//5162 3126//5162 3121//5162
f 3121//5163 3126//5163 3127//5163
f 3121//5164 3127//5164 3122//5164
f 3128//5165 3129//5165 3130//5165
f 3130//5166 3131//5166 3128//5166
f 3128//5167 3131//5167 3132//5167
f 3128//5168 3132//5168 3125//5168
f 3125//5169 3132//5169 3133//5169
f 3125//5170 3133//5170 3126//5170
f 3134//5171 3135//5171 3136//5171
f 3136//5172 3135//5172 3137//5172
f 3136//5173 3137//5173 3129//5173
f 3129//5174 3137//5174 3138//5174
f 3129//5175 3138//5175 3130//5175
f 3139//5176 3140//5176 3134//5176
f 3139//5177 3134//5177 3141//5177
f 1511//5178 1510//5178 3142//5178
f 3140//5179 3139//5179 3142//5179
f 3142//5180 3139//5180 1512//5180
f 3142//5181 1512//5181 1511//5181
f 1515//5182 1517//5182 3139//5182
f 3139//5183 1517//5183 1514//5183
f 3139//5184 1514//5184 1512//5184
f 3143//5185 2816//5185 3012//5185
f 3012//5186 2816//5186 2815//5186
f 3012//5187 2815//5187 2802//5187
f 3144//5188 2818//5188 3143//5188
f 3143//5189 2818//5189 2817//5189
f 3143//5190 2817//5190 2816//5190
f 3145//5191 2820//5191 3144//5191
f 3144//5192 2820//5192 2819//5192
f 3144//5193 2819//5193 2818//5193
f 3146//5194 2798//5194 3145//5194
f 3145//5195 2798//5195 2799//5195
f 3145//5196 2799//5196 2820//5196
f 3147//5197 2800//5197 3146//5197
f 3146//5198 2800//5198 2797//5198
f 3146//5199 2797//5199 2798//5199
f 3148//5200 2854//5200 3147//5200
f 3147//5201 2854//5201 2801//5201
f 3147//5202 2801//5202 2800//5202
f 3149//5203 2856//5203 3148//5203
f 3148//5204 2856//5204 2855//5204
f 3148//5205 2855//5205 2854//5205
f 3150//5206 2858//5206 3149//5206
f 3149//5207 2858//5207 2857//5207
f 3149//5208 2857//5208 2856//5208
f 3151//5209 2839//5209 3150//5209
f 3150//5210 2839//5210 2859//5210
f 3150//5211 2859//5211 2858//5211
f 3152//5212 2852//5212 3151//5212
f 3151//5213 2852//5213 2840//5213
f 3151//5214 2840//5214 2839//5214
f 3153//5215 2841//5215 3152//5215
f 3152//5216 2841//5216 2853//5216
f 3152//5217 2853//5217 2852//5217
f 3154//5218 2813//5218 3153//5218
f 3153//5219 2813//5219 2842//5219
f 3153//5220 2842//5220 2841//5220
f 595//5221 2838//5221 3028//5221
f 3028//5222 2838//5222 2837//5222
f 3028//5223 2837//5223 3154//5223
f 3154//5224 2837//5224 2814//5224
f 3154//5225 2814//5225 2813//5225
f 257//5226 262//5226 3060//5226
f 3060//5227 262//5227 3059//5227
f 3060//5228 3059//5228 3155//5228
f 3155//5229 3059//5229 3156//5229
f 3155//5230 3156//5230 3157//5230
f 3157//5231 3156//5231 3158//5231
f 3072//5232 3067//5232 3073//5232
f 3073//5233 3067//5233 3069//5233
f 3073//5234 3069//5234 3159//5234
f 3159//5235 3069//5235 3071//5235
f 3159//5236 3071//5236 3158//5236
f 3158//5237 3071//5237 3160//5237
f 3158//5238 3160//5238 3157//5238
f 3070//5239 3019//5239 3071//5239
f 3071//5240 3019//5240 3021//5240
f 3071//5241 3021//5241 3160//5241
f 3160//5242 3021//5242 3161//5242
f 3160//5243 3161//5243 3157//5243
f 3157//5244 3161//5244 3162//5244
f 3157//5245 3162//5245 3155//5245
f 3155//5246 3162//5246 3163//5246
f 3155//5247 3163//5247 3060//5247
f 3060//5248 3163//5248 3061//5248
f 3060//5249 3061//5249 252//5249
f 252//5250 3061//5250 253//5250
f 248//5251 251//5251 3062//5251
f 3062//5252 251//5252 3061//5252
f 3062//5253 3061//5253 3063//5253
f 3063//5254 3061//5254 3163//5254
f 3063//5255 3163//5255 3064//5255
f 3064//5256 3163//5256 3162//5256
f 3064//5257 3162//5257 3065//5257
f 3065//5258 3162//5258 3161//5258
f 3065//5259 3161//5259 3024//5259
f 3024//5260 3161//5260 3021//5260
f 3024//5261 3021//5261 3022//5261
f 3022//5262 3021//5262 3020//5262
f 3099//5263 3093//5263 3011//5263
f 3011//5264 3093//5264 3095//5264
f 3011//5265 3095//5265 3009//5265
f 3009//5266 3095//5266 3097//5266
f 3009//5267 3097//5267 3027//5267
f 3027//5268 3097//5268 3164//5268
f 3027//5269 3164//5269 3092//5269
f 566//5270 3032//5270 3010//5270
f 3010//5271 3032//5271 3165//5271
f 3010//5272 3165//5272 3011//5272
f 3011//5273 3165//5273 3166//5273
f 3011//5274 3166//5274 3098//5274
f 3098//5275 3166//5275 3107//5275
f 3098//5276 3107//5276 3102//5276
f 3102//5277 3107//5277 3108//5277
f 3102//5278 3108//5278 3100//5278
f 3109//5279 3111//5279 3116//5279
f 3116//5280 3111//5280 3105//5280
f 3116//5281 3105//5281 3167//5281
f 3167//5282 3105//5282 3107//5282
f 3167//5283 3107//5283 3168//5283
f 3168//5284 3107//5284 3166//5284
f 3168//5285 3166//5285 3169//5285
f 3169//5286 3166//5286 3165//5286
f 3169//5287 3165//5287 3170//5287
f 3170//5288 3165//5288 3032//5288
f 3170//5289 3032//5289 3030//5289
f 3030//5290 3032//5290 576//5290
f 3030//5291 576//5291 577//5291
f 585//5292 3031//5292 3030//5292
f 3030//5293 3031//5293 3171//5293
f 3030//5294 3171//5294 3170//5294
f 3170//5295 3171//5295 3172//5295
f 3170//5296 3172//5296 3169//5296
f 3169//5297 3172//5297 3173//5297
f 3169//5298 3173//5298 3168//5298
f 3168//5299 3173//5299 3174//5299
f 3168//5300 3174//5300 3167//5300
f 3167//5301 3174//5301 3175//5301
f 3167//5302 3175//5302 3116//5302
f 3116//5303 3175//5303 3176//5303
f 3116//5304 3176//5304 3115//5304
f 3115//5305 3176//5305 3177//5305
f 3115//5306 3177//5306 3117//5306
f 3117//5307 3177//5307 3124//5307
f 3117//5308 3124//5308 3015//5308
f 3015//5309 3124//5309 3123//5309
f 3015//5310 3123//5310 3013//5310
f 593//5311 3028//5311 3029//5311
f 3029//5312 3028//5312 3154//5312
f 3029//5313 3154//5313 3178//5313
f 3178//5314 3154//5314 3153//5314
f 3178//5315 3153//5315 3179//5315
f 3179//5316 3153//5316 3152//5316
f 3179//5317 3152//5317 3180//5317
f 3180//5318 3152//5318 3151//5318
f 3180//5319 3151//5319 3181//5319
f 3181//5320 3151//5320 3150//5320
f 3181//5321 3150//5321 3182//5321
f 3182//5322 3150//5322 3149//5322
f 3182//5323 3149//5323 3183//5323
f 3183//5324 3149//5324 3148//5324
f 3183//5325 3148//5325 3184//5325
f 3184//5326 3148//5326 3147//5326
f 3184//5327 3147//5327 3185//5327
f 3185//5328 3147//5328 3146//5328
f 3185//5329 3146//5329 3186//5329
f 3186//5330 3146//5330 3145//5330
f 3186//5331 3145//5331 3187//5331
f 3187//5332 3145//5332 3144//5332
f 3187//5333 3144//5333 3188//5333
f 3188//5334 3144//5334 3143//5334
f 3188//5335 3143//5335 3189//5335
f 3189//5336 3143//5336 3012//5336
f 3189//5337 3012//5337 3141//5337
f 3141//5338 3012//5338 2844//5338
f 3141//5339 2844//5339 3139//5339
f 3139//5340 2844//5340 2843//5340
f 3139//5341 2843//5341 1515//5341
f 3134//5342 3136//5342 3141//5342
f 3141//5343 3136//5343 3129//5343
f 3141//5344 3129//5344 3189//5344
f 3189//5345 3129//5345 3128//5345
f 3189//5346 3128//5346 3188//5346
f 3188//5347 3128//5347 3125//5347
f 3188//5348 3125//5348 3187//5348
f 3187//5349 3125//5349 3121//5349
f 3187//5350 3121//5350 3186//5350
f 3186//5351 3121//5351 3124//5351
f 3186//5352 3124//5352 3185//5352
f 3185//5353 3124//5353 3177//5353
f 3185//5354 3177//5354 3184//5354
f 3184//5355 3177//5355 3176//5355
f 3184//5356 3176//5356 3183//5356
f 3183//5357 3176//5357 3175//5357
f 3183//5358 3175//5358 3182//5358
f 3182//5359 3175//5359 3174//5359
f 3182//5360 3174//5360 3181//5360
f 3181//5361 3174//5361 3173//5361
f 3181//5362 3173//5362 3180//5362
f 3180//5363 3173//5363 3172//5363
f 3180//5364 3172//5364 3179//5364
f 3179//5365 3172//5365 3171//5365
f 3179//5366 3171//5366 3178//5366
f 3178//5367 3171//5367 3031//5367
f 3178//5368 3031//5368 3029//5368
f 3029//5369 3031//5369 589//5369
f 3029//5370 589//5370 587//5370
f 3080//5371 3051//5371 3081//5371
f 3081//5372 3051//5372 3049//5372
f 3081//5373 3049//5373 3018//5373
f 3018//5374 3049//5374 3048//5374
f 3018//5375 3048//5375 3047//5375
f 3047//5376 3048//5376 507//5376
f 3047//5377 507//5377 515//5377
f 3052//5378 3190//5378 3053//5378
f 3053//5379 3190//5379 3191//5379
f 3053//5380 3191//5380 3054//5380
f 3054//5381 3191//5381 3192//5381
f 3054//5382 3192//5382 3055//5382
f 3055//5383 3192//5383 3193//5383
f 3055//5384 3193//5384 3056//5384
f 3056//5385 3193//5385 3057//5385
f 3056//5386 3057//5386 268//5386
f 268//5387 3057//5387 269//5387
f 3190//5388 3194//5388 3191//5388
f 3191//5389 3194//5389 3195//5389
f 3191//5390 3195//5390 3192//5390
f 3192//5391 3195//5391 3196//5391
f 3192//5392 3196//5392 3193//5392
f 3193//5393 3196//5393 3197//5393
f 3193//5394 3197//5394 3057//5394
f 3057//5395 3197//5395 3058//5395
f 3057//5396 3058//5396 263//5396
f 263//5397 3058//5397 264//5397
f 421//5398 3051//5398 3050//5398
f 3050//5399 3051//5399 3080//5399
f 3050//5400 3080//5400 3198//5400
f 3198//5401 3080//5401 3077//5401
f 3198//5402 3077//5402 3075//5402
f 3075//5403 3077//5403 3079//5403
f 3075//5404 3079//5404 3076//5404
f 259//5405 258//5405 3059//5405
f 3059//5406 258//5406 3058//5406
f 3059//5407 3058//5407 3156//5407
f 3156//5408 3058//5408 3197//5408
f 3156//5409 3197//5409 3158//5409
f 3158//5410 3197//5410 3196//5410
f 3158//5411 3196//5411 3159//5411
f 3159//5412 3196//5412 3195//5412
f 3159//5413 3195//5413 3073//5413
f 3073//5414 3195//5414 3194//5414
f 3073//5415 3194//5415 3075//5415
f 3075//5416 3194//5416 3190//5416
f 3075//5417 3190//5417 3198//5417
f 3198//5418 3190//5418 3052//5418
f 3198//5419 3052//5419 3050//5419
f 3050//5420 3052//5420 502//5420
f 3050//5421 502//5421 501//5421
f 3199//5422 3200//5422 3201//5422
f 1519//5423 1518//5423 3202//5423
f 1519//5424 3202//5424 1513//5424
f 3203//5425 3204//5425 3205//5425
f 3205//5426 3204//5426 3206//5426
f 1509//5427 1508//5427 3207//5427
f 3207//5428 1508//5428 1513//5428
f 3207//5429 1513//5429 3208//5429
f 3208//5430 1513//5430 3202//5430
f 3208//5431 3202//5431 3209//5431
f 3209//5432 3202//5432 3206//5432
f 3210//5433 3211//5433 3212//5433
f 3212//5434 3211//5434 3213//5434
f 3214//5435 3215//5435 3213//5435
f 3213//5436 3215//5436 3216//5436
f 3213//5437 3216//5437 3212//5437
f 3201//5438 3200//5438 3217//5438
f 3200//5439 3218//5439 3217//5439
f 3217//5440 3218//5440 3219//5440
f 3217//5441 3219//5441 3220//5441
f 3220//5442 3219//5442 3221//5442
f 3220//5443 3221//5443 3214//5443
f 3222//5444 3223//5444 3224//5444
f 3224//5445 3223//5445 3225//5445
f 3225//5446 3226//5446 3224//5446
f 3224//5447 3226//5447 3227//5447
f 3224//5448 3227//5448 3201//5448
f 3201//5449 3227//5449 3228//5449
f 3201//5450 3228//5450 3199//5450
f 3229//5451 3230//5451 3231//5451
f 3231//5452 3230//5452 3232//5452
f 3231//5453 3232//5453 3222//5453
f 3222//5454 3232//5454 3233//5454
f 3222//5455 3233//5455 3223//5455
f 3234//5456 3235//5456 3236//5456
f 3236//5457 3235//5457 3229//5457
f 3237//5458 3238//5458 3239//5458
f 3239//5459 3238//5459 3240//5459
f 3239//5460 3240//5460 3241//5460
f 3241//5461 3240//5461 3242//5461
f 3241//5462 3242//5462 3243//5462
f 3237//5463 3244//5463 3245//5463
f 3245//5464 3244//5464 3246//5464
f 3245//5465 3246//5465 3247//5465
f 2865//5466 2869//5466 3246//5466
f 3246//5467 2869//5467 2868//5467
f 3246//5466 2868//5466 2863//5466
f 3247//5468 3246//5468 3248//5468
f 3248//5469 3246//5469 2863//5469
f 3248//5470 2863//5470 2861//5470
f 2790//5471 2766//5471 2865//5471
f 2790//5472 2865//5472 2791//5472
f 2791//5473 2865//5473 3246//5473
f 2791//5474 3246//5474 2792//5474
f 2792//5475 3246//5475 3244//5475
f 2792//5476 3244//5476 2804//5476
f 3237//5477 3239//5477 3244//5477
f 3244//5478 3239//5478 2805//5478
f 3244//5479 2805//5479 2804//5479
f 2835//5480 2834//5480 3241//5480
f 3241//5481 2834//5481 2807//5481
f 3241//5482 2807//5482 3239//5482
f 3239//5483 2807//5483 2806//5483
f 3239//5484 2806//5484 2805//5484
f 2836//5485 2835//5485 3236//5485
f 3236//5486 2835//5486 3241//5486
f 3236//5487 3241//5487 3234//5487
f 3234//5488 3241//5488 3243//5488
f 3229//5489 3231//5489 3236//5489
f 3236//5490 3231//5490 2830//5490
f 3236//5491 2830//5491 2836//5491
f 2826//5492 2833//5492 3222//5492
f 3222//5493 2833//5493 2832//5493
f 3222//5494 2832//5494 3231//5494
f 3231//5495 2832//5495 2831//5495
f 3231//5496 2831//5496 2830//5496
f 2826//5497 3222//5497 2827//5497
f 2827//5498 3222//5498 3224//5498
f 2827//5499 3224//5499 2828//5499
f 2828//5500 3224//5500 2829//5500
f 2829//5501 3224//5501 3201//5501
f 2829//5502 3201//5502 2849//5502
f 2849//5503 3201//5503 2850//5503
f 2850//5504 3201//5504 3217//5504
f 2850//5505 3217//5505 2851//5505
f 2851//5506 3217//5506 2845//5506
f 2845//5507 3217//5507 3220//5507
f 2845//5508 3220//5508 2846//5508
f 3214//5509 3213//5509 3220//5509
f 3220//5510 3213//5510 2847//5510
f 3220//5511 2847//5511 2846//5511
f 2824//5512 2823//5512 3211//5512
f 3211//5513 2823//5513 2822//5513
f 3211//5514 2822//5514 3213//5514
f 3213//5515 2822//5515 2848//5515
f 3213//5516 2848//5516 2847//5516
f 2825//5517 2824//5517 3205//5517
f 3205//5518 2824//5518 3211//5518
f 3205//5519 3211//5519 3203//5519
f 3203//5520 3211//5520 3210//5520
f 3206//5521 3202//5521 3205//5521
f 3205//5522 3202//5522 2803//5522
f 3205//5523 2803//5523 2825//5523
f 1516//5524 2821//5524 1518//5524
f 1518//5525 2821//5525 2780//5525
f 1518//5526 2780//5526 3202//5526
f 3202//5527 2780//5527 2779//5527
f 3202//5528 2779//5528 2803//5528
f 1803//5529 1813//5529 3249//5529
f 1850//5530 1848//5530 3250//5530
f 2985//5531 2986//5531 3251//5531
f 3252//5532 3253//5532 3254//5532
f 3254//5533 3253//5533 3255//5533
f 3256//5534 3257//5534 3258//5534
f 3259//5535 3260//5535 3261//5535
f 3262//5536 3263//5536 3264//5536
f 3265//5537 2860//5537 2862//5537
f 3266//5538 3267//5538 3268//5538
f 3268//5539 3267//5539 3269//5539
f 3269//5540 3267//5540 3270//5540
f 3270//5541 3267//5541 3271//5541
f 3270//5542 3271//5542 3272//5542
f 3272//5543 3271//5543 3273//5543
f 3273//5544 3271//5544 3274//5544
f 3273//5545 3274//5545 3275//5545
f 3275//5546 3274//5546 3276//5546
f 3276//5547 3274//5547 3277//5547
f 3276//5548 3277//5548 3278//5548
f 3278//5549 3277//5549 3279//5549
f 3279//5550 3277//5550 3280//5550
f 3279//5551 3280//5551 3281//5551
f 3282//5552 3283//5552 3284//5552
f 3284//5553 3283//5553 3285//5553
f 3285//5554 3283//5554 3286//5554
f 3286//5555 3283//5555 3287//5555
f 3286//5556 3287//5556 3288//5556
f 3288//5557 3287//5557 3289//5557
f 3289//5558 3287//5558 3290//5558
f 3289//5559 3290//5559 3291//5559
f 3292//5560 3293//5560 3294//5560
f 3294//5561 3293//5561 3295//5561
f 3295//5561 3293//5561 3296//5561
f 3296//5562 3293//5562 3297//5562
f 3296//5563 3297//5563 3298//5563
f 3298//5564 3297//5564 3299//5564
f 3299//5565 3297//5565 3300//5565
f 3299//5566 3300//5566 3263//5566
f 3301//5567 3302//5567 3264//5567
f 3264//5568 3302//5568 3303//5568
f 3264//5569 3303//5569 3262//5569
f 3249//5570 3304//5570 3305//5570
f 3305//5571 3306//5571 3249//5571
f 3249//5572 3306//5572 3307//5572
f 3249//5573 3307//5573 3308//5573
f 3308//5574 3307//5574 3309//5574
f 3308//5575 3309//5575 3261//5575
f 3261//5576 3309//5576 3310//5576
f 3261//5577 3310//5577 3259//5577
f 1817//5578 1815//5578 3311//5578
f 1817//5579 3311//5579 1818//5579
f 1818//5580 3311//5580 3312//5580
f 1818//5581 3312//5581 3304//5581
f 3304//5582 3312//5582 3313//5582
f 3304//5583 3313//5583 3305//5583
f 1815//5584 1814//5584 3311//5584
f 3311//5585 1814//5585 1820//5585
f 3311//5586 1820//5586 3314//5586
f 3314//5587 1820//5587 1819//5587
f 3314//5588 1819//5588 3315//5588
f 3315//5589 1819//5589 1822//5589
f 1822//5590 1826//5590 3315//5590
f 3315//5591 1826//5591 1824//5591
f 3315//5592 1824//5592 3316//5592
f 3316//5593 1824//5593 1823//5593
f 1823//5594 2148//5594 3316//5594
f 3316//5595 2148//5595 1832//5595
f 3316//5596 1832//5596 3317//5596
f 3317//5597 1832//5597 1831//5597
f 3317//5598 1831//5598 3318//5598
f 3318//5599 1831//5599 1830//5599
f 3318//5600 1830//5600 3319//5600
f 3319//5601 1830//5601 1828//5601
f 1834//5602 1833//5602 3320//5602
f 1828//5603 1827//5603 3319//5603
f 3319//5604 1827//5604 1834//5604
f 3319//5605 1834//5605 3321//5605
f 3321//5606 1834//5606 3320//5606
f 1833//5607 1836//5607 3320//5607
f 3320//5608 1836//5608 1842//5608
f 3320//5609 1842//5609 3322//5609
f 3322//5610 1842//5610 3323//5610
f 1842//5611 1841//5611 3323//5611
f 3323//5612 1841//5612 1840//5612
f 3323//5613 1840//5613 3324//5613
f 3324//5614 1840//5614 3325//5614
f 3325//5615 1840//5615 1838//5615
f 3325//5616 1838//5616 1837//5616
f 3258//5617 3326//5617 3327//5617
f 3327//5618 3326//5618 3328//5618
f 3327//5619 3328//5619 3250//5619
f 3250//5620 3328//5620 3329//5620
f 3250//5621 3329//5621 3325//5621
f 3325//5622 3329//5622 3330//5622
f 3325//5623 3330//5623 3324//5623
f 3257//5624 3331//5624 3258//5624
f 3258//5625 3331//5625 3332//5625
f 3258//5626 3332//5626 3326//5626
f 3333//5627 3334//5627 3335//5627
f 3335//5628 3334//5628 3336//5628
f 3337//5629 3338//5629 3335//5629
f 3335//5630 3338//5630 3339//5630
f 3335//5631 3339//5631 3333//5631
f 3340//5632 3341//5632 3342//5632
f 3343//5633 3252//5633 3344//5633
f 3344//5634 3252//5634 3254//5634
f 3344//5635 3254//5635 3340//5635
f 3340//5636 3254//5636 3255//5636
f 3340//5637 3255//5637 3341//5637
f 3345//5638 3346//5638 3347//5638
f 3348//5639 2993//5639 2969//5639
f 3348//5640 2969//5640 3349//5640
f 3349//5641 2969//5641 2968//5641
f 3349//5642 2968//5642 3350//5642
f 2977//5643 2979//5643 3351//5643
f 2979//5644 2996//5644 3351//5644
f 3351//5645 2996//5645 2995//5645
f 3351//5646 2995//5646 3348//5646
f 3348//5647 2995//5647 2994//5647
f 3348//5648 2994//5648 2993//5648
f 3352//5649 2991//5649 2992//5649
f 2985//5650 3251//5650 2983//5650
f 1528//5651 1527//5651 2987//5651
f 1608//5652 1612//5652 3352//5652
f 3352//5653 1612//5653 1611//5653
f 3352//5654 1611//5654 1528//5654
f 1528//5655 2987//5655 3352//5655
f 3352//5656 2987//5656 2989//5656
f 3352//5656 2989//5656 2991//5656
f 1607//5657 1610//5657 3353//5657
f 3353//5658 1610//5658 1609//5658
f 3353//5659 1609//5659 1608//5659
f 1605//5660 3354//5660 1600//5660
f 1600//5661 3354//5661 1601//5661
f 1603//5662 3355//5662 1604//5662
f 1604//5663 3355//5663 1595//5663
f 1594//5664 1599//5664 3356//5664
f 3356//5665 1599//5665 1598//5665
f 3356//5666 1598//5666 1596//5666
f 1589//5667 1588//5667 3357//5667
f 3357//5668 1588//5668 1587//5668
f 3357//5669 1587//5669 1592//5669
f 1590//5670 3358//5670 1591//5670
f 1591//5671 3358//5671 1579//5671
f 1886//5672 1583//5672 1582//5672
f 1582//5673 1580//5673 1886//5673
f 1886//5674 1580//5674 1579//5674
f 1886//5675 1579//5675 1888//5675
f 1888//5676 1579//5676 3358//5676
f 1888//5677 3358//5677 1889//5677
f 1889//5678 3358//5678 1879//5678
f 1882//5679 1880//5679 3359//5679
f 1875//5680 1874//5680 3360//5680
f 3360//5681 1874//5681 1883//5681
f 1868//5682 1867//5682 3361//5682
f 3361//5683 1867//5683 1878//5683
f 3361//5684 1878//5684 1877//5684
f 1865//5685 1873//5685 3362//5685
f 3362//5686 1873//5686 1872//5686
f 3362//5687 1872//5687 1870//5687
f 1863//5688 1866//5688 3363//5688
f 1863//5689 3363//5689 1860//5689
f 1857//5690 1856//5690 3364//5690
f 3364//5691 1856//5691 1859//5691
f 1854//5692 1852//5692 3365//5692
f 3365//5693 1852//5693 1851//5693
f 3250//5694 1848//5694 3327//5694
f 3327//5695 1848//5695 1847//5695
f 3327//5696 1847//5696 1855//5696
f 1837//5697 1846//5697 3325//5697
f 3325//5698 1846//5698 1844//5698
f 3325//5699 1844//5699 3250//5699
f 3250//5700 1844//5700 1843//5700
f 3250//5701 1843//5701 1850//5701
f 3249//5702 1813//5702 3304//5702
f 3304//5703 1813//5703 1812//5703
f 3304//5704 1812//5704 1811//5704
f 1811//5705 1707//5705 3304//5705
f 3304//5706 1707//5706 1706//5706
f 3304//5707 1706//5707 1818//5707
f 1808//5708 1806//5708 3308//5708
f 3308//5709 1806//5709 3249//5709
f 3249//5710 1806//5710 1804//5710
f 3249//5711 1804//5711 1803//5711
f 1799//5712 1798//5712 3308//5712
f 3308//5713 1798//5713 1809//5713
f 3308//5714 1809//5714 1808//5714
f 3366//5715 1801//5715 1799//5715
f 1794//5716 1795//5716 3366//5716
f 1795//5717 1797//5717 3366//5717
f 3366//5718 1797//5718 1802//5718
f 3366//5719 1802//5719 1801//5719
f 1790//5720 1788//5720 3367//5720
f 3368//5721 1791//5721 1790//5721
f 1788//5722 1786//5722 3367//5722
f 3367//5723 1786//5723 1785//5723
f 3367//5724 1785//5724 1792//5724
f 1783//5725 1781//5725 3368//5725
f 3368//5726 1781//5726 1780//5726
f 3368//5727 1780//5727 1791//5727
f 1772//5728 1777//5728 3369//5728
f 3369//5729 1777//5729 1779//5729
f 3369//5730 1779//5730 1784//5730
f 1776//5731 1775//5731 3370//5731
f 3370//5732 1775//5732 1773//5732
f 3370//5733 1773//5733 1772//5733
f 1768//5734 1769//5734 3371//5734
f 3371//5735 1769//5735 1770//5735
f 3371//5736 1770//5736 1771//5736
f 3372//5737 2776//5737 3371//5737
f 3371//5738 2776//5738 2789//5738
f 3371//5739 2789//5739 1768//5739
f 3373//5740 2778//5740 3372//5740
f 3372//5741 2778//5741 2777//5741
f 3372//5742 2777//5742 2776//5742
f 3374//5743 2784//5743 3373//5743
f 3373//5744 2784//5744 2785//5744
f 3373//5745 2785//5745 2778//5745
f 3375//5746 2786//5746 3374//5746
f 3374//5747 2786//5747 2783//5747
f 3374//5748 2783//5748 2784//5748
f 3376//5749 2788//5749 3375//5749
f 3375//5750 2788//5750 2787//5750
f 3375//5751 2787//5751 2786//5751
f 3377//5752 2811//5752 3376//5752
f 3376//5753 2811//5753 2810//5753
f 3376//5754 2810//5754 2788//5754
f 3378//5755 2793//5755 3377//5755
f 3377//5756 2793//5756 2812//5756
f 3377//5757 2812//5757 2811//5757
f 3379//5758 2795//5758 3378//5758
f 3378//5759 2795//5759 2794//5759
f 3378//5760 2794//5760 2793//5760
f 3380//5761 2781//5761 3379//5761
f 3379//5762 2781//5762 2796//5762
f 3379//5763 2796//5763 2795//5763
f 3381//5764 2808//5764 3380//5764
f 3380//5765 2808//5765 2782//5765
f 3380//5766 2782//5766 2781//5766
f 3382//5767 2768//5767 3381//5767
f 3381//5768 2768//5768 2809//5768
f 3381//5769 2809//5769 2808//5769
f 3383//5770 2770//5770 3382//5770
f 3382//5771 2770//5771 2769//5771
f 3382//5772 2769//5772 2768//5772
f 3384//5773 2772//5773 3383//5773
f 3383//5774 2772//5774 2771//5774
f 3383//5775 2771//5775 2770//5775
f 2775//5776 2774//5776 3384//5776
f 3384//5777 2774//5777 2773//5777
f 3384//5778 2773//5778 2772//5778
f 3265//5779 2862//5779 3385//5779
f 3385//5780 2862//5780 2864//5780
f 3385//5780 2864//5780 2867//5780
f 2867//5781 2866//5781 3385//5781
f 3385//5782 2866//5782 2765//5782
f 3385//5783 2765//5783 2767//5783
f 3346//5784 3343//5784 3347//5784
f 3347//5785 3343//5785 3344//5785
f 3347//5786 3344//5786 3386//5786
f 1608//5787 3352//5787 3353//5787
f 3353//5788 3352//5788 3387//5788
f 3353//5789 3387//5789 3388//5789
f 3388//5790 3387//5790 3389//5790
f 3388//5791 3389//5791 3390//5791
f 3350//5792 3345//5792 3349//5792
f 3349//5793 3345//5793 3347//5793
f 3349//5794 3347//5794 3348//5794
f 3348//5795 3347//5795 3386//5795
f 3348//5796 3386//5796 3351//5796
f 1799//5797 3308//5797 3366//5797
f 3366//5798 3308//5798 3261//5798
f 3366//5799 3261//5799 3391//5799
f 3391//5800 3261//5800 3260//5800
f 3391//5801 3260//5801 3301//5801
f 3301//5802 3260//5802 3392//5802
f 3301//5803 3392//5803 3302//5803
f 3263//5804 3300//5804 3264//5804
f 3264//5805 3300//5805 3393//5805
f 3264//5806 3393//5806 3301//5806
f 3301//5807 3393//5807 3394//5807
f 3301//5808 3394//5808 3391//5808
f 3391//5809 3394//5809 3367//5809
f 3391//5810 3367//5810 3366//5810
f 3366//5811 3367//5811 1792//5811
f 3366//5812 1792//5812 1794//5812
f 1790//5813 3367//5813 3368//5813
f 3368//5814 3367//5814 3394//5814
f 3368//5815 3394//5815 3395//5815
f 3395//5816 3394//5816 3393//5816
f 3395//5817 3393//5817 3396//5817
f 3396//5818 3393//5818 3300//5818
f 3396//5819 3300//5819 3397//5819
f 3397//5820 3300//5820 3297//5820
f 3397//5821 3297//5821 3398//5821
f 3398//5822 3297//5822 3293//5822
f 3398//5823 3293//5823 3399//5823
f 3399//5824 3293//5824 3292//5824
f 3399//5825 3292//5825 3290//5825
f 3290//5826 3292//5826 3400//5826
f 3290//5827 3400//5827 3291//5827
f 3281//5828 3280//5828 3282//5828
f 3282//5829 3280//5829 3401//5829
f 3282//5830 3401//5830 3283//5830
f 3283//5831 3401//5831 3402//5831
f 3283//5832 3402//5832 3287//5832
f 3287//5833 3402//5833 3403//5833
f 3287//5834 3403//5834 3290//5834
f 3290//5835 3403//5835 3404//5835
f 3290//5836 3404//5836 3399//5836
f 3399//5837 3404//5837 3405//5837
f 3399//5838 3405//5838 3398//5838
f 3398//5839 3405//5839 3406//5839
f 3398//5840 3406//5840 3397//5840
f 3397//5841 3406//5841 3407//5841
f 3397//5842 3407//5842 3396//5842
f 3396//5843 3407//5843 3408//5843
f 3396//5844 3408//5844 3395//5844
f 3395//5845 3408//5845 3369//5845
f 3395//5846 3369//5846 3368//5846
f 3368//5847 3369//5847 1784//5847
f 3368//5848 1784//5848 1783//5848
f 2767//5849 2775//5849 3385//5849
f 3385//5850 2775//5850 3384//5850
f 3385//5851 3384//5851 3409//5851
f 3409//5852 3384//5852 3383//5852
f 3409//5853 3383//5853 3410//5853
f 3410//5854 3383//5854 3382//5854
f 3410//5855 3382//5855 3411//5855
f 3411//5856 3382//5856 3381//5856
f 3411//5857 3381//5857 3412//5857
f 3412//5858 3381//5858 3380//5858
f 3412//5859 3380//5859 3413//5859
f 3413//5860 3380//5860 3379//5860
f 3413//5861 3379//5861 3414//5861
f 3414//5862 3379//5862 3378//5862
f 3414//5863 3378//5863 3415//5863
f 3415//5864 3378//5864 3377//5864
f 3415//5865 3377//5865 3416//5865
f 3416//5866 3377//5866 3376//5866
f 3416//5867 3376//5867 3417//5867
f 3417//5868 3376//5868 3375//5868
f 3417//5869 3375//5869 3418//5869
f 3418//5870 3375//5870 3374//5870
f 3418//5871 3374//5871 3419//5871
f 3419//5872 3374//5872 3373//5872
f 3419//5873 3373//5873 3420//5873
f 3420//5874 3373//5874 3372//5874
f 3420//5875 3372//5875 3421//5875
f 3421//5876 3372//5876 3371//5876
f 3421//5877 3371//5877 3370//5877
f 3370//5878 3371//5878 1771//5878
f 3370//5879 1771//5879 1776//5879
f 1772//5880 3369//5880 3370//5880
f 3370//5881 3369//5881 3408//5881
f 3370//5882 3408//5882 3421//5882
f 3421//5883 3408//5883 3407//5883
f 3421//5884 3407//5884 3420//5884
f 3420//5885 3407//5885 3406//5885
f 3420//5886 3406//5886 3419//5886
f 3419//5887 3406//5887 3405//5887
f 3419//5888 3405//5888 3418//5888
f 3418//5889 3405//5889 3404//5889
f 3418//5890 3404//5890 3417//5890
f 3417//5891 3404//5891 3403//5891
f 3417//5892 3403//5892 3416//5892
f 3416//5893 3403//5893 3402//5893
f 3416//5894 3402//5894 3415//5894
f 3415//5895 3402//5895 3401//5895
f 3415//5896 3401//5896 3414//5896
f 3414//5897 3401//5897 3280//5897
f 3414//5898 3280//5898 3413//5898
f 3413//5899 3280//5899 3277//5899
f 3413//5900 3277//5900 3412//5900
f 3412//5901 3277//5901 3274//5901
f 3412//5902 3274//5902 3411//5902
f 3411//5903 3274//5903 3271//5903
f 3411//5904 3271//5904 3410//5904
f 3410//5905 3271//5905 3267//5905
f 3410//5906 3267//5906 3409//5906
f 3409//5907 3267//5907 3266//5907
f 3409//5908 3266//5908 3385//5908
f 3385//5909 3266//5909 3422//5909
f 3385//5910 3422//5910 3265//5910
f 1880//5911 1879//5911 3359//5911
f 3359//5912 1879//5912 3358//5912
f 3359//5913 3358//5913 3357//5913
f 3357//5914 3358//5914 1590//5914
f 3357//5915 1590//5915 1589//5915
f 1855//5916 1854//5916 3327//5916
f 3327//5917 1854//5917 3365//5917
f 3327//5918 3365//5918 3258//5918
f 3258//5919 3365//5919 3336//5919
f 3258//5920 3336//5920 3256//5920
f 3256//5921 3336//5921 3334//5921
f 1883//5922 1882//5922 3360//5922
f 3360//5923 1882//5923 3359//5923
f 3360//5924 3359//5924 3423//5924
f 3423//5925 3359//5925 3357//5925
f 3423//5926 3357//5926 3356//5926
f 3356//5927 3357//5927 1592//5927
f 3356//5928 1592//5928 1594//5928
f 1877//5929 1875//5929 3361//5929
f 3361//5930 1875//5930 3360//5930
f 3361//5931 3360//5931 3424//5931
f 3424//5932 3360//5932 3423//5932
f 3424//5933 3423//5933 3425//5933
f 3425//5934 3423//5934 3356//5934
f 3425//5935 3356//5935 3355//5935
f 3355//5936 3356//5936 1596//5936
f 3355//5937 1596//5937 1595//5937
f 1870//5938 1868//5938 3362//5938
f 3362//5939 1868//5939 3361//5939
f 3362//5940 3361//5940 3426//5940
f 3426//5931 3361//5931 3424//5931
f 3426//5941 3424//5941 3427//5941
f 3427//5942 3424//5942 3425//5942
f 3427//5943 3425//5943 3428//5943
f 3428//5944 3425//5944 3355//5944
f 3428//5945 3355//5945 3354//5945
f 3354//5946 3355//5946 1603//5946
f 3354//5947 1603//5947 1601//5947
f 1866//5948 1865//5948 3363//5948
f 3363//5949 1865//5949 3362//5949
f 3363//5950 3362//5950 3429//5950
f 3429//5951 3362//5951 3426//5951
f 3429//5952 3426//5952 3430//5952
f 3430//5953 3426//5953 3427//5953
f 3430//5954 3427//5954 3390//5954
f 3390//5955 3427//5955 3428//5955
f 3390//5956 3428//5956 3388//5956
f 3388//5957 3428//5957 3354//5957
f 3388//5958 3354//5958 3353//5958
f 3353//5959 3354//5959 1605//5959
f 3353//5960 1605//5960 1607//5960
f 1851//5961 1857//5961 3365//5961
f 3365//5962 1857//5962 3364//5962
f 3365//5963 3364//5963 3336//5963
f 3336//5964 3364//5964 3431//5964
f 3336//5965 3431//5965 3335//5965
f 3335//5966 3431//5966 3432//5966
f 3335//5967 3432//5967 3337//5967
f 3337//5968 3432//5968 3340//5968
f 3337//5969 3340//5969 3433//5969
f 3433//5970 3340//5970 3342//5970
f 1859//5971 1861//5971 3364//5971
f 3364//5972 1861//5972 3434//5972
f 3364//5973 3434//5973 3431//5973
f 3431//5974 3434//5974 3435//5974
f 3431//5975 3435//5975 3432//5975
f 3432//5976 3435//5976 3436//5976
f 3432//5977 3436//5977 3340//5977
f 3340//5978 3436//5978 3437//5978
f 3340//5979 3437//5979 3344//5979
f 3344//5980 3437//5980 3438//5980
f 3344//5981 3438//5981 3386//5981
f 3386//5982 3438//5982 3439//5982
f 3386//5983 3439//5983 3351//5983
f 3351//5984 3439//5984 3251//5984
f 3351//5985 3251//5985 2977//5985
f 2977//5986 3251//5986 2986//5986
f 2992//5987 2983//5987 3352//5987
f 3352//5988 2983//5988 3251//5988
f 3352//5989 3251//5989 3387//5989
f 3387//5990 3251//5990 3439//5990
f 3387//5991 3439//5991 3389//5991
f 3389//5992 3439//5992 3438//5992
f 3389//5993 3438//5993 3390//5993
f 3390//5994 3438//5994 3437//5994
f 3390//5995 3437//5995 3430//5995
f 3430//5996 3437//5996 3436//5996
f 3430//5997 3436//5997 3429//5997
f 3429//5998 3436//5998 3435//5998
f 3429//5999 3435//5999 3363//5999
f 3363//6000 3435//6000 3434//6000
f 3363//6001 3434//6001 1860//6001
f 1860//6002 3434//6002 1861//6002
f 2952//6003 2951//6003 3440//6003
f 2934//6004 2941//6004 3441//6004
f 2925//6005 2932//6005 3442//6005
f 3443//6006 3444//6006 3445//6006
f 2971//6007 2972//6007 3446//6007
f 3446//6008 3447//6008 2971//6008
f 2971//6009 3447//6009 3448//6009
f 2971//6010 3448//6010 2964//6010
f 2964//6011 3448//6011 2965//6011
f 3449//6012 3450//6012 3451//6012
f 3451//6013 3452//6013 3449//6013
f 3449//6014 3452//6014 3453//6014
f 3449//6015 3453//6015 3446//6015
f 3446//6016 3453//6016 3454//6016
f 3446//6017 3454//6017 3447//6017
f 3455//6018 3456//6018 3457//6018
f 3455//6019 3457//6019 3458//6019
f 3457//6020 3459//6020 3458//6020
f 3458//6021 3459//6021 3460//6021
f 3458//6022 3460//6022 3450//6022
f 3450//6023 3460//6023 3461//6023
f 3450//6024 3461//6024 3451//6024
f 3444//6025 3443//6025 3455//6025
f 3455//6026 3443//6026 3462//6026
f 3455//6027 3462//6027 3456//6027
f 3463//6028 3464//6028 3465//6028
f 3465//6029 3464//6029 3466//6029
f 3465//6030 3466//6030 3467//6030
f 3467//6031 3466//6031 3468//6031
f 3468//6032 3466//6032 3469//6032
f 3468//6033 3469//6033 3470//6033
f 3471//6034 3472//6034 3473//6034
f 3471//6035 3473//6035 3469//6035
f 3469//6036 3473//6036 3474//6036
f 3469//6037 3474//6037 3470//6037
f 3472//6038 3471//6038 3475//6038
f 3475//6039 3471//6039 3476//6039
f 3475//6040 3476//6040 3477//6040
f 3478//6041 3479//6041 3480//6041
f 3480//6042 3479//6042 3481//6042
f 3480//6043 3481//6043 3482//6043
f 3483//6044 3484//6044 3481//6044
f 3481//6045 3484//6045 3485//6045
f 3481//6046 3485//6046 3482//6046
f 3486//6047 3487//6047 3483//6047
f 3483//6048 3487//6048 3488//6048
f 3483//6049 3488//6049 3484//6049
f 3489//6050 3490//6050 3486//6050
f 3486//6051 3490//6051 3491//6051
f 3486//6052 3491//6052 3487//6052
f 2904//6053 2903//6053 3492//6053
f 3492//6054 2903//6054 2902//6054
f 3492//6055 2902//6055 2871//6055
f 2870//6056 3493//6056 2871//6056
f 2871//6057 3493//6057 3494//6057
f 2871//6058 3494//6058 3492//6058
f 3492//6059 3494//6059 3495//6059
f 3492//6060 3495//6060 3489//6060
f 3489//6061 3495//6061 3496//6061
f 3489//6062 3496//6062 3490//6062
f 3497//6063 2885//6063 2882//6063
f 2891//6064 2888//6064 3497//6064
f 3497//6063 2888//6063 2886//6063
f 3497//6065 2886//6065 2885//6065
f 2899//6066 2897//6066 3498//6066
f 3498//6067 2897//6067 2895//6067
f 3498//6068 2895//6068 2893//6068
f 2906//6069 2907//6069 3499//6069
f 3499//6070 2907//6070 2901//6070
f 2908//6071 2905//6071 3500//6071
f 2911//6072 2910//6072 3500//6072
f 3500//6073 2910//6073 2909//6073
f 3500//6074 2909//6074 2908//6074
f 2917//6075 2914//6075 3501//6075
f 3501//6076 2914//6076 2913//6076
f 3501//6077 2913//6077 2912//6077
f 2915//6078 2916//6078 2922//6078
f 2922//6079 2916//6079 3502//6079
f 2922//6080 3502//6080 2923//6080
f 2923//6081 3502//6081 2924//6081
f 2924//6082 3502//6082 3503//6082
f 2924//6083 3503//6083 2919//6083
f 2919//6084 3503//6084 2920//6084
f 2920//6085 3503//6085 3504//6085
f 2920//6086 3504//6086 2921//6086
f 3442//6087 2932//6087 3505//6087
f 2932//6088 2931//6088 3505//6088
f 3505//6089 2931//6089 2930//6089
f 3505//6090 2930//6090 3504//6090
f 3504//6091 2930//6091 2918//6091
f 3504//6092 2918//6092 2921//6092
f 2925//6093 3442//6093 2926//6093
f 2926//6094 3442//6094 3506//6094
f 2926//6095 3506//6095 2927//6095
f 2927//6096 3506//6096 3507//6096
f 2927//6097 3507//6097 2928//6097
f 2928//6098 3507//6098 2929//6098
f 2929//6099 3507//6099 3508//6099
f 2929//6100 3508//6100 2942//6100
f 2942//6101 3508//6101 2943//6101
f 2943//6102 3508//6102 3509//6102
f 2943//6103 3509//6103 2944//6103
f 3441//6104 2941//6104 3510//6104
f 2941//6105 2940//6105 3510//6105
f 3510//6106 2940//6106 2939//6106
f 3510//6107 2939//6107 3509//6107
f 3509//6108 2939//6108 2938//6108
f 3509//6109 2938//6109 2944//6109
f 2934//6110 3441//6110 2935//6110
f 2935//6111 3441//6111 3511//6111
f 2935//6112 3511//6112 2936//6112
f 2936//6113 3511//6113 2937//6113
f 2937//6114 3511//6114 3512//6114
f 2937//6115 3512//6115 2948//6115
f 2948//6116 3512//6116 2949//6116
f 2949//6117 3512//6117 3513//6117
f 2949//6118 3513//6118 2950//6118
f 2950//6119 3513//6119 2933//6119
f 2933//6120 3513//6120 3514//6120
f 2933//6121 3514//6121 2945//6121
f 2963//6122 2947//6122 3514//6122
f 3514//6123 2947//6123 2946//6123
f 3514//6124 2946//6124 2945//6124
f 3515//6125 2961//6125 2962//6125
f 2955//6126 2959//6126 3515//6126
f 3515//6127 2959//6127 2960//6127
f 3515//6128 2960//6128 2961//6128
f 2953//6129 2954//6129 3516//6129
f 2954//6129 2958//6129 3516//6129
f 3516//6130 2958//6130 2957//6130
f 3516//6131 2957//6131 2956//6131
f 3517//6132 2981//6132 2990//6132
f 2952//6133 3440//6133 2988//6133
f 2975//6134 2984//6134 3517//6134
f 3517//6135 2984//6135 2982//6135
f 3517//6136 2982//6136 2981//6136
f 2974//6137 2980//6137 3518//6137
f 3518//6138 2980//6138 2978//6138
f 3518//6139 2978//6139 2976//6139
f 2916//6140 2917//6140 3502//6140
f 3502//6141 2917//6141 3501//6141
f 3502//6142 3501//6142 3503//6142
f 3503//6143 3501//6143 3519//6143
f 3503//6144 3519//6144 3504//6144
f 3504//6145 3519//6145 3520//6145
f 3504//6146 3520//6146 3505//6146
f 3505//6147 3520//6147 3521//6147
f 3505//6148 3521//6148 3442//6148
f 3442//6149 3521//6149 3522//6149
f 3442//6150 3522//6150 3506//6150
f 3506//6151 3522//6151 3523//6151
f 3506//6152 3523//6152 3507//6152
f 3507//6153 3523//6153 3524//6153
f 3507//6154 3524//6154 3508//6154
f 2882//6155 2904//6155 3497//6155
f 3497//6156 2904//6156 3492//6156
f 3497//6157 3492//6157 3525//6157
f 3525//6158 3492//6158 3489//6158
f 3525//6159 3489//6159 3526//6159
f 3526//6160 3489//6160 3486//6160
f 3526//6161 3486//6161 3527//6161
f 3527//6162 3486//6162 3483//6162
f 3527//6163 3483//6163 3528//6163
f 3528//6164 3483//6164 3481//6164
f 3528//6165 3481//6165 3476//6165
f 3476//6166 3481//6166 3479//6166
f 3476//6167 3479//6167 3477//6167
f 3477//6168 3479//6168 3478//6168
f 2893//6169 2891//6169 3498//6169
f 3498//6170 2891//6170 3497//6170
f 3498//6171 3497//6171 3529//6171
f 3529//6172 3497//6172 3525//6172
f 3529//6173 3525//6173 3530//6173
f 3530//6174 3525//6174 3526//6174
f 3530//6175 3526//6175 3531//6175
f 3531//6176 3526//6176 3527//6176
f 3531//6177 3527//6177 3532//6177
f 3532//6178 3527//6178 3528//6178
f 3532//6179 3528//6179 3533//6179
f 3533//6180 3528//6180 3476//6180
f 3533//6181 3476//6181 3534//6181
f 3534//6182 3476//6182 3471//6182
f 3534//6183 3471//6183 3535//6183
f 3535//6184 3471//6184 3469//6184
f 3535//6185 3469//6185 3536//6185
f 3536//6186 3469//6186 3466//6186
f 3536//6187 3466//6187 3537//6187
f 3537//6188 3466//6188 3464//6188
f 3537//6189 3464//6189 3538//6189
f 3538//6190 3464//6190 3539//6190
f 3538//6191 3539//6191 3540//6191
f 3540//6192 3539//6192 3541//6192
f 3540//6193 3541//6193 3542//6193
f 3542//6194 3541//6194 3543//6194
f 3542//6195 3543//6195 3544//6195
f 3544//6196 3543//6196 3545//6196
f 3544//6197 3545//6197 3517//6197
f 3517//6198 3545//6198 3518//6198
f 3517//6199 3518//6199 2975//6199
f 2975//6200 3518//6200 2976//6200
f 3463//6201 3445//6201 3464//6201
f 3464//6202 3445//6202 3444//6202
f 3464//6203 3444//6203 3539//6203
f 3539//6204 3444//6204 3455//6204
f 3539//6205 3455//6205 3541//6205
f 3541//6206 3455//6206 3458//6206
f 3541//6207 3458//6207 3543//6207
f 3543//6208 3458//6208 3450//6208
f 3543//6209 3450//6209 3545//6209
f 3545//6210 3450//6210 3449//6210
f 3545//6211 3449//6211 3518//6211
f 3518//6212 3449//6212 3446//6212
f 3518//6213 3446//6213 2974//6213
f 2974//6214 3446//6214 2972//6214
f 3524//6215 3546//6215 3508//6215
f 3508//6216 3546//6216 3547//6216
f 3508//6217 3547//6217 3509//6217
f 3509//6218 3547//6218 3548//6218
f 3509//6219 3548//6219 3510//6219
f 3510//6220 3548//6220 3549//6220
f 3510//6221 3549//6221 3441//6221
f 3441//6222 3549//6222 3550//6222
f 3441//6223 3550//6223 3511//6223
f 3511//6224 3550//6224 3551//6224
f 3511//6225 3551//6225 3512//6225
f 3512//6226 3551//6226 3552//6226
f 3512//6227 3552//6227 3513//6227
f 3513//6228 3552//6228 3515//6228
f 3513//6229 3515//6229 3514//6229
f 3514//6230 3515//6230 2962//6230
f 3514//6231 2962//6231 2963//6231
f 2905//6232 2906//6232 3500//6232
f 3500//6233 2906//6233 3499//6233
f 3500//6234 3499//6234 3553//6234
f 3553//6235 3499//6235 3554//6235
f 3553//6236 3554//6236 3555//6236
f 3555//6237 3554//6237 3556//6237
f 3555//6238 3556//6238 3557//6238
f 3557//6239 3556//6239 3558//6239
f 3557//6240 3558//6240 3559//6240
f 3559//6241 3558//6241 3560//6241
f 3559//6242 3560//6242 3561//6242
f 3561//6243 3560//6243 3562//6243
f 3561//6244 3562//6244 3563//6244
f 3563//6245 3562//6245 3564//6245
f 3563//6246 3564//6246 3565//6246
f 3565//6247 3564//6247 3566//6247
f 3565//6248 3566//6248 3567//6248
f 3567//6249 3566//6249 3568//6249
f 3567//6250 3568//6250 3569//6250
f 3569//6251 3568//6251 3570//6251
f 3569//6252 3570//6252 3571//6252
f 3571//6253 3570//6253 3572//6253
f 3571//6254 3572//6254 3573//6254
f 3573//6255 3572//6255 3574//6255
f 3573//6256 3574//6256 3575//6256
f 3575//6257 3574//6257 3576//6257
f 3575//6258 3576//6258 3577//6258
f 3577//6259 3576//6259 3578//6259
f 3577//6260 3578//6260 3516//6260
f 3516//6261 3578//6261 3440//6261
f 3516//6262 3440//6262 2953//6262
f 2953//6263 3440//6263 2951//6263
f 2912//6264 2911//6264 3501//6264
f 3501//6265 2911//6265 3500//6265
f 3501//6266 3500//6266 3519//6266
f 3519//6267 3500//6267 3553//6267
f 3519//6268 3553//6268 3520//6268
f 3520//6269 3553//6269 3555//6269
f 3520//6270 3555//6270 3521//6270
f 3521//6271 3555//6271 3557//6271
f 3521//6272 3557//6272 3522//6272
f 3522//6273 3557//6273 3559//6273
f 3522//6274 3559//6274 3523//6274
f 3523//6275 3559//6275 3561//6275
f 3523//6276 3561//6276 3524//6276
f 3524//6277 3561//6277 3563//6277
f 3524//6278 3563//6278 3546//6278
f 3546//6279 3563//6279 3565//6279
f 3546//6280 3565//6280 3547//6280
f 3547//6281 3565//6281 3567//6281
f 3547//6282 3567//6282 3548//6282
f 3548//6283 3567//6283 3569//6283
f 3548//6284 3569//6284 3549//6284
f 3549//6285 3569//6285 3571//6285
f 3549//6286 3571//6286 3550//6286
f 3550//6287 3571//6287 3573//6287
f 3550//6288 3573//6288 3551//6288
f 3551//6289 3573//6289 3575//6289
f 3551//6290 3575//6290 3552//6290
f 3552//6291 3575//6291 3577//6291
f 3552//6292 3577//6292 3515//6292
f 3515//6293 3577//6293 3516//6293
f 3515//6294 3516//6294 2955//6294
f 2955//6295 3516//6295 2956//6295
f 2901//6296 2899//6296 3499//6296
f 3499//6297 2899//6297 3498//6297
f 3499//6298 3498//6298 3554//6298
f 3554//6299 3498//6299 3529//6299
f 3554//6300 3529//6300 3556//6300
f 3556//6301 3529//6301 3530//6301
f 3556//6302 3530//6302 3558//6302
f 3558//6303 3530//6303 3531//6303
f 3558//6304 3531//6304 3560//6304
f 3560//6305 3531//6305 3532//6305
f 3560//6306 3532//6306 3562//6306
f 3562//6307 3532//6307 3533//6307
f 3562//6308 3533//6308 3564//6308
f 3564//6309 3533//6309 3534//6309
f 3564//6310 3534//6310 3566//6310
f 3566//6311 3534//6311 3535//6311
f 3566//6312 3535//6312 3568//6312
f 3568//6313 3535//6313 3536//6313
f 3568//6314 3536//6314 3570//6314
f 3570//6315 3536//6315 3537//6315
f 3570//6316 3537//6316 3572//6316
f 3572//6317 3537//6317 3538//6317
f 3572//6318 3538//6318 3574//6318
f 3574//6319 3538//6319 3540//6319
f 3574//6320 3540//6320 3576//6320
f 3576//6321 3540//6321 3542//6321
f 3576//6322 3542//6322 3578//6322
f 3578//6323 3542//6323 3544//6323
f 3578//6324 3544//6324 3440//6324
f 3440//6325 3544//6325 3517//6325
f 3440//6326 3517//6326 2988//6326
f 2988//6327 3517//6327 2990//6327
f 3579//6328 3580//6328 3581//6328
f 3581//6329 3580//6329 3582//6329
f 3583//6330 3584//6330 3585//6330
f 3585//6331 3584//6331 3586//6331
f 3587//6332 3002//6332 3001//6332
f 3588//6333 3474//6333 3473//6333
f 2875//6334 3589//6334 3590//6334
f 3588//6335 3473//6335 3591//6335
f 3591//6336 3473//6336 3472//6336
f 3591//6337 3472//6337 3592//6337
f 3592//6338 3472//6338 3475//6338
f 3592//6339 3475//6339 3593//6339
f 3593//6340 3475//6340 3477//6340
f 3593//6341 3477//6341 3594//6341
f 3477//6342 3478//6342 3594//6342
f 3594//6343 3478//6343 3480//6343
f 3594//6344 3480//6344 3595//6344
f 3595//6345 3480//6345 3482//6345
f 3595//6346 3482//6346 3596//6346
f 3596//6347 3482//6347 3485//6347
f 2997//6348 2999//6348 3014//6348
f 3014//6349 2999//6349 3118//6349
f 3118//6350 2999//6350 3003//6350
f 3118//6351 3003//6351 3119//6351
f 3597//6352 3142//6352 3000//6352
f 3000//6353 3142//6353 1510//6353
f 3000//6354 1510//6354 3001//6354
f 3494//6355 3493//6355 3598//6355
f 3598//6356 3493//6356 3599//6356
f 2997//6357 3014//6357 3008//6357
f 3008//6358 3014//6358 3013//6358
f 3008//6359 3013//6359 3600//6359
f 3013//6360 3123//6360 3600//6360
f 3600//6361 3123//6361 3122//6361
f 3600//6362 3122//6362 3601//6362
f 3601//6363 3122//6363 3127//6363
f 3601//6364 3127//6364 3602//6364
f 3602//6365 3127//6365 3126//6365
f 3602//6366 3126//6366 3603//6366
f 3603//6367 3126//6367 3133//6367
f 3603//6368 3133//6368 3604//6368
f 3604//6369 3133//6369 3132//6369
f 3604//6370 3132//6370 3605//6370
f 3605//6371 3132//6371 3606//6371
f 3606//6372 3132//6372 3131//6372
f 3606//6373 3131//6373 3607//6373
f 3607//6374 3131//6374 3130//6374
f 3607//6375 3130//6375 3608//6375
f 3608//6376 3130//6376 3138//6376
f 3608//6377 3138//6377 3609//6377
f 3609//6378 3138//6378 3137//6378
f 3609//6379 3137//6379 3610//6379
f 3610//6380 3137//6380 3135//6380
f 3610//6381 3135//6381 3611//6381
f 3611//6382 3135//6382 3134//6382
f 3611//6383 3134//6383 3597//6383
f 3597//6383 3134//6383 3140//6383
f 3597//6384 3140//6384 3142//6384
f 3228//6385 3612//6385 3199//6385
f 3199//6386 3612//6386 3613//6386
f 3199//6387 3613//6387 3200//6387
f 3200//6388 3613//6388 3614//6388
f 3200//6389 3614//6389 3218//6389
f 3218//6390 3614//6390 3615//6390
f 3218//6391 3615//6391 3219//6391
f 3219//6392 3615//6392 3616//6392
f 3219//6393 3616//6393 3221//6393
f 3221//6394 3616//6394 3617//6394
f 3221//6395 3617//6395 3214//6395
f 3214//6396 3617//6396 3618//6396
f 3214//6397 3618//6397 3215//6397
f 3215//6398 3618//6398 3619//6398
f 3215//6399 3619//6399 3216//6399
f 3216//6400 3619//6400 3620//6400
f 3216//6400 3620//6400 3212//6400
f 3212//6401 3620//6401 3621//6401
f 3212//6402 3621//6402 3210//6402
f 3210//6403 3621//6403 3622//6403
f 3210//6404 3622//6404 3203//6404
f 3203//6405 3622//6405 3623//6405
f 3203//6406 3623//6406 3204//6406
f 3204//6407 3623//6407 3624//6407
f 3204//6408 3624//6408 3206//6408
f 3206//6409 3624//6409 3625//6409
f 3206//6410 3625//6410 3209//6410
f 3209//6411 3625//6411 3626//6411
f 3209//6412 3626//6412 3208//6412
f 3208//6413 3626//6413 3627//6413
f 3208//6414 3627//6414 3207//6414
f 3207//6415 3627//6415 3628//6415
f 3207//6416 3628//6416 1509//6416
f 1509//6396 3628//6396 3629//6396
f 1509//6417 3629//6417 1510//6417
f 1510//6418 3629//6418 3587//6418
f 1510//6419 3587//6419 3001//6419
f 3493//6420 2870//6420 3599//6420
f 3599//6421 2870//6421 2872//6421
f 3599//6422 2872//6422 3590//6422
f 3590//6423 2872//6423 2874//6423
f 3590//6424 2874//6424 2875//6424
f 3598//6425 3630//6425 3494//6425
f 3494//6426 3630//6426 3631//6426
f 3494//6427 3631//6427 3495//6427
f 3495//6428 3631//6428 3632//6428
f 3495//6429 3632//6429 3496//6429
f 3496//6430 3632//6430 3633//6430
f 3496//6431 3633//6431 3490//6431
f 3490//6432 3633//6432 3634//6432
f 3490//6433 3634//6433 3491//6433
f 3491//6434 3634//6434 3635//6434
f 3491//6435 3635//6435 3487//6435
f 3487//6436 3635//6436 3636//6436
f 3487//6437 3636//6437 3488//6437
f 3488//6438 3636//6438 3637//6438
f 3488//6439 3637//6439 3484//6439
f 3484//6440 3637//6440 3638//6440
f 3484//6441 3638//6441 3485//6441
f 3485//6442 3638//6442 3639//6442
f 3485//6443 3639//6443 3596//6443
f 3640//6444 3108//6444 3106//6444
f 3641//6445 3101//6445 3100//6445
f 3108//6445 3640//6445 3100//6445
f 3100//6444 3640//6444 3642//6444
f 3100//6445 3642//6445 3641//6445
f 3003//6446 3643//6446 3119//6446
f 3119//6447 3643//6447 3644//6447
f 3119//6448 3644//6448 3120//6448
f 3120//6449 3644//6449 3645//6449
f 3120//6449 3645//6449 3114//6449
f 3114//6450 3645//6450 3646//6450
f 3114//6445 3646//6445 3109//6445
f 3109//6451 3646//6451 3647//6451
f 3109//6452 3647//6452 3110//6452
f 3110//6453 3647//6453 3648//6453
f 3110//6454 3648//6454 3112//6454
f 3112//6455 3648//6455 3649//6455
f 3112//6456 3649//6456 3113//6456
f 3113//6457 3649//6457 3650//6457
f 3113//6458 3650//6458 3106//6458
f 3106//6459 3650//6459 3651//6459
f 3106//6460 3651//6460 3640//6460
f 3652//6461 3653//6461 3066//6461
f 3066//6462 3653//6462 2875//6462
f 2875//6463 3653//6463 3654//6463
f 2875//6464 3654//6464 3589//6464
f 3066//6455 3023//6455 3652//6455
f 3652//6452 3023//6452 3022//6452
f 3652//6465 3022//6465 3655//6465
f 3655//6466 3022//6466 3020//6466
f 3655//6466 3020//6466 3656//6466
f 3656//6467 3020//6467 3019//6467
f 3656//6468 3019//6468 3657//6468
f 3657//6469 3019//6469 3070//6469
f 3657//6470 3070//6470 3658//6470
f 3658//6471 3070//6471 3068//6471
f 3658//6472 3068//6472 3659//6472
f 3659//6473 3068//6473 3067//6473
f 3659//6474 3067//6474 3005//6474
f 3104//6475 3660//6475 3099//6475
f 3099//6476 3660//6476 3661//6476
f 3099//6477 3661//6477 3093//6477
f 3093//6478 3661//6478 3094//6478
f 3101//6479 3641//6479 3103//6479
f 3103//6480 3641//6480 3662//6480
f 3103//6478 3662//6478 3104//6478
f 3104//6481 3662//6481 3663//6481
f 3104//6458 3663//6458 3660//6458
f 3005//6482 3067//6482 3006//6482
f 3006//6483 3067//6483 3072//6483
f 3006//6484 3072//6484 3007//6484
f 3007//6485 3072//6485 3074//6485
f 3007//6486 3074//6486 3664//6486
f 3664//6487 3074//6487 3076//6487
f 3664//6488 3076//6488 3665//6488
f 3665//6489 3076//6489 3079//6489
f 3665//6490 3079//6490 3666//6490
f 3666//6491 3079//6491 3078//6491
f 3666//6492 3078//6492 3667//6492
f 3661//6493 3668//6493 3094//6493
f 3094//6494 3668//6494 3669//6494
f 3094//6495 3669//6495 3096//6495
f 3096//6496 3669//6496 3670//6496
f 3096//6497 3670//6497 3097//6497
f 3097//6498 3670//6498 3671//6498
f 3097//6499 3671//6499 3164//6499
f 3164//6500 3671//6500 3672//6500
f 3164//6501 3672//6501 3092//6501
f 3078//6502 3082//6502 3667//6502
f 3667//6503 3082//6503 3083//6503
f 3667//6504 3083//6504 3673//6504
f 3673//6505 3083//6505 3084//6505
f 3673//6502 3084//6502 3674//6502
f 3674//6506 3084//6506 3017//6506
f 3674//6507 3017//6507 3675//6507
f 3675//6508 3017//6508 3016//6508
f 3675//6509 3016//6509 3676//6509
f 3016//6510 3085//6510 3676//6510
f 3676//6511 3085//6511 3086//6511
f 3676//6512 3086//6512 3677//6512
f 3677//6513 3086//6513 3678//6513
f 3672//6514 3679//6514 3092//6514
f 3092//6515 3679//6515 3680//6515
f 3092//6516 3680//6516 3091//6516
f 3091//6517 3680//6517 3681//6517
f 3091//6518 3681//6518 3090//6518
f 3090//6509 3681//6509 3682//6509
f 3090//6519 3682//6519 3025//6519
f 3025//6520 3682//6520 3026//6520
f 3683//6521 3088//6521 3684//6521
f 3684//6476 3088//6476 3045//6476
f 3684//6522 3045//6522 3685//6522
f 3685//6523 3045//6523 3044//6523
f 3685//6490 3044//6490 3686//6490
f 3686//6490 3044//6490 3043//6490
f 3686//6490 3043//6490 3687//6490
f 3687//6524 3043//6524 3040//6524
f 3687//6525 3040//6525 3688//6525
f 3688//6526 3040//6526 3041//6526
f 3688//6527 3041//6527 3689//6527
f 3682//6528 3690//6528 3026//6528
f 3026//6529 3690//6529 3691//6529
f 3026//6530 3691//6530 3034//6530
f 3034//6531 3691//6531 3035//6531
f 3683//6532 3692//6532 3088//6532
f 3088//6533 3692//6533 3693//6533
f 3088//6534 3693//6534 3089//6534
f 3089//6535 3693//6535 3678//6535
f 3089//6536 3678//6536 3087//6536
f 3087//6537 3678//6537 3086//6537
f 3041//6538 3038//6538 3689//6538
f 3689//6539 3038//6539 3039//6539
f 3689//6540 3039//6540 3694//6540
f 3694//6537 3039//6537 3037//6537
f 3694//6541 3037//6541 3695//6541
f 3695//6442 3037//6442 3036//6442
f 3695//6542 3036//6542 3696//6542
f 3696//6490 3036//6490 3035//6490
f 3696//6543 3035//6543 3697//6543
f 3697//6544 3035//6544 3691//6544
f 3470//6545 3474//6545 3698//6545
f 3470//6546 3698//6546 3468//6546
f 2966//6547 2965//6547 3699//6547
f 3699//6548 2965//6548 3700//6548
f 3468//6549 3698//6549 3467//6549
f 3467//6550 3698//6550 3701//6550
f 3467//6551 3701//6551 3465//6551
f 3465//6552 3701//6552 3702//6552
f 3465//6553 3702//6553 3463//6553
f 2966//6554 3699//6554 2967//6554
f 2967//6555 3699//6555 3703//6555
f 2967//6556 3703//6556 2968//6556
f 3704//6557 3705//6557 3279//6557
f 3279//6558 3705//6558 3278//6558
f 3278//6559 3705//6559 3706//6559
f 3278//6560 3706//6560 3276//6560
f 3276//6561 3706//6561 3707//6561
f 3276//6562 3707//6562 3275//6562
f 3275//6563 3707//6563 3708//6563
f 3275//6564 3708//6564 3273//6564
f 3708//6565 3709//6565 3273//6565
f 3273//6566 3709//6566 3710//6566
f 3273//6567 3710//6567 3272//6567
f 3272//6568 3710//6568 3711//6568
f 3272//6568 3711//6568 3270//6568
f 3270//6569 3711//6569 3712//6569
f 3270//6570 3712//6570 3269//6570
f 3269//6571 3712//6571 3713//6571
f 3714//6572 3715//6572 2861//6572
f 2861//6573 3715//6573 3716//6573
f 2861//6573 3716//6573 3248//6573
f 3248//6574 3716//6574 3717//6574
f 3248//6575 3717//6575 3247//6575
f 3247//6576 3717//6576 3718//6576
f 3247//6577 3718//6577 3245//6577
f 3245//6578 3718//6578 3719//6578
f 3245//6579 3719//6579 3237//6579
f 3463//6580 3702//6580 3445//6580
f 3445//6581 3702//6581 3720//6581
f 3445//6582 3720//6582 3443//6582
f 3443//6583 3720//6583 3721//6583
f 3443//6584 3721//6584 3462//6584
f 3462//6585 3721//6585 3722//6585
f 3462//6586 3722//6586 3456//6586
f 3456//6587 3722//6587 3723//6587
f 3456//6588 3723//6588 3457//6588
f 3457//6589 3723//6589 3724//6589
f 3457//6590 3724//6590 3459//6590
f 3459//6591 3724//6591 3725//6591
f 3459//6592 3725//6592 3460//6592
f 3460//6593 3725//6593 3726//6593
f 3460//6594 3726//6594 3461//6594
f 3461//6595 3726//6595 3727//6595
f 3461//6596 3727//6596 3451//6596
f 3451//6597 3727//6597 3728//6597
f 3451//6565 3728//6565 3452//6565
f 3452//6565 3728//6565 3729//6565
f 3452//6598 3729//6598 3453//6598
f 3453//6599 3729//6599 3730//6599
f 3453//6600 3730//6600 3454//6600
f 3731//6601 3266//6601 3713//6601
f 3713//6602 3266//6602 3268//6602
f 3713//6603 3268//6603 3269//6603
f 3228//6604 3227//6604 3732//6604
f 3732//6605 3227//6605 3226//6605
f 3732//6606 3226//6606 3733//6606
f 3733//6607 3226//6607 3225//6607
f 3733//6608 3225//6608 3734//6608
f 3734//6609 3225//6609 3223//6609
f 3734//6610 3223//6610 3735//6610
f 3735//6611 3223//6611 3233//6611
f 3735//6612 3233//6612 3736//6612
f 3736//6613 3233//6613 3232//6613
f 3736//6614 3232//6614 3737//6614
f 3737//6615 3232//6615 3230//6615
f 3737//6616 3230//6616 3738//6616
f 3279//6617 3281//6617 3704//6617
f 3704//6618 3281//6618 3282//6618
f 3704//6619 3282//6619 3583//6619
f 3583//6620 3282//6620 3284//6620
f 3583//6621 3284//6621 3584//6621
f 3584//6622 3284//6622 3285//6622
f 3584//6623 3285//6623 3586//6623
f 3714//6624 2861//6624 3739//6624
f 3739//6625 2861//6625 2860//6625
f 3739//6626 2860//6626 3740//6626
f 3740//6627 2860//6627 3265//6627
f 3740//6628 3265//6628 3731//6628
f 3731//6629 3265//6629 3422//6629
f 3731//6630 3422//6630 3266//6630
f 3230//6631 3229//6631 3738//6631
f 3738//6632 3229//6632 3235//6632
f 3738//6633 3235//6633 3741//6633
f 3741//6634 3235//6634 3234//6634
f 3741//6635 3234//6635 3742//6635
f 3742//6635 3234//6635 3243//6635
f 3742//6636 3243//6636 3743//6636
f 3743//6637 3243//6637 3242//6637
f 3743//6638 3242//6638 3744//6638
f 3744//6639 3242//6639 3240//6639
f 3744//6640 3240//6640 3745//6640
f 3745//6641 3240//6641 3238//6641
f 3745//6642 3238//6642 3746//6642
f 3746//6643 3238//6643 3237//6643
f 3746//6644 3237//6644 3747//6644
f 3747//6645 3237//6645 3719//6645
f 3730//6646 3748//6646 3454//6646
f 3454//6647 3748//6647 3749//6647
f 3454//6648 3749//6648 3447//6648
f 3447//6574 3749//6574 3750//6574
f 3447//6649 3750//6649 3448//6649
f 3448//6650 3750//6650 3751//6650
f 3448//6650 3751//6650 2965//6650
f 2965//6621 3751//6621 3752//6621
f 2965//6651 3752//6651 3700//6651
f 3586//6652 3285//6652 3753//6652
f 3753//6653 3285//6653 3286//6653
f 3753//6654 3286//6654 3754//6654
f 3754//6655 3286//6655 3288//6655
f 3754//6656 3288//6656 3755//6656
f 3755//6657 3288//6657 3289//6657
f 3755//6658 3289//6658 3756//6658
f 3756//6659 3289//6659 3291//6659
f 3756//6660 3291//6660 3757//6660
f 3757//6661 3291//6661 3400//6661
f 3757//6662 3400//6662 3758//6662
f 3758//6663 3400//6663 3292//6663
f 3758//6664 3292//6664 3759//6664
f 3759//6665 3292//6665 3294//6665
f 3759//6666 3294//6666 3760//6666
f 3760//6667 3294//6667 3295//6667
f 3760//6668 3295//6668 3761//6668
f 3761//6669 3295//6669 3296//6669
f 3761//6670 3296//6670 3762//6670
f 3762//6671 3296//6671 3298//6671
f 3762//6672 3298//6672 3763//6672
f 3763//6673 3298//6673 3299//6673
f 3763//6674 3299//6674 3764//6674
f 3764//6675 3299//6675 3263//6675
f 3764//6676 3263//6676 3765//6676
f 3765//6677 3263//6677 3262//6677
f 3765//6678 3262//6678 3766//6678
f 3766//6679 3262//6679 3303//6679
f 3766//6680 3303//6680 3302//6680
f 3309//6681 3307//6681 3767//6681
f 3768//6682 3769//6682 3302//6682
f 3302//6683 3769//6683 3770//6683
f 3302//6684 3770//6684 3766//6684
f 2968//6685 3703//6685 3350//6685
f 3350//6686 3703//6686 3771//6686
f 3350//6687 3771//6687 3345//6687
f 3345//6688 3771//6688 3772//6688
f 3345//6689 3772//6689 3346//6689
f 3346//6690 3772//6690 3773//6690
f 3346//6691 3773//6691 3343//6691
f 3343//6692 3773//6692 3774//6692
f 3343//6693 3774//6693 3252//6693
f 3252//6694 3774//6694 3775//6694
f 3252//6695 3775//6695 3253//6695
f 3253//6696 3775//6696 3776//6696
f 3253//6697 3776//6697 3255//6697
f 3255//6698 3776//6698 3777//6698
f 3255//6699 3777//6699 3341//6699
f 3341//6700 3777//6700 3778//6700
f 3341//6701 3778//6701 3342//6701
f 3778//6573 3582//6573 3342//6573
f 3342//6702 3582//6702 3580//6702
f 3342//6703 3580//6703 3433//6703
f 3433//6704 3580//6704 3579//6704
f 3433//6705 3579//6705 3337//6705
f 3337//6667 3579//6667 3338//6667
f 3338//6706 3579//6706 3779//6706
f 3338//6707 3779//6707 3339//6707
f 3302//6708 3392//6708 3768//6708
f 3768//6620 3392//6620 3260//6620
f 3768//6709 3260//6709 3780//6709
f 3780//6709 3260//6709 3259//6709
f 3309//6710 3767//6710 3310//6710
f 3310//6675 3767//6675 3781//6675
f 3310//6711 3781//6711 3259//6711
f 3259//6666 3781//6666 3782//6666
f 3259//6712 3782//6712 3780//6712
f 3779//6713 3783//6713 3339//6713
f 3339//6714 3783//6714 3784//6714
f 3339//6715 3784//6715 3333//6715
f 3333//6716 3784//6716 3785//6716
f 3333//6700 3785//6700 3334//6700
f 3334//6717 3785//6717 3256//6717
f 3256//6718 3785//6718 3786//6718
f 3256//6719 3786//6719 3257//6719
f 3257//6720 3786//6720 3787//6720
f 3257//6721 3787//6721 3331//6721
f 3331//6721 3787//6721 3788//6721
f 3331//6585 3788//6585 3332//6585
f 3789//6696 3324//6696 3790//6696
f 3790//6722 3324//6722 3330//6722
f 3790//6723 3330//6723 3791//6723
f 3792//6724 3793//6724 3315//6724
f 3315//6725 3793//6725 3794//6725
f 3315//6726 3794//6726 3314//6726
f 3314//6573 3794//6573 3795//6573
f 3314//6727 3795//6727 3311//6727
f 3311//6728 3795//6728 3796//6728
f 3311//6729 3796//6729 3312//6729
f 3312//6730 3796//6730 3797//6730
f 3312//6731 3797//6731 3313//6731
f 3313//6732 3797//6732 3798//6732
f 3313//6733 3798//6733 3305//6733
f 3305//6734 3798//6734 3799//6734
f 3305//6735 3799//6735 3306//6735
f 3306//6736 3799//6736 3800//6736
f 3306//6737 3800//6737 3307//6737
f 3307//6738 3800//6738 3801//6738
f 3307//6739 3801//6739 3767//6739
f 3332//6646 3788//6646 3326//6646
f 3326//6740 3788//6740 3802//6740
f 3326//6741 3802//6741 3328//6741
f 3328//6742 3802//6742 3803//6742
f 3328//6743 3803//6743 3329//6743
f 3329//6724 3803//6724 3804//6724
f 3329//6744 3804//6744 3330//6744
f 3330//6745 3804//6745 3805//6745
f 3330//6746 3805//6746 3791//6746
f 3315//6715 3316//6715 3792//6715
f 3792//6573 3316//6573 3317//6573
f 3792//6737 3317//6737 3806//6737
f 3806//6747 3317//6747 3318//6747
f 3806//6748 3318//6748 3807//6748
f 3318//6749 3319//6749 3807//6749
f 3807//6675 3319//6675 3321//6675
f 3807//6750 3321//6750 3808//6750
f 3808//6751 3321//6751 3320//6751
f 3808//6752 3320//6752 3809//6752
f 3809//6753 3320//6753 3322//6753
f 3809//6748 3322//6748 3789//6748
f 3789//6573 3322//6573 3323//6573
f 3789//6697 3323//6697 3324//6697
