# Blender 4.5.10 LTS
# www.blender.org
mtllib converted_link_5_666666ff.mtl
o converted_link_5_666666ff
v 0.020965 0.031950 -0.102082
v 0.024730 0.030229 -0.100560
v 0.008780 0.032461 -0.107302
v 0.000619 -0.011423 -0.113379
v 0.000062 -0.010866 -0.113586
v 0.007479 -0.015392 -0.110655
v 0.031764 0.023989 -0.097894
v 0.033682 0.021268 -0.097227
v -0.007959 0.014040 -0.115588
v -0.007479 0.016347 -0.115247
v -0.005909 0.020368 -0.114336
v -0.004693 0.022378 -0.113695
v 0.025208 0.029894 -0.100374
v 0.028174 0.027821 -0.099217
v 0.031190 0.024803 -0.098094
v 0.035573 0.017326 -0.096642
v 0.035971 0.015964 -0.096550
v 0.036806 0.013099 -0.096357
v 0.037340 0.008720 -0.096383
v 0.037265 0.006900 -0.096521
v 0.037160 0.004325 -0.096717
v 0.036272 0.000051 -0.097349
v 0.035477 -0.001984 -0.097810
v 0.034702 -0.003969 -0.098260
v 0.023992 -0.014624 -0.103495
v 0.015845 -0.016745 -0.107129
v 0.011799 -0.016533 -0.108860
v 0.004063 -0.013830 -0.112035
v -0.002397 -0.008404 -0.114502
v -0.004889 -0.004870 -0.115369
v -0.005412 -0.003780 -0.115531
v -0.006781 -0.000927 -0.115954
v -0.008013 0.003299 -0.116239
v -0.008210 0.004912 -0.116229
v -0.008547 0.007678 -0.116213
v -0.008368 0.012073 -0.115879
v 0.009806 0.032768 -0.106842
v 0.012947 0.033143 -0.105467
v 0.032500 -0.007612 -0.099421
v 0.030845 -0.009495 -0.100244
v 0.029734 -0.010761 -0.100796
v 0.022871 -0.015209 -0.104013
v 0.018987 -0.016370 -0.105754
v 0.015846 -0.016745 -0.107129
v 0.026490 -0.013320 -0.102343
v 0.007828 -0.015551 -0.110514
v -0.003707 0.024010 -0.113175
v -0.000941 0.027160 -0.111800
v 0.001148 0.028808 -0.110803
v 0.002302 0.029719 -0.110253
v 0.005922 0.031607 -0.108583
v 0.016994 0.032932 -0.103736
v 0.017180 0.032885 -0.103658
v 0.023281 -0.013353 -0.092823
v 0.020062 -0.015205 -0.094319
v 0.019734 -0.015393 -0.094471
v 0.015897 -0.016716 -0.096201
v 0.026429 -0.010657 -0.091310
v 0.026917 -0.010056 -0.091065
v 0.001156 0.030722 -0.099784
v 0.004815 0.031984 -0.098134
v 0.004993 0.032044 -0.098053
v 0.008996 0.032608 -0.096296
v 0.029079 -0.007391 -0.089978
v 0.031148 -0.003657 -0.088868
v 0.031542 -0.002530 -0.088633
v 0.032574 0.000429 -0.088016
v 0.033309 0.004742 -0.087447
v 0.033318 0.006362 -0.087349
v 0.033333 0.009145 -0.087180
v 0.032644 0.013502 -0.087223
v 0.032011 0.015421 -0.087384
v 0.031265 0.017677 -0.087573
v 0.029237 0.021541 -0.088221
v 0.027795 0.023434 -0.088732
v 0.026623 0.024973 -0.089147
v 0.023506 0.027866 -0.090321
v 0.021239 0.029322 -0.091213
v 0.019983 0.030129 -0.091707
v 0.016162 0.031693 -0.093262
v 0.013222 0.032292 -0.094494
v 0.012163 0.032508 -0.094937
v -0.002391 0.028681 -0.101431
v -0.002826 0.028309 -0.101640
v -0.005538 0.025985 -0.102944
v -0.008189 0.022719 -0.104277
v -0.008664 0.021861 -0.104531
v -0.010258 0.018985 -0.105386
v -0.011683 0.014899 -0.106239
v -0.011919 0.013511 -0.106421
v -0.012419 0.010586 -0.106807
v -0.012442 0.006183 -0.107074
v -0.012157 0.004380 -0.107057
v -0.011753 0.001826 -0.107032
v -0.010374 -0.002349 -0.106681
v -0.009349 -0.004303 -0.106353
v -0.008346 -0.006213 -0.106033
v -0.005732 -0.009645 -0.105107
v -0.003870 -0.011373 -0.104405
v -0.002616 -0.012538 -0.103933
v 0.000908 -0.014801 -0.102547
v 0.003543 -0.015879 -0.101475
v 0.004729 -0.016364 -0.100992
v 0.008728 -0.017180 -0.099317
v 0.011894 -0.017280 -0.097958
v 0.011895 -0.017280 -0.097958
v -0.037190 -0.035057 -0.120143
v -0.041235 -0.029174 -0.121542
v -0.051956 0.012336 -0.123739
v -0.051905 0.005071 -0.124141
v 0.050232 0.059002 -0.076990
v 0.002136 0.075153 -0.096769
v -0.020111 0.067526 -0.106799
v 0.044859 0.063456 -0.079045
v 0.046194 0.062349 -0.078535
v 0.032998 0.070405 -0.083750
v 0.033926 0.069928 -0.083378
v 0.039093 0.067272 -0.081307
v -0.031451 0.058944 -0.112185
v -0.028280 0.061900 -0.110646
v -0.022822 0.065955 -0.108058
v -0.051294 0.019547 -0.123033
v -0.051186 0.020103 -0.122954
v -0.049924 0.026622 -0.122030
v -0.049423 -0.010074 -0.123955
v -0.049669 -0.009287 -0.124015
v -0.051139 -0.002164 -0.124233
v -0.051891 0.004943 -0.124142
v -0.016981 0.069343 -0.105344
v -0.010828 0.072024 -0.102537
v -0.007244 0.073114 -0.100929
v -0.004431 0.073968 -0.099667
v -0.037810 0.051982 -0.115331
v -0.033295 0.057225 -0.113080
v -0.022001 -0.049532 -0.114444
v -0.025295 -0.047002 -0.115715
v -0.027518 -0.045295 -0.116573
v -0.032600 -0.040451 -0.118480
v -0.035784 -0.036710 -0.119633
v 0.047315 -0.048059 -0.084494
v 0.041716 -0.051886 -0.087129
v 0.041029 -0.052248 -0.087447
v 0.035759 -0.055031 -0.089879
v 0.072378 0.014978 -0.070018
v 0.072706 0.010380 -0.070145
v 0.072895 0.007724 -0.070218
v 0.072697 0.000469 -0.070727
v 0.072032 -0.004768 -0.071319
v 0.006501 0.075512 -0.094868
v 0.006776 0.075523 -0.094749
v 0.013458 0.075394 -0.091877
v -0.047864 0.033479 -0.120742
v -0.047386 0.034627 -0.120469
v -0.045135 0.040040 -0.119184
v -0.041772 0.046232 -0.117373
v -0.040697 0.047792 -0.116819
v -0.043963 -0.024193 -0.122427
v -0.044688 -0.022869 -0.122662
v -0.047510 -0.016215 -0.123490
v 0.061347 -0.032962 -0.077568
v 0.057187 -0.038542 -0.079686
v 0.052491 -0.043594 -0.082003
v 0.052393 -0.043680 -0.082051
v 0.070263 0.025389 -0.070322
v 0.071152 0.022149 -0.070128
v 0.064827 0.039509 -0.071840
v 0.066636 0.035913 -0.071270
v 0.069230 0.029154 -0.070547
v 0.055149 0.053959 -0.075166
v 0.056669 0.052038 -0.074623
v 0.059555 0.048388 -0.073593
v 0.063398 0.042349 -0.072290
v 0.020107 0.074489 -0.089065
v 0.020472 0.074396 -0.088914
v 0.026645 0.072820 -0.086346
v -0.013020 -0.054556 -0.110867
v -0.016112 -0.053115 -0.112115
v 0.071787 -0.006703 -0.071538
v 0.070174 -0.013711 -0.072642
v 0.068276 -0.019303 -0.073785
v 0.029513 -0.057458 -0.092712
v 0.028145 -0.057814 -0.093322
v 0.067878 -0.020474 -0.074025
v 0.064924 -0.026916 -0.075674
v 0.061623 -0.032496 -0.077422
v 0.000429 -0.058997 -0.105332
v -0.003492 -0.058160 -0.106973
v -0.009918 -0.056002 -0.109615
v 0.023049 -0.059140 -0.095595
v 0.016441 -0.060057 -0.098496
v 0.014384 -0.060101 -0.099385
v 0.009763 -0.060200 -0.101381
v 0.003094 -0.059565 -0.104217
v -0.003449 -0.021539 0.115818
v -0.006641 -0.025309 0.123564
v -0.010272 -0.025801 0.131990
v -0.016890 -0.017135 0.146389
v -0.018986 -0.009148 0.150418
v -0.013849 -0.022948 0.139957
v -0.011332 0.023909 0.129425
v -0.007665 0.022707 0.121086
v -0.014802 0.021741 0.137650
v -0.017608 0.016497 0.144653
v -0.019370 0.008886 0.149487
v -0.019851 -0.000066 0.151499
v 0.000016 -0.006575 0.106314
v -0.001125 -0.015000 0.109797
v -0.000180 0.002598 0.105842
v -0.001686 0.011281 0.108441
v -0.004299 0.018300 0.113762
v 0.056117 -0.005076 -0.036193
v 0.055956 -0.006501 -0.036343
v 0.058202 -0.006226 -0.041357
v 0.042269 -0.040472 -0.044171
v 0.044443 -0.040185 -0.049215
v 0.045570 -0.035694 -0.042478
v 0.049054 -0.033240 -0.046834
v 0.046811 -0.033478 -0.041817
v 0.048856 -0.029827 -0.040728
v 0.053539 -0.017834 -0.038028
v 0.052678 -0.020536 -0.038553
v 0.054925 -0.020278 -0.043567
v 0.051966 -0.022770 -0.038987
v 0.049083 -0.029422 -0.040607
v 0.055717 -0.008621 -0.036567
v 0.055098 -0.011525 -0.036998
v 0.054185 -0.015811 -0.037635
v 0.056511 0.008033 -0.035278
v 0.056659 0.006132 -0.035322
v 0.058747 0.008324 -0.040295
v 0.056587 0.001461 -0.035619
v 0.056545 -0.001280 -0.035793
v 0.054297 0.022450 -0.035412
v 0.054657 0.021055 -0.035337
v 0.056526 0.022753 -0.040410
v 0.054984 0.019787 -0.035267
v 0.058738 0.008451 -0.040291
v 0.056119 0.013054 -0.035161
v 0.049418 0.036128 -0.036738
v 0.050607 0.033526 -0.036373
v 0.051643 0.036449 -0.041714
v 0.051144 0.032350 -0.036208
v 0.053374 0.026020 -0.035607
v 0.042111 0.048511 -0.039185
v 0.044545 0.045038 -0.038333
v 0.044306 0.048831 -0.044153
v 0.044876 0.044566 -0.038217
v 0.048259 0.038665 -0.037093
v 0.041091 0.049964 -0.039543
v 0.038916 0.055340 -0.046095
v 0.036776 0.055053 -0.041117
v 0.028007 -0.054050 -0.057178
v 0.010530 -0.015175 -0.062407
v 0.007000 -0.017274 -0.064047
v 0.015121 -0.059643 -0.063056
v 0.003192 -0.018660 -0.065767
v 0.001348 -0.061950 -0.069125
v -0.000807 -0.019285 -0.067525
v -0.012623 -0.060854 -0.075080
v -0.004861 -0.019140 -0.069264
v -0.026092 -0.056412 -0.080623
v -0.025506 0.004770 -0.076801
v -0.064928 0.003046 -0.093886
v -0.024918 0.000386 -0.076797
v -0.062496 -0.011852 -0.093707
v -0.023633 -0.003810 -0.076482
v -0.057052 -0.025991 -0.092187
v 0.020334 0.006773 -0.056935
v 0.020317 0.003085 -0.057152
v 0.013631 -0.012434 -0.060915
v 0.039358 -0.045452 -0.051786
v 0.016247 -0.009116 -0.059599
v 0.048606 -0.034277 -0.047150
v 0.018262 -0.005357 -0.058517
v 0.055286 -0.021088 -0.043502
v 0.019636 -0.001233 -0.057691
v 0.059064 -0.006546 -0.041026
v -0.064936 0.003177 -0.093882
v -0.064977 0.010397 -0.093478
v -0.064985 0.010791 -0.093458
v -0.064294 0.017691 -0.092758
v -0.064250 0.018343 -0.092701
v -0.062873 0.024906 -0.091725
v -0.062739 0.025739 -0.091619
v -0.060732 0.031890 -0.090395
v -0.060472 0.032885 -0.090225
v -0.054405 0.044840 -0.086914
v -0.053792 0.046073 -0.086578
v -0.045615 0.055927 -0.082479
v -0.044544 0.057248 -0.081941
v -0.034777 0.064623 -0.077303
v -0.033193 0.065847 -0.076549
v -0.022408 0.070515 -0.071630
v -0.020308 0.071440 -0.070671
v -0.013491 0.073014 -0.067642
v -0.015832 0.072315 -0.068692
v -0.009097 0.073321 -0.065731
v -0.008836 -0.018220 -0.070925
v -0.012633 -0.016555 -0.072466
v -0.038382 -0.048845 -0.085477
v -0.016097 -0.014206 -0.073825
v -0.048878 -0.038531 -0.089397
v -0.019159 -0.011224 -0.074975
v -0.021689 -0.007737 -0.075867
v 0.059750 0.008619 -0.039846
v 0.057310 0.023648 -0.040020
v 0.051866 0.037788 -0.041540
v 0.043692 0.050328 -0.044330
v 0.038703 0.055798 -0.046160
v 0.038672 0.055589 -0.046186
v 0.034531 0.059322 -0.047752
v 0.033195 0.060641 -0.048251
v 0.030122 0.062665 -0.049457
v 0.027238 0.064794 -0.050575
v 0.024124 0.066346 -0.051826
v 0.020906 0.068208 -0.053104
v 0.017808 0.069302 -0.054375
v 0.014278 0.070837 -0.055806
v 0.011248 0.071498 -0.057072
v 0.007437 0.072650 -0.058647
v 0.004524 0.072910 -0.059887
v 0.000607 0.073614 -0.061534
v -0.002285 0.073521 -0.062785
v -0.006263 0.073757 -0.064485
v -0.006538 0.073746 -0.064604
v 0.036649 0.055180 -0.041160
v 0.036525 0.055305 -0.041203
v 0.042054 -0.040741 -0.044277
v 0.044229 -0.040454 -0.049323
v 0.042162 -0.040606 -0.044224
v -0.064921 0.002920 -0.093890
v -0.062593 -0.011723 -0.093719
v -0.057410 -0.025540 -0.092271
v -0.014821 -0.060630 -0.075913
v -0.001253 -0.062263 -0.070160
v 0.012252 -0.060667 -0.064251
v 0.025052 -0.055917 -0.058464
v 0.036539 -0.048241 -0.053079
v -0.049620 -0.037874 -0.089615
v -0.039593 -0.048139 -0.085878
v -0.027807 -0.055847 -0.081238
v 0.006377 -0.047038 0.128487
v 0.006374 -0.047039 0.128493
v 0.005579 -0.048166 0.127819
v 0.009568 -0.045773 0.122545
v 0.010867 -0.045850 0.117578
v 0.010128 -0.045485 0.121408
v 0.011659 -0.044696 0.118299
v 0.018528 -0.040776 0.103077
v 0.016571 -0.041984 0.107716
v 0.016207 -0.042616 0.107369
v 0.014771 -0.043095 0.111982
v 0.014542 -0.043213 0.112444
v 0.015592 -0.043120 0.106948
v 0.020481 -0.039848 0.096083
v 0.021005 -0.039177 0.096446
v 0.019421 -0.040226 0.100963
v 0.024770 -0.036729 0.084182
v 0.024808 -0.036674 0.084202
v 0.022519 -0.038175 0.092129
v 0.022151 -0.038418 0.093180
v 0.024013 -0.037386 0.083868
v 0.022998 -0.037832 0.083521
v 0.023681 -0.037674 0.083730
v 0.024009 -0.037390 0.083866
v 0.022983 -0.037835 0.083516
v 0.019665 -0.040342 0.095660
v 0.022315 -0.037989 0.083312
v 0.018717 -0.040539 0.095264
v 0.021878 -0.037874 0.083216
v 0.021857 -0.037868 0.083211
v 0.018239 -0.040519 0.095094
v 0.021309 -0.037723 0.083092
v 0.017949 -0.040306 0.094466
v 0.018047 -0.040212 0.094081
v 0.019508 -0.038830 0.088387
v 0.020372 -0.038012 0.085014
v 0.020821 -0.037594 0.082984
v 0.014391 -0.043298 0.105325
v 0.014650 -0.043119 0.104676
v 0.014859 -0.043432 0.106531
v 0.016261 -0.041745 0.099690
v 0.009612 -0.046418 0.116780
v 0.009778 -0.046323 0.116420
v 0.010273 -0.046219 0.117172
v 0.011197 -0.045514 0.113331
v 0.014062 -0.043526 0.106149
v 0.007096 -0.047650 0.121878
v 0.008692 -0.046942 0.118784
v 0.004433 -0.048832 0.127043
v 0.005572 -0.048171 0.127814
v 0.017792 -0.040440 0.094952
v -0.016834 0.022307 0.117113
v -0.020500 0.023508 0.125451
v -0.023970 0.021340 0.133677
v -0.026776 0.016096 0.140680
v -0.028539 0.008485 0.145514
v -0.029019 -0.000466 0.147526
v -0.028154 -0.009549 0.146445
v -0.026058 -0.017536 0.142415
v -0.023017 -0.023348 0.135984
v -0.019440 -0.026201 0.128017
v -0.015809 -0.025709 0.119591
v -0.012617 -0.021939 0.111844
v -0.010293 -0.015401 0.105824
v -0.009152 -0.006975 0.102341
v -0.009348 0.002198 0.101868
v -0.010854 0.010881 0.104467
v -0.013467 0.017899 0.109789
v -0.023672 -0.050058 0.140188
v -0.023644 -0.050077 0.140124
v -0.022137 -0.050202 0.140839
v -0.017043 -0.052714 0.129340
v -0.017125 -0.052676 0.129525
v -0.018650 -0.052492 0.128848
v -0.014590 -0.052390 0.123646
v -0.021979 -0.050377 0.140492
v -0.021301 -0.051612 0.134876
v -0.019656 -0.051477 0.135242
v -0.021181 -0.051655 0.134603
v -0.018919 -0.052469 0.129465
v -0.026683 -0.045141 0.150818
v -0.028600 -0.041566 0.154882
v -0.030135 -0.041669 0.154255
v -0.024446 -0.047642 0.145909
v -0.026656 -0.045193 0.150760
v -0.028153 -0.044954 0.150014
v -0.028815 -0.044014 0.151446
v -0.026909 -0.046722 0.147320
v -0.025973 -0.047750 0.145265
v -0.024652 -0.049203 0.142362
v -0.031938 -0.034150 0.161835
v -0.033302 -0.030177 0.164583
v -0.034808 -0.030235 0.163886
v -0.035379 -0.028433 0.165022
v -0.034176 -0.027632 0.166343
v -0.035940 -0.026211 0.166092
v -0.034471 -0.026240 0.166884
v -0.036712 -0.023151 0.167566
v -0.037442 -0.019594 0.168891
v -0.036164 -0.018251 0.169985
v -0.037650 -0.018306 0.169242
v -0.033831 -0.033315 0.161944
v -0.033480 -0.034244 0.161227
v -0.030801 -0.037461 0.159547
v -0.032722 -0.036246 0.159680
v -0.030442 -0.038129 0.158787
v -0.031907 -0.038051 0.157981
v -0.030842 -0.040412 0.155760
v 0.001401 -0.003857 0.077676
v 0.001209 0.001236 0.077606
v 0.002891 -0.005506 0.078581
v 0.002034 0.001278 0.077764
v 0.002827 0.001315 0.078042
v 0.002758 -0.013117 0.079658
v 0.002002 -0.021428 0.082238
v 0.000552 -0.020657 0.081329
v 0.001109 -0.014957 0.079469
v 0.001194 -0.013178 0.079094
v 0.002944 -0.011063 0.079021
v 0.001387 -0.009117 0.078240
v 0.001396 -0.005572 0.077860
v -0.001165 -0.030372 0.086271
v 0.000411 -0.029883 0.086761
v -0.002191 -0.034155 0.089020
v -0.000329 -0.033442 0.088830
v -0.000606 -0.034195 0.089545
v -0.002028 -0.038060 0.093216
v -0.003508 -0.042084 0.097036
v -0.004660 -0.041027 0.095408
v -0.003532 -0.038164 0.092517
v -0.003060 -0.036968 0.091309
v -0.002448 -0.035102 0.089709
v -0.009706 -0.050165 0.112150
v -0.012061 -0.052007 0.117772
v -0.013473 -0.051795 0.116831
v -0.011208 -0.050355 0.111461
v -0.011202 -0.050352 0.111446
v -0.007543 -0.048473 0.106990
v -0.009056 -0.048251 0.106281
v -0.007407 -0.048260 0.106655
v -0.008969 -0.048134 0.106067
v -0.005426 -0.045133 0.101768
v -0.007268 -0.045860 0.101914
v -0.006931 -0.045269 0.101076
v -0.003530 -0.042142 0.097091
v -0.005397 -0.042584 0.097265
v -0.005098 -0.041952 0.096513
v -0.001079 -0.029984 0.086033
v -0.000695 -0.028249 0.084972
v 0.001301 -0.025613 0.084278
v -0.000240 -0.025674 0.083662
v 0.001871 -0.022877 0.082687
v 0.000236 -0.022978 0.082290
v 0.000445 -0.021443 0.081654
v -0.037167 -0.010789 0.171545
v -0.037883 -0.004054 0.172518
v -0.038628 -0.004084 0.172129
v -0.038363 -0.013897 0.170442
v -0.036584 -0.016276 0.170752
v -0.038704 -0.010858 0.170921
v -0.039025 -0.007994 0.171373
v -0.039308 -0.004108 0.171635
v -0.016810 -0.052650 0.124617
v -0.016109 -0.052515 0.122986
v -0.012136 -0.052067 0.117953
v -0.014453 -0.052197 0.119133
v -0.013605 -0.051850 0.117143
v 0.001311 -0.044873 0.140644
v 0.005370 -0.039515 0.139102
v 0.003500 -0.036722 0.144345
v -0.006694 0.044698 0.145424
v -0.007186 0.044331 0.146332
v -0.007025 0.042117 0.148319
v -0.011963 0.039931 0.155203
v -0.012119 0.039704 0.155499
v -0.012121 0.039428 0.155728
v -0.015517 -0.031426 0.166610
v -0.013971 -0.034443 0.164064
v -0.011895 -0.031371 0.163905
v -0.013206 -0.035890 0.162801
v -0.011580 -0.038373 0.160073
v -0.008451 -0.034038 0.159727
v -0.010238 -0.040203 0.157803
v -0.009081 -0.041558 0.155832
v -0.005391 -0.036741 0.155281
v -0.001942 -0.046802 0.143421
v -0.000711 -0.047230 0.141242
v 0.002949 -0.047722 0.134706
v 0.005875 -0.047199 0.129408
v 0.006249 -0.043721 0.132951
v -0.000020 -0.047470 0.140020
v 0.002431 -0.047678 0.135632
v 0.002689 -0.047565 0.135378
v 0.002558 -0.047689 0.135406
v 0.002736 -0.047704 0.135088
v -0.005848 -0.044660 0.150267
v -0.003676 -0.046002 0.146473
v -0.000490 -0.042182 0.145696
v -0.002949 -0.046452 0.145201
v -0.008221 -0.042566 0.154367
v -0.006470 -0.044111 0.151343
v -0.002739 -0.039453 0.150608
v -0.006228 -0.044325 0.150923
v -0.010858 -0.039475 0.158863
v -0.013318 -0.035717 0.162990
v -0.016249 -0.029605 0.167786
v -0.015689 -0.028760 0.167779
v -0.016887 -0.028017 0.168811
v -0.016364 -0.029317 0.167971
v -0.017460 -0.026590 0.169732
v -0.012278 -0.022788 0.167272
v -0.018420 -0.023563 0.171230
v -0.019799 -0.018343 0.173318
v -0.018966 -0.021769 0.172075
v -0.016594 -0.020129 0.170989
v -0.018888 -0.022085 0.171960
v -0.020231 -0.016568 0.173962
v -0.013676 -0.014049 0.170190
v -0.020367 -0.015774 0.174149
v -0.020769 -0.013432 0.174700
v -0.018416 -0.011422 0.173627
v -0.021234 -0.010728 0.175336
v -0.021317 -0.009946 0.175427
v -0.021863 -0.004762 0.176035
v -0.015878 -0.005139 0.172465
v -0.021870 -0.004598 0.176035
v -0.021973 -0.002130 0.176045
v -0.021105 -0.002524 0.175632
v -0.022115 0.001273 0.176059
v -0.018968 0.003757 0.174090
v -0.022062 0.004316 0.175750
v -0.022047 0.005172 0.175663
v -0.021462 0.013129 0.174060
v -0.017089 0.010035 0.172081
v -0.020729 0.018132 0.172401
v -0.015498 0.016214 0.169635
v -0.020638 0.018543 0.172210
v -0.021560 0.012464 0.174280
v -0.021590 0.012087 0.174360
v -0.022024 0.006547 0.175524
v -0.014199 0.022276 0.166760
v -0.019546 0.023481 0.169914
v -0.020010 0.021384 0.170890
v -0.017368 0.030088 0.165561
v -0.017844 0.028903 0.166494
v -0.013197 0.028202 0.163465
v -0.018011 0.028485 0.166824
v -0.019221 0.024541 0.169261
v -0.016404 0.032483 0.163673
v -0.012506 0.033901 0.159799
v -0.015066 0.035059 0.161099
v -0.012271 0.039483 0.155786
v -0.014319 0.036498 0.159662
v -0.014954 0.035274 0.160884
v -0.007609 0.044016 0.147114
v -0.008892 0.043057 0.149482
v -0.006959 0.036845 0.152600
v -0.009420 0.042664 0.150456
v -0.011509 0.040420 0.154355
v -0.001342 0.046482 0.135687
v -0.003202 0.046080 0.139058
v -0.002930 0.044695 0.140400
v -0.003402 0.046037 0.139420
v -0.004248 0.045853 0.140954
v -0.004652 0.045663 0.141691
v -0.002360 0.039531 0.144937
v 0.000480 0.046484 0.132408
v 0.000329 0.046483 0.132682
v 0.001207 0.043269 0.135469
v 0.001298 0.042091 0.136758
v 0.001277 0.042899 0.135768
v 0.002441 0.036512 0.140705
v 0.002271 0.037590 0.140001
v 0.002016 0.036836 0.141167
v 0.002211 0.037979 0.139747
v 0.001460 0.041935 0.136548
v 0.003080 0.032448 0.143361
v 0.002328 0.031421 0.145254
v 0.003160 0.031862 0.143667
v 0.004099 0.024439 0.147215
v 0.003950 0.025761 0.146685
v 0.002241 0.025729 0.149108
v 0.003803 0.027072 0.146159
v 0.003312 0.030733 0.144254
v 0.004508 0.020796 0.148676
v 0.001757 0.019914 0.152624
v 0.004644 0.019374 0.149076
v 0.005304 0.012138 0.150840
v 0.005253 0.012754 0.150734
v 0.000873 0.013924 0.155835
v 0.005095 0.014684 0.150401
v 0.004795 0.017815 0.149517
v 0.005417 0.010742 0.151080
v 0.005151 0.010980 0.151466
v 0.005624 0.008209 0.151516
v 0.003885 0.004899 0.154313
v 0.005778 0.005985 0.151647
v 0.006348 -0.003210 0.151693
v 0.006218 -0.000851 0.151816
v 0.002211 -0.001230 0.156826
v 0.006105 0.001239 0.151926
v 0.005963 0.003295 0.151805
v 0.003963 -0.010361 0.154344
v 0.006770 -0.012832 0.150274
v 0.006744 -0.011924 0.150528
v 0.006420 -0.004534 0.151623
v 0.006084 -0.004232 0.152126
v 0.006472 -0.005500 0.151573
v 0.006564 -0.007667 0.151220
v 0.006811 -0.014373 0.149845
v 0.001446 -0.016409 0.156213
v 0.006817 -0.014587 0.149785
v 0.006959 -0.020899 0.147771
v 0.006934 -0.018894 0.148586
v 0.004797 -0.019368 0.151346
v 0.006967 -0.021598 0.147486
v 0.001783 -0.025323 0.152994
v 0.006994 -0.023678 0.146641
v 0.006896 -0.033096 0.141561
v 0.006944 -0.031748 0.142483
v 0.006949 -0.031228 0.142764
v 0.006950 -0.031078 0.142844
v 0.006461 -0.041597 0.135042
v 0.006651 -0.038629 0.137523
v 0.006724 -0.037492 0.138472
v 0.006758 -0.036948 0.138926
v 0.006436 -0.041996 0.134708
v 0.006341 -0.042863 0.133825
v 0.001165 -0.033888 0.149446
v 0.004619 -0.028222 0.147997
v 0.006991 -0.027150 0.144964
v 0.007012 -0.025155 0.146040
v -0.004765 -0.028267 0.158912
v -0.001588 -0.031072 0.154296
v -0.001490 -0.022432 0.157749
v -0.008340 -0.025497 0.163249
v -0.009230 -0.016787 0.166361
v -0.005172 -0.019578 0.162217
v -0.006477 -0.010631 0.165028
v -0.002323 -0.013488 0.160786
v -0.004092 -0.004485 0.163307
v 0.000130 -0.007391 0.158994
v -0.002057 0.001706 0.161184
v -0.000401 0.007849 0.158691
v -0.011026 -0.007828 0.168947
v -0.013653 0.001098 0.170869
v -0.008720 -0.001636 0.167293
v -0.011717 0.007348 0.168826
v -0.006733 0.004585 0.165212
v -0.010103 0.013515 0.166366
v -0.005097 0.010740 0.162735
v -0.008814 0.019581 0.163497
v -0.003816 0.016811 0.159873
v -0.007855 0.025527 0.160227
v -0.002895 0.022779 0.156631
v -0.007237 0.031265 0.156606
v -0.002347 0.028554 0.153060
v -0.002167 0.034189 0.149125
v 0.003902 -0.049012 0.128012
v 0.005063 -0.048338 0.128765
v 0.005509 -0.047835 0.129098
v 0.005756 -0.047440 0.129302
v 0.005750 -0.047452 0.129296
v 0.005514 -0.047828 0.129101
v 0.000535 0.046479 0.132309
v 0.000736 0.046463 0.131946
v -0.000147 0.047502 0.131388
v -0.001148 0.048088 0.130147
v -0.001419 0.048116 0.130635
v -0.000678 0.047866 0.130431
v -0.000923 0.047961 0.130924
v 0.000069 0.047511 0.130882
v 0.000070 0.047511 0.130883
v 0.000111 0.047464 0.130909
v 0.000894 0.046451 0.131662
v 0.000992 0.046441 0.131486
v 0.000306 0.046684 0.132302
v 0.000483 0.046483 0.132404
v -0.001692 0.048144 0.131123
v -0.001216 0.047919 0.131399
v -0.000459 0.047562 0.131836
v -0.000418 0.047514 0.131862
v 0.000002 0.047033 0.132117
v 0.021777 -0.005366 0.126267
v 0.021637 -0.011518 0.125377
v 0.027516 -0.010190 0.112013
v 0.021164 -0.017561 0.124040
v 0.020359 -0.023450 0.122277
v 0.025769 -0.021685 0.109825
v 0.019227 -0.029137 0.120110
v 0.017772 -0.034581 0.117568
v 0.022451 -0.032522 0.106543
v 0.041575 -0.012414 0.050367
v 0.042692 -0.006837 0.050671
v 0.040998 -0.007046 0.062161
v 0.021002 0.030121 0.110148
v 0.023097 0.024721 0.111311
v 0.027589 0.024519 0.098823
v 0.019047 0.019198 0.125217
v 0.020215 0.013175 0.126168
v 0.026159 0.013385 0.112768
v 0.021064 0.007037 0.126665
v 0.021585 0.000837 0.126699
v 0.027646 0.001624 0.113009
v 0.039643 0.021133 0.051443
v 0.037349 0.026357 0.051433
v 0.035876 0.025441 0.062940
v 0.038613 0.009002 0.074555
v 0.037524 0.014407 0.074646
v 0.034645 0.013961 0.086846
v 0.023117 0.040760 0.073736
v 0.023071 0.040763 0.073974
v 0.028275 0.034419 0.074363
v 0.009741 0.044541 0.114753
v 0.009486 0.044607 0.115256
v 0.011337 0.041198 0.117272
v 0.012060 0.019307 0.138036
v 0.014433 -0.006544 0.139694
v 0.011155 -0.041935 0.124461
v 0.053321 0.000878 -0.026402
v 0.053236 0.007551 -0.026077
v 0.032876 0.054417 -0.030960
v 0.033184 0.054499 -0.031960
v 0.040793 0.044655 -0.028653
v 0.047066 0.033275 -0.026981
v 0.051287 0.020746 -0.026095
v 0.052812 -0.005751 -0.026944
v 0.051716 -0.012265 -0.027695
v 0.050052 -0.018599 -0.028642
v 0.045120 -0.030493 -0.031060
v 0.038541 -0.040927 -0.034625
v 0.038352 -0.040939 -0.034019
v 0.036837 -0.041027 -0.029125
v 0.035908 -0.041082 -0.026127
v 0.032754 -0.040630 -0.010752
v 0.033233 -0.040757 -0.013629
v 0.039806 -0.030858 -0.008652
v 0.033803 -0.040908 -0.017044
v 0.038314 -0.030534 0.002832
v 0.031169 -0.039958 0.001050
v 0.031935 -0.040413 -0.005846
v 0.029896 -0.036747 0.033445
v 0.030019 -0.037683 0.024766
v 0.036534 -0.029284 0.025983
v 0.030119 -0.038440 0.017739
v 0.030137 -0.038578 0.016461
v 0.030770 -0.039721 0.004645
v 0.031060 -0.039893 0.002040
v 0.029508 -0.035345 0.049218
v 0.029536 -0.035404 0.048400
v 0.034915 -0.028103 0.049178
v 0.029789 -0.035925 0.041065
v 0.028329 -0.034953 0.064923
v 0.028621 -0.034870 0.062711
v 0.033664 -0.027971 0.060775
v 0.028829 -0.034923 0.060076
v 0.029369 -0.035058 0.053253
v 0.027472 -0.035196 0.071421
v 0.031890 -0.028350 0.072353
v 0.025799 -0.036067 0.080092
v 0.029478 -0.029281 0.083871
v 0.025186 -0.036442 0.082634
v 0.026348 -0.030711 0.095284
v 0.015997 -0.039748 0.114680
v 0.012299 -0.036748 0.128265
v 0.013200 -0.031219 0.131621
v 0.013859 -0.025383 0.134480
v 0.014282 -0.019288 0.136801
v 0.014472 -0.012989 0.138550
v 0.014169 -0.000022 0.140219
v 0.013683 0.006507 0.140114
v 0.012977 0.012972 0.139381
v 0.010932 0.025449 0.136107
v 0.009597 0.031340 0.133623
v 0.006312 0.042186 0.127155
v 0.008058 0.036933 0.130625
v 0.006478 0.045379 0.121185
v 0.004880 0.045789 0.124332
v 0.004469 0.045894 0.125144
v 0.011641 0.043921 0.110473
v 0.017544 0.041946 0.095763
v 0.017493 0.041963 0.095933
v 0.022584 0.034661 0.097378
v 0.016317 0.042364 0.099058
v 0.018547 0.035292 0.108715
v 0.014127 0.043111 0.104874
v 0.015748 0.040200 0.107025
v 0.013724 0.043243 0.105782
v 0.020329 0.041103 0.086692
v 0.025815 0.034330 0.085908
v 0.020726 0.041017 0.085115
v 0.021370 0.040877 0.082556
v 0.023871 0.041002 0.068005
v 0.030038 0.034985 0.062791
v 0.024244 0.041122 0.065164
v 0.025041 0.042669 0.050900
v 0.025011 0.042477 0.052274
v 0.031224 0.035999 0.051231
v 0.024935 0.042007 0.055646
v 0.024435 0.041368 0.062519
v 0.025116 0.047208 0.023279
v 0.025134 0.046484 0.027456
v 0.032612 0.038834 0.028165
v 0.025174 0.044911 0.036525
v 0.025205 0.043696 0.043530
v 0.034152 0.041753 0.005147
v 0.025880 0.050195 0.005202
v 0.025476 0.049531 0.009722
v 0.025181 0.047622 0.020864
v 0.035555 0.042979 -0.006289
v 0.026495 0.051207 -0.001682
v 0.025992 0.050380 0.003945
v 0.030398 0.053764 -0.022905
v 0.029637 0.053380 -0.019458
v 0.037696 0.043956 -0.017592
v 0.029373 0.053247 -0.018263
v 0.028231 0.052671 -0.013089
v 0.027832 0.052335 -0.010469
v 0.027424 0.051990 -0.007786
v 0.031348 0.054014 -0.025994
v 0.049895 0.013725 -0.015388
v 0.052555 0.014198 -0.025975
v 0.046733 0.019692 -0.004575
v 0.048581 0.020279 -0.015472
v 0.043487 0.025149 0.006332
v 0.044773 0.025978 -0.004787
v 0.046669 0.026644 -0.015746
v 0.049448 0.027126 -0.026433
v 0.044192 0.032751 -0.016201
v 0.039232 0.028706 0.028680
v 0.040919 0.031035 0.006052
v 0.042232 0.031995 -0.005152
v 0.039144 0.037679 -0.005658
v 0.037793 0.036587 0.005652
v 0.036183 0.033949 0.028463
v 0.039729 0.014994 0.062867
v 0.042582 0.010151 0.051290
v 0.041393 0.015713 0.051394
v 0.030921 0.013635 0.099562
v 0.032484 0.002333 0.099565
v 0.036258 0.002963 0.086693
v 0.039189 0.003525 0.074407
v 0.041457 0.004034 0.062599
v 0.043198 0.004501 0.051135
v 0.043234 -0.001180 0.050928
v 0.033845 0.024823 0.074640
v 0.031127 0.024528 0.086588
v 0.013702 0.036093 0.119831
v 0.015782 0.030701 0.122026
v 0.017566 0.025056 0.123829
v 0.030162 -0.020174 0.097393
v 0.033633 -0.018997 0.085194
v 0.036322 -0.018216 0.073261
v 0.038368 -0.017850 0.061555
v 0.039895 -0.017855 0.050017
v 0.032228 -0.009050 0.098835
v 0.035917 -0.008135 0.086138
v 0.038784 -0.007468 0.073945
v 0.041723 0.023162 0.028811
v 0.043626 0.017378 0.028850
v 0.045461 0.018997 0.006482
v 0.046808 0.012648 0.006492
v 0.048075 0.013208 -0.004529
v 0.048781 0.006610 -0.004655
v 0.050594 0.007061 -0.015503
v 0.048837 -0.000022 -0.004953
v 0.050664 0.000367 -0.015817
v 0.048246 -0.006600 -0.005417
v 0.050109 -0.006275 -0.016322
v 0.047020 -0.013043 -0.006037
v 0.048939 -0.012787 -0.017009
v 0.045184 -0.019276 -0.006794
v 0.047178 -0.019097 -0.017861
v 0.042766 -0.025234 -0.007673
v 0.044854 -0.025138 -0.018862
v 0.042003 -0.030861 -0.019987
v 0.035063 -0.041012 -0.022483
v 0.039523 -0.024051 0.026606
v 0.041340 -0.025027 0.003678
v 0.041952 -0.018517 0.027168
v 0.043811 -0.019189 0.004444
v 0.043790 -0.012743 0.027661
v 0.045688 -0.013078 0.005108
v 0.045019 -0.006794 0.028077
v 0.046944 -0.006762 0.005657
v 0.045620 -0.000736 0.028407
v 0.047554 -0.000314 0.006076
v 0.045587 0.005358 0.028648
v 0.047510 0.006183 0.006356
v 0.044920 0.011420 0.028796
v 0.023107 0.041556 0.067917
v 0.019367 0.041850 0.082023
v 0.019948 0.041811 0.082165
v 0.020460 0.041498 0.082304
v 0.020554 0.041438 0.082331
v 0.021242 0.041016 0.082517
v 0.018161 0.041735 0.081738
v 0.018546 0.041904 0.081822
v 0.021817 0.041882 0.067750
v 0.019338 0.041852 0.082016
v 0.019576 0.041134 0.067416
v 0.018894 0.040956 0.072251
v 0.020512 0.041628 0.067561
v 0.018693 0.040990 0.073345
v 0.018110 0.041713 0.081726
v 0.017422 0.041207 0.080234
v 0.017155 0.041294 0.081518
v 0.022058 0.042916 0.052162
v 0.021281 0.042428 0.052067
v 0.021180 0.042228 0.053432
v 0.020974 0.042020 0.055482
v 0.020280 0.041317 0.062424
v 0.020007 0.041246 0.064358
v 0.022528 0.045159 0.036539
v 0.022287 0.045082 0.036527
v 0.022181 0.044751 0.038312
v 0.022913 0.045314 0.036567
v 0.021716 0.043297 0.046148
v 0.021669 0.043204 0.046777
v 0.023476 0.048072 0.020911
v 0.022729 0.046466 0.029067
v 0.022668 0.046274 0.030096
v 0.023566 0.048480 0.018264
v 0.023363 0.047989 0.020897
v 0.023265 0.047756 0.022148
v 0.023738 0.048097 0.020919
v 0.023863 0.049194 0.014434
v 0.025552 0.051475 -0.000435
v 0.024912 0.050612 0.005196
v 0.025084 0.050610 0.005205
v 0.024716 0.050348 0.006917
v 0.023865 0.049197 0.014420
v 0.025909 0.051763 -0.002656
v 0.026259 0.051589 -0.002647
v 0.026731 0.052389 -0.007606
v 0.027502 0.052562 -0.010486
v 0.027242 0.052778 -0.010683
v 0.028159 0.053162 -0.014620
v 0.029132 0.053411 -0.018295
v 0.029018 0.053521 -0.018305
v 0.031828 0.054369 -0.028184
v 0.031191 0.054189 -0.026024
v 0.031183 0.054125 -0.026033
v 0.029851 0.053811 -0.021484
v 0.029413 0.053687 -0.020001
v 0.033685 0.054710 -0.033665
v 0.034042 0.054870 -0.034749
v 0.032692 0.054613 -0.031112
v 0.036487 0.055301 -0.041115
v 0.035785 0.055202 -0.039445
v 0.025348 0.050509 0.005210
v 0.024774 0.047867 0.020899
v 0.024607 0.045217 0.036567
v 0.024323 0.042911 0.052282
v 0.025578 0.051511 -0.000665
v 0.023190 0.043153 0.052248
v 0.023769 0.045418 0.036592
v 0.024271 0.048047 0.020920
v 0.036694 -0.041149 -0.029169
v 0.022723 -0.037255 0.079213
v 0.022639 -0.037235 0.079196
v 0.025058 -0.035926 0.064445
v 0.021995 -0.037077 0.079069
v 0.023125 -0.035888 0.070885
v 0.021657 -0.036897 0.079014
v 0.024626 -0.037071 0.079681
v 0.023901 -0.037218 0.079492
v 0.026371 -0.036047 0.064615
v 0.023893 -0.037220 0.079490
v 0.023172 -0.037365 0.079302
v 0.027610 -0.035598 0.064800
v 0.025036 -0.036720 0.079825
v 0.024959 -0.036786 0.079798
v 0.028868 -0.035853 0.049198
v 0.029343 -0.037118 0.033466
v 0.030600 -0.040247 0.002026
v 0.029765 -0.038715 0.017755
v 0.032924 -0.041021 -0.013664
v 0.039207 -0.040956 -0.036768
v 0.038626 -0.041106 -0.035410
v 0.039558 -0.041006 -0.037820
v 0.037297 -0.041188 -0.031254
v 0.036636 -0.041230 -0.029186
v 0.033556 -0.041292 -0.017657
v 0.033687 -0.041308 -0.018291
v 0.035349 -0.041270 -0.024523
v 0.036372 -0.041246 -0.028360
v 0.029295 -0.038949 0.017763
v 0.030353 -0.040376 0.002015
v 0.030921 -0.040771 -0.003381
v 0.031691 -0.041077 -0.008645
v 0.032096 -0.041123 -0.010601
v 0.032733 -0.041197 -0.013679
v 0.028321 -0.039026 0.017977
v 0.028345 -0.039051 0.017741
v 0.028524 -0.039066 0.017749
v 0.028559 -0.039285 0.015567
v 0.029898 -0.040287 0.004008
v 0.030125 -0.040456 0.002054
v 0.030132 -0.040459 0.002002
v 0.025810 -0.035751 0.049014
v 0.026203 -0.036144 0.044243
v 0.026646 -0.036098 0.049077
v 0.026703 -0.036646 0.038167
v 0.027698 -0.037403 0.033454
v 0.026902 -0.036938 0.035691
v 0.027084 -0.037206 0.033424
v 0.027303 -0.037295 0.033435
v 0.027566 -0.037915 0.027404
v 0.028210 -0.038861 0.019376
v 0.023235 -0.035812 0.070276
v 0.024103 -0.035489 0.064335
v 0.024406 -0.035375 0.062260
v 0.024445 -0.035380 0.061909
v 0.025441 -0.035514 0.052999
v 0.025594 -0.035535 0.051628
v 0.027783 -0.036210 0.049149
v 0.028546 -0.037408 0.033474
v 0.028782 -0.039060 0.017757
v 0.029020 -0.039630 0.011591
v 0.026608 -0.054122 -0.051694
v 0.022840 -0.056123 -0.053431
v 0.037369 -0.045803 -0.046583
v 0.035549 -0.047381 -0.047458
v -0.066666 0.012602 -0.088095
v -0.066459 0.017405 -0.087732
v -0.065215 0.022357 -0.086915
v -0.062890 0.031605 -0.085388
v -0.062742 0.031907 -0.085306
v -0.058468 0.040649 -0.082968
v -0.056556 0.044557 -0.081923
v -0.053282 0.048684 -0.080277
v -0.039933 0.061921 -0.073773
v -0.047252 0.056051 -0.077260
v -0.047759 0.055644 -0.077502
v -0.036917 0.064340 -0.072336
v -0.032021 0.066673 -0.070093
v -0.024546 0.070232 -0.066669
v -0.023611 0.070430 -0.066256
v -0.014624 0.072325 -0.062276
v -0.011233 0.073040 -0.060774
v -0.008659 0.073210 -0.059656
v -0.005526 0.073046 -0.058314
v 0.002387 0.072629 -0.054928
v 0.003631 0.072291 -0.054412
v 0.012598 0.069854 -0.050687
v 0.015669 0.069019 -0.049410
v 0.021119 0.066081 -0.047229
v 0.027979 0.062383 -0.044483
v 0.029264 0.061319 -0.043990
v -0.067094 0.002633 -0.088846
v -0.065523 -0.007247 -0.088730
v -0.064766 -0.012010 -0.088674
v -0.051794 -0.038161 -0.084571
v -0.054144 -0.034439 -0.085372
v -0.059401 -0.026115 -0.087164
v -0.059583 -0.025827 -0.087227
v -0.062959 -0.016828 -0.088169
v -0.029980 -0.056134 -0.076194
v -0.033259 -0.053989 -0.077484
v -0.041215 -0.048786 -0.080617
v -0.041767 -0.048426 -0.080834
v -0.048061 -0.041982 -0.083180
v -0.006882 -0.062134 -0.066581
v -0.016042 -0.061032 -0.070466
v -0.016994 -0.060918 -0.070869
v -0.024841 -0.058027 -0.074087
v 0.001347 -0.062357 -0.063048
v -0.000845 -0.062496 -0.064000
v -0.003426 -0.062550 -0.065116
v 0.011297 -0.060545 -0.058656
v 0.010059 -0.060870 -0.059209
v 0.007954 -0.061423 -0.060147
v 0.002277 -0.062226 -0.062640
v 0.020657 -0.057283 -0.054438
v 0.019998 -0.057541 -0.054737
v 0.014415 -0.059726 -0.057267
v 0.034310 -0.048454 -0.048053
v 0.032200 -0.050281 -0.049065
v 0.028123 -0.053082 -0.050982
v 0.005757 -0.047136 0.114510
v 0.001799 -0.049587 0.125161
v -0.003261 -0.050684 0.121916
v -0.000904 -0.049532 0.117347
v -0.010808 -0.051496 0.115560
v -0.009399 -0.050411 0.112199
v -0.003123 -0.048528 0.110756
v -0.008417 -0.049654 0.109855
v -0.007870 -0.049021 0.108530
v -0.011538 -0.051893 0.117285
v -0.007384 -0.051349 0.119536
v -0.004730 -0.051003 0.120974
v 0.001439 -0.047858 0.112668
v 0.010318 -0.043415 0.104400
v 0.012299 -0.041407 0.099337
v 0.014041 -0.039402 0.094261
v 0.015523 -0.037470 0.089171
v 0.016713 -0.035726 0.084384
v 0.017729 -0.036188 0.084038
v 0.020497 -0.037446 0.083095
v 0.010562 -0.035838 0.090294
v 0.011594 -0.033387 0.086150
v 0.012260 -0.033694 0.085918
v 0.014037 -0.034509 0.085296
v 0.014925 -0.034912 0.084994
v 0.015963 -0.035385 0.084640
v 0.007089 -0.031491 0.087449
v 0.008714 -0.032065 0.087156
v 0.005239 -0.034530 0.090873
v 0.009039 -0.032214 0.087043
v 0.003895 -0.037881 0.094476
v 0.004280 -0.030661 0.087713
v 0.005315 -0.030866 0.087768
v 0.006323 -0.031222 0.087587
v -0.000666 -0.035442 0.090538
v -0.000331 -0.034218 0.089642
v 0.001157 -0.037817 0.093867
v 0.000715 -0.030386 0.086842
v 0.002507 -0.030385 0.087500
v 0.002877 -0.030385 0.087637
v 0.002440 -0.034177 0.090569
v 0.003497 -0.030507 0.087670
v -0.005097 -0.045354 0.101761
v -0.001883 -0.044112 0.101330
v -0.006147 -0.047029 0.104353
v -0.007151 -0.048191 0.106787
v 0.005698 -0.043549 0.103530
v 0.003250 -0.043673 0.103005
v 0.007550 -0.041068 0.099059
v 0.006605 -0.038111 0.094704
v 0.009180 -0.038473 0.094647
v 0.000691 -0.043866 0.102285
v 0.009686 -0.032511 0.086816
v 0.009691 -0.032514 0.086815
v -0.002187 -0.039685 0.094475
v -0.001674 -0.038256 0.093148
v -0.001561 -0.037938 0.092854
v -0.004458 -0.044334 0.100185
v -0.004103 -0.043766 0.099307
v -0.003270 -0.041993 0.097206
v -0.003299 -0.050693 0.121893
v -0.002713 0.025539 0.084206
v -0.002159 0.023340 0.083148
v 0.000605 0.007986 0.078320
v 0.000926 0.005122 0.077868
v -0.016427 0.048543 0.113528
v -0.014459 0.047162 0.109129
v -0.009930 0.042128 0.099186
v -0.007951 0.038848 0.094950
v -0.003168 0.027089 0.085099
v -0.012127 0.044878 0.103976
v -0.010847 0.043405 0.101172
v -0.009936 0.042135 0.099198
v -0.039430 -0.001543 0.171658
v 0.000263 0.011025 0.078799
v -0.000449 0.015433 0.079999
v -0.014064 0.046884 0.108245
v -0.013089 0.045986 0.106086
v -0.024266 0.049086 0.131562
v -0.023282 0.049441 0.129254
v -0.021990 0.049629 0.126255
v -0.020918 0.049786 0.123765
v -0.030524 0.043445 0.146571
v -0.029123 0.045231 0.143160
v -0.028715 0.045751 0.142166
v -0.001387 0.020279 0.081675
v -0.000657 0.016721 0.080350
v -0.007856 0.038690 0.094746
v -0.006596 0.036176 0.092092
v -0.006187 0.035200 0.091245
v -0.004790 0.031875 0.088358
v -0.004621 0.031373 0.088017
v -0.003273 0.027397 0.085309
v -0.019449 0.049592 0.120395
v -0.018807 0.049508 0.118922
v -0.016920 0.048743 0.114645
v -0.026884 0.047441 0.137767
v -0.026551 0.047748 0.136969
v -0.024491 0.048955 0.132094
v -0.035430 0.032929 0.158950
v -0.034803 0.034763 0.157320
v -0.034577 0.035315 0.156743
v -0.033171 0.038741 0.153154
v -0.038212 0.020920 0.166583
v -0.037862 0.022804 0.165585
v -0.037236 0.026169 0.163800
v -0.037018 0.027108 0.163203
v -0.036750 0.028267 0.162466
v -0.035900 0.031267 0.160203
v -0.039322 0.010331 0.170210
v -0.038920 0.015406 0.168772
v -0.038517 0.018545 0.167526
v -0.033003 0.039084 0.152731
v -0.032422 0.040262 0.151272
v -0.031163 0.042374 0.148153
v -0.039491 0.002702 0.171370
v -0.039515 0.004420 0.171254
v -0.039322 0.010321 0.170211
v 0.000792 -0.030038 0.086631
v 0.001266 -0.027866 0.085317
v 0.001106 -0.028597 0.085759
v 0.002097 -0.023084 0.082919
v 0.001640 -0.025714 0.084237
v 0.002783 -0.017448 0.080768
v 0.002304 -0.021440 0.082274
v 0.002130 -0.022895 0.082823
v 0.003299 -0.005036 0.078322
v 0.003292 -0.005515 0.078389
v 0.003197 -0.011171 0.079179
v 0.003192 -0.011411 0.079213
v 0.003075 -0.013150 0.079661
v 0.003090 0.001326 0.078163
v 0.003297 -0.004949 0.078319
v -0.037614 -0.004042 0.172627
v -0.037181 -0.008258 0.172052
v -0.035984 -0.017716 0.170247
v -0.036443 -0.015420 0.171074
v -0.036693 -0.013000 0.171404
v -0.036920 -0.010788 0.171706
v -0.034252 -0.026275 0.167110
v -0.034310 -0.026091 0.167227
v -0.035045 -0.022415 0.168552
v -0.035882 -0.018228 0.170061
v -0.034000 -0.027070 0.166610
v -0.033022 -0.030155 0.164663
v -0.032635 -0.031374 0.163893
v -0.031722 -0.034251 0.162079
v -0.031242 -0.035682 0.161115
v -0.031320 -0.035519 0.161278
v -0.027816 -0.042832 0.153929
v -0.028365 -0.041686 0.155082
v -0.029529 -0.039256 0.157522
v -0.030133 -0.037996 0.158789
v -0.027624 -0.043233 0.153527
v -0.026374 -0.044895 0.150812
v -0.025901 -0.045524 0.149782
v -0.024197 -0.047792 0.146078
v -0.021855 -0.049948 0.140892
v -0.021990 -0.049852 0.141193
v -0.023407 -0.048842 0.144362
v -0.019997 -0.051271 0.136739
v -0.023976 -0.048085 0.145598
v -0.016864 -0.052363 0.129621
v -0.018046 -0.052189 0.132331
v -0.018881 -0.052066 0.134246
v -0.016127 -0.052471 0.127931
v -0.019393 -0.051700 0.135391
v -0.014303 -0.052739 0.123749
v -0.011795 -0.051972 0.117886
v -0.012898 -0.052315 0.120466
v -0.014274 -0.052743 0.123684
v -0.008581 -0.051895 0.122368
v -0.004311 -0.051135 0.124294
v 0.003869 -0.049020 0.128074
v 0.002269 -0.049404 0.131006
v -0.005752 -0.051023 0.127456
v -0.005954 -0.051063 0.127367
v -0.010018 -0.051884 0.125568
v -0.019203 -0.021883 0.172194
v -0.018079 0.029059 0.166588
v -0.013762 0.042103 0.153431
v -0.014011 0.041811 0.153902
v -0.012696 0.041380 0.154328
v -0.022447 0.023597 0.170421
v -0.022761 0.022114 0.171093
v -0.021378 0.021889 0.171289
v -0.019193 -0.029925 0.168401
v -0.018989 -0.030458 0.168073
v -0.017649 -0.030059 0.168302
v -0.013492 -0.040654 0.158896
v -0.012672 -0.041720 0.157491
v -0.011383 -0.041204 0.157867
v 0.001551 -0.048877 0.135145
v 0.000355 -0.049458 0.134481
v -0.004143 -0.048635 0.142574
v -0.003811 -0.048798 0.141984
v -0.002916 -0.048000 0.143131
v -0.002094 -0.049203 0.138904
v -0.000870 -0.049493 0.136707
v -0.009025 -0.045617 0.151191
v -0.008546 -0.045977 0.150351
v -0.007287 -0.045402 0.150810
v -0.006630 -0.047414 0.146989
v -0.004383 -0.048517 0.142999
v -0.011670 -0.043020 0.155779
v -0.011303 -0.043392 0.155143
v -0.009319 -0.045398 0.151707
v -0.014398 -0.036740 0.162955
v -0.015713 -0.037211 0.162653
v -0.015559 -0.037463 0.162394
v -0.014088 -0.039882 0.159914
v -0.018554 -0.031599 0.167371
v -0.017465 -0.033858 0.165570
v -0.016364 -0.036141 0.163750
v -0.020272 -0.022286 0.172445
v -0.020712 -0.025711 0.170831
v -0.020383 -0.026808 0.170317
v -0.022002 -0.021290 0.172834
v -0.023037 -0.016830 0.174377
v -0.022147 -0.013780 0.175196
v -0.021869 -0.021862 0.172637
v -0.021647 -0.022599 0.172290
v -0.023984 -0.011226 0.175678
v -0.023832 -0.012123 0.175469
v -0.023519 -0.013977 0.175039
v -0.024630 -0.005138 0.176403
v -0.023227 -0.004758 0.176484
v -0.024642 -0.004857 0.176405
v -0.024801 0.006065 0.175911
v -0.024835 0.004412 0.176090
v -0.023458 0.004400 0.176249
v -0.024901 0.001141 0.176444
v -0.024720 -0.003068 0.176417
v -0.024234 0.013546 0.174357
v -0.024359 0.012668 0.174643
v -0.022833 0.013418 0.174491
v -0.024511 0.010770 0.175055
v -0.024770 0.007543 0.175752
v -0.023186 0.020111 0.171999
v -0.023542 0.018428 0.172762
v -0.023962 0.015469 0.173729
v -0.019143 0.029557 0.166741
v -0.020514 0.029873 0.166489
v -0.020899 0.028888 0.167255
v -0.022154 0.024599 0.169821
v -0.017574 0.036532 0.160715
v -0.017663 0.036357 0.160887
v -0.016221 0.036122 0.161033
v -0.019052 0.033604 0.163589
v -0.019369 0.032795 0.164219
v -0.015045 0.040598 0.155858
v -0.015777 0.039464 0.157261
v -0.017238 0.037200 0.160060
v -0.008725 0.045100 0.146921
v -0.010042 0.045648 0.146447
v -0.011660 0.044275 0.149471
v -0.012568 0.043503 0.151171
v -0.005684 0.047667 0.138404
v -0.007176 0.047244 0.141143
v -0.004425 0.047175 0.139023
v -0.007315 0.047167 0.141398
v -0.009498 0.045951 0.145439
v -0.003414 0.048152 0.134250
v -0.004353 0.048044 0.135962
v -0.003572 0.046344 0.139370
v -0.007808 0.044312 0.147121
v -0.011721 0.040666 0.154395
v -0.015197 0.035505 0.160980
v -0.020284 0.021526 0.171057
v -0.021720 0.013202 0.174203
v -0.022340 0.004341 0.175932
v -0.022112 -0.004660 0.176162
v -0.021050 -0.013526 0.174895
v -0.016617 -0.029518 0.168122
v -0.013413 -0.036080 0.162868
v -0.010443 -0.040461 0.157870
v -0.006407 -0.044580 0.150938
v -0.002101 -0.047122 0.143399
v 0.002298 -0.047977 0.135561
v 0.002031 -0.048365 0.135412
v -0.003885 0.046708 0.139252
v -0.008150 0.044656 0.147066
v -0.012088 0.040978 0.154397
v -0.015586 0.035774 0.161033
v -0.018487 0.029276 0.166683
v -0.020706 0.021684 0.171186
v -0.022150 0.013297 0.174356
v -0.022772 0.004368 0.176097
v -0.022543 -0.004700 0.176329
v -0.021473 -0.013634 0.175053
v -0.019614 -0.022054 0.172330
v -0.017012 -0.029750 0.168229
v -0.013787 -0.036363 0.162935
v -0.010797 -0.040780 0.157899
v -0.006734 -0.044935 0.150913
v -0.002399 -0.047501 0.143314
v 0.016360 0.041702 0.085543
v 0.016264 0.041639 0.085521
v 0.014880 0.042337 0.091015
v 0.015717 0.042993 0.098737
v 0.019464 0.041733 0.086403
v 0.019457 0.041738 0.086401
v 0.011192 0.044527 0.110161
v 0.010528 0.044982 0.109773
v 0.005559 0.046469 0.120538
v 0.004930 0.046793 0.120157
v 0.004225 0.046938 0.119765
v 0.003631 0.047134 0.121069
v 0.001603 0.047539 0.124923
v 0.009241 0.045122 0.108139
v 0.008922 0.045264 0.108982
v 0.009768 0.045236 0.109376
v 0.007864 0.045737 0.111773
v 0.004391 0.046883 0.119400
v 0.011389 0.044160 0.102470
v 0.013894 0.043531 0.097961
v 0.011539 0.044093 0.102073
v 0.014653 0.042450 0.091911
v 0.013178 0.043229 0.096728
v 0.012907 0.043372 0.097610
v 0.014712 0.042421 0.091681
v 0.015673 0.042744 0.091967
v 0.018388 0.042084 0.086077
v 0.017681 0.042177 0.085874
v 0.017273 0.042030 0.085771
v 0.017250 0.042022 0.085765
v 0.018396 0.042083 0.086079
v 0.014853 0.043417 0.098345
v 0.019112 0.041988 0.086285
v -0.030658 0.028903 -0.010256
v -0.027660 0.034036 -0.009324
v -0.035877 0.037647 -0.018648
v 0.005865 0.049512 0.005551
v 0.003180 0.053518 -0.001759
v -0.003010 0.052212 -0.002868
v 0.011002 0.050488 0.006239
v 0.009372 0.053963 -0.000946
v 0.007067 0.061787 -0.015440
v 0.014979 0.059711 -0.014700
v 0.015381 0.062358 -0.022197
v -0.009348 0.031825 0.008948
v -0.011804 0.027933 0.008251
v -0.005030 0.025386 0.017125
v -0.003163 0.038726 0.010573
v -0.006458 0.035447 0.009731
v -0.000845 0.032214 0.018231
v 0.025889 -0.038448 0.019219
v 0.022416 -0.037625 0.018953
v 0.021881 -0.039579 0.011202
v 0.016313 -0.057819 -0.045275
v 0.025038 -0.053313 -0.042412
v 0.023074 -0.052721 -0.033935
v 0.008510 -0.003187 0.054957
v 0.008496 -0.003076 0.054950
v 0.008220 -0.003074 0.052707
v 0.018743 0.040372 0.046240
v 0.018654 0.041917 0.037765
v 0.026625 0.060769 -0.036472
v -0.035791 0.065816 -0.064400
v -0.043707 0.060702 -0.067933
v -0.056768 0.047163 -0.074060
v -0.061697 0.039085 -0.076528
v -0.068011 0.021229 -0.080088
v -0.069327 0.011803 -0.081139
v -0.062251 -0.025344 -0.080330
v -0.051676 -0.041270 -0.076891
v -0.028663 -0.057973 -0.068363
v -0.019626 -0.060989 -0.064847
v 0.032865 -0.047594 -0.039942
v 0.017929 -0.057830 -0.050031
v 0.026444 -0.053323 -0.046711
v 0.008815 -0.060928 -0.053611
v -0.000651 -0.062507 -0.057353
v -0.065840 -0.016465 -0.081294
v -0.069400 0.002271 -0.081695
v -0.008443 0.072821 -0.053020
v -0.017959 0.071981 -0.056831
v 0.024642 0.059777 -0.028987
v 0.023209 0.058425 -0.021651
v 0.022138 0.056697 -0.014499
v 0.020934 0.052710 -0.000360
v 0.020791 0.050784 0.006870
v 0.020833 0.048919 0.014291
v 0.017605 0.045933 0.021628
v 0.018249 0.043792 0.029548
v 0.018450 0.039245 0.054920
v 0.016415 0.038596 0.072637
v 0.017698 0.038629 0.063743
v 0.017151 0.041290 0.081511
v 0.014666 0.037337 0.075348
v 0.013531 0.034621 0.072001
v 0.013440 0.034404 0.071732
v 0.015252 0.038340 0.076856
v 0.015512 0.038784 0.077523
v 0.016388 0.040281 0.079770
v 0.017122 0.041254 0.081446
v 0.013239 0.033923 0.071139
v 0.013150 0.033634 0.070850
v 0.014322 0.033616 0.062913
v 0.012123 0.030328 0.067532
v 0.011946 0.028393 0.062460
v 0.010445 0.023614 0.062252
v 0.010870 0.025494 0.063489
v 0.010883 0.025545 0.063531
v 0.011581 0.028309 0.065781
v 0.011948 0.029766 0.066968
v 0.008048 0.013329 0.053256
v 0.008414 0.013074 0.056824
v 0.008652 0.014652 0.057426
v 0.009709 0.020296 0.060141
v 0.009812 0.020811 0.060408
v 0.010395 0.023885 0.053600
v 0.008878 0.016137 0.057993
v 0.007643 0.002398 0.052869
v 0.007882 0.002354 0.054663
v 0.007854 0.002896 0.054685
v 0.007588 0.007900 0.053058
v 0.007843 0.007268 0.055191
v 0.007954 0.008636 0.055530
v 0.008198 0.011652 0.056280
v 0.007946 0.001398 0.054647
v 0.009300 -0.008416 0.052559
v 0.009634 -0.008351 0.056115
v 0.009452 -0.007696 0.055888
v 0.008664 -0.003923 0.055109
v 0.012896 -0.018912 0.060892
v 0.012748 -0.018485 0.060615
v 0.012843 -0.018632 0.052239
v 0.012460 -0.017653 0.060076
v 0.011777 -0.015543 0.059040
v 0.010796 -0.012510 0.057552
v 0.010071 -0.009913 0.056654
v 0.015352 -0.025678 0.065772
v 0.014570 -0.023659 0.064093
v 0.014934 -0.023490 0.060799
v 0.014309 -0.022984 0.063532
v 0.017145 -0.029793 0.069683
v 0.016791 -0.029053 0.068902
v 0.017894 -0.028423 0.060927
v 0.016100 -0.027607 0.067376
v 0.019419 -0.033866 0.074551
v 0.018131 -0.031856 0.071860
v 0.020580 -0.033741 0.070321
v 0.021637 -0.036875 0.078979
v 0.021321 -0.036523 0.078389
v 0.020385 -0.035373 0.076569
v 0.019725 -0.034343 0.075189
v 0.021826 -0.033060 0.061448
v 0.022611 -0.033022 0.052606
v 0.023057 -0.034552 0.035316
v 0.022999 -0.033551 0.043873
v 0.026084 -0.041128 0.003926
v 0.026419 -0.042560 -0.003410
v 0.027039 -0.044020 -0.010621
v 0.028020 -0.045473 -0.017770
v 0.030809 -0.047315 -0.032416
v 0.029256 -0.046607 -0.025014
v -0.059592 -0.031514 -0.064878
v -0.063766 -0.023587 -0.065949
v -0.063675 -0.024495 -0.073168
v -0.059217 -0.032634 -0.071902
v -0.068232 -0.007205 -0.081749
v -0.069235 -0.007052 -0.074323
v -0.070324 0.001979 -0.074245
v -0.068921 -0.006840 -0.066864
v -0.069935 0.001763 -0.066764
v -0.067465 -0.006569 -0.059572
v -0.068408 0.001617 -0.059454
v -0.065079 -0.006250 -0.052571
v -0.065957 0.001533 -0.052439
v -0.061963 -0.005891 -0.045914
v -0.062782 0.001503 -0.045771
v -0.054180 -0.005091 -0.033654
v -0.043876 -0.010182 -0.022685
v -0.052768 -0.011728 -0.033657
v -0.060343 -0.013248 -0.045850
v -0.063330 -0.013977 -0.052455
v -0.065571 -0.014669 -0.059389
v -0.066870 -0.015320 -0.066601
v -0.067018 -0.015920 -0.073969
v -0.058798 -0.030314 -0.057974
v -0.053851 -0.037603 -0.056663
v -0.052385 -0.036149 -0.050179
v -0.046694 -0.042743 -0.048638
v -0.044755 -0.041032 -0.042604
v -0.038368 -0.046802 -0.040855
v -0.033389 -0.042595 -0.029912
v 0.006940 -0.060894 -0.048487
v -0.010214 -0.062523 -0.061138
v -0.012563 -0.062254 -0.055496
v -0.002786 -0.062391 -0.051943
v -0.004157 -0.061920 -0.046549
v 0.005668 -0.060536 -0.043399
v 0.004919 -0.059853 -0.038432
v 0.014346 -0.056997 -0.035946
v 0.021928 -0.051369 -0.025839
v -0.022106 -0.060514 -0.058999
v -0.013995 -0.061629 -0.049845
v -0.004857 -0.061093 -0.041280
v 0.004601 -0.058848 -0.033643
v 0.013620 -0.055113 -0.027182
v 0.013558 -0.053779 -0.023054
v 0.021254 -0.049269 -0.018189
v 0.013630 -0.052187 -0.019089
v 0.020899 -0.046641 -0.010879
v -0.054343 -0.038945 -0.063362
v -0.047846 -0.044299 -0.054917
v -0.039973 -0.048599 -0.046684
v -0.031017 -0.051656 -0.038748
v -0.006024 -0.025920 0.007100
v -0.008911 -0.022300 0.006643
v -0.024028 -0.029047 -0.011344
v -0.027598 -0.024243 -0.011958
v -0.035971 -0.027608 -0.021710
v -0.039343 -0.021939 -0.022252
v -0.047653 -0.024867 -0.033049
v -0.050614 -0.018339 -0.033473
v -0.057873 -0.020544 -0.045540
v -0.030509 -0.019186 -0.012370
v -0.032784 -0.013978 -0.012602
v -0.041963 -0.016101 -0.022563
v -0.016254 -0.006072 0.005917
v -0.013421 -0.014417 0.006073
v -0.011379 -0.018442 0.006302
v -0.029160 -0.049575 -0.033375
v -0.026818 -0.047236 -0.028226
v -0.021141 -0.042138 -0.018537
v -0.014743 -0.045570 -0.017046
v -0.009509 -0.040623 -0.008372
v -0.003623 -0.043078 -0.007156
v 0.004874 -0.034634 0.008991
v 0.009049 -0.036614 0.009675
v -0.044845 -0.047966 -0.074455
v -0.037127 -0.053586 -0.071593
v -0.039549 -0.052680 -0.065331
v -0.031168 -0.057272 -0.062314
v -0.032514 -0.056287 -0.056204
v -0.023535 -0.059709 -0.053115
v -0.024034 -0.058576 -0.047334
v -0.014618 -0.060650 -0.044309
v -0.014562 -0.059320 -0.038961
v -0.005000 -0.059916 -0.036198
v -0.004690 -0.058393 -0.031332
v 0.004625 -0.057524 -0.029053
v -0.004018 -0.056527 -0.026689
v 0.004917 -0.055887 -0.024667
v -0.003058 -0.054323 -0.022261
v 0.005416 -0.053937 -0.020481
v 0.006890 -0.049489 -0.012566
v 0.014112 -0.048541 -0.011524
v 0.015075 -0.045090 -0.004118
v 0.020978 -0.044117 -0.003617
v -0.047089 -0.046914 -0.067966
v -0.040730 -0.051544 -0.058992
v -0.032832 -0.055018 -0.050188
v -0.023748 -0.057119 -0.041738
v -0.013949 -0.057645 -0.033835
v -0.012883 -0.055630 -0.028938
v -0.011447 -0.053280 -0.024262
v -0.000506 -0.049329 -0.013926
v 0.008870 -0.045309 -0.004923
v 0.016323 -0.041917 0.003280
v 0.021355 -0.041753 0.003708
v 0.025938 -0.039747 0.011452
v -0.057508 -0.033670 -0.078858
v -0.053672 -0.040168 -0.070166
v -0.048039 -0.045692 -0.061395
v -0.040815 -0.050182 -0.052743
v -0.032283 -0.053473 -0.044356
v -0.022814 -0.055345 -0.036365
v -0.021349 -0.053259 -0.031223
v -0.019448 -0.050867 -0.026304
v -0.007799 -0.048007 -0.015467
v 0.002567 -0.044652 -0.005969
v 0.013346 -0.038080 0.010301
v -0.002733 -0.029231 0.007661
v -0.019799 -0.033473 -0.010525
v -0.031810 -0.032974 -0.020910
v -0.043820 -0.031198 -0.032334
v -0.054488 -0.027702 -0.044927
v -0.060666 -0.021603 -0.052050
v -0.017240 0.011050 0.006466
v -0.017511 0.002449 0.006067
v -0.009518 0.002611 0.015373
v -0.008448 -0.005025 0.015226
v -0.006103 -0.012489 0.015310
v -0.002441 -0.019564 0.015685
v 0.002503 -0.025923 0.016369
v 0.008560 -0.031195 0.017279
v 0.000919 -0.032157 0.008304
v -0.014937 -0.037379 -0.009520
v -0.026856 -0.037877 -0.019844
v -0.039069 -0.037175 -0.031292
v -0.050128 -0.034592 -0.043959
v -0.057034 -0.029040 -0.051307
v -0.062695 -0.022620 -0.058870
v 0.017658 -0.039050 0.010820
v 0.018891 -0.036525 0.018619
v 0.015365 -0.035102 0.018216
v 0.013553 -0.020806 0.062119
v 0.015359 -0.023592 0.052129
v 0.014952 -0.024475 0.043359
v 0.018552 -0.028448 0.052207
v 0.018609 -0.029206 0.043502
v 0.018082 -0.030614 0.034882
v 0.017269 -0.030052 0.069956
v 0.000485 0.041591 0.011432
v 0.004572 0.038077 0.019496
v 0.004408 0.043989 0.012256
v 0.009746 0.044234 0.016808
v 0.008511 0.045896 0.012991
v 0.014161 0.037470 0.037063
v 0.010887 0.042670 0.020706
v 0.012811 0.039851 0.028744
v 0.007896 0.035033 0.027855
v 0.010317 0.032486 0.036437
v 0.007160 0.027058 0.035885
v 0.009360 0.025197 0.044789
v 0.007524 0.019752 0.044510
v 0.014878 0.035584 0.045577
v 0.011787 0.030484 0.045119
v -0.015381 0.019637 0.007163
v -0.009332 0.010314 0.015717
v -0.002903 0.002688 0.024864
v -0.001994 -0.004193 0.024715
v -0.000070 -0.010907 0.024724
v 0.002868 -0.017299 0.024917
v 0.006775 -0.023176 0.025296
v 0.011545 -0.028329 0.025827
v 0.016982 -0.032599 0.026424
v 0.022840 -0.035933 0.026994
v 0.025851 -0.037270 0.027258
v 0.003748 0.029411 0.026980
v 0.000539 0.023161 0.026212
v 0.004733 0.021273 0.035400
v 0.003068 0.015214 0.034985
v 0.006269 0.014147 0.044241
v 0.005625 0.008398 0.043989
v -0.013815 0.023848 0.007655
v -0.007856 0.017975 0.016285
v -0.001647 0.016499 0.025602
v -0.002789 0.009623 0.025157
v 0.002202 0.008979 0.034650
v 0.002152 0.002674 0.034401
v 0.005631 0.002573 0.043775
v 0.002925 -0.003588 0.034247
v 0.006295 -0.003214 0.043617
v 0.004502 -0.009692 0.034188
v 0.007593 -0.008855 0.043505
v 0.006852 -0.015532 0.034222
v 0.009484 -0.014285 0.043419
v 0.009929 -0.021021 0.034345
v 0.011932 -0.019491 0.043359
v 0.013689 -0.026074 0.034562
v 0.017224 0.047091 0.017785
v 0.014941 0.034273 0.054216
v 0.012325 0.029096 0.053816
v 0.010349 0.023192 0.061974
v 0.008991 0.069348 -0.041202
v 0.018185 0.065699 -0.038601
v 0.016333 0.064346 -0.030187
v 0.007166 0.067713 -0.031952
v 0.006693 0.065202 -0.023330
v 0.021355 0.054689 -0.007461
v 0.001156 0.072101 -0.049352
v 0.010578 0.069847 -0.045943
v -0.000683 0.071526 -0.044247
v -0.010531 0.072116 -0.047635
v -0.001888 0.070701 -0.039196
v -0.011888 0.066620 -0.027328
v -0.002526 0.066681 -0.025076
v -0.012388 0.068405 -0.032088
v -0.002718 0.068283 -0.029572
v -0.012401 0.069912 -0.037084
v -0.002536 0.069622 -0.034287
v -0.011818 0.071147 -0.042288
v -0.021009 0.064976 -0.029908
v -0.021829 0.066893 -0.034919
v -0.022057 0.068547 -0.040171
v -0.021570 0.069941 -0.045632
v -0.020241 0.071085 -0.051226
v -0.029562 0.061840 -0.032612
v -0.030712 0.063836 -0.037864
v -0.031184 0.065604 -0.043357
v -0.030839 0.067153 -0.049052
v -0.029534 0.068490 -0.054868
v -0.027147 0.069617 -0.060664
v -0.037296 0.057395 -0.035256
v -0.038783 0.059409 -0.040741
v -0.039527 0.061250 -0.046465
v -0.039378 0.062927 -0.052387
v -0.038178 0.064449 -0.058417
v 0.015349 0.053643 -0.000486
v 0.016022 0.050875 0.006674
v 0.016822 0.048303 0.014016
v 0.012685 0.047318 0.013586
v -0.044050 0.051874 -0.037695
v -0.045872 0.053844 -0.043403
v -0.046911 0.055704 -0.049353
v -0.047007 0.057461 -0.055501
v -0.045987 0.059127 -0.061750
v -0.038582 0.047577 -0.027025
v -0.032579 0.052824 -0.025022
v -0.035193 0.055202 -0.030020
v -0.025667 0.057146 -0.022845
v -0.027848 0.059613 -0.027609
v -0.017989 0.060325 -0.020625
v -0.019701 0.062789 -0.025146
v -0.009766 0.062194 -0.018530
v -0.010989 0.064551 -0.022811
v -0.001297 0.062669 -0.016747
v -0.002032 0.064811 -0.020803
v -0.065459 0.030381 -0.078546
v -0.063251 0.037419 -0.069659
v -0.066751 0.028920 -0.071458
v -0.063469 0.035817 -0.062721
v -0.066711 0.027548 -0.064312
v -0.062517 0.034278 -0.055905
v -0.065509 0.026260 -0.057306
v -0.060594 0.032793 -0.049327
v -0.063352 0.025050 -0.050555
v -0.057888 0.031351 -0.043036
v -0.060432 0.023907 -0.044116
v -0.052924 0.021784 -0.032188
v -0.054306 0.014995 -0.032800
v -0.045257 0.013782 -0.021918
v -0.045827 0.007737 -0.022277
v -0.070278 0.011064 -0.073743
v -0.069914 0.010413 -0.066311
v -0.068410 0.009847 -0.059047
v -0.065978 0.009357 -0.052071
v -0.062817 0.008935 -0.045438
v -0.054901 0.001564 -0.033506
v -0.045138 -0.004233 -0.022661
v -0.034458 -0.008693 -0.012685
v 0.014954 0.056600 -0.007573
v 0.007992 0.057746 -0.008121
v 0.000704 0.057924 -0.009127
v -0.006629 0.057003 -0.010520
v -0.013728 0.054955 -0.012169
v -0.020352 0.051843 -0.013927
v -0.026319 0.047803 -0.015657
v -0.031513 0.043007 -0.017253
v -0.050740 0.054428 -0.071176
v -0.052825 0.052715 -0.064775
v -0.053604 0.050975 -0.058299
v -0.053230 0.049203 -0.051922
v -0.051884 0.047392 -0.045752
v -0.049740 0.045533 -0.039832
v -0.043607 0.041640 -0.028768
v -0.047645 0.035238 -0.030207
v -0.039397 0.031900 -0.019804
v -0.042099 0.025930 -0.020719
v -0.032972 0.023581 -0.011001
v -0.034635 0.018173 -0.011573
v -0.023963 0.038856 -0.008208
v -0.019578 0.043222 -0.006938
v -0.014554 0.046987 -0.005567
v -0.008984 0.050018 -0.004175
v -0.069091 0.020086 -0.072817
v -0.068848 0.019039 -0.065501
v -0.067457 0.018083 -0.058341
v -0.065126 0.017210 -0.051456
v -0.062051 0.016410 -0.044901
v -0.054949 0.008252 -0.033226
v -0.045783 0.001736 -0.022521
v -0.058600 0.045413 -0.067425
v -0.059101 0.043689 -0.060715
v -0.058434 0.041988 -0.054114
v -0.056787 0.040301 -0.047730
v -0.054343 0.038619 -0.041616
v -0.050730 0.028567 -0.031339
v -0.044033 0.019860 -0.021411
v -0.035693 0.012747 -0.011998
v -0.036141 0.001971 -0.012520
v 0.008113 0.002158 0.061244
v 0.009023 -0.004124 0.061633
v 0.008853 -0.004345 0.068351
v 0.009557 -0.010488 0.069793
v 0.008007 -0.010814 0.076147
v 0.007716 -0.025345 0.082785
v 0.007891 -0.022584 0.081071
v 0.009594 -0.022298 0.078421
v 0.012052 -0.032134 0.084178
v 0.009686 -0.027658 0.082319
v 0.003946 -0.004927 0.078567
v 0.004753 -0.011111 0.079555
v 0.003798 -0.023003 0.083444
v 0.002881 -0.028504 0.086364
v 0.003847 -0.028430 0.086403
v 0.007489 -0.028012 0.084681
v 0.017099 -0.035221 0.082520
v 0.013950 -0.031677 0.080917
v 0.018472 -0.034576 0.078485
v 0.013984 -0.026560 0.072754
v 0.016502 -0.030658 0.073577
v 0.012682 -0.021453 0.068822
v 0.011401 -0.015981 0.065595
v 0.010118 -0.010203 0.063147
v 0.004719 -0.028350 0.086240
v 0.005160 -0.025656 0.084590
v 0.004722 -0.022938 0.083388
v 0.005531 -0.022868 0.083104
v 0.006836 -0.022727 0.082197
v 0.010910 -0.022020 0.075415
v 0.011469 -0.027304 0.079426
v 0.004425 -0.017177 0.081163
v 0.005306 -0.017120 0.081027
v 0.006058 -0.017059 0.080642
v 0.007204 -0.016941 0.079523
v 0.008068 -0.016825 0.078213
v 0.009358 -0.016601 0.075310
v 0.010283 -0.016391 0.072185
v 0.005594 -0.011060 0.079354
v 0.006293 -0.011007 0.078890
v 0.007303 -0.010907 0.077606
v 0.003744 0.001358 0.078348
v 0.004793 -0.004887 0.078655
v 0.004261 0.001383 0.078492
v 0.004553 0.001402 0.078436
v 0.005601 -0.004837 0.078410
v 0.005175 0.001442 0.078318
v 0.006262 -0.004787 0.077893
v 0.005990 0.001509 0.077672
v 0.006083 0.001517 0.077599
v 0.007175 -0.004695 0.076499
v 0.007421 0.001688 0.074658
v 0.007767 -0.004614 0.074941
v 0.007452 0.001693 0.074587
v 0.008350 0.001956 0.067987
v 0.015425 -0.031189 0.077345
v -0.018012 0.049975 0.121219
v -0.017931 0.049937 0.121035
v -0.020466 0.049652 0.126914
v -0.013077 0.047639 0.110067
v -0.012919 0.047463 0.109721
v -0.015401 0.048739 0.115318
v -0.008373 0.042402 0.099742
v -0.006455 0.038826 0.095678
v -0.008400 0.042454 0.099800
v -0.010609 0.044904 0.104651
v -0.003118 0.031411 0.088724
v -0.001754 0.027438 0.085977
v 0.001109 0.015512 0.080575
v -0.000584 0.023500 0.083676
v -0.000879 0.024892 0.084217
v -0.004255 0.034722 0.091013
v -0.004613 0.035391 0.091773
v -0.037947 0.002766 0.171979
v -0.037058 0.018690 0.168322
v -0.037813 0.010378 0.170902
v -0.038000 0.008323 0.171539
v -0.035468 0.027144 0.163799
v -0.034726 0.030703 0.161730
v -0.034449 0.031456 0.161015
v -0.033027 0.035322 0.157344
v -0.031547 0.039346 0.153524
v -0.025351 0.047426 0.138409
v -0.027513 0.045735 0.143570
v -0.027649 0.045520 0.143905
v -0.029630 0.042395 0.148792
v -0.031526 0.039404 0.153469
v -0.036357 0.022874 0.166282
v -0.036926 0.020138 0.167872
v 0.002111 0.008050 0.079015
v 0.001527 0.013537 0.079808
v -0.022919 0.049328 0.132607
v -0.022995 0.049269 0.132788
v -0.017347 -0.044656 0.153163
v -0.020939 -0.038465 0.160827
v -0.024009 -0.030663 0.167126
v -0.028995 0.006000 0.174934
v -0.028812 0.010779 0.174028
v -0.011570 0.049060 0.130789
v -0.011775 0.049083 0.130702
v -0.013203 0.049168 0.134140
v -0.015025 0.048351 0.138427
v -0.018634 0.045272 0.147066
v -0.016845 0.047060 0.142758
v -0.021997 0.040199 0.155337
v -0.020362 0.042982 0.151284
v -0.023509 0.036947 0.159153
v -0.024870 0.033268 0.162664
v -0.027053 0.024867 0.168549
v -0.026058 0.029219 0.165813
v -0.027846 0.020290 0.170839
v -0.028431 0.015568 0.172667
v -0.028995 0.001299 0.175407
v -0.028827 -0.003267 0.175480
v -0.028496 -0.007817 0.175174
v -0.027984 -0.012464 0.174462
v -0.026385 -0.021789 0.171711
v -0.027282 -0.017143 0.173314
v -0.025292 -0.026322 0.169646
v -0.022552 -0.034736 0.164174
v -0.019194 -0.041789 0.157135
v -0.015430 -0.047034 0.148979
v -0.013474 -0.048902 0.144657
v -0.011514 -0.050262 0.140270
v -0.007689 -0.051519 0.131571
v -0.009577 -0.051125 0.135887
v -0.023564 0.048612 0.134896
v -0.024699 0.048128 0.137564
v -0.020249 0.050027 0.127106
v -0.021705 0.049406 0.130528
v -0.022699 0.048981 0.132865
v -0.027338 0.045295 0.143940
v -0.028775 0.043752 0.147413
v -0.031211 0.039135 0.153500
v -0.028999 0.043328 0.147973
v -0.029401 0.042566 0.148976
v -0.030600 0.040294 0.151972
v -0.025118 0.047678 0.138576
v -0.025406 0.047368 0.139274
v -0.027205 0.045438 0.143619
v -0.034126 0.031357 0.161009
v -0.034782 0.029314 0.162729
v -0.036075 0.022880 0.166362
v -0.036569 0.020208 0.167771
v -0.035025 0.028559 0.163365
v -0.035266 0.027257 0.164052
v -0.035719 0.024808 0.165344
v -0.037763 0.007450 0.171810
v -0.037741 0.005744 0.171932
v -0.037530 0.010384 0.170977
v -0.036842 0.018734 0.168549
v -0.036885 0.018501 0.168671
v -0.037130 0.015418 0.169547
v -0.037517 0.010544 0.170931
v -0.032276 0.037119 0.156159
v -0.032809 0.035460 0.157556
v -0.033505 0.033291 0.159381
v -0.037702 0.002784 0.172142
v -0.037678 0.000951 0.172272
v -0.037619 -0.003679 0.172601
v -0.005020 0.048862 0.127549
v -0.009016 0.049382 0.125113
v -0.009055 0.049386 0.125089
v -0.010520 0.049577 0.124196
v -0.017401 0.049913 0.120545
v -0.017663 0.049924 0.121148
v -0.020221 0.050026 0.127041
v -0.008112 0.042381 0.099873
v -0.009566 0.044319 0.103033
v -0.006975 0.044326 0.104164
v 0.000642 0.032556 0.089753
v -0.000119 0.032319 0.089692
v -0.001582 0.035660 0.092808
v 0.011032 0.040513 0.091673
v 0.009356 0.041933 0.096869
v 0.005236 0.044838 0.107228
v 0.007414 0.043397 0.102055
v -0.006565 0.048789 0.120497
v 0.000316 0.047359 0.117536
v -0.012650 0.047483 0.109826
v -0.013459 0.048030 0.111640
v -0.008679 0.047960 0.113847
v -0.014885 0.048991 0.114832
v -0.015121 0.049078 0.115369
v -0.004063 0.047697 0.115730
v -0.002874 0.031939 0.088837
v -0.003747 0.034152 0.090629
v -0.001091 0.032099 0.089501
v -0.000709 0.032134 0.089644
v -0.003262 0.038910 0.096326
v -0.004343 0.035431 0.091875
v -0.005737 0.038426 0.094791
v 0.001159 0.036311 0.093145
v 0.001467 0.032814 0.089821
v 0.004520 0.034297 0.089376
v 0.003338 0.033723 0.089548
v 0.002605 0.033366 0.089655
v 0.005175 0.034703 0.089167
v 0.002119 0.039774 0.097201
v 0.005789 0.035081 0.088971
v 0.005802 0.035089 0.088968
v 0.004636 0.040431 0.097176
v 0.006294 0.038255 0.092669
v 0.010770 0.038182 0.087352
v 0.008727 0.036898 0.088033
v 0.015959 0.041446 0.085622
v 0.013387 0.039828 0.086480
v 0.012411 0.039215 0.086805
v 0.011567 0.038684 0.087087
v 0.008218 0.036582 0.088196
v 0.007597 0.036199 0.088393
v -0.010072 0.044993 0.104132
v -0.010299 0.045218 0.104632
v -0.012435 0.047338 0.109345
v -0.001821 0.044372 0.105826
v 0.000628 0.044496 0.106351
v 0.002736 0.042535 0.101738
v -0.000548 0.039249 0.096948
v -0.004388 0.044316 0.105111
v -0.005967 0.038820 0.095282
v -0.006120 0.039080 0.095608
v -0.007830 0.042003 0.099260
v 0.014256 0.038666 0.080836
v 0.012730 0.034867 0.075678
v 0.011614 0.035030 0.079470
v 0.006842 0.025479 0.079954
v 0.008172 0.025545 0.076940
v 0.008181 0.020099 0.073355
v 0.002075 0.027906 0.086307
v 0.002759 0.025280 0.084647
v 0.001948 0.025238 0.084933
v 0.001295 0.016458 0.080780
v 0.000652 0.019516 0.081954
v 0.002305 0.019633 0.082342
v -0.000289 0.023536 0.083722
v -0.000702 0.025079 0.084518
v 0.001022 0.025193 0.084988
v 0.004119 0.030504 0.086558
v 0.010695 0.030569 0.074586
v 0.009973 0.025608 0.070331
v 0.008298 0.008465 0.062037
v 0.009315 0.020241 0.066756
v 0.008695 0.014521 0.063939
v 0.012834 0.038890 0.084899
v 0.010105 0.035118 0.083060
v 0.008178 0.035146 0.086337
v 0.006334 0.030555 0.084187
v 0.001334 0.030422 0.088124
v 0.000459 0.030390 0.088289
v -0.000509 0.030355 0.088252
v -0.002763 0.031609 0.088615
v -0.001203 0.026957 0.085487
v -0.001418 0.027597 0.085917
v -0.002306 0.030243 0.087696
v 0.000164 0.021841 0.082846
v 0.002177 0.010894 0.079305
v 0.001741 0.013644 0.080034
v 0.003321 0.013759 0.080352
v 0.001431 0.015595 0.080552
v 0.002487 0.008110 0.078873
v 0.003225 0.007599 0.078968
v 0.002549 0.007550 0.078786
v 0.002806 0.005229 0.078426
v 0.004067 0.025347 0.083738
v 0.004643 0.028006 0.084496
v 0.005128 0.025398 0.082609
v 0.007250 0.020003 0.076483
v 0.008128 0.014316 0.070588
v 0.006575 0.014056 0.076943
v 0.003186 0.019687 0.082206
v 0.003939 0.019738 0.081821
v 0.005088 0.019823 0.080702
v 0.005954 0.019891 0.079389
v 0.007043 0.007958 0.075344
v 0.005871 0.013974 0.078403
v 0.006452 0.007871 0.076902
v 0.004861 0.013876 0.079687
v 0.005539 0.007769 0.078295
v 0.004161 0.013819 0.080152
v 0.004879 0.007710 0.078812
v 0.004072 0.007651 0.079056
v 0.008129 0.008237 0.068755
v 0.008135 0.030593 0.081283
vn 0.3951 0.0535 -0.9171
vn 0.3817 0.0579 -0.9225
vn 0.4462 -0.8847 0.1351
vn 0.4463 -0.8846 0.1351
vn 0.4155 -0.9017 0.1192
vn 0.2933 -0.9528 0.0780
vn 0.4088 -0.9026 0.1347
vn 0.5534 -0.8124 0.1838
vn 0.5761 -0.7901 0.2094
vn 0.6741 -0.6977 0.2425
vn 0.6959 -0.6706 0.2568
vn -0.2938 0.9527 -0.0774
vn -0.2907 0.9538 -0.0760
vn -0.2601 0.9635 -0.0630
vn -0.1413 0.9900 0.0042
vn 0.6965 -0.6699 0.2571
vn 0.6673 -0.6987 0.2580
vn 0.7939 -0.5289 0.2999
vn 0.7671 -0.5623 0.3090
vn 0.8639 -0.3724 0.3393
vn 0.8477 -0.4079 0.3393
vn 0.8607 -0.3725 0.3470
vn 0.8428 -0.4084 0.3505
vn 0.9074 -0.2033 0.3678
vn 0.8921 -0.2419 0.3815
vn 0.9226 -0.0284 0.3846
vn 0.9179 -0.0672 0.3911
vn 0.9188 -0.0288 0.3937
vn 0.9136 -0.0678 0.4009
vn 0.9093 0.1475 0.3891
vn 0.9065 0.1081 0.4082
vn 0.8678 0.3185 0.3813
vn 0.8747 0.2817 0.3945
vn 0.8632 0.3184 0.3917
vn 0.8710 0.2811 0.4029
vn 0.7994 0.4801 0.3612
vn 0.8083 0.4450 0.3855
vn 0.7061 0.6268 0.3295
vn 0.7232 0.5957 0.3493
vn 0.7011 0.6260 0.3416
vn 0.7203 0.5952 0.3563
vn 0.5912 0.7536 0.2874
vn 0.6097 0.7268 0.3163
vn 0.4578 0.8572 0.2359
vn 0.4825 0.8360 0.2612
vn 0.4518 0.8566 0.2492
vn 0.4801 0.8356 0.2669
vn 0.3103 0.9340 0.1769
vn 0.3353 0.9186 0.2093
vn 0.1533 0.9818 0.1121
vn 0.1816 0.9732 0.1414
vn 0.1469 0.9810 0.1269
vn 0.1830 0.9720 0.1472
vn 0.0088 0.9986 0.0529
vn 0.0230 0.9974 0.0681
vn -0.1211 0.9926 0.0058
vn -0.2664 0.9627 -0.0473
vn -0.4103 0.9024 -0.1314
vn -0.4468 0.8846 -0.1336
vn -0.5479 0.8133 -0.1958
vn -0.5764 0.7905 -0.2069
vn -0.5771 0.7899 -0.2072
vn -0.5549 0.8121 -0.1803
vn -0.6909 0.6708 -0.2697
vn -0.6755 0.6975 -0.2391
vn -0.7859 0.5298 -0.3190
vn -0.7702 0.5618 -0.3020
vn -0.7887 0.5297 -0.3119
vn -0.7752 0.5613 -0.2899
vn -0.8558 0.3732 -0.3581
vn -0.8509 0.4074 -0.3316
vn -0.8993 0.2042 -0.3868
vn -0.8958 0.2415 -0.3731
vn -0.9029 0.2040 -0.3783
vn -0.9003 0.2408 -0.3626
vn -0.9145 0.0294 -0.4035
vn -0.9218 0.0666 -0.3820
vn -0.9012 -0.1463 -0.4080
vn -0.9108 -0.1087 -0.3983
vn -0.9054 -0.1471 -0.3982
vn -0.9147 -0.1092 -0.3891
vn -0.8597 -0.3177 -0.4001
vn -0.8792 -0.2822 -0.3840
vn -0.7913 -0.4790 -0.3801
vn -0.8131 -0.4458 -0.3743
vn -0.7961 -0.4798 -0.3689
vn -0.8166 -0.4459 -0.3665
vn -0.6980 -0.6256 -0.3485
vn -0.7284 -0.5964 -0.3374
vn -0.5830 -0.7525 -0.3063
vn -0.6151 -0.7276 -0.3037
vn -0.5887 -0.7531 -0.2938
vn -0.6179 -0.7278 -0.2975
vn -0.4495 -0.8561 -0.2550
vn -0.4882 -0.8368 -0.2479
vn -0.3022 -0.9329 -0.1959
vn -0.3414 -0.9194 -0.1952
vn -0.3081 -0.9338 -0.1817
vn -0.3437 -0.9196 -0.1904
vn -0.1452 -0.9807 -0.1310
vn -0.1882 -0.9739 -0.1266
vn -0.0022 -0.9977 -0.0683
vn -0.0230 -0.9974 -0.0681
vn 0.0569 -0.9979 -0.0321
vn 0.0566 -0.9979 -0.0330
vn 0.1387 -0.9903 0.0019
vn 0.1177 -0.9930 0.0021
vn 0.2650 -0.9629 0.0508
vn 0.3950 0.0535 -0.9171
vn 0.3915 0.0535 -0.9186
vn -0.9168 -0.0400 -0.3973
vn -0.9169 -0.0402 -0.3971
vn -0.9168 -0.0401 -0.3973
vn -0.9168 -0.0401 -0.3974
vn -0.9169 -0.0401 -0.3970
vn -0.9169 -0.0400 -0.3970
vn 0.9059 -0.1447 0.3980
vn 0.7390 -0.6111 0.2836
vn 0.7568 -0.5952 0.2701
vn 0.7810 -0.5340 0.3239
vn 0.8625 -0.3465 0.3687
vn 0.8625 -0.3467 0.3687
vn 0.8401 -0.4550 0.2953
vn 0.8599 -0.4370 0.2640
vn 0.7812 -0.5338 0.3237
vn 0.9060 -0.1437 0.3981
vn 0.9053 -0.2445 0.3474
vn 0.9078 -0.2631 0.3266
vn 0.9240 -0.2411 0.2969
vn 0.8624 -0.3467 0.3688
vn 0.9104 0.0613 0.4092
vn 0.9272 -0.0380 0.3725
vn 0.9369 -0.0602 0.3444
vn 0.9491 -0.0343 0.3132
vn 0.9060 -0.1440 0.3979
vn 0.8789 0.2487 0.4071
vn 0.8787 0.2491 0.4072
vn 0.9215 0.1455 0.3602
vn 0.9301 0.1619 0.3296
vn 0.9059 0.0465 0.4209
vn 0.9103 0.0615 0.4092
vn 0.8148 0.4273 0.3919
vn 0.8148 0.4272 0.3918
vn 0.8766 0.3445 0.3359
vn 0.8754 0.3409 0.3427
vn 0.8787 0.2495 0.4070
vn 0.7214 0.5934 0.3571
vn 0.7218 0.5930 0.3568
vn 0.7921 0.5292 0.3042
vn 0.7900 0.5159 0.3312
vn 0.8148 0.4272 0.3919
vn 0.7210 0.5939 0.3569
vn 0.6830 0.6594 0.3143
vn 0.6688 0.6681 0.3261
vn -0.3942 -0.0538 0.9174
vn -0.3948 -0.0542 0.9172
vn -0.3947 -0.0542 0.9172
vn -0.3950 -0.0543 0.9171
vn -0.3948 -0.0543 0.9172
vn -0.3951 -0.0543 0.9170
vn -0.3953 -0.0543 0.9169
vn -0.3952 -0.0522 0.9171
vn -0.3952 -0.0535 0.9170
vn -0.3956 -0.0522 0.9169
vn -0.3953 -0.0536 0.9170
vn -0.3939 -0.0537 0.9176
vn -0.3948 -0.0540 0.9172
vn -0.3940 -0.0533 0.9175
vn -0.3947 -0.0539 0.9172
vn -0.3941 -0.0529 0.9175
vn -0.3948 -0.0537 0.9172
vn -0.3943 -0.0524 0.9175
vn -0.3949 -0.0536 0.9172
vn -0.3947 -0.0522 0.9173
vn -0.3966 -0.0536 0.9164
vn -0.3952 -0.0534 0.9170
vn -0.3945 -0.0535 0.9173
vn -0.3948 -0.0536 0.9172
vn -0.3950 -0.0535 0.9171
vn -0.3953 -0.0535 0.9170
vn -0.3951 -0.0535 0.9171
vn -0.3960 -0.0533 0.9167
vn -0.3948 -0.0535 0.9172
vn -0.3952 -0.0536 0.9170
vn -0.3956 -0.0541 0.9168
vn -0.3959 -0.0539 0.9167
vn -0.3954 -0.0541 0.9169
vn -0.3959 -0.0536 0.9167
vn -0.3955 -0.0540 0.9169
vn -0.3960 -0.0532 0.9167
vn -0.3955 -0.0538 0.9169
vn -0.3959 -0.0527 0.9168
vn -0.3960 -0.0525 0.9168
vn -0.3952 -0.0535 0.9171
vn 0.6207 0.7208 0.3085
vn 0.6211 0.7204 0.3086
vn 0.6209 0.7206 0.3086
vn 0.7030 -0.6599 0.2653
vn 0.7006 -0.6628 0.2643
vn 0.6984 -0.6656 0.2630
vn 0.3952 0.0522 -0.9171
vn 0.3952 0.0521 -0.9171
vn 0.3951 0.0521 -0.9172
vn 0.3951 0.0521 -0.9171
vn 0.3953 0.0522 -0.9171
vn 0.3958 0.0529 -0.9168
vn 0.3952 0.0520 -0.9171
vn 0.3951 0.0522 -0.9171
vn 0.3951 0.0522 -0.9172
vn 0.3953 0.0521 -0.9171
vn 0.7502 -0.6360 0.1808
vn 0.7427 -0.6378 0.2042
vn 0.7430 -0.6373 0.2042
vn 0.8016 -0.5666 0.1907
vn 0.8016 -0.5667 0.1907
vn 0.6345 -0.7638 0.1183
vn 0.7429 -0.6374 0.2044
vn 0.6825 -0.7213 0.1181
vn 0.5893 -0.8018 0.0990
vn 0.7525 -0.6487 0.1134
vn 0.7956 -0.5944 0.1172
vn 0.7526 -0.6487 0.1133
vn 0.7525 -0.6488 0.1133
vn 0.6986 -0.7131 0.0582
vn 0.6445 -0.7634 0.0436
vn 0.2539 -0.9617 -0.1035
vn 0.6466 -0.7621 0.0334
vn 0.6803 -0.7313 0.0492
vn 0.2146 -0.9702 -0.1128
vn 0.5290 -0.8481 -0.0306
vn 0.2597 -0.9573 -0.1267
vn 0.2523 -0.9591 -0.1286
vn -0.1923 -0.9463 -0.2598
vn -0.2079 -0.9422 -0.2629
vn 0.0331 -0.9776 -0.2080
vn -0.1905 -0.9442 -0.2686
vn -0.1265 -0.9559 -0.2650
vn -0.1277 -0.9558 -0.2648
vn -0.2608 -0.9233 -0.2818
vn -0.3527 -0.8847 -0.3049
vn -0.1993 -0.9501 -0.2400
vn 0.2009 -0.9620 -0.1851
vn 0.2336 -0.9541 -0.1875
vn 0.3360 -0.9374 -0.0918
vn 0.3354 -0.9376 -0.0914
vn 0.3794 -0.9219 -0.0779
vn 0.2020 -0.9616 -0.1857
vn 0.2019 -0.9617 -0.1855
vn 0.4648 -0.8846 0.0373
vn 0.4780 -0.8772 0.0458
vn 0.4702 -0.8815 0.0434
vn 0.4704 -0.8814 0.0430
vn 0.6761 -0.7125 0.1879
vn 0.7169 -0.6524 0.2460
vn 0.2619 -0.9526 -0.1550
vn 0.0719 -0.9717 -0.2250
vn 0.0446 -0.9698 -0.2396
vn -0.0772 -0.9545 -0.2879
vn -0.0774 -0.9547 -0.2873
vn 0.6639 -0.7428 0.0868
vn 0.7439 -0.6574 0.1205
vn 0.5220 -0.8529 -0.0115
vn 0.6206 -0.7835 0.0311
vn 0.4243 -0.9029 -0.0691
vn 0.4151 -0.9085 -0.0488
vn 0.5259 -0.8506 0.0039
vn 0.4839 -0.8711 0.0840
vn 0.3357 -0.9376 -0.0912
vn -0.0155 -0.9906 0.1358
vn 0.1297 -0.9709 -0.2012
vn 0.1296 -0.9709 -0.2012
vn 0.2573 -0.8202 -0.5110
vn 0.2574 -0.8201 -0.5111
vn 0.3503 -0.5586 -0.7519
vn 0.3502 -0.5586 -0.7518
vn 0.3959 -0.2215 -0.8912
vn 0.3881 0.1453 -0.9101
vn 0.3278 0.4927 -0.8061
vn 0.2233 0.7734 -0.5933
vn 0.0887 0.9497 -0.3003
vn -0.0580 0.9978 0.0333
vn -0.1968 0.9111 0.3623
vn -0.3090 0.7012 0.6425
vn -0.3091 0.7013 0.6424
vn -0.3795 0.3969 0.8357
vn -0.3988 0.0387 0.9162
vn -0.3642 -0.3245 0.8730
vn -0.2804 -0.6440 0.7118
vn -0.2803 -0.6440 0.7118
vn -0.1586 -0.8765 0.4545
vn -0.1587 -0.8765 0.4546
vn -0.0157 -0.9906 0.1359
vn -0.1743 -0.9646 0.1977
vn -0.1740 -0.9767 0.1258
vn -0.1059 -0.9891 -0.1019
vn -0.2404 -0.9064 0.3472
vn -0.2141 -0.9591 0.1850
vn 0.0313 -0.9754 0.2182
vn 0.0419 -0.9840 0.1733
vn 0.0235 -0.9763 0.2151
vn -0.1177 -0.9875 0.1046
vn -0.1145 -0.9933 -0.0128
vn -0.1910 -0.7799 0.5961
vn -0.3013 -0.8994 0.3168
vn -0.3779 -0.7720 0.5110
vn -0.3307 -0.8518 0.4062
vn -0.2618 -0.7978 0.5431
vn 0.0026 -0.8355 0.5495
vn -0.1066 -0.9077 0.4059
vn -0.1079 -0.9063 0.4086
vn -0.1180 -0.9085 0.4010
vn -0.2053 -0.9388 0.2766
vn -0.3130 -0.6106 0.7274
vn -0.3249 -0.5759 0.7502
vn -0.3644 -0.6110 0.7028
vn -0.4871 -0.4757 0.7324
vn -0.4398 -0.4047 0.8018
vn -0.4239 -0.4776 0.7696
vn -0.2581 -0.3832 0.8869
vn -0.3155 -0.4008 0.8601
vn -0.4180 -0.3010 0.8572
vn -0.2045 -0.5677 0.7975
vn -0.2447 -0.6489 0.7204
vn -0.2592 -0.6078 0.7506
vn -0.3662 -0.6518 0.6641
vn -0.4518 -0.7648 0.4594
vn -0.3633 -0.7201 0.5911
vn -0.3327 -0.7803 0.5296
vn -0.0852 -0.7029 0.7061
vn -0.1827 -0.7951 0.5783
vn 0.5254 0.0081 -0.8508
vn 0.1922 -0.0933 -0.9769
vn 0.3322 -0.0712 -0.9405
vn 0.3837 -0.3054 -0.8715
vn 0.4492 -0.3166 -0.8355
vn 0.3389 -0.2093 -0.9173
vn 0.3334 -0.3067 -0.8915
vn 0.2148 -0.2108 -0.9536
vn 0.3763 -0.0696 -0.9239
vn 0.4358 -0.0971 -0.8948
vn 0.4358 -0.0970 -0.8948
vn 0.4014 -0.6071 -0.6857
vn 0.1116 -0.5168 -0.8488
vn 0.2045 -0.7121 -0.6716
vn 0.2635 -0.7134 -0.6493
vn 0.3281 -0.7321 -0.5970
vn 0.3661 -0.7081 -0.6038
vn 0.2720 -0.6763 -0.6846
vn 0.2345 -0.6127 -0.7547
vn 0.0510 -0.9551 -0.2917
vn 0.2019 -0.9639 -0.1733
vn 0.2006 -0.9647 -0.1705
vn 0.2216 -0.9503 -0.2187
vn 0.0339 -0.9306 -0.3644
vn 0.1094 -0.8576 -0.5026
vn 0.0962 -0.8902 -0.4453
vn 0.1195 -0.8576 -0.5002
vn 0.3190 -0.8802 -0.3515
vn 0.2912 -0.8333 -0.4699
vn 0.2774 -0.8565 -0.4353
vn 0.1485 -0.8356 -0.5290
vn 0.1006 -0.7027 -0.7043
vn 0.1344 -0.7846 -0.6053
vn 0.1340 -0.7853 -0.6044
vn 0.3981 -0.5424 -0.7398
vn 0.3984 -0.5411 -0.7406
vn 0.4287 -0.5193 -0.7393
vn 0.3431 -0.4734 -0.8112
vn 0.3339 -0.5247 -0.7831
vn 0.2354 -0.4733 -0.8489
vn 0.2425 -0.3076 -0.9201
vn 0.3250 -0.3995 -0.8572
vn 0.3251 -0.3991 -0.8574
vn -0.4504 -0.1744 0.8756
vn -0.4180 -0.3009 0.8572
vn -0.6401 -0.3924 0.6606
vn -0.4058 -0.1867 0.8947
vn -0.3639 -0.1710 0.9156
vn -0.3624 -0.1848 0.9135
vn -0.3119 -0.1497 0.9382
vn -0.5826 -0.0968 0.8070
vn 0.1615 -0.9811 0.1069
vn 0.0988 -0.9943 -0.0399
vn 0.0894 -0.9958 -0.0180
vn 0.0179 -0.9971 -0.0746
vn -0.1313 -0.9240 -0.3591
vn -0.0260 -0.9829 -0.1825
vn -0.0262 -0.9829 -0.1821
vn 0.7544 -0.4284 0.4973
vn 0.6232 0.5469 0.5590
vn 0.4679 0.5633 0.6810
vn 0.5654 -0.3431 0.7500
vn 0.6020 -0.3785 0.7031
vn 0.6343 -0.4111 0.6547
vn 0.7159 -0.4870 0.5003
vn 0.7874 -0.4795 0.3875
vn 0.7160 -0.4871 0.5002
vn 0.7505 -0.4909 0.4425
vn 0.6959 -0.5491 0.4629
vn 0.6716 -0.6190 0.4071
vn 0.6719 -0.6199 0.4052
vn 0.6896 -0.4616 0.5580
vn 0.6898 -0.4619 0.5576
vn 0.7229 -0.4745 0.5023
vn 0.6640 -0.4361 0.6074
vn 0.6643 -0.4363 0.6070
vn 0.6344 -0.4113 0.6545
vn 0.6020 -0.3791 0.7028
vn 0.5797 -0.2647 0.7707
vn 0.4951 -0.3218 0.8070
vn 0.4945 -0.3227 0.8070
vn 0.5601 -0.2528 0.7889
vn 0.5477 -0.2250 0.8058
vn 0.5099 -0.1811 0.8409
vn 0.5094 -0.1800 0.8415
vn 0.5099 -0.1810 0.8409
vn 0.5352 -0.1475 0.8317
vn 0.5266 -0.1082 0.8432
vn 0.4934 -0.1179 0.8618
vn 0.5093 -0.0470 0.8593
vn 0.5093 -0.0471 0.8593
vn 0.5096 -0.0469 0.8591
vn 0.5133 0.0225 0.8579
vn 0.4351 0.0145 0.9002
vn 0.5081 0.0384 0.8604
vn 0.4824 0.0803 0.8723
vn 0.4823 0.0793 0.8724
vn 0.5180 0.1999 0.8317
vn 0.5139 0.1980 0.8347
vn 0.5242 0.2603 0.8109
vn 0.5176 0.1992 0.8321
vn 0.4976 0.1409 0.8559
vn 0.4937 0.1275 0.8602
vn 0.5202 0.1364 0.8431
vn 0.4827 0.0804 0.8721
vn 0.5335 0.2664 0.8027
vn 0.5246 0.2611 0.8103
vn 0.5243 0.2608 0.8106
vn 0.5457 0.3722 0.7508
vn 0.5456 0.3733 0.7503
vn 0.5529 0.3316 0.7644
vn 0.5339 0.3198 0.7827
vn 0.5338 0.3192 0.7831
vn 0.5721 0.3935 0.7196
vn 0.5554 0.4255 0.7145
vn 0.4680 0.5633 0.6810
vn 0.5941 0.4498 0.6669
vn 0.5554 0.4253 0.7146
vn 0.5553 0.4249 0.7149
vn 0.6244 0.5463 0.5583
vn 0.6235 0.5466 0.5591
vn 0.6252 0.4967 0.6020
vn 0.6687 0.4892 0.5600
vn 0.6205 0.4885 0.6135
vn 0.6890 0.5696 0.4482
vn 0.6896 0.5692 0.4477
vn 0.6890 0.5695 0.4484
vn 0.6790 0.5293 0.5087
vn 0.6795 0.5252 0.5123
vn 0.7298 0.5507 0.4051
vn 0.5974 0.6124 0.5178
vn 0.8420 0.4263 0.3306
vn 0.7959 0.4138 0.4420
vn 0.7966 0.4128 0.4415
vn 0.6771 0.5251 0.5156
vn 0.8409 0.4278 0.3316
vn 0.8409 0.4277 0.3317
vn 0.7959 0.4140 0.4418
vn 0.7266 0.4401 0.5277
vn 0.7758 0.3715 0.5100
vn 0.7756 0.3081 0.5509
vn 0.7757 0.3078 0.5510
vn 0.7418 0.3682 0.5605
vn 0.7768 0.3696 0.5098
vn 0.7769 0.3694 0.5100
vn 0.7522 0.2939 0.5898
vn 0.7704 0.2402 0.5905
vn 0.7666 0.1697 0.6193
vn 0.7666 0.1696 0.6193
vn 0.7553 0.2196 0.6175
vn 0.7702 0.2406 0.5907
vn 0.7703 0.2413 0.5902
vn 0.8543 0.1550 0.4961
vn 0.7573 0.1410 0.6376
vn 0.7944 0.0902 0.6006
vn 0.7805 0.0100 0.6251
vn 0.7805 0.0097 0.6251
vn 0.7692 0.0510 0.6370
vn 0.7945 0.0901 0.6005
vn 0.7945 0.0900 0.6006
vn 0.7679 -0.1524 0.6221
vn 0.8352 0.0163 0.5498
vn 0.7735 -0.0387 0.6326
vn 0.7938 -0.0650 0.6048
vn 0.7937 -0.0647 0.6049
vn 0.7786 -0.1346 0.6129
vn 0.7792 -0.1492 0.6088
vn 0.7891 -0.2228 0.5725
vn 0.7888 -0.2234 0.5726
vn 0.7822 -0.2364 0.5764
vn 0.7810 -0.2266 0.5819
vn 0.7913 -0.3639 0.4913
vn 0.7608 -0.3141 0.5679
vn 0.7592 -0.3121 0.5711
vn 0.8074 -0.4080 0.4262
vn 0.8075 -0.4077 0.4264
vn 0.7897 -0.3781 0.4831
vn 0.7592 -0.4450 0.4750
vn 0.7914 -0.3641 0.4910
vn 0.7709 -0.4561 0.4445
vn 0.7598 -0.5026 0.4124
vn 0.7747 -0.4574 0.4367
vn 0.7852 -0.4811 0.3897
vn 0.7866 -0.4979 0.3652
vn 0.7750 -0.4404 0.4532
vn 0.6642 -0.4363 0.6070
vn 0.6909 -0.4496 0.5661
vn 0.7310 -0.3968 0.5551
vn 0.7170 -0.4761 0.5092
vn 0.7545 -0.4284 0.4971
vn 0.7310 -0.3968 0.5552
vn 0.7751 -0.3305 0.5385
vn 0.7747 -0.3352 0.5362
vn 0.8009 -0.2908 0.5234
vn 0.8009 -0.2909 0.5233
vn 0.6017 -0.3782 0.7035
vn 0.6328 -0.3868 0.6708
vn 0.6694 -0.3338 0.6637
vn 0.7096 -0.2684 0.6516
vn 0.7095 -0.2684 0.6516
vn 0.7454 -0.2014 0.6355
vn 0.7453 -0.2014 0.6356
vn 0.7786 -0.1285 0.6142
vn 0.7944 -0.1429 0.5903
vn 0.4954 -0.3222 0.8067
vn 0.5394 -0.3518 0.7651
vn 0.5896 -0.2720 0.7605
vn 0.6271 -0.2045 0.7516
vn 0.6270 -0.2045 0.7517
vn 0.6607 -0.1356 0.7383
vn 0.6903 -0.0661 0.7205
vn 0.6904 -0.0660 0.7204
vn 0.7159 0.0040 0.6981
vn 0.7158 0.0040 0.6983
vn 0.7369 0.0740 0.6719
vn 0.7371 0.0740 0.6717
vn 0.7537 0.1434 0.6413
vn 0.7538 0.1435 0.6413
vn 0.7675 0.2232 0.6010
vn 0.8543 0.1551 0.4960
vn 0.4935 -0.1180 0.8617
vn 0.5303 -0.1376 0.8366
vn 0.5587 -0.0728 0.8262
vn 0.5862 -0.0020 0.8101
vn 0.5863 -0.0019 0.8101
vn 0.6104 0.0689 0.7891
vn 0.6308 0.1394 0.7633
vn 0.6308 0.1395 0.7633
vn 0.6474 0.2090 0.7329
vn 0.6474 0.2090 0.7330
vn 0.6601 0.2775 0.6981
vn 0.6600 0.2774 0.6982
vn 0.6686 0.3441 0.6592
vn 0.6687 0.3441 0.6591
vn 0.6733 0.4087 0.6161
vn 0.6739 0.4708 0.5694
vn 0.6738 0.4708 0.5695
vn 0.6718 0.5130 0.5344
vn 0.6826 0.5245 0.5088
vn 0.6342 -0.4110 0.6548
vn 0.6632 -0.4195 0.6198
vn 0.7026 -0.3652 0.6107
vn 0.7025 -0.3653 0.6108
vn 0.7438 -0.3009 0.5968
vn 0.7805 -0.2349 0.5794
vn 0.7754 -0.2296 0.5883
vn 0.5651 -0.3429 0.7504
vn 0.6020 -0.3483 0.7186
vn 0.6316 -0.3026 0.7138
vn 0.6704 -0.2362 0.7034
vn 0.6705 -0.2361 0.7033
vn 0.7054 -0.1682 0.6886
vn 0.7052 -0.1682 0.6887
vn 0.7358 -0.0992 0.6699
vn 0.7619 -0.0297 0.6470
vn 0.7621 -0.0296 0.6468
vn 0.7879 0.0562 0.6133
vn 0.8353 0.0169 0.5495
vn 0.5386 -0.2297 0.8106
vn 0.5474 -0.2348 0.8033
vn 0.5793 -0.1734 0.7965
vn 0.6116 -0.1037 0.7843
vn 0.6117 -0.1037 0.7843
vn 0.6404 -0.0335 0.7673
vn 0.6403 -0.0335 0.7674
vn 0.6651 0.0370 0.7458
vn 0.6652 0.0370 0.7457
vn 0.6860 0.1073 0.7196
vn 0.6859 0.1072 0.7198
vn 0.7025 0.1768 0.6894
vn 0.7149 0.2454 0.6548
vn 0.7150 0.2454 0.6546
vn 0.7231 0.3123 0.6161
vn 0.7231 0.3123 0.6162
vn 0.7268 0.3775 0.5738
vn 0.7267 0.3775 0.5739
vn 0.7261 0.4403 0.5282
vn 0.7261 0.4404 0.5280
vn 0.7211 0.5006 0.4791
vn 0.7210 0.5006 0.4791
vn 0.7153 0.5386 0.4453
vn 0.7348 0.5414 0.4087
vn 0.5104 -0.0211 0.8597
vn 0.5284 0.0285 0.8485
vn 0.5517 0.0999 0.8281
vn 0.5716 0.1705 0.8026
vn 0.5717 0.1706 0.8026
vn 0.5882 0.2402 0.7722
vn 0.5881 0.2402 0.7723
vn 0.6011 0.3084 0.7373
vn 0.6011 0.3085 0.7372
vn 0.6104 0.3748 0.6978
vn 0.6103 0.3747 0.6979
vn 0.6160 0.4389 0.6542
vn 0.6173 0.4666 0.6335
vn 0.6204 0.4883 0.6137
vn 0.4576 -0.8850 0.0860
vn 0.4551 -0.8862 0.0873
vn 0.4504 -0.8889 0.0839
vn 0.6513 -0.7252 0.2235
vn 0.7789 -0.5317 0.3326
vn 0.7814 -0.5249 0.3375
vn 0.7250 -0.6491 0.2301
vn 0.7813 -0.5925 0.1962
vn 0.7714 -0.6045 0.1988
vn 0.6316 0.7075 0.3171
vn 0.3520 0.9251 0.1426
vn 0.3132 0.9492 -0.0287
vn 0.4140 0.9098 0.0290
vn 0.4121 0.8905 0.1930
vn -0.0087 0.9999 0.0133
vn 0.6415 0.7105 0.2893
vn 0.6455 0.7058 0.2919
vn 0.6238 0.7156 0.3144
vn 0.6257 0.7151 0.3118
vn 0.6256 0.7135 0.3155
vn 0.6255 0.7120 0.3190
vn 0.2516 0.9641 0.0852
vn 0.2865 0.9226 0.2584
vn 0.3503 0.8890 0.2948
vn 0.3620 0.9234 0.1276
vn 0.6170 0.7131 0.3329
vn 0.6175 0.7125 0.3332
vn 0.6283 0.7132 0.3107
vn 0.6249 0.7124 0.3194
vn 0.9154 -0.0780 0.3949
vn 0.9039 -0.2313 0.3599
vn 0.8764 -0.3752 0.3019
vn 0.9695 -0.2018 0.1392
vn 0.8641 0.4008 0.3043
vn 0.8872 0.2348 0.3972
vn 0.9099 0.0787 0.4074
vn 0.9055 0.3979 0.1476
vn 0.9543 0.1884 0.2321
vn 0.7614 0.6331 0.1396
vn 0.7498 0.5873 0.3047
vn 0.8085 0.2300 0.5417
vn 0.8271 -0.0562 0.5592
vn 0.8273 -0.4843 0.2847
vn 0.9427 -0.0354 0.3317
vn 0.6555 0.7093 0.2593
vn 0.6773 0.6690 0.3061
vn 0.7896 0.5159 0.3323
vn 0.7410 0.5952 0.3109
vn 0.7407 0.5956 0.3108
vn 0.8409 0.4302 0.3284
vn 0.8408 0.4303 0.3284
vn 0.9063 0.2525 0.3389
vn 0.9064 0.2521 0.3389
vn 0.9427 -0.0042 0.3337
vn 0.9353 -0.0368 0.3519
vn 0.9390 0.0652 0.3376
vn 0.9259 -0.1413 0.3503
vn 0.9393 -0.0989 0.3284
vn 0.9356 -0.1403 0.3240
vn 0.9258 -0.1932 0.3250
vn 0.9229 -0.1414 0.3581
vn 0.8895 -0.3423 0.3026
vn 0.8895 -0.3425 0.3025
vn 0.9014 -0.2854 0.3257
vn 0.9178 -0.2424 0.3144
vn 0.9178 -0.2423 0.3144
vn 0.8021 -0.5309 0.2734
vn 0.8023 -0.5305 0.2735
vn 0.8550 -0.4172 0.3081
vn 0.8332 -0.4420 0.3323
vn 0.8895 -0.3425 0.3026
vn 0.7477 -0.6097 0.2630
vn 0.7253 -0.6546 0.2131
vn 0.7773 -0.5344 0.3320
vn 0.7673 -0.5766 0.2806
vn 0.7848 -0.5744 0.2327
vn 0.7848 -0.5744 0.2325
vn 0.7845 -0.5999 0.1571
vn 0.7843 -0.6000 0.1575
vn 0.7787 -0.6144 0.1270
vn 0.7823 -0.6180 0.0778
vn 0.7823 -0.6180 0.0777
vn 0.7786 -0.6193 0.1016
vn 0.7787 -0.6144 0.1272
vn 0.7789 -0.6144 0.1261
vn 0.7996 -0.5965 0.0696
vn 0.7995 -0.5965 0.0700
vn 0.8157 -0.5720 0.0862
vn 0.8150 -0.5744 0.0759
vn 0.8129 -0.5748 0.0942
vn 0.8006 -0.5944 0.0750
vn 0.7996 -0.5965 0.0701
vn 0.8284 -0.5494 0.1089
vn 0.8290 -0.5493 0.1048
vn 0.8385 -0.5285 0.1329
vn 0.8414 -0.5258 0.1252
vn 0.8431 -0.5076 0.1778
vn 0.8462 -0.5054 0.1687
vn 0.8397 -0.5239 0.1433
vn 0.8413 -0.5258 0.1253
vn 0.8396 -0.5010 0.2099
vn 0.8586 -0.4759 0.1907
vn 0.8132 -0.5157 0.2699
vn 0.8133 -0.5156 0.2696
vn 0.9563 -0.2782 -0.0897
vn 0.8548 -0.4595 0.2411
vn 0.8337 -0.4855 0.2632
vn 0.8397 -0.4939 0.2257
vn 0.8397 -0.4939 0.2258
vn 0.8116 -0.4575 0.3634
vn 0.8047 -0.4958 0.3265
vn 0.8161 -0.4005 0.4166
vn 0.8836 -0.3635 0.2953
vn 0.8057 -0.4641 0.3679
vn 0.8065 -0.4621 0.3688
vn 0.8108 -0.4518 0.3721
vn 0.8106 -0.4588 0.3640
vn 0.8162 -0.4001 0.4167
vn 0.8203 -0.3884 0.4198
vn 0.8203 -0.3964 0.4123
vn 0.8247 -0.2723 0.4958
vn 0.8248 -0.2749 0.4941
vn 0.8278 -0.3195 0.4612
vn 0.8216 -0.3413 0.4566
vn 0.8215 -0.3416 0.4565
vn 0.8279 -0.2026 0.5230
vn 0.8280 -0.2021 0.5231
vn 0.8280 -0.2024 0.5230
vn 0.8316 -0.2471 0.4974
vn 0.8248 -0.2753 0.4939
vn 0.8248 -0.2751 0.4940
vn 0.8280 -0.2022 0.5230
vn 0.8335 -0.1710 0.5254
vn 0.8279 -0.1296 0.5457
vn 0.8271 -0.0559 0.5593
vn 0.8374 -0.1254 0.5321
vn 0.8316 -0.0922 0.5476
vn 0.8279 -0.1295 0.5457
vn 0.8279 -0.1302 0.5456
vn 0.8242 0.0152 0.5661
vn 0.8242 0.0155 0.5661
vn 0.8277 -0.0116 0.5610
vn 0.8313 0.0164 0.5556
vn 0.8312 0.0158 0.5557
vn 0.8171 0.1619 0.5533
vn 0.8160 0.1522 0.5576
vn 0.8143 0.1629 0.5572
vn 0.8143 0.1628 0.5572
vn 0.8171 0.1618 0.5533
vn 0.8196 0.0899 0.5658
vn 0.8213 0.0702 0.5661
vn 0.8247 0.0896 0.5584
vn 0.8247 0.0897 0.5584
vn 0.8081 0.2320 0.5414
vn 0.8080 0.2313 0.5418
vn 0.8080 0.2305 0.5422
vn 0.7862 0.3648 0.4988
vn 0.7868 0.3825 0.4844
vn 0.7929 0.3630 0.4893
vn 0.7862 0.3650 0.4986
vn 0.8007 0.2980 0.5197
vn 0.7979 0.3091 0.5175
vn 0.7973 0.2997 0.5240
vn 0.7575 0.5160 0.4000
vn 0.7579 0.4911 0.4295
vn 0.7579 0.4911 0.4294
vn 0.7852 0.4199 0.4551
vn 0.7731 0.4516 0.4454
vn 0.7729 0.4276 0.4687
vn 0.7729 0.4278 0.4686
vn 0.7493 0.5339 0.3918
vn 0.7688 0.5547 0.3181
vn 0.7693 0.5544 0.3174
vn 0.7299 0.5685 0.3796
vn 0.7685 0.5173 0.3767
vn 0.7500 0.5334 0.3912
vn 0.7505 0.5330 0.3907
vn 0.9709 -0.0096 -0.2393
vn 0.7194 0.5578 0.4140
vn 0.7786 0.5697 0.2630
vn 0.7893 0.5864 0.1821
vn 0.7797 0.5868 0.2183
vn 0.7775 0.5793 0.2446
vn 0.7956 0.5615 0.2274
vn 0.8640 0.5027 0.0290
vn 0.7569 0.6048 0.2478
vn 0.7879 0.5866 0.1874
vn 0.7726 0.6026 0.2002
vn 0.7759 0.6097 0.1619
vn 0.7574 0.6315 0.1663
vn 0.7818 0.6060 0.1469
vn 0.7633 0.6334 0.1270
vn 0.7513 0.6436 0.1459
vn 0.7451 0.6550 0.1256
vn 0.7261 0.6785 0.1110
vn 0.7261 0.6785 0.1109
vn 0.7320 0.6680 0.1337
vn 0.7441 0.6581 0.1153
vn 0.7441 0.6581 0.1151
vn 0.7046 0.6997 0.1183
vn 0.7097 0.6928 0.1279
vn 0.7236 0.6806 0.1148
vn 0.7262 0.6785 0.1107
vn 0.7051 0.6898 0.1644
vn 0.7000 0.7011 0.1357
vn 0.6962 0.7043 0.1391
vn 0.6961 0.7043 0.1392
vn 0.7071 0.6887 0.1606
vn 0.7051 0.6898 0.1643
vn 0.7163 0.6583 0.2313
vn 0.7161 0.6583 0.2320
vn 0.7119 0.6747 0.1948
vn 0.7119 0.6747 0.1950
vn 0.7149 0.6440 0.2723
vn 0.6967 0.6411 0.3219
vn 0.7129 0.5927 0.3748
vn 0.9645 0.0951 0.2465
vn 0.9367 0.0908 0.3382
vn 0.9330 0.0646 0.3540
vn 0.9651 0.1958 0.1742
vn 0.9494 0.1936 0.2472
vn 0.9497 0.1884 0.2502
vn 0.9237 0.1850 0.3354
vn 0.9211 0.1608 0.3545
vn 0.9451 0.2990 0.1317
vn 0.9382 0.2984 0.1752
vn 0.9399 0.2901 0.1802
vn 0.9247 0.2885 0.2483
vn 0.9259 0.2803 0.2534
vn 0.8984 0.2770 0.3409
vn 0.9003 0.2522 0.3548
vn 0.7955 0.4908 0.3554
vn 0.8330 0.4954 0.2462
vn 0.9092 0.4019 0.1091
vn 0.9058 0.4016 0.1348
vn 0.9090 0.3925 0.1401
vn 0.9022 0.3921 0.1799
vn 0.9055 0.3811 0.1868
vn 0.8910 0.3798 0.2488
vn 0.8935 0.3689 0.2562
vn 0.8706 0.3664 0.3283
vn 0.8721 0.3406 0.3513
vn 0.7149 0.6441 0.2721
vn 0.7116 0.6600 0.2409
vn 0.8205 0.5082 0.2618
vn 0.8441 0.5100 0.1658
vn 0.8566 0.4818 0.1850
vn 0.8632 0.4822 0.1497
vn 0.8580 0.4934 0.1428
vn 0.8616 0.4936 0.1179
vn 0.8566 0.5029 0.1156
vn 0.9631 0.1908 0.1898
vn 0.9721 0.1576 0.1736
vn 0.9670 0.2038 0.1530
vn 0.9018 0.1573 0.4024
vn 0.9122 0.1234 0.3908
vn 0.9326 0.1249 0.3387
vn 0.9309 0.1288 0.3418
vn 0.9504 0.1315 0.2817
vn 0.9490 0.1352 0.2849
vn 0.9575 0.1369 0.2539
vn 0.9673 0.0953 0.2351
vn 0.9802 0.0984 0.1721
vn 0.9647 0.1794 0.1930
vn 0.9828 0.1030 0.1535
vn 0.9887 0.0009 0.1502
vn 0.9405 0.3022 0.1554
vn 0.9241 0.3395 0.1755
vn 0.9217 0.3386 0.1894
vn 0.9277 0.3278 0.1784
vn 0.9179 0.3244 0.2285
vn 0.9244 0.3131 0.2180
vn 0.9103 0.3098 0.2745
vn 0.9167 0.2987 0.2653
vn 0.8965 0.2968 0.3289
vn 0.9034 0.2851 0.3203
vn 0.8834 0.2863 0.3710
vn 0.8379 0.4732 0.2720
vn 0.8484 0.4568 0.2675
vn 0.8596 0.4568 0.2290
vn 0.8452 0.4750 0.2448
vn 0.8583 0.4781 0.1866
vn 0.8441 0.4958 0.2042
vn 0.8526 0.4993 0.1543
vn 0.8390 0.5159 0.1730
vn 0.8446 0.5188 0.1321
vn 0.8332 0.5325 0.1490
vn 0.7566 0.6048 0.2485
vn 0.7611 0.5897 0.2702
vn 0.7869 0.5471 0.2855
vn 0.7946 0.5229 0.3086
vn 0.8176 0.4773 0.3219
vn 0.8230 0.4555 0.3394
vn 0.8448 0.4035 0.3515
vn 0.8482 0.3844 0.3645
vn 0.8726 0.3101 0.3773
vn 0.8880 -0.3071 0.3422
vn 0.8830 -0.3611 0.3000
vn 0.8938 -0.3561 0.2726
vn 0.8936 -0.3734 0.2492
vn 0.9021 -0.3708 0.2208
vn 0.8997 -0.3890 0.1980
vn 0.9041 -0.3883 0.1784
vn 0.8999 -0.4075 0.1556
vn 0.9017 -0.4074 0.1449
vn 0.8962 -0.4261 0.1234
vn 0.8969 -0.4260 0.1188
vn 0.8915 -0.4415 0.1012
vn 0.9097 -0.1563 0.3846
vn 0.9118 -0.2062 0.3552
vn 0.9278 -0.2009 0.3144
vn 0.9293 -0.2118 0.3027
vn 0.9431 -0.2087 0.2590
vn 0.9437 -0.2199 0.2472
vn 0.9525 -0.2187 0.2120
vn 0.9523 -0.2308 0.1995
vn 0.9579 -0.2303 0.1717
vn 0.9571 -0.2419 0.1597
vn 0.9575 -0.2418 0.1569
vn 0.9457 -0.3000 0.1252
vn 0.8274 -0.4842 0.2846
vn 0.8147 -0.5014 0.2913
vn 0.8457 -0.4241 0.3239
vn 0.8228 -0.4651 0.3267
vn 0.8577 -0.3615 0.3655
vn 0.8407 -0.3968 0.3685
vn 0.8675 -0.2944 0.4010
vn 0.8553 -0.3242 0.4042
vn 0.8744 -0.2245 0.4302
vn 0.8663 -0.2482 0.4336
vn 0.8784 -0.1523 0.4531
vn 0.8736 -0.1694 0.4562
vn 0.8794 -0.0781 0.4696
vn 0.8772 -0.0882 0.4720
vn 0.8775 -0.0030 0.4796
vn 0.9845 -0.1010 0.1433
vn 0.9841 -0.0475 0.1711
vn 0.9820 -0.0479 0.1828
vn 0.9814 -0.0440 0.1866
vn 0.9730 -0.0454 0.2263
vn 0.9723 -0.0414 0.2301
vn 0.9602 -0.0433 0.2759
vn 0.9594 -0.0395 0.2794
vn 0.9419 -0.0425 0.3331
vn 0.9409 -0.0388 0.3365
vn 0.9217 -0.0427 0.3855
vn 0.9144 0.0001 0.4048
vn 0.8769 -0.0064 0.4806
vn 0.8722 0.0759 0.4833
vn 0.8731 0.0727 0.4821
vn 0.8630 0.1582 0.4799
vn 0.8663 0.1485 0.4768
vn 0.8501 0.2390 0.4693
vn 0.8568 0.2228 0.4651
vn 0.8337 0.3178 0.4517
vn 0.8444 0.2955 0.4468
vn 0.8140 0.3937 0.4272
vn 0.8294 0.3659 0.4222
vn 0.7910 0.4663 0.3961
vn 0.8121 0.4332 0.3910
vn 0.7653 0.5344 0.3587
vn 0.7926 0.4968 0.3534
vn 0.7416 0.5907 0.3180
vn 0.7691 0.5544 0.3180
vn 0.9449 0.3116 0.1000
vn 0.9738 0.2068 0.0948
vn 0.9709 0.2062 0.1221
vn 0.9875 0.1033 0.1188
vn 0.9805 0.1017 0.1681
vn 0.9863 0.0010 0.1649
vn 0.9861 0.0026 0.1659
vn 0.9818 -0.0995 0.1615
vn 0.9818 -0.0945 0.1649
vn 0.9669 -0.1993 0.1592
vn 0.9676 -0.1912 0.1647
vn 0.9419 -0.2967 0.1578
vn 0.9439 -0.2858 0.1654
vn 0.9068 -0.3912 0.1570
vn 0.9107 -0.3779 0.1667
vn 0.8625 -0.4812 0.1568
vn 0.8687 -0.4659 0.1684
vn 0.7871 -0.5977 0.1527
vn 0.7871 -0.5857 0.1936
vn 0.7870 -0.5857 0.1937
vn 0.7835 -0.5880 0.2010
vn 0.8538 -0.4696 0.2248
vn 0.8902 -0.4097 0.1993
vn 0.8973 -0.3818 0.2216
vn 0.9308 -0.2797 0.2353
vn 0.9296 -0.2902 0.2274
vn 0.9528 -0.1878 0.2384
vn 0.9526 -0.1957 0.2328
vn 0.9659 -0.0938 0.2412
vn 0.9663 -0.0988 0.2378
vn 0.9699 0.0005 0.2435
vn 0.9702 -0.0012 0.2424
vn 0.9645 0.0969 0.2455
vn 0.9805 0.0999 0.1691
vn 0.9645 0.2008 0.1712
vn 0.9715 0.2019 0.1245
vn 0.9435 0.3058 0.1278
vn 0.9466 0.3061 0.1013
vn 0.9059 0.4096 0.1073
vn 0.7824 -0.6180 0.0776
vn 0.7729 -0.6276 0.0933
vn 0.8598 -0.5021 0.0932
vn 0.8670 -0.4902 0.0896
vn 0.9086 -0.4080 0.0894
vn 0.9133 -0.3979 0.0865
vn 0.9471 -0.3089 0.0866
vn 0.9499 -0.3009 0.0844
vn 0.9746 -0.2073 0.0851
vn 0.9760 -0.2013 0.0835
vn 0.9910 -0.1030 0.0849
vn 0.9915 -0.0993 0.0840
vn 0.9963 0.0020 0.0863
vn 0.9963 0.0030 0.0861
vn 0.9903 0.1068 0.0894
vn 0.9731 0.2104 0.0939
vn 0.9904 0.1057 0.0896
vn 0.9875 0.1048 0.1180
vn 0.9934 0.0018 0.1147
vn 0.9933 0.0033 0.1156
vn 0.9885 -0.1009 0.1123
vn 0.9886 -0.0969 0.1149
vn 0.9728 -0.2031 0.1115
vn 0.9737 -0.1964 0.1158
vn 0.9464 -0.3028 0.1122
vn 0.9485 -0.2938 0.1181
vn 0.9094 -0.3999 0.1142
vn 0.9133 -0.3886 0.1218
vn 0.8626 -0.4921 0.1173
vn 0.8686 -0.4791 0.1264
vn 0.7832 -0.6103 0.1190
vn 0.7844 -0.5999 0.1575
vn 0.7163 0.6584 0.2313
vn 0.7128 0.6742 0.1933
vn 0.8000 0.5656 0.2004
vn 0.8084 0.5665 0.1599
vn 0.8009 0.5793 0.1516
vn 0.8048 0.5797 0.1274
vn 0.7974 0.5905 0.1246
vn 0.7979 0.5906 0.1206
vn 0.8533 0.5021 0.1407
vn 0.8363 0.5339 0.1243
vn 0.9048 0.4093 0.1171
vn 0.9090 0.3994 0.1193
vn 0.9434 0.3112 0.1146
vn 0.9455 0.3042 0.1161
vn 0.9713 0.2099 0.1117
vn 0.9721 0.2056 0.1127
vn 0.9884 0.1061 0.1087
vn 0.9885 0.1048 0.1090
vn 0.9944 0.0013 0.1057
vn 0.9944 0.0026 0.1054
vn 0.9893 -0.1038 0.1028
vn 0.9898 -0.0996 0.1018
vn 0.9730 -0.2080 0.0998
vn 0.9748 -0.2006 0.0980
vn 0.9460 -0.3094 0.0968
vn 0.9495 -0.2992 0.0942
vn 0.9081 -0.4082 0.0936
vn 0.8913 -0.4416 0.1027
vn 0.8607 -0.5018 0.0856
vn 0.7901 -0.6070 0.0861
vn 0.7822 -0.6181 0.0777
vn 0.5751 0.8107 0.1098
vn 0.6050 0.7890 0.1068
vn 0.0664 0.9978 -0.0032
vn 0.5010 0.8601 0.0957
vn 0.5097 0.8548 0.0972
vn 0.5790 0.8080 0.1091
vn 0.5049 0.8592 0.0827
vn 0.7113 0.6904 0.1318
vn -0.3835 0.9191 -0.0906
vn 0.0620 0.9980 0.0129
vn -0.4628 0.8859 -0.0327
vn -0.7268 0.6691 -0.1549
vn -0.6219 0.7753 -0.1101
vn -0.4280 0.8974 -0.1072
vn -0.3725 0.9175 -0.1396
vn -0.5371 0.8394 0.0832
vn -0.5968 0.8021 0.0218
vn -0.5976 0.8015 0.0213
vn -0.7036 0.7106 -0.0112
vn -0.4637 0.8854 -0.0327
vn -0.4628 0.8859 -0.0329
vn -0.3069 0.9389 0.1560
vn -0.6270 0.7744 0.0847
vn -0.5393 0.8379 0.0838
vn -0.5371 0.8393 0.0837
vn -0.3180 0.9353 0.1550
vn -0.3133 0.9368 0.1554
vn -0.3069 0.9389 0.1559
vn -0.5910 0.8000 0.1033
vn -0.5910 0.8000 0.1034
vn -0.5911 0.8000 0.1034
vn -0.2809 0.9472 0.1548
vn 0.0053 0.9883 0.1521
vn 0.0053 0.9883 0.1523
vn 0.0052 0.9883 0.1523
vn 0.4320 0.8830 0.1835
vn 0.4971 0.8479 0.1841
vn 0.5364 0.8216 0.1930
vn 0.5298 0.8233 0.2036
vn 0.6665 0.7108 0.2247
vn 0.9519 -0.1480 0.2684
vn 0.9518 -0.1481 0.2686
vn 0.6221 0.7472 0.2339
vn 0.5011 0.8375 0.2179
vn 0.8268 0.4492 0.3387
vn 0.6233 0.7210 0.3028
vn 0.6233 0.7201 0.3049
vn 0.4276 0.8816 0.1997
vn 0.7597 0.5803 0.2935
vn 0.7780 0.5533 0.2975
vn 0.5074 0.8322 0.2238
vn 0.5252 0.8118 0.2551
vn 0.6269 0.7218 0.2932
vn 0.7449 0.5794 0.3309
vn 0.5153 0.8200 0.2492
vn 0.5322 0.8203 0.2094
vn 0.5302 0.8219 0.2084
vn 0.8270 0.4958 0.2650
vn 0.5079 0.8318 0.2237
vn 0.5079 0.8318 0.2239
vn 0.5763 0.7908 0.2062
vn 0.6680 0.7119 0.2168
vn 0.5324 0.8204 0.2087
vn 0.5023 0.8479 0.1695
vn 0.5118 0.8411 0.1750
vn 0.5901 0.7895 0.1687
vn 0.5499 0.8138 0.1882
vn 0.5501 0.8136 0.1882
vn 0.5502 0.8136 0.1880
vn 0.5195 0.8398 0.1576
vn 0.5321 0.8339 0.1467
vn 0.5900 0.7960 0.1355
vn 0.5195 0.8398 0.1578
vn 0.5301 0.8381 0.1289
vn 0.5297 0.8384 0.1286
vn 0.5629 0.8162 0.1300
vn 0.4786 0.8655 0.1480
vn 0.5751 0.8106 0.1098
vn 0.5884 0.8001 0.1170
vn 0.5813 0.8055 0.1150
vn 0.5642 0.8173 0.1170
vn 0.5301 0.8381 0.1288
vn 0.4320 0.8830 0.1834
vn 0.4352 0.8812 0.1844
vn 0.3836 0.9078 0.1693
vn 0.3495 0.9213 0.1704
vn 0.3489 0.9203 0.1771
vn 0.1374 0.9762 0.1679
vn -0.2270 0.9609 0.1586
vn -0.0986 0.9840 0.1484
vn -0.0990 0.9793 0.1765
vn -0.3795 0.9141 0.1425
vn -0.3795 0.9151 0.1363
vn -0.3523 0.9237 0.1505
vn -0.3770 0.9236 -0.0695
vn -0.1856 0.9819 -0.0382
vn -0.1993 0.9780 0.0618
vn -0.2092 0.9759 0.0615
vn -0.2131 0.9674 0.1371
vn -0.1234 0.9828 0.1376
vn -0.1237 0.9781 0.1674
vn 0.0904 0.9817 0.1676
vn 0.0905 0.9829 0.1602
vn 0.0808 0.9966 0.0162
vn 0.2399 0.9698 0.0434
vn 0.2320 0.9676 0.0999
vn 0.2051 0.9736 0.1004
vn 0.2025 0.9681 0.1476
vn 0.2350 0.9611 0.1453
vn 0.2348 0.9574 0.1681
vn 0.3391 0.9270 0.1604
vn 0.3389 0.9257 0.1683
vn 0.5899 0.7925 0.1550
vn 0.6089 -0.7738 0.1746
vn -0.2144 -0.9692 -0.1211
vn -0.2128 -0.9696 -0.1209
vn -0.6688 -0.7170 -0.1965
vn -0.4395 -0.8783 -0.1883
vn 0.2091 -0.9770 -0.0422
vn 0.1890 -0.9809 -0.0459
vn 0.2086 -0.9771 -0.0423
vn 0.6377 -0.7685 0.0518
vn 0.6404 -0.7667 0.0466
vn 0.6677 -0.7421 0.0590
vn 0.6609 -0.7481 0.0592
vn 0.6180 -0.7824 0.0771
vn 0.6551 -0.7526 0.0667
vn 0.6665 -0.7426 0.0659
vn 0.6713 -0.7381 0.0678
vn 0.6609 -0.7482 0.0592
vn 0.6505 -0.7552 0.0804
vn 0.6182 -0.7822 0.0770
vn 0.6180 -0.7824 0.0767
vn 0.6036 -0.7883 0.1192
vn 0.6132 -0.7844 0.0931
vn 0.6132 -0.7844 0.0932
vn 0.5823 -0.8071 0.0977
vn 0.5573 -0.8247 0.0969
vn 0.5573 -0.8247 0.0967
vn 0.6344 -0.7604 0.1392
vn 0.6323 -0.7621 0.1393
vn 0.7878 -0.5984 0.1462
vn 0.6048 -0.7874 0.1192
vn 0.6037 -0.7884 0.1182
vn 0.8642 -0.4576 0.2092
vn 0.8603 -0.4653 0.2082
vn 0.6343 -0.7604 0.1395
vn 0.6123 -0.7709 0.1758
vn 0.8587 -0.4336 0.2730
vn 0.5968 -0.7781 0.1960
vn 0.8183 -0.4927 0.2962
vn 0.7047 -0.6648 0.2480
vn 0.7966 -0.5299 0.2908
vn 0.7104 -0.6588 0.2476
vn 0.6293 -0.7545 0.1862
vn 0.7108 -0.6688 0.2181
vn 0.7675 -0.5972 0.2331
vn 0.6089 -0.7738 0.1744
vn 0.6677 0.7278 0.1563
vn 0.5688 -0.8096 0.1450
vn 0.4506 -0.8853 0.1148
vn 0.6180 -0.7699 0.1589
vn 0.6429 -0.7476 0.1667
vn 0.7671 -0.5973 0.2342
vn 0.6211 -0.7752 0.1154
vn 0.4569 -0.8826 0.1107
vn 0.4568 -0.8824 0.1125
vn 0.4033 -0.9082 0.1118
vn 0.4550 -0.8830 0.1152
vn 0.5561 -0.8220 0.1229
vn 0.6630 -0.7324 0.1548
vn 0.6630 -0.7324 0.1547
vn -0.0866 -0.9912 0.1001
vn -0.0865 -0.9914 0.0981
vn 0.3455 -0.9306 0.1207
vn 0.3432 -0.9340 0.0998
vn 0.3428 -0.9336 0.1043
vn -0.3860 -0.9214 0.0442
vn -0.3866 -0.9212 0.0443
vn -0.4717 -0.8808 0.0418
vn -0.3091 -0.9471 0.0867
vn -0.3774 -0.9227 0.0788
vn -0.3774 -0.9227 0.0785
vn -0.2808 -0.9559 0.0861
vn -0.0726 -0.9912 0.1110
vn -0.0749 -0.9911 0.1105
vn -0.7206 -0.6601 -0.2124
vn -0.4034 -0.9086 -0.1084
vn -0.4034 -0.9086 -0.1087
vn -0.5441 -0.8376 -0.0488
vn -0.5453 -0.8369 -0.0484
vn -0.5590 -0.8278 -0.0485
vn -0.5646 -0.8238 -0.0508
vn -0.3861 -0.9214 0.0444
vn 0.6388 -0.7676 0.0521
vn 0.3436 -0.9388 -0.0240
vn 0.3347 -0.9414 0.0424
vn 0.3107 -0.9497 0.0384
vn 0.3078 -0.9476 0.0855
vn 0.3415 -0.9357 0.0882
vn 0.3412 -0.9342 0.1041
vn 0.4446 -0.8891 0.1084
vn 0.4459 -0.8944 0.0335
vn 0.5380 -0.8358 0.1097
vn -0.2670 -0.9581 0.1040
vn -0.2667 -0.9598 0.0876
vn 0.0225 -0.9941 0.1065
vn 0.0228 -0.9947 0.1002
vn 0.0743 -0.9927 0.0947
vn -0.2116 -0.9683 -0.1330
vn -0.0780 -0.9918 -0.1016
vn -0.0919 -0.9958 0.0021
vn -0.0980 -0.9952 0.0010
vn -0.1021 -0.9922 0.0709
vn -0.0085 -0.9965 0.0826
vn -0.0089 -0.9952 0.0972
vn 0.2084 -0.9710 0.1169
vn 0.2089 -0.9726 0.1022
vn 0.1430 -0.9850 0.0966
vn 0.3442 -0.9311 0.1205
vn 0.4116 -0.8999 0.1440
vn 0.6342 -0.7378 0.2312
vn 0.6796 -0.7111 0.1801
vn 0.5755 -0.7871 0.2219
vn -0.9176 0.0691 -0.3915
vn -0.8983 0.2305 -0.3740
vn -0.9133 0.2786 -0.2971
vn -0.9060 0.3285 -0.2671
vn -0.8865 0.2833 -0.3659
vn -0.8132 0.4843 -0.3228
vn -0.8133 0.4841 -0.3228
vn -0.8132 0.4841 -0.3230
vn -0.8132 0.4841 -0.3229
vn -0.7013 0.6619 -0.2646
vn -0.5561 0.8083 -0.1936
vn -0.5551 0.8090 -0.1933
vn -0.5561 0.8082 -0.1936
vn -0.3845 0.9161 -0.1135
vn -0.3843 0.9162 -0.1136
vn -0.3843 0.9162 -0.1134
vn -0.1951 0.9804 -0.0282
vn -0.2471 0.9681 -0.0401
vn -0.2233 0.9739 0.0406
vn -0.1600 0.9867 0.0286
vn -0.1944 0.9805 -0.0281
vn -0.0763 0.9968 0.0237
vn -0.0383 0.9990 0.0210
vn 0.0053 0.9940 0.1094
vn 0.0337 0.9910 0.1296
vn 0.0239 0.9975 0.0669
vn 0.2038 0.9685 0.1428
vn 0.1491 0.9795 0.1351
vn 0.1738 0.9619 0.2110
vn 0.2385 0.9514 0.1946
vn 0.2037 0.9685 0.1429
vn 0.3472 0.9158 0.2018
vn 0.3626 0.8863 0.2880
vn 0.4037 0.8596 0.3133
vn 0.3932 0.8927 0.2201
vn 0.5143 0.8147 0.2678
vn 0.5278 0.7861 0.3218
vn 0.5450 0.7564 0.3617
vn 0.5461 0.7894 0.2803
vn -0.9319 0.1210 -0.3420
vn -0.9528 0.0106 -0.3034
vn -0.9186 0.0688 -0.3892
vn -0.9051 -0.1486 -0.3984
vn -0.9051 -0.1486 -0.3985
vn -0.7536 -0.5525 -0.3562
vn -0.7535 -0.5526 -0.3561
vn -0.7536 -0.5526 -0.3561
vn -0.8495 -0.3591 -0.3864
vn -0.8495 -0.3592 -0.3865
vn -0.4605 -0.8526 -0.2468
vn -0.4605 -0.8527 -0.2468
vn -0.4604 -0.8527 -0.2469
vn -0.4601 -0.8529 -0.2468
vn -0.6217 -0.7198 -0.3089
vn -0.6218 -0.7197 -0.3088
vn -0.6216 -0.7198 -0.3089
vn -0.0807 -0.9926 -0.0912
vn -0.0807 -0.9926 -0.0913
vn -0.0806 -0.9926 -0.0913
vn -0.2771 -0.9451 -0.1732
vn -0.2772 -0.9451 -0.1731
vn 0.0817 -0.9957 -0.0430
vn 0.0385 -0.9984 -0.0403
vn -0.0808 -0.9925 -0.0914
vn 0.2283 -0.9717 0.0602
vn 0.2284 -0.9717 0.0602
vn 0.1350 -0.9900 -0.0411
vn 0.1723 -0.9821 -0.0761
vn 0.1711 -0.9823 -0.0755
vn 0.3418 -0.9382 0.0549
vn 0.3319 -0.9425 0.0395
vn 0.3587 -0.9333 0.0147
vn 0.2285 -0.9717 0.0602
vn 0.5752 -0.7874 0.2218
vn 0.5117 -0.8506 0.1210
vn 0.5306 -0.8415 0.1011
vn 0.5303 -0.8417 0.1013
vn 0.2567 -0.9573 -0.1327
vn 0.2721 -0.9570 -0.1009
vn 0.2372 -0.9492 -0.2069
vn 0.2371 -0.9491 -0.2074
vn 0.2498 -0.9099 -0.3310
vn 0.2014 -0.9698 -0.1377
vn 0.2528 -0.9501 -0.1826
vn 0.2301 -0.9535 -0.1947
vn 0.3121 -0.9484 -0.0560
vn 0.2837 -0.9532 -0.1049
vn 0.2709 -0.9593 -0.0798
vn 0.2827 -0.9393 -0.1945
vn 0.2402 -0.9604 -0.1410
vn 0.0814 -0.9685 -0.2354
vn 0.0813 -0.9686 -0.2348
vn 0.0857 -0.9371 -0.3383
vn -0.0565 -0.9577 -0.2822
vn -0.0565 -0.9577 -0.2821
vn -0.1716 -0.8947 -0.4124
vn -0.1978 -0.9270 -0.3185
vn -0.2025 -0.9384 -0.2802
vn -0.1991 -0.8956 -0.3978
vn -0.3610 -0.8808 -0.3064
vn -0.3655 -0.8416 -0.3975
vn -0.4783 -0.8236 -0.3048
vn -0.4560 -0.8310 -0.3184
vn -0.4742 -0.8355 -0.2775
vn -0.4760 -0.8346 -0.2774
vn -0.5000 -0.6850 -0.5298
vn -0.4886 -0.7735 -0.4037
vn -0.4899 -0.7730 -0.4031
vn -0.4886 -0.7737 -0.4033
vn -0.3425 -0.6032 -0.7203
vn -0.4737 -0.4623 -0.7496
vn -0.3297 -0.6268 -0.7060
vn -0.0866 -0.6431 -0.7609
vn -0.3424 -0.6033 -0.7203
vn -0.3422 -0.6034 -0.7203
vn 0.4304 -0.6067 -0.6683
vn 0.4314 -0.6061 -0.6682
vn 0.2610 -0.6550 -0.7092
vn 0.2615 -0.6549 -0.7090
vn -0.4155 -0.5260 -0.7421
vn -0.0764 -0.6045 -0.7930
vn 0.2706 -0.8547 -0.4430
vn 0.3373 -0.8688 -0.3626
vn 0.2501 -0.9098 -0.3311
vn 0.2496 -0.9101 -0.3307
vn 0.2570 -0.9572 -0.1334
vn 0.1150 -0.9865 0.1169
vn 0.2802 -0.9120 -0.2995
vn 0.1269 -0.9187 -0.3741
vn 0.1387 -0.8892 -0.4359
vn -0.0119 -0.8285 -0.5599
vn -0.1290 -0.8332 -0.5377
vn -0.0758 -0.6046 -0.7929
vn 0.0044 -0.6320 -0.7750
vn -0.0041 -0.6706 -0.7418
vn 0.1268 -0.7494 -0.6499
vn 0.1089 -0.8101 -0.5761
vn 0.1715 -0.9154 -0.3643
vn 0.2128 -0.8157 -0.5378
vn -0.0227 -0.8263 -0.5628
vn -0.0154 -0.7900 -0.6130
vn -0.1218 -0.7674 -0.6294
vn -0.4999 -0.6732 -0.5449
vn -0.4340 -0.7031 -0.5633
vn -0.4972 -0.6862 -0.5310
vn -0.4996 -0.6853 -0.5298
vn 0.2752 -0.7053 -0.6532
vn 0.2754 -0.7042 -0.6544
vn 0.2751 -0.7052 -0.6535
vn 0.2706 -0.8547 -0.4431
vn 0.2707 -0.8545 -0.4433
vn 0.3512 -0.7794 -0.5188
vn 0.2755 -0.9562 -0.0989
vn 0.2721 -0.9570 -0.1010
vn 0.0817 -0.9507 -0.2992
vn 0.2226 -0.9550 -0.1962
vn 0.2822 -0.8885 -0.3619
vn 0.2293 -0.8927 -0.3880
vn 0.2794 -0.7870 -0.5501
vn 0.3465 -0.7818 -0.5184
vn 0.3406 -0.7804 -0.5244
vn -0.4998 -0.6852 -0.5298
vn -0.3699 -0.8012 -0.4703
vn -0.3704 -0.7379 -0.5642
vn -0.2025 -0.8946 -0.3984
vn -0.1985 -0.8110 -0.5503
vn -0.0437 -0.9239 -0.3800
vn -0.0330 -0.8681 -0.4953
vn 0.0904 -0.9373 -0.3365
vn 0.0856 -0.9469 -0.3099
vn 0.1115 -0.9479 -0.2985
vn 0.2488 -0.9544 -0.1649
vn 0.6414 -0.7664 0.0362
vn 0.6427 -0.7653 0.0367
vn 0.6552 -0.7540 0.0465
vn 0.6472 -0.7616 0.0332
vn 0.7989 -0.5922 0.1052
vn 0.2211 -0.9708 -0.0929
vn 0.6424 -0.7655 0.0365
vn 0.6817 -0.7303 0.0449
vn 0.6456 -0.7628 0.0371
vn 0.2021 -0.9748 -0.0943
vn 0.2505 -0.9638 -0.0908
vn 0.2218 -0.9701 -0.0981
vn -0.1976 -0.9621 -0.1881
vn -0.2126 -0.9585 -0.1901
vn -0.4268 -0.8711 -0.2428
vn 0.2109 -0.9725 -0.0988
vn 0.2517 -0.9631 -0.0959
vn -0.1983 -0.9612 -0.1918
vn -0.2103 -0.9585 -0.1925
vn -0.1989 -0.9613 -0.1905
vn -0.2257 -0.9546 -0.1945
vn -0.2109 -0.9584 -0.1922
vn -0.9168 -0.0400 -0.3974
vn -0.9167 -0.0401 -0.3975
vn -0.9168 -0.0403 -0.3972
vn -0.9168 -0.0403 -0.3973
vn -0.9170 -0.0400 -0.3970
vn -0.9168 -0.0403 -0.3974
vn -0.9167 -0.0402 -0.3974
vn -0.9169 -0.0401 -0.3972
vn -0.9168 -0.0401 -0.3972
vn -0.9168 -0.0402 -0.3974
vn -0.9169 -0.0402 -0.3972
vn -0.9168 -0.0402 -0.3973
vn -0.9168 -0.0397 -0.3973
vn -0.4897 -0.7469 -0.4499
vn -0.5141 -0.7295 -0.4511
vn -0.4508 -0.6551 -0.6063
vn -0.4752 -0.6410 -0.6027
vn 0.3757 -0.8870 -0.2684
vn 0.4116 -0.8348 -0.3655
vn 0.5059 -0.8410 -0.1920
vn -0.1267 -0.9257 -0.3565
vn -0.7410 -0.4337 -0.5126
vn -0.4515 -0.6545 -0.6064
vn -0.4272 -0.6731 -0.6037
vn 0.5820 -0.7203 -0.3774
vn 0.5876 -0.6590 -0.4696
vn 0.5602 -0.7288 -0.3937
vn -0.4648 -0.5138 -0.7211
vn -0.4302 -0.5265 -0.7333
vn -0.4364 -0.3941 -0.8088
vn -0.4236 -0.3879 -0.8186
vn 0.6255 -0.5644 -0.5386
vn 0.1806 -0.7109 -0.6797
vn 0.2168 -0.6144 -0.7586
vn -0.3547 -0.5719 -0.7397
vn -0.4293 -0.5269 -0.7336
vn -0.4299 -0.5257 -0.7340
vn -0.4938 -0.3579 -0.7925
vn -0.4373 -0.3935 -0.8086
vn -0.4365 -0.3941 -0.8088
vn 0.3247 -0.5249 -0.7868
vn -0.2268 -0.4046 -0.8859
vn -0.2269 -0.4050 -0.8857
vn -0.4758 -0.2210 -0.8513
vn 0.0988 -0.3617 -0.9271
vn 0.1035 -0.3034 -0.9472
vn 0.4125 -0.3644 -0.8349
vn 0.3847 -0.4688 -0.7952
vn -0.4310 -0.1190 -0.8945
vn -0.4311 -0.1177 -0.8946
vn 0.5101 -0.0631 -0.8578
vn 0.4850 -0.1316 -0.8645
vn 0.2741 -0.3075 -0.9112
vn -0.0166 -0.2484 -0.9685
vn 0.4211 -0.0675 -0.9045
vn -0.5046 -0.0380 -0.8625
vn -0.5012 -0.0413 -0.8644
vn -0.3642 -0.1625 0.9170
vn -0.4770 -0.1751 0.8613
vn -0.1659 -0.3873 0.9069
vn -0.0407 -0.3459 0.9374
vn -0.6581 -0.1681 0.7339
vn -0.5897 -0.1766 0.7881
vn -0.5381 -0.1679 0.8260
vn -0.5380 -0.1684 0.8260
vn -0.6419 -0.5465 0.5378
vn -0.7844 -0.3430 0.5167
vn -0.5608 -0.4003 0.7248
vn -0.2139 -0.3689 0.9045
vn -0.2138 -0.3699 0.9041
vn -0.6433 -0.5431 0.5396
vn -0.1500 -0.3855 0.9104
vn 0.2117 -0.4728 0.8554
vn -0.1736 -0.5997 0.7812
vn -0.1829 -0.5653 0.8043
vn -0.3762 -0.6109 0.6966
vn -0.7368 -0.5122 0.4413
vn 0.2667 -0.6169 0.7404
vn -0.7368 -0.5122 0.4412
vn -0.8132 -0.4931 0.3092
vn 0.6076 -0.4320 0.6665
vn -0.6488 -0.6714 0.3583
vn -0.6490 -0.6710 0.3586
vn -0.0336 -0.7581 0.6513
vn 0.2605 -0.6197 0.7404
vn 0.2604 -0.6194 0.7406
vn -0.6466 -0.6720 0.3610
vn -0.8093 -0.5743 0.1235
vn 0.5039 -0.6140 0.6076
vn 0.4532 -0.5478 0.7032
vn 0.5238 -0.5980 0.6066
vn 0.3887 -0.7391 0.5501
vn -0.5999 -0.7751 0.1986
vn 0.9180 0.0403 0.3946
vn -0.3180 -0.9463 0.0576
vn 0.6200 -0.6237 0.4760
vn 0.4935 -0.6655 0.5600
vn 0.5421 -0.6996 0.4655
vn -0.7807 -0.6236 -0.0406
vn -0.5997 -0.7752 0.1985
vn -0.5998 -0.7752 0.1984
vn -0.9123 -0.0366 -0.4078
vn 0.6711 -0.6613 0.3351
vn 0.6711 -0.6613 0.3352
vn -0.7371 -0.6484 -0.1904
vn -0.6348 -0.7718 -0.0379
vn -0.6345 -0.7719 -0.0386
vn 0.7888 -0.4308 0.4384
vn 0.4617 -0.8744 0.1492
vn -0.7046 -0.6582 -0.2652
vn 0.0087 -0.9753 -0.2206
vn 0.1590 -0.9854 -0.0616
vn 0.2222 -0.9499 -0.2196
vn 0.2662 -0.9638 -0.0145
vn -0.3072 -0.9334 -0.1853
vn -0.6718 -0.6404 -0.3723
vn 0.1296 -0.9886 -0.0760
vn 0.1615 -0.9850 -0.0605
vn 0.2889 -0.9572 -0.0199
vn 0.2584 -0.9636 -0.0687
vn 0.2543 -0.9645 -0.0706
vn 0.1297 -0.9886 -0.0762
vn 0.1799 -0.9773 -0.1123
vn 0.2162 -0.9716 -0.0959
vn 0.1610 -0.9851 -0.0596
vn 0.2542 -0.9646 -0.0706
vn 0.2434 -0.9698 0.0162
vn 0.2474 -0.9689 0.0067
vn 0.2469 -0.9690 0.0078
vn 0.1521 -0.9828 0.1043
vn 0.1526 -0.9827 0.1045
vn 0.1331 -0.9866 0.0942
vn 0.1643 -0.9834 0.0773
vn 0.5084 -0.1805 0.8420
vn 0.5467 0.3725 0.7499
vn 0.0891 0.8249 0.5582
vn -0.0599 0.4225 0.9044
vn 0.0090 -0.5204 0.8538
vn 0.1160 -0.7572 0.6428
vn 0.4393 -0.8904 0.1193
vn 0.3745 -0.9183 0.1286
vn 0.5295 -0.8010 0.2793
vn 0.4377 -0.8908 0.1222
vn 0.2733 -0.8763 0.3968
vn 0.3684 -0.8728 0.3201
vn 0.4090 -0.8536 0.3226
vn 0.4382 -0.8266 0.3532
vn 0.3485 -0.9204 0.1773
vn 0.2113 -0.8491 0.4842
vn 0.2117 -0.8493 0.4835
vn 0.3752 -0.7921 0.4815
vn 0.2736 -0.8763 0.3965
vn 0.2737 -0.8765 0.3961
vn 0.1161 -0.7573 0.6427
vn 0.2957 -0.7405 0.6035
vn 0.2813 -0.7441 0.6059
vn 0.2608 -0.7606 0.5946
vn 0.2111 -0.8502 0.4823
vn 0.0821 -0.6897 0.7194
vn 0.1105 -0.7137 0.6917
vn 0.2729 -0.6027 0.7498
vn 0.1156 -0.7578 0.6421
vn 0.0095 -0.5216 0.8531
vn 0.1449 -0.5731 0.8066
vn 0.1495 -0.5725 0.8061
vn 0.1531 -0.5699 0.8074
vn 0.0816 -0.6888 0.7203
vn 0.1183 -0.4357 0.8923
vn 0.2519 -0.3478 0.9031
vn 0.0089 -0.5212 0.8534
vn 0.0280 -0.3210 0.9467
vn 0.1023 -0.2856 0.9529
vn 0.0287 -0.3200 0.9470
vn -0.0047 -0.4266 0.9044
vn -0.0050 -0.4257 0.9048
vn -0.0768 -0.2380 0.9682
vn -0.0764 -0.2376 0.9683
vn -0.0765 -0.2376 0.9683
vn 0.1122 -0.1058 0.9880
vn -0.0180 -0.1434 0.9895
vn -0.0552 -0.0076 0.9984
vn -0.1134 0.1087 0.9876
vn -0.1134 0.1092 0.9875
vn 0.0726 0.0274 0.9970
vn -0.0547 -0.0087 0.9985
vn -0.0552 -0.0091 0.9984
vn -0.0613 0.3175 0.9463
vn -0.0066 0.2123 0.9772
vn 0.0312 0.1892 0.9814
vn 0.1127 0.2011 0.9731
vn -0.1129 0.1092 0.9876
vn -0.0600 0.4220 0.9046
vn -0.0607 0.4226 0.9043
vn 0.0979 0.3371 0.9364
vn -0.0614 0.3179 0.9461
vn -0.0613 0.3179 0.9461
vn -0.0033 0.6144 0.7890
vn 0.0648 0.4951 0.8664
vn 0.0848 0.4933 0.8657
vn 0.0846 0.4933 0.8658
vn 0.0388 0.6895 0.7232
vn 0.0390 0.6899 0.7228
vn 0.1672 0.6034 0.7797
vn -0.0015 0.6145 0.7890
vn 0.0891 0.8249 0.5583
vn 0.2072 0.7049 0.6784
vn 0.1807 0.7256 0.6640
vn 0.1395 0.7330 0.6657
vn 0.1815 0.8552 0.4854
vn 0.2361 0.8117 0.5342
vn 0.3421 0.7733 0.5339
vn 0.0890 0.8249 0.5583
vn 0.2318 0.9344 0.2705
vn 0.3650 0.8165 0.4473
vn 0.3289 0.8538 0.4035
vn 0.2296 0.8908 0.3920
vn 0.2300 0.8908 0.3918
vn 0.3327 0.9255 0.1811
vn 0.5957 0.7144 0.3672
vn 0.5136 0.7914 0.3314
vn 0.6972 0.5462 0.4644
vn 0.3048 0.9248 0.2278
vn 0.2697 0.9421 0.1995
vn 0.5961 0.7139 0.3674
vn 0.5993 0.7134 0.3631
vn 0.7396 0.4862 0.4654
vn 0.7396 0.4855 0.4661
vn 0.1807 0.9727 0.1459
vn 0.6117 0.7141 0.3403
vn 0.6116 0.7142 0.3404
vn 0.6946 0.4532 0.5587
vn 0.6955 0.4511 0.5593
vn 0.2520 0.8946 0.3690
vn 0.3295 0.8535 0.4038
vn 0.3581 0.8377 0.4124
vn 0.7392 0.4861 0.4661
vn 0.6458 0.4590 0.6101
vn -0.1209 0.9119 0.3922
vn 0.6955 0.4512 0.5592
vn 0.6942 0.4529 0.5594
vn 0.3794 0.6254 0.6819
vn 0.3795 0.6253 0.6819
vn 0.6457 0.4589 0.6103
vn 0.3785 0.6258 0.6819
vn 0.1596 0.7343 0.6598
vn 0.6219 0.3677 0.6914
vn 0.5464 0.3717 0.7505
vn 0.5466 0.3715 0.7505
vn -0.2949 0.6988 0.6517
vn 0.6224 0.3673 0.6912
vn 0.6217 0.3673 0.6918
vn -0.0887 0.5273 0.8451
vn 0.3898 0.3939 0.8324
vn 0.4041 0.3879 0.8284
vn -0.3683 0.3837 0.8469
vn 0.5840 0.2316 0.7780
vn 0.5891 0.2298 0.7747
vn 0.5891 0.2302 0.7746
vn 0.3323 0.1692 0.9279
vn 0.5171 0.1994 0.8324
vn 0.5172 0.2002 0.8321
vn 0.3307 0.1691 0.9285
vn -0.1343 0.1987 0.9708
vn 0.5491 0.0752 0.8324
vn 0.4324 -0.0599 0.8997
vn 0.4595 0.0202 0.8879
vn 0.4603 0.0157 0.8876
vn 0.4609 0.0156 0.8873
vn -0.3139 0.0164 0.9493
vn 0.5515 0.0749 0.8308
vn 0.5515 0.0739 0.8309
vn 0.4329 -0.0599 0.8994
vn -0.2568 -0.1668 0.9520
vn 0.5895 -0.0876 0.8030
vn 0.5087 -0.1816 0.8416
vn 0.5081 -0.1818 0.8419
vn -0.3014 -0.3529 0.8858
vn 0.5883 -0.0883 0.8038
vn 0.5895 -0.0877 0.8030
vn 0.6264 -0.2290 0.7451
vn 0.6287 -0.2279 0.7435
vn -0.2662 -0.5222 0.8102
vn 0.4481 -0.2782 0.8496
vn 0.4519 -0.2757 0.8484
vn 0.5034 -0.3914 0.7704
vn 0.5065 -0.3895 0.7692
vn -0.0689 -0.6439 0.7620
vn 0.6270 -0.2288 0.7447
vn 0.6267 -0.2299 0.7446
vn 0.6702 -0.3670 0.6450
vn 0.2851 -0.6179 0.7328
vn 0.4666 -0.5089 0.7234
vn 0.5884 -0.3919 0.7073
vn 0.5886 -0.3923 0.7069
vn 0.6654 -0.4347 0.6069
vn 0.6647 -0.4352 0.6073
vn -0.1104 -0.8813 0.4594
vn 0.6708 -0.3657 0.6452
vn 0.6701 -0.3668 0.6453
vn 0.7570 -0.4098 0.5089
vn 0.1636 -0.8970 0.4107
vn 0.3683 -0.7968 0.4791
vn 0.5603 -0.6261 0.5422
vn 0.6654 -0.4347 0.6068
vn 0.7683 -0.4521 0.4531
vn 0.7694 -0.4522 0.4513
vn 0.1092 -0.9797 0.1680
vn 0.7570 -0.4105 0.5083
vn 0.7572 -0.4099 0.5085
vn 0.7597 -0.5372 0.3665
vn 0.6748 -0.6671 0.3156
vn 0.7684 -0.4549 0.4502
vn 0.7686 -0.4535 0.4513
vn 0.7081 -0.6199 0.3381
vn 0.6377 0.6711 0.3781
vn 0.5777 0.6548 0.4873
vn 0.5783 0.6542 0.4875
vn 0.5229 0.6155 0.5897
vn 0.5242 0.6142 0.5899
vn 0.4737 0.5543 0.6844
vn 0.4756 0.5527 0.6843
vn 0.4324 0.4740 0.7671
vn 0.4316 0.4745 0.7672
vn 0.3969 0.3796 0.8357
vn 0.3977 0.3792 0.8355
vn 0.3728 0.2713 0.8874
vn 0.3748 0.2706 0.8868
vn 0.3606 0.1542 0.9199
vn 0.3610 0.1542 0.9197
vn 0.3581 0.0330 0.9331
vn 0.3596 0.0330 0.9325
vn 0.3682 -0.0881 0.9255
vn 0.3677 -0.0882 0.9258
vn 0.3874 -0.2051 0.8988
vn 0.3858 -0.2055 0.8994
vn 0.4159 -0.3142 0.8534
vn 0.4150 -0.3146 0.8537
vn 0.4544 -0.4110 0.7903
vn 0.4540 -0.4113 0.7904
vn 0.4969 -0.4845 0.7199
vn 0.4964 -0.4849 0.7201
vn 0.5431 -0.5441 0.6395
vn 0.5422 -0.5450 0.6395
vn 0.5990 -0.5903 0.5411
vn 0.5974 -0.5920 0.5409
vn 0.6570 -0.6153 0.4356
vn 0.6559 -0.6167 0.4353
vn 0.7098 -0.6171 0.3395
vn 0.7600 -0.5313 0.3745
vn 0.6195 -0.7337 0.2791
vn 0.5355 0.7785 0.3273
vn 0.4660 0.7598 0.4534
vn 0.4693 0.7569 0.4549
vn 0.4045 0.7118 0.5742
vn 0.4058 0.7108 0.5746
vn 0.3470 0.6407 0.6849
vn 0.3505 0.6383 0.6853
vn 0.3002 0.5462 0.7820
vn 0.3022 0.5451 0.7820
vn 0.2620 0.4347 0.8616
vn 0.2652 0.4333 0.8614
vn 0.2363 0.3078 0.9217
vn 0.2367 0.3076 0.9216
vn 0.2204 0.1719 0.9602
vn 0.2211 0.1718 0.9600
vn 0.2180 0.0305 0.9755
vn 0.2178 0.0305 0.9755
vn 0.2279 -0.1108 0.9674
vn 0.2289 -0.1108 0.9671
vn 0.2518 -0.2471 0.9357
vn 0.2506 -0.2473 0.9360
vn 0.2857 -0.3738 0.8824
vn 0.2840 -0.3744 0.8827
vn 0.3300 -0.4868 0.8088
vn 0.3271 -0.4882 0.8091
vn 0.3771 -0.5738 0.7270
vn 0.3759 -0.5745 0.7271
vn 0.4308 -0.6434 0.6328
vn 0.4277 -0.6456 0.6327
vn 0.4940 -0.6987 0.5175
vn 0.4922 -0.7001 0.5172
vn 0.5619 -0.7272 0.3942
vn 0.5592 -0.7298 0.3933
vn 0.6222 -0.7305 0.2815
vn 0.7036 -0.6266 0.3352
vn -0.4970 0.8363 -0.2314
vn 0.6289 0.7688 0.1159
vn 0.6391 0.7588 0.1257
vn 0.5667 0.8192 0.0885
vn 0.5509 0.8304 0.0827
vn 0.6496 0.7438 0.1574
vn 0.5594 0.8188 0.1292
vn 0.6725 0.7225 0.1604
vn 0.6725 0.7225 0.1605
vn 0.6791 0.7014 0.2166
vn 0.5435 0.8222 0.1692
vn 0.7234 0.6523 0.2265
vn 0.7232 0.6523 0.2268
vn 0.6387 0.7132 0.2887
vn 0.6499 0.7092 0.2733
vn 0.1216 0.9919 -0.0367
vn 0.5901 0.7721 0.2359
vn 0.6656 0.7048 0.2454
vn 0.6643 0.7060 0.2454
vn 0.2252 0.9734 -0.0434
vn 0.3736 0.9216 0.1054
vn 0.3526 0.9314 0.0908
vn 0.3755 0.9213 0.1009
vn 0.0939 0.9869 -0.1315
vn 0.0940 0.9868 -0.1316
vn 0.1836 0.9812 -0.0593
vn 0.2248 0.9734 -0.0439
vn 0.2258 0.9732 -0.0446
vn 0.0942 0.9868 -0.1316
vn -0.0498 0.9850 -0.1651
vn -0.1604 0.9615 -0.2233
vn -0.0918 0.9782 -0.1863
vn -0.0911 0.9782 -0.1867
vn -0.0914 0.9783 -0.1861
vn -0.2627 0.9468 -0.1860
vn 0.1430 0.9887 -0.0449
vn -0.2910 0.9390 -0.1833
vn -0.2708 0.9459 -0.1789
vn -0.2935 0.9371 -0.1887
vn -0.2902 0.9384 -0.1873
vn 0.0988 0.9929 -0.0660
vn 0.0201 0.9945 -0.1023
vn 0.1487 0.9868 -0.0644
vn 0.5240 0.8372 0.1568
vn 0.4956 0.8550 0.1526
vn 0.5284 0.8448 0.0843
vn 0.4231 0.9049 0.0460
vn 0.4244 0.9045 0.0427
vn 0.5658 0.8198 0.0881
vn -0.2626 0.9467 -0.1864
vn -0.2610 0.9441 -0.2015
vn 0.1513 0.9849 -0.0845
vn 0.1539 0.9839 -0.0913
vn 0.3217 0.9468 -0.0079
vn 0.3158 0.9488 0.0047
vn 0.4227 0.9035 0.0703
vn 0.3641 0.9145 0.1765
vn 0.3455 0.9347 0.0835
vn 0.5643 0.8198 0.0971
vn 0.7091 0.6909 0.1407
vn 0.5759 0.8095 0.1142
vn 0.5071 0.8587 0.0736
vn 0.5150 0.8538 0.0761
vn 0.0895 0.9954 -0.0333
vn 0.1351 0.9907 -0.0152
vn 0.5082 0.8587 0.0662
vn 0.5652 0.8200 0.0903
vn 0.5498 0.8309 0.0858
vn 0.0752 0.9964 -0.0394
vn 0.0931 0.9950 -0.0349
vn 0.1373 0.9902 -0.0243
vn 0.0774 0.9957 -0.0505
vn -0.3062 0.9432 -0.1288
vn -0.3700 0.9171 -0.1486
vn -0.3083 0.9414 -0.1368
vn -0.3592 0.9217 -0.1468
vn -0.3044 0.9427 -0.1368
vn -0.3662 0.9158 -0.1652
vn -0.5098 0.8399 -0.1859
vn -0.6701 0.2654 0.6932
vn -0.2653 0.8011 0.5365
vn -0.1230 0.8822 0.4546
vn 0.2096 0.9184 0.3355
vn -0.7023 0.3301 0.6308
vn -0.6348 0.4831 0.6030
vn -0.2413 -0.9370 0.2528
vn 0.4117 -0.8975 0.1580
vn -0.1812 -0.9783 0.1005
vn -0.9860 -0.1142 0.1212
vn -0.6994 0.7127 0.0532
vn -0.6327 0.7672 0.1048
vn 0.5620 0.7839 0.2640
vn -0.3832 0.9163 -0.1159
vn -0.5571 0.8081 -0.1913
vn -0.7124 0.6601 -0.2380
vn -0.8243 0.4824 -0.2963
vn -0.9036 0.2806 -0.3237
vn -0.9344 0.0667 -0.3498
vn -0.7882 -0.5550 -0.2660
vn -0.6328 -0.7210 -0.2821
vn -0.2762 -0.9449 -0.1755
vn -0.0966 -0.9939 -0.0539
vn 0.5899 -0.7852 0.1884
vn 0.5635 -0.7882 0.2475
vn 0.4119 -0.8999 0.1433
vn 0.4159 -0.8969 0.1506
vn 0.4056 -0.9004 0.1576
vn 0.5097 -0.8467 0.1524
vn 0.2359 -0.9708 0.0425
vn 0.2362 -0.9708 0.0426
vn 0.2792 -0.9534 0.1142
vn 0.3288 -0.9404 0.0868
vn 0.3284 -0.9406 0.0866
vn 0.0222 -0.9998 -0.0024
vn 0.0647 -0.9979 -0.0037
vn 0.1306 -0.9912 0.0196
vn 0.1523 -0.9878 0.0318
vn 0.1138 -0.9917 0.0602
vn 0.2361 -0.9708 0.0425
vn -0.5121 -0.8514 -0.1138
vn -0.8666 -0.3612 -0.3442
vn -0.8667 -0.3611 -0.3442
vn -0.9383 -0.1528 -0.3103
vn 0.0277 0.9980 0.0576
vn -0.1041 0.9906 0.0886
vn -0.1845 0.9815 -0.0510
vn -0.1844 0.9815 -0.0509
vn 0.5488 0.7898 0.2739
vn 0.5475 0.7896 0.2771
vn 0.5679 0.7893 0.2333
vn 0.5584 0.7895 0.2547
vn 0.5514 0.8020 0.2296
vn 0.5237 0.8069 0.2733
vn 0.5580 0.8032 0.2084
vn 0.5514 0.8020 0.2298
vn 0.5044 0.8423 0.1903
vn 0.4992 0.8435 0.1984
vn 0.4992 0.8434 0.1986
vn 0.2569 0.9505 0.1749
vn 0.1444 0.9555 0.2574
vn 0.1070 0.9809 0.1627
vn -0.0992 0.9649 0.2431
vn 0.0423 0.9810 0.1893
vn -0.3156 0.9369 0.1502
vn -0.3156 0.9369 0.1505
vn -0.4978 0.8575 0.1295
vn -0.4979 0.8575 0.1297
vn -0.7391 0.6736 -0.0058
vn -0.7391 0.6736 -0.0056
vn -0.6938 0.7044 -0.1499
vn -0.6941 0.7133 -0.0975
vn -0.7381 0.6700 -0.0794
vn -0.7380 0.6701 -0.0796
vn -0.5111 0.8438 -0.1635
vn -0.7721 0.5957 -0.2215
vn -0.7722 0.5957 -0.2211
vn -0.7281 0.6665 -0.1602
vn -0.7279 0.6667 -0.1601
vn -0.6924 0.7046 -0.1550
vn -0.7085 0.6827 -0.1788
vn -0.6251 0.7680 -0.1394
vn -0.6098 0.7717 -0.1808
vn -0.5891 0.7886 -0.1764
vn -0.7720 0.5957 -0.2217
vn -0.8044 0.5831 -0.1139
vn -0.8535 0.4761 -0.2116
vn -0.8138 0.5682 -0.1215
vn -0.9004 0.4139 -0.1339
vn -0.9435 0.3023 -0.1356
vn -0.9436 0.3191 -0.0881
vn -0.9438 0.3163 -0.0959
vn -0.9037 0.4187 -0.0890
vn -0.9102 0.3742 -0.1774
vn -0.9002 0.4145 -0.1334
vn -0.9882 0.1076 0.1091
vn -0.9809 0.1947 0.0040
vn -0.9740 0.2142 0.0732
vn -0.9849 0.1672 -0.0452
vn -0.9810 0.1942 0.0037
vn -0.9899 -0.0558 0.1305
vn -0.9928 -0.0140 0.1193
vn -0.9933 -0.0157 0.1142
vn -0.9901 0.0473 0.1325
vn -0.9893 0.0793 0.1228
vn -0.9948 0.0598 0.0825
vn -0.9881 0.1084 0.1091
vn -0.9868 -0.1077 0.1213
vn -0.9880 -0.1145 0.1039
vn -0.9891 -0.0684 0.1301
vn -0.9671 -0.2360 0.0953
vn -0.9759 -0.1996 0.0878
vn -0.9767 -0.1799 0.1168
vn -0.9767 -0.1801 0.1167
vn -0.9434 -0.3315 -0.0048
vn -0.9440 -0.3300 -0.0049
vn -0.9503 -0.3112 -0.0075
vn -0.9504 -0.3111 -0.0076
vn -0.9446 -0.3280 0.0141
vn -0.9668 -0.2371 0.0953
vn -0.9668 -0.2372 0.0953
vn -0.8877 -0.4442 -0.1207
vn -0.8876 -0.4444 -0.1207
vn -0.8165 -0.5556 -0.1567
vn -0.6748 -0.7086 -0.2062
vn -0.5381 -0.8191 -0.1988
vn -0.5386 -0.8188 -0.1988
vn -0.5749 -0.7921 -0.2053
vn -0.6003 -0.7691 -0.2196
vn -0.6744 -0.7090 -0.2061
vn -0.6285 -0.7638 -0.1469
vn -0.6112 -0.7804 -0.1318
vn -0.6043 -0.7700 -0.2051
vn -0.6548 -0.7532 -0.0620
vn -0.6549 -0.7532 -0.0619
vn -0.6558 -0.7525 -0.0615
vn -0.6556 -0.7525 -0.0625
vn -0.6380 -0.7582 -0.1347
vn -0.5304 -0.8458 0.0575
vn -0.5304 -0.8459 0.0570
vn -0.5498 -0.8301 0.0935
vn -0.6301 -0.7764 0.0122
vn -0.6305 -0.7760 0.0190
vn -0.6423 -0.7664 0.0103
vn -0.6422 -0.7664 0.0105
vn -0.1873 -0.9783 0.0886
vn 0.2005 -0.9762 0.0822
vn 0.2119 -0.9712 0.1087
vn 0.2119 -0.9712 0.1086
vn 0.3666 -0.9242 0.1074
vn 0.4557 -0.8640 0.2142
vn 0.4930 -0.8614 0.1225
vn 0.4930 -0.8614 0.1227
vn 0.5311 -0.8132 0.2381
vn 0.5947 -0.7913 0.1420
vn 0.6549 -0.7303 0.1944
vn 0.6544 -0.7304 0.1955
vn 0.6488 -0.7325 0.2063
vn 0.6420 -0.7484 0.1665
vn 0.6319 -0.7420 0.2239
vn 0.5943 -0.7894 0.1537
vn 0.5947 -0.7913 0.1424
vn 0.6548 -0.7303 0.1948
vn 0.6558 -0.7263 0.2060
vn 0.6478 -0.7292 0.2205
vn 0.6417 -0.7289 0.2387
vn 0.6612 -0.7152 0.2263
vn -0.8865 -0.4604 0.0468
vn -0.8638 -0.4908 -0.1137
vn -0.9266 -0.1121 -0.3589
vn -0.9841 -0.1205 -0.1304
vn -0.9849 -0.1176 -0.1268
vn -0.9918 -0.1199 0.0452
vn -0.9919 -0.1174 0.0482
vn -0.9731 -0.1169 0.1987
vn -0.9728 -0.1150 0.2009
vn -0.9389 -0.1129 0.3251
vn -0.9386 -0.1115 0.3266
vn -0.8981 -0.1086 0.4262
vn -0.8978 -0.1077 0.4270
vn -0.8367 -0.1031 0.5379
vn -0.7556 -0.1610 0.6350
vn -0.8258 -0.1759 0.5358
vn -0.8259 -0.1773 0.5352
vn -0.8850 -0.1913 0.4245
vn -0.8856 -0.1942 0.4219
vn -0.9237 -0.2043 0.3241
vn -0.9242 -0.2089 0.3196
vn -0.9553 -0.2189 0.1989
vn -0.9552 -0.2251 0.1923
vn -0.9712 -0.2335 0.0475
vn -0.9697 -0.2409 0.0391
vn -0.9614 -0.2454 -0.1248
vn -0.9577 -0.2540 -0.1350
vn -0.9031 -0.2504 -0.3489
vn -0.9599 -0.1554 -0.2335
vn -0.8805 -0.4395 0.1777
vn -0.8281 -0.5284 0.1871
vn -0.8142 -0.4994 0.2960
vn -0.7556 -0.5817 0.3012
vn -0.7396 -0.5466 0.3927
vn -0.6732 -0.6258 0.3938
vn -0.6489 -0.5631 0.5117
vn 0.5099 -0.8466 0.1525
vn 0.5141 -0.8407 0.1703
vn 0.4201 -0.8967 0.1396
vn 0.4166 -0.8977 0.1435
vn 0.2852 -0.9533 0.0990
vn 0.2764 -0.9550 0.1075
vn 0.1418 -0.9882 0.0585
vn -0.0967 -0.9939 -0.0540
vn -0.1070 -0.9849 -0.1359
vn -0.1543 -0.9879 -0.0172
vn -0.0272 -0.9990 0.0363
vn -0.0417 -0.9962 0.0764
vn 0.1031 -0.9883 0.1126
vn 0.0909 -0.9846 0.1491
vn 0.2449 -0.9548 0.1682
vn -0.0709 -0.9909 -0.1142
vn -0.0007 -1.0000 0.0058
vn -0.0060 -0.9998 0.0192
vn 0.1269 -0.9893 0.0714
vn 0.1170 -0.9882 0.0988
vn 0.2671 -0.9543 0.1339
vn 0.2680 -0.9531 0.1405
vn 0.4032 -0.9002 0.1644
vn 0.3920 -0.8968 0.2053
vn -0.2762 -0.9450 -0.1755
vn -0.2685 -0.9546 -0.1286
vn -0.2988 -0.9530 -0.0493
vn -0.1806 -0.9836 0.0033
vn -0.1995 -0.9782 0.0576
vn -0.0609 -0.9937 0.0944
vn -0.0774 -0.9865 0.1444
vn 0.0769 -0.9834 0.1644
vn 0.0630 -0.9759 0.2089
vn 0.2310 -0.9490 0.2144
vn 0.2325 -0.9467 0.2228
vn 0.3700 -0.9015 0.2245
vn 0.3532 -0.8887 0.2925
vn 0.3497 -0.8951 0.2766
vn 0.2984 -0.8876 0.3509
vn 0.3020 -0.8924 0.3354
vn -0.8786 -0.4767 0.0291
vn -0.8204 -0.5699 0.0471
vn -0.8209 -0.5453 0.1696
vn -0.7552 -0.6298 0.1817
vn -0.7493 -0.5975 0.2855
vn -0.6752 -0.6775 0.2918
vn -0.6679 -0.6393 0.3810
vn -0.5829 -0.7173 0.3817
vn -0.5712 -0.6448 0.5078
vn -0.6177 -0.4081 0.6722
vn -0.6314 -0.3829 0.6743
vn -0.6584 -0.3268 0.6780
vn -0.6931 -0.3522 0.6289
vn -0.7204 -0.2858 0.6319
vn -0.7844 -0.3214 0.5305
vn -0.6799 -0.2665 0.6832
vn -0.6801 -0.2179 0.7000
vn -0.6728 -0.2630 0.6914
vn -0.6612 -0.2963 0.6892
vn -0.6401 -0.6157 0.4595
vn -0.5735 -0.6156 0.5406
vn -0.5531 -0.5587 0.6180
vn -0.4798 -0.6287 0.6119
vn -0.4749 -0.6099 0.6344
vn -0.4070 -0.6658 0.6253
vn -0.4125 -0.6999 0.5831
vn -0.4239 -0.6916 0.5848
vn 0.3758 -0.9015 0.2149
vn 0.3587 -0.8728 0.3311
vn 0.4641 -0.8535 0.2371
vn 0.4578 -0.8462 0.2727
vn 0.5145 -0.8294 0.2176
vn 0.5157 -0.8302 0.2116
vn 0.5367 -0.8218 0.1913
vn 0.5389 -0.8224 0.1823
vn 0.5431 -0.8204 0.1787
vn 0.5416 -0.8204 0.1835
vn -0.5617 -0.8214 -0.0984
vn -0.4654 -0.8835 -0.0521
vn -0.4894 -0.8715 0.0327
vn -0.3752 -0.9246 0.0664
vn -0.3952 -0.9073 0.1438
vn -0.2621 -0.9510 0.1638
vn -0.2803 -0.9309 0.2344
vn -0.1295 -0.9620 0.2405
vn -0.1466 -0.9413 0.3041
vn 0.0161 -0.9545 0.2979
vn -0.0049 -0.9276 0.3734
vn -0.0122 -0.9365 0.3505
vn -0.0384 -0.8913 0.4519
vn -0.0484 -0.9032 0.4265
vn -0.0652 -0.8647 0.4981
vn 0.0449 -0.8744 0.4831
vn 0.0590 -0.9077 0.4154
vn 0.1149 -0.9060 0.4073
vn -0.4895 -0.8544 -0.1745
vn -0.4898 -0.8542 -0.1747
vn -0.4989 -0.8231 -0.2712
vn -0.3915 -0.8992 -0.1955
vn -0.4356 -0.8969 -0.0766
vn -0.3280 -0.9443 -0.0265
vn -0.3503 -0.9357 0.0428
vn -0.2226 -0.9717 0.0788
vn -0.2420 -0.9597 0.1426
vn -0.0953 -0.9820 0.1631
vn -0.1127 -0.9687 0.2212
vn 0.0479 -0.9728 0.2267
vn 0.0332 -0.9604 0.2768
vn 0.1964 -0.9424 0.2707
vn 0.1787 -0.9256 0.3337
vn 0.1715 -0.9367 0.3053
vn 0.1450 -0.9034 0.4035
vn 0.1339 -0.9205 0.3671
vn 0.1192 -0.8974 0.4248
vn 0.2088 -0.8861 0.4137
vn 0.2276 -0.9205 0.3176
vn 0.2499 -0.9154 0.3155
vn 0.2628 -0.9446 0.1964
vn 0.3612 -0.9120 0.1945
vn 0.2022 -0.9756 0.0861
vn -0.6329 -0.7209 -0.2822
vn -0.6304 -0.7345 -0.2512
vn -0.6742 -0.7296 -0.1149
vn -0.5894 -0.8045 -0.0735
vn -0.6132 -0.7895 0.0271
vn -0.5137 -0.8560 0.0576
vn -0.5316 -0.8340 0.1479
vn -0.4157 -0.8941 0.1667
vn -0.4312 -0.8675 0.2479
vn -0.2975 -0.9201 0.2547
vn -0.3128 -0.8912 0.3286
vn -0.1628 -0.9320 0.3240
vn -0.1825 -0.8946 0.4079
vn -0.1900 -0.9012 0.3896
vn -0.2099 -0.8462 0.4897
vn -0.2189 -0.8538 0.4724
vn -0.2312 -0.8017 0.5512
vn -0.1167 -0.8358 0.5365
vn -0.1103 -0.8597 0.4987
vn -0.0323 -0.8734 0.4860
vn -0.0192 -0.9177 0.3969
vn 0.1199 -0.9196 0.3742
vn 0.0049 -0.9517 0.3068
vn 0.1114 -0.9474 0.3000
vn 0.1206 -0.9760 0.1814
vn 0.0292 -0.9831 0.1809
vn 0.0338 -0.9953 0.0902
vn -0.7875 -0.5098 -0.3464
vn -0.8508 -0.5082 -0.1334
vn -0.7894 -0.6050 -0.1039
vn -0.8080 -0.5886 0.0261
vn -0.7368 -0.6744 0.0486
vn -0.7441 -0.6482 0.1615
vn -0.6631 -0.7275 0.1761
vn -0.6656 -0.6943 0.2738
vn -0.5730 -0.7700 0.2807
vn -0.5747 -0.7316 0.3668
vn -0.4681 -0.8042 0.3663
vn -0.4719 -0.7550 0.4553
vn -0.4794 -0.7572 0.4436
vn -0.4765 -0.6983 0.5341
vn -0.4823 -0.6999 0.5268
vn -0.4731 -0.6392 0.6063
vn -0.3831 -0.7042 0.5977
vn -0.3826 -0.6975 0.6059
vn -0.3033 -0.7450 0.5942
vn -0.3030 -0.7908 0.5318
vn -0.3414 -0.7710 0.5376
vn -0.5860 -0.4706 0.6597
vn -0.5995 -0.4504 0.6616
vn -0.5960 -0.4459 0.6678
vn -0.6303 -0.3885 0.6722
vn -0.6581 -0.4168 0.6271
vn -0.6936 -0.3487 0.6303
vn -0.7520 -0.3957 0.5272
vn -0.7839 -0.3254 0.5288
vn -0.8351 -0.3591 0.4167
vn -0.7585 -0.0063 0.6516
vn -0.7518 -0.1223 0.6479
vn -0.7543 -0.1181 0.6458
vn -0.7313 -0.2364 0.6398
vn -0.7402 -0.2254 0.6335
vn -0.7077 -0.3233 0.6282
vn -0.7028 -0.3303 0.6300
vn -0.6265 -0.5250 0.5761
vn -0.6585 -0.4468 0.6056
vn -0.6573 -0.4480 0.6060
vn -0.6902 -0.3874 0.6112
vn -0.6422 -0.3504 0.6817
vn -0.6550 -0.3214 0.6839
vn -0.6587 -0.3239 0.6791
vn -0.6798 -0.2686 0.6825
vn -0.7202 -0.2895 0.6305
vn -0.5889 -0.5794 0.5635
vn -0.5729 -0.5902 0.5687
vn -0.5448 -0.5388 0.6425
vn -0.5556 -0.5258 0.6441
vn -0.5492 -0.5141 0.6589
vn -0.5932 -0.4549 0.6642
vn -0.6132 -0.4837 0.6245
vn -0.6588 -0.4141 0.6282
vn -0.7093 -0.4727 0.5229
vn -0.7508 -0.4015 0.5246
vn -0.7954 -0.4457 0.4108
vn -0.8350 -0.3668 0.4101
vn -0.8647 -0.3907 0.3155
vn -0.1427 -0.9574 0.2512
vn -0.3094 -0.8893 0.3368
vn -0.2448 -0.9104 0.3335
vn -0.3813 -0.8289 0.4092
vn -0.3475 -0.8449 0.4066
vn -0.4844 -0.7269 0.4869
vn -0.4363 -0.7458 0.5035
vn -0.5177 -0.6840 0.5140
vn -0.4914 -0.6131 0.6186
vn -0.4951 -0.6096 0.6191
vn -0.4876 -0.5877 0.6456
vn -0.5431 -0.5284 0.6525
vn -0.5551 -0.5545 0.6200
vn -0.6533 -0.5531 0.5170
vn -0.7069 -0.4805 0.5191
vn -0.7426 -0.5347 0.4034
vn -0.7942 -0.4555 0.4023
vn -0.8177 -0.4857 0.3091
vn -0.8634 -0.4018 0.3052
vn -0.8844 -0.4256 0.1919
vn -0.7647 -0.5538 -0.3295
vn -0.7380 -0.6294 -0.2434
vn -0.7708 -0.6243 -0.1266
vn -0.6978 -0.7106 -0.0908
vn -0.7195 -0.6940 0.0251
vn -0.6345 -0.7712 0.0517
vn -0.6479 -0.7460 0.1538
vn -0.5499 -0.8176 0.1708
vn -0.5599 -0.7864 0.2610
vn -0.4469 -0.8535 0.2682
vn -0.4567 -0.8181 0.3495
vn -0.3272 -0.8789 0.3471
vn -0.3405 -0.8336 0.4350
vn -0.3481 -0.8378 0.4206
vn -0.3573 -0.7782 0.5165
vn -0.3647 -0.7822 0.5051
vn -0.3673 -0.7226 0.5856
vn -0.2619 -0.7760 0.5738
vn -0.2610 -0.7848 0.5621
vn -0.1762 -0.8173 0.5485
vn -0.1675 -0.8706 0.4626
vn -0.0888 -0.8894 0.4484
vn -0.2463 -0.8906 0.3823
vn 0.0002 -0.9347 0.3554
vn -0.1445 -0.9476 0.2850
vn -0.0571 -0.9578 0.2818
vn -0.0510 -0.9851 0.1645
vn -0.0842 -0.9829 0.1639
vn -0.1884 -0.9783 0.0867
vn -0.9064 -0.4009 -0.1331
vn -0.9064 -0.4007 -0.1334
vn -0.9132 -0.4056 -0.0400
vn -0.8918 -0.4523 -0.0091
vn -0.8877 -0.4523 0.0867
vn -0.8586 -0.4808 -0.1779
vn -0.8456 -0.5113 -0.1538
vn -0.8551 -0.5146 -0.0631
vn -0.8348 -0.5495 -0.0344
vn -0.8351 -0.5485 0.0423
vn -0.7889 -0.6068 0.0977
vn -0.7848 -0.6022 0.1463
vn -0.6936 -0.6528 -0.3045
vn -0.6936 -0.6528 -0.3047
vn -0.7330 -0.6626 -0.1538
vn -0.7430 -0.6487 -0.1650
vn -0.7569 -0.6498 -0.0700
vn -0.7444 -0.6655 -0.0543
vn -0.7482 -0.6635 0.0069
vn -0.7047 -0.7073 0.0570
vn -0.7045 -0.7054 0.0778
vn -0.6210 -0.7666 0.1632
vn -0.5170 0.6573 0.5484
vn -0.5026 0.6640 0.5536
vn -0.4395 0.7629 0.4743
vn -0.6021 0.7715 0.2057
vn -0.7055 0.6826 0.1905
vn -0.4451 0.8064 0.3893
vn -0.6813 0.6244 0.3820
vn -0.6821 0.6259 0.3782
vn -0.8212 0.4407 0.3625
vn -0.8371 0.4561 0.3021
vn -0.9122 0.2928 0.2865
vn -0.6995 0.7127 0.0535
vn -0.6926 0.7083 0.1364
vn -0.7806 0.6134 0.1200
vn -0.7042 0.6784 0.2096
vn -0.8481 0.4977 0.1817
vn -0.7512 0.1097 0.6509
vn -0.7605 -0.0106 0.6493
vn -0.8203 -0.0057 0.5718
vn -0.8135 -0.1249 0.5680
vn -0.8160 -0.1200 0.5655
vn -0.7921 -0.2426 0.5600
vn -0.8016 -0.2290 0.5522
vn -0.7559 -0.3623 0.5453
vn -0.7764 -0.3408 0.5301
vn -0.6996 -0.4878 0.5221
vn -0.7382 -0.4588 0.4945
vn -0.6143 -0.6221 0.4854
vn -0.6827 -0.5870 0.4351
vn -0.4938 -0.7578 0.4265
vn -0.6038 -0.7215 0.3389
vn -0.3852 -0.8588 0.3377
vn -0.4945 -0.8190 0.2910
vn -0.3094 -0.9271 0.2114
vn -0.4121 -0.8870 0.2083
vn -0.2383 -0.9611 0.1396
vn -0.3587 -0.9238 0.1336
vn -0.1812 -0.9783 0.1007
vn -0.5908 0.5859 0.5547
vn -0.6494 0.4710 0.5971
vn -0.6798 0.5153 0.5219
vn -0.7841 0.3387 0.5201
vn -0.8166 0.3643 0.4477
vn -0.8725 0.2096 0.4414
vn -0.9120 0.2272 0.3415
vn -0.9380 0.0902 0.3347
vn -0.7278 0.2662 0.6320
vn -0.7338 0.2065 0.6472
vn -0.7905 0.2375 0.5645
vn -0.8206 0.0999 0.5627
vn -0.8760 0.1152 0.4684
vn -0.8854 -0.0113 0.4648
vn -0.9375 -0.0063 0.3478
vn -0.9308 -0.1233 0.3441
vn -0.9331 -0.1164 0.3402
vn -0.9107 -0.2386 0.3371
vn -0.9202 -0.2182 0.3249
vn -0.8786 -0.3517 0.3231
vn -0.8992 -0.3180 0.3005
vn -0.8346 -0.4612 0.3014
vn -0.8717 -0.4130 0.2638
vn -0.7782 -0.5674 0.2692
vn -0.9287 0.1929 0.3168
vn -0.8809 0.3422 0.3270
vn -0.8521 0.3230 0.4119
vn -0.7597 0.4949 0.4219
vn -0.7439 0.4759 0.4692
vn -0.5759 0.6675 0.4721
vn -0.5811 0.6821 0.4439
vn -0.4402 0.7813 0.4424
vn -0.3744 0.8769 0.3015
vn -0.2864 0.9091 0.3024
vn -0.2227 0.9614 0.1618
vn -0.7251 0.6870 0.0470
vn -0.7154 0.6955 0.0662
vn -0.8192 0.5716 0.0466
vn -0.7810 0.6166 0.0993
vn -0.8924 0.4452 0.0740
vn -0.8528 0.5049 0.1333
vn -0.9333 0.3410 0.1121
vn -0.9771 0.2123 0.0123
vn -0.9769 0.2136 0.0124
vn -0.9378 0.3467 0.0163
vn -0.9537 0.3003 -0.0174
vn -0.8925 0.4511 -0.0024
vn -0.9087 0.4161 -0.0333
vn -0.8160 0.5779 -0.0144
vn -0.8266 0.5619 -0.0312
vn -0.7245 0.6892 -0.0137
vn -0.7381 0.6701 -0.0792
vn -0.4729 0.8401 0.2655
vn -0.5918 0.7647 0.2548
vn -0.5876 0.7477 0.3094
vn -0.7756 0.5622 0.2869
vn -0.7796 0.5683 0.2631
vn -0.8876 0.3926 0.2408
vn -0.9001 0.4030 0.1658
vn -0.9384 0.3083 0.1562
vn -0.9561 0.2058 0.2084
vn -0.9567 0.2044 0.2073
vn -0.9770 0.0754 0.1996
vn -0.9714 0.0992 0.2156
vn -0.9774 -0.0170 0.2106
vn -0.6804 0.4119 0.6061
vn -0.7032 0.3289 0.6304
vn -0.7490 0.3701 0.5496
vn -0.8083 0.2151 0.5480
vn -0.8544 0.2381 0.4619
vn -0.8838 0.0981 0.4575
vn -0.9309 0.1106 0.3481
vn -0.9391 -0.0134 0.3434
vn -0.9764 -0.0088 0.2159
vn -0.9701 -0.1171 0.2124
vn -0.9721 -0.1087 0.2076
vn -0.9529 -0.2234 0.2053
vn -0.9611 -0.1995 0.1909
vn -0.9261 -0.3256 0.1904
vn -0.9255 -0.3269 0.1912
vn -0.8963 -0.4230 0.1328
vn -0.8473 -0.5133 0.1365
vn -0.8358 -0.5064 0.2120
vn -0.7083 -0.6696 0.2234
vn 0.3722 0.8888 0.2672
vn 0.3270 0.9327 0.1525
vn 0.4103 0.8942 0.1791
vn 0.4412 0.8624 0.2484
vn 0.5576 0.7904 0.2535
vn 0.5647 0.7847 0.2556
vn 0.5566 0.7883 0.2623
vn 0.2823 0.9168 0.2825
vn 0.3910 0.9028 0.1792
vn 0.3828 0.8763 0.2926
vn 0.3641 0.8842 0.2928
vn 0.3672 0.8901 0.2700
vn 0.4068 0.8544 0.3234
vn 0.4219 0.8734 0.2434
vn 0.0279 0.9979 0.0577
vn 0.0356 0.9941 0.1020
vn 0.2062 0.9688 0.1372
vn 0.1868 0.9740 0.1279
vn 0.2235 0.9699 0.0966
vn 0.0279 0.9922 0.1217
vn 0.1656 0.9716 0.1690
vn 0.1744 0.9715 0.1606
vn 0.2847 0.9388 0.1940
vn 0.2234 0.9699 0.0966
vn -0.1124 0.9917 0.0618
vn -0.1206 0.9892 0.0829
vn 0.0129 0.9908 0.1348
vn 0.0033 0.9868 0.1621
vn 0.1564 0.9681 0.1956
vn 0.1574 0.9667 0.2019
vn 0.3042 0.9260 0.2237
vn 0.2998 0.9293 0.2155
vn 0.4449 0.8637 0.2368
vn -0.0923 0.9291 0.3582
vn -0.0760 0.9382 0.3375
vn -0.0630 0.9555 0.2883
vn -0.0486 0.9613 0.2710
vn -0.0358 0.9732 0.2271
vn -0.2675 0.8845 0.3822
vn -0.2524 0.8970 0.3629
vn -0.2381 0.9234 0.3010
vn -0.2221 0.9333 0.2821
vn -0.2065 0.9523 0.2248
vn -0.1895 0.9599 0.2067
vn -0.1741 0.9721 0.1573
vn -0.4245 0.8116 0.4013
vn -0.4118 0.8266 0.3837
vn -0.4001 0.8618 0.3118
vn -0.3844 0.8757 0.2923
vn -0.3688 0.9023 0.2231
vn -0.3499 0.9146 0.2025
vn -0.3323 0.9328 0.1399
vn -0.3101 0.9432 0.1191
vn -0.2921 0.9542 0.0653
vn -0.5559 0.7202 0.4151
vn -0.5462 0.7363 0.3993
vn -0.5408 0.7777 0.3204
vn -0.5269 0.7948 0.3011
vn -0.5148 0.8282 0.2216
vn -0.4961 0.8449 0.1998
vn -0.4786 0.8692 0.1241
vn -0.4552 0.8846 0.1012
vn -0.4342 0.9002 0.0325
vn -0.4063 0.9137 0.0104
vn -0.3766 0.9238 -0.0685
vn 0.0225 0.9332 0.3586
vn -0.1075 0.8852 0.4526
vn -0.1015 0.9354 0.3388
vn -0.2263 0.8168 0.5308
vn -0.2237 0.8752 0.4289
vn -0.2512 0.8665 0.4314
vn -0.6600 0.6198 0.4245
vn -0.6534 0.6359 0.4107
vn -0.6565 0.6797 0.3272
vn -0.6454 0.6987 0.3086
vn -0.6394 0.7366 0.2205
vn -0.6231 0.7565 0.1986
vn -0.6082 0.7861 0.1102
vn -0.5860 0.8057 0.0866
vn -0.5639 0.8259 0.0025
vn -0.5360 0.8440 -0.0209
vn -0.5133 0.8539 -0.0860
vn -0.3834 0.9163 -0.1160
vn -0.6383 0.5101 0.5765
vn -0.5561 0.5992 0.5759
vn -0.5527 0.6092 0.5686
vn -0.4498 0.6921 0.5645
vn -0.4423 0.7065 0.5524
vn -0.3153 0.7781 0.5433
vn -0.3016 0.7962 0.5245
vn -0.1548 0.8461 0.5100
vn -0.1331 0.8662 0.4816
vn 0.0208 0.8856 0.4640
vn 0.0728 0.9165 0.3933
vn 0.2438 0.8942 0.3755
vn 0.2691 0.9266 0.2627
vn 0.4347 0.8604 0.2659
vn 0.4428 0.8661 0.2320
vn 0.5634 0.7863 0.2534
vn 0.5811 0.7787 0.2365
vn -0.8662 0.4324 -0.2505
vn -0.9040 0.4148 -0.1039
vn -0.9148 0.3947 -0.0853
vn -0.9274 0.3699 0.0563
vn -0.9332 0.3519 0.0728
vn -0.9244 0.3235 0.2021
vn -0.9266 0.3081 0.2156
vn -0.9027 0.2797 0.3270
vn -0.9027 0.2681 0.3365
vn -0.8700 0.2417 0.4297
vn -0.8692 0.2338 0.4357
vn -0.8132 0.1985 0.5471
vn -0.8304 0.1200 0.5440
vn -0.7599 0.0968 0.6428
vn -0.7665 0.0343 0.6413
vn -0.9344 0.0665 -0.3499
vn -0.9518 0.0251 -0.3056
vn -0.9919 0.0149 -0.1261
vn -0.9924 0.0118 -0.1227
vn -0.9988 0.0023 0.0492
vn -0.9986 -0.0003 0.0520
vn -0.9793 -0.0082 0.2021
vn -0.9789 -0.0104 0.2042
vn -0.9445 -0.0165 0.3281
vn -0.9440 -0.0180 0.3295
vn -0.9030 -0.0226 0.4290
vn -0.9027 -0.0234 0.4297
vn -0.8409 -0.0281 0.5405
vn -0.8366 -0.1027 0.5381
vn -0.7649 -0.0971 0.6368
vn -0.7557 -0.1628 0.6343
vn -0.7079 -0.1529 0.6895
vn 0.2567 0.9526 0.1631
vn 0.2999 0.9142 0.2726
vn 0.2708 0.9230 0.2733
vn 0.2575 0.8852 0.3873
vn 0.1185 0.9099 0.3976
vn 0.1855 0.8700 0.4569
vn -0.0460 0.8720 0.4873
vn 0.0072 0.8497 0.5272
vn -0.2067 0.8053 0.5557
vn -0.1671 0.7962 0.5815
vn -0.3473 0.7190 0.6020
vn -0.3206 0.7181 0.6177
vn -0.4608 0.6255 0.6295
vn -0.4447 0.6281 0.6385
vn -0.5481 0.5337 0.6440
vn -0.5399 0.5366 0.6485
vn -0.6135 0.4480 0.6503
vn -0.6106 0.4497 0.6519
vn -0.6623 0.3695 0.6518
vn -0.6191 0.7710 -0.1493
vn -0.6525 0.7562 -0.0480
vn -0.6780 0.7346 -0.0244
vn -0.6996 0.7106 0.0752
vn -0.7186 0.6884 0.0985
vn -0.7287 0.6554 0.1987
vn -0.7415 0.6340 0.2196
vn -0.7398 0.5945 0.3151
vn -0.7473 0.5756 0.3319
vn -0.7354 0.5329 0.4186
vn -0.7391 0.5181 0.4305
vn -0.7056 0.4482 0.5488
vn -0.7587 0.3558 0.5457
vn -0.7002 0.2955 0.6499
vn -0.7257 0.2290 0.6488
vn -0.6883 0.2049 0.6959
vn -0.7040 0.1429 0.6957
vn -0.6371 0.3385 0.6925
vn -0.6428 0.3335 0.6896
vn -0.5952 0.4158 0.6877
vn -0.6052 0.4091 0.6829
vn -0.5365 0.5018 0.6785
vn -0.5533 0.4940 0.6707
vn -0.4553 0.5956 0.6618
vn -0.4822 0.5881 0.6493
vn -0.3468 0.6920 0.6331
vn -0.3870 0.6881 0.6139
vn -0.2098 0.7810 0.5883
vn -0.2660 0.7854 0.5589
vn -0.0518 0.8494 0.5252
vn -0.1255 0.8674 0.4815
vn 0.1110 0.8877 0.4468
vn 0.0200 0.9231 0.3841
vn 0.1445 0.9160 0.3742
vn 0.1470 0.9272 0.3445
vn 0.0079 0.9662 0.2575
vn 0.0045 0.9439 0.3302
vn -0.1634 0.9566 0.2414
vn -0.8475 0.4769 -0.2329
vn -0.9090 0.3018 -0.2873
vn -0.9517 0.2847 -0.1147
vn -0.9579 0.2691 -0.1000
vn -0.9673 0.2481 0.0531
vn -0.9699 0.2345 0.0657
vn -0.9560 0.2118 0.2029
vn -0.9563 0.2009 0.2126
vn -0.9273 0.1794 0.3285
vn -0.9264 0.1711 0.3354
vn -0.8897 0.1519 0.4304
vn -0.8886 0.1464 0.4348
vn -0.8294 0.1220 0.5451
vn -0.8390 0.0457 0.5423
vn -0.7672 0.0326 0.6406
vn -0.7687 -0.0316 0.6389
vn -0.5844 0.8024 -0.1210
vn -0.7113 0.6720 -0.2059
vn -0.7537 0.6534 -0.0707
vn -0.7750 0.6302 -0.0477
vn -0.7943 0.6039 0.0667
vn -0.8091 0.5810 0.0888
vn -0.8129 0.5471 0.1997
vn -0.8217 0.5262 0.2187
vn -0.8118 0.4882 0.3204
vn -0.8162 0.4708 0.3350
vn -0.7960 0.4320 0.4240
vn -0.7975 0.4190 0.4340
vn -0.7539 0.3602 0.5494
vn -0.7919 0.2736 0.5460
vn -0.7276 0.2266 0.6475
vn -0.7453 0.1637 0.6463
vn -0.7030 0.1445 0.6963
vn -0.7133 0.0845 0.6958
vn -0.7191 -0.0335 0.6941
vn -0.7110 -0.0045 0.7032
vn -0.7183 0.0265 0.6953
vn -0.7128 0.0855 0.6961
vn -0.7588 0.0991 0.6437
vn -0.7470 0.1609 0.6451
vn -0.8151 0.1954 0.5453
vn -0.7887 0.2774 0.5487
vn -0.8397 0.3244 0.4356
vn -0.8396 0.3348 0.4277
vn -0.8668 0.3680 0.3364
vn -0.8651 0.3828 0.3243
vn -0.8826 0.4169 0.2174
vn -0.8774 0.4356 0.2010
vn -0.8802 0.4678 0.0804
vn -0.8700 0.4893 0.0607
vn -0.8539 0.5159 -0.0680
vn -0.8379 0.5385 -0.0893
vn -0.8062 0.5548 -0.2056
vn -0.7125 0.6601 -0.2380
vn -0.3568 -0.9307 0.0811
vn -0.5100 -0.8530 0.1109
vn -0.4122 -0.8970 0.1596
vn -0.6219 -0.7698 0.1440
vn -0.4967 -0.8284 0.2590
vn -0.7050 -0.6646 0.2476
vn -0.6044 -0.7228 0.3350
vn -0.7639 -0.5542 0.3306
vn -0.6963 -0.6046 0.3867
vn -0.8078 -0.4442 0.3874
vn -0.7678 -0.4833 0.4205
vn -0.8411 -0.3360 0.4239
vn -0.8198 -0.3634 0.4426
vn -0.8650 -0.2279 0.4471
vn -0.8553 -0.2445 0.4568
vn -0.8791 -0.1198 0.4612
vn -0.8766 -0.1258 0.4644
vn -0.8836 -0.0054 0.4683
vn -0.8222 -0.0106 0.5691
vn -0.8126 0.1141 0.5715
vn -0.7588 0.0984 0.6439
vn -0.7378 0.1991 0.6450
vn -0.6920 0.1756 0.7002
vn -0.9036 0.2805 -0.3237
vn -0.9479 0.1630 -0.2739
vn -0.9810 0.1506 -0.1220
vn -0.9836 0.1410 -0.1124
vn -0.9908 0.1252 0.0508
vn -0.9914 0.1170 0.0588
vn -0.9740 0.1013 0.2028
vn -0.9733 0.0948 0.2088
vn -0.9409 0.0807 0.3288
vn -0.9399 0.0759 0.3330
vn -0.9004 0.0640 0.4303
vn -0.8995 0.0611 0.4327
vn -0.8385 0.0469 0.5429
vn -0.8410 -0.0285 0.5403
vn -0.7688 -0.0321 0.6387
vn -0.7650 -0.0976 0.6366
vn -0.7156 -0.0936 0.6922
vn -0.7042 -0.1219 0.6994
vn -0.6653 0.2615 0.6993
vn -0.6802 0.2336 0.6948
vn -0.6406 0.3311 0.6929
vn -0.6639 0.2958 0.6868
vn -0.6051 0.4090 0.6831
vn -0.6409 0.3655 0.6750
vn -0.5544 0.4965 0.6679
vn -0.6093 0.4437 0.6572
vn -0.4834 0.5925 0.6444
vn -0.5659 0.5315 0.6303
vn -0.3874 0.6923 0.6088
vn -0.5076 0.6277 0.5902
vn -0.3034 0.7668 0.5657
vn -0.4355 0.7390 0.5141
vn -0.3419 0.7916 0.5064
vn -0.3441 0.8150 0.4662
vn -0.2476 0.8028 0.5425
vn -0.3743 0.8704 0.3198
vn -0.1651 0.9337 0.3178
vn -0.2252 0.9393 0.2587
vn -0.0973 0.9797 0.1751
vn -0.8695 -0.3851 -0.3093
vn -0.9132 -0.3840 -0.1361
vn -0.9211 -0.3703 -0.1205
vn -0.9322 -0.3603 0.0336
vn -0.9364 -0.3479 0.0471
vn -0.9247 -0.3326 0.1853
vn -0.9262 -0.3223 0.1958
vn -0.8994 -0.3050 0.3130
vn -0.8995 -0.2972 0.3204
vn -0.8649 -0.2800 0.4166
vn -0.8644 -0.2747 0.4212
vn -0.8085 -0.2511 0.5322
vn -0.8086 -0.2486 0.5333
vn -0.7408 -0.2238 0.6334
vn -0.7408 -0.2266 0.6323
vn -0.6960 -0.2110 0.6863
vn -0.6960 -0.2097 0.6867
vn -0.6847 -0.2060 0.6991
vn -0.7008 -0.1214 0.7029
vn -0.7001 -0.1157 0.7046
vn -0.7062 -0.0049 0.7080
vn -0.7078 -0.0104 0.7064
vn -0.7013 0.0811 0.7083
vn -0.6980 0.0934 0.7100
vn -0.6960 0.1396 0.7043
vn -0.6823 0.1982 0.7037
vn -0.6898 0.2027 0.6950
vn -0.6670 0.2688 0.6949
vn -0.6986 0.2970 0.6509
vn -0.6624 0.3694 0.6518
vn -0.7125 0.4435 0.5438
vn -0.6647 0.5099 0.5460
vn -0.6490 0.5728 0.5007
vn -0.5605 0.6592 0.5013
vn -0.5543 0.6732 0.4894
vn -0.4410 0.7541 0.4867
vn -0.4312 0.7691 0.4718
vn -0.2935 0.8355 0.4645
vn -0.2792 0.8508 0.4452
vn -0.1231 0.8928 0.4334
vn -0.1044 0.9066 0.4089
vn 0.0727 0.9167 0.3929
vn 0.0881 0.9395 0.3310
vn 0.1232 0.9510 0.2837
vn 0.1213 0.9536 0.2754
vn 0.1344 0.9640 0.2296
vn -0.0220 0.9771 0.2119
vn -0.0105 0.9844 0.1758
vn -0.1555 0.9779 0.1397
vn -0.1415 0.9849 0.0998
vn -0.2665 0.9628 0.0453
vn -0.2439 0.9697 -0.0133
vn -0.2108 0.9775 0.0088
vn -0.9560 -0.1662 -0.2417
vn -0.7921 -0.2849 -0.5398
vn -0.9796 -0.1949 0.0479
vn -0.4994 -0.6741 -0.5442
vn -0.4793 -0.5965 -0.6438
vn 0.3720 -0.1346 -0.9184
vn 0.3718 -0.1343 -0.9185
vn 0.3577 -0.0171 -0.9337
vn 0.2542 -0.2574 -0.9323
vn 0.2540 -0.2573 -0.9324
vn 0.2378 -0.1408 -0.9610
vn 0.2809 -0.4685 -0.8376
vn 0.2806 -0.4712 -0.8362
vn 0.2970 -0.5411 -0.7868
vn 0.2971 -0.5408 -0.7870
vn 0.2903 -0.5412 -0.7892
vn 0.2927 -0.5361 -0.7918
vn 0.2921 -0.5361 -0.7920
vn 0.0759 -0.5586 -0.8259
vn -0.0551 -0.5130 -0.8566
vn -0.0543 -0.5131 -0.8566
vn -0.3345 -0.5628 -0.7559
vn -0.4946 -0.5907 -0.6375
vn -0.4941 -0.5909 -0.6377
vn -0.5705 -0.5467 -0.6128
vn -0.3346 -0.5628 -0.7558
vn -0.3343 -0.5629 -0.7559
vn -0.5763 -0.7016 -0.4190
vn -0.4924 -0.7353 -0.4658
vn -0.5799 -0.6893 -0.4343
vn -0.4997 -0.6739 -0.5442
vn -0.4999 -0.6738 -0.5441
vn -0.4804 -0.8163 -0.3207
vn -0.4799 -0.8166 -0.3207
vn -0.4814 -0.8155 -0.3214
vn -0.4768 -0.8431 -0.2485
vn -0.4713 -0.8464 -0.2479
vn -0.4744 -0.8445 -0.2485
vn -0.5517 -0.7949 -0.2523
vn -0.5553 -0.8016 -0.2214
vn -0.5937 -0.7546 -0.2793
vn -0.7878 -0.5838 -0.1964
vn -0.8294 -0.5104 -0.2271
vn -0.7877 -0.5839 -0.1963
vn -0.7985 -0.5430 -0.2600
vn -0.7351 -0.6260 -0.2604
vn -0.7225 -0.6518 -0.2305
vn -0.5939 -0.7545 -0.2793
vn -0.5934 -0.7549 -0.2792
vn -0.8296 -0.5101 -0.2271
vn -0.9077 -0.3755 -0.1873
vn -0.8792 -0.4559 -0.1384
vn -0.9285 -0.3652 -0.0675
vn -0.9281 -0.3663 -0.0668
vn -0.9488 -0.2926 -0.1194
vn -0.8974 -0.4125 -0.1564
vn -0.8973 -0.4128 -0.1564
vn -0.9737 -0.2265 -0.0245
vn -0.9371 -0.3406 -0.0765
vn -0.9370 -0.3408 -0.0765
vn -0.9797 -0.1947 0.0479
vn -0.9671 -0.2420 0.0782
vn -0.9849 -0.1719 0.0226
vn -0.9627 -0.2707 -0.0050
vn -0.9972 -0.0673 0.0331
vn -0.9892 -0.1406 0.0413
vn -0.9912 -0.1179 0.0596
vn -0.9911 -0.1188 0.0594
vn -0.1119 -0.5190 -0.8475
vn -0.1146 -0.5050 -0.8555
vn -0.4983 -0.3920 -0.7733
vn 0.3434 -0.4683 -0.8142
vn 0.3098 -0.4856 -0.8174
vn 0.0717 -0.4770 -0.8760
vn -0.0200 -0.4788 -0.8777
vn -0.2862 -0.4258 -0.8584
vn -0.2664 -0.4255 -0.8649
vn -0.5115 -0.3501 -0.7847
vn -0.5096 -0.3481 -0.7868
vn -0.6544 -0.3684 -0.6603
vn -0.8294 -0.3908 -0.3992
vn -0.7622 -0.3893 -0.5172
vn -0.6654 -0.4465 -0.5982
vn -0.6361 -0.4105 -0.6534
vn -0.3710 -0.5169 -0.7715
vn -0.3595 -0.5452 -0.7573
vn -0.0593 -0.5285 -0.8468
vn 0.3033 -0.3680 -0.8790
vn 0.2949 -0.3757 -0.8786
vn -0.0315 -0.3614 -0.9319
vn -0.1194 -0.3630 -0.9241
vn -0.2857 -0.3355 -0.8976
vn -0.4106 -0.3241 -0.8523
vn -0.5248 -0.2914 -0.7998
vn -0.6549 -0.2822 -0.7010
vn -0.6854 -0.2690 -0.6767
vn -0.7987 -0.2477 -0.5485
vn -0.8034 -0.2447 -0.5428
vn -0.8750 -0.2595 -0.4087
vn -0.8758 -0.2588 -0.4073
vn -0.9185 -0.2687 -0.2900
vn 0.2746 -0.3681 -0.8883
vn 0.2664 -0.2604 -0.9280
vn -0.1324 -0.2473 -0.9599
vn -0.2106 -0.2508 -0.9449
vn -0.4306 -0.2211 -0.8751
vn -0.5283 -0.2170 -0.8208
vn -0.6774 -0.1800 -0.7132
vn -0.7656 -0.1833 -0.6167
vn -0.8172 -0.1622 -0.5531
vn -0.8853 -0.1591 -0.4370
vn -0.8991 -0.1504 -0.4111
vn -0.9521 -0.1872 -0.2418
vn -0.9284 -0.2319 -0.2904
vn 0.3576 -0.0114 -0.9338
vn 0.2724 -0.0249 -0.9619
vn 0.1038 -0.0314 -0.9941
vn 0.2693 -0.0021 -0.9630
vn -0.1849 -0.0411 -0.9819
vn -0.2873 -0.0442 -0.9568
vn -0.1845 -0.0268 -0.9825
vn -0.6124 -0.0530 -0.7888
vn -0.6176 -0.0542 -0.7846
vn -0.6168 -0.0542 -0.7853
vn -0.8340 -0.0494 -0.5496
vn -0.9050 -0.0854 -0.4167
vn -0.9315 -0.0673 -0.3575
vn -0.9096 -0.0684 -0.4098
vn 0.2377 -0.1229 -0.9635
vn 0.1080 -0.1431 -0.9838
vn -0.2222 -0.1382 -0.9652
vn -0.2790 -0.1438 -0.9495
vn -0.5420 -0.1255 -0.8310
vn -0.6045 -0.1291 -0.7861
vn -0.7778 -0.1033 -0.6200
vn -0.8275 -0.1151 -0.5496
vn -0.8942 -0.0964 -0.4373
vn -0.9277 -0.1055 -0.3580
vn -0.9838 -0.0702 -0.1650
vn -0.9846 -0.0584 -0.1646
vn -0.9867 -0.0868 -0.1376
vn -0.5789 -0.5542 -0.5981
vn -0.6747 -0.5574 -0.4838
vn -0.6852 -0.5512 -0.4762
vn -0.7419 -0.5512 -0.3818
vn -0.6156 -0.7057 -0.3508
vn -0.9964 -0.0777 0.0326
vn -0.9890 -0.1450 -0.0297
vn -0.9923 -0.1204 -0.0290
vn -0.9759 -0.1986 -0.0910
vn -0.9834 -0.1574 -0.0899
vn -0.9421 -0.2843 -0.1775
vn -0.9621 -0.2083 -0.1762
vn -0.8896 -0.3680 -0.2707
vn -0.9135 -0.3028 -0.2716
vn -0.8027 -0.4786 -0.3559
vn -0.7437 -0.5731 -0.3442
vn -0.7844 -0.5425 -0.3005
vn -0.6922 -0.6605 -0.2908
vn -0.6174 -0.7166 -0.3244
vn -0.5095 -0.8058 -0.3019
vn -0.4779 -0.8244 -0.3031
vn -0.1129 0.9617 -0.2497
vn -0.2329 0.9715 -0.0452
vn -0.0007 0.8919 -0.4523
vn -0.1486 0.9526 -0.2654
vn 0.1921 0.9576 -0.2148
vn 0.0678 0.9869 -0.1467
vn 0.0785 0.9821 -0.1710
vn -0.0274 0.9818 -0.1877
vn -0.1675 0.9774 -0.1287
vn 0.2817 0.7824 -0.5555
vn 0.0692 0.8042 -0.5904
vn 0.0278 0.8636 -0.5035
vn 0.0919 0.7637 -0.6390
vn 0.0321 0.8471 -0.5304
vn 0.1289 0.9076 -0.3996
vn 0.1625 0.9022 -0.3996
vn 0.1625 0.9022 -0.3995
vn 0.1779 0.9087 -0.3777
vn 0.0183 0.9259 -0.3772
vn -0.0605 0.9444 -0.3233
vn 0.3050 0.6103 -0.7312
vn 0.3177 0.2966 -0.9006
vn 0.3823 0.4037 -0.8312
vn 0.4422 0.3913 -0.8071
vn 0.2378 0.4692 -0.8505
vn 0.2556 0.3967 -0.8817
vn 0.1679 0.4616 -0.8710
vn 0.2177 0.6045 -0.7663
vn 0.3422 0.5425 -0.7672
vn 0.3068 0.6048 -0.7349
vn 0.3263 0.6052 -0.7261
vn 0.3266 0.6043 -0.7267
vn 0.3272 0.6108 -0.7210
vn 0.0782 0.6720 -0.7364
vn 0.1163 0.7719 -0.6250
vn 0.1563 0.6841 -0.7124
vn 0.2151 0.7813 -0.5858
vn 0.3075 0.7595 -0.5733
vn 0.2613 0.8180 -0.5125
vn -0.5864 -0.0351 0.8093
vn -0.4636 0.0178 0.8859
vn -0.4147 0.0556 0.9083
vn -0.3685 0.0698 0.9270
vn -0.3684 0.0576 0.9279
vn -0.3257 0.3071 0.8942
vn -0.4074 0.2787 0.8697
vn -0.4164 0.1413 0.8981
vn -0.2539 0.1763 0.9510
vn -0.6669 0.0525 0.7433
vn -0.4058 0.3041 0.8619
vn -0.2267 0.6265 0.7457
vn -0.5915 0.4938 0.6374
vn -0.4150 0.7022 0.5786
vn -0.3961 0.7047 0.5887
vn -0.2433 0.7474 0.6183
vn -0.2434 0.7470 0.6186
vn -0.2334 0.7133 0.6609
vn -0.3295 0.6876 0.6470
vn -0.4440 0.6162 0.6505
vn -0.1041 0.9572 0.2701
vn -0.2725 0.9307 0.2441
vn -0.4155 0.8330 0.3654
vn -0.3372 0.8839 0.3241
vn -0.3641 0.8446 0.3925
vn -0.0556 0.8938 0.4450
vn -0.2142 0.8469 0.4867
vn -0.2060 0.8601 0.4666
vn -0.2973 0.8420 0.4502
vn -0.5600 0.6683 0.4897
vn -0.3994 0.7845 0.4745
vn -0.3998 0.7837 0.4753
vn -0.3085 0.5604 0.7686
vn -0.3086 0.5601 0.7688
vn -0.2894 0.5254 0.8001
vn -0.3857 0.4872 0.7835
vn -0.3783 0.5228 0.7639
vn -0.4569 0.4815 0.7479
vn -0.5845 0.2887 0.7583
vn -0.4724 0.3768 0.7968
vn -0.4724 0.3770 0.7967
vn 0.3184 0.1686 -0.9328
vn 0.3178 0.2965 -0.9006
vn 0.0170 0.3651 -0.9308
vn 0.3617 0.1848 -0.9138
vn 0.4067 0.1729 -0.8971
vn 0.4051 0.1866 -0.8950
vn 0.4601 0.1562 -0.8740
vn 0.1840 0.0794 -0.9797
vn 0.1697 0.9853 0.0175
vn -0.0353 0.9982 0.0475
vn -0.0331 0.9986 0.0424
vn -0.0538 0.9978 0.0394
vn -0.2195 0.9740 0.0565
vn -0.3074 0.9346 0.1789
vn -0.2597 0.9574 0.1260
vn -0.2850 0.9398 0.1886
vn -0.0185 0.9724 0.2328
vn -0.1218 0.9422 0.3122
vn 0.0130 -0.8603 0.5097
vn -0.0611 -0.7324 0.6781
vn -0.1323 -0.5545 0.8216
vn -0.2273 0.1089 0.9677
vn -0.2260 0.2229 0.9483
vn 0.0682 0.9927 0.0998
vn 0.0702 0.9928 0.0970
vn 0.0217 0.9862 0.1642
vn 0.1702 0.9843 0.0463
vn 0.0837 0.9770 0.1963
vn 0.0638 0.9750 0.2129
vn 0.0286 0.9518 0.3054
vn -0.0815 0.8659 0.4936
vn -0.0105 0.9126 0.4088
vn -0.0001 0.9236 0.3832
vn -0.0275 0.9156 0.4011
vn 0.0329 0.9522 0.3037
vn -0.0700 0.8352 0.5454
vn -0.1374 0.8039 0.5787
vn -0.0502 0.8606 0.5068
vn -0.1269 0.7267 0.6751
vn -0.1564 0.6435 0.7493
vn -0.1562 0.6440 0.7489
vn -0.1502 0.7111 0.6868
vn -0.1270 0.7265 0.6753
vn -0.1911 0.5534 0.8107
vn -0.1671 0.6449 0.7458
vn -0.2306 0.4418 0.8670
vn -0.1831 0.5435 0.8192
vn -0.1830 0.5437 0.8191
vn -0.2011 0.4388 0.8758
vn -0.2260 0.2235 0.9481
vn -0.2664 0.3331 0.9045
vn -0.2379 0.2830 0.9291
vn -0.2112 0.3306 0.9198
vn -0.2064 0.3753 0.9036
vn -0.2606 0.3331 0.9062
vn -0.2011 0.4393 0.8756
vn -0.2461 -0.0168 0.9691
vn -0.2228 0.0074 0.9748
vn -0.2217 -0.0162 0.9750
vn -0.2122 -0.1378 0.9674
vn -0.2371 -0.1725 0.9560
vn -0.2082 -0.2546 0.9444
vn -0.2025 -0.3542 0.9130
vn -0.2171 -0.2553 0.9422
vn -0.1852 -0.4632 0.8667
vn -0.1930 -0.3599 0.9128
vn -0.1929 -0.3605 0.9126
vn -0.1648 -0.4588 0.8731
vn -0.1407 -0.5277 0.8377
vn -0.1664 -0.5618 0.8104
vn -0.1648 -0.4589 0.8730
vn -0.0607 -0.7334 0.6771
vn -0.0613 -0.7324 0.6781
vn -0.1075 -0.6895 0.7163
vn -0.0954 -0.6483 0.7554
vn -0.1105 -0.6089 0.7855
vn -0.1461 -0.6588 0.7380
vn -0.1322 -0.5557 0.8208
vn -0.0241 -0.8030 0.5955
vn -0.0230 -0.8157 0.5781
vn -0.0391 -0.8068 0.5895
vn 0.0128 -0.8601 0.5100
vn 0.0555 -0.9060 0.4197
vn 0.0561 -0.9070 0.4174
vn 0.0546 -0.9066 0.4185
vn 0.0912 -0.9390 0.3317
vn 0.1386 -0.9690 0.2047
vn 0.1074 -0.9409 0.3211
vn 0.1076 -0.9412 0.3204
vn 0.1074 -0.9410 0.3208
vn 0.2066 -0.9782 -0.0207
vn 0.2070 -0.9781 -0.0205
vn 0.1649 -0.9834 0.0757
vn 0.2482 -0.9687 -0.0000
vn 0.2123 -0.9719 0.1015
vn 0.1671 -0.9726 0.1618
vn -0.3008 -0.0858 0.9498
vn -0.2494 -0.0830 0.9648
vn -0.2210 -0.0144 0.9752
vn -0.2761 -0.2679 0.9230
vn -0.2107 -0.2627 0.9416
vn -0.2082 -0.2543 0.9444
vn -0.3266 -0.1606 0.9314
vn -0.3266 -0.1611 0.9313
vn -0.3204 -0.1777 0.9305
vn -0.3183 -0.1601 0.9344
vn -0.3182 -0.1603 0.9344
vn -0.1832 -0.4438 0.8772
vn -0.2421 -0.4500 0.8596
vn -0.2260 -0.5728 0.7879
vn -0.2267 -0.5691 0.7904
vn -0.2263 -0.5702 0.7897
vn -0.2502 -0.5402 0.8035
vn -0.2462 -0.5717 0.7826
vn -0.2288 -0.6237 0.7475
vn -0.2117 -0.5686 0.7949
vn -0.2117 -0.5688 0.7948
vn -0.2861 -0.3749 0.8818
vn -0.2859 -0.3761 0.8814
vn -0.2895 -0.3617 0.8862
vn -0.2935 -0.3756 0.8791
vn -0.0239 -0.8033 0.5951
vn -0.0702 -0.7576 0.6489
vn -0.1479 -0.7688 0.6222
vn -0.1033 -0.8688 0.4843
vn -0.0779 -0.8816 0.4655
vn 0.0101 -0.8673 0.4976
vn 0.0562 -0.9067 0.4180
vn -0.1556 -0.7365 0.6582
vn -0.1559 -0.7360 0.6587
vn -0.0950 -0.8276 0.5532
vn -0.1032 -0.8688 0.4843
vn -0.1031 -0.8690 0.4839
vn -0.0115 -0.9566 0.2913
vn -0.0109 -0.9542 0.2991
vn -0.0108 -0.9542 0.2989
vn -0.0111 -0.9541 0.2992
vn 0.0600 -0.9740 0.2183
vn 0.1441 -0.9569 0.2521
vn 0.1602 -0.9631 0.2162
vn -0.0874 -0.8671 0.4904
vn -0.0874 -0.8671 0.4905
vn -0.0172 -0.9206 0.3901
vn -0.0146 -0.9546 0.2976
vn -0.0152 -0.9542 0.2989
vn -0.1520 -0.7364 0.6593
vn -0.1522 -0.7359 0.6598
vn -0.1884 -0.6999 0.6889
vn -0.1814 -0.7392 0.6486
vn -0.1816 -0.7388 0.6490
vn -0.0373 0.9859 0.1632
vn -0.0461 0.9624 0.2676
vn 0.0318 0.9541 0.2979
vn 0.0327 0.9521 0.3041
vn 0.1030 0.9945 0.0182
vn -0.0410 0.9860 0.1614
vn -0.0442 0.9846 0.1689
vn -0.0376 0.9858 0.1634
vn -0.0372 0.9859 0.1630
vn -0.1264 0.9249 0.3585
vn -0.1188 0.8922 0.4357
vn -0.0338 0.8841 0.4661
vn -0.0501 0.8607 0.5066
vn -0.2072 0.7836 0.5857
vn -0.1204 0.7786 0.6158
vn -0.0906 0.7969 0.5973
vn -0.1775 0.8172 0.5484
vn -0.1777 0.8168 0.5489
vn -0.1692 0.8429 0.5107
vn -0.2019 0.8176 0.5393
vn -0.2018 0.8176 0.5393
vn -0.1147 0.9245 0.3635
vn -0.1145 0.9246 0.3632
vn -0.1061 0.9332 0.3432
vn -0.1263 0.9249 0.3586
vn -0.1271 0.9240 0.3606
vn -0.1670 0.6352 0.7541
vn -0.2613 0.6390 0.7234
vn -0.2412 0.6691 0.7030
vn -0.2102 0.4664 0.8592
vn -0.3042 0.4679 0.8298
vn -0.2937 0.4878 0.8221
vn -0.2410 0.6697 0.7024
vn -0.2631 0.4875 0.8325
vn -0.2689 0.5560 0.7865
vn -0.3057 0.4880 0.8176
vn -0.3056 0.4881 0.8175
vn -0.3257 0.0630 0.9434
vn -0.3257 0.0946 0.9407
vn -0.2317 0.0973 0.9679
vn -0.2401 0.1093 0.9646
vn -0.3282 0.2821 0.9015
vn -0.3017 0.1888 0.9345
vn -0.2529 0.1896 0.9487
vn -0.2272 0.1094 0.9677
vn -0.2937 0.4881 0.8219
vn -0.2937 0.4872 0.8225
vn -0.2858 0.3765 0.8812
vn -0.3282 0.2822 0.9015
vn -0.3281 0.2823 0.9015
vn -0.3283 0.2821 0.9015
vn -0.3281 0.2850 0.9006
vn -0.1720 0.8168 0.5506
vn -0.2285 0.6689 0.7074
vn -0.2279 0.7151 0.6608
vn -0.2626 0.6692 0.6951
vn -0.2625 0.6695 0.6949
vn 0.0826 -0.9916 0.0999
vn 0.0827 -0.9916 0.0997
vn 0.0658 -0.9907 0.1192
vn 0.0712 -0.9930 0.0947
vn 0.1034 -0.9944 0.0204
vn 0.1427 -0.9818 0.1252
vn 0.1428 -0.9818 0.1251
vn -0.3410 0.0622 0.9380
vn -0.3411 0.0621 0.9380
vn -0.3396 0.0026 0.9406
vn -0.3132 0.0633 0.9476
vn -0.3132 0.0625 0.9476
vn 0.1710 0.9845 0.0384
vn -0.0571 0.9532 0.2970
vn 0.1465 0.9889 0.0251
vn -0.0409 0.9678 0.2483
vn 0.1165 0.9913 0.0619
vn 0.0473 0.9989 0.0027
vn 0.1000 0.9947 0.0253
vn 0.0471 0.9989 0.0031
vn 0.0721 0.9934 0.0894
vn 0.0749 0.9931 0.0899
vn 0.0736 0.9933 0.0892
vn 0.0729 0.9934 0.0890
vn 0.1926 0.8735 -0.4472
vn -0.1386 0.6424 -0.7537
vn -0.4484 0.8656 -0.2226
vn -0.4483 0.8655 -0.2233
vn -0.4209 0.8313 -0.3629
vn -0.3195 0.9151 -0.2459
vn -0.1460 0.9354 -0.3221
vn -0.1612 0.9613 -0.2236
vn -0.1562 0.9337 -0.3221
vn -0.3197 0.9151 -0.2458
vn -0.3195 0.9150 -0.2466
vn -0.0291 0.9836 -0.1777
vn -0.0292 0.9837 -0.1776
vn -0.0292 0.9836 -0.1778
vn 0.1612 0.9867 -0.0189
vn 0.1516 0.9852 -0.0801
vn 0.1556 0.9868 -0.0440
vn 0.1464 0.9880 -0.0491
vn 0.1702 0.9847 -0.0361
vn 0.1694 0.9832 -0.0682
vn 0.1959 0.9806 0.0001
vn 0.1231 0.9640 -0.2358
vn 0.1229 0.9641 -0.2355
vn 0.1489 0.9844 -0.0933
vn 0.1662 0.9766 -0.1365
vn 0.1213 0.9795 -0.1607
vn 0.0630 0.9877 -0.1432
vn 0.1401 0.9818 -0.1285
vn 0.1075 0.9879 -0.1119
vn 0.2078 0.6638 -0.7184
vn 0.2081 0.6641 -0.7181
vn 0.2776 0.7255 -0.6297
vn 0.2502 0.7325 -0.6331
vn 0.2496 0.7327 -0.6332
vn -0.1516 0.6739 -0.7231
vn -0.3971 0.6139 -0.6822
vn -0.3981 0.6132 -0.6823
vn -0.3976 0.6135 -0.6824
vn -0.5191 0.4697 -0.7140
vn -0.2749 0.7624 -0.5858
vn -0.5529 0.5935 -0.5849
vn -0.5098 0.6862 -0.5189
vn -0.5747 0.6533 -0.4928
vn -0.5743 0.7814 -0.2439
vn -0.5734 0.7821 -0.2438
vn -0.4500 0.8359 -0.3142
vn -0.5797 0.7313 -0.3592
vn -0.5796 0.7314 -0.3592
vn -0.5670 0.6614 -0.4910
vn -0.5655 0.6627 -0.4909
vn -0.5663 0.6621 -0.4909
vn 0.1330 0.9872 -0.0875
vn -0.0023 0.9819 0.1892
vn 0.1451 0.9749 -0.1691
vn 0.1823 0.9716 -0.1506
vn -0.0453 0.9846 -0.1686
vn 0.1927 0.8734 -0.4473
vn 0.2024 0.9242 -0.3238
vn 0.2050 0.9277 -0.3120
vn 0.2235 0.9228 -0.3138
vn 0.1229 0.9640 -0.2356
vn 0.0517 0.8909 -0.4513
vn -0.5401 0.6682 -0.5116
vn -0.2153 0.8039 -0.5544
vn -0.2255 0.8456 -0.4839
vn -0.2601 0.8401 -0.4759
vn -0.0697 0.6739 -0.7356
vn -0.1033 0.7642 -0.6367
vn -0.0909 0.7679 -0.6341
vn -0.1083 0.8210 -0.5606
vn 0.1008 0.8963 -0.4318
vn 0.1887 0.8077 -0.5586
vn 0.1883 0.8085 -0.5576
vn 0.1765 0.8469 -0.5016
vn 0.4052 0.7969 -0.4481
vn 0.1940 0.8731 -0.4474
vn -0.1402 0.6418 -0.7539
vn -0.4860 0.5140 -0.7068
vn 0.0584 0.7470 -0.6622
vn 0.0249 0.8279 -0.5603
vn 0.1719 0.8712 -0.4598
vn 0.1244 0.9360 -0.3293
vn 0.0775 0.9331 -0.3512
vn 0.1678 0.9454 -0.2794
vn 0.0194 0.9491 -0.3143
vn -0.0081 0.9451 -0.3267
vn 0.0055 0.9212 -0.3890
vn -0.1503 0.9342 -0.3235
vn -0.1308 0.8784 -0.4596
vn -0.3039 0.8810 -0.3626
vn -0.2919 0.8149 -0.5008
vn -0.4620 0.8063 -0.3694
vn -0.4615 0.7922 -0.3994
vn -0.5803 0.7309 -0.3591
vn -0.7384 0.6285 -0.2445
vn -0.8873 0.2525 -0.3858
vn -0.3177 0.4460 -0.8367
vn 0.1851 0.3859 -0.9038
vn 0.1990 0.4910 -0.8481
vn -0.3855 0.5759 -0.7209
vn -0.8666 0.4610 -0.1912
vn -0.9320 0.3392 -0.1278
vn -0.9963 0.0669 0.0545
vn -0.9963 0.0671 0.0545
vn -0.9978 0.0214 0.0626
vn -0.9992 -0.0070 0.0387
vn -0.9981 -0.0523 0.0335
vn -0.9941 0.1084 -0.0012
vn -0.9891 0.1470 0.0095
vn -0.9980 0.0629 0.0078
vn -0.9896 0.1180 0.0824
vn -0.9895 0.1186 0.0830
vn -0.9659 0.2536 -0.0524
vn -0.9695 0.2065 -0.1316
vn -0.9624 0.2709 -0.0222
vn -0.9660 0.2529 -0.0529
vn -0.9661 0.2527 -0.0530
vn -0.9729 0.2242 -0.0561
vn -0.9731 0.2235 -0.0561
vn -0.9310 0.3061 -0.1990
vn -0.9246 0.3717 -0.0833
vn -0.9320 0.3393 -0.1278
vn -0.7829 0.5858 -0.2096
vn -0.8425 0.4671 -0.2682
vn -0.8622 0.4614 -0.2092
vn -0.8491 0.5124 -0.1281
vn -0.8667 0.4604 -0.1918
vn -0.7459 0.6222 -0.2376
vn -0.7897 0.6060 -0.0959
vn -0.7830 0.5856 -0.2096
vn -0.5691 0.7987 -0.1956
vn -0.6495 0.7494 -0.1283
vn -0.6442 0.7494 -0.1528
vn -0.6572 0.7199 -0.2235
vn -0.6569 0.7202 -0.2233
vn -0.5748 0.7760 -0.2595
vn -0.5793 0.7032 -0.4122
vn -0.5801 0.7028 -0.4117
vn -0.6799 0.6538 -0.3321
vn -0.5746 0.7762 -0.2596
vn -0.5747 0.7761 -0.2596
vn -0.5650 0.6587 -0.4969
vn -0.5657 0.6582 -0.4968
vn -0.6706 0.4109 -0.6176
vn -0.4129 0.6642 -0.6232
vn -0.5496 0.5746 -0.6064
vn -0.3851 0.5762 -0.7209
vn -0.4246 0.5396 -0.7270
vn -0.1150 0.5792 -0.8071
vn -0.1101 0.5628 -0.8193
vn 0.0075 0.6166 -0.7872
vn 0.2262 0.6158 -0.7548
vn 0.2206 0.6154 -0.7567
vn 0.2326 0.5960 -0.7685
vn 0.2042 0.5925 -0.7793
vn 0.2042 0.5924 -0.7793
vn 0.1694 0.2777 -0.9456
vn 0.1694 0.2775 -0.9457
vn 0.3737 0.1828 -0.9093
vn 0.2649 0.2074 -0.9417
vn 0.2438 0.1747 -0.9540
vn 0.2438 0.1751 -0.9539
vn 0.4422 0.1251 -0.8881
vn 0.2666 0.0840 -0.9601
vn 0.1991 0.4907 -0.8483
vn 0.2798 0.5710 -0.7718
vn -0.0767 0.5165 -0.8529
vn 0.0118 0.5482 -0.8363
vn -0.3367 0.4437 -0.8305
vn -0.5483 0.3400 -0.7641
vn -0.5514 0.3368 -0.7633
vn -0.6948 0.3321 -0.6379
vn -0.1087 0.5631 -0.8192
vn -0.1734 0.5617 -0.8090
vn -0.1752 0.5420 -0.8219
vn -0.4517 0.4311 -0.7811
vn -0.5189 0.4770 -0.7094
vn -0.6812 0.3759 -0.6282
vn -0.6586 0.3567 -0.6626
vn -0.9539 0.1067 -0.2805
vn -0.9500 0.1418 -0.2782
vn -0.9682 0.0919 -0.2328
vn 0.2813 0.4646 -0.8397
vn -0.1638 0.3929 -0.9049
vn -0.0752 0.4261 -0.9015
vn -0.4492 0.3112 -0.8375
vn -0.3252 0.3737 -0.8687
vn -0.6906 0.2064 -0.6932
vn -0.5514 0.3213 -0.7699
vn -0.8295 0.1434 -0.5397
vn -0.7068 0.2751 -0.6517
vn -0.9007 0.0443 -0.4321
vn -0.9350 -0.0018 -0.3546
vn -0.7865 0.0759 -0.6130
vn -0.8369 0.0316 -0.5464
vn -0.5562 0.1255 -0.8215
vn -0.6191 0.0982 -0.7792
vn -0.2395 0.1810 -0.9539
vn -0.2960 0.1633 -0.9411
vn 0.0875 0.2170 -0.9722
vn 0.0971 0.0920 -0.9910
vn 0.2621 0.1170 -0.9579
vn -0.9712 -0.0121 -0.2378
vn -0.9859 0.0483 -0.1605
vn -0.9865 -0.0147 -0.1632
vn -0.9895 -0.0482 -0.1365
vn -0.9129 -0.0104 -0.4079
vn -0.9346 -0.0174 -0.3553
vn -0.9104 0.0075 -0.4137
vn -0.8358 -0.0116 -0.5489
vn -0.6218 0.0330 -0.7825
vn -0.6181 0.0336 -0.7853
vn -0.6226 0.0322 -0.7819
vn -0.2925 0.0614 -0.9543
vn -0.1907 0.0823 -0.9782
vn -0.1920 0.0822 -0.9779
vn -0.5486 0.5752 -0.6068
vn -0.5218 0.5892 -0.6169
vn -0.7770 0.4112 -0.4765
vn -0.6025 0.5955 -0.5314
vn -0.7455 0.4983 -0.4427
vn -0.7088 0.5654 -0.4217
vn -0.5715 0.7095 -0.4123
vn -0.9991 0.0248 0.0357
vn -0.9991 -0.0319 -0.0262
vn -0.9971 0.0724 -0.0227
vn -0.9961 0.0253 -0.0841
vn -0.9861 0.1461 -0.0795
vn -0.9820 0.0888 -0.1669
vn -0.9612 0.2246 -0.1604
vn -0.9515 0.1681 -0.2577
vn -0.9076 0.3414 -0.2442
vn -0.4952 0.8507 -0.1760
vn -0.6291 0.7482 -0.2109
vn -0.5791 0.7774 -0.2456
vn -0.7204 0.6314 -0.2870
vn -0.6935 0.6516 -0.3074
vn -0.7763 0.5313 -0.3393
vn -0.8189 0.4800 -0.3147
vn -0.8940 0.2884 -0.3428
vn -0.7792 0.4056 -0.4779
vn -0.8914 0.2343 -0.3880
vn -0.7948 0.3397 -0.5028
vn -0.8133 0.2670 -0.5170
vn -0.9101 0.0989 -0.4024
vn -0.9118 0.0722 -0.4042
vn -0.8301 0.1380 -0.5403
vn -0.9006 0.0491 -0.4318
vn -0.6931 0.1814 -0.6976
vn -0.7857 0.0987 -0.6106
vn -0.4548 0.2407 -0.8575
vn -0.5541 0.1915 -0.8101
vn -0.1636 0.3016 -0.9393
vn -0.2407 0.2739 -0.9311
vn 0.2787 0.3512 -0.8939
vn 0.1689 0.2770 -0.9459
vn -0.5220 0.4029 -0.7518
vn 0.0272 0.5748 -0.8178
vn 0.3950 0.7285 -0.5598
vn 0.1188 0.7723 -0.6241
vn 0.1449 0.7241 -0.6743
vn -0.5797 0.4564 -0.6750
vn -0.5340 0.5200 -0.6667
vn -0.6155 0.5761 -0.5378
vn -0.6507 0.4760 -0.5915
vn -0.5003 0.6596 -0.5609
vn 0.3186 0.8663 -0.3848
vn 0.3343 0.7757 -0.5353
vn 0.2772 0.8702 -0.4073
vn -0.0597 0.7353 -0.6751
vn -0.5333 0.5208 -0.6666
vn -0.5335 0.5212 -0.6661
vn -0.6154 0.5760 -0.5380
vn -0.1746 0.8447 -0.5060
vn 0.0352 0.9611 -0.2739
vn 0.0946 0.9047 -0.4153
vn 0.2464 0.9528 -0.1773
vn -0.1860 0.9419 -0.2797
vn -0.7048 0.5280 -0.4737
vn -0.7521 0.5916 -0.2905
vn 0.1556 0.9865 0.0505
vn 0.1130 0.9816 -0.1539
vn 0.0481 0.9988 0.0030
vn -0.2331 0.9260 -0.2971
vn -0.6779 0.6180 -0.3982
vn -0.6778 0.6180 -0.3983
vn -0.7334 0.6798 -0.0014
vn -0.8474 0.4522 -0.2784
vn -0.1049 0.9572 0.2698
vn 0.5927 0.7097 0.3809
vn 0.5552 0.6925 0.4606
vn 0.6213 0.6806 0.3882
vn 0.1251 0.9860 0.1099
vn -0.7866 0.5727 -0.2308
vn -0.7342 0.5934 -0.3298
vn -0.7333 0.6799 -0.0016
vn -0.5922 0.8057 0.0159
vn 0.5487 0.6558 0.5185
vn 0.5480 0.6553 0.5198
vn 0.4218 0.6761 0.6042
vn 0.4652 0.7215 0.5128
vn -0.8491 0.5282 -0.0063
vn -0.6981 0.6768 0.2336
vn -0.8724 0.4648 0.1515
vn 0.4364 0.6242 0.6480
vn 0.3962 0.5501 0.7351
vn 0.4570 0.6110 0.6464
vn 0.1670 0.7985 0.5784
vn -0.6965 0.6779 0.2353
vn -0.6966 0.6777 0.2356
vn -0.7962 0.3907 0.4620
vn 0.1952 0.5941 0.7804
vn 0.1953 0.5942 0.7802
vn -0.2612 0.7134 0.6502
vn -0.7302 0.5617 0.3890
vn -0.7301 0.5618 0.3889
vn 0.2013 0.5927 0.7799
vn 0.5658 0.4488 0.6917
vn -0.8675 0.3725 0.3297
vn -0.7961 0.3910 0.4618
vn -0.5362 0.5049 0.6764
vn -0.2485 0.4878 0.8369
vn -0.2485 0.4874 0.8371
vn 0.1537 0.4726 0.8678
vn 0.1656 0.4361 0.8845
vn -0.7230 0.2641 0.6384
vn -0.6930 0.4318 0.5773
vn -0.8239 0.2145 0.5246
vn -0.6540 0.2778 0.7037
vn -0.2510 0.2828 0.9258
vn -0.6263 0.0556 0.7776
vn -0.6792 0.0435 0.7327
vn -0.0014 0.2964 0.9551
vn -0.2525 0.2828 0.9253
vn -0.2523 0.2857 0.9245
vn -0.3770 0.0600 0.9243
vn -0.3781 0.0608 0.9238
vn -0.5107 0.0630 0.8574
vn -0.5566 0.0516 0.8292
vn -0.5567 0.0516 0.8291
vn 0.4147 0.0910 -0.9054
vn -0.4161 0.0866 -0.9052
vn -0.3664 0.1029 -0.9248
vn -0.1294 0.2344 -0.9635
vn -0.1295 0.2348 -0.9634
vn 0.5659 0.4000 -0.7210
vn 0.6244 0.2913 -0.7248
vn -0.3101 0.1035 -0.9451
vn -0.3668 0.1027 -0.9246
vn -0.3668 0.1025 -0.9246
vn -0.3663 0.2655 -0.8918
vn -0.3944 0.2588 -0.8817
vn -0.4206 0.2469 -0.8730
vn -0.3368 0.4543 -0.8247
vn 0.5833 0.4900 -0.6478
vn 0.6681 0.3882 -0.6348
vn 0.0773 0.4736 -0.8773
vn 0.0774 0.4736 -0.8773
vn -0.4603 0.3847 -0.8001
vn -0.4601 0.3841 -0.8005
vn -0.4299 0.4090 -0.8049
vn -0.3531 0.4376 -0.8269
vn -0.3532 0.4377 -0.8268
s 0
usemtl material
f 1//1 2//1 3//1
f 4//1 5//1 2//1
f 6//1 7//1 8//1
f 9//1 10//1 2//1
f 2//1 10//1 11//1
f 2//1 11//1 12//1
f 13//1 14//1 6//1
f 6//1 14//1 15//1
f 6//1 15//1 7//1
f 8//1 16//1 6//1
f 6//1 16//1 17//1
f 6//1 17//1 18//1
f 18//1 19//1 6//1
f 6//1 19//1 20//1
f 6//1 20//1 21//1
f 21//1 22//1 6//1
f 6//1 22//1 23//1
f 6//1 23//1 24//1
f 25//1 26//1 27//1
f 13//1 6//1 2//1
f 2//1 6//1 28//1
f 2//1 28//1 4//1
f 5//1 29//1 2//1
f 2//1 29//1 30//1
f 2//1 30//1 31//1
f 31//1 32//1 2//1
f 2//1 32//1 33//1
f 2//1 33//1 34//1
f 34//1 35//1 2//1
f 2//1 35//1 36//1
f 2//1 36//1 9//1
f 3//1 37//1 38//1
f 24//1 39//1 6//1
f 6//1 39//1 40//1
f 6//1 40//1 41//1
f 42//1 43//1 25//1
f 25//1 43//1 44//1
f 25//2 44//2 26//2
f 41//1 45//1 6//1
f 6//1 45//1 25//1
f 6//1 25//1 46//1
f 46//1 25//1 27//1
f 12//1 47//1 2//1
f 2//1 47//1 48//1
f 2//1 48//1 49//1
f 49//1 50//1 2//1
f 2//1 50//1 51//1
f 2//1 51//1 3//1
f 38//1 52//1 3//1
f 3//1 52//1 53//1
f 3//1 53//1 1//1
f 54//3 55//3 25//3
f 25//4 55//4 56//4
f 25//5 56//5 42//5
f 42//6 56//6 57//6
f 25//7 45//7 54//7
f 54//8 45//8 41//8
f 54//9 41//9 58//9
f 58//10 41//10 40//10
f 58//11 40//11 59//11
f 60//12 61//12 3//12
f 3//13 61//13 62//13
f 3//14 62//14 37//14
f 37//15 62//15 63//15
f 59//16 40//16 64//16
f 64//17 40//17 39//17
f 64//18 39//18 65//18
f 65//19 39//19 24//19
f 65//20 24//20 66//20
f 66//21 24//21 23//21
f 66//22 23//22 67//22
f 67//23 23//23 22//23
f 67//24 22//24 68//24
f 68//25 22//25 21//25
f 68//26 21//26 69//26
f 69//27 21//27 20//27
f 69//28 20//28 70//28
f 70//29 20//29 19//29
f 70//30 19//30 71//30
f 71//31 19//31 18//31
f 71//32 18//32 72//32
f 72//33 18//33 17//33
f 72//34 17//34 73//34
f 73//35 17//35 16//35
f 73//36 16//36 74//36
f 74//37 16//37 8//37
f 74//38 8//38 75//38
f 75//39 8//39 7//39
f 75//40 7//40 76//40
f 76//41 7//41 15//41
f 76//42 15//42 77//42
f 77//43 15//43 14//43
f 77//44 14//44 78//44
f 78//45 14//45 13//45
f 78//46 13//46 79//46
f 79//47 13//47 2//47
f 79//48 2//48 80//48
f 80//49 2//49 1//49
f 80//50 1//50 81//50
f 81//51 1//51 53//51
f 81//52 53//52 82//52
f 82//53 53//53 52//53
f 82//54 52//54 63//54
f 63//55 52//55 38//55
f 63//56 38//56 37//56
f 3//57 51//57 60//57
f 60//58 51//58 50//58
f 60//59 50//59 83//59
f 83//60 50//60 49//60
f 83//61 49//61 84//61
f 84//62 49//62 85//62
f 85//63 49//63 48//63
f 85//64 48//64 86//64
f 86//65 48//65 47//65
f 86//66 47//66 87//66
f 87//67 47//67 12//67
f 87//68 12//68 88//68
f 88//69 12//69 11//69
f 88//70 11//70 89//70
f 89//71 11//71 10//71
f 89//72 10//72 90//72
f 90//73 10//73 9//73
f 90//74 9//74 91//74
f 91//75 9//75 36//75
f 91//76 36//76 92//76
f 92//77 36//77 35//77
f 92//78 35//78 93//78
f 93//79 35//79 34//79
f 93//80 34//80 94//80
f 94//81 34//81 33//81
f 94//82 33//82 95//82
f 95//83 33//83 32//83
f 95//84 32//84 96//84
f 96//85 32//85 31//85
f 96//86 31//86 97//86
f 97//87 31//87 30//87
f 97//88 30//88 98//88
f 98//89 30//89 29//89
f 98//90 29//90 99//90
f 99//91 29//91 5//91
f 99//92 5//92 100//92
f 100//93 5//93 4//93
f 100//94 4//94 101//94
f 101//95 4//95 28//95
f 101//96 28//96 102//96
f 102//97 28//97 6//97
f 102//98 6//98 103//98
f 103//99 6//99 46//99
f 103//100 46//100 104//100
f 104//101 46//101 27//101
f 104//102 27//102 105//102
f 105//103 27//103 26//103
f 105//104 26//104 106//104
f 106//105 26//105 44//105
f 106//106 44//106 57//106
f 57//107 44//107 43//107
f 57//108 43//108 42//108
f 107//1 108//1 97//1
f 97//1 108//1 96//1
f 109//1 91//1 110//1
f 110//1 91//1 92//1
f 76//1 77//1 111//1
f 112//1 63//1 62//1
f 60//1 83//1 113//1
f 78//1 114//1 77//1
f 77//1 114//1 115//1
f 77//1 115//1 111//1
f 80//1 116//1 79//1
f 79//1 116//1 117//1
f 79//1 117//1 78//1
f 78//1 117//1 118//1
f 78//1 118//1 114//1
f 85//1 119//1 84//1
f 84//1 119//1 120//1
f 84//1 120//1 83//1
f 83//1 120//1 121//1
f 83//1 121//1 113//1
f 109//1 122//1 91//1
f 91//1 122//1 123//1
f 91//1 123//1 90//1
f 90//1 123//1 124//1
f 90//1 124//1 89//1
f 95//1 125//1 94//1
f 94//1 125//1 126//1
f 94//1 126//1 93//1
f 93//1 126//1 127//1
f 93//1 127//1 92//1
f 92//1 127//1 128//1
f 92//1 128//1 110//1
f 113//1 129//1 60//1
f 60//1 129//1 130//1
f 60//1 130//1 61//1
f 61//1 130//1 131//1
f 61//1 131//1 62//1
f 62//1 131//1 132//1
f 62//1 132//1 112//1
f 86//1 133//1 85//1
f 85//1 133//1 134//1
f 85//1 134//1 119//1
f 101//1 135//1 100//1
f 100//1 135//1 136//1
f 100//1 136//1 99//1
f 99//1 136//1 137//1
f 99//1 137//1 98//1
f 98//1 137//1 138//1
f 98//1 138//1 97//1
f 97//1 138//1 139//1
f 97//1 139//1 107//1
f 140//1 141//1 54//1
f 54//1 141//1 142//1
f 54//1 142//1 55//1
f 55//1 142//1 143//1
f 55//1 143//1 56//1
f 71//1 144//1 70//1
f 70//1 144//1 145//1
f 70//1 145//1 69//1
f 69//1 145//1 146//1
f 69//1 146//1 68//1
f 68//1 146//1 147//1
f 68//1 147//1 67//1
f 67//1 147//1 148//1
f 112//1 149//1 63//1
f 63//109 149//109 150//109
f 63//1 150//1 82//1
f 82//1 150//1 151//1
f 82//1 151//1 81//1
f 124//1 152//1 89//1
f 89//1 152//1 153//1
f 89//1 153//1 88//1
f 88//1 153//1 154//1
f 88//1 154//1 87//1
f 87//1 154//1 155//1
f 87//1 155//1 86//1
f 86//1 155//1 156//1
f 86//1 156//1 133//1
f 108//1 157//1 96//1
f 96//1 157//1 158//1
f 96//1 158//1 95//1
f 95//1 158//1 159//1
f 95//1 159//1 125//1
f 64//1 160//1 59//1
f 59//1 160//1 161//1
f 59//1 161//1 58//1
f 58//1 161//1 162//1
f 58//1 162//1 54//1
f 54//1 162//1 163//1
f 54//1 163//1 140//1
f 72//1 164//1 71//1
f 71//1 164//1 165//1
f 71//1 165//1 144//1
f 74//1 166//1 73//1
f 73//1 166//1 167//1
f 73//1 167//1 72//1
f 72//1 167//1 168//1
f 72//1 168//1 164//1
f 111//1 169//1 76//1
f 76//1 169//1 170//1
f 76//1 170//1 75//1
f 75//1 170//1 171//1
f 75//1 171//1 74//1
f 74//1 171//1 172//1
f 74//1 172//1 166//1
f 151//1 173//1 81//1
f 81//1 173//1 174//1
f 81//1 174//1 80//1
f 80//1 174//1 175//1
f 80//1 175//1 116//1
f 102//1 176//1 101//1
f 101//1 176//1 177//1
f 101//1 177//1 135//1
f 148//1 178//1 67//1
f 67//1 178//1 179//1
f 67//1 179//1 66//1
f 66//1 179//1 180//1
f 66//1 180//1 65//1
f 143//1 181//1 56//1
f 56//1 181//1 182//1
f 56//1 182//1 57//1
f 180//1 183//1 65//1
f 65//1 183//1 184//1
f 65//1 184//1 64//1
f 64//1 184//1 185//1
f 64//1 185//1 160//1
f 104//1 186//1 103//1
f 103//1 186//1 187//1
f 103//1 187//1 102//1
f 102//1 187//1 188//1
f 102//1 188//1 176//1
f 182//1 189//1 57//1
f 57//1 189//1 190//1
f 57//1 190//1 106//1
f 106//1 190//1 191//1
f 106//110 191//110 105//110
f 105//1 191//1 192//1
f 105//1 192//1 104//1
f 104//1 192//1 193//1
f 104//1 193//1 186//1
f 194//111 195//111 196//111
f 197//112 198//112 199//112
f 199//113 198//113 200//113
f 199//113 200//113 196//113
f 196//113 200//113 201//113
f 202//111 200//111 203//111
f 203//113 200//113 198//113
f 203//114 198//114 204//114
f 204//115 198//115 205//115
f 206//116 207//116 208//116
f 208//114 207//114 194//114
f 208//114 194//114 209//114
f 209//113 194//113 196//113
f 209//111 196//111 210//111
f 210//113 196//113 201//113
f 211//117 212//117 213//117
f 214//118 215//118 216//118
f 216//119 215//119 217//119
f 216//120 217//120 218//120
f 218//120 217//120 219//120
f 220//121 221//121 222//121
f 222//122 221//122 223//122
f 222//123 223//123 217//123
f 217//124 223//124 224//124
f 217//125 224//125 219//125
f 212//126 225//126 213//126
f 213//127 225//127 226//127
f 213//128 226//128 222//128
f 222//129 226//129 227//129
f 222//130 227//130 220//130
f 228//131 229//131 230//131
f 230//132 229//132 231//132
f 230//133 231//133 213//133
f 213//134 231//134 232//134
f 213//135 232//135 211//135
f 233//136 234//136 235//136
f 235//137 234//137 236//137
f 235//138 236//138 237//138
f 237//139 236//139 238//139
f 237//140 238//140 230//140
f 230//141 238//141 228//141
f 239//142 240//142 241//142
f 241//143 240//143 242//143
f 241//144 242//144 235//144
f 235//145 242//145 243//145
f 235//146 243//146 233//146
f 244//147 245//147 246//147
f 246//148 245//148 247//148
f 246//149 247//149 241//149
f 241//150 247//150 248//150
f 241//151 248//151 239//151
f 244//152 246//152 249//152
f 249//153 246//153 250//153
f 249//154 250//154 251//154
f 252//155 253//155 254//155
f 252//156 254//156 255//156
f 255//157 254//157 256//157
f 255//158 256//158 257//158
f 257//159 256//159 258//159
f 257//160 258//160 259//160
f 259//160 258//160 260//160
f 259//161 260//161 261//161
f 262//162 263//162 264//162
f 264//163 263//163 265//163
f 264//164 265//164 266//164
f 266//165 265//165 267//165
f 237//162 268//162 269//162
f 253//166 252//166 270//166
f 270//167 252//167 271//167
f 270//168 271//168 272//168
f 272//169 271//169 273//169
f 272//170 273//170 274//170
f 274//171 273//171 275//171
f 274//172 275//172 276//172
f 276//173 275//173 277//173
f 276//174 277//174 269//174
f 278//175 263//175 279//175
f 278//176 279//176 280//176
f 280//163 279//163 281//163
f 280//177 281//177 282//177
f 282//163 281//163 283//163
f 282//178 283//178 284//178
f 284//179 283//179 285//179
f 284//180 285//180 286//180
f 286//181 285//181 287//181
f 286//182 287//182 288//182
f 288//181 287//181 289//181
f 288//183 289//183 290//183
f 290//181 289//181 291//181
f 290//163 291//163 292//163
f 292//181 291//181 293//181
f 292//173 293//173 294//173
f 294//181 293//181 295//181
f 295//184 293//184 296//184
f 295//181 296//181 297//181
f 260//185 298//185 261//185
f 261//186 298//186 299//186
f 261//187 299//187 300//187
f 300//188 299//188 301//188
f 300//189 301//189 302//189
f 302//190 301//190 303//190
f 302//191 303//191 267//191
f 267//192 303//192 304//192
f 267//193 304//193 266//193
f 269//179 277//179 237//179
f 237//181 277//181 305//181
f 237//181 305//181 235//181
f 235//181 305//181 306//181
f 235//181 306//181 241//181
f 241//181 306//181 307//181
f 241//181 307//181 246//181
f 246//181 307//181 308//181
f 246//181 308//181 250//181
f 250//181 308//181 309//181
f 250//181 309//181 310//181
f 310//181 309//181 311//181
f 311//181 309//181 312//181
f 311//181 312//181 313//181
f 313//194 312//194 314//194
f 313//181 314//181 315//181
f 315//181 314//181 316//181
f 315//181 316//181 317//181
f 317//181 316//181 318//181
f 317//181 318//181 319//181
f 319//181 318//181 320//181
f 319//181 320//181 321//181
f 321//181 320//181 322//181
f 321//181 322//181 323//181
f 323//181 322//181 324//181
f 323//181 324//181 297//181
f 297//181 324//181 325//181
f 297//181 325//181 295//181
f 251//195 250//195 326//195
f 326//196 250//196 310//196
f 326//197 310//197 327//197
f 328//198 329//198 330//198
f 330//199 329//199 215//199
f 330//200 215//200 214//200
f 263//1 262//1 331//1
f 331//201 262//201 264//201
f 331//202 264//202 332//202
f 332//201 264//201 333//201
f 334//202 260//202 335//202
f 335//203 260//203 258//203
f 335//204 258//204 336//204
f 336//203 258//203 256//203
f 336//202 256//202 337//202
f 337//205 256//205 254//205
f 337//202 254//202 338//202
f 338//204 254//204 253//204
f 338//202 253//202 329//202
f 329//204 253//204 270//204
f 329//206 270//206 215//206
f 215//205 270//205 272//205
f 215//204 272//204 217//204
f 217//201 272//201 222//201
f 222//202 272//202 274//202
f 222//202 274//202 213//202
f 264//202 266//202 333//202
f 333//207 266//207 304//207
f 333//202 304//202 339//202
f 339//202 304//202 303//202
f 339//202 303//202 340//202
f 340//208 303//208 301//208
f 340//202 301//202 341//202
f 341//209 301//209 299//209
f 341//202 299//202 334//202
f 334//210 299//210 298//210
f 334//210 298//210 260//210
f 274//207 276//207 213//207
f 213//202 276//202 269//202
f 213//202 269//202 230//202
f 230//201 269//201 268//201
f 230//1 268//1 237//1
f 342//211 343//211 344//211
f 345//212 346//212 347//212
f 347//213 346//213 348//213
f 349//214 350//214 351//214
f 351//215 350//215 352//215
f 351//216 352//216 353//216
f 348//217 346//217 353//217
f 353//218 346//218 354//218
f 353//219 354//219 351//219
f 355//220 356//220 357//220
f 358//221 359//221 360//221
f 356//222 355//222 361//222
f 361//223 355//223 360//223
f 360//224 355//224 362//224
f 360//225 362//225 358//225
f 363//226 364//226 355//226
f 355//227 364//227 365//227
f 355//228 365//228 362//228
f 363//229 355//229 366//229
f 366//230 355//230 367//230
f 366//231 367//231 368//231
f 368//232 367//232 369//232
f 368//233 369//233 370//233
f 370//234 369//234 371//234
f 371//235 369//235 372//235
f 371//236 372//236 373//236
f 374//237 375//237 372//237
f 372//238 375//238 376//238
f 372//239 376//239 373//239
f 373//240 376//240 377//240
f 373//241 377//241 378//241
f 379//242 380//242 381//242
f 381//243 380//243 382//243
f 383//244 384//244 385//244
f 385//245 384//245 386//245
f 385//246 386//246 381//246
f 381//247 386//247 387//247
f 381//248 387//248 379//248
f 388//249 389//249 346//249
f 390//250 388//250 391//250
f 391//251 388//251 346//251
f 391//252 346//252 344//252
f 344//253 346//253 345//253
f 344//254 345//254 342//254
f 367//255 381//255 369//255
f 369//256 381//256 382//256
f 369//257 382//257 372//257
f 372//258 382//258 392//258
f 372//259 392//259 374//259
f 357//260 349//260 355//260
f 355//261 349//261 351//261
f 355//262 351//262 367//262
f 367//263 351//263 354//263
f 367//264 354//264 381//264
f 381//265 354//265 346//265
f 381//266 346//266 385//266
f 385//267 346//267 389//267
f 385//268 389//268 383//268
f 393//269 200//269 394//269
f 394//270 200//270 202//270
f 394//271 202//271 395//271
f 395//272 202//272 203//272
f 395//273 203//273 396//273
f 396//274 203//274 204//274
f 396//275 204//275 397//275
f 397//276 204//276 205//276
f 397//276 205//276 398//276
f 398//277 205//277 198//277
f 398//277 198//277 399//277
f 399//278 198//278 197//278
f 399//278 197//278 400//278
f 400//279 197//279 199//279
f 400//279 199//279 401//279
f 401//280 199//280 196//280
f 401//280 196//280 402//280
f 402//281 196//281 195//281
f 402//281 195//281 403//281
f 403//282 195//282 194//282
f 403//282 194//282 404//282
f 404//283 194//283 207//283
f 404//284 207//284 405//284
f 405//285 207//285 206//285
f 405//285 206//285 406//285
f 406//286 206//286 208//286
f 406//286 208//286 407//286
f 407//287 208//287 209//287
f 407//287 209//287 408//287
f 408//288 209//288 210//288
f 408//289 210//289 409//289
f 409//290 210//290 201//290
f 409//291 201//291 393//291
f 393//292 201//292 200//292
f 410//293 411//293 412//293
f 413//294 414//294 415//294
f 413//295 415//295 416//295
f 412//296 411//296 417//296
f 417//297 411//297 418//297
f 417//298 418//298 419//298
f 419//299 418//299 420//299
f 419//300 420//300 414//300
f 414//301 420//301 421//301
f 414//302 421//302 415//302
f 422//303 423//303 424//303
f 425//304 426//304 427//304
f 427//305 426//305 422//305
f 427//306 422//306 428//306
f 428//307 422//307 424//307
f 427//308 429//308 425//308
f 425//309 429//309 430//309
f 425//310 430//310 412//310
f 412//311 430//311 431//311
f 412//312 431//312 410//312
f 432//313 433//313 434//313
f 434//314 433//314 435//314
f 435//315 433//315 436//315
f 435//316 436//316 437//316
f 437//317 436//317 438//317
f 437//318 438//318 439//318
f 439//319 438//319 440//319
f 440//320 438//320 441//320
f 440//321 441//321 442//321
f 434//322 443//322 432//322
f 432//323 443//323 444//323
f 432//324 444//324 445//324
f 445//325 444//325 446//325
f 445//326 446//326 447//326
f 447//327 446//327 448//327
f 447//328 448//328 423//328
f 423//329 448//329 449//329
f 423//330 449//330 424//330
f 450//331 451//331 452//331
f 452//332 451//332 453//332
f 452//333 453//333 454//333
f 455//334 456//334 457//334
f 457//335 458//335 455//335
f 455//336 458//336 459//336
f 455//337 459//337 460//337
f 460//338 459//338 461//338
f 460//339 461//339 452//339
f 452//340 461//340 462//340
f 452//341 462//341 450//341
f 463//342 464//342 465//342
f 465//343 464//343 466//343
f 465//344 466//344 467//344
f 468//345 469//345 470//345
f 470//346 471//346 468//346
f 468//346 471//346 472//346
f 468//347 472//347 467//347
f 467//348 472//348 473//348
f 467//349 473//349 465//349
f 474//350 475//350 476//350
f 476//351 477//351 474//351
f 474//352 477//352 478//352
f 474//353 478//353 479//353
f 479//354 478//354 480//354
f 479//355 480//355 481//355
f 481//356 480//356 482//356
f 481//357 482//357 483//357
f 482//358 484//358 483//358
f 483//359 484//359 485//359
f 483//360 485//360 486//360
f 486//361 485//361 487//361
f 486//362 487//362 469//362
f 469//363 487//363 488//363
f 469//364 488//364 470//364
f 463//365 489//365 464//365
f 464//366 489//366 490//366
f 464//367 490//367 491//367
f 491//368 490//368 492//368
f 491//369 492//369 493//369
f 493//370 492//370 494//370
f 493//371 494//371 456//371
f 456//372 494//372 495//372
f 456//373 495//373 457//373
f 496//374 497//374 498//374
f 442//375 441//375 499//375
f 499//376 441//376 500//376
f 499//377 500//377 501//377
f 501//378 500//378 496//378
f 501//379 496//379 502//379
f 502//380 496//380 498//380
f 502//381 498//381 503//381
f 415//382 504//382 416//382
f 416//383 504//383 505//383
f 416//384 505//384 506//384
f 506//385 505//385 507//385
f 506//386 507//386 475//386
f 475//387 507//387 508//387
f 475//388 508//388 476//388
f 509//389 510//389 511//389
f 512//390 513//390 514//390
f 515//391 516//391 517//391
f 518//392 519//392 520//392
f 521//393 522//393 523//393
f 524//394 525//394 526//394
f 527//395 528//395 509//395
f 529//396 530//396 531//396
f 528//397 532//397 509//397
f 509//398 532//398 533//398
f 509//399 533//399 534//399
f 534//400 533//400 535//400
f 534//401 535//401 536//401
f 537//402 538//402 539//402
f 539//403 538//403 540//403
f 539//404 540//404 527//404
f 541//405 542//405 543//405
f 543//406 542//406 544//406
f 524//407 526//407 545//407
f 521//408 523//408 546//408
f 518//409 520//409 547//409
f 548//410 549//410 550//410
f 549//411 548//411 551//411
f 551//412 548//412 552//412
f 551//413 552//413 553//413
f 554//414 555//414 556//414
f 556//415 555//415 557//415
f 554//416 556//416 558//416
f 558//417 556//417 559//417
f 558//418 559//418 560//418
f 561//419 562//419 563//419
f 563//420 562//420 564//420
f 564//421 562//421 565//421
f 565//422 562//422 566//422
f 565//423 566//423 567//423
f 568//424 569//424 570//424
f 570//425 569//425 571//425
f 570//426 571//426 572//426
f 572//427 571//427 573//427
f 574//428 575//428 576//428
f 576//429 575//429 577//429
f 576//430 577//430 578//430
f 574//431 579//431 575//431
f 575//432 579//432 580//432
f 575//433 580//433 571//433
f 571//434 580//434 581//434
f 571//435 581//435 573//435
f 582//436 583//436 577//436
f 577//437 583//437 584//437
f 577//438 584//438 578//438
f 585//439 586//439 587//439
f 587//440 586//440 588//440
f 587//441 588//441 582//441
f 582//442 588//442 589//442
f 582//443 589//443 583//443
f 585//439 587//439 590//439
f 590//444 587//444 591//444
f 590//445 591//445 592//445
f 516//446 593//446 517//446
f 517//391 593//391 594//391
f 517//447 594//447 591//447
f 591//448 594//448 595//448
f 591//449 595//449 592//449
f 513//450 596//450 514//450
f 514//451 596//451 597//451
f 514//452 597//452 598//452
f 598//453 597//453 599//453
f 598//454 599//454 600//454
f 601//455 602//455 603//455
f 603//456 602//456 604//456
f 604//457 605//457 603//457
f 603//458 605//458 606//458
f 603//459 606//459 607//459
f 608//460 609//460 610//460
f 610//461 609//461 611//461
f 610//462 611//462 612//462
f 613//463 614//463 615//463
f 615//464 614//464 616//464
f 615//465 616//465 611//465
f 611//466 616//466 617//466
f 611//467 617//467 612//467
f 613//468 615//468 618//468
f 618//469 615//469 619//469
f 618//470 619//470 620//470
f 621//471 622//471 623//471
f 623//472 622//472 624//472
f 623//473 624//473 619//473
f 619//474 624//474 625//474
f 619//475 625//475 620//475
f 621//471 623//471 626//471
f 626//476 623//476 627//476
f 626//477 627//477 628//477
f 629//478 630//478 631//478
f 631//479 630//479 632//479
f 631//480 632//480 627//480
f 627//481 632//481 633//481
f 627//482 633//482 628//482
f 634//483 635//483 636//483
f 636//484 635//484 637//484
f 636//485 637//485 638//485
f 639//486 640//486 641//486
f 641//487 640//487 642//487
f 641//488 642//488 637//488
f 637//489 642//489 643//489
f 637//490 643//490 638//490
f 644//491 645//491 646//491
f 647//492 648//492 649//492
f 649//493 648//493 644//493
f 649//494 644//494 650//494
f 650//495 644//495 646//495
f 645//491 644//491 651//491
f 651//496 644//496 652//496
f 651//497 652//497 653//497
f 654//498 655//498 656//498
f 654//499 656//499 657//499
f 657//500 656//500 658//500
f 657//501 658//501 659//501
f 660//502 661//502 511//502
f 511//503 661//503 662//503
f 511//504 662//504 663//504
f 664//505 665//505 510//505
f 510//506 665//506 666//506
f 510//507 666//507 511//507
f 511//508 666//508 667//508
f 511//509 667//509 660//509
f 664//505 510//505 668//505
f 668//510 510//510 509//510
f 668//511 509//511 669//511
f 669//512 509//512 534//512
f 669//513 534//513 531//513
f 531//514 534//514 536//514
f 531//515 536//515 529//515
f 544//516 537//516 543//516
f 543//517 537//517 539//517
f 543//518 539//518 670//518
f 527//519 509//519 539//519
f 539//520 509//520 511//520
f 539//521 511//521 670//521
f 670//522 511//522 663//522
f 670//523 663//523 671//523
f 671//524 663//524 672//524
f 671//525 672//525 673//525
f 522//526 545//526 523//526
f 523//527 545//527 526//527
f 523//528 526//528 674//528
f 674//528 526//528 675//528
f 674//529 675//529 676//529
f 676//530 675//530 658//530
f 676//531 658//531 652//531
f 652//532 658//532 656//532
f 652//533 656//533 653//533
f 653//534 656//534 655//534
f 550//535 547//535 548//535
f 548//536 547//536 520//536
f 548//537 520//537 552//537
f 552//537 520//537 677//537
f 552//538 677//538 678//538
f 678//539 677//539 679//539
f 678//540 679//540 680//540
f 680//540 679//540 681//540
f 680//541 681//541 682//541
f 682//542 681//542 683//542
f 682//543 683//543 684//543
f 684//544 683//544 641//544
f 684//545 641//545 685//545
f 685//546 641//546 637//546
f 685//547 637//547 631//547
f 631//548 637//548 635//548
f 631//549 635//549 629//549
f 629//550 635//550 634//550
f 561//551 560//551 562//551
f 562//552 560//552 559//552
f 562//553 559//553 566//553
f 566//553 559//553 686//553
f 566//554 686//554 687//554
f 687//555 686//555 688//555
f 687//556 688//556 689//556
f 689//556 688//556 690//556
f 689//557 690//557 691//557
f 691//558 690//558 692//558
f 691//559 692//559 693//559
f 693//560 692//560 694//560
f 693//561 694//561 695//561
f 695//562 694//562 696//562
f 695//563 696//563 697//563
f 697//564 696//564 698//564
f 697//565 698//565 598//565
f 598//565 698//565 699//565
f 598//566 699//566 514//566
f 514//567 699//567 607//567
f 514//568 607//568 512//568
f 512//569 607//569 606//569
f 525//570 541//570 526//570
f 526//571 541//571 543//571
f 526//572 543//572 675//572
f 675//573 543//573 670//573
f 675//574 670//574 658//574
f 658//574 670//574 671//574
f 658//575 671//575 659//575
f 659//576 671//576 673//576
f 519//577 546//577 520//577
f 520//578 546//578 523//578
f 520//579 523//579 677//579
f 677//579 523//579 674//579
f 677//580 674//580 679//580
f 679//581 674//581 676//581
f 679//582 676//582 681//582
f 681//583 676//583 652//583
f 681//584 652//584 683//584
f 683//584 652//584 644//584
f 683//585 644//585 641//585
f 641//586 644//586 648//586
f 641//587 648//587 639//587
f 639//588 648//588 647//588
f 557//589 553//589 556//589
f 556//590 553//590 552//590
f 556//591 552//591 559//591
f 559//591 552//591 678//591
f 559//592 678//592 686//592
f 686//593 678//593 680//593
f 686//594 680//594 688//594
f 688//595 680//595 682//595
f 688//596 682//596 690//596
f 690//597 682//597 684//597
f 690//598 684//598 692//598
f 692//599 684//599 685//599
f 692//600 685//600 694//600
f 694//600 685//600 631//600
f 694//601 631//601 696//601
f 696//602 631//602 627//602
f 696//603 627//603 698//603
f 698//604 627//604 623//604
f 698//605 623//605 699//605
f 699//606 623//606 619//606
f 699//607 619//607 607//607
f 607//608 619//608 615//608
f 607//609 615//609 603//609
f 603//610 615//610 611//610
f 603//611 611//611 601//611
f 601//612 611//612 609//612
f 568//424 567//424 569//424
f 569//613 567//613 566//613
f 569//614 566//614 571//614
f 571//614 566//614 687//614
f 571//615 687//615 575//615
f 575//615 687//615 689//615
f 575//616 689//616 577//616
f 577//617 689//617 691//617
f 577//618 691//618 582//618
f 582//619 691//619 693//619
f 582//620 693//620 587//620
f 587//621 693//621 695//621
f 587//622 695//622 591//622
f 591//623 695//623 697//623
f 591//624 697//624 517//624
f 517//624 697//624 598//624
f 517//625 598//625 515//625
f 515//626 598//626 600//626
f 700//627 390//627 701//627
f 701//628 390//628 391//628
f 701//629 391//629 344//629
f 701//630 344//630 702//630
f 530//631 703//631 343//631
f 343//632 703//632 704//632
f 343//633 704//633 344//633
f 344//634 704//634 705//634
f 344//635 705//635 702//635
f 706//636 707//636 708//636
f 709//637 710//637 711//637
f 711//638 710//638 712//638
f 711//639 712//639 713//639
f 713//640 712//640 708//640
f 713//641 708//641 714//641
f 714//642 708//642 715//642
f 708//643 707//643 715//643
f 715//644 707//644 716//644
f 715//645 716//645 717//645
f 706//646 718//646 719//646
f 719//647 718//647 608//647
f 710//648 720//648 712//648
f 712//649 720//649 721//649
f 712//650 721//650 708//650
f 708//651 721//651 722//651
f 708//652 722//652 723//652
f 708//653 723//653 706//653
f 706//654 723//654 724//654
f 706//655 724//655 718//655
f 725//656 726//656 727//656
f 728//657 729//657 730//657
f 731//658 732//658 733//658
f 734//659 735//659 736//659
f 737//660 738//660 739//660
f 740//661 741//661 742//661
f 743//662 744//662 745//662
f 746//663 747//663 748//663
f 749//664 750//664 751//664
f 752//665 753//665 754//665
f 755//666 756//666 757//666
f 626//667 628//667 758//667
f 649//668 650//668 759//668
f 345//669 347//669 760//669
f 232//670 231//670 761//670
f 763//671 249//671 764//671
f 764//672 249//672 251//672
f 248//673 247//673 765//673
f 765//674 247//674 245//674
f 765//675 245//675 244//675
f 242//676 240//676 766//676
f 766//677 240//677 239//677
f 236//678 234//678 767//678
f 767//679 234//679 233//679
f 761//680 231//680 762//680
f 762//681 231//681 229//681
f 762//682 229//682 228//682
f 232//683 761//683 211//683
f 211//684 761//684 768//684
f 211//685 768//685 212//685
f 212//686 768//686 769//686
f 212//687 769//687 225//687
f 221//688 220//688 770//688
f 770//689 220//689 227//689
f 770//690 227//690 769//690
f 769//691 227//691 226//691
f 769//692 226//692 225//692
f 218//693 219//693 771//693
f 771//694 219//694 224//694
f 771//695 224//695 770//695
f 770//696 224//696 223//696
f 770//697 223//697 221//697
f 214//698 216//698 772//698
f 772//699 216//699 773//699
f 216//700 218//700 773//700
f 773//701 218//701 771//701
f 773//702 771//702 774//702
f 774//703 771//703 775//703
f 776//704 777//704 778//704
f 778//705 777//705 779//705
f 780//706 781//706 782//706
f 783//707 784//707 785//707
f 785//708 784//708 786//708
f 787//709 788//709 780//709
f 780//710 788//710 789//710
f 780//711 789//711 781//711
f 790//712 791//712 792//712
f 792//713 791//713 793//713
f 794//714 795//714 796//714
f 796//715 795//715 797//715
f 796//716 797//716 792//716
f 792//717 797//717 798//717
f 792//718 798//718 790//718
f 794//714 796//714 799//714
f 799//719 796//719 800//719
f 799//720 800//720 801//720
f 801//721 800//721 802//721
f 801//722 802//722 803//722
f 804//723 361//723 360//723
f 804//724 360//724 802//724
f 802//725 360//725 359//725
f 802//726 359//726 803//726
f 361//723 804//723 356//723
f 356//727 804//727 733//727
f 356//728 733//728 357//728
f 348//729 353//729 805//729
f 805//730 353//730 352//730
f 805//731 352//731 732//731
f 732//732 352//732 350//732
f 732//733 350//733 733//733
f 733//734 350//734 349//734
f 733//735 349//735 357//735
f 531//736 530//736 343//736
f 345//737 760//737 342//737
f 806//738 665//738 664//738
f 343//739 342//739 531//739
f 531//740 342//740 760//740
f 531//741 760//741 669//741
f 669//742 760//742 806//742
f 669//743 806//743 668//743
f 668//738 806//738 664//738
f 665//744 806//744 666//744
f 666//745 806//745 807//745
f 666//746 807//746 667//746
f 663//747 662//747 808//747
f 808//748 662//748 661//748
f 808//749 661//749 807//749
f 807//750 661//750 660//750
f 807//751 660//751 667//751
f 809//752 654//752 657//752
f 657//753 659//753 809//753
f 809//754 659//754 673//754
f 809//755 673//755 808//755
f 808//756 673//756 672//756
f 808//757 672//757 663//757
f 654//758 809//758 655//758
f 655//759 809//759 810//759
f 655//760 810//760 653//760
f 650//761 646//761 759//761
f 759//762 646//762 645//762
f 759//763 645//763 810//763
f 810//764 645//764 651//764
f 810//765 651//765 653//765
f 642//766 640//766 811//766
f 811//767 640//767 639//767
f 811//768 639//768 759//768
f 759//769 639//769 647//769
f 759//770 647//770 649//770
f 634//771 812//771 629//771
f 629//772 812//772 813//772
f 629//773 813//773 630//773
f 630//774 813//774 632//774
f 634//775 636//775 812//775
f 812//776 636//776 638//776
f 812//777 638//777 811//777
f 811//778 638//778 643//778
f 811//779 643//779 642//779
f 758//780 628//780 813//780
f 813//781 628//781 633//781
f 813//782 633//782 632//782
f 625//783 814//783 620//783
f 620//784 814//784 815//784
f 620//785 815//785 618//785
f 625//786 624//786 814//786
f 814//787 624//787 622//787
f 814//788 622//788 758//788
f 758//789 622//789 621//789
f 758//789 621//789 626//789
f 816//790 612//790 817//790
f 817//791 612//791 617//791
f 617//792 616//792 817//792
f 817//793 616//793 614//793
f 817//794 614//794 815//794
f 815//795 614//795 613//795
f 815//796 613//796 618//796
f 716//797 707//797 612//797
f 818//798 819//798 816//798
f 816//799 819//799 820//799
f 816//800 820//800 612//800
f 612//801 820//801 717//801
f 612//802 717//802 716//802
f 707//803 706//803 612//803
f 612//802 706//802 719//802
f 612//804 719//804 610//804
f 610//805 719//805 608//805
f 755//806 757//806 821//806
f 822//807 823//807 824//807
f 824//808 823//808 825//808
f 824//809 825//809 826//809
f 826//810 825//810 827//810
f 826//811 827//811 828//811
f 828//812 827//812 829//812
f 822//813 824//813 830//813
f 830//814 824//814 831//814
f 830//815 831//815 832//815
f 754//816 753//816 831//816
f 831//817 753//817 833//817
f 831//815 833//815 832//815
f 752//818 754//818 834//818
f 834//819 754//819 835//819
f 834//820 835//820 836//820
f 837//821 838//821 839//821
f 839//822 838//822 840//822
f 839//823 840//823 835//823
f 835//824 840//824 841//824
f 835//825 841//825 836//825
f 842//826 843//826 844//826
f 844//826 843//826 845//826
f 844//827 845//827 839//827
f 839//828 845//828 846//828
f 839//829 846//829 837//829
f 847//830 848//830 849//830
f 847//831 849//831 844//831
f 844//832 849//832 850//832
f 844//833 850//833 842//833
f 851//834 852//834 847//834
f 847//835 852//835 853//835
f 847//830 853//830 848//830
f 854//836 855//836 856//836
f 856//837 855//837 857//837
f 858//838 859//838 851//838
f 851//839 859//839 860//839
f 851//839 860//839 852//839
f 861//840 765//840 763//840
f 763//841 765//841 244//841
f 763//842 244//842 249//842
f 862//843 762//843 863//843
f 863//844 762//844 228//844
f 863//845 228//845 238//845
f 864//846 862//846 865//846
f 865//847 862//847 863//847
f 865//848 863//848 767//848
f 767//849 863//849 238//849
f 767//850 238//850 236//850
f 866//851 864//851 867//851
f 867//852 864//852 865//852
f 867//853 865//853 868//853
f 868//854 865//854 767//854
f 868//855 767//855 869//855
f 869//856 767//856 233//856
f 869//857 233//857 243//857
f 239//676 248//676 766//676
f 766//858 248//858 765//858
f 766//859 765//859 870//859
f 871//860 866//860 872//860
f 872//861 866//861 867//861
f 872//862 867//862 873//862
f 873//863 867//863 868//863
f 873//864 868//864 870//864
f 870//865 868//865 869//865
f 870//866 869//866 766//866
f 766//867 869//867 243//867
f 766//868 243//868 242//868
f 861//869 854//869 765//869
f 765//870 854//870 856//870
f 765//871 856//871 870//871
f 870//872 856//872 874//872
f 870//873 874//873 873//873
f 873//874 874//874 875//874
f 873//875 875//875 872//875
f 872//876 875//876 876//876
f 872//877 876//877 871//877
f 750//878 749//878 877//878
f 877//879 749//879 878//879
f 877//880 878//880 879//880
f 741//881 743//881 742//881
f 742//882 743//882 745//882
f 742//883 745//883 880//883
f 880//884 745//884 881//884
f 880//885 881//885 751//885
f 751//886 881//886 882//886
f 751//887 882//887 749//887
f 749//888 882//888 883//888
f 749//889 883//889 878//889
f 878//890 883//890 884//890
f 878//891 884//891 885//891
f 885//892 884//892 886//892
f 879//893 746//893 877//893
f 877//894 746//894 748//894
f 877//895 748//895 750//895
f 750//896 748//896 887//896
f 750//897 887//897 751//897
f 751//898 887//898 888//898
f 751//899 888//899 880//899
f 880//900 888//900 739//900
f 880//901 739//901 742//901
f 742//902 739//902 738//902
f 742//903 738//903 740//903
f 826//904 737//904 824//904
f 824//905 737//905 739//905
f 824//906 739//906 831//906
f 831//907 739//907 888//907
f 831//908 888//908 754//908
f 754//909 888//909 887//909
f 754//910 887//910 835//910
f 835//911 887//911 748//911
f 835//912 748//912 839//912
f 839//913 748//913 747//913
f 829//914 821//914 828//914
f 828//915 821//915 757//915
f 828//916 757//916 826//916
f 826//917 757//917 889//917
f 826//918 889//918 737//918
f 737//919 889//919 890//919
f 737//920 890//920 738//920
f 738//921 890//921 891//921
f 738//922 891//922 740//922
f 729//923 731//923 730//923
f 730//924 731//924 733//924
f 730//925 733//925 892//925
f 892//926 733//926 804//926
f 892//927 804//927 893//927
f 893//928 804//928 802//928
f 893//929 802//929 894//929
f 894//930 802//930 800//930
f 894//931 800//931 895//931
f 895//932 800//932 796//932
f 895//933 796//933 896//933
f 896//934 796//934 792//934
f 726//935 728//935 727//935
f 727//936 728//936 730//936
f 727//937 730//937 897//937
f 897//938 730//938 892//938
f 897//939 892//939 898//939
f 898//940 892//940 893//940
f 898//941 893//941 899//941
f 899//942 893//942 894//942
f 899//943 894//943 736//943
f 736//944 894//944 895//944
f 736//945 895//945 734//945
f 734//946 895//946 896//946
f 347//947 348//947 760//947
f 760//948 348//948 805//948
f 760//949 805//949 806//949
f 806//950 805//950 732//950
f 806//951 732//951 807//951
f 807//952 732//952 731//952
f 807//953 731//953 808//953
f 808//954 731//954 729//954
f 808//955 729//955 809//955
f 809//956 729//956 728//956
f 809//957 728//957 810//957
f 810//958 728//958 726//958
f 810//959 726//959 759//959
f 759//960 726//960 725//960
f 759//961 725//961 811//961
f 735//962 886//962 736//962
f 736//963 886//963 884//963
f 736//964 884//964 899//964
f 899//965 884//965 883//965
f 899//966 883//966 898//966
f 898//967 883//967 882//967
f 898//968 882//968 897//968
f 897//969 882//969 881//969
f 897//970 881//970 727//970
f 727//971 881//971 745//971
f 727//972 745//972 725//972
f 725//973 745//973 744//973
f 725//974 744//974 811//974
f 811//975 744//975 743//975
f 811//976 743//976 812//976
f 812//977 743//977 741//977
f 812//978 741//978 813//978
f 813//979 741//979 740//979
f 813//980 740//980 758//980
f 758//981 740//981 891//981
f 758//982 891//982 814//982
f 814//983 891//983 890//983
f 814//984 890//984 815//984
f 815//985 890//985 889//985
f 815//986 889//986 817//986
f 817//987 889//987 757//987
f 817//988 757//988 816//988
f 816//989 757//989 756//989
f 816//990 756//990 818//990
f 900//991 901//991 902//991
f 902//992 901//992 903//992
f 902//993 903//993 904//993
f 904//994 903//994 905//994
f 904//995 905//995 906//995
f 906//996 905//996 907//996
f 906//997 907//997 908//997
f 908//998 907//998 909//998
f 908//999 909//999 910//999
f 910//1000 909//1000 911//1000
f 910//1001 911//1001 912//1001
f 912//1002 911//1002 913//1002
f 912//1003 913//1003 914//1003
f 914//1004 913//1004 915//1004
f 914//1005 915//1005 916//1005
f 916//1006 915//1006 778//1006
f 916//1007 778//1007 917//1007
f 917//1008 778//1008 779//1008
f 917//1009 779//1009 918//1009
f 918//1010 775//1010 917//1010
f 917//1011 775//1011 771//1011
f 917//1012 771//1012 916//1012
f 916//1013 771//1013 770//1013
f 916//1014 770//1014 914//1014
f 914//1015 770//1015 769//1015
f 914//1016 769//1016 912//1016
f 912//1017 769//1017 768//1017
f 912//1018 768//1018 910//1018
f 910//1019 768//1019 761//1019
f 910//1020 761//1020 908//1020
f 908//1021 761//1021 762//1021
f 908//1022 762//1022 906//1022
f 906//1023 762//1023 862//1023
f 906//1024 862//1024 904//1024
f 904//1025 862//1025 864//1025
f 904//1026 864//1026 902//1026
f 902//1027 864//1027 866//1027
f 902//1028 866//1028 900//1028
f 900//1029 866//1029 871//1029
f 786//1030 787//1030 785//1030
f 785//1031 787//1031 780//1031
f 785//1032 780//1032 919//1032
f 919//1033 780//1033 920//1033
f 919//1034 920//1034 921//1034
f 921//1035 920//1035 922//1035
f 921//1036 922//1036 923//1036
f 923//1037 922//1037 924//1037
f 923//1038 924//1038 925//1038
f 925//1039 924//1039 926//1039
f 925//1040 926//1040 927//1040
f 927//1041 926//1041 928//1041
f 927//1042 928//1042 929//1042
f 929//1043 928//1043 930//1043
f 929//1044 930//1044 931//1044
f 901//1045 931//1045 903//1045
f 903//1046 931//1046 930//1046
f 903//1047 930//1047 905//1047
f 905//1048 930//1048 928//1048
f 905//1049 928//1049 907//1049
f 907//1050 928//1050 926//1050
f 907//1051 926//1051 909//1051
f 909//1052 926//1052 924//1052
f 909//1053 924//1053 911//1053
f 911//1054 924//1054 922//1054
f 911//1055 922//1055 913//1055
f 913//1056 922//1056 920//1056
f 913//1057 920//1057 915//1057
f 915//1058 920//1058 780//1058
f 915//1059 780//1059 778//1059
f 778//1060 780//1060 782//1060
f 778//1061 782//1061 776//1061
f 857//1062 858//1062 856//1062
f 856//1063 858//1063 851//1063
f 856//1064 851//1064 874//1064
f 874//1065 851//1065 847//1065
f 874//1066 847//1066 875//1066
f 875//1067 847//1067 844//1067
f 875//1068 844//1068 876//1068
f 876//1069 844//1069 839//1069
f 876//1070 839//1070 871//1070
f 871//1071 839//1071 747//1071
f 871//1072 747//1072 900//1072
f 900//1073 747//1073 746//1073
f 900//1074 746//1074 901//1074
f 901//1075 746//1075 879//1075
f 901//1076 879//1076 931//1076
f 931//1077 879//1077 878//1077
f 931//1078 878//1078 929//1078
f 929//1079 878//1079 885//1079
f 929//1080 885//1080 927//1080
f 927//1081 885//1081 886//1081
f 927//1082 886//1082 925//1082
f 925//1083 886//1083 735//1083
f 925//1084 735//1084 923//1084
f 923//1085 735//1085 734//1085
f 923//1086 734//1086 921//1086
f 921//1087 734//1087 896//1087
f 921//1088 896//1088 919//1088
f 919//1089 896//1089 792//1089
f 919//1090 792//1090 785//1090
f 785//1091 792//1091 793//1091
f 785//1092 793//1092 783//1092
f 834//1093 932//1093 752//1093
f 752//1094 932//1094 753//1094
f 933//1095 934//1095 932//1095
f 934//1096 935//1096 932//1096
f 932//1097 935//1097 936//1097
f 932//1098 936//1098 753//1098
f 753//1099 936//1099 937//1099
f 753//1100 937//1100 833//1100
f 938//1101 939//1101 940//1101
f 940//1102 939//1102 941//1102
f 942//1103 943//1103 944//1103
f 944//1104 943//1104 945//1104
f 944//1105 945//1105 946//1105
f 946//1106 945//1106 947//1106
f 946//1107 947//1107 948//1107
f 949//1108 950//1108 951//1108
f 951//1109 952//1109 949//1109
f 949//1110 952//1110 953//1110
f 949//1111 953//1111 944//1111
f 944//1112 953//1112 954//1112
f 944//1113 954//1113 942//1113
f 955//1114 956//1114 957//1114
f 958//1115 959//1115 949//1115
f 949//1116 959//1116 960//1116
f 949//1117 960//1117 950//1117
f 961//1118 962//1118 955//1118
f 955//1119 962//1119 963//1119
f 955//1120 963//1120 956//1120
f 964//1121 965//1121 961//1121
f 961//1122 965//1122 966//1122
f 961//1123 966//1123 962//1123
f 967//1124 968//1124 964//1124
f 969//1125 970//1125 971//1125
f 971//1126 970//1126 972//1126
f 971//1127 972//1127 973//1127
f 974//1128 975//1128 976//1128
f 976//1129 975//1129 977//1129
f 976//1130 977//1130 978//1130
f 978//1131 977//1131 979//1131
f 980//1132 981//1132 979//1132
f 982//1133 983//1133 984//1133
f 984//1134 983//1134 985//1134
f 984//1135 985//1135 980//1135
f 980//1136 985//1136 986//1136
f 980//1132 986//1132 981//1132
f 987//1137 988//1137 989//1137
f 327//1138 990//1138 326//1138
f 326//1139 990//1139 991//1139
f 989//1140 982//1140 987//1140
f 987//1141 982//1141 984//1141
f 987//1142 984//1142 764//1142
f 764//1143 984//1143 763//1143
f 764//1144 251//1144 987//1144
f 987//1145 251//1145 326//1145
f 987//1146 326//1146 988//1146
f 988//1147 326//1147 991//1147
f 857//1148 855//1148 980//1148
f 980//1149 855//1149 854//1149
f 980//1150 854//1150 984//1150
f 984//1151 854//1151 861//1151
f 984//1152 861//1152 763//1152
f 979//1153 977//1153 980//1153
f 980//1154 977//1154 858//1154
f 980//1155 858//1155 857//1155
f 992//1156 848//1156 853//1156
f 992//1157 853//1157 975//1157
f 853//1158 852//1158 975//1158
f 975//1159 852//1159 860//1159
f 975//1160 860//1160 977//1160
f 977//1160 860//1160 859//1160
f 977//1161 859//1161 858//1161
f 993//1162 850//1162 849//1162
f 994//1163 843//1163 993//1163
f 993//1164 843//1164 842//1164
f 993//1165 842//1165 850//1165
f 838//1166 837//1166 995//1166
f 995//1167 837//1167 846//1167
f 995//1168 846//1168 994//1168
f 994//1169 846//1169 845//1169
f 994//1169 845//1169 843//1169
f 834//1170 836//1170 932//1170
f 932//1171 836//1171 841//1171
f 932//1172 841//1172 995//1172
f 995//1173 841//1173 840//1173
f 995//1174 840//1174 838//1174
f 974//1175 996//1175 975//1175
f 975//1176 996//1176 969//1176
f 975//1177 969//1177 992//1177
f 992//1178 969//1178 971//1178
f 992//1179 971//1179 967//1179
f 967//1180 971//1180 973//1180
f 967//1181 973//1181 968//1181
f 964//1182 961//1182 967//1182
f 967//1183 961//1183 955//1183
f 967//1184 955//1184 958//1184
f 958//1185 955//1185 957//1185
f 958//1186 957//1186 959//1186
f 946//1187 938//1187 944//1187
f 944//1188 938//1188 940//1188
f 944//1189 940//1189 949//1189
f 949//1190 940//1190 997//1190
f 949//1191 997//1191 958//1191
f 958//1192 997//1192 998//1192
f 958//1193 998//1193 967//1193
f 967//1194 998//1194 999//1194
f 967//1195 999//1195 992//1195
f 941//1196 933//1196 940//1196
f 940//1197 933//1197 932//1197
f 940//1198 932//1198 997//1198
f 997//1199 932//1199 995//1199
f 997//1200 995//1200 998//1200
f 998//1201 995//1201 994//1201
f 998//1202 994//1202 999//1202
f 999//1203 994//1203 993//1203
f 999//1204 993//1204 992//1204
f 992//1205 993//1205 849//1205
f 992//1156 849//1156 848//1156
f 773//1206 774//1206 1000//1206
f 1001//1207 1002//1207 1003//1207
f 1003//1208 1002//1208 1004//1208
f 1003//1209 1004//1209 1005//1209
f 1005//1210 1004//1210 1006//1210
f 1007//1211 1008//1211 1009//1211
f 1009//1212 1008//1212 1010//1212
f 1009//1213 1010//1213 1011//1213
f 1012//1214 1013//1214 1014//1214
f 801//1215 1013//1215 799//1215
f 799//1216 1013//1216 1012//1216
f 799//1217 1012//1217 794//1217
f 790//1218 798//1218 1015//1218
f 1015//1219 798//1219 797//1219
f 1015//1220 797//1220 1012//1220
f 1012//1221 797//1221 795//1221
f 1012//1222 795//1222 794//1222
f 1016//1223 793//1223 1015//1223
f 1015//1224 793//1224 791//1224
f 1015//1225 791//1225 790//1225
f 1017//1226 789//1226 788//1226
f 787//1227 786//1227 1018//1227
f 1018//1228 786//1228 784//1228
f 1018//1229 784//1229 1016//1229
f 1016//1230 784//1230 783//1230
f 1016//1231 783//1231 793//1231
f 777//1232 776//1232 1019//1232
f 1019//1233 776//1233 782//1233
f 1019//1234 782//1234 1017//1234
f 1017//1235 782//1235 781//1235
f 1017//1236 781//1236 789//1236
f 775//1237 918//1237 1019//1237
f 1019//1238 918//1238 779//1238
f 1019//1239 779//1239 777//1239
f 773//1240 1000//1240 772//1240
f 772//1241 1000//1241 1020//1241
f 772//1242 1020//1242 214//1242
f 1020//1243 1021//1243 1022//1243
f 214//1244 1020//1244 330//1244
f 330//1245 1020//1245 1022//1245
f 330//1246 1022//1246 328//1246
f 1021//1247 1020//1247 1023//1247
f 1023//1248 1020//1248 1000//1248
f 1023//1249 1000//1249 1024//1249
f 774//1250 775//1250 1000//1250
f 1000//1251 775//1251 1019//1251
f 1000//1252 1019//1252 1025//1252
f 1025//1253 1026//1253 1027//1253
f 1025//1254 1027//1254 1000//1254
f 1000//1255 1027//1255 1028//1255
f 1000//1256 1028//1256 1024//1256
f 788//1257 1029//1257 1017//1257
f 1017//1258 1029//1258 1030//1258
f 1017//1259 1030//1259 1031//1259
f 1031//1260 1032//1260 1017//1260
f 1017//1261 1032//1261 1033//1261
f 1017//1262 1033//1262 1019//1262
f 1019//1263 1033//1263 1034//1263
f 1019//1264 1034//1264 1025//1264
f 1035//1265 1036//1265 1037//1265
f 1037//1266 1036//1266 1038//1266
f 1039//1267 1040//1267 1030//1267
f 1030//1268 1040//1268 1041//1268
f 1030//1269 1041//1269 1031//1269
f 1042//1270 1043//1270 1044//1270
f 1044//1271 1043//1271 1045//1271
f 1044//1272 1045//1272 1046//1272
f 1046//1273 1045//1273 1047//1273
f 1047//1274 1048//1274 1049//1274
f 1049//1275 1048//1275 1050//1275
f 1049//1276 1050//1276 1037//1276
f 1037//1277 1050//1277 1051//1277
f 1037//1278 1051//1278 1035//1278
f 1005//1279 1052//1279 1003//1279
f 1003//1280 1052//1280 1053//1280
f 1003//1281 1053//1281 1054//1281
f 1054//1282 1055//1282 1003//1282
f 1003//1283 1055//1283 1056//1283
f 1003//1284 1056//1284 1044//1284
f 1044//1285 1056//1285 1057//1285
f 1044//1286 1057//1286 1042//1286
f 1014//1287 1007//1287 1012//1287
f 1012//1288 1007//1288 1009//1288
f 1012//1289 1009//1289 1015//1289
f 1015//1290 1009//1290 1058//1290
f 1015//1291 1058//1291 1016//1291
f 1016//1292 1058//1292 1059//1292
f 1016//1293 1059//1293 1018//1293
f 1018//1294 1059//1294 1029//1294
f 1018//1295 1029//1295 787//1295
f 787//1296 1029//1296 788//1296
f 1047//1297 1049//1297 1046//1297
f 1046//1298 1049//1298 1037//1298
f 1046//1299 1037//1299 1060//1299
f 1060//1300 1037//1300 1038//1300
f 1060//1301 1038//1301 1061//1301
f 1011//1302 1001//1302 1009//1302
f 1009//1303 1001//1303 1003//1303
f 1009//1304 1003//1304 1058//1304
f 1058//1305 1003//1305 1044//1305
f 1058//1306 1044//1306 1059//1306
f 1059//1307 1044//1307 1046//1307
f 1059//1308 1046//1308 1029//1308
f 1029//1309 1046//1309 1060//1309
f 1029//1310 1060//1310 1030//1310
f 1030//1311 1060//1311 1061//1311
f 1030//1312 1061//1312 1039//1312
f 1062//1313 1063//1313 337//1313
f 329//1314 328//1314 338//1314
f 338//1315 328//1315 1064//1315
f 338//1316 1064//1316 1065//1316
f 1066//1317 1067//1317 281//1317
f 281//1318 1067//1318 283//1318
f 283//1319 1067//1319 1068//1319
f 283//1320 1068//1320 285//1320
f 1068//1321 1069//1321 285//1321
f 285//1322 1069//1322 1070//1322
f 285//1323 1070//1323 287//1323
f 287//1324 1070//1324 1071//1324
f 1071//1325 1072//1325 287//1325
f 287//1326 1072//1326 1073//1326
f 287//1326 1073//1326 289//1326
f 1074//1327 291//1327 1075//1327
f 1075//1327 291//1327 289//1327
f 1075//1328 289//1328 1076//1328
f 1076//1326 289//1326 1073//1326
f 1074//1329 1077//1329 291//1329
f 291//1330 1077//1330 1078//1330
f 291//1331 1078//1331 293//1331
f 1078//1332 1079//1332 293//1332
f 293//1333 1079//1333 1080//1333
f 293//1334 1080//1334 296//1334
f 296//1335 1080//1335 1081//1335
f 296//1336 1081//1336 297//1336
f 1081//1337 1082//1337 297//1337
f 297//1338 1082//1338 1083//1338
f 297//1339 1083//1339 323//1339
f 323//1340 1083//1340 1084//1340
f 323//1341 1084//1341 321//1341
f 1084//1342 1085//1342 321//1342
f 321//1343 1085//1343 1086//1343
f 321//1344 1086//1344 319//1344
f 319//1345 1086//1345 1087//1345
f 319//1346 1087//1346 317//1346
f 317//1347 1087//1347 1088//1347
f 317//1348 1088//1348 315//1348
f 315//1349 1088//1349 1089//1349
f 315//1350 1089//1350 313//1350
f 313//1351 1089//1351 1090//1351
f 313//1352 1090//1352 311//1352
f 311//1353 1090//1353 1091//1353
f 311//1354 1091//1354 310//1354
f 310//1355 1091//1355 327//1355
f 281//1356 279//1356 1066//1356
f 1066//1357 279//1357 263//1357
f 1066//1358 263//1358 1092//1358
f 1092//111 263//111 331//111
f 1092//1359 331//1359 1093//1359
f 1093//1360 331//1360 332//1360
f 1093//1360 332//1360 1094//1360
f 339//1361 1095//1361 1096//1361
f 339//1362 1096//1362 333//1362
f 1096//1363 1097//1363 333//1363
f 333//1362 1097//1362 1098//1362
f 333//1364 1098//1364 332//1364
f 332//1364 1098//1364 1099//1364
f 332//1365 1099//1365 1094//1365
f 341//1366 1100//1366 1101//1366
f 341//1367 1101//1367 340//1367
f 1101//1368 1102//1368 340//1368
f 340//1369 1102//1369 1103//1369
f 340//1370 1103//1370 339//1370
f 339//1371 1103//1371 1104//1371
f 339//1372 1104//1372 1095//1372
f 334//1373 335//1373 1105//1373
f 1105//1374 1106//1374 334//1374
f 334//1375 1106//1375 1107//1375
f 334//1376 1107//1376 341//1376
f 341//1377 1107//1377 1108//1377
f 341//1377 1108//1377 1100//1377
f 1109//1378 1110//1378 335//1378
f 335//1379 1110//1379 1111//1379
f 335//1380 1111//1380 1105//1380
f 1112//1381 1113//1381 336//1381
f 336//1382 1113//1382 1114//1382
f 336//1383 1114//1383 335//1383
f 335//1384 1114//1384 1115//1384
f 335//1385 1115//1385 1109//1385
f 1063//1313 1116//1313 337//1313
f 337//1386 1116//1386 1117//1386
f 337//1387 1117//1387 336//1387
f 336//1388 1117//1388 1118//1388
f 336//1389 1118//1389 1112//1389
f 1065//1316 1119//1316 338//1316
f 338//1390 1119//1390 1120//1390
f 338//1391 1120//1391 337//1391
f 337//1392 1120//1392 1121//1392
f 337//1393 1121//1393 1062//1393
f 386//1394 384//1394 1122//1394
f 1123//1395 1124//1395 1125//1395
f 1126//1396 1127//1396 1128//1396
f 1128//1397 1127//1397 1129//1397
f 1128//1398 1129//1398 1130//1398
f 1131//1399 1126//1399 1132//1399
f 1132//1400 1126//1400 1128//1400
f 1132//1401 1128//1401 1133//1401
f 390//1402 1123//1402 388//1402
f 388//1403 1123//1403 1125//1403
f 388//1404 1125//1404 389//1404
f 389//1405 1125//1405 1134//1405
f 389//1406 1134//1406 383//1406
f 1135//1407 379//1407 387//1407
f 379//1408 1135//1408 380//1408
f 380//1409 1135//1409 1136//1409
f 380//1410 1136//1410 382//1410
f 382//1411 1136//1411 392//1411
f 392//1412 1136//1412 1137//1412
f 392//1413 1137//1413 374//1413
f 374//1414 1137//1414 375//1414
f 375//1415 1137//1415 1138//1415
f 375//1416 1138//1416 376//1416
f 1138//1417 1139//1417 376//1417
f 376//1418 1139//1418 1140//1418
f 376//1419 1140//1419 377//1419
f 377//1420 1140//1420 1141//1420
f 377//1421 1141//1421 378//1421
f 1142//1422 1143//1422 1144//1422
f 1145//1423 1146//1423 1138//1423
f 1138//1424 1146//1424 1147//1424
f 1138//1425 1147//1425 1139//1425
f 1148//1426 1149//1426 1150//1426
f 1150//1427 1149//1427 1151//1427
f 1150//1428 1151//1428 1152//1428
f 1153//1429 1154//1429 1150//1429
f 1150//1430 1154//1430 1155//1430
f 1150//1431 1155//1431 1148//1431
f 1156//1432 1157//1432 1158//1432
f 1158//1433 1157//1433 1159//1433
f 1159//1434 1160//1434 1158//1434
f 1158//1435 1160//1435 1161//1435
f 1158//1436 1161//1436 1162//1436
f 1162//1437 1161//1437 1163//1437
f 1164//1438 1165//1438 1166//1438
f 1166//1439 1165//1439 1128//1439
f 1166//1440 1128//1440 1167//1440
f 1167//1441 1128//1441 1130//1441
f 384//1442 383//1442 1122//1442
f 1122//1443 383//1443 1134//1443
f 1122//1444 1134//1444 1168//1444
f 1168//1445 1134//1445 1169//1445
f 1168//1446 1169//1446 1170//1446
f 1170//1447 1169//1447 1171//1447
f 1170//1448 1171//1448 1172//1448
f 1163//1449 1153//1449 1162//1449
f 1162//1450 1153//1450 1150//1450
f 1162//1451 1150//1451 1158//1451
f 1158//1452 1150//1452 1152//1452
f 1158//1453 1152//1453 1173//1453
f 1134//1454 1173//1454 1169//1454
f 1169//1455 1173//1455 1152//1455
f 1169//1456 1152//1456 1171//1456
f 1171//1457 1152//1457 1151//1457
f 1171//1458 1151//1458 1172//1458
f 1172//1459 1151//1459 1174//1459
f 1172//1460 1174//1460 1142//1460
f 1142//1461 1174//1461 1175//1461
f 1142//1462 1175//1462 1143//1462
f 1176//1463 1177//1463 1158//1463
f 1158//1464 1177//1464 1178//1464
f 1158//1465 1178//1465 1156//1465
f 1164//1466 1179//1466 1165//1466
f 1165//1467 1179//1467 1180//1467
f 1165//1468 1180//1468 1181//1468
f 1124//1469 1182//1469 1125//1469
f 1125//1470 1182//1470 1133//1470
f 1125//1471 1133//1471 1134//1471
f 1134//1472 1133//1472 1128//1472
f 1134//1473 1128//1473 1173//1473
f 1173//1474 1128//1474 1165//1474
f 1173//1475 1165//1475 1158//1475
f 1158//1476 1165//1476 1181//1476
f 1158//1477 1181//1477 1176//1477
f 1144//1478 1145//1478 1142//1478
f 1142//1479 1145//1479 1138//1479
f 1142//1480 1138//1480 1172//1480
f 1172//1481 1138//1481 1137//1481
f 1172//1482 1137//1482 1170//1482
f 1170//1483 1137//1483 1136//1483
f 1170//1484 1136//1484 1168//1484
f 1168//1485 1136//1485 1135//1485
f 1168//1486 1135//1486 1122//1486
f 1122//1487 1135//1487 387//1487
f 1122//1488 387//1488 386//1488
f 362//1489 1014//1489 1013//1489
f 1013//1490 801//1490 362//1490
f 362//1491 801//1491 803//1491
f 362//1492 803//1492 358//1492
f 358//1493 803//1493 359//1493
f 1008//1494 1007//1494 364//1494
f 1014//1495 362//1495 1007//1495
f 1007//1496 362//1496 365//1496
f 1007//1497 365//1497 364//1497
f 1008//1498 364//1498 1010//1498
f 1010//1499 364//1499 363//1499
f 1010//1500 363//1500 1011//1500
f 1002//1501 373//1501 1004//1501
f 1004//1502 373//1502 378//1502
f 1004//1503 378//1503 1006//1503
f 363//1504 366//1504 1011//1504
f 1011//1505 366//1505 368//1505
f 1011//1506 368//1506 1001//1506
f 1001//1507 368//1507 370//1507
f 1001//1508 370//1508 1002//1508
f 1002//1509 370//1509 371//1509
f 1002//1510 371//1510 373//1510
f 461//1511 459//1511 406//1511
f 415//113 421//113 402//113
f 488//111 487//111 404//111
f 1183//111 1184//111 408//111
f 463//1511 465//1511 405//1511
f 1185//111 1186//111 407//111
f 1187//1512 1188//1512 393//1512
f 410//111 431//111 401//111
f 401//111 431//111 430//111
f 401//111 430//111 429//111
f 415//113 402//113 504//113
f 492//1513 490//1513 405//1513
f 405//1511 490//1511 489//1511
f 405//111 489//111 463//111
f 1186//111 451//111 407//111
f 407//111 451//111 450//111
f 407//111 450//111 406//111
f 406//111 450//111 462//111
f 406//1514 462//1514 461//1514
f 1189//111 1190//111 409//111
f 399//111 442//111 499//111
f 421//113 420//113 402//113
f 402//113 420//113 418//113
f 402//113 418//113 401//113
f 401//1512 418//1512 411//1512
f 401//1512 411//1512 410//1512
f 492//111 405//111 494//111
f 494//113 405//113 406//113
f 494//1511 406//1511 495//1511
f 1183//111 408//111 1191//111
f 393//111 1192//111 1193//111
f 393//111 1193//111 409//111
f 409//111 1193//111 1194//111
f 409//1515 1194//1515 1189//1515
f 499//1514 501//1514 399//1514
f 399//111 501//111 502//111
f 399//111 502//111 398//111
f 398//111 502//111 503//111
f 398//111 503//111 1195//111
f 449//111 448//111 400//111
f 400//111 448//111 446//111
f 400//111 446//111 444//111
f 476//113 508//113 403//113
f 403//113 508//113 507//113
f 403//113 507//113 402//113
f 402//113 507//113 505//113
f 402//113 505//113 504//113
f 487//111 485//111 404//111
f 404//111 485//111 484//111
f 404//111 484//111 403//111
f 403//111 484//111 482//111
f 403//111 482//111 480//111
f 488//111 404//111 470//111
f 470//111 404//111 405//111
f 470//111 405//111 471//111
f 459//1511 458//1511 406//1511
f 406//1511 458//1511 457//1511
f 406//1511 457//1511 495//1511
f 1185//1516 407//1516 1196//1516
f 1196//113 407//113 408//113
f 1196//111 408//111 1197//111
f 1188//111 1198//111 393//111
f 393//111 1198//111 1199//111
f 393//111 1199//111 1192//111
f 1200//113 1201//113 394//113
f 394//113 1201//113 1202//113
f 394//113 1202//113 1203//113
f 1204//111 1205//111 395//111
f 395//111 1205//111 1206//111
f 444//111 443//111 400//111
f 400//1517 443//1517 434//1517
f 400//111 434//111 435//111
f 480//1518 478//1518 403//1518
f 403//1519 478//1519 477//1519
f 403//113 477//113 476//113
f 465//111 473//111 405//111
f 405//111 473//111 472//111
f 405//111 472//111 471//111
f 1184//111 1207//111 408//111
f 408//111 1207//111 1208//111
f 408//111 1208//111 1197//111
f 1190//111 1209//111 409//111
f 409//111 1209//111 1210//111
f 409//111 1210//111 1211//111
f 1211//111 1212//111 409//111
f 409//111 1212//111 1213//111
f 409//111 1213//111 408//111
f 408//1520 1213//1520 1214//1520
f 408//111 1214//111 1191//111
f 1203//113 1215//113 394//113
f 394//113 1215//113 1216//113
f 394//113 1216//113 393//113
f 393//113 1216//113 1217//113
f 393//113 1217//113 1187//113
f 1206//1518 1218//1518 395//1518
f 395//113 1218//113 1219//113
f 395//113 1219//113 394//113
f 394//113 1219//113 1220//113
f 394//113 1220//113 1200//113
f 1221//1511 1222//1511 396//1511
f 396//111 1222//111 1223//111
f 396//111 1223//111 1224//111
f 1225//111 1226//111 397//111
f 397//1521 1226//1521 1227//1521
f 1227//1511 1228//1511 397//1511
f 397//111 1228//111 1229//111
f 397//1511 1229//1511 396//1511
f 396//1511 1229//1511 1230//1511
f 396//111 1230//111 1221//111
f 1231//111 1232//111 397//111
f 397//111 1232//111 1233//111
f 397//111 1233//111 1225//111
f 435//111 437//111 400//111
f 400//111 437//111 439//111
f 400//113 439//113 399//113
f 399//111 439//111 440//111
f 399//111 440//111 442//111
f 1224//1511 1234//1511 396//1511
f 396//111 1234//111 1235//111
f 396//111 1235//111 395//111
f 395//111 1235//111 1236//111
f 395//111 1236//111 1204//111
f 1195//111 1237//111 398//111
f 398//111 1237//111 1238//111
f 398//113 1238//113 397//113
f 397//1522 1238//1522 1239//1522
f 397//1523 1239//1523 1231//1523
f 429//111 427//111 401//111
f 401//111 427//111 428//111
f 401//111 428//111 400//111
f 400//111 428//111 424//111
f 400//111 424//111 449//111
f 475//1524 474//1524 1126//1524
f 1126//1525 474//1525 1127//1525
f 1179//1526 1164//1526 483//1526
f 483//1526 1164//1526 1166//1526
f 483//1527 1166//1527 481//1527
f 481//1528 1166//1528 1167//1528
f 481//1529 1167//1529 479//1529
f 479//1530 1167//1530 1130//1530
f 479//1531 1130//1531 474//1531
f 474//1532 1130//1532 1129//1532
f 474//1525 1129//1525 1127//1525
f 1179//1533 483//1533 1180//1533
f 1180//1534 483//1534 486//1534
f 1180//1535 486//1535 1181//1535
f 1181//1536 486//1536 469//1536
f 1181//1537 469//1537 1176//1537
f 1176//1538 469//1538 468//1538
f 1176//1539 468//1539 1177//1539
f 464//1540 1240//1540 1159//1540
f 464//1541 1159//1541 466//1541
f 466//1542 1159//1542 1157//1542
f 466//1543 1157//1543 467//1543
f 467//1544 1157//1544 1156//1544
f 467//1545 1156//1545 468//1545
f 468//1546 1156//1546 1178//1546
f 468//1547 1178//1547 1177//1547
f 491//1548 1241//1548 464//1548
f 464//1549 1241//1549 1242//1549
f 464//1550 1242//1550 1240//1550
f 493//1551 1243//1551 491//1551
f 491//1552 1243//1552 1244//1552
f 491//1553 1244//1553 1241//1553
f 455//1554 1245//1554 456//1554
f 456//1555 1245//1555 1246//1555
f 456//1556 1246//1556 493//1556
f 493//1557 1246//1557 1247//1557
f 493//1558 1247//1558 1243//1558
f 1248//1559 1249//1559 452//1559
f 452//1560 1249//1560 1250//1560
f 452//1561 1250//1561 460//1561
f 460//1562 1250//1562 1251//1562
f 460//1563 1251//1563 455//1563
f 455//1564 1251//1564 1252//1564
f 455//1564 1252//1564 1245//1564
f 454//1565 1253//1565 452//1565
f 452//1566 1253//1566 1254//1566
f 452//1567 1254//1567 1248//1567
f 1255//1568 497//1568 1256//1568
f 1256//1569 497//1569 496//1569
f 500//1570 441//1570 1257//1570
f 1257//1571 1258//1571 500//1571
f 500//1572 1258//1572 1259//1572
f 500//1573 1259//1573 496//1573
f 496//1574 1259//1574 1260//1574
f 496//1575 1260//1575 1256//1575
f 1261//1576 1262//1576 438//1576
f 438//1577 1262//1577 1263//1577
f 438//1578 1263//1578 441//1578
f 441//1579 1263//1579 1264//1579
f 441//1580 1264//1580 1257//1580
f 1261//1581 438//1581 1265//1581
f 1265//1582 438//1582 436//1582
f 1265//1583 436//1583 1266//1583
f 1266//1584 436//1584 433//1584
f 1266//1585 433//1585 1267//1585
f 1267//1586 433//1586 432//1586
f 1267//1587 432//1587 1268//1587
f 447//1588 1269//1588 1270//1588
f 1268//1589 432//1589 1270//1589
f 1270//1590 432//1590 445//1590
f 1270//1591 445//1591 447//1591
f 1271//1592 1272//1592 423//1592
f 423//1593 1272//1593 1273//1593
f 423//1594 1273//1594 447//1594
f 447//1595 1273//1595 1274//1595
f 447//1596 1274//1596 1269//1596
f 1271//1597 423//1597 1275//1597
f 1275//1598 423//1598 422//1598
f 1275//1599 422//1599 1276//1599
f 1276//1600 422//1600 426//1600
f 1276//1601 426//1601 1277//1601
f 1277//1602 426//1602 425//1602
f 1277//1603 425//1603 1278//1603
f 1279//1604 1280//1604 1281//1604
f 419//1605 1282//1605 417//1605
f 417//1606 1282//1606 1279//1606
f 417//1607 1279//1607 412//1607
f 412//1608 1279//1608 1281//1608
f 412//1609 1281//1609 425//1609
f 425//1610 1281//1610 1283//1610
f 425//1611 1283//1611 1278//1611
f 1284//1612 1285//1612 1286//1612
f 1287//1613 1284//1613 414//1613
f 414//1614 1284//1614 1286//1614
f 414//1615 1286//1615 419//1615
f 419//1616 1286//1616 1288//1616
f 419//1617 1288//1617 1282//1617
f 414//1618 413//1618 1287//1618
f 1287//1619 413//1619 416//1619
f 1287//1620 416//1620 1289//1620
f 1126//1621 1131//1621 475//1621
f 475//1622 1131//1622 1290//1622
f 475//1623 1290//1623 506//1623
f 506//1624 1290//1624 1291//1624
f 506//1625 1291//1625 416//1625
f 416//1626 1291//1626 1292//1626
f 416//1620 1292//1620 1289//1620
f 1292//1627 1291//1627 1293//1627
f 1290//1628 1131//1628 1132//1628
f 1123//1629 390//1629 700//1629
f 1182//1630 1124//1630 1294//1630
f 1294//1631 1124//1631 1123//1631
f 1291//1632 1290//1632 1293//1632
f 1293//1633 1290//1633 1132//1633
f 1293//1634 1132//1634 1294//1634
f 1294//1635 1132//1635 1133//1635
f 1294//1636 1133//1636 1182//1636
f 1123//1637 700//1637 1294//1637
f 1294//1638 700//1638 1295//1638
f 1294//1639 1295//1639 1296//1639
f 1296//1640 1297//1640 1294//1640
f 1294//1641 1297//1641 1298//1641
f 1294//1642 1298//1642 1293//1642
f 1293//1643 1298//1643 1299//1643
f 1293//1643 1299//1643 1292//1643
f 557//1644 555//1644 1300//1644
f 588//1645 586//1645 1301//1645
f 1302//1646 1303//1646 1304//1646
f 1305//1647 1306//1647 1307//1647
f 1308//1648 1309//1648 1310//1648
f 1311//1649 1312//1649 1313//1649
f 1295//1650 700//1650 701//1650
f 1314//1651 1315//1651 701//1651
f 701//1652 1315//1652 1296//1652
f 701//1653 1296//1653 1295//1653
f 1316//1654 1317//1654 1318//1654
f 1318//1655 1317//1655 1319//1655
f 1318//1656 1319//1656 1314//1656
f 1314//1657 1319//1657 1320//1657
f 1314//1658 1320//1658 1315//1658
f 1321//1659 1322//1659 1323//1659
f 1323//1660 1322//1660 1324//1660
f 1323//1661 1324//1661 1318//1661
f 1318//1662 1324//1662 1325//1662
f 1318//1663 1325//1663 1316//1663
f 1312//1664 1326//1664 1313//1664
f 1313//1665 1326//1665 1327//1665
f 1313//1666 1327//1666 1323//1666
f 1323//1667 1327//1667 1328//1667
f 1323//1668 1328//1668 1321//1668
f 1329//1669 1330//1669 1331//1669
f 1329//1670 1331//1670 1313//1670
f 1313//1671 1331//1671 1332//1671
f 1313//1672 1332//1672 1311//1672
f 1309//1673 1333//1673 1310//1673
f 1310//1674 1333//1674 1334//1674
f 1310//1675 1334//1675 1329//1675
f 1329//1676 1334//1676 1335//1676
f 1329//1677 1335//1677 1330//1677
f 1336//1678 1337//1678 1310//1678
f 1310//1679 1337//1679 1338//1679
f 1310//1680 1338//1680 1308//1680
f 1339//1681 1336//1681 1340//1681
f 1340//1682 1336//1682 1341//1682
f 1339//1683 1342//1683 1336//1683
f 1336//1684 1342//1684 1343//1684
f 1336//1685 1343//1685 1337//1685
f 1344//1686 1345//1686 1341//1686
f 1341//1687 1345//1687 1346//1687
f 1341//1688 1346//1688 1340//1688
f 1344//1689 1341//1689 1347//1689
f 1347//1690 1341//1690 1348//1690
f 1347//1691 1348//1691 1349//1691
f 1350//1692 1351//1692 1352//1692
f 1352//1693 1351//1693 1353//1693
f 1352//1694 1353//1694 1348//1694
f 1348//1695 1353//1695 1354//1695
f 1348//1696 1354//1696 1349//1696
f 1355//1697 1356//1697 1357//1697
f 1357//1698 1356//1698 1358//1698
f 1357//1699 1358//1699 1352//1699
f 1352//1700 1358//1700 1359//1700
f 1352//1701 1359//1701 1350//1701
f 1306//1702 1360//1702 1307//1702
f 1307//1703 1360//1703 1361//1703
f 1307//1704 1361//1704 1357//1704
f 1357//1705 1361//1705 1362//1705
f 1357//1706 1362//1706 1355//1706
f 1363//1707 1364//1707 1365//1707
f 1363//1708 1365//1708 1307//1708
f 1307//1709 1365//1709 1366//1709
f 1307//1710 1366//1710 1305//1710
f 1367//1711 1368//1711 1369//1711
f 1369//1712 1368//1712 1370//1712
f 1369//1713 1370//1713 1363//1713
f 1363//1714 1370//1714 1371//1714
f 1363//1707 1371//1707 1364//1707
f 1303//1715 1372//1715 1304//1715
f 1304//1716 1372//1716 1373//1716
f 1304//1717 1373//1717 1369//1717
f 1369//1718 1373//1718 1374//1718
f 1369//1712 1374//1712 1367//1712
f 1375//1719 1376//1719 1377//1719
f 1375//1720 1377//1720 1304//1720
f 1304//1721 1377//1721 1378//1721
f 1304//1722 1378//1722 1302//1722
f 1379//1723 1380//1723 1381//1723
f 1381//1724 1380//1724 1382//1724
f 1381//1725 1382//1725 1375//1725
f 1375//1726 1382//1726 1383//1726
f 1375//1727 1383//1727 1376//1727
f 721//1728 720//1728 1384//1728
f 724//1729 723//1729 1381//1729
f 1384//1730 1385//1730 721//1730
f 721//1731 1385//1731 1379//1731
f 721//1732 1379//1732 722//1732
f 722//1733 1379//1733 1381//1733
f 722//1734 1381//1734 723//1734
f 1386//1735 718//1735 724//1735
f 604//1736 602//1736 1386//1736
f 1386//1737 602//1737 601//1737
f 1386//1738 601//1738 718//1738
f 718//1739 601//1739 609//1739
f 718//1740 609//1740 608//1740
f 1387//1741 596//1741 513//1741
f 513//1742 512//1742 1387//1742
f 1387//1743 512//1743 606//1743
f 1387//1744 606//1744 1386//1744
f 1386//1745 606//1745 605//1745
f 1386//1746 605//1746 604//1746
f 1388//1747 600//1747 599//1747
f 1388//1748 599//1748 1387//1748
f 1387//1749 599//1749 597//1749
f 1387//1750 597//1750 596//1750
f 593//1751 516//1751 1388//1751
f 1388//1752 516//1752 515//1752
f 1388//1753 515//1753 600//1753
f 593//1754 1388//1754 594//1754
f 594//1755 1388//1755 1389//1755
f 594//1756 1389//1756 595//1756
f 586//1757 585//1757 1301//1757
f 1301//1758 585//1758 590//1758
f 1301//1759 590//1759 1389//1759
f 1389//1760 590//1760 592//1760
f 1389//1761 592//1761 595//1761
f 1390//1762 583//1762 1301//1762
f 1301//1763 583//1763 589//1763
f 1301//1764 589//1764 588//1764
f 576//1765 1390//1765 1391//1765
f 576//1766 578//1766 1390//1766
f 1390//1767 578//1767 584//1767
f 1390//1768 584//1768 583//1768
f 580//1769 579//1769 1391//1769
f 1391//1770 579//1770 574//1770
f 1391//1771 574//1771 576//1771
f 580//1772 1391//1772 581//1772
f 581//1773 1391//1773 1392//1773
f 581//1774 1392//1774 573//1774
f 564//1775 565//1775 1393//1775
f 1393//1776 565//1776 567//1776
f 567//1777 568//1777 1393//1777
f 1393//1778 568//1778 570//1778
f 1393//1779 570//1779 1392//1779
f 1392//1780 570//1780 572//1780
f 1392//1781 572//1781 573//1781
f 564//1782 1393//1782 563//1782
f 563//1783 1393//1783 1394//1783
f 563//1784 1394//1784 561//1784
f 555//1785 554//1785 1300//1785
f 1300//1786 554//1786 558//1786
f 1300//1787 558//1787 1394//1787
f 1394//1788 558//1788 560//1788
f 1394//1789 560//1789 561//1789
f 550//1790 549//1790 1395//1790
f 1395//1791 549//1791 551//1791
f 1395//1792 551//1792 1300//1792
f 1300//1793 551//1793 553//1793
f 1300//1794 553//1794 557//1794
f 546//1795 519//1795 1396//1795
f 1396//1796 519//1796 518//1796
f 1396//1797 518//1797 1395//1797
f 1395//1798 518//1798 547//1798
f 1395//1799 547//1799 550//1799
f 524//1800 545//1800 1397//1800
f 1397//1801 545//1801 522//1801
f 1397//1802 522//1802 1396//1802
f 1396//1803 522//1803 521//1803
f 1396//1804 521//1804 546//1804
f 544//1805 542//1805 1398//1805
f 1398//1806 542//1806 541//1806
f 1398//1807 541//1807 1397//1807
f 1397//1808 541//1808 525//1808
f 1397//1809 525//1809 524//1809
f 527//1810 540//1810 1399//1810
f 1399//1811 540//1811 538//1811
f 1399//1812 538//1812 1398//1812
f 1398//1813 538//1813 537//1813
f 1398//1814 537//1814 544//1814
f 535//1815 533//1815 1400//1815
f 1400//1816 533//1816 532//1816
f 1400//1817 532//1817 1399//1817
f 1399//1818 532//1818 528//1818
f 1399//1819 528//1819 527//1819
f 703//1820 530//1820 529//1820
f 703//1821 529//1821 1400//1821
f 1400//1822 529//1822 536//1822
f 1400//1823 536//1823 535//1823
f 1401//1824 705//1824 704//1824
f 724//1825 1402//1825 1386//1825
f 1386//1826 1402//1826 1403//1826
f 1386//1827 1403//1827 1387//1827
f 1387//1828 1403//1828 1404//1828
f 1387//1829 1404//1829 1388//1829
f 1388//1830 1404//1830 1405//1830
f 1388//1831 1405//1831 1389//1831
f 1389//1832 1405//1832 1406//1832
f 1389//1833 1406//1833 1301//1833
f 1301//1834 1406//1834 1407//1834
f 1301//1835 1407//1835 1390//1835
f 1390//1836 1407//1836 1408//1836
f 1390//1837 1408//1837 1391//1837
f 1391//1838 1408//1838 1409//1838
f 1391//1839 1409//1839 1392//1839
f 1392//1840 1409//1840 1410//1840
f 1392//1841 1410//1841 1393//1841
f 1393//1842 1410//1842 1411//1842
f 1393//1843 1411//1843 1394//1843
f 1394//1844 1411//1844 1412//1844
f 1394//1845 1412//1845 1300//1845
f 1300//1846 1412//1846 1413//1846
f 1300//1847 1413//1847 1395//1847
f 1395//1848 1413//1848 1414//1848
f 1395//1849 1414//1849 1396//1849
f 1396//1850 1414//1850 1415//1850
f 1396//1851 1415//1851 1397//1851
f 1397//1852 1415//1852 1416//1852
f 1397//1853 1416//1853 1398//1853
f 1398//1854 1416//1854 1417//1854
f 1398//1855 1417//1855 1399//1855
f 1399//1856 1417//1856 1401//1856
f 1399//1857 1401//1857 1400//1857
f 1400//1858 1401//1858 704//1858
f 1400//1859 704//1859 703//1859
f 1314//1860 701//1860 702//1860
f 724//1861 1381//1861 1402//1861
f 1402//1862 1381//1862 1375//1862
f 1402//1863 1375//1863 1403//1863
f 1403//1864 1375//1864 1304//1864
f 1403//1865 1304//1865 1404//1865
f 1404//1866 1304//1866 1369//1866
f 1404//1867 1369//1867 1405//1867
f 1405//1868 1369//1868 1363//1868
f 1405//1869 1363//1869 1406//1869
f 1406//1870 1363//1870 1307//1870
f 1406//1871 1307//1871 1407//1871
f 1407//1872 1307//1872 1357//1872
f 1407//1873 1357//1873 1408//1873
f 1408//1874 1357//1874 1352//1874
f 1408//1875 1352//1875 1409//1875
f 1409//1876 1352//1876 1348//1876
f 1409//1877 1348//1877 1410//1877
f 1410//1878 1348//1878 1341//1878
f 1410//1879 1341//1879 1411//1879
f 1411//1880 1341//1880 1336//1880
f 1411//1881 1336//1881 1412//1881
f 1412//1882 1336//1882 1310//1882
f 1412//1883 1310//1883 1413//1883
f 1413//1884 1310//1884 1329//1884
f 1413//1885 1329//1885 1414//1885
f 1414//1886 1329//1886 1313//1886
f 1414//1887 1313//1887 1415//1887
f 1415//1888 1313//1888 1323//1888
f 1415//1889 1323//1889 1416//1889
f 1416//1890 1323//1890 1318//1890
f 1416//1891 1318//1891 1417//1891
f 1417//1892 1318//1892 1314//1892
f 1417//1893 1314//1893 1401//1893
f 1401//1894 1314//1894 702//1894
f 1401//1895 702//1895 705//1895
f 1418//1896 1419//1896 1420//1896
f 823//1897 822//1897 1421//1897
f 822//1898 830//1898 1421//1898
f 1421//1899 830//1899 1422//1899
f 1421//1900 1422//1900 1423//1900
f 829//1901 1421//1901 1424//1901
f 829//1902 827//1902 1421//1902
f 1421//1903 827//1903 825//1903
f 1421//1904 825//1904 823//1904
f 1425//1905 1426//1905 818//1905
f 756//1906 755//1906 1424//1906
f 1424//1907 755//1907 821//1907
f 1424//1908 821//1908 829//1908
f 715//1909 717//1909 820//1909
f 715//1910 1426//1910 714//1910
f 714//1911 1426//1911 713//1911
f 715//1912 820//1912 1426//1912
f 1426//1913 820//1913 819//1913
f 1426//1914 819//1914 818//1914
f 1427//1915 1428//1915 1429//1915
f 713//1916 1426//1916 711//1916
f 711//1917 1426//1917 1430//1917
f 711//1918 1430//1918 709//1918
f 1431//1919 1432//1919 1433//1919
f 1433//1920 1432//1920 1434//1920
f 1433//1921 1434//1921 1427//1921
f 1427//1922 1434//1922 1435//1922
f 1427//1923 1435//1923 1428//1923
f 1431//1924 1433//1924 1436//1924
f 1436//1925 1433//1925 1437//1925
f 1436//1926 1437//1926 1438//1926
f 1439//1927 1440//1927 1437//1927
f 1437//1928 1440//1928 1441//1928
f 1437//1929 1441//1929 1438//1929
f 1420//1930 1442//1930 1443//1930
f 1444//1931 1445//1931 1443//1931
f 1443//1932 1445//1932 1446//1932
f 1443//1933 1446//1933 1420//1933
f 1420//1934 1446//1934 1447//1934
f 1420//1935 1447//1935 1418//1935
f 1444//1936 1443//1936 1448//1936
f 1448//1937 1443//1937 1449//1937
f 1448//1938 1449//1938 1450//1938
f 818//1939 756//1939 1425//1939
f 1425//1940 756//1940 1424//1940
f 1425//1941 1424//1941 1449//1941
f 1449//1942 1424//1942 1421//1942
f 1449//1943 1421//1943 1450//1943
f 1450//1944 1421//1944 1423//1944
f 1442//1945 1439//1945 1443//1945
f 1443//1946 1439//1946 1437//1946
f 1443//1947 1437//1947 1449//1947
f 1449//1948 1437//1948 1433//1948
f 1449//1949 1433//1949 1425//1949
f 1425//1950 1433//1950 1427//1950
f 1425//1951 1427//1951 1426//1951
f 1426//1952 1427//1952 1429//1952
f 1426//1953 1429//1953 1430//1953
f 1422//1954 830//1954 832//1954
f 832//1955 833//1955 937//1955
f 832//1956 937//1956 1422//1956
f 1422//1957 937//1957 936//1957
f 1422//1958 936//1958 935//1958
f 1444//1959 1448//1959 934//1959
f 934//1960 1448//1960 1450//1960
f 934//1961 1450//1961 935//1961
f 935//1962 1450//1962 1423//1962
f 935//1963 1423//1963 1422//1963
f 934//1964 933//1964 1444//1964
f 1444//1965 933//1965 941//1965
f 1444//1966 941//1966 1445//1966
f 1445//1967 941//1967 939//1967
f 1445//1968 939//1968 1446//1968
f 1446//1969 939//1969 938//1969
f 1446//1970 938//1970 1447//1970
f 1447//1971 938//1971 946//1971
f 1447//1972 946//1972 1418//1972
f 1418//1973 946//1973 948//1973
f 1418//1974 948//1974 1419//1974
f 1451//1975 1452//1975 1453//1975
f 1454//1976 1455//1976 1456//1976
f 1457//1977 1458//1977 1455//1977
f 1459//1978 1460//1978 1461//1978
f 1462//1979 1463//1979 1464//1979
f 1465//1980 1466//1980 1467//1980
f 1468//1981 1469//1981 1470//1981
f 1471//1982 1472//1982 1473//1982
f 1035//1983 1051//1983 1468//1983
f 1474//1984 1475//1984 1476//1984
f 950//1985 960//1985 1477//1985
f 959//1986 957//1986 1478//1986
f 989//1987 988//1987 1479//1987
f 1079//1988 1078//1988 1480//1988
f 1077//1989 1074//1989 1481//1989
f 1076//1990 1073//1990 1482//1990
f 1072//1991 1071//1991 1483//1991
f 1069//1992 1068//1992 1484//1992
f 1067//1993 1066//1993 1485//1993
f 1098//1994 1097//1994 1486//1994
f 1095//1995 1104//1995 1487//1995
f 1100//1996 1108//1996 1488//1996
f 1107//1997 1106//1997 1489//1997
f 1490//1998 1065//1998 1064//1998
f 1472//1999 1120//1999 1119//1999
f 1116//2000 1063//2000 1491//2000
f 1491//2001 1063//2001 1492//2001
f 1492//2002 1063//2002 1062//2002
f 1492//2003 1062//2003 1121//2003
f 1113//2004 1112//2004 1493//2004
f 1493//2005 1112//2005 1118//2005
f 1493//2006 1118//2006 1491//2006
f 1491//2007 1118//2007 1117//2007
f 1491//2008 1117//2008 1116//2008
f 1111//2009 1110//2009 1494//2009
f 1110//2010 1109//2010 1494//2010
f 1494//2011 1109//2011 1115//2011
f 1494//2012 1115//2012 1493//2012
f 1493//2013 1115//2013 1114//2013
f 1493//2014 1114//2014 1113//2014
f 1100//2015 1488//2015 1101//2015
f 1094//2016 1099//2016 1495//2016
f 1495//2017 1099//2017 1098//2017
f 1496//2018 1092//2018 1093//2018
f 1497//2019 1084//2019 1083//2019
f 1083//2020 1082//2020 1498//2020
f 1498//2021 1082//2021 1081//2021
f 1498//2022 1081//2022 1080//2022
f 327//2023 1091//2023 990//2023
f 990//2024 1091//2024 991//2024
f 982//2025 1499//2025 983//2025
f 983//2026 1499//2026 1500//2026
f 983//2027 1500//2027 985//2027
f 1501//2028 981//2028 1500//2028
f 1500//2029 981//2029 986//2029
f 1500//2030 986//2030 985//2030
f 976//2031 978//2031 1501//2031
f 1501//2032 978//2032 979//2032
f 1501//2033 979//2033 981//2033
f 1502//2034 969//2034 996//2034
f 969//2034 1502//2034 970//2034
f 970//2035 1502//2035 1503//2035
f 970//2036 1503//2036 972//2036
f 1504//2037 968//2037 1503//2037
f 1503//2038 968//2038 973//2038
f 1503//2036 973//2036 972//2036
f 962//2039 966//2039 1505//2039
f 1505//2040 966//2040 965//2040
f 956//2041 963//2041 1506//2041
f 1506//2042 963//2042 962//2042
f 953//2043 952//2043 1507//2043
f 1507//2044 952//2044 951//2044
f 1508//2045 945//2045 943//2045
f 1508//2046 943//2046 1509//2046
f 1509//2047 943//2047 942//2047
f 1509//2048 942//2048 954//2048
f 1510//2049 948//2049 947//2049
f 1511//2050 1508//2050 1512//2050
f 1512//2051 1508//2051 1513//2051
f 1511//2052 1514//2052 1508//2052
f 1508//2053 1514//2053 1515//2053
f 1508//2054 1515//2054 945//2054
f 945//2055 1515//2055 1516//2055
f 945//2056 1516//2056 947//2056
f 947//2057 1516//2057 1517//2057
f 947//2058 1517//2058 1510//2058
f 1513//2059 1508//2059 1518//2059
f 1518//2060 1508//2060 1509//2060
f 1518//2061 1509//2061 1519//2061
f 1519//2062 1509//2062 1520//2062
f 1519//2063 1520//2063 1521//2063
f 1522//2064 1523//2064 1524//2064
f 1524//2065 1525//2065 1522//2065
f 1522//2066 1525//2066 1526//2066
f 1522//2067 1526//2067 1520//2067
f 1520//2068 1526//2068 1527//2068
f 1520//2069 1527//2069 1521//2069
f 1528//2070 1529//2070 1530//2070
f 1531//2071 1532//2071 1533//2071
f 1528//2072 1530//2072 1533//2072
f 1533//2073 1530//2073 1534//2073
f 1533//2074 1534//2074 1531//2074
f 1535//2075 1536//2075 1537//2075
f 1535//2076 1537//2076 1538//2076
f 1537//2077 1539//2077 1538//2077
f 1538//2078 1539//2078 1540//2078
f 1538//2079 1540//2079 1528//2079
f 1528//2080 1540//2080 1541//2080
f 1528//2081 1541//2081 1529//2081
f 1476//2082 1475//2082 1535//2082
f 1535//2083 1475//2083 1542//2083
f 1535//2084 1542//2084 1536//2084
f 1543//2085 1544//2085 1545//2085
f 1543//2086 1545//2086 1476//2086
f 1476//2087 1545//2087 1546//2087
f 1476//2088 1546//2088 1474//2088
f 1547//2089 1548//2089 1549//2089
f 1549//2090 1548//2090 1550//2090
f 1550//2091 1551//2091 1549//2091
f 1549//2092 1551//2092 1552//2092
f 1549//2093 1552//2093 1543//2093
f 1543//2094 1552//2094 1553//2094
f 1543//2095 1553//2095 1544//2095
f 1554//2096 1555//2096 1556//2096
f 1556//2097 1555//2097 1557//2097
f 1558//2098 1559//2098 1560//2098
f 1560//2098 1559//2098 1561//2098
f 1562//2099 1563//2099 1564//2099
f 1005//2100 1006//2100 1565//2100
f 1565//2101 1566//2101 1005//2101
f 1005//2102 1566//2102 1567//2102
f 1005//2103 1567//2103 1564//2103
f 1564//2099 1567//2099 1568//2099
f 1564//2104 1568//2104 1562//2104
f 1569//2105 1053//2105 1564//2105
f 1564//2106 1053//2106 1052//2106
f 1564//2107 1052//2107 1005//2107
f 1057//2108 1056//2108 1570//2108
f 1570//2109 1056//2109 1055//2109
f 1570//2110 1055//2110 1569//2110
f 1569//2111 1055//2111 1054//2111
f 1569//2112 1054//2112 1053//2112
f 1048//2113 1047//2113 1571//2113
f 1571//2114 1047//2114 1045//2114
f 1571//2115 1045//2115 1572//2115
f 1572//2116 1045//2116 1043//2116
f 1572//2117 1043//2117 1570//2117
f 1570//2118 1043//2118 1042//2118
f 1570//2119 1042//2119 1057//2119
f 1035//2120 1468//2120 1036//2120
f 1041//2121 1040//2121 1573//2121
f 1573//2122 1040//2122 1039//2122
f 1573//2123 1039//2123 1061//2123
f 1031//2124 1574//2124 1032//2124
f 1032//2125 1574//2125 1575//2125
f 1032//2126 1575//2126 1033//2126
f 1033//2127 1575//2127 1034//2127
f 1034//2128 1575//2128 1576//2128
f 1034//2129 1576//2129 1025//2129
f 1023//2130 1024//2130 1577//2130
f 1577//2131 1024//2131 1028//2131
f 1577//2132 1028//2132 1578//2132
f 1578//2133 1028//2133 1027//2133
f 1578//2134 1027//2134 1576//2134
f 1576//2135 1027//2135 1026//2135
f 1576//2136 1026//2136 1025//2136
f 1023//2137 1577//2137 1021//2137
f 1021//2138 1577//2138 1490//2138
f 1021//2139 1490//2139 1022//2139
f 1022//2140 1490//2140 1064//2140
f 1022//2141 1064//2141 328//2141
f 1579//2142 1580//2142 1581//2142
f 1582//2143 1581//2143 1486//2143
f 1093//2144 1583//2144 1496//2144
f 1496//2145 1583//2145 1584//2145
f 1496//2146 1584//2146 1585//2146
f 1585//2147 1584//2147 1586//2147
f 1585//2148 1586//2148 1587//2148
f 1587//2149 1586//2149 1588//2149
f 1587//2150 1588//2150 1589//2150
f 1589//2151 1588//2151 1590//2151
f 1589//2152 1590//2152 1591//2152
f 1591//2153 1590//2153 1592//2153
f 1591//2154 1592//2154 1593//2154
f 1593//2155 1592//2155 1594//2155
f 1595//2156 1594//2156 1596//2156
f 1596//2157 1594//2157 1592//2157
f 1596//2158 1592//2158 1597//2158
f 1597//2159 1592//2159 1590//2159
f 1597//2160 1590//2160 1598//2160
f 1598//2161 1590//2161 1588//2161
f 1598//2162 1588//2162 1599//2162
f 1599//2163 1588//2163 1586//2163
f 1599//2164 1586//2164 1600//2164
f 1600//2165 1586//2165 1584//2165
f 1600//2166 1584//2166 1601//2166
f 1601//2167 1584//2167 1583//2167
f 1601//2168 1583//2168 1495//2168
f 1495//2169 1583//2169 1093//2169
f 1495//2170 1093//2170 1094//2170
f 1580//2171 1579//2171 1602//2171
f 1602//2172 1579//2172 1603//2172
f 1602//2173 1603//2173 1604//2173
f 1604//2174 1603//2174 1605//2174
f 1604//2175 1605//2175 1606//2175
f 1606//2176 1605//2176 1607//2176
f 1606//2177 1607//2177 1608//2177
f 1121//2178 1120//2178 1492//2178
f 1492//2179 1120//2179 1472//2179
f 1492//2180 1472//2180 1491//2180
f 1491//2181 1472//2181 1471//2181
f 1491//2182 1471//2182 1493//2182
f 1493//2183 1471//2183 1609//2183
f 1493//2184 1609//2184 1494//2184
f 1106//2185 1105//2185 1489//2185
f 1489//2186 1105//2186 1610//2186
f 1489//2187 1610//2187 1611//2187
f 1611//2188 1610//2188 1612//2188
f 1611//2189 1612//2189 1613//2189
f 1613//2190 1612//2190 1614//2190
f 1613//2191 1614//2191 1615//2191
f 1615//2192 1614//2192 1616//2192
f 1105//2193 1111//2193 1610//2193
f 1610//2194 1111//2194 1494//2194
f 1610//2195 1494//2195 1612//2195
f 1612//2196 1494//2196 1609//2196
f 1612//2197 1609//2197 1614//2197
f 1614//2198 1609//2198 1471//2198
f 1614//2199 1471//2199 1616//2199
f 1616//2200 1471//2200 1473//2200
f 1616//2201 1473//2201 1617//2201
f 1108//2202 1107//2202 1488//2202
f 1488//2203 1107//2203 1489//2203
f 1488//2204 1489//2204 1618//2204
f 1618//2205 1489//2205 1611//2205
f 1618//2206 1611//2206 1619//2206
f 1619//2207 1611//2207 1613//2207
f 1619//2208 1613//2208 1620//2208
f 1620//2209 1613//2209 1615//2209
f 1620//2210 1615//2210 1621//2210
f 1621//2211 1615//2211 1616//2211
f 1621//2212 1616//2212 1622//2212
f 1622//2213 1616//2213 1617//2213
f 1622//2214 1617//2214 1623//2214
f 1623//2215 1617//2215 1624//2215
f 1623//2216 1624//2216 1625//2216
f 1625//2217 1624//2217 1626//2217
f 1581//2218 1582//2218 1579//2218
f 1579//2219 1582//2219 1627//2219
f 1579//2220 1627//2220 1603//2220
f 1603//2221 1627//2221 1628//2221
f 1603//2222 1628//2222 1605//2222
f 1605//2223 1628//2223 1629//2223
f 1605//2224 1629//2224 1607//2224
f 1607//2225 1629//2225 1630//2225
f 1607//2226 1630//2226 1608//2226
f 1631//2227 1632//2227 1633//2227
f 1633//2228 1632//2228 1634//2228
f 1633//2228 1634//2228 1635//2228
f 1635//2229 1634//2229 1636//2229
f 1635//2230 1636//2230 1637//2230
f 1637//2231 1636//2231 1638//2231
f 1637//2232 1638//2232 1639//2232
f 1640//2233 1641//2233 1642//2233
f 1643//2234 1641//2234 1644//2234
f 1644//2235 1641//2235 1640//2235
f 1644//2236 1640//2236 1645//2236
f 1630//2237 1646//2237 1608//2237
f 1608//2238 1646//2238 1647//2238
f 1608//2239 1647//2239 1648//2239
f 1648//2240 1647//2240 1649//2240
f 1648//2241 1649//2241 1650//2241
f 1650//2242 1649//2242 1651//2242
f 1650//2243 1651//2243 1652//2243
f 1652//2244 1651//2244 1653//2244
f 1574//2245 1626//2245 1575//2245
f 1575//2246 1626//2246 1624//2246
f 1575//2247 1624//2247 1576//2247
f 1576//2248 1624//2248 1617//2248
f 1576//2249 1617//2249 1578//2249
f 1578//2250 1617//2250 1473//2250
f 1578//2251 1473//2251 1577//2251
f 1577//2252 1473//2252 1472//2252
f 1577//2253 1472//2253 1490//2253
f 1490//2254 1472//2254 1119//2254
f 1490//1998 1119//1998 1065//1998
f 1654//2255 1655//2255 1656//2255
f 1656//2256 1655//2256 1657//2256
f 1656//2257 1657//2257 1658//2257
f 1658//2258 1657//2258 1659//2258
f 1658//2259 1659//2259 1660//2259
f 1660//2260 1659//2260 1661//2260
f 1660//2261 1661//2261 1662//2261
f 1662//2262 1661//2262 1663//2262
f 1662//2263 1663//2263 1664//2263
f 1664//2264 1663//2264 1665//2264
f 1664//2265 1665//2265 1666//2265
f 1666//2266 1665//2266 1667//2266
f 1666//2267 1667//2267 1668//2267
f 1668//2268 1667//2268 1669//2268
f 1668//2269 1669//2269 1670//2269
f 1670//2270 1669//2270 1671//2270
f 1670//2271 1671//2271 1672//2271
f 1672//2272 1671//2272 1673//2272
f 1103//2273 1102//2273 1654//2273
f 1654//2274 1102//2274 1101//2274
f 1654//2275 1101//2275 1655//2275
f 1655//2276 1101//2276 1488//2276
f 1655//2277 1488//2277 1657//2277
f 1657//2278 1488//2278 1618//2278
f 1657//2279 1618//2279 1659//2279
f 1659//2280 1618//2280 1619//2280
f 1659//2281 1619//2281 1661//2281
f 1661//2282 1619//2282 1620//2282
f 1661//2283 1620//2283 1663//2283
f 1663//2284 1620//2284 1621//2284
f 1663//2285 1621//2285 1665//2285
f 1665//2286 1621//2286 1622//2286
f 1665//2287 1622//2287 1667//2287
f 1667//2288 1622//2288 1623//2288
f 1667//2289 1623//2289 1669//2289
f 1669//2290 1623//2290 1625//2290
f 1669//2291 1625//2291 1671//2291
f 1671//2292 1625//2292 1626//2292
f 1671//2293 1626//2293 1673//2293
f 1673//2294 1626//2294 1574//2294
f 1673//2295 1574//2295 1573//2295
f 1573//2296 1574//2296 1031//2296
f 1573//2297 1031//2297 1041//2297
f 1104//2298 1103//2298 1487//2298
f 1487//2299 1103//2299 1654//2299
f 1487//2300 1654//2300 1674//2300
f 1674//2301 1654//2301 1656//2301
f 1674//2302 1656//2302 1675//2302
f 1675//2303 1656//2303 1658//2303
f 1675//2304 1658//2304 1676//2304
f 1676//2305 1658//2305 1660//2305
f 1676//2306 1660//2306 1677//2306
f 1677//2307 1660//2307 1662//2307
f 1677//2308 1662//2308 1678//2308
f 1678//2309 1662//2309 1664//2309
f 1678//2310 1664//2310 1679//2310
f 1679//2311 1664//2311 1666//2311
f 1679//2312 1666//2312 1680//2312
f 1680//2313 1666//2313 1668//2313
f 1680//2314 1668//2314 1681//2314
f 1681//2315 1668//2315 1670//2315
f 1681//2316 1670//2316 1682//2316
f 1682//2317 1670//2317 1672//2317
f 1682//2318 1672//2318 1683//2318
f 1683//2319 1672//2319 1673//2319
f 1683//2320 1673//2320 1684//2320
f 1684//2321 1673//2321 1573//2321
f 1684//2322 1573//2322 1685//2322
f 1685//2323 1573//2323 1061//2323
f 1685//2324 1061//2324 1038//2324
f 1097//1994 1096//1994 1486//1994
f 1486//2325 1096//2325 1686//2325
f 1486//2326 1686//2326 1582//2326
f 1582//2327 1686//2327 1687//2327
f 1582//2328 1687//2328 1627//2328
f 1627//2329 1687//2329 1688//2329
f 1627//2330 1688//2330 1628//2330
f 1628//2331 1688//2331 1689//2331
f 1628//2332 1689//2332 1629//2332
f 1629//2333 1689//2333 1690//2333
f 1629//2334 1690//2334 1630//2334
f 1630//2335 1690//2335 1691//2335
f 1630//2336 1691//2336 1646//2336
f 1646//2337 1691//2337 1692//2337
f 1646//2338 1692//2338 1647//2338
f 1647//2339 1692//2339 1693//2339
f 1647//2340 1693//2340 1649//2340
f 1649//2341 1693//2341 1694//2341
f 1649//2342 1694//2342 1651//2342
f 1651//2343 1694//2343 1695//2343
f 1651//2344 1695//2344 1653//2344
f 1653//2345 1695//2345 1696//2345
f 1697//2346 1631//2346 1698//2346
f 1698//2347 1631//2347 1633//2347
f 1698//2348 1633//2348 1699//2348
f 1699//2349 1633//2349 1635//2349
f 1699//2350 1635//2350 1700//2350
f 1700//2351 1635//2351 1637//2351
f 1700//2352 1637//2352 1701//2352
f 1701//2353 1637//2353 1639//2353
f 1701//2354 1639//2354 1702//2354
f 1703//2355 1704//2355 1705//2355
f 1705//2356 1704//2356 1643//2356
f 1705//2357 1643//2357 1706//2357
f 1706//2358 1643//2358 1644//2358
f 1706//2359 1644//2359 1707//2359
f 1707//2360 1644//2360 1645//2360
f 1707//2361 1645//2361 1708//2361
f 1697//2362 1709//2362 1631//2362
f 1631//2363 1709//2363 1708//2363
f 1631//2364 1708//2364 1632//2364
f 1632//2365 1708//2365 1645//2365
f 1632//2366 1645//2366 1634//2366
f 1634//2367 1645//2367 1640//2367
f 1634//2368 1640//2368 1636//2368
f 1636//2369 1640//2369 1642//2369
f 1636//2370 1642//2370 1638//2370
f 1710//2371 1709//2371 1711//2371
f 1711//2372 1709//2372 1697//2372
f 1711//2373 1697//2373 1712//2373
f 1712//2374 1697//2374 1698//2374
f 1712//2375 1698//2375 1713//2375
f 1713//2376 1698//2376 1699//2376
f 1713//2377 1699//2377 1714//2377
f 1714//2378 1699//2378 1700//2378
f 1714//2379 1700//2379 1715//2379
f 1715//2380 1700//2380 1701//2380
f 1715//2381 1701//2381 1716//2381
f 1716//2382 1701//2382 1702//2382
f 1716//2383 1702//2383 1717//2383
f 1470//2384 1469//2384 1718//2384
f 1718//2385 1469//2385 1719//2385
f 1718//2386 1719//2386 1696//2386
f 1696//2387 1719//2387 1720//2387
f 1696//2388 1720//2388 1653//2388
f 1653//2389 1720//2389 1710//2389
f 1653//2390 1710//2390 1652//2390
f 1652//2391 1710//2391 1711//2391
f 1652//2392 1711//2392 1650//2392
f 1650//2393 1711//2393 1712//2393
f 1650//2394 1712//2394 1648//2394
f 1648//2395 1712//2395 1713//2395
f 1648//2396 1713//2396 1608//2396
f 1608//2377 1713//2377 1714//2377
f 1608//2397 1714//2397 1606//2397
f 1606//2398 1714//2398 1715//2398
f 1606//2399 1715//2399 1604//2399
f 1604//2400 1715//2400 1716//2400
f 1604//2401 1716//2401 1602//2401
f 1602//2402 1716//2402 1717//2402
f 1602//2403 1717//2403 1580//2403
f 1096//2404 1095//2404 1686//2404
f 1686//2405 1095//2405 1487//2405
f 1686//2406 1487//2406 1687//2406
f 1687//2407 1487//2407 1674//2407
f 1687//2408 1674//2408 1688//2408
f 1688//2409 1674//2409 1675//2409
f 1688//2410 1675//2410 1689//2410
f 1689//2411 1675//2411 1676//2411
f 1689//2412 1676//2412 1690//2412
f 1690//2413 1676//2413 1677//2413
f 1690//2414 1677//2414 1691//2414
f 1691//2415 1677//2415 1678//2415
f 1691//2416 1678//2416 1692//2416
f 1692//2417 1678//2417 1679//2417
f 1692//2418 1679//2418 1693//2418
f 1693//2419 1679//2419 1680//2419
f 1693//2420 1680//2420 1694//2420
f 1694//2421 1680//2421 1681//2421
f 1694//2422 1681//2422 1695//2422
f 1695//2423 1681//2423 1682//2423
f 1695//2424 1682//2424 1696//2424
f 1696//2425 1682//2425 1683//2425
f 1696//2426 1683//2426 1718//2426
f 1718//2427 1683//2427 1684//2427
f 1718//2428 1684//2428 1470//2428
f 1470//2429 1684//2429 1685//2429
f 1470//2430 1685//2430 1468//2430
f 1468//2431 1685//2431 1038//2431
f 1468//2432 1038//2432 1036//2432
f 1557//2433 1721//2433 1556//2433
f 1556//2434 1721//2434 1547//2434
f 1556//2435 1547//2435 1722//2435
f 1722//2436 1547//2436 1549//2436
f 1722//2437 1549//2437 1723//2437
f 1561//2438 1554//2438 1560//2438
f 1560//2439 1554//2439 1556//2439
f 1560//2440 1556//2440 1724//2440
f 1724//2441 1556//2441 1722//2441
f 1724//2442 1722//2442 1725//2442
f 1725//2443 1722//2443 1723//2443
f 1725//2444 1723//2444 1726//2444
f 1563//2445 1727//2445 1564//2445
f 1564//2446 1727//2446 1558//2446
f 1564//2447 1558//2447 1569//2447
f 1569//2448 1558//2448 1560//2448
f 1569//2449 1560//2449 1570//2449
f 1570//2450 1560//2450 1724//2450
f 1570//2451 1724//2451 1572//2451
f 1572//2452 1724//2452 1725//2452
f 1572//2453 1725//2453 1571//2453
f 1571//2454 1725//2454 1726//2454
f 1728//2455 1729//2455 1730//2455
f 1730//2456 1729//2456 1731//2456
f 1730//2457 1731//2457 1732//2457
f 957//1986 956//1986 1478//1986
f 1478//2458 956//2458 1506//2458
f 1478//2459 1506//2459 1733//2459
f 1505//2460 1734//2460 1735//2460
f 1735//2461 1734//2461 1736//2461
f 1735//2462 1736//2462 1737//2462
f 1737//2463 1736//2463 1738//2463
f 1737//2464 1738//2464 1739//2464
f 1739//2465 1738//2465 1740//2465
f 960//2466 959//2466 1477//2466
f 1477//2467 959//2467 1478//2467
f 1477//2468 1478//2468 1741//2468
f 1741//2469 1478//2469 1733//2469
f 1741//2470 1733//2470 1742//2470
f 1743//2471 1703//2471 1744//2471
f 1744//2472 1703//2472 1705//2472
f 1744//2473 1705//2473 1745//2473
f 1745//2474 1705//2474 1706//2474
f 1745//2475 1706//2475 1746//2475
f 1746//2476 1706//2476 1707//2476
f 1746//2477 1707//2477 1747//2477
f 1747//2478 1707//2478 1708//2478
f 1747//2479 1708//2479 1748//2479
f 1748//2480 1708//2480 1709//2480
f 1748//2481 1709//2481 1749//2481
f 1749//2482 1709//2482 1710//2482
f 1749//2483 1710//2483 1750//2483
f 1750//2484 1710//2484 1720//2484
f 1750//2485 1720//2485 1751//2485
f 1751//2486 1720//2486 1719//2486
f 1751//2487 1719//2487 1752//2487
f 1752//2488 1719//2488 1469//2488
f 1752//2489 1469//2489 1753//2489
f 1753//2490 1469//2490 1468//2490
f 1753//2491 1468//2491 1050//2491
f 1050//2492 1468//2492 1051//2492
f 1728//2493 1465//2493 1729//2493
f 1729//2494 1465//2494 1467//2494
f 1729//2495 1467//2495 1754//2495
f 1754//2496 1467//2496 1755//2496
f 1754//2497 1755//2497 1756//2497
f 1756//2498 1755//2498 1757//2498
f 1756//2499 1757//2499 1758//2499
f 1758//2500 1757//2500 1759//2500
f 1463//2501 1760//2501 1464//2501
f 1464//2502 1760//2502 1761//2502
f 1464//2503 1761//2503 1762//2503
f 1762//2504 1761//2504 1763//2504
f 1762//2505 1763//2505 1764//2505
f 1764//2506 1763//2506 1765//2506
f 1764//2507 1765//2507 1766//2507
f 1766//2508 1765//2508 1767//2508
f 1766//2509 1767//2509 1768//2509
f 1768//2510 1767//2510 1769//2510
f 1768//2511 1769//2511 1770//2511
f 1770//2512 1769//2512 1771//2512
f 1770//2513 1771//2513 1772//2513
f 1772//2514 1771//2514 1773//2514
f 1772//2515 1773//2515 1774//2515
f 1774//2516 1773//2516 1775//2516
f 1758//2517 1740//2517 1756//2517
f 1756//2518 1740//2518 1738//2518
f 1756//2519 1738//2519 1754//2519
f 1754//2520 1738//2520 1736//2520
f 1754//2521 1736//2521 1729//2521
f 1729//2522 1736//2522 1734//2522
f 1729//2523 1734//2523 1731//2523
f 1731//2524 1734//2524 1505//2524
f 1731//2525 1505//2525 1776//2525
f 1776//2526 1505//2526 965//2526
f 1776//2527 965//2527 964//2527
f 951//2528 950//2528 1507//2528
f 1507//2529 950//2529 1477//2529
f 1507//2530 1477//2530 1777//2530
f 1777//2531 1477//2531 1741//2531
f 1777//2532 1741//2532 1778//2532
f 1778//2533 1741//2533 1742//2533
f 1778//2534 1742//2534 1533//2534
f 1532//2535 1779//2535 1533//2535
f 1533//2536 1779//2536 1523//2536
f 1533//2537 1523//2537 1778//2537
f 1778//2538 1523//2538 1522//2538
f 1778//2539 1522//2539 1777//2539
f 1777//2540 1522//2540 1520//2540
f 1777//2541 1520//2541 1507//2541
f 1507//2542 1520//2542 1509//2542
f 1507//2543 1509//2543 953//2543
f 953//2544 1509//2544 954//2544
f 962//2545 1505//2545 1506//2545
f 1506//2546 1505//2546 1735//2546
f 1506//2547 1735//2547 1733//2547
f 1733//2548 1735//2548 1737//2548
f 1733//2549 1737//2549 1742//2549
f 1742//2550 1737//2550 1739//2550
f 1742//2551 1739//2551 1533//2551
f 1533//2552 1739//2552 1740//2552
f 1533//2553 1740//2553 1528//2553
f 1528//2554 1740//2554 1758//2554
f 1528//2555 1758//2555 1538//2555
f 1538//2556 1758//2556 1759//2556
f 1538//2557 1759//2557 1535//2557
f 1466//2558 1462//2558 1467//2558
f 1467//2559 1462//2559 1464//2559
f 1467//2560 1464//2560 1755//2560
f 1755//2561 1464//2561 1762//2561
f 1755//2562 1762//2562 1757//2562
f 1757//2563 1762//2563 1764//2563
f 1757//2564 1764//2564 1759//2564
f 1759//2565 1764//2565 1766//2565
f 1759//2566 1766//2566 1535//2566
f 1535//2567 1766//2567 1768//2567
f 1535//2568 1768//2568 1476//2568
f 1476//2569 1768//2569 1770//2569
f 1476//2570 1770//2570 1543//2570
f 1543//2571 1770//2571 1772//2571
f 1543//2572 1772//2572 1549//2572
f 1549//2573 1772//2573 1774//2573
f 1549//2574 1774//2574 1723//2574
f 1723//2575 1774//2575 1775//2575
f 1723//2576 1775//2576 1726//2576
f 1088//2577 1780//2577 1089//2577
f 1089//2578 1780//2578 1781//2578
f 1089//2579 1781//2579 1090//2579
f 1090//2580 1781//2580 1479//2580
f 1090//2581 1479//2581 1091//2581
f 1091//2582 1479//2582 988//2582
f 1091//2583 988//2583 991//2583
f 1782//2584 1783//2584 1784//2584
f 974//2585 976//2585 1785//2585
f 1785//2586 976//2586 1501//2586
f 1785//2587 1501//2587 1460//2587
f 1460//2588 1501//2588 1500//2588
f 1460//2589 1500//2589 1461//2589
f 1461//2590 1500//2590 1499//2590
f 1084//2591 1497//2591 1085//2591
f 1085//2592 1497//2592 1786//2592
f 1085//2593 1786//2593 1086//2593
f 1086//2594 1786//2594 1787//2594
f 1086//2595 1787//2595 1087//2595
f 1497//2596 1788//2596 1786//2596
f 1786//2597 1788//2597 1780//2597
f 1786//2598 1780//2598 1787//2598
f 1787//2599 1780//2599 1088//2599
f 1787//2600 1088//2600 1087//2600
f 1083//2601 1498//2601 1497//2601
f 1497//2602 1498//2602 1789//2602
f 1497//2603 1789//2603 1788//2603
f 1788//2604 1789//2604 1790//2604
f 1788//2605 1790//2605 1780//2605
f 1780//2606 1790//2606 1783//2606
f 1780//2607 1783//2607 1781//2607
f 1781//2608 1783//2608 1782//2608
f 1781//2609 1782//2609 1479//2609
f 1791//2610 1792//2610 1793//2610
f 1793//2611 1792//2611 1794//2611
f 1793//2612 1794//2612 1795//2612
f 1795//2613 1794//2613 1796//2613
f 1795//2614 1796//2614 1797//2614
f 1798//2615 1791//2615 1799//2615
f 1799//2616 1791//2616 1793//2616
f 1799//2617 1793//2617 1800//2617
f 1800//2618 1793//2618 1795//2618
f 1800//2619 1795//2619 1801//2619
f 1801//2620 1795//2620 1797//2620
f 1801//2621 1797//2621 1802//2621
f 1803//2622 1798//2622 1804//2622
f 1804//2623 1798//2623 1799//2623
f 1804//2624 1799//2624 1805//2624
f 1805//2625 1799//2625 1800//2625
f 1805//2626 1800//2626 1806//2626
f 1806//2627 1800//2627 1801//2627
f 1806//2628 1801//2628 1807//2628
f 1807//2629 1801//2629 1802//2629
f 1807//2630 1802//2630 1808//2630
f 1809//2631 1803//2631 1810//2631
f 1810//2632 1803//2632 1804//2632
f 1810//2633 1804//2633 1811//2633
f 1811//2634 1804//2634 1805//2634
f 1811//2635 1805//2635 1812//2635
f 1812//2636 1805//2636 1806//2636
f 1812//2637 1806//2637 1813//2637
f 1813//2638 1806//2638 1807//2638
f 1813//2639 1807//2639 1480//2639
f 1480//2640 1807//2640 1808//2640
f 1480//2641 1808//2641 1079//2641
f 1814//2642 1458//2642 1815//2642
f 1815//2643 1458//2643 1457//2643
f 1815//2644 1457//2644 1816//2644
f 1455//2645 1454//2645 1457//2645
f 1457//2646 1454//2646 1817//2646
f 1457//2647 1817//2647 1816//2647
f 1818//2648 1809//2648 1819//2648
f 1819//2649 1809//2649 1810//2649
f 1819//2650 1810//2650 1820//2650
f 1820//2651 1810//2651 1811//2651
f 1820//2652 1811//2652 1821//2652
f 1821//2653 1811//2653 1812//2653
f 1821//2654 1812//2654 1822//2654
f 1822//2655 1812//2655 1813//2655
f 1822//2656 1813//2656 1481//2656
f 1481//2657 1813//2657 1480//2657
f 1481//2658 1480//2658 1077//2658
f 1077//2659 1480//2659 1078//2659
f 1823//2660 1824//2660 1825//2660
f 1825//2661 1824//2661 1826//2661
f 1825//2662 1826//2662 1827//2662
f 1827//2663 1826//2663 1828//2663
f 1827//2664 1828//2664 1829//2664
f 1829//2665 1828//2665 1830//2665
f 1829//2666 1830//2666 1831//2666
f 1831//2667 1830//2667 1832//2667
f 1831//2668 1832//2668 1833//2668
f 1833//2669 1832//2669 1459//2669
f 1833//2670 1459//2670 1784//2670
f 1784//2671 1459//2671 1461//2671
f 1784//2672 1461//2672 1782//2672
f 1782//2673 1461//2673 1499//2673
f 1782//2674 1499//2674 1479//2674
f 1479//2675 1499//2675 982//2675
f 1479//2676 982//2676 989//2676
f 1071//1991 1070//1991 1483//1991
f 1483//2677 1070//2677 1834//2677
f 1483//2678 1834//2678 1835//2678
f 1835//2679 1834//2679 1836//2679
f 1835//2680 1836//2680 1837//2680
f 1837//2681 1836//2681 1838//2681
f 1837//2682 1838//2682 1839//2682
f 1839//2683 1838//2683 1840//2683
f 1839//2684 1840//2684 1841//2684
f 1841//2685 1840//2685 1842//2685
f 1841//2686 1842//2686 1843//2686
f 1843//2687 1842//2687 1844//2687
f 1843//2688 1844//2688 1845//2688
f 1845//2689 1844//2689 1846//2689
f 1845//2690 1846//2690 1847//2690
f 1847//2691 1846//2691 1848//2691
f 1066//2692 1092//2692 1485//2692
f 1485//2693 1092//2693 1496//2693
f 1485//2694 1496//2694 1849//2694
f 1849//2695 1496//2695 1585//2695
f 1849//2696 1585//2696 1850//2696
f 1850//2697 1585//2697 1587//2697
f 1850//2698 1587//2698 1851//2698
f 1851//2699 1587//2699 1589//2699
f 1851//2700 1589//2700 1852//2700
f 1852//2701 1589//2701 1591//2701
f 1852//2702 1591//2702 1853//2702
f 1853//2703 1591//2703 1593//2703
f 1853//2704 1593//2704 1854//2704
f 1854//2705 1593//2705 1594//2705
f 1854//2706 1594//2706 1855//2706
f 1855//2707 1594//2707 1595//2707
f 1855//2708 1595//2708 1856//2708
f 996//2709 974//2709 1502//2709
f 1502//2710 974//2710 1785//2710
f 1502//2711 1785//2711 1857//2711
f 1857//2712 1785//2712 1460//2712
f 1857//2713 1460//2713 1858//2713
f 1858//2714 1460//2714 1459//2714
f 1858//2715 1459//2715 1859//2715
f 1859//2716 1459//2716 1832//2716
f 1859//2717 1832//2717 1860//2717
f 1860//2718 1832//2718 1830//2718
f 1860//2719 1830//2719 1861//2719
f 1861//2720 1830//2720 1828//2720
f 1861//2721 1828//2721 1862//2721
f 1862//2722 1828//2722 1826//2722
f 1862//2723 1826//2723 1863//2723
f 1863//2724 1826//2724 1824//2724
f 1863//2725 1824//2725 1864//2725
f 1864//2726 1824//2726 1823//2726
f 1864//2727 1823//2727 1453//2727
f 1074//1989 1075//1989 1481//1989
f 1481//2728 1075//2728 1865//2728
f 1481//2729 1865//2729 1822//2729
f 1822//2730 1865//2730 1866//2730
f 1822//2731 1866//2731 1821//2731
f 1821//2732 1866//2732 1867//2732
f 1821//2733 1867//2733 1820//2733
f 1820//2734 1867//2734 1868//2734
f 1820//2735 1868//2735 1819//2735
f 1819//2736 1868//2736 1869//2736
f 1819//2737 1869//2737 1818//2737
f 1818//2738 1869//2738 1870//2738
f 1818//2739 1870//2739 1871//2739
f 1871//2740 1870//2740 1872//2740
f 1871//2741 1872//2741 1873//2741
f 1873//2742 1872//2742 1874//2742
f 1873//2743 1874//2743 1875//2743
f 1875//2744 1874//2744 1876//2744
f 1453//2745 1452//2745 1864//2745
f 1864//2746 1452//2746 1877//2746
f 1864//2747 1877//2747 1863//2747
f 1863//2748 1877//2748 1878//2748
f 1863//2749 1878//2749 1862//2749
f 1862//2750 1878//2750 1879//2750
f 1862//2751 1879//2751 1861//2751
f 1861//2752 1879//2752 1880//2752
f 1861//2753 1880//2753 1860//2753
f 1860//2754 1880//2754 1456//2754
f 1860//2755 1456//2755 1859//2755
f 1859//2756 1456//2756 1455//2756
f 1859//2757 1455//2757 1858//2757
f 1858//2758 1455//2758 1458//2758
f 1858//2759 1458//2759 1857//2759
f 1857//2760 1458//2760 1814//2760
f 1857//2761 1814//2761 1502//2761
f 1502//2762 1814//2762 1815//2762
f 1502//2763 1815//2763 1503//2763
f 1503//2764 1815//2764 1816//2764
f 1503//2765 1816//2765 1504//2765
f 1070//2766 1069//2766 1834//2766
f 1834//2767 1069//2767 1484//2767
f 1834//2768 1484//2768 1836//2768
f 1836//2769 1484//2769 1881//2769
f 1836//2770 1881//2770 1838//2770
f 1838//2771 1881//2771 1882//2771
f 1838//2772 1882//2772 1840//2772
f 1840//2773 1882//2773 1883//2773
f 1840//2774 1883//2774 1842//2774
f 1842//2775 1883//2775 1884//2775
f 1842//2776 1884//2776 1844//2776
f 1844//2777 1884//2777 1885//2777
f 1844//2778 1885//2778 1846//2778
f 1846//2779 1885//2779 1886//2779
f 1846//2780 1886//2780 1848//2780
f 1848//2781 1886//2781 1887//2781
f 1075//2782 1076//2782 1865//2782
f 1865//2783 1076//2783 1482//2783
f 1865//2784 1482//2784 1866//2784
f 1866//2785 1482//2785 1888//2785
f 1866//2786 1888//2786 1867//2786
f 1867//2787 1888//2787 1889//2787
f 1867//2788 1889//2788 1868//2788
f 1868//2789 1889//2789 1890//2789
f 1868//2790 1890//2790 1869//2790
f 1869//2791 1890//2791 1891//2791
f 1869//2792 1891//2792 1870//2792
f 1870//2793 1891//2793 1892//2793
f 1870//2794 1892//2794 1872//2794
f 1872//2795 1892//2795 1893//2795
f 1872//2796 1893//2796 1874//2796
f 1874//2797 1893//2797 1894//2797
f 1874//2798 1894//2798 1876//2798
f 1876//2799 1894//2799 1895//2799
f 1887//2800 1896//2800 1848//2800
f 1848//2801 1896//2801 1895//2801
f 1848//2802 1895//2802 1847//2802
f 1847//2803 1895//2803 1894//2803
f 1847//2804 1894//2804 1845//2804
f 1845//2805 1894//2805 1893//2805
f 1845//2806 1893//2806 1843//2806
f 1843//2807 1893//2807 1892//2807
f 1843//2808 1892//2808 1841//2808
f 1841//2809 1892//2809 1891//2809
f 1841//2810 1891//2810 1839//2810
f 1839//2811 1891//2811 1890//2811
f 1839//2812 1890//2812 1837//2812
f 1837//2813 1890//2813 1889//2813
f 1837//2814 1889//2814 1835//2814
f 1835//2815 1889//2815 1888//2815
f 1835//2816 1888//2816 1483//2816
f 1483//2817 1888//2817 1482//2817
f 1483//2818 1482//2818 1072//2818
f 1072//2819 1482//2819 1073//2819
f 1050//2820 1048//2820 1753//2820
f 1753//2821 1048//2821 1571//2821
f 1753//2822 1571//2822 1752//2822
f 1752//2823 1571//2823 1726//2823
f 1752//2824 1726//2824 1751//2824
f 1751//2825 1726//2825 1775//2825
f 1751//2826 1775//2826 1750//2826
f 1750//2827 1775//2827 1773//2827
f 1750//2828 1773//2828 1749//2828
f 1749//2829 1773//2829 1771//2829
f 1749//2830 1771//2830 1748//2830
f 1748//2831 1771//2831 1769//2831
f 1748//2832 1769//2832 1747//2832
f 1747//2833 1769//2833 1767//2833
f 1747//2834 1767//2834 1746//2834
f 1746//2835 1767//2835 1765//2835
f 1746//2836 1765//2836 1745//2836
f 1745//2837 1765//2837 1763//2837
f 1745//2838 1763//2838 1744//2838
f 1744//2839 1763//2839 1761//2839
f 1744//2840 1761//2840 1743//2840
f 1743//2841 1761//2841 1760//2841
f 1743//2842 1760//2842 1451//2842
f 1068//2843 1067//2843 1484//2843
f 1484//2844 1067//2844 1485//2844
f 1484//2845 1485//2845 1881//2845
f 1881//2846 1485//2846 1849//2846
f 1881//2847 1849//2847 1882//2847
f 1882//2848 1849//2848 1850//2848
f 1882//2849 1850//2849 1883//2849
f 1883//2850 1850//2850 1851//2850
f 1883//2851 1851//2851 1884//2851
f 1884//2852 1851//2852 1852//2852
f 1884//2853 1852//2853 1885//2853
f 1885//2854 1852//2854 1853//2854
f 1885//2855 1853//2855 1886//2855
f 1886//2856 1853//2856 1854//2856
f 1886//2857 1854//2857 1887//2857
f 1887//2858 1854//2858 1855//2858
f 1887//2859 1855//2859 1896//2859
f 1896//2860 1855//2860 1856//2860
f 1451//2861 1760//2861 1452//2861
f 1452//2862 1760//2862 1463//2862
f 1452//2863 1463//2863 1877//2863
f 1877//2864 1463//2864 1462//2864
f 1877//2865 1462//2865 1878//2865
f 1878//2866 1462//2866 1466//2866
f 1878//2867 1466//2867 1879//2867
f 1879//2868 1466//2868 1465//2868
f 1879//2869 1465//2869 1880//2869
f 1880//2870 1465//2870 1728//2870
f 1880//2871 1728//2871 1456//2871
f 1456//2872 1728//2872 1730//2872
f 1456//2873 1730//2873 1454//2873
f 1454//2874 1730//2874 1732//2874
f 1454//2875 1732//2875 1817//2875
f 1817//2876 1732//2876 1731//2876
f 1817//2877 1731//2877 1816//2877
f 1816//2878 1731//2878 1776//2878
f 1816//2879 1776//2879 1504//2879
f 1504//2880 1776//2880 964//2880
f 1504//2881 964//2881 968//2881
f 1098//2882 1486//2882 1495//2882
f 1495//2883 1486//2883 1581//2883
f 1495//2884 1581//2884 1601//2884
f 1601//2885 1581//2885 1580//2885
f 1601//2886 1580//2886 1600//2886
f 1600//2887 1580//2887 1717//2887
f 1600//2888 1717//2888 1599//2888
f 1599//2889 1717//2889 1702//2889
f 1599//2890 1702//2890 1598//2890
f 1598//2891 1702//2891 1639//2891
f 1598//2892 1639//2892 1597//2892
f 1597//2893 1639//2893 1638//2893
f 1597//2894 1638//2894 1596//2894
f 1596//2895 1638//2895 1642//2895
f 1596//2896 1642//2896 1595//2896
f 1595//2897 1642//2897 1641//2897
f 1595//2898 1641//2898 1856//2898
f 1856//2899 1641//2899 1643//2899
f 1856//2900 1643//2900 1896//2900
f 1896//2901 1643//2901 1704//2901
f 1896//2902 1704//2902 1895//2902
f 1895//2903 1704//2903 1703//2903
f 1895//2904 1703//2904 1876//2904
f 1876//2905 1703//2905 1743//2905
f 1876//2906 1743//2906 1875//2906
f 1875//2907 1743//2907 1451//2907
f 1875//2908 1451//2908 1873//2908
f 1873//2909 1451//2909 1453//2909
f 1873//2910 1453//2910 1871//2910
f 1871//2911 1453//2911 1823//2911
f 1871//2912 1823//2912 1818//2912
f 1818//2913 1823//2913 1825//2913
f 1818//2914 1825//2914 1809//2914
f 1809//2915 1825//2915 1827//2915
f 1809//2916 1827//2916 1803//2916
f 1803//2917 1827//2917 1829//2917
f 1803//2918 1829//2918 1798//2918
f 1798//2919 1829//2919 1831//2919
f 1798//2920 1831//2920 1791//2920
f 1791//2921 1831//2921 1833//2921
f 1791//2922 1833//2922 1792//2922
f 1792//2923 1833//2923 1784//2923
f 1792//2924 1784//2924 1794//2924
f 1794//2925 1784//2925 1783//2925
f 1794//2926 1783//2926 1796//2926
f 1796//2927 1783//2927 1790//2927
f 1796//2928 1790//2928 1797//2928
f 1797//2929 1790//2929 1789//2929
f 1797//2930 1789//2930 1802//2930
f 1802//2931 1789//2931 1498//2931
f 1802//2932 1498//2932 1808//2932
f 1808//2933 1498//2933 1080//2933
f 1808//2934 1080//2934 1079//2934
f 1899//2935 1900//2935 1901//2935
f 1902//2936 1903//2936 1904//2936
f 1474//2937 1546//2937 1898//2937
f 1143//2938 1175//2938 1905//2938
f 1175//2939 1174//2939 1906//2939
f 1250//2940 1249//2940 1907//2940
f 1907//2941 1249//2941 1248//2941
f 1907//2942 1248//2942 1254//2942
f 1245//2943 1252//2943 1908//2943
f 1908//2944 1252//2944 1251//2944
f 1908//2945 1251//2945 1250//2945
f 1244//2946 1243//2946 1909//2946
f 1909//2947 1243//2947 1247//2947
f 1240//2948 1242//2948 1910//2948
f 1910//2949 1242//2949 1241//2949
f 1159//2950 1240//2950 1160//2950
f 1160//2951 1240//2951 1910//2951
f 1160//2952 1910//2952 1161//2952
f 1161//2953 1910//2953 1911//2953
f 1161//2954 1911//2954 1163//2954
f 1163//2955 1911//2955 1153//2955
f 1912//2956 1155//2956 1154//2956
f 1174//2957 1151//2957 1906//2957
f 1906//2958 1151//2958 1149//2958
f 1906//2959 1149//2959 1912//2959
f 1912//2960 1149//2960 1148//2960
f 1912//2961 1148//2961 1155//2961
f 1913//2962 1146//2962 1914//2962
f 1914//2963 1146//2963 1145//2963
f 1914//2964 1145//2964 1905//2964
f 1905//2965 1145//2965 1144//2965
f 1905//2966 1144//2966 1143//2966
f 1140//2967 1139//2967 1913//2967
f 1913//2968 1139//2968 1147//2968
f 1913//2969 1147//2969 1146//2969
f 1006//2970 378//2970 1565//2970
f 1565//2971 378//2971 1141//2971
f 1565//2972 1141//2972 1566//2972
f 1566//2973 1141//2973 1915//2973
f 1566//2974 1915//2974 1567//2974
f 1567//2975 1915//2975 1568//2975
f 1559//2976 1916//2976 1561//2976
f 1561//2977 1916//2977 1554//2977
f 1559//2976 1558//2976 1916//2976
f 1916//2978 1558//2978 1727//2978
f 1916//2979 1727//2979 1917//2979
f 1917//2980 1727//2980 1563//2980
f 1917//2981 1563//2981 1915//2981
f 1915//2982 1563//2982 1562//2982
f 1915//2983 1562//2983 1568//2983
f 1554//2984 1916//2984 1555//2984
f 1555//2985 1916//2985 1918//2985
f 1555//2986 1918//2986 1557//2986
f 1550//2987 1548//2987 1919//2987
f 1919//2988 1548//2988 1547//2988
f 1919//2989 1547//2989 1918//2989
f 1918//2990 1547//2990 1721//2990
f 1918//2991 1721//2991 1557//2991
f 1920//2992 1552//2992 1919//2992
f 1919//2993 1552//2993 1551//2993
f 1919//2994 1551//2994 1550//2994
f 1546//2995 1545//2995 1898//2995
f 1898//2996 1545//2996 1544//2996
f 1898//2997 1544//2997 1920//2997
f 1920//2998 1544//2998 1553//2998
f 1920//2998 1553//2998 1552//2998
f 1897//2999 1536//2999 1542//2999
f 1897//3000 1542//3000 1898//3000
f 1898//3001 1542//3001 1475//3001
f 1898//3002 1475//3002 1474//3002
f 1153//3003 1911//3003 1921//3003
f 1921//3004 1911//3004 1922//3004
f 1921//3005 1922//3005 1902//3005
f 1241//3006 1244//3006 1910//3006
f 1910//3007 1244//3007 1909//3007
f 1910//3008 1909//3008 1911//3008
f 1911//3009 1909//3009 1923//3009
f 1911//3010 1923//3010 1922//3010
f 1922//3011 1923//3011 1924//3011
f 1922//3012 1924//3012 1902//3012
f 1902//3013 1924//3013 1925//3013
f 1902//3014 1925//3014 1903//3014
f 1926//3015 1927//3015 1904//3015
f 1904//3016 1927//3016 1906//3016
f 1904//3017 1906//3017 1902//3017
f 1902//3018 1906//3018 1912//3018
f 1902//3019 1912//3019 1921//3019
f 1921//3020 1912//3020 1154//3020
f 1921//3021 1154//3021 1153//3021
f 1247//3022 1246//3022 1909//3022
f 1909//3023 1246//3023 1928//3023
f 1909//3024 1928//3024 1923//3024
f 1923//3025 1928//3025 1929//3025
f 1923//3026 1929//3026 1924//3026
f 1924//3027 1929//3027 1930//3027
f 1924//3028 1930//3028 1925//3028
f 1925//3029 1930//3029 1931//3029
f 1925//3030 1931//3030 1903//3030
f 1903//3031 1931//3031 1932//3031
f 1903//3032 1932//3032 1904//3032
f 1904//3033 1932//3033 1933//3033
f 1904//3034 1933//3034 1926//3034
f 1926//3035 1933//3035 1934//3035
f 1246//3036 1245//3036 1928//3036
f 1928//3037 1245//3037 1908//3037
f 1928//3038 1908//3038 1929//3038
f 1929//3039 1908//3039 1935//3039
f 1929//3040 1935//3040 1930//3040
f 1930//3041 1935//3041 1936//3041
f 1930//3042 1936//3042 1931//3042
f 1931//3043 1936//3043 1937//3043
f 1931//3044 1937//3044 1932//3044
f 1932//3045 1937//3045 1901//3045
f 1932//3046 1901//3046 1933//3046
f 1933//3047 1901//3047 1900//3047
f 1933//3048 1900//3048 1934//3048
f 1254//3049 1253//3049 1907//3049
f 1907//3050 1253//3050 1938//3050
f 1907//3051 1938//3051 1939//3051
f 1938//3052 1940//3052 1939//3052
f 1939//3053 1940//3053 1941//3053
f 1939//3054 1941//3054 1942//3054
f 1942//3055 1941//3055 1943//3055
f 1942//3056 1943//3056 1944//3056
f 1943//3057 1945//3057 1944//3057
f 1944//3058 1945//3058 1946//3058
f 1944//3059 1946//3059 1947//3059
f 1947//3060 1946//3060 1948//3060
f 1947//3061 1948//3061 1949//3061
f 1949//3062 1948//3062 1950//3062
f 1250//3063 1907//3063 1908//3063
f 1908//3064 1907//3064 1939//3064
f 1908//3065 1939//3065 1935//3065
f 1935//3066 1939//3066 1942//3066
f 1935//3067 1942//3067 1936//3067
f 1936//3068 1942//3068 1944//3068
f 1936//3069 1944//3069 1937//3069
f 1937//3070 1944//3070 1947//3070
f 1937//3071 1947//3071 1901//3071
f 1901//3072 1947//3072 1949//3072
f 1901//3073 1949//3073 1899//3073
f 1899//3074 1949//3074 1950//3074
f 1899//3075 1950//3075 1951//3075
f 1175//3076 1906//3076 1905//3076
f 1905//3077 1906//3077 1927//3077
f 1905//3078 1927//3078 1914//3078
f 1914//3079 1927//3079 1952//3079
f 1914//3080 1952//3080 1913//3080
f 1951//3081 1897//3081 1899//3081
f 1899//3082 1897//3082 1898//3082
f 1899//3083 1898//3083 1900//3083
f 1900//3084 1898//3084 1920//3084
f 1900//3085 1920//3085 1934//3085
f 1934//3086 1920//3086 1919//3086
f 1934//3087 1919//3087 1926//3087
f 1926//3088 1919//3088 1918//3088
f 1926//3089 1918//3089 1927//3089
f 1927//3090 1918//3090 1916//3090
f 1927//3091 1916//3091 1952//3091
f 1952//3092 1916//3092 1917//3092
f 1952//3093 1917//3093 1913//3093
f 1913//3094 1917//3094 1915//3094
f 1913//3095 1915//3095 1140//3095
f 1140//3096 1915//3096 1141//3096
f 1953//3097 1954//3097 1215//3097
f 1953//3098 1215//3098 1955//3098
f 1956//3099 1957//3099 1188//3099
f 1956//3100 1188//3100 1958//3100
f 1188//3101 1187//3101 1958//3101
f 1958//3102 1187//3102 1217//3102
f 1958//3103 1217//3103 1954//3103
f 1954//3104 1217//3104 1216//3104
f 1954//3105 1216//3105 1215//3105
f 1959//3106 1960//3106 1190//3106
f 1190//3107 1189//3107 1959//3107
f 1959//3108 1189//3108 1194//3108
f 1959//3109 1194//3109 1961//3109
f 1961//3110 1194//3110 1193//3110
f 1961//3111 1193//3111 1962//3111
f 1193//3112 1192//3112 1962//3112
f 1962//3113 1192//3113 1199//3113
f 1962//3114 1199//3114 1957//3114
f 1957//3115 1199//3115 1198//3115
f 1957//3116 1198//3116 1188//3116
f 1963//3117 1964//3117 1214//3117
f 1965//3118 1197//3118 1208//3118
f 1965//3119 1208//3119 1966//3119
f 1208//3120 1207//3120 1966//3120
f 1966//3121 1207//3121 1184//3121
f 1966//3122 1184//3122 1967//3122
f 1967//3123 1184//3123 1183//3123
f 1967//3124 1183//3124 1964//3124
f 1964//3125 1183//3125 1191//3125
f 1964//3126 1191//3126 1214//3126
f 1214//3127 1213//3127 1963//3127
f 1963//3128 1213//3128 1212//3128
f 1963//3129 1212//3129 1968//3129
f 1968//3130 1212//3130 1211//3130
f 1968//3131 1211//3131 1969//3131
f 1969//3132 1211//3132 1210//3132
f 1969//3133 1210//3133 1960//3133
f 1960//3134 1210//3134 1209//3134
f 1960//3135 1209//3135 1190//3135
f 503//3136 498//3136 1195//3136
f 1195//3137 498//3137 497//3137
f 1195//3138 497//3138 1237//3138
f 1237//3139 497//3139 1970//3139
f 1237//3140 1970//3140 1238//3140
f 1971//3141 1232//3141 1972//3141
f 1972//3142 1232//3142 1231//3142
f 1972//3143 1231//3143 1239//3143
f 1238//3144 1970//3144 1239//3144
f 1239//3145 1970//3145 1973//3145
f 1239//3146 1973//3146 1972//3146
f 1229//3147 1974//3147 1230//3147
f 1230//3148 1974//3148 1975//3148
f 1230//3149 1975//3149 1976//3149
f 1977//3150 1978//3150 1224//3150
f 1224//3151 1223//3151 1977//3151
f 1977//3152 1223//3152 1222//3152
f 1977//3153 1222//3153 1976//3153
f 1976//3154 1222//3154 1221//3154
f 1976//3155 1221//3155 1230//3155
f 1979//3156 1218//3156 1980//3156
f 1980//3157 1218//3157 1206//3157
f 1980//3158 1206//3158 1981//3158
f 1981//3159 1206//3159 1205//3159
f 1981//3160 1205//3160 1982//3160
f 1205//3161 1204//3161 1982//3161
f 1982//3162 1204//3162 1236//3162
f 1982//3163 1236//3163 1983//3163
f 1983//3164 1236//3164 1235//3164
f 1983//3165 1235//3165 1978//3165
f 1978//3166 1235//3166 1234//3166
f 1978//3167 1234//3167 1224//3167
f 1229//3168 1228//3168 1974//3168
f 1974//3169 1228//3169 1227//3169
f 1974//3170 1227//3170 1984//3170
f 1984//3171 1227//3171 1226//3171
f 1984//3172 1226//3172 1985//3172
f 1985//3173 1226//3173 1225//3173
f 1985//3174 1225//3174 1971//3174
f 1971//3175 1225//3175 1233//3175
f 1971//3176 1233//3176 1232//3176
f 1986//3177 454//3177 453//3177
f 1197//3178 1965//3178 1196//3178
f 1196//3179 1965//3179 1987//3179
f 1196//3180 1987//3180 1185//3180
f 1185//3181 1987//3181 1986//3181
f 1185//3182 1986//3182 1186//3182
f 1186//3183 1986//3183 453//3183
f 1186//3184 453//3184 451//3184
f 1215//3185 1203//3185 1955//3185
f 1955//3186 1203//3186 1202//3186
f 1955//3187 1202//3187 1988//3187
f 1202//3188 1201//3188 1988//3188
f 1988//3189 1201//3189 1200//3189
f 1988//3190 1200//3190 1989//3190
f 1989//3191 1200//3191 1220//3191
f 1989//3192 1220//3192 1979//3192
f 1979//3193 1220//3193 1219//3193
f 1979//3194 1219//3194 1218//3194
f 1328//3195 1327//3195 1990//3195
f 1332//3196 1331//3196 1991//3196
f 1309//3197 1308//3197 1992//3197
f 1351//3198 1350//3198 1993//3198
f 1359//3199 1358//3199 1994//3199
f 1384//3200 1995//3200 1385//3200
f 1385//3201 1995//3201 1996//3201
f 1385//3202 1996//3202 1379//3202
f 1379//3203 1996//3203 1997//3203
f 1379//3204 1997//3204 1380//3204
f 1380//3205 1997//3205 1998//3205
f 1380//3206 1998//3206 1382//3206
f 1302//3207 1378//3207 1999//3207
f 1999//3208 1378//3208 1377//3208
f 1999//3209 1377//3209 2000//3209
f 2000//3210 1377//3210 1376//3210
f 2000//3211 1376//3211 1383//3211
f 2001//3212 1373//3212 2002//3212
f 2002//3213 1373//3213 1372//3213
f 2002//3214 1372//3214 1303//3214
f 1367//3215 1374//3215 2003//3215
f 1364//3216 1371//3216 2004//3216
f 2004//3217 1371//3217 1370//3217
f 2004//3218 1370//3218 2003//3218
f 2003//3215 1370//3215 1368//3215
f 2003//3219 1368//3219 1367//3219
f 2005//3220 1365//3220 2006//3220
f 2006//3221 1365//3221 1364//3221
f 1306//3222 1305//3222 2005//3222
f 2005//3223 1305//3223 1366//3223
f 2005//3224 1366//3224 1365//3224
f 2007//3225 1360//3225 1306//3225
f 1358//3226 1356//3226 1994//3226
f 1994//3227 1356//3227 1355//3227
f 1994//3228 1355//3228 2008//3228
f 2008//3229 1355//3229 1362//3229
f 2008//3230 1362//3230 2007//3230
f 2007//3231 1362//3231 1361//3231
f 2007//3232 1361//3232 1360//3232
f 1353//3233 2009//3233 1354//3233
f 1354//3234 2009//3234 2010//3234
f 1354//3235 2010//3235 1349//3235
f 1347//3236 2011//3236 1344//3236
f 1344//3237 2011//3237 2012//3237
f 1344//3238 2012//3238 1345//3238
f 2013//3239 1340//3239 2014//3239
f 2014//3240 1340//3240 1346//3240
f 1343//3241 1342//3241 2013//3241
f 2013//3242 1342//3242 1339//3242
f 2013//3243 1339//3243 1340//3243
f 2015//3244 1337//3244 1343//3244
f 1992//3245 1308//3245 2015//3245
f 2015//3246 1308//3246 1338//3246
f 2015//3247 1338//3247 1337//3247
f 1331//3248 1330//3248 1991//3248
f 1991//3249 1330//3249 1335//3249
f 1991//3250 1335//3250 2016//3250
f 2016//3251 1335//3251 1334//3251
f 2016//3252 1334//3252 1992//3252
f 1992//3253 1334//3253 1333//3253
f 1992//3254 1333//3254 1309//3254
f 1311//3255 2017//3255 1312//3255
f 1312//3256 2017//3256 1990//3256
f 1312//3257 1990//3257 1326//3257
f 1326//3258 1990//3258 1327//3258
f 1321//3259 2018//3259 1322//3259
f 1322//3260 2018//3260 2019//3260
f 1322//3261 2019//3261 1324//3261
f 1324//3262 2019//3262 2020//3262
f 1319//3263 1317//3263 2020//3263
f 1317//3264 1316//3264 2020//3264
f 2020//3265 1316//3265 1325//3265
f 2020//3266 1325//3266 1324//3266
f 1299//3267 1298//3267 2021//3267
f 2021//3268 1298//3268 1297//3268
f 1297//3269 1296//3269 1315//3269
f 1297//3270 1315//3270 2021//3270
f 2021//3271 1315//3271 1320//3271
f 2021//3272 1320//3272 2022//3272
f 1255//3273 2011//3273 2010//3273
f 2010//3274 2011//3274 1347//3274
f 2010//3275 1347//3275 1349//3275
f 1258//3276 2014//3276 2012//3276
f 2012//3277 2014//3277 1346//3277
f 2012//3278 1346//3278 1345//3278
f 1255//3279 1256//3279 2011//3279
f 2011//3280 1256//3280 1260//3280
f 2011//3281 1260//3281 2012//3281
f 2012//3282 1260//3282 1259//3282
f 2012//3283 1259//3283 1258//3283
f 1343//3284 2013//3284 2015//3284
f 2015//3285 2013//3285 1262//3285
f 2015//3286 1262//3286 1261//3286
f 1261//3287 1265//3287 2015//3287
f 2015//3288 1265//3288 1266//3288
f 2015//3289 1266//3289 1992//3289
f 1992//3290 1266//3290 1267//3290
f 1992//3291 1267//3291 2016//3291
f 2016//3292 1267//3292 1268//3292
f 2016//3293 1268//3293 1270//3293
f 1258//3294 1257//3294 2014//3294
f 2014//3295 1257//3295 1264//3295
f 2014//3296 1264//3296 2013//3296
f 2013//3297 1264//3297 1263//3297
f 2013//3297 1263//3297 1262//3297
f 1311//3298 1332//3298 2017//3298
f 2017//3299 1332//3299 1991//3299
f 2017//3300 1991//3300 1272//3300
f 1277//3301 1278//3301 1990//3301
f 1990//3302 1278//3302 2018//3302
f 1990//3303 2018//3303 1328//3303
f 1328//3304 2018//3304 1321//3304
f 1272//3305 1271//3305 2017//3305
f 2017//3306 1271//3306 1275//3306
f 2017//3307 1275//3307 1990//3307
f 1990//3308 1275//3308 1276//3308
f 1990//3309 1276//3309 1277//3309
f 2019//3310 1279//3310 2020//3310
f 2020//3311 1279//3311 1282//3311
f 2020//3312 1282//3312 1288//3312
f 1288//3313 1286//3313 2020//3313
f 2020//3314 1286//3314 2022//3314
f 2020//3315 2022//3315 1319//3315
f 1319//3316 2022//3316 1320//3316
f 1278//3317 1283//3317 2018//3317
f 2018//3318 1283//3318 1281//3318
f 2018//3319 1281//3319 2019//3319
f 2019//3320 1281//3320 1280//3320
f 2019//3321 1280//3321 1279//3321
f 1270//3322 1269//3322 2016//3322
f 2016//3323 1269//3323 1274//3323
f 2016//3324 1274//3324 1991//3324
f 1991//3325 1274//3325 1273//3325
f 1991//3326 1273//3326 1272//3326
f 2023//3327 2024//3327 1998//3327
f 1998//3328 2024//3328 2000//3328
f 1998//3329 2000//3329 1382//3329
f 1382//3330 2000//3330 1383//3330
f 1996//3331 2025//3331 1997//3331
f 1997//3332 2025//3332 2026//3332
f 1997//3333 2026//3333 1998//3333
f 1998//3334 2026//3334 2027//3334
f 1998//3335 2027//3335 2023//3335
f 2028//3336 2029//3336 1999//3336
f 1999//3337 2029//3337 2002//3337
f 1999//3338 2002//3338 1302//3338
f 1302//3339 2002//3339 1303//3339
f 2030//3340 2003//3340 2001//3340
f 2001//3341 2003//3341 1374//3341
f 2001//3342 1374//3342 1373//3342
f 2029//3343 2031//3343 2002//3343
f 2002//3344 2031//3344 2032//3344
f 2002//3345 2032//3345 2001//3345
f 2001//3346 2032//3346 2033//3346
f 2001//3347 2033//3347 2030//3347
f 2024//3348 2034//3348 2000//3348
f 2000//3349 2034//3349 2035//3349
f 2000//3350 2035//3350 1999//3350
f 1999//3351 2035//3351 2036//3351
f 1999//3352 2036//3352 2028//3352
f 1364//3353 2004//3353 2006//3353
f 2006//3354 2004//3354 2037//3354
f 2006//3355 2037//3355 2038//3355
f 1306//3356 2005//3356 2007//3356
f 2007//3357 2005//3357 2039//3357
f 2007//3358 2039//3358 2040//3358
f 2038//3359 2041//3359 2006//3359
f 2006//3360 2041//3360 2042//3360
f 2006//3361 2042//3361 2005//3361
f 2005//3362 2042//3362 2043//3362
f 2005//3363 2043//3363 2039//3363
f 2044//3364 2045//3364 1993//3364
f 1993//3365 2045//3365 2009//3365
f 1993//3366 2009//3366 1351//3366
f 1351//3367 2009//3367 1353//3367
f 2046//3368 2044//3368 1994//3368
f 1994//3369 2044//3369 1993//3369
f 1994//3370 1993//3370 1359//3370
f 1359//3371 1993//3371 1350//3371
f 2040//3372 2047//3372 2007//3372
f 2007//3373 2047//3373 2048//3373
f 2007//3374 2048//3374 2008//3374
f 2008//3375 2048//3375 2049//3375
f 2008//3376 2049//3376 1994//3376
f 1994//3377 2049//3377 2050//3377
f 1994//3378 2050//3378 2046//3378
f 2030//3379 2051//3379 2003//3379
f 2003//3380 2051//3380 2052//3380
f 2003//3381 2052//3381 2004//3381
f 2004//3382 2052//3382 2053//3382
f 2004//3383 2053//3383 2037//3383
f 1286//3384 1285//3384 2022//3384
f 2022//3385 1285//3385 1284//3385
f 2022//3386 1284//3386 2021//3386
f 2021//3387 1284//3387 1287//3387
f 2021//3388 1287//3388 1299//3388
f 1299//3389 1287//3389 1289//3389
f 1299//3390 1289//3390 1292//3390
f 2045//3391 2054//3391 2009//3391
f 2009//3392 2054//3392 2055//3392
f 2009//3393 2055//3393 2010//3393
f 2010//3394 2055//3394 2056//3394
f 2010//3395 2056//3395 1255//3395
f 709//3396 2057//3396 710//3396
f 710//3397 2057//3397 2058//3397
f 710//3398 2058//3398 720//3398
f 720//3399 2058//3399 2059//3399
f 720//3400 2059//3400 1384//3400
f 2060//3401 2061//3401 2062//3401
f 2063//3402 2025//3402 1996//3402
f 2062//3403 2063//3403 2060//3403
f 2060//3404 2063//3404 1996//3404
f 2060//3405 1996//3405 2059//3405
f 2059//3406 1996//3406 1995//3406
f 2059//3407 1995//3407 1384//3407
f 2064//3408 2065//3408 2066//3408
f 2067//3409 2068//3409 2069//3409
f 1442//3410 1420//3410 2070//3410
f 1442//3411 2070//3411 1439//3411
f 1439//3412 2070//3412 2071//3412
f 1439//3413 2071//3413 1440//3413
f 2072//3414 1436//3414 2073//3414
f 2073//3415 1436//3415 1438//3415
f 2073//3416 1438//3416 2071//3416
f 2071//3417 1438//3417 1441//3417
f 2071//3418 1441//3418 1440//3418
f 1434//3419 1432//3419 2072//3419
f 2072//3420 1432//3420 1431//3420
f 2072//3421 1431//3421 1436//3421
f 2074//3422 1430//3422 1429//3422
f 1428//3423 1435//3423 2075//3423
f 2060//3424 2059//3424 2074//3424
f 2074//3425 2059//3425 2058//3425
f 2074//3426 2058//3426 1430//3426
f 1430//3427 2058//3427 2057//3427
f 1430//3428 2057//3428 709//3428
f 2076//3429 2077//3429 2078//3429
f 2078//3430 2077//3430 2079//3430
f 2078//3431 2079//3431 2080//3431
f 1429//3432 2081//3432 2074//3432
f 2074//3433 2081//3433 2078//3433
f 2074//3434 2078//3434 2060//3434
f 2060//3435 2078//3435 2080//3435
f 2060//3436 2080//3436 2061//3436
f 2082//3437 2083//3437 2084//3437
f 2084//3438 2083//3438 2085//3438
f 2085//3439 2083//3439 2086//3439
f 2086//3440 2083//3440 2087//3440
f 2086//3441 2087//3441 2088//3441
f 2089//3442 2090//3442 2067//3442
f 2091//3443 2092//3443 2089//3443
f 2089//3444 2092//3444 2093//3444
f 2089//3445 2093//3445 2090//3445
f 2091//3446 2089//3446 2094//3446
f 2094//3447 2089//3447 2095//3447
f 2094//3448 2095//3448 2096//3448
f 2097//3449 2098//3449 2099//3449
f 2100//3450 2101//3450 2099//3450
f 1419//3451 2102//3451 1420//3451
f 1420//3452 2102//3452 2103//3452
f 1420//3453 2103//3453 2070//3453
f 2070//3454 2103//3454 2104//3454
f 2070//3455 2104//3455 2105//3455
f 2101//3456 2106//3456 2099//3456
f 2099//3457 2106//3457 2107//3457
f 2099//3458 2107//3458 2097//3458
f 1429//3459 1428//3459 2081//3459
f 2081//3460 1428//3460 2075//3460
f 2081//3461 2075//3461 2072//3461
f 2072//3462 2075//3462 1435//3462
f 2072//3463 1435//3463 1434//3463
f 2065//3464 2108//3464 2066//3464
f 2066//3465 2108//3465 2109//3465
f 2066//3466 2109//3466 2078//3466
f 2078//3467 2109//3467 2110//3467
f 2078//3468 2110//3468 2076//3468
f 2095//3469 2111//3469 2112//3469
f 2097//3470 2096//3470 2098//3470
f 2098//3471 2096//3471 2095//3471
f 2098//3472 2095//3472 2113//3472
f 2113//3473 2095//3473 2112//3473
f 2067//3474 2069//3474 2089//3474
f 2089//3475 2069//3475 2114//3475
f 2089//3476 2114//3476 2095//3476
f 2095//3477 2114//3477 2115//3477
f 2095//3478 2115//3478 2111//3478
f 2088//3479 2116//3479 2086//3479
f 2086//3480 2116//3480 2117//3480
f 2086//3481 2117//3481 2066//3481
f 2066//3482 2117//3482 2118//3482
f 2066//3483 2118//3483 2064//3483
f 2068//3484 2085//3484 2069//3484
f 2069//3485 2085//3485 2086//3485
f 2069//3486 2086//3486 2114//3486
f 2114//3487 2086//3487 2066//3487
f 2114//3488 2066//3488 2115//3488
f 2115//3489 2066//3489 2078//3489
f 2115//3490 2078//3490 2111//3490
f 2111//3491 2078//3491 2081//3491
f 2111//3492 2081//3492 2112//3492
f 2112//3493 2081//3493 2072//3493
f 2112//3494 2072//3494 2113//3494
f 2113//3495 2072//3495 2073//3495
f 2113//3496 2073//3496 2098//3496
f 2098//3497 2073//3497 2071//3497
f 2098//3498 2071//3498 2099//3498
f 2099//3499 2071//3499 2070//3499
f 2099//3500 2070//3500 2100//3500
f 2100//3501 2070//3501 2105//3501
f 2119//3502 2120//3502 2121//3502
f 2122//3503 2123//3503 2124//3503
f 2125//3504 2126//3504 2127//3504
f 2128//3505 2129//3505 2130//3505
f 2131//3506 2132//3506 2133//3506
f 2093//3507 2092//3507 2134//3507
f 1519//3508 1521//3508 2135//3508
f 1526//3509 1525//3509 2136//3509
f 1541//3510 1540//3510 2137//3510
f 2137//3511 1540//3511 1539//3511
f 2137//3512 1539//3512 1897//3512
f 1897//3513 1539//3513 1537//3513
f 1897//3514 1537//3514 1536//3514
f 2138//3515 1534//3515 2139//3515
f 2139//3516 1534//3516 1530//3516
f 2139//3517 1530//3517 2137//3517
f 2137//3518 1530//3518 1529//3518
f 2137//3519 1529//3519 1541//3519
f 1523//3520 1779//3520 2138//3520
f 2136//3521 1525//3521 2138//3521
f 2138//3522 1525//3522 1524//3522
f 2138//3523 1524//3523 1523//3523
f 1779//3524 1532//3524 2138//3524
f 2138//3525 1532//3525 1531//3525
f 2138//3526 1531//3526 1534//3526
f 2135//3527 1521//3527 2136//3527
f 2136//3528 1521//3528 1527//3528
f 2136//3529 1527//3529 1526//3529
f 2120//3530 1512//3530 1513//3530
f 2121//3531 2120//3531 2135//3531
f 2120//3532 1513//3532 2135//3532
f 2135//3533 1513//3533 1518//3533
f 2135//3534 1518//3534 1519//3534
f 2119//3535 1514//3535 2120//3535
f 2120//3536 1514//3536 1511//3536
f 2120//3537 1511//3537 1512//3537
f 2102//3538 1419//3538 948//3538
f 1510//3539 1517//3539 2119//3539
f 1517//3540 1516//3540 2119//3540
f 2119//3541 1516//3541 1515//3541
f 2119//3542 1515//3542 1514//3542
f 2140//3543 2103//3543 2102//3543
f 2101//3544 2100//3544 2141//3544
f 2141//3545 2100//3545 2105//3545
f 2141//3546 2105//3546 2140//3546
f 2140//3547 2105//3547 2104//3547
f 2140//3548 2104//3548 2103//3548
f 2106//3549 2142//3549 2107//3549
f 2107//3550 2142//3550 2097//3550
f 2134//3551 2092//3551 2143//3551
f 2143//3552 2092//3552 2091//3552
f 2143//3553 2091//3553 2094//3553
f 2093//3554 2134//3554 2090//3554
f 2090//3555 2134//3555 2144//3555
f 2090//3556 2144//3556 2067//3556
f 2068//3557 2145//3557 2085//3557
f 2085//3558 2145//3558 2146//3558
f 2085//3559 2146//3559 2084//3559
f 2084//3560 2146//3560 2147//3560
f 2084//3561 2147//3561 2082//3561
f 2148//3562 2149//3562 2146//3562
f 2146//3562 2149//3562 2150//3562
f 2146//3563 2150//3563 2147//3563
f 2131//3506 2133//3506 2151//3506
f 2152//3564 2153//3564 2154//3564
f 2154//3565 2153//3565 2155//3565
f 2152//3566 2154//3566 2156//3566
f 2156//3567 2154//3567 2157//3567
f 2156//3568 2157//3568 2158//3568
f 2158//3569 2157//3569 2159//3569
f 2159//3570 2157//3570 1938//3570
f 2159//3571 1938//3571 1253//3571
f 2132//3572 2148//3572 2133//3572
f 2133//3573 2148//3573 2146//3573
f 2133//3574 2146//3574 2127//3574
f 2127//3575 2146//3575 2145//3575
f 2127//3576 2145//3576 2125//3576
f 2126//3577 2125//3577 2160//3577
f 2160//3578 2125//3578 2161//3578
f 2160//3579 2161//3579 2162//3579
f 2068//3580 2067//3580 2145//3580
f 2145//3581 2067//3581 2144//3581
f 2145//3582 2144//3582 2125//3582
f 2125//3583 2144//3583 2134//3583
f 2125//3584 2134//3584 2161//3584
f 2161//3585 2134//3585 2143//3585
f 2161//3586 2143//3586 2162//3586
f 2122//3587 2124//3587 2163//3587
f 2163//3588 2124//3588 2164//3588
f 2163//3589 2164//3589 2165//3589
f 2129//3505 2151//3505 2130//3505
f 2130//3590 2151//3590 2133//3590
f 2130//3591 2133//3591 2166//3591
f 2166//3592 2133//3592 2127//3592
f 2166//3593 2127//3593 2167//3593
f 2167//3594 2127//3594 2126//3594
f 2167//3595 2126//3595 2168//3595
f 2168//3596 2126//3596 2160//3596
f 2168//3597 2160//3597 2169//3597
f 2169//3598 2160//3598 2162//3598
f 2165//3599 2170//3599 2171//3599
f 2171//3600 2170//3600 2172//3600
f 2171//3601 2172//3601 2173//3601
f 2173//3602 2172//3602 2174//3602
f 2173//3603 2174//3603 2175//3603
f 2175//3604 2174//3604 2176//3604
f 2175//3605 2176//3605 2154//3605
f 2154//3606 2176//3606 2177//3606
f 2154//3607 2177//3607 2157//3607
f 2157//3608 2177//3608 1940//3608
f 2157//3609 1940//3609 1938//3609
f 2165//3610 2164//3610 2170//3610
f 2170//3611 2164//3611 2178//3611
f 2170//3612 2178//3612 1951//3612
f 1951//3613 1950//3613 2170//3613
f 2170//3614 1950//3614 1948//3614
f 2170//3615 1948//3615 2172//3615
f 2172//3616 1948//3616 1946//3616
f 2172//3617 1946//3617 2174//3617
f 2174//3618 1946//3618 1945//3618
f 2174//3619 1945//3619 2176//3619
f 2176//3620 1945//3620 1943//3620
f 2176//3621 1943//3621 2177//3621
f 2177//3622 1943//3622 1941//3622
f 2177//3623 1941//3623 1940//3623
f 2094//3624 2096//3624 2143//3624
f 2143//3625 2096//3625 2097//3625
f 2143//3626 2097//3626 2179//3626
f 2179//3627 2097//3627 2142//3627
f 2179//3628 2142//3628 2141//3628
f 2141//3629 2142//3629 2106//3629
f 2141//3630 2106//3630 2101//3630
f 1897//3631 1951//3631 2137//3631
f 2137//3632 1951//3632 2178//3632
f 2137//3633 2178//3633 2139//3633
f 2139//3634 2178//3634 2164//3634
f 2139//3635 2164//3635 2138//3635
f 2138//3636 2164//3636 2124//3636
f 2138//3637 2124//3637 2136//3637
f 2136//3638 2124//3638 2123//3638
f 2136//3639 2123//3639 2135//3639
f 948//3640 1510//3640 2102//3640
f 2102//3641 1510//3641 2119//3641
f 2102//3642 2119//3642 2140//3642
f 2140//3643 2119//3643 2121//3643
f 2140//3644 2121//3644 2141//3644
f 2141//3645 2121//3645 2135//3645
f 2141//3646 2135//3646 2179//3646
f 2179//3647 2135//3647 2123//3647
f 2179//3648 2123//3648 2143//3648
f 2143//3649 2123//3649 2122//3649
f 2143//3650 2122//3650 2162//3650
f 2162//3651 2122//3651 2163//3651
f 2162//3652 2163//3652 2169//3652
f 2169//3653 2163//3653 2165//3653
f 2169//3654 2165//3654 2168//3654
f 2168//3655 2165//3655 2171//3655
f 2168//3656 2171//3656 2167//3656
f 2167//3657 2171//3657 2173//3657
f 2167//3658 2173//3658 2166//3658
f 2166//3659 2173//3659 2175//3659
f 2166//3660 2175//3660 2130//3660
f 2130//3661 2175//3661 2154//3661
f 2130//3662 2154//3662 2128//3662
f 2128//3663 2154//3663 2155//3663
f 2082//3664 1963//3664 2083//3664
f 2083//3665 1963//3665 1968//3665
f 2083//3666 1968//3666 2087//3666
f 2087//3667 1968//3667 1969//3667
f 2087//3668 1969//3668 2088//3668
f 2088//3669 1969//3669 1960//3669
f 2088//3670 1960//3670 2116//3670
f 2109//3671 2108//3671 1962//3671
f 1962//3672 2108//3672 2065//3672
f 1962//3673 2065//3673 1961//3673
f 1961//3674 2065//3674 2064//3674
f 1961//3675 2064//3675 1959//3675
f 1959//3676 2064//3676 2118//3676
f 1959//3677 2118//3677 1960//3677
f 1960//3678 2118//3678 2117//3678
f 1960//3679 2117//3679 2116//3679
f 2109//3680 1962//3680 2110//3680
f 2110//3681 1962//3681 1957//3681
f 2110//3682 1957//3682 2076//3682
f 2076//3683 1957//3683 1956//3683
f 2076//3684 1956//3684 2077//3684
f 2077//3685 1956//3685 1958//3685
f 2077//3686 1958//3686 2079//3686
f 1955//3687 2063//3687 1953//3687
f 1953//3688 2063//3688 2062//3688
f 1953//3689 2062//3689 1954//3689
f 1954//3690 2062//3690 2061//3690
f 1954//3691 2061//3691 1958//3691
f 1958//3692 2061//3692 2080//3692
f 1958//3693 2080//3693 2079//3693
f 2034//3694 2024//3694 1979//3694
f 1979//3695 2024//3695 2023//3695
f 1979//3696 2023//3696 1989//3696
f 1989//3697 2023//3697 2027//3697
f 1989//3698 2027//3698 1988//3698
f 1988//3699 2027//3699 2026//3699
f 1988//3700 2026//3700 1955//3700
f 1955//3701 2026//3701 2025//3701
f 1955//3702 2025//3702 2063//3702
f 2034//3703 1979//3703 2035//3703
f 2035//3704 1979//3704 1980//3704
f 2035//3705 1980//3705 2036//3705
f 2036//3706 1980//3706 2028//3706
f 2028//3707 1980//3707 1981//3707
f 2028//3708 1981//3708 2029//3708
f 2029//3709 1981//3709 1982//3709
f 2029//3710 1982//3710 2031//3710
f 1977//3711 2051//3711 1978//3711
f 1978//3712 2051//3712 2030//3712
f 1978//3713 2030//3713 1983//3713
f 1983//3714 2030//3714 2033//3714
f 1983//3715 2033//3715 1982//3715
f 1982//3716 2033//3716 2032//3716
f 1982//3717 2032//3717 2031//3717
f 1974//3718 2042//3718 2041//3718
f 2038//3719 2037//3719 1976//3719
f 1976//3720 2037//3720 2053//3720
f 1976//3721 2053//3721 1977//3721
f 1977//3722 2053//3722 2052//3722
f 1977//3723 2052//3723 2051//3723
f 2038//3724 1976//3724 2041//3724
f 2041//3725 1976//3725 1975//3725
f 2041//3726 1975//3726 1974//3726
f 2042//3727 1974//3727 2043//3727
f 2043//3728 1974//3728 1984//3728
f 2043//3729 1984//3729 2039//3729
f 2039//3730 1984//3730 2040//3730
f 2040//3731 1984//3731 1985//3731
f 2040//3732 1985//3732 2047//3732
f 2047//3733 1985//3733 1971//3733
f 2047//3734 1971//3734 2048//3734
f 2048//3735 1971//3735 2049//3735
f 2049//3736 1971//3736 1972//3736
f 2049//3737 1972//3737 2050//3737
f 1970//3738 2045//3738 1973//3738
f 1973//3739 2045//3739 2044//3739
f 1973//3740 2044//3740 1972//3740
f 1972//3741 2044//3741 2046//3741
f 1972//3742 2046//3742 2050//3742
f 1255//3743 2056//3743 497//3743
f 497//3744 2056//3744 2055//3744
f 497//3745 2055//3745 1970//3745
f 1970//3746 2055//3746 2054//3746
f 1970//3747 2054//3747 2045//3747
f 1253//3748 454//3748 2159//3748
f 2159//3749 454//3749 1986//3749
f 2159//3750 1986//3750 2158//3750
f 2128//3751 2155//3751 1965//3751
f 1965//3752 2155//3752 2153//3752
f 1965//3753 2153//3753 1987//3753
f 1987//3754 2153//3754 2152//3754
f 1987//3755 2152//3755 1986//3755
f 1986//3756 2152//3756 2156//3756
f 1986//3757 2156//3757 2158//3757
f 2128//3758 1965//3758 2129//3758
f 2129//3759 1965//3759 1966//3759
f 2129//3760 1966//3760 2151//3760
f 1964//3761 2148//3761 1967//3761
f 1967//3762 2148//3762 2132//3762
f 1967//3763 2132//3763 1966//3763
f 1966//3764 2132//3764 2131//3764
f 1966//3765 2131//3765 2151//3765
f 2082//3766 2147//3766 1963//3766
f 1963//3767 2147//3767 2150//3767
f 1963//3768 2150//3768 1964//3768
f 1964//3769 2150//3769 2149//3769
f 1964//3770 2149//3770 2148//3770
