# Blender 4.5.10 LTS
# www.blender.org
mtllib converted_link_4_grey_666666ff.mtl
o converted_link_4_grey_666666ff
v -0.029180 -0.023499 0.089021
v -0.029447 -0.024627 0.093222
v -0.030523 0.021643 0.110030
v -0.029722 -0.025007 0.097555
v -0.029998 -0.024628 0.101887
v -0.028929 -0.021658 0.085080
v -0.030273 0.023484 0.106089
v -0.030006 0.024612 0.101888
v -0.028512 0.016063 0.078443
v -0.028353 0.012493 0.075948
v -0.028162 -0.004348 0.072985
v -0.029730 0.024993 0.097556
v -0.029454 0.024613 0.093224
v -0.029187 0.023485 0.089022
v -0.028708 0.019144 0.081518
v -0.028233 -0.008558 0.074110
v -0.028349 -0.012507 0.075948
v -0.030744 -0.019159 0.113592
v -0.031220 0.008543 0.121000
v -0.030517 -0.021659 0.110029
v -0.031103 0.012492 0.119163
v -0.030945 0.016062 0.116668
v -0.030266 -0.023500 0.106088
v -0.030750 0.019143 0.113593
v -0.028235 0.008544 0.074111
v -0.028163 0.004334 0.072985
v -0.028138 -0.000007 0.072606
v -0.028507 -0.016077 0.078443
v -0.028703 -0.019158 0.081517
v -0.030940 -0.016078 0.116667
v -0.031100 -0.012508 0.119162
v -0.031217 -0.008559 0.121000
v -0.028936 0.021644 0.085081
v -0.031289 -0.004349 0.122125
v -0.031314 -0.000008 0.122505
v -0.031291 0.004333 0.122126
v -0.003828 -0.024620 -0.075650
v -0.008160 -0.025000 -0.075926
v -0.031607 -0.008555 -0.077418
v 0.016406 0.004344 -0.074362
v 0.015279 0.008554 -0.074433
v -0.032733 -0.004345 -0.077489
v -0.033113 -0.000004 -0.077513
v -0.032735 0.004337 -0.077489
v -0.031610 0.008547 -0.077417
v -0.029773 0.012497 -0.077300
v -0.027279 0.016067 -0.077142
v -0.024204 0.019148 -0.076946
v -0.020642 0.021649 -0.076719
v 0.016786 0.000004 -0.074338
v 0.016407 -0.004338 -0.074362
v 0.015282 -0.008548 -0.074434
v 0.013445 -0.012497 -0.074551
v 0.010951 -0.016067 -0.074709
v 0.007877 -0.019149 -0.074905
v -0.029769 -0.012503 -0.077301
v -0.012492 -0.024621 -0.076202
v -0.016694 -0.023494 -0.076469
v 0.004314 -0.021649 -0.075132
v 0.000373 -0.023491 -0.075383
v -0.016701 0.023490 -0.076468
v -0.003835 0.024620 -0.075649
v -0.012500 0.024619 -0.076201
v -0.008168 0.025000 -0.075925
v 0.000366 0.023493 -0.075382
v 0.004308 0.021653 -0.075131
v 0.007871 0.019153 -0.074904
v -0.020635 -0.021653 -0.076720
v -0.024198 -0.019154 -0.076947
v -0.027274 -0.016073 -0.077142
v 0.010946 0.016073 -0.074709
v 0.013442 0.012503 -0.074550
v -0.018182 -0.004346 0.073620
v -0.018158 -0.000005 0.073241
v -0.018183 0.004336 0.073620
v -0.018256 0.008546 0.074746
v -0.018373 0.012495 0.076583
v -0.018532 0.016065 0.079078
v -0.018729 0.019146 0.082153
v -0.018956 0.021645 0.085716
v -0.019207 0.023486 0.089657
v -0.019474 0.024614 0.093859
v -0.019750 0.024994 0.098191
v -0.020026 0.024614 0.102523
v -0.020293 0.023486 0.106725
v -0.020544 0.021645 0.110666
v -0.020770 0.019145 0.114228
v -0.020965 0.016063 0.117303
v -0.021123 0.012493 0.119798
v -0.021240 0.008544 0.121635
v -0.021311 0.004334 0.122761
v -0.021334 -0.000007 0.123140
v -0.021310 -0.004348 0.122761
v -0.021237 -0.008558 0.121635
v -0.021120 -0.012507 0.119797
v -0.020960 -0.016077 0.117302
v -0.020764 -0.019157 0.114228
v -0.020537 -0.021657 0.110665
v -0.020286 -0.023498 0.106724
v -0.020018 -0.024626 0.102522
v -0.019743 -0.025006 0.098190
v -0.019467 -0.024626 0.093858
v -0.019200 -0.023498 0.089656
v -0.018949 -0.021657 0.085715
v -0.018723 -0.019156 0.082152
v -0.018528 -0.016075 0.079078
v -0.018369 -0.012505 0.076583
v -0.018253 -0.008556 0.074746
v 0.020286 0.063667 0.103179
v 0.021213 0.063056 0.107313
v 0.024515 0.062553 0.105705
v 0.050355 0.054111 0.035714
v 0.050944 0.053825 0.033967
v 0.047501 0.054505 0.030598
v 0.052453 0.053092 0.029497
v 0.051813 0.053232 0.028923
v 0.052152 0.053237 0.030387
v 0.055204 0.041141 -0.023856
v 0.054067 0.041229 -0.027588
v 0.049302 0.045553 -0.029193
v 0.039393 0.049196 -0.063378
v 0.036250 0.051799 -0.063578
v 0.037367 0.051424 -0.056513
v 0.027522 0.057849 -0.064133
v 0.024098 0.059700 -0.064351
v 0.025463 0.059099 -0.057936
v 0.031067 0.056231 0.007866
v 0.032619 0.056007 0.012037
v 0.039130 0.055552 0.017694
v 0.014671 0.064892 0.092146
v 0.011469 0.065428 0.093585
v 0.012899 0.065095 0.101800
v 0.007339 0.066041 0.095106
v 0.005100 0.066325 0.095743
v 0.006133 0.065957 0.103832
v 0.011577 0.044641 0.150671
v 0.011610 0.044734 0.150572
v 0.003139 0.044847 0.150880
v 0.012014 0.045863 0.149376
v 0.012189 0.046292 0.148856
v 0.011997 0.047418 0.147614
v 0.018077 0.056917 0.131395
v 0.018124 0.056968 0.131255
v 0.017796 0.057840 0.129438
v 0.043198 0.056852 0.056944
v 0.043313 0.056806 0.056604
v 0.039902 0.056812 0.051817
v 0.044459 0.056351 0.053194
v 0.039920 0.056733 0.050917
v 0.044637 0.056280 0.052666
v 0.039981 0.056469 0.047885
v 0.044886 0.056185 0.051923
v 0.039874 0.056269 0.045053
v 0.039899 0.056824 0.051960
v 0.039538 0.057271 0.056228
v 0.042617 0.057082 0.058675
v 0.039233 0.057514 0.058218
v 0.042121 0.057298 0.060152
v 0.039185 0.057551 0.058524
v 0.041377 0.057622 0.062370
v 0.038976 0.057719 0.059897
v 0.038548 0.057984 0.061811
v 0.040851 0.057851 0.063939
v 0.038544 0.057986 0.061827
v 0.040544 0.057984 0.064851
v 0.040417 0.058043 0.065229
v 0.038184 0.058209 0.063439
v 0.039436 0.058493 0.068130
v 0.037695 0.058462 0.065077
v 0.039331 0.058541 0.068440
v 0.036627 0.058977 0.068255
v 0.038246 0.059038 0.071650
v 0.037181 0.058728 0.066798
v 0.037616 0.058502 0.065341
v 0.036425 0.059068 0.068786
v 0.035970 0.059273 0.069984
v 0.038021 0.059140 0.072312
v 0.035334 0.059528 0.071343
v 0.037966 0.059165 0.072475
v 0.036998 0.059589 0.075334
v 0.034970 0.059674 0.072120
v 0.034564 0.059837 0.072987
v 0.036232 0.059924 0.077597
v 0.033814 0.060109 0.074319
v 0.035713 0.060152 0.079128
v 0.033249 0.060313 0.075320
v 0.032984 0.060410 0.075791
v 0.034977 0.060474 0.081302
v 0.032070 0.060711 0.077167
v 0.034430 0.060672 0.082929
v 0.034343 0.060703 0.083190
v 0.031329 0.060957 0.078284
v 0.031269 0.060975 0.078361
v 0.032854 0.061239 0.087613
v 0.030105 0.061330 0.079862
v 0.029416 0.061540 0.080750
v 0.029023 0.061653 0.081209
v 0.027934 0.061956 0.082392
v 0.030786 0.061802 0.091044
v 0.032189 0.061431 0.089589
v 0.028791 0.061721 0.081481
v 0.028731 0.061738 0.081548
v 0.032638 0.061317 0.088257
v 0.032401 0.061378 0.088960
v 0.028162 0.062394 0.093342
v 0.029439 0.061987 0.097731
v 0.030111 0.061901 0.095742
v 0.030567 0.061843 0.094394
v 0.030829 0.061776 0.093618
v 0.031208 0.061680 0.092497
v 0.028682 0.062083 0.099964
v 0.025368 0.062978 0.095437
v 0.027564 0.062069 0.103277
v 0.026454 0.061987 0.106560
v 0.026900 0.062060 0.105241
v 0.027282 0.062065 0.104109
v 0.027523 0.062068 0.103396
v 0.022937 0.060901 0.116974
v 0.023199 0.061031 0.116196
v 0.023054 0.061268 0.115468
v 0.023512 0.061186 0.115270
v 0.022137 0.062255 0.111413
v 0.023710 0.061285 0.114684
v 0.024737 0.061619 0.111644
v 0.025263 0.061791 0.110088
v 0.025456 0.061822 0.109515
v 0.020820 0.059594 0.123255
v 0.016427 0.060866 0.121831
v 0.020291 0.059135 0.124825
v 0.017115 0.059447 0.125674
v 0.019883 0.058779 0.126038
v 0.022233 0.060552 0.119062
v 0.015732 0.062097 0.117919
v 0.021848 0.060291 0.120202
v 0.021583 0.060112 0.120989
v 0.018486 0.057359 0.130182
v 0.018825 0.057724 0.129178
v 0.019464 0.058416 0.127279
v 0.016812 0.055273 0.135149
v 0.010115 0.056546 0.134476
v 0.016128 0.054215 0.137178
v 0.010591 0.054517 0.137950
v 0.015910 0.053880 0.137821
v 0.018043 0.056880 0.131496
v 0.009634 0.058395 0.130895
v 0.017437 0.056088 0.133296
v 0.017161 0.055730 0.134111
v 0.014276 0.051013 0.142669
v 0.011063 0.052314 0.141306
v 0.014170 0.050790 0.142982
v 0.011532 0.049945 0.144530
v 0.013726 0.049850 0.144298
v 0.013611 0.049606 0.144640
v 0.014727 0.051835 0.141329
v 0.014891 0.052132 0.140845
v 0.015513 0.053263 0.139002
v 0.012562 0.047203 0.147751
v 0.012633 0.047378 0.147539
v 0.013111 0.048549 0.146120
v 0.002841 0.047586 0.148037
v 0.003574 0.042087 0.153455
v 0.010700 0.042094 0.153269
v 0.010736 0.042207 0.153164
v 0.011056 0.043184 0.152215
v -0.004338 0.042080 0.153380
v 0.002285 0.042086 0.153443
v 0.003427 0.042087 0.153453
v -0.014873 0.042071 0.152919
v -0.008457 0.042077 0.153249
v -0.006337 0.047702 0.148027
v -0.006196 0.044916 0.150799
v -0.006309 0.042078 0.153318
v -0.006055 0.042079 0.153326
v -0.015519 0.047766 0.147704
v -0.022950 0.046650 0.148410
v -0.015531 0.042069 0.152885
v -0.023131 0.043513 0.151260
v -0.020930 0.042065 0.152607
v -0.023207 0.042061 0.152468
v -0.015480 0.052920 0.141816
v -0.022554 0.052374 0.142173
v -0.015503 0.050425 0.144832
v -0.022757 0.049606 0.145380
v -0.022878 0.047753 0.147279
v -0.015420 0.057388 0.135394
v -0.022113 0.057337 0.135232
v -0.015452 0.055244 0.138667
v -0.022339 0.054953 0.138789
v -0.022508 0.052923 0.141453
v -0.015345 0.061115 0.128522
v -0.021737 0.060653 0.129318
v -0.015384 0.059347 0.132009
v -0.021974 0.058648 0.133050
v -0.022104 0.057419 0.135095
v -0.015260 0.064057 0.121288
v -0.021241 0.063967 0.121516
v -0.015303 0.062686 0.124945
v -0.021492 0.062427 0.125472
v -0.021669 0.061141 0.128260
v -0.020563 0.066824 0.110857
v -0.020737 0.066232 0.113593
v -0.015167 0.066180 0.113784
v -0.020826 0.065928 0.114998
v -0.015214 0.065222 0.117565
v -0.020982 0.065270 0.117452
v -0.021212 0.064110 0.121072
v -0.015068 0.067465 0.106098
v -0.020249 0.067534 0.105933
v -0.020296 0.067466 0.106671
v -0.019756 0.067984 0.098178
v -0.020027 0.067854 0.102443
v -0.017472 0.067939 0.098240
v -0.014967 0.067890 0.098309
v -0.014484 0.067880 0.098323
v -0.013784 0.067850 0.098305
v -0.000837 0.066651 0.105181
v -0.001475 0.067054 0.097243
v -0.007925 0.067159 0.105914
v -0.005466 0.067395 0.097823
v -0.006427 0.067456 0.097901
v -0.008194 0.067570 0.098047
v -0.010222 0.067699 0.098214
v 0.003237 0.066562 0.096272
v 0.000834 0.066816 0.096781
v -0.001079 0.067020 0.097185
v 0.011345 0.065449 0.093641
v 0.011214 0.065471 0.093700
v 0.007912 0.065957 0.094899
v 0.019355 0.064090 0.099018
v 0.017483 0.064369 0.090630
v 0.014854 0.064862 0.092065
v 0.017876 0.064295 0.090415
v 0.022426 0.063545 0.097329
v 0.018237 0.064227 0.090218
v 0.023017 0.063195 0.086891
v 0.021281 0.063593 0.088232
v 0.020937 0.063664 0.088457
v 0.020320 0.063793 0.088859
v 0.023830 0.063008 0.086262
v 0.024183 0.062927 0.085990
v 0.026730 0.062285 0.083668
v 0.026535 0.062334 0.083846
v 0.025560 0.062579 0.084734
v 0.039818 0.056165 0.043583
v 0.045147 0.055710 0.045605
v 0.039815 0.056164 0.043561
v 0.039394 0.055924 0.039060
v 0.045225 0.056058 0.050922
v 0.045410 0.055990 0.050374
v 0.038170 0.055702 0.031609
v 0.038609 0.055739 0.033797
v 0.044265 0.055439 0.038514
v 0.038974 0.055825 0.036239
v 0.039281 0.055897 0.038303
v 0.037658 0.055658 0.029058
v 0.042919 0.055329 0.031489
v 0.037640 0.055658 0.028983
v 0.034937 0.055746 0.018902
v 0.035784 0.055697 0.021840
v 0.041186 0.055369 0.024546
v 0.036499 0.055656 0.024323
v 0.036662 0.055656 0.024991
v 0.033020 0.055949 0.013112
v 0.033578 0.055890 0.014800
v 0.034792 0.055762 0.018465
v 0.030213 0.056372 0.005699
v 0.030720 0.056281 0.006935
v 0.036803 0.055866 0.010933
v 0.034252 0.056301 0.004259
v 0.027999 0.056765 0.000308
v 0.028299 0.056712 0.001041
v 0.031520 0.056849 -0.002332
v 0.025320 0.057320 -0.005687
v 0.027613 0.056844 -0.000555
v 0.018948 0.058860 -0.018876
v 0.020905 0.058342 -0.015004
v 0.025664 0.058251 -0.015309
v 0.024702 0.057448 -0.007070
v 0.024852 0.057417 -0.006734
v 0.019521 0.060001 -0.028097
v 0.012808 0.060574 -0.030868
v 0.015682 0.059723 -0.025337
v 0.018932 0.058864 -0.018905
v 0.013397 0.062011 -0.040828
v 0.009562 0.061535 -0.037112
v 0.012251 0.060739 -0.031937
v 0.001158 0.064347 -0.053980
v 0.002357 0.063929 -0.051491
v 0.007686 0.064127 -0.053694
v 0.004506 0.063180 -0.047028
v 0.010459 0.063068 -0.047230
v 0.005572 0.062833 -0.044936
v 0.006651 0.062482 -0.042822
v 0.005159 0.065151 -0.060257
v -0.000675 0.065022 -0.058132
v 0.000757 0.064495 -0.054889
v -0.000491 0.066208 -0.065916
v -0.003882 0.066253 -0.066132
v -0.003434 0.066074 -0.064896
v -0.003353 0.066042 -0.064677
v -0.001918 0.065487 -0.061051
v -0.001521 0.065334 -0.060047
v 0.007643 0.065311 -0.065398
v 0.003600 0.065899 -0.065655
v 0.003362 0.065917 -0.065671
v 0.017448 0.062591 -0.064774
v 0.015639 0.063265 -0.064889
v 0.012158 0.063962 -0.059470
v 0.011657 0.064436 -0.065143
v 0.010508 0.064685 -0.065216
v 0.023567 0.059987 -0.064385
v 0.019610 0.061787 -0.064637
v 0.018957 0.061928 -0.058694
v 0.030369 0.056050 -0.063952
v 0.035436 0.052472 -0.063630
v 0.031477 0.055351 -0.063882
v 0.031609 0.055563 -0.057207
v 0.041723 0.047030 -0.063230
v 0.047408 0.041852 -0.057113
v 0.046753 0.041958 -0.062910
v 0.042734 0.046789 -0.055864
v 0.042948 0.045892 -0.063152
v 0.049756 0.041588 -0.043887
v 0.049351 0.041627 -0.045938
v 0.044475 0.046407 -0.046869
v 0.049116 0.041649 -0.047128
v 0.048421 0.041717 -0.050655
v 0.047741 0.041808 -0.054992
v 0.047696 0.041814 -0.055278
v 0.050834 0.041494 -0.039310
v 0.046701 0.045988 -0.037982
v 0.051182 0.041464 -0.037833
v 0.053083 0.041305 -0.030818
v 0.052884 0.041321 -0.031553
v 0.051487 0.041438 -0.036707
v 0.055208 0.044721 -0.011816
v 0.059537 0.040848 -0.010713
v 0.057707 0.040969 -0.016195
v 0.055764 0.041098 -0.022018
v 0.061343 0.043472 0.003162
v 0.062795 0.040739 -0.001155
v 0.059933 0.040825 -0.009578
v 0.062833 0.040663 -0.001267
v 0.056224 0.047464 0.002323
v 0.060977 0.044075 0.004253
v 0.061041 0.043968 0.004061
v 0.058529 0.047780 0.011519
v 0.059004 0.047108 0.010109
v 0.059135 0.046924 0.009723
v 0.059921 0.045815 0.007393
v 0.060394 0.045034 0.005984
v 0.060708 0.044516 0.005050
v 0.057995 0.048414 0.013098
v 0.050688 0.050566 -0.001036
v 0.057179 0.049381 0.015509
v 0.056521 0.049664 0.015046
v 0.057151 0.049415 0.015591
v 0.053305 0.051789 0.018595
v 0.055546 0.050952 0.020335
v 0.055734 0.050803 0.019781
v 0.055773 0.050764 0.019663
v 0.056927 0.049636 0.016255
v 0.057143 0.049424 0.015615
v 0.053975 0.052151 0.024985
v 0.054252 0.051977 0.024167
v 0.049619 0.053443 0.021353
v 0.054664 0.051650 0.022945
v 0.054973 0.051405 0.022029
v 0.052560 0.053040 0.029179
v 0.052625 0.052998 0.028985
v 0.053657 0.052350 0.025926
v 0.045544 0.054634 0.023335
v 0.051614 0.053499 0.031982
v 0.049147 0.054578 0.039294
v 0.049440 0.054465 0.038427
v 0.049104 0.054519 0.037948
v 0.049601 0.054403 0.037951
v 0.049854 0.054305 0.037202
v 0.046452 0.055608 0.047283
v 0.046473 0.055601 0.047220
v 0.046587 0.055559 0.046883
v 0.046988 0.055412 0.045693
v 0.047591 0.055179 0.043907
v 0.045540 0.055942 0.049988
v 0.039215 0.050863 -0.047897
v 0.041509 0.050255 -0.039389
v 0.044147 0.049633 -0.030973
v 0.050052 0.048445 -0.014307
v 0.044554 0.051803 -0.016948
v 0.038633 0.053292 -0.032860
v 0.035948 0.054076 -0.040883
v 0.033574 0.054845 -0.048991
v 0.027555 0.058251 -0.050134
v 0.030020 0.057350 -0.042438
v 0.032759 0.056436 -0.034818
v 0.038715 0.054704 -0.019689
v 0.044829 0.053252 -0.004531
v 0.050642 0.052174 0.010815
v 0.015029 0.063137 0.113949
v 0.014323 0.063983 0.109933
v 0.013612 0.064636 0.105880
v 0.002544 0.050173 0.145041
v 0.002248 0.052601 0.141902
v 0.001949 0.054859 0.138632
v 0.001651 0.056940 0.135241
v 0.001349 0.058839 0.131742
v 0.001045 0.060550 0.128146
v 0.009147 0.060058 0.127220
v 0.000737 0.062066 0.124465
v 0.008655 0.061531 0.123463
v 0.000427 0.063386 0.120711
v 0.008158 0.062810 0.119635
v 0.000114 0.064506 0.116896
v 0.007656 0.063894 0.115747
v -0.000201 0.065425 0.113028
v 0.007151 0.064781 0.111810
v -0.006475 0.050335 0.145103
v -0.006609 0.052805 0.142035
v -0.006741 0.055104 0.138835
v -0.006873 0.057225 0.135513
v -0.007003 0.059161 0.132081
v -0.007133 0.060906 0.128549
v -0.007264 0.062456 0.124930
v -0.007396 0.063806 0.121234
v -0.007527 0.064954 0.117475
v -0.007659 0.065897 0.113659
v -0.000519 0.066140 0.109120
v 0.006642 0.065468 0.107836
v 0.047943 0.055044 0.042863
v 0.040788 0.055285 0.009079
v 0.038088 0.055791 0.002080
v 0.032258 0.057126 -0.011706
v 0.026133 0.058843 -0.025294
v 0.020071 0.060846 -0.038825
v 0.017202 0.061902 -0.045629
v 0.014536 0.062954 -0.052499
v 0.021189 0.060981 -0.051308
v 0.023752 0.059983 -0.044026
v 0.026552 0.058976 -0.036816
v 0.032556 0.057069 -0.022483
v 0.038671 0.055454 -0.008102
v 0.044483 0.054229 0.006475
v 0.047159 0.053778 0.013871
v 0.043289 0.054896 0.016162
v -0.003200 0.024621 -0.085629
v -0.007532 0.025000 -0.085905
v -0.011865 0.024619 -0.086180
v -0.016066 0.023491 -0.086448
v -0.020007 0.021649 -0.086699
v -0.023569 0.019149 -0.086926
v -0.026643 0.016067 -0.087121
v -0.029138 0.012497 -0.087280
v -0.030975 0.008548 -0.087397
v -0.032100 0.004337 -0.087469
v -0.032478 -0.000004 -0.087493
v -0.032098 -0.004345 -0.087469
v -0.030972 -0.008554 -0.087398
v -0.029134 -0.012503 -0.087281
v -0.026639 -0.016073 -0.087122
v -0.023563 -0.019153 -0.086926
v -0.020000 -0.021653 -0.086700
v -0.016059 -0.023493 -0.086449
v -0.011857 -0.024621 -0.086182
v -0.007525 -0.025000 -0.085906
v -0.003193 -0.024619 -0.085630
v 0.001009 -0.023491 -0.085363
v 0.004949 -0.021649 -0.085112
v 0.008512 -0.019149 -0.084885
v 0.011586 -0.016067 -0.084689
v 0.014081 -0.012497 -0.084530
v 0.015917 -0.008547 -0.084413
v 0.017042 -0.004337 -0.084342
v 0.017421 0.000004 -0.084317
v 0.017041 0.004345 -0.084341
v 0.015915 0.008555 -0.084413
v 0.014077 0.012503 -0.084530
v 0.011581 0.016073 -0.084689
v 0.008506 0.019153 -0.084884
v 0.004943 0.021653 -0.085111
v 0.001002 0.023493 -0.085362
v -0.019906 -0.042425 -0.014232
v -0.012892 -0.041818 -0.004892
v -0.018587 -0.037753 -0.007792
v -0.059267 -0.000009 -0.036293
v -0.060942 -0.000009 -0.038261
v -0.059035 -0.006024 -0.036431
v -0.014152 -0.040857 0.043935
v -0.014097 -0.038114 0.041969
v -0.013022 -0.038129 0.041737
v -0.012991 -0.035289 0.039889
v -0.011239 -0.033836 0.038196
v -0.011250 -0.032360 0.037326
v -0.009877 -0.032328 0.036281
v -0.009419 -0.029289 0.033954
v -0.008928 -0.029253 0.033316
v -0.008837 -0.030766 0.034199
v -0.008101 -0.029156 0.031972
v -0.008243 -0.027628 0.031082
v -0.008380 -0.026081 0.030225
v -0.007864 -0.025965 0.028734
v -0.006077 -0.029494 0.023739
v -0.006624 -0.028032 0.022690
v -0.006883 -0.027783 0.020982
v -0.006271 -0.029233 0.022033
v -0.007279 -0.027526 0.019233
v -0.011618 -0.019906 0.032040
v -0.011273 -0.019902 0.031720
v -0.011277 -0.021512 0.032285
v -0.009799 -0.016596 0.028372
v -0.009730 -0.019848 0.029544
v -0.010156 -0.019872 0.030304
v -0.008983 -0.016463 0.024942
v -0.009090 -0.016503 0.025815
v -0.009279 -0.013228 0.024627
v -0.012770 -0.000003 0.029807
v -0.012670 -0.000003 0.029737
v -0.012700 -0.003356 0.029850
v -0.010226 -0.000003 0.026405
v -0.010108 -0.000003 0.025946
v -0.010144 -0.003339 0.026286
v -0.007784 -0.024271 0.026298
v -0.008036 -0.022705 0.025436
v -0.007994 -0.022555 0.023799
v -0.014376 -0.015174 0.008223
v -0.012972 -0.018200 0.009939
v -0.011132 -0.018562 0.013468
v -0.012538 -0.009464 0.012194
v -0.013386 -0.006293 0.010820
v -0.015670 -0.006159 0.007150
v -0.010353 -0.000003 0.018098
v -0.010830 -0.000003 0.016757
v -0.010480 -0.003259 0.017596
v -0.011616 -0.000003 0.014550
v 0.000041 -0.040515 0.023839
v -0.000934 -0.039377 0.022662
v -0.001532 -0.039047 0.020520
v -0.001902 -0.038210 0.021503
v -0.002862 -0.037015 0.020360
v -0.003556 -0.036707 0.018275
v -0.001413 -0.038552 0.023580
v -0.002321 -0.037345 0.022412
v -0.002787 -0.036443 0.023247
v -0.003625 -0.035168 0.022096
v -0.004115 -0.034847 0.020133
v -0.011646 -0.035416 0.003460
v -0.014093 -0.033065 0.001709
v -0.017199 -0.033002 -0.002381
v -0.015224 -0.037604 -0.003435
v -0.003066 -0.052222 0.052128
v -0.001372 -0.051934 0.051012
v 0.000003 -0.055687 0.056855
v -0.013183 -0.050749 0.052929
v -0.013218 -0.052914 0.055514
v -0.015810 -0.052895 0.055616
v -0.014335 -0.048447 0.050600
v -0.013150 -0.048457 0.050451
v 0.008104 -0.050771 0.042060
v 0.009784 -0.052426 0.044888
v 0.008913 -0.052952 0.047042
v 0.000674 -0.049186 0.045513
v -0.000280 -0.047009 0.042754
v 0.000726 -0.046645 0.041216
v 0.015514 -0.053161 0.040546
v 0.015566 -0.052697 0.037824
v 0.020145 -0.054852 0.043140
v 0.013192 -0.052350 0.040469
v 0.015255 -0.053663 0.043214
v 0.014777 -0.054197 0.045808
v 0.001672 -0.043414 0.019382
v 0.002866 -0.044353 0.020499
v 0.004254 -0.044969 0.025273
v 0.005367 -0.045893 0.026475
v -0.003967 -0.041759 0.008992
v -0.006689 -0.041647 0.004363
v -0.003926 -0.043491 0.006145
v -0.015127 -0.053819 -0.029017
v -0.008110 -0.055833 -0.027156
v -0.000955 -0.054423 -0.015438
v -0.009447 -0.065842 -0.065939
v -0.006763 -0.064817 -0.059354
v -0.013540 -0.064033 -0.060690
v -0.016133 -0.065010 -0.067073
v -0.018294 -0.065884 -0.073606
v -0.011675 -0.066756 -0.072695
v -0.075259 -0.004236 -0.090216
v -0.075028 -0.006713 -0.090202
v -0.075420 -0.006635 -0.081288
v -0.073331 -0.016623 -0.090094
v -0.072408 -0.019867 -0.090035
v -0.072587 -0.019856 -0.085692
v -0.068296 -0.030265 -0.089774
v -0.067239 -0.032241 -0.089707
v -0.067296 -0.032263 -0.085141
v -0.066325 -0.033950 -0.089648
v -0.065580 -0.035159 -0.089601
v -0.065593 -0.035184 -0.084968
v -0.050210 -0.052837 -0.086253
v -0.049965 -0.052769 -0.083388
v -0.052552 -0.050608 -0.083649
v -0.006616 -0.067434 -0.075895
v -0.006527 -0.067391 -0.075432
v -0.012540 -0.067140 -0.076152
v -0.001749 -0.065427 -0.060646
v -0.000649 -0.065021 -0.058137
v 0.027629 -0.056838 -0.000558
v 0.028304 -0.056711 0.001043
v 0.022475 -0.056644 -0.001631
v 0.030235 -0.056360 0.005693
v 0.031070 -0.056231 0.007870
v 0.025347 -0.056153 0.004950
v 0.032640 -0.055997 0.012033
v 0.033590 -0.055885 0.014799
v 0.027977 -0.055795 0.011616
v 0.034799 -0.055758 0.018466
v 0.035814 -0.055683 0.021834
v 0.030311 -0.055586 0.018374
v 0.038359 -0.055698 0.032344
v 0.039005 -0.055812 0.036235
v 0.033829 -0.055675 0.032155
v 0.038694 -0.057909 0.061377
v 0.038582 -0.057972 0.061812
v 0.034423 -0.057778 0.056598
v 0.036673 -0.058967 0.068265
v 0.036454 -0.059060 0.068788
v 0.032728 -0.058856 0.063311
v 0.035377 -0.059519 0.071353
v 0.034990 -0.059668 0.072118
v 0.031499 -0.059459 0.066533
v -0.016380 -0.067944 0.098299
v -0.017452 -0.067961 0.098259
v -0.017223 -0.067699 0.092254
v -0.015430 -0.002467 0.030373
v -0.015427 -0.000004 0.030328
v -0.014888 -0.000004 0.030347
v -0.014886 -0.003361 0.030444
v -0.015447 -0.006640 0.030652
v -0.014889 -0.006713 0.030693
v -0.014917 -0.013368 0.031686
v -0.015511 -0.013360 0.031680
v -0.014900 -0.010051 0.031107
v -0.015480 -0.010794 0.031187
v -0.015447 -0.006712 0.030661
v -0.014969 -0.019901 0.033336
v -0.015050 -0.026242 0.035624
v -0.015720 -0.024775 0.034989
v -0.015632 -0.020840 0.033591
v -0.015615 -0.019888 0.033317
v -0.014939 -0.016654 0.032430
v -0.015559 -0.016821 0.032435
v -0.015530 -0.014919 0.031980
v -0.015156 -0.032326 0.038529
v -0.015824 -0.028619 0.036627
v -0.015759 -0.026219 0.035604
v -0.016162 -0.038060 0.041963
v -0.016145 -0.037690 0.041701
v -0.015287 -0.038089 0.042020
v -0.016078 -0.036026 0.040630
v -0.015943 -0.032371 0.038506
v -0.016299 -0.041094 0.044116
v -0.015362 -0.040832 0.043974
v -0.016418 -0.043432 0.046002
v -0.016465 -0.044339 0.046732
v -0.015441 -0.043473 0.046060
v -0.016643 -0.047422 0.049548
v -0.015617 -0.048425 0.050608
v -0.016706 -0.048378 0.050537
v -0.016835 -0.050338 0.052560
v -0.015711 -0.050723 0.053058
v -0.017023 -0.052866 0.055518
v -0.017138 -0.054302 0.057338
v -0.017039 -0.053081 0.055769
v -0.017355 -0.056714 0.060744
v -0.017366 -0.056822 0.060920
v -0.016020 -0.056845 0.061031
v -0.017580 -0.058908 0.064287
v -0.016244 -0.060235 0.066801
v -0.017733 -0.060200 0.066693
v -0.017813 -0.060883 0.067963
v -0.018056 -0.062635 0.071770
v -0.016478 -0.063037 0.072867
v -0.018118 -0.063015 0.072750
v -0.016720 -0.065226 0.079171
v -0.018519 -0.065208 0.079057
v -0.018425 -0.064785 0.077575
v -0.018306 -0.064159 0.075707
v -0.019352 -0.067696 0.092151
v -0.019201 -0.067474 0.089782
v -0.016970 -0.066784 0.085654
v -0.018939 -0.066829 0.085659
v -0.018931 -0.066802 0.085538
v -0.018680 -0.065932 0.081590
v -0.019735 -0.067996 0.098175
v -0.019467 -0.067865 0.093955
v -0.012124 -0.067801 0.098287
v -0.013764 -0.067856 0.098291
v -0.013682 -0.067603 0.092300
v -0.014947 -0.067896 0.098295
v -0.006408 -0.067465 0.097899
v -0.007637 -0.067556 0.098036
v -0.006696 -0.067218 0.091889
v -0.008171 -0.067585 0.098066
v 0.000552 -0.066865 0.096877
v -0.001460 -0.067054 0.097220
v 0.000165 -0.066586 0.090773
v -0.003620 -0.067256 0.097588
v 0.007934 -0.065961 0.094901
v 0.005126 -0.066334 0.095758
v 0.004544 -0.066411 0.095937
v 0.000860 -0.066830 0.096804
v 0.011487 -0.065429 0.093577
v 0.011359 -0.065449 0.093627
v 0.010015 -0.065218 0.087605
v 0.008348 -0.065907 0.094774
v 0.017502 -0.064369 0.090626
v 0.015329 -0.064781 0.091833
v 0.013113 -0.064664 0.086122
v 0.014686 -0.064892 0.092131
v 0.011942 -0.065360 0.093404
v 0.017892 -0.064294 0.090409
v 0.016087 -0.064069 0.084414
v 0.018434 -0.064192 0.090109
v 0.020343 -0.063793 0.088862
v 0.020960 -0.063665 0.088458
v 0.018911 -0.063441 0.082482
v 0.021175 -0.063620 0.088319
v 0.023039 -0.063193 0.086892
v 0.024020 -0.062114 0.077947
v 0.026550 -0.062332 0.083840
v 0.026258 -0.062411 0.084142
v 0.023855 -0.063006 0.086268
v 0.021563 -0.062786 0.080324
v 0.023985 -0.062977 0.086169
v 0.025588 -0.062578 0.084740
v 0.030132 -0.061326 0.079866
v 0.029035 -0.061650 0.081201
v 0.026258 -0.061434 0.075361
v 0.028788 -0.061723 0.081502
v 0.028748 -0.061734 0.081548
v 0.028560 -0.061787 0.081759
v 0.027953 -0.061952 0.082388
v 0.032094 -0.060707 0.077167
v 0.031265 -0.060973 0.078342
v 0.028259 -0.060759 0.072584
v 0.030543 -0.061204 0.079366
v 0.033850 -0.060101 0.074328
v 0.033261 -0.060308 0.075312
v 0.030009 -0.060097 0.069633
v 0.032464 -0.060588 0.076642
v 0.033989 -0.060052 0.074096
v 0.035408 -0.059507 0.071291
v 0.037769 -0.058435 0.064997
v 0.037739 -0.058449 0.065083
v 0.033699 -0.058293 0.059992
v 0.037652 -0.058492 0.065345
v 0.036677 -0.058966 0.068258
v 0.038578 -0.057974 0.061829
v 0.039756 -0.057051 0.054286
v 0.039356 -0.057438 0.057716
v 0.034914 -0.057315 0.053152
v 0.039265 -0.057502 0.058217
v 0.039210 -0.057541 0.058522
v 0.039970 -0.056348 0.046406
v 0.039974 -0.056682 0.050504
v 0.035255 -0.056550 0.046171
v 0.039950 -0.056722 0.050915
v 0.039898 -0.056809 0.051813
v 0.034854 -0.056007 0.039150
v 0.039185 -0.055843 0.037313
v 0.039296 -0.055890 0.038300
v 0.039715 -0.056064 0.042010
v 0.039805 -0.056164 0.043560
v 0.039892 -0.056261 0.045051
v 0.032287 -0.055540 0.025223
v 0.036050 -0.055666 0.022616
v 0.036666 -0.055654 0.024992
v 0.037310 -0.055641 0.027472
v 0.037635 -0.055658 0.028986
v 0.038199 -0.055689 0.031605
v 0.034423 -0.055786 0.017221
v 0.032381 -0.056027 0.011278
v 0.029944 -0.056406 0.004935
v 0.019406 -0.057257 -0.008140
v 0.025334 -0.057316 -0.005688
v 0.027209 -0.056916 -0.001553
v 0.020730 -0.058384 -0.015398
v 0.024209 -0.057556 -0.008170
v 0.024860 -0.057417 -0.006731
v 0.006060 -0.060630 -0.033744
v 0.012270 -0.060733 -0.031940
v 0.012825 -0.060570 -0.030870
v 0.012859 -0.058785 -0.020996
v 0.015953 -0.059648 -0.024850
v 0.018953 -0.058854 -0.018911
v 0.018969 -0.058850 -0.018882
v -0.000614 -0.062682 -0.046482
v 0.006674 -0.062482 -0.042826
v 0.009941 -0.061419 -0.036422
v 0.002377 -0.063927 -0.051495
v 0.004378 -0.063228 -0.047325
v 0.005594 -0.062833 -0.044941
v 0.000776 -0.064493 -0.054891
v 0.001089 -0.064377 -0.054177
v -0.003786 -0.063750 -0.052885
v -0.005653 -0.067000 -0.071868
v -0.005419 -0.066897 -0.070958
v -0.005403 -0.066890 -0.070900
v -0.003862 -0.066253 -0.066135
v -0.003390 -0.066068 -0.064908
v -0.001904 -0.065488 -0.061050
v -0.006394 -0.067327 -0.074736
v -0.007435 -0.067861 -0.081413
v -0.007377 -0.067829 -0.080929
v -0.013179 -0.067448 -0.079663
v -0.007156 -0.067704 -0.079052
v -0.007058 -0.067648 -0.078219
v -0.014169 -0.067671 -0.086330
v -0.013561 -0.067713 -0.086291
v -0.013534 -0.067655 -0.083218
v -0.010003 -0.067953 -0.086065
v -0.007486 -0.067912 -0.082719
v -0.007552 -0.067976 -0.084384
v -0.007514 -0.067998 -0.085907
v -0.026627 -0.065178 -0.084303
v -0.026691 -0.065197 -0.087127
v -0.024342 -0.065876 -0.086977
v -0.022429 -0.066337 -0.086856
v -0.020139 -0.066739 -0.083766
v -0.020186 -0.066771 -0.086713
v -0.018313 -0.067134 -0.086594
v -0.032939 -0.062986 -0.084826
v -0.032278 -0.063313 -0.087483
v -0.028352 -0.064716 -0.087233
v -0.039858 -0.059783 -0.087965
v -0.039085 -0.060173 -0.087916
v -0.039012 -0.060181 -0.085328
v -0.036113 -0.061669 -0.087727
v -0.033014 -0.062998 -0.087529
v -0.044860 -0.056777 -0.088283
v -0.043505 -0.057653 -0.088197
v -0.044788 -0.056788 -0.085806
v -0.048557 -0.054160 -0.088518
v -0.045160 -0.056583 -0.088302
v -0.051796 -0.051536 -0.088724
v -0.050247 -0.052790 -0.088626
v -0.057397 -0.045911 -0.084138
v -0.055247 -0.048325 -0.088944
v -0.055032 -0.048319 -0.083899
v -0.054873 -0.048712 -0.088920
v -0.052798 -0.050616 -0.088788
v -0.059641 -0.043386 -0.084364
v -0.057783 -0.045692 -0.089105
v -0.057574 -0.045908 -0.089092
v -0.061760 -0.040752 -0.084578
v -0.060520 -0.042474 -0.089279
v -0.059762 -0.043365 -0.089231
v -0.064135 -0.037501 -0.089509
v -0.063786 -0.037996 -0.089487
v -0.063746 -0.038015 -0.084779
v -0.061852 -0.040740 -0.089364
v -0.061729 -0.040914 -0.089356
v -0.070045 -0.026449 -0.089885
v -0.070146 -0.026189 -0.089891
v -0.070255 -0.026188 -0.085446
v -0.071565 -0.022506 -0.089982
v -0.072186 -0.020647 -0.090021
v -0.074615 -0.010045 -0.090175
v -0.074226 -0.012546 -0.090151
v -0.074354 -0.013234 -0.081129
v -0.074048 -0.013354 -0.090139
v -0.074268 -0.013334 -0.085875
v -0.047278 -0.054799 -0.083118
v -0.044497 -0.056694 -0.082838
v -0.047649 -0.051923 -0.072201
v -0.053101 -0.047611 -0.073057
v -0.051695 -0.050290 -0.078098
v -0.049025 -0.052420 -0.077745
v -0.046258 -0.054418 -0.077378
v -0.041822 -0.055699 -0.071276
v -0.041630 -0.058448 -0.082548
v -0.043401 -0.056279 -0.076998
v -0.040464 -0.057998 -0.076605
v -0.035688 -0.058910 -0.070292
v -0.031245 -0.062284 -0.075367
v -0.029318 -0.061539 -0.069259
v -0.034378 -0.061003 -0.075789
v -0.037454 -0.059574 -0.076202
v -0.027004 -0.060713 -0.063250
v -0.024405 -0.059867 -0.057270
v -0.031140 -0.057429 -0.058622
v -0.032586 -0.062836 -0.081634
v -0.035667 -0.061522 -0.081947
v -0.038685 -0.060059 -0.082251
v -0.019773 -0.066545 -0.080335
v -0.019139 -0.066251 -0.076945
v -0.025648 -0.064732 -0.077723
v -0.024837 -0.064391 -0.074500
v -0.022779 -0.063574 -0.068182
v -0.020309 -0.062665 -0.061991
v -0.007569 -0.062014 -0.048139
v -0.015180 -0.057403 -0.039161
v -0.022245 -0.055257 -0.040799
v -0.021560 -0.059030 -0.051268
v -0.025490 -0.055975 -0.046779
v -0.018763 -0.054537 -0.034860
v -0.007347 -0.048971 -0.009216
v -0.013725 -0.045975 -0.011765
v -0.021122 -0.046953 -0.021871
v -0.006969 -0.045350 -0.001882
v -0.004004 -0.048597 -0.003987
v -0.000878 -0.048338 0.001232
v -0.014574 -0.060800 -0.049735
v -0.008058 -0.059000 -0.037442
v -0.001063 -0.057315 -0.025210
v 0.005891 -0.055848 -0.013122
v -0.000955 -0.060070 -0.035639
v 0.005948 -0.058291 -0.023162
v 0.012696 -0.056784 -0.010696
v 0.012325 -0.054741 -0.001047
v 0.001722 -0.046780 0.009809
v 0.001380 -0.045345 0.012890
v -0.001120 -0.045202 0.007961
v -0.001313 -0.043618 0.010922
v 0.005002 -0.049503 0.008205
v 0.002000 -0.048208 0.006455
v -0.000973 -0.046776 0.004733
v -0.003915 -0.045208 0.003038
v -0.009674 -0.041670 -0.000262
v 0.004827 -0.046475 0.018904
v 0.004104 -0.046937 0.014896
v 0.004592 -0.048221 0.011689
v 0.003536 -0.045651 0.017828
v 0.002252 -0.044793 0.016763
v 0.000975 -0.043902 0.015708
v -0.001552 -0.042021 0.013630
v 0.002047 -0.043023 0.022910
v 0.003147 -0.044012 0.024084
v 0.002610 -0.043367 0.025204
v 0.004720 -0.045335 0.027634
v 0.003008 -0.043742 0.027466
v 0.005954 -0.046436 0.025237
v 0.006486 -0.046783 0.027690
v 0.008299 -0.048098 0.027629
v 0.008736 -0.048465 0.030156
v 0.009001 -0.048871 0.032656
v 0.006852 -0.047169 0.030120
v 0.008022 -0.050666 0.009980
v 0.005327 -0.050783 0.004444
v 0.002360 -0.051038 -0.001075
v -0.000840 -0.051418 -0.006584
v -0.014531 -0.049996 -0.019803
v -0.028758 -0.048122 -0.032505
v 0.007489 -0.049529 0.013600
v 0.009632 -0.049721 0.019010
v 0.006858 -0.048396 0.016936
v 0.006126 -0.047266 0.019990
v 0.011373 -0.050095 0.024430
v 0.008740 -0.048748 0.022192
v 0.007707 -0.047775 0.025088
v 0.006488 -0.046969 0.023923
v 0.005274 -0.046130 0.022771
v 0.004066 -0.045258 0.021629
v 0.014101 -0.052604 0.013614
v 0.011592 -0.052705 0.007755
v 0.008789 -0.052953 0.001932
v 0.005736 -0.053333 -0.003864
v -0.007785 -0.052479 -0.017661
v -0.022037 -0.051254 -0.030797
v -0.025707 -0.051909 -0.036515
v 0.016269 -0.052667 0.019506
v 0.018039 -0.052909 0.025427
v 0.013332 -0.051749 0.017509
v 0.015228 -0.051974 0.023256
v 0.010404 -0.050703 0.015540
v 0.012424 -0.050912 0.021117
v 0.013280 -0.051422 0.035225
v 0.013336 -0.051867 0.037872
v 0.011003 -0.050011 0.032669
v 0.011164 -0.050437 0.035242
v 0.010662 -0.049626 0.030067
v 0.013039 -0.051018 0.032547
v 0.018655 -0.056458 0.051549
v 0.019380 -0.055888 0.048823
v 0.019872 -0.055350 0.046013
v 0.019344 -0.053349 0.031361
v 0.016680 -0.052393 0.029016
v 0.014021 -0.051308 0.026705
v 0.003582 -0.054903 0.054211
v 0.000199 -0.051601 0.049751
v 0.001637 -0.051230 0.048347
v 0.001823 -0.048800 0.043974
v 0.001577 -0.046254 0.039559
v 0.010445 -0.051902 0.042613
v 0.008636 -0.050270 0.039837
v 0.006834 -0.048502 0.037113
v 0.006591 -0.053975 0.050931
v 0.004069 -0.050387 0.045119
v 0.006440 -0.051770 0.046152
v 0.005040 -0.049930 0.043300
v 0.005830 -0.049457 0.041353
v -0.004135 -0.047889 0.046631
v -0.002717 -0.047635 0.045464
v -0.000620 -0.049537 0.046922
v -0.001429 -0.047340 0.044171
v -0.011034 -0.048443 0.049959
v -0.010928 -0.052882 0.055118
v 0.012008 -0.055889 0.052931
v 0.013150 -0.055319 0.050686
v 0.016505 -0.057659 0.056653
v 0.020196 -0.054044 0.017356
v 0.017871 -0.054127 0.011170
v 0.015230 -0.054366 0.005038
v 0.022151 -0.054132 0.023591
v 0.020855 -0.053718 0.027628
v 0.022011 -0.054179 0.033739
v 0.019793 -0.053646 0.034325
v 0.017212 -0.052678 0.031895
v 0.014636 -0.051581 0.029500
v 0.012628 -0.050661 0.029849
v 0.023670 -0.054407 0.029862
v 0.024676 -0.054887 0.036152
v 0.024955 -0.055207 0.039292
v 0.020088 -0.053997 0.037283
v 0.017596 -0.053015 0.034767
v 0.015109 -0.051904 0.032290
v 0.022502 -0.058186 0.057438
v 0.023477 -0.057584 0.054582
v 0.024210 -0.057017 0.051630
v 0.024710 -0.056490 0.048607
v 0.015425 -0.052276 0.035067
v 0.017817 -0.053403 0.037627
v 0.020211 -0.054400 0.040226
v 0.025066 -0.055582 0.042422
v 0.029989 -0.055946 0.041085
v 0.030016 -0.056681 0.047709
v 0.026295 -0.059394 0.063468
v 0.027526 -0.058770 0.060487
v 0.028504 -0.058180 0.057397
v 0.029237 -0.057632 0.054223
v 0.029735 -0.057130 0.050987
v 0.029285 -0.055432 0.034433
v 0.028014 -0.055126 0.027802
v 0.026269 -0.055014 0.021221
v 0.024122 -0.055078 0.014704
v 0.021640 -0.055304 0.008260
v 0.018876 -0.055672 0.001884
v 0.015880 -0.056170 -0.004429
v 0.005014 -0.045732 0.029960
v 0.007040 -0.047588 0.032512
v 0.009080 -0.049312 0.035115
v 0.011132 -0.050899 0.037770
v 0.012835 -0.052862 0.042999
v 0.014076 -0.054752 0.048306
v 0.017696 -0.057051 0.054166
v 0.021283 -0.058811 0.060173
v 0.024811 -0.060042 0.066314
v 0.015088 -0.058268 0.058990
v 0.019823 -0.059449 0.062764
v 0.018131 -0.060091 0.065190
v 0.023081 -0.060705 0.069004
v 0.021116 -0.061370 0.071514
v 0.004300 -0.047505 0.038595
v 0.003647 -0.047953 0.040509
v 0.002818 -0.048387 0.042304
v 0.002931 -0.050823 0.046802
v 0.005165 -0.054455 0.052650
v 0.009121 -0.056999 0.056954
v 0.007408 -0.057521 0.058714
v 0.011638 -0.059454 0.063150
v 0.009641 -0.060014 0.064955
v 0.014122 -0.061343 0.069486
v 0.011844 -0.061934 0.071338
v 0.016553 -0.062669 0.075937
v 0.013998 -0.063284 0.077833
v 0.005539 -0.058010 0.060299
v 0.007488 -0.060541 0.066570
v 0.005197 -0.061027 0.067996
v 0.009412 -0.062491 0.072986
v 0.006845 -0.063008 0.074430
v 0.011292 -0.063865 0.079513
v 0.008455 -0.064405 0.080979
v 0.002781 -0.045418 0.035901
v 0.002265 -0.045843 0.037785
v 0.001395 -0.058870 0.062944
v 0.002786 -0.061470 0.069232
v 0.004161 -0.063481 0.075675
v 0.005509 -0.064899 0.082234
v 0.006811 -0.065726 0.088871
v -0.000644 -0.065733 0.084133
v -0.001482 -0.064271 0.077576
v -0.002335 -0.062205 0.071146
v -0.003194 -0.059539 0.064889
v -0.004045 -0.056287 0.058855
v -0.004877 -0.052465 0.053097
v -0.005680 -0.048101 0.047666
v -0.013596 -0.066699 0.085697
v -0.013514 -0.065158 0.079204
v -0.013436 -0.062989 0.072881
v -0.013360 -0.060211 0.066786
v -0.013287 -0.056844 0.060978
v -0.007038 -0.066339 0.085260
v -0.007393 -0.064836 0.078724
v -0.007757 -0.062717 0.072335
v -0.008117 -0.059991 0.066144
v -0.008471 -0.056677 0.060209
v -0.039712 -0.000006 -0.017873
v -0.037797 -0.005630 -0.016341
v -0.033779 -0.000006 -0.012430
v -0.030814 -0.005664 -0.009892
v -0.030009 -0.000005 -0.008973
v -0.027015 -0.000005 -0.005939
v -0.024208 -0.005800 -0.003282
v -0.021135 -0.005904 0.000116
v -0.023723 -0.000004 -0.002601
v -0.018273 -0.006027 0.003589
v -0.020651 -0.000004 0.000939
v -0.023305 -0.000004 -0.002177
v -0.017847 -0.017571 0.002811
v -0.021165 -0.011694 -0.000364
v -0.020764 -0.017344 -0.000740
v -0.024259 -0.011537 -0.003789
v -0.023916 -0.017187 -0.004261
v -0.022047 -0.028008 -0.005504
v -0.018786 -0.028053 -0.001647
v -0.023182 -0.022699 -0.004801
v -0.019973 -0.022815 -0.001135
v -0.009139 -0.037652 0.005259
v -0.012064 -0.037567 0.000912
v -0.020509 -0.033049 -0.006470
v -0.009404 -0.039670 0.002618
v -0.006577 -0.039769 0.007105
v -0.029172 -0.052550 -0.042359
v -0.032442 -0.048711 -0.038096
v -0.035201 -0.044423 -0.034146
v -0.027481 -0.043349 -0.023871
v -0.015733 -0.028200 0.002223
v -0.013510 -0.030772 0.003987
v -0.010821 -0.031056 0.007988
v -0.008654 -0.033557 0.009927
v -0.006463 -0.033993 0.014048
v -0.010471 -0.028824 0.010015
v -0.008430 -0.029285 0.013894
v -0.012400 -0.026108 0.008104
v -0.010203 -0.026528 0.011893
v -0.014274 -0.023319 0.006267
v -0.011929 -0.023696 0.009974
v -0.016982 -0.023022 0.002555
v -0.012935 -0.028458 0.006112
v -0.008491 -0.031456 0.011996
v -0.007490 -0.031697 0.013992
v -0.006614 -0.031960 0.015973
v -0.004757 -0.034540 0.018130
v -0.005543 -0.034254 0.016098
v 0.001334 -0.042713 0.020598
v 0.000487 -0.042442 0.018277
v -0.000933 -0.040656 0.018358
v -0.001860 -0.040402 0.016105
v -0.003164 -0.038474 0.016174
v -0.004168 -0.038238 0.013989
v -0.005356 -0.036173 0.014050
v -0.006434 -0.035954 0.011928
v 0.010161 -0.049286 0.027448
v -0.004041 -0.040010 0.011600
v -0.006486 -0.037873 0.009618
v -0.008883 -0.035617 0.007687
v -0.011225 -0.033248 0.005809
v 0.012260 -0.053396 0.045437
v 0.010894 -0.051390 0.040233
v 0.008961 -0.049781 0.037516
v 0.007036 -0.048035 0.034849
v 0.005043 -0.046597 0.034445
v 0.005124 -0.046155 0.032236
v 0.003266 -0.044560 0.031838
v 0.003229 -0.044142 0.029683
v 0.002289 -0.043086 0.028429
v 0.002013 -0.042698 0.026241
v 0.001023 -0.041622 0.025033
v 0.000524 -0.041269 0.022831
v -0.000133 -0.040946 0.020602
v -0.010021 -0.024132 0.013637
v -0.011519 -0.021190 0.011743
v -0.013605 -0.020803 0.008136
v -0.015227 -0.017862 0.006378
v -0.018303 -0.011894 0.003099
v -0.012688 -0.000003 0.012471
v -0.014473 -0.000003 0.009110
v -0.014979 -0.000003 0.008389
v -0.017670 -0.000003 0.004550
v -0.018108 -0.000004 0.003925
v -0.011685 -0.000003 0.014356
v -0.011504 -0.006420 0.014622
v -0.010896 -0.009647 0.015890
v -0.010751 -0.006478 0.016582
v -0.010267 -0.009730 0.017778
v -0.009747 -0.012975 0.019095
v -0.010250 -0.012869 0.017274
v -0.009567 -0.016075 0.018777
v -0.015729 -0.012128 0.006594
v -0.012335 -0.015483 0.011744
v -0.013495 -0.012381 0.010117
v -0.010715 -0.015791 0.015259
v -0.011648 -0.012634 0.013673
v -0.009886 -0.021605 0.015291
v -0.010379 -0.018744 0.015216
v -0.009250 -0.021812 0.017034
v -0.009745 -0.018922 0.016954
v -0.008738 -0.022014 0.018758
v -0.008305 -0.020983 0.022937
v -0.008281 -0.021125 0.024603
v -0.008610 -0.019400 0.022108
v -0.010155 -0.006531 0.018581
v -0.009794 -0.009805 0.019692
v -0.009400 -0.013071 0.020932
v -0.009195 -0.016203 0.020539
v -0.008851 -0.019253 0.020399
v -0.010173 -0.000003 0.019000
v -0.009956 -0.003284 0.019739
v -0.009791 -0.000003 0.020917
v -0.009676 -0.003306 0.021923
v -0.009772 -0.000003 0.021304
v -0.009712 -0.000003 0.022474
v -0.009648 -0.003316 0.023024
v -0.009677 -0.000003 0.023163
v -0.009854 -0.000003 0.024953
v -0.009870 -0.003332 0.025216
v -0.009838 -0.000003 0.024808
v -0.009724 -0.000003 0.023641
v -0.010483 -0.000003 0.027062
v -0.010551 -0.003344 0.027317
v -0.010755 -0.000003 0.027571
v -0.010807 -0.003347 0.027811
v -0.011010 -0.000003 0.028049
v -0.011102 -0.003349 0.028284
v -0.011036 -0.000003 0.028084
v -0.011159 -0.006696 0.028645
v -0.011491 -0.006699 0.029065
v -0.011388 -0.000003 0.028552
v -0.012193 -0.000003 0.029398
v -0.012175 -0.000003 0.029386
v -0.011865 -0.006702 0.029456
v -0.011770 -0.000003 0.028993
v -0.011582 -0.000003 0.028810
v -0.010863 -0.006692 0.028202
v -0.010604 -0.006688 0.027741
v -0.013187 -0.000003 0.030011
v -0.013734 -0.000003 0.030215
v -0.013394 -0.000003 0.030112
v -0.013204 -0.003357 0.030116
v -0.013227 -0.006709 0.030376
v -0.012733 -0.006707 0.030121
v -0.013251 -0.010049 0.030803
v -0.014305 -0.000004 0.030332
v -0.013969 -0.000004 0.030285
v -0.013742 -0.003358 0.030312
v -0.014516 -0.000004 0.030361
v -0.014308 -0.003360 0.030425
v -0.009709 -0.003324 0.024124
v -0.009886 -0.006666 0.025775
v -0.010185 -0.006678 0.026776
v -0.010205 -0.010011 0.027422
v -0.010642 -0.010024 0.028323
v -0.010422 -0.013336 0.028652
v -0.010664 -0.013343 0.029066
v -0.010906 -0.010030 0.028754
v -0.010935 -0.013349 0.029470
v -0.011203 -0.010034 0.029169
v -0.011236 -0.013354 0.029858
v -0.011571 -0.013359 0.030226
v -0.014315 -0.006712 0.030674
v -0.013757 -0.006710 0.030565
v -0.014328 -0.010051 0.031089
v -0.013775 -0.010051 0.030984
v -0.014346 -0.013369 0.031670
v -0.013796 -0.013369 0.031567
v -0.014369 -0.016657 0.032415
v -0.009747 -0.006578 0.020618
v -0.009628 -0.006599 0.021648
v -0.009574 -0.006618 0.022683
v -0.009592 -0.006636 0.023720
v -0.009693 -0.006652 0.024752
v -0.009879 -0.009995 0.026487
v -0.010206 -0.013328 0.028227
v -0.009442 -0.009902 0.022607
v -0.009505 -0.009872 0.021631
v -0.009232 -0.013156 0.022780
v -0.009292 -0.013115 0.021855
v -0.008929 -0.016370 0.023184
v -0.008975 -0.016318 0.022303
v -0.008519 -0.019533 0.023805
v -0.008537 -0.019593 0.024648
v -0.008930 -0.016418 0.024065
v -0.009226 -0.013193 0.023704
v -0.009440 -0.009929 0.023584
v -0.009583 -0.013285 0.026456
v -0.009394 -0.013258 0.025546
v -0.009258 -0.016538 0.026680
v -0.009380 -0.019819 0.028760
v -0.009492 -0.016570 0.027533
v -0.009097 -0.019784 0.027959
v -0.008600 -0.019648 0.025487
v -0.009506 -0.009954 0.024560
v -0.008712 -0.019698 0.026319
v -0.008876 -0.019744 0.027145
v -0.008426 -0.021247 0.026248
v -0.008244 -0.022834 0.027044
v -0.008057 -0.024407 0.027872
v -0.009009 -0.021391 0.028653
v -0.008915 -0.022985 0.029383
v -0.009317 -0.021427 0.029429
v -0.009248 -0.023023 0.030134
v -0.009643 -0.023054 0.030866
v -0.010107 -0.023079 0.031574
v -0.010400 -0.019881 0.030673
v -0.008512 -0.024518 0.029403
v -0.008639 -0.022940 0.028616
v -0.008761 -0.021348 0.027862
v -0.009649 -0.009976 0.025530
v -0.009849 -0.013308 0.027353
v -0.010189 -0.016618 0.029188
v -0.010418 -0.016627 0.029584
v -0.010659 -0.021500 0.031623
v -0.010956 -0.019896 0.031382
v -0.010666 -0.019889 0.031033
v -0.010951 -0.016641 0.030347
v -0.010672 -0.016635 0.029971
v -0.011260 -0.016647 0.030708
v -0.011598 -0.016651 0.031052
v -0.011970 -0.016654 0.031376
v -0.013361 -0.023114 0.034156
v -0.013330 -0.019909 0.033074
v -0.012849 -0.019910 0.032868
v -0.012821 -0.016658 0.031934
v -0.012377 -0.016656 0.031672
v -0.012348 -0.013365 0.030886
v -0.011941 -0.013362 0.030571
v -0.011994 -0.019908 0.032343
v -0.012404 -0.019910 0.032621
v -0.012005 -0.021518 0.032887
v -0.012429 -0.023116 0.033730
v -0.012015 -0.023115 0.033470
v -0.012452 -0.026266 0.034997
v -0.012023 -0.024698 0.034094
v -0.011278 -0.023110 0.032890
v -0.012315 -0.010045 0.030266
v -0.012792 -0.013367 0.031164
v -0.013302 -0.016658 0.032153
v -0.013848 -0.019908 0.033229
v -0.013917 -0.026257 0.035533
v -0.008816 -0.024565 0.030147
v -0.008711 -0.026129 0.030949
v -0.009175 -0.024604 0.030876
v -0.009097 -0.026170 0.031654
v -0.009593 -0.024637 0.031583
v -0.009539 -0.026204 0.032337
v -0.010077 -0.024663 0.032267
v -0.010044 -0.026231 0.032996
v -0.010619 -0.026250 0.033625
v -0.006897 -0.029818 0.017694
v -0.007812 -0.027267 0.017445
v -0.008479 -0.027011 0.015621
v -0.009247 -0.024362 0.015437
v -0.010643 -0.021396 0.013526
v -0.002513 -0.036785 0.025178
v -0.001726 -0.038045 0.026370
v -0.001676 -0.038402 0.028252
v -0.000945 -0.039646 0.029479
v -0.001125 -0.040010 0.031297
v -0.000456 -0.041238 0.032555
v -0.000866 -0.041602 0.034293
v -0.000497 -0.039731 0.024767
v -0.000229 -0.040100 0.026821
v 0.000637 -0.041261 0.028048
v 0.000671 -0.041653 0.030059
v 0.001482 -0.042796 0.031326
v 0.001277 -0.043202 0.033276
v 0.000426 -0.040880 0.025970
v 0.001354 -0.041999 0.027191
v 0.001508 -0.042392 0.029295
v 0.002385 -0.043492 0.030557
v 0.002297 -0.043908 0.032612
v 0.003116 -0.044988 0.033914
v 0.004767 -0.047050 0.036569
v 0.006430 -0.048978 0.039286
v 0.007369 -0.051274 0.044170
v 0.007845 -0.053472 0.049060
v 0.010659 -0.056452 0.055024
v 0.013461 -0.058869 0.061159
v 0.016225 -0.060726 0.067434
v 0.018932 -0.062029 0.073829
v -0.001088 -0.038909 0.025611
v -0.000133 -0.040479 0.028810
v 0.000531 -0.042046 0.031991
v 0.000896 -0.043602 0.035132
v -0.004391 -0.036425 0.016169
v -0.003222 -0.036109 0.021262
v -0.001941 -0.037690 0.024419
v -0.000933 -0.039276 0.027581
v -0.000210 -0.040860 0.030725
v 0.000218 -0.042435 0.033833
v 0.000348 -0.043991 0.036886
v -0.005874 -0.032243 0.017930
v -0.004456 -0.033867 0.020964
v -0.003293 -0.035498 0.024009
v -0.002400 -0.037129 0.027046
v -0.001790 -0.038754 0.030059
v -0.001467 -0.040363 0.033029
v -0.001433 -0.041948 0.035937
v -0.005590 -0.031483 0.020627
v -0.004832 -0.032846 0.021732
v -0.004536 -0.033154 0.023561
v -0.003830 -0.034504 0.024701
v -0.003749 -0.034821 0.026480
v -0.003102 -0.036158 0.027650
v -0.003238 -0.036477 0.029366
v -0.002653 -0.037799 0.030563
v -0.003010 -0.038112 0.032203
v -0.002489 -0.039419 0.033424
v -0.003065 -0.039720 0.034976
v -0.009278 -0.026763 0.013769
v -0.007597 -0.029545 0.015808
v -0.005279 -0.032540 0.019853
v -0.004066 -0.034184 0.022860
v -0.003118 -0.035830 0.025862
v -0.002448 -0.037470 0.028844
v -0.002062 -0.039095 0.031784
v -0.001963 -0.040698 0.034669
v -0.002150 -0.042270 0.037480
v -0.006338 -0.030098 0.019543
v -0.005233 -0.031779 0.022443
v -0.004390 -0.033458 0.025332
v -0.003819 -0.035128 0.028192
v -0.003526 -0.036779 0.031006
v -0.003514 -0.038404 0.033760
v -0.003785 -0.039994 0.036438
v -0.006605 -0.028964 0.020279
v -0.005923 -0.030382 0.021350
v -0.005024 -0.032072 0.024208
v -0.004392 -0.033753 0.027041
v -0.004037 -0.035419 0.029833
v -0.003960 -0.037060 0.032569
v -0.004164 -0.038669 0.035233
v -0.004649 -0.040237 0.037807
v -0.005651 -0.030663 0.023108
v -0.004960 -0.032356 0.025916
v -0.004542 -0.034034 0.028686
v -0.004400 -0.035690 0.031403
v -0.004539 -0.037316 0.034054
v -0.004958 -0.038903 0.036618
v -0.005654 -0.040445 0.039080
v -0.005521 -0.030935 0.024815
v -0.005534 -0.031194 0.026467
v -0.005042 -0.032626 0.027564
v -0.005266 -0.032877 0.029151
v -0.004836 -0.034296 0.030264
v -0.005275 -0.034533 0.031774
v -0.004909 -0.035937 0.032900
v -0.005564 -0.036156 0.034321
v -0.005263 -0.037542 0.035455
v -0.006132 -0.037736 0.036773
v -0.007665 -0.027506 0.029628
v -0.007526 -0.025822 0.027194
v -0.007676 -0.024114 0.024691
v -0.008104 -0.022389 0.022140
v -0.006022 -0.029742 0.025397
v -0.005690 -0.031436 0.028065
v -0.005635 -0.033106 0.030675
v -0.005859 -0.034744 0.033214
v -0.006365 -0.036342 0.035661
v -0.007152 -0.037895 0.037996
v -0.008435 -0.036611 0.038068
v -0.008541 -0.035183 0.037052
v -0.007486 -0.035072 0.035862
v -0.007645 -0.033625 0.034842
v -0.006818 -0.033484 0.033528
v -0.007037 -0.032020 0.032506
v -0.006437 -0.031852 0.031087
v -0.006718 -0.030373 0.030068
v -0.006339 -0.030185 0.028563
v -0.006683 -0.028695 0.027551
v -0.006522 -0.028492 0.025975
v -0.006927 -0.026991 0.024973
v -0.006976 -0.026779 0.023338
v -0.007443 -0.025271 0.022351
v -0.007696 -0.025055 0.020669
v -0.008327 -0.038014 0.039117
v -0.007321 -0.036496 0.036914
v -0.006594 -0.034925 0.034579
v -0.006150 -0.033309 0.032136
v -0.005990 -0.031656 0.029606
v -0.006109 -0.029974 0.027006
v -0.006503 -0.028270 0.024355
v -0.007164 -0.026552 0.021666
v -0.008083 -0.024829 0.018956
v -0.008601 -0.024596 0.017212
v -0.009924 -0.030832 0.035406
v -0.009967 -0.029317 0.034566
v -0.012052 -0.032363 0.037787
v -0.012473 -0.029350 0.036421
v -0.012044 -0.029351 0.036197
v -0.012031 -0.026266 0.034756
v -0.011278 -0.024693 0.033534
v -0.010648 -0.023098 0.032252
v -0.008603 -0.027678 0.031784
v -0.009014 -0.027720 0.032466
v -0.009481 -0.027755 0.033128
v -0.010007 -0.027782 0.033763
v -0.010579 -0.029336 0.035149
v -0.011276 -0.026261 0.034216
v -0.011267 -0.029348 0.035697
v -0.010556 -0.030852 0.035966
v -0.011259 -0.030864 0.036493
v -0.012876 -0.023115 0.033961
v -0.012905 -0.026264 0.035214
v -0.013393 -0.026262 0.035396
v -0.012934 -0.029349 0.036622
v -0.013464 -0.032354 0.038340
v -0.012962 -0.032359 0.038182
v -0.012059 -0.035294 0.039525
v -0.011164 -0.040872 0.043063
v -0.011198 -0.038131 0.041014
v -0.009665 -0.038093 0.040126
v -0.011227 -0.035291 0.039100
v -0.009777 -0.035256 0.038136
v -0.009829 -0.033803 0.037191
v -0.008644 -0.033732 0.036068
v -0.008742 -0.032260 0.035117
v -0.007802 -0.032156 0.033853
v -0.007954 -0.030666 0.032897
v -0.007252 -0.030535 0.031515
v -0.007461 -0.029030 0.030556
v -0.006993 -0.028874 0.029079
v -0.007263 -0.027357 0.028121
v -0.007020 -0.027185 0.026567
v -0.007352 -0.025657 0.025614
v -0.007326 -0.025473 0.023999
v -0.007718 -0.023938 0.023055
v -0.007903 -0.023746 0.021391
v -0.008354 -0.022207 0.020459
v -0.009233 -0.019093 0.018682
v -0.010079 -0.015937 0.017017
v -0.010887 -0.012755 0.015467
v -0.012278 -0.006705 0.029811
v -0.012763 -0.010047 0.030560
v -0.013276 -0.013368 0.031395
v -0.013821 -0.016658 0.032317
v -0.014398 -0.019905 0.033321
v -0.014471 -0.026250 0.035614
v -0.014000 -0.032346 0.038458
v -0.014565 -0.032337 0.038526
v -0.014047 -0.035274 0.040142
v -0.014681 -0.038103 0.042023
v -0.012063 -0.038134 0.041403
v -0.003014 -0.042562 0.038923
v -0.004018 -0.042822 0.040263
v -0.005161 -0.043044 0.041496
v -0.006804 -0.040616 0.040249
v -0.006441 -0.043228 0.042616
v -0.008098 -0.040745 0.041307
v -0.007858 -0.043367 0.043616
v -0.009543 -0.040830 0.042246
v -0.014210 -0.043498 0.046032
v -0.013084 -0.043513 0.045842
v -0.011125 -0.043509 0.045241
v -0.009272 -0.045979 0.046853
v -0.009412 -0.043461 0.044490
v -0.006066 -0.045725 0.045091
v -0.009124 -0.048378 0.049327
v -0.008809 -0.052796 0.054585
v -0.002280 -0.038744 0.018354
v -0.000361 -0.044359 0.038535
v -0.001222 -0.044701 0.040074
v -0.002229 -0.045013 0.041503
v -0.003373 -0.045290 0.042817
v -0.004654 -0.045528 0.044015
v -0.075391 -0.000010 -0.090224
v -0.075733 -0.000010 -0.081353
v -0.075797 -0.000010 -0.079688
v -0.075396 -0.006567 -0.076580
v -0.075704 -0.000010 -0.076668
v -0.075561 -0.000011 -0.072010
v -0.075149 -0.006508 -0.071855
v -0.075557 -0.000011 -0.071983
v -0.074937 -0.003231 -0.067227
v -0.074981 -0.000011 -0.067331
v -0.070966 -0.003180 -0.053386
v -0.072892 -0.000010 -0.058218
v -0.072739 -0.003200 -0.057903
v -0.073262 -0.000010 -0.059184
v -0.074053 -0.003216 -0.062537
v -0.074115 -0.000011 -0.062734
v -0.074726 -0.000011 -0.065276
v -0.074869 -0.008417 -0.090191
v -0.074975 -0.009943 -0.081219
v -0.074262 -0.013114 -0.076382
v -0.072585 -0.019729 -0.080879
v -0.070136 -0.026040 -0.080544
v -0.072383 -0.019565 -0.076073
v -0.073036 -0.016226 -0.071430
v -0.067797 -0.000010 -0.047274
v -0.069096 -0.000010 -0.049670
v -0.068748 -0.003150 -0.049044
v -0.070886 -0.000010 -0.052969
v -0.071218 -0.000010 -0.053840
v -0.074605 -0.006465 -0.067102
v -0.073681 -0.006432 -0.062335
v -0.072305 -0.006403 -0.057593
v -0.070436 -0.006364 -0.052947
v -0.068096 -0.006305 -0.048472
v -0.066672 -0.000010 -0.045669
v -0.066146 -0.003108 -0.044918
v -0.063983 -0.000009 -0.041834
v -0.062304 -0.006127 -0.040215
v -0.063980 -0.000009 -0.041831
v -0.073938 -0.013005 -0.071603
v -0.074062 -0.009698 -0.066947
v -0.073090 -0.009651 -0.062108
v -0.071646 -0.009607 -0.057265
v -0.069685 -0.009548 -0.052499
v -0.067229 -0.009461 -0.047901
v -0.073309 -0.012921 -0.066761
v -0.072280 -0.012858 -0.061853
v -0.070765 -0.012798 -0.056918
v -0.068712 -0.012720 -0.052042
v -0.066147 -0.012606 -0.047328
v -0.054473 -0.000008 -0.031481
v -0.057783 -0.000009 -0.034803
v -0.055620 -0.005923 -0.032833
v -0.047651 -0.000007 -0.025054
v -0.051897 -0.000008 -0.028894
v -0.052108 -0.005832 -0.029383
v -0.059862 -0.012273 -0.038652
v -0.072348 -0.016122 -0.066544
v -0.071256 -0.016041 -0.061570
v -0.069665 -0.015965 -0.056549
v -0.067523 -0.015867 -0.051571
v -0.064855 -0.015725 -0.046750
v -0.063157 -0.012452 -0.042856
v -0.064357 -0.009342 -0.043538
v -0.065354 -0.006224 -0.044223
v -0.071940 -0.019412 -0.071228
v -0.069822 -0.022408 -0.066018
v -0.071184 -0.019288 -0.066295
v -0.068581 -0.022290 -0.060923
v -0.070020 -0.019190 -0.061260
v -0.066832 -0.022176 -0.055746
v -0.068352 -0.019095 -0.056159
v -0.064517 -0.022032 -0.050586
v -0.066122 -0.018975 -0.051086
v -0.061664 -0.021838 -0.045572
v -0.063359 -0.018807 -0.046166
v -0.056366 -0.012083 -0.034699
v -0.056671 -0.018338 -0.037106
v -0.060164 -0.018590 -0.041493
v -0.056416 -0.024526 -0.040115
v -0.040695 -0.000006 -0.018762
v -0.044953 -0.005692 -0.022771
v -0.049080 -0.011730 -0.027371
v -0.052753 -0.011898 -0.030954
v -0.053001 -0.018074 -0.032982
v -0.066945 -0.025329 -0.060557
v -0.065111 -0.025193 -0.055310
v -0.062713 -0.025026 -0.050069
v -0.059777 -0.024805 -0.044968
v -0.061251 -0.040532 -0.079361
v -0.059045 -0.043146 -0.079070
v -0.058105 -0.042795 -0.073838
v -0.056713 -0.045647 -0.078762
v -0.054260 -0.048030 -0.078438
v -0.026262 -0.065004 -0.080993
v -0.065251 -0.034998 -0.079891
v -0.063322 -0.037815 -0.079635
v -0.062595 -0.037522 -0.074536
v -0.060419 -0.040212 -0.074198
v -0.061591 -0.037215 -0.069412
v -0.056871 -0.042419 -0.068595
v -0.033558 -0.058176 -0.064457
v -0.037682 -0.054418 -0.059905
v -0.039897 -0.055061 -0.065604
v -0.043951 -0.050840 -0.061111
v -0.045948 -0.051380 -0.066682
v -0.049863 -0.046712 -0.062233
v -0.051632 -0.047156 -0.067682
v -0.055332 -0.042061 -0.063260
v -0.060275 -0.036932 -0.064186
v -0.063732 -0.034455 -0.069783
v -0.066508 -0.031846 -0.075146
v -0.067034 -0.032091 -0.080128
v -0.028454 -0.056695 -0.052732
v -0.032342 -0.053174 -0.048258
v -0.035174 -0.053791 -0.054124
v -0.038952 -0.049802 -0.049656
v -0.041635 -0.050317 -0.055435
v -0.045227 -0.045870 -0.050970
v -0.047750 -0.046289 -0.056659
v -0.051072 -0.041396 -0.052195
v -0.053425 -0.041727 -0.057789
v -0.056393 -0.036422 -0.053328
v -0.058573 -0.036675 -0.058818
v -0.060921 -0.033981 -0.059294
v -0.062523 -0.034205 -0.064609
v -0.064611 -0.031378 -0.065005
v -0.065717 -0.031599 -0.070127
v -0.067537 -0.028657 -0.070445
v -0.068230 -0.028879 -0.075416
v -0.069787 -0.025837 -0.075660
v -0.063198 -0.028137 -0.054850
v -0.060717 -0.027944 -0.049534
v -0.057705 -0.027694 -0.044351
v -0.052775 -0.024210 -0.035548
v -0.051969 -0.030159 -0.038700
v -0.055458 -0.030496 -0.043720
v -0.058541 -0.030774 -0.048980
v -0.070655 -0.022554 -0.070995
v -0.068269 -0.025471 -0.065709
v -0.065116 -0.028298 -0.060164
v -0.061100 -0.030996 -0.054367
v -0.056194 -0.033509 -0.048408
v -0.050480 -0.035795 -0.042415
v -0.027536 -0.011430 -0.007172
v -0.034464 -0.011362 -0.013846
v -0.041705 -0.011473 -0.020513
v -0.045457 -0.017583 -0.025343
v -0.048980 -0.023881 -0.031253
v -0.048223 -0.029782 -0.033961
v -0.046897 -0.035398 -0.037239
v -0.044922 -0.040630 -0.041044
v -0.035874 -0.049272 -0.043841
v -0.038879 -0.044947 -0.039606
v -0.042258 -0.045430 -0.045246
v -0.048225 -0.041039 -0.046570
v -0.053684 -0.036137 -0.047815
v -0.058829 -0.033761 -0.053860
v -0.063105 -0.031186 -0.059743
v -0.066529 -0.028464 -0.065371
v -0.069185 -0.025639 -0.070735
v -0.041278 -0.040170 -0.035723
v -0.037437 -0.039682 -0.030648
v -0.043085 -0.034966 -0.032332
v -0.039174 -0.034527 -0.027674
v -0.044349 -0.029396 -0.029487
v -0.036567 -0.028692 -0.021132
v -0.041274 -0.023275 -0.023271
v -0.033727 -0.022843 -0.015768
v -0.037955 -0.017230 -0.018189
v -0.026563 -0.022670 -0.008451
v -0.030712 -0.017082 -0.011226
v -0.038291 -0.042364 -0.034943
v -0.030546 -0.041339 -0.024844
v -0.033525 -0.039195 -0.025803
v -0.025819 -0.038334 -0.016615
v -0.031396 -0.033739 -0.018916
v -0.023995 -0.033195 -0.010574
v -0.029059 -0.028198 -0.013232
v -0.013053 -0.040872 0.043724
v 0.041320 0.047268 -0.068124
v 0.029688 0.056505 -0.068823
v 0.035719 0.052159 -0.068458
v 0.035439 0.052519 -0.073375
v 0.041140 0.047502 -0.073043
v 0.023242 0.060209 -0.069213
v 0.015866 0.063927 -0.084414
v 0.015289 0.064114 -0.084451
v 0.015260 0.063988 -0.079544
v 0.000200 0.067540 -0.085411
v -0.002826 0.067839 -0.085604
v -0.007524 0.067918 -0.082715
v -0.007044 0.067997 -0.085872
v -0.007549 0.067935 -0.083052
v -0.007535 0.067998 -0.085904
v 0.009686 0.065825 -0.084808
v 0.007837 0.066239 -0.084925
v 0.007859 0.066130 -0.079994
v 0.005544 0.066754 -0.085071
v 0.000269 0.067416 -0.080455
v 0.001371 0.067424 -0.085337
v 0.011854 0.065230 -0.084670
v 0.019789 0.062382 -0.084165
v 0.022374 0.061021 -0.079111
v 0.022448 0.061143 -0.083995
v 0.029114 0.057275 -0.078702
v 0.027338 0.058579 -0.083684
v 0.023613 0.060601 -0.083921
v 0.035566 0.052920 -0.083161
v 0.034417 0.053850 -0.083234
v 0.035403 0.052811 -0.078323
v 0.030959 0.056318 -0.083454
v 0.029234 0.057395 -0.083564
v 0.041171 0.047693 -0.077980
v 0.040806 0.048345 -0.082827
v 0.037693 0.051196 -0.083026
v 0.046520 0.042058 -0.082464
v 0.043750 0.045299 -0.082640
v 0.041363 0.047768 -0.082792
v 0.046312 0.042024 -0.072749
v 0.046301 0.042035 -0.076522
v 0.046343 0.042040 -0.077663
v 0.046343 0.042040 -0.077675
v 0.046318 0.042018 -0.070802
v 0.046313 0.042024 -0.072743
v 0.046448 0.042002 -0.067825
v 0.046447 0.042002 -0.067822
v 0.046542 0.041990 -0.065644
v 0.009301 0.065294 -0.070058
v 0.016422 0.063167 -0.069627
v 0.001976 0.066539 -0.070502
v -0.004832 0.066641 -0.068949
v -0.005422 0.066892 -0.070961
v -0.005685 0.067004 -0.071862
v -0.006759 0.067489 -0.076382
v -0.006646 0.067437 -0.075891
v 0.000906 0.067052 -0.075432
v -0.006540 0.067389 -0.075431
v -0.005831 0.067066 -0.072360
v -0.007317 0.067776 -0.079986
v -0.007172 0.067702 -0.079051
v -0.007388 0.067825 -0.080926
v 0.008384 0.065783 -0.074985
v 0.015664 0.063642 -0.074551
v 0.022651 0.060672 -0.074134
v 0.029262 0.056937 -0.073740
v -0.025831 0.038326 -0.016614
v -0.018598 0.037747 -0.007790
v -0.012905 0.041812 -0.004890
v -0.030559 0.041329 -0.024842
v -0.033537 0.039185 -0.025802
v -0.060431 0.040196 -0.074197
v -0.062607 0.037504 -0.074534
v -0.061602 0.037199 -0.069410
v -0.057411 0.045895 -0.084136
v -0.059654 0.043370 -0.084362
v -0.059058 0.043130 -0.079068
v -0.065262 0.034980 -0.079889
v -0.067044 0.032073 -0.080127
v -0.066518 0.031828 -0.075144
v -0.052782 0.024194 -0.035547
v -0.056424 0.024510 -0.040114
v -0.060170 0.018572 -0.041493
v -0.052110 0.005816 -0.029383
v -0.059037 0.006006 -0.036431
v -0.075151 0.006488 -0.071855
v -0.074978 0.009923 -0.081219
v -0.075422 0.006615 -0.081288
v -0.075398 0.006547 -0.076580
v -0.014223 0.043490 0.046034
v -0.015454 0.043465 0.046062
v -0.015631 0.048417 0.050610
v -0.015374 0.040824 0.043976
v -0.012943 0.029341 0.036623
v -0.012913 0.026258 0.035215
v -0.013401 0.026254 0.035397
v -0.010627 0.026244 0.033626
v -0.011284 0.026255 0.034218
v -0.011275 0.029342 0.035698
v -0.012053 0.029345 0.036198
v -0.010016 0.027776 0.033764
v -0.010052 0.026225 0.032997
v 0.000883 0.043600 0.035134
v 0.000334 0.043987 0.036888
v 0.001563 0.046252 0.039561
v 0.000712 0.046641 0.041218
v -0.003760 0.034817 0.026481
v -0.004400 0.033454 0.025333
v -0.004402 0.033749 0.027042
v -0.005034 0.032068 0.024210
v -0.005661 0.030659 0.023109
v -0.005531 0.030931 0.024816
v -0.004467 0.033863 0.020965
v -0.005288 0.032536 0.019855
v -0.004842 0.032842 0.021734
v -0.006279 0.029229 0.022034
v -0.006892 0.027779 0.020983
v -0.006633 0.028028 0.022691
v -0.010962 0.019890 0.031383
v -0.011279 0.019896 0.031721
v -0.011284 0.021506 0.032286
v -0.009015 0.021385 0.028654
v -0.009323 0.021421 0.029430
v -0.009255 0.023017 0.030135
v -0.011867 0.006696 0.029456
v -0.008312 0.020979 0.022938
v -0.008615 0.019394 0.022108
v -0.008525 0.019527 0.023806
v -0.009255 0.024358 0.015438
v -0.010028 0.024126 0.013638
v -0.011525 0.021184 0.011744
v -0.015672 0.006153 0.007151
v -0.001544 0.039045 0.020522
v -0.002292 0.038742 0.018356
v -0.004402 0.036421 0.016171
v -0.003175 0.038470 0.016176
v -0.000145 0.040944 0.020604
v -0.007500 0.031693 0.013993
v -0.006624 0.031956 0.015975
v -0.004767 0.034536 0.018131
v -0.004125 0.034843 0.020134
v -0.012408 0.026102 0.008105
v -0.014281 0.023313 0.006268
v -0.011936 0.023690 0.009975
v -0.012944 0.028452 0.006113
v -0.015741 0.028194 0.002224
v -0.019980 0.022807 -0.001134
v -0.009416 0.039666 0.002620
v -0.012076 0.037561 0.000913
v -0.009150 0.037648 0.005261
v -0.011657 0.035410 0.003462
v -0.014103 0.033059 0.001710
v -0.011236 0.033242 0.005811
v -0.023189 0.022691 -0.004800
v -0.013611 0.020797 0.008137
v -0.015232 0.017856 0.006379
v -0.017852 0.017565 0.002812
v -0.021168 0.011686 -0.000364
v -0.024263 0.011529 -0.003788
v -0.018275 0.006019 0.003589
v 0.018914 0.062029 0.073832
v 0.021097 0.061372 0.071517
v 0.018113 0.060093 0.065192
v 0.014085 0.052606 0.013616
v 0.016253 0.052669 0.019509
v 0.022134 0.054136 0.023594
v 0.016487 0.057659 0.056656
v 0.017679 0.057053 0.054168
v 0.014059 0.054752 0.048309
v 0.000184 0.051597 0.049753
v -0.001388 0.051930 0.051014
v -0.000014 0.055683 0.056857
v 0.002916 0.050821 0.046805
v 0.001622 0.051226 0.048350
v 0.003566 0.054901 0.054213
v 0.003632 0.047951 0.040511
v 0.004285 0.047503 0.038597
v 0.002768 0.045416 0.035903
v 0.017580 0.053017 0.034770
v 0.015093 0.051906 0.032292
v 0.015409 0.052278 0.035070
v 0.005110 0.046153 0.032238
v 0.005028 0.046595 0.034447
v 0.006819 0.048500 0.037115
v 0.008946 0.049781 0.037518
v 0.009066 0.049312 0.035118
v 0.007026 0.047588 0.032514
v 0.005353 0.045891 0.026477
v 0.004241 0.044967 0.025275
v 0.004707 0.045333 0.027637
v 0.001707 0.046778 0.009811
v 0.004578 0.048221 0.011691
v 0.001986 0.048206 0.006457
v -0.018907 0.066659 0.084848
v -0.018952 0.066776 0.085543
v -0.016990 0.066774 0.085657
v -0.019699 0.067979 0.097280
v -0.006716 0.067210 0.091892
v 0.006791 0.065722 0.088874
v 0.009995 0.065216 0.087608
v 0.018892 0.063441 0.082485
v -0.009467 0.065840 -0.065936
v -0.011749 0.067866 -0.086172
v -0.013580 0.067695 -0.086288
v -0.013555 0.067653 -0.083214
v -0.073563 0.015673 -0.090108
v -0.074041 0.013332 -0.090138
v -0.074272 0.013314 -0.085874
v -0.074403 0.011556 -0.090161
v -0.074618 0.010025 -0.090175
v -0.074986 0.007410 -0.090198
v -0.075043 0.006695 -0.090202
v -0.075314 0.003242 -0.090219
v -0.072593 0.019836 -0.085691
v -0.073081 0.017587 -0.090077
v -0.070433 0.025510 -0.089908
v -0.071878 0.021592 -0.090000
v -0.072403 0.019843 -0.090034
v -0.070262 0.026170 -0.085445
v -0.070144 0.026166 -0.089890
v -0.065604 0.035166 -0.084966
v -0.066826 0.033064 -0.089678
v -0.067306 0.032245 -0.085140
v -0.067257 0.032228 -0.089706
v -0.068750 0.029334 -0.089801
v -0.063758 0.037999 -0.084777
v -0.064660 0.036695 -0.089540
v -0.065588 0.035140 -0.089599
v -0.061773 0.040736 -0.084576
v -0.063572 0.038342 -0.089471
v -0.063807 0.037986 -0.089486
v -0.061116 0.041718 -0.089314
v -0.061848 0.040711 -0.089361
v -0.055608 0.047985 -0.088964
v -0.057574 0.045881 -0.089089
v -0.058459 0.044933 -0.089145
v -0.059771 0.043346 -0.089229
v -0.044870 0.056755 -0.088280
v -0.047744 0.054769 -0.088463
v -0.050226 0.052825 -0.086250
v -0.049318 0.053573 -0.088563
v -0.050266 0.052782 -0.088624
v -0.052568 0.050594 -0.083647
v -0.052561 0.050866 -0.088770
v -0.052826 0.050616 -0.088787
v -0.039030 0.060171 -0.085325
v -0.040741 0.059295 -0.088017
v -0.044805 0.056776 -0.085803
v -0.044311 0.057142 -0.088244
v -0.033215 0.062937 -0.087538
v -0.037042 0.061229 -0.087782
v -0.039098 0.060154 -0.087913
v -0.029261 0.064416 -0.087286
v -0.033038 0.063003 -0.087527
v -0.032958 0.062978 -0.084823
v -0.020211 0.066794 -0.086710
v -0.024112 0.065936 -0.086959
v -0.026647 0.065172 -0.084300
v -0.026712 0.065193 -0.087124
v -0.028131 0.064787 -0.087214
v -0.015921 0.067476 -0.086437
v -0.020042 0.066831 -0.086700
v -0.020159 0.066735 -0.083763
v -0.013200 0.067446 -0.079660
v -0.012561 0.067138 -0.076149
v -0.011695 0.066754 -0.072692
v -0.006782 0.064817 -0.059351
v -0.003805 0.063750 -0.052882
v -0.000633 0.062682 -0.046479
v 0.006041 0.060632 -0.033741
v 0.012841 0.058789 -0.020994
v 0.019389 0.057261 -0.008138
v 0.022457 0.056650 -0.001629
v 0.025330 0.056159 0.004953
v 0.027960 0.055801 0.011619
v 0.030294 0.055592 0.018376
v 0.032270 0.055548 0.025226
v 0.033813 0.055683 0.032158
v 0.034837 0.056015 0.039153
v 0.035238 0.056558 0.046174
v 0.034897 0.057321 0.053155
v 0.034406 0.057784 0.056601
v 0.033682 0.058299 0.059995
v 0.032710 0.058862 0.063314
v 0.031481 0.059465 0.066536
v 0.029991 0.060101 0.069636
v 0.028241 0.060763 0.072587
v 0.026239 0.061438 0.075364
v 0.024001 0.062116 0.077950
v 0.021544 0.062788 0.080327
v 0.016067 0.064069 0.084417
v 0.013094 0.064662 0.086125
v 0.000145 0.066580 0.090776
v -0.013702 0.067593 0.092303
v -0.019433 0.067794 0.093109
v -0.019169 0.067354 0.088963
v -0.019372 0.067693 0.092153
v -0.017244 0.067689 0.092258
v -0.018390 0.064498 0.076729
v -0.018539 0.065196 0.079061
v -0.016740 0.065216 0.079174
v -0.018647 0.065708 0.080769
v -0.018026 0.062295 0.071006
v -0.018137 0.062998 0.072756
v -0.016497 0.063027 0.072870
v -0.018272 0.063850 0.074877
v -0.016262 0.060225 0.066803
v -0.017751 0.060201 0.066689
v -0.017786 0.060507 0.067241
v -0.017110 0.053754 0.056637
v -0.017328 0.056237 0.060052
v -0.016037 0.056835 0.061034
v -0.017384 0.056797 0.060932
v -0.017553 0.058487 0.063589
v -0.017011 0.052517 0.055091
v -0.017038 0.052859 0.055517
v -0.015826 0.052887 0.055618
v -0.016431 0.043434 0.045992
v -0.016445 0.043712 0.046211
v -0.016622 0.046830 0.048990
v -0.016721 0.048368 0.050541
v -0.016279 0.040415 0.043617
v -0.016175 0.038043 0.041979
v -0.015299 0.038081 0.042022
v -0.016126 0.036939 0.041215
v -0.016059 0.035265 0.040169
v -0.015166 0.032318 0.038531
v -0.015952 0.032292 0.038491
v -0.015058 0.026234 0.035625
v -0.015811 0.027871 0.036291
v -0.015928 0.031626 0.038116
v -0.014976 0.019893 0.033337
v -0.015709 0.024008 0.034699
v -0.015767 0.026211 0.035607
v -0.015550 0.015959 0.032224
v -0.015619 0.019886 0.033300
v -0.015622 0.020036 0.033342
v -0.015461 0.008367 0.030844
v -0.015503 0.012497 0.031485
v -0.014921 0.013360 0.031687
v -0.049981 0.052757 -0.083386
v -0.051710 0.050276 -0.078096
v -0.054275 0.048016 -0.078436
v -0.053115 0.047597 -0.073055
v -0.044514 0.056682 -0.082835
v -0.047294 0.054787 -0.083116
v -0.046275 0.054406 -0.077375
v -0.049041 0.052408 -0.077743
v -0.047665 0.051911 -0.072198
v -0.038703 0.060049 -0.082248
v -0.041648 0.058438 -0.082546
v -0.040482 0.057988 -0.076603
v -0.043418 0.056267 -0.076995
v -0.041839 0.055689 -0.071273
v -0.047764 0.046275 -0.056657
v -0.041651 0.050305 -0.055432
v -0.049877 0.046698 -0.062231
v -0.043967 0.050828 -0.061109
v -0.051646 0.047142 -0.067680
v -0.045963 0.051368 -0.066680
v -0.045241 0.045858 -0.050968
v -0.038967 0.049792 -0.049653
v -0.035190 0.053781 -0.054121
v -0.037698 0.054408 -0.059902
v -0.039914 0.055051 -0.065602
v -0.028472 0.056687 -0.052730
v -0.031157 0.057421 -0.058619
v -0.033575 0.058168 -0.064455
v -0.035706 0.058900 -0.070290
v -0.037472 0.059564 -0.076200
v -0.026281 0.064998 -0.080990
v -0.032605 0.062828 -0.081631
v -0.025668 0.064726 -0.077720
v -0.031263 0.062276 -0.075365
v -0.024857 0.064385 -0.074497
v -0.022798 0.063568 -0.068179
v -0.019793 0.066541 -0.080332
v -0.019159 0.066247 -0.076942
v -0.018314 0.065880 -0.073603
v -0.016153 0.065006 -0.067070
v -0.013559 0.064031 -0.060687
v 0.005930 0.058293 -0.023159
v -0.000973 0.060070 -0.035637
v -0.007588 0.062012 -0.048136
v -0.032358 0.053164 -0.048256
v -0.025507 0.055967 -0.046776
v -0.021578 0.059024 -0.051265
v -0.024423 0.059861 -0.057268
v -0.027022 0.060707 -0.063247
v -0.008127 0.055831 -0.027154
v -0.015197 0.057399 -0.039158
v -0.018780 0.054531 -0.034857
v -0.038893 0.044935 -0.039603
v -0.035215 0.044413 -0.034144
v -0.028773 0.048114 -0.032503
v -0.027494 0.043341 -0.023869
v -0.021137 0.046947 -0.021869
v -0.019919 0.042419 -0.014230
v -0.013739 0.045969 -0.011763
v -0.035685 0.061514 -0.081944
v -0.034397 0.060995 -0.075786
v -0.029336 0.061531 -0.069256
v -0.020328 0.062661 -0.061988
v -0.014593 0.060796 -0.049732
v -0.008076 0.058998 -0.037439
v -0.001081 0.057315 -0.025207
v 0.005874 0.055848 -0.013119
v 0.026252 0.055020 0.021223
v 0.024105 0.055084 0.014707
v 0.017854 0.054131 0.011173
v 0.015214 0.054368 0.005041
v 0.008773 0.052955 0.001934
v 0.005720 0.053333 -0.003861
v -0.000855 0.051416 -0.006582
v -0.000972 0.054421 -0.015436
v -0.007801 0.052477 -0.017659
v -0.015144 0.053815 -0.029014
v -0.025722 0.051901 -0.036513
v 0.021623 0.055308 0.008262
v 0.018859 0.055676 0.001887
v 0.012308 0.054743 -0.001044
v 0.015863 0.056174 -0.004426
v 0.012678 0.056786 -0.010693
v -0.001565 0.042019 0.013632
v 0.000962 0.043900 0.015710
v -0.003979 0.041755 0.008994
v -0.001326 0.043616 0.010924
v -0.006702 0.041643 0.004365
v -0.000892 0.048336 0.001234
v -0.000988 0.046774 0.004735
v -0.003929 0.045206 0.003040
v -0.001134 0.045200 0.007963
v -0.003939 0.043489 0.006147
v 0.001366 0.045343 0.012892
v 0.004053 0.045256 0.021631
v 0.005260 0.046130 0.022773
v 0.003522 0.045649 0.017831
v 0.004813 0.046475 0.018906
v 0.004090 0.046937 0.014898
v 0.002852 0.044351 0.020501
v 0.002238 0.044791 0.016765
v -0.009687 0.041666 -0.000260
v 0.000474 0.042440 0.018279
v 0.001659 0.043412 0.019384
v 0.006838 0.047169 0.030122
v 0.006471 0.046783 0.027692
v 0.005940 0.046436 0.025239
v 0.006112 0.047266 0.019992
v 0.006474 0.046969 0.023925
v 0.007693 0.047775 0.025090
v 0.008987 0.048871 0.032659
v 0.008721 0.048465 0.030158
v 0.008285 0.048098 0.027631
v 0.005312 0.050783 0.004446
v 0.008007 0.050666 0.009983
v 0.010388 0.050705 0.015542
v 0.013316 0.051751 0.017511
v 0.012613 0.050663 0.029851
v 0.013023 0.051020 0.032549
v 0.020195 0.054402 0.040228
v 0.020071 0.053999 0.037285
v 0.017801 0.053405 0.037630
v 0.015550 0.052699 0.037826
v 0.013265 0.051422 0.035228
v 0.013321 0.051867 0.037875
v 0.015498 0.053163 0.040548
v 0.013176 0.052350 0.040472
v 0.015239 0.053665 0.043216
v 0.012819 0.052862 0.043001
v 0.014760 0.054197 0.045810
v 0.012244 0.053396 0.045439
v 0.006843 0.048396 0.016938
v 0.008725 0.048748 0.022194
v 0.010146 0.049286 0.027450
v 0.010647 0.049626 0.030069
v 0.010988 0.050011 0.032671
v 0.011149 0.050437 0.035244
v 0.011117 0.050899 0.037772
v 0.010879 0.051390 0.040235
v 0.010430 0.051902 0.042616
v 0.003102 0.044986 0.033916
v 0.004753 0.047048 0.036572
v 0.003253 0.044558 0.031840
v 0.003216 0.044140 0.029685
v 0.002995 0.043740 0.027468
v 0.006415 0.048976 0.039288
v 0.005815 0.049455 0.041355
v 0.005024 0.049928 0.043303
v 0.004054 0.050385 0.045122
v 0.006424 0.051768 0.046154
v 0.007354 0.051272 0.044172
v 0.008088 0.050771 0.042063
v 0.008621 0.050270 0.039839
v 0.007022 0.048035 0.034851
v 0.005000 0.045730 0.029962
v 0.002597 0.043365 0.025206
v -0.009139 0.048372 0.049329
v -0.011049 0.048435 0.049961
v -0.010944 0.052874 0.055120
v -0.015726 0.050715 0.053060
v -0.013198 0.050741 0.052932
v -0.014350 0.048439 0.050603
v -0.013164 0.048449 0.050454
v -0.013098 0.043505 0.045844
v -0.011138 0.043503 0.045243
v -0.013066 0.040864 0.043726
v -0.004149 0.047885 0.046633
v -0.005694 0.048095 0.047668
v -0.004893 0.052459 0.053099
v -0.008825 0.052790 0.054588
v -0.008488 0.056671 0.060212
v -0.013234 0.052906 0.055517
v 0.005148 0.054453 0.052652
v 0.005521 0.058008 0.060302
v 0.001377 0.058866 0.062947
v -0.013304 0.056836 0.060980
v -0.013378 0.060203 0.066788
v 0.018638 0.056460 0.051551
v 0.019363 0.055890 0.048826
v 0.019855 0.055352 0.046015
v 0.020128 0.054854 0.043143
v 0.012408 0.050914 0.021120
v 0.014005 0.051310 0.026707
v 0.015212 0.051976 0.023258
v 0.016664 0.052395 0.029018
v 0.018023 0.052911 0.025429
v 0.019328 0.053352 0.031363
v 0.020839 0.053722 0.027630
v 0.021994 0.054183 0.033741
v 0.020179 0.054048 0.017359
v 0.011576 0.052707 0.007757
v 0.002344 0.051038 -0.001072
v -0.004019 0.048595 -0.003984
v -0.007362 0.048967 -0.009213
v -0.014546 0.049992 -0.019801
v -0.022052 0.051248 -0.030795
v -0.032457 0.048701 -0.038094
v 0.023654 0.054411 0.029865
v 0.029268 0.055438 0.034436
v 0.027997 0.055132 0.027805
v 0.019777 0.053650 0.034328
v 0.024938 0.055211 0.039294
v 0.024659 0.054891 0.036154
v 0.025049 0.055586 0.042425
v 0.024693 0.056494 0.048610
v 0.029718 0.057136 0.050990
v 0.029999 0.056687 0.047712
v 0.029972 0.055952 0.041088
v 0.004987 0.049503 0.008207
v 0.007474 0.049529 0.013602
v 0.009617 0.049721 0.019012
v 0.011358 0.050095 0.024433
v 0.014620 0.051583 0.029502
v 0.017196 0.052680 0.031898
v 0.024193 0.057021 0.051633
v 0.023460 0.057588 0.054585
v 0.022484 0.058188 0.057440
v 0.021265 0.058813 0.060175
v 0.019805 0.059451 0.062767
v 0.023063 0.060707 0.069006
v 0.024793 0.060046 0.066317
v 0.026277 0.059398 0.063470
v 0.027508 0.058774 0.060490
v 0.028486 0.058184 0.057399
v 0.029219 0.057636 0.054226
v 0.009768 0.052426 0.044890
v 0.008897 0.052952 0.047044
v 0.011991 0.055889 0.052934
v 0.010642 0.056452 0.055026
v 0.013443 0.058869 0.061162
v 0.011620 0.059454 0.063153
v 0.014104 0.061343 0.069488
v 0.011825 0.061932 0.071340
v 0.013979 0.063284 0.077835
v 0.011273 0.063863 0.079516
v -0.002731 0.047631 0.045466
v -0.003082 0.052218 0.052131
v -0.004062 0.056281 0.058858
v -0.008136 0.059985 0.066147
v -0.013455 0.062981 0.072884
v 0.005178 0.061025 0.067999
v 0.002767 0.061466 0.069235
v 0.004142 0.063477 0.075678
v -0.001501 0.064265 0.077579
v -0.000664 0.065727 0.084136
v -0.007058 0.066331 0.085263
v 0.007829 0.053470 0.049062
v 0.006574 0.053973 0.050933
v 0.009103 0.056997 0.056956
v 0.007391 0.057519 0.058716
v 0.009623 0.060012 0.064958
v 0.007470 0.060539 0.066573
v 0.009393 0.062489 0.072988
v 0.006826 0.063006 0.074433
v 0.008436 0.064403 0.080982
v 0.005489 0.064895 0.082237
v 0.016534 0.062669 0.075940
v 0.016206 0.060726 0.067437
v 0.015070 0.058268 0.058993
v 0.013133 0.055319 0.050689
v -0.003212 0.059533 0.064891
v -0.002354 0.062199 0.071148
v -0.007776 0.062709 0.072338
v -0.007413 0.064828 0.078727
v -0.013534 0.065148 0.079207
v -0.013617 0.066689 0.085700
v -0.030816 0.005654 -0.009892
v -0.037799 0.005618 -0.016340
v -0.044955 0.005678 -0.022771
v -0.021137 0.005896 0.000116
v -0.015732 0.012122 0.006595
v -0.013499 0.012375 0.010118
v -0.014381 0.015168 0.008224
v -0.024210 0.005792 -0.003282
v -0.018306 0.011886 0.003099
v -0.030717 0.017072 -0.011225
v -0.023921 0.017179 -0.004260
v -0.006982 0.045346 -0.001879
v -0.015235 0.037598 -0.003433
v -0.016989 0.023016 0.002556
v -0.010479 0.028818 0.010016
v -0.008439 0.029281 0.013895
v -0.005884 0.032239 0.017932
v -0.010211 0.026522 0.011895
v -0.009286 0.026759 0.013770
v -0.007606 0.029541 0.015809
v -0.006906 0.029814 0.017695
v -0.008893 0.035613 0.007688
v -0.008664 0.033553 0.009928
v -0.006445 0.035950 0.011929
v -0.005367 0.036169 0.014052
v -0.006473 0.033989 0.014050
v -0.003567 0.036703 0.018277
v -0.001913 0.038208 0.021504
v -0.002874 0.037011 0.020362
v -0.002333 0.037341 0.022414
v -0.003233 0.036105 0.021264
v -0.002798 0.036439 0.023249
v -0.013519 0.030766 0.003989
v -0.010831 0.031050 0.007990
v -0.008501 0.031452 0.011998
v -0.005554 0.034250 0.016099
v 0.000512 0.041267 0.022833
v 0.002275 0.043084 0.028431
v 0.002000 0.042696 0.026243
v 0.001341 0.041997 0.027193
v 0.001011 0.041620 0.025034
v 0.000413 0.040878 0.025972
v 0.000029 0.040513 0.023841
v -0.000509 0.039729 0.024768
v 0.002371 0.043490 0.030559
v 0.001495 0.042390 0.029297
v 0.000625 0.041259 0.028050
v -0.000241 0.040098 0.026822
v -0.001100 0.038907 0.025612
v -0.006589 0.039765 0.007106
v -0.006498 0.037869 0.009619
v -0.004053 0.040006 0.011602
v -0.004180 0.038234 0.013990
v -0.001872 0.040400 0.016107
v -0.000945 0.040654 0.018360
v 0.001321 0.042711 0.020600
v 0.002034 0.043021 0.022912
v 0.003134 0.044010 0.024086
v -0.013388 0.006287 0.010820
v -0.010753 0.006472 0.016582
v -0.011506 0.006414 0.014622
v -0.008857 0.019247 0.020400
v -0.008111 0.022385 0.022141
v -0.009239 0.019087 0.018683
v -0.008361 0.022203 0.020460
v -0.009750 0.018916 0.016955
v -0.008744 0.022010 0.018759
v -0.007704 0.025051 0.020671
v -0.008091 0.024825 0.018958
v -0.009257 0.021806 0.017035
v -0.009892 0.021599 0.015292
v -0.011138 0.018556 0.013469
v -0.009797 0.009799 0.019692
v -0.009751 0.012969 0.019096
v -0.010270 0.009724 0.017778
v -0.010254 0.012863 0.017274
v -0.010899 0.009641 0.015890
v -0.010891 0.012749 0.015467
v -0.012541 0.009458 0.012195
v -0.011652 0.012628 0.013673
v -0.012340 0.015477 0.011745
v -0.010481 0.003253 0.017596
v -0.009957 0.003278 0.019739
v -0.009677 0.003300 0.021923
v -0.009649 0.003310 0.023024
v -0.009710 0.003318 0.024124
v -0.009871 0.003326 0.025216
v -0.010145 0.003333 0.026286
v -0.010157 0.006525 0.018581
v -0.009749 0.006572 0.020618
v -0.009630 0.006593 0.021649
v -0.009445 0.009896 0.022607
v -0.009443 0.009923 0.023584
v -0.009283 0.013222 0.024628
v -0.009398 0.013252 0.025546
v -0.009230 0.013187 0.023704
v -0.009236 0.013150 0.022780
v -0.009508 0.009866 0.021631
v -0.009296 0.013109 0.021855
v -0.009404 0.013065 0.020933
v -0.009882 0.009989 0.026487
v -0.009587 0.013279 0.026456
v -0.009652 0.009970 0.025530
v -0.009510 0.009948 0.024560
v -0.009594 0.006630 0.023720
v -0.009576 0.006612 0.022683
v -0.010552 0.003338 0.027317
v -0.011103 0.003343 0.028284
v -0.011493 0.006693 0.029065
v -0.010808 0.003341 0.027811
v -0.011161 0.006690 0.028646
v -0.013743 0.003352 0.030312
v -0.013205 0.003351 0.030117
v -0.014309 0.003352 0.030425
v -0.014887 0.003353 0.030444
v -0.012701 0.003350 0.029850
v -0.012280 0.006699 0.029812
v -0.012735 0.006701 0.030122
v -0.013229 0.006703 0.030377
v -0.013759 0.006704 0.030565
v -0.014317 0.006704 0.030674
v -0.013778 0.010043 0.030984
v -0.013254 0.010043 0.030803
v -0.012766 0.010041 0.030561
v -0.012318 0.010039 0.030266
v -0.015436 0.004198 0.030458
v -0.015451 0.006702 0.030690
v -0.014891 0.006705 0.030694
v -0.014903 0.010043 0.031108
v -0.014331 0.010043 0.031089
v -0.014350 0.013361 0.031670
v -0.013800 0.013361 0.031568
v -0.013826 0.016650 0.032318
v -0.011945 0.013356 0.030572
v -0.012352 0.013359 0.030887
v -0.012796 0.013361 0.031165
v -0.013280 0.013362 0.031396
v -0.010385 0.018738 0.015217
v -0.010720 0.015785 0.015260
v -0.010083 0.015931 0.017018
v -0.009572 0.016069 0.018778
v -0.009199 0.016197 0.020540
v -0.008980 0.016312 0.022304
v -0.008934 0.016364 0.023185
v -0.008935 0.016412 0.024066
v -0.008988 0.016457 0.024942
v -0.009095 0.016497 0.025815
v -0.009263 0.016532 0.026680
v -0.009497 0.016564 0.027534
v -0.009853 0.013302 0.027353
v -0.010208 0.010005 0.027423
v -0.008288 0.021119 0.024604
v -0.008543 0.019587 0.024649
v -0.008432 0.021241 0.026249
v -0.009736 0.019842 0.029545
v -0.009650 0.023048 0.030867
v -0.009600 0.024631 0.031584
v -0.008768 0.021342 0.027863
v -0.008922 0.022979 0.029384
v -0.009182 0.024598 0.030877
v -0.009547 0.026198 0.032338
v -0.008606 0.019642 0.025488
v -0.008718 0.019692 0.026320
v -0.008882 0.019738 0.027146
v -0.009103 0.019778 0.027960
v -0.009386 0.019813 0.028761
v -0.009804 0.016590 0.028372
v -0.010194 0.016612 0.029188
v -0.010210 0.013322 0.028227
v -0.010423 0.016621 0.029585
v -0.010426 0.013330 0.028652
v -0.010677 0.016629 0.029971
v -0.010668 0.013337 0.029067
v -0.010956 0.016635 0.030347
v -0.012826 0.016652 0.031935
v -0.012382 0.016650 0.031672
v -0.011975 0.016648 0.031377
v -0.011575 0.013353 0.030227
v -0.011206 0.010028 0.029170
v -0.010865 0.006686 0.028202
v -0.014374 0.016649 0.032415
v -0.013854 0.019900 0.033230
v -0.009695 0.006646 0.024753
v -0.009888 0.006660 0.025776
v -0.010187 0.006672 0.026777
v -0.010606 0.006682 0.027741
v -0.010909 0.010024 0.028755
v -0.011240 0.013348 0.029858
v -0.011603 0.016645 0.031053
v -0.012000 0.019902 0.032344
v -0.012410 0.019904 0.032622
v -0.010114 0.023073 0.031575
v -0.010162 0.019866 0.030305
v -0.010406 0.019875 0.030674
v -0.010645 0.010018 0.028324
v -0.010939 0.013343 0.029470
v -0.011265 0.016641 0.030708
v -0.011624 0.019900 0.032041
v -0.012011 0.021512 0.032888
v -0.012436 0.023110 0.033731
v -0.010655 0.023092 0.032253
v -0.010084 0.024657 0.032268
v -0.010665 0.021494 0.031624
v -0.010673 0.019883 0.031034
v -0.011285 0.023104 0.032891
v -0.011285 0.024687 0.033535
v -0.013368 0.023106 0.034157
v -0.012883 0.023109 0.033962
v -0.013337 0.019903 0.033075
v -0.012855 0.019904 0.032869
v -0.013307 0.016652 0.032154
v -0.013925 0.026249 0.035534
v -0.007820 0.027263 0.017446
v -0.008487 0.027007 0.015623
v -0.006348 0.030094 0.019545
v -0.007287 0.027522 0.019234
v -0.006614 0.028960 0.020280
v -0.005933 0.030378 0.021352
v -0.005599 0.031479 0.020628
v -0.005243 0.031775 0.022445
v -0.004076 0.034180 0.022862
v -0.004546 0.033150 0.023562
v -0.003841 0.034500 0.024702
v -0.004970 0.032352 0.025917
v -0.006085 0.029490 0.023741
v -0.000946 0.039375 0.022664
v -0.001424 0.038550 0.023582
v -0.001953 0.037686 0.024421
v -0.002524 0.036781 0.025180
v 0.002284 0.043906 0.032614
v 0.001469 0.042794 0.031328
v 0.000659 0.041651 0.030061
v -0.000145 0.040477 0.028812
v -0.000945 0.039274 0.027582
v -0.001737 0.038041 0.026371
v -0.002411 0.037125 0.027048
v -0.001688 0.038398 0.028253
v -0.000957 0.039642 0.029480
v -0.000222 0.040858 0.030727
v 0.000518 0.042044 0.031993
v 0.001264 0.043200 0.033278
v -0.002460 0.037466 0.028846
v -0.002664 0.037795 0.030565
v -0.001802 0.038750 0.030061
v -0.002074 0.039091 0.031786
v -0.001137 0.040006 0.031299
v -0.001479 0.040359 0.033030
v -0.000469 0.041234 0.032557
v -0.000878 0.041598 0.034295
v 0.000205 0.042433 0.033835
v -0.003077 0.039716 0.034978
v -0.003526 0.038400 0.033762
v -0.004176 0.038665 0.035234
v -0.003797 0.039990 0.036440
v -0.004970 0.038899 0.036620
v -0.004661 0.040233 0.037809
v -0.003021 0.038108 0.032205
v -0.002501 0.039415 0.033426
v -0.001975 0.040694 0.034671
v -0.001446 0.041944 0.035938
v -0.000294 0.047005 0.042757
v -0.000374 0.044355 0.038537
v -0.001236 0.044697 0.040076
v -0.002163 0.042266 0.037482
v -0.003027 0.042558 0.038925
v -0.004031 0.042818 0.040265
v -0.005175 0.043040 0.041498
v 0.002251 0.045841 0.037787
v 0.002803 0.048385 0.042306
v 0.001808 0.048798 0.043977
v 0.000659 0.049182 0.045516
v -0.001444 0.047336 0.044173
v -0.000635 0.049533 0.046924
v -0.006511 0.028266 0.024356
v -0.006031 0.029738 0.025399
v -0.006530 0.028488 0.025976
v -0.006118 0.029970 0.027007
v -0.006692 0.028691 0.027552
v -0.006349 0.030181 0.028565
v -0.007001 0.028870 0.029080
v -0.006727 0.030369 0.030070
v -0.007470 0.029024 0.030557
v -0.007261 0.030529 0.031517
v -0.008109 0.029150 0.031974
v -0.007963 0.030660 0.032898
v -0.007173 0.026548 0.021667
v -0.006984 0.026775 0.023340
v -0.006935 0.026987 0.024974
v -0.007029 0.027181 0.026568
v -0.007271 0.027353 0.028122
v -0.007673 0.027500 0.029630
v -0.008251 0.027622 0.031083
v -0.005544 0.031190 0.026469
v -0.005700 0.031432 0.028066
v -0.005999 0.031652 0.029607
v -0.006446 0.031848 0.031089
v -0.007047 0.032014 0.032507
v -0.007812 0.032150 0.033855
v -0.005052 0.032622 0.027565
v -0.005276 0.032873 0.029152
v -0.005645 0.033102 0.030677
v -0.006161 0.033305 0.032138
v -0.006828 0.033478 0.033529
v -0.007655 0.033619 0.034844
v -0.003830 0.035124 0.028193
v -0.004552 0.034030 0.028687
v -0.004047 0.035415 0.029835
v -0.004846 0.034292 0.030266
v -0.004411 0.035686 0.031405
v -0.005285 0.034529 0.031776
v -0.004920 0.035933 0.032901
v -0.005870 0.034740 0.033216
v -0.005575 0.036152 0.034323
v -0.006605 0.034919 0.034581
v -0.006376 0.036338 0.035663
v -0.007496 0.035066 0.035864
v -0.007332 0.036490 0.036915
v -0.012977 0.018194 0.009940
v -0.010650 0.021390 0.013527
v -0.008608 0.024592 0.017213
v -0.007450 0.025267 0.022352
v -0.007334 0.025469 0.024000
v -0.007360 0.025653 0.025615
v -0.007534 0.025818 0.027196
v -0.007872 0.025959 0.028735
v -0.008388 0.026075 0.030226
v -0.008611 0.027672 0.031785
v -0.008936 0.029247 0.033317
v -0.008847 0.030760 0.034200
v -0.008752 0.032254 0.035118
v -0.008654 0.033726 0.036070
v -0.008552 0.035177 0.037053
v -0.008446 0.036605 0.038070
v -0.007910 0.023742 0.021392
v -0.007725 0.023934 0.023056
v -0.007683 0.024110 0.024692
v -0.007792 0.024267 0.026299
v -0.008064 0.024401 0.027873
v -0.008519 0.024512 0.029404
v -0.008719 0.026123 0.030950
v -0.009022 0.027714 0.032468
v -0.009428 0.029283 0.033955
v -0.009933 0.030826 0.035408
v -0.009887 0.032322 0.036283
v -0.009839 0.033797 0.037193
v -0.009787 0.035250 0.038138
v -0.012482 0.029344 0.036422
v -0.012039 0.026260 0.034757
v -0.012460 0.026260 0.034998
v -0.012030 0.024692 0.034095
v -0.012022 0.023109 0.033471
v -0.009976 0.029311 0.034567
v -0.010588 0.029330 0.035151
v -0.010565 0.030846 0.035968
v -0.011268 0.030858 0.036494
v -0.011259 0.032354 0.037328
v -0.008001 0.022551 0.023800
v -0.008043 0.022699 0.025437
v -0.008251 0.022828 0.027045
v -0.008646 0.022934 0.028617
v -0.008823 0.024559 0.030149
v -0.009105 0.026164 0.031655
v -0.009489 0.027749 0.033129
v -0.012062 0.032357 0.037789
v -0.011249 0.033830 0.038197
v -0.013474 0.032346 0.038341
v -0.012972 0.032351 0.038184
v -0.015515 0.013355 0.031667
v -0.014944 0.016646 0.032431
v -0.014404 0.019897 0.033322
v -0.014479 0.026242 0.035615
v -0.014575 0.032329 0.038527
v -0.014010 0.032338 0.038459
v -0.014057 0.035266 0.040144
v -0.011237 0.035285 0.039102
v -0.012070 0.035288 0.039527
v -0.012075 0.038128 0.041405
v -0.009677 0.038087 0.040128
v -0.009556 0.040824 0.042248
v -0.008338 0.038008 0.039119
v -0.008110 0.040739 0.041309
v -0.007163 0.037889 0.037997
v -0.006816 0.040610 0.040251
v -0.006144 0.037732 0.036775
v -0.005667 0.040441 0.039082
v -0.002242 0.045009 0.041505
v -0.003387 0.045286 0.042819
v -0.004668 0.045524 0.044017
v -0.006080 0.045719 0.045093
v -0.009425 0.043455 0.044492
v -0.007871 0.043361 0.043618
v -0.006454 0.043222 0.042618
v -0.011209 0.038125 0.041015
v -0.011177 0.040866 0.043065
v -0.014164 0.040849 0.043937
v -0.014109 0.038106 0.041971
v -0.014693 0.038095 0.042025
v -0.013002 0.035281 0.039890
v -0.013034 0.038121 0.041739
v -0.016811 0.049765 0.051949
v -0.009286 0.045973 0.046855
v -0.074938 0.003209 -0.067227
v -0.074054 0.003194 -0.062536
v -0.072740 0.003180 -0.057903
v -0.074607 0.006443 -0.067102
v -0.073683 0.006412 -0.062334
v -0.074065 0.009678 -0.066947
v -0.073942 0.012985 -0.071602
v -0.074266 0.013094 -0.076382
v -0.072389 0.019545 -0.076073
v -0.074358 0.013214 -0.081128
v -0.072591 0.019709 -0.080878
v -0.070144 0.026020 -0.080543
v -0.073041 0.016206 -0.071430
v -0.073312 0.012901 -0.066761
v -0.073093 0.009631 -0.062107
v -0.072307 0.006383 -0.057592
v -0.070967 0.003160 -0.053386
v -0.068749 0.003130 -0.049044
v -0.070438 0.006344 -0.052946
v -0.071649 0.009587 -0.057265
v -0.072284 0.012838 -0.061852
v -0.072353 0.016102 -0.066543
v -0.071946 0.019392 -0.071228
v -0.069795 0.025817 -0.075659
v -0.066147 0.003088 -0.044918
v -0.062306 0.006109 -0.040215
v -0.065356 0.006204 -0.044223
v -0.068098 0.006285 -0.048472
v -0.041709 0.011459 -0.020513
v -0.034468 0.011350 -0.013846
v -0.027540 0.011420 -0.007171
v -0.020769 0.017336 -0.000739
v -0.069687 0.009528 -0.052499
v -0.067232 0.009441 -0.047900
v -0.064360 0.009324 -0.043537
v -0.059866 0.012255 -0.038652
v -0.056370 0.012067 -0.034699
v -0.053007 0.018058 -0.032981
v -0.066127 0.018955 -0.051085
v -0.063364 0.018789 -0.046165
v -0.064523 0.022014 -0.050585
v -0.061670 0.021820 -0.045571
v -0.062720 0.025008 -0.050068
v -0.059784 0.024787 -0.044967
v -0.060725 0.027926 -0.049533
v -0.070768 0.012778 -0.056917
v -0.068716 0.012700 -0.052041
v -0.066151 0.012586 -0.047328
v -0.063161 0.012434 -0.042856
v -0.056676 0.018322 -0.037105
v -0.048987 0.023867 -0.031251
v -0.041281 0.023263 -0.023270
v -0.055622 0.005907 -0.032833
v -0.052757 0.011882 -0.030954
v -0.049083 0.011714 -0.027370
v -0.045463 0.017569 -0.025342
v -0.037960 0.017218 -0.018188
v -0.033734 0.022833 -0.015767
v -0.026570 0.022660 -0.008450
v -0.018794 0.028045 -0.001646
v -0.071260 0.016021 -0.061570
v -0.069670 0.015945 -0.056549
v -0.067528 0.015847 -0.051570
v -0.064860 0.015707 -0.046749
v -0.003636 0.035164 0.022097
v -0.003304 0.035494 0.024010
v -0.003129 0.035826 0.025864
v -0.003113 0.036154 0.027652
v -0.003249 0.036473 0.029367
v -0.003537 0.036775 0.031007
v -0.003971 0.037056 0.032571
v -0.004551 0.037312 0.034055
v -0.005274 0.037538 0.035457
v -0.068239 0.028861 -0.075414
v -0.070026 0.019170 -0.061260
v -0.068358 0.019075 -0.056158
v -0.068588 0.022270 -0.060922
v -0.066838 0.022156 -0.055745
v -0.066953 0.025311 -0.060556
v -0.065119 0.025175 -0.055309
v -0.065124 0.028280 -0.060163
v -0.063207 0.028119 -0.054849
v -0.063114 0.031168 -0.059741
v -0.061110 0.030978 -0.054366
v -0.060931 0.033963 -0.059292
v -0.062534 0.034187 -0.064608
v -0.063742 0.034437 -0.069781
v -0.064620 0.031360 -0.065003
v -0.065726 0.031581 -0.070126
v -0.066537 0.028446 -0.065370
v -0.067545 0.028639 -0.070443
v -0.068277 0.025451 -0.065708
v -0.069193 0.025619 -0.070734
v -0.069829 0.022388 -0.066017
v -0.070662 0.022534 -0.070994
v -0.071190 0.019268 -0.066295
v -0.058551 0.030758 -0.048979
v -0.056204 0.033493 -0.048406
v -0.058839 0.033745 -0.053859
v -0.063333 0.037797 -0.079633
v -0.061263 0.040516 -0.079359
v -0.056404 0.036406 -0.053327
v -0.051084 0.041382 -0.052193
v -0.058584 0.036659 -0.058816
v -0.053438 0.041711 -0.057787
v -0.060286 0.036916 -0.064184
v -0.055345 0.042045 -0.063258
v -0.056884 0.042403 -0.068593
v -0.058118 0.042779 -0.073836
v -0.056727 0.045631 -0.078760
v -0.055046 0.048305 -0.083897
v -0.055262 0.048311 -0.088942
v -0.057714 0.027678 -0.044350
v -0.055468 0.030480 -0.043719
v -0.051978 0.030143 -0.038698
v -0.048232 0.029768 -0.033960
v -0.044358 0.029382 -0.029486
v -0.036576 0.028680 -0.021131
v -0.029067 0.028188 -0.013231
v -0.053695 0.036121 -0.047814
v -0.044935 0.040616 -0.041042
v -0.048238 0.041025 -0.046568
v -0.042271 0.045418 -0.045243
v -0.035889 0.049262 -0.043839
v -0.029188 0.052542 -0.042356
v -0.022262 0.055251 -0.040796
v -0.037449 0.039670 -0.030646
v -0.038304 0.042352 -0.034941
v -0.041290 0.040158 -0.035721
v -0.017209 0.032996 -0.002379
v -0.020519 0.033041 -0.006469
v -0.024005 0.033187 -0.010573
v -0.031406 0.033729 -0.018915
v -0.039184 0.034515 -0.027672
v -0.043096 0.034952 -0.032330
v -0.046908 0.035384 -0.037237
v -0.050491 0.035781 -0.042413
v -0.022055 0.028000 -0.005503
v 0.005120 -0.066834 -0.085102
v 0.007858 -0.066239 -0.084928
v 0.007879 -0.066126 -0.079997
v 0.046766 -0.041942 -0.062912
v 0.042962 -0.045878 -0.063154
v 0.046446 -0.041987 -0.067824
v 0.041334 -0.047254 -0.068126
v 0.046446 -0.041988 -0.067827
v 0.046321 -0.042007 -0.072751
v 0.046320 -0.042007 -0.072745
v 0.046407 -0.041993 -0.068436
v 0.046371 -0.042025 -0.077665
v 0.046293 -0.042011 -0.074111
v 0.041154 -0.047488 -0.073045
v 0.046371 -0.042025 -0.077677
v 0.046532 -0.042042 -0.082466
v 0.046434 -0.042037 -0.080536
v 0.046218 -0.042431 -0.082486
v 0.043450 -0.045626 -0.082662
v 0.041373 -0.047749 -0.082795
v 0.041186 -0.047679 -0.077982
v 0.040496 -0.048645 -0.082850
v 0.037357 -0.051483 -0.083050
v 0.035419 -0.052799 -0.078326
v 0.035580 -0.052903 -0.083163
v 0.028702 -0.057763 -0.083601
v 0.029260 -0.057397 -0.083566
v 0.029132 -0.057265 -0.078705
v 0.032231 -0.055446 -0.083377
v 0.034039 -0.054136 -0.083261
v 0.025043 -0.059859 -0.083834
v 0.022393 -0.061013 -0.079114
v 0.022467 -0.061133 -0.083998
v 0.015279 -0.063982 -0.079547
v 0.017355 -0.063372 -0.084324
v 0.021260 -0.061730 -0.084075
v 0.009235 -0.065938 -0.084840
v 0.013326 -0.064783 -0.084580
v 0.015303 -0.064090 -0.084454
v 0.000952 -0.067477 -0.085368
v 0.000289 -0.067414 -0.080458
v 0.000221 -0.067545 -0.085414
v -0.003260 -0.067866 -0.085636
v 0.000926 -0.067050 -0.075435
v -0.000472 -0.066206 -0.065919
v 0.001996 -0.066537 -0.070505
v 0.003382 -0.065915 -0.065674
v 0.011676 -0.064430 -0.065146
v 0.010528 -0.064681 -0.065219
v 0.009321 -0.065290 -0.070061
v 0.007662 -0.065307 -0.065401
v 0.003620 -0.065897 -0.065658
v 0.015658 -0.063259 -0.064892
v 0.016441 -0.063161 -0.069630
v 0.017467 -0.062585 -0.064777
v 0.019629 -0.061779 -0.064639
v 0.023260 -0.060201 -0.069216
v 0.023585 -0.059979 -0.064388
v 0.029705 -0.056495 -0.068826
v 0.027539 -0.057839 -0.064136
v 0.024116 -0.059692 -0.064354
v 0.035455 -0.052507 -0.073378
v 0.035735 -0.052147 -0.068461
v 0.029280 -0.056927 -0.073743
v 0.022669 -0.060664 -0.074136
v 0.015684 -0.063636 -0.074554
v 0.008404 -0.065779 -0.074988
v 0.036266 -0.051787 -0.063580
v 0.039408 -0.049182 -0.063380
v 0.041738 -0.047016 -0.063232
v 0.035452 -0.052460 -0.063632
v 0.031494 -0.055339 -0.063884
v 0.030386 -0.056040 -0.063955
v -0.005431 -0.042089 0.153349
v -0.006042 -0.042089 0.153323
v -0.006183 -0.044926 0.150797
v -0.020257 -0.067514 0.106369
v -0.020229 -0.067552 0.105931
v -0.015048 -0.067475 0.106095
v -0.007905 -0.067167 0.105911
v 0.006153 -0.065961 0.103829
v 0.019375 -0.064090 0.099015
v 0.025681 -0.058243 -0.015311
v 0.010478 -0.063064 -0.047233
v 0.013416 -0.062007 -0.040831
v 0.018976 -0.061922 -0.058697
v 0.025481 -0.059091 -0.057939
v 0.031626 -0.055553 -0.057209
v 0.037383 -0.051412 -0.056515
v 0.052899 -0.041305 -0.031557
v 0.054073 -0.041212 -0.027587
v 0.049316 -0.045539 -0.029195
v 0.057686 -0.040953 -0.016186
v 0.059968 -0.040815 -0.009590
v 0.055222 -0.044705 -0.011818
v 0.055743 -0.050744 0.019747
v 0.055544 -0.050902 0.020337
v 0.053321 -0.051775 0.018593
v 0.052563 -0.052990 0.029175
v 0.052456 -0.053044 0.029496
v 0.051829 -0.053220 0.028921
v 0.052157 -0.053191 0.030384
v 0.051619 -0.053456 0.031982
v 0.050952 -0.053784 0.033967
v 0.047518 -0.054493 0.030596
v 0.049158 -0.054547 0.039295
v 0.049120 -0.054507 0.037945
v 0.049452 -0.054432 0.038425
v 0.031228 -0.061687 0.092499
v 0.030805 -0.061798 0.091041
v 0.032206 -0.061443 0.089600
v 0.027585 -0.062079 0.103276
v 0.027545 -0.062079 0.103397
v 0.025387 -0.062976 0.095435
v 0.011033 -0.043081 0.152320
v 0.003153 -0.044855 0.150878
v 0.011584 -0.044630 0.150687
v 0.011623 -0.044739 0.150571
v 0.010749 -0.042213 0.153162
v 0.010713 -0.042101 0.153267
v 0.009452 -0.042100 0.153320
v 0.011988 -0.045769 0.149485
v 0.002855 -0.047594 0.148035
v 0.012202 -0.046294 0.148853
v 0.011547 -0.049949 0.144528
v 0.013087 -0.048469 0.146229
v 0.012012 -0.047422 0.147612
v 0.012646 -0.047384 0.147538
v 0.012562 -0.047176 0.147789
v 0.014710 -0.051786 0.141419
v 0.014252 -0.050948 0.142776
v 0.011079 -0.052318 0.141304
v 0.014185 -0.050807 0.142972
v 0.013739 -0.049856 0.144298
v 0.016143 -0.054221 0.137178
v 0.015885 -0.053821 0.137939
v 0.010608 -0.054521 0.137948
v 0.015483 -0.053199 0.139128
v 0.014904 -0.052139 0.140845
v 0.016780 -0.055211 0.135291
v 0.010132 -0.056550 0.134474
v 0.017127 -0.055667 0.134263
v 0.018142 -0.056971 0.131258
v 0.018095 -0.056920 0.131397
v 0.009652 -0.058399 0.130893
v 0.018021 -0.056840 0.131615
v 0.017453 -0.056095 0.133296
v 0.018843 -0.057734 0.129179
v 0.017814 -0.057842 0.129435
v 0.019436 -0.058379 0.127420
v 0.017133 -0.059449 0.125671
v 0.019825 -0.058720 0.126265
v 0.020311 -0.059144 0.124827
v 0.020790 -0.059565 0.123403
v 0.016445 -0.060868 0.121828
v 0.021603 -0.060122 0.120989
v 0.023221 -0.061045 0.116194
v 0.022849 -0.060858 0.117295
v 0.015751 -0.062099 0.117916
v 0.022201 -0.060531 0.119218
v 0.021868 -0.060304 0.120203
v 0.023532 -0.061201 0.115274
v 0.023073 -0.061268 0.115465
v 0.023675 -0.061273 0.114849
v 0.022156 -0.062255 0.111411
v 0.024759 -0.061633 0.111641
v 0.021233 -0.063056 0.107311
v 0.025224 -0.061786 0.110266
v 0.027305 -0.062074 0.104104
v 0.026862 -0.062066 0.105414
v 0.024534 -0.062551 0.105702
v 0.026325 -0.061974 0.107006
v 0.025476 -0.061829 0.109520
v 0.030602 -0.061843 0.094353
v 0.030512 -0.061866 0.094618
v 0.028181 -0.062392 0.093339
v 0.030136 -0.061912 0.095733
v 0.029461 -0.061996 0.097729
v 0.028636 -0.062098 0.100162
v 0.032427 -0.061388 0.088946
v 0.032871 -0.061244 0.087626
v 0.032571 -0.061352 0.088519
v 0.034367 -0.060707 0.083175
v 0.035730 -0.060153 0.079134
v 0.034899 -0.060516 0.081591
v 0.034455 -0.060675 0.082913
v 0.036252 -0.059925 0.077589
v 0.037024 -0.059587 0.075306
v 0.037884 -0.059212 0.072763
v 0.037980 -0.059167 0.072477
v 0.038253 -0.059042 0.071673
v 0.039347 -0.058539 0.068440
v 0.039452 -0.058490 0.068128
v 0.040441 -0.058037 0.065209
v 0.040866 -0.057850 0.063945
v 0.041394 -0.057620 0.062372
v 0.040480 -0.058019 0.065093
v 0.042141 -0.057293 0.060147
v 0.042592 -0.057096 0.058800
v 0.043215 -0.056845 0.056946
v 0.043330 -0.056800 0.056605
v 0.044903 -0.056175 0.051921
v 0.044654 -0.056270 0.052663
v 0.044476 -0.056341 0.053192
v 0.045258 -0.056042 0.050871
v 0.045164 -0.055700 0.045602
v 0.045429 -0.055978 0.050364
v 0.045558 -0.055930 0.049982
v 0.044282 -0.055429 0.038512
v 0.047956 -0.055018 0.042866
v 0.047603 -0.055157 0.043912
v 0.046698 -0.055507 0.046601
v 0.046604 -0.055542 0.046876
v 0.046469 -0.055592 0.047278
v 0.046955 -0.055411 0.045836
v 0.050350 -0.054080 0.035759
v 0.050000 -0.054217 0.036796
v 0.049611 -0.054369 0.037949
v 0.049635 -0.053431 0.021350
v 0.053976 -0.052100 0.024984
v 0.053659 -0.052300 0.025927
v 0.052705 -0.052901 0.028752
v 0.055032 -0.051308 0.021855
v 0.054664 -0.051600 0.022947
v 0.054258 -0.051922 0.024150
v 0.057178 -0.049339 0.015511
v 0.057158 -0.049362 0.015570
v 0.056536 -0.049648 0.015044
v 0.056925 -0.049590 0.016259
v 0.055771 -0.050717 0.019666
v 0.059006 -0.047075 0.010110
v 0.058547 -0.047720 0.011468
v 0.050703 -0.050552 -0.001038
v 0.057994 -0.048373 0.013101
v 0.057189 -0.049326 0.015479
v 0.060400 -0.045008 0.005984
v 0.059937 -0.045766 0.007356
v 0.056238 -0.047448 0.002321
v 0.059162 -0.046855 0.009648
v 0.062846 -0.040643 -0.001271
v 0.062808 -0.040721 -0.001157
v 0.061357 -0.043438 0.003144
v 0.061060 -0.043925 0.004024
v 0.060983 -0.044051 0.004253
v 0.060715 -0.044492 0.005049
v 0.054825 -0.041152 -0.025040
v 0.055208 -0.041125 -0.023856
v 0.057684 -0.040953 -0.016191
v 0.044489 -0.046393 -0.046871
v 0.049352 -0.041610 -0.045938
v 0.046715 -0.045974 -0.037984
v 0.050740 -0.041487 -0.039668
v 0.050835 -0.041479 -0.039311
v 0.051515 -0.041421 -0.036712
v 0.052609 -0.041327 -0.032537
v 0.047086 -0.041889 -0.059790
v 0.047704 -0.041798 -0.055279
v 0.042748 -0.046775 -0.055866
v 0.047743 -0.041792 -0.054992
v 0.047905 -0.041768 -0.053807
v 0.049102 -0.041633 -0.047124
v 0.049157 -0.041627 -0.046821
v 0.012178 -0.063958 -0.059473
v 0.005179 -0.065149 -0.060260
v 0.007705 -0.064123 -0.053697
v 0.019539 -0.059995 -0.028099
v 0.031538 -0.056841 -0.002335
v 0.034269 -0.056293 0.004257
v 0.036820 -0.055856 0.010930
v 0.039147 -0.055542 0.017692
v 0.041203 -0.055359 0.024543
v 0.042936 -0.055319 0.031486
v 0.022445 -0.063545 0.097326
v 0.012919 -0.065097 0.101797
v -0.000817 -0.066657 0.105178
v -0.019988 -0.067883 0.102152
v -0.015146 -0.066192 0.113781
v -0.020717 -0.066247 0.113591
v -0.020524 -0.066890 0.110559
v -0.020788 -0.066009 0.114714
v -0.015194 -0.065234 0.117562
v -0.021050 -0.064871 0.118833
v -0.021192 -0.064142 0.121056
v -0.015241 -0.064069 0.121285
v -0.021193 -0.064135 0.121072
v -0.021444 -0.062633 0.125012
v -0.015284 -0.062698 0.124942
v -0.021651 -0.061162 0.128261
v -0.015327 -0.061127 0.128519
v -0.021690 -0.060889 0.128865
v -0.015367 -0.059359 0.132006
v -0.021928 -0.058912 0.132611
v -0.022086 -0.057411 0.135079
v -0.015403 -0.057400 0.135392
v -0.022160 -0.056701 0.136246
v -0.015435 -0.055256 0.138664
v -0.022384 -0.054255 0.139765
v -0.022417 -0.053866 0.140284
v -0.015464 -0.052932 0.141814
v -0.022491 -0.052931 0.141446
v -0.022628 -0.051205 0.143588
v -0.015488 -0.050437 0.144829
v -0.022828 -0.048353 0.146723
v -0.015504 -0.047778 0.147702
v -0.022864 -0.047777 0.147284
v -0.015520 -0.042088 0.152914
v -0.022669 -0.042078 0.152498
v -0.023017 -0.045310 0.149683
v -0.023194 -0.042077 0.152466
v -0.006322 -0.047712 0.148025
v -0.006296 -0.042089 0.153312
v -0.014862 -0.042087 0.152943
v -0.015486 -0.042088 0.152916
v 0.003440 -0.042095 0.153446
v 0.002920 -0.042094 0.153457
v 0.002298 -0.042094 0.153449
v 0.039230 -0.050851 -0.047899
v 0.041525 -0.050243 -0.039391
v 0.044162 -0.049619 -0.030975
v 0.050066 -0.048431 -0.014309
v 0.044570 -0.051791 -0.016951
v 0.038650 -0.053280 -0.032863
v 0.035965 -0.054064 -0.040886
v 0.033591 -0.054835 -0.048994
v 0.027573 -0.058241 -0.050136
v 0.030037 -0.057340 -0.042440
v 0.032776 -0.056426 -0.034821
v 0.038731 -0.054692 -0.019691
v 0.044846 -0.053240 -0.004533
v 0.050657 -0.052160 0.010813
v 0.020305 -0.063667 0.103176
v -0.007639 -0.065905 0.113656
v 0.015049 -0.063139 0.113946
v 0.014342 -0.063985 0.109930
v 0.013631 -0.064638 0.105877
v 0.002559 -0.050181 0.145039
v 0.002264 -0.052609 0.141900
v 0.001966 -0.054867 0.138629
v 0.001668 -0.056948 0.135239
v 0.001367 -0.058847 0.131739
v 0.009165 -0.060062 0.127217
v 0.001063 -0.060556 0.128144
v 0.008674 -0.061535 0.123461
v 0.000756 -0.062072 0.124463
v 0.008177 -0.062814 0.119632
v 0.000447 -0.063392 0.120708
v 0.007676 -0.063898 0.115745
v 0.000133 -0.064512 0.116893
v 0.007171 -0.064785 0.111807
v -0.000181 -0.065431 0.113025
v 0.006662 -0.065472 0.107833
v -0.000499 -0.066146 0.109117
v -0.006460 -0.050345 0.145100
v -0.006593 -0.052815 0.142033
v -0.006724 -0.055114 0.138833
v -0.006855 -0.057235 0.135511
v -0.006985 -0.059171 0.132078
v -0.007115 -0.060916 0.128546
v -0.007245 -0.062466 0.124927
v -0.007376 -0.063816 0.121232
v -0.007508 -0.064964 0.117472
v 0.014555 -0.062948 -0.052502
v 0.017221 -0.061896 -0.045632
v 0.020089 -0.060840 -0.038828
v 0.026151 -0.058835 -0.025297
v 0.032276 -0.057118 -0.011708
v 0.038105 -0.055781 0.002077
v 0.040804 -0.055275 0.009077
v 0.043305 -0.054886 0.016160
v 0.045560 -0.054622 0.023333
v 0.021207 -0.060973 -0.051311
v 0.023770 -0.059975 -0.044029
v 0.026570 -0.058968 -0.036818
v 0.032574 -0.057059 -0.022486
v 0.038687 -0.055444 -0.008105
v 0.044499 -0.054217 0.006472
v 0.047176 -0.053766 0.013869
v 0.010629 -0.041793 0.153518
v 0.010623 -0.041771 0.153537
v 0.003499 -0.041831 0.153663
v 0.010708 -0.042080 0.153284
v 0.010668 -0.041936 0.153401
v 0.002296 -0.041840 0.153652
v 0.002226 -0.041841 0.153652
v -0.006301 -0.041894 0.153437
v -0.002052 -0.041872 0.153597
v -0.000408 -0.041861 0.153628
v -0.014964 -0.041927 0.153048
v -0.023201 -0.041939 0.152570
v -0.023196 -0.042043 0.152493
v -0.006373 -0.041894 0.153434
v -0.011844 -0.041923 0.153228
v -0.014868 -0.041926 0.153054
v -0.023214 0.041923 0.152572
v -0.023212 0.041958 0.152547
v -0.024000 0.012255 0.164998
v -0.023946 0.016460 0.164143
v -0.023943 0.016660 0.164089
v -0.023877 0.020599 0.163041
v -0.024065 0.000961 0.166046
v -0.024060 0.003657 0.165958
v -0.024050 0.005591 0.165801
v -0.024038 0.007986 0.165606
v -0.024010 0.011158 0.165155
v -0.023355 0.038644 0.154791
v -0.023846 0.022050 0.162560
v -0.023792 0.024665 0.161692
v -0.023730 0.027196 0.160713
v -0.023726 0.027321 0.160658
v -0.023619 0.031142 0.158961
v -0.023577 0.032406 0.158307
v -0.023494 0.034959 0.156985
v -0.023405 0.037304 0.155589
v -0.023947 -0.016079 0.164234
v -0.024001 -0.011849 0.165070
v -0.024007 -0.011175 0.165162
v -0.024060 -0.003325 0.165975
v -0.024064 -0.000007 0.166030
v -0.023825 -0.022859 0.162329
v -0.023730 -0.026878 0.160848
v -0.023717 -0.027333 0.160648
v -0.024039 -0.007596 0.165650
v -0.024049 -0.005607 0.165801
v -0.023620 -0.030800 0.159130
v -0.023567 -0.032421 0.158303
v -0.023356 -0.038337 0.154994
v -0.023394 -0.037322 0.155590
v -0.023496 -0.034622 0.157179
v -0.023841 -0.022072 0.162576
v -0.023877 -0.020282 0.163138
v -0.023937 -0.016673 0.164080
v 0.010695 0.042074 0.153286
v 0.005069 0.041811 0.153659
v 0.010610 0.041765 0.153539
v 0.010615 0.041785 0.153522
v 0.002283 0.041831 0.153639
v 0.010655 0.041929 0.153404
v 0.002214 0.041832 0.153639
v -0.001418 0.041859 0.153613
v -0.006315 0.041883 0.153440
v -0.006386 0.041883 0.153438
v -0.010890 0.041906 0.153279
v -0.014880 0.041912 0.153051
v 0.047012 0.041755 -0.061948
v 0.046912 0.041768 -0.062927
v 0.062885 0.040546 -0.001422
v 0.062841 0.040646 -0.001290
v 0.062937 0.040432 -0.001576
v 0.057951 0.040793 -0.015799
v 0.057809 0.040805 -0.016233
v 0.056242 0.040930 -0.021018
v 0.055301 0.041005 -0.023890
v 0.055054 0.041025 -0.024642
v 0.053137 0.041187 -0.031070
v 0.052983 0.041200 -0.031585
v 0.052725 0.041222 -0.032454
v 0.050916 0.041375 -0.039333
v 0.050900 0.041376 -0.039394
v 0.050487 0.041410 -0.041236
v 0.049446 0.041495 -0.045882
v 0.049215 0.041517 -0.047150
v 0.047871 0.041650 -0.055014
v 0.048181 0.041612 -0.052808
v 0.048414 0.041591 -0.051533
v 0.047332 0.041715 -0.058837
v 0.046597 0.041818 -0.067834
v 0.046456 0.041915 -0.077662
v 0.046396 0.041884 -0.074529
v 0.046436 0.041866 -0.072747
v 0.046443 0.041863 -0.072445
v 0.046520 0.041830 -0.069034
v 0.046456 0.041915 -0.077703
v 0.046514 0.041946 -0.080770
v 0.046598 0.041955 -0.082459
v 0.058378 0.016547 -0.081710
v 0.059249 0.012356 -0.081655
v 0.060228 0.003903 -0.081593
v 0.060326 0.000010 -0.081587
v 0.054964 0.027080 -0.081927
v 0.056469 0.023104 -0.081831
v 0.059419 0.011199 -0.081644
v 0.059866 0.008139 -0.081616
v 0.060081 0.005621 -0.081602
v 0.056792 0.022110 -0.081811
v 0.057246 0.020709 -0.081782
v 0.058335 0.016709 -0.081713
v 0.051249 0.034736 -0.082163
v 0.049681 0.037342 -0.082263
v 0.049042 0.038404 -0.082304
v 0.060335 -0.000350 -0.081586
v 0.060278 -0.002871 -0.081590
v 0.060082 -0.005602 -0.081602
v 0.059971 -0.007173 -0.081610
v 0.052442 0.032453 -0.082087
v 0.053223 0.030960 -0.082038
v 0.054832 0.027373 -0.081935
v 0.056237 -0.023766 -0.081848
v 0.055350 -0.026127 -0.081904
v 0.054823 -0.027347 -0.081938
v 0.053648 -0.030069 -0.082013
v 0.059441 -0.011181 -0.081643
v 0.059410 -0.011417 -0.081645
v 0.058599 -0.015599 -0.081697
v 0.058320 -0.016684 -0.081715
v 0.057541 -0.019718 -0.081765
v 0.056779 -0.022084 -0.081813
v 0.049576 -0.037561 -0.082272
v 0.047214 -0.041105 -0.082423
v 0.046611 -0.041939 -0.082461
v 0.052452 -0.032436 -0.082089
v 0.051722 -0.033881 -0.082135
v 0.049708 -0.037334 -0.082264
v 0.046923 -0.041752 -0.062929
v 0.046845 -0.041762 -0.063877
v 0.046622 -0.041803 -0.067836
v 0.046485 -0.041828 -0.070272
v 0.046458 -0.041849 -0.072446
v 0.046454 -0.041852 -0.072748
v 0.046413 -0.041884 -0.076129
v 0.046460 -0.041897 -0.077665
v 0.046462 -0.041898 -0.077705
v 0.062898 -0.040529 -0.001424
v 0.062942 -0.040431 -0.001555
v 0.055317 -0.040986 -0.023894
v 0.055584 -0.040964 -0.023016
v 0.056252 -0.040912 -0.021019
v 0.057848 -0.040786 -0.016244
v 0.059133 -0.040684 -0.012397
v 0.062950 -0.040412 -0.001580
v 0.053000 -0.041182 -0.031588
v 0.053141 -0.041169 -0.031069
v 0.053276 -0.041158 -0.030575
v 0.049237 -0.041501 -0.047154
v 0.049768 -0.041455 -0.044398
v 0.051380 -0.041321 -0.037518
v 0.050953 -0.041356 -0.039341
v 0.050508 -0.041393 -0.041240
v 0.048505 -0.041564 -0.050947
v 0.048415 -0.041574 -0.051532
v 0.047880 -0.041635 -0.055016
v 0.047579 -0.041669 -0.056980
v 0.047031 -0.041739 -0.061951
v 0.046769 -0.055529 0.047040
v 0.009764 -0.037916 0.156078
v 0.009642 -0.037280 0.156441
v 0.002409 -0.037311 0.156604
v 0.006860 -0.017342 0.164678
v 0.006810 -0.016658 0.164823
v 0.002919 -0.016666 0.164946
v 0.010579 0.041641 0.153628
v 0.009828 0.038270 0.155858
v 0.002397 0.037303 0.156606
v 0.002564 0.032407 0.159281
v 0.008730 0.032380 0.159113
v 0.009632 0.037271 0.156437
v 0.009078 0.034437 0.158081
v 0.002822 0.022054 0.163465
v 0.007304 0.022048 0.163346
v 0.007317 0.022176 0.163309
v 0.002705 0.027313 0.161572
v 0.007825 0.026419 0.161799
v 0.007951 0.027297 0.161424
v 0.008409 0.030479 0.160065
v 0.006904 0.017915 0.164534
v 0.002914 0.016658 0.164947
v 0.006809 0.016650 0.164815
v 0.002979 0.011161 0.166011
v 0.006450 0.011154 0.165882
v 0.006580 0.013585 0.165496
v 0.003032 -0.000004 0.166869
v 0.006152 -0.000004 0.166770
v 0.006149 0.000347 0.166780
v 0.003019 0.005596 0.166654
v 0.006201 0.004773 0.166622
v 0.006228 0.005593 0.166542
v 0.006345 0.009192 0.166194
v 0.006188 -0.004112 0.166663
v 0.003021 -0.005603 0.166654
v 0.006232 -0.005600 0.166532
v 0.006320 -0.008562 0.166272
v 0.002982 -0.011169 0.166011
v 0.006453 -0.011162 0.165882
v 0.006544 -0.012978 0.165609
v 0.007258 -0.021570 0.163501
v 0.002829 -0.022061 0.163464
v 0.007314 -0.022050 0.163335
v 0.007963 -0.027299 0.161414
v 0.002713 -0.027321 0.161571
v 0.007753 -0.025804 0.162037
v 0.008336 -0.029956 0.160307
v 0.002573 -0.032415 0.159279
v 0.008741 -0.032386 0.159111
v 0.009642 -0.037280 0.156442
v 0.009009 -0.034004 0.158315
v 0.010592 -0.041647 0.153626
v -0.006307 -0.037326 0.156477
v -0.015014 -0.037333 0.156107
v -0.015058 -0.032434 0.158830
v -0.015096 -0.027337 0.161163
v -0.015127 -0.022074 0.163091
v -0.015153 -0.016676 0.164601
v -0.015171 -0.011176 0.165686
v -0.015182 -0.005608 0.166341
v -0.015187 -0.000007 0.166560
v -0.015184 0.005595 0.166341
v -0.015174 0.011163 0.165686
v -0.015158 0.016662 0.164601
v -0.006203 0.027322 0.161507
v -0.006160 0.022060 0.163424
v -0.015134 0.022060 0.163092
v -0.006255 0.032417 0.159187
v -0.006318 0.037316 0.156478
v -0.006125 0.016663 0.164925
v -0.006101 0.011163 0.166003
v -0.006085 0.005596 0.166655
v -0.006080 -0.000005 0.166872
v -0.006084 -0.005606 0.166654
v -0.006097 -0.011173 0.166003
v -0.006120 -0.016672 0.164924
v -0.006153 -0.022070 0.163423
v -0.006195 -0.027332 0.161506
v -0.006245 -0.032427 0.159185
v 0.062971 0.040349 -0.001676
v 0.063086 0.040341 -0.001357
v 0.063369 0.040321 -0.000560
v 0.049546 0.037320 -0.072107
v 0.052364 0.032437 -0.071805
v 0.052298 0.032460 -0.077196
v 0.054048 -0.036870 -0.040518
v 0.049557 -0.037304 -0.072109
v 0.059307 -0.011179 -0.076594
v 0.058194 0.016706 -0.076689
v 0.054681 0.027369 -0.076991
v 0.070366 0.000403 -0.023579
v 0.070362 0.000010 -0.023567
v 0.069230 0.000010 -0.027355
v 0.068768 -0.019429 -0.018834
v 0.068415 -0.021358 -0.017787
v 0.068353 -0.021581 -0.017805
v 0.064528 -0.036170 -0.006261
v 0.059931 -0.036450 -0.020035
v 0.063715 -0.038456 -0.003847
v 0.062983 -0.040331 -0.001678
v 0.065850 -0.032094 -0.010187
v 0.064837 -0.035299 -0.007181
v 0.066755 -0.028855 -0.012868
v 0.063225 -0.031686 -0.019164
v 0.067291 -0.026659 -0.014458
v 0.066036 -0.026718 -0.018418
v 0.067552 -0.025595 -0.015229
v 0.066564 -0.029538 -0.012302
v 0.066005 -0.031536 -0.010648
v 0.068375 -0.021578 -0.017667
v 0.068170 -0.022699 -0.017059
v 0.069242 -0.016331 -0.020235
v 0.065124 -0.021704 -0.028304
v 0.069242 -0.016330 -0.020235
v 0.066914 -0.016397 -0.027890
v 0.069271 -0.016139 -0.020321
v 0.069677 -0.012840 -0.021523
v 0.068973 -0.005506 -0.027414
v 0.070233 -0.005493 -0.023181
v 0.070206 -0.006217 -0.023098
v 0.068198 -0.010986 -0.027593
v 0.069989 -0.009530 -0.022448
v 0.069854 -0.010954 -0.022051
v 0.070332 -0.002907 -0.023475
v 0.070307 0.003741 -0.023409
v 0.068971 0.005526 -0.027414
v 0.070227 0.005513 -0.023173
v 0.068195 0.011006 -0.027593
v 0.069907 0.010458 -0.022228
v 0.070155 0.007092 -0.022961
v 0.066909 0.016417 -0.027890
v 0.069560 0.013838 -0.021202
v 0.069854 0.010974 -0.022072
v 0.068409 0.021390 -0.017786
v 0.068600 0.020389 -0.018355
v 0.065117 0.021724 -0.028303
v 0.069112 0.017229 -0.019872
v 0.069229 0.016350 -0.020217
v 0.068368 0.021598 -0.017668
v 0.068347 0.021601 -0.017804
v 0.068000 0.023522 -0.016574
v 0.066028 0.026738 -0.018417
v 0.067292 0.026681 -0.014476
v 0.065992 0.031554 -0.010621
v 0.066346 0.030367 -0.011666
v 0.063215 0.031704 -0.019162
v 0.066558 0.029545 -0.012299
v 0.067234 0.026940 -0.014304
v 0.059920 0.036468 -0.020033
v 0.064196 0.037135 -0.005304
v 0.064516 0.036188 -0.006251
v 0.065330 0.033778 -0.008662
v 0.054037 0.036886 -0.040516
v 0.056790 0.036680 -0.030221
v 0.051814 0.037072 -0.050939
v 0.050270 0.037222 -0.061479
v 0.049520 0.037347 -0.077435
v 0.056651 0.022108 -0.076821
v 0.059303 0.011199 -0.076593
v 0.059973 0.005622 -0.076536
v 0.059974 -0.005602 -0.076536
v 0.060199 0.000010 -0.076517
v 0.058199 -0.016686 -0.076689
v 0.056657 -0.022088 -0.076822
v 0.054689 -0.027351 -0.076992
v 0.052308 -0.032442 -0.077197
v 0.049531 -0.037329 -0.077437
v 0.050281 -0.037206 -0.061480
v 0.051825 -0.037056 -0.050941
v 0.056801 -0.036662 -0.030223
v 0.060144 0.005618 -0.070971
v 0.059913 0.011180 -0.065510
v 0.059465 0.011192 -0.071044
v 0.059439 0.016652 -0.060169
v 0.058768 0.016677 -0.065654
v 0.058341 0.016695 -0.071164
v 0.059682 0.021949 -0.049584
v 0.057811 0.022035 -0.060402
v 0.057174 0.022068 -0.065854
v 0.056776 0.022093 -0.071331
v 0.054780 0.027351 -0.071545
v 0.055139 0.027320 -0.066111
v 0.055730 0.027280 -0.060699
v 0.057513 0.027172 -0.049958
v 0.052675 0.032401 -0.066422
v 0.053212 0.032353 -0.061058
v 0.054886 0.032224 -0.050409
v 0.060045 0.031886 -0.029472
v 0.062824 0.026890 -0.028832
v 0.057218 0.032064 -0.039880
v 0.059937 0.027038 -0.039335
v 0.062179 0.021842 -0.038887
v 0.063934 0.016507 -0.038536
v 0.065193 0.011066 -0.038284
v 0.065952 0.005555 -0.038131
v 0.066208 0.000010 -0.038081
v 0.065954 -0.005535 -0.038132
v 0.065196 -0.011046 -0.038284
v 0.063939 -0.016487 -0.038537
v 0.062186 -0.021822 -0.038888
v 0.059945 -0.027020 -0.039336
v 0.062832 -0.026872 -0.028833
v 0.057228 -0.032046 -0.039881
v 0.060054 -0.031868 -0.029474
v 0.061379 0.016587 -0.049292
v 0.062597 0.011120 -0.049082
v 0.060609 0.011163 -0.060003
v 0.061315 0.005604 -0.059902
v 0.060605 0.005612 -0.065423
v 0.060838 0.000010 -0.065395
v 0.060371 0.000010 -0.070947
v 0.060607 -0.005592 -0.065423
v 0.060145 -0.005598 -0.070971
v 0.059917 -0.011160 -0.065511
v 0.059468 -0.011172 -0.071044
v 0.058773 -0.016657 -0.065655
v 0.058346 -0.016675 -0.071165
v 0.057181 -0.022050 -0.065855
v 0.056783 -0.022073 -0.071332
v 0.055147 -0.027302 -0.066112
v 0.054788 -0.027333 -0.071546
v 0.052684 -0.032383 -0.066424
v 0.052374 -0.032419 -0.071806
v 0.054896 -0.032206 -0.050411
v 0.053222 -0.032335 -0.061060
v 0.057522 -0.027154 -0.049959
v 0.055738 -0.027262 -0.060700
v 0.059688 -0.021931 -0.049585
v 0.057818 -0.022017 -0.060403
v 0.061384 -0.016567 -0.049293
v 0.059444 -0.016632 -0.060170
v 0.062601 -0.011100 -0.049083
v 0.060612 -0.011143 -0.060003
v 0.063334 -0.005562 -0.048956
v 0.061317 -0.005584 -0.059902
v 0.063579 0.000010 -0.048914
v 0.061552 0.000010 -0.059869
v 0.063333 0.005582 -0.048956
v 0.063167 -0.040318 -0.001164
v 0.063383 -0.040302 -0.000562
vn -0.9980 -0.0002 -0.0635
vn -0.9980 -0.0001 -0.0635
vn 0.0635 -0.0000 -0.9980
vn 0.0633 -0.0872 -0.9942
vn 0.0633 0.0872 -0.9942
vn 0.0613 0.2588 -0.9640
vn 0.0575 0.4226 -0.9045
vn 0.0519 0.5736 -0.8175
vn 0.0448 0.7071 -0.7057
vn 0.0363 0.8191 -0.5724
vn 0.0267 0.9064 -0.4217
vn 0.0163 0.9659 -0.2583
vn 0.0054 0.9962 -0.0870
vn -0.0057 0.9962 0.0871
vn -0.0166 0.9659 0.2583
vn -0.0270 0.9063 0.4217
vn -0.0366 0.8191 0.5725
vn -0.0450 0.7071 0.7057
vn -0.0521 0.5736 0.8175
vn -0.0576 0.4225 0.9045
vn -0.0614 0.2588 0.9640
vn -0.0633 0.0872 0.9942
vn -0.0633 -0.0872 0.9942
vn -0.0613 -0.2588 0.9640
vn -0.0575 -0.4226 0.9045
vn -0.0519 -0.5736 0.8175
vn -0.0448 -0.7071 0.7057
vn -0.0363 -0.8191 0.5724
vn -0.0267 -0.9064 0.4217
vn -0.0163 -0.9659 0.2583
vn -0.0054 -0.9962 0.0870
vn 0.0057 -0.9962 -0.0871
vn 0.0166 -0.9659 -0.2583
vn 0.0270 -0.9063 -0.4217
vn 0.0366 -0.8191 -0.5725
vn 0.0450 -0.7071 -0.7057
vn 0.0521 -0.5736 -0.8175
vn 0.0576 -0.4225 -0.9045
vn 0.0614 -0.2588 -0.9640
vn 0.1973 0.9752 0.0999
vn 0.2590 0.9633 -0.0703
vn 0.2708 0.9604 -0.0662
vn 0.6943 0.6927 -0.1951
vn 0.6390 0.7668 -0.0604
vn 0.4766 0.8789 -0.0190
vn 0.0343 0.9986 0.0408
vn 0.1695 0.9855 0.0104
vn 0.1335 0.9907 0.0280
vn 0.0348 0.7228 0.6902
vn 0.1237 0.7445 0.6561
vn 0.1968 0.8974 0.3949
vn 0.1283 0.9876 -0.0901
vn 0.1269 0.9879 -0.0891
vn 0.1255 0.9885 -0.0841
vn 0.1281 0.9877 -0.0894
vn 0.1260 0.9885 -0.0835
vn 0.1263 0.9884 -0.0839
vn 0.1186 0.9901 -0.0744
vn 0.1135 0.9903 -0.0806
vn 0.1312 0.9871 -0.0923
vn 0.1304 0.9876 -0.0880
vn 0.1390 0.9853 -0.0990
vn 0.1388 0.9855 -0.0974
vn 0.1388 0.9855 -0.0973
vn 0.1416 0.9850 -0.0989
vn 0.1462 0.9838 -0.1035
vn 0.1447 0.9849 -0.0952
vn 0.1396 0.9862 -0.0894
vn 0.1445 0.9849 -0.0950
vn 0.1543 0.9828 -0.1015
vn 0.1535 0.9830 -0.1005
vn 0.1628 0.9813 -0.1029
vn 0.1564 0.9827 -0.0992
vn 0.1746 0.9795 -0.1009
vn 0.1606 0.9821 -0.0980
vn 0.1643 0.9810 -0.1030
vn 0.1642 0.9810 -0.1030
vn 0.1752 0.9793 -0.1012
vn 0.1749 0.9794 -0.1010
vn 0.1696 0.9811 -0.0936
vn 0.1775 0.9790 -0.1006
vn 0.1743 0.9805 -0.0911
vn 0.1726 0.9811 -0.0870
vn 0.1903 0.9772 -0.0943
vn 0.1905 0.9771 -0.0944
vn 0.1806 0.9800 -0.0838
vn 0.1956 0.9766 -0.0892
vn 0.1867 0.9790 -0.0825
vn 0.1982 0.9763 -0.0870
vn 0.1999 0.9758 -0.0882
vn 0.1905 0.9784 -0.0803
vn 0.1979 0.9767 -0.0829
vn 0.1696 0.9835 -0.0627
vn 0.1658 0.9843 -0.0611
vn 0.2075 0.9752 -0.0769
vn 0.2007 0.9770 -0.0726
vn 0.1795 0.9820 -0.0588
vn 0.2140 0.9747 -0.0645
vn 0.2139 0.9747 -0.0644
vn 0.2085 0.9761 -0.0617
vn 0.2060 0.9773 -0.0505
vn 0.2110 0.9754 -0.0632
vn 0.2090 0.9760 -0.0619
vn 0.1960 0.9792 -0.0527
vn 0.2053 0.9770 -0.0583
vn 0.1691 0.9852 -0.0284
vn 0.1667 0.9856 -0.0267
vn 0.2113 0.9770 0.0293
vn 0.2112 0.9770 0.0294
vn 0.2267 0.9739 -0.0075
vn 0.2253 0.9743 0.0061
vn 0.2605 0.9655 0.0055
vn 0.2608 0.9654 0.0054
vn 0.2115 0.9769 0.0293
vn 0.2245 0.9741 0.0281
vn 0.1775 0.9820 0.0641
vn 0.2247 0.9658 0.1295
vn 0.2161 0.9733 0.0774
vn 0.2160 0.9734 0.0771
vn 0.2735 0.9294 0.2478
vn 0.2734 0.9294 0.2479
vn 0.2467 0.9530 0.1762
vn 0.1507 0.9652 0.2137
vn 0.2186 0.9592 0.1793
vn 0.2236 0.9648 0.1381
vn 0.1863 0.9678 0.1694
vn 0.2120 0.9683 0.1322
vn 0.2270 0.9653 0.1291
vn 0.2246 0.9658 0.1298
vn 0.1636 0.9307 0.3271
vn 0.1756 0.9333 0.3131
vn 0.1798 0.9261 0.3317
vn 0.1761 0.9450 0.2758
vn 0.1804 0.9470 0.2659
vn 0.1831 0.9435 0.2762
vn 0.1832 0.9431 0.2775
vn 0.1998 0.8970 0.3943
vn 0.2006 0.8971 0.3936
vn 0.1929 0.9145 0.3556
vn 0.1411 0.9139 0.3806
vn 0.1798 0.9261 0.3316
vn 0.1151 0.8644 0.4895
vn 0.1154 0.8646 0.4891
vn 0.1154 0.8642 0.4897
vn 0.1294 0.8908 0.4356
vn 0.1267 0.8882 0.4416
vn 0.1258 0.8920 0.4343
vn 0.1258 0.8916 0.4350
vn 0.0719 0.8007 0.5947
vn 0.0826 0.8088 0.5823
vn 0.0977 0.7940 0.6000
vn 0.0977 0.7938 0.6003
vn 0.1052 0.8314 0.5456
vn 0.1051 0.8311 0.5462
vn 0.1042 0.8381 0.5355
vn 0.0961 0.8336 0.5439
vn 0.1240 0.7445 0.6560
vn 0.1239 0.7441 0.6565
vn 0.1214 0.7766 0.6181
vn 0.0306 0.7659 0.6422
vn 0.0978 0.7940 0.6000
vn 0.0348 0.7215 0.6915
vn 0.0185 0.6772 0.7356
vn 0.0182 0.6836 0.7297
vn 0.0240 0.6927 0.7208
vn 0.0348 0.7209 0.6921
vn -0.0076 0.6815 0.7318
vn -0.0075 0.6815 0.7318
vn -0.0068 0.6815 0.7317
vn -0.0380 0.6875 0.7252
vn -0.1101 0.6982 0.7074
vn -0.0243 0.6641 0.7472
vn -0.0266 0.6641 0.7471
vn -0.0307 0.6725 0.7394
vn -0.0301 0.6731 0.7389
vn -0.0397 0.6475 0.7610
vn -0.0481 0.6402 0.7667
vn -0.0274 0.7703 0.6371
vn -0.0363 0.7577 0.6516
vn -0.0315 0.7336 0.6789
vn -0.0414 0.7166 0.6962
vn -0.0414 0.7165 0.6964
vn -0.0197 0.8364 0.5478
vn -0.0252 0.8312 0.5554
vn -0.0234 0.8045 0.5935
vn -0.0309 0.7959 0.6046
vn -0.0309 0.7956 0.6051
vn -0.0082 0.8919 0.4522
vn -0.0188 0.8813 0.4722
vn -0.0127 0.8655 0.5007
vn -0.0190 0.8575 0.5142
vn -0.0190 0.8579 0.5134
vn -0.0007 0.9363 0.3511
vn -0.0081 0.9320 0.3623
vn -0.0041 0.9156 0.4020
vn -0.0136 0.9083 0.4181
vn -0.0136 0.9083 0.4182
vn 0.0017 0.9773 0.2117
vn 0.0017 0.9774 0.2116
vn 0.0094 0.9693 0.2458
vn 0.0030 0.9659 0.2588
vn 0.0021 0.9544 0.2986
vn -0.0026 0.9523 0.3051
vn -0.0027 0.9519 0.3064
vn 0.0104 0.9957 0.0925
vn 0.0187 0.9993 0.0317
vn 0.1294 0.9867 0.0987
vn 0.0181 0.9981 0.0592
vn 0.0116 0.9984 0.0547
vn 0.0190 0.9983 0.0547
vn 0.0440 0.9974 0.0566
vn 0.0760 0.9961 0.0445
vn 0.0934 0.9940 0.0574
vn 0.0671 0.9965 0.0495
vn 0.0682 0.9964 0.0497
vn 0.0673 0.9965 0.0498
vn 0.1338 0.9906 0.0280
vn 0.1129 0.9930 0.0362
vn 0.1068 0.9934 0.0408
vn 0.1147 0.9925 0.0424
vn 0.0914 0.9949 0.0432
vn 0.1702 0.9854 0.0103
vn 0.1700 0.9854 0.0103
vn 0.1509 0.9884 0.0145
vn 0.1805 0.9835 -0.0076
vn 0.1811 0.9834 -0.0077
vn 0.1714 0.9852 -0.0060
vn 0.1789 0.9838 -0.0111
vn 0.2009 0.9791 -0.0304
vn 0.1897 0.9816 -0.0239
vn 0.1789 0.9837 -0.0168
vn 0.1923 0.9812 -0.0191
vn 0.1919 0.9812 -0.0190
vn 0.2015 0.9790 -0.0306
vn 0.1844 0.9825 -0.0277
vn 0.1971 0.9797 -0.0357
vn 0.2117 0.9759 -0.0524
vn 0.2027 0.9781 -0.0474
vn 0.1880 0.9814 -0.0384
vn 0.2075 0.9773 -0.0417
vn 0.2084 0.9771 -0.0420
vn 0.1065 0.9927 -0.0572
vn 0.1087 0.9921 -0.0631
vn 0.1288 0.9883 -0.0818
vn 0.1266 0.9887 -0.0798
vn 0.1217 0.9898 -0.0747
vn 0.0804 0.9962 -0.0330
vn 0.0937 0.9944 -0.0490
vn 0.0940 0.9943 -0.0497
vn 0.0920 0.9946 -0.0484
vn 0.0933 0.9944 -0.0494
vn 0.0809 0.9962 -0.0334
vn 0.0763 0.9966 -0.0302
vn 0.0704 0.9974 -0.0174
vn 0.0612 0.9981 -0.0010
vn 0.0612 0.9981 -0.0012
vn 0.0616 0.9981 -0.0097
vn 0.0700 0.9974 -0.0172
vn 0.0707 0.9973 -0.0178
vn 0.0340 0.9986 0.0412
vn 0.0515 0.9985 0.0178
vn 0.0556 0.9984 0.0099
vn 0.0413 0.9989 0.0212
vn 0.0389 0.9990 0.0237
vn 0.0272 0.9977 0.0622
vn 0.0436 0.9984 0.0374
vn 0.0382 0.9977 0.0565
vn 0.0399 0.9970 0.0663
vn 0.0215 0.9963 0.0828
vn 0.0216 0.9963 0.0826
vn 0.0267 0.9925 0.1192
vn 0.0255 0.9947 0.0998
vn 0.0186 0.9949 0.0991
vn 0.0345 0.9965 0.0764
vn 0.0340 0.9964 0.0771
vn 0.0276 0.9901 0.1380
vn 0.0192 0.9918 0.1265
vn 0.0241 0.9920 0.1241
vn 0.0194 0.9890 0.1468
vn 0.0277 0.9901 0.1378
vn 0.0274 0.9900 0.1385
vn 0.0266 0.9879 0.1530
vn 0.0237 0.9881 0.1517
vn 0.0237 0.9881 0.1518
vn 0.0239 0.9881 0.1521
vn 0.0242 0.9881 0.1516
vn 0.0242 0.9881 0.1517
vn 0.0302 0.9893 0.1429
vn 0.0268 0.9885 0.1491
vn 0.0268 0.9885 0.1490
vn 0.0043 0.9899 0.1418
vn 0.0047 0.9897 0.1431
vn 0.0071 0.9889 0.1485
vn 0.0295 0.9875 0.1549
vn 0.0315 0.9899 0.1385
vn 0.0317 0.9886 0.1470
vn 0.1373 0.9858 0.0969
vn 0.0675 0.9907 0.1178
vn 0.0672 0.9908 0.1179
vn 0.3417 0.9346 0.0992
vn 0.2783 0.9589 0.0553
vn 0.2083 0.9760 0.0630
vn 0.4126 0.9106 0.0236
vn 0.5337 0.8456 0.0067
vn 0.5892 0.8072 -0.0374
vn 0.6815 0.7309 -0.0362
vn 0.7158 0.6950 -0.0682
vn 0.7193 0.6917 -0.0639
vn 0.7066 0.6963 -0.1261
vn 0.7066 0.6962 -0.1267
vn 0.7067 0.6962 -0.1259
vn 0.7208 0.6861 -0.0986
vn 0.7105 0.6953 -0.1080
vn 0.7103 0.6972 -0.0968
vn 0.7104 0.6971 -0.0971
vn 0.7120 0.6851 -0.1537
vn 0.7067 0.6926 -0.1444
vn 0.7047 0.6930 -0.1519
vn 0.6943 0.6926 -0.1954
vn 0.7015 0.6910 -0.1746
vn 0.7019 0.6908 -0.1736
vn 0.7024 0.6900 -0.1747
vn 0.7024 0.6900 -0.1745
vn 0.6812 0.7008 -0.2118
vn 0.6904 0.6948 -0.2014
vn 0.7081 0.6705 -0.2215
vn 0.6945 0.6924 -0.1955
vn 0.6760 0.7039 -0.2181
vn 0.6810 0.6972 -0.2238
vn 0.6811 0.6970 -0.2243
vn 0.6926 0.6842 -0.2284
vn 0.6203 0.7605 -0.1921
vn 0.6389 0.7430 -0.1995
vn 0.6364 0.7454 -0.1985
vn 0.5918 0.7868 -0.1754
vn 0.5908 0.7876 -0.1750
vn 0.5913 0.7872 -0.1752
vn 0.6226 0.7542 -0.2087
vn 0.6227 0.7541 -0.2088
vn 0.6224 0.7545 -0.2081
vn 0.5368 0.8300 -0.1512
vn 0.4611 0.8795 -0.1179
vn 0.4934 0.8506 -0.1816
vn 0.4164 0.9035 -0.1019
vn 0.4333 0.8889 -0.1488
vn 0.4331 0.8892 -0.1478
vn 0.4440 0.8867 -0.1287
vn 0.4613 0.8769 -0.1347
vn 0.4870 0.8564 -0.1717
vn 0.3456 0.9348 -0.0819
vn 0.3666 0.9222 -0.1230
vn 0.3566 0.9307 -0.0817
vn 0.4163 0.9036 -0.1012
vn 0.4158 0.9038 -0.1010
vn 0.2704 0.9605 -0.0657
vn 0.2837 0.9526 -0.1103
vn 0.2835 0.9531 -0.1062
vn 0.2741 0.9594 -0.0669
vn 0.2603 0.9641 -0.0530
vn 0.2593 0.9632 -0.0706
vn 0.2593 0.9632 -0.0707
vn 0.2273 0.9725 -0.0500
vn 0.2273 0.9725 -0.0514
vn 0.2256 0.9729 -0.0509
vn 0.2253 0.9730 -0.0508
vn 0.1526 0.9865 -0.0588
vn 0.1630 0.9843 -0.0675
vn 0.1624 0.9845 -0.0668
vn 0.1621 0.9851 -0.0578
vn 0.1835 0.9808 -0.0660
vn 0.1091 0.9920 -0.0642
vn 0.1647 0.9841 -0.0668
vn 0.1625 0.9844 -0.0667
vn 0.6814 0.7286 -0.0696
vn 0.6568 0.7512 -0.0655
vn 0.6573 0.7476 -0.0955
vn 0.6540 0.7509 -0.0914
vn 0.6556 0.7440 -0.1291
vn 0.6497 0.7504 -0.1216
vn 0.6521 0.7418 -0.1563
vn 0.6444 0.7505 -0.1464
vn 0.6483 0.7386 -0.1850
vn 0.6294 0.7585 -0.1689
vn 0.6336 0.7497 -0.1909
vn 0.5373 0.8296 -0.1515
vn 0.5573 0.8132 -0.1676
vn 0.5503 0.8217 -0.1482
vn 0.5705 0.8047 -0.1642
vn 0.5624 0.8161 -0.1329
vn 0.5817 0.7996 -0.1491
vn 0.5761 0.8094 -0.1137
vn 0.5843 0.8021 -0.1238
vn 0.5807 0.8088 -0.0932
vn 0.5868 0.8034 -0.1008
vn 0.5843 0.8086 -0.0691
vn 0.5879 0.8056 -0.0736
vn 0.5864 0.8090 -0.0400
vn 0.6385 0.7673 -0.0603
vn 0.5354 0.8438 -0.0375
vn 0.5011 0.8649 -0.0297
vn 0.5021 0.8636 -0.0447
vn 0.4976 0.8665 -0.0392
vn 0.5006 0.8633 -0.0646
vn 0.4940 0.8676 -0.0566
vn 0.4983 0.8631 -0.0824
vn 0.4892 0.8692 -0.0716
vn 0.4961 0.8620 -0.1039
vn 0.4756 0.8754 -0.0870
vn 0.4863 0.8655 -0.1201
vn 0.4648 0.8793 -0.1033
vn 0.4732 0.8724 -0.1227
vn 0.4567 0.8827 -0.1109
vn 0.4579 0.8818 -0.1131
vn 0.1704 0.9831 0.0663
vn 0.2210 0.9739 0.0515
vn 0.2066 0.9763 0.0642
vn 0.2081 0.9760 0.0638
vn 0.2276 0.9726 0.0479
vn 0.0439 0.9974 0.0568
vn 0.0442 0.9974 0.0566
vn 0.0464 0.9852 0.1652
vn 0.0183 0.9861 0.1650
vn 0.0344 0.9875 0.1537
vn 0.1880 0.9564 0.2234
vn 0.1900 0.9504 0.2464
vn 0.1818 0.9586 0.2190
vn 0.1880 0.9632 0.1919
vn 0.1815 0.9682 0.1720
vn 0.1868 0.9712 0.1477
vn 0.1791 0.9758 0.1258
vn 0.1837 0.9775 0.1033
vn 0.1748 0.9814 0.0799
vn 0.1787 0.9821 0.0599
vn 0.1572 0.9875 0.0081
vn 0.1636 0.9865 0.0037
vn 0.0345 0.7211 0.6920
vn 0.0443 0.7491 0.6609
vn 0.0440 0.7583 0.6504
vn 0.0555 0.7764 0.6278
vn 0.0547 0.7923 0.6077
vn 0.0659 0.8087 0.5846
vn 0.0650 0.8239 0.5629
vn 0.0758 0.8384 0.5397
vn 0.0746 0.8528 0.5168
vn 0.0850 0.8654 0.4938
vn 0.0834 0.8788 0.4698
vn 0.0934 0.8897 0.4469
vn 0.0915 0.9023 0.4214
vn 0.1009 0.9114 0.3990
vn 0.0985 0.9230 0.3719
vn 0.1072 0.9303 0.3507
vn 0.1043 0.9409 0.3222
vn 0.1125 0.9467 0.3017
vn 0.1090 0.9562 0.2717
vn 0.1164 0.9605 0.2528
vn 0.1122 0.9688 0.2211
vn 0.1188 0.9718 0.2037
vn -0.0392 0.6724 0.7392
vn -0.0213 0.6738 0.7386
vn -0.0188 0.7338 0.6791
vn -0.0127 0.7428 0.6694
vn -0.0115 0.7705 0.6374
vn -0.0054 0.7788 0.6273
vn -0.0042 0.8047 0.5937
vn 0.0017 0.8121 0.5835
vn 0.0028 0.8364 0.5480
vn 0.0085 0.8430 0.5379
vn 0.0095 0.8654 0.5009
vn 0.0151 0.8711 0.4908
vn 0.0158 0.8917 0.4524
vn 0.0214 0.8967 0.4422
vn 0.0220 0.9153 0.4022
vn 0.0270 0.9192 0.3928
vn 0.0274 0.9359 0.3512
vn 0.0323 0.9392 0.3419
vn 0.0325 0.9538 0.2988
vn 0.0367 0.9561 0.2907
vn 0.0366 0.9686 0.2459
vn 0.0406 0.9704 0.2382
vn 0.0399 0.9864 0.1594
vn 0.0670 0.9851 0.1582
vn 0.0835 0.9891 0.1216
vn 0.1138 0.9864 0.1188
vn 0.1187 0.9873 0.1055
vn -0.0241 0.6643 0.7471
vn -0.0015 0.6726 0.7400
vn -0.0010 0.7052 0.7090
vn 0.0083 0.7205 0.6934
vn 0.0086 0.7434 0.6688
vn 0.0180 0.7576 0.6525
vn 0.0182 0.7791 0.6266
vn 0.0274 0.7920 0.6100
vn 0.0274 0.8123 0.5825
vn 0.0364 0.8239 0.5655
vn 0.0363 0.8429 0.5368
vn 0.0451 0.8532 0.5197
vn 0.0447 0.8708 0.4895
vn 0.0531 0.8796 0.4728
vn 0.0524 0.8961 0.4408
vn 0.0603 0.9034 0.4245
vn 0.0593 0.9184 0.3913
vn 0.0670 0.9245 0.3752
vn 0.0656 0.9380 0.3403
vn 0.0725 0.9428 0.3255
vn 0.0707 0.9547 0.2890
vn 0.0771 0.9584 0.2750
vn 0.0748 0.9687 0.2366
vn 0.0804 0.9712 0.2242
vn 0.0768 0.9819 0.1734
vn 0.1138 0.9789 0.1698
vn 0.1197 0.9808 0.1542
vn 0.1374 0.9140 0.3818
vn 0.1341 0.9036 0.4069
vn 0.1322 0.9095 0.3940
vn 0.1417 0.9194 0.3669
vn 0.1382 0.9281 0.3458
vn 0.1472 0.9362 0.3193
vn 0.1431 0.9441 0.2969
vn 0.1511 0.9503 0.2722
vn 0.1464 0.9576 0.2481
vn 0.1536 0.9622 0.2249
vn 0.1480 0.9687 0.1993
vn 0.1546 0.9719 0.1775
vn 0.1480 0.9775 0.1500
vn 0.1536 0.9794 0.1308
vn 0.1460 0.9841 0.1016
vn 0.1508 0.9849 0.0845
vn 0.1346 0.9905 0.0282
vn 0.1503 0.9885 0.0149
vn 0.1834 0.9808 -0.0659
vn 0.1836 0.9808 -0.0661
vn 0.1813 0.9822 -0.0501
vn 0.1797 0.9825 -0.0488
vn 0.1666 0.9854 -0.0359
vn 0.1725 0.9842 -0.0395
vn 0.1543 0.9878 -0.0199
vn 0.1648 0.9860 -0.0269
vn 0.1344 0.9906 0.0266
vn 0.1502 0.9886 0.0135
vn 0.1259 0.9908 0.0502
vn 0.1510 0.9880 0.0319
vn 0.1283 0.9890 0.0738
vn 0.1484 0.9872 0.0578
vn 0.1341 0.9867 0.0913
vn 0.1482 0.9858 0.0795
vn 0.1428 0.9850 0.0970
vn 0.1489 0.9847 0.0900
vn 0.1469 0.9843 0.0982
vn 0.1526 0.9841 0.0914
vn 0.1519 0.9838 0.0952
vn 0.1571 0.9836 0.0888
vn 0.1550 0.9823 0.1054
vn 0.2091 0.9759 0.0627
vn 0.3479 0.9374 0.0159
vn 0.2829 0.9585 0.0343
vn 0.2825 0.9585 0.0377
vn 0.2767 0.9599 0.0446
vn 0.2787 0.9598 0.0334
vn 0.2715 0.9615 0.0418
vn 0.2749 0.9611 0.0274
vn 0.2664 0.9632 0.0371
vn 0.2733 0.9618 0.0135
vn 0.2542 0.9667 0.0293
vn 0.2687 0.9632 -0.0061
vn 0.2463 0.9691 0.0114
vn 0.2652 0.9639 -0.0247
vn 0.2430 0.9700 -0.0088
vn 0.2600 0.9650 -0.0353
vn 0.2485 0.9683 -0.0259
vn 0.0475 0.9984 0.0300
vn 0.1452 0.9894 -0.0041
vn 0.1585 0.9873 -0.0137
vn 0.2560 0.9656 -0.0451
vn 0.2614 0.9640 -0.0489
vn 0.3347 0.9397 -0.0708
vn 0.3449 0.9351 -0.0809
vn 0.4763 0.8791 -0.0189
vn 0.3979 0.9174 0.0094
vn 0.3995 0.9167 -0.0074
vn 0.3943 0.9190 -0.0012
vn 0.3971 0.9176 -0.0198
vn 0.3896 0.9209 -0.0109
vn 0.3939 0.9186 -0.0315
vn 0.3843 0.9230 -0.0204
vn 0.3918 0.9188 -0.0490
vn 0.3709 0.9281 -0.0319
vn 0.3840 0.9209 -0.0667
vn 0.3614 0.9311 -0.0491
vn 0.3750 0.9238 -0.0771
vn 0.3559 0.9324 -0.0635
vn 0.3653 0.9275 -0.0792
vn 0.3571 0.9312 -0.0725
vn 0.3599 0.9298 -0.0767
vn 0.2600 0.9647 -0.0423
vn 0.2513 0.9673 -0.0356
vn 0.1537 0.9881 -0.0000
vn 0.1385 0.9903 0.0117
vn 0.0423 0.9979 0.0490
vn 0.0279 0.9977 0.0613
vn -0.0869 -0.9962 -0.0056
vn 0.0872 -0.9962 0.0055
vn 0.2584 -0.9659 0.0164
vn 0.4218 -0.9063 0.0268
vn 0.5726 -0.8190 0.0364
vn 0.7058 -0.7070 0.0449
vn 0.8176 -0.5735 0.0520
vn 0.9046 -0.4224 0.0576
vn 0.9640 -0.2587 0.0613
vn 0.9942 -0.0871 0.0633
vn 0.9942 0.0874 0.0633
vn 0.9639 0.2590 0.0614
vn 0.9045 0.4227 0.0576
vn 0.8174 0.5737 0.0520
vn 0.7056 0.7072 0.0449
vn 0.5723 0.8192 0.0365
vn 0.4215 0.9064 0.0269
vn 0.2581 0.9660 0.0165
vn 0.0869 0.9962 0.0056
vn -0.0872 0.9962 -0.0055
vn -0.2584 0.9659 -0.0164
vn -0.4218 0.9063 -0.0268
vn -0.5726 0.8190 -0.0364
vn -0.7058 0.7070 -0.0449
vn -0.8176 0.5735 -0.0520
vn -0.9046 0.4224 -0.0576
vn -0.9640 0.2587 -0.0613
vn -0.9942 0.0871 -0.0633
vn -0.9942 -0.0874 -0.0633
vn -0.9639 -0.2590 -0.0614
vn -0.9639 -0.2589 -0.0614
vn -0.9045 -0.4227 -0.0576
vn -0.8174 -0.5737 -0.0520
vn -0.7056 -0.7072 -0.0449
vn -0.5723 -0.8192 -0.0365
vn -0.4215 -0.9064 -0.0269
vn -0.2581 -0.9660 -0.0165
vn -0.6549 -0.5416 0.5270
vn -0.7608 -0.0442 0.6475
vn -0.1809 -0.5704 -0.8012
vn -0.1855 -0.5346 -0.8245
vn -0.5406 -0.4300 -0.7231
vn -0.7221 -0.3805 -0.5778
vn -0.7880 -0.3449 -0.5101
vn -0.9048 -0.2648 -0.3335
vn -0.9535 -0.2829 0.1034
vn -0.9460 -0.2737 0.1739
vn -0.6580 -0.2480 -0.7110
vn -0.8531 -0.1929 -0.4847
vn -0.9867 -0.1026 -0.1264
vn -0.5789 -0.0224 -0.8151
vn -0.9688 -0.0147 -0.2476
vn -0.9826 -0.1809 -0.0417
vn -0.8822 -0.1579 0.4437
vn -0.8490 0.0020 0.5284
vn -0.9421 -0.0150 0.3350
vn -0.9419 -0.0148 0.3356
vn -0.8198 -0.5544 0.1435
vn -0.8508 -0.4807 0.2122
vn -0.8526 -0.5023 0.1440
vn -0.8820 -0.4478 0.1467
vn -0.7461 -0.3584 0.5612
vn -0.6552 -0.5439 0.5243
vn -0.1854 -0.8461 -0.4998
vn -0.0306 -0.7661 -0.6420
vn -0.0911 -0.7304 -0.6769
vn -0.3040 -0.8899 -0.3402
vn -0.4284 -0.7755 -0.4637
vn -0.2540 -0.9526 -0.1672
vn -0.2718 -0.9315 -0.2416
vn -0.6716 -0.7341 0.1007
vn -0.7049 -0.6999 0.1147
vn -0.6702 -0.6382 0.3788
vn -0.3378 -0.8876 0.3131
vn -0.1536 -0.9650 0.2127
vn -0.1529 -0.9716 0.1805
vn -0.9947 -0.0930 -0.0429
vn -0.9609 -0.2740 -0.0387
vn -0.8815 -0.4721 -0.0133
vn -0.8513 -0.5246 -0.0053
vn -0.6438 -0.7617 0.0730
vn -0.0537 -0.9933 0.1024
vn -0.0702 -0.9794 0.1893
vn -0.0587 -0.9930 0.1029
vn -0.0544 -0.9953 0.0799
vn -0.0484 -0.9972 0.0570
vn -0.0390 -0.9987 0.0340
vn -0.0037 -0.9996 -0.0287
vn 0.1008 -0.9880 -0.1173
vn 0.1261 -0.9844 -0.1224
vn 0.1367 -0.9830 -0.1222
vn 0.0167 -0.9989 -0.0428
vn 0.0357 -0.0182 -0.9992
vn 0.0215 -0.0669 -0.9975
vn 0.0644 -0.0740 -0.9952
vn 0.0090 -0.1720 -0.9851
vn 0.1085 -0.1888 -0.9760
vn 0.0221 -0.1231 -0.9921
vn 0.0575 -0.1280 -0.9901
vn 0.0575 -0.1240 -0.9906
vn 0.1427 -0.3374 -0.9305
vn 0.1156 -0.3349 -0.9352
vn 0.0228 -0.2764 -0.9608
vn 0.0230 -0.2688 -0.9629
vn 0.0675 -0.2769 -0.9585
vn 0.0523 -0.2209 -0.9739
vn 0.1266 -0.2326 -0.9643
vn 0.0087 -0.1893 -0.9819
vn 0.1598 -0.4277 -0.8897
vn 0.0121 -0.3923 -0.9198
vn 0.0121 -0.3925 -0.9197
vn 0.0337 -0.5792 -0.8145
vn 0.0599 -0.5419 -0.8383
vn 0.1418 -0.5152 -0.8453
vn 0.0541 -0.5031 -0.8625
vn 0.0518 -0.4485 -0.8923
vn 0.0337 -0.5793 -0.8144
vn 0.0393 -0.5805 -0.8133
vn 0.0585 -0.6286 -0.7755
vn 0.0893 -0.6744 -0.7329
vn 0.0959 -0.6751 -0.7314
vn 0.0146 -0.7194 -0.6945
vn 0.0146 -0.7186 -0.6953
vn 0.0527 -0.7293 -0.6821
vn 0.0270 -0.7609 -0.6483
vn 0.0427 -0.7897 -0.6120
vn 0.1246 -0.8134 -0.5681
vn 0.0292 -0.8505 -0.5251
vn 0.0902 -0.8602 -0.5020
vn 0.0136 -0.8813 -0.4724
vn 0.0136 -0.8810 -0.4728
vn 0.0687 -0.9079 -0.4135
vn 0.0586 -0.9071 -0.4168
vn 0.0132 -0.9326 -0.3608
vn 0.0080 -0.9617 -0.2740
vn 0.0607 -0.9436 -0.3253
vn 0.0975 -0.9455 -0.3108
vn 0.0132 -0.9328 -0.3601
vn 0.0028 -0.9956 -0.0931
vn 0.0559 -0.9893 -0.1350
vn 0.0218 -0.9880 -0.1532
vn 0.0214 -0.9760 -0.2169
vn 0.0223 -0.9723 -0.2328
vn 0.0937 -0.9736 -0.2084
vn 0.0080 -0.9616 -0.2743
vn 0.0170 -0.9989 -0.0428
vn 0.0526 -0.9982 -0.0277
vn 0.0028 -0.9957 -0.0931
vn 0.0335 -0.9986 -0.0417
vn 0.0338 -0.9986 -0.0417
vn 0.0335 -0.9986 -0.0418
vn 0.0690 -0.9966 -0.0443
vn 0.0517 -0.9976 -0.0470
vn 0.0518 -0.9976 -0.0470
vn 0.0850 -0.9951 -0.0509
vn 0.0845 -0.9951 -0.0510
vn 0.1129 -0.9917 -0.0623
vn 0.1123 -0.9917 -0.0618
vn 0.1007 -0.9936 -0.0518
vn 0.1008 -0.9936 -0.0518
vn 0.1283 -0.9895 -0.0666
vn 0.1253 -0.9899 -0.0659
vn 0.1447 -0.9865 -0.0765
vn 0.1354 -0.9881 -0.0729
vn 0.1349 -0.9882 -0.0728
vn 0.1419 -0.9867 -0.0798
vn 0.1514 -0.9849 -0.0836
vn 0.1495 -0.9848 -0.0882
vn 0.1557 -0.9837 -0.0905
vn 0.1582 -0.9819 -0.1042
vn 0.1489 -0.9844 -0.0938
vn 0.1579 -0.9826 -0.0975
vn 0.1558 -0.9816 -0.1104
vn 0.1553 -0.9817 -0.1101
vn 0.1589 -0.9817 -0.1051
vn 0.1586 -0.9818 -0.1047
vn 0.1578 -0.9820 -0.1040
vn 0.1515 -0.9817 -0.1155
vn 0.1509 -0.9818 -0.1152
vn 0.1451 -0.9821 -0.1197
vn 0.1447 -0.9822 -0.1195
vn 0.1492 -0.9802 -0.1299
vn 0.1436 -0.9825 -0.1183
vn 0.1459 -0.9820 -0.1203
vn 0.1387 -0.9816 -0.1309
vn 0.1338 -0.9837 -0.1198
vn 0.1379 -0.9828 -0.1231
vn 0.1142 -0.9861 -0.1210
vn 0.1169 -0.9855 -0.1231
vn 0.1263 -0.9834 -0.1299
vn 0.1220 -0.9853 -0.1192
vn 0.0952 -0.9906 -0.0987
vn 0.1116 -0.9858 -0.1258
vn 0.1000 -0.9905 -0.0940
vn 0.1082 -0.9873 -0.1161
vn 0.0781 -0.9916 -0.1028
vn 0.0863 -0.9901 -0.1108
vn 0.0961 -0.9882 -0.1191
vn 0.0930 -0.9896 -0.1096
vn 0.0934 -0.9895 -0.1107
vn 0.0469 -0.9956 -0.0812
vn 0.0583 -0.9939 -0.0936
vn 0.0700 -0.9920 -0.1052
vn 0.0761 -0.9929 -0.0918
vn 0.0758 -0.9928 -0.0928
vn 0.0125 -0.9987 -0.0492
vn 0.0241 -0.9992 -0.0328
vn 0.0170 -0.9986 -0.0495
vn 0.0171 -0.9987 -0.0488
vn 0.0272 -0.9975 -0.0659
vn 0.0392 -0.9961 -0.0793
vn 0.0460 -0.9967 -0.0675
vn 0.0462 -0.9967 -0.0667
vn -0.0266 -0.9995 0.0143
vn -0.0151 -0.9995 0.0263
vn -0.0253 -0.9996 0.0116
vn -0.0252 -0.9996 0.0118
vn -0.0165 -0.9998 -0.0077
vn -0.0098 -0.9998 -0.0173
vn -0.0044 -0.9999 -0.0109
vn -0.0045 -0.9999 -0.0112
vn -0.0417 -0.9981 0.0453
vn -0.0339 -0.9980 0.0525
vn -0.0390 -0.9987 0.0343
vn -0.0512 -0.9960 0.0737
vn -0.0466 -0.9959 0.0776
vn -0.0483 -0.9972 0.0563
vn -0.0569 -0.9935 0.0990
vn -0.0544 -0.9934 0.1008
vn -0.0546 -0.9952 0.0814
vn -0.0602 -0.9908 0.1216
vn -0.0588 -0.9907 0.1226
vn -0.0586 -0.9930 0.1025
vn -0.0607 -0.9879 0.1424
vn -0.0610 -0.9905 0.1233
vn -0.0610 -0.9904 0.1236
vn -0.0703 -0.9800 0.1859
vn -0.0668 -0.9818 0.1777
vn -0.0525 -0.9827 0.1778
vn -0.0679 -0.9838 0.1657
vn -0.0622 -0.9869 0.1490
vn -0.0214 -0.9888 0.1476
vn -0.0310 -0.9885 0.1479
vn -0.0708 -0.9783 0.1947
vn -0.0644 -0.9787 0.1952
vn -0.0705 -0.9799 0.1867
vn -0.0733 -0.9772 0.1990
vn -0.0732 -0.9772 0.1993
vn -0.0733 -0.9771 0.1996
vn -0.0751 -0.9785 0.1919
vn -0.0576 -0.9902 0.1270
vn -0.0672 -0.9859 0.1535
vn -0.0662 -0.9826 0.1737
vn -0.0673 -0.9814 0.1801
vn -0.0740 -0.9816 0.1761
vn -0.0737 -0.9815 0.1768
vn -0.0562 -0.9907 0.1241
vn -0.0671 -0.9923 0.1041
vn -0.0577 -0.9901 0.1278
vn -0.0498 -0.9962 0.0717
vn -0.0497 -0.9962 0.0722
vn -0.0521 -0.9940 0.0967
vn -0.0642 -0.9952 0.0745
vn -0.0537 -0.9934 0.1017
vn -0.0700 -0.9974 0.0194
vn -0.0686 -0.9975 0.0194
vn -0.0591 -0.9974 0.0413
vn -0.0475 -0.9969 0.0628
vn -0.0457 -0.9981 0.0402
vn -0.0437 -0.9978 0.0503
vn -0.0188 -0.9997 0.0140
vn -0.2786 -0.9603 0.0127
vn -0.2369 -0.9703 0.0495
vn -0.1906 -0.9816 0.0137
vn -0.1909 -0.9815 0.0137
vn -0.3304 -0.9432 0.0338
vn -0.3390 -0.9394 0.0515
vn -0.2788 -0.9603 0.0127
vn -0.4506 -0.8927 0.0099
vn -0.4503 -0.8928 0.0099
vn -0.4223 -0.9050 0.0513
vn -0.3947 -0.9187 0.0149
vn -0.3943 -0.9189 0.0149
vn -0.5439 -0.8390 0.0120
vn -0.5058 -0.8617 0.0407
vn -0.5905 -0.8060 0.0399
vn -0.5813 -0.8135 0.0199
vn -0.5429 -0.8397 0.0120
vn -0.6674 -0.7438 0.0366
vn -0.6292 -0.7772 -0.0055
vn -0.6295 -0.7770 -0.0055
vn -0.7147 -0.6987 0.0313
vn -0.7203 -0.6930 0.0315
vn -0.6798 -0.7325 0.0359
vn -0.6768 -0.7354 0.0335
vn -0.6770 -0.7352 0.0336
vn -0.7483 -0.6627 0.0291
vn -0.7198 -0.6937 0.0255
vn -0.7208 -0.6927 0.0256
vn -0.7798 -0.6256 0.0233
vn -0.7621 -0.6472 0.0162
vn -0.8171 -0.5765 0.0046
vn -0.8174 -0.5761 0.0046
vn -0.8098 -0.5865 0.0139
vn -0.8173 -0.5761 0.0141
vn -0.7907 -0.6120 0.0155
vn -0.9091 -0.4162 0.0167
vn -0.9328 -0.3598 -0.0227
vn -0.9382 -0.3459 -0.0099
vn -0.9479 -0.3173 -0.0298
vn -0.9607 -0.2750 -0.0387
vn -0.9877 -0.1541 -0.0258
vn -0.9768 -0.2141 0.0079
vn -0.9668 -0.2507 -0.0488
vn -0.9753 -0.2153 -0.0494
vn -0.6056 -0.7926 0.0705
vn -0.5908 -0.8054 0.0486
vn -0.5667 -0.8199 0.0816
vn -0.6261 -0.7473 0.2225
vn -0.6259 -0.7476 0.2223
vn -0.5903 -0.7777 0.2162
vn -0.5545 -0.7981 0.2356
vn -0.5083 -0.8605 0.0333
vn -0.5092 -0.8589 0.0558
vn -0.5262 -0.8467 0.0784
vn -0.5523 -0.8003 0.2335
vn -0.5145 -0.8273 0.2258
vn -0.4801 -0.8433 0.2414
vn -0.3946 -0.8889 0.2329
vn -0.4034 -0.8830 0.2402
vn -0.4353 -0.8709 0.2280
vn -0.4753 -0.8472 0.2372
vn -0.3765 -0.8804 0.2883
vn -0.3330 -0.9395 0.0810
vn -0.3982 -0.9132 0.0869
vn -0.4226 -0.9044 0.0593
vn -0.4416 -0.8934 0.0824
vn -0.4847 -0.8704 0.0860
vn -0.2399 -0.9623 0.1283
vn -0.1489 -0.9780 0.1459
vn -0.1492 -0.9781 0.1453
vn -0.1460 -0.9828 0.1128
vn -0.1461 -0.9828 0.1126
vn -0.1425 -0.9872 0.0717
vn -0.2426 -0.9565 0.1622
vn -0.2409 -0.9562 0.1661
vn -0.2440 -0.9485 0.2022
vn -0.2394 -0.9488 0.2061
vn -0.2426 -0.9413 0.2348
vn -0.0711 -0.9784 0.1942
vn -0.1535 -0.9612 0.2292
vn -0.1563 -0.9608 0.2289
vn -0.3401 -0.8916 0.2990
vn -0.3511 -0.8880 0.2970
vn -0.3380 -0.8868 0.3151
vn -0.3320 -0.8889 0.3157
vn -0.3411 -0.8882 0.3077
vn -0.5208 -0.7246 0.4513
vn -0.5158 -0.7573 0.4005
vn -0.5359 -0.7457 0.3958
vn -0.5546 -0.7456 0.3694
vn -0.2926 -0.9155 0.2762
vn -0.2943 -0.9109 0.2893
vn -0.2719 -0.9244 0.2675
vn -0.2745 -0.9188 0.2835
vn -0.2710 -0.9209 0.2800
vn -0.2684 -0.9256 0.2668
vn -0.2869 -0.9145 0.2853
vn -0.0598 -0.9891 0.1347
vn -0.0654 -0.9858 0.1550
vn -0.1517 -0.9716 0.1815
vn -0.1558 -0.9650 0.2109
vn -0.2364 -0.9415 0.2401
vn -0.2396 -0.9342 0.2643
vn -0.2197 -0.9439 0.2465
vn -0.2228 -0.9385 0.2638
vn -0.2055 -0.9468 0.2475
vn -0.2057 -0.9465 0.2487
vn -0.2041 -0.9472 0.2472
vn -0.1979 -0.9546 0.2226
vn -0.2154 -0.9469 0.2389
vn -0.2017 -0.9598 0.1954
vn -0.2725 -0.9341 0.2308
vn -0.5995 -0.7489 0.2824
vn -0.6654 -0.6753 0.3180
vn -0.5227 -0.7950 0.3078
vn -0.5566 -0.7643 0.3257
vn -0.5461 -0.7705 0.3288
vn -0.5981 -0.6994 0.3913
vn -0.6368 -0.6505 0.4139
vn -0.5991 -0.7760 0.1975
vn -0.6266 -0.7307 0.2709
vn -0.5548 -0.7981 0.2351
vn -0.6577 -0.7131 0.2429
vn -0.6729 -0.6959 0.2506
vn -0.6449 -0.7229 0.2482
vn -0.6987 -0.6515 0.2954
vn -0.7173 -0.6262 0.3057
vn -0.7057 -0.7053 0.0676
vn -0.7156 -0.6962 0.0576
vn -0.6811 -0.7322 -0.0015
vn -0.6433 -0.7650 0.0311
vn -0.5866 -0.8098 0.0125
vn -0.5642 -0.8223 -0.0735
vn -0.4712 -0.8466 0.2473
vn -0.4640 -0.8501 0.2491
vn -0.4788 -0.8266 0.2957
vn -0.4630 -0.8271 0.3186
vn -0.4651 -0.8228 0.3267
vn -0.4496 -0.8234 0.3462
vn -0.4577 -0.7999 0.3881
vn -0.4849 -0.7756 0.4041
vn -0.4862 -0.7593 0.4326
vn -0.4944 -0.8533 0.1656
vn -0.5436 -0.8133 0.2076
vn -0.5810 -0.7822 0.2248
vn -0.5558 -0.8142 0.1680
vn -0.6261 -0.7537 0.1998
vn -0.4867 -0.8682 0.0965
vn -0.5417 -0.8291 0.1385
vn -0.5829 -0.7975 0.1553
vn -0.5451 -0.8340 0.0859
vn -0.5759 -0.8116 0.0976
vn -0.6323 -0.7631 0.1341
vn -0.6047 -0.7870 0.1226
vn -0.6601 -0.7337 0.1610
vn -0.6315 -0.7611 0.1483
vn -0.6861 -0.7026 0.1887
vn -0.6565 -0.7339 0.1747
vn -0.3975 -0.8986 0.1858
vn -0.3851 -0.8995 0.2065
vn -0.3935 -0.8908 0.2274
vn -0.3805 -0.8915 0.2459
vn -0.3857 -0.8849 0.2611
vn -0.3726 -0.8856 0.2774
vn -0.3858 -0.8636 0.3247
vn -0.4184 -0.8410 0.3430
vn -0.4237 -0.8207 0.3832
vn -0.4688 -0.7826 0.4096
vn -0.4685 -0.7920 0.3914
vn -0.3358 -0.9399 0.0620
vn -0.3743 -0.9232 0.0874
vn -0.3895 -0.9163 0.0926
vn -0.4321 -0.8934 0.1230
vn -0.4423 -0.8879 0.1269
vn -0.3313 -0.9290 -0.1647
vn -0.3661 -0.9189 -0.1468
vn -0.3994 -0.9054 -0.1438
vn -0.4405 -0.8897 -0.1197
vn -0.4912 -0.8638 -0.1123
vn -0.4925 -0.8658 -0.0882
vn -0.5171 -0.8539 -0.0587
vn -0.4681 -0.8810 -0.0691
vn -0.4260 -0.8995 -0.0969
vn -0.3939 -0.9135 -0.1019
vn -0.1865 -0.9505 -0.2484
vn -0.1978 -0.9523 -0.2322
vn -0.2144 -0.9517 -0.2198
vn -0.3146 -0.9492 -0.0012
vn -0.3540 -0.9350 0.0213
vn -0.3713 -0.9281 0.0261
vn -0.4179 -0.9068 0.0552
vn -0.2288 -0.8573 -0.4612
vn -0.2750 -0.8217 -0.4992
vn -0.3519 -0.8118 -0.4659
vn -0.3703 -0.7976 -0.4761
vn -0.4660 -0.7775 -0.4223
vn -0.3377 -0.8910 -0.3036
vn -0.3795 -0.8789 -0.2889
vn -0.4072 -0.8652 -0.2925
vn -0.3334 -0.8600 -0.3863
vn -0.3301 -0.8587 -0.3920
vn -0.3816 -0.8507 -0.3615
vn -0.2429 -0.7842 -0.5710
vn -0.3012 -0.7877 -0.5374
vn -0.3455 -0.7805 -0.5210
vn -0.3449 -0.7803 -0.5217
vn -0.3941 -0.7712 -0.5000
vn -0.1516 -0.7246 -0.6723
vn -0.0854 -0.7561 -0.6488
vn -0.1000 -0.7621 -0.6397
vn -0.1219 -0.9454 -0.3021
vn -0.3006 -0.9454 0.1257
vn -0.2910 -0.9463 0.1410
vn -0.3034 -0.9381 0.1671
vn -0.2932 -0.9387 0.1811
vn -0.3015 -0.9320 0.2014
vn -0.2909 -0.9325 0.2143
vn -0.3083 -0.9138 0.2643
vn -0.3469 -0.8937 0.2847
vn -0.3568 -0.8725 0.3337
vn -0.4049 -0.8401 0.3609
vn -0.4044 -0.8428 0.3552
vn -0.4038 -0.8429 0.3557
vn -0.4027 -0.8502 0.3392
vn -0.2533 -0.9672 0.0178
vn -0.3159 -0.9471 0.0558
vn -0.2589 -0.9656 -0.0239
vn -0.2920 -0.9564 -0.0067
vn -0.2480 -0.9669 -0.0597
vn -0.2972 -0.9535 -0.0509
vn -0.3230 -0.9458 -0.0339
vn -0.3580 -0.9334 -0.0262
vn -0.3880 -0.9217 -0.0047
vn -0.4161 -0.9093 0.0027
vn -0.2514 -0.9677 0.0185
vn -0.2061 -0.9776 -0.0417
vn -0.2314 -0.9724 -0.0296
vn -0.1845 -0.9793 -0.0834
vn -0.2455 -0.9682 -0.0490
vn -0.2031 -0.9745 -0.0951
vn -0.2786 -0.9566 -0.0854
vn -0.3028 -0.9504 -0.0710
vn -0.3393 -0.9384 -0.0647
vn -0.3697 -0.9281 -0.0448
vn -0.4211 -0.9064 -0.0336
vn -0.0807 -0.9694 -0.2317
vn -0.0848 -0.9705 -0.2256
vn -0.1037 -0.9717 -0.2125
vn -0.1081 -0.9727 -0.2052
vn -0.1271 -0.9734 -0.1907
vn -0.3579 -0.9256 -0.1230
vn -0.3068 -0.9431 -0.1283
vn -0.3064 -0.9445 -0.1188
vn -0.2324 -0.9603 -0.1542
vn -0.1671 -0.9737 -0.1548
vn -0.1028 -0.9887 -0.1093
vn -0.0607 -0.9871 -0.1484
vn -0.1668 -0.9741 -0.1526
vn -0.1323 -0.9744 -0.1815
vn -0.2421 -0.9519 -0.1881
vn -0.2261 -0.9531 -0.2013
vn -0.3024 -0.9310 -0.2046
vn -0.3346 -0.9229 -0.1903
vn -0.3691 -0.9098 -0.1897
vn 0.0085 -0.9794 -0.2016
vn 0.0093 -0.9791 -0.2030
vn -0.0096 -0.9816 -0.1905
vn -0.0093 -0.9816 -0.1909
vn -0.0291 -0.9838 -0.1767
vn -0.0293 -0.9839 -0.1764
vn -0.0497 -0.9858 -0.1603
vn -0.0594 -0.9883 -0.1405
vn 0.0832 -0.9832 -0.1622
vn 0.0875 -0.9816 -0.1694
vn 0.0694 -0.9850 -0.1579
vn 0.0731 -0.9836 -0.1647
vn 0.0542 -0.9870 -0.1516
vn 0.0570 -0.9859 -0.1571
vn 0.0372 -0.9891 -0.1422
vn 0.0394 -0.9884 -0.1470
vn 0.0193 -0.9913 -0.1305
vn 0.0208 -0.9908 -0.1340
vn -0.0072 -0.9940 -0.1092
vn -0.0076 -0.9939 -0.1103
vn -0.0422 -0.9963 -0.0747
vn -0.0414 -0.9965 -0.0726
vn -0.0718 -0.9967 -0.0368
vn -0.0697 -0.9970 -0.0326
vn -0.0954 -0.9954 0.0019
vn -0.0920 -0.9957 0.0075
vn -0.1128 -0.9928 0.0391
vn -0.1083 -0.9931 0.0455
vn -0.1248 -0.9894 0.0737
vn -0.1193 -0.9896 0.0806
vn -0.1320 -0.9857 0.1051
vn -0.1262 -0.9857 0.1116
vn -0.1358 -0.9818 0.1326
vn -0.1295 -0.9818 0.1390
vn -0.1367 -0.9782 0.1565
vn -0.6785 -0.7335 -0.0395
vn -0.6121 -0.7887 -0.0573
vn -0.6088 -0.7882 -0.0901
vn -0.5391 -0.8358 -0.1039
vn -0.5357 -0.8339 -0.1324
vn -0.4635 -0.8746 -0.1420
vn -0.4607 -0.8720 -0.1651
vn -0.4099 -0.8964 -0.1689
vn -0.3378 -0.9121 -0.2324
vn -0.3030 -0.9248 -0.2300
vn -0.2422 -0.9305 -0.2747
vn -0.1707 -0.9506 -0.2591
vn -0.1598 -0.9485 -0.2735
vn -0.0633 -0.9681 -0.2426
vn -0.0596 -0.9670 -0.2476
vn 0.0256 -0.9770 -0.2119
vn 0.0243 -0.9774 -0.2100
vn 0.0993 -0.9802 -0.1715
vn 0.0946 -0.9819 -0.1643
vn 0.1603 -0.9792 -0.1247
vn 0.1518 -0.9816 -0.1157
vn -0.1115 -0.9430 -0.3135
vn -0.0270 -0.9632 -0.2675
vn -0.0238 -0.9622 -0.2714
vn 0.0508 -0.9736 -0.2224
vn 0.0488 -0.9743 -0.2200
vn 0.1147 -0.9788 -0.1696
vn 0.1096 -0.9806 -0.1628
vn 0.1654 -0.9796 -0.1142
vn 0.1557 -0.9827 -0.1007
vn -0.4389 -0.8301 -0.3440
vn -0.4244 -0.8252 -0.3727
vn -0.4028 -0.8296 -0.3866
vn -0.3869 -0.8242 -0.4136
vn -0.3350 -0.8320 -0.4422
vn -0.2796 -0.8665 -0.4136
vn -0.2433 -0.8629 -0.4430
vn -0.1617 -0.9075 -0.3877
vn -0.1405 -0.9035 -0.4048
vn -0.0676 -0.9366 -0.3437
vn -0.0571 -0.9340 -0.3526
vn 0.0075 -0.9575 -0.2884
vn 0.0109 -0.9565 -0.2915
vn 0.0685 -0.9718 -0.2255
vn 0.0676 -0.9721 -0.2246
vn 0.1187 -0.9802 -0.1583
vn 0.1137 -0.9816 -0.1531
vn 0.1568 -0.9835 -0.0906
vn 0.1503 -0.9852 -0.0826
vn -0.0302 -0.9301 -0.3660
vn 0.0187 -0.9550 -0.2959
vn 0.0236 -0.9538 -0.2997
vn 0.0695 -0.9720 -0.2246
vn 0.0693 -0.9720 -0.2244
vn 0.1102 -0.9827 -0.1491
vn 0.1063 -0.9836 -0.1457
vn 0.1425 -0.9872 -0.0715
vn 0.1254 -0.9899 -0.0659
vn -0.5191 -0.7921 -0.3211
vn -0.5021 -0.7882 -0.3558
vn -0.4815 -0.7942 -0.3708
vn -0.4621 -0.7893 -0.4042
vn -0.4051 -0.8017 -0.4396
vn -0.3862 -0.8151 -0.4318
vn -0.3044 -0.8271 -0.4724
vn -0.2532 -0.8622 -0.4388
vn -0.2164 -0.8580 -0.4658
vn -0.1426 -0.9035 -0.4041
vn -0.1209 -0.8994 -0.4201
vn -0.0552 -0.9339 -0.3533
vn -0.0437 -0.9311 -0.3622
vn 0.0146 -0.9561 -0.2926
vn 0.0185 -0.9551 -0.2958
vn 0.0700 -0.9718 -0.2253
vn 0.0691 -0.9720 -0.2245
vn 0.1151 -0.9814 -0.1536
vn 0.1107 -0.9826 -0.1493
vn 0.1498 -0.9853 -0.0821
vn 0.1463 -0.9862 -0.0780
vn -0.3381 -0.7922 -0.5081
vn -0.3208 -0.8070 -0.4959
vn -0.2470 -0.8155 -0.5234
vn -0.2029 -0.8542 -0.4787
vn -0.1842 -0.8461 -0.5001
vn -0.1148 -0.8993 -0.4220
vn -0.0981 -0.8910 -0.4433
vn -0.0409 -0.9296 -0.3662
vn -0.0237 -0.9257 -0.3775
vn 0.0216 -0.9539 -0.2992
vn 0.0271 -0.9526 -0.3031
vn 0.0673 -0.9723 -0.2239
vn 0.0674 -0.9722 -0.2240
vn 0.1030 -0.9841 -0.1450
vn 0.0998 -0.9848 -0.1423
vn 0.1312 -0.9893 -0.0645
vn 0.1114 -0.9920 -0.0594
vn 0.0883 -0.9866 -0.1375
vn 0.0903 -0.9860 -0.1406
vn 0.0624 -0.9724 -0.2248
vn 0.0611 -0.9729 -0.2229
vn 0.0289 -0.9505 -0.3093
vn 0.0237 -0.9529 -0.3024
vn -0.0138 -0.9206 -0.3903
vn -0.0249 -0.9258 -0.3773
vn -0.0688 -0.8822 -0.4658
vn -0.0882 -0.8909 -0.4455
vn -0.1401 -0.8342 -0.5334
vn -0.1617 -0.8430 -0.5130
vn -0.2131 -0.7767 -0.5927
vn -0.2704 -0.7809 -0.5630
vn 0.0278 -0.9986 -0.0444
vn 0.0287 -0.9903 -0.1362
vn 0.0268 -0.9904 -0.1353
vn 0.0276 -0.9722 -0.2326
vn 0.0231 -0.9728 -0.2306
vn 0.0235 -0.9447 -0.3271
vn 0.0163 -0.9459 -0.3241
vn 0.0161 -0.9079 -0.4188
vn 0.0053 -0.9100 -0.4147
vn 0.0044 -0.8622 -0.5065
vn -0.0097 -0.8650 -0.5016
vn 0.0523 -0.9975 -0.0466
vn 0.0466 -0.9898 -0.1349
vn 0.0454 -0.9900 -0.1336
vn 0.0381 -0.9724 -0.2303
vn 0.0335 -0.9736 -0.2257
vn 0.0243 -0.9457 -0.3240
vn 0.0152 -0.9488 -0.3156
vn 0.0038 -0.9100 -0.4147
vn -0.0108 -0.9154 -0.4024
vn -0.0251 -0.8647 -0.5016
vn -0.0471 -0.8733 -0.4848
vn -0.6757 -0.0293 0.7366
vn -0.6782 -0.0259 0.7344
vn -0.6757 -0.0235 0.7368
vn -0.7118 -0.0128 0.7022
vn -0.7418 -0.0166 0.6704
vn -0.7719 -0.0253 0.6353
vn -0.7610 -0.0279 0.6481
vn -0.7116 0.0114 0.7025
vn -0.7720 -0.0965 0.6282
vn -0.7406 -0.0967 0.6649
vn -0.7436 -0.1005 0.6611
vn -0.7424 -0.2416 0.6248
vn -0.7359 -0.2290 0.6372
vn -0.7486 -0.4410 0.4951
vn -0.7311 -0.4574 0.5061
vn -0.7270 -0.4340 0.5321
vn -0.6991 -0.4308 0.5707
vn -0.7021 -0.4434 0.5571
vn -0.6315 -0.6796 0.3734
vn -0.6773 -0.5895 0.4401
vn -0.6964 -0.5572 0.4523
vn -0.6928 -0.6048 0.3928
vn -0.7237 -0.5280 0.4443
vn -0.4067 -0.8545 0.3232
vn -0.4074 -0.8496 0.3349
vn -0.4678 -0.8046 0.3658
vn -0.4680 -0.7921 0.3918
vn -0.5296 -0.7334 0.4262
vn -0.5275 -0.7159 0.4574
vn -0.5420 -0.6902 0.4794
vn -0.5427 -0.6995 0.4650
vn -0.5723 -0.6412 0.5112
vn -0.5727 -0.6945 0.4355
vn -0.6167 -0.6059 0.5025
vn -0.6148 -0.6492 0.4479
vn -0.6799 -0.5457 0.4899
vn -0.6807 -0.5702 0.4599
vn -0.7096 -0.4757 0.5199
vn -0.7134 -0.5474 0.4375
vn -0.7375 -0.4678 0.4871
vn -0.7679 -0.2323 0.5970
vn -0.7641 -0.2534 0.5932
vn -0.7926 -0.3360 0.5088
vn -0.8029 -0.2938 0.5187
vn -0.8234 -0.4077 0.3946
vn -0.8543 -0.3173 0.4117
vn -0.8562 -0.2070 0.4734
vn -0.8466 -0.2650 0.4615
vn -0.8412 -0.1633 0.5155
vn -0.8033 -0.1623 0.5731
vn -0.8106 -0.2602 0.5247
vn -0.8313 -0.2369 0.5028
vn -0.8296 -0.2469 0.5007
vn -0.8504 -0.3325 0.4078
vn -0.8617 -0.3199 0.3938
vn -0.8792 -0.3287 0.3450
vn -0.8748 -0.3930 0.2833
vn -0.8621 -0.3845 0.3301
vn -0.8619 -0.3772 0.3388
vn -0.8476 -0.3698 0.3806
vn -0.8374 -0.3000 0.4569
vn -0.8246 -0.3500 0.4444
vn -0.7946 -0.2455 0.5553
vn -0.7975 -0.2283 0.5585
vn -0.7634 -0.2231 0.6061
vn -0.7205 -0.6683 0.1850
vn -0.7615 -0.6145 0.2062
vn -0.7543 -0.6105 0.2416
vn -0.7943 -0.5465 0.2653
vn -0.7847 -0.5413 0.3022
vn -0.8161 -0.4791 0.3233
vn -0.8041 -0.4733 0.3597
vn -0.4890 -0.8569 0.1633
vn -0.4291 -0.9013 0.0588
vn -0.4806 -0.8719 0.0942
vn -0.4179 -0.9085 0.0018
vn -0.4655 -0.8849 0.0153
vn -0.5270 -0.8481 0.0557
vn -0.5716 -0.8175 0.0709
vn -0.5366 -0.8437 0.0178
vn -0.5697 -0.8213 0.0283
vn -0.6203 -0.7817 0.0651
vn -0.6120 -0.7877 0.0710
vn -0.5994 -0.7977 0.0663
vn -0.6244 -0.7783 0.0656
vn -0.6429 -0.7625 0.0727
vn -0.7093 -0.6708 0.2167
vn -0.7233 -0.6532 0.2239
vn -0.6931 -0.6856 0.2225
vn -0.7497 -0.6022 0.2744
vn -0.7268 -0.6352 0.2614
vn -0.7741 -0.5417 0.3275
vn -0.7565 -0.5723 0.3164
vn -0.7939 -0.4736 0.3815
vn -0.7772 -0.5092 0.3697
vn -0.8042 -0.4082 0.4319
vn -0.7894 -0.4475 0.4202
vn -0.2163 -0.9144 -0.3423
vn -0.2372 -0.9173 -0.3199
vn -0.2942 -0.9124 -0.2844
vn -0.2911 -0.9103 -0.2945
vn -0.3412 -0.9037 -0.2588
vn -0.3910 -0.8819 -0.2635
vn -0.3965 -0.8855 -0.2421
vn -0.4655 -0.8506 -0.2444
vn -0.4725 -0.8539 -0.2180
vn -0.5423 -0.8120 -0.2156
vn -0.5506 -0.8144 -0.1833
vn -0.6192 -0.7653 -0.1760
vn -0.6280 -0.7659 -0.1377
vn -0.6567 -0.7424 -0.1327
vn -0.7288 -0.6841 -0.0295
vn -0.7168 -0.6965 -0.0332
vn -0.7745 -0.6281 0.0749
vn -0.7518 -0.6469 0.1278
vn -0.7542 -0.6507 0.0877
vn -0.7242 -0.6891 0.0274
vn -0.7331 -0.6799 0.0163
vn -0.6844 -0.7264 -0.0630
vn -0.6573 -0.7504 -0.0700
vn -0.6517 -0.7507 -0.1081
vn -0.5834 -0.8031 -0.1211
vn -0.5775 -0.8017 -0.1544
vn -0.5073 -0.8463 -0.1628
vn -0.5021 -0.8437 -0.1899
vn -0.4310 -0.8813 -0.1937
vn -0.4267 -0.8782 -0.2163
vn -0.3757 -0.9012 -0.2160
vn -0.3049 -0.9128 -0.2718
vn -0.2700 -0.9253 -0.2664
vn -0.2128 -0.9286 -0.3041
vn -0.1451 -0.9482 -0.2824
vn -0.1344 -0.9459 -0.2953
vn -0.0438 -0.9655 -0.2567
vn -0.0407 -0.9646 -0.2605
vn 0.0392 -0.9751 -0.2181
vn 0.0377 -0.9757 -0.2160
vn 0.1083 -0.9792 -0.1715
vn 0.1032 -0.9810 -0.1642
vn 0.1644 -0.9791 -0.1196
vn 0.1566 -0.9814 -0.1110
vn -0.7751 -0.3492 0.5265
vn -0.7620 -0.4375 0.4774
vn -0.7738 -0.4055 0.4866
vn -0.7529 -0.4956 0.4331
vn -0.7661 -0.4661 0.4426
vn -0.7368 -0.5550 0.3861
vn -0.7506 -0.5296 0.3952
vn -0.7124 -0.6161 0.3360
vn -0.6890 -0.6494 0.3219
vn -0.6975 -0.6166 0.3652
vn -0.6380 -0.6955 0.3305
vn -0.6459 -0.6691 0.3676
vn -0.6189 -0.7020 0.3523
vn -0.5792 -0.7552 0.3070
vn -0.5801 -0.7543 0.3074
vn -0.5384 -0.8001 0.2645
vn -0.5358 -0.8023 0.2632
vn -0.4932 -0.8407 0.2234
vn -0.4873 -0.8449 0.2207
vn -0.4459 -0.8758 0.1851
vn -0.4364 -0.8813 0.1810
vn -0.3703 -0.9199 0.1288
vn -0.3739 -0.9186 0.1278
vn -0.2833 -0.9544 0.0941
vn -0.2917 -0.9533 0.0780
vn -0.8645 -0.1271 0.4864
vn -0.8587 -0.1889 0.4764
vn -0.8060 -0.0955 0.5841
vn -0.8061 -0.0944 0.5842
vn -0.7701 -0.0938 0.6310
vn -0.8828 -0.0251 0.4690
vn -0.8186 0.0146 0.5742
vn -0.8491 -0.0110 0.5280
vn -0.8186 -0.0236 0.5738
vn -0.8075 -0.0133 0.5897
vn -0.8188 -0.0096 0.5740
vn -0.7612 -0.0153 0.6483
vn -0.8830 -0.0055 0.4694
vn -0.8963 -0.0168 0.4432
vn -0.8961 0.0055 0.4438
vn -0.9129 -0.0697 0.4023
vn -0.9335 -0.0069 0.3585
vn -0.9481 -0.0556 0.3131
vn -0.9489 -0.0242 0.3148
vn -0.9620 -0.0809 0.2606
vn -0.9619 -0.0826 0.2605
vn -0.8452 -0.0362 0.5333
vn -0.9051 -0.1253 0.4062
vn -0.8879 -0.0317 0.4590
vn -0.9139 -0.1479 0.3780
vn -0.9342 -0.1528 0.3223
vn -0.8634 -0.1215 0.4897
vn -0.8659 -0.0604 0.4966
vn -0.9051 -0.1264 0.4061
vn -0.9171 -0.1099 0.3833
vn -0.9371 -0.1114 0.3310
vn -0.9334 -0.1506 0.3256
vn -0.9517 -0.1554 0.2648
vn -0.9750 -0.2176 -0.0448
vn -0.9883 -0.1524 0.0015
vn -0.9819 -0.1894 -0.0017
vn -0.9583 -0.0086 0.2856
vn -0.9697 -0.0568 0.2376
vn -0.9707 -0.0262 0.2391
vn -0.9800 -0.0836 0.1808
vn -0.9797 -0.0870 0.1806
vn -0.9765 -0.0774 0.2010
vn -0.9732 -0.1186 0.1973
vn -0.9806 0.0080 0.1960
vn -0.9713 -0.0108 0.2374
vn -0.9805 -0.0208 0.1954
vn -0.9919 0.0042 0.1271
vn -0.9986 -0.0194 0.0502
vn -0.9985 -0.0193 0.0510
vn -0.9996 -0.0150 0.0254
vn -0.9986 -0.0107 0.0511
vn -0.9686 -0.0149 -0.2483
vn -0.9945 -0.0034 -0.1044
vn -0.9952 -0.0026 -0.0975
vn -0.8818 -0.0181 -0.4712
vn -0.8876 -0.0193 -0.4601
vn -0.8821 -0.0201 -0.4706
vn -0.8480 -0.0138 -0.5299
vn -0.8026 -0.0197 -0.5962
vn -0.7827 -0.0537 -0.6201
vn -0.8404 -0.0286 -0.5412
vn -0.7984 -0.0202 -0.6018
vn -0.5555 -0.0344 -0.8308
vn -0.6961 -0.0397 -0.7168
vn -0.7224 -0.0375 -0.6904
vn -0.6978 -0.0367 -0.7153
vn -0.7994 -0.0337 -0.5999
vn -0.8307 -0.0458 -0.5548
vn -0.8470 -0.0476 -0.5294
vn -0.8712 -0.0425 -0.4890
vn -0.8869 -0.0440 -0.4599
vn -0.9299 -0.0315 -0.3665
vn -0.9303 -0.0091 -0.3666
vn -0.9311 -0.0096 -0.3646
vn -0.4394 -0.0205 -0.8981
vn -0.2887 -0.0174 -0.9573
vn -0.4389 -0.0259 -0.8982
vn -0.4673 -0.0253 -0.8837
vn -0.4664 -0.0652 -0.8822
vn -0.4575 -0.0673 -0.8867
vn -0.4556 -0.1095 -0.8834
vn -0.1374 -0.0170 -0.9904
vn 0.0368 -0.0168 -0.9992
vn -0.9951 -0.0044 -0.0988
vn -0.9984 -0.0125 -0.0554
vn -0.9890 -0.0256 -0.1457
vn -0.9891 -0.0197 -0.1457
vn -0.9571 -0.0434 -0.2866
vn -0.9568 -0.0499 -0.2866
vn -0.8964 -0.0792 -0.4360
vn -0.8944 -0.1026 -0.4354
vn -0.8580 -0.1068 -0.5024
vn -0.8469 -0.1109 -0.5200
vn -0.8240 -0.1125 -0.5553
vn -0.8070 -0.1177 -0.5787
vn -0.7833 -0.1186 -0.6102
vn -0.7325 -0.1311 -0.6680
vn -0.1352 -0.0273 -0.9904
vn -0.1964 -0.0270 -0.9802
vn -0.1959 -0.0722 -0.9780
vn -0.1907 -0.0732 -0.9789
vn -0.1897 -0.1204 -0.9744
vn -0.1854 -0.1212 -0.9752
vn -0.1841 -0.1685 -0.9684
vn -0.1799 -0.1694 -0.9690
vn -0.1782 -0.2162 -0.9599
vn -0.2863 -0.0268 -0.9578
vn -0.3406 -0.0262 -0.9398
vn -0.3398 -0.0694 -0.9379
vn -0.3344 -0.0706 -0.9398
vn -0.3329 -0.1155 -0.9358
vn -0.3238 -0.1175 -0.9388
vn -0.3216 -0.1621 -0.9329
vn -0.9714 0.0017 0.2376
vn -0.9930 -0.0327 0.1138
vn -0.9916 -0.0250 0.1268
vn -0.9985 -0.0189 0.0522
vn -0.9994 -0.0251 0.0253
vn -0.9996 -0.0207 -0.0176
vn -0.9980 -0.0286 -0.0555
vn -0.9950 -0.0234 -0.0975
vn -0.9817 -0.0400 -0.1861
vn -0.9816 -0.0420 -0.1861
vn -0.9414 -0.0725 -0.3295
vn -0.9408 -0.0794 -0.3294
vn -0.8859 -0.1089 -0.4509
vn -0.9962 -0.0610 0.0626
vn -0.9962 -0.0614 0.0613
vn -0.9945 -0.0863 0.0601
vn -0.9947 -0.0918 0.0466
vn -0.9918 -0.1198 0.0448
vn -0.9905 -0.1343 -0.0302
vn -0.9922 -0.1243 -0.0078
vn -0.9955 -0.0947 -0.0062
vn -0.9958 -0.0911 0.0032
vn -0.9979 -0.0642 0.0042
vn -0.9979 -0.0655 0.0002
vn -0.9725 -0.1112 -0.2044
vn -0.8947 -0.1846 -0.4067
vn -0.9278 -0.1438 -0.3441
vn -0.9286 -0.1385 -0.3443
vn -0.9568 -0.1140 -0.2673
vn -0.9515 -0.1524 -0.2673
vn -0.9289 -0.1586 -0.3346
vn -0.9918 -0.1204 0.0434
vn -0.9910 -0.1266 0.0429
vn -0.9860 -0.1636 -0.0322
vn -0.9832 -0.1616 -0.0849
vn -0.9870 -0.1376 -0.0836
vn -0.9893 -0.1302 -0.0663
vn -0.9930 -0.0984 -0.0648
vn -0.9935 -0.0968 -0.0604
vn -0.9959 -0.0676 -0.0595
vn -0.9951 -0.0706 -0.0692
vn -0.9687 -0.1463 -0.2004
vn -0.9649 -0.1691 -0.2009
vn -0.9824 -0.1364 -0.1274
vn -0.9799 -0.1418 -0.1405
vn -0.9746 -0.1737 -0.1417
vn -0.9832 -0.1538 -0.0979
vn -0.9819 -0.1620 -0.0984
vn -0.9640 -0.2244 -0.1424
vn -0.9717 -0.1896 -0.1406
vn -0.9488 -0.2551 -0.1862
vn -0.9577 -0.2208 -0.1848
vn -0.9027 -0.2219 -0.3685
vn -0.8881 -0.2171 -0.4051
vn -0.8492 -0.2435 -0.4687
vn -0.9223 -0.1949 -0.3338
vn -0.9096 -0.1894 -0.3697
vn -0.8910 -0.2037 -0.4057
vn -0.8820 -0.1998 -0.4268
vn -0.8474 -0.2219 -0.4824
vn -0.8111 -0.2261 -0.5395
vn -0.8101 -0.2266 -0.5407
vn -0.8957 -0.2950 -0.3327
vn -0.9276 -0.2324 -0.2926
vn -0.9193 -0.2633 -0.2924
vn -0.9464 -0.2021 -0.2518
vn -0.9390 -0.2341 -0.2521
vn -0.9621 -0.1732 -0.2106
vn -0.9639 -0.1632 -0.2104
vn -0.9861 -0.0773 -0.1470
vn -0.9759 -0.0768 -0.2041
vn -0.9531 -0.0992 -0.2858
vn -0.9528 -0.1030 -0.2857
vn -0.8911 -0.1466 -0.4295
vn -0.8897 -0.1561 -0.4291
vn -0.8495 -0.1788 -0.4964
vn -0.8175 -0.1869 -0.5447
vn -0.7463 -0.2323 -0.6238
vn -0.7523 -0.1986 -0.6281
vn -0.7860 -0.1929 -0.5873
vn -0.6957 -0.2106 -0.6868
vn -0.6637 -0.2136 -0.7168
vn -0.6394 -0.2198 -0.7368
vn 0.0839 -0.0288 -0.9961
vn -0.0333 -0.0290 -0.9990
vn -0.0331 -0.0741 -0.9967
vn -0.0338 -0.0739 -0.9967
vn -0.0335 -0.1229 -0.9918
vn -0.0324 -0.1231 -0.9919
vn -0.0321 -0.1717 -0.9846
vn -0.0293 -0.1722 -0.9846
vn -0.0291 -0.2205 -0.9749
vn -0.0282 -0.2207 -0.9749
vn -0.0281 -0.2684 -0.9629
vn -0.3766 -0.2932 -0.8787
vn -0.3811 -0.2521 -0.8895
vn -0.4939 -0.2360 -0.8369
vn -0.4984 -0.1971 -0.8442
vn -0.6011 -0.1805 -0.7785
vn -0.5445 -0.2353 -0.8051
vn -0.5399 -0.2661 -0.7985
vn -0.5556 -0.2680 -0.7871
vn -0.6108 -0.2215 -0.7602
vn -0.6074 -0.2440 -0.7560
vn -0.6162 -0.2483 -0.7474
vn -0.6128 -0.2679 -0.7435
vn -0.5080 -0.2928 -0.8101
vn -0.5190 -0.3157 -0.7943
vn -0.5043 -0.3142 -0.8043
vn -0.5906 -0.2931 -0.7519
vn -0.5921 -0.2850 -0.7538
vn -0.7047 -0.2508 -0.6637
vn -0.7083 -0.2323 -0.6666
vn -0.7069 -0.2317 -0.6682
vn -0.7114 -0.2059 -0.6720
vn -0.7430 -0.2018 -0.6382
vn -0.9685 -0.0149 -0.2486
vn -0.9683 -0.0247 -0.2486
vn -0.9159 -0.0474 -0.3986
vn -0.9153 -0.0593 -0.3984
vn -0.8694 -0.0755 -0.4883
vn -0.8500 -0.0754 -0.5214
vn -0.8287 -0.0810 -0.5538
vn -0.8102 -0.0805 -0.5806
vn -0.7807 -0.0869 -0.6188
vn -0.8204 -0.0886 -0.5649
vn -0.7182 -0.1111 -0.6870
vn -0.6776 -0.1139 -0.7266
vn -0.5145 -0.1359 -0.8467
vn -0.6053 -0.1403 -0.7836
vn -0.5240 -0.1513 -0.8381
vn -0.5203 -0.1902 -0.8325
vn -0.4047 -0.2049 -0.8912
vn -0.4007 -0.2465 -0.8824
vn -0.2785 -0.2596 -0.9247
vn -0.2747 -0.3053 -0.9118
vn -0.3925 -0.3100 -0.8659
vn -0.8549 -0.2806 -0.4363
vn -0.8362 -0.2767 -0.4735
vn -0.8186 -0.2876 -0.4972
vn -0.7987 -0.2828 -0.5311
vn -0.7741 -0.2957 -0.5598
vn -0.7540 -0.2901 -0.5894
vn -0.6955 -0.3151 -0.6457
vn -0.9092 -0.2974 0.2912
vn -0.9208 -0.2460 0.3026
vn -0.9033 -0.2371 0.3575
vn -0.9104 -0.1924 0.3663
vn -0.8903 -0.1858 0.4157
vn -0.8456 -0.5333 0.0255
vn -0.8611 -0.5074 0.0323
vn -0.8040 -0.5877 -0.0903
vn -0.8198 -0.5662 -0.0858
vn -0.7451 -0.6360 -0.2010
vn -0.7606 -0.6180 -0.1990
vn -0.6744 -0.6746 -0.3000
vn -0.8204 -0.5630 0.1005
vn -0.8347 -0.5400 0.1076
vn -0.7855 -0.6188 -0.0086
vn -0.7998 -0.6002 -0.0034
vn -0.7319 -0.6710 -0.1183
vn -0.7456 -0.6563 -0.1152
vn -0.6651 -0.7140 -0.2187
vn -0.7747 -0.6315 0.0316
vn -0.7885 -0.6139 0.0371
vn -0.7258 -0.6838 -0.0747
vn -0.7385 -0.6705 -0.0713
vn -0.6615 -0.7291 -0.1758
vn -0.6718 -0.7199 -0.1744
vn -0.5875 -0.7647 -0.2646
vn -0.5576 -0.7869 -0.2643
vn -0.5427 -0.7840 -0.3014
vn -0.4763 -0.8279 -0.2960
vn -0.4639 -0.8239 -0.3257
vn -0.4195 -0.8499 -0.3189
vn -0.3358 -0.8645 -0.3740
vn -0.3089 -0.8784 -0.3648
vn -0.2423 -0.8838 -0.4001
vn -0.1842 -0.9112 -0.3685
vn -0.1633 -0.9075 -0.3870
vn -0.0831 -0.9396 -0.3322
vn -0.0726 -0.9370 -0.3418
vn -0.0014 -0.9591 -0.2832
vn 0.0019 -0.9581 -0.2864
vn 0.0652 -0.9720 -0.2256
vn 0.0635 -0.9726 -0.2238
vn 0.1195 -0.9794 -0.1627
vn 0.1144 -0.9810 -0.1569
vn 0.1619 -0.9818 -0.0988
vn 0.1560 -0.9836 -0.0908
vn -0.8112 -0.5842 0.0270
vn -0.8263 -0.5622 0.0333
vn -0.7653 -0.6381 -0.0847
vn -0.7801 -0.6204 -0.0806
vn -0.7033 -0.6849 -0.1906
vn -0.7159 -0.6721 -0.1890
vn -0.6294 -0.7230 -0.2850
vn -0.8407 -0.4356 0.3218
vn -0.8521 -0.4431 0.2785
vn -0.8508 -0.4535 0.2655
vn -0.8598 -0.4617 0.2180
vn -0.8492 -0.5016 0.1647
vn -0.8596 -0.4891 0.1480
vn -0.8337 -0.5485 0.0637
vn -0.8485 -0.5245 0.0706
vn -0.7948 -0.6048 -0.0500
vn -0.8101 -0.5846 -0.0451
vn -0.7389 -0.6546 -0.1599
vn -0.7536 -0.6383 -0.1572
vn -0.6691 -0.6960 -0.2606
vn -0.6805 -0.6850 -0.2602
vn -0.5912 -0.7285 -0.3460
vn -0.8771 -0.4494 0.1693
vn -0.8872 -0.4364 0.1498
vn -0.8656 -0.4966 0.0646
vn -0.8805 -0.4685 0.0721
vn -0.8325 -0.5516 -0.0514
vn -0.8491 -0.5263 -0.0457
vn -0.7810 -0.6019 -0.1665
vn -0.7960 -0.5827 -0.1637
vn -0.7131 -0.6460 -0.2724
vn -0.7271 -0.6304 -0.2720
vn -0.6371 -0.6798 -0.3632
vn -0.8952 -0.4399 0.0711
vn -0.9093 -0.4086 0.0786
vn -0.8679 -0.4943 -0.0485
vn -0.8842 -0.4652 -0.0425
vn -0.8225 -0.5439 -0.1664
vn -0.8389 -0.5192 -0.1631
vn -0.7598 -0.5879 -0.2776
vn -0.7751 -0.5678 -0.2771
vn -0.6854 -0.6239 -0.3754
vn -0.9032 -0.2368 0.3579
vn -0.8933 -0.2855 0.3471
vn -0.9090 -0.2949 0.2945
vn -0.8937 -0.3498 0.2809
vn -0.9054 -0.3602 0.2246
vn -0.9010 -0.3732 0.2212
vn -0.8822 -0.4590 0.1049
vn -0.8964 -0.4286 0.1129
vn -0.8575 -0.5143 -0.0113
vn -0.8731 -0.4875 -0.0051
vn -0.8130 -0.5677 -0.1295
vn -0.8296 -0.5441 -0.1255
vn -0.7527 -0.6130 -0.2399
vn -0.7677 -0.5947 -0.2386
vn -0.6794 -0.6511 -0.3384
vn -0.6919 -0.6373 -0.3394
vn -0.5996 -0.6807 -0.4208
vn -0.9082 -0.4031 0.1125
vn -0.9214 -0.3695 0.1206
vn -0.8901 -0.4556 -0.0049
vn -0.9056 -0.4241 0.0018
vn -0.8529 -0.5067 -0.1257
vn -0.8689 -0.4799 -0.1215
vn -0.7969 -0.5536 -0.2418
vn -0.8128 -0.5306 -0.2403
vn -0.7267 -0.5930 -0.3469
vn -0.7407 -0.5747 -0.3480
vn -0.6478 -0.6245 -0.4362
vn -0.9317 -0.3247 0.1630
vn -0.9291 -0.3330 0.1611
vn -0.9074 -0.4185 0.0382
vn -0.9218 -0.3849 0.0455
vn -0.8793 -0.4690 -0.0823
vn -0.8958 -0.4378 -0.0769
vn -0.8324 -0.5160 -0.2019
vn -0.8483 -0.4906 -0.1995
vn -0.7677 -0.5588 -0.3136
vn -0.7826 -0.5375 -0.3139
vn -0.6911 -0.5940 -0.4119
vn -0.7029 -0.5782 -0.4143
vn -0.6070 -0.6229 -0.4936
vn -0.9210 -0.3810 0.0816
vn -0.9338 -0.3464 0.0891
vn -0.9014 -0.4313 -0.0381
vn -0.9166 -0.3985 -0.0321
vn -0.8625 -0.4799 -0.1605
vn -0.8787 -0.4507 -0.1570
vn -0.8058 -0.5234 -0.2769
vn -0.8214 -0.4990 -0.2763
vn -0.7332 -0.5617 -0.3832
vn -0.7466 -0.5426 -0.3851
vn -0.6513 -0.5931 -0.4733
vn -0.6618 -0.5785 -0.4769
vn -0.5642 -0.6184 -0.5471
vn -0.9327 -0.3568 0.0515
vn -0.9454 -0.3205 0.0585
vn -0.9121 -0.4039 -0.0705
vn -0.9272 -0.3688 -0.0651
vn -0.8723 -0.4488 -0.1942
vn -0.8872 -0.4196 -0.1917
vn -0.8122 -0.4922 -0.3132
vn -0.8270 -0.4666 -0.3135
vn -0.7368 -0.5292 -0.4209
vn -0.7492 -0.5092 -0.4235
vn -0.6509 -0.5604 -0.5121
vn -0.8777 -0.2995 -0.3739
vn -0.8681 -0.3282 -0.3725
vn -0.9395 -0.2544 -0.2294
vn -0.9296 -0.2876 -0.2303
vn -0.9735 -0.2117 -0.0863
vn -0.9647 -0.2480 -0.0892
vn -0.9837 -0.1735 0.0478
vn -0.9845 -0.1684 0.0483
vn -0.9788 -0.1872 0.0829
vn -0.9842 -0.1214 0.1289
vn -0.9847 -0.1167 0.1294
vn -0.9856 -0.1242 0.1146
vn -0.9898 -0.0798 0.1180
vn -0.9902 -0.0821 0.1126
vn -0.9907 -0.0765 0.1130
vn -0.9879 -0.0551 0.1450
vn -0.9877 -0.0596 0.1448
vn -0.9304 -0.3657 -0.0239
vn -0.9438 -0.3301 -0.0182
vn -0.8987 -0.4122 -0.1501
vn -0.9136 -0.3793 -0.1466
vn -0.8474 -0.4553 -0.2732
vn -0.8620 -0.4275 -0.2726
vn -0.7773 -0.4951 -0.3882
vn -0.7908 -0.4715 -0.3902
vn -0.6941 -0.5285 -0.4888
vn -0.7046 -0.5107 -0.4926
vn -0.6006 -0.5575 -0.5730
vn -0.6337 -0.4793 -0.6072
vn -0.6268 -0.4940 -0.6025
vn -0.7370 -0.4419 -0.5114
vn -0.7270 -0.4627 -0.5073
vn -0.8261 -0.4003 -0.3967
vn -0.8139 -0.4265 -0.3946
vn -0.8949 -0.3557 -0.2694
vn -0.8817 -0.3869 -0.2700
vn -0.9410 -0.3096 -0.1363
vn -0.9286 -0.3439 -0.1394
vn -0.9645 -0.2640 -0.0051
vn -0.9534 -0.3017 -0.0104
vn -0.9678 -0.2224 0.1175
vn -0.5922 -0.5115 -0.6227
vn -0.5860 -0.5241 -0.6180
vn -0.6950 -0.4774 -0.5376
vn -0.6857 -0.4955 -0.5332
vn -0.7878 -0.4382 -0.4329
vn -0.7756 -0.4620 -0.4300
vn -0.8638 -0.3950 -0.3129
vn -0.8502 -0.4236 -0.3126
vn -0.9193 -0.3484 -0.1832
vn -0.9056 -0.3813 -0.1856
vn -0.9520 -0.3015 -0.0524
vn -0.9396 -0.3375 -0.0572
vn -0.9639 -0.2560 0.0737
vn -0.9534 -0.2940 0.0674
vn -0.9583 -0.2153 0.1881
vn -0.9360 -0.2542 0.2436
vn -0.9482 -0.2648 0.1757
vn -0.9468 -0.2917 0.1356
vn -0.9553 -0.2764 0.1046
vn -0.9439 -0.3295 0.0218
vn -0.9558 -0.2925 0.0279
vn -0.9213 -0.3747 -0.1041
vn -0.9351 -0.3402 -0.0998
vn -0.8785 -0.4186 -0.2305
vn -0.8930 -0.3875 -0.2289
vn -0.8157 -0.4592 -0.3518
vn -0.8292 -0.4334 -0.3530
vn -0.7355 -0.4960 -0.4616
vn -0.7469 -0.4753 -0.4650
vn -0.6433 -0.5273 -0.5551
vn -0.6519 -0.5115 -0.5597
vn -0.5454 -0.5529 -0.6299
vn -0.6742 -0.3884 -0.6282
vn -0.6802 -0.3702 -0.6326
vn -0.6828 -0.3733 -0.6281
vn -0.4204 -0.4228 -0.8028
vn -0.4297 -0.3760 -0.8210
vn -0.4616 -0.3738 -0.8045
vn -0.4677 -0.3417 -0.8151
vn -0.5682 -0.3176 -0.7591
vn -0.5698 -0.3099 -0.7611
vn -0.6810 -0.2762 -0.6782
vn -0.6820 -0.2716 -0.6791
vn -0.7545 -0.2446 -0.6091
vn -0.7344 -0.2367 -0.6361
vn -0.7786 -0.2352 -0.5817
vn -0.7866 -0.1927 -0.5867
vn -0.8204 -0.1856 -0.5408
vn -0.8260 -0.3113 -0.4699
vn -0.8064 -0.3079 -0.5049
vn -0.7886 -0.3181 -0.5263
vn -0.7679 -0.3137 -0.5585
vn -0.7442 -0.3254 -0.5833
vn -0.7226 -0.3200 -0.6128
vn -0.6905 -0.3336 -0.6418
vn -0.6818 -0.3310 -0.6524
vn -0.6228 -0.3530 -0.6983
vn -0.5789 -0.3540 -0.7345
vn -0.5675 -0.3974 -0.7211
vn -0.5474 -0.3912 -0.7398
vn -0.8802 -0.2503 -0.4032
vn -0.8642 -0.2461 -0.4390
vn -0.8454 -0.2585 -0.4673
vn -0.8276 -0.2533 -0.5009
vn -0.8015 -0.2678 -0.5347
vn -0.7827 -0.2617 -0.5646
vn -0.7469 -0.2783 -0.6040
vn -0.7381 -0.2751 -0.6161
vn -0.6399 -0.3118 -0.7024
vn -0.6334 -0.3095 -0.7093
vn -0.5462 -0.3348 -0.7678
vn -0.5394 -0.3655 -0.7586
vn -0.5026 -0.3641 -0.7841
vn -0.4929 -0.4065 -0.7693
vn -0.4909 -0.4057 -0.7710
vn -0.3298 -0.3464 -0.8782
vn -0.3240 -0.3904 -0.8618
vn -0.4357 -0.3874 -0.8124
vn -0.2725 -0.4407 -0.8553
vn -0.2663 -0.4831 -0.8341
vn -0.9894 -0.0714 -0.1268
vn -0.9865 -0.1030 -0.1275
vn -0.9753 -0.1074 -0.1929
vn -0.9705 -0.1436 -0.1935
vn -0.9519 -0.1519 -0.2659
vn -0.9457 -0.1867 -0.2660
vn -0.9354 -0.1822 -0.3029
vn -0.9288 -0.2141 -0.3026
vn -0.9162 -0.2102 -0.3411
vn -0.9083 -0.2432 -0.3403
vn -0.8934 -0.2398 -0.3800
vn -0.8842 -0.2738 -0.3784
vn -0.8680 -0.2711 -0.4159
vn -0.8579 -0.3050 -0.4135
vn -0.8392 -0.3025 -0.4520
vn -0.8273 -0.3383 -0.4485
vn -0.7977 -0.3350 -0.5014
vn -0.7935 -0.3285 -0.5123
vn -0.7569 -0.3488 -0.5527
vn -0.7342 -0.3445 -0.5851
vn -0.7122 -0.3547 -0.6057
vn -0.6902 -0.3496 -0.6336
vn -0.6343 -0.3714 -0.6780
vn -0.6285 -0.3909 -0.6725
vn -0.6053 -0.3849 -0.6968
vn -0.5946 -0.4196 -0.6859
vn -0.5432 -0.4064 -0.7347
vn -0.5465 -0.4101 -0.7302
vn -0.4464 -0.4375 -0.7806
vn -0.4413 -0.4579 -0.7718
vn -0.4396 -0.4573 -0.7730
vn -0.4083 -0.5498 -0.7287
vn -0.4216 -0.5096 -0.7500
vn -0.4637 -0.5209 -0.7167
vn -0.4735 -0.4922 -0.7304
vn -0.5994 -0.4515 -0.6610
vn -0.5946 -0.4639 -0.6567
vn -0.7142 -0.4128 -0.5653
vn -0.7062 -0.4320 -0.5609
vn -0.8132 -0.3708 -0.4486
vn -0.8028 -0.3960 -0.4457
vn -0.8907 -0.3261 -0.3169
vn -0.8792 -0.3563 -0.3164
vn -0.9433 -0.2803 -0.1780
vn -0.9320 -0.3144 -0.1801
vn -0.9706 -0.2369 -0.0424
vn -0.9606 -0.2739 -0.0465
vn -0.9767 -0.1968 0.0857
vn -0.9686 -0.2352 0.0804
vn -0.9663 -0.1625 0.1995
vn -0.9668 -0.1588 0.2000
vn -0.9514 -0.1545 0.2662
vn -0.9558 -0.1127 0.2717
vn -0.9373 -0.1119 0.3301
vn -0.9395 -0.0761 0.3339
vn -0.9197 -0.0784 0.3847
vn -0.6513 -0.0384 -0.7578
vn -0.6486 -0.0957 -0.7551
vn -0.5448 -0.1072 -0.8317
vn -0.5419 -0.1459 -0.8277
vn -0.4249 -0.1585 -0.8913
vn -0.4215 -0.2003 -0.8844
vn -0.2957 -0.2121 -0.9314
vn -0.2926 -0.2561 -0.9213
vn -0.1609 -0.2654 -0.9506
vn -0.1576 -0.3354 -0.9288
vn -0.1403 -0.3351 -0.9317
vn -0.1359 -0.4274 -0.8938
vn -0.1149 -0.4272 -0.8968
vn -0.1118 -0.4942 -0.8621
vn -0.2383 -0.5002 -0.8325
vn -0.3568 -0.2989 -0.8850
vn -0.3518 -0.3400 -0.8721
vn -0.2398 -0.3537 -0.9041
vn -0.2333 -0.4208 -0.8766
vn -0.2014 -0.4218 -0.8840
vn -0.1956 -0.4822 -0.8539
vn -0.2107 -0.4849 -0.8488
vn -0.2055 -0.5270 -0.8247
vn -0.0877 -0.5379 -0.8384
vn -0.0859 -0.5792 -0.8107
vn -0.9422 -0.0128 0.3347
vn -0.9335 -0.0124 0.3583
vn -0.9447 -0.0237 0.3271
vn -0.9583 -0.0094 0.2856
vn -0.9800 -0.0388 0.1951
vn -0.9806 -0.0117 0.1959
vn -0.9928 -0.0379 0.1137
vn -0.9973 -0.0378 0.0634
vn -0.9978 -0.0412 0.0517
vn -0.9992 -0.0401 0.0009
vn -0.9988 -0.0452 -0.0180
vn -0.9967 -0.0430 -0.0686
vn -0.9939 -0.0503 -0.0978
vn -0.9881 -0.0471 -0.1466
vn -0.9700 -0.0672 -0.2336
vn -0.9698 -0.0697 -0.2336
vn -0.9195 -0.1070 -0.3783
vn -0.9186 -0.1153 -0.3781
vn -0.8827 -0.1361 -0.4498
vn -0.8550 -0.1421 -0.4988
vn -0.8539 -0.1426 -0.5006
vn -0.8262 -0.1474 -0.5438
vn -0.8196 -0.1499 -0.5530
vn -0.7919 -0.1535 -0.5910
vn -0.7787 -0.1579 -0.6072
vn -0.7491 -0.1606 -0.6427
vn -0.7284 -0.1664 -0.6647
vn -0.7018 -0.1679 -0.6923
vn -0.6712 -0.1752 -0.7203
vn -0.6454 -0.1759 -0.7433
vn -0.5770 -0.1890 -0.7946
vn -0.5724 -0.2252 -0.7884
vn -0.4705 -0.2435 -0.8481
vn -0.4648 -0.2863 -0.8379
vn -0.4399 -0.2866 -0.8511
vn -0.4329 -0.3336 -0.8374
vn -0.4081 -0.3343 -0.8495
vn -0.4004 -0.3818 -0.8330
vn -0.3710 -0.3828 -0.8461
vn -0.3634 -0.4264 -0.8283
vn -0.3621 -0.4262 -0.8290
vn -0.3522 -0.4767 -0.8054
vn -0.3226 -0.4740 -0.8193
vn -0.3124 -0.5238 -0.7925
vn -0.2834 -0.5210 -0.8052
vn -0.4824 -0.5482 -0.6832
vn -0.5377 -0.4982 -0.6802
vn -0.5498 -0.5111 -0.6607
vn -0.5576 -0.4925 -0.6682
vn -0.6742 -0.4466 -0.5883
vn -0.6665 -0.4639 -0.5836
vn -0.7759 -0.4071 -0.4818
vn -0.7658 -0.4298 -0.4784
vn -0.8603 -0.3631 -0.3579
vn -0.8485 -0.3910 -0.3566
vn -0.9217 -0.3168 -0.2239
vn -0.9093 -0.3499 -0.2252
vn -0.9581 -0.2723 -0.0893
vn -0.9466 -0.3086 -0.0930
vn -0.9724 -0.2296 0.0407
vn -0.9627 -0.2683 0.0352
vn -0.9688 -0.2179 0.1182
vn -0.9605 -0.2343 0.1503
vn -0.9593 -0.2096 0.1891
vn -0.9451 -0.2014 0.2574
vn -0.9456 -0.2044 0.2531
vn -0.9285 -0.1964 0.3151
vn -0.9215 -0.3392 0.1892
vn -0.9226 -0.3080 0.2321
vn -0.9199 -0.3176 0.2299
vn -0.9013 -0.3951 0.1775
vn -0.9115 -0.3813 0.1545
vn -0.9075 -0.3916 0.1519
vn -0.8779 -0.4780 0.0293
vn -0.8935 -0.4477 0.0365
vn -0.8427 -0.5309 -0.0896
vn -0.8589 -0.5051 -0.0847
vn -0.7889 -0.5794 -0.2048
vn -0.8049 -0.5578 -0.2025
vn -0.7202 -0.6205 -0.3101
vn -0.7339 -0.6041 -0.3104
vn -0.6717 -0.6398 -0.3734
vn -0.6686 -0.6291 -0.3965
vn -0.6279 -0.6482 -0.4308
vn -0.5905 -0.6457 -0.4840
vn -0.5880 -0.6467 -0.4858
vn -0.5481 -0.6425 -0.5355
vn -0.5460 -0.6432 -0.5368
vn -0.5043 -0.6373 -0.5827
vn -0.5003 -0.6385 -0.5848
vn -0.4578 -0.6311 -0.6263
vn -0.4513 -0.6328 -0.6292
vn -0.4089 -0.6239 -0.6660
vn -0.3983 -0.6265 -0.6700
vn -0.8059 -0.0420 0.5906
vn -0.8236 -0.1197 0.5544
vn -0.8450 -0.0937 0.5264
vn -0.8451 -0.0930 0.5265
vn -0.8818 -0.1611 0.4432
vn -0.8946 -0.1456 0.4224
vn -0.9148 -0.1501 0.3749
vn -0.9100 -0.1911 0.3680
vn -0.9290 -0.1984 0.3123
vn -0.9207 -0.2457 0.3031
vn -0.9361 -0.2556 0.2417
vn -0.9343 -0.2634 0.2401
vn -0.9301 -0.3457 0.1243
vn -0.9420 -0.3084 0.1323
vn -0.9197 -0.3926 0.0074
vn -0.9336 -0.3580 0.0140
vn -0.8895 -0.4417 -0.1165
vn -0.9048 -0.4107 -0.1122
vn -0.8402 -0.4875 -0.2373
vn -0.8560 -0.4602 -0.2357
vn -0.7736 -0.5280 -0.3503
vn -0.7881 -0.5053 -0.3515
vn -0.6946 -0.5620 -0.4491
vn -0.7062 -0.5447 -0.4523
vn -0.6401 -0.5769 -0.5074
vn -0.6310 -0.5645 -0.5322
vn -0.5852 -0.5831 -0.5635
vn -0.5388 -0.5772 -0.6137
vn -0.5312 -0.5797 -0.6179
vn -0.4844 -0.5716 -0.6623
vn -0.4701 -0.5758 -0.6689
vn -0.4254 -0.5660 -0.7062
vn -0.3535 -0.5826 -0.7319
vn -0.5780 -0.0224 -0.8157
vn -0.4658 -0.0485 -0.8836
vn -0.5618 -0.0613 -0.8250
vn -0.5598 -0.1029 -0.8222
vn -0.4423 -0.1129 -0.8897
vn -0.4396 -0.1546 -0.8848
vn -0.3102 -0.1648 -0.9363
vn -0.3076 -0.2093 -0.9282
vn -0.1710 -0.2178 -0.9609
vn -0.1691 -0.2636 -0.9497
vn -0.0267 -0.2686 -0.9629
vn -0.0266 -0.3395 -0.9402
vn -0.0197 -0.3390 -0.9406
vn -0.0203 -0.4312 -0.9020
vn -0.0133 -0.4308 -0.9024
vn -0.0147 -0.5183 -0.8550
vn -0.0070 -0.5179 -0.8554
vn -0.0084 -0.5712 -0.8207
vn -0.0383 -0.5791 -0.8144
vn -0.0381 -0.6187 -0.7847
vn 0.0208 -0.6201 -0.7843
vn 0.0201 -0.6277 -0.7782
vn -0.0976 -0.6737 -0.7326
vn -0.1314 -0.6750 -0.7260
vn -0.1637 -0.6715 -0.7227
vn -0.2150 -0.6771 -0.7038
vn -0.2862 -0.6650 -0.6898
vn -0.2842 -0.6644 -0.6912
vn -0.3223 -0.6572 -0.6813
vn -0.3043 -0.6929 -0.6537
vn -0.1998 -0.7094 -0.6759
vn -0.1817 -0.7582 -0.6262
vn -0.1318 -0.7527 -0.6450
vn -0.1077 -0.8213 -0.5603
vn -0.0868 -0.8183 -0.5682
vn -0.0650 -0.8097 -0.5833
vn -0.0287 -0.8113 -0.5840
vn -0.0114 -0.8077 -0.5895
vn 0.0473 -0.8079 -0.5874
vn 0.0289 -0.8523 -0.5222
vn -0.8232 -0.5054 0.2587
vn -0.8314 -0.5122 0.2155
vn -0.8181 -0.5516 0.1624
vn -0.8287 -0.5397 0.1483
vn -0.7992 -0.5974 0.0656
vn -0.8131 -0.5777 0.0718
vn -0.7568 -0.6523 -0.0426
vn -0.7710 -0.6356 -0.0381
vn -0.6978 -0.7008 -0.1483
vn -0.7096 -0.6892 -0.1462
vn -0.6478 -0.7293 -0.2201
vn -0.6518 -0.7210 -0.2350
vn -0.6023 -0.7459 -0.2844
vn -0.5827 -0.7438 -0.3276
vn -0.5649 -0.7507 -0.3426
vn -0.5425 -0.7474 -0.3836
vn -0.5276 -0.7523 -0.3946
vn -0.5024 -0.7478 -0.4340
vn -0.4907 -0.7511 -0.4416
vn -0.4631 -0.7456 -0.4793
vn -0.4549 -0.7476 -0.4839
vn -0.4260 -0.7412 -0.5188
vn -0.4194 -0.7427 -0.5221
vn -0.3887 -0.7354 -0.5551
vn -0.3841 -0.7363 -0.5570
vn -0.3529 -0.7284 -0.5873
vn -0.3474 -0.7294 -0.5893
vn -0.3151 -0.7207 -0.6175
vn -0.2480 -0.7303 -0.6365
vn -0.2222 -0.7758 -0.5906
vn -0.1735 -0.7591 -0.6274
vn -0.1321 -0.8346 -0.5348
vn -0.0991 -0.8218 -0.5612
vn -0.0648 -0.8822 -0.4664
vn -0.0434 -0.8734 -0.4851
vn -0.0149 -0.9206 -0.3902
vn -0.0019 -0.9153 -0.4028
vn 0.0221 -0.9510 -0.3085
vn 0.0292 -0.9482 -0.3162
vn 0.0497 -0.9735 -0.2234
vn 0.0523 -0.9726 -0.2265
vn 0.0698 -0.9883 -0.1355
vn 0.0692 -0.9885 -0.1346
vn 0.0833 -0.9952 -0.0517
vn 0.0696 -0.9966 -0.0443
vn -0.7937 -0.5768 0.1934
vn -0.7988 -0.5824 0.1510
vn -0.7771 -0.6224 0.0932
vn -0.7870 -0.6117 0.0804
vn -0.7470 -0.6648 -0.0017
vn -0.7599 -0.6500 0.0029
vn -0.6918 -0.7144 -0.1051
vn -0.7033 -0.7035 -0.1025
vn -0.6235 -0.7556 -0.2008
vn -0.5940 -0.7783 -0.2034
vn -0.5821 -0.7766 -0.2411
vn -0.5142 -0.8228 -0.2421
vn -0.5038 -0.8195 -0.2732
vn -0.4585 -0.8465 -0.2707
vn -0.3717 -0.8656 -0.3354
vn -0.3441 -0.8794 -0.3291
vn -0.2722 -0.8873 -0.3723
vn -0.2093 -0.9146 -0.3461
vn -0.1882 -0.9111 -0.3666
vn -0.1009 -0.9425 -0.3187
vn -0.0909 -0.9400 -0.3288
vn -0.0131 -0.9610 -0.2762
vn -0.0099 -0.9600 -0.2797
vn 0.0592 -0.9726 -0.2246
vn 0.0575 -0.9732 -0.2226
vn 0.1185 -0.9789 -0.1666
vn 0.1133 -0.9805 -0.1603
vn 0.1652 -0.9805 -0.1067
vn 0.1580 -0.9826 -0.0976
vn -0.9988 -0.0314 -0.0385
vn -0.9984 -0.0475 -0.0308
vn -0.9981 -0.0476 -0.0383
vn -0.9983 -0.0583 0.0059
vn -0.9984 -0.0465 0.0309
vn -0.9984 -0.0465 0.0308
vn -0.9967 -0.0619 0.0529
vn -0.9911 -0.0600 0.1189
vn -0.9942 -0.0608 0.0886
vn -0.9924 -0.0096 0.1230
vn -0.9308 -0.0085 0.3655
vn -0.9341 -0.0095 0.3570
vn -0.9610 -0.0478 0.2725
vn -0.9723 -0.0044 0.2337
vn -0.9827 -0.0076 0.1852
vn -0.9694 -0.0776 0.2329
vn -0.9923 -0.0096 0.1231
vn -0.9904 -0.1340 -0.0345
vn -0.9911 -0.1332 0.0070
vn -0.9849 -0.1695 0.0340
vn -0.9842 -0.1688 0.0536
vn -0.9991 -0.0394 -0.0172
vn -0.9682 -0.2500 -0.0122
vn -0.9649 -0.2625 0.0072
vn -0.9385 -0.3452 0.0094
vn -0.9323 -0.3601 0.0335
vn -0.9589 -0.2763 0.0639
vn -0.8791 -0.0024 0.4766
vn -0.8790 -0.0023 0.4769
vn -0.8898 -0.0373 0.4548
vn -0.9340 -0.0233 0.3565
vn -0.9338 -0.0232 0.3571
vn -0.9888 -0.0969 0.1139
vn -0.9774 -0.0927 0.1901
vn -0.9776 -0.1013 0.1845
vn -0.9560 -0.0929 0.2781
vn -0.9568 -0.1036 0.2715
vn -0.9238 -0.0893 0.3723
vn -0.9256 -0.1037 0.3639
vn -0.8826 -0.0830 0.4627
vn -0.8857 -0.1009 0.4531
vn -0.8188 0.0002 0.5741
vn -0.7904 -0.0554 0.6101
vn -0.7489 -0.0308 0.6620
vn -0.9811 -0.1800 0.0706
vn -0.9788 -0.1784 0.1008
vn -0.9807 -0.1595 0.1135
vn -0.9685 -0.1535 0.1959
vn -0.9681 -0.1645 0.1888
vn -0.9465 -0.1539 0.2837
vn -0.9467 -0.1665 0.2758
vn -0.9137 -0.1493 0.3778
vn -0.9147 -0.1640 0.3693
vn -0.8723 -0.1400 0.4685
vn -0.8743 -0.1570 0.4594
vn -0.9672 -0.2185 0.1296
vn -0.9560 -0.2117 0.2030
vn -0.9547 -0.2257 0.1939
vn -0.9333 -0.2127 0.2892
vn -0.9327 -0.2270 0.2803
vn -0.9005 -0.2070 0.3824
vn -0.9007 -0.2223 0.3734
vn -0.8595 -0.1953 0.4724
vn -0.8605 -0.2114 0.4636
vn -0.7082 -0.0240 0.7056
vn -0.6703 -0.0379 0.7412
vn -0.7483 -0.1321 0.6501
vn -0.7556 -0.0406 0.6538
vn -0.7610 -0.0374 0.6477
vn -0.9615 -0.2655 0.0712
vn -0.9554 -0.2602 0.1400
vn -0.9522 -0.2770 0.1287
vn -0.9401 -0.2678 0.2108
vn -0.9377 -0.2841 0.2001
vn -0.9170 -0.2691 0.2945
vn -0.9154 -0.2846 0.2846
vn -0.8846 -0.2622 0.3858
vn -0.8838 -0.2777 0.3765
vn -0.8445 -0.2481 0.4746
vn -0.8446 -0.2635 0.4660
vn -0.8049 -0.2322 0.5461
vn -0.8149 -0.1798 0.5510
vn -0.8167 -0.1961 0.5428
vn -0.8268 -0.1280 0.5477
vn -0.8298 -0.1469 0.5383
vn -0.8372 -0.0748 0.5417
vn -0.9111 -0.3843 0.1493
vn -0.8997 -0.3724 0.2278
vn -0.8946 -0.3920 0.2144
vn -0.8762 -0.3737 0.3043
vn -0.8725 -0.3913 0.2926
vn -0.8456 -0.3650 0.3895
vn -0.8432 -0.3805 0.3797
vn -0.8092 -0.3473 0.4739
vn -0.8080 -0.3606 0.4660
vn -0.7083 -0.0240 0.7055
vn -0.7240 -0.0437 0.6884
vn -0.7183 -0.1206 0.6852
vn -0.7388 -0.1368 0.6599
vn -0.7263 -0.2157 0.6527
vn -0.7528 -0.2397 0.6131
vn -0.7315 -0.3223 0.6009
vn -0.6704 -0.0262 0.7415
vn -0.6706 -0.0263 0.7414
vn -0.6682 -0.0184 0.7438
vn -0.6782 -0.0269 0.7344
vn -0.6745 -0.0966 0.7319
vn -0.6913 -0.1114 0.7139
vn -0.6787 -0.2044 0.7054
vn -0.8695 -0.4413 0.2220
vn -0.8525 -0.4217 0.3088
vn -0.8476 -0.4404 0.2961
vn -0.8231 -0.4129 0.3899
vn -0.8199 -0.4285 0.3798
vn -0.7891 -0.3941 0.4713
vn -0.7873 -0.4063 0.4637
vn -0.7617 -0.6228 0.1787
vn -0.7306 -0.6599 0.1756
vn -0.6953 -0.6896 0.2028
vn -0.6960 -0.6885 0.2036
vn -0.6625 -0.7221 0.1990
vn -0.2376 -0.9701 0.0504
vn -0.2393 -0.9679 0.0773
vn -0.3309 -0.9398 0.0859
vn -0.3343 -0.9299 0.1535
vn -0.4010 -0.9011 0.1652
vn -0.3917 -0.9064 0.1584
vn -0.4438 -0.8804 0.1671
vn -0.4336 -0.8869 0.1593
vn -0.4860 -0.8577 0.1676
vn -0.4745 -0.8658 0.1586
vn -0.5269 -0.8334 0.1665
vn -0.5145 -0.8431 0.1564
vn -0.5666 -0.8076 0.1636
vn -0.5535 -0.8187 0.1526
vn -0.6051 -0.7801 0.1592
vn -0.5918 -0.7925 0.1476
vn -0.6427 -0.7506 0.1535
vn -0.6288 -0.7647 0.1409
vn -0.6789 -0.7196 0.1461
vn -0.6650 -0.7349 0.1329
vn -0.7136 -0.6870 0.1372
vn -0.7000 -0.7034 0.1236
vn -0.7469 -0.6527 0.1271
vn -0.7335 -0.6703 0.1130
vn -0.7785 -0.6170 0.1156
vn -0.7659 -0.6349 0.1016
vn -0.8087 -0.5791 0.1034
vn -0.8814 -0.4721 -0.0133
vn -0.8640 -0.5036 0.0022
vn -0.8633 -0.4988 0.0765
vn -0.8259 -0.5587 0.0761
vn -0.8221 -0.5495 0.1487
vn -0.7781 -0.6110 0.1460
vn -0.7751 -0.6033 0.1880
vn -0.7397 -0.6368 0.2176
vn -0.3907 -0.8787 0.2744
vn -0.4466 -0.8453 0.2933
vn -0.4636 -0.8422 0.2753
vn -0.5158 -0.8056 0.2914
vn -0.5351 -0.8007 0.2694
vn -0.5847 -0.7603 0.2832
vn -0.6051 -0.7532 0.2579
vn -0.6527 -0.7080 0.2696
vn -0.6736 -0.6986 0.2413
vn -0.7192 -0.6479 0.2510
vn -0.7395 -0.6360 0.2206
vn -0.7839 -0.5773 0.2286
vn -0.7880 -0.5858 0.1895
vn -0.8208 -0.5490 0.1579
vn -0.8216 -0.5506 0.1480
vn -0.8509 -0.5126 0.1150
vn -0.8530 -0.5181 0.0624
vn -0.4300 -0.8525 0.2973
vn -0.4832 -0.8153 0.3191
vn -0.4983 -0.8121 0.3036
vn -0.5502 -0.7697 0.3239
vn -0.5657 -0.7653 0.3071
vn -0.6168 -0.7164 0.3261
vn -0.6325 -0.7106 0.3081
vn -0.6817 -0.6552 0.3255
vn -0.6972 -0.6480 0.3067
vn -0.7413 -0.5891 0.3215
vn -0.7512 -0.6100 0.2522
vn -0.7934 -0.5492 0.2624
vn -0.8016 -0.5644 0.1974
vn -0.8423 -0.4992 0.2034
vn -0.8486 -0.5098 0.1412
vn -0.8856 -0.4417 0.1433
vn -0.8899 -0.4488 0.0821
vn -0.9228 -0.3766 0.0815
vn -0.9319 -0.3590 0.0514
vn -0.9595 -0.2771 0.0498
vn -0.9648 -0.2618 0.0253
vn -0.9825 -0.1847 0.0236
vn -0.9818 -0.1863 -0.0373
vn -0.9873 -0.1542 -0.0379
vn -0.9319 -0.3620 -0.0227
vn -0.8986 -0.4385 -0.0166
vn -0.8992 -0.4362 0.0350
vn -0.8899 -0.4519 0.0620
vn -0.8892 -0.4502 0.0811
vn -0.8637 -0.4907 0.1152
vn -0.8600 -0.4846 0.1596
vn -0.8198 -0.5508 0.1565
vn -0.8138 -0.5394 0.2162
vn -0.7703 -0.6024 0.2091
vn -0.7632 -0.5870 0.2702
vn -0.7184 -0.6457 0.2588
vn -0.6999 -0.6554 0.2840
vn -0.6526 -0.7077 0.2707
vn -0.6337 -0.7153 0.2946
vn -0.5848 -0.7615 0.2796
vn -0.5659 -0.7673 0.3016
vn -0.5159 -0.8079 0.2849
vn -0.4983 -0.8119 0.3042
vn -0.4463 -0.8481 0.2856
vn -0.4302 -0.8506 0.3022
vn -0.3760 -0.8828 0.2815
vn -0.8511 -0.5250 -0.0053
vn -0.8378 -0.5459 0.0097
vn -0.8369 -0.5399 0.0901
vn -0.7965 -0.5980 0.0890
vn -0.7925 -0.5874 0.1641
vn -0.7462 -0.6462 0.1603
vn -0.7416 -0.6338 0.2199
vn -0.6946 -0.6872 0.2127
vn -0.6735 -0.6981 0.2431
vn -0.6255 -0.7443 0.2339
vn -0.6049 -0.7524 0.2606
vn -0.5542 -0.7942 0.2491
vn -0.5351 -0.7999 0.2716
vn -0.4802 -0.8386 0.2573
vn -0.4636 -0.8422 0.2751
vn -0.4040 -0.8777 0.2578
vn -0.3905 -0.8797 0.2712
vn -0.8207 -0.4867 0.2994
vn -0.7988 -0.4584 0.3895
vn -0.7948 -0.4741 0.3789
vn -0.7674 -0.4392 0.4671
vn -0.7652 -0.4504 0.4600
vn -0.7370 -0.4143 0.5341
vn -0.7541 -0.3690 0.5433
vn -0.7555 -0.3481 0.5550
vn -0.7733 -0.3260 0.5439
vn -0.7082 -0.0336 0.7052
vn -0.7002 -0.0273 0.7135
vn -0.6951 -0.1101 0.7105
vn -0.7112 -0.1236 0.6921
vn -0.7007 -0.1970 0.6857
vn -0.7222 -0.2174 0.6566
vn -0.7041 -0.2959 0.6455
vn -0.7288 -0.3235 0.6035
vn -0.7007 -0.4058 0.5868
vn -0.7203 -0.4324 0.5425
vn -0.7164 -0.4555 0.5285
vn -0.7419 -0.4926 0.4549
vn -0.7446 -0.4818 0.4620
vn -0.7685 -0.5167 0.3774
vn -0.9172 -0.3631 0.1640
vn -0.8867 -0.4334 0.1610
vn -0.8760 -0.4204 0.2367
vn -0.8419 -0.4883 0.2298
vn -0.8266 -0.4680 0.3125
vn -0.7922 -0.5303 0.3019
vn -0.7731 -0.5018 0.3878
vn -0.7407 -0.5576 0.3747
vn -0.7217 -0.5253 0.4509
vn -0.7009 -0.5450 0.4602
vn -0.6857 -0.5181 0.5113
vn -0.7117 -0.0229 0.7021
vn -0.7074 -0.0187 0.7066
vn -0.7064 -0.0692 0.7045
vn -0.6780 -0.0391 0.7340
vn -0.6914 -0.0901 0.7168
vn -0.6667 -0.0645 0.7425
vn -0.6737 -0.0922 0.7332
vn -0.6761 -0.0945 0.7307
vn -0.6689 -0.1626 0.7254
vn -0.6929 -0.1876 0.6962
vn -0.6776 -0.2648 0.6861
vn -0.7046 -0.2957 0.6450
vn -0.6799 -0.3762 0.6294
vn -0.7010 -0.4056 0.5865
vn -0.6659 -0.4870 0.5652
vn -0.6837 -0.5188 0.5132
vn -0.6383 -0.5956 0.4876
vn -0.5366 -0.7505 0.3858
vn -0.5923 -0.6912 0.4140
vn -0.5981 -0.6895 0.4085
vn -0.6497 -0.6238 0.4345
vn -0.6559 -0.6215 0.4284
vn -0.6949 -0.5627 0.4478
vn -0.7118 -0.5961 0.3716
vn -0.7464 -0.5423 0.3858
vn -0.7627 -0.5706 0.3046
vn -0.7996 -0.5106 0.3162
vn -0.8131 -0.5315 0.2376
vn -0.8499 -0.4664 0.2455
vn -0.8599 -0.4804 0.1727
vn -0.8943 -0.4112 0.1767
vn -0.6306 -0.5654 0.5317
vn -0.6198 -0.5383 0.5711
vn -0.6604 -0.4550 0.5974
vn -0.6442 -0.4250 0.6358
vn -0.6772 -0.3284 0.6584
vn -0.6625 -0.3055 0.6840
vn -0.6827 -0.2128 0.6990
vn -0.6932 -0.2272 0.6840
vn -0.6833 -0.1528 0.7140
vn -0.7050 -0.1832 0.6852
vn -0.6024 -0.6029 0.5232
vn -0.5963 -0.5805 0.5545
vn -0.6452 -0.4891 0.5869
vn -0.6414 -0.4779 0.6002
vn -0.6864 -0.3592 0.6324
vn -0.6866 -0.3597 0.6318
vn -0.5921 -0.6254 0.5083
vn -0.5587 -0.6490 0.5164
vn -0.6294 -0.5365 0.5622
vn -0.6195 -0.5108 0.5961
vn -0.6649 -0.4059 0.6270
vn -0.6559 -0.3877 0.6476
vn -0.6868 -0.2812 0.6703
vn -0.7012 -0.3064 0.6438
vn -0.6961 -0.2101 0.6865
vn -0.7132 -0.2399 0.6587
vn -0.7246 -0.1620 0.6699
vn -0.7448 -0.1625 0.6471
vn -0.7396 -0.1544 0.6551
vn -0.7717 -0.1562 0.6166
vn -0.7685 -0.1511 0.6218
vn -0.8040 -0.1545 0.5742
vn -0.8202 -0.1842 0.5416
vn -0.8415 -0.1596 0.5161
vn -0.8733 -0.2346 0.4271
vn -0.8718 -0.2431 0.4253
vn -0.8842 -0.2290 0.4072
vn -0.8756 -0.2748 0.3972
vn -0.8929 -0.2829 0.3503
vn -0.8797 -0.3349 0.3375
vn -0.8936 -0.3439 0.2883
vn -0.8743 -0.4015 0.2727
vn -0.8845 -0.4110 0.2206
vn -0.8779 -0.4273 0.2160
vn -0.8527 -0.5125 0.1010
vn -0.8673 -0.4859 0.1087
vn -0.8220 -0.5694 -0.0128
vn -0.8378 -0.5459 -0.0067
vn -0.7733 -0.6215 -0.1259
vn -0.7884 -0.6029 -0.1224
vn -0.7076 -0.6672 -0.2329
vn -0.7209 -0.6531 -0.2318
vn -0.6585 -0.6904 -0.2996
vn -0.6594 -0.6809 -0.3188
vn -0.6139 -0.7025 -0.3600
vn -0.5857 -0.7003 -0.4080
vn -0.5767 -0.7037 -0.4149
vn -0.5454 -0.7001 -0.4608
vn -0.5394 -0.7021 -0.4649
vn -0.5055 -0.6971 -0.5084
vn -0.5010 -0.6984 -0.5111
vn -0.4654 -0.6923 -0.5515
vn -0.4618 -0.6932 -0.5533
vn -0.4250 -0.6859 -0.5907
vn -0.4204 -0.6870 -0.5927
vn -0.3830 -0.6786 -0.6267
vn -0.3772 -0.6799 -0.6289
vn -0.3331 -0.6688 -0.6646
vn -0.3572 -0.6163 -0.7018
vn -0.2974 -0.6281 -0.7191
vn -0.3473 -0.6002 -0.7205
vn -0.2290 -0.6219 -0.7489
vn -0.2642 -0.6015 -0.7539
vn -0.1387 -0.6186 -0.7734
vn -0.4833 -0.8110 0.3298
vn -0.5382 -0.7646 0.3546
vn -0.5493 -0.7617 0.3435
vn -0.6028 -0.7084 0.3672
vn -0.6140 -0.7047 0.3555
vn -0.6649 -0.6446 0.3774
vn -0.6760 -0.6400 0.3653
vn -0.7182 -0.5809 0.3830
vn -0.7319 -0.6087 0.3063
vn -0.7709 -0.5513 0.3190
vn -0.7826 -0.5724 0.2448
vn -0.8223 -0.5093 0.2539
vn -0.8314 -0.5240 0.1851
vn -0.8693 -0.4564 0.1900
vn -0.8757 -0.4661 0.1258
vn -0.8996 -0.4179 0.1268
vn -0.9221 -0.3756 0.0928
vn -0.9237 -0.3708 0.0962
vn -0.9431 -0.3183 0.0963
vn -0.9376 -0.3129 0.1516
vn -0.9330 -0.3322 0.1384
vn -0.9212 -0.3215 0.2191
vn -0.9175 -0.3396 0.2070
vn -0.8978 -0.3227 0.2996
vn -0.8952 -0.3397 0.2887
vn -0.8661 -0.3150 0.3882
vn -0.8645 -0.3308 0.3785
vn -0.8276 -0.2991 0.4749
vn -0.8270 -0.3131 0.4669
vn -0.7870 -0.2777 0.5510
vn -0.7865 -0.2591 0.5607
vn -0.7598 -0.2361 0.6057
vn -0.7729 -0.1638 0.6129
vn -0.7705 -0.1486 0.6199
vn -0.7887 -0.1196 0.6030
vn -0.7933 -0.0667 0.6052
vn -0.8416 -0.0954 0.5317
vn -0.8457 -0.0143 0.5334
vn -0.8166 -0.0753 0.5723
vn -0.5879 -0.6739 0.4474
vn -0.5995 -0.6503 0.4667
vn -0.6377 -0.5958 0.4882
vn -0.6258 -0.5666 0.5361
vn -0.6688 -0.4861 0.5624
vn -0.6526 -0.4568 0.6045
vn -0.6846 -0.3748 0.6251
vn -0.6625 -0.3433 0.6658
vn -0.6857 -0.2559 0.6815
vn -0.6657 -0.2310 0.7096
vn -0.6784 -0.1516 0.7189
vn -0.6828 -0.1567 0.7136
vn -0.6727 -0.1057 0.7323
vn -0.7088 -0.1491 0.6894
vn -0.6924 -0.0724 0.7179
vn -0.7162 -0.1013 0.6905
vn -0.7181 -0.0549 0.6938
vn -0.7421 -0.0524 0.6682
vn -0.7414 -0.0517 0.6690
vn -0.7713 -0.0487 0.6346
vn -0.7716 -0.0490 0.6342
vn -0.8058 -0.0452 0.5904
vn -0.8073 -0.0468 0.5883
vn -0.8452 -0.0413 0.5329
vn -0.8669 -0.0675 0.4940
vn -0.8879 -0.0355 0.4587
vn -0.9129 -0.0688 0.4023
vn -0.9206 -0.0552 0.3866
vn -0.9429 -0.0475 0.3296
vn -0.9416 -0.0799 0.3271
vn -0.9591 -0.0763 0.2726
vn -0.9564 -0.1144 0.2688
vn -0.9720 -0.1141 0.2055
vn -0.9668 -0.1587 0.2002
vn -0.9784 -0.1621 0.1279
vn -0.9775 -0.1684 0.1271
vn -0.9702 -0.2423 -0.0010
vn -0.9790 -0.2037 0.0033
vn -0.9505 -0.2801 -0.1343
vn -0.9606 -0.2447 -0.1318
vn -0.9067 -0.3211 -0.2736
vn -0.9174 -0.2891 -0.2734
vn -0.8373 -0.3616 -0.4101
vn -0.8474 -0.3347 -0.4123
vn -0.7439 -0.4000 -0.5354
vn -0.7520 -0.3792 -0.5392
vn -0.6320 -0.4345 -0.6417
vn -0.6375 -0.4196 -0.6462
vn -0.5066 -0.4647 -0.7263
vn -0.5089 -0.4575 -0.7292
vn -0.3955 -0.4872 -0.7786
vn -0.3873 -0.5179 -0.7627
vn -0.3501 -0.5164 -0.7815
vn -0.3367 -0.5664 -0.7522
vn -0.2747 -0.5627 -0.7797
vn -0.2735 -0.5622 -0.7804
vn -0.1612 -0.5778 -0.8001
vn -0.1569 -0.6121 -0.7751
vn -0.0302 -0.6212 -0.7831
vn -0.0303 -0.6775 -0.7349
vn -0.0159 -0.6760 -0.7367
vn -0.0163 -0.7152 -0.6988
vn -0.0422 -0.7279 -0.6844
vn -0.0407 -0.7608 -0.6477
vn 0.0336 -0.7625 -0.6462
vn 0.0338 -0.7607 -0.6482
vn -0.0730 -0.9773 0.1991
vn -0.0730 -0.9772 0.1992
vn -0.1480 -0.9610 0.2336
vn -0.1477 -0.9614 0.2322
vn -0.1372 -0.9652 0.2227
vn -0.1345 -0.9680 0.2118
vn -0.1359 -0.9675 0.2131
vn -0.1262 -0.9755 0.1803
vn -0.1425 -0.9705 0.1945
vn -0.1307 -0.9781 0.1621
vn -0.2000 -0.9601 0.1956
vn -0.2162 -0.9599 0.1784
vn -0.2083 -0.9651 0.1590
vn -0.2164 -0.9648 0.1495
vn -0.2055 -0.9705 0.1262
vn -0.2132 -0.9701 0.1160
vn -0.1980 -0.9763 0.0876
vn -0.2049 -0.9757 0.0771
vn -0.1849 -0.9818 0.0442
vn -0.1907 -0.9811 0.0339
vn -0.1649 -0.9863 -0.0033
vn -0.1694 -0.9855 -0.0130
vn -0.1370 -0.9891 -0.0536
vn -0.1399 -0.9883 -0.0616
vn -0.1130 -0.9894 -0.0908
vn -0.1042 -0.9879 -0.1147
vn -0.1969 -0.9743 -0.1098
vn -0.1805 -0.9755 -0.1260
vn -0.2561 -0.9591 -0.1206
vn -0.2801 -0.9539 -0.1078
vn -0.3179 -0.9425 -0.1033
vn -0.3483 -0.9335 -0.0854
vn -0.3827 -0.9204 -0.0797
vn -0.4184 -0.9065 -0.0563
vn -0.4490 -0.8922 -0.0497
vn -0.4906 -0.8712 -0.0191
vn -0.5383 -0.8427 -0.0063
vn -0.5169 -0.8553 -0.0349
vn -0.5872 -0.8093 -0.0161
vn -0.5655 -0.8235 -0.0455
vn -0.5977 -0.8008 -0.0371
vn -0.6526 -0.7577 0.0004
vn -0.6441 -0.7649 0.0086
vn -0.6630 -0.7485 0.0148
vn -0.7315 -0.6663 0.1448
vn -0.7449 -0.6498 0.1511
vn -0.7625 -0.6292 0.1507
vn -0.7606 -0.6317 0.1498
vn -0.7555 -0.6275 0.1883
vn -0.7989 -0.5628 0.2121
vn -0.7913 -0.5574 0.2513
vn -0.8255 -0.4939 0.2731
vn -0.8150 -0.4876 0.3131
vn -0.8411 -0.4269 0.3321
vn -0.8261 -0.4193 0.3764
vn -0.8148 -0.4311 0.3875
vn -0.8066 -0.3483 0.4776
vn -0.7941 -0.3893 0.4667
vn -0.7806 -0.3294 0.5312
vn -0.7622 -0.3484 0.5456
vn -0.7551 -0.3263 0.5686
vn -0.7247 -0.3226 0.6089
vn -0.7301 -0.3367 0.5947
vn -0.7121 -0.3354 0.6168
vn -0.6759 -0.4419 0.5898
vn -0.6773 -0.4468 0.5846
vn -0.6149 -0.5731 0.5417
vn -0.6126 -0.5610 0.5568
vn -0.5784 -0.6325 0.5152
vn -0.5792 -0.6368 0.5089
vn -0.5667 -0.6589 0.4947
vn -0.5726 -0.6844 0.4513
vn -0.5290 -0.7335 0.4267
vn -0.5312 -0.7517 0.3908
vn -0.4730 -0.8037 0.3610
vn -0.4728 -0.8129 0.3399
vn -0.4165 -0.8532 0.3139
vn -0.4163 -0.8545 0.3107
vn -0.3615 -0.8870 0.2873
vn -0.3621 -0.8842 0.2949
vn -0.3080 -0.9114 0.2731
vn -0.3156 -0.9108 0.2661
vn -0.3150 -0.9129 0.2596
vn -0.3250 -0.9120 0.2504
vn -0.3230 -0.9194 0.2242
vn -0.3313 -0.9183 0.2165
vn -0.3293 -0.9267 0.1809
vn -0.3459 -0.9274 0.1420
vn -0.2413 -0.9623 0.1253
vn -0.2380 -0.9680 0.0801
vn -0.1428 -0.9872 0.0710
vn -0.1410 -0.9889 0.0469
vn -0.1305 -0.9909 0.0317
vn 0.6813 0.7317 -0.0206
vn 0.5834 0.8118 0.0263
vn 0.6600 0.7510 0.0175
vn 0.4750 0.8800 0.0085
vn 0.3066 0.9515 0.0261
vn 0.0899 0.9888 0.1192
vn 0.0356 0.9989 0.0305
vn 0.1122 0.9928 0.0420
vn 0.0005 0.9998 0.0221
vn 0.2176 0.9758 0.0206
vn 0.2177 0.9758 0.0206
vn 0.1641 0.9854 0.0462
vn 0.1562 0.9870 0.0369
vn 0.0969 0.9950 0.0236
vn 0.2764 0.9607 0.0262
vn 0.3038 0.9497 0.0767
vn 0.2620 0.9643 0.0382
vn 0.3643 0.9307 0.0336
vn 0.3816 0.9228 0.0532
vn 0.4207 0.9067 0.0289
vn 0.4824 0.8741 0.0568
vn 0.4743 0.8792 0.0453
vn 0.4201 0.9070 0.0289
vn 0.6276 0.7776 0.0386
vn 0.5775 0.8144 0.0565
vn 0.5755 0.8157 0.0590
vn 0.5277 0.8487 0.0338
vn 0.5280 0.8486 0.0338
vn 0.6611 0.7486 0.0509
vn 0.6710 0.7379 0.0733
vn 0.6277 0.7775 0.0386
vn 0.7552 0.6501 0.0838
vn 0.7173 0.6956 0.0395
vn 0.7177 0.6953 0.0395
vn 0.7409 0.6716 -0.0003
vn 0.7366 0.6756 0.0304
vn 0.7379 0.6747 -0.0142
vn 0.7367 0.6756 0.0297
vn 0.7271 0.6866 -0.0000
vn 0.7153 0.6973 0.0462
vn 0.7169 0.6967 -0.0253
vn 0.7160 0.6976 -0.0273
vn 0.6781 0.7197 -0.1490
vn 0.7195 0.6929 -0.0474
vn 0.2077 0.9756 0.0709
vn 0.2843 0.9582 0.0312
vn 0.2803 0.9595 0.0266
vn 0.3466 0.9373 0.0380
vn 0.3965 0.9177 0.0251
vn 0.3510 0.9354 -0.0438
vn 0.4131 0.9106 0.0141
vn 0.0679 0.9918 0.1082
vn 0.0682 0.9918 0.1081
vn 0.1626 0.9838 0.0754
vn 0.1410 0.9889 0.0466
vn 0.2085 0.9755 0.0707
vn 0.0047 0.9909 0.1349
vn 0.0357 0.9952 0.0911
vn 0.0404 0.9929 0.1120
vn 0.0404 0.9929 0.1117
vn 0.0449 0.9945 0.0949
vn 0.0450 0.9946 0.0935
vn 0.0450 0.9945 0.0942
vn 0.0516 0.9962 0.0708
vn 0.0573 0.9981 0.0242
vn 0.0503 0.9976 0.0480
vn 0.0503 0.9976 0.0482
vn 0.0515 0.9928 0.1084
vn 0.0437 0.9946 0.0940
vn 0.1630 0.9843 0.0670
vn 0.1632 0.9843 0.0673
vn 0.2795 0.9592 0.0432
vn 0.2831 0.9578 0.0488
vn 0.3896 0.9205 0.0288
vn 0.3956 0.9176 0.0388
vn 0.4907 0.8710 0.0230
vn 0.4753 0.8798 0.0084
vn 0.4990 0.8664 -0.0177
vn 0.4964 0.8674 0.0332
vn 0.5808 0.8138 0.0212
vn 0.6383 0.7696 -0.0127
vn 0.6586 0.7516 -0.0379
vn 0.6573 0.7535 0.0118
vn 0.7162 0.6978 0.0070
vn 0.7325 0.6802 -0.0281
vn 0.5338 0.8456 0.0044
vn 0.5339 0.8456 0.0043
vn 0.5854 0.8104 -0.0225
vn 0.5887 0.8082 -0.0179
vn 0.6378 0.7701 -0.0126
vn 0.7279 0.6817 -0.0741
vn 0.7259 0.6871 0.0312
vn 0.6592 0.7512 0.0333
vn 0.6619 0.7486 0.0393
vn 0.5795 0.8138 0.0437
vn 0.5769 0.8159 0.0384
vn 0.4893 0.8710 0.0447
vn 0.4839 0.8744 0.0344
vn 0.3887 0.9204 0.0430
vn 0.3830 0.9232 0.0329
vn 0.2794 0.9592 0.0438
vn 0.2757 0.9605 0.0377
vn 0.1641 0.9851 0.0511
vn 0.1638 0.9852 0.0506
vn 0.0486 0.9966 0.0661
vn 0.0518 0.9961 0.0715
vn -0.6502 0.5066 0.5662
vn -0.5965 0.5803 0.5545
vn -0.7752 0.6031 0.1880
vn -0.7477 0.6542 0.1139
vn -0.8511 0.5123 0.1150
vn -0.7298 0.3202 0.6041
vn -0.7080 0.0332 0.7054
vn -0.7608 0.0439 0.6475
vn -0.9911 0.0597 0.1189
vn -0.9911 0.1329 0.0070
vn -0.0305 0.6755 -0.7367
vn -0.0304 0.6190 -0.7848
vn -0.3241 0.3903 -0.8618
vn -0.6265 0.3385 -0.7021
vn -0.5001 0.3756 -0.7802
vn -0.6907 0.3334 -0.6417
vn -0.5909 0.7288 -0.3459
vn -0.4813 0.7654 -0.4272
vn -0.8727 0.4809 -0.0843
vn -0.9151 0.4031 0.0054
vn -0.8901 0.4334 0.1409
vn -0.9398 0.3282 0.0947
vn -0.7068 0.2326 -0.6681
vn -0.9071 0.2018 -0.3693
vn -0.6978 0.0394 -0.7153
vn -0.9850 0.1682 0.0393
vn -0.9047 0.2293 0.3590
vn -0.8186 0.0233 0.5738
vn -0.8122 0.5465 0.2040
vn -0.8113 0.5218 0.2638
vn -0.8747 0.3445 0.3409
vn -0.8683 0.4497 0.2094
vn -0.8332 0.2277 0.5039
vn -0.7884 0.2784 0.5486
vn -0.7131 0.5205 0.4696
vn -0.7571 0.4068 0.5112
vn -0.7425 0.1825 0.6444
vn -0.8416 0.1593 0.5161
vn -0.8035 0.1408 0.5785
vn -0.7420 0.0578 0.6679
vn -0.7613 0.0151 0.6483
vn 0.0562 0.9731 -0.2234
vn -0.3075 0.9460 0.1030
vn -0.1284 0.9476 -0.2927
vn -0.2155 0.8439 -0.4913
vn -0.2659 0.8541 -0.4470
vn -0.4804 0.8034 -0.3518
vn -0.3319 0.9392 -0.0880
vn -0.5777 0.7960 -0.1806
vn -0.4798 0.8563 -0.1912
vn -0.6444 0.7647 0.0086
vn -0.5715 0.7711 0.2809
vn 0.0109 0.9862 -0.1652
vn 0.0197 0.9998 -0.0043
vn 0.0606 0.9972 -0.0437
vn 0.1230 0.9905 -0.0615
vn 0.1351 0.9885 -0.0684
vn 0.1484 0.9850 -0.0876
vn -0.0672 0.9834 0.1687
vn -0.0941 0.9955 0.0144
vn -0.9783 0.2003 -0.0522
vn -0.9895 0.1395 -0.0381
vn -0.9904 0.1337 -0.0365
vn -0.9960 0.0793 -0.0416
vn -0.9961 0.0784 -0.0416
vn -0.9694 0.2448 -0.0176
vn -0.9380 0.3462 -0.0145
vn -0.9567 0.2883 -0.0412
vn -0.9567 0.2880 -0.0412
vn -0.9144 0.4040 -0.0247
vn -0.8640 0.5034 -0.0005
vn -0.8886 0.4585 -0.0113
vn -0.8884 0.4588 -0.0113
vn -0.8380 0.5456 0.0093
vn -0.8585 0.5128 -0.0059
vn -0.8588 0.5124 -0.0059
vn -0.8099 0.5865 0.0109
vn -0.8353 0.5498 0.0072
vn -0.8345 0.5510 0.0072
vn -0.7800 0.6254 0.0215
vn -0.8089 0.5878 0.0097
vn -0.8087 0.5881 0.0096
vn -0.7311 0.6820 0.0221
vn -0.7311 0.6819 0.0221
vn -0.7485 0.6624 0.0295
vn -0.7713 0.6363 0.0153
vn -0.5702 0.8177 0.0789
vn -0.6056 0.7955 0.0197
vn -0.6406 0.7678 -0.0030
vn -0.6905 0.7234 -0.0014
vn -0.6417 0.7659 0.0399
vn -0.6879 0.7249 0.0377
vn -0.5090 0.8597 0.0438
vn -0.5175 0.8554 0.0232
vn -0.4101 0.9101 0.0598
vn -0.4635 0.8861 0.0063
vn -0.4636 0.8860 0.0063
vn -0.3514 0.9360 0.0190
vn -0.3494 0.9368 0.0189
vn -0.2187 0.9732 0.0709
vn -0.2754 0.9612 0.0135
vn -0.2760 0.9611 0.0135
vn -0.1561 0.9874 0.0261
vn -0.0326 0.9992 0.0219
vn -0.0480 0.9979 0.0427
vn -0.0483 0.9974 0.0540
vn -0.0484 0.9973 0.0555
vn -0.0512 0.9967 0.0632
vn -0.0528 0.9970 0.0559
vn -0.0552 0.9917 0.1163
vn -0.0552 0.9915 0.1177
vn -0.0562 0.9937 0.0974
vn -0.0511 0.9949 0.0873
vn -0.0510 0.9949 0.0866
vn -0.0553 0.9916 0.1170
vn -0.0597 0.9904 0.1249
vn -0.0605 0.9882 0.1406
vn -0.0669 0.9837 0.1667
vn -0.0673 0.9851 0.1583
vn -0.0689 0.9854 0.1560
vn -0.0606 0.9882 0.1410
vn -0.0690 0.9817 0.1775
vn -0.0717 0.9807 0.1817
vn -0.0729 0.9812 0.1785
vn -0.0734 0.9772 0.1994
vn -0.0751 0.9785 0.1923
vn -0.0738 0.9780 0.1952
vn -0.0711 0.9791 0.1908
vn -0.0711 0.9790 0.1908
vn -0.0734 0.9772 0.1993
vn -0.0733 0.9772 0.1993
vn -0.0733 0.9772 0.1994
vn -0.0716 0.9795 0.1883
vn -0.0714 0.9796 0.1877
vn -0.0667 0.9790 0.1925
vn -0.0734 0.9771 0.1996
vn -0.0691 0.9836 0.1665
vn -0.0712 0.9824 0.1724
vn -0.0691 0.9836 0.1664
vn -0.0586 0.9913 0.1180
vn -0.0585 0.9913 0.1176
vn -0.0632 0.9879 0.1415
vn -0.0586 0.9913 0.1181
vn -0.0630 0.9904 0.1228
vn -0.0624 0.9909 0.1197
vn -0.0489 0.9962 0.0717
vn -0.0581 0.9936 0.0969
vn -0.0585 0.9933 0.0996
vn -0.0538 0.9941 0.0946
vn -0.0534 0.9942 0.0938
vn -0.0506 0.9960 0.0734
vn -0.0505 0.9961 0.0725
vn -0.0361 0.9990 0.0271
vn -0.0386 0.9980 0.0493
vn -0.0385 0.9983 0.0441
vn -0.0437 0.9978 0.0493
vn -0.0360 0.9990 0.0268
vn -0.0229 0.9997 0.0131
vn -0.0244 0.9997 0.0060
vn 0.0002 0.9994 -0.0352
vn -0.0065 0.9999 -0.0156
vn -0.0065 0.9999 -0.0159
vn -0.0079 0.9998 -0.0177
vn -0.0249 0.9997 0.0062
vn -0.0244 0.9997 0.0055
vn -0.0001 0.9994 -0.0348
vn 0.0168 0.9986 -0.0499
vn 0.0190 0.9991 -0.0385
vn 0.0445 0.9964 -0.0720
vn 0.0445 0.9964 -0.0722
vn 0.0404 0.9960 -0.0793
vn 0.0110 0.9989 -0.0466
vn 0.0187 0.9983 -0.0550
vn 0.0825 0.9907 -0.1083
vn 0.0753 0.9924 -0.0975
vn 0.0793 0.9935 -0.0816
vn 0.0729 0.9918 -0.1049
vn 0.0500 0.9950 -0.0862
vn 0.0494 0.9951 -0.0857
vn 0.0809 0.9910 -0.1070
vn 0.0961 0.9882 -0.1190
vn 0.0915 0.9900 -0.1072
vn 0.1115 0.9865 -0.1196
vn 0.1110 0.9867 -0.1192
vn 0.1062 0.9879 -0.1129
vn 0.1110 0.9858 -0.1259
vn 0.0836 0.9910 -0.1041
vn 0.0971 0.9886 -0.1151
vn 0.1116 0.9865 -0.1197
vn 0.1297 0.9832 -0.1287
vn 0.1238 0.9849 -0.1211
vn 0.1351 0.9834 -0.1213
vn 0.1414 0.9814 -0.1296
vn 0.1240 0.9848 -0.1213
vn 0.1243 0.9848 -0.1215
vn 0.1353 0.9833 -0.1214
vn 0.1510 0.9801 -0.1287
vn 0.1442 0.9823 -0.1193
vn 0.1491 0.9822 -0.1143
vn 0.1514 0.9817 -0.1155
vn 0.1510 0.9818 -0.1152
vn 0.1580 0.9794 -0.1259
vn 0.1457 0.9820 -0.1200
vn 0.1438 0.9824 -0.1190
vn 0.1508 0.9818 -0.1152
vn 0.1653 0.9791 -0.1187
vn 0.1562 0.9815 -0.1108
vn 0.1581 0.9819 -0.1045
vn 0.1536 0.9828 -0.1024
vn 0.1579 0.9819 -0.1043
vn 0.1596 0.9814 -0.1067
vn 0.1651 0.9796 -0.1142
vn 0.1570 0.9813 -0.1109
vn 0.1542 0.9819 -0.1096
vn 0.1663 0.9805 -0.1051
vn 0.1586 0.9825 -0.0981
vn 0.1487 0.9850 -0.0877
vn 0.1554 0.9837 -0.0905
vn 0.1627 0.9819 -0.0974
vn 0.1525 0.9837 -0.0952
vn 0.1522 0.9838 -0.0951
vn 0.1421 0.9866 -0.0801
vn 0.1418 0.9867 -0.0800
vn 0.1327 0.9885 -0.0725
vn 0.1302 0.9889 -0.0719
vn 0.1095 0.9923 -0.0582
vn 0.0774 0.9956 -0.0535
vn 0.0953 0.9942 -0.0500
vn 0.0948 0.9942 -0.0499
vn 0.0597 0.9972 -0.0439
vn 0.0210 0.9988 -0.0449
vn 0.0218 0.9988 -0.0447
vn 0.0415 0.9983 -0.0422
vn 0.0359 0.9985 -0.0420
vn 0.0073 0.9944 -0.1052
vn 0.0073 0.9945 -0.1046
vn 0.0073 0.9581 -0.2864
vn 0.0073 0.9580 -0.2866
vn 0.0092 0.9281 -0.3721
vn 0.0092 0.9281 -0.3722
vn 0.0227 0.8750 -0.4837
vn 0.0692 0.8090 -0.5837
vn 0.0165 0.8441 -0.5359
vn 0.0346 0.7805 -0.6242
vn 0.0366 0.6188 -0.7847
vn 0.0586 0.6764 -0.7342
vn 0.1397 0.6633 -0.7352
vn 0.0127 0.7104 -0.7037
vn 0.0366 0.6191 -0.7845
vn 0.0308 0.6202 -0.7839
vn 0.0681 0.5689 -0.8196
vn 0.0144 0.5805 -0.8142
vn 0.0153 0.5692 -0.8221
vn 0.0888 0.5307 -0.8429
vn 0.1507 0.5147 -0.8440
vn 0.0279 0.4920 -0.8701
vn 0.1421 0.4287 -0.8922
vn 0.0902 0.4375 -0.8947
vn 0.0280 0.4915 -0.8704
vn 0.1665 0.3365 -0.9268
vn 0.0112 0.3810 -0.9245
vn 0.0111 0.3815 -0.9243
vn 0.0524 0.2647 -0.9629
vn 0.0522 0.2696 -0.9615
vn 0.0644 0.3240 -0.9439
vn 0.1138 0.1534 -0.9816
vn -0.5687 0.8225 0.0079
vn -0.5895 0.8077 0.0086
vn -0.5914 0.8034 0.0696
vn -0.6440 0.7615 0.0731
vn -0.6433 0.7522 0.1424
vn -0.6650 0.7327 0.1447
vn -0.6627 0.7219 0.1990
vn -0.5671 0.8091 0.1544
vn -0.5920 0.7904 0.1576
vn -0.5905 0.7775 0.2162
vn -0.4863 0.8590 0.1604
vn -0.5149 0.8413 0.1647
vn -0.5147 0.8271 0.2258
vn -0.5670 0.7768 0.2739
vn -0.5836 0.7517 0.3073
vn -0.5860 0.7698 0.2530
vn -0.6035 0.7434 0.2883
vn -0.6064 0.7611 0.2301
vn -0.6237 0.7354 0.2647
vn -0.6264 0.7471 0.2226
vn -0.6261 0.7474 0.2223
vn -0.6289 0.7625 0.1520
vn -0.6056 0.7816 0.1493
vn -0.6045 0.7961 0.0294
vn -0.5670 0.8197 0.0816
vn -0.5100 0.8567 0.0772
vn -0.5511 0.7781 0.3015
vn -0.4983 0.8209 0.2789
vn -0.5158 0.7985 0.3103
vn -0.5161 0.8148 0.2639
vn -0.5346 0.7911 0.2971
vn -0.5357 0.8082 0.2447
vn -0.5534 0.7858 0.2762
vn -0.5548 0.7979 0.2356
vn -0.5525 0.8001 0.2335
vn -0.5538 0.8167 0.1619
vn -0.5273 0.8348 0.1582
vn -0.5246 0.8506 0.0364
vn -0.4849 0.8703 0.0861
vn -0.4293 0.8588 0.2794
vn -0.4472 0.8395 0.3085
vn -0.4460 0.8535 0.2696
vn -0.4641 0.8338 0.2990
vn -0.4634 0.8493 0.2528
vn -0.4803 0.8313 0.2798
vn -0.4804 0.8432 0.2415
vn -0.4755 0.8471 0.2373
vn -0.4750 0.8642 0.1659
vn -0.3137 0.9489 0.0343
vn -0.3317 0.9419 0.0519
vn -0.3335 0.9388 0.0862
vn -0.3308 0.9402 0.0808
vn -0.3340 0.9321 0.1402
vn -0.3409 0.9273 0.1547
vn -0.3295 0.9266 0.1809
vn -0.3321 0.9156 0.2266
vn -0.2158 0.9762 0.0234
vn -0.2360 0.9715 0.0236
vn -0.2397 0.9675 0.0803
vn -0.2381 0.9682 0.0772
vn -0.2418 0.9618 0.1286
vn -0.2399 0.9627 0.1251
vn -0.2432 0.9555 0.1666
vn -0.2407 0.9570 0.1618
vn -0.2447 0.9471 0.2076
vn -0.2391 0.9500 0.2008
vn -0.2437 0.9390 0.2426
vn -0.1350 0.9678 0.2125
vn -0.1388 0.9638 0.2279
vn -0.1469 0.9627 0.2273
vn -0.1483 0.9610 0.2337
vn -0.1550 0.9612 0.2283
vn -0.1568 0.9603 0.2305
vn -0.1534 0.9656 0.2100
vn -0.1565 0.9643 0.2137
vn -0.1518 0.9719 0.1802
vn -0.1533 0.9713 0.1819
vn -0.1492 0.9781 0.1453
vn -0.1496 0.9779 0.1460
vn -0.1462 0.9828 0.1126
vn -0.1464 0.9828 0.1129
vn -0.1427 0.9872 0.0710
vn -0.1432 0.9871 0.0718
vn -0.1415 0.9887 0.0495
vn -0.0942 0.9955 0.0144
vn -0.5648 0.7566 0.3295
vn -0.4832 0.8234 0.2975
vn -0.4984 0.8037 0.3251
vn -0.4154 0.8618 0.2912
vn -0.4310 0.8449 0.3168
vn -0.3617 0.8869 0.2874
vn -0.3606 0.8911 0.2755
vn -0.3777 0.8756 0.3010
vn -0.3754 0.8870 0.2691
vn -0.3919 0.8718 0.2937
vn -0.3897 0.8853 0.2535
vn -0.3350 0.8886 0.3134
vn -0.5297 0.7328 0.4270
vn -0.5267 0.7085 0.4697
vn -0.5429 0.6984 0.4665
vn -0.5415 0.6825 0.4909
vn -0.5732 0.6615 0.4835
vn -0.3985 0.9131 0.0870
vn -0.4011 0.9019 0.1600
vn -0.3922 0.9052 0.1637
vn -0.3948 0.8887 0.2329
vn -0.3225 0.9220 0.2142
vn -0.3262 0.9079 0.2632
vn -0.2356 0.9437 0.2324
vn -0.2385 0.9373 0.2542
vn -0.2218 0.9407 0.2568
vn -0.2215 0.9412 0.2551
vn -0.2076 0.9440 0.2565
vn -0.2058 0.9466 0.2480
vn -0.2046 0.9469 0.2481
vn -0.2002 0.9522 0.2307
vn -0.1901 0.9791 0.0722
vn -0.2226 0.9658 0.1333
vn -0.2843 0.9454 0.1591
vn -0.3109 0.9237 0.2241
vn -0.3652 0.8965 0.2509
vn -0.3798 0.8745 0.3018
vn -0.3514 0.8851 0.3050
vn -0.3549 0.8776 0.3222
vn -0.3396 0.8831 0.3236
vn -0.3390 0.8849 0.3195
vn -0.4040 0.8431 0.3548
vn -0.2022 0.9688 0.1435
vn -0.2165 0.9598 0.1784
vn -0.2009 0.9600 0.1949
vn -0.2023 0.9594 0.1966
vn -0.2129 0.9496 0.2300
vn -0.1286 0.9739 0.1873
vn -0.1360 0.9677 0.2125
vn -0.0584 0.9831 0.1733
vn -0.0713 0.9796 0.1878
vn -0.2742 0.9200 0.2799
vn -0.2745 0.9194 0.2818
vn -0.2717 0.9201 0.2820
vn -0.2705 0.9223 0.2761
vn -0.2845 0.9184 0.2751
vn -0.2773 0.9283 0.2476
vn -0.3020 0.9212 0.2453
vn -0.2837 0.9392 0.1933
vn -0.2244 0.9602 0.1663
vn -0.1983 0.9739 0.1104
vn -0.7262 0.5951 0.3442
vn -0.6806 0.6749 0.2852
vn -0.7029 0.5887 0.3991
vn -0.5568 0.7641 0.3258
vn -0.5822 0.7483 0.3180
vn -0.5860 0.7385 0.3336
vn -0.6461 0.6689 0.3676
vn -0.6305 0.7162 0.2990
vn -0.6772 0.7162 0.1686
vn -0.6135 0.7771 0.1403
vn -0.6409 0.7409 0.2010
vn -0.6644 0.7217 0.1942
vn -0.6852 0.6835 0.2516
vn -0.6518 0.7089 0.2695
vn -0.6739 0.6500 0.3513
vn -0.6652 0.6616 0.3462
vn -0.6673 0.6528 0.3586
vn -0.6370 0.6500 0.4144
vn -0.7011 0.6689 0.2470
vn -0.7346 0.6403 0.2244
vn -0.7235 0.6529 0.2240
vn -0.5834 0.8066 -0.0953
vn -0.6339 0.7729 -0.0272
vn -0.6349 0.7724 0.0176
vn -0.6435 0.7648 0.0312
vn -0.6224 0.7741 0.1157
vn -0.6010 0.7953 0.0787
vn -0.6934 0.7146 0.0924
vn -0.6083 0.7915 0.0595
vn -0.6317 0.7712 0.0784
vn -0.6122 0.7875 0.0710
vn -0.6507 0.7460 0.1418
vn -0.5850 0.8029 0.1145
vn -0.6263 0.7535 0.1998
vn -0.5659 0.8185 -0.0988
vn -0.5118 0.8483 -0.1357
vn -0.5921 0.8050 -0.0386
vn -0.5403 0.8378 -0.0786
vn -0.6135 0.7894 0.0212
vn -0.5626 0.8264 -0.0229
vn -0.6045 0.7956 0.0396
vn -0.4134 0.8836 0.2199
vn -0.3850 0.9092 0.1587
vn -0.4043 0.9068 0.1193
vn -0.3742 0.9185 0.1278
vn -0.3993 0.9148 -0.0603
vn -0.2684 0.9559 -0.1196
vn -0.2672 0.9574 -0.1093
vn -0.3332 0.9374 -0.1015
vn -0.3071 0.9430 -0.1283
vn -0.3050 0.9487 -0.0832
vn -0.4006 0.9130 -0.0767
vn -0.3751 0.9210 -0.1048
vn -0.3755 0.9189 -0.1211
vn -0.3484 0.9256 -0.1482
vn -0.3478 0.9231 -0.1640
vn -0.3186 0.9286 -0.1904
vn -0.3172 0.9259 -0.2050
vn -0.2879 0.9299 -0.2289
vn -0.2857 0.9270 -0.2432
vn -0.2571 0.9296 -0.2642
vn -0.2543 0.9266 -0.2771
vn -0.5446 0.8125 0.2080
vn -0.5933 0.7638 0.2541
vn -0.5421 0.8288 0.1386
vn -0.5994 0.7782 0.1876
vn -0.5279 0.8475 0.0559
vn -0.5923 0.7990 0.1039
vn -0.5158 0.8566 -0.0124
vn -0.5614 0.8271 0.0256
vn -0.4950 0.8665 -0.0635
vn -0.5415 0.8402 -0.0285
vn -0.4691 0.8755 -0.1156
vn -0.5174 0.8517 -0.0833
vn -0.4399 0.8824 -0.1668
vn -0.4873 0.8621 -0.1390
vn -0.4069 0.8875 -0.2162
vn -0.4536 0.8701 -0.1926
vn -0.3730 0.8901 -0.2618
vn -0.5849 0.7667 -0.2645
vn -0.5186 0.8008 -0.2996
vn -0.6222 0.7567 -0.2009
vn -0.5569 0.7946 -0.2416
vn -0.6568 0.7423 -0.1327
vn -0.5930 0.7850 -0.1790
vn -0.6861 0.7248 -0.0625
vn -0.4813 0.8333 -0.2720
vn -0.5399 0.8062 -0.2419
vn -0.4431 0.8364 -0.3225
vn -0.5002 0.8130 -0.2981
vn -0.4053 0.8370 -0.3677
vn -0.4610 0.8162 -0.3482
vn -0.3699 0.8351 -0.4071
vn -0.3304 0.8586 -0.3919
vn -0.3522 0.8556 -0.3793
vn -0.3636 0.8606 -0.3565
vn -0.3897 0.8562 -0.3393
vn -0.3997 0.8606 -0.3155
vn -0.4275 0.8546 -0.2948
vn -0.4363 0.8586 -0.2692
vn -0.4967 0.8403 -0.2173
vn -0.5182 0.8274 -0.2166
vn -0.6116 0.7826 -0.1160
vn -0.6253 0.7721 -0.1134
vn -0.7094 0.7048 0.0080
vn -0.1864 0.7466 -0.6386
vn -0.0427 0.7210 -0.6916
vn -0.0913 0.7304 -0.6769
vn -0.0974 0.6780 -0.7286
vn -0.2188 0.6638 -0.7152
vn -0.2326 0.6068 -0.7600
vn -0.2809 0.7679 -0.5756
vn -0.1628 0.7807 -0.6033
vn -0.1419 0.8187 -0.5565
vn 0.0345 0.7818 -0.6226
vn 0.0812 0.8068 -0.5852
vn -0.0291 0.8071 -0.5897
vn -0.2938 0.8582 -0.4209
vn -0.2070 0.8645 -0.4579
vn -0.1505 0.8993 -0.4106
vn -0.0884 0.8984 -0.4301
vn -0.0896 0.8080 -0.5823
vn -0.0116 0.8117 -0.5840
vn -0.0101 0.8620 -0.5068
vn 0.0915 0.8601 -0.5018
vn 0.0226 0.8756 -0.4825
vn -0.2370 0.7508 -0.6166
vn -0.1287 0.7631 -0.6334
vn -0.1080 0.8213 -0.5603
vn -0.0640 0.8146 -0.5765
vn -0.0504 0.8638 -0.5013
vn 0.0042 0.8652 -0.5015
vn 0.0049 0.9079 -0.4191
vn 0.0478 0.9075 -0.4173
vn 0.0838 0.9022 -0.4231
vn -0.1800 0.9484 -0.2611
vn -0.1529 0.9503 -0.2713
vn -0.2083 0.9498 -0.2336
vn -0.1786 0.9525 -0.2466
vn -0.2382 0.9500 -0.2018
vn -0.2052 0.9540 -0.2185
vn -0.2675 0.9490 -0.1669
vn -0.2317 0.9545 -0.1875
vn -0.2693 0.9507 -0.1535
vn -0.3833 0.9226 0.0442
vn -0.4039 0.9141 0.0353
vn -0.3247 0.9457 0.0130
vn -0.3422 0.9396 0.0055
vn -0.2674 0.9635 -0.0127
vn -0.2821 0.9592 -0.0190
vn -0.2709 0.9599 0.0714
vn -0.3143 0.9373 0.1507
vn -0.3725 0.9114 0.1752
vn -0.4059 0.8765 0.2587
vn -0.4539 0.8449 0.2831
vn -0.4733 0.8040 0.3599
vn -0.5140 0.7674 0.3832
vn -0.5185 0.7427 0.4237
vn -0.4863 0.7609 0.4295
vn -0.4859 0.7669 0.4194
vn -0.4691 0.7758 0.4220
vn -0.4688 0.7915 0.3922
vn -0.5293 0.7337 0.4260
vn -0.1804 0.9836 0.0006
vn -0.1565 0.9876 -0.0156
vn -0.2016 0.9782 0.0494
vn -0.1766 0.9838 0.0301
vn -0.2153 0.9720 0.0939
vn -0.2803 0.9526 0.1181
vn -0.3148 0.9297 0.1911
vn -0.3707 0.9031 0.2169
vn -0.3953 0.8717 0.2895
vn -0.4433 0.8392 0.3151
vn -0.4530 0.8147 0.3620
vn -0.4219 0.8293 0.3665
vn -0.4224 0.8272 0.3706
vn -0.4061 0.8344 0.3726
vn -0.4047 0.8423 0.3561
vn -0.4683 0.7923 0.3912
vn -0.3996 0.9100 0.1106
vn -0.4204 0.9014 0.1034
vn -0.3450 0.9354 0.0772
vn -0.3636 0.9288 0.0708
vn -0.2685 0.9624 0.0409
vn -0.2823 0.9593 0.0079
vn -0.2517 0.9676 0.0186
vn -0.2126 0.9766 -0.0335
vn -0.2175 0.9728 -0.0798
vn -0.1892 0.9757 -0.1102
vn -0.0559 0.9874 -0.1481
vn -0.0688 0.9876 -0.1411
vn -0.0970 0.9886 -0.1150
vn -0.1065 0.9883 -0.1092
vn -0.1133 0.9894 -0.0908
vn -0.4715 0.8465 0.2473
vn -0.4546 0.8667 0.2054
vn -0.4774 0.8559 0.1986
vn -0.4532 0.8790 0.1483
vn -0.4764 0.8680 0.1400
vn -0.4422 0.8933 0.0804
vn -0.4652 0.8824 0.0704
vn -0.4194 0.9078 0.0036
vn -0.3712 0.9285 -0.0091
vn -0.3739 0.9272 -0.0227
vn -0.3086 0.9505 -0.0371
vn -0.3110 0.9492 -0.0484
vn -0.2483 0.9668 -0.0596
vn -0.2390 0.9708 -0.0210
vn -0.2240 0.9738 -0.0385
vn -0.1494 0.9874 -0.0515
vn -0.1299 0.9895 -0.0627
vn -0.4166 0.9091 0.0014
vn -0.4214 0.9063 -0.0335
vn -0.3531 0.9343 -0.0484
vn -0.3550 0.9328 -0.0619
vn -0.2895 0.9544 -0.0732
vn -0.2912 0.9530 -0.0837
vn -0.2131 0.9725 -0.0938
vn -0.1808 0.9754 -0.1260
vn -0.1684 0.9738 -0.1526
vn -0.1645 0.9742 -0.1548
vn -0.1223 0.9741 -0.1900
vn -0.1388 0.9735 -0.1819
vn -0.1000 0.9722 -0.2116
vn -0.1133 0.9720 -0.2059
vn -0.0777 0.9699 -0.2306
vn -0.0891 0.9699 -0.2265
vn -0.0573 0.9674 -0.2465
vn -0.0669 0.9676 -0.2436
vn -0.0391 0.9650 -0.2595
vn -0.0465 0.9651 -0.2577
vn -0.0222 0.9626 -0.2701
vn 0.0519 0.9738 -0.2215
vn 0.0473 0.9742 -0.2209
vn 0.0402 0.9753 -0.2174
vn 0.0363 0.9756 -0.2166
vn 0.0266 0.9771 -0.2113
vn 0.0229 0.9773 -0.2104
vn 0.0099 0.9792 -0.2026
vn 0.0074 0.9794 -0.2019
vn -0.0093 0.9816 -0.1908
vn -0.0101 0.9816 -0.1906
vn -0.0297 0.9839 -0.1764
vn -0.0293 0.9839 -0.1766
vn -0.0500 0.9858 -0.1603
vn -0.2500 0.9125 -0.3238
vn -0.1797 0.9148 -0.3618
vn -0.1069 0.9407 -0.3219
vn -0.0687 0.9385 -0.3384
vn -0.0034 0.9587 -0.2845
vn 0.0119 0.9569 -0.2900
vn 0.0687 0.9719 -0.2250
vn 0.0685 0.9720 -0.2249
vn 0.1166 0.9817 -0.1508
vn 0.1049 0.9834 -0.1478
vn 0.1427 0.9873 -0.0702
vn 0.1353 0.9884 -0.0685
vn -0.3137 0.7744 -0.5495
vn -0.2056 0.7876 -0.5809
vn -0.1712 0.8321 -0.5276
vn -0.0921 0.8357 -0.5414
vn -0.0710 0.8727 -0.4830
vn -0.0231 0.8735 -0.4863
vn -0.0129 0.9098 -0.4148
vn 0.0159 0.9099 -0.4145
vn 0.0160 0.9448 -0.3274
vn 0.0699 0.9432 -0.3248
vn 0.0715 0.9429 -0.3253
vn 0.0199 0.9532 -0.3017
vn 0.0307 0.9523 -0.3038
vn 0.0602 0.9726 -0.2245
vn 0.0525 0.9732 -0.2237
vn 0.0696 0.9884 -0.1346
vn 0.0464 0.9899 -0.1336
vn 0.0518 0.9975 -0.0483
vn 0.0414 0.9983 -0.0422
vn -0.1942 0.9069 -0.3739
vn -0.1339 0.9070 -0.3992
vn -0.0724 0.9349 -0.3476
vn -0.0405 0.9328 -0.3581
vn 0.0129 0.9556 -0.2944
vn 0.0246 0.9544 -0.2975
vn 0.0693 0.9720 -0.2244
vn 0.0671 0.9723 -0.2239
vn 0.1036 0.9843 -0.1430
vn 0.0873 0.9863 -0.1400
vn 0.1107 0.9920 -0.0605
vn 0.1092 0.9923 -0.0580
vn 0.1438 0.9867 -0.0759
vn 0.1497 0.9853 -0.0817
vn 0.1089 0.9824 -0.1518
vn 0.1207 0.9805 -0.1552
vn 0.0669 0.9721 -0.2250
vn 0.0659 0.9722 -0.2247
vn 0.0030 0.9585 -0.2850
vn -0.0153 0.9606 -0.2775
vn -0.0866 0.9415 -0.3257
vn -0.1289 0.9436 -0.3050
vn -0.2067 0.9181 -0.3382
vn -0.0522 0.9882 0.1440
vn -0.1400 0.9724 0.1868
vn -0.1273 0.9801 0.1521
vn -0.1414 0.9757 0.1672
vn -0.1253 0.9838 0.1281
vn -0.1415 0.9794 0.1444
vn -0.1215 0.9874 0.1009
vn -0.1383 0.9835 0.1167
vn -0.1142 0.9910 0.0700
vn -0.1317 0.9876 0.0852
vn -0.1033 0.9940 0.0363
vn -0.1196 0.9916 0.0491
vn -0.0874 0.9962 -0.0000
vn -0.1017 0.9948 0.0100
vn -0.0663 0.9971 -0.0376
vn -0.0767 0.9966 -0.0313
vn -0.0398 0.9964 -0.0748
vn -0.0448 0.9964 -0.0722
vn -0.0089 0.9940 -0.1092
vn -0.0063 0.9939 -0.1102
vn 0.0169 0.9913 -0.1307
vn 0.0230 0.9908 -0.1337
vn 0.0340 0.9892 -0.1428
vn 0.0426 0.9883 -0.1464
vn 0.0507 0.9870 -0.1525
vn 0.0605 0.9859 -0.1562
vn 0.0652 0.9851 -0.1594
vn 0.0774 0.9835 -0.1632
vn 0.0788 0.9833 -0.1641
vn 0.0920 0.9816 -0.1674
vn 0.0905 0.9819 -0.1665
vn 0.1035 0.9802 -0.1691
vn 0.0992 0.9810 -0.1668
vn 0.1124 0.9793 -0.1686
vn 0.1060 0.9805 -0.1656
vn 0.1182 0.9789 -0.1666
vn 0.1102 0.9804 -0.1632
vn 0.1215 0.9790 -0.1635
vn 0.1117 0.9808 -0.1597
vn -0.2208 0.9101 -0.3508
vn -0.1559 0.9110 -0.3818
vn -0.0886 0.9378 -0.3357
vn -0.0537 0.9356 -0.3490
vn 0.0057 0.9570 -0.2899
vn 0.0194 0.9556 -0.2942
vn 0.0701 0.9719 -0.2248
vn 0.0689 0.9720 -0.2245
vn 0.1111 0.9829 -0.1468
vn 0.0987 0.9846 -0.1440
vn 0.1298 0.9893 -0.0674
vn 0.1236 0.9904 -0.0616
vn -0.2291 0.8572 -0.4612
vn -0.1791 0.8507 -0.4942
vn -0.1277 0.8907 -0.4364
vn -0.0618 0.8903 -0.4512
vn -0.0306 0.9211 -0.3882
vn 0.0006 0.9199 -0.3920
vn 0.0200 0.9486 -0.3157
vn 0.0248 0.9484 -0.3160
vn 0.0328 0.9725 -0.2304
vn 0.0273 0.9727 -0.2305
vn 0.0265 0.9903 -0.1362
vn 0.0093 0.9905 -0.1369
vn 0.1024 0.9819 -0.1594
vn 0.0324 0.9986 -0.0406
vn 0.0274 0.9988 -0.0408
vn 0.0284 0.9904 -0.1352
vn 0.0451 0.9898 -0.1349
vn 0.0381 0.9734 -0.2259
vn 0.0487 0.9728 -0.2263
vn 0.0305 0.9504 -0.3094
vn 0.0209 0.9510 -0.3083
vn -0.0097 0.9248 -0.3803
vn -0.0240 0.9257 -0.3775
vn -0.0412 0.9296 -0.3662
vn -0.6984 0.7152 0.0269
vn -0.6521 0.7567 -0.0468
vn -0.6400 0.7668 -0.0500
vn -0.5521 0.8188 -0.1576
vn -0.5326 0.8311 -0.1600
vn -0.4444 0.8620 -0.2438
vn -0.4173 0.8757 -0.2429
vn -0.3612 0.8874 -0.2864
vn -0.3544 0.8834 -0.3066
vn -0.3273 0.8873 -0.3250
vn -0.3193 0.8828 -0.3446
vn -0.2943 0.8855 -0.3596
vn -0.2856 0.8808 -0.3776
vn -0.3622 0.8701 -0.3343
vn -0.2738 0.8669 -0.4165
vn -0.2328 0.8694 -0.4358
vn -0.1706 0.9033 -0.3937
vn -0.1151 0.9030 -0.4140
vn -0.0597 0.9320 -0.3576
vn -0.0305 0.9301 -0.3659
vn 0.0168 0.9544 -0.2981
vn 0.0280 0.9533 -0.3007
vn 0.0669 0.9723 -0.2240
vn 0.0627 0.9728 -0.2232
vn 0.0908 0.9863 -0.1378
vn 0.0687 0.9884 -0.1353
vn 0.0835 0.9953 -0.0487
vn 0.0596 0.9973 -0.0437
vn -0.6758 0.0234 0.7367
vn -0.6782 0.0305 0.7343
vn -0.6705 0.0259 0.7415
vn -0.6681 0.0238 0.7437
vn -0.6707 0.0202 0.7415
vn -0.6706 0.0202 0.7415
vn -0.7119 -0.0114 0.7022
vn -0.7116 -0.0116 0.7025
vn -0.7718 0.0368 0.6348
vn -0.7718 0.0084 0.6358
vn -0.8440 0.0913 0.5286
vn -0.8440 0.0919 0.5285
vn -0.6757 0.0233 0.7368
vn -0.7074 0.0139 0.7067
vn -0.7068 0.0557 0.7052
vn -0.7421 0.0521 0.6682
vn -0.7705 0.0848 0.6318
vn -0.7713 0.0485 0.6346
vn -0.7076 0.1613 0.6880
vn -0.5540 0.7481 0.3652
vn -0.6108 0.6840 0.3987
vn -0.6416 0.6099 0.4652
vn -0.6586 0.5826 0.4762
vn -0.6763 0.5019 0.5391
vn -0.7449 0.1622 0.6472
vn -0.7670 0.1981 0.6103
vn -0.7702 0.1710 0.6145
vn -0.8547 0.3161 0.4119
vn -0.8793 0.3284 0.3450
vn -0.8814 0.3818 0.2781
vn -0.8887 0.3598 0.2841
vn -0.8571 0.2004 0.4746
vn -0.8779 0.2639 0.3996
vn -0.8830 0.2361 0.4056
vn -0.8985 0.3339 0.2849
vn -0.9059 0.3071 0.2915
vn -0.7818 0.3820 0.4928
vn -0.7863 0.4126 0.4600
vn -0.8119 0.3859 0.4381
vn -0.8317 0.4502 0.3250
vn -0.8080 0.5279 0.2617
vn -0.8191 0.4377 0.3709
vn -0.8151 0.4474 0.3679
vn -0.8205 0.4161 0.3920
vn -0.8412 0.4267 0.3321
vn -0.8362 0.4789 0.2673
vn -0.8415 0.4673 0.2710
vn -0.8307 0.5408 0.1320
vn -0.8598 0.4888 0.1480
vn -0.8452 0.5255 0.0971
vn -0.7807 0.3291 0.5312
vn -0.7873 0.3554 0.5038
vn -0.8118 0.3294 0.4822
vn -0.8191 0.3690 0.4392
vn -0.8446 0.3410 0.4128
vn -0.8494 0.4130 0.3285
vn -0.8553 0.3967 0.3332
vn -0.8420 0.4984 0.2066
vn -0.8275 0.5255 0.1977
vn -0.8336 0.5338 0.1417
vn -0.7769 0.6139 0.1399
vn -0.7442 0.6675 -0.0247
vn -0.7324 0.6808 -0.0067
vn -0.7739 0.6333 0.0079
vn -0.7619 0.6472 0.0266
vn -0.8001 0.5984 0.0418
vn -0.7202 0.6868 -0.0985
vn -0.7099 0.6998 -0.0789
vn -0.7536 0.6539 -0.0671
vn -0.7432 0.6674 -0.0468
vn -0.7837 0.6202 -0.0340
vn -0.7731 0.6341 -0.0130
vn -0.8116 0.5842 0.0010
vn -0.7389 0.4974 0.4545
vn -0.7387 0.5248 0.4230
vn -0.7655 0.4998 0.4051
vn -0.7621 0.5386 0.3592
vn -0.7900 0.5118 0.3377
vn -0.7754 0.5783 0.2538
vn -0.7757 0.5778 0.2540
vn -0.7373 0.6612 0.1386
vn -0.7404 0.6575 0.1400
vn -0.6796 0.5381 0.4985
vn -0.7136 0.5422 0.4436
vn -0.6965 0.5570 0.4523
vn -0.6954 0.5793 0.4253
vn -0.7218 0.5568 0.4110
vn -0.7180 0.5872 0.3736
vn -0.7459 0.5626 0.3564
vn -0.7367 0.6041 0.3039
vn -0.7652 0.5781 0.2833
vn -0.7402 0.6434 0.1950
vn -0.7207 0.6681 0.1850
vn -0.7561 0.6355 0.1564
vn -0.6819 0.7211 0.1222
vn -0.8487 0.0532 0.5262
vn -0.9421 0.0206 0.3347
vn -0.9335 0.0112 0.3584
vn -0.8188 -0.0147 0.5739
vn -0.8186 -0.0149 0.5742
vn -0.8961 0.0343 0.4425
vn -0.8831 0.0053 0.4692
vn -0.8830 0.0052 0.4694
vn -0.9717 0.1174 0.2051
vn -0.9713 0.2041 0.1223
vn -0.9556 0.1146 0.2714
vn -0.9606 0.1993 0.1939
vn -0.9507 0.2516 0.1815
vn -0.9339 0.1558 0.3218
vn -0.9293 0.1910 0.3160
vn -0.9696 0.0586 0.2375
vn -0.9636 0.0473 0.2630
vn -0.9481 0.0553 0.3132
vn -0.9429 0.0472 0.3296
vn -0.9134 0.0571 0.4031
vn -0.9197 0.0786 0.3846
vn -0.8879 0.0352 0.4587
vn -0.8863 0.0930 0.4537
vn -0.8659 0.0631 0.4963
vn -0.9421 0.0147 0.3350
vn -0.9714 -0.0015 0.2376
vn -0.9804 -0.0257 0.1954
vn -0.9986 0.0104 0.0510
vn -0.9949 0.0185 -0.0988
vn -0.9951 0.0183 -0.0975
vn -0.9893 0.0082 -0.1456
vn -0.9945 0.0031 -0.1044
vn -0.9685 0.0147 -0.2486
vn -0.9418 0.0203 0.3355
vn -0.9482 0.0199 0.3171
vn -0.9583 0.0091 0.2856
vn -0.9711 0.0250 0.2372
vn -0.9806 0.0097 0.1959
vn -0.9930 0.0324 0.1138
vn -0.9932 0.0225 0.1140
vn -0.9984 0.0558 0.0004
vn -0.9988 0.0484 0.0006
vn -0.9879 0.0883 -0.1272
vn -0.9967 0.0813 0.0035
vn -0.9962 0.0611 0.0613
vn -0.9879 0.0548 0.1450
vn -0.9907 0.0762 0.1130
vn -0.9819 0.0485 0.1830
vn -0.9686 0.0847 -0.2336
vn -0.9873 0.0607 -0.1468
vn -0.9872 0.0623 -0.1469
vn -0.9994 0.0299 -0.0178
vn -0.9992 0.0347 -0.0179
vn -0.9804 0.0204 0.1959
vn -0.9913 0.0367 0.1266
vn -0.9916 0.0247 0.1268
vn -0.9985 0.0186 0.0522
vn -0.9983 0.0258 0.0520
vn -0.9959 0.0586 -0.0690
vn -0.9962 0.0541 -0.0689
vn -0.9744 0.0937 -0.2043
vn -0.7612 0.0151 0.6483
vn -0.8075 0.0105 0.5898
vn -0.8074 0.0006 0.5901
vn -0.8489 0.0453 0.5266
vn -0.8867 0.0371 0.4608
vn -0.8958 0.0477 0.4419
vn -0.9140 0.0126 0.4056
vn -0.9332 0.0351 0.3575
vn -0.9488 0.0250 0.3147
vn -0.9579 0.0374 0.2847
vn -0.9707 0.0255 0.2391
vn -0.9799 0.0414 0.1950
vn -0.9889 0.0273 0.1461
vn -0.9966 0.0535 0.0628
vn -0.9970 0.0442 0.0631
vn -0.9946 0.0851 -0.0601
vn -0.9686 0.0145 -0.2484
vn -0.9688 0.0145 -0.2476
vn -0.9303 0.0093 -0.3666
vn -0.8823 0.0084 -0.4706
vn -0.8025 0.0195 -0.5963
vn -0.7984 0.0199 -0.6018
vn -0.8404 0.0284 -0.5412
vn -0.8818 0.0199 -0.4712
vn -0.8478 0.0247 -0.5298
vn -0.8472 0.0426 -0.5295
vn -0.7827 0.0535 -0.6201
vn -0.3407 0.0203 -0.9400
vn -0.2886 0.0268 -0.9571
vn -0.2863 0.0268 -0.9578
vn -0.1965 0.0209 -0.9803
vn -0.1374 0.0273 -0.9901
vn -0.1352 0.0273 -0.9904
vn -0.0333 0.0212 -0.9992
vn 0.0367 0.0290 -0.9989
vn 0.0357 0.0290 -0.9989
vn -0.5781 0.0223 -0.8157
vn -0.5789 0.0223 -0.8151
vn -0.4674 0.0208 -0.8838
vn -0.4394 0.0258 -0.8979
vn -0.4389 0.0258 -0.8982
vn -0.5554 0.0440 -0.8304
vn -0.4658 0.0484 -0.8836
vn -0.5619 0.0612 -0.8250
vn -0.4664 0.0668 -0.8821
vn -0.4575 0.0655 -0.8868
vn -0.3398 0.0703 -0.9379
vn -0.3345 0.0695 -0.9398
vn -0.1959 0.0731 -0.9779
vn -0.1907 0.0723 -0.9790
vn -0.0331 0.0740 -0.9967
vn -0.1897 0.1211 -0.9743
vn -0.3239 0.1159 -0.9390
vn -0.3329 0.1170 -0.9357
vn -0.4424 0.1104 -0.8900
vn -0.4555 0.1118 -0.8832
vn -0.5450 0.1042 -0.8319
vn -0.5596 0.1056 -0.8220
vn -0.6486 0.0955 -0.7551
vn -0.6513 0.0379 -0.7578
vn -0.6961 0.0395 -0.7168
vn 0.0058 0.0925 -0.9957
vn 0.0056 0.1232 -0.9924
vn -0.0324 0.1230 -0.9919
vn -0.0322 0.1722 -0.9845
vn -0.1800 0.1687 -0.9691
vn -0.1782 0.2174 -0.9597
vn -0.7994 0.0335 -0.5999
vn -0.7225 0.0359 -0.6905
vn -0.7185 0.1067 -0.6872
vn -0.5145 0.1358 -0.8467
vn -0.6053 0.1402 -0.7835
vn -0.5417 0.1490 -0.8273
vn -0.5243 0.1479 -0.8386
vn -0.4395 0.1570 -0.8844
vn -0.4251 0.1559 -0.8916
vn -0.3216 0.1640 -0.9326
vn -0.9064 0.1087 0.4082
vn -0.9085 0.0604 0.4134
vn -0.9374 0.1107 0.3303
vn -0.9208 0.0450 0.3874
vn -0.9566 0.1117 0.2691
vn -0.9430 0.0458 0.3297
vn -0.9736 0.1142 0.1977
vn -0.9636 0.0471 0.2630
vn -0.9864 0.1172 0.1151
vn -0.9818 0.0511 0.1828
vn -0.9928 0.1106 0.0454
vn -0.9915 0.0638 0.1136
vn -0.9935 0.1134 -0.0072
vn -0.9958 0.0680 0.0609
vn -0.9909 0.1175 -0.0657
vn -0.9974 0.0724 0.0039
vn -0.9845 0.1210 -0.1270
vn -0.9951 0.0787 -0.0598
vn -0.9731 0.1258 -0.1932
vn -0.9883 0.0849 -0.1271
vn -0.9545 0.1319 -0.2673
vn -0.9744 0.0935 -0.2043
vn -0.9509 0.1195 -0.2856
vn -0.9547 0.0829 -0.2858
vn -0.9396 0.0941 -0.3292
vn -0.9892 0.1466 0.0020
vn -0.9861 0.1633 -0.0322
vn -0.9821 0.1607 -0.0984
vn -0.9002 0.2075 -0.3829
vn -0.8552 0.2170 -0.4708
vn -0.8501 0.2394 -0.4690
vn -0.9332 0.1934 -0.3028
vn -0.8836 0.2368 -0.4040
vn -0.8851 0.2306 -0.4044
vn -0.8228 0.2721 -0.4989
vn -0.8239 0.2681 -0.4994
vn -0.9855 0.1472 -0.0842
vn -0.9746 0.1734 -0.1416
vn -0.9630 0.1681 -0.2105
vn -0.9667 0.1587 -0.2007
vn -0.9314 0.2019 -0.3027
vn -0.9494 0.1668 -0.2660
vn -0.9056 0.2089 -0.3690
vn -0.9261 0.1751 -0.3343
vn -0.8911 0.2035 -0.4057
vn -0.8980 0.1658 -0.4075
vn -0.8870 0.1730 -0.4282
vn -0.8934 0.1301 -0.4301
vn -0.8540 0.1499 -0.4983
vn -0.8837 0.1281 -0.4502
vn -0.8252 0.1544 -0.5433
vn -0.8548 0.1353 -0.5010
vn -0.7911 0.1600 -0.5904
vn -0.4213 0.2030 -0.8839
vn -0.4989 0.1932 -0.8449
vn -0.5200 0.1938 -0.8319
vn -0.5776 0.1845 -0.7952
vn -0.6006 0.1846 -0.7779
vn -0.6719 0.1700 -0.7209
vn -0.6772 0.1183 -0.7262
vn -0.8204 0.0884 -0.5649
vn -0.7808 0.0867 -0.6188
vn -0.8290 0.0759 -0.5540
vn -0.8305 0.0506 -0.5547
vn -0.8871 0.0386 -0.4600
vn -0.8877 0.0169 -0.4601
vn -0.9311 0.0087 -0.3646
vn 0.1881 0.0914 -0.9779
vn -0.0497 0.1715 -0.9839
vn -0.0293 0.1718 -0.9847
vn -0.0292 0.2207 -0.9749
vn -0.1711 0.2166 -0.9612
vn -0.1691 0.2650 -0.9493
vn -0.9986 0.0104 0.0511
vn -0.9984 0.0059 -0.0554
vn -0.9983 0.0152 -0.0555
vn -0.9888 0.0322 -0.1457
vn -0.9822 0.0262 -0.1860
vn -0.9679 0.0367 -0.2486
vn -0.9576 0.0301 -0.2866
vn -0.9295 0.0422 -0.3664
vn -0.9164 0.0355 -0.3986
vn -0.8710 0.0477 -0.4889
vn -0.8698 0.0695 -0.4884
vn -0.8099 0.0855 -0.5804
vn -0.8076 0.1117 -0.5790
vn -0.7326 0.1309 -0.6680
vn -0.7291 0.1607 -0.6652
vn -0.6448 0.1808 -0.7426
vn -0.6402 0.2144 -0.7377
vn -0.5718 0.2298 -0.7876
vn -0.5453 0.2305 -0.8060
vn -0.4935 0.2397 -0.8361
vn -0.8102 0.2264 -0.5407
vn -0.9986 0.0191 0.0502
vn -0.9994 0.0238 0.0253
vn -0.9996 0.0114 0.0254
vn -0.9945 0.0371 -0.0976
vn -0.9946 0.0355 -0.0976
vn -0.9809 0.0560 -0.1862
vn -0.9710 0.0518 -0.2336
vn -0.9560 0.0631 -0.2865
vn -0.9424 0.0581 -0.3296
vn -0.9145 0.0715 -0.3982
vn -0.8974 0.0658 -0.4363
vn -0.8496 0.0812 -0.5212
vn -0.8476 0.1045 -0.5203
vn -0.7827 0.1244 -0.6098
vn -0.7796 0.1511 -0.6077
vn -0.7011 0.1734 -0.6916
vn -0.6967 0.2043 -0.6876
vn -0.6101 0.2266 -0.7592
vn -0.6063 0.2507 -0.7547
vn -0.5400 0.2659 -0.7985
vn -0.5557 0.2679 -0.7870
vn -0.7019 0.2897 -0.6507
vn -0.7653 0.2845 -0.5774
vn -0.7469 0.2781 -0.6039
vn -0.7545 0.2444 -0.6091
vn -0.7490 0.2422 -0.6167
vn -0.7821 0.2176 -0.5839
vn -0.7464 0.2321 -0.6238
vn -0.7084 0.2315 -0.6667
vn -0.7020 0.2646 -0.6612
vn -0.6849 0.2574 -0.6816
vn -0.6759 0.2994 -0.6735
vn -0.6068 0.2996 -0.7362
vn -0.6335 0.3093 -0.7092
vn -0.3573 0.2958 -0.8859
vn -0.3763 0.2962 -0.8779
vn -0.3815 0.2488 -0.8902
vn -0.3926 0.3099 -0.8659
vn -0.2748 0.3053 -0.9117
vn -0.2787 0.2572 -0.9253
vn -0.2925 0.2583 -0.9207
vn -0.2959 0.2101 -0.9318
vn -0.7494 0.3074 -0.5865
vn -0.7494 0.3075 -0.5864
vn -0.7788 0.2778 -0.5624
vn -0.7784 0.2793 -0.5622
vn -0.8058 0.2498 -0.5368
vn -0.8073 0.2433 -0.5376
vn -0.8509 0.2044 -0.4839
vn -0.8563 0.1750 -0.4859
vn -0.8162 0.1946 -0.5440
vn -0.8508 0.1709 -0.4969
vn -0.7853 0.2003 -0.5858
vn -0.8217 0.1778 -0.5414
vn -0.7512 0.2057 -0.6272
vn -0.7873 0.1856 -0.5880
vn -0.7104 0.2122 -0.6711
vn -0.9122 0.2854 0.2939
vn -0.9190 0.2550 0.3007
vn -0.9098 0.1970 0.3653
vn -0.9262 0.2966 0.2328
vn -0.9227 0.3094 0.2299
vn -0.9334 0.3219 0.1586
vn -0.9318 0.3244 0.1630
vn -0.9143 0.3760 0.1509
vn -0.9246 0.3606 0.1226
vn -0.9010 0.4182 0.1155
vn -0.8896 0.4516 0.0681
vn -0.8990 0.4362 0.0392
vn -0.8580 0.1948 0.4753
vn -0.8825 0.1659 0.4400
vn -0.8749 0.2249 0.4290
vn -0.9033 0.2365 0.3579
vn -0.9018 0.2450 0.3561
vn -0.9105 0.3487 0.2222
vn -0.9051 0.3648 0.2182
vn -0.9140 0.3775 0.1488
vn -0.9116 0.3810 0.1545
vn -0.9041 0.4129 0.1101
vn -0.9140 0.3974 0.0812
vn -0.8960 0.4422 -0.0402
vn -0.9298 0.3648 0.0499
vn -0.7765 0.6145 0.1397
vn -0.8158 0.5404 0.2061
vn -0.7911 0.5980 0.1287
vn -0.8289 0.5395 0.1483
vn -0.8112 0.5768 0.0960
vn -0.8432 0.5258 0.1119
vn -0.8246 0.5625 0.0595
vn -0.8567 0.5104 0.0745
vn -0.8371 0.5467 0.0219
vn -0.6893 0.7038 -0.1719
vn -0.6813 0.7162 -0.1512
vn -0.7257 0.6729 -0.1431
vn -0.7174 0.6860 -0.1215
vn -0.7605 0.6397 -0.1117
vn -0.7516 0.6537 -0.0883
vn -0.7923 0.6052 -0.0772
vn -0.7833 0.6193 -0.0537
vn -0.8214 0.5689 -0.0413
vn -0.8230 0.5654 -0.0545
vn -0.8308 0.5504 -0.0825
vn -0.7931 0.6018 -0.0933
vn -0.8002 0.5877 -0.1196
vn -0.7602 0.6368 -0.1288
vn -0.7670 0.6227 -0.1546
vn -0.7251 0.6693 -0.1622
vn -0.7315 0.6558 -0.1868
vn -0.6872 0.7005 -0.1926
vn -0.6933 0.6874 -0.2161
vn -0.6480 0.7291 -0.2200
vn -0.7778 0.5937 -0.2062
vn -0.7799 0.5790 -0.2375
vn -0.7395 0.6286 -0.2409
vn -0.7411 0.6141 -0.2714
vn -0.6999 0.6601 -0.2726
vn -0.7012 0.6466 -0.3004
vn -0.6587 0.6902 -0.2996
vn -0.6787 0.6099 -0.4092
vn -0.6716 0.5944 -0.4422
vn -0.6391 0.6095 -0.4690
vn -0.6291 0.5933 -0.5022
vn -0.7149 0.6077 -0.3458
vn -0.7108 0.5927 -0.3787
vn -0.6719 0.6396 -0.3734
vn -0.6739 0.6470 -0.3567
vn -0.4438 0.7626 -0.4706
vn -0.5518 0.7316 -0.4003
vn -0.5621 0.7224 -0.4027
vn -0.6258 0.6972 -0.3498
vn -0.6578 0.6977 -0.2837
vn -0.6014 0.6789 -0.4211
vn -0.6312 0.6466 -0.4283
vn -0.5686 0.6710 -0.4759
vn -0.6524 0.6189 -0.4373
vn -0.5285 0.6669 -0.5254
vn -0.6102 0.6188 -0.4948
vn -0.4871 0.6610 -0.5708
vn -0.8029 0.5813 -0.1318
vn -0.8080 0.5667 -0.1613
vn -0.7683 0.6174 -0.1687
vn -0.7728 0.6032 -0.1972
vn -0.7319 0.6506 -0.2026
vn -0.7361 0.6365 -0.2304
vn -0.6929 0.6820 -0.2339
vn -0.6967 0.6688 -0.2595
vn -0.6528 0.7112 -0.2610
vn -0.6563 0.6985 -0.2852
vn -0.6304 0.7221 -0.2849
vn -0.5196 0.7658 -0.3789
vn -0.5047 0.7772 -0.3758
vn -0.4452 0.7934 -0.4152
vn -0.4238 0.7877 -0.4472
vn -0.4099 0.7906 -0.4550
vn -0.3870 0.7842 -0.4850
vn -0.3775 0.7859 -0.4897
vn -0.3531 0.7789 -0.5183
vn -0.3451 0.7802 -0.5217
vn -0.9483 0.3118 0.0601
vn -0.9411 0.3376 0.0204
vn -0.9469 0.3210 -0.0167
vn -0.9360 0.3470 -0.0585
vn -0.9389 0.3297 -0.0985
vn -0.9244 0.3547 -0.1404
vn -0.9238 0.3366 -0.1823
vn -0.9046 0.3617 -0.2257
vn -0.9002 0.3424 -0.2691
vn -0.8742 0.3687 -0.3161
vn -0.8660 0.3488 -0.3584
vn -0.8315 0.3762 -0.4088
vn -0.8194 0.3550 -0.4502
vn -0.9554 0.2761 0.1046
vn -0.9512 0.3013 0.0661
vn -0.9583 0.2842 0.0293
vn -0.9508 0.3096 -0.0115
vn -0.9551 0.2918 -0.0512
vn -0.9437 0.3173 -0.0939
vn -0.9446 0.2989 -0.1353
vn -0.9284 0.3248 -0.1807
vn -0.9256 0.3055 -0.2233
vn -0.9023 0.3331 -0.2737
vn -0.8955 0.3124 -0.3170
vn -0.8633 0.3414 -0.3717
vn -0.8526 0.3199 -0.4133
vn -0.9370 0.3489 0.0157
vn -0.9264 0.3756 -0.0256
vn -0.9312 0.3590 -0.0636
vn -0.9169 0.3850 -0.1053
vn -0.9184 0.3680 -0.1453
vn -0.9006 0.3927 -0.1864
vn -0.8985 0.3750 -0.2281
vn -0.8761 0.3994 -0.2701
vn -0.8702 0.3807 -0.3129
vn -0.8422 0.4050 -0.3559
vn -0.8326 0.3854 -0.3977
vn -0.7963 0.4110 -0.4438
vn -0.7831 0.3904 -0.4841
vn -0.9216 0.3871 -0.0300
vn -0.9074 0.4140 -0.0720
vn -0.9109 0.3976 -0.1104
vn -0.8935 0.4228 -0.1512
vn -0.8936 0.4063 -0.1905
vn -0.8725 0.4306 -0.2310
vn -0.8690 0.4133 -0.2721
vn -0.8437 0.4367 -0.3123
vn -0.8366 0.4186 -0.3535
vn -0.8066 0.4414 -0.3932
vn -0.7956 0.4220 -0.4346
vn -0.7586 0.4452 -0.4757
vn -0.7446 0.4255 -0.5143
vn -0.8771 0.4652 -0.1192
vn -0.8555 0.4919 -0.1619
vn -0.8566 0.4764 -0.1981
vn -0.8323 0.5006 -0.2380
vn -0.8301 0.4846 -0.2758
vn -0.8034 0.5066 -0.3129
vn -0.7977 0.4896 -0.3521
vn -0.7685 0.5098 -0.3867
vn -0.7593 0.4923 -0.4255
vn -0.7266 0.5115 -0.4587
vn -0.7144 0.4935 -0.4960
vn -0.6767 0.5124 -0.5287
vn -0.6615 0.4934 -0.5647
vn -0.9014 0.4265 -0.0750
vn -0.8831 0.4540 -0.1182
vn -0.8854 0.4380 -0.1555
vn -0.8648 0.4625 -0.1954
vn -0.8637 0.4459 -0.2348
vn -0.8398 0.4690 -0.2735
vn -0.8351 0.4520 -0.3136
vn -0.8076 0.4739 -0.3509
vn -0.7993 0.4560 -0.3914
vn -0.7676 0.4770 -0.4280
vn -0.7559 0.4583 -0.4675
vn -0.7188 0.4790 -0.5038
vn -0.7040 0.4594 -0.5416
vn -0.8836 0.1429 0.4459
vn -0.9149 0.1498 0.3749
vn -0.9147 0.1520 0.3746
vn -0.9380 0.2449 0.2454
vn -0.9445 0.2108 0.2519
vn -0.9483 0.2618 0.1796
vn -0.9567 0.2735 0.0994
vn -0.9575 0.2666 0.1102
vn -0.9655 0.2494 0.0748
vn -0.9610 0.2745 0.0343
vn -0.9665 0.2565 -0.0041
vn -0.9582 0.2821 -0.0474
vn -0.9607 0.2631 -0.0883
vn -0.9476 0.2894 -0.1350
vn -0.9465 0.2695 -0.1774
vn -0.9263 0.2981 -0.2305
vn -0.9212 0.2771 -0.2732
vn -0.8916 0.3076 -0.3323
vn -0.8823 0.2853 -0.3745
vn -0.8327 0.3227 -0.4500
vn -0.8274 0.3381 -0.4484
vn -0.7917 0.3340 -0.5115
vn -0.7738 0.3835 -0.5041
vn -0.7584 0.3617 -0.5422
vn -0.7373 0.4164 -0.5320
vn -0.7212 0.3953 -0.5690
vn -0.6988 0.4492 -0.5567
vn -0.6819 0.4283 -0.5929
vn -0.6589 0.4806 -0.5787
vn -0.6420 0.4607 -0.6128
vn -0.6183 0.5118 -0.5965
vn -0.6012 0.4925 -0.6293
vn -0.9688 0.2176 0.1182
vn -0.9671 0.2415 0.0794
vn -0.9740 0.2229 0.0416
vn -0.9687 0.2482 -0.0017
vn -0.9726 0.2289 -0.0415
vn -0.9626 0.2557 -0.0898
vn -0.9630 0.2355 -0.1311
vn -0.9461 0.2648 -0.1865
vn -0.9426 0.2431 -0.2290
vn -0.9160 0.2748 -0.2922
vn -0.9083 0.2521 -0.3337
vn -0.8623 0.2908 -0.4146
vn -0.8643 0.2841 -0.4150
vn -0.8004 0.3268 -0.5025
vn -0.8015 0.3236 -0.5029
vn -0.7282 0.3629 -0.5814
vn -0.7222 0.3803 -0.5778
vn -0.6795 0.3725 -0.6320
vn -0.6621 0.4223 -0.6191
vn -0.6441 0.4009 -0.6514
vn -0.6252 0.4524 -0.6360
vn -0.6069 0.4315 -0.6674
vn -0.5874 0.4821 -0.6500
vn -0.5695 0.4624 -0.6796
vn -0.5499 0.5110 -0.6606
vn -0.4627 0.3688 -0.8061
vn -0.4679 0.3416 -0.8151
vn -0.5191 0.3156 -0.7943
vn -0.5044 0.3141 -0.8043
vn -0.5080 0.2927 -0.8101
vn -0.6335 0.3745 -0.6771
vn -0.5438 0.4045 -0.7352
vn -0.5419 0.4114 -0.7328
vn -0.9786 0.1638 0.1245
vn -0.9852 0.1658 0.0441
vn -0.9846 0.1681 0.0483
vn -0.9808 0.1951 -0.0022
vn -0.9839 0.1738 -0.0411
vn -0.9738 0.2037 -0.1008
vn -0.9733 0.1816 -0.1402
vn -0.9534 0.2151 -0.2115
vn -0.9487 0.1913 -0.2517
vn -0.9115 0.2305 -0.3406
vn -0.9136 0.2219 -0.3409
vn -0.8592 0.2653 -0.4375
vn -0.8606 0.2600 -0.4379
vn -0.7934 0.3017 -0.5286
vn -0.7941 0.2993 -0.5289
vn -0.7176 0.3375 -0.6093
vn -0.7176 0.3374 -0.6093
vn -0.7127 0.3397 -0.6138
vn -0.6415 0.3463 -0.6846
vn -0.5755 0.3680 -0.7303
vn -0.5714 0.3837 -0.7255
vn -0.4930 0.4063 -0.7693
vn -0.5235 0.4170 -0.7430
vn -0.4517 0.4155 -0.7895
vn -0.4414 0.4578 -0.7717
vn -0.2727 0.4407 -0.8552
vn 0.0307 0.2085 -0.9775
vn 0.0305 0.2210 -0.9748
vn -0.0282 0.2206 -0.9750
vn -0.0282 0.2686 -0.9628
vn -0.1610 0.2641 -0.9510
vn -0.1578 0.3340 -0.9293
vn -0.1403 0.3364 -0.9312
vn -0.1361 0.4258 -0.8945
vn -0.4358 0.3873 -0.8124
vn -0.2013 0.4242 -0.8829
vn -0.1953 0.4867 -0.8515
vn -0.9370 0.1118 0.3309
vn -0.9371 0.1111 0.3310
vn -0.9519 0.1504 0.2668
vn -0.9396 0.0752 0.3340
vn -0.9676 0.1529 0.2009
vn -0.9591 0.0767 0.2726
vn -0.9797 0.1565 0.1252
vn -0.9764 0.0799 0.2007
vn -0.9862 0.1606 0.0399
vn -0.9894 0.0851 0.1176
vn -0.9875 0.1545 -0.0316
vn -0.9939 0.0998 0.0461
vn -0.9838 0.1579 -0.0847
vn -0.9945 0.1042 -0.0067
vn -0.9767 0.1616 -0.1412
vn -0.9917 0.1105 -0.0654
vn -0.9655 0.1660 -0.2008
vn -0.9850 0.1169 -0.1268
vn -0.9486 0.1717 -0.2660
vn -0.9733 0.1240 -0.1932
vn -0.9257 0.1773 -0.3343
vn -0.9543 0.1338 -0.2673
vn -0.9251 0.1616 -0.3437
vn -0.9310 0.1206 -0.3446
vn -0.9167 0.1307 -0.3776
vn -0.9211 0.0911 -0.3785
vn -0.8859 0.1087 -0.4509
vn -0.8944 0.1024 -0.4354
vn -0.8580 0.1066 -0.5024
vn -0.8234 0.1186 -0.5550
vn -0.8205 0.1431 -0.5534
vn -0.7482 0.1671 -0.6421
vn -0.7440 0.1953 -0.6389
vn -0.6628 0.2196 -0.7158
vn -0.6580 0.2478 -0.7110
vn -0.6169 0.2447 -0.7481
vn -0.6106 0.2799 -0.7408
vn -0.5945 0.2726 -0.7565
vn -0.5883 0.3048 -0.7490
vn -0.5722 0.2979 -0.7641
vn -0.5658 0.3295 -0.7559
vn -0.5488 0.3226 -0.7712
vn -0.5422 0.3536 -0.7622
vn -0.4290 0.3807 -0.8192
vn -0.4205 0.4227 -0.8028
vn -0.4724 0.4680 -0.7468
vn -0.4008 0.4665 -0.7885
vn -0.3903 0.5075 -0.7682
vn -0.4819 0.5498 -0.6823
vn -0.4153 0.5900 -0.6925
vn -0.5464 0.5513 -0.6306
vn -0.4711 0.5975 -0.6489
vn -0.6034 0.5529 -0.5746
vn -0.5226 0.6043 -0.6015
vn -0.4858 0.7177 -0.4989
vn -0.5620 0.6782 -0.4734
vn -0.4480 0.7122 -0.5404
vn -0.5211 0.6756 -0.5215
vn -0.4100 0.7054 -0.5783
vn -0.4793 0.6712 -0.5654
vn -0.3704 0.6976 -0.6133
vn -0.4091 0.6038 -0.6842
vn -0.3481 0.6373 -0.6876
vn -0.4651 0.6086 -0.6429
vn -0.3971 0.6459 -0.6520
vn -0.5171 0.6130 -0.5974
vn -0.7117 0.0226 0.7021
vn -0.7414 0.0522 0.6690
vn -0.7418 0.0167 0.6704
vn -0.8049 0.0881 0.5868
vn -0.8047 0.0922 0.5864
vn -0.8451 0.0934 0.5264
vn -0.8633 0.1228 0.4895
vn -0.8868 0.0928 0.4527
vn -0.9142 0.1452 0.3783
vn -0.9171 0.1101 0.3832
vn -0.9462 0.1947 0.2585
vn -0.9512 0.1593 0.2642
vn -0.9592 0.2069 0.1928
vn -0.9699 0.2152 0.1135
vn -0.9700 0.2105 0.1214
vn -0.9775 0.1922 0.0863
vn -0.9752 0.2173 0.0428
vn -0.9803 0.1975 0.0040
vn -0.9734 0.2244 -0.0454
vn -0.9753 0.2037 -0.0856
vn -0.9619 0.2330 -0.1429
vn -0.9600 0.2109 -0.1843
vn -0.9365 0.2438 -0.2521
vn -0.9304 0.2209 -0.2926
vn -0.8879 0.2607 -0.3790
vn -0.8898 0.2536 -0.3793
vn -0.8305 0.2968 -0.4714
vn -0.8320 0.2917 -0.4720
vn -0.7624 0.3319 -0.5556
vn -0.7630 0.3298 -0.5559
vn -0.6850 0.3663 -0.6297
vn -0.6844 0.3683 -0.6292
vn -0.6006 0.4007 -0.6919
vn -0.5947 0.4195 -0.6859
vn -0.5473 0.4074 -0.7311
vn -0.5322 0.4570 -0.7127
vn -0.5150 0.4378 -0.7370
vn -0.5001 0.4847 -0.7176
vn -0.4822 0.4653 -0.7423
vn -0.4725 0.4957 -0.7287
vn -0.3477 0.5263 -0.7759
vn -0.3369 0.5664 -0.7522
vn -0.0861 0.5792 -0.8107
vn -0.0879 0.5379 -0.8384
vn -0.2384 0.5002 -0.8325
vn -0.1119 0.4942 -0.8621
vn -0.1150 0.4288 -0.8961
vn -0.2337 0.4183 -0.8777
vn -0.2399 0.3537 -0.9041
vn -0.3303 0.3430 -0.8793
vn -0.3515 0.3433 -0.8710
vn 0.0949 0.2095 -0.9732
vn 0.0239 0.2689 -0.9629
vn -0.0268 0.2684 -0.9629
vn -0.0267 0.3389 -0.9404
vn -0.0198 0.3396 -0.9404
vn -0.0205 0.4307 -0.9023
vn -0.0135 0.4313 -0.9021
vn -0.0148 0.5178 -0.8554
vn -0.0071 0.5185 -0.8550
vn -0.0088 0.5801 -0.8145
vn -0.0385 0.5747 -0.8174
vn -0.0383 0.6210 -0.7829
vn -0.2664 0.4831 -0.8340
vn -0.2111 0.4826 -0.8500
vn -0.2049 0.5324 -0.8213
vn -0.1863 0.5293 -0.8278
vn -0.1804 0.5757 -0.7975
vn -0.1620 0.5726 -0.8037
vn -0.1564 0.6168 -0.7714
vn -0.1394 0.6140 -0.7769
vn -0.1322 0.6705 -0.7300
vn -0.0161 0.6780 -0.7349
vn -0.0167 0.7290 -0.6844
vn 0.0106 0.7295 -0.6839
vn 0.0935 0.7098 -0.6982
vn -0.7481 0.6026 -0.2778
vn -0.7471 0.5877 -0.3106
vn -0.7071 0.6357 -0.3097
vn -0.7058 0.6213 -0.3403
vn -0.6649 0.6665 -0.3371
vn -0.6634 0.6524 -0.3664
vn -0.6404 0.6765 -0.3636
vn -0.5237 0.7213 -0.4533
vn -0.5130 0.7312 -0.4495
vn -0.4552 0.7475 -0.4838
vn -0.4262 0.7411 -0.5188
vn -0.4196 0.7426 -0.5220
vn -0.3889 0.7353 -0.5550
vn -0.3844 0.7362 -0.5570
vn -0.3531 0.7283 -0.5873
vn -0.3477 0.7293 -0.5893
vn -0.3154 0.7206 -0.6175
vn -0.2868 0.7252 -0.6260
vn -0.2636 0.7003 -0.6634
vn -0.3523 0.6823 -0.6406
vn -0.2105 0.6777 -0.7045
vn -0.1613 0.6837 -0.7117
vn -0.1450 0.7515 -0.6436
vn -0.0350 0.7334 -0.6789
vn -0.1002 0.7621 -0.6396
vn -0.0407 0.7657 -0.6419
vn -0.0311 0.7613 -0.6476
vn -0.0045 0.7622 -0.6474
vn 0.0574 0.7527 -0.6559
vn -0.8469 0.5318 -0.0032
vn -0.8119 0.5836 -0.0165
vn -0.8358 0.5478 0.0373
vn -0.8007 0.5987 0.0227
vn -0.8234 0.5622 0.0765
vn -0.7881 0.6125 0.0607
vn -0.7932 0.6047 0.0725
vn -0.7872 0.6115 0.0804
vn -0.7416 0.6680 0.0610
vn -0.7404 0.6721 0.0075
vn -0.7334 0.6797 0.0164
vn -0.7007 0.7125 -0.0381
vn -0.7122 0.6998 -0.0554
vn -0.6748 0.7299 -0.1088
vn -0.6847 0.7176 -0.1274
vn -0.6434 0.7445 -0.1782
vn -0.6512 0.7326 -0.1981
vn -0.6441 0.7367 -0.2060
vn -0.6232 0.7360 -0.2643
vn -0.5577 0.7637 -0.3252
vn -0.5440 0.7741 -0.3238
vn -0.4421 0.8037 -0.3983
vn -0.4227 0.8168 -0.3926
vn -0.3685 0.8273 -0.4241
vn -0.3510 0.8212 -0.4500
vn -0.3366 0.8232 -0.4571
vn -0.3183 0.8169 -0.4811
vn -0.3071 0.8183 -0.4859
vn -0.2875 0.8114 -0.5089
vn -0.3967 0.7924 -0.4634
vn -0.2717 0.7915 -0.5475
vn -0.2337 0.7951 -0.5596
vn -0.1857 0.8460 -0.4997
vn -0.1363 0.8391 -0.5267
vn -0.0978 0.8817 -0.4615
vn -0.0390 0.8819 -0.4698
vn -0.0186 0.9155 -0.4019
vn 0.0049 0.9151 -0.4031
vn 0.0140 0.9459 -0.3241
vn 0.0232 0.9458 -0.3240
vn 0.0228 0.9723 -0.2327
vn 0.0570 0.9712 -0.2312
vn 0.0369 0.9737 -0.2249
vn -0.9985 0.0462 0.0309
vn -0.9983 0.0580 0.0059
vn -0.9981 0.0473 -0.0383
vn -0.9984 0.0472 -0.0299
vn -0.9990 0.0238 -0.0385
vn -0.9924 0.0093 0.1231
vn -0.9816 0.0476 0.1851
vn -0.9723 0.0041 0.2336
vn -0.9723 0.0041 0.2337
vn -0.9610 0.0475 0.2725
vn -0.9341 0.0092 0.3570
vn -0.9340 0.0091 0.3572
vn -0.9906 0.0596 0.1228
vn -0.9985 0.0116 0.0542
vn -0.9888 0.0966 0.1139
vn -0.9784 0.0927 0.1847
vn -0.9766 0.1005 0.1900
vn -0.9578 0.0932 0.2718
vn -0.9699 0.1537 0.1890
vn -0.9830 0.1607 0.0883
vn -0.9776 0.1774 0.1134
vn -0.9821 0.1806 0.0537
vn -0.9967 0.0616 0.0529
vn -0.9985 0.0462 0.0308
vn -0.9602 0.2782 0.0256
vn -0.9642 0.2604 0.0495
vn -0.9648 0.2629 -0.0119
vn -0.9382 0.3458 -0.0152
vn -0.9384 0.3440 0.0332
vn -0.8905 0.4537 0.0354
vn -0.9784 0.2001 -0.0522
vn -0.9869 0.1578 -0.0346
vn -0.9826 0.1855 -0.0138
vn -0.9819 0.1838 0.0448
vn -0.9852 0.1696 0.0233
vn -0.9833 0.1678 0.0705
vn -0.9586 0.2755 0.0713
vn -0.9623 0.2662 0.0564
vn -0.9567 0.2608 0.1290
vn -0.9672 0.2182 0.1296
vn -0.9577 0.2123 0.1943
vn -0.9669 0.1635 0.1957
vn -0.9486 0.1545 0.2763
vn -0.9551 0.1024 0.2779
vn -0.9269 0.0902 0.3644
vn -0.9306 0.0214 0.3655
vn -0.9340 0.0230 0.3565
vn -0.8790 0.0020 0.4769
vn -0.8791 0.0021 0.4766
vn -0.8898 0.0370 0.4548
vn -0.8871 0.0847 0.4537
vn -0.9227 0.1018 0.3719
vn -0.9168 0.1505 0.3700
vn -0.9447 0.1651 0.2833
vn -0.9356 0.2137 0.2810
vn -0.9532 0.2243 0.2026
vn -0.9420 0.2688 0.2008
vn -0.9511 0.2756 0.1398
vn -0.9392 0.3139 0.1389
vn -0.9432 0.3180 0.0963
vn -0.9220 0.3750 0.0962
vn -0.9241 0.3787 0.0518
vn -0.8188 -0.0004 0.5741
vn -0.7904 0.0552 0.6101
vn -0.7933 0.0664 0.6052
vn -0.8359 0.0915 0.5412
vn -0.7082 0.0333 0.7052
vn -0.6779 0.0369 0.7343
vn -0.6748 0.0930 0.7321
vn -0.6656 0.0842 0.7415
vn -0.6750 0.0727 0.7342
vn -0.6767 0.0745 0.7325
vn -0.6931 0.0546 0.7188
vn -0.7172 0.0809 0.6921
vn -0.7177 0.0679 0.6930
vn -0.7698 0.1355 0.6238
vn -0.7718 0.1021 0.6276
vn -0.8026 0.1517 0.5769
vn -0.8431 0.1575 0.5142
vn -0.8412 0.1540 0.5183
vn -0.8645 0.1263 0.4865
vn -0.8909 0.1814 0.4164
vn -0.8944 0.1487 0.4219
vn -0.9224 0.2373 0.3048
vn -0.9282 0.2037 0.3113
vn -0.9369 0.3073 0.1668
vn -0.9338 0.3177 0.1646
vn -0.9440 0.3017 0.1336
vn -0.9276 0.3529 0.1227
vn -0.9371 0.3370 0.0911
vn -0.9171 0.3907 0.0794
vn -0.9258 0.3750 0.0475
vn -0.9028 0.4286 0.0359
vn -0.9107 0.4131 0.0041
vn -0.8838 0.4678 -0.0075
vn -0.8911 0.4521 -0.0399
vn -0.8703 0.1541 0.4677
vn -0.8319 0.1306 0.5393
vn -0.8249 0.1432 0.5468
vn -0.7888 0.1193 0.6030
vn -0.7706 0.1483 0.6199
vn -0.7401 0.1259 0.6606
vn -0.7254 0.2203 0.6521
vn -0.8119 0.3494 0.4678
vn -0.8056 0.3578 0.4722
vn -0.7914 0.3961 0.4656
vn -0.7853 0.4036 0.4695
vn -0.7694 0.4412 0.4619
vn -0.8979 0.2199 0.3814
vn -0.8632 0.1973 0.4647
vn -0.8570 0.2085 0.4713
vn -0.8191 0.1823 0.5440
vn -0.8127 0.1927 0.5499
vn -0.7730 0.1636 0.6130
vn -0.7581 0.2443 0.6047
vn -0.7232 0.2126 0.6571
vn -0.7043 0.2951 0.6457
vn -0.6824 0.2699 0.6793
vn -0.7240 0.0435 0.6884
vn -0.7175 0.1287 0.6846
vn -0.6917 0.1070 0.7142
vn -0.6831 0.1770 0.7086
vn -0.6759 0.1695 0.7172
vn -0.6716 0.1977 0.7141
vn -0.6764 0.2040 0.7078
vn -0.7012 0.1774 0.6906
vn -0.7191 0.2037 0.6644
vn -0.7198 0.1991 0.6650
vn -0.7595 0.2767 0.5887
vn -0.9132 0.2825 0.2935
vn -0.8875 0.2638 0.3778
vn -0.8811 0.2751 0.3846
vn -0.8479 0.2502 0.4674
vn -0.8415 0.2606 0.4733
vn -0.8050 0.2319 0.5461
vn -0.7865 0.2588 0.5607
vn -0.7546 0.2314 0.6140
vn -0.7306 0.3253 0.6003
vn -0.7045 0.2961 0.6450
vn -0.7083 0.0238 0.7055
vn -0.7004 0.0183 0.7135
vn -0.6947 0.1141 0.7102
vn -0.6759 0.0976 0.7305
vn -0.6713 0.1434 0.7272
vn -0.6694 0.1413 0.7293
vn -0.6866 0.1218 0.7167
vn -0.6890 0.1246 0.7139
vn -0.7131 0.0971 0.6943
vn -0.7414 0.1335 0.6576
vn -0.7429 0.1117 0.6600
vn -0.7987 0.2030 0.5664
vn -0.7958 0.2240 0.5626
vn -0.8350 0.2323 0.4987
vn -0.8314 0.2366 0.5028
vn -0.8444 0.2767 0.4588
vn -0.8692 0.2483 0.4276
vn -0.8837 0.3203 0.3412
vn -0.8901 0.2948 0.3474
vn -0.8910 0.4005 0.2139
vn -0.8832 0.4201 0.2084
vn -0.8906 0.4317 0.1433
vn -0.8873 0.4361 0.1498
vn -0.8763 0.4710 0.1016
vn -0.8870 0.4555 0.0754
vn -0.8717 0.4893 0.0265
vn -0.8805 0.4741 -0.0020
vn -0.8608 0.5065 -0.0510
vn -0.8671 0.4913 -0.0822
vn -0.8444 0.5203 -0.1278
vn -0.8479 0.5051 -0.1612
vn -0.8227 0.5308 -0.2032
vn -0.8230 0.5152 -0.2393
vn -0.7962 0.5378 -0.2771
vn -0.7932 0.5218 -0.3140
vn -0.7639 0.5425 -0.3494
vn -0.7575 0.5262 -0.3865
vn -0.7266 0.5448 -0.4186
vn -0.7171 0.5279 -0.4551
vn -0.6839 0.5451 -0.4849
vn -0.6714 0.5274 -0.5207
vn -0.6337 0.5443 -0.5497
vn -0.6186 0.5259 -0.5838
vn -0.5770 0.5420 -0.6110
vn -0.5602 0.5234 -0.6421
vn -0.5611 0.5230 -0.6415
vn -0.4980 0.5109 -0.7007
vn -0.4140 0.5335 -0.7376
vn -0.4004 0.5722 -0.7158
vn -0.3608 0.5612 -0.7449
vn -0.3402 0.6199 -0.7071
vn -0.9680 0.2499 -0.0228
vn -0.9684 0.2492 0.0069
vn -0.9325 0.3611 0.0098
vn -0.9307 0.3566 0.0812
vn -0.8893 0.4498 0.0822
vn -0.8901 0.4487 0.0801
vn -0.8638 0.4905 0.1152
vn -0.8788 0.3756 0.2944
vn -0.8703 0.3885 0.3027
vn -0.8551 0.4240 0.2983
vn -0.8454 0.4373 0.3067
vn -0.8291 0.4706 0.3019
vn -0.8187 0.4833 0.3101
vn -0.8020 0.5136 0.3050
vn -0.7902 0.5266 0.3133
vn -0.7731 0.5545 0.3079
vn -0.8000 0.5605 0.2140
vn -0.8160 0.5426 0.1996
vn -0.8297 0.5205 0.2016
vn -0.8445 0.5020 0.1868
vn -0.8582 0.4773 0.1886
vn -0.8714 0.4587 0.1741
vn -0.8852 0.4308 0.1757
vn -0.8962 0.4130 0.1620
vn -0.9096 0.3821 0.1633
vn -0.9020 0.3741 0.2157
vn -0.8928 0.3895 0.2265
vn -0.8783 0.4225 0.2237
vn -0.8675 0.4384 0.2350
vn -0.8522 0.4689 0.2319
vn -0.8400 0.4850 0.2434
vn -0.8246 0.5123 0.2401
vn -0.8113 0.5278 0.2514
vn -0.7957 0.5526 0.2479
vn -0.7809 0.5683 0.2594
vn -0.7392 0.5541 0.3828
vn -0.8483 0.3671 0.3816
vn -0.8409 0.3776 0.3877
vn -0.8257 0.4151 0.3820
vn -0.8177 0.4254 0.3878
vn -0.8013 0.4609 0.3814
vn -0.7927 0.4709 0.3871
vn -0.7753 0.5044 0.3802
vn -0.8224 0.5495 0.1473
vn -0.8217 0.5502 0.1487
vn -0.7940 0.5899 0.1471
vn -0.7772 0.6078 0.1629
vn -0.7632 0.6256 0.1618
vn -0.7657 0.6329 0.1149
vn -0.7793 0.6183 0.1022
vn -0.7963 0.5961 0.1029
vn -0.8094 0.5803 0.0894
vn -0.8257 0.5569 0.0898
vn -0.8376 0.5409 0.0763
vn -0.8529 0.5165 0.0764
vn -0.8640 0.4997 0.0623
vn -0.8987 0.4342 0.0619
vn -0.8993 0.4374 0.0055
vn -0.9148 0.4031 -0.0248
vn -0.6847 0.6632 0.3024
vn -0.6942 0.6398 0.3298
vn -0.7029 0.6641 0.2547
vn -0.7151 0.6368 0.2882
vn -0.7223 0.6565 0.2174
vn -0.7361 0.6272 0.2545
vn -0.7399 0.6365 0.2176
vn -0.7418 0.6335 0.2200
vn -0.7453 0.6427 0.1771
vn -0.7308 0.6596 0.1756
vn -0.7333 0.6681 0.1261
vn -0.7143 0.6886 0.1247
vn -0.7151 0.6982 0.0351
vn -0.6873 0.7257 0.0303
vn -0.6187 0.7248 0.3031
vn -0.6306 0.7020 0.3311
vn -0.6358 0.7246 0.2659
vn -0.6503 0.6981 0.2995
vn -0.6550 0.7174 0.2371
vn -0.6710 0.6889 0.2740
vn -0.6758 0.7066 0.2097
vn -0.6919 0.6786 0.2465
vn -0.6955 0.6893 0.2028
vn -0.6963 0.6883 0.2037
vn -0.6999 0.7012 0.1360
vn -0.6796 0.7212 0.1342
vn -0.6798 0.7328 0.0300
vn -0.6880 0.7247 0.0377
vn -0.9157 0.3374 0.2182
vn -0.9004 0.3243 0.2901
vn -0.8929 0.3372 0.2983
vn -0.8689 0.3169 0.3801
vn -0.8619 0.3280 0.3867
vn -0.8306 0.3012 0.4685
vn -0.8244 0.3102 0.4734
vn -0.7870 0.2774 0.5510
vn -0.7734 0.3257 0.5439
vn -0.7556 0.3478 0.5550
vn -0.7542 0.3688 0.5433
vn -0.7371 0.4141 0.5341
vn -0.7636 0.4477 0.4652
vn -0.7464 0.4838 0.4570
vn -0.7667 0.5135 0.3852
vn -0.7484 0.5451 0.3778
vn -0.7610 0.5668 0.3158
vn -0.7218 0.5250 0.4509
vn -0.7405 0.4899 0.4600
vn -0.7165 0.4553 0.5285
vn -0.7204 0.4321 0.5425
vn -0.7010 0.4058 0.5864
vn -0.7010 0.4051 0.5870
vn -0.6829 0.3798 0.6240
vn -0.6819 0.3704 0.6307
vn -0.6697 0.3529 0.6534
vn -0.6702 0.3170 0.6711
vn -0.6753 0.3250 0.6621
vn -0.6544 0.6173 0.4367
vn -0.5934 0.6949 0.4061
vn -0.5972 0.6855 0.4164
vn -0.5318 0.7552 0.3832
vn -0.5363 0.7468 0.3932
vn -0.4680 0.8078 0.3584
vn -0.4732 0.8002 0.3684
vn -0.4024 0.8531 0.3322
vn -0.4081 0.8465 0.3418
vn -0.3414 0.8881 0.3077
vn -0.5989 0.5889 0.5427
vn -0.5825 0.6323 0.5108
vn -0.5923 0.6252 0.5083
vn -0.7157 0.3838 0.5835
vn -0.7093 0.4764 0.5196
vn -0.6912 0.4009 0.6013
vn -0.6863 0.4805 0.5460
vn -0.6675 0.4137 0.6191
vn -0.6507 0.5056 0.5665
vn -0.6387 0.4696 0.6095
vn -0.6262 0.5272 0.5745
vn -0.6260 0.5267 0.5751
vn -0.6236 0.5470 0.5585
vn -0.6291 0.5609 0.5381
vn -0.6277 0.5703 0.5299
vn -0.6381 0.5960 0.4874
vn -0.5463 0.7860 0.2893
vn -0.6118 0.7216 0.3242
vn -0.5903 0.7666 0.2526
vn -0.6374 0.7085 0.3027
vn -0.6073 0.7641 0.2177
vn -0.6732 0.6957 0.2507
vn -0.6400 0.7500 0.1669
vn -0.7012 0.6855 0.1959
vn -0.6539 0.7508 0.0933
vn -0.7208 0.6824 0.1216
vn -0.6977 0.7124 0.0758
vn -0.7059 0.7051 0.0677
vn -0.7297 0.6793 0.0774
vn -0.7791 0.5938 0.2010
vn -0.7786 0.5946 0.2007
vn -0.8032 0.5060 0.3144
vn -0.8003 0.5117 0.3125
vn -0.8052 0.4469 0.3897
vn -0.7783 0.4741 0.4116
vn -0.7771 0.4394 0.4506
vn -0.7512 0.4645 0.4689
vn -0.7487 0.4407 0.4951
vn -0.7609 0.4288 0.4870
vn -0.7248 0.4226 0.5441
vn -0.7422 0.3710 0.5581
vn -0.7302 0.3364 0.5947
vn -0.6941 0.3337 0.6379
vn -0.6970 0.3839 0.6056
vn -0.6736 0.3308 0.6609
vn -0.6681 0.4122 0.6195
vn -0.6573 0.3900 0.6449
vn -0.6520 0.4387 0.6185
vn -0.6567 0.4474 0.6071
vn -0.6567 0.4635 0.5949
vn -0.6676 0.4834 0.5662
vn -0.6674 0.4892 0.5615
vn -0.6847 0.5201 0.5107
vn -0.6850 0.5165 0.5138
vn -0.7010 0.5447 0.4603
vn -0.4212 0.9066 0.0262
vn -0.4237 0.9022 0.0808
vn -0.4395 0.8973 0.0401
vn -0.4440 0.8814 0.1610
vn -0.4341 0.8855 0.1655
vn -0.4356 0.8708 0.2280
vn -0.4036 0.8828 0.2402
vn -0.4048 0.8719 0.2756
vn -0.3140 0.9168 0.2468
vn -0.3159 0.9107 0.2662
vn -0.3011 0.9117 0.2796
vn -0.2915 0.9188 0.2662
vn -0.2930 0.9150 0.2773
vn -0.3463 0.8882 0.3018
vn -0.3395 0.8943 0.2914
vn -0.4175 0.8474 0.3281
vn -0.4060 0.8601 0.3089
vn -0.4835 0.8046 0.3447
vn -0.4728 0.8191 0.3249
vn -0.5486 0.7549 0.3592
vn -0.5390 0.7711 0.3389
vn -0.6125 0.6979 0.3713
vn -0.6045 0.7150 0.3512
vn -0.6736 0.6334 0.3810
vn -0.6675 0.6509 0.3616
vn -0.7489 0.0308 0.6620
vn -0.7558 0.0341 0.6539
vn -0.7470 0.1432 0.6492
vn -0.7121 0.1155 0.6926
vn -0.7008 0.1968 0.6857
vn -0.6907 0.2002 0.6949
vn -0.6810 0.2496 0.6884
vn -0.6766 0.2442 0.6946
vn -0.6735 0.2589 0.6923
vn -0.6837 0.2756 0.6757
vn -0.7153 0.2434 0.6550
vn -0.7347 0.2803 0.6178
vn -0.7360 0.2744 0.6189
vn -0.7511 0.3142 0.5806
vn -0.7884 0.3209 0.5249
vn -0.7829 0.3038 0.5429
vn -0.8062 0.2787 0.5219
vn -0.8161 0.3127 0.4860
vn -0.8407 0.2854 0.4602
vn -0.8533 0.3509 0.3857
vn -0.8587 0.3316 0.3908
vn -0.8605 0.4304 0.2725
vn -0.8672 0.4135 0.2774
vn -0.8572 0.4736 0.2022
vn -0.8637 0.4838 0.1414
vn -0.8621 0.4883 0.1350
vn -0.8738 0.4732 0.1122
vn -0.8585 0.5092 0.0612
vn -0.8687 0.4941 0.0357
vn -0.8492 0.5279 -0.0146
vn -0.8574 0.5129 -0.0428
vn -0.8335 0.5448 -0.0923
vn -0.8392 0.5298 -0.1230
vn -0.8128 0.5578 -0.1682
vn -0.8155 0.5428 -0.2009
vn -0.7866 0.5678 -0.2426
vn -0.7862 0.5526 -0.2766
vn -0.7565 0.5740 -0.3132
vn -0.7528 0.5583 -0.3488
vn -0.7222 0.5771 -0.3814
vn -0.7153 0.5611 -0.4166
vn -0.6835 0.5779 -0.4459
vn -0.6737 0.5614 -0.4807
vn -0.6402 0.5767 -0.5074
vn -0.6466 0.5855 -0.4890
vn -0.5894 0.5814 -0.5608
vn -0.5657 0.6164 -0.5478
vn -0.4432 0.6539 -0.6131
vn -0.4352 0.6658 -0.6060
vn -0.3774 0.6798 -0.6288
vn -0.3189 0.6647 -0.6757
vn -0.3407 0.6533 -0.6761
vn -0.2844 0.6644 -0.6912
vn -0.3040 0.6093 -0.7324
vn -0.2604 0.6171 -0.7426
vn -0.2736 0.5626 -0.7802
vn -0.2751 0.5620 -0.7801
vn -0.2819 0.5290 -0.8004
vn -0.3144 0.5154 -0.7972
vn -0.3211 0.4824 -0.8150
vn -0.3541 0.4680 -0.8097
vn -0.3622 0.4264 -0.8289
vn -0.3636 0.4259 -0.8285
vn -0.3704 0.3871 -0.8444
vn -0.4013 0.3772 -0.8347
vn -0.4076 0.3381 -0.8483
vn -0.4337 0.3296 -0.8386
vn -0.4394 0.2906 -0.8500
vn -0.4654 0.2822 -0.8389
vn -0.4710 0.2395 -0.8490
vn -0.4005 0.2496 -0.8817
vn -0.4050 0.2020 -0.8917
vn -0.3075 0.2111 -0.9278
vn -0.3104 0.1628 -0.9366
vn -0.1841 0.1692 -0.9682
vn -0.1854 0.1205 -0.9752
vn -0.0336 0.1232 -0.9918
vn -0.0338 0.0741 -0.9967
vn 0.0900 0.0740 -0.9932
vn 0.0236 0.0309 -0.9992
vn 0.1508 0.9851 -0.0833
vn 0.1572 0.9835 -0.0895
vn 0.1114 0.9815 -0.1559
vn 0.1220 0.9796 -0.1595
vn 0.0624 0.9725 -0.2246
vn 0.0600 0.9728 -0.2237
vn -0.0085 0.9604 -0.2784
vn -0.0296 0.9628 -0.2688
vn -0.1064 0.9446 -0.3106
vn -0.1532 0.9462 -0.2850
vn -0.2466 0.9167 -0.3143
vn -0.3074 0.9206 -0.2407
vn -0.2914 0.9102 -0.2944
vn -0.3203 0.9068 -0.2741
vn -0.3244 0.9103 -0.2570
vn -0.3545 0.9055 -0.2333
vn -0.3576 0.9086 -0.2157
vn -0.3876 0.9022 -0.1893
vn -0.3898 0.9050 -0.1703
vn -0.4187 0.8969 -0.1419
vn -0.4197 0.8993 -0.1226
vn -0.4464 0.8899 -0.0937
vn -0.4462 0.8919 -0.0736
vn -0.4698 0.8816 -0.0452
vn -0.4684 0.8832 -0.0250
vn -0.5071 0.8614 0.0273
vn -0.4825 0.8749 0.0409
vn -0.5257 0.8434 0.1106
vn -0.5006 0.8570 0.1218
vn -0.5309 0.8279 0.1808
vn -0.5057 0.8415 0.1902
vn -0.5262 0.8162 0.2386
vn -0.5018 0.8292 0.2462
vn -0.4996 0.8323 0.2401
vn -0.4749 0.8335 0.2824
vn -0.4903 0.8051 0.3337
vn -0.5548 0.7455 0.3694
vn -0.5275 0.7453 0.4077
vn -0.6157 0.6389 0.4612
vn -0.5733 0.6684 0.4739
vn -0.6197 0.6014 0.5044
vn -0.6155 0.5753 0.5387
vn -0.5731 0.6067 0.5508
vn -0.5802 0.6407 0.5028
vn -0.5660 0.6551 0.5005
vn -0.5728 0.6843 0.4513
vn -0.6031 0.6630 0.4434
vn -0.5864 0.6674 0.4591
vn -0.6383 0.5950 0.4884
vn -0.6515 0.6278 0.4260
vn -0.6950 0.5625 0.4478
vn -0.7104 0.5925 0.3797
vn -0.7201 0.5838 0.3750
vn -0.7303 0.6046 0.3178
vn -0.7434 0.5926 0.3101
vn -0.7497 0.6057 0.2667
vn -0.7653 0.5907 0.2556
vn -0.7688 0.5982 0.2260
vn -0.7860 0.5808 0.2117
vn -0.7882 0.5855 0.1895
vn -0.8198 0.5501 0.1591
vn -0.8211 0.5489 0.1566
vn -0.8474 0.5068 0.1587
vn -0.8618 0.4869 0.1420
vn -0.8745 0.4635 0.1427
vn -0.8873 0.4436 0.1264
vn -0.8997 0.4176 0.1268
vn -0.9243 0.3711 0.0895
vn -0.9190 0.3645 0.1501
vn -0.9317 0.3304 0.1511
vn -0.9233 0.3229 0.2080
vn -0.9360 0.2823 0.2102
vn -0.9194 0.2703 0.2856
vn -0.9306 0.2253 0.2885
vn -0.9035 0.2084 0.3744
vn -0.9119 0.1619 0.3772
vn -0.8764 0.1419 0.4603
vn -0.8813 0.0981 0.4623
vn -0.8430 0.0774 0.5323
vn -0.8448 0.0444 0.5332
vn -0.8189 -0.0004 0.5739
vn 0.2111 -0.9772 0.0215
vn 0.7197 -0.6931 -0.0405
vn 0.7181 -0.6946 -0.0429
vn 0.6828 -0.6787 0.2705
vn 0.7446 -0.6659 0.0470
vn 0.7194 -0.6945 -0.0122
vn 0.7180 -0.6948 -0.0408
vn 0.7309 -0.6822 0.0187
vn 0.7171 -0.6968 -0.0143
vn 0.7762 -0.6292 0.0413
vn 0.7536 -0.6555 0.0492
vn 0.6950 -0.6924 0.1937
vn 0.7403 -0.6712 0.0385
vn 0.7130 -0.7002 0.0379
vn 0.6680 -0.7423 0.0526
vn 0.6605 -0.7482 0.0627
vn 0.6224 -0.7818 0.0377
vn 0.5466 -0.8365 0.0373
vn 0.5469 -0.8364 0.0373
vn 0.5753 -0.8154 0.0643
vn 0.5835 -0.8102 0.0564
vn 0.6227 -0.7816 0.0377
vn 0.4943 -0.8681 0.0451
vn 0.4826 -0.8740 0.0574
vn 0.4418 -0.8966 0.0289
vn 0.3822 -0.9228 0.0483
vn 0.3848 -0.9219 0.0454
vn 0.4413 -0.8969 0.0289
vn 0.2116 -0.9771 0.0215
vn 0.2694 -0.9623 0.0382
vn 0.2754 -0.9602 0.0460
vn 0.3292 -0.9440 0.0225
vn 0.3291 -0.9440 0.0225
vn 0.1486 -0.9873 0.0566
vn 0.1652 -0.9856 0.0349
vn 0.0911 -0.9955 0.0250
vn 0.0546 -0.9982 0.0256
vn 0.0603 -0.9975 0.0366
vn 0.0847 -0.9906 0.1072
vn 0.0363 -0.9987 0.0369
vn 0.0300 -0.9994 0.0152
vn 0.0504 -0.9969 0.0611
vn 0.0503 -0.9969 0.0605
vn 0.0503 -0.9969 0.0599
vn 0.0469 -0.9938 0.1005
vn 0.0473 -0.9937 0.1011
vn 0.0456 -0.9955 0.0828
vn 0.0456 -0.9955 0.0836
vn 0.0053 -0.9914 0.1308
vn 0.0424 -0.9946 0.0945
vn 0.0681 -0.9918 0.1082
vn 0.2080 -0.9756 0.0709
vn 0.2088 -0.9754 0.0707
vn 0.1644 -0.9849 0.0548
vn 0.1386 -0.9868 0.0839
vn 0.0684 -0.9918 0.1081
vn 0.2802 -0.9594 0.0335
vn 0.2848 -0.9582 0.0272
vn 0.3468 -0.9372 0.0379
vn 0.3468 -0.9372 0.0380
vn 0.3982 -0.9173 -0.0004
vn 0.4134 -0.9104 0.0140
vn 0.4992 -0.8663 -0.0178
vn 0.4756 -0.8796 0.0084
vn 0.4752 -0.8798 0.0085
vn 0.7279 -0.6855 -0.0128
vn 0.7275 -0.6861 0.0060
vn 0.6605 -0.7507 0.0115
vn 0.6573 -0.7534 0.0178
vn 0.5808 -0.8136 0.0266
vn 0.5840 -0.8115 0.0208
vn 0.4903 -0.8709 0.0341
vn 0.4974 -0.8673 0.0218
vn 0.3892 -0.9203 0.0398
vn 0.3966 -0.9176 0.0275
vn 0.2793 -0.9589 0.0495
vn 0.2839 -0.9579 0.0423
vn 0.1633 -0.9843 0.0673
vn 0.1635 -0.9843 0.0669
vn 0.0425 -0.9946 0.0943
vn 0.0416 -0.9932 0.1089
vn 0.6386 -0.7695 -0.0127
vn 0.6588 -0.7514 -0.0379
vn 0.6815 -0.7315 -0.0207
vn 0.6814 -0.7316 -0.0207
vn 0.6380 -0.7699 -0.0126
vn 0.5889 -0.8080 -0.0180
vn 0.5857 -0.8102 -0.0226
vn 0.5341 -0.8454 0.0043
vn 0.7363 -0.6763 0.0190
vn 0.7358 -0.6765 0.0309
vn 0.6624 -0.7484 0.0332
vn 0.6591 -0.7510 0.0394
vn 0.5768 -0.8157 0.0438
vn 0.5801 -0.8137 0.0381
vn 0.4835 -0.8742 0.0451
vn 0.4903 -0.8709 0.0338
vn 0.3826 -0.9229 0.0435
vn 0.3897 -0.9204 0.0322
vn 0.2755 -0.9603 0.0442
vn 0.2802 -0.9592 0.0371
vn 0.1641 -0.9851 0.0511
vn 0.1644 -0.9851 0.0505
vn 0.0518 -0.9965 0.0656
vn 0.0456 -0.9955 0.0830
vn -0.0315 -0.6638 0.7472
vn 0.0120 -0.9961 0.0871
vn 0.0572 -0.9970 0.0512
vn 0.1396 -0.9898 0.0280
vn 0.1822 -0.9832 -0.0080
vn 0.0261 -0.9925 0.1196
vn 0.0247 -0.9881 0.1519
vn 0.3483 -0.9373 0.0158
vn 0.4765 -0.8790 -0.0190
vn 0.5356 -0.8436 -0.0375
vn 0.6387 -0.7671 -0.0603
vn 0.6949 -0.6937 -0.1893
vn 0.6781 -0.7013 -0.2200
vn 0.4284 -0.8984 -0.0964
vn 0.3144 -0.9477 -0.0541
vn 0.3119 -0.9487 -0.0511
vn 0.2666 -0.9613 -0.0692
vn 0.2702 -0.9621 -0.0360
vn 0.2476 -0.9689 0.0019
vn 0.1818 -0.9814 0.0613
vn 0.0348 -0.7191 0.6941
vn 0.0348 -0.7220 0.6911
vn 0.0237 -0.6920 0.7215
vn 0.0166 -0.6808 0.7323
vn 0.0295 -0.7001 0.7135
vn 0.0349 -0.7192 0.6939
vn 0.0343 -0.7215 0.6916
vn 0.0489 -0.7600 0.6481
vn 0.0521 -0.7763 0.6283
vn 0.1213 -0.7437 0.6574
vn 0.1213 -0.7442 0.6569
vn 0.1044 -0.8302 0.5476
vn 0.0679 -0.7991 0.5974
vn 0.0806 -0.8088 0.5825
vn 0.0970 -0.7929 0.6015
vn 0.0970 -0.7927 0.6019
vn 0.1152 -0.8627 0.4924
vn 0.1153 -0.8633 0.4913
vn 0.0975 -0.8382 0.5366
vn 0.1047 -0.8300 0.5478
vn 0.1046 -0.8310 0.5464
vn 0.1151 -0.8632 0.4916
vn 0.1140 -0.8646 0.4893
vn 0.1256 -0.8905 0.4373
vn 0.1374 -0.9143 0.3810
vn 0.1372 -0.9138 0.3823
vn 0.1274 -0.8882 0.4415
vn 0.1256 -0.8906 0.4370
vn 0.1256 -0.8907 0.4369
vn 0.1925 -0.8986 0.3944
vn 0.1497 -0.9188 0.3652
vn 0.1776 -0.9261 0.3330
vn 0.1774 -0.9259 0.3335
vn 0.1658 -0.9344 0.3153
vn 0.1817 -0.9430 0.2787
vn 0.1869 -0.9561 0.2255
vn 0.1869 -0.9562 0.2255
vn 0.1764 -0.9475 0.2668
vn 0.1815 -0.9431 0.2785
vn 0.1818 -0.9427 0.2797
vn 0.2374 -0.9414 0.2396
vn 0.1884 -0.9632 0.1919
vn 0.2136 -0.9602 0.1799
vn 0.2185 -0.9658 0.1395
vn 0.1822 -0.9685 0.1699
vn 0.2127 -0.9740 0.0778
vn 0.2177 -0.9674 0.1293
vn 0.2242 -0.9745 -0.0085
vn 0.2235 -0.9747 -0.0066
vn 0.2047 -0.9784 0.0287
vn 0.2053 -0.9783 0.0282
vn 0.2214 -0.9749 0.0232
vn 0.2163 -0.9758 0.0327
vn 0.1724 -0.9829 0.0641
vn 0.2479 -0.9688 0.0022
vn 0.1968 -0.9790 -0.0523
vn 0.2041 -0.9771 -0.0595
vn 0.2066 -0.9765 -0.0614
vn 0.2025 -0.9775 -0.0586
vn 0.2101 -0.9756 -0.0637
vn 0.2105 -0.9755 -0.0639
vn 0.1866 -0.9809 -0.0555
vn 0.2005 -0.9769 -0.0739
vn 0.1945 -0.9772 -0.0846
vn 0.1920 -0.9782 -0.0797
vn 0.2034 -0.9761 -0.0769
vn 0.2039 -0.9759 -0.0773
vn 0.1675 -0.9838 -0.0635
vn 0.1657 -0.9842 -0.0628
vn 0.1964 -0.9766 -0.0872
vn 0.1969 -0.9765 -0.0875
vn 0.1839 -0.9795 -0.0825
vn 0.1942 -0.9768 -0.0902
vn 0.1834 -0.9795 -0.0831
vn 0.1878 -0.9776 -0.0949
vn 0.1881 -0.9775 -0.0951
vn 0.1696 -0.9816 -0.0875
vn 0.1741 -0.9801 -0.0959
vn 0.1769 -0.9789 -0.1026
vn 0.1730 -0.9804 -0.0938
vn 0.1740 -0.9794 -0.1023
vn 0.1732 -0.9796 -0.1018
vn 0.1633 -0.9818 -0.0972
vn 0.1615 -0.9848 -0.0640
vn 0.1637 -0.9810 -0.1045
vn 0.1662 -0.9804 -0.1059
vn 0.1570 -0.9824 -0.1015
vn 0.1547 -0.9829 -0.1002
vn 0.1328 -0.9874 -0.0856
vn 0.1426 -0.9851 -0.0962
vn 0.1549 -0.9822 -0.1065
vn 0.1547 -0.9825 -0.1035
vn 0.1511 -0.9833 -0.1016
vn 0.1432 -0.9849 -0.0970
vn 0.1443 -0.9839 -0.1055
vn 0.1428 -0.9846 -0.1011
vn 0.1381 -0.9855 -0.0985
vn 0.1393 -0.9851 -0.1006
vn 0.1376 -0.9856 -0.0981
vn 0.1380 -0.9853 -0.1008
vn 0.1340 -0.9870 -0.0882
vn 0.1324 -0.9865 -0.0959
vn 0.1274 -0.9878 -0.0894
vn 0.1254 -0.9882 -0.0881
vn 0.1272 -0.9879 -0.0892
vn 0.1262 -0.9884 -0.0842
vn 0.1277 -0.9879 -0.0883
vn 0.1279 -0.9877 -0.0897
vn 0.1280 -0.9877 -0.0899
vn 0.1248 -0.9889 -0.0807
vn 0.1131 -0.9911 -0.0702
vn 0.1289 -0.9883 -0.0817
vn 0.1128 -0.9911 -0.0710
vn 0.1285 -0.9884 -0.0813
vn 0.1122 -0.9916 -0.0642
vn 0.1690 -0.9833 -0.0668
vn 0.1879 -0.9800 -0.0661
vn 0.1681 -0.9834 -0.0678
vn 0.1670 -0.9837 -0.0666
vn 0.1671 -0.9837 -0.0667
vn 0.1775 -0.9823 -0.0596
vn 0.1683 -0.9830 -0.0731
vn 0.1676 -0.9836 -0.0672
vn 0.2667 -0.9613 -0.0693
vn 0.2328 -0.9712 -0.0499
vn 0.2465 -0.9675 -0.0556
vn 0.2710 -0.9619 -0.0354
vn 0.2710 -0.9619 -0.0366
vn 0.3522 -0.9325 -0.0793
vn 0.3475 -0.9347 -0.0746
vn 0.3243 -0.9416 -0.0910
vn 0.3246 -0.9416 -0.0891
vn 0.4281 -0.8986 -0.0959
vn 0.4283 -0.8985 -0.0960
vn 0.5179 -0.8413 -0.1547
vn 0.4951 -0.8609 -0.1172
vn 0.4948 -0.8611 -0.1171
vn 0.5780 -0.7953 -0.1825
vn 0.5380 -0.8295 -0.1496
vn 0.5333 -0.8332 -0.1466
vn 0.5205 -0.8387 -0.1598
vn 0.5222 -0.8370 -0.1636
vn 0.6237 -0.7539 -0.2062
vn 0.5932 -0.7862 -0.1730
vn 0.6781 -0.7012 -0.2201
vn 0.6907 -0.6835 -0.2360
vn 0.6755 -0.7046 -0.2173
vn 0.6361 -0.7458 -0.1977
vn 0.6341 -0.7478 -0.1968
vn 0.6371 -0.7449 -0.1980
vn 0.6949 -0.6938 -0.1890
vn 0.7012 -0.6810 -0.2109
vn 0.6989 -0.6854 -0.2047
vn 0.6896 -0.6939 -0.2072
vn 0.6777 -0.7012 -0.2215
vn 0.7078 -0.6914 -0.1447
vn 0.7092 -0.6902 -0.1435
vn 0.7010 -0.6927 -0.1696
vn 0.7014 -0.6926 -0.1682
vn 0.7015 -0.6912 -0.1734
vn 0.7065 -0.6871 -0.1697
vn 0.6949 -0.6937 -0.1895
vn 0.7110 -0.6982 -0.0833
vn 0.7110 -0.6984 -0.0816
vn 0.7111 -0.6982 -0.0831
vn 0.7151 -0.6896 -0.1142
vn 0.7110 -0.6948 -0.1081
vn 0.7103 -0.6945 -0.1148
vn 0.7078 -0.6917 -0.1432
vn 0.7196 -0.6916 -0.0621
vn 0.7202 -0.6908 -0.0639
vn 0.6816 -0.7284 -0.0696
vn 0.5895 -0.8067 -0.0411
vn 0.4140 -0.9103 0.0037
vn 0.2094 -0.9758 0.0627
vn 0.2086 -0.9760 0.0629
vn 0.0678 -0.9907 0.1177
vn 0.0675 -0.9907 0.1178
vn 0.0315 -0.9887 0.1462
vn 0.0321 -0.9900 0.1372
vn 0.0300 -0.9875 0.1546
vn 0.0040 -0.9891 0.1472
vn 0.0042 -0.9890 0.1476
vn 0.0317 -0.9887 0.1467
vn 0.0280 -0.9892 0.1437
vn 0.0272 -0.9885 0.1487
vn 0.0244 -0.9881 0.1516
vn 0.0243 -0.9882 0.1514
vn 0.0243 -0.9882 0.1515
vn 0.0268 -0.9879 0.1528
vn 0.0268 -0.9879 0.1529
vn 0.0282 -0.9902 0.1370
vn 0.0286 -0.9903 0.1361
vn 0.0239 -0.9892 0.1448
vn 0.0151 -0.9895 0.1437
vn 0.0249 -0.9882 0.1512
vn 0.0234 -0.9919 0.1246
vn 0.0233 -0.9919 0.1246
vn 0.0165 -0.9921 0.1242
vn 0.0291 -0.9974 0.0659
vn 0.0310 -0.9971 0.0701
vn 0.0359 -0.9973 0.0634
vn 0.0320 -0.9961 0.0819
vn 0.0319 -0.9961 0.0820
vn 0.0214 -0.9950 0.0979
vn 0.0005 -0.9954 0.0959
vn 0.0265 -0.9945 0.1012
vn 0.0404 -0.9988 0.0258
vn 0.0420 -0.9986 0.0319
vn 0.0494 -0.9985 0.0235
vn 0.0418 -0.9982 0.0437
vn 0.0422 -0.9982 0.0430
vn 0.0352 -0.9980 0.0518
vn 0.0337 -0.9983 0.0476
vn 0.0361 -0.9974 0.0630
vn 0.0637 -0.9979 -0.0115
vn 0.0638 -0.9979 -0.0102
vn 0.0654 -0.9978 -0.0117
vn 0.0578 -0.9983 0.0043
vn 0.0575 -0.9983 0.0049
vn 0.0515 -0.9986 0.0112
vn 0.0508 -0.9987 0.0071
vn 0.0491 -0.9985 0.0240
vn 0.0913 -0.9948 -0.0443
vn 0.0746 -0.9968 -0.0282
vn 0.0770 -0.9966 -0.0303
vn 0.0771 -0.9966 -0.0284
vn 0.0768 -0.9967 -0.0277
vn 0.1126 -0.9911 -0.0705
vn 0.1048 -0.9928 -0.0584
vn 0.0940 -0.9943 -0.0497
vn 0.0943 -0.9939 -0.0580
vn 0.0911 -0.9949 -0.0438
vn 0.2274 -0.9738 0.0082
vn 0.1902 -0.9811 -0.0361
vn 0.2024 -0.9782 -0.0465
vn 0.1651 -0.9859 -0.0278
vn 0.1898 -0.9808 -0.0451
vn 0.2102 -0.9763 -0.0519
vn 0.2106 -0.9762 -0.0521
vn 0.2007 -0.9792 -0.0303
vn 0.2012 -0.9791 -0.0304
vn 0.1848 -0.9824 -0.0277
vn 0.1941 -0.9804 -0.0335
vn 0.2068 -0.9775 -0.0412
vn 0.2134 -0.9738 0.0790
vn 0.2032 -0.9770 0.0652
vn 0.2204 -0.9741 0.0500
vn 0.1793 -0.9836 -0.0167
vn 0.1906 -0.9814 -0.0241
vn 0.1793 -0.9837 -0.0114
vn 0.1927 -0.9811 -0.0191
vn 0.1912 -0.9814 -0.0187
vn 0.1687 -0.9857 -0.0001
vn 0.1370 -0.9903 0.0250
vn 0.1550 -0.9878 0.0130
vn 0.1587 -0.9873 0.0122
vn 0.1549 -0.9878 0.0129
vn 0.1006 -0.9941 0.0415
vn 0.1234 -0.9913 0.0451
vn 0.0572 -0.9971 0.0512
vn 0.0796 -0.9955 0.0519
vn 0.0770 -0.9957 0.0514
vn 0.0799 -0.9956 0.0491
vn 0.1002 -0.9941 0.0415
vn 0.0337 -0.9980 0.0543
vn 0.0341 -0.9979 0.0543
vn 0.0144 -0.9995 0.0293
vn 0.0129 -0.9982 0.0579
vn 0.0130 -0.9982 0.0578
vn 0.1138 -0.9891 0.0938
vn 0.0027 -0.9782 0.2076
vn 0.0027 -0.9783 0.2073
vn 0.0094 -0.9693 0.2457
vn -0.0019 -0.9639 0.2664
vn 0.0089 -0.9500 0.3121
vn 0.0002 -0.9544 0.2986
vn -0.0043 -0.9160 0.4011
vn -0.0024 -0.9345 0.3560
vn -0.0059 -0.9364 0.3510
vn -0.0049 -0.9111 0.4121
vn -0.0114 -0.9156 0.4019
vn -0.0118 -0.9114 0.4113
vn -0.0088 -0.8919 0.4522
vn -0.0173 -0.8847 0.4657
vn -0.0103 -0.8547 0.5191
vn -0.0219 -0.8654 0.5005
vn -0.0228 -0.8547 0.5187
vn -0.0172 -0.8364 0.5478
vn -0.0282 -0.8216 0.5693
vn -0.0205 -0.8006 0.5988
vn -0.0225 -0.8046 0.5934
vn -0.0329 -0.7796 0.6254
vn -0.0329 -0.7794 0.6257
vn -0.0279 -0.7703 0.6371
vn -0.0371 -0.7402 0.6713
vn -0.0332 -0.7336 0.6788
vn -0.0408 -0.6984 0.7146
vn -0.0438 -0.6748 0.7367
vn -0.0408 -0.6979 0.7150
vn -0.0164 -0.6557 0.7549
vn -0.0478 -0.6531 0.7558
vn -0.0198 -0.7046 0.7093
vn -0.0327 -0.6637 0.7472
vn -0.0323 -0.6637 0.7473
vn -0.0383 -0.6746 0.7372
vn -0.0314 -0.6751 0.7370
vn -0.0463 -0.6747 0.7366
vn 0.0148 -0.6820 0.7312
vn 0.0143 -0.6820 0.7312
vn -0.0099 -0.6831 0.7302
vn 0.6393 -0.7666 -0.0604
vn 0.6566 -0.7526 -0.0507
vn 0.6575 -0.7478 -0.0923
vn 0.6544 -0.7501 -0.0948
vn 0.6556 -0.7449 -0.1235
vn 0.6504 -0.7488 -0.1276
vn 0.6519 -0.7435 -0.1493
vn 0.6455 -0.7481 -0.1540
vn 0.6478 -0.7411 -0.1766
vn 0.6315 -0.7546 -0.1784
vn 0.6339 -0.7495 -0.1910
vn 0.6197 -0.7609 -0.1922
vn 0.6237 -0.7540 -0.2061
vn 0.5945 -0.7851 -0.1736
vn 0.5540 -0.8174 -0.1577
vn 0.5539 -0.8176 -0.1573
vn 0.5687 -0.8075 -0.1564
vn 0.5651 -0.8127 -0.1422
vn 0.5807 -0.8018 -0.1410
vn 0.5776 -0.8073 -0.1212
vn 0.5837 -0.8035 -0.1168
vn 0.5816 -0.8074 -0.0991
vn 0.5866 -0.8042 -0.0953
vn 0.5848 -0.8079 -0.0728
vn 0.5880 -0.8058 -0.0702
vn 0.5865 -0.8091 -0.0375
vn 0.5356 -0.8436 -0.0376
vn 0.4768 -0.8788 -0.0191
vn 0.4997 -0.8662 -0.0089
vn 0.5021 -0.8638 -0.0407
vn 0.4984 -0.8658 -0.0435
vn 0.5002 -0.8639 -0.0590
vn 0.4953 -0.8665 -0.0627
vn 0.4973 -0.8643 -0.0751
vn 0.4912 -0.8674 -0.0796
vn 0.4946 -0.8638 -0.0957
vn 0.4790 -0.8725 -0.0965
vn 0.4840 -0.8679 -0.1120
vn 0.4692 -0.8759 -0.1127
vn 0.4710 -0.8744 -0.1168
vn 0.4606 -0.8798 -0.1176
vn 0.4582 -0.8816 -0.1132
vn 0.4412 -0.8876 -0.1321
vn 0.4436 -0.8853 -0.1399
vn 0.1842 -0.9828 -0.0084
vn 0.1716 -0.9851 -0.0062
vn 0.2033 -0.9776 0.0539
vn 0.2207 -0.9735 0.0604
vn 0.1976 -0.9752 0.0998
vn 0.2118 -0.9685 0.1310
vn 0.2135 -0.9686 0.1278
vn 0.0338 -0.9980 0.0542
vn 0.0445 -0.9973 0.0582
vn 0.0466 -0.9862 0.1591
vn 0.0871 -0.9837 0.1573
vn 0.2374 -0.9413 0.2398
vn 0.1918 -0.9487 0.2513
vn 0.1749 -0.9650 0.1954
vn 0.1960 -0.9565 0.2159
vn 0.1748 -0.9730 0.1507
vn 0.1946 -0.9662 0.1693
vn 0.1724 -0.9793 0.1061
vn 0.1916 -0.9737 0.1233
vn 0.1684 -0.9837 0.0624
vn 0.1863 -0.9794 0.0777
vn 0.1574 -0.9875 0.0078
vn 0.1731 -0.9848 0.0107
vn 0.1210 -0.7439 0.6573
vn 0.0448 -0.7428 0.6680
vn 0.0436 -0.7760 0.6293
vn 0.0565 -0.7584 0.6493
vn 0.0541 -0.8084 0.5861
vn 0.0671 -0.7923 0.6065
vn 0.0642 -0.8384 0.5413
vn 0.0772 -0.8237 0.5617
vn 0.0737 -0.8655 0.4954
vn 0.0866 -0.8525 0.5156
vn 0.0823 -0.8900 0.4485
vn 0.0953 -0.8783 0.4685
vn 0.0902 -0.9118 0.4006
vn 0.1030 -0.9016 0.4201
vn 0.0971 -0.9308 0.3523
vn 0.1095 -0.9223 0.3707
vn 0.1026 -0.9474 0.3032
vn 0.1150 -0.9401 0.3210
vn 0.1073 -0.9612 0.2542
vn 0.1190 -0.9553 0.2706
vn 0.1104 -0.9725 0.2049
vn 0.1215 -0.9679 0.2201
vn 0.1120 -0.9815 0.1553
vn 0.1224 -0.9780 0.1690
vn 0.1121 -0.9880 0.1064
vn -0.0182 -0.7427 0.6694
vn -0.0129 -0.7339 0.6792
vn -0.0109 -0.7786 0.6274
vn -0.0055 -0.7705 0.6374
vn -0.0037 -0.8121 0.5836
vn 0.0017 -0.8047 0.5937
vn 0.0034 -0.8429 0.5380
vn 0.0085 -0.8364 0.5480
vn 0.0100 -0.8711 0.4910
vn 0.0151 -0.8654 0.5009
vn 0.0163 -0.8967 0.4423
vn 0.0215 -0.8916 0.4523
vn 0.0224 -0.9193 0.3929
vn 0.0272 -0.9152 0.4022
vn 0.0277 -0.9393 0.3421
vn 0.0325 -0.9357 0.3512
vn 0.0328 -0.9562 0.2908
vn 0.0370 -0.9536 0.2988
vn 0.0369 -0.9705 0.2383
vn 0.0410 -0.9684 0.2459
vn 0.0403 -0.9855 0.1651
vn 0.0292 -0.9859 0.1650
vn 0.0152 -0.9888 0.1482
vn -0.0099 -0.6831 0.7303
vn -0.0013 -0.6686 0.7436
vn -0.0005 -0.7201 0.6939
vn 0.0083 -0.7055 0.7087
vn 0.0091 -0.7573 0.6530
vn 0.0181 -0.7435 0.6685
vn 0.0186 -0.7917 0.6106
vn 0.0275 -0.7792 0.6262
vn 0.0277 -0.8238 0.5662
vn 0.0367 -0.8123 0.5821
vn 0.0365 -0.8532 0.5204
vn 0.0455 -0.8428 0.5363
vn 0.0448 -0.8796 0.4735
vn 0.0537 -0.8706 0.4890
vn 0.0523 -0.9035 0.4253
vn 0.0610 -0.8958 0.4403
vn 0.0591 -0.9248 0.3759
vn 0.0678 -0.9180 0.3908
vn 0.0653 -0.9430 0.3262
vn 0.0734 -0.9376 0.3399
vn 0.0703 -0.9587 0.2756
vn 0.0782 -0.9542 0.2886
vn 0.0744 -0.9716 0.2248
vn 0.0816 -0.9683 0.2362
vn 0.0771 -0.9818 0.1734
vn 0.0459 -0.9911 0.1248
vn 0.1213 -0.9856 0.1180
vn 0.1073 -0.9933 0.0420
vn 0.1203 -0.9922 0.0321
vn 0.1926 -0.8984 0.3946
vn 0.1344 -0.9033 0.4074
vn 0.1288 -0.9202 0.3696
vn 0.1459 -0.9084 0.3917
vn 0.1346 -0.9372 0.3219
vn 0.1517 -0.9268 0.3435
vn 0.1394 -0.9514 0.2746
vn 0.1558 -0.9428 0.2948
vn 0.1425 -0.9634 0.2272
vn 0.1585 -0.9562 0.2461
vn 0.1440 -0.9731 0.1797
vn 0.1596 -0.9672 0.1974
vn 0.1441 -0.9806 0.1327
vn 0.1585 -0.9761 0.1485
vn 0.1422 -0.9861 0.0861
vn 0.1556 -0.9827 0.1002
vn 0.1345 -0.9905 0.0268
vn 0.1401 -0.9897 0.0279
vn 0.1376 -0.9857 0.0969
vn 0.1553 -0.9822 0.1053
vn 0.1568 -0.9832 0.0932
vn 0.1531 -0.9841 0.0903
vn 0.1520 -0.9837 0.0960
vn 0.1484 -0.9845 0.0932
vn 0.1481 -0.9844 0.0946
vn 0.1447 -0.9852 0.0919
vn 0.1468 -0.9855 0.0851
vn 0.1372 -0.9869 0.0847
vn 0.1455 -0.9872 0.0653
vn 0.1334 -0.9889 0.0649
vn 0.1465 -0.9884 0.0407
vn 0.1332 -0.9903 0.0397
vn 0.1447 -0.9892 0.0223
vn 0.1417 -0.9898 0.0169
vn 0.1481 -0.9889 0.0080
vn 0.1458 -0.9893 0.0029
vn 0.1535 -0.9881 -0.0069
vn 0.1518 -0.9883 -0.0115
vn 0.1607 -0.9868 -0.0219
vn 0.1597 -0.9868 -0.0255
vn 0.1703 -0.9847 -0.0368
vn 0.1699 -0.9847 -0.0389
vn 0.1812 -0.9822 -0.0501
vn 0.1832 -0.9825 -0.0342
vn 0.1878 -0.9800 -0.0661
vn 0.2786 -0.9588 0.0553
vn 0.2805 -0.9582 0.0566
vn 0.2822 -0.9584 0.0425
vn 0.2779 -0.9598 0.0393
vn 0.2779 -0.9598 0.0392
vn 0.2732 -0.9613 0.0356
vn 0.2737 -0.9612 0.0339
vn 0.2687 -0.9627 0.0301
vn 0.2714 -0.9622 0.0210
vn 0.2581 -0.9659 0.0205
vn 0.2656 -0.9641 0.0021
vn 0.2517 -0.9678 0.0017
vn 0.2615 -0.9651 -0.0170
vn 0.2491 -0.9683 -0.0178
vn 0.2562 -0.9662 -0.0289
vn 0.2536 -0.9667 -0.0328
vn 0.2571 -0.9657 -0.0377
vn 0.2554 -0.9660 -0.0407
vn 0.2596 -0.9646 -0.0462
vn 0.2587 -0.9647 -0.0481
vn 0.2636 -0.9631 -0.0539
vn 0.2684 -0.9624 -0.0410
vn 0.2668 -0.9612 -0.0697
vn 0.3482 -0.9373 0.0158
vn 0.3969 -0.9176 0.0216
vn 0.3994 -0.9168 -0.0030
vn 0.3953 -0.9185 -0.0061
vn 0.3965 -0.9179 -0.0137
vn 0.3913 -0.9201 -0.0175
vn 0.3926 -0.9194 -0.0241
vn 0.3867 -0.9218 -0.0284
vn 0.3899 -0.9199 -0.0408
vn 0.3748 -0.9262 -0.0414
vn 0.3812 -0.9227 -0.0584
vn 0.3664 -0.9286 -0.0588
vn 0.3721 -0.9255 -0.0705
vn 0.3608 -0.9299 -0.0712
vn 0.3628 -0.9289 -0.0746
vn 0.3606 -0.9295 -0.0774
vn 0.3602 -0.9297 -0.0768
vn 0.3550 -0.9310 -0.0845
vn 0.3527 -0.9323 -0.0799
vn 0.0376 -0.6398 0.7676
vn 0.0165 -0.5902 0.8071
vn 0.0190 -0.6360 0.7714
vn 0.0152 -0.6356 0.7719
vn 0.0326 -0.6178 0.7857
vn 0.0326 -0.6273 0.7781
vn 0.0325 -0.6266 0.7787
vn -0.0109 -0.6000 0.8000
vn -0.0020 -0.6249 0.7807
vn 0.0041 -0.6248 0.7808
vn -0.0368 -0.5398 0.8410
vn -0.0356 -0.5386 0.8418
vn -0.0295 -0.5175 0.8552
vn -0.0099 -0.6812 0.7320
vn -0.0098 -0.6799 0.7333
vn -0.0021 -0.6259 0.7799
vn -0.0457 -0.5936 0.8035
vn -0.0480 -0.6000 0.7986
vn -0.0493 -0.6218 0.7816
vn -0.0299 -0.5398 0.8413
vn -0.0288 -0.5395 0.8415
vn -0.0315 -0.6850 0.7279
vn -0.0468 -0.5677 0.8219
vn -0.0351 -0.5676 0.8225
vn -0.0479 -0.5357 0.8430
vn -0.0542 -0.5226 0.8509
vn -0.0499 -0.5320 0.8452
vn 0.0194 0.6383 0.7695
vn 0.0219 0.6376 0.7701
vn -0.0015 0.5889 0.8082
vn 0.0214 0.6662 0.7454
vn 0.0196 0.6296 0.7767
vn 0.0196 0.6298 0.7765
vn -0.0075 0.6083 0.7937
vn -0.0079 0.6099 0.7924
vn 0.0046 0.6099 0.7925
vn -0.0012 0.6108 0.7918
vn -0.0076 0.6752 0.7376
vn -0.0272 0.5319 0.8464
vn -0.0271 0.5314 0.8467
vn -0.0293 0.5335 0.8453
vn -0.0300 0.5335 0.8453
vn -0.0273 0.5328 0.8458
vn -0.0271 0.5341 0.8450
vn -0.0385 0.6768 0.7352
vn -0.0430 0.6387 0.7682
vn -0.0406 0.6388 0.7683
vn -0.0400 0.6401 0.7672
vn -0.0493 0.6133 0.7883
vn -0.0484 0.5811 0.8124
vn -0.0470 0.5523 0.8323
vn 0.7631 0.6426 -0.0695
vn 0.7268 0.6431 -0.2411
vn 0.7291 0.6402 -0.2420
vn 0.7208 0.6507 -0.2387
vn 0.6737 0.7060 -0.2182
vn 0.6225 0.7560 -0.2022
vn 0.8042 0.5362 -0.2565
vn 0.7970 0.5520 -0.2451
vn 0.7965 0.5520 -0.2465
vn 0.6954 0.6851 -0.2169
vn 0.6731 0.7115 -0.2018
vn 0.7665 0.6036 -0.2195
vn 0.7620 0.6038 -0.2339
vn 0.8082 0.5407 -0.2333
vn 0.7513 0.6262 -0.2084
vn 0.6748 0.7134 -0.1890
vn 0.6997 0.6929 -0.1741
vn 0.7307 0.6522 -0.2016
vn 0.7309 0.6523 -0.2007
vn 0.7977 0.5678 -0.2032
vn 0.7037 0.6900 -0.1697
vn 0.6525 0.7407 -0.1598
vn 0.7957 0.5797 -0.1756
vn 0.7898 0.5801 -0.1991
vn 0.8053 0.5680 -0.1700
vn 0.7473 0.6442 -0.1629
vn 0.6795 0.7203 -0.1391
vn 0.8328 0.5317 -0.1541
vn 0.8328 0.5314 -0.1547
vn 0.7835 0.6072 -0.1323
vn 0.7816 0.6073 -0.1424
vn 0.7628 0.6394 -0.0963
vn 0.8322 0.5416 -0.1191
vn 0.6720 0.7323 -0.1106
vn 0.6723 0.7320 -0.1105
vn 0.7648 0.6404 -0.0704
vn 0.8161 0.5721 -0.0818
vn 0.7041 0.7047 -0.0873
vn 0.7616 0.6392 -0.1063
vn 0.7614 0.6396 -0.1060
vn 0.7647 0.6423 -0.0514
vn 0.7056 0.7076 -0.0381
vn 0.7445 0.6675 -0.0148
vn 0.7437 0.6679 0.0307
vn 0.7016 0.7123 0.0203
vn 0.8509 0.5253 -0.0010
vn 0.7863 0.6178 -0.0114
vn 0.7843 0.6152 -0.0799
vn 0.7875 0.6162 -0.0117
vn 0.7775 0.6289 -0.0004
vn 0.7269 0.6867 -0.0097
vn 0.8199 0.5715 -0.0325
vn 0.7757 0.6296 -0.0434
vn 0.7784 0.6259 0.0489
vn 0.7757 0.6304 -0.0303
vn 0.7426 0.6696 0.0112
vn 0.7438 0.6681 0.0208
vn 0.8800 0.4737 0.0342
vn 0.7922 0.6087 0.0429
vn 0.0635 0.0001 -0.9980
vn 0.0636 -0.0000 -0.9980
vn 0.0634 -0.0000 -0.9980
vn 0.7665 -0.6398 -0.0563
vn 0.7980 -0.6009 -0.0464
vn 0.7211 -0.6920 -0.0335
vn 0.7045 -0.6587 0.2642
vn 0.7232 -0.6894 -0.0412
vn 0.7114 -0.7020 -0.0330
vn 0.8305 -0.5568 -0.0149
vn 0.7577 -0.6526 -0.0031
vn 0.7578 -0.6525 -0.0032
vn 0.7576 -0.6510 0.0483
vn 0.7588 -0.6512 -0.0135
vn 0.7121 -0.7021 -0.0021
vn 0.8734 -0.4865 0.0210
vn 0.8202 -0.5713 0.0303
vn 0.7925 -0.6084 0.0421
vn 0.6991 -0.7145 0.0281
vn 0.8198 -0.5709 0.0459
vn 0.8114 -0.5843 -0.0160
vn 0.8150 -0.5792 0.0203
vn 0.7243 -0.6475 -0.2372
vn 0.7247 -0.6468 -0.2374
vn 0.7415 -0.6371 -0.2103
vn 0.7970 -0.5489 -0.2520
vn 0.7414 -0.6322 -0.2253
vn 0.6657 -0.7179 -0.2036
vn 0.6616 -0.7180 -0.2162
vn 0.6659 -0.7177 -0.2036
vn 0.7833 -0.5650 -0.2592
vn 0.7651 -0.5913 -0.2551
vn 0.7470 -0.6172 -0.2471
vn 0.7353 -0.6523 -0.1839
vn 0.7390 -0.6472 -0.1871
vn 0.7983 -0.5595 -0.2230
vn 0.7330 -0.6479 -0.2072
vn 0.6633 -0.7267 -0.1789
vn 0.7373 -0.6375 -0.2235
vn 0.7291 -0.6721 -0.1292
vn 0.8442 -0.5060 -0.1770
vn 0.7305 -0.6527 -0.2009
vn 0.6492 -0.7450 -0.1533
vn 0.7960 -0.5698 -0.2040
vn 0.8231 -0.5301 -0.2037
vn 0.6944 -0.7040 -0.1492
vn 0.6902 -0.7042 -0.1665
vn 0.6690 -0.7295 -0.1426
vn 0.6701 -0.7284 -0.1427
vn 0.6470 -0.7515 -0.1286
vn 0.6824 -0.7228 -0.1092
vn 0.6804 -0.7230 -0.1192
vn 0.8475 -0.5116 -0.1415
vn 0.6922 -0.7155 -0.0943
vn 0.6880 -0.7197 -0.0930
vn 0.7419 -0.6647 -0.0880
vn 0.7421 -0.6647 -0.0865
vn 0.7541 -0.6484 -0.1047
vn 0.8303 -0.5477 -0.1026
vn 0.7005 -0.7105 -0.0671
vn 0.7440 -0.6650 -0.0651
vn 0.7646 -0.6400 -0.0760
vn 0.1512 -0.9857 -0.0739
vn 0.1498 -0.9860 -0.0728
vn 0.1499 -0.9860 -0.0726
vn 0.0217 -0.4924 0.8701
vn 0.0313 -0.2054 0.9782
vn 0.0224 0.5803 0.8141
vn 0.0215 0.5482 0.8361
vn 0.0260 0.4800 0.8769
vn -0.0022 0.5254 0.8509
vn 0.0031 0.5329 0.8462
vn -0.0158 0.5041 0.8635
vn 0.0219 0.5485 0.8358
vn 0.0224 0.4984 0.8667
vn -0.0047 0.4490 0.8935
vn 0.0260 0.2772 0.9605
vn 0.0236 0.3391 0.9405
vn 0.0165 0.3334 0.9426
vn 0.0272 0.3891 0.9208
vn 0.0270 0.4107 0.9114
vn 0.0060 0.3922 0.9199
vn 0.0263 0.4439 0.8957
vn 0.0260 0.2738 0.9614
vn 0.0164 0.2650 0.9641
vn 0.0335 0.2147 0.9761
vn 0.0368 0.1903 0.9810
vn -0.0155 0.1579 0.9873
vn 0.0335 0.2143 0.9762
vn 0.0317 -0.0278 0.9991
vn 0.0243 0.0384 0.9990
vn 0.0192 0.0354 0.9992
vn 0.0346 0.0952 0.9949
vn 0.0346 0.1149 0.9928
vn 0.0021 0.0962 0.9954
vn 0.0369 0.1549 0.9872
vn 0.0317 -0.0258 0.9992
vn 0.0152 -0.0385 0.9991
vn 0.0377 -0.0862 0.9956
vn 0.0377 -0.0863 0.9956
vn 0.0118 -0.1148 0.9933
vn 0.0370 -0.1466 0.9885
vn 0.0314 -0.1904 0.9812
vn 0.0043 -0.2085 0.9780
vn 0.0370 -0.1465 0.9885
vn 0.0199 -0.2664 0.9636
vn 0.0214 -0.2651 0.9640
vn 0.0281 -0.3235 0.9458
vn 0.0292 -0.3810 0.9241
vn 0.0150 -0.3389 0.9407
vn 0.0280 -0.3237 0.9457
vn 0.0292 -0.3811 0.9241
vn 0.0126 -0.4105 0.9118
vn 0.0266 -0.4378 0.8987
vn 0.0044 -1.0000 -0.0000
vn 0.0216 -0.4930 0.8697
vn 0.0130 -0.4798 0.8773
vn 0.0266 -0.4376 0.8988
vn -0.0031 -0.5460 0.8378
vn 0.0149 -0.5469 0.8370
vn 0.0184 -0.5423 0.8400
vn 0.0193 -0.5809 0.8137
vn -0.0284 -0.5538 0.8321
vn -0.0296 -0.5538 0.8321
vn -0.0127 -0.5418 0.8404
vn -0.0032 -0.5460 0.8378
vn 0.0028 -0.5461 0.8377
vn -0.0470 -0.5539 0.8312
vn -0.0442 -0.5540 0.8314
vn -0.0472 -0.5590 0.8278
vn -0.0448 -0.4856 0.8730
vn -0.0536 -0.5079 0.8597
vn -0.0536 -0.5076 0.8599
vn -0.0475 -0.4161 0.9081
vn -0.0557 -0.4553 0.8886
vn -0.0557 -0.4555 0.8885
vn -0.0564 -0.2995 0.9524
vn -0.0508 -0.3464 0.9367
vn -0.0525 -0.3438 0.9376
vn -0.0547 -0.4024 0.9138
vn -0.0547 -0.4018 0.9141
vn -0.0564 -0.3001 0.9523
vn -0.0500 -0.2692 0.9618
vn -0.0574 -0.2531 0.9657
vn -0.0574 -0.2525 0.9659
vn -0.0539 -0.1935 0.9796
vn -0.0535 -0.1941 0.9795
vn -0.0512 -0.1167 0.9918
vn -0.0587 -0.1354 0.9891
vn -0.0587 -0.1353 0.9891
vn -0.0596 -0.0166 0.9981
vn -0.0511 -0.0391 0.9979
vn -0.0605 -0.0761 0.9953
vn -0.0605 -0.0762 0.9953
vn -0.0542 0.0326 0.9980
vn -0.0515 0.0391 0.9979
vn -0.0607 0.0814 0.9948
vn -0.0607 0.0811 0.9949
vn -0.0508 0.1167 0.9919
vn -0.0595 0.1410 0.9882
vn -0.0555 0.1934 0.9795
vn -0.0516 0.1997 0.9785
vn -0.0595 0.1417 0.9881
vn -0.0442 0.4087 0.9116
vn -0.0450 0.3415 0.9388
vn -0.0583 0.3153 0.9472
vn -0.0583 0.3152 0.9472
vn -0.0506 0.2691 0.9618
vn -0.0563 0.2578 0.9646
vn -0.0562 0.2607 0.9638
vn -0.0443 0.4064 0.9126
vn -0.0422 0.4138 0.9094
vn -0.0453 0.4600 0.8867
vn -0.0453 0.4606 0.8865
vn -0.0405 0.4830 0.8747
vn -0.0450 0.5123 0.8576
vn -0.0441 0.5414 0.8396
vn -0.0470 0.5473 0.8356
vn -0.0212 0.5123 0.8585
vn -0.0466 0.5611 0.8264
vn -0.0266 0.5536 0.8323
vn -0.0295 0.5536 0.8323
vn -0.0266 0.5537 0.8323
vn -0.0381 0.3613 0.9317
vn -0.0341 0.3828 0.9232
vn -0.0356 0.2676 0.9629
vn -0.0345 0.2693 0.9624
vn -0.0351 0.1922 0.9807
vn -0.0342 0.1936 0.9805
vn -0.0347 0.1160 0.9926
vn -0.0342 0.1167 0.9926
vn -0.0344 0.0388 0.9987
vn -0.0342 0.0391 0.9986
vn -0.0342 -0.0388 0.9987
vn -0.0344 -0.0391 0.9986
vn -0.0342 -0.1161 0.9927
vn -0.0346 -0.1168 0.9926
vn -0.0342 -0.1923 0.9807
vn -0.0350 -0.1936 0.9805
vn -0.0344 -0.2676 0.9629
vn -0.0355 -0.2693 0.9624
vn -0.0346 -0.3418 0.9391
vn -0.0360 -0.3440 0.9383
vn -0.0349 -0.4140 0.9096
vn -0.0363 -0.4162 0.9085
vn -0.0349 -0.4832 0.8748
vn -0.0367 -0.4857 0.8733
vn -0.0351 -0.5482 0.8356
vn -0.0473 -0.5539 0.8312
vn -0.0019 0.5480 0.8365
vn -0.0115 0.5423 0.8401
vn -0.0122 0.4791 0.8777
vn -0.0088 0.4837 0.8752
vn -0.0093 0.4100 0.9120
vn -0.0062 0.4145 0.9100
vn -0.0065 0.3386 0.9409
vn -0.0041 0.3422 0.9396
vn -0.0043 0.2647 0.9643
vn -0.0022 0.2679 0.9634
vn -0.0023 0.1900 0.9818
vn -0.0008 0.1924 0.9813
vn -0.0008 0.1147 0.9934
vn 0.0001 0.1162 0.9932
vn 0.0001 0.0384 0.9993
vn 0.0003 0.0388 0.9992
vn 0.0004 -0.0384 0.9993
vn 0.0001 -0.0389 0.9992
vn 0.0001 -0.1147 0.9934
vn -0.0008 -0.1162 0.9932
vn -0.0007 -0.1901 0.9818
vn -0.0023 -0.1925 0.9813
vn -0.0022 -0.2648 0.9643
vn -0.0042 -0.2679 0.9634
vn -0.0040 -0.3386 0.9409
vn -0.0064 -0.3422 0.9396
vn -0.0061 -0.4101 0.9120
vn -0.0092 -0.4145 0.9100
vn -0.0087 -0.4792 0.8776
vn -0.0120 -0.4837 0.8752
vn -0.0114 -0.5427 0.8398
vn 0.7502 0.6100 -0.2552
vn 0.7314 0.6424 -0.2289
vn 0.7311 0.6374 -0.2434
vn 0.8663 0.4994 -0.0084
vn 0.7888 -0.5897 -0.1734
vn 0.8264 -0.5631 -0.0048
vn 0.9912 -0.1300 0.0264
vn 0.9647 0.2620 0.0271
vn 0.9113 0.4107 0.0282
vn 0.8855 0.4639 0.0254
vn 0.8262 0.5633 -0.0131
vn 0.9580 -0.0176 -0.2862
vn 0.9562 -0.2539 -0.1454
vn 0.7709 -0.5878 -0.2453
vn 0.7802 -0.5637 -0.2712
vn 0.7639 -0.5929 -0.2548
vn 0.7512 -0.6110 -0.2496
vn 0.8185 -0.5088 -0.2668
vn 0.7948 -0.5511 -0.2540
vn 0.8586 -0.4213 -0.2920
vn 0.8557 -0.4447 -0.2645
vn 0.8717 -0.4090 -0.2701
vn 0.8470 -0.4586 -0.2687
vn 0.8469 -0.4591 -0.2685
vn 0.8162 -0.5172 -0.2575
vn 0.8318 -0.4729 -0.2907
vn 0.9566 -0.2543 -0.1425
vn 0.9094 -0.3943 -0.1321
vn 0.8724 -0.3465 -0.3448
vn 0.8827 -0.3709 -0.2887
vn 0.8899 -0.0000 -0.4562
vn 0.9170 -0.2878 -0.2763
vn 0.9224 -0.2681 -0.2781
vn 0.9339 -0.2180 -0.2834
vn 0.9562 -0.0683 -0.2845
vn 0.9484 -0.1245 -0.2916
vn 0.9477 -0.1202 -0.2958
vn 0.9448 -0.1676 -0.2814
vn 0.9377 -0.2072 -0.2790
vn 0.9352 -0.1743 -0.3083
vn 0.9573 -0.0417 -0.2860
vn 0.9491 -0.0199 -0.3144
vn 0.9562 -0.0688 -0.2845
vn 0.9563 0.0315 -0.2908
vn 0.9532 0.0416 -0.2996
vn 0.9557 0.0811 -0.2828
vn 0.9488 0.1249 -0.2900
vn 0.9448 0.1348 -0.2987
vn 0.9557 0.0814 -0.2828
vn 0.9343 0.2060 -0.2909
vn 0.9419 0.1825 -0.2821
vn 0.9422 0.1805 -0.2822
vn 0.9044 0.3282 -0.2726
vn 0.9162 0.2842 -0.2827
vn 0.9157 0.2874 -0.2808
vn 0.9315 0.2327 -0.2796
vn 0.9315 0.2326 -0.2796
vn 0.9533 0.2649 -0.1447
vn 0.8790 0.3594 -0.3133
vn 0.8817 0.3816 -0.2773
vn 0.8363 0.4808 -0.2635
vn 0.8553 0.4364 -0.2793
vn 0.8552 0.4368 -0.2791
vn 0.8542 0.4430 -0.2723
vn 0.8818 0.3815 -0.2773
vn 0.7557 0.6055 -0.2496
vn 0.7755 0.5852 -0.2371
vn 0.7713 0.5828 -0.2558
vn 0.7896 0.5464 -0.2794
vn 0.7696 0.5899 -0.2447
vn 0.8070 0.5310 -0.2584
vn 0.8149 0.5151 -0.2659
vn 0.8362 0.4809 -0.2634
vn 0.7746 0.5858 -0.2385
vn 0.7745 0.5859 -0.2383
vn 0.7745 0.5859 -0.2384
vn 0.7884 0.5924 -0.1658
vn 0.7762 0.6009 -0.1908
vn 0.7780 0.5899 -0.2163
vn 0.7779 0.5896 -0.2173
vn 0.8001 0.5841 -0.1364
vn 0.8133 0.5768 -0.0762
vn 0.8013 0.5882 -0.1090
vn 0.7969 0.5954 -0.1023
vn 0.7968 0.5956 -0.1019
vn 0.8146 0.5782 -0.0464
vn 0.8127 0.5805 -0.0500
vn 0.8104 0.5841 -0.0461
vn 0.8133 0.5769 -0.0755
vn 0.8302 0.5573 0.0124
vn 0.8298 0.5577 0.0212
vn 0.8560 0.5162 0.0280
vn 0.8561 0.5161 0.0280
vn 0.8298 0.5577 0.0213
vn 0.8219 0.5680 0.0427
vn 0.8221 0.5676 0.0441
vn 0.9109 0.4100 0.0469
vn 0.9345 0.3546 0.0329
vn 0.9507 0.3089 0.0270
vn 0.9507 0.3090 0.0270
vn 0.9891 0.1454 0.0227
vn 0.9961 0.0853 0.0212
vn 0.9961 0.0851 0.0212
vn 0.9972 -0.0714 0.0213
vn 0.9985 -0.0401 0.0383
vn 0.9993 -0.0228 0.0285
vn 0.9994 0.0251 0.0251
vn 0.9925 -0.1191 0.0264
vn 0.9905 -0.1314 0.0400
vn 0.9973 -0.0709 0.0213
vn 0.9812 -0.1906 0.0290
vn 0.9796 -0.1976 0.0353
vn 0.9681 -0.2495 0.0231
vn 0.9682 -0.2490 0.0231
vn 0.9606 -0.2751 0.0397
vn 0.9515 -0.3069 0.0229
vn 0.9355 -0.3512 0.0385
vn 0.9351 -0.3522 0.0394
vn 0.9044 -0.4246 0.0424
vn 0.9176 -0.3968 0.0246
vn 0.9174 -0.3971 0.0246
vn 0.8623 -0.5044 0.0446
vn 0.8919 -0.4515 0.0257
vn 0.8310 -0.5553 0.0342
vn 0.8284 -0.5588 0.0381
vn 0.8095 -0.5863 0.0305
vn 0.8264 -0.5631 -0.0049
vn 0.8249 -0.5652 -0.0012
vn 0.8288 -0.5588 0.0304
vn 0.8279 -0.5591 0.0459
vn 0.8120 -0.5805 -0.0607
vn 0.8099 -0.5845 -0.0498
vn 0.8190 -0.5724 -0.0402
vn 0.8189 -0.5724 -0.0404
vn 0.7960 -0.5949 -0.1120
vn 0.8140 -0.5751 -0.0815
vn 0.8140 -0.5750 -0.0823
vn 0.7971 -0.5865 -0.1438
vn 0.7970 -0.5866 -0.1440
vn 0.8002 -0.5890 -0.1131
vn 0.7888 -0.5897 -0.1735
vn 0.7740 -0.5846 -0.2432
vn 0.7740 -0.5846 -0.2433
vn 0.7740 -0.5846 -0.2434
vn 0.7757 -0.5909 -0.2217
vn 0.7787 -0.5950 -0.1991
vn 0.7788 -0.5955 -0.1971
vn 0.9987 0.0401 -0.0306
vn 0.9989 0.0403 0.0251
vn 0.9988 0.0253 0.0418
vn 0.9896 0.1194 -0.0799
vn 0.9923 0.1204 -0.0304
vn 0.9925 0.1189 -0.0288
vn 0.9921 0.1195 0.0383
vn 0.9892 0.1446 0.0227
vn 0.9727 0.1995 -0.1181
vn 0.9764 0.2013 -0.0787
vn 0.9773 0.1981 -0.0752
vn 0.9795 0.1995 -0.0283
vn 0.9801 0.1969 -0.0256
vn 0.9796 0.1979 0.0348
vn 0.9786 0.2037 0.0295
vn 0.8856 0.4637 0.0254
vn 0.8676 0.4954 0.0438
vn 0.8694 0.4942 -0.0018
vn 0.8233 0.5675 -0.0012
vn 0.8261 0.5633 -0.0128
vn 0.9465 0.2793 -0.1615
vn 0.9522 0.2830 -0.1152
vn 0.9543 0.2781 -0.1098
vn 0.9571 0.2803 -0.0734
vn 0.9588 0.2758 -0.0685
vn 0.9604 0.2776 -0.0249
vn 0.9614 0.2742 -0.0212
vn 0.9610 0.2753 0.0270
vn 0.9639 0.2630 0.0416
vn 0.9355 0.3514 0.0360
vn 0.9366 0.3501 -0.0159
vn 0.9350 0.3541 -0.0204
vn 0.9340 0.3521 -0.0596
vn 0.9315 0.3578 -0.0661
vn 0.9295 0.3554 -0.0989
vn 0.9263 0.3616 -0.1060
vn 0.9219 0.3574 -0.1495
vn 0.9162 0.3693 -0.1555
vn 0.8664 0.4971 -0.0467
vn 0.8700 0.4900 -0.0548
vn 0.8562 0.5103 -0.0812
vn 0.8544 0.5060 -0.1179
vn 0.8441 0.5211 -0.1264
vn 0.9049 0.4247 0.0281
vn 0.9058 0.4236 -0.0092
vn 0.9034 0.4284 -0.0150
vn 0.9031 0.4265 -0.0493
vn 0.8997 0.4328 -0.0569
vn 0.8985 0.4305 -0.0862
vn 0.8944 0.4373 -0.0945
vn 0.8913 0.4329 -0.1349
vn 0.8833 0.4467 -0.1422
vn 0.7779 0.5896 -0.2172
vn 0.7709 0.5961 -0.2245
vn 0.8200 0.5191 -0.2411
vn 0.8181 0.5216 -0.2424
vn 0.8583 0.4447 -0.2561
vn 0.8569 0.4468 -0.2571
vn 0.8904 0.3676 -0.2685
vn 0.8894 0.3693 -0.2693
vn 0.9267 0.2483 -0.2821
vn 0.9526 0.2677 -0.1446
vn 0.7800 0.5942 -0.1963
vn 0.7799 0.5942 -0.1966
vn 0.8285 0.5186 -0.2111
vn 0.8233 0.5255 -0.2146
vn 0.8666 0.4441 -0.2278
vn 0.8625 0.4503 -0.2308
vn 0.8983 0.3668 -0.2418
vn 0.8953 0.3723 -0.2444
vn 0.9238 0.2872 -0.2532
vn 0.9219 0.2915 -0.2551
vn 0.9429 0.2059 -0.2617
vn 0.9417 0.2093 -0.2633
vn 0.9555 0.1243 -0.2676
vn 0.9549 0.1265 -0.2686
vn 0.9617 0.0418 -0.2707
vn 0.9616 0.0423 -0.2710
vn 0.9617 -0.0415 -0.2710
vn 0.9617 -0.0420 -0.2707
vn 0.9552 -0.1239 -0.2687
vn 0.9552 -0.1263 -0.2675
vn 0.9425 -0.2055 -0.2635
vn 0.9423 -0.2092 -0.2615
vn 0.9233 -0.2866 -0.2556
vn 0.9225 -0.2915 -0.2528
vn 0.8978 -0.3660 -0.2451
vn 0.8961 -0.3727 -0.2411
vn 0.8660 -0.4430 -0.2318
vn 0.8633 -0.4509 -0.2267
vn 0.8281 -0.5173 -0.2160
vn 0.8240 -0.5263 -0.2097
vn 0.7773 -0.5979 -0.1958
vn 0.7788 -0.5950 -0.1987
vn 0.9184 -0.2707 -0.2884
vn 0.9104 -0.3078 -0.2764
vn 0.8902 -0.3672 -0.2695
vn 0.8898 -0.3692 -0.2683
vn 0.8582 -0.4441 -0.2575
vn 0.8573 -0.4469 -0.2557
vn 0.8199 -0.5184 -0.2430
vn 0.8184 -0.5218 -0.2406
vn 0.7722 -0.5943 -0.2249
vn 0.7712 -0.5972 -0.2203
vn 0.9625 0.2077 -0.1744
vn 0.9767 0.1208 -0.1774
vn 0.9844 0.1227 -0.1264
vn 0.9910 0.0405 -0.1273
vn 0.9957 0.0409 -0.0836
vn 0.9957 -0.0406 -0.0836
vn 0.9958 -0.0398 -0.0828
vn 0.9892 -0.1213 -0.0822
vn 0.9897 -0.1191 -0.0799
vn 0.9764 -0.2010 -0.0787
vn 0.9774 -0.1978 -0.0752
vn 0.9572 -0.2800 -0.0734
vn 0.9589 -0.2755 -0.0685
vn 0.9316 -0.3575 -0.0661
vn 0.9342 -0.3519 -0.0596
vn 0.8998 -0.4326 -0.0569
vn 0.9033 -0.4263 -0.0493
vn 0.9427 0.2893 -0.1664
vn 0.9647 0.2004 -0.1709
vn 0.9715 0.2033 -0.1221
vn 0.9849 0.1204 -0.1240
vn 0.9892 0.1216 -0.0822
vn 0.9958 0.0401 -0.0828
vn 0.9987 0.0404 -0.0310
vn 0.9987 -0.0401 -0.0310
vn 0.9987 -0.0398 -0.0306
vn 0.9923 -0.1201 -0.0304
vn 0.9925 -0.1186 -0.0288
vn 0.9795 -0.1992 -0.0283
vn 0.9801 -0.1966 -0.0256
vn 0.9605 -0.2773 -0.0249
vn 0.9615 -0.2739 -0.0212
vn 0.9351 -0.3538 -0.0204
vn 0.9367 -0.3498 -0.0159
vn 0.9036 -0.4282 -0.0151
vn 0.9059 -0.4233 -0.0092
vn 0.8002 -0.5891 -0.1125
vn 0.7989 -0.5915 -0.1086
vn 0.8448 -0.5222 -0.1163
vn 0.8539 -0.5045 -0.1281
vn 0.8842 -0.4476 -0.1336
vn 0.8906 -0.4316 -0.1435
vn 0.9171 -0.3698 -0.1486
vn 0.9212 -0.3563 -0.1565
vn 0.9435 -0.2896 -0.1609
vn 0.9458 -0.2785 -0.1670
vn 0.9632 -0.2077 -0.1706
vn 0.9641 -0.1998 -0.1748
vn 0.9762 -0.1252 -0.1772
vn 0.9763 -0.1204 -0.1797
vn 0.9826 -0.0418 -0.1810
vn 0.9825 -0.0403 -0.1818
vn 0.9824 0.0421 -0.1818
vn 0.8624 -0.5053 0.0321
vn 0.8683 -0.4949 0.0323
vn 0.8695 -0.4939 -0.0018
vn 0.8665 -0.4992 -0.0084
vn 0.8664 -0.4963 -0.0545
vn 0.8739 -0.4839 -0.0472
vn 0.8563 -0.5100 -0.0812
vn 0.8986 -0.4302 -0.0862
vn 0.8945 -0.4370 -0.0945
vn 0.9296 -0.3551 -0.0989
vn 0.9264 -0.3613 -0.1060
vn 0.9543 -0.2778 -0.1098
vn 0.9523 -0.2827 -0.1152
vn 0.9728 -0.1992 -0.1181
vn 0.9715 -0.2030 -0.1221
vn 0.9850 -0.1201 -0.1240
vn 0.9844 -0.1224 -0.1264
vn 0.9910 -0.0402 -0.1273
vn 0.9909 -0.0410 -0.1281
vn 0.9909 0.0413 -0.1281
vn 0.9826 0.0406 -0.1811
vn 0.9757 0.1254 -0.1796
vn 0.8005 0.5838 -0.1358
vn 0.7849 0.5994 -0.1567
vn 0.8407 0.5141 -0.1702
vn 0.8322 0.5256 -0.1763
vn 0.8782 0.4399 -0.1878
vn 0.8716 0.4506 -0.1932
vn 0.9094 0.3631 -0.2029
vn 0.9045 0.3725 -0.2074
vn 0.9343 0.2840 -0.2153
vn 0.9310 0.2919 -0.2190
vn 0.9529 0.2037 -0.2248
vn 0.9510 0.2094 -0.2275
vn 0.9651 0.1228 -0.2313
vn 0.9642 0.1265 -0.2331
vn 0.9711 0.0412 -0.2349
vn 0.9709 0.0425 -0.2356
vn 0.9710 -0.0409 -0.2356
vn 0.9711 -0.0423 -0.2349
vn 0.9647 -0.1224 -0.2332
vn 0.9647 -0.1263 -0.2312
vn 0.9523 -0.2031 -0.2279
vn 0.9517 -0.2094 -0.2245
vn 0.9336 -0.2832 -0.2196
vn 0.9320 -0.2922 -0.2146
vn 0.9086 -0.3620 -0.2085
vn 0.9056 -0.3731 -0.2019
vn 0.8774 -0.4386 -0.1946
vn 0.8726 -0.4515 -0.1864
vn 0.8400 -0.5124 -0.1782
vn 0.8331 -0.5269 -0.1683
vn 0.7846 -0.5999 -0.1567
vn 0.7888 -0.5897 -0.1733
vn 0.7486 -0.6131 -0.2522
vn 0.7450 -0.6188 -0.2491
vn 0.7483 -0.6135 -0.2524
vn 0.7661 0.5872 -0.2614
s 0
usemtl material
f 1//1 2//1 3//1
f 3//2 2//2 4//2
f 3//2 4//2 5//2
f 1//2 3//2 6//2
f 6//2 3//2 7//2
f 6//2 7//2 8//2
f 9//2 10//2 11//2
f 8//2 12//2 6//2
f 6//2 12//2 13//2
f 6//2 13//2 14//2
f 9//2 11//2 15//2
f 16//2 17//2 14//2
f 18//2 19//2 20//2
f 20//2 19//2 21//2
f 20//2 21//2 22//2
f 5//2 23//2 3//2
f 3//2 23//2 20//2
f 3//2 20//2 24//2
f 24//2 20//2 22//2
f 10//2 25//2 11//2
f 11//1 25//1 26//1
f 11//2 26//2 27//2
f 17//1 28//1 14//1
f 14//2 28//2 29//2
f 14//2 29//2 6//2
f 18//2 30//2 19//2
f 19//2 30//2 31//2
f 19//2 31//2 32//2
f 16//2 14//2 11//2
f 11//1 14//1 33//1
f 11//2 33//2 15//2
f 32//2 34//2 19//2
f 19//1 34//1 35//1
f 19//1 35//1 36//1
f 37//3 38//3 39//3
f 40//3 39//3 41//3
f 41//3 39//3 42//3
f 41//3 42//3 43//3
f 43//3 44//3 41//3
f 41//3 44//3 45//3
f 41//3 45//3 46//3
f 46//3 47//3 41//3
f 41//3 47//3 48//3
f 41//3 48//3 49//3
f 40//3 50//3 39//3
f 39//3 50//3 51//3
f 39//3 51//3 52//3
f 52//3 53//3 39//3
f 39//3 53//3 54//3
f 39//3 54//3 55//3
f 39//3 38//3 56//3
f 56//3 38//3 57//3
f 56//3 57//3 58//3
f 55//3 59//3 39//3
f 39//3 59//3 60//3
f 39//3 60//3 37//3
f 49//3 61//3 62//3
f 62//3 61//3 63//3
f 62//3 63//3 64//3
f 62//3 65//3 49//3
f 49//3 65//3 66//3
f 49//3 66//3 67//3
f 58//3 68//3 56//3
f 56//3 68//3 69//3
f 56//3 69//3 70//3
f 67//3 71//3 49//3
f 49//3 71//3 72//3
f 49//3 72//3 41//3
f 73//4 27//4 74//4
f 74//5 27//5 26//5
f 74//5 26//5 75//5
f 75//6 26//6 25//6
f 75//6 25//6 76//6
f 76//7 25//7 10//7
f 76//7 10//7 77//7
f 77//8 10//8 9//8
f 77//8 9//8 78//8
f 78//9 9//9 15//9
f 78//9 15//9 79//9
f 79//10 15//10 33//10
f 79//10 33//10 80//10
f 80//11 33//11 14//11
f 80//11 14//11 81//11
f 81//12 14//12 13//12
f 81//12 13//12 82//12
f 82//13 13//13 12//13
f 82//13 12//13 83//13
f 83//14 12//14 8//14
f 83//14 8//14 84//14
f 84//15 8//15 7//15
f 84//15 7//15 85//15
f 85//16 7//16 3//16
f 85//16 3//16 86//16
f 86//17 3//17 24//17
f 86//17 24//17 87//17
f 87//18 24//18 22//18
f 87//18 22//18 88//18
f 88//19 22//19 21//19
f 88//19 21//19 89//19
f 89//20 21//20 19//20
f 89//20 19//20 90//20
f 90//21 19//21 36//21
f 90//21 36//21 91//21
f 91//22 36//22 35//22
f 91//22 35//22 92//22
f 92//23 35//23 34//23
f 92//23 34//23 93//23
f 93//24 34//24 32//24
f 93//24 32//24 94//24
f 94//25 32//25 31//25
f 94//25 31//25 95//25
f 95//26 31//26 30//26
f 95//26 30//26 96//26
f 96//27 30//27 18//27
f 96//27 18//27 97//27
f 97//28 18//28 20//28
f 97//28 20//28 98//28
f 98//29 20//29 23//29
f 98//29 23//29 99//29
f 99//30 23//30 5//30
f 99//30 5//30 100//30
f 100//31 5//31 4//31
f 100//31 4//31 101//31
f 101//32 4//32 2//32
f 101//32 2//32 102//32
f 102//33 2//33 1//33
f 102//33 1//33 103//33
f 103//34 1//34 6//34
f 103//34 6//34 104//34
f 104//35 6//35 29//35
f 104//35 29//35 105//35
f 105//36 29//36 28//36
f 105//36 28//36 106//36
f 106//37 28//37 17//37
f 106//37 17//37 107//37
f 107//38 17//38 16//38
f 107//38 16//38 108//38
f 108//39 16//39 11//39
f 108//39 11//39 73//39
f 73//4 11//4 27//4
f 109//40 110//40 111//40
f 112//41 113//41 114//41
f 115//42 116//42 117//42
f 118//43 119//43 120//43
f 121//44 122//44 123//44
f 124//45 125//45 126//45
f 127//46 128//46 129//46
f 130//47 131//47 132//47
f 133//48 134//48 135//48
f 136//49 137//49 138//49
f 139//50 140//50 141//50
f 142//51 143//51 144//51
f 145//52 146//52 147//52
f 147//53 146//53 148//53
f 147//54 148//54 149//54
f 149//55 148//55 150//55
f 149//56 150//56 151//56
f 151//57 150//57 152//57
f 151//58 152//58 153//58
f 147//59 154//59 145//59
f 145//60 154//60 155//60
f 145//61 155//61 156//61
f 156//62 155//62 157//62
f 156//63 157//63 158//63
f 158//64 157//64 159//64
f 158//64 159//64 160//64
f 159//65 161//65 160//65
f 160//66 161//66 162//66
f 160//67 162//67 163//67
f 163//68 162//68 164//68
f 163//69 164//69 165//69
f 165//70 164//70 166//70
f 166//70 164//70 167//70
f 166//71 167//71 168//71
f 168//72 167//72 169//72
f 168//73 169//73 170//73
f 171//74 172//74 173//74
f 173//75 172//75 170//75
f 173//76 170//76 174//76
f 174//77 170//77 169//77
f 171//78 175//78 172//78
f 172//79 175//79 176//79
f 172//80 176//80 177//80
f 177//81 176//81 178//81
f 177//82 178//82 179//82
f 179//83 178//83 180//83
f 178//84 181//84 180//84
f 180//85 181//85 182//85
f 180//86 182//86 183//86
f 183//87 182//87 184//87
f 183//88 184//88 185//88
f 184//89 186//89 185//89
f 185//90 186//90 187//90
f 185//91 187//91 188//91
f 188//92 187//92 189//92
f 188//93 189//93 190//93
f 190//94 189//94 191//94
f 189//95 192//95 191//95
f 191//96 192//96 193//96
f 191//97 193//97 194//97
f 193//98 195//98 194//98
f 194//99 195//99 196//99
f 194//100 196//100 197//100
f 198//101 199//101 200//101
f 197//102 201//102 194//102
f 194//103 201//103 202//103
f 194//104 202//104 203//104
f 203//105 202//105 198//105
f 203//106 198//106 204//106
f 204//107 198//107 200//107
f 205//108 206//108 207//108
f 207//109 208//109 205//109
f 205//110 208//110 209//110
f 205//111 209//111 199//111
f 199//112 209//112 210//112
f 199//113 210//113 200//113
f 206//114 205//114 211//114
f 211//115 205//115 212//115
f 211//116 212//116 213//116
f 214//117 215//117 111//117
f 111//118 215//118 216//118
f 111//119 216//119 217//119
f 218//120 219//120 220//120
f 220//121 219//121 221//121
f 220//122 221//122 222//122
f 221//123 223//123 222//123
f 222//124 223//124 224//124
f 222//125 224//125 110//125
f 110//126 224//126 225//126
f 110//127 225//127 111//127
f 111//128 225//128 226//128
f 111//129 226//129 214//129
f 227//130 228//130 229//130
f 229//131 228//131 230//131
f 229//132 230//132 231//132
f 232//133 233//133 234//133
f 234//134 233//134 228//134
f 234//135 228//135 235//135
f 235//136 228//136 227//136
f 143//137 236//137 144//137
f 144//138 236//138 237//138
f 144//139 237//139 230//139
f 230//140 237//140 238//140
f 230//141 238//141 231//141
f 239//142 240//142 241//142
f 241//143 240//143 242//143
f 241//144 242//144 243//144
f 244//145 245//145 246//145
f 246//146 245//146 240//146
f 246//147 240//147 247//147
f 247//148 240//148 239//148
f 248//149 249//149 250//149
f 250//150 249//150 251//150
f 250//151 251//151 252//151
f 252//152 251//152 253//152
f 248//153 254//153 249//153
f 249//154 254//154 255//154
f 249//155 255//155 242//155
f 242//156 255//156 256//156
f 242//144 256//144 243//144
f 140//157 257//157 141//157
f 141//158 257//158 258//158
f 141//159 258//159 251//159
f 251//160 258//160 259//160
f 251//161 259//161 253//161
f 138//162 137//162 260//162
f 261//163 262//163 263//163
f 261//164 263//164 138//164
f 138//165 263//165 264//165
f 138//166 264//166 136//166
f 265//167 266//167 138//167
f 138//168 266//168 267//168
f 138//169 267//169 261//169
f 268//170 269//170 270//170
f 270//171 269//171 271//171
f 271//172 269//172 272//172
f 271//173 272//173 273//173
f 274//174 275//174 276//174
f 276//175 275//175 277//175
f 276//176 277//176 278//176
f 278//177 277//177 279//177
f 280//178 281//178 282//178
f 282//179 281//179 283//179
f 282//180 283//180 274//180
f 274//181 283//181 284//181
f 274//182 284//182 275//182
f 285//183 286//183 287//183
f 287//184 286//184 288//184
f 287//185 288//185 280//185
f 280//186 288//186 289//186
f 280//187 289//187 281//187
f 290//188 291//188 292//188
f 292//189 291//189 293//189
f 292//190 293//190 285//190
f 285//191 293//191 294//191
f 285//192 294//192 286//192
f 295//193 296//193 297//193
f 297//194 296//194 298//194
f 297//195 298//195 290//195
f 290//196 298//196 299//196
f 290//197 299//197 291//197
f 300//198 301//198 302//198
f 302//199 301//199 303//199
f 302//200 303//200 304//200
f 304//201 303//201 305//201
f 304//202 305//202 295//202
f 295//203 305//203 306//203
f 295//204 306//204 296//204
f 307//205 308//205 309//205
f 310//206 311//206 312//206
f 312//207 311//207 308//207
f 312//208 308//208 313//208
f 313//209 308//209 307//209
f 313//210 307//210 314//210
f 314//211 307//211 315//211
f 316//212 317//212 318//212
f 318//213 317//213 319//213
f 319//214 320//214 318//214
f 318//215 320//215 321//215
f 318//216 321//216 322//216
f 134//217 323//217 135//217
f 135//218 323//218 324//218
f 135//219 324//219 316//219
f 316//220 324//220 325//220
f 316//221 325//221 317//221
f 131//222 326//222 132//222
f 132//223 326//223 327//223
f 132//224 327//224 328//224
f 329//225 330//225 331//225
f 330//226 329//226 332//226
f 332//227 329//227 333//227
f 332//228 333//228 334//228
f 335//229 336//229 212//229
f 212//230 336//230 337//230
f 212//231 337//231 333//231
f 333//232 337//232 338//232
f 333//233 338//233 334//233
f 335//234 212//234 339//234
f 339//235 212//235 205//235
f 339//236 205//236 340//236
f 198//237 341//237 199//237
f 199//238 341//238 342//238
f 199//239 342//239 205//239
f 205//240 342//240 343//240
f 205//241 343//241 340//241
f 344//242 345//242 346//242
f 346//243 345//243 347//243
f 152//244 348//244 153//244
f 153//245 348//245 349//245
f 153//246 349//246 344//246
f 350//247 351//247 352//247
f 352//248 351//248 353//248
f 352//249 353//249 345//249
f 345//250 353//250 354//250
f 345//251 354//251 347//251
f 350//252 352//252 355//252
f 355//253 352//253 356//253
f 355//254 356//254 357//254
f 358//255 359//255 360//255
f 360//256 359//256 361//256
f 360//257 361//257 356//257
f 356//258 361//258 362//258
f 356//259 362//259 357//259
f 128//260 363//260 129//260
f 129//261 363//261 364//261
f 129//262 364//262 360//262
f 360//263 364//263 365//263
f 360//264 365//264 358//264
f 366//265 367//265 368//265
f 368//266 367//266 127//266
f 369//267 370//267 371//267
f 372//268 373//268 369//268
f 369//269 373//269 374//269
f 369//270 374//270 370//270
f 375//271 376//271 377//271
f 377//272 376//272 378//272
f 377//273 378//273 372//273
f 372//274 378//274 379//274
f 372//275 379//275 373//275
f 380//276 381//276 382//276
f 380//277 382//277 377//277
f 377//271 382//271 383//271
f 377//278 383//278 375//278
f 384//279 385//279 380//279
f 380//280 385//280 386//280
f 380//281 386//281 381//281
f 387//282 388//282 389//282
f 389//282 388//282 390//282
f 389//283 390//283 391//283
f 391//284 390//284 392//284
f 391//285 392//285 384//285
f 384//286 392//286 393//286
f 384//287 393//287 385//287
f 394//288 395//288 389//288
f 389//289 395//289 396//289
f 389//290 396//290 387//290
f 397//291 398//291 399//291
f 399//292 400//292 397//292
f 397//293 400//293 401//293
f 397//294 401//294 394//294
f 394//295 401//295 402//295
f 394//296 402//296 395//296
f 403//297 404//297 394//297
f 394//298 404//298 405//298
f 394//299 405//299 397//299
f 406//300 407//300 408//300
f 408//301 407//301 409//301
f 408//302 409//302 410//302
f 411//303 412//303 413//303
f 124//304 126//304 414//304
f 415//305 416//305 417//305
f 121//306 123//306 418//306
f 419//307 420//307 421//307
f 421//308 420//308 422//308
f 423//309 424//309 425//309
f 425//310 424//310 426//310
f 426//311 427//311 425//311
f 425//312 427//312 428//312
f 425//313 428//313 421//313
f 421//314 428//314 429//314
f 421//315 429//315 419//315
f 423//316 425//316 430//316
f 430//317 425//317 431//317
f 430//318 431//318 432//318
f 119//319 433//319 120//319
f 120//320 433//320 434//320
f 120//321 434//321 431//321
f 431//322 434//322 435//322
f 431//323 435//323 432//323
f 436//324 437//324 438//324
f 436//325 438//325 120//325
f 120//326 438//326 439//326
f 120//327 439//327 118//327
f 436//328 440//328 441//328
f 437//329 436//329 442//329
f 442//330 436//330 441//330
f 442//331 441//331 443//331
f 444//332 445//332 436//332
f 436//333 445//333 446//333
f 436//334 446//334 440//334
f 447//335 448//335 444//335
f 444//336 448//336 449//336
f 444//337 449//337 450//337
f 450//338 451//338 444//338
f 444//339 451//339 452//339
f 444//340 452//340 445//340
f 453//341 454//341 455//341
f 455//342 454//342 456//342
f 455//343 456//343 457//343
f 458//344 459//344 460//344
f 460//345 461//345 458//345
f 458//346 461//346 462//346
f 458//347 462//347 456//347
f 456//348 462//348 463//348
f 456//349 463//349 457//349
f 464//350 465//350 466//350
f 466//351 465//351 467//351
f 466//352 467//352 458//352
f 458//353 467//353 468//353
f 458//354 468//354 459//354
f 115//355 469//355 116//355
f 116//356 469//356 470//356
f 116//357 470//357 471//357
f 116//358 472//358 117//358
f 117//359 472//359 114//359
f 117//360 114//360 473//360
f 473//361 114//361 113//361
f 474//362 475//362 476//362
f 476//362 475//362 477//362
f 476//363 477//363 114//363
f 114//364 477//364 478//364
f 114//365 478//365 112//365
f 345//366 479//366 480//366
f 480//367 481//367 345//367
f 345//368 481//368 482//368
f 345//369 482//369 352//369
f 352//370 482//370 483//370
f 344//371 349//371 345//371
f 345//372 349//372 484//372
f 345//373 484//373 479//373
f 422//374 418//374 421//374
f 421//375 418//375 123//375
f 421//376 123//376 425//376
f 425//377 123//377 485//377
f 425//378 485//378 431//378
f 431//379 485//379 486//379
f 431//380 486//380 120//380
f 120//381 486//381 487//381
f 120//382 487//382 436//382
f 436//383 487//383 488//383
f 436//384 488//384 444//384
f 453//385 447//385 454//385
f 454//386 447//386 444//386
f 454//387 444//387 489//387
f 489//388 444//388 488//388
f 489//389 488//389 490//389
f 490//390 488//390 487//390
f 490//391 487//391 491//391
f 491//392 487//392 486//392
f 491//393 486//393 492//393
f 492//394 486//394 485//394
f 492//395 485//395 417//395
f 417//396 485//396 123//396
f 417//397 123//397 415//397
f 415//398 123//398 122//398
f 416//399 414//399 417//399
f 417//400 414//400 126//400
f 417//401 126//401 492//401
f 492//402 126//402 493//402
f 492//403 493//403 491//403
f 491//404 493//404 494//404
f 491//405 494//405 490//405
f 490//406 494//406 495//406
f 490//407 495//407 489//407
f 489//408 495//408 496//408
f 489//409 496//409 454//409
f 454//410 496//410 497//410
f 454//411 497//411 456//411
f 456//412 497//412 498//412
f 456//413 498//413 458//413
f 213//414 212//414 217//414
f 217//415 212//415 333//415
f 217//416 333//416 111//416
f 111//417 333//417 329//417
f 111//418 329//418 109//418
f 322//419 315//419 318//419
f 318//420 315//420 307//420
f 318//421 307//421 302//421
f 302//422 307//422 309//422
f 302//423 309//423 300//423
f 232//424 218//424 233//424
f 233//425 218//425 220//425
f 233//426 220//426 499//426
f 499//427 220//427 222//427
f 499//428 222//428 500//428
f 500//429 222//429 110//429
f 500//430 110//430 501//430
f 501//431 110//431 109//431
f 501//432 109//432 132//432
f 132//433 109//433 329//433
f 132//434 329//434 130//434
f 130//435 329//435 331//435
f 137//436 139//436 260//436
f 260//437 139//437 141//437
f 260//438 141//438 502//438
f 502//439 141//439 251//439
f 502//440 251//440 503//440
f 503//441 251//441 249//441
f 503//442 249//442 504//442
f 504//443 249//443 242//443
f 504//444 242//444 505//444
f 505//445 242//445 240//445
f 505//446 240//446 506//446
f 506//447 240//447 245//447
f 506//448 245//448 507//448
f 507//449 245//449 508//449
f 507//450 508//450 509//450
f 509//451 508//451 510//451
f 509//452 510//452 511//452
f 511//453 510//453 512//453
f 511//454 512//454 513//454
f 513//455 512//455 514//455
f 513//456 514//456 515//456
f 515//457 514//457 516//457
f 276//458 268//458 274//458
f 274//459 268//459 270//459
f 274//460 270//460 282//460
f 282//461 270//461 517//461
f 282//462 517//462 280//462
f 280//463 517//463 518//463
f 280//464 518//464 287//464
f 287//465 518//465 519//465
f 287//466 519//466 285//466
f 285//467 519//467 520//467
f 285//468 520//468 292//468
f 292//469 520//469 521//469
f 292//470 521//470 290//470
f 290//471 521//471 522//471
f 290//472 522//472 297//472
f 297//473 522//473 523//473
f 297//474 523//474 295//474
f 295//475 523//475 524//475
f 295//476 524//476 304//476
f 304//477 524//477 525//477
f 304//478 525//478 302//478
f 302//479 525//479 526//479
f 302//480 526//480 318//480
f 318//481 526//481 527//481
f 318//482 527//482 316//482
f 316//483 527//483 528//483
f 316//484 528//484 135//484
f 273//485 265//485 271//485
f 271//486 265//486 138//486
f 271//487 138//487 270//487
f 270//488 138//488 260//488
f 270//489 260//489 517//489
f 517//490 260//490 502//490
f 517//491 502//491 518//491
f 518//492 502//492 503//492
f 518//493 503//493 519//493
f 519//494 503//494 504//494
f 519//495 504//495 520//495
f 520//496 504//496 505//496
f 520//497 505//497 521//497
f 521//498 505//498 506//498
f 521//499 506//499 522//499
f 522//500 506//500 507//500
f 522//501 507//501 523//501
f 523//502 507//502 509//502
f 523//503 509//503 524//503
f 524//504 509//504 511//504
f 524//505 511//505 525//505
f 525//506 511//506 513//506
f 525//507 513//507 526//507
f 526//508 513//508 515//508
f 526//509 515//509 527//509
f 527//510 515//510 516//510
f 527//511 516//511 528//511
f 244//512 142//512 245//512
f 245//513 142//513 144//513
f 245//514 144//514 508//514
f 508//515 144//515 230//515
f 508//516 230//516 510//516
f 510//517 230//517 228//517
f 510//518 228//518 512//518
f 512//519 228//519 233//519
f 512//520 233//520 514//520
f 514//521 233//521 499//521
f 514//522 499//522 516//522
f 516//523 499//523 500//523
f 516//524 500//524 528//524
f 528//525 500//525 501//525
f 528//526 501//526 135//526
f 135//527 501//527 132//527
f 135//528 132//528 133//528
f 133//529 132//529 328//529
f 483//530 529//530 352//530
f 352//531 529//531 474//531
f 352//532 474//532 356//532
f 356//533 474//533 476//533
f 356//534 476//534 360//534
f 360//535 476//535 114//535
f 360//536 114//536 129//536
f 129//537 114//537 472//537
f 369//538 530//538 372//538
f 372//539 530//539 531//539
f 372//540 531//540 377//540
f 377//541 531//541 532//541
f 377//542 532//542 380//542
f 380//543 532//543 533//543
f 380//544 533//544 384//544
f 384//545 533//545 534//545
f 384//546 534//546 391//546
f 391//547 534//547 535//547
f 391//548 535//548 389//548
f 389//549 535//549 536//549
f 389//550 536//550 394//550
f 394//551 536//551 408//551
f 394//552 408//552 403//552
f 403//553 408//553 410//553
f 412//554 406//554 413//554
f 413//555 406//555 408//555
f 413//556 408//556 537//556
f 537//557 408//557 536//557
f 537//558 536//558 538//558
f 538//559 536//559 535//559
f 538//560 535//560 539//560
f 539//561 535//561 534//561
f 539//562 534//562 540//562
f 540//563 534//563 533//563
f 540//564 533//564 541//564
f 541//565 533//565 532//565
f 541//566 532//566 542//566
f 542//567 532//567 531//567
f 542//568 531//568 543//568
f 543//569 531//569 530//569
f 127//570 129//570 368//570
f 368//571 129//571 472//571
f 368//572 472//572 544//572
f 544//573 472//573 116//573
f 544//574 116//574 466//574
f 466//575 116//575 471//575
f 466//576 471//576 464//576
f 125//577 411//577 126//577
f 126//578 411//578 413//578
f 126//579 413//579 493//579
f 493//580 413//580 537//580
f 493//581 537//581 494//581
f 494//582 537//582 538//582
f 494//583 538//583 495//583
f 495//584 538//584 539//584
f 495//585 539//585 496//585
f 496//586 539//586 540//586
f 496//587 540//587 497//587
f 497//588 540//588 541//588
f 497//589 541//589 498//589
f 498//590 541//590 542//590
f 498//591 542//591 458//591
f 458//592 542//592 543//592
f 458//593 543//593 466//593
f 466//594 543//594 530//594
f 466//595 530//595 544//595
f 544//596 530//596 369//596
f 544//597 369//597 368//597
f 368//598 369//598 371//598
f 368//599 371//599 366//599
f 545//600 64//600 546//600
f 546//601 64//601 63//601
f 546//601 63//601 547//601
f 547//602 63//602 61//602
f 547//602 61//602 548//602
f 548//603 61//603 49//603
f 548//603 49//603 549//603
f 549//604 49//604 48//604
f 549//604 48//604 550//604
f 550//605 48//605 47//605
f 550//605 47//605 551//605
f 551//606 47//606 46//606
f 551//606 46//606 552//606
f 552//607 46//607 45//607
f 552//607 45//607 553//607
f 553//608 45//608 44//608
f 553//608 44//608 554//608
f 554//609 44//609 43//609
f 554//609 43//609 555//609
f 555//610 43//610 42//610
f 555//610 42//610 556//610
f 556//611 42//611 39//611
f 556//611 39//611 557//611
f 557//612 39//612 56//612
f 557//612 56//612 558//612
f 558//613 56//613 70//613
f 558//613 70//613 559//613
f 559//614 70//614 69//614
f 559//614 69//614 560//614
f 560//615 69//615 68//615
f 560//615 68//615 561//615
f 561//616 68//616 58//616
f 561//616 58//616 562//616
f 562//617 58//617 57//617
f 562//617 57//617 563//617
f 563//618 57//618 38//618
f 563//618 38//618 564//618
f 564//619 38//619 37//619
f 564//619 37//619 565//619
f 565//620 37//620 60//620
f 565//620 60//620 566//620
f 566//621 60//621 59//621
f 566//621 59//621 567//621
f 567//622 59//622 55//622
f 567//622 55//622 568//622
f 568//623 55//623 54//623
f 568//623 54//623 569//623
f 569//624 54//624 53//624
f 569//624 53//624 570//624
f 570//625 53//625 52//625
f 570//625 52//625 571//625
f 571//626 52//626 51//626
f 571//626 51//626 572//626
f 572//627 51//627 50//627
f 572//627 50//627 573//627
f 573//628 50//628 40//628
f 573//628 40//628 574//628
f 574//629 40//629 41//629
f 574//630 41//630 575//630
f 575//631 41//631 72//631
f 575//631 72//631 576//631
f 576//632 72//632 71//632
f 576//632 71//632 577//632
f 577//633 71//633 67//633
f 577//633 67//633 578//633
f 578//634 67//634 66//634
f 578//634 66//634 579//634
f 579//635 66//635 65//635
f 579//635 65//635 580//635
f 580//636 65//636 62//636
f 580//636 62//636 545//636
f 545//600 62//600 64//600
f 581//637 582//637 583//637
f 584//638 585//638 586//638
f 587//639 588//639 589//639
f 589//640 588//640 590//640
f 591//641 592//641 593//641
f 594//642 595//642 596//642
f 596//643 595//643 597//643
f 598//644 599//644 600//644
f 601//645 602//645 603//645
f 604//646 603//646 605//646
f 606//647 607//647 608//647
f 609//648 610//648 611//648
f 612//649 613//649 614//649
f 615//650 616//650 617//650
f 618//651 619//651 620//651
f 621//652 622//652 623//652
f 624//653 625//653 626//653
f 627//654 628//654 629//654
f 630//655 631//655 632//655
f 632//656 631//656 633//656
f 634//657 635//657 636//657
f 637//658 638//658 639//658
f 640//659 641//659 638//659
f 642//660 643//660 644//660
f 645//661 646//661 647//661
f 583//662 582//662 648//662
f 649//663 650//663 651//663
f 652//664 653//664 654//664
f 655//665 656//665 652//665
f 657//666 658//666 659//666
f 660//667 661//667 662//667
f 663//668 664//668 665//668
f 666//669 667//669 668//669
f 669//670 670//670 671//670
f 671//671 670//671 672//671
f 673//672 674//672 675//672
f 676//673 677//673 678//673
f 679//674 680//674 681//674
f 682//675 683//675 684//675
f 685//676 686//676 687//676
f 688//677 689//677 690//677
f 691//678 692//678 693//678
f 694//679 695//679 696//679
f 697//680 698//680 699//680
f 700//681 701//681 702//681
f 703//682 704//682 680//682
f 705//683 706//683 707//683
f 708//684 709//684 710//684
f 711//685 712//685 713//685
f 714//686 715//686 716//686
f 717//687 718//687 719//687
f 720//688 721//688 722//688
f 723//689 724//689 725//689
f 726//690 727//690 728//690
f 729//691 730//691 731//691
f 732//692 733//692 734//692
f 732//693 735//693 736//693
f 736//694 735//694 737//694
f 738//695 739//695 740//695
f 740//696 739//696 741//696
f 740//697 741//697 737//697
f 737//698 741//698 742//698
f 737//699 742//699 736//699
f 743//700 744//700 745//700
f 745//701 746//701 743//701
f 743//702 746//702 747//702
f 743//703 747//703 748//703
f 748//704 747//704 749//704
f 748//705 749//705 738//705
f 738//706 749//706 750//706
f 738//707 750//707 739//707
f 751//708 752//708 744//708
f 744//709 752//709 753//709
f 744//710 753//710 745//710
f 754//711 755//711 756//711
f 756//712 755//712 757//712
f 756//713 757//713 751//713
f 751//714 757//714 758//714
f 751//715 758//715 752//715
f 754//716 756//716 759//716
f 759//717 756//717 760//717
f 759//718 760//718 761//718
f 762//719 763//719 764//719
f 764//720 763//720 765//720
f 764//721 765//721 766//721
f 766//722 765//722 767//722
f 767//723 765//723 768//723
f 767//724 768//724 769//724
f 770//725 771//725 654//725
f 770//726 654//726 772//726
f 773//727 774//727 775//727
f 775//728 774//728 776//728
f 775//729 776//729 777//729
f 777//730 776//730 778//730
f 778//731 776//731 779//731
f 779//732 776//732 780//732
f 779//733 780//733 781//733
f 782//734 783//734 784//734
f 782//735 784//735 780//735
f 780//736 784//736 785//736
f 780//737 785//737 781//737
f 731//738 786//738 787//738
f 731//739 787//739 788//739
f 787//740 789//740 788//740
f 788//741 789//741 790//741
f 788//742 790//742 782//742
f 782//743 790//743 791//743
f 782//744 791//744 783//744
f 730//745 792//745 731//745
f 731//746 792//746 793//746
f 731//747 793//747 786//747
f 794//748 795//748 796//748
f 796//749 795//749 797//749
f 796//750 797//750 729//750
f 798//751 799//751 800//751
f 800//752 799//752 801//752
f 800//753 801//753 794//753
f 802//754 803//754 804//754
f 804//755 803//755 805//755
f 806//756 807//756 804//756
f 807//757 808//757 804//757
f 804//758 808//758 809//758
f 804//759 809//759 802//759
f 810//760 811//760 812//760
f 812//761 811//761 813//761
f 814//762 815//762 816//762
f 816//763 815//763 817//763
f 816//764 817//764 818//764
f 819//765 820//765 821//765
f 821//766 820//766 822//766
f 823//767 824//767 825//767
f 825//768 824//768 826//768
f 827//769 828//769 829//769
f 830//770 831//770 832//770
f 832//771 831//771 833//771
f 834//772 835//772 836//772
f 836//773 835//773 837//773
f 838//774 839//774 827//774
f 827//775 839//775 840//775
f 827//776 840//776 828//776
f 841//777 842//777 843//777
f 843//778 842//778 844//778
f 845//779 846//779 847//779
f 847//780 846//780 848//780
f 728//781 727//781 847//781
f 847//782 727//782 849//782
f 847//783 849//783 845//783
f 725//784 724//784 728//784
f 728//785 724//785 850//785
f 728//786 850//786 726//786
f 851//787 852//787 853//787
f 853//788 852//788 854//788
f 853//789 854//789 725//789
f 725//790 854//790 855//790
f 725//791 855//791 723//791
f 722//792 721//792 853//792
f 853//793 721//793 856//793
f 853//794 856//794 851//794
f 857//795 858//795 859//795
f 859//796 858//796 860//796
f 859//797 860//797 722//797
f 722//798 860//798 861//798
f 722//799 861//799 720//799
f 862//800 863//800 864//800
f 864//801 863//801 865//801
f 864//802 865//802 859//802
f 859//803 865//803 866//803
f 859//804 866//804 857//804
f 719//805 718//805 867//805
f 867//806 718//806 868//806
f 867//807 868//807 869//807
f 869//808 870//808 867//808
f 867//809 870//809 871//809
f 867//810 871//810 864//810
f 864//811 871//811 872//811
f 864//812 872//812 862//812
f 716//813 715//813 873//813
f 873//814 715//814 874//814
f 873//815 874//815 875//815
f 875//816 876//816 873//816
f 873//817 876//817 877//817
f 873//818 877//818 719//818
f 719//819 877//819 878//819
f 719//820 878//820 717//820
f 713//821 712//821 716//821
f 716//822 712//822 879//822
f 716//823 879//823 714//823
f 710//824 709//824 713//824
f 713//825 709//825 880//825
f 713//826 880//826 711//826
f 707//827 706//827 710//827
f 710//828 706//828 881//828
f 710//829 881//829 708//829
f 882//830 883//830 707//830
f 707//831 883//831 884//831
f 707//832 884//832 705//832
f 885//833 886//833 882//833
f 882//834 886//834 887//834
f 882//835 887//835 883//835
f 888//836 889//836 890//836
f 888//837 890//837 891//837
f 890//838 892//838 891//838
f 891//839 892//839 893//839
f 891//840 893//840 882//840
f 882//841 893//841 894//841
f 882//842 894//842 885//842
f 895//843 896//843 888//843
f 888//844 896//844 897//844
f 888//845 897//845 889//845
f 898//846 899//846 895//846
f 895//847 899//847 900//847
f 895//848 900//848 896//848
f 901//849 902//849 903//849
f 901//849 903//849 704//849
f 684//850 904//850 905//850
f 906//851 907//851 679//851
f 679//852 907//852 908//852
f 679//853 908//853 680//853
f 680//854 908//854 909//854
f 680//855 909//855 703//855
f 702//856 701//856 684//856
f 684//857 701//857 910//857
f 684//858 910//858 904//858
f 911//859 912//859 913//859
f 913//860 912//860 914//860
f 913//861 914//861 702//861
f 702//862 914//862 915//862
f 702//863 915//863 700//863
f 916//864 917//864 918//864
f 918//865 917//865 919//865
f 911//866 913//866 920//866
f 920//867 913//867 918//867
f 920//868 918//868 921//868
f 921//869 918//869 919//869
f 921//870 919//870 922//870
f 923//871 924//871 925//871
f 925//872 926//872 927//872
f 927//873 926//873 928//873
f 927//874 928//874 929//874
f 930//875 931//875 923//875
f 923//876 931//876 932//876
f 923//877 932//877 924//877
f 933//878 934//878 935//878
f 935//879 934//879 936//879
f 935//880 936//880 930//880
f 930//881 936//881 937//881
f 930//882 937//882 931//882
f 938//883 939//883 940//883
f 940//884 939//884 933//884
f 697//885 941//885 940//885
f 940//886 941//886 942//886
f 940//887 942//887 938//887
f 699//888 943//888 697//888
f 697//889 943//889 944//889
f 697//890 944//890 941//890
f 945//891 946//891 947//891
f 947//892 946//892 948//892
f 947//893 948//893 699//893
f 699//894 948//894 949//894
f 699//895 949//895 943//895
f 950//896 951//896 945//896
f 945//897 951//897 952//897
f 945//898 952//898 946//898
f 953//899 954//899 950//899
f 950//900 954//900 955//900
f 950//900 955//900 951//900
f 956//901 957//901 958//901
f 958//902 957//902 959//902
f 958//903 959//903 953//903
f 953//904 959//904 960//904
f 953//905 960//905 954//905
f 691//906 693//906 961//906
f 962//907 963//907 964//907
f 964//908 963//908 690//908
f 964//909 690//909 965//909
f 965//910 690//910 689//910
f 966//911 967//911 968//911
f 688//912 690//912 969//912
f 969//913 690//913 970//913
f 969//914 970//914 967//914
f 698//915 697//915 971//915
f 971//916 697//916 940//916
f 971//917 940//917 972//917
f 973//918 974//918 975//918
f 975//919 976//919 973//919
f 973//920 976//920 977//920
f 973//921 977//921 978//921
f 933//922 935//922 940//922
f 940//923 935//923 979//923
f 940//924 979//924 972//924
f 977//925 980//925 978//925
f 978//926 980//926 981//926
f 978//927 981//927 982//927
f 983//928 984//928 985//928
f 985//929 984//929 982//929
f 985//930 982//930 986//930
f 986//931 982//931 981//931
f 987//932 988//932 989//932
f 923//933 990//933 930//933
f 930//934 990//934 991//934
f 930//935 991//935 935//935
f 935//936 991//936 992//936
f 935//937 992//937 979//937
f 993//938 994//938 995//938
f 684//939 683//939 702//939
f 702//940 683//940 994//940
f 702//941 994//941 913//941
f 913//942 994//942 993//942
f 913//943 993//943 918//943
f 995//944 994//944 996//944
f 996//945 994//945 683//945
f 996//946 683//946 997//946
f 997//947 683//947 682//947
f 997//948 682//948 998//948
f 704//949 903//949 680//949
f 680//950 903//950 999//950
f 680//951 999//951 681//951
f 1000//952 1001//952 1002//952
f 1002//953 1001//953 1003//953
f 677//954 676//954 1000//954
f 1000//955 676//955 1004//955
f 1000//956 1004//956 1001//956
f 1005//957 1006//957 1007//957
f 1006//958 1005//958 1008//958
f 1008//959 1005//959 1009//959
f 1008//960 1009//960 1010//960
f 998//961 1011//961 1002//961
f 1002//962 1011//962 1012//962
f 1002//963 1012//963 1000//963
f 1000//964 1012//964 1013//964
f 1000//965 1013//965 677//965
f 677//966 1013//966 1014//966
f 677//967 1014//967 678//967
f 905//968 906//968 684//968
f 684//969 906//969 679//969
f 684//970 679//970 682//970
f 682//971 679//971 681//971
f 682//972 681//972 998//972
f 998//973 681//973 999//973
f 998//974 999//974 1011//974
f 1011//975 999//975 1015//975
f 1011//976 1015//976 1012//976
f 1012//977 1015//977 1016//977
f 1012//978 1016//978 1013//978
f 1013//979 1016//979 1017//979
f 1013//980 1017//980 1014//980
f 1014//981 1017//981 1018//981
f 1014//982 1018//982 678//982
f 1019//983 1020//983 1021//983
f 1021//984 1020//984 1022//984
f 1023//985 1024//985 1010//985
f 1010//986 1024//986 1025//986
f 1010//987 1025//987 1008//987
f 1008//988 1025//988 1026//988
f 1008//989 1026//989 1027//989
f 1028//990 1020//990 1029//990
f 1029//991 1020//991 1019//991
f 1029//992 1019//992 1030//992
f 1028//993 1031//993 1020//993
f 1020//994 1031//994 1032//994
f 1020//995 1032//995 1022//995
f 1022//996 1032//996 1033//996
f 1022//997 1033//997 1034//997
f 1035//998 1036//998 1037//998
f 1037//999 1036//999 1038//999
f 1037//1000 1038//1000 1039//1000
f 672//1001 1040//1001 1041//1001
f 1041//1002 1040//1002 1042//1002
f 1043//1003 1044//1003 1045//1003
f 1046//1004 1023//1004 1047//1004
f 1047//1005 1023//1005 1010//1005
f 1047//1006 1010//1006 1048//1006
f 1048//1007 1010//1007 1009//1007
f 1048//1008 1009//1008 1049//1008
f 1049//1009 1009//1009 1005//1009
f 1049//1010 1005//1010 1050//1010
f 1050//1011 1005//1011 1007//1011
f 1050//1012 1007//1012 1051//1012
f 1052//1013 1053//1013 1030//1013
f 1030//1014 1053//1014 1054//1014
f 1030//1015 1054//1015 1029//1015
f 1029//1016 1054//1016 1055//1016
f 1029//1017 1055//1017 1028//1017
f 1053//1018 1056//1018 1054//1018
f 1054//1019 1056//1019 1057//1019
f 1054//1020 1057//1020 1055//1020
f 1055//1021 1057//1021 1058//1021
f 1055//1022 1058//1022 1028//1022
f 1028//1023 1058//1023 1059//1023
f 1028//1024 1059//1024 1031//1024
f 1031//1025 1059//1025 1060//1025
f 1031//1026 1060//1026 1032//1026
f 1032//1027 1060//1027 1061//1027
f 1032//1028 1061//1028 1033//1028
f 1062//1029 1046//1029 1063//1029
f 1063//1030 1046//1030 1047//1030
f 1063//1031 1047//1031 1064//1031
f 1064//1032 1047//1032 1048//1032
f 1064//1033 1048//1033 1065//1033
f 1065//1034 1048//1034 1049//1034
f 1065//1035 1049//1035 1066//1035
f 1066//1036 1049//1036 1050//1036
f 1066//1037 1050//1037 1067//1037
f 1067//1038 1050//1038 1051//1038
f 1067//1039 1051//1039 1068//1039
f 1069//1040 1070//1040 1071//1040
f 1071//1041 1070//1041 1072//1041
f 1071//1042 1072//1042 1073//1042
f 1073//1043 1072//1043 1074//1043
f 1073//1044 1074//1044 1052//1044
f 664//1045 663//1045 1075//1045
f 1075//1046 663//1046 1076//1046
f 1075//1047 1076//1047 1077//1047
f 1077//1048 1076//1048 1078//1048
f 1077//1049 1078//1049 1044//1049
f 1044//1050 1043//1050 1077//1050
f 1077//1051 1043//1051 1079//1051
f 1077//1052 1079//1052 1075//1052
f 1075//1053 1079//1053 1080//1053
f 1075//1054 1080//1054 664//1054
f 1081//1055 668//1055 1082//1055
f 1082//1056 668//1056 667//1056
f 1082//1057 667//1057 1083//1057
f 1070//1058 1084//1058 1072//1058
f 1072//1059 1084//1059 1085//1059
f 1072//1060 1085//1060 1074//1060
f 1074//1061 1085//1061 1086//1061
f 1087//1062 1088//1062 1089//1062
f 1089//1063 1088//1063 660//1063
f 1089//1064 660//1064 1090//1064
f 1090//1065 660//1065 662//1065
f 1090//1066 662//1066 1091//1066
f 1092//1067 658//1067 1093//1067
f 1093//1068 658//1068 657//1068
f 1093//1069 657//1069 1094//1069
f 1095//1070 1096//1070 1097//1070
f 1097//1071 1096//1071 1098//1071
f 1097//1072 1098//1072 1099//1072
f 649//1073 1100//1073 650//1073
f 650//1074 1100//1074 1101//1074
f 650//1075 1101//1075 1102//1075
f 1102//1076 1101//1076 1103//1076
f 1102//1077 1103//1077 661//1077
f 656//1078 1104//1078 652//1078
f 652//1079 1104//1079 1105//1079
f 652//1080 1105//1080 653//1080
f 1106//1081 1107//1081 1108//1081
f 1109//1082 1062//1082 1110//1082
f 1110//1083 1062//1083 1063//1083
f 1110//1084 1063//1084 1111//1084
f 1111//1085 1063//1085 1064//1085
f 1111//1086 1064//1086 1018//1086
f 1018//1087 1064//1087 1065//1087
f 1018//1088 1065//1088 678//1088
f 678//1089 1065//1089 1066//1089
f 678//1090 1066//1090 676//1090
f 676//1091 1066//1091 1067//1091
f 676//1092 1067//1092 1004//1092
f 1004//1093 1067//1093 1068//1093
f 1004//1094 1068//1094 1001//1094
f 1069//1095 1112//1095 1113//1095
f 1069//1096 1113//1096 1070//1096
f 1070//1097 1113//1097 1114//1097
f 1070//1098 1114//1098 1084//1098
f 1084//1099 1114//1099 1115//1099
f 1084//1100 1115//1100 1085//1100
f 1085//1101 1115//1101 1116//1101
f 1085//1102 1116//1102 1086//1102
f 1086//1103 1116//1103 1117//1103
f 1086//1104 1117//1104 1118//1104
f 1112//1105 1119//1105 1113//1105
f 1113//1106 1119//1106 1120//1106
f 1113//1107 1120//1107 1114//1107
f 1114//1108 1120//1108 1121//1108
f 1114//1109 1121//1109 1115//1109
f 1115//1110 1121//1110 1122//1110
f 1115//1111 1122//1111 1116//1111
f 1116//1112 1122//1112 1123//1112
f 1116//1113 1123//1113 1117//1113
f 1117//1114 1123//1114 1124//1114
f 1117//1115 1124//1115 1118//1115
f 1125//1116 1081//1116 1126//1116
f 1126//1117 1081//1117 1082//1117
f 1126//1118 1082//1118 1127//1118
f 1127//1119 1082//1119 1083//1119
f 1127//1120 1083//1120 1128//1120
f 1080//1121 1129//1121 664//1121
f 664//1122 1129//1122 1130//1122
f 664//1123 1130//1123 665//1123
f 665//1124 1130//1124 1131//1124
f 665//1125 1131//1125 1132//1125
f 1133//1126 1134//1126 1132//1126
f 1132//1127 1134//1127 1128//1127
f 1132//1128 1128//1128 665//1128
f 665//1129 1128//1129 1083//1129
f 665//1130 1083//1130 663//1130
f 663//1131 1083//1131 667//1131
f 663//1132 667//1132 1076//1132
f 1076//1133 667//1133 666//1133
f 1076//1134 666//1134 1078//1134
f 1135//1135 1125//1135 1136//1135
f 1136//1136 1125//1136 1126//1136
f 1136//1137 1126//1137 1137//1137
f 1137//1138 1126//1138 1127//1138
f 1137//1139 1127//1139 1138//1139
f 1138//1140 1127//1140 1128//1140
f 1138//1141 1128//1141 1139//1141
f 1139//1142 1128//1142 1134//1142
f 847//1143 1135//1143 728//1143
f 728//1144 1135//1144 1136//1144
f 728//1145 1136//1145 725//1145
f 725//1146 1136//1146 1137//1146
f 725//1147 1137//1147 853//1147
f 853//1148 1137//1148 1138//1148
f 853//1149 1138//1149 722//1149
f 722//1150 1138//1150 1139//1150
f 722//1151 1139//1151 859//1151
f 859//1152 1139//1152 1134//1152
f 859//1153 1134//1153 864//1153
f 864//1154 1134//1154 1133//1154
f 864//1155 1133//1155 867//1155
f 867//1156 1133//1156 1140//1156
f 867//1157 1140//1157 719//1157
f 719//1158 1140//1158 1141//1158
f 719//1159 1141//1159 873//1159
f 873//1160 1141//1160 1142//1160
f 873//1161 1142//1161 716//1161
f 716//1162 1142//1162 1143//1162
f 716//1163 1143//1163 713//1163
f 713//1164 1143//1164 1144//1164
f 713//1165 1144//1165 710//1165
f 710//1166 1144//1166 1145//1166
f 710//1167 1145//1167 707//1167
f 707//1168 1145//1168 1146//1168
f 707//1169 1146//1169 882//1169
f 1039//1170 1038//1170 1147//1170
f 1147//1171 1038//1171 1045//1171
f 1147//1172 1045//1172 1148//1172
f 1148//1173 1045//1173 1044//1173
f 1148//1174 1044//1174 1149//1174
f 1149//1175 1044//1175 1078//1175
f 1149//1176 1078//1176 1150//1176
f 1150//1177 1078//1177 666//1177
f 1150//1178 666//1178 1151//1178
f 1151//1179 666//1179 668//1179
f 1151//1180 668//1180 1152//1180
f 1152//1181 668//1181 1081//1181
f 1152//1182 1081//1182 1153//1182
f 1153//1183 1081//1183 1125//1183
f 1153//1184 1125//1184 1154//1184
f 1154//1185 1125//1185 1135//1185
f 1154//1186 1135//1186 1155//1186
f 1155//1187 1135//1187 847//1187
f 1155//1188 847//1188 843//1188
f 843//1189 847//1189 848//1189
f 843//1190 848//1190 841//1190
f 1106//1191 1108//1191 1156//1191
f 1156//1192 1108//1192 1157//1192
f 1156//1193 1157//1193 1158//1193
f 1158//1194 1157//1194 1159//1194
f 1158//1195 1159//1195 1160//1195
f 1160//1196 1159//1196 836//1196
f 1160//1197 836//1197 827//1197
f 827//1198 836//1198 837//1198
f 827//1199 837//1199 838//1199
f 1161//1200 1099//1200 1162//1200
f 1162//1201 1099//1201 1098//1201
f 1162//1202 1098//1202 1163//1202
f 1163//1203 1098//1203 1096//1203
f 1163//1204 1096//1204 1164//1204
f 1164//1205 1096//1205 1095//1205
f 1164//1206 1095//1206 1165//1206
f 1165//1207 1095//1207 1166//1207
f 1165//1208 1166//1208 1167//1208
f 1167//1209 1166//1209 1168//1209
f 1167//1210 1168//1210 1169//1210
f 1169//1211 1168//1211 1170//1211
f 1169//1212 1170//1212 1171//1212
f 1171//1213 1170//1213 1172//1213
f 1171//1214 1172//1214 1173//1214
f 1173//1215 1172//1215 824//1215
f 1173//1216 824//1216 820//1216
f 820//1217 824//1217 823//1217
f 820//1218 823//1218 822//1218
f 1174//1219 1175//1219 1176//1219
f 1176//1220 1175//1220 1177//1220
f 1176//1221 1177//1221 1178//1221
f 1178//1222 1177//1222 1179//1222
f 1178//1223 1179//1223 1180//1223
f 1180//1224 1179//1224 816//1224
f 1180//1225 816//1225 812//1225
f 812//1226 816//1226 818//1226
f 812//1227 818//1227 810//1227
f 1181//1228 1161//1228 1182//1228
f 1182//1229 1161//1229 1162//1229
f 1182//1230 1162//1230 1091//1230
f 1091//1231 1162//1231 1163//1231
f 1091//1232 1163//1232 1090//1232
f 1090//1233 1163//1233 1164//1233
f 1090//1234 1164//1234 1089//1234
f 1089//1235 1164//1235 1165//1235
f 1089//1236 1165//1236 1087//1236
f 1087//1237 1165//1237 1167//1237
f 1087//1238 1167//1238 1174//1238
f 1174//1239 1167//1239 1169//1239
f 1174//1240 1169//1240 1175//1240
f 1175//1241 1169//1241 1171//1241
f 1175//1242 1171//1242 1177//1242
f 1177//1243 1171//1243 1173//1243
f 1177//1244 1173//1244 1179//1244
f 1179//1245 1173//1245 820//1245
f 1179//1246 820//1246 816//1246
f 816//1247 820//1247 819//1247
f 816//1248 819//1248 814//1248
f 661//1249 660//1249 1102//1249
f 1102//1250 660//1250 1088//1250
f 1102//1251 1088//1251 650//1251
f 650//1252 1088//1252 1087//1252
f 650//1253 1087//1253 651//1253
f 651//1254 1087//1254 1174//1254
f 651//1255 1174//1255 1183//1255
f 1183//1256 1174//1256 1176//1256
f 1183//1257 1176//1257 1184//1257
f 1184//1258 1176//1258 1178//1258
f 1184//1259 1178//1259 1185//1259
f 1185//1260 1178//1260 1180//1260
f 1185//1261 1180//1261 1186//1261
f 1186//1262 1180//1262 812//1262
f 1186//1263 812//1263 1187//1263
f 1187//1264 812//1264 813//1264
f 1187//1265 813//1265 806//1265
f 806//1265 804//1265 1187//1265
f 1187//1266 804//1266 1188//1266
f 1187//1267 1188//1267 1186//1267
f 1186//1268 1188//1268 1189//1268
f 1186//1269 1189//1269 1185//1269
f 1185//1270 1189//1270 1190//1270
f 1185//1271 1190//1271 1184//1271
f 1184//1272 1190//1272 1191//1272
f 1184//1273 1191//1273 1183//1273
f 1183//1274 1191//1274 1192//1274
f 1183//1275 1192//1275 651//1275
f 651//1276 1192//1276 1193//1276
f 651//1277 1193//1277 649//1277
f 649//1278 1193//1278 1194//1278
f 649//1279 1194//1279 1100//1279
f 729//1280 731//1280 796//1280
f 796//1281 731//1281 788//1281
f 796//1282 788//1282 1195//1282
f 1195//1283 788//1283 782//1283
f 1195//1284 782//1284 1196//1284
f 1196//1285 782//1285 780//1285
f 1196//1286 780//1286 1197//1286
f 1197//1287 780//1287 776//1287
f 1197//1288 776//1288 1198//1288
f 1198//1289 776//1289 774//1289
f 1198//1290 774//1290 1199//1290
f 794//1291 796//1291 800//1291
f 800//1292 796//1292 1195//1292
f 800//1293 1195//1293 1200//1293
f 1200//1294 1195//1294 1196//1294
f 1200//1295 1196//1295 1201//1295
f 1201//1296 1196//1296 1197//1296
f 1201//1297 1197//1297 1202//1297
f 1202//1298 1197//1298 1198//1298
f 1202//1299 1198//1299 1203//1299
f 1203//1300 1198//1300 1199//1300
f 1203//1301 1199//1301 1204//1301
f 1205//1302 1206//1302 1207//1302
f 1207//1303 1206//1303 1208//1303
f 1207//1304 1208//1304 1209//1304
f 1209//1305 1208//1305 1210//1305
f 1211//1306 1212//1306 1213//1306
f 1214//1307 1215//1307 1212//1307
f 1212//1308 1215//1308 1216//1308
f 1212//1309 1216//1309 1213//1309
f 1217//1310 1218//1310 1219//1310
f 1219//1311 1218//1311 1220//1311
f 1219//1312 1220//1312 1221//1312
f 1222//1313 1223//1313 1224//1313
f 1224//1314 1223//1314 1225//1314
f 1226//1315 645//1315 1227//1315
f 1227//1316 645//1316 647//1316
f 1227//1317 647//1317 648//1317
f 648//1318 647//1318 1228//1318
f 648//1319 1228//1319 583//1319
f 1026//1320 675//1320 1027//1320
f 1027//1321 675//1321 674//1321
f 1027//1322 674//1322 1229//1322
f 1229//1323 674//1323 673//1323
f 1229//1324 673//1324 1230//1324
f 1003//1325 1001//1325 1231//1325
f 1231//1326 1001//1326 1068//1326
f 1231//1327 1068//1327 1232//1327
f 1232//1328 1068//1328 1051//1328
f 1232//1329 1051//1329 1233//1329
f 1233//1330 1051//1330 1007//1330
f 1233//1331 1007//1331 1234//1331
f 1234//1332 1007//1332 1006//1332
f 1234//1333 1006//1333 581//1333
f 581//1334 1006//1334 1008//1334
f 581//1335 1008//1335 582//1335
f 582//1336 1008//1336 1027//1336
f 582//1337 1027//1337 648//1337
f 648//1338 1027//1338 1229//1338
f 648//1339 1229//1339 1227//1339
f 1227//1340 1229//1340 1230//1340
f 1227//1341 1230//1341 1226//1341
f 1225//1342 1223//1342 1235//1342
f 1235//1343 1223//1343 1236//1343
f 1235//1344 1236//1344 1237//1344
f 1237//1345 1236//1345 1238//1345
f 1237//1346 1238//1346 1239//1346
f 1240//1347 1241//1347 1242//1347
f 1242//1348 1241//1348 1243//1348
f 1242//1349 1243//1349 1244//1349
f 1244//1350 1243//1350 1245//1350
f 1244//1351 1246//1351 1242//1351
f 1242//1352 1246//1352 1247//1352
f 1242//1353 1247//1353 1240//1353
f 1240//1354 1247//1354 1248//1354
f 1240//1355 1248//1355 1241//1355
f 1241//1356 1248//1356 1249//1356
f 1241//1357 1249//1357 1250//1357
f 1251//1358 1250//1358 1252//1358
f 1252//1359 1250//1359 1249//1359
f 1252//1360 1249//1360 1239//1360
f 1239//1361 1249//1361 1248//1361
f 1239//1362 1248//1362 1237//1362
f 1237//1363 1248//1363 1247//1363
f 1237//1364 1247//1364 1235//1364
f 1235//1365 1247//1365 1246//1365
f 1235//1366 1246//1366 1225//1366
f 669//1367 1253//1367 1254//1367
f 1254//1368 1253//1368 1255//1368
f 1254//1369 1255//1369 1256//1369
f 1256//1370 1255//1370 1257//1370
f 1256//1371 1257//1371 1258//1371
f 1258//1372 1257//1372 1259//1372
f 1258//1373 1259//1373 1260//1373
f 1052//1374 1074//1374 1053//1374
f 1053//1375 1074//1375 1086//1375
f 1053//1376 1086//1376 1056//1376
f 1056//1377 1086//1377 1118//1377
f 1056//1378 1118//1378 1057//1378
f 1057//1379 1118//1379 1261//1379
f 1057//1380 1261//1380 1058//1380
f 1058//1381 1261//1381 1042//1381
f 1058//1382 1042//1382 1059//1382
f 1059//1383 1042//1383 1040//1383
f 1059//1384 1040//1384 1060//1384
f 1060//1385 1040//1385 672//1385
f 1060//1386 672//1386 1061//1386
f 1061//1387 672//1387 670//1387
f 1061//1388 670//1388 1033//1388
f 1033//1389 670//1389 669//1389
f 1033//1390 669//1390 1034//1390
f 1034//1391 669//1391 1254//1391
f 1034//1392 1254//1392 1262//1392
f 1262//1393 1254//1393 1256//1393
f 1262//1394 1256//1394 1263//1394
f 1263//1395 1256//1395 1258//1395
f 1263//1396 1258//1396 1264//1396
f 1264//1397 1258//1397 1260//1397
f 1264//1398 1260//1398 1265//1398
f 1106//1399 659//1399 1107//1399
f 1107//1400 659//1400 658//1400
f 1107//1401 658//1401 1266//1401
f 1266//1402 658//1402 1092//1402
f 1266//1403 1092//1403 1267//1403
f 1267//1404 1092//1404 1093//1404
f 1267//1405 1093//1405 1268//1405
f 1268//1406 1093//1406 1094//1406
f 1268//1407 1094//1407 1269//1407
f 1269//1408 1094//1408 1270//1408
f 1269//1409 1270//1409 1271//1409
f 1271//1410 1270//1410 1272//1410
f 1271//1411 1272//1411 1273//1411
f 1273//1412 1272//1412 1274//1412
f 1273//1413 1274//1413 1275//1413
f 1275//1414 1274//1414 1276//1414
f 1275//1415 1276//1415 1277//1415
f 1278//1416 1035//1416 1277//1416
f 1277//1417 1035//1417 1037//1417
f 1277//1418 1037//1418 1275//1418
f 1275//1419 1037//1419 1039//1419
f 1275//1420 1039//1420 1273//1420
f 1273//1421 1039//1421 1147//1421
f 1273//1422 1147//1422 1271//1422
f 1271//1423 1147//1423 1148//1423
f 1271//1424 1148//1424 1269//1424
f 1269//1425 1148//1425 1149//1425
f 1269//1426 1149//1426 1268//1426
f 1268//1427 1149//1427 1150//1427
f 1268//1428 1150//1428 1267//1428
f 1267//1429 1150//1429 1151//1429
f 1267//1430 1151//1430 1266//1430
f 1266//1431 1151//1431 1152//1431
f 1266//1432 1152//1432 1107//1432
f 1107//1433 1152//1433 1153//1433
f 1107//1434 1153//1434 1108//1434
f 1108//1435 1153//1435 1154//1435
f 1108//1436 1154//1436 1157//1436
f 1157//1437 1154//1437 1155//1437
f 1157//1438 1155//1438 1159//1438
f 1159//1439 1155//1439 843//1439
f 1159//1440 843//1440 836//1440
f 836//1441 843//1441 844//1441
f 836//1442 844//1442 834//1442
f 1265//1443 646//1443 1264//1443
f 1264//1444 646//1444 645//1444
f 1264//1445 645//1445 1263//1445
f 1263//1446 645//1446 1226//1446
f 1263//1447 1226//1447 1262//1447
f 1262//1448 1226//1448 1230//1448
f 1262//1449 1230//1449 1034//1449
f 1034//1450 1230//1450 673//1450
f 1034//1451 673//1451 1022//1451
f 1022//1452 673//1452 675//1452
f 1022//1453 675//1453 1021//1453
f 1021//1454 675//1454 1026//1454
f 1021//1455 1026//1455 1019//1455
f 1019//1456 1026//1456 1025//1456
f 1019//1457 1025//1457 1030//1457
f 1030//1458 1025//1458 1024//1458
f 1030//1459 1024//1459 1052//1459
f 1052//1460 1024//1460 1023//1460
f 1052//1461 1023//1461 1073//1461
f 1073//1462 1023//1462 1046//1462
f 1073//1463 1046//1463 1071//1463
f 1071//1464 1046//1464 1062//1464
f 1071//1465 1062//1465 1069//1465
f 1069//1466 1062//1466 1109//1466
f 1069//1467 1109//1467 1112//1467
f 1279//1468 1280//1468 1281//1468
f 1281//1469 1280//1469 1282//1469
f 1281//1470 1282//1470 1217//1470
f 1217//1471 1282//1471 1283//1471
f 1217//1472 1283//1472 1218//1472
f 1284//1473 1285//1473 628//1473
f 628//1474 1285//1474 1286//1474
f 628//1475 1286//1475 629//1475
f 629//1476 1286//1476 1287//1476
f 629//1477 1287//1477 1214//1477
f 1214//1478 1287//1478 1288//1478
f 1214//1479 1288//1479 1215//1479
f 1289//1480 1284//1480 1290//1480
f 1290//1481 1284//1481 628//1481
f 1290//1482 628//1482 1291//1482
f 1291//1483 628//1483 627//1483
f 1292//1484 1290//1484 1293//1484
f 1293//1485 1290//1485 1291//1485
f 1293//1486 1291//1486 1294//1486
f 1294//1487 1291//1487 1295//1487
f 1294//1488 1295//1488 1296//1488
f 1297//1489 1298//1489 1299//1489
f 1299//1490 1298//1490 1300//1490
f 1299//1491 1300//1491 1301//1491
f 626//1492 1302//1492 1303//1492
f 1303//1493 1302//1493 1304//1493
f 1297//1494 624//1494 1298//1494
f 1298//1495 624//1495 626//1495
f 1298//1496 626//1496 1300//1496
f 1300//1497 626//1497 1303//1497
f 1300//1498 1303//1498 1305//1498
f 1305//1499 1303//1499 1304//1499
f 1305//1500 1304//1500 1306//1500
f 623//1501 622//1501 1307//1501
f 1307//1502 622//1502 1308//1502
f 1307//1503 1308//1503 1309//1503
f 1310//1504 1292//1504 1311//1504
f 1311//1505 1292//1505 1293//1505
f 1311//1506 1293//1506 1312//1506
f 1312//1507 1293//1507 1294//1507
f 1312//1508 1294//1508 1313//1508
f 1313//1509 1294//1509 1296//1509
f 1313//1510 1296//1510 1314//1510
f 630//1511 632//1511 1315//1511
f 1315//1512 632//1512 1316//1512
f 1315//1513 1316//1513 1317//1513
f 1317//1514 1316//1514 1318//1514
f 1317//1515 1318//1515 1319//1515
f 1319//1516 1318//1516 1320//1516
f 1320//1517 1318//1517 1321//1517
f 1320//1518 1321//1518 1322//1518
f 619//1519 1323//1519 1324//1519
f 1324//1520 1323//1520 1325//1520
f 1324//1521 1325//1521 1326//1521
f 1327//1522 1328//1522 1329//1522
f 1329//1523 1328//1523 1330//1523
f 1329//1524 1330//1524 1331//1524
f 1331//1525 1330//1525 1332//1525
f 1331//1526 1332//1526 1333//1526
f 1334//1527 1335//1527 1332//1527
f 1332//1528 1335//1528 1336//1528
f 1332//1529 1336//1529 1333//1529
f 1337//1530 1338//1530 1339//1530
f 1339//1531 1338//1531 1340//1531
f 1339//1532 1340//1532 1335//1532
f 1335//1533 1340//1533 1341//1533
f 1335//1534 1341//1534 1336//1534
f 1334//1535 1332//1535 1342//1535
f 1342//1536 1332//1536 1330//1536
f 1342//1537 1330//1537 1343//1537
f 1343//1538 1330//1538 1328//1538
f 1343//1539 1328//1539 620//1539
f 620//1540 1328//1540 1327//1540
f 620//1541 1327//1541 618//1541
f 615//1542 617//1542 1344//1542
f 1345//1543 1346//1543 1347//1543
f 1346//1544 1344//1544 1347//1544
f 1347//1545 1344//1545 617//1545
f 1347//1546 617//1546 1348//1546
f 1348//1547 617//1547 1349//1547
f 1348//1548 1349//1548 1350//1548
f 1351//1549 1352//1549 1353//1549
f 734//1550 1354//1550 1355//1550
f 1322//1551 1321//1551 1326//1551
f 1326//1552 1321//1552 1356//1552
f 1326//1553 1356//1553 1324//1553
f 1324//1554 1356//1554 1357//1554
f 1324//1555 1357//1555 1358//1555
f 1358//1556 1357//1556 1359//1556
f 1358//1557 1359//1557 1360//1557
f 1359//1558 1361//1558 1360//1558
f 1360//1559 1361//1559 1362//1559
f 1360//1560 1362//1560 1363//1560
f 1363//1561 1362//1561 1364//1561
f 1363//1562 1364//1562 1365//1562
f 1365//1563 1364//1563 1366//1563
f 1365//1564 1366//1564 1367//1564
f 1354//1565 1351//1565 1355//1565
f 1355//1566 1351//1566 1353//1566
f 1355//1567 1353//1567 1368//1567
f 1368//1568 1353//1568 1369//1568
f 1368//1569 1369//1569 1370//1569
f 1370//1570 1369//1570 1371//1570
f 1370//1571 1371//1571 1372//1571
f 1372//1572 1371//1572 1373//1572
f 1372//1573 1373//1573 1374//1573
f 1352//1574 1345//1574 1353//1574
f 1353//1575 1345//1575 1347//1575
f 1353//1576 1347//1576 1369//1576
f 1369//1577 1347//1577 1348//1577
f 1369//1578 1348//1578 1371//1578
f 1371//1579 1348//1579 1350//1579
f 1371//1580 1350//1580 1373//1580
f 632//1581 1375//1581 1316//1581
f 1316//1582 1375//1582 1376//1582
f 1316//1583 1376//1583 1318//1583
f 1318//1584 1376//1584 1377//1584
f 1318//1585 1377//1585 1321//1585
f 1321//1586 1377//1586 1378//1586
f 1321//1587 1378//1587 1356//1587
f 1356//1588 1378//1588 1379//1588
f 1356//1589 1379//1589 1357//1589
f 1357//1590 1379//1590 1380//1590
f 1357//1591 1380//1591 1359//1591
f 1359//1592 1380//1592 1381//1592
f 1359//1593 1381//1593 1361//1593
f 1382//1594 1383//1594 1384//1594
f 1384//1595 1383//1595 1385//1595
f 1384//1596 1385//1596 1386//1596
f 1386//1597 1385//1597 1387//1597
f 1386//1598 1387//1598 1388//1598
f 1388//1599 1389//1599 1386//1599
f 1386//1600 1389//1600 1390//1600
f 1386//1601 1390//1601 1384//1601
f 1384//1602 1390//1602 1391//1602
f 1384//1603 1391//1603 1382//1603
f 1382//1604 1391//1604 1392//1604
f 1393//1605 1394//1605 1395//1605
f 1396//1606 610//1606 1397//1606
f 1397//1607 610//1607 609//1607
f 1397//1608 609//1608 1393//1608
f 1393//1609 1395//1609 1397//1609
f 1397//1610 1395//1610 1398//1610
f 1397//1611 1398//1611 1396//1611
f 1387//1612 1309//1612 1388//1612
f 1388//1613 1309//1613 1308//1613
f 1388//1614 1308//1614 1389//1614
f 1389//1615 1308//1615 1399//1615
f 1389//1616 1399//1616 1390//1616
f 1390//1617 1399//1617 612//1617
f 1390//1618 612//1618 1391//1618
f 1391//1619 612//1619 614//1619
f 1391//1620 614//1620 1392//1620
f 1392//1621 614//1621 1400//1621
f 613//1622 1401//1622 1402//1622
f 1402//1623 1401//1623 1403//1623
f 613//1624 612//1624 1401//1624
f 1401//1625 612//1625 1399//1625
f 1401//1626 1399//1626 1403//1626
f 1403//1627 1399//1627 1308//1627
f 1403//1628 1308//1628 1404//1628
f 1404//1629 1308//1629 622//1629
f 1404//1630 622//1630 1405//1630
f 1405//1631 622//1631 621//1631
f 1405//1632 621//1632 600//1632
f 1406//1633 1407//1633 1408//1633
f 1408//1634 1407//1634 1409//1634
f 1408//1635 1409//1635 1410//1635
f 1398//1636 1406//1636 1396//1636
f 1396//1637 1406//1637 1408//1637
f 1396//1638 1408//1638 610//1638
f 610//1639 1408//1639 1410//1639
f 610//1640 1410//1640 611//1640
f 611//1641 1410//1641 1411//1641
f 611//1642 1411//1642 1412//1642
f 600//1643 599//1643 1405//1643
f 1405//1644 599//1644 1413//1644
f 1405//1645 1413//1645 1404//1645
f 1404//1646 1413//1646 1414//1646
f 1404//1647 1414//1647 1403//1647
f 1403//1648 1414//1648 1415//1648
f 1403//1649 1415//1649 1402//1649
f 1400//1650 1394//1650 1416//1650
f 1416//1651 1394//1651 1393//1651
f 1416//1652 1393//1652 1417//1652
f 1417//1653 1393//1653 609//1653
f 1417//1654 609//1654 1418//1654
f 1418//1655 609//1655 611//1655
f 1418//1656 611//1656 1419//1656
f 1419//1657 611//1657 1412//1657
f 1420//1658 1421//1658 1422//1658
f 1422//1659 1421//1659 1423//1659
f 1422//1660 1423//1660 1424//1660
f 1425//1661 607//1661 1426//1661
f 1426//1662 607//1662 606//1662
f 1426//1663 606//1663 1427//1663
f 732//1664 734//1664 735//1664
f 735//1665 734//1665 1355//1665
f 735//1666 1355//1666 737//1666
f 737//1667 1355//1667 1368//1667
f 737//1668 1368//1668 740//1668
f 740//1669 1368//1669 1370//1669
f 740//1670 1370//1670 738//1670
f 738//1671 1370//1671 1372//1671
f 738//1672 1372//1672 748//1672
f 748//1673 1372//1673 1374//1673
f 748//1674 1374//1674 743//1674
f 1428//1675 1429//1675 1430//1675
f 1430//1676 1429//1676 1431//1676
f 1430//1677 1431//1677 1432//1677
f 1432//1678 1431//1678 1433//1678
f 1432//1679 1433//1679 1434//1679
f 1427//1680 1435//1680 1436//1680
f 1436//1681 1435//1681 1437//1681
f 1436//1682 1437//1682 1438//1682
f 1427//1683 606//1683 1435//1683
f 1435//1684 606//1684 608//1684
f 1435//1685 608//1685 1437//1685
f 1437//1686 608//1686 1439//1686
f 1437//1687 1439//1687 1438//1687
f 1440//1688 1438//1688 1441//1688
f 1441//1689 1438//1689 1439//1689
f 1441//1690 1439//1690 1442//1690
f 1442//1691 1439//1691 608//1691
f 1442//1692 608//1692 1420//1692
f 1420//1693 608//1693 607//1693
f 1420//1694 607//1694 1421//1694
f 1421//1695 607//1695 1425//1695
f 1421//1696 1425//1696 1423//1696
f 619//1697 1324//1697 620//1697
f 620//1698 1324//1698 1358//1698
f 620//1699 1358//1699 1343//1699
f 1343//1700 1358//1700 1360//1700
f 1343//1701 1360//1701 1342//1701
f 1342//1702 1360//1702 1363//1702
f 1342//1703 1363//1703 1334//1703
f 1334//1704 1363//1704 1365//1704
f 1334//1705 1365//1705 1335//1705
f 1335//1706 1365//1706 1367//1706
f 1335//1707 1367//1707 1339//1707
f 1339//1708 1367//1708 1434//1708
f 1339//1709 1434//1709 1443//1709
f 1443//1710 1434//1710 1433//1710
f 1443//1711 1433//1711 1444//1711
f 1444//1712 1433//1712 1431//1712
f 1444//1713 1431//1713 1445//1713
f 1445//1714 1431//1714 1429//1714
f 1445//1715 1429//1715 1446//1715
f 1446//1716 1429//1716 1428//1716
f 1446//1717 1428//1717 1447//1717
f 1448//1718 1449//1718 1450//1718
f 1450//1719 1449//1719 1451//1719
f 1450//1720 1451//1720 1452//1720
f 1452//1721 1451//1721 1453//1721
f 1452//1722 1453//1722 1454//1722
f 1454//1723 1453//1723 1455//1723
f 1454//1724 1455//1724 1456//1724
f 1457//1725 1458//1725 1459//1725
f 1459//1726 1458//1726 1460//1726
f 1459//1727 1460//1727 1279//1727
f 1279//1728 1460//1728 1461//1728
f 1279//1729 1461//1729 1280//1729
f 643//1730 642//1730 1462//1730
f 1462//1731 642//1731 1463//1731
f 1462//1732 1463//1732 1464//1732
f 1464//1733 1463//1733 1465//1733
f 1464//1734 1465//1734 1466//1734
f 1466//1735 1465//1735 1467//1735
f 1466//1736 1467//1736 1468//1736
f 638//1737 637//1737 640//1737
f 640//1738 637//1738 1469//1738
f 640//1739 1469//1739 1470//1739
f 1470//1740 1469//1740 1471//1740
f 1470//1741 1471//1741 1472//1741
f 1472//1742 1471//1742 1473//1742
f 1472//1743 1473//1743 1474//1743
f 635//1744 634//1744 1475//1744
f 1475//1745 634//1745 1476//1745
f 1475//1746 1476//1746 1477//1746
f 1477//1747 1476//1747 1478//1747
f 1477//1748 1478//1748 1479//1748
f 1479//1749 1478//1749 1480//1749
f 1479//1750 1480//1750 1181//1750
f 1181//1751 1480//1751 1481//1751
f 1181//1752 1481//1752 1161//1752
f 1161//1753 1481//1753 1482//1753
f 1161//1754 1482//1754 1099//1754
f 1099//1755 1482//1755 1483//1755
f 1099//1756 1483//1756 1097//1756
f 1097//1757 1483//1757 1484//1757
f 1097//1758 1484//1758 1095//1758
f 1095//1759 1484//1759 1485//1759
f 1095//1760 1485//1760 1166//1760
f 1166//1761 1485//1761 1486//1761
f 1166//1762 1486//1762 1168//1762
f 1168//1763 1486//1763 1487//1763
f 1168//1764 1487//1764 1170//1764
f 1170//1765 1487//1765 1488//1765
f 1170//1766 1488//1766 1172//1766
f 1172//1767 1488//1767 831//1767
f 1172//1768 831//1768 824//1768
f 824//1769 831//1769 830//1769
f 824//1770 830//1770 826//1770
f 641//1771 640//1771 1489//1771
f 1489//1772 640//1772 1470//1772
f 1489//1773 1470//1773 1490//1773
f 1490//1774 1470//1774 1472//1774
f 1490//1775 1472//1775 1491//1775
f 1491//1776 1472//1776 1474//1776
f 1491//1777 1474//1777 1492//1777
f 1239//1778 1493//1778 1252//1778
f 1252//1779 1493//1779 639//1779
f 1252//1780 639//1780 1251//1780
f 1251//1781 639//1781 638//1781
f 1251//1782 638//1782 1494//1782
f 1494//1783 638//1783 641//1783
f 1494//1784 641//1784 1495//1784
f 1495//1785 641//1785 1489//1785
f 1495//1786 1489//1786 1496//1786
f 1496//1787 1489//1787 1490//1787
f 1496//1788 1490//1788 1497//1788
f 1497//1789 1490//1789 1491//1789
f 1497//1790 1491//1790 1498//1790
f 1498//1791 1491//1791 1492//1791
f 1498//1792 1492//1792 1499//1792
f 1500//1793 644//1793 1501//1793
f 1501//1794 644//1794 643//1794
f 1501//1795 643//1795 1502//1795
f 1502//1796 643//1796 1462//1796
f 1502//1797 1462//1797 1503//1797
f 1503//1798 1462//1798 1464//1798
f 1503//1799 1464//1799 1504//1799
f 1504//1800 1464//1800 1466//1800
f 1504//1801 1466//1801 1505//1801
f 1505//1802 1466//1802 1468//1802
f 1505//1803 1468//1803 1506//1803
f 1507//1804 1508//1804 1509//1804
f 1509//1805 1508//1805 1510//1805
f 1509//1806 1510//1806 1511//1806
f 1511//1807 1510//1807 1512//1807
f 1511//1808 1512//1808 1513//1808
f 1513//1809 1512//1809 1514//1809
f 1513//1810 1514//1810 1515//1810
f 1515//1811 1514//1811 1516//1811
f 1515//1812 1516//1812 1517//1812
f 1279//1813 1518//1813 1459//1813
f 1459//1814 1518//1814 1519//1814
f 1459//1815 1519//1815 1457//1815
f 1457//1816 1519//1816 1500//1816
f 1457//1817 1500//1817 1520//1817
f 1520//1818 1500//1818 1501//1818
f 1520//1819 1501//1819 1521//1819
f 1521//1820 1501//1820 1502//1820
f 1521//1821 1502//1821 1522//1821
f 1522//1822 1502//1822 1503//1822
f 1522//1823 1503//1823 1523//1823
f 1523//1824 1503//1824 1504//1824
f 1523//1825 1504//1825 1524//1825
f 1524//1826 1504//1826 1505//1826
f 1524//1827 1505//1827 1525//1827
f 1525//1828 1505//1828 1506//1828
f 1525//1829 1506//1829 1526//1829
f 1527//1830 1507//1830 1528//1830
f 1528//1831 1507//1831 1509//1831
f 1528//1832 1509//1832 1529//1832
f 1529//1833 1509//1833 1511//1833
f 1529//1834 1511//1834 1530//1834
f 1530//1835 1511//1835 1513//1835
f 1530//1836 1513//1836 1531//1836
f 1531//1837 1513//1837 1515//1837
f 1531//1838 1515//1838 1532//1838
f 1532//1839 1515//1839 1517//1839
f 1532//1840 1517//1840 1533//1840
f 1534//1841 1527//1841 1535//1841
f 1535//1842 1527//1842 1528//1842
f 1535//1843 1528//1843 1536//1843
f 1536//1844 1528//1844 1529//1844
f 1536//1845 1529//1845 1537//1845
f 1537//1846 1529//1846 1530//1846
f 1537//1847 1530//1847 1538//1847
f 1538//1848 1530//1848 1531//1848
f 1538//1849 1531//1849 1539//1849
f 1539//1850 1531//1850 1532//1850
f 1539//1851 1532//1851 1540//1851
f 1540//1852 1532//1852 1533//1852
f 1540//1853 1533//1853 1541//1853
f 1534//1854 1535//1854 1542//1854
f 1542//1855 1535//1855 1536//1855
f 1542//1856 1536//1856 1543//1856
f 1543//1857 1536//1857 1537//1857
f 1543//1858 1537//1858 1544//1858
f 1544//1859 1537//1859 1538//1859
f 1544//1860 1538//1860 1545//1860
f 1545//1861 1538//1861 1539//1861
f 1545//1862 1539//1862 1546//1862
f 1546//1863 1539//1863 1540//1863
f 1546//1864 1540//1864 1547//1864
f 1547//1865 1540//1865 1541//1865
f 1547//1866 1541//1866 1548//1866
f 603//1867 604//1867 601//1867
f 601//1868 604//1868 1549//1868
f 601//1869 1549//1869 1550//1869
f 1550//1870 1549//1870 1551//1870
f 1550//1871 1551//1871 1552//1871
f 1552//1872 1551//1872 1553//1872
f 1552//1873 1553//1873 1554//1873
f 1554//1874 1553//1874 1555//1874
f 1554//1875 1555//1875 1556//1875
f 1556//1876 1555//1876 1557//1876
f 1556//1877 1557//1877 1558//1877
f 597//1878 598//1878 1559//1878
f 1559//1879 598//1879 600//1879
f 1559//1880 600//1880 1560//1880
f 1560//1881 600//1881 621//1881
f 1560//1882 621//1882 1561//1882
f 1561//1883 621//1883 623//1883
f 1561//1884 623//1884 1562//1884
f 1562//1885 623//1885 1307//1885
f 1562//1886 1307//1886 1314//1886
f 1314//1887 1307//1887 1309//1887
f 1314//1888 1309//1888 1313//1888
f 1313//1889 1309//1889 1387//1889
f 1313//1890 1387//1890 1312//1890
f 1312//1891 1387//1891 1385//1891
f 1312//1892 1385//1892 1311//1892
f 1311//1893 1385//1893 1383//1893
f 1311//1894 1383//1894 1310//1894
f 602//1895 601//1895 1563//1895
f 1563//1896 601//1896 1550//1896
f 1563//1897 1550//1897 1564//1897
f 1564//1898 1550//1898 1552//1898
f 1564//1899 1552//1899 1565//1899
f 1565//1900 1552//1900 1554//1900
f 1565//1901 1554//1901 1566//1901
f 1566//1902 1554//1902 1556//1902
f 1566//1903 1556//1903 1567//1903
f 1567//1904 1556//1904 1558//1904
f 1567//1905 1558//1905 1568//1905
f 1569//1906 1570//1906 1571//1906
f 1571//1907 1570//1907 1572//1907
f 1571//1908 1572//1908 1573//1908
f 1573//1909 1572//1909 1574//1909
f 1573//1910 1574//1910 1575//1910
f 1575//1911 1574//1911 1576//1911
f 1575//1912 1576//1912 1577//1912
f 1577//1913 1576//1913 1578//1913
f 1577//1914 1578//1914 1579//1914
f 1579//1915 1578//1915 1580//1915
f 1579//1916 1580//1916 1581//1916
f 1581//1917 1580//1917 1582//1917
f 1581//1918 1582//1918 1583//1918
f 1584//1919 1569//1919 1585//1919
f 1585//1920 1569//1920 1571//1920
f 1585//1921 1571//1921 1586//1921
f 1586//1922 1571//1922 1573//1922
f 1586//1923 1573//1923 1587//1923
f 1587//1924 1573//1924 1575//1924
f 1587//1925 1575//1925 1588//1925
f 1588//1926 1575//1926 1577//1926
f 1588//1927 1577//1927 1589//1927
f 1589//1928 1577//1928 1579//1928
f 1589//1929 1579//1929 1590//1929
f 1590//1930 1579//1930 1581//1930
f 1590//1931 1581//1931 1591//1931
f 1591//1932 1581//1932 1583//1932
f 1591//1933 1583//1933 1592//1933
f 1593//1934 605//1934 1592//1934
f 1592//1935 605//1935 603//1935
f 1592//1936 603//1936 1591//1936
f 1591//1937 603//1937 602//1937
f 1591//1938 602//1938 1590//1938
f 1590//1939 602//1939 1563//1939
f 1590//1940 1563//1940 1589//1940
f 1589//1941 1563//1941 1564//1941
f 1589//1942 1564//1942 1588//1942
f 1588//1943 1564//1943 1565//1943
f 1588//1944 1565//1944 1587//1944
f 1587//1945 1565//1945 1566//1945
f 1587//1946 1566//1946 1586//1946
f 1586//1947 1566//1947 1567//1947
f 1586//1948 1567//1948 1585//1948
f 1585//1949 1567//1949 1568//1949
f 1585//1950 1568//1950 1584//1950
f 593//1951 1594//1951 596//1951
f 596//1952 1594//1952 1595//1952
f 596//1953 1595//1953 594//1953
f 1596//1954 1597//1954 1598//1954
f 1598//1955 1597//1955 1440//1955
f 1598//1956 1440//1956 1599//1956
f 1599//1957 1440//1957 1441//1957
f 1599//1958 1441//1958 1600//1958
f 1600//1959 1441//1959 1442//1959
f 1600//1960 1442//1960 1601//1960
f 1601//1961 1442//1961 1420//1961
f 1601//1962 1420//1962 1411//1962
f 1411//1963 1420//1963 1422//1963
f 1411//1964 1422//1964 1412//1964
f 1412//1965 1422//1965 1424//1965
f 1412//1966 1424//1966 1419//1966
f 1449//1967 1602//1967 1451//1967
f 1451//1968 1602//1968 1603//1968
f 1451//1969 1603//1969 1453//1969
f 1453//1970 1603//1970 1604//1970
f 1453//1971 1604//1971 1455//1971
f 1455//1972 1604//1972 1605//1972
f 1455//1973 1605//1973 1456//1973
f 1456//1974 1605//1974 1606//1974
f 1456//1975 1606//1975 1607//1975
f 1607//1976 1606//1976 1608//1976
f 1608//1977 1606//1977 1609//1977
f 1608//1978 1609//1978 1610//1978
f 1407//1979 1448//1979 1409//1979
f 1409//1980 1448//1980 1450//1980
f 1409//1981 1450//1981 1410//1981
f 1410//1982 1450//1982 1452//1982
f 1410//1983 1452//1983 1411//1983
f 1411//1984 1452//1984 1454//1984
f 1411//1985 1454//1985 1601//1985
f 1601//1986 1454//1986 1456//1986
f 1601//1987 1456//1987 1600//1987
f 1600//1988 1456//1988 1607//1988
f 1600//1989 1607//1989 1599//1989
f 1599//1990 1607//1990 1608//1990
f 1599//1991 1608//1991 1598//1991
f 1598//1992 1608//1992 1610//1992
f 1598//1993 1610//1993 1596//1993
f 1611//1994 1612//1994 1613//1994
f 1613//1995 1612//1995 1614//1995
f 1613//1996 1614//1996 1615//1996
f 1615//1997 1614//1997 1616//1997
f 1615//1998 1616//1998 590//1998
f 1400//1999 614//1999 1394//1999
f 1394//2000 614//2000 613//2000
f 1394//2001 613//2001 1395//2001
f 1395//2002 613//2002 1402//2002
f 1395//2003 1402//2003 1398//2003
f 1398//2004 1402//2004 1415//2004
f 1398//2005 1415//2005 1406//2005
f 1406//2006 1415//2006 1414//2006
f 1406//2007 1414//2007 1407//2007
f 1407//2008 1414//2008 1413//2008
f 1407//2009 1413//2009 1448//2009
f 1448//2010 1413//2010 599//2010
f 1448//2011 599//2011 1449//2011
f 1449//2012 599//2012 598//2012
f 1449//2013 598//2013 1602//2013
f 1602//2014 598//2014 597//2014
f 1602//2015 597//2015 1603//2015
f 1603//2016 597//2016 595//2016
f 1603//2017 595//2017 1604//2017
f 1604//2018 595//2018 594//2018
f 1604//2019 594//2019 1605//2019
f 1605//2020 594//2020 1595//2020
f 1605//2021 1595//2021 1606//2021
f 1606//2022 1595//2022 1594//2022
f 1606//2023 1594//2023 1609//2023
f 1609//2024 1594//2024 593//2024
f 1609//2025 593//2025 1610//2025
f 1610//2026 593//2026 592//2026
f 1610//2027 592//2027 1596//2027
f 1596//2028 592//2028 591//2028
f 1596//2029 591//2029 1617//2029
f 1618//2030 1619//2030 1620//2030
f 1620//2031 1619//2031 1621//2031
f 1620//2032 1621//2032 1622//2032
f 1622//2033 1621//2033 1623//2033
f 1622//2034 1623//2034 1624//2034
f 1624//2035 1623//2035 1625//2035
f 1624//2036 1625//2036 1626//2036
f 1626//2037 1625//2037 1627//2037
f 1626//2038 1627//2038 1628//2038
f 1628//2039 1627//2039 1629//2039
f 1628//2040 1629//2040 1630//2040
f 1630//2041 1629//2041 1631//2041
f 1630//2042 1631//2042 1632//2042
f 1632//2043 1631//2043 1633//2043
f 1632//2044 1633//2044 1634//2044
f 1634//2045 1633//2045 1635//2045
f 1634//2046 1635//2046 1636//2046
f 1636//2047 1635//2047 1637//2047
f 1636//2048 1637//2048 1306//2048
f 1306//2049 1637//2049 1638//2049
f 1306//2050 1638//2050 1305//2050
f 1305//2051 1638//2051 1639//2051
f 1305//2052 1639//2052 1300//2052
f 1300//2053 1639//2053 1640//2053
f 1300//2054 1640//2054 1301//2054
f 1337//2055 1339//2055 1641//2055
f 1641//2056 1339//2056 1443//2056
f 1641//2057 1443//2057 1642//2057
f 1642//2058 1443//2058 1444//2058
f 1642//2059 1444//2059 1643//2059
f 1643//2060 1444//2060 1445//2060
f 1643//2061 1445//2061 1644//2061
f 1644//2062 1445//2062 1446//2062
f 1644//2063 1446//2063 1645//2063
f 1645//2064 1446//2064 1447//2064
f 1645//2065 1447//2065 1646//2065
f 1646//2066 1447//2066 1647//2066
f 1646//2067 1647//2067 1648//2067
f 1648//2068 1647//2068 1649//2068
f 1648//2069 1649//2069 1650//2069
f 1430//2070 1611//2070 1428//2070
f 1428//2071 1611//2071 1613//2071
f 1428//2072 1613//2072 1447//2072
f 1447//2073 1613//2073 1615//2073
f 1447//2074 1615//2074 1647//2074
f 1647//2075 1615//2075 590//2075
f 1647//2076 590//2076 1649//2076
f 1649//2077 590//2077 588//2077
f 1649//2078 588//2078 1650//2078
f 1650//2079 588//2079 587//2079
f 1289//2080 1290//2080 633//2080
f 633//2081 1290//2081 1292//2081
f 633//2082 1292//2082 632//2082
f 632//2083 1292//2083 1310//2083
f 632//2084 1310//2084 1375//2084
f 1375//2085 1310//2085 1383//2085
f 1375//2086 1383//2086 1376//2086
f 1376//2087 1383//2087 1382//2087
f 1376//2088 1382//2088 1377//2088
f 1377//2089 1382//2089 1392//2089
f 1377//2090 1392//2090 1378//2090
f 1378//2091 1392//2091 1400//2091
f 1378//2092 1400//2092 1379//2092
f 1379//2093 1400//2093 1416//2093
f 1379//2094 1416//2094 1380//2094
f 1380//2095 1416//2095 1417//2095
f 1380//2096 1417//2096 1381//2096
f 1381//2097 1417//2097 1418//2097
f 1381//2098 1418//2098 1361//2098
f 1361//2099 1418//2099 1419//2099
f 1361//2100 1419//2100 1362//2100
f 1362//2101 1419//2101 1424//2101
f 1362//2102 1424//2102 1364//2102
f 1364//2103 1424//2103 1423//2103
f 1364//2104 1423//2104 1366//2104
f 1366//2105 1423//2105 1425//2105
f 1366//2106 1425//2106 1367//2106
f 1367//2107 1425//2107 1426//2107
f 1367//2108 1426//2108 1434//2108
f 1434//2109 1426//2109 1427//2109
f 1434//2110 1427//2110 1432//2110
f 1432//2111 1427//2111 1436//2111
f 1432//2112 1436//2112 1430//2112
f 1430//2113 1436//2113 1438//2113
f 1430//2114 1438//2114 1611//2114
f 1611//2115 1438//2115 1440//2115
f 1611//2116 1440//2116 1612//2116
f 1612//2117 1440//2117 1597//2117
f 1612//2118 1597//2118 1614//2118
f 1614//2119 1597//2119 1596//2119
f 1614//2120 1596//2120 1616//2120
f 1616//2121 1596//2121 1617//2121
f 1616//2122 1617//2122 590//2122
f 590//2123 1617//2123 1651//2123
f 590//2124 1651//2124 589//2124
f 1584//2125 1620//2125 1569//2125
f 1569//2126 1620//2126 1622//2126
f 1569//2127 1622//2127 1570//2127
f 1570//2128 1622//2128 1624//2128
f 1570//2129 1624//2129 1572//2129
f 1572//2130 1624//2130 1626//2130
f 1572//2131 1626//2131 1574//2131
f 1574//2132 1626//2132 1628//2132
f 1574//2133 1628//2133 1576//2133
f 1576//2134 1628//2134 1630//2134
f 1576//2135 1630//2135 1578//2135
f 1578//2136 1630//2136 1632//2136
f 1578//2137 1632//2137 1580//2137
f 1580//2138 1632//2138 1634//2138
f 1580//2139 1634//2139 1582//2139
f 1582//2140 1634//2140 1636//2140
f 1582//2141 1636//2141 1583//2141
f 1583//2142 1636//2142 1306//2142
f 1583//2143 1306//2143 1592//2143
f 1592//2144 1306//2144 1304//2144
f 1592//2145 1304//2145 1593//2145
f 1593//2146 1304//2146 1302//2146
f 1534//2147 1458//2147 1527//2147
f 1527//2148 1458//2148 1457//2148
f 1527//2149 1457//2149 1507//2149
f 1507//2150 1457//2150 1520//2150
f 1507//2151 1520//2151 1508//2151
f 1508//2152 1520//2152 1521//2152
f 1508//2153 1521//2153 1510//2153
f 1510//2154 1521//2154 1522//2154
f 1510//2155 1522//2155 1512//2155
f 1512//2156 1522//2156 1523//2156
f 1512//2157 1523//2157 1514//2157
f 1514//2158 1523//2158 1524//2158
f 1514//2159 1524//2159 1516//2159
f 1516//2160 1524//2160 1525//2160
f 1516//2161 1525//2161 1517//2161
f 1517//2162 1525//2162 1526//2162
f 1517//2163 1526//2163 1533//2163
f 1533//2164 1526//2164 1652//2164
f 1533//2165 1652//2165 1541//2165
f 1541//2166 1652//2166 1653//2166
f 1541//2167 1653//2167 1548//2167
f 1548//2168 1653//2168 1654//2168
f 1548//2169 1654//2169 1655//2169
f 1655//2170 1654//2170 1656//2170
f 1655//2171 1656//2171 1657//2171
f 1657//2172 1656//2172 1658//2172
f 1657//2173 1658//2173 1659//2173
f 1297//2174 1283//2174 624//2174
f 624//2175 1283//2175 1282//2175
f 624//2176 1282//2176 625//2176
f 625//2177 1282//2177 1280//2177
f 625//2178 1280//2178 626//2178
f 626//2179 1280//2179 1461//2179
f 626//2180 1461//2180 1302//2180
f 1302//2181 1461//2181 1460//2181
f 1302//2182 1460//2182 1593//2182
f 1593//2183 1460//2183 1458//2183
f 1593//2184 1458//2184 605//2184
f 605//2185 1458//2185 1534//2185
f 605//2186 1534//2186 604//2186
f 604//2187 1534//2187 1542//2187
f 604//2188 1542//2188 1549//2188
f 1549//2189 1542//2189 1543//2189
f 1549//2190 1543//2190 1551//2190
f 1551//2191 1543//2191 1544//2191
f 1551//2192 1544//2192 1553//2192
f 1553//2193 1544//2193 1545//2193
f 1553//2194 1545//2194 1555//2194
f 1555//2195 1545//2195 1546//2195
f 1555//2196 1546//2196 1557//2196
f 1557//2197 1546//2197 1547//2197
f 1557//2198 1547//2198 1558//2198
f 1558//2199 1547//2199 1548//2199
f 1558//2200 1548//2200 1568//2200
f 1568//2201 1548//2201 1655//2201
f 1568//2202 1655//2202 1584//2202
f 1584//2203 1655//2203 1657//2203
f 1584//2204 1657//2204 1620//2204
f 1620//2205 1657//2205 1659//2205
f 1620//2206 1659//2206 1618//2206
f 616//2207 1337//2207 617//2207
f 617//2208 1337//2208 1641//2208
f 617//2209 1641//2209 1349//2209
f 1349//2210 1641//2210 1642//2210
f 1349//2211 1642//2211 1350//2211
f 1350//2212 1642//2212 1643//2212
f 1350//2213 1643//2213 1373//2213
f 1373//2214 1643//2214 1644//2214
f 1373//2215 1644//2215 1374//2215
f 1374//2216 1644//2216 1645//2216
f 1374//2217 1645//2217 743//2217
f 743//2218 1645//2218 1646//2218
f 743//2219 1646//2219 744//2219
f 744//2220 1646//2220 1648//2220
f 744//2221 1648//2221 751//2221
f 751//2222 1648//2222 1650//2222
f 751//2223 1650//2223 756//2223
f 756//2224 1650//2224 587//2224
f 756//2225 587//2225 760//2225
f 760//2226 587//2226 763//2226
f 760//2227 763//2227 761//2227
f 761//2228 763//2228 762//2228
f 655//2229 1660//2229 656//2229
f 656//2230 1660//2230 1661//2230
f 656//2231 1661//2231 1104//2231
f 1104//2232 1661//2232 1662//2232
f 1104//2233 1662//2233 1663//2233
f 1663//2234 1662//2234 1664//2234
f 1664//2235 1665//2235 1663//2235
f 1663//2236 1665//2236 1666//2236
f 1663//2237 1666//2237 1104//2237
f 1104//2238 1666//2238 1667//2238
f 1104//2239 1667//2239 1105//2239
f 1105//2240 1667//2240 1204//2240
f 1105//2241 1204//2241 653//2241
f 653//2242 1204//2242 1199//2242
f 653//2243 1199//2243 654//2243
f 654//2244 1199//2244 774//2244
f 654//2245 774//2245 772//2245
f 772//2246 774//2246 773//2246
f 1493//2247 1668//2247 639//2247
f 639//2248 1668//2248 636//2248
f 639//2249 636//2249 637//2249
f 637//2250 636//2250 635//2250
f 637//2251 635//2251 1469//2251
f 1469//2252 635//2252 1475//2252
f 1469//2253 1475//2253 1471//2253
f 1471//2254 1475//2254 1477//2254
f 1471//2255 1477//2255 1473//2255
f 1473//2256 1477//2256 1479//2256
f 1473//2257 1479//2257 1474//2257
f 1474//2258 1479//2258 1181//2258
f 1474//2259 1181//2259 1492//2259
f 1492//2260 1181//2260 1182//2260
f 1492//2261 1182//2261 1499//2261
f 1499//2262 1182//2262 1091//2262
f 1499//2263 1091//2263 1669//2263
f 1669//2264 1091//2264 662//2264
f 1669//2265 662//2265 1670//2265
f 1670//2266 662//2266 661//2266
f 1670//2267 661//2267 1671//2267
f 1671//2268 661//2268 1103//2268
f 1671//2269 1103//2269 1672//2269
f 1672//2270 1103//2270 1101//2270
f 1672//2271 1101//2271 1673//2271
f 1673//2272 1101//2272 1100//2272
f 1673//2273 1100//2273 1665//2273
f 1665//2274 1100//2274 1194//2274
f 1665//2275 1194//2275 1666//2275
f 1666//2276 1194//2276 1193//2276
f 1666//2277 1193//2277 1667//2277
f 1667//2278 1193//2278 1192//2278
f 1667//2279 1192//2279 1204//2279
f 1204//2280 1192//2280 1191//2280
f 1204//2281 1191//2281 1203//2281
f 1203//2282 1191//2282 1190//2282
f 1203//2283 1190//2283 1202//2283
f 1202//2284 1190//2284 1189//2284
f 1202//2285 1189//2285 1201//2285
f 1201//2286 1189//2286 1188//2286
f 1201//2287 1188//2287 1200//2287
f 1200//2288 1188//2288 804//2288
f 1200//2289 804//2289 800//2289
f 800//2290 804//2290 805//2290
f 800//2291 805//2291 798//2291
f 1668//2292 1278//2292 636//2292
f 636//2293 1278//2293 1277//2293
f 636//2294 1277//2294 634//2294
f 634//2295 1277//2295 1276//2295
f 634//2296 1276//2296 1476//2296
f 1476//2297 1276//2297 1274//2297
f 1476//2298 1274//2298 1478//2298
f 1478//2299 1274//2299 1272//2299
f 1478//2300 1272//2300 1480//2300
f 1480//2301 1272//2301 1270//2301
f 1480//2302 1270//2302 1481//2302
f 1481//2303 1270//2303 1094//2303
f 1481//2304 1094//2304 1482//2304
f 1482//2305 1094//2305 657//2305
f 1482//2306 657//2306 1483//2306
f 1483//2307 657//2307 659//2307
f 1483//2308 659//2308 1484//2308
f 1484//2309 659//2309 1106//2309
f 1484//2310 1106//2310 1485//2310
f 1485//2311 1106//2311 1156//2311
f 1485//2312 1156//2312 1486//2312
f 1486//2313 1156//2313 1158//2313
f 1486//2314 1158//2314 1487//2314
f 1487//2315 1158//2315 1160//2315
f 1487//2316 1160//2316 1488//2316
f 1488//2317 1160//2317 827//2317
f 1488//2318 827//2318 831//2318
f 831//2319 827//2319 829//2319
f 831//2320 829//2320 833//2320
f 1674//2321 685//2321 1675//2321
f 1675//2322 685//2322 687//2322
f 1675//2323 687//2323 1676//2323
f 1676//2324 687//2324 1677//2324
f 1676//2325 1677//2325 1678//2325
f 1678//2326 1677//2326 1679//2326
f 1679//2327 1677//2327 1680//2327
f 1679//2328 1680//2328 1681//2328
f 1681//2329 1680//2329 1682//2329
f 1681//2330 1682//2330 1683//2330
f 1684//2331 1685//2331 1686//2331
f 1686//2332 1685//2332 1687//2332
f 1686//2333 1687//2333 1688//2333
f 1688//2334 1687//2334 1689//2334
f 1688//2335 1689//2335 1682//2335
f 1682//2336 1689//2336 1690//2336
f 1682//2337 1690//2337 1683//2337
f 686//676 1691//676 687//676
f 687//2338 1691//2338 1692//2338
f 687//2339 1692//2339 1677//2339
f 1677//2340 1692//2340 1693//2340
f 1677//2341 1693//2341 1680//2341
f 967//2342 970//2342 968//2342
f 968//2343 970//2343 690//2343
f 968//2344 690//2344 1694//2344
f 1694//2345 690//2345 963//2345
f 1694//2346 963//2346 1695//2346
f 1693//2347 1696//2347 1697//2347
f 1698//2348 1699//2348 1700//2348
f 1700//2349 1699//2349 1701//2349
f 1700//2350 1701//2350 1684//2350
f 1684//2351 1701//2351 1702//2351
f 1684//2352 1702//2352 1685//2352
f 1680//2353 1703//2353 1682//2353
f 1682//2354 1703//2354 1704//2354
f 1682//2355 1704//2355 1688//2355
f 1688//2356 1704//2356 1705//2356
f 1688//2357 1705//2357 1686//2357
f 1686//2358 1705//2358 1706//2358
f 1686//2359 1706//2359 1684//2359
f 1684//2360 1706//2360 1707//2360
f 1684//2361 1707//2361 1700//2361
f 1708//2362 1709//2362 1710//2362
f 1710//2363 1709//2363 1711//2363
f 1710//2364 1711//2364 1712//2364
f 1693//2365 1713//2365 1680//2365
f 1680//2366 1713//2366 1714//2366
f 1680//2367 1714//2367 1703//2367
f 1703//2368 1714//2368 1715//2368
f 1703//2369 1715//2369 1704//2369
f 1704//2370 1715//2370 1716//2370
f 1704//2371 1716//2371 1705//2371
f 1705//2372 1716//2372 1717//2372
f 1705//2373 1717//2373 1706//2373
f 1706//2374 1717//2374 1718//2374
f 1706//2375 1718//2375 1707//2375
f 1713//2376 1719//2376 1714//2376
f 1714//2377 1719//2377 1720//2377
f 1714//2378 1720//2378 1715//2378
f 1715//2379 1720//2379 1721//2379
f 1715//2380 1721//2380 1716//2380
f 1716//2381 1721//2381 1722//2381
f 1716//2382 1722//2382 1717//2382
f 1717//2383 1722//2383 1723//2383
f 1717//2384 1723//2384 1718//2384
f 1724//2385 1725//2385 1726//2385
f 1727//2386 1728//2386 1729//2386
f 1730//2387 586//2387 1711//2387
f 1711//2388 586//2388 585//2388
f 1711//2389 585//2389 1712//2389
f 1693//2390 1697//2390 1713//2390
f 1713//2391 1697//2391 1731//2391
f 1713//2392 1731//2392 1719//2392
f 1719//2393 1731//2393 1732//2393
f 1719//2394 1732//2394 1720//2394
f 1720//2395 1732//2395 1733//2395
f 1720//2396 1733//2396 1721//2396
f 1721//2397 1733//2397 1734//2397
f 1721//2398 1734//2398 1722//2398
f 1722//2399 1734//2399 1735//2399
f 1722//2400 1735//2400 1723//2400
f 1723//2401 1735//2401 1736//2401
f 1723//2402 1736//2402 1718//2402
f 1718//2403 1736//2403 1737//2403
f 1718//2404 1737//2404 1707//2404
f 1707//2405 1737//2405 1738//2405
f 1707//2406 1738//2406 1700//2406
f 1739//2407 1740//2407 1741//2407
f 1741//2408 1740//2408 1742//2408
f 1741//2409 1742//2409 1743//2409
f 1743//2410 1742//2410 1744//2410
f 1743//2411 1744//2411 1745//2411
f 1745//2412 1744//2412 1746//2412
f 1745//2413 1746//2413 1747//2413
f 1747//2414 1746//2414 1748//2414
f 1747//2415 1748//2415 1749//2415
f 1725//2416 584//2416 1726//2416
f 1726//2417 584//2417 586//2417
f 1726//2418 586//2418 1750//2418
f 1750//2419 586//2419 1730//2419
f 1750//2420 1730//2420 1751//2420
f 1751//2421 1730//2421 1752//2421
f 1751//2422 1752//2422 1753//2422
f 1205//2423 1754//2423 1206//2423
f 1206//2424 1754//2424 1727//2424
f 1206//2425 1727//2425 1755//2425
f 1755//2426 1727//2426 1729//2426
f 1755//2427 1729//2427 1756//2427
f 1756//2428 1729//2428 1757//2428
f 1756//2429 1757//2429 1758//2429
f 1740//2430 1759//2430 1742//2430
f 1742//2431 1759//2431 1760//2431
f 1742//2432 1760//2432 1744//2432
f 1744//2433 1760//2433 1761//2433
f 1744//2434 1761//2434 1746//2434
f 1746//2435 1761//2435 1762//2435
f 1746//2436 1762//2436 1748//2436
f 1763//2437 1764//2437 1765//2437
f 1765//2438 1764//2438 1766//2438
f 1765//2439 1766//2439 974//2439
f 974//2440 1766//2440 1767//2440
f 974//2441 1767//2441 975//2441
f 925//2442 927//2442 923//2442
f 923//2443 927//2443 1768//2443
f 923//2444 1768//2444 990//2444
f 990//2445 1768//2445 983//2445
f 990//2446 983//2446 991//2446
f 991//2447 983//2447 985//2447
f 991//2448 985//2448 992//2448
f 992//2449 985//2449 986//2449
f 992//2450 986//2450 979//2450
f 979//2451 986//2451 981//2451
f 979//2452 981//2452 972//2452
f 972//2453 981//2453 980//2453
f 972//2454 980//2454 971//2454
f 971//2455 980//2455 977//2455
f 971//2456 977//2456 698//2456
f 698//2457 977//2457 976//2457
f 698//2458 976//2458 699//2458
f 699//2459 976//2459 975//2459
f 699//2460 975//2460 947//2460
f 947//2461 975//2461 1767//2461
f 947//2462 1767//2462 945//2462
f 945//2463 1767//2463 1766//2463
f 945//2464 1766//2464 950//2464
f 950//2465 1766//2465 1764//2465
f 950//2466 1764//2466 953//2466
f 953//2467 1764//2467 1763//2467
f 953//2468 1763//2468 958//2468
f 692//2469 694//2469 693//2469
f 693//2470 694//2470 696//2470
f 693//2471 696//2471 1769//2471
f 1769//2472 696//2472 1770//2472
f 1769//2473 1770//2473 1771//2473
f 1771//2474 1770//2474 1772//2474
f 1771//2475 1772//2475 1773//2475
f 1773//2476 1772//2476 1774//2476
f 987//2477 989//2477 1775//2477
f 1775//2478 989//2478 1776//2478
f 1775//2479 1776//2479 1777//2479
f 1777//2480 1776//2480 1778//2480
f 1777//2481 1778//2481 1779//2481
f 1779//2482 1778//2482 1780//2482
f 1779//2483 1780//2483 1781//2483
f 1781//2484 1780//2484 1782//2484
f 1781//2485 1782//2485 1774//2485
f 1774//2486 1782//2486 1783//2486
f 1774//2487 1783//2487 1773//2487
f 1773//2488 1783//2488 1784//2488
f 1773//2489 1784//2489 1771//2489
f 1771//2490 1784//2490 1785//2490
f 1771//2491 1785//2491 1769//2491
f 1769//2492 1785//2492 1786//2492
f 1769//2493 1786//2493 693//2493
f 1787//2494 1788//2494 1789//2494
f 1789//2495 1788//2495 1790//2495
f 1789//2496 1790//2496 1791//2496
f 1791//2497 1790//2497 1792//2497
f 1791//2498 1792//2498 1793//2498
f 1793//2499 1792//2499 1794//2499
f 1793//2500 1794//2500 1795//2500
f 1795//2501 1794//2501 1796//2501
f 1795//2502 1796//2502 1797//2502
f 1797//2503 1796//2503 1798//2503
f 1797//2504 1798//2504 1799//2504
f 1799//2505 1798//2505 1800//2505
f 1799//2506 1800//2506 1801//2506
f 1801//2507 1800//2507 1802//2507
f 1801//2508 1802//2508 1803//2508
f 1803//2509 1802//2509 1804//2509
f 1803//2510 1804//2510 1695//2510
f 1695//2511 1804//2511 1696//2511
f 1695//2512 1696//2512 1694//2512
f 1694//2513 1696//2513 1693//2513
f 1694//2514 1693//2514 968//2514
f 968//2515 1693//2515 1692//2515
f 968//2516 1692//2516 966//2516
f 966//2517 1692//2517 1691//2517
f 962//2518 961//2518 963//2518
f 963//2519 961//2519 693//2519
f 963//2520 693//2520 1695//2520
f 1695//2521 693//2521 1786//2521
f 1695//2522 1786//2522 1803//2522
f 1803//2523 1786//2523 1785//2523
f 1803//2524 1785//2524 1801//2524
f 1801//2525 1785//2525 1784//2525
f 1801//2526 1784//2526 1799//2526
f 1799//2527 1784//2527 1783//2527
f 1799//2528 1783//2528 1797//2528
f 1797//2529 1783//2529 1782//2529
f 1797//2530 1782//2530 1795//2530
f 1795//2531 1782//2531 1780//2531
f 1795//2532 1780//2532 1793//2532
f 1793//2533 1780//2533 1778//2533
f 1793//2534 1778//2534 1791//2534
f 1791//2535 1778//2535 1776//2535
f 1791//2536 1776//2536 1789//2536
f 1789//2537 1776//2537 989//2537
f 1789//2538 989//2538 1787//2538
f 1787//2539 989//2539 988//2539
f 695//2540 956//2540 696//2540
f 696//2541 956//2541 958//2541
f 696//2542 958//2542 1770//2542
f 1770//2543 958//2543 1763//2543
f 1770//2544 1763//2544 1772//2544
f 1772//2545 1763//2545 1765//2545
f 1772//2546 1765//2546 1774//2546
f 1774//2547 1765//2547 974//2547
f 1774//2548 974//2548 1781//2548
f 1781//2549 974//2549 973//2549
f 1781//2550 973//2550 1779//2550
f 1779//2551 973//2551 978//2551
f 1779//2552 978//2552 1777//2552
f 1777//2553 978//2553 982//2553
f 1777//2554 982//2554 1775//2554
f 1775//2555 982//2555 984//2555
f 1775//2556 984//2556 987//2556
f 1759//2557 1805//2557 1760//2557
f 1760//2558 1805//2558 1806//2558
f 1760//2559 1806//2559 1761//2559
f 1761//2560 1806//2560 1807//2560
f 1761//2561 1807//2561 1762//2561
f 1762//2562 1807//2562 1753//2562
f 1762//2563 1753//2563 1748//2563
f 1748//2564 1753//2564 1752//2564
f 1748//2565 1752//2565 1749//2565
f 1728//2566 1724//2566 1729//2566
f 1729//2567 1724//2567 1726//2567
f 1729//2568 1726//2568 1757//2568
f 1757//2569 1726//2569 1750//2569
f 1757//2570 1750//2570 1758//2570
f 1758//2571 1750//2571 1751//2571
f 1758//2572 1751//2572 1808//2572
f 1808//2573 1751//2573 1753//2573
f 1808//2574 1753//2574 1809//2574
f 1809//2575 1753//2575 1807//2575
f 1809//2576 1807//2576 1810//2576
f 1810//2577 1807//2577 1806//2577
f 1810//2578 1806//2578 1811//2578
f 1811//2579 1806//2579 1805//2579
f 1739//2580 1812//2580 1740//2580
f 1740//2581 1812//2581 1813//2581
f 1740//2582 1813//2582 1759//2582
f 1759//2583 1813//2583 1814//2583
f 1759//2584 1814//2584 1805//2584
f 1805//2585 1814//2585 1815//2585
f 1805//2586 1815//2586 1811//2586
f 1811//2587 1815//2587 1816//2587
f 1811//2588 1816//2588 1810//2588
f 1810//2589 1816//2589 1817//2589
f 1810//2590 1817//2590 1809//2590
f 1213//2591 1210//2591 1211//2591
f 1211//2592 1210//2592 1208//2592
f 1211//2593 1208//2593 1818//2593
f 1818//2594 1208//2594 1206//2594
f 1818//2595 1206//2595 1819//2595
f 1819//2596 1206//2596 1755//2596
f 1819//2597 1755//2597 1820//2597
f 1820//2598 1755//2598 1756//2598
f 1820//2599 1756//2599 1821//2599
f 1821//2600 1756//2600 1758//2600
f 1821//2601 1758//2601 1822//2601
f 1822//2602 1758//2602 1808//2602
f 1822//2603 1808//2603 1823//2603
f 1823//2604 1808//2604 1809//2604
f 1823//2605 1809//2605 1824//2605
f 1824//2606 1809//2606 1817//2606
f 1824//2607 1817//2607 1825//2607
f 1826//2608 1827//2608 1828//2608
f 1828//2609 1827//2609 1825//2609
f 1828//2610 1825//2610 1829//2610
f 1829//2611 1825//2611 1817//2611
f 1829//2612 1817//2612 1830//2612
f 1830//2613 1817//2613 1816//2613
f 1830//2614 1816//2614 1831//2614
f 1831//2615 1816//2615 1815//2615
f 1831//2616 1815//2616 1832//2616
f 1832//2617 1815//2617 1814//2617
f 1832//2618 1814//2618 1833//2618
f 1833//2619 1814//2619 1813//2619
f 1833//2620 1813//2620 1834//2620
f 1834//2621 1813//2621 1812//2621
f 1835//2622 1836//2622 1837//2622
f 1837//2623 1836//2623 1838//2623
f 1837//2624 1838//2624 1839//2624
f 1839//2625 1838//2625 1840//2625
f 1839//2626 1840//2626 1841//2626
f 1841//2627 1840//2627 1842//2627
f 1841//2628 1842//2628 1843//2628
f 1843//2629 1842//2629 1844//2629
f 1843//2630 1844//2630 1845//2630
f 1845//2631 1844//2631 1221//2631
f 1846//2632 1847//2632 1848//2632
f 1848//2633 1847//2633 1849//2633
f 1848//2634 1849//2634 1850//2634
f 1850//2635 1849//2635 1851//2635
f 1850//2636 1851//2636 1852//2636
f 1852//2637 1851//2637 1222//2637
f 1835//2638 1846//2638 1836//2638
f 1836//2639 1846//2639 1848//2639
f 1836//2640 1848//2640 1838//2640
f 1838//2641 1848//2641 1850//2641
f 1838//2642 1850//2642 1840//2642
f 1840//2643 1850//2643 1852//2643
f 1840//2644 1852//2644 1842//2644
f 1842//2645 1852//2645 1222//2645
f 1842//2646 1222//2646 1844//2646
f 1844//2647 1222//2647 1224//2647
f 1844//2648 1224//2648 1221//2648
f 1221//2649 1224//2649 1225//2649
f 1221//2650 1225//2650 1219//2650
f 1219//2651 1225//2651 1246//2651
f 1219//2652 1246//2652 1217//2652
f 1217//2653 1246//2653 1244//2653
f 1217//2654 1244//2654 1281//2654
f 1281//2655 1244//2655 1245//2655
f 1281//2656 1245//2656 1279//2656
f 1279//2657 1245//2657 1243//2657
f 1279//2658 1243//2658 1518//2658
f 1518//2659 1243//2659 1241//2659
f 1518//2660 1241//2660 1519//2660
f 1519//2661 1241//2661 1250//2661
f 1519//2662 1250//2662 1500//2662
f 1500//2663 1250//2663 1251//2663
f 1500//2664 1251//2664 644//2664
f 644//2665 1251//2665 1494//2665
f 644//2666 1494//2666 642//2666
f 642//2667 1494//2667 1495//2667
f 642//2668 1495//2668 1463//2668
f 1463//2669 1495//2669 1496//2669
f 1463//2670 1496//2670 1465//2670
f 1465//2671 1496//2671 1497//2671
f 1465//2672 1497//2672 1467//2672
f 1467//2673 1497//2673 1498//2673
f 1467//2674 1498//2674 1468//2674
f 1468//2675 1498//2675 1499//2675
f 1468//2676 1499//2676 1506//2676
f 1506//2677 1499//2677 1669//2677
f 1506//2678 1669//2678 1526//2678
f 1526//2679 1669//2679 1670//2679
f 1526//2680 1670//2680 1652//2680
f 1652//2681 1670//2681 1671//2681
f 1652//2682 1671//2682 1653//2682
f 1653//2683 1671//2683 1672//2683
f 1653//2684 1672//2684 1654//2684
f 1654//2685 1672//2685 1673//2685
f 1654//2686 1673//2686 1656//2686
f 1656//2687 1673//2687 1665//2687
f 1656//2688 1665//2688 1658//2688
f 1658//2689 1665//2689 1664//2689
f 1658//2690 1664//2690 1659//2690
f 1659//2691 1664//2691 1662//2691
f 1659//2692 1662//2692 1618//2692
f 1618//2693 1662//2693 1661//2693
f 1618//2694 1661//2694 1853//2694
f 1853//2695 1661//2695 1660//2695
f 1788//2696 1826//2696 1790//2696
f 1790//2697 1826//2697 1828//2697
f 1790//2698 1828//2698 1792//2698
f 1792//2699 1828//2699 1829//2699
f 1792//2700 1829//2700 1794//2700
f 1794//2701 1829//2701 1830//2701
f 1794//2702 1830//2702 1796//2702
f 1796//2703 1830//2703 1831//2703
f 1796//2704 1831//2704 1798//2704
f 1798//2705 1831//2705 1832//2705
f 1798//2706 1832//2706 1800//2706
f 1800//2707 1832//2707 1833//2707
f 1800//2708 1833//2708 1802//2708
f 1802//2709 1833//2709 1834//2709
f 1802//2710 1834//2710 1804//2710
f 1804//2711 1834//2711 1812//2711
f 1804//2712 1812//2712 1696//2712
f 1696//2713 1812//2713 1739//2713
f 1696//2714 1739//2714 1697//2714
f 1697//2715 1739//2715 1741//2715
f 1697//2716 1741//2716 1731//2716
f 1731//2717 1741//2717 1743//2717
f 1731//2718 1743//2718 1732//2718
f 1732//2719 1743//2719 1745//2719
f 1732//2720 1745//2720 1733//2720
f 1733//2721 1745//2721 1747//2721
f 1733//2722 1747//2722 1734//2722
f 1734//2723 1747//2723 1749//2723
f 1734//2724 1749//2724 1735//2724
f 1735//2725 1749//2725 1752//2725
f 1735//2726 1752//2726 1736//2726
f 1736//2727 1752//2727 1730//2727
f 1736//2728 1730//2728 1737//2728
f 1737//2729 1730//2729 1711//2729
f 1737//2730 1711//2730 1738//2730
f 1738//2731 1711//2731 1709//2731
f 1738//2732 1709//2732 1700//2732
f 1700//2733 1709//2733 1708//2733
f 1700//2734 1708//2734 1698//2734
f 1827//2735 1846//2735 1825//2735
f 1825//2736 1846//2736 1835//2736
f 1825//2737 1835//2737 1824//2737
f 1824//2738 1835//2738 1837//2738
f 1824//2739 1837//2739 1823//2739
f 1823//2740 1837//2740 1839//2740
f 1823//2741 1839//2741 1822//2741
f 1822//2742 1839//2742 1841//2742
f 1822//2743 1841//2743 1821//2743
f 1821//2744 1841//2744 1843//2744
f 1821//2745 1843//2745 1820//2745
f 1820//2746 1843//2746 1845//2746
f 1820//2747 1845//2747 1819//2747
f 1819//2748 1845//2748 1221//2748
f 1819//2749 1221//2749 1818//2749
f 1818//2750 1221//2750 1220//2750
f 1818//2751 1220//2751 1211//2751
f 1211//2752 1220//2752 1218//2752
f 1211//2753 1218//2753 1212//2753
f 1212//2754 1218//2754 1283//2754
f 1212//2755 1283//2755 1214//2755
f 1214//2756 1283//2756 1297//2756
f 1214//2757 1297//2757 629//2757
f 629//2758 1297//2758 1299//2758
f 629//2759 1299//2759 627//2759
f 627//2760 1299//2760 1301//2760
f 627//2761 1301//2761 1291//2761
f 1291//2762 1301//2762 1640//2762
f 1291//2763 1640//2763 1295//2763
f 1295//2764 1640//2764 1639//2764
f 1295//2765 1639//2765 1296//2765
f 1296//2766 1639//2766 1638//2766
f 1296//2767 1638//2767 1314//2767
f 1314//2768 1638//2768 1637//2768
f 1314//2769 1637//2769 1562//2769
f 1562//2770 1637//2770 1635//2770
f 1562//2771 1635//2771 1561//2771
f 1561//2772 1635//2772 1633//2772
f 1561//2773 1633//2773 1560//2773
f 1560//2774 1633//2774 1631//2774
f 1560//2775 1631//2775 1559//2775
f 1559//2776 1631//2776 1629//2776
f 1559//2777 1629//2777 597//2777
f 597//2778 1629//2778 1627//2778
f 597//2779 1627//2779 596//2779
f 596//2780 1627//2780 1625//2780
f 596//2781 1625//2781 593//2781
f 593//2782 1625//2782 1623//2782
f 593//2783 1623//2783 591//2783
f 591//2784 1623//2784 1621//2784
f 591//2785 1621//2785 1617//2785
f 1617//2786 1621//2786 1619//2786
f 1617//2787 1619//2787 1651//2787
f 1651//2788 1619//2788 1618//2788
f 1651//2789 1618//2789 589//2789
f 589//2790 1618//2790 1853//2790
f 589//2791 1853//2791 587//2791
f 587//2792 1853//2792 1660//2792
f 587//2793 1660//2793 763//2793
f 763//2794 1660//2794 655//2794
f 763//2795 655//2795 765//2795
f 765//2796 655//2796 652//2796
f 765//2797 652//2797 768//2797
f 768//2798 652//2798 654//2798
f 768//2799 654//2799 769//2799
f 769//2800 654//2800 771//2800
f 902//2801 898//2801 903//2801
f 903//2802 898//2802 895//2802
f 903//2803 895//2803 999//2803
f 999//2804 895//2804 888//2804
f 999//2805 888//2805 1015//2805
f 1015//2806 888//2806 891//2806
f 1015//2807 891//2807 1016//2807
f 1016//2808 891//2808 882//2808
f 1016//2809 882//2809 1017//2809
f 1017//2810 882//2810 1146//2810
f 1017//2811 1146//2811 1018//2811
f 1018//2812 1146//2812 1145//2812
f 1018//2813 1145//2813 1111//2813
f 1111//2814 1145//2814 1144//2814
f 1111//2815 1144//2815 1110//2815
f 1110//2816 1144//2816 1143//2816
f 1110//2817 1143//2817 1109//2817
f 1109//2818 1143//2818 1142//2818
f 1109//2819 1142//2819 1112//2819
f 1112//2820 1142//2820 1141//2820
f 1112//2821 1141//2821 1119//2821
f 1119//2822 1141//2822 1140//2822
f 1119//2823 1140//2823 1120//2823
f 1120//2824 1140//2824 1133//2824
f 1120//2825 1133//2825 1121//2825
f 1121//2826 1133//2826 1132//2826
f 1121//2827 1132//2827 1122//2827
f 1122//2828 1132//2828 1131//2828
f 1122//2829 1131//2829 1123//2829
f 1123//2830 1131//2830 1130//2830
f 1123//2831 1130//2831 1124//2831
f 1124//2832 1130//2832 1129//2832
f 1124//2833 1129//2833 1118//2833
f 1118//2834 1129//2834 1080//2834
f 1118//2835 1080//2835 1261//2835
f 1261//2836 1080//2836 1079//2836
f 1261//2837 1079//2837 1042//2837
f 1042//2838 1079//2838 1043//2838
f 1042//2839 1043//2839 1041//2839
f 1041//2840 1043//2840 1045//2840
f 1041//2841 1045//2841 672//2841
f 672//2842 1045//2842 1038//2842
f 672//2843 1038//2843 671//2843
f 671//2844 1038//2844 1036//2844
f 671//2845 1036//2845 669//2845
f 669//2846 1036//2846 1035//2846
f 669//2847 1035//2847 1253//2847
f 1253//2848 1035//2848 1278//2848
f 1253//2849 1278//2849 1255//2849
f 1255//2850 1278//2850 1668//2850
f 1255//2851 1668//2851 1257//2851
f 1257//2852 1668//2852 1493//2852
f 1257//2853 1493//2853 1259//2853
f 1259//2854 1493//2854 1239//2854
f 1259//2855 1239//2855 1260//2855
f 1260//2856 1239//2856 1238//2856
f 1260//2857 1238//2857 1265//2857
f 1265//2858 1238//2858 1236//2858
f 1265//2859 1236//2859 646//2859
f 646//2860 1236//2860 1223//2860
f 646//2861 1223//2861 647//2861
f 647//2862 1223//2862 1222//2862
f 647//2863 1222//2863 1228//2863
f 1228//2864 1222//2864 1851//2864
f 1228//2865 1851//2865 583//2865
f 583//2866 1851//2866 1849//2866
f 583//2867 1849//2867 581//2867
f 581//2868 1849//2868 1847//2868
f 581//2869 1847//2869 1234//2869
f 1234//2870 1847//2870 1846//2870
f 1234//2871 1846//2871 1233//2871
f 1233//2872 1846//2872 1827//2872
f 1233//2873 1827//2873 1232//2873
f 1232//2874 1827//2874 1826//2874
f 1232//2875 1826//2875 1231//2875
f 1231//2876 1826//2876 1788//2876
f 1231//2877 1788//2877 1003//2877
f 1003//2878 1788//2878 1787//2878
f 1003//2879 1787//2879 1002//2879
f 1002//2880 1787//2880 988//2880
f 1002//2881 988//2881 998//2881
f 998//2882 988//2882 987//2882
f 998//2883 987//2883 997//2883
f 997//2884 987//2884 984//2884
f 997//2885 984//2885 996//2885
f 996//2886 984//2886 983//2886
f 996//2887 983//2887 995//2887
f 995//2888 983//2888 1768//2888
f 995//2889 1768//2889 993//2889
f 993//2890 1768//2890 927//2890
f 993//2891 927//2891 918//2891
f 918//2892 927//2892 929//2892
f 918//2893 929//2893 916//2893
f 121//2894 418//2894 1854//2894
f 1855//2895 1856//2895 1857//2895
f 1857//2896 1856//2896 1858//2896
f 411//2897 125//2897 1859//2897
f 1860//2898 1861//2898 1862//2898
f 1863//2899 1864//2899 1865//2899
f 1865//2900 1864//2900 1866//2900
f 1865//2901 1866//2901 1867//2901
f 1867//2902 1866//2902 1868//2902
f 1869//2903 1870//2903 1871//2903
f 1871//2904 1870//2904 1872//2904
f 1871//2905 1872//2905 1873//2905
f 1873//2906 1872//2906 1874//2906
f 1873//2907 1874//2907 1863//2907
f 1862//2908 1861//2908 1871//2908
f 1871//2909 1861//2909 1875//2909
f 1871//2910 1875//2910 1869//2910
f 1860//2911 1862//2911 1876//2911
f 1876//2912 1862//2912 1877//2912
f 1876//2913 1877//2913 1878//2913
f 1879//2914 1880//2914 1877//2914
f 1877//2915 1880//2915 1881//2915
f 1877//2916 1881//2916 1878//2916
f 1882//2917 1883//2917 1884//2917
f 1884//2918 1883//2918 1885//2918
f 1884//2919 1885//2919 1879//2919
f 1879//2920 1885//2920 1886//2920
f 1879//2921 1886//2921 1880//2921
f 1887//2922 1888//2922 1884//2922
f 1884//2923 1888//2923 1889//2923
f 1884//2924 1889//2924 1882//2924
f 1890//2925 1891//2925 1887//2925
f 1887//2926 1891//2926 1892//2926
f 1887//2927 1892//2927 1888//2927
f 1893//2928 1894//2928 1887//2928
f 1894//2929 1895//2929 1887//2929
f 1887//2930 1895//2930 1896//2930
f 1887//2931 1896//2931 1890//2931
f 1858//2932 1897//2932 1898//2932
f 1899//2933 1854//2933 1900//2933
f 1900//2934 1854//2934 418//2934
f 1900//2935 418//2935 1901//2935
f 1901//2936 418//2936 422//2936
f 1901//2937 422//2937 420//2937
f 1902//2938 410//2938 409//2938
f 1902//2939 409//2939 1903//2939
f 409//2940 407//2940 1903//2940
f 1903//2941 407//2941 406//2941
f 1903//2942 406//2942 1859//2942
f 1859//2943 406//2943 412//2943
f 1859//2944 412//2944 411//2944
f 397//2945 405//2945 1904//2945
f 1904//2946 405//2946 404//2946
f 1904//2947 404//2947 1902//2947
f 1902//2948 404//2948 403//2948
f 1902//2949 403//2949 410//2949
f 398//2950 397//2950 1905//2950
f 1905//2951 397//2951 1904//2951
f 1905//2952 1904//2952 1906//2952
f 1906//2953 1904//2953 1907//2953
f 1908//2954 1909//2954 1910//2954
f 1910//2955 1909//2955 1911//2955
f 1910//2956 1911//2956 1912//2956
f 1913//2957 1914//2957 1873//2957
f 1863//2958 1865//2958 1873//2958
f 1873//2959 1865//2959 1915//2959
f 1873//2960 1915//2960 1913//2960
f 1912//2961 1907//2961 1910//2961
f 1910//2962 1907//2962 1904//2962
f 1910//2963 1904//2963 1916//2963
f 1916//2964 1904//2964 1902//2964
f 1916//2965 1902//2965 1917//2965
f 1917//2966 1902//2966 1903//2966
f 1917//2967 1903//2967 1918//2967
f 1918//2968 1903//2968 1859//2968
f 1918//2969 1859//2969 1919//2969
f 125//2970 124//2970 1859//2970
f 1859//2971 124//2971 1855//2971
f 1859//2972 1855//2972 1919//2972
f 1919//2973 1855//2973 1857//2973
f 122//2974 121//2974 1856//2974
f 1856//2975 121//2975 1854//2975
f 1856//2976 1854//2976 1858//2976
f 1858//2977 1854//2977 1899//2977
f 1858//2978 1899//2978 1897//2978
f 124//2979 414//2979 1855//2979
f 1855//2980 414//2980 416//2980
f 1855//2981 416//2981 1856//2981
f 1856//2982 416//2982 415//2982
f 1856//2983 415//2983 122//2983
f 1898//2984 1893//2984 1858//2984
f 1858//2985 1893//2985 1887//2985
f 1858//2986 1887//2986 1857//2986
f 1857//2987 1887//2987 1884//2987
f 1857//2988 1884//2988 1919//2988
f 1919//2989 1884//2989 1879//2989
f 1919//2990 1879//2990 1918//2990
f 1918//2991 1879//2991 1877//2991
f 1918//2992 1877//2992 1917//2992
f 1917//2993 1877//2993 1862//2993
f 1917//2994 1862//2994 1916//2994
f 1916//2995 1862//2995 1871//2995
f 1916//2996 1871//2996 1910//2996
f 1910//2997 1871//2997 1873//2997
f 1910//2998 1873//2998 1908//2998
f 1908//2999 1873//2999 1914//2999
f 1920//3000 1921//3000 1922//3000
f 1923//3001 1924//3001 1920//3001
f 1925//3002 1926//3002 1927//3002
f 1928//3003 1929//3003 1930//3003
f 1931//3004 1932//3004 1933//3004
f 1934//3005 1935//3005 1936//3005
f 1725//3006 1724//3006 1937//3006
f 1712//3007 585//3007 1938//3007
f 1679//3008 1681//3008 1939//3008
f 1940//3009 1941//3009 1942//3009
f 1943//3010 1944//3010 1945//3010
f 1944//3011 1943//3011 1946//3011
f 1947//3012 1948//3012 1949//3012
f 1950//3013 1951//3013 1952//3013
f 1952//3014 1951//3014 1953//3014
f 1954//3015 1955//3015 1950//3015
f 1956//3016 1957//3016 1958//3016
f 1958//3017 1957//3017 1959//3017
f 1960//3018 1961//3018 1962//3018
f 1963//3019 1964//3019 1965//3019
f 1966//3020 1967//3020 1968//3020
f 1969//3021 1970//3021 1971//3021
f 1972//3022 1973//3022 1974//3022
f 1975//3023 1976//3023 1977//3023
f 1341//3024 1340//3024 1978//3024
f 1979//3025 1980//3025 1981//3025
f 1982//3026 1983//3026 1984//3026
f 1288//3027 1287//3027 1985//3027
f 1986//3028 1987//3028 1988//3028
f 1989//3029 1987//3029 1990//3029
f 1991//3030 1992//3030 1993//3030
f 1993//3031 1992//3031 1994//3031
f 1995//3032 1996//3032 1997//3032
f 1998//3033 1999//3033 2000//3033
f 2001//3034 2002//3034 2003//3034
f 2004//3035 2005//3035 2006//3035
f 2000//3036 1999//3036 2007//3036
f 1997//3037 1996//3037 2008//3037
f 2009//3038 2010//3038 2011//3038
f 2011//3039 2010//3039 2012//3039
f 1216//3040 1215//3040 2013//3040
f 2014//3041 2015//3041 2016//3041
f 2017//3042 2018//3042 2019//3042
f 2020//3043 2021//3043 2022//3043
f 2023//3044 2024//3044 2025//3044
f 2026//3045 2027//3045 2028//3045
f 2029//3046 2030//3046 2031//3046
f 2032//3047 2033//3047 2034//3047
f 2035//3048 2036//3048 2037//3048
f 2038//3049 2039//3049 2040//3049
f 2041//3050 2042//3050 2043//3050
f 2044//3051 2045//3051 2046//3051
f 2047//3052 2048//3052 2049//3052
f 2050//3053 310//3053 312//3053
f 321//3054 320//3054 2051//3054
f 133//3055 328//3055 2052//3055
f 327//3056 326//3056 2053//3056
f 338//3057 337//3057 2054//3057
f 400//3058 399//3058 2055//3058
f 2056//3059 2057//3059 2058//3059
f 2059//3060 2060//3060 2061//3060
f 2062//3061 2063//3061 1940//3061
f 1940//3061 2063//3061 2064//3061
f 1940//3062 2064//3062 1941//3062
f 1941//3063 2064//3063 2065//3063
f 1941//3064 2065//3064 2066//3064
f 2067//3065 2068//3065 2059//3065
f 2069//3066 2070//3066 2067//3066
f 2067//3067 2070//3067 2071//3067
f 2067//3068 2071//3068 2068//3068
f 2072//3069 2073//3069 2069//3069
f 2074//3070 2075//3070 2076//3070
f 2076//3071 2075//3071 2077//3071
f 2076//3072 2077//3072 2078//3072
f 2079//3073 2080//3073 2074//3073
f 2074//3074 2080//3074 2081//3074
f 2074//3075 2081//3075 2075//3075
f 2082//3076 2083//3076 2079//3076
f 2079//3077 2083//3077 2084//3077
f 2079//3078 2084//3078 2080//3078
f 1929//3079 2085//3079 2082//3079
f 2082//3080 2085//3080 2086//3080
f 2082//3081 2086//3081 2083//3081
f 2087//3082 2088//3082 1928//3082
f 1928//3083 2088//3083 2089//3083
f 1928//3084 2089//3084 1929//3084
f 1929//3085 2089//3085 2090//3085
f 1929//3085 2090//3085 2085//3085
f 2091//3086 2092//3086 2093//3086
f 2092//3087 2094//3087 2093//3087
f 2093//3088 2094//3088 2095//3088
f 2093//3089 2095//3089 2096//3089
f 2096//3090 2095//3090 2097//3090
f 2096//3091 2097//3091 2098//3091
f 2099//3092 2100//3092 2101//3092
f 2101//3093 2100//3093 2102//3093
f 2103//3094 2104//3094 2099//3094
f 2099//3095 2104//3095 2105//3095
f 2099//3096 2105//3096 2100//3096
f 2106//3097 2107//3097 2108//3097
f 2108//3098 2107//3098 2103//3098
f 2109//3099 2110//3099 2111//3099
f 2111//3100 2110//3100 2112//3100
f 2111//3101 2112//3101 2113//3101
f 2114//3102 2115//3102 2116//3102
f 1868//3103 2056//3103 1867//3103
f 1867//3104 2056//3104 2058//3104
f 1867//3105 2058//3105 1865//3105
f 1865//3106 2058//3106 1915//3106
f 1915//3107 2058//3107 2117//3107
f 1915//3108 2117//3108 1913//3108
f 1911//3109 1909//3109 2118//3109
f 2118//3110 1909//3110 1908//3110
f 2118//3111 1908//3111 2117//3111
f 2117//3112 1908//3112 1914//3112
f 2117//3113 1914//3113 1913//3113
f 1911//3114 2118//3114 1912//3114
f 1912//3115 2118//3115 2119//3115
f 1912//3116 2119//3116 1907//3116
f 399//3117 398//3117 2055//3117
f 2055//3118 398//3118 1905//3118
f 2055//3119 1905//3119 2119//3119
f 2119//3120 1905//3120 1906//3120
f 2119//3116 1906//3116 1907//3116
f 400//3121 2055//3121 401//3121
f 401//3122 2055//3122 2120//3122
f 401//3123 2120//3123 402//3123
f 388//3124 387//3124 2121//3124
f 2121//3125 387//3125 396//3125
f 2121//3126 396//3126 2120//3126
f 2120//3127 396//3127 395//3127
f 2120//3128 395//3128 402//3128
f 388//3129 2121//3129 390//3129
f 390//3130 2121//3130 2122//3130
f 390//3131 2122//3131 392//3131
f 381//3132 386//3132 2123//3132
f 2123//3133 386//3133 385//3133
f 2123//3134 385//3134 2122//3134
f 2122//3135 385//3135 393//3135
f 2122//3135 393//3135 392//3135
f 376//3136 375//3136 2124//3136
f 2124//3137 375//3137 383//3137
f 2124//3138 383//3138 382//3138
f 373//3139 379//3139 2125//3139
f 2125//3140 379//3140 378//3140
f 2125//3141 378//3141 376//3141
f 373//3142 2125//3142 374//3142
f 374//3143 2125//3143 2126//3143
f 374//3144 2126//3144 370//3144
f 127//3145 367//3145 2127//3145
f 2127//3146 367//3146 366//3146
f 2127//3147 366//3147 2126//3147
f 2126//3148 366//3148 371//3148
f 2126//3149 371//3149 370//3149
f 127//3145 2127//3145 128//3145
f 128//3150 2127//3150 2128//3150
f 128//3151 2128//3151 363//3151
f 359//3152 358//3152 2129//3152
f 2129//3153 358//3153 365//3153
f 2129//3154 365//3154 2128//3154
f 2128//3155 365//3155 364//3155
f 2128//3155 364//3155 363//3155
f 359//3156 2129//3156 361//3156
f 361//3157 2129//3157 2130//3157
f 361//3158 2130//3158 362//3158
f 2131//3159 353//3159 351//3159
f 351//3160 350//3160 2131//3160
f 2131//3161 350//3161 355//3161
f 2131//3162 355//3162 2130//3162
f 2130//3163 355//3163 357//3163
f 2130//3164 357//3164 362//3164
f 353//3165 2131//3165 354//3165
f 354//3166 2131//3166 2132//3166
f 354//3167 2132//3167 347//3167
f 151//3168 153//3168 2133//3168
f 2133//3169 153//3169 344//3169
f 2133//3170 344//3170 2132//3170
f 2132//3171 344//3171 346//3171
f 2132//3172 346//3172 347//3172
f 2134//3173 157//3173 155//3173
f 155//3174 154//3174 2134//3174
f 2134//3175 154//3175 147//3175
f 2134//3176 147//3176 2133//3176
f 2133//3177 147//3177 149//3177
f 2133//3178 149//3178 151//3178
f 157//3179 2134//3179 159//3179
f 159//3180 2134//3180 2135//3180
f 159//3181 2135//3181 161//3181
f 2136//3182 174//3182 169//3182
f 169//3183 167//3183 2136//3183
f 2136//3184 167//3184 164//3184
f 2136//3185 164//3185 2135//3185
f 2135//3186 164//3186 162//3186
f 2135//3187 162//3187 161//3187
f 174//3188 2136//3188 173//3188
f 173//3189 2136//3189 2137//3189
f 173//3190 2137//3190 171//3190
f 181//3191 178//3191 2138//3191
f 2138//3191 178//3191 176//3191
f 2138//3192 176//3192 2137//3192
f 2137//3193 176//3193 175//3193
f 2137//3194 175//3194 171//3194
f 181//3195 2138//3195 182//3195
f 182//3196 2138//3196 2139//3196
f 182//3197 2139//3197 184//3197
f 2140//3198 193//3198 192//3198
f 192//3199 189//3199 2140//3199
f 2140//3200 189//3200 187//3200
f 2140//3201 187//3201 2139//3201
f 2139//3202 187//3202 186//3202
f 2139//3203 186//3203 184//3203
f 193//3204 2140//3204 195//3204
f 195//3205 2140//3205 2141//3205
f 195//3206 2141//3206 196//3206
f 198//3207 2142//3207 341//3207
f 341//3208 2142//3208 342//3208
f 198//3209 202//3209 2142//3209
f 2142//3210 202//3210 201//3210
f 2142//3211 201//3211 2141//3211
f 2141//3212 201//3212 197//3212
f 2141//3213 197//3213 196//3213
f 342//3208 2142//3208 343//3208
f 343//3214 2142//3214 2143//3214
f 343//3215 2143//3215 340//3215
f 337//3216 336//3216 2054//3216
f 2054//3217 336//3217 335//3217
f 2054//3218 335//3218 2143//3218
f 2143//3219 335//3219 339//3219
f 2143//3220 339//3220 340//3220
f 330//3221 332//3221 2144//3221
f 2144//3222 332//3222 334//3222
f 131//3223 130//3223 2145//3223
f 2145//3224 130//3224 331//3224
f 323//3225 134//3225 2146//3225
f 319//3226 317//3226 2146//3226
f 317//3226 325//3226 2146//3226
f 2146//3227 325//3227 324//3227
f 2146//3228 324//3228 323//3228
f 321//3229 2051//3229 322//3229
f 312//3230 313//3230 2147//3230
f 2147//3231 313//3231 314//3231
f 2147//3232 314//3232 315//3232
f 2050//3233 312//3233 2148//3233
f 2149//3234 2150//3234 2151//3234
f 2151//3235 2150//3235 2148//3235
f 2152//3236 2153//3236 2154//3236
f 2154//3237 2153//3237 2155//3237
f 2156//3238 2157//3238 2158//3238
f 2158//3239 2157//3239 2159//3239
f 2160//3240 2161//3240 2162//3240
f 2163//3241 2164//3241 2165//3241
f 2165//3242 2164//3242 2166//3242
f 2165//3242 2166//3242 2167//3242
f 2168//3243 2169//3243 2170//3243
f 1944//3244 2171//3244 2172//3244
f 1944//3245 2172//3245 1945//3245
f 1945//3246 2172//3246 2173//3246
f 1945//3247 2173//3247 2174//3247
f 2171//3248 1944//3248 2175//3248
f 2175//3249 1944//3249 1946//3249
f 2175//3250 1946//3250 2176//3250
f 2176//3251 1946//3251 2177//3251
f 2176//3252 2177//3252 2178//3252
f 2178//3253 2177//3253 2179//3253
f 2179//3254 2177//3254 2180//3254
f 2179//3255 2180//3255 2181//3255
f 2182//3256 2183//3256 2180//3256
f 2180//3257 2183//3257 2184//3257
f 2180//3258 2184//3258 2181//3258
f 2185//3259 2186//3259 2182//3259
f 2182//3260 2186//3260 2187//3260
f 2182//3261 2187//3261 2183//3261
f 2188//3262 2189//3262 2185//3262
f 2185//3263 2189//3263 2190//3263
f 2185//3264 2190//3264 2186//3264
f 2191//3265 2192//3265 2193//3265
f 2102//3266 2091//3266 2101//3266
f 2101//3267 2091//3267 2093//3267
f 2101//3268 2093//3268 2194//3268
f 2194//3269 2093//3269 2096//3269
f 2194//3270 2096//3270 2195//3270
f 2195//3271 2096//3271 2196//3271
f 2195//3272 2196//3272 2197//3272
f 2198//3273 2199//3273 2200//3273
f 2200//3274 2199//3274 2201//3274
f 2200//3275 2201//3275 2202//3275
f 2203//3276 2204//3276 2205//3276
f 2205//3277 2204//3277 2206//3277
f 2205//3278 2206//3278 2207//3278
f 2208//3279 2209//3279 2210//3279
f 2210//3280 2209//3280 2211//3280
f 2210//3281 2211//3281 2212//3281
f 2212//3282 2211//3282 2213//3282
f 2212//3283 2213//3283 2197//3283
f 2197//3284 2213//3284 2202//3284
f 2197//3285 2202//3285 2195//3285
f 2195//3286 2202//3286 2201//3286
f 2195//3287 2201//3287 2194//3287
f 2194//3288 2201//3288 2199//3288
f 2194//3289 2199//3289 2101//3289
f 2101//3290 2199//3290 2198//3290
f 2101//3291 2198//3291 2099//3291
f 2208//3292 2214//3292 2215//3292
f 2209//3293 2216//3293 2211//3293
f 2211//3294 2216//3294 2217//3294
f 2211//3295 2217//3295 2213//3295
f 2213//3296 2217//3296 2218//3296
f 2213//3297 2218//3297 2202//3297
f 2202//3298 2218//3298 2207//3298
f 2202//3299 2207//3299 2200//3299
f 2200//3300 2207//3300 2206//3300
f 2200//3301 2206//3301 2198//3301
f 2198//3302 2206//3302 2204//3302
f 2198//3303 2204//3303 2099//3303
f 2099//3304 2204//3304 2203//3304
f 2216//3305 2219//3305 2217//3305
f 2217//3306 2219//3306 2220//3306
f 2217//3307 2220//3307 2218//3307
f 2218//3308 2220//3308 2221//3308
f 2218//3309 2221//3309 2207//3309
f 2207//3310 2221//3310 2222//3310
f 2207//3311 2222//3311 2205//3311
f 2205//3312 2222//3312 2223//3312
f 2205//3313 2223//3313 2203//3313
f 2113//3314 2106//3314 2111//3314
f 2111//3315 2106//3315 2108//3315
f 2111//3316 2108//3316 2224//3316
f 2224//3317 2108//3317 2225//3317
f 2224//3318 2225//3318 2226//3318
f 2226//3319 2225//3319 2227//3319
f 2226//3320 2227//3320 2228//3320
f 2228//3321 2227//3321 2229//3321
f 2115//3322 2109//3322 2116//3322
f 2116//3323 2109//3323 2111//3323
f 2116//3324 2111//3324 2230//3324
f 2230//3325 2111//3325 2224//3325
f 2230//3326 2224//3326 2231//3326
f 2231//3327 2224//3327 2226//3327
f 2231//3328 2226//3328 2232//3328
f 2232//3329 2226//3329 2228//3329
f 2232//3330 2228//3330 2233//3330
f 2233//3331 2228//3331 2229//3331
f 2233//3332 2229//3332 2234//3332
f 2235//3333 2123//3333 2236//3333
f 2236//3334 2123//3334 2122//3334
f 2236//3335 2122//3335 2237//3335
f 2237//3336 2122//3336 2121//3336
f 2237//3337 2121//3337 2234//3337
f 2234//3338 2121//3338 2120//3338
f 2234//3339 2120//3339 2233//3339
f 2233//3340 2120//3340 2055//3340
f 2233//3341 2055//3341 2232//3341
f 2232//3342 2055//3342 2119//3342
f 2232//3343 2119//3343 2231//3343
f 2231//3344 2119//3344 2118//3344
f 2231//3345 2118//3345 2230//3345
f 2230//3346 2118//3346 2117//3346
f 2230//3347 2117//3347 2116//3347
f 2116//3348 2117//3348 2058//3348
f 2116//3349 2058//3349 2114//3349
f 2114//3350 2058//3350 2057//3350
f 2208//3351 2215//3351 2209//3351
f 2209//3352 2215//3352 2238//3352
f 2209//3353 2238//3353 2216//3353
f 2216//3354 2238//3354 2239//3354
f 2216//3355 2239//3355 2219//3355
f 2219//3356 2239//3356 2240//3356
f 2219//3357 2240//3357 2220//3357
f 2220//3358 2240//3358 2241//3358
f 2220//3359 2241//3359 2221//3359
f 2221//3360 2241//3360 2242//3360
f 2221//3361 2242//3361 2222//3361
f 2243//3362 2244//3362 2245//3362
f 2246//3363 2247//3363 2248//3363
f 2248//3364 2247//3364 2249//3364
f 2248//3365 2249//3365 2250//3365
f 2250//3366 2249//3366 2251//3366
f 2250//3367 2251//3367 2252//3367
f 2108//3368 2253//3368 2225//3368
f 2225//3369 2253//3369 2254//3369
f 2225//3370 2254//3370 2227//3370
f 2227//3371 2254//3371 2255//3371
f 2227//3372 2255//3372 2229//3372
f 2229//3373 2255//3373 2256//3373
f 2229//3374 2256//3374 2234//3374
f 2234//3375 2256//3375 2257//3375
f 2234//3376 2257//3376 2237//3376
f 2237//3377 2257//3377 2258//3377
f 2237//3378 2258//3378 2236//3378
f 2236//3379 2258//3379 2259//3379
f 2236//3380 2259//3380 2235//3380
f 2235//3381 2259//3381 2260//3381
f 2261//3382 2262//3382 2263//3382
f 2263//3383 2262//3383 2264//3383
f 2263//3384 2264//3384 2265//3384
f 2265//3385 2264//3385 2266//3385
f 2265//3386 2266//3386 2267//3386
f 2267//3387 2266//3387 2268//3387
f 2267//3388 2268//3388 2269//3388
f 2269//3389 2268//3389 2243//3389
f 2269//3390 2243//3390 2270//3390
f 2270//3391 2243//3391 2245//3391
f 2270//3392 2245//3392 2271//3392
f 2272//3393 2273//3393 2274//3393
f 2274//3394 2273//3394 2275//3394
f 2274//3395 2275//3395 2260//3395
f 2260//3396 2275//3396 2276//3396
f 2260//3397 2276//3397 2235//3397
f 2235//3398 2276//3398 2124//3398
f 2235//3399 2124//3399 2123//3399
f 2123//3400 2124//3400 382//3400
f 2123//3401 382//3401 381//3401
f 2257//3402 2244//3402 2258//3402
f 2258//3403 2244//3403 2243//3403
f 2258//3404 2243//3404 2259//3404
f 2259//3405 2243//3405 2268//3405
f 2259//3406 2268//3406 2260//3406
f 2260//3407 2268//3407 2266//3407
f 2260//3408 2266//3408 2274//3408
f 2274//3409 2266//3409 2264//3409
f 2274//3410 2264//3410 2272//3410
f 2272//3411 2264//3411 2262//3411
f 2277//3412 2278//3412 2279//3412
f 2279//3413 2278//3413 2280//3413
f 2279//3414 2280//3414 2281//3414
f 2046//3415 2282//3415 2283//3415
f 2283//3416 2282//3416 2284//3416
f 2283//3417 2284//3417 2285//3417
f 2285//3418 2284//3418 2286//3418
f 2285//3419 2286//3419 2287//3419
f 2288//3420 2289//3420 2290//3420
f 2290//3421 2289//3421 2291//3421
f 2290//3422 2291//3422 2292//3422
f 2293//3423 2294//3423 2278//3423
f 2278//3424 2294//3424 2287//3424
f 2278//3425 2287//3425 2280//3425
f 2280//3426 2287//3426 2286//3426
f 2280//3427 2286//3427 2281//3427
f 2281//3428 2286//3428 2284//3428
f 2281//3429 2284//3429 2295//3429
f 2277//3430 2296//3430 2278//3430
f 2278//3431 2296//3431 2297//3431
f 2278//3432 2297//3432 2293//3432
f 2040//3433 2298//3433 2043//3433
f 2043//3434 2298//3434 2299//3434
f 2043//3435 2299//3435 2041//3435
f 2041//3436 2299//3436 2300//3436
f 2301//3437 2302//3437 2303//3437
f 2303//3438 2302//3438 2300//3438
f 2042//3439 2041//3439 2288//3439
f 2288//3440 2041//3440 2300//3440
f 2288//3441 2300//3441 2289//3441
f 2289//3442 2300//3442 2302//3442
f 2289//3443 2302//3443 2291//3443
f 2291//3444 2302//3444 2301//3444
f 2291//3445 2301//3445 2292//3445
f 2040//3446 2039//3446 2298//3446
f 2298//3447 2039//3447 2304//3447
f 2298//3448 2304//3448 2299//3448
f 2299//3449 2304//3449 2305//3449
f 2299//3450 2305//3450 2300//3450
f 2300//3451 2305//3451 2306//3451
f 2300//3452 2306//3452 2303//3452
f 2307//3453 2308//3453 2017//3453
f 2308//3454 2309//3454 2017//3454
f 2017//3455 2309//3455 2310//3455
f 2017//3456 2310//3456 2018//3456
f 2033//3457 2311//3457 2312//3457
f 2313//3458 2314//3458 2315//3458
f 2315//3459 2314//3459 2032//3459
f 2032//3460 2034//3460 2315//3460
f 2315//3461 2034//3461 2316//3461
f 2315//3462 2316//3462 2313//3462
f 2033//3463 2312//3463 2034//3463
f 2034//3464 2312//3464 2317//3464
f 2034//3465 2317//3465 2316//3465
f 2316//3466 2317//3466 2318//3466
f 2316//3467 2318//3467 2319//3467
f 2319//3468 2318//3468 2320//3468
f 2319//3469 2320//3469 2321//3469
f 2321//3470 2320//3470 2322//3470
f 2321//3471 2322//3471 2323//3471
f 2323//3472 2322//3472 2324//3472
f 2323//3473 2324//3473 2022//3473
f 2045//3474 2044//3474 2325//3474
f 2325//3475 2044//3475 2292//3475
f 2325//3476 2292//3476 2326//3476
f 2326//3477 2292//3477 2301//3477
f 2326//3478 2301//3478 2327//3478
f 2327//3479 2301//3479 2303//3479
f 2327//3480 2303//3480 2328//3480
f 2328//3481 2303//3481 2306//3481
f 2328//3482 2306//3482 2329//3482
f 2329//3483 2306//3483 2305//3483
f 2329//3484 2305//3484 2330//3484
f 2330//3485 2305//3485 2304//3485
f 2330//3486 2304//3486 2331//3486
f 2331//3487 2304//3487 2039//3487
f 2331//3488 2039//3488 2332//3488
f 2332//3489 2039//3489 2038//3489
f 2332//3490 2038//3490 2333//3490
f 2031//3491 2030//3491 2334//3491
f 2334//3492 2030//3492 2335//3492
f 2334//3493 2335//3493 2336//3493
f 2336//3494 2335//3494 2036//3494
f 2336//3495 2036//3495 2337//3495
f 2337//3496 2036//3496 2035//3496
f 2337//3497 2035//3497 2338//3497
f 2037//3498 2036//3498 2339//3498
f 2339//3499 2036//3499 2335//3499
f 2339//3500 2335//3500 2340//3500
f 2340//3501 2335//3501 2030//3501
f 2340//3502 2030//3502 2341//3502
f 2341//3503 2030//3503 2029//3503
f 2341//3504 2029//3504 2342//3504
f 2342//3505 2343//3505 2341//3505
f 2341//3506 2343//3506 2344//3506
f 2341//3507 2344//3507 2340//3507
f 2340//3508 2344//3508 2345//3508
f 2340//3509 2345//3509 2339//3509
f 2339//3510 2345//3510 2346//3510
f 2339//3511 2346//3511 2037//3511
f 2037//3512 2346//3512 2347//3512
f 2037//3513 2347//3513 2035//3513
f 2035//3514 2347//3514 2348//3514
f 2035//3515 2348//3515 2338//3515
f 2338//3516 2348//3516 2349//3516
f 2350//3517 2351//3517 2352//3517
f 2353//3518 2354//3518 2355//3518
f 2355//3519 2354//3519 2356//3519
f 2355//3520 2356//3520 2357//3520
f 2357//3521 2356//3521 2358//3521
f 2357//3522 2358//3522 2359//3522
f 2360//3523 2361//3523 2362//3523
f 2362//3524 2361//3524 2363//3524
f 2362//3525 2363//3525 2364//3525
f 2169//3526 2163//3526 2170//3526
f 2170//3527 2163//3527 2165//3527
f 2170//3528 2165//3528 2365//3528
f 2342//3529 2026//3529 2366//3529
f 2366//3530 2026//3530 2028//3530
f 2366//3531 2028//3531 2367//3531
f 2367//3532 2028//3532 2368//3532
f 2352//3533 2365//3533 2369//3533
f 2369//3534 2365//3534 2165//3534
f 2369//3535 2165//3535 2160//3535
f 2160//3536 2165//3536 2167//3536
f 2160//3537 2167//3537 2161//3537
f 2361//3538 2350//3538 2363//3538
f 2363//3539 2350//3539 2352//3539
f 2363//3540 2352//3540 2364//3540
f 2364//3541 2352//3541 2369//3541
f 2364//3542 2369//3542 2370//3542
f 2370//3543 2369//3543 2160//3543
f 2370//3544 2160//3544 2158//3544
f 2158//3545 2160//3545 2162//3545
f 2158//3546 2162//3546 2156//3546
f 2022//3547 2021//3547 2323//3547
f 2323//3548 2021//3548 2371//3548
f 2323//3549 2371//3549 2321//3549
f 2321//3550 2371//3550 2372//3550
f 2321//3551 2372//3551 2319//3551
f 2319//3552 2372//3552 2373//3552
f 2319//3553 2373//3553 2316//3553
f 2316//3554 2373//3554 2374//3554
f 2316//3555 2374//3555 2313//3555
f 2375//3556 2376//3556 2377//3556
f 2377//3557 2376//3557 2378//3557
f 2377//3558 2378//3558 2379//3558
f 2379//3559 2378//3559 2380//3559
f 2379//3560 2380//3560 2381//3560
f 2381//3561 2380//3561 2382//3561
f 2019//3562 2383//3562 2017//3562
f 2017//3563 2383//3563 2384//3563
f 2017//3564 2384//3564 2307//3564
f 2307//3565 2384//3565 2385//3565
f 2307//3566 2385//3566 2386//3566
f 2386//3567 2385//3567 2387//3567
f 2386//3568 2387//3568 2252//3568
f 2252//3569 2387//3569 2388//3569
f 2252//3570 2388//3570 2250//3570
f 2250//3571 2388//3571 2389//3571
f 2250//3572 2389//3572 2248//3572
f 2248//3573 2389//3573 2390//3573
f 2248//3574 2390//3574 2246//3574
f 2391//3575 2392//3575 2019//3575
f 2019//3576 2392//3576 2393//3576
f 2019//3577 2393//3577 2383//3577
f 2393//3578 2261//3578 2383//3578
f 2383//3579 2261//3579 2263//3579
f 2383//3580 2263//3580 2384//3580
f 2384//3581 2263//3581 2265//3581
f 2384//3582 2265//3582 2385//3582
f 2385//3583 2265//3583 2267//3583
f 2385//3584 2267//3584 2387//3584
f 2387//3585 2267//3585 2269//3585
f 2387//3586 2269//3586 2388//3586
f 2388//3587 2269//3587 2270//3587
f 2388//3588 2270//3588 2389//3588
f 2389//3589 2270//3589 2271//3589
f 2389//3590 2271//3590 2390//3590
f 2309//3591 2375//3591 2310//3591
f 2310//3592 2375//3592 2377//3592
f 2310//3593 2377//3593 2018//3593
f 2018//3594 2377//3594 2379//3594
f 2018//3595 2379//3595 2019//3595
f 2019//3596 2379//3596 2381//3596
f 2019//3597 2381//3597 2391//3597
f 2391//3598 2381//3598 2382//3598
f 2394//3599 2395//3599 2396//3599
f 2395//3600 2394//3600 2397//3600
f 2398//3601 2399//3601 2397//3601
f 2397//3602 2399//3602 2400//3602
f 2397//3603 2400//3603 2395//3603
f 2395//3604 2400//3604 2401//3604
f 2395//3605 2401//3605 2396//3605
f 2307//3606 2402//3606 2308//3606
f 2308//3607 2402//3607 2403//3607
f 2308//3608 2403//3608 2309//3608
f 2309//3609 2403//3609 2404//3609
f 2309//3610 2404//3610 2375//3610
f 2375//3611 2404//3611 2405//3611
f 2375//3612 2405//3612 2376//3612
f 2376//3613 2405//3613 2406//3613
f 2376//3614 2406//3614 2378//3614
f 2378//3615 2406//3615 2407//3615
f 2378//3616 2407//3616 2380//3616
f 2380//3617 2407//3617 2394//3617
f 2380//3618 2394//3618 2382//3618
f 2382//3619 2394//3619 2396//3619
f 2382//3620 2396//3620 2391//3620
f 2391//3621 2396//3621 2401//3621
f 2391//3622 2401//3622 2392//3622
f 2405//3623 2311//3623 2406//3623
f 2406//3624 2311//3624 2033//3624
f 2406//3625 2033//3625 2407//3625
f 2407//3626 2033//3626 2032//3626
f 2407//3627 2032//3627 2394//3627
f 2394//3628 2032//3628 2314//3628
f 2394//3629 2314//3629 2397//3629
f 2397//3630 2314//3630 2313//3630
f 2397//3631 2313//3631 2398//3631
f 2398//3632 2313//3632 2374//3632
f 2398//3633 2374//3633 2408//3633
f 2408//3634 2374//3634 2373//3634
f 2408//3635 2373//3635 2409//3635
f 2409//3636 2373//3636 2372//3636
f 2409//3637 2372//3637 2410//3637
f 2410//3638 2372//3638 2371//3638
f 2410//3639 2371//3639 2411//3639
f 2411//3640 2371//3640 2021//3640
f 2411//3641 2021//3641 2412//3641
f 2412//3642 2021//3642 2020//3642
f 2412//3643 2020//3643 2016//3643
f 2016//3644 2015//3644 2412//3644
f 2412//3645 2015//3645 2413//3645
f 2412//3646 2413//3646 2411//3646
f 2411//3647 2413//3647 2414//3647
f 2411//3648 2414//3648 2410//3648
f 2410//3649 2414//3649 2415//3649
f 2410//3650 2415//3650 2409//3650
f 2409//3651 2415//3651 2416//3651
f 2409//3652 2416//3652 2408//3652
f 2408//3653 2416//3653 2417//3653
f 2408//3654 2417//3654 2398//3654
f 2398//3655 2417//3655 2418//3655
f 2398//3656 2418//3656 2399//3656
f 2419//3657 2420//3657 2421//3657
f 2421//3658 2420//3658 2422//3658
f 2421//3659 2422//3659 2423//3659
f 2423//3660 2422//3660 2424//3660
f 2423//3661 2424//3661 2425//3661
f 2425//3662 2424//3662 2426//3662
f 2425//3663 2426//3663 2427//3663
f 2427//3664 2426//3664 2428//3664
f 2427//3665 2428//3665 2145//3665
f 2145//3666 2428//3666 2053//3666
f 2145//3667 2053//3667 131//3667
f 131//3668 2053//3668 326//3668
f 2429//3669 2360//3669 2430//3669
f 2430//3670 2360//3670 2362//3670
f 2430//3671 2362//3671 2431//3671
f 2431//3672 2362//3672 2364//3672
f 2431//3673 2364//3673 2432//3673
f 2432//3674 2364//3674 2370//3674
f 2432//3675 2370//3675 2433//3675
f 2433//3676 2370//3676 2158//3676
f 2433//3677 2158//3677 2154//3677
f 2154//3678 2158//3678 2159//3678
f 2154//3679 2159//3679 2152//3679
f 2434//3680 2435//3680 2436//3680
f 2436//3681 2435//3681 2437//3681
f 2436//3682 2437//3682 2438//3682
f 2438//3683 2437//3683 2439//3683
f 2438//3684 2439//3684 2051//3684
f 2051//3685 2439//3685 2147//3685
f 2051//3686 2147//3686 322//3686
f 322//3687 2147//3687 315//3687
f 2440//3688 2441//3688 2442//3688
f 2442//3689 2441//3689 2443//3689
f 2442//3690 2443//3690 2444//3690
f 2444//3691 2443//3691 2445//3691
f 2444//3692 2445//3692 2446//3692
f 2446//3693 2445//3693 2447//3693
f 2446//3694 2447//3694 2448//3694
f 2448//3695 2447//3695 2449//3695
f 2448//3696 2449//3696 2052//3696
f 2052//3697 2449//3697 2146//3697
f 2052//3698 2146//3698 133//3698
f 133//3699 2146//3699 134//3699
f 331//3700 330//3700 2145//3700
f 2145//3701 330//3701 2144//3701
f 2145//3702 2144//3702 2427//3702
f 2427//3703 2144//3703 2450//3703
f 2427//3704 2450//3704 2425//3704
f 2425//3705 2450//3705 2451//3705
f 2425//3706 2451//3706 2423//3706
f 2423//3707 2451//3707 2452//3707
f 2423//3708 2452//3708 2421//3708
f 2421//3709 2452//3709 2453//3709
f 2421//3710 2453//3710 2419//3710
f 376//3711 2124//3711 2125//3711
f 2125//3712 2124//3712 2276//3712
f 2125//3713 2276//3713 2126//3713
f 2126//3714 2276//3714 2275//3714
f 2126//3715 2275//3715 2127//3715
f 2127//3716 2275//3716 2273//3716
f 2127//3717 2273//3717 2128//3717
f 2128//3718 2273//3718 2272//3718
f 2128//3719 2272//3719 2129//3719
f 2129//3720 2272//3720 2262//3720
f 2129//3721 2262//3721 2130//3721
f 2130//3722 2262//3722 2261//3722
f 2130//3723 2261//3723 2131//3723
f 2131//3724 2261//3724 2393//3724
f 2131//3725 2393//3725 2132//3725
f 2132//3726 2393//3726 2392//3726
f 2132//3727 2392//3727 2133//3727
f 2133//3728 2392//3728 2401//3728
f 2133//3729 2401//3729 2134//3729
f 2134//3730 2401//3730 2400//3730
f 2134//3731 2400//3731 2135//3731
f 2135//3732 2400//3732 2399//3732
f 2135//3733 2399//3733 2136//3733
f 2136//3734 2399//3734 2418//3734
f 2136//3735 2418//3735 2137//3735
f 2137//3736 2418//3736 2417//3736
f 2137//3737 2417//3737 2138//3737
f 2138//3738 2417//3738 2416//3738
f 2138//3739 2416//3739 2139//3739
f 2139//3740 2416//3740 2415//3740
f 2139//3741 2415//3741 2140//3741
f 2140//3742 2415//3742 2414//3742
f 2140//3743 2414//3743 2141//3743
f 2141//3744 2414//3744 2413//3744
f 2141//3745 2413//3745 2142//3745
f 2142//3746 2413//3746 2015//3746
f 2142//3747 2015//3747 2143//3747
f 2143//3748 2015//3748 2014//3748
f 2143//3749 2014//3749 2054//3749
f 2420//3750 2440//3750 2422//3750
f 2422//3751 2440//3751 2442//3751
f 2422//3752 2442//3752 2424//3752
f 2424//3753 2442//3753 2444//3753
f 2424//3754 2444//3754 2426//3754
f 2426//3755 2444//3755 2446//3755
f 2426//3756 2446//3756 2428//3756
f 2428//3757 2446//3757 2448//3757
f 2428//3758 2448//3758 2053//3758
f 2053//3759 2448//3759 2052//3759
f 2053//3760 2052//3760 327//3760
f 327//3761 2052//3761 328//3761
f 2027//3762 2023//3762 2028//3762
f 2028//3763 2023//3763 2025//3763
f 2028//3764 2025//3764 2368//3764
f 2368//3765 2025//3765 2454//3765
f 2368//3766 2454//3766 2455//3766
f 2455//3767 2454//3767 2456//3767
f 2455//3768 2456//3768 2457//3768
f 2457//3769 2456//3769 2458//3769
f 2457//3770 2458//3770 2459//3770
f 2459//3771 2458//3771 2049//3771
f 2459//3772 2049//3772 2151//3772
f 2151//3773 2049//3773 2048//3773
f 2151//3774 2048//3774 2149//3774
f 2148//3775 312//3775 2151//3775
f 2151//3776 312//3776 2147//3776
f 2151//3777 2147//3777 2459//3777
f 2459//3778 2147//3778 2439//3778
f 2459//3779 2439//3779 2457//3779
f 2457//3780 2439//3780 2437//3780
f 2457//3781 2437//3781 2455//3781
f 2455//3782 2437//3782 2435//3782
f 2455//3783 2435//3783 2368//3783
f 2368//3784 2435//3784 2434//3784
f 2368//3785 2434//3785 2367//3785
f 2042//3786 2349//3786 2043//3786
f 2043//3787 2349//3787 2348//3787
f 2043//3788 2348//3788 2040//3788
f 2040//3789 2348//3789 2347//3789
f 2040//3790 2347//3790 2038//3790
f 2038//3791 2347//3791 2346//3791
f 2038//3792 2346//3792 2333//3792
f 2333//3793 2346//3793 2345//3793
f 2333//3794 2345//3794 2419//3794
f 2419//3795 2345//3795 2344//3795
f 2419//3796 2344//3796 2420//3796
f 2420//3797 2344//3797 2343//3797
f 2420//3798 2343//3798 2440//3798
f 2440//3799 2343//3799 2342//3799
f 2440//3800 2342//3800 2441//3800
f 2441//3801 2342//3801 2366//3801
f 2441//3802 2366//3802 2443//3802
f 2443//3803 2366//3803 2367//3803
f 2443//3804 2367//3804 2445//3804
f 2445//3805 2367//3805 2434//3805
f 2445//3806 2434//3806 2447//3806
f 2447//3807 2434//3807 2436//3807
f 2447//3808 2436//3808 2449//3808
f 2449//3809 2436//3809 2438//3809
f 2449//3810 2438//3810 2146//3810
f 2146//3811 2438//3811 2051//3811
f 2146//3812 2051//3812 319//3812
f 319//3813 2051//3813 320//3813
f 1207//3814 2460//3814 1205//3814
f 1205//3815 2460//3815 2461//3815
f 1205//3816 2461//3816 1754//3816
f 1754//3817 2461//3817 2462//3817
f 1754//3818 2462//3818 1727//3818
f 1727//3819 2462//3819 1728//3819
f 1210//3820 1213//3820 2463//3820
f 1213//3821 1216//3821 2463//3821
f 2463//3822 1216//3822 2013//3822
f 2463//3823 2013//3823 2464//3823
f 2464//3824 2013//3824 2465//3824
f 2464//3825 2465//3825 2466//3825
f 1207//3826 1209//3826 2460//3826
f 2460//3827 1209//3827 2467//3827
f 2460//3828 2467//3828 2012//3828
f 2012//3829 2467//3829 2011//3829
f 2011//3830 2467//3830 2468//3830
f 2011//3831 2468//3831 2009//3831
f 2469//3832 2470//3832 2007//3832
f 2282//3833 2471//3833 2284//3833
f 2284//3834 2471//3834 1922//3834
f 2284//3835 1922//3835 2295//3835
f 2295//3836 1922//3836 1921//3836
f 2295//3837 1921//3837 2472//3837
f 2007//3838 2470//3838 2000//3838
f 2000//3839 2470//3839 2473//3839
f 2000//3840 2473//3840 1998//3840
f 2474//3841 2475//3841 1991//3841
f 1991//3842 2475//3842 1992//3842
f 1992//3843 2475//3843 2476//3843
f 1992//3844 2476//3844 1994//3844
f 1995//3845 1997//3845 2477//3845
f 2477//3846 1997//3846 2478//3846
f 2477//3847 2478//3847 2479//3847
f 2479//3848 2478//3848 2480//3848
f 2479//3849 2480//3849 1967//3849
f 2004//3850 2006//3850 2481//3850
f 2481//3851 2006//3851 2482//3851
f 2481//3852 2482//3852 2483//3852
f 1988//3853 1987//3853 2484//3853
f 2484//3854 1987//3854 1989//3854
f 2484//3855 1989//3855 2483//3855
f 2483//3856 2482//3856 2484//3856
f 2484//3857 2482//3857 2485//3857
f 2484//3858 2485//3858 1988//3858
f 1988//3859 2485//3859 2486//3859
f 1988//3860 2486//3860 1986//3860
f 2487//3861 2488//3861 2489//3861
f 2489//3862 2488//3862 2490//3862
f 2489//3863 2490//3863 2491//3863
f 2005//3864 2492//3864 2006//3864
f 2006//3865 2492//3865 2493//3865
f 2006//3866 2493//3866 2482//3866
f 2482//3867 2493//3867 2494//3867
f 2482//3868 2494//3868 2485//3868
f 2485//3869 2494//3869 2495//3869
f 2485//3870 2495//3870 2486//3870
f 2486//3871 2495//3871 2488//3871
f 2486//3872 2488//3872 1986//3872
f 1986//3873 2488//3873 2487//3873
f 1990//3874 2496//3874 2349//3874
f 2497//3875 2498//3875 2499//3875
f 2499//3876 2498//3876 2500//3876
f 2499//3877 2500//3877 2501//3877
f 2501//3878 2500//3878 2502//3878
f 2501//3879 2502//3879 2503//3879
f 2504//3880 2497//3880 2505//3880
f 2505//3881 2497//3881 2499//3881
f 2505//3882 2499//3882 2506//3882
f 2506//3883 2499//3883 2501//3883
f 2506//3884 2501//3884 2507//3884
f 2507//3885 2501//3885 2503//3885
f 2507//3886 2503//3886 2508//3886
f 2001//3887 2003//3887 2509//3887
f 2509//3888 2003//3888 2510//3888
f 2509//3889 2510//3889 2511//3889
f 2511//3890 2510//3890 2512//3890
f 2511//3891 2512//3891 2513//3891
f 2513//3892 2512//3892 2514//3892
f 2513//3893 2514//3893 2515//3893
f 2515//3894 2514//3894 2516//3894
f 2515//3895 2516//3895 2517//3895
f 2472//3896 2002//3896 2295//3896
f 2295//3897 2002//3897 2001//3897
f 2295//3898 2001//3898 2281//3898
f 2281//3899 2001//3899 2509//3899
f 2281//3900 2509//3900 2279//3900
f 2279//3901 2509//3901 2511//3901
f 2279//3902 2511//3902 2277//3902
f 2277//3903 2511//3903 2513//3903
f 2277//3904 2513//3904 2296//3904
f 2296//3905 2513//3905 2515//3905
f 2296//3906 2515//3906 2297//3906
f 2297//3907 2515//3907 2517//3907
f 2297//3908 2517//3908 2293//3908
f 1985//3909 1287//3909 2518//3909
f 633//3910 2519//3910 1289//3910
f 1289//3911 2519//3911 2520//3911
f 1287//3912 1286//3912 2518//3912
f 2518//3913 1286//3913 1285//3913
f 2518//3914 1285//3914 2520//3914
f 2520//3915 1285//3915 1284//3915
f 2520//3916 1284//3916 1289//3916
f 2521//3917 2522//3917 2523//3917
f 2523//3918 2522//3918 2524//3918
f 2523//3919 2524//3919 2525//3919
f 2525//3920 2524//3920 2526//3920
f 2527//3921 2528//3921 2529//3921
f 2529//3922 2528//3922 2530//3922
f 2529//3923 2530//3923 2531//3923
f 2532//3924 2533//3924 2534//3924
f 2534//3925 2533//3925 2535//3925
f 2534//3926 2535//3926 2536//3926
f 2536//3927 2535//3927 2537//3927
f 2536//3928 2537//3928 2538//3928
f 2538//3929 2537//3929 2539//3929
f 2538//3930 2539//3930 2465//3930
f 2465//3931 2539//3931 2540//3931
f 2465//3932 2540//3932 2466//3932
f 2541//3933 631//3933 630//3933
f 2541//3934 630//3934 2542//3934
f 1315//3935 1317//3935 2543//3935
f 1319//3936 1320//3936 2544//3936
f 1322//3937 1326//3937 2545//3937
f 2545//3938 1326//3938 1325//3938
f 2545//3939 1325//3939 2546//3939
f 2546//3940 1325//3940 1323//3940
f 2546//3941 1323//3941 2547//3941
f 633//3942 631//3942 2519//3942
f 2519//3943 631//3943 2541//3943
f 2519//3944 2541//3944 2548//3944
f 2548//3945 2541//3945 2542//3945
f 2548//3946 2542//3946 2549//3946
f 2549//3947 2542//3947 2550//3947
f 2549//3948 2550//3948 2551//3948
f 2551//3949 2550//3949 2552//3949
f 2551//3950 2552//3950 2553//3950
f 2553//3951 2552//3951 2554//3951
f 2555//3952 2556//3952 2557//3952
f 2557//3953 2556//3953 2558//3953
f 2557//3954 2558//3954 2532//3954
f 2532//3955 2558//3955 2559//3955
f 2532//3956 2559//3956 2533//3956
f 2560//3957 2561//3957 2562//3957
f 2562//3958 2561//3958 2563//3958
f 2562//3959 2563//3959 2564//3959
f 2564//3960 2563//3960 2565//3960
f 2564//3961 2565//3961 2543//3961
f 630//3962 1315//3962 2542//3962
f 2542//3963 1315//3963 2543//3963
f 2542//3964 2543//3964 2550//3964
f 2550//3965 2543//3965 2565//3965
f 2550//3966 2565//3966 2552//3966
f 2552//3967 2565//3967 2563//3967
f 2552//3968 2563//3968 2554//3968
f 2554//3969 2563//3969 2561//3969
f 1215//3970 1288//3970 2013//3970
f 2013//3971 1288//3971 1985//3971
f 2013//3972 1985//3972 2465//3972
f 2465//3973 1985//3973 2518//3973
f 2465//3974 2518//3974 2538//3974
f 2538//3975 2518//3975 2520//3975
f 2538//3976 2520//3976 2536//3976
f 2536//3977 2520//3977 2519//3977
f 2536//3978 2519//3978 2534//3978
f 2534//3979 2519//3979 2548//3979
f 2534//3980 2548//3980 2532//3980
f 2532//3981 2548//3981 2549//3981
f 2532//3982 2549//3982 2557//3982
f 2557//3983 2549//3983 2551//3983
f 2557//3984 2551//3984 2555//3984
f 2555//3985 2551//3985 2553//3985
f 1323//3986 619//3986 2547//3986
f 2547//3987 619//3987 618//3987
f 2547//3988 618//3988 2566//3988
f 1329//3989 1331//3989 2567//3989
f 1331//3990 1333//3990 2567//3990
f 2567//3991 1333//3991 1336//3991
f 2567//3992 1336//3992 2568//3992
f 1327//3993 1329//3993 2569//3993
f 2569//3994 1329//3994 2567//3994
f 2569//3995 2567//3995 2570//3995
f 2570//3996 2567//3996 2568//3996
f 2571//3997 2572//3997 1346//3997
f 1346//3998 1345//3998 2571//3998
f 2571//3999 1345//3999 1352//3999
f 2571//4000 1352//4000 2573//4000
f 1352//4001 1351//4001 2573//4001
f 2573//4002 1351//4002 1354//4002
f 2573//4003 1354//4003 2574//4003
f 2574//4004 1354//4004 734//4004
f 2574//4005 734//4005 733//4005
f 1337//4006 616//4006 2575//4006
f 2575//4007 616//4007 615//4007
f 2575//4008 615//4008 2572//4008
f 2572//4009 615//4009 1344//4009
f 2572//4010 1344//4010 1346//4010
f 1338//4011 1337//4011 2576//4011
f 2576//4012 1337//4012 2575//4012
f 2576//4013 2575//4013 2577//4013
f 2577//4014 2575//4014 2572//4014
f 2577//4015 2572//4015 2578//4015
f 2578//4016 2572//4016 2571//4016
f 2578//4017 2571//4017 2579//4017
f 2579//4018 2571//4018 2573//4018
f 2579//4019 2573//4019 2580//4019
f 2580//4020 2573//4020 2574//4020
f 2580//4021 2581//4021 2579//4021
f 2579//4022 2581//4022 2582//4022
f 2579//4023 2582//4023 2578//4023
f 2578//4024 2582//4024 2583//4024
f 2578//4025 2583//4025 2577//4025
f 2577//4026 2583//4026 2584//4026
f 2577//4027 2584//4027 2576//4027
f 2576//4028 2584//4028 1978//4028
f 2576//4029 1978//4029 1338//4029
f 1338//4030 1978//4030 1340//4030
f 2585//4031 2586//4031 2587//4031
f 2587//4032 2586//4032 2588//4032
f 2587//4033 2588//4033 2589//4033
f 2589//4034 2588//4034 2590//4034
f 2589//4035 2590//4035 2591//4035
f 2591//4036 2590//4036 2592//4036
f 1336//4037 1341//4037 2568//4037
f 2568//4038 1341//4038 1978//4038
f 2568//4039 1978//4039 2593//4039
f 2593//4040 1978//4040 2584//4040
f 2593//4041 2584//4041 2594//4041
f 2594//4042 2584//4042 2583//4042
f 2594//4043 2583//4043 2595//4043
f 2595//4044 2583//4044 2582//4044
f 2595//4045 2582//4045 2596//4045
f 2596//4046 2582//4046 2581//4046
f 2597//4047 2540//4047 2598//4047
f 2598//4048 2540//4048 2539//4048
f 2598//4049 2539//4049 2599//4049
f 2599//4050 2539//4050 2537//4050
f 2599//4051 2537//4051 2600//4051
f 2600//4052 2537//4052 2535//4052
f 2600//4053 2535//4053 2601//4053
f 2601//4054 2535//4054 2533//4054
f 2601//4055 2533//4055 2602//4055
f 2602//4056 2533//4056 2559//4056
f 2602//4057 2559//4057 2603//4057
f 2603//4058 2559//4058 2558//4058
f 2603//4059 2558//4059 2604//4059
f 2604//4060 2558//4060 2556//4060
f 2604//4061 2556//4061 2605//4061
f 2605//4062 2556//4062 2555//4062
f 2605//4063 2555//4063 2606//4063
f 2606//4064 2555//4064 2553//4064
f 2606//4065 2553//4065 2607//4065
f 2607//4066 2553//4066 2554//4066
f 2607//4067 2554//4067 2608//4067
f 2608//4068 2554//4068 2561//4068
f 2608//4069 2561//4069 2609//4069
f 2609//4070 2561//4070 2560//4070
f 2609//4071 2560//4071 2610//4071
f 1979//4072 1981//4072 2611//4072
f 2611//4073 1981//4073 2612//4073
f 2611//4074 2612//4074 2613//4074
f 1976//4075 2614//4075 1977//4075
f 1977//4076 2614//4076 2615//4076
f 1977//4077 2615//4077 2616//4077
f 2617//4078 1975//4078 2618//4078
f 2618//4079 1975//4079 1977//4079
f 2618//4080 1977//4080 2619//4080
f 2619//4081 1977//4081 2616//4081
f 2619//4082 2616//4082 2620//4082
f 2612//4083 2621//4083 2613//4083
f 2613//4084 2621//4084 2622//4084
f 2613//4085 2622//4085 2617//4085
f 2617//4086 2622//4086 2623//4086
f 2617//4087 2623//4087 1975//4087
f 1975//4088 2623//4088 2624//4088
f 1975//4089 2624//4089 1976//4089
f 1976//4090 2624//4090 2625//4090
f 1976//4091 2625//4091 2614//4091
f 2614//4092 2625//4092 2626//4092
f 2614//4093 2626//4093 2627//4093
f 2627//4094 2626//4094 2628//4094
f 2627//4095 2628//4095 2629//4095
f 2629//4096 2628//4096 2630//4096
f 2629//4097 2630//4097 2631//4097
f 2631//4098 2630//4098 2632//4098
f 2631//4099 2632//4099 2633//4099
f 2596//4100 2634//4100 2595//4100
f 2595//4101 2634//4101 2635//4101
f 2595//4102 2635//4102 2594//4102
f 2594//4103 2635//4103 2636//4103
f 2594//4104 2636//4104 2593//4104
f 2593//4105 2636//4105 2637//4105
f 2593//4106 2637//4106 2568//4106
f 2568//4107 2637//4107 2638//4107
f 2568//4108 2638//4108 2570//4108
f 2570//4109 2638//4109 2639//4109
f 2570//4110 2639//4110 2569//4110
f 2569//4111 2639//4111 2566//4111
f 2569//4112 2566//4112 1327//4112
f 1327//4113 2566//4113 618//4113
f 2586//4114 2191//4114 2588//4114
f 2588//4115 2191//4115 2193//4115
f 2588//4116 2193//4116 2590//4116
f 2590//4117 2193//4117 2640//4117
f 2590//4118 2640//4118 2592//4118
f 2592//4119 2640//4119 2641//4119
f 1320//4120 1322//4120 2544//4120
f 2544//4121 1322//4121 2545//4121
f 2544//4122 2545//4122 2642//4122
f 2642//4123 2545//4123 2546//4123
f 2642//4124 2546//4124 2643//4124
f 2643//4125 2546//4125 2547//4125
f 2643//4126 2547//4126 2644//4126
f 2644//4127 2547//4127 2566//4127
f 2644//4128 2566//4128 2645//4128
f 2645//4129 2566//4129 2639//4129
f 2645//4130 2639//4130 2646//4130
f 2646//4131 2639//4131 2638//4131
f 2646//4132 2638//4132 2647//4132
f 2647//4133 2638//4133 2637//4133
f 2647//4134 2637//4134 2648//4134
f 2648//4135 2637//4135 2636//4135
f 2648//4136 2636//4136 2649//4136
f 2649//4137 2636//4137 2635//4137
f 2649//4138 2635//4138 2650//4138
f 2650//4139 2635//4139 2634//4139
f 2651//4140 2652//4140 2653//4140
f 1317//4141 1319//4141 2543//4141
f 2543//4142 1319//4142 2544//4142
f 2543//4143 2544//4143 2564//4143
f 2564//4144 2544//4144 2642//4144
f 2564//4145 2642//4145 2562//4145
f 2562//4146 2642//4146 2643//4146
f 2562//4147 2643//4147 2560//4147
f 2560//4148 2643//4148 2644//4148
f 2560//4149 2644//4149 2610//4149
f 2610//4150 2644//4150 2645//4150
f 2610//4151 2645//4151 2654//4151
f 2654//4152 2645//4152 2646//4152
f 2654//4153 2646//4153 2655//4153
f 2655//4154 2646//4154 2647//4154
f 2655//4155 2647//4155 2656//4155
f 2656//4156 2647//4156 2648//4156
f 2656//4157 2648//4157 2657//4157
f 2657//4158 2648//4158 2649//4158
f 2657//4159 2649//4159 2658//4159
f 2658//4160 2649//4160 2650//4160
f 2658//4161 2650//4161 2659//4161
f 1950//4162 1955//4162 2660//4162
f 1955//4163 2661//4163 2660//4163
f 2660//4164 2661//4164 2651//4164
f 2660//4165 2651//4165 2662//4165
f 2662//4166 2651//4166 2653//4166
f 2662//4167 2653//4167 2663//4167
f 2663//4168 1972//4168 2662//4168
f 2662//4169 1972//4169 1974//4169
f 2662//4170 1974//4170 2660//4170
f 2660//4171 1974//4171 2664//4171
f 2660//4172 2664//4172 1950//4172
f 1950//4173 2664//4173 2665//4173
f 1950//4174 2665//4174 1951//4174
f 2666//4175 2667//4175 2668//4175
f 2668//4176 2667//4176 2669//4176
f 2668//4177 2669//4177 2670//4177
f 2671//4178 2666//4178 2641//4178
f 2641//4179 2666//4179 2668//4179
f 2641//4180 2668//4180 2592//4180
f 2592//4181 2668//4181 2670//4181
f 2592//4182 2670//4182 2591//4182
f 1954//4183 2620//4183 1955//4183
f 1955//4184 2620//4184 2616//4184
f 1955//4185 2616//4185 2661//4185
f 2661//4186 2616//4186 2615//4186
f 2661//4187 2615//4187 2651//4187
f 2651//4188 2615//4188 2614//4188
f 2651//4189 2614//4189 2652//4189
f 2652//4190 2614//4190 2627//4190
f 2652//4191 2627//4191 2653//4191
f 2653//4192 2627//4192 2629//4192
f 2653//4193 2629//4193 2663//4193
f 2663//4194 2629//4194 2631//4194
f 2663//4195 2631//4195 1972//4195
f 1972//4196 2631//4196 2633//4196
f 1972//4197 2633//4197 1973//4197
f 1983//4198 2672//4198 2673//4198
f 2673//4199 2672//4199 2674//4199
f 1983//4200 1982//4200 2672//4200
f 2672//4201 1982//4201 2675//4201
f 2672//4202 2675//4202 2674//4202
f 2675//4203 2676//4203 2674//4203
f 2674//4204 2676//4204 2677//4204
f 2674//4205 2677//4205 2678//4205
f 2678//4206 2677//4206 2679//4206
f 1966//4207 1968//4207 2680//4207
f 2680//4208 1968//4208 2681//4208
f 2680//4209 2681//4209 2682//4209
f 2008//4210 1984//4210 1997//4210
f 1997//4211 1984//4211 1983//4211
f 1997//4212 1983//4212 2478//4212
f 2478//4213 1983//4213 2673//4213
f 2478//4214 2673//4214 2480//4214
f 2480//4215 2673//4215 2674//4215
f 2480//4216 2674//4216 1967//4216
f 1967//4217 2674//4217 2678//4217
f 1967//4218 2678//4218 1968//4218
f 1968//4219 2678//4219 2679//4219
f 1968//4220 2679//4220 2681//4220
f 1961//4221 1963//4221 2683//4221
f 1964//4222 1969//4222 2684//4222
f 1990//4223 1987//4223 2496//4223
f 2496//4224 1987//4224 1986//4224
f 2496//4225 1986//4225 2685//4225
f 2685//4226 1986//4226 2487//4226
f 2685//4227 2487//4227 2686//4227
f 2686//4228 2487//4228 2489//4228
f 2686//4229 2489//4229 2687//4229
f 2687//4230 2489//4230 2491//4230
f 2687//4231 2491//4231 2688//4231
f 2689//4232 2504//4232 2690//4232
f 2690//4233 2504//4233 2505//4233
f 2690//4234 2505//4234 2691//4234
f 2691//4235 2505//4235 2506//4235
f 2691//4236 2506//4236 2692//4236
f 2692//4237 2506//4237 2507//4237
f 2692//4238 2507//4238 2693//4238
f 2693//4239 2507//4239 2508//4239
f 2693//4240 2508//4240 2694//4240
f 2688//4241 2695//4241 2694//4241
f 2694//4242 2695//4242 2696//4242
f 2694//4243 2696//4243 2693//4243
f 2693//4244 2696//4244 2697//4244
f 2693//4245 2697//4245 2692//4245
f 2692//4246 2697//4246 2698//4246
f 2692//4247 2698//4247 2691//4247
f 2691//4248 2698//4248 2699//4248
f 2691//4249 2699//4249 2690//4249
f 2690//4250 2699//4250 2700//4250
f 2690//4251 2700//4251 2689//4251
f 2701//4252 2702//4252 2703//4252
f 2703//4253 2702//4253 2704//4253
f 2703//4254 2704//4254 2705//4254
f 2705//4255 2704//4255 2706//4255
f 2705//4256 2706//4256 2707//4256
f 2707//4257 2706//4257 2708//4257
f 2707//4258 2708//4258 2709//4258
f 2710//4259 2711//4259 2712//4259
f 2710//4260 2712//4260 2713//4260
f 2713//4261 2712//4261 2714//4261
f 2713//4262 2714//4262 2715//4262
f 2716//4263 2711//4263 2717//4263
f 2717//4264 2711//4264 2710//4264
f 2717//4265 2710//4265 2718//4265
f 2718//4266 2710//4266 2719//4266
f 2720//4267 1959//4267 2721//4267
f 2721//4268 1959//4268 1957//4268
f 2721//4269 1957//4269 2708//4269
f 2708//4270 1957//4270 1956//4270
f 2708//4271 1956//4271 2709//4271
f 2722//4272 2719//4272 2723//4272
f 2723//4273 2719//4273 2710//4273
f 2723//4274 2710//4274 2724//4274
f 2724//4275 2710//4275 2713//4275
f 2724//4276 2713//4276 2725//4276
f 2725//4277 2713//4277 2715//4277
f 2725//4278 2715//4278 2726//4278
f 2695//4279 2701//4279 2696//4279
f 2696//4280 2701//4280 2703//4280
f 2696//4281 2703//4281 2697//4281
f 2697//4282 2703//4282 2705//4282
f 2697//4283 2705//4283 2698//4283
f 2698//4284 2705//4284 2707//4284
f 2698//4285 2707//4285 2699//4285
f 2699//4286 2707//4286 2709//4286
f 2699//4287 2709//4287 2700//4287
f 2700//4288 2709//4288 1956//4288
f 2700//4289 1956//4289 2727//4289
f 2727//4290 1956//4290 1958//4290
f 2727//4291 1958//4291 2728//4291
f 2728//4292 1958//4292 1959//4292
f 2728//4293 1959//4293 2729//4293
f 2729//4294 1959//4294 2720//4294
f 2729//4295 2720//4295 2730//4295
f 2730//4296 2720//4296 2731//4296
f 2730//4297 2731//4297 2732//4297
f 2732//4298 2731//4298 2429//4298
f 1969//4299 1971//4299 2684//4299
f 2684//4300 1971//4300 2733//4300
f 2684//4301 2733//4301 2734//4301
f 2734//4302 2733//4302 2735//4302
f 2734//4303 2735//4303 2736//4303
f 2736//4304 2735//4304 2737//4304
f 2736//4305 2737//4305 2738//4305
f 2738//4306 2737//4306 2739//4306
f 2738//4307 2739//4307 2740//4307
f 2740//4308 2739//4308 2741//4308
f 2740//4309 2741//4309 2742//4309
f 2742//4310 2741//4310 2743//4310
f 2742//4311 2743//4311 2744//4311
f 1970//4312 2745//4312 1971//4312
f 1971//4313 2745//4313 2746//4313
f 1971//4314 2746//4314 2733//4314
f 2733//4315 2746//4315 2747//4315
f 2733//4316 2747//4316 2735//4316
f 2735//4317 2747//4317 2748//4317
f 2735//4318 2748//4318 2737//4318
f 2737//4319 2748//4319 2749//4319
f 2737//4320 2749//4320 2739//4320
f 2739//4321 2749//4321 2750//4321
f 2739//4322 2750//4322 2741//4322
f 2741//4323 2750//4323 2751//4323
f 2741//4324 2751//4324 2743//4324
f 1964//4325 2684//4325 1965//4325
f 1965//4326 2684//4326 2734//4326
f 1965//4327 2734//4327 2752//4327
f 2752//4328 2734//4328 2736//4328
f 2752//4329 2736//4329 2753//4329
f 2753//4330 2736//4330 2738//4330
f 2753//4331 2738//4331 2754//4331
f 2754//4332 2738//4332 2740//4332
f 2754//4333 2740//4333 2755//4333
f 2755//4334 2740//4334 2742//4334
f 2755//4335 2742//4335 2756//4335
f 2756//4336 2742//4336 2744//4336
f 2756//4337 2744//4337 2757//4337
f 1963//4338 1965//4338 2683//4338
f 2683//4339 1965//4339 2752//4339
f 2683//4340 2752//4340 2758//4340
f 2758//4341 2752//4341 2753//4341
f 2758//4342 2753//4342 2759//4342
f 2759//4343 2753//4343 2754//4343
f 2759//4344 2754//4344 2760//4344
f 2760//4345 2754//4345 2755//4345
f 2760//4346 2755//4346 2761//4346
f 2761//4347 2755//4347 2756//4347
f 2761//4348 2756//4348 2762//4348
f 2762//4349 2756//4349 2757//4349
f 2762//4350 2757//4350 2763//4350
f 1960//4351 1962//4351 2764//4351
f 2764//4352 1962//4352 2765//4352
f 2764//4353 2765//4353 2766//4353
f 2766//4354 2765//4354 2767//4354
f 2766//4355 2767//4355 2768//4355
f 2768//4356 2767//4356 2769//4356
f 2768//4357 2769//4357 2770//4357
f 2770//4358 2769//4358 2771//4358
f 2770//4359 2771//4359 2772//4359
f 2772//4360 2771//4360 2773//4360
f 2772//4361 2773//4361 2774//4361
f 2774//4362 2773//4362 2775//4362
f 2774//4363 2775//4363 2776//4363
f 1961//4364 2683//4364 1962//4364
f 1962//4365 2683//4365 2758//4365
f 1962//4366 2758//4366 2765//4366
f 2765//4367 2758//4367 2759//4367
f 2765//4368 2759//4368 2767//4368
f 2767//4369 2759//4369 2760//4369
f 2767//4370 2760//4370 2769//4370
f 2769//4371 2760//4371 2761//4371
f 2769//4372 2761//4372 2771//4372
f 2771//4373 2761//4373 2762//4373
f 2771//4374 2762//4374 2773//4374
f 2773//4375 2762//4375 2763//4375
f 2773//4376 2763//4376 2775//4376
f 2777//4377 2531//4377 2778//4377
f 2778//4378 2531//4378 2530//4378
f 2778//4379 2530//4379 2779//4379
f 2779//4380 2530//4380 2528//4380
f 2779//4381 2528//4381 1970//4381
f 1970//4382 2528//4382 2527//4382
f 1970//4383 2527//4383 2745//4383
f 2745//4384 2527//4384 2780//4384
f 2745//4385 2780//4385 2746//4385
f 2746//4386 2780//4386 2781//4386
f 2746//4387 2781//4387 2747//4387
f 2747//4388 2781//4388 2782//4388
f 2747//4389 2782//4389 2748//4389
f 2748//4390 2782//4390 2783//4390
f 2748//4391 2783//4391 2749//4391
f 2749//4392 2783//4392 2784//4392
f 2749//4393 2784//4393 2750//4393
f 2750//4394 2784//4394 2785//4394
f 2750//4395 2785//4395 2751//4395
f 2751//4396 2785//4396 2786//4396
f 2751//4397 2786//4397 2743//4397
f 2743//4398 2786//4398 2787//4398
f 2743//4399 2787//4399 2744//4399
f 2744//4400 2787//4400 2788//4400
f 2744//4401 2788//4401 2757//4401
f 2757//4402 2788//4402 2789//4402
f 2757//4403 2789//4403 2763//4403
f 2763//4404 2789//4404 2790//4404
f 2763//4405 2790//4405 2775//4405
f 2775//4406 2790//4406 2791//4406
f 2775//4407 2791//4407 2776//4407
f 2776//4408 2791//4408 2792//4408
f 2527//4409 2793//4409 2780//4409
f 2780//4410 2793//4410 2794//4410
f 2780//4411 2794//4411 2781//4411
f 2781//4412 2794//4412 2795//4412
f 2781//4413 2795//4413 2782//4413
f 2782//4414 2795//4414 2796//4414
f 2782//4415 2796//4415 2783//4415
f 2783//4416 2796//4416 2797//4416
f 2783//4417 2797//4417 2784//4417
f 2784//4418 2797//4418 2798//4418
f 2784//4419 2798//4419 2785//4419
f 2785//4420 2798//4420 2799//4420
f 2785//4421 2799//4421 2786//4421
f 2786//4422 2799//4422 2800//4422
f 2786//4423 2800//4423 2787//4423
f 2787//4424 2800//4424 2801//4424
f 2787//4425 2801//4425 2788//4425
f 2788//4426 2801//4426 2802//4426
f 2788//4427 2802//4427 2789//4427
f 2789//4428 2802//4428 2803//4428
f 2789//4429 2803//4429 2790//4429
f 2790//4430 2803//4430 2804//4430
f 2790//4431 2804//4431 2791//4431
f 2791//4432 2804//4432 2805//4432
f 2791//4433 2805//4433 2792//4433
f 2806//4434 2807//4434 2808//4434
f 2808//4435 2807//4435 2809//4435
f 2808//4436 2809//4436 2659//4436
f 2659//4437 2809//4437 2810//4437
f 2659//4438 2810//4438 2658//4438
f 2811//4439 2812//4439 2813//4439
f 2813//4440 2812//4440 2814//4440
f 2813//4441 2814//4441 2815//4441
f 2521//4442 1980//4442 2522//4442
f 2522//4443 1980//4443 1979//4443
f 2522//4444 1979//4444 2816//4444
f 2816//4445 1979//4445 2611//4445
f 2816//4446 2611//4446 2817//4446
f 2817//4447 2611//4447 2613//4447
f 2817//4448 2613//4448 2818//4448
f 2818//4449 2613//4449 2617//4449
f 2818//4450 2617//4450 2819//4450
f 2819//4451 2617//4451 2618//4451
f 2819//4452 2618//4452 2820//4452
f 2820//4453 2618//4453 2619//4453
f 2820//4454 2619//4454 2821//4454
f 2821//4455 2619//4455 2620//4455
f 2821//4456 2620//4456 2822//4456
f 2822//4457 2620//4457 1954//4457
f 2822//4458 1954//4458 2811//4458
f 2811//4459 1954//4459 1950//4459
f 2811//4460 1950//4460 2812//4460
f 2812//4461 1950//4461 1952//4461
f 2812//4462 1952//4462 2814//4462
f 2814//4463 1952//4463 1953//4463
f 2814//4464 1953//4464 2815//4464
f 2815//4465 1953//4465 2823//4465
f 2815//4466 2823//4466 2824//4466
f 2825//4467 2826//4467 1947//4467
f 2192//4468 2827//4468 2193//4468
f 2193//4469 2827//4469 2828//4469
f 2193//4470 2828//4470 2640//4470
f 2640//4471 2828//4471 2829//4471
f 2640//4472 2829//4472 2641//4472
f 2641//4473 2829//4473 2830//4473
f 2641//4474 2830//4474 2671//4474
f 2671//4475 2830//4475 2831//4475
f 1947//4476 1949//4476 2825//4476
f 2825//4477 1949//4477 2832//4477
f 2825//4478 2832//4478 2833//4478
f 2526//4479 2597//4479 2525//4479
f 2525//4480 2597//4480 2598//4480
f 2525//4481 2598//4481 2523//4481
f 2523//4482 2598//4482 2599//4482
f 2523//4483 2599//4483 2521//4483
f 2521//4484 2599//4484 2600//4484
f 2521//4485 2600//4485 1980//4485
f 1980//4486 2600//4486 2601//4486
f 1980//4487 2601//4487 1981//4487
f 1981//4488 2601//4488 2602//4488
f 1981//4489 2602//4489 2612//4489
f 2612//4490 2602//4490 2603//4490
f 2612//4491 2603//4491 2621//4491
f 2621//4492 2603//4492 2604//4492
f 2621//4493 2604//4493 2622//4493
f 2622//4494 2604//4494 2605//4494
f 2622//4495 2605//4495 2623//4495
f 2623//4496 2605//4496 2606//4496
f 2623//4497 2606//4497 2624//4497
f 2624//4498 2606//4498 2607//4498
f 2624//4499 2607//4499 2625//4499
f 2625//4500 2607//4500 2608//4500
f 2625//4501 2608//4501 2626//4501
f 2626//4502 2608//4502 2609//4502
f 2626//4503 2609//4503 2628//4503
f 2628//4504 2609//4504 2610//4504
f 2628//4505 2610//4505 2630//4505
f 2630//4506 2610//4506 2654//4506
f 2630//4507 2654//4507 2632//4507
f 2632//4508 2654//4508 2655//4508
f 2632//4509 2655//4509 2633//4509
f 2633//4510 2655//4510 2656//4510
f 2633//4511 2656//4511 1973//4511
f 1973//4512 2656//4512 2657//4512
f 1973//4513 2657//4513 1974//4513
f 1974//4514 2657//4514 2658//4514
f 1974//4515 2658//4515 2664//4515
f 2664//4516 2658//4516 2810//4516
f 2664//4517 2810//4517 2665//4517
f 2665//4518 2810//4518 2809//4518
f 2665//4519 2809//4519 1951//4519
f 1951//4520 2809//4520 2807//4520
f 1951//4521 2807//4521 1953//4521
f 1953//4522 2807//4522 2806//4522
f 1953//4523 2806//4523 2823//4523
f 2824//4524 2823//4524 2834//4524
f 2834//4525 2823//4525 2835//4525
f 2834//4526 2835//4526 2836//4526
f 2837//4527 2838//4527 2839//4527
f 2839//4528 2838//4528 2840//4528
f 2839//4529 2840//4529 2841//4529
f 2841//4530 2840//4530 2842//4530
f 2841//4531 2842//4531 2843//4531
f 2843//4532 2842//4532 2844//4532
f 2722//4533 2723//4533 2845//4533
f 2845//4534 2723//4534 2724//4534
f 2845//4535 2724//4535 2846//4535
f 2846//4536 2724//4536 2725//4536
f 2846//4537 2725//4537 2847//4537
f 2847//4538 2725//4538 2726//4538
f 2847//4539 2726//4539 2848//4539
f 2838//4540 2849//4540 2840//4540
f 2840//4541 2849//4541 2850//4541
f 2840//4542 2850//4542 2842//4542
f 2842//4543 2850//4543 2851//4543
f 2842//4544 2851//4544 2844//4544
f 1209//4545 1210//4545 2467//4545
f 2467//4546 1210//4546 2463//4546
f 2467//4547 2463//4547 2468//4547
f 2468//4548 2463//4548 2464//4548
f 2468//4549 2464//4549 2009//4549
f 2009//4550 2464//4550 2466//4550
f 2009//4550 2466//4550 2777//4550
f 2777//4551 2466//4551 2540//4551
f 2777//4552 2540//4552 2531//4552
f 2531//4553 2540//4553 2597//4553
f 2531//4554 2597//4554 2529//4554
f 2529//4555 2597//4555 2526//4555
f 2529//4556 2526//4556 2527//4556
f 2527//4557 2526//4557 2524//4557
f 2527//4558 2524//4558 2793//4558
f 2793//4559 2524//4559 2522//4559
f 2793//4560 2522//4560 2794//4560
f 2794//4561 2522//4561 2816//4561
f 2794//4562 2816//4562 2795//4562
f 2795//4563 2816//4563 2817//4563
f 2795//4564 2817//4564 2796//4564
f 2796//4565 2817//4565 2818//4565
f 2796//4566 2818//4566 2797//4566
f 2797//4567 2818//4567 2819//4567
f 2797//4568 2819//4568 2798//4568
f 2798//4569 2819//4569 2820//4569
f 2798//4570 2820//4570 2799//4570
f 2799//4571 2820//4571 2821//4571
f 2799//4572 2821//4572 2800//4572
f 2800//4573 2821//4573 2822//4573
f 2800//4574 2822//4574 2801//4574
f 2801//4575 2822//4575 2811//4575
f 2801//4576 2811//4576 2802//4576
f 2802//4577 2811//4577 2813//4577
f 2802//4578 2813//4578 2803//4578
f 2803//4579 2813//4579 2815//4579
f 2803//4580 2815//4580 2804//4580
f 2804//4581 2815//4581 2824//4581
f 2804//4582 2824//4582 2805//4582
f 2805//4583 2824//4583 2834//4583
f 2805//4584 2834//4584 2852//4584
f 2852//4585 2834//4585 2836//4585
f 2852//4586 2836//4586 2853//4586
f 2854//4587 2855//4587 2856//4587
f 2856//4588 2855//4588 2833//4588
f 2856//4589 2833//4589 2831//4589
f 2831//4590 2833//4590 2832//4590
f 2831//4591 2832//4591 2671//4591
f 2671//4592 2832//4592 1949//4592
f 2671//4593 1949//4593 2666//4593
f 2666//4594 1949//4594 1948//4594
f 2666//4595 1948//4595 2667//4595
f 2827//4596 2188//4596 2828//4596
f 2828//4597 2188//4597 2185//4597
f 2828//4598 2185//4598 2829//4598
f 2829//4599 2185//4599 2182//4599
f 2829//4600 2182//4600 2830//4600
f 2830//4601 2182//4601 2180//4601
f 2830//4602 2180//4602 2831//4602
f 2831//4603 2180//4603 2177//4603
f 2831//4604 2177//4604 2856//4604
f 2856//4605 2177//4605 1946//4605
f 2856//4606 1946//4606 2854//4606
f 2854//4607 1946//4607 1943//4607
f 2826//4608 2825//4608 2857//4608
f 2857//4609 2825//4609 2833//4609
f 2857//4610 2833//4610 2858//4610
f 2858//4611 2833//4611 2855//4611
f 2858//4612 2855//4612 2359//4612
f 2359//4613 2855//4613 2854//4613
f 2359//4614 2854//4614 2357//4614
f 2357//4615 2854//4615 1943//4615
f 2357//4616 1943//4616 2355//4616
f 2355//4617 1943//4617 1945//4617
f 2355//4618 1945//4618 2353//4618
f 2353//4619 1945//4619 2174//4619
f 2353//4620 2174//4620 2859//4620
f 2702//4621 2716//4621 2704//4621
f 2704//4622 2716//4622 2717//4622
f 2704//4623 2717//4623 2706//4623
f 2706//4624 2717//4624 2718//4624
f 2706//4625 2718//4625 2708//4625
f 2708//4626 2718//4626 2719//4626
f 2708//4627 2719//4627 2721//4627
f 2721//4628 2719//4628 2722//4628
f 2721//4629 2722//4629 2720//4629
f 2720//4630 2722//4630 2845//4630
f 2720//4631 2845//4631 2731//4631
f 2731//4632 2845//4632 2846//4632
f 2731//4633 2846//4633 2429//4633
f 2429//4634 2846//4634 2847//4634
f 2429//4635 2847//4635 2360//4635
f 2360//4636 2847//4636 2848//4636
f 2360//4637 2848//4637 2361//4637
f 2361//4638 2848//4638 2860//4638
f 2361//4639 2860//4639 2350//4639
f 2350//4640 2860//4640 2358//4640
f 2350//4641 2358//4641 2351//4641
f 2351//4642 2358//4642 2356//4642
f 2351//4643 2356//4643 2352//4643
f 2352//4644 2356//4644 2354//4644
f 2352//4645 2354//4645 2365//4645
f 2365//4646 2354//4646 2353//4646
f 2365//4647 2353//4647 2170//4647
f 2170//4648 2353//4648 2859//4648
f 2170//4649 2859//4649 2168//4649
f 2688//4650 2694//4650 2687//4650
f 2687//4651 2694//4651 2508//4651
f 2687//4652 2508//4652 2686//4652
f 2686//4653 2508//4653 2503//4653
f 2686//4654 2503//4654 2685//4654
f 2685//4655 2503//4655 2502//4655
f 2685//4656 2502//4656 2496//4656
f 2496//4657 2502//4657 2500//4657
f 2496//4658 2500//4658 2349//4658
f 2349//4659 2500//4659 2498//4659
f 2349//4660 2498//4660 2338//4660
f 2338//4661 2498//4661 2497//4661
f 2338//4662 2497//4662 2337//4662
f 2337//4663 2497//4663 2504//4663
f 2337//4664 2504//4664 2336//4664
f 2336//4665 2504//4665 2689//4665
f 2336//4666 2689//4666 2334//4666
f 2334//4667 2689//4667 2700//4667
f 2334//4668 2700//4668 2031//4668
f 2031//4669 2700//4669 2727//4669
f 2031//4670 2727//4670 2029//4670
f 2029//4671 2727//4671 2728//4671
f 2029//4672 2728//4672 2342//4672
f 2342//4673 2728//4673 2729//4673
f 2342//4674 2729//4674 2026//4674
f 2026//4675 2729//4675 2730//4675
f 2026//4676 2730//4676 2027//4676
f 2027//4677 2730//4677 2732//4677
f 2027//4678 2732//4678 2023//4678
f 2023//4679 2732//4679 2429//4679
f 2023//4680 2429//4680 2024//4680
f 2024//4681 2429//4681 2430//4681
f 2024//4682 2430//4682 2025//4682
f 2025//4683 2430//4683 2431//4683
f 2025//4684 2431//4684 2454//4684
f 2454//4685 2431//4685 2432//4685
f 2454//4686 2432//4686 2456//4686
f 2456//4687 2432//4687 2433//4687
f 2456//4688 2433//4688 2458//4688
f 2458//4689 2433//4689 2154//4689
f 2458//4690 2154//4690 2049//4690
f 2049//4691 2154//4691 2155//4691
f 2049//4692 2155//4692 2047//4692
f 1678//4693 1942//4693 1676//4693
f 1676//4694 1942//4694 1941//4694
f 1676//4695 1941//4695 1675//4695
f 1675//4696 1941//4696 2066//4696
f 1675//4697 2066//4697 1674//4697
f 2861//4698 1683//4698 1690//4698
f 2861//4699 1690//4699 2862//4699
f 1690//4700 1689//4700 2862//4700
f 2862//4701 1689//4701 1687//4701
f 2862//4702 1687//4702 2863//4702
f 2863//4703 1687//4703 1685//4703
f 2863//4704 1685//4704 1702//4704
f 1681//4705 1683//4705 1939//4705
f 1939//4706 1683//4706 2861//4706
f 1939//4707 2861//4707 2864//4707
f 2864//4708 2861//4708 2862//4708
f 2864//4709 2862//4709 2865//4709
f 2865//4710 2862//4710 2863//4710
f 2865//4711 2866//4711 2864//4711
f 2864//4712 2866//4712 2867//4712
f 2864//4713 2867//4713 1939//4713
f 1939//4714 2867//4714 1942//4714
f 1939//4715 1942//4715 1679//4715
f 1679//4716 1942//4716 1678//4716
f 2868//4717 2869//4717 2870//4717
f 2870//4718 2869//4718 2871//4718
f 2870//4719 2871//4719 2061//4719
f 2069//4720 2067//4720 2072//4720
f 2072//4721 2067//4721 2872//4721
f 2072//4722 2872//4722 1932//4722
f 2060//4723 2062//4723 2061//4723
f 2061//4724 2062//4724 1940//4724
f 2061//4725 1940//4725 2870//4725
f 2870//4726 1940//4726 1942//4726
f 2870//4727 1942//4727 2868//4727
f 2868//4728 1942//4728 2867//4728
f 2868//4729 2867//4729 2869//4729
f 2869//4730 2867//4730 2873//4730
f 2873//4731 2867//4731 2874//4731
f 2874//4732 2867//4732 2866//4732
f 2874//4733 2866//4733 2875//4733
f 2875//4734 2866//4734 2865//4734
f 2875//4735 2865//4735 2876//4735
f 2876//4736 2865//4736 2863//4736
f 2876//4737 2863//4737 2877//4737
f 2877//4738 2863//4738 1702//4738
f 2877//4739 1702//4739 1701//4739
f 1701//4740 1699//4740 2878//4740
f 2878//4741 1699//4741 1698//4741
f 1701//4742 2878//4742 2877//4742
f 2877//4743 2878//4743 2879//4743
f 2877//4744 2879//4744 2876//4744
f 2876//4745 2879//4745 2880//4745
f 2876//4746 2880//4746 2875//4746
f 2875//4747 2880//4747 2881//4747
f 2875//4748 2881//4748 2874//4748
f 2874//4749 2881//4749 2882//4749
f 2874//4750 2882//4750 2873//4750
f 2873//4751 2882//4751 2883//4751
f 2873//4752 2883//4752 2869//4752
f 2869//4753 2883//4753 2884//4753
f 2869//4754 2884//4754 2871//4754
f 2885//4755 1708//4755 1710//4755
f 1710//4756 2886//4756 2885//4756
f 2885//4757 2886//4757 2887//4757
f 2885//4758 2887//4758 2888//4758
f 1724//4759 1728//4759 1937//4759
f 1937//4760 1728//4760 2462//4760
f 1937//4761 2462//4761 2889//4761
f 2889//4762 2462//4762 2461//4762
f 2889//4763 2461//4763 2890//4763
f 2890//4764 2461//4764 2460//4764
f 2890//4765 2460//4765 2891//4765
f 2891//4766 2460//4766 2012//4766
f 2891//4767 2012//4767 2892//4767
f 2892//4768 2012//4768 2010//4768
f 2892//4769 2010//4769 1996//4769
f 1996//4770 2010//4770 2009//4770
f 1996//4771 2009//4771 2008//4771
f 2008//4772 2009//4772 2777//4772
f 2008//4773 2777//4773 1984//4773
f 1984//4774 2777//4774 2778//4774
f 1984//4775 2778//4775 1982//4775
f 1982//4776 2778//4776 2779//4776
f 1982//4777 2779//4777 2675//4777
f 2675//4778 2779//4778 1970//4778
f 2675//4779 1970//4779 2676//4779
f 2676//4780 1970//4780 1969//4780
f 2676//4781 1969//4781 2677//4781
f 2677//4782 1969//4782 1964//4782
f 2677//4783 1964//4783 2679//4783
f 2679//4784 1964//4784 1963//4784
f 2679//4785 1963//4785 2681//4785
f 2681//4786 1963//4786 1961//4786
f 2681//4787 1961//4787 2682//4787
f 2682//4788 1961//4788 1960//4788
f 2893//4789 2888//4789 2894//4789
f 2894//4790 2888//4790 2887//4790
f 2894//4791 2887//4791 2895//4791
f 2895//4792 2887//4792 2886//4792
f 2895//4793 2886//4793 2896//4793
f 2896//4794 2886//4794 2897//4794
f 2896//4795 2897//4795 2898//4795
f 2899//4796 2900//4796 2901//4796
f 2901//4797 2900//4797 2902//4797
f 2901//4798 2902//4798 2903//4798
f 2903//4799 2902//4799 2904//4799
f 2903//4800 2904//4800 2905//4800
f 2906//4801 2893//4801 2907//4801
f 2907//4802 2893//4802 2894//4802
f 2907//4803 2894//4803 2908//4803
f 2908//4804 2894//4804 2895//4804
f 2908//4805 2895//4805 2909//4805
f 2909//4806 2895//4806 2896//4806
f 2909//4807 2896//4807 2910//4807
f 2910//4808 2896//4808 2898//4808
f 2910//4809 2898//4809 2911//4809
f 2911//4810 2898//4810 2912//4810
f 585//3007 584//3007 1938//3007
f 1938//4811 584//4811 2913//4811
f 1938//4812 2913//4812 2914//4812
f 2914//4813 2913//4813 2915//4813
f 2914//4814 2915//4814 2916//4814
f 2916//4815 2915//4815 2917//4815
f 2916//4816 2917//4816 2918//4816
f 2918//4817 2917//4817 2469//4817
f 2918//4818 2469//4818 2919//4818
f 2919//4819 2469//4819 2007//4819
f 2919//4820 2007//4820 2920//4820
f 2920//4821 2007//4821 1999//4821
f 2921//4822 2906//4822 2922//4822
f 2922//4823 2906//4823 2907//4823
f 2922//4824 2907//4824 2923//4824
f 2923//4825 2907//4825 2908//4825
f 2923//4826 2908//4826 2924//4826
f 2924//4827 2908//4827 2909//4827
f 2924//4828 2909//4828 1936//4828
f 1936//4829 2909//4829 2910//4829
f 1936//4830 2910//4830 1934//4830
f 1934//4831 2910//4831 2911//4831
f 584//4832 1725//4832 2913//4832
f 2913//4833 1725//4833 1937//4833
f 2913//4834 1937//4834 2915//4834
f 2915//4835 1937//4835 2889//4835
f 2915//4836 2889//4836 2917//4836
f 2917//4837 2889//4837 2890//4837
f 2917//4838 2890//4838 2469//4838
f 2469//4839 2890//4839 2891//4839
f 2469//4840 2891//4840 2470//4840
f 2470//4841 2891//4841 2892//4841
f 2470//4842 2892//4842 2473//4842
f 2473//4843 2892//4843 1996//4843
f 2473//4844 1996//4844 1998//4844
f 1998//4845 1996//4845 1995//4845
f 1998//4846 1995//4846 2474//4846
f 2474//4847 1995//4847 2477//4847
f 2474//4848 2477//4848 2475//4848
f 2475//4849 2477//4849 2479//4849
f 2475//4850 2479//4850 2476//4850
f 2476//4851 2479//4851 1967//4851
f 2476//4852 1967//4852 1994//4852
f 1994//4853 1967//4853 1966//4853
f 1994//4854 1966//4854 2925//4854
f 2925//4855 1966//4855 2680//4855
f 2925//4856 2680//4856 2926//4856
f 2926//4857 2680//4857 2682//4857
f 2926//4858 2682//4858 2927//4858
f 2927//4859 2682//4859 1960//4859
f 2927//4860 1960//4860 2928//4860
f 2928//4861 1960//4861 2764//4861
f 2928//4862 2764//4862 2929//4862
f 2929//4863 2764//4863 2766//4863
f 2929//4864 2766//4864 2930//4864
f 2930//4865 2766//4865 2768//4865
f 2930//4866 2768//4866 2931//4866
f 2931//4867 2768//4867 2770//4867
f 2931//4868 2770//4868 2932//4868
f 2932//4869 2770//4869 2772//4869
f 2932//4870 2772//4870 2933//4870
f 2933//4871 2772//4871 2774//4871
f 2933//4872 2774//4872 2843//4872
f 2843//4873 2774//4873 2776//4873
f 2843//4874 2776//4874 2841//4874
f 2841//4875 2776//4875 2792//4875
f 2841//4876 2792//4876 2839//4876
f 2839//4877 2792//4877 2805//4877
f 2839//4878 2805//4878 2837//4878
f 2837//4879 2805//4879 2852//4879
f 2837//4880 2852//4880 2838//4880
f 2838//4881 2852//4881 2853//4881
f 2838//4882 2853//4882 2849//4882
f 2059//4883 2061//4883 2067//4883
f 2067//4884 2061//4884 2871//4884
f 2067//4885 2871//4885 2872//4885
f 2872//4886 2871//4886 2884//4886
f 2872//4887 2884//4887 1932//4887
f 1932//4888 2884//4888 2934//4888
f 1932//4889 2934//4889 1933//4889
f 2935//4890 2936//4890 2937//4890
f 2937//4891 2936//4891 2938//4891
f 2937//4892 2938//4892 2939//4892
f 2939//4893 2938//4893 2940//4893
f 2939//4894 2940//4894 2941//4894
f 2941//4895 2940//4895 2942//4895
f 2941//4896 2942//4896 2943//4896
f 2943//4897 2942//4897 2944//4897
f 2943//4898 2944//4898 2945//4898
f 2946//4899 2947//4899 2948//4899
f 2948//4900 2947//4900 2949//4900
f 2948//4901 2949//4901 2950//4901
f 2950//4902 2949//4902 2951//4902
f 2950//4903 2951//4903 2952//4903
f 2952//4904 2951//4904 2953//4904
f 2952//4905 2953//4905 2954//4905
f 2954//4906 2953//4906 2955//4906
f 2954//4907 2955//4907 2956//4907
f 2956//4908 2935//4908 2954//4908
f 2954//4909 2935//4909 2937//4909
f 2954//4910 2937//4910 2952//4910
f 2952//4911 2937//4911 2939//4911
f 2952//4912 2939//4912 2950//4912
f 2950//4913 2939//4913 2941//4913
f 2950//4914 2941//4914 2948//4914
f 2948//4915 2941//4915 2943//4915
f 2948//4916 2943//4916 2946//4916
f 2946//4917 2943//4917 2945//4917
f 2957//4918 2958//4918 2959//4918
f 2936//4919 2899//4919 2938//4919
f 2938//4920 2899//4920 2901//4920
f 2938//4921 2901//4921 2940//4921
f 2940//4922 2901//4922 2903//4922
f 2940//4923 2903//4923 2942//4923
f 2942//4924 2903//4924 2905//4924
f 2942//4925 2905//4925 2944//4925
f 1931//4926 1933//4926 2960//4926
f 2960//4927 1933//4927 1926//4927
f 2960//4928 1926//4928 2961//4928
f 2961//4929 1926//4929 1925//4929
f 2961//4930 1925//4930 1930//4930
f 1930//4931 1929//4931 2961//4931
f 2961//4932 1929//4932 2082//4932
f 2961//4933 2082//4933 2960//4933
f 2960//4934 2082//4934 2079//4934
f 2960//4935 2079//4935 1931//4935
f 1931//4936 2079//4936 2074//4936
f 1931//4937 2074//4937 1932//4937
f 1932//4938 2074//4938 2076//4938
f 1932//4939 2076//4939 2072//4939
f 2072//4940 2076//4940 2078//4940
f 2072//4941 2078//4941 2073//4941
f 2962//4942 2963//4942 2964//4942
f 2964//4943 2963//4943 2965//4943
f 2964//4944 2965//4944 2966//4944
f 2966//4945 2965//4945 2967//4945
f 2966//4946 2967//4946 1927//4946
f 1927//4947 2967//4947 2968//4947
f 1927//4948 2968//4948 1925//4948
f 1925//4949 2968//4949 2969//4949
f 1925//4950 2969//4950 1930//4950
f 1930//4951 2969//4951 2970//4951
f 1930//4952 2970//4952 1928//4952
f 1928//4953 2970//4953 2971//4953
f 1928//4954 2971//4954 2087//4954
f 2087//4955 2971//4955 2972//4955
f 2963//4956 2214//4956 2965//4956
f 2965//4957 2214//4957 2208//4957
f 2965//4958 2208//4958 2967//4958
f 2967//4959 2208//4959 2210//4959
f 2967//4960 2210//4960 2968//4960
f 2968//4961 2210//4961 2212//4961
f 2968//4962 2212//4962 2969//4962
f 2969//4963 2212//4963 2197//4963
f 2969//4964 2197//4964 2970//4964
f 2970//4965 2197//4965 2196//4965
f 2970//4966 2196//4966 2971//4966
f 2971//4967 2196//4967 2096//4967
f 2971//4968 2096//4968 2972//4968
f 2972//4969 2096//4969 2098//4969
f 2956//4970 2921//4970 2935//4970
f 2935//4971 2921//4971 2922//4971
f 2935//4972 2922//4972 2936//4972
f 2936//4973 2922//4973 2923//4973
f 2936//4974 2923//4974 2899//4974
f 2899//4975 2923//4975 2924//4975
f 2899//4976 2924//4976 2900//4976
f 2900//4977 2924//4977 1936//4977
f 2900//4978 1936//4978 2902//4978
f 2902//4979 1936//4979 1935//4979
f 2902//4980 1935//4980 2904//4980
f 2904//4981 1935//4981 2973//4981
f 2904//4982 2973//4982 2905//4982
f 2905//4983 2973//4983 2957//4983
f 2905//4984 2957//4984 2944//4984
f 2944//4985 2957//4985 2959//4985
f 2944//4986 2959//4986 2945//4986
f 2958//4987 2957//4987 2974//4987
f 2974//4988 2957//4988 2973//4988
f 2974//4989 2973//4989 2975//4989
f 2975//4990 2973//4990 1935//4990
f 2975//4991 1935//4991 2976//4991
f 2976//4992 1935//4992 1934//4992
f 2976//4993 1934//4993 2977//4993
f 2977//4994 1934//4994 2911//4994
f 2977//4995 2911//4995 2978//4995
f 2978//4996 2911//4996 2912//4996
f 2978//4997 2912//4997 2979//4997
f 2980//4998 2981//4998 2982//4998
f 2982//4999 2981//4999 2246//4999
f 2982//5000 2246//5000 2983//5000
f 2983//5001 2246//5001 2390//5001
f 2983//5002 2390//5002 2984//5002
f 2984//5003 2390//5003 2271//5003
f 2984//5004 2271//5004 2985//5004
f 2985//5005 2271//5005 2245//5005
f 2985//5006 2245//5006 2986//5006
f 2986//5007 2245//5007 2244//5007
f 1924//5008 1923//5008 2987//5008
f 2987//5009 1923//5009 2988//5009
f 2987//5010 2988//5010 2989//5010
f 2990//5011 2002//5011 2991//5011
f 2991//5012 2002//5012 2472//5012
f 2991//5013 2472//5013 2992//5013
f 2992//5014 2472//5014 1921//5014
f 2992//5015 1921//5015 2993//5015
f 2993//5016 1921//5016 1920//5016
f 2993//5017 1920//5017 2994//5017
f 2994//5018 1920//5018 1924//5018
f 2994//5019 1924//5019 2995//5019
f 2995//5020 1924//5020 2987//5020
f 2995//5021 2987//5021 2996//5021
f 2996//5022 2987//5022 2989//5022
f 2996//5023 2989//5023 2997//5023
f 2046//5024 2283//5024 2044//5024
f 2044//5025 2283//5025 2285//5025
f 2044//5026 2285//5026 2292//5026
f 2292//5027 2285//5027 2287//5027
f 2292//5028 2287//5028 2290//5028
f 2290//5029 2287//5029 2294//5029
f 2290//5030 2294//5030 2288//5030
f 2288//5031 2294//5031 2293//5031
f 2288//5032 2293//5032 2042//5032
f 2042//5033 2293//5033 2517//5033
f 2042//5034 2517//5034 2349//5034
f 2349//5035 2517//5035 2516//5035
f 2349//5036 2516//5036 1990//5036
f 1990//5037 2516//5037 2514//5037
f 1990//5038 2514//5038 1989//5038
f 1989//5039 2514//5039 2512//5039
f 1989//5040 2512//5040 2483//5040
f 2483//5041 2512//5041 2510//5041
f 2483//5042 2510//5042 2481//5042
f 2481//5043 2510//5043 2003//5043
f 2481//5044 2003//5044 2004//5044
f 2004//5045 2003//5045 2002//5045
f 2004//5046 2002//5046 2005//5046
f 2005//5047 2002//5047 2990//5047
f 2005//5048 2990//5048 2998//5048
f 2998//5049 2990//5049 2991//5049
f 2998//5050 2991//5050 2979//5050
f 2979//5051 2991//5051 2992//5051
f 2979//5052 2992//5052 2978//5052
f 2978//5053 2992//5053 2993//5053
f 2978//5054 2993//5054 2977//5054
f 2977//5055 2993//5055 2994//5055
f 2977//5056 2994//5056 2976//5056
f 2976//5057 2994//5057 2995//5057
f 2976//5058 2995//5058 2975//5058
f 2975//5059 2995//5059 2996//5059
f 2975//5060 2996//5060 2974//5060
f 2974//5061 2996//5061 2997//5061
f 2974//5062 2997//5062 2958//5062
f 2103//5063 2099//5063 2108//5063
f 2108//5064 2099//5064 2203//5064
f 2108//5065 2203//5065 2253//5065
f 2253//5066 2203//5066 2223//5066
f 2253//5067 2223//5067 2254//5067
f 2254//5068 2223//5068 2222//5068
f 2254//5069 2222//5069 2255//5069
f 2255//5070 2222//5070 2242//5070
f 2255//5071 2242//5071 2256//5071
f 2256//5072 2242//5072 2241//5072
f 2256//5073 2241//5073 2257//5073
f 2257//5074 2241//5074 2240//5074
f 2257//5075 2240//5075 2244//5075
f 2244//5076 2240//5076 2239//5076
f 2244//5077 2239//5077 2986//5077
f 2986//5078 2239//5078 2238//5078
f 2986//5079 2238//5079 2985//5079
f 2985//5080 2238//5080 2215//5080
f 2985//5081 2215//5081 2984//5081
f 2984//5082 2215//5082 2214//5082
f 2984//5083 2214//5083 2983//5083
f 2983//5084 2214//5084 2963//5084
f 2983//5085 2963//5085 2982//5085
f 2982//5086 2963//5086 2962//5086
f 2982//5087 2962//5087 2980//5087
f 1710//5088 1712//5088 2886//5088
f 2886//5089 1712//5089 1938//5089
f 2886//5090 1938//5090 2897//5090
f 2897//5091 1938//5091 2914//5091
f 2897//5092 2914//5092 2898//5092
f 2898//5093 2914//5093 2916//5093
f 2898//5094 2916//5094 2912//5094
f 2912//5095 2916//5095 2918//5095
f 2912//5096 2918//5096 2979//5096
f 2979//5097 2918//5097 2919//5097
f 2979//5098 2919//5098 2998//5098
f 2998//5099 2919//5099 2920//5099
f 2998//5100 2920//5100 2005//5100
f 2005//5101 2920//5101 1999//5101
f 2005//5102 1999//5102 2492//5102
f 2492//5103 1999//5103 1998//5103
f 2492//5104 1998//5104 2493//5104
f 2493//5105 1998//5105 2474//5105
f 2493//5106 2474//5106 2494//5106
f 2494//5107 2474//5107 1991//5107
f 2494//5108 1991//5108 2495//5108
f 2495//5109 1991//5109 1993//5109
f 2495//5110 1993//5110 2488//5110
f 2488//5111 1993//5111 1994//5111
f 2488//5112 1994//5112 2490//5112
f 2490//5113 1994//5113 2925//5113
f 2490//5114 2925//5114 2491//5114
f 2491//5115 2925//5115 2926//5115
f 2491//5116 2926//5116 2688//5116
f 2688//5117 2926//5117 2927//5117
f 2688//5118 2927//5118 2695//5118
f 2695//5119 2927//5119 2928//5119
f 2695//5120 2928//5120 2701//5120
f 2701//5121 2928//5121 2929//5121
f 2701//5122 2929//5122 2702//5122
f 2702//5123 2929//5123 2930//5123
f 2702//5124 2930//5124 2716//5124
f 2716//5125 2930//5125 2931//5125
f 2716//5126 2931//5126 2711//5126
f 2711//5127 2931//5127 2932//5127
f 2711//5128 2932//5128 2712//5128
f 2712//5129 2932//5129 2933//5129
f 2712//5130 2933//5130 2714//5130
f 2714//5131 2933//5131 2843//5131
f 2714//5132 2843//5132 2715//5132
f 2715//5133 2843//5133 2844//5133
f 2715//5134 2844//5134 2726//5134
f 2726//5135 2844//5135 2851//5135
f 2726//5136 2851//5136 2848//5136
f 2848//5137 2851//5137 2850//5137
f 2848//5138 2850//5138 2860//5138
f 2860//5139 2850//5139 2849//5139
f 2860//5140 2849//5140 2358//5140
f 2358//5141 2849//5141 2853//5141
f 2358//5142 2853//5142 2359//5142
f 2359//5143 2853//5143 2836//5143
f 2359//5144 2836//5144 2858//5144
f 2858//5145 2836//5145 2835//5145
f 2858//5146 2835//5146 2857//5146
f 2857//5147 2835//5147 2823//5147
f 2857//5148 2823//5148 2826//5148
f 2826//5149 2823//5149 2806//5149
f 2826//5150 2806//5150 1947//5150
f 1947//5151 2806//5151 2808//5151
f 1947//5152 2808//5152 1948//5152
f 1948//5153 2808//5153 2659//5153
f 1948//5154 2659//5154 2667//5154
f 2667//5155 2659//5155 2650//5155
f 2667//5156 2650//5156 2669//5156
f 2669//5157 2650//5157 2634//5157
f 2669//5158 2634//5158 2670//5158
f 2670//5159 2634//5159 2596//5159
f 2670//5160 2596//5160 2591//5160
f 2591//5161 2596//5161 2581//5161
f 2591//5162 2581//5162 2589//5162
f 2589//5163 2581//5163 2580//5163
f 2589//5164 2580//5164 2587//5164
f 2587//5165 2580//5165 2574//5165
f 2587//5166 2574//5166 2585//5166
f 2585//5167 2574//5167 733//5167
f 334//5168 338//5168 2144//5168
f 2144//5169 338//5169 2054//5169
f 2144//5170 2054//5170 2450//5170
f 2450//5171 2054//5171 2014//5171
f 2450//5172 2014//5172 2451//5172
f 2451//5173 2014//5173 2016//5173
f 2451//5174 2016//5174 2452//5174
f 2452//5175 2016//5175 2020//5175
f 2452//5176 2020//5176 2453//5176
f 2453//5177 2020//5177 2022//5177
f 2453//5178 2022//5178 2419//5178
f 2419//5179 2022//5179 2324//5179
f 2419//5180 2324//5180 2333//5180
f 2333//5181 2324//5181 2322//5181
f 2333//5182 2322//5182 2332//5182
f 2332//5183 2322//5183 2320//5183
f 2332//5184 2320//5184 2331//5184
f 2331//5185 2320//5185 2318//5185
f 2331//5186 2318//5186 2330//5186
f 2330//5187 2318//5187 2317//5187
f 2330//5188 2317//5188 2329//5188
f 2329//5189 2317//5189 2312//5189
f 2329//5190 2312//5190 2328//5190
f 2328//5191 2312//5191 2311//5191
f 2328//5192 2311//5192 2327//5192
f 2327//5193 2311//5193 2405//5193
f 2327//5194 2405//5194 2326//5194
f 2326//5195 2405//5195 2404//5195
f 2326//5196 2404//5196 2325//5196
f 2325//5197 2404//5197 2403//5197
f 2325//5198 2403//5198 2045//5198
f 2045//5199 2403//5199 2402//5199
f 2045//5200 2402//5200 2046//5200
f 2046//5201 2402//5201 2307//5201
f 2046//5202 2307//5202 2282//5202
f 2282//5203 2307//5203 2386//5203
f 2282//5204 2386//5204 2471//5204
f 2471//5205 2386//5205 2252//5205
f 2471//5206 2252//5206 1922//5206
f 1922//5207 2252//5207 2251//5207
f 1922//5208 2251//5208 1920//5208
f 1920//5209 2251//5209 2249//5209
f 1920//5210 2249//5210 1923//5210
f 1923//5211 2249//5211 2247//5211
f 1923//5212 2247//5212 2988//5212
f 2988//5213 2247//5213 2246//5213
f 2988//5214 2246//5214 2989//5214
f 2989//5215 2246//5215 2981//5215
f 2989//5216 2981//5216 2997//5216
f 2997//5217 2981//5217 2980//5217
f 2997//5218 2980//5218 2958//5218
f 2958//5219 2980//5219 2962//5219
f 2958//5220 2962//5220 2959//5220
f 2959//5221 2962//5221 2964//5221
f 2959//5222 2964//5222 2945//5222
f 2945//5223 2964//5223 2966//5223
f 2945//5224 2966//5224 2946//5224
f 2946//5225 2966//5225 1927//5225
f 2946//5226 1927//5226 2947//5226
f 2947//5227 1927//5227 1926//5227
f 2947//5228 1926//5228 2949//5228
f 2949//5229 1926//5229 1933//5229
f 2949//5230 1933//5230 2951//5230
f 2951//5231 1933//5231 2934//5231
f 2951//5232 2934//5232 2953//5232
f 2953//5233 2934//5233 2884//5233
f 2953//5234 2884//5234 2955//5234
f 2955//5235 2884//5235 2883//5235
f 2955//5236 2883//5236 2956//5236
f 2956//5237 2883//5237 2882//5237
f 2956//5238 2882//5238 2921//5238
f 2921//5239 2882//5239 2881//5239
f 2921//5240 2881//5240 2906//5240
f 2906//5241 2881//5241 2880//5241
f 2906//5242 2880//5242 2893//5242
f 2893//5243 2880//5243 2879//5243
f 2893//5244 2879//5244 2888//5244
f 2888//5245 2879//5245 2878//5245
f 2888//5246 2878//5246 2885//5246
f 2885//5247 2878//5247 1698//5247
f 2885//5248 1698//5248 1708//5248
f 2999//5249 3000//5249 3001//5249
f 3002//5250 3003//5250 3004//5250
f 3004//5251 3003//5251 3005//5251
f 3004//5252 3005//5252 3006//5252
f 3007//5253 3008//5253 3005//5253
f 3005//5254 3008//5254 3009//5254
f 3005//5255 3009//5255 3006//5255
f 3010//5256 3011//5256 3012//5256
f 3010//5257 3012//5257 3013//5257
f 3014//5258 3015//5258 3016//5258
f 3016//5259 3015//5259 3017//5259
f 3017//5260 3015//5260 3018//5260
f 3018//5261 3015//5261 3019//5261
f 3018//5262 3019//5262 3020//5262
f 3020//5263 3019//5263 3021//5263
f 3021//5264 3019//5264 3022//5264
f 3021//5265 3022//5265 3023//5265
f 3024//5266 3025//5266 3026//5266
f 3026//5267 3025//5267 3027//5267
f 3026//5268 3027//5268 3022//5268
f 3022//5269 3027//5269 3028//5269
f 3022//5270 3028//5270 3023//5270
f 3024//5271 3026//5271 3029//5271
f 3029//5272 3026//5272 3030//5272
f 3029//5273 3030//5273 3031//5273
f 3032//5274 3033//5274 3030//5274
f 3030//5275 3033//5275 3034//5275
f 3030//5276 3034//5276 3031//5276
f 3000//5277 3035//5277 3001//5277
f 3001//5278 3035//5278 3036//5278
f 3001//5279 3036//5279 3032//5279
f 3032//5280 3036//5280 3037//5280
f 3032//5281 3037//5281 3033//5281
f 2999//5282 3001//5282 3038//5282
f 3038//5283 3001//5283 3039//5283
f 3038//5284 3039//5284 3040//5284
f 3039//5285 911//5285 3040//5285
f 3040//5286 911//5286 920//5286
f 3040//5287 920//5287 3041//5287
f 3041//5288 920//5288 921//5288
f 3041//5289 921//5289 922//5289
f 915//5290 914//5290 3039//5290
f 3039//5291 914//5291 912//5291
f 3039//5292 912//5292 911//5292
f 905//5293 904//5293 3042//5293
f 904//5294 910//5294 3042//5294
f 3042//5295 910//5295 701//5295
f 3042//5296 701//5296 700//5296
f 907//5297 906//5297 3043//5297
f 3043//5298 906//5298 3044//5298
f 3043//5299 3044//5299 3045//5299
f 3046//5300 3047//5300 3048//5300
f 3048//5301 3047//5301 3049//5301
f 3048//5302 3049//5302 3044//5302
f 3044//5303 3049//5303 3050//5303
f 3044//5304 3050//5304 3045//5304
f 3046//5305 3048//5305 3051//5305
f 3051//5306 3048//5306 3052//5306
f 3051//5307 3052//5307 3053//5307
f 3053//5308 3052//5308 3054//5308
f 3054//5309 3052//5309 3055//5309
f 3054//5310 3055//5310 3056//5310
f 3057//5311 3058//5311 3055//5311
f 3055//5312 3058//5312 3059//5312
f 3055//5313 3059//5313 3056//5313
f 3011//5314 3007//5314 3012//5314
f 3012//5315 3007//5315 3005//5315
f 3012//5316 3005//5316 3060//5316
f 3060//5317 3005//5317 3061//5317
f 3060//5318 3061//5318 3062//5318
f 3062//5319 3061//5319 3057//5319
f 3062//5320 3057//5320 3063//5320
f 3063//5321 3057//5321 3055//5321
f 3063//5322 3055//5322 3064//5322
f 3064//5323 3055//5323 3052//5323
f 3064//5324 3052//5324 3065//5324
f 3065//5325 3052//5325 3048//5325
f 3065//5326 3048//5326 3042//5326
f 3042//5327 3048//5327 3044//5327
f 3042//5328 3044//5328 905//5328
f 905//5329 3044//5329 906//5329
f 3066//5330 3061//5330 3067//5330
f 3067//5331 3061//5331 3005//5331
f 3067//5332 3005//5332 3068//5332
f 3068//5333 3005//5333 3003//5333
f 3066//5334 3069//5334 3061//5334
f 3061//5335 3069//5335 3070//5335
f 3061//5336 3070//5336 3057//5336
f 3057//5337 3070//5337 3071//5337
f 3057//5337 3071//5337 3058//5337
f 3015//5338 3013//5338 3019//5338
f 3019//5339 3013//5339 3012//5339
f 3019//5340 3012//5340 3022//5340
f 3022//5341 3012//5341 3060//5341
f 3022//5342 3060//5342 3026//5342
f 3026//5343 3060//5343 3062//5343
f 3026//5344 3062//5344 3030//5344
f 3030//5345 3062//5345 3063//5345
f 3030//5346 3063//5346 3032//5346
f 3032//5347 3063//5347 3064//5347
f 3032//5348 3064//5348 3001//5348
f 3001//5349 3064//5349 3065//5349
f 3001//5350 3065//5350 3039//5350
f 3039//5351 3065//5351 3042//5351
f 3039//5352 3042//5352 915//5352
f 915//5353 3042//5353 700//5353
f 3072//5354 3073//5354 3074//5354
f 3075//5355 3076//5355 3077//5355
f 794//5356 801//5356 3078//5356
f 808//5357 807//5357 3079//5357
f 815//5358 814//5358 3080//5358
f 885//5359 894//5359 3081//5359
f 3082//5360 3083//5360 896//5360
f 3051//5361 3053//5361 3084//5361
f 3056//5362 3059//5362 3085//5362
f 3058//5363 3071//5363 3086//5363
f 3069//5364 3066//5364 3087//5364
f 3088//5365 3089//5365 3090//5365
f 3091//5366 3092//5366 3093//5366
f 3094//5367 3095//5367 3096//5367
f 3097//5368 3098//5368 3099//5368
f 3099//5369 3098//5369 3100//5369
f 3101//5370 3102//5370 3103//5370
f 3104//5371 3105//5371 3106//5371
f 3107//5372 3108//5372 3109//5372
f 3110//5373 3111//5373 3112//5373
f 3113//5374 3114//5374 3115//5374
f 3115//5375 3114//5375 3116//5375
f 3113//5376 3117//5376 3114//5376
f 3114//5377 3117//5377 3118//5377
f 3114//5378 3118//5378 3119//5378
f 3116//5379 3114//5379 3120//5379
f 3120//5380 3114//5380 3121//5380
f 3120//5381 3121//5381 3122//5381
f 3123//5382 3124//5382 3125//5382
f 3125//5383 3124//5383 3126//5383
f 3125//5384 3126//5384 3127//5384
f 3128//5385 3129//5385 3130//5385
f 3130//5386 3129//5386 3131//5386
f 3130//5387 3131//5387 3123//5387
f 3123//5388 3131//5388 3132//5388
f 3123//5389 3132//5389 3124//5389
f 3133//5390 3134//5390 3135//5390
f 3135//5391 3134//5391 3136//5391
f 3135//5392 3136//5392 3130//5392
f 3130//5393 3136//5393 3137//5393
f 3130//5394 3137//5394 3128//5394
f 3133//5395 3135//5395 3138//5395
f 3138//5396 3135//5396 3139//5396
f 3138//5397 3139//5397 3140//5397
f 3141//5398 3142//5398 3143//5398
f 3143//5399 3142//5399 3144//5399
f 3143//5400 3144//5400 3139//5400
f 3139//5401 3144//5401 3145//5401
f 3139//5402 3145//5402 3140//5402
f 3146//5403 3147//5403 3148//5403
f 3148//5404 3147//5404 3149//5404
f 3148//5405 3149//5405 3150//5405
f 3150//5406 3149//5406 3151//5406
f 3151//5406 3149//5406 3152//5406
f 3152//5407 3149//5407 3153//5407
f 3152//5408 3153//5408 3154//5408
f 3155//5409 3156//5409 3157//5409
f 3157//5410 3156//5410 3158//5410
f 3157//5411 3158//5411 3153//5411
f 3153//5412 3158//5412 3159//5412
f 3153//5413 3159//5413 3154//5413
f 3160//5414 3161//5414 3162//5414
f 3162//5415 3161//5415 3163//5415
f 3162//5416 3163//5416 3164//5416
f 3164//5417 3163//5417 3165//5417
f 3164//5418 3165//5418 3166//5418
f 3167//5419 3168//5419 3169//5419
f 3169//5420 3168//5420 3170//5420
f 3169//5420 3170//5420 3171//5420
f 3172//5421 3173//5421 3174//5421
f 3172//5422 3174//5422 3107//5422
f 3173//5423 3175//5423 3174//5423
f 3174//5424 3175//5424 3176//5424
f 3174//5425 3176//5425 3112//5425
f 3112//5426 3176//5426 3177//5426
f 3112//5427 3177//5427 3110//5427
f 3109//5428 3108//5428 3178//5428
f 3179//5429 3180//5429 840//5429
f 840//5430 839//5430 3179//5430
f 3179//5431 839//5431 838//5431
f 3179//5432 838//5432 837//5432
f 837//5433 835//5433 3179//5433
f 3179//5434 835//5434 834//5434
f 3179//5435 834//5435 3181//5435
f 3181//5436 834//5436 844//5436
f 848//5437 3182//5437 841//5437
f 841//5438 3182//5438 3183//5438
f 844//5439 842//5439 3181//5439
f 3181//5440 842//5440 841//5440
f 3181//5441 841//5441 3184//5441
f 3184//5442 841//5442 3183//5442
f 848//5443 846//5443 3182//5443
f 3182//5444 846//5444 845//5444
f 3182//5445 845//5445 3185//5445
f 3185//5446 845//5446 849//5446
f 3185//5447 849//5447 3186//5447
f 849//5448 727//5448 3186//5448
f 3186//5449 727//5449 726//5449
f 3186//5450 726//5450 3187//5450
f 3187//5451 726//5451 3188//5451
f 3188//5452 726//5452 850//5452
f 3188//5453 850//5453 3189//5453
f 850//5454 724//5454 3189//5454
f 3189//5455 724//5455 723//5455
f 3189//5456 723//5456 3190//5456
f 3190//5457 723//5457 855//5457
f 855//5458 854//5458 3190//5458
f 3190//5459 854//5459 852//5459
f 3190//5460 852//5460 3191//5460
f 3191//5461 852//5461 3192//5461
f 856//5462 721//5462 3193//5462
f 3193//5463 721//5463 3194//5463
f 852//5464 851//5464 3192//5464
f 3192//5465 851//5465 856//5465
f 3192//5466 856//5466 3195//5466
f 3195//5467 856//5467 3193//5467
f 721//5468 720//5468 3194//5468
f 3194//5469 720//5469 861//5469
f 3194//5470 861//5470 3196//5470
f 3196//5471 861//5471 860//5471
f 3196//5472 860//5472 3197//5472
f 3197//5473 860//5473 858//5473
f 3197//5474 858//5474 3198//5474
f 858//5475 857//5475 3198//5475
f 3198//5476 857//5476 866//5476
f 3198//5477 866//5477 3199//5477
f 863//5478 3200//5478 865//5478
f 865//5479 3200//5479 3201//5479
f 865//5480 3201//5480 866//5480
f 866//5481 3201//5481 3202//5481
f 866//5482 3202//5482 3199//5482
f 863//5483 862//5483 3200//5483
f 3200//5484 862//5484 872//5484
f 3200//5485 872//5485 3203//5485
f 872//5486 871//5486 3204//5486
f 3203//5487 872//5487 3205//5487
f 3205//5488 872//5488 3204//5488
f 3205//5489 3204//5489 3206//5489
f 3207//5490 3208//5490 3209//5490
f 3210//5491 3211//5491 3204//5491
f 3204//5492 3211//5492 3212//5492
f 3204//5493 3212//5493 3206//5493
f 3207//5494 3209//5494 3204//5494
f 3204//5495 3209//5495 3213//5495
f 3204//5496 3213//5496 3210//5496
f 3102//5497 3214//5497 3103//5497
f 3103//5498 3214//5498 3215//5498
f 3103//5499 3215//5499 3105//5499
f 3105//5500 3215//5500 3216//5500
f 3105//5501 3216//5501 3106//5501
f 3217//5502 3218//5502 3219//5502
f 3217//5503 3219//5503 3099//5503
f 3099//5504 3219//5504 3220//5504
f 3099//5505 3220//5505 3097//5505
f 3095//5506 3221//5506 3096//5506
f 3096//5507 3221//5507 3222//5507
f 3096//5507 3222//5507 3223//5507
f 3224//5508 3225//5508 3226//5508
f 3226//5509 3225//5509 3227//5509
f 3226//5510 3227//5510 3228//5510
f 3229//5511 3230//5511 3231//5511
f 3231//5512 3230//5512 3232//5512
f 3231//5513 3232//5513 3226//5513
f 3226//5514 3232//5514 3233//5514
f 3226//5515 3233//5515 3224//5515
f 3234//5516 3235//5516 3236//5516
f 3236//5517 3235//5517 3237//5517
f 3092//5518 3238//5518 3093//5518
f 3093//5519 3238//5519 3239//5519
f 3093//5520 3239//5520 3240//5520
f 3240//5521 3241//5521 3093//5521
f 3093//5522 3241//5522 3242//5522
f 3093//5523 3242//5523 3243//5523
f 3089//5524 3244//5524 3090//5524
f 3090//5525 3244//5525 3245//5525
f 3090//5526 3245//5526 3093//5526
f 3093//5527 3245//5527 3246//5527
f 3093//5528 3246//5528 3091//5528
f 3247//5529 3248//5529 3249//5529
f 3249//5530 3248//5530 3250//5530
f 3250//5531 3251//5531 3249//5531
f 3249//5532 3251//5532 3252//5532
f 3249//5533 3252//5533 3090//5533
f 3090//5534 3252//5534 3253//5534
f 3090//5535 3253//5535 3088//5535
f 3254//5536 3255//5536 3256//5536
f 3256//5537 3255//5537 3257//5537
f 3257//5538 3258//5538 3256//5538
f 3256//5539 3258//5539 3259//5539
f 3256//5540 3259//5540 3247//5540
f 3247//5541 3259//5541 3260//5541
f 3247//5542 3260//5542 3248//5542
f 3002//5543 3254//5543 3003//5543
f 3003//5544 3254//5544 3256//5544
f 3003//5545 3256//5545 3068//5545
f 3068//5545 3256//5545 3067//5545
f 3069//5546 3087//5546 3070//5546
f 3056//5547 3085//5547 3054//5547
f 3049//5548 3047//5548 3261//5548
f 3261//5549 3047//5549 3046//5549
f 3262//5550 3045//5550 3050//5550
f 3045//5551 3262//5551 3043//5551
f 704//5552 703//5552 3262//5552
f 3262//5553 703//5553 909//5553
f 3262//5554 909//5554 3043//5554
f 3043//5555 909//5555 908//5555
f 3043//5556 908//5556 907//5556
f 704//5557 3262//5557 901//5557
f 901//5558 3262//5558 3263//5558
f 901//5559 3263//5559 902//5559
f 896//5560 900//5560 3082//5560
f 3082//5561 900//5561 899//5561
f 3082//5562 899//5562 3263//5562
f 3263//5563 899//5563 898//5563
f 3263//5564 898//5564 902//5564
f 892//5565 890//5565 3264//5565
f 3264//5566 890//5566 889//5566
f 3264//5567 889//5567 3083//5567
f 3083//5568 889//5568 897//5568
f 3083//5569 897//5569 896//5569
f 3081//5570 894//5570 3264//5570
f 3264//5571 894//5571 893//5571
f 3264//5572 893//5572 892//5572
f 884//5573 3265//5573 705//5573
f 705//5574 3265//5574 3266//5574
f 705//5575 3266//5575 706//5575
f 884//5576 883//5576 3265//5576
f 3265//5577 883//5577 887//5577
f 3265//5578 887//5578 3081//5578
f 3081//5579 887//5579 886//5579
f 3081//5580 886//5580 885//5580
f 880//5581 3267//5581 711//5581
f 711//5582 3267//5582 3268//5582
f 711//5583 3268//5583 712//5583
f 880//5584 709//5584 3267//5584
f 3267//5585 709//5585 708//5585
f 3267//5586 708//5586 3266//5586
f 3266//5587 708//5587 881//5587
f 3266//5588 881//5588 706//5588
f 874//5589 3269//5589 875//5589
f 875//5590 3269//5590 3270//5590
f 875//5591 3270//5591 876//5591
f 874//5592 715//5592 3269//5592
f 3269//5593 715//5593 714//5593
f 3269//5594 714//5594 3268//5594
f 3268//5595 714//5595 879//5595
f 3268//5596 879//5596 712//5596
f 718//5597 717//5597 3207//5597
f 3207//5598 717//5598 878//5598
f 3207//5599 878//5599 3270//5599
f 3270//5600 878//5600 877//5600
f 3270//5601 877//5601 876//5601
f 871//5602 870//5602 3204//5602
f 3204//5603 870//5603 869//5603
f 3204//5604 869//5604 3207//5604
f 3207//5605 869//5605 868//5605
f 3207//5606 868//5606 718//5606
f 3107//5607 3174//5607 3108//5607
f 3108//5608 3174//5608 833//5608
f 3108//5609 833//5609 829//5609
f 3180//5610 3178//5610 840//5610
f 840//5611 3178//5611 3108//5611
f 840//5612 3108//5612 828//5612
f 828//5613 3108//5613 829//5613
f 825//5614 826//5614 3112//5614
f 3112//5615 826//5615 830//5615
f 3112//5616 830//5616 3174//5616
f 3174//5617 830//5617 832//5617
f 3174//5618 832//5618 833//5618
f 3167//5619 3169//5619 3111//5619
f 3111//5620 3169//5620 3271//5620
f 3111//5621 3271//5621 3112//5621
f 3112//5622 3271//5622 823//5622
f 3112//5623 823//5623 825//5623
f 819//5624 821//5624 3271//5624
f 3271//5625 821//5625 822//5625
f 3271//5626 822//5626 823//5626
f 815//5627 3080//5627 817//5627
f 806//5628 813//5628 3272//5628
f 813//5629 811//5629 3272//5629
f 3272//5630 811//5630 810//5630
f 3272//5631 810//5631 818//5631
f 803//5632 802//5632 3273//5632
f 3273//5633 802//5633 809//5633
f 801//5634 799//5634 3078//5634
f 3078//5635 799//5635 798//5635
f 3078//5636 798//5636 3273//5636
f 3273//5637 798//5637 805//5637
f 3273//5638 805//5638 803//5638
f 729//5639 797//5639 3077//5639
f 3077//5640 797//5640 795//5640
f 3274//5641 792//5641 730//5641
f 729//5642 3077//5642 730//5642
f 730//5643 3077//5643 3076//5643
f 730//5644 3076//5644 3274//5644
f 3275//5645 3276//5645 3277//5645
f 3276//5646 3275//5646 3278//5646
f 3278//5647 3275//5647 3279//5647
f 3278//5648 3279//5648 3280//5648
f 3280//5649 3279//5649 3281//5649
f 3281//5650 3279//5650 3282//5650
f 3281//5651 3282//5651 3283//5651
f 3283//5652 3282//5652 3284//5652
f 3284//5653 3282//5653 3285//5653
f 3284//5654 3285//5654 3286//5654
f 3286//5655 3285//5655 3287//5655
f 3286//5656 3287//5656 3288//5656
f 3288//5657 3287//5657 3289//5657
f 3288//5658 3289//5658 3290//5658
f 3290//5659 3289//5659 3291//5659
f 3291//5660 3289//5660 3292//5660
f 3291//5661 3292//5661 3293//5661
f 3293//5662 3292//5662 3294//5662
f 3293//5663 3294//5663 3295//5663
f 3295//5664 3294//5664 3296//5664
f 3296//5665 3294//5665 3297//5665
f 3296//5666 3297//5666 3298//5666
f 3298//5667 3297//5667 3299//5667
f 3299//5668 3297//5668 3300//5668
f 3299//5669 3300//5669 3301//5669
f 3301//5670 3300//5670 3302//5670
f 3301//5671 3302//5671 3303//5671
f 3302//5672 3304//5672 3305//5672
f 3303//5673 3302//5673 3306//5673
f 3306//5674 3302//5674 3305//5674
f 3306//5675 3305//5675 3307//5675
f 3302//5676 3308//5676 3074//5676
f 3073//5677 3309//5677 3074//5677
f 3074//5678 3309//5678 3310//5678
f 3074//5679 3310//5679 3302//5679
f 3302//5680 3310//5680 3311//5680
f 3302//5681 3311//5681 3304//5681
f 3119//5682 3312//5682 3114//5682
f 3114//5683 3312//5683 3313//5683
f 3114//5684 3313//5684 3314//5684
f 3066//5685 3067//5685 3087//5685
f 3087//5686 3067//5686 3256//5686
f 3087//5687 3256//5687 3315//5687
f 3315//5688 3256//5688 3247//5688
f 3315//5689 3247//5689 3316//5689
f 3316//5690 3247//5690 3249//5690
f 3316//5691 3249//5691 3317//5691
f 3317//5692 3249//5692 3090//5692
f 3317//5693 3090//5693 3318//5693
f 3318//5694 3090//5694 3093//5694
f 3318//5695 3093//5695 3236//5695
f 3236//5696 3093//5696 3243//5696
f 3236//5697 3243//5697 3234//5697
f 3237//5698 3229//5698 3236//5698
f 3236//5699 3229//5699 3231//5699
f 3236//5700 3231//5700 3318//5700
f 3318//5701 3231//5701 3319//5701
f 3318//5702 3319//5702 3317//5702
f 3317//5703 3319//5703 3320//5703
f 3317//5704 3320//5704 3316//5704
f 3316//5705 3320//5705 3321//5705
f 3316//5706 3321//5706 3315//5706
f 3315//5707 3321//5707 3322//5707
f 3315//5708 3322//5708 3087//5708
f 3087//5709 3322//5709 3086//5709
f 3087//5710 3086//5710 3070//5710
f 3070//5711 3086//5711 3071//5711
f 3059//5712 3058//5712 3085//5712
f 3085//5713 3058//5713 3086//5713
f 3085//5714 3086//5714 3323//5714
f 3323//5715 3086//5715 3322//5715
f 3323//5716 3322//5716 3324//5716
f 3324//5717 3322//5717 3321//5717
f 3324//5718 3321//5718 3325//5718
f 3325//5719 3321//5719 3320//5719
f 3325//5720 3320//5720 3326//5720
f 3326//5721 3320//5721 3319//5721
f 3326//5722 3319//5722 3327//5722
f 3327//5723 3319//5723 3231//5723
f 3327//5724 3231//5724 3328//5724
f 3328//5725 3231//5725 3226//5725
f 3328//5726 3226//5726 3096//5726
f 3096//5727 3226//5727 3228//5727
f 3096//5728 3228//5728 3094//5728
f 814//5729 819//5729 3080//5729
f 3080//5730 819//5730 3271//5730
f 3080//5731 3271//5731 3329//5731
f 3329//5732 3271//5732 3169//5732
f 3329//5733 3169//5733 3165//5733
f 3165//5734 3169//5734 3171//5734
f 3165//5735 3171//5735 3166//5735
f 795//5736 794//5736 3077//5736
f 3077//5737 794//5737 3078//5737
f 3077//5738 3078//5738 3330//5738
f 3330//5739 3078//5739 3273//5739
f 3160//5740 3155//5740 3161//5740
f 3161//5741 3155//5741 3157//5741
f 3161//5742 3157//5742 3163//5742
f 3163//5743 3157//5743 3331//5743
f 3163//5744 3331//5744 3165//5744
f 3165//5745 3331//5745 3332//5745
f 3165//5746 3332//5746 3329//5746
f 3329//5747 3332//5747 3333//5747
f 3329//5748 3333//5748 3080//5748
f 3080//5749 3333//5749 3272//5749
f 3080//5750 3272//5750 817//5750
f 817//5751 3272//5751 818//5751
f 3127//5752 3122//5752 3125//5752
f 3125//5753 3122//5753 3121//5753
f 3125//5754 3121//5754 3123//5754
f 3123//5755 3121//5755 3334//5755
f 3123//5756 3334//5756 3130//5756
f 3130//5757 3334//5757 3335//5757
f 3130//5758 3335//5758 3135//5758
f 3135//5759 3335//5759 3336//5759
f 3135//5760 3336//5760 3139//5760
f 3139//5761 3336//5761 3337//5761
f 3139//5762 3337//5762 3143//5762
f 3143//5763 3337//5763 3338//5763
f 3143//5764 3338//5764 3339//5764
f 3339//5765 3338//5765 3340//5765
f 3339//5766 3340//5766 3341//5766
f 3341//5767 3340//5767 3342//5767
f 3341//5768 3342//5768 3343//5768
f 3343//5769 3342//5769 3344//5769
f 3343//5770 3344//5770 3345//5770
f 3345//5771 3344//5771 3346//5771
f 3345//5772 3346//5772 3347//5772
f 3347//5773 3346//5773 3348//5773
f 3347//5774 3348//5774 3349//5774
f 3349//5775 3348//5775 3350//5775
f 3349//5776 3350//5776 3079//5776
f 3308//5777 3302//5777 3351//5777
f 3351//5778 3302//5778 3300//5778
f 3351//5779 3300//5779 3352//5779
f 3352//5780 3300//5780 3297//5780
f 3352//5781 3297//5781 3353//5781
f 3353//5782 3297//5782 3294//5782
f 3353//5783 3294//5783 3354//5783
f 3354//5784 3294//5784 3292//5784
f 3354//5785 3292//5785 3355//5785
f 3355//5786 3292//5786 3289//5786
f 3355//5787 3289//5787 3356//5787
f 3356//5788 3289//5788 3287//5788
f 3356//5789 3287//5789 3357//5789
f 3357//5790 3287//5790 3285//5790
f 3357//5791 3285//5791 3358//5791
f 3358//5792 3285//5792 3282//5792
f 3358//5793 3282//5793 3359//5793
f 3359//5794 3282//5794 3279//5794
f 3359//5795 3279//5795 3330//5795
f 3330//5796 3279//5796 3275//5796
f 3330//5797 3275//5797 3077//5797
f 3077//5798 3275//5798 3277//5798
f 3077//5799 3277//5799 3075//5799
f 3314//5800 3072//5800 3114//5800
f 3114//5801 3072//5801 3074//5801
f 3114//5802 3074//5802 3121//5802
f 3121//5803 3074//5803 3308//5803
f 3121//5804 3308//5804 3334//5804
f 3334//5805 3308//5805 3351//5805
f 3334//5806 3351//5806 3335//5806
f 3335//5807 3351//5807 3352//5807
f 3335//5808 3352//5808 3336//5808
f 3336//5809 3352//5809 3353//5809
f 3336//5810 3353//5810 3337//5810
f 3337//5811 3353//5811 3354//5811
f 3337//5812 3354//5812 3338//5812
f 3338//5813 3354//5813 3355//5813
f 3338//5814 3355//5814 3340//5814
f 3340//5815 3355//5815 3356//5815
f 3340//5816 3356//5816 3342//5816
f 3342//5817 3356//5817 3357//5817
f 3342//5818 3357//5818 3344//5818
f 3344//5819 3357//5819 3358//5819
f 3344//5820 3358//5820 3346//5820
f 3346//5821 3358//5821 3359//5821
f 3346//5822 3359//5822 3348//5822
f 3348//5823 3359//5823 3330//5823
f 3348//5824 3330//5824 3350//5824
f 3350//5825 3330//5825 3273//5825
f 3350//5826 3273//5826 3079//5826
f 3079//5827 3273//5827 809//5827
f 3079//5828 809//5828 808//5828
f 3146//5829 3141//5829 3147//5829
f 3147//5830 3141//5830 3143//5830
f 3147//5831 3143//5831 3149//5831
f 3149//5832 3143//5832 3339//5832
f 3149//5833 3339//5833 3153//5833
f 3153//5834 3339//5834 3341//5834
f 3153//5835 3341//5835 3157//5835
f 3157//5836 3341//5836 3343//5836
f 3157//5837 3343//5837 3331//5837
f 3331//5838 3343//5838 3345//5838
f 3331//5839 3345//5839 3332//5839
f 3332//5840 3345//5840 3347//5840
f 3332//5841 3347//5841 3333//5841
f 3333//5842 3347//5842 3349//5842
f 3333//5843 3349//5843 3272//5843
f 3272//5844 3349//5844 3079//5844
f 3272//5845 3079//5845 806//5845
f 806//5846 3079//5846 807//5846
f 3050//5847 3049//5847 3262//5847
f 3262//5848 3049//5848 3261//5848
f 3262//5849 3261//5849 3263//5849
f 3263//5850 3261//5850 3360//5850
f 3263//5851 3360//5851 3082//5851
f 3082//5852 3360//5852 3361//5852
f 3082//5853 3361//5853 3083//5853
f 3083//5854 3361//5854 3362//5854
f 3083//5855 3362//5855 3264//5855
f 3264//5856 3362//5856 3363//5856
f 3264//5857 3363//5857 3081//5857
f 3081//5858 3363//5858 3364//5858
f 3081//5859 3364//5859 3265//5859
f 3265//5860 3364//5860 3365//5860
f 3265//5861 3365//5861 3266//5861
f 3266//5862 3365//5862 3366//5862
f 3266//5863 3366//5863 3267//5863
f 3267//5864 3366//5864 3367//5864
f 3267//5865 3367//5865 3268//5865
f 3268//5866 3367//5866 3368//5866
f 3268//5867 3368//5867 3269//5867
f 3269//5868 3368//5868 3103//5868
f 3269//5869 3103//5869 3270//5869
f 3270//5870 3103//5870 3105//5870
f 3270//5871 3105//5871 3207//5871
f 3207//5872 3105//5872 3104//5872
f 3207//5873 3104//5873 3208//5873
f 3046//5874 3051//5874 3261//5874
f 3261//5875 3051//5875 3084//5875
f 3261//5876 3084//5876 3360//5876
f 3360//5877 3084//5877 3369//5877
f 3360//5878 3369//5878 3361//5878
f 3361//5879 3369//5879 3370//5879
f 3361//5880 3370//5880 3362//5880
f 3362//5881 3370//5881 3371//5881
f 3362//5882 3371//5882 3363//5882
f 3363//5883 3371//5883 3372//5883
f 3363//5884 3372//5884 3364//5884
f 3364//5885 3372//5885 3373//5885
f 3364//5886 3373//5886 3365//5886
f 3365//5887 3373//5887 3374//5887
f 3365//5888 3374//5888 3366//5888
f 3366//5889 3374//5889 3375//5889
f 3366//5890 3375//5890 3367//5890
f 3367//5891 3375//5891 3217//5891
f 3367//5892 3217//5892 3368//5892
f 3368//5893 3217//5893 3099//5893
f 3368//5894 3099//5894 3103//5894
f 3103//5895 3099//5895 3100//5895
f 3103//5896 3100//5896 3101//5896
f 3053//5897 3054//5897 3084//5897
f 3084//5898 3054//5898 3085//5898
f 3084//5899 3085//5899 3369//5899
f 3369//5900 3085//5900 3323//5900
f 3369//5901 3323//5901 3370//5901
f 3370//5902 3323//5902 3324//5902
f 3370//5903 3324//5903 3371//5903
f 3371//5904 3324//5904 3325//5904
f 3371//5905 3325//5905 3372//5905
f 3372//5906 3325//5906 3326//5906
f 3372//5907 3326//5907 3373//5907
f 3373//5908 3326//5908 3327//5908
f 3373//5909 3327//5909 3374//5909
f 3374//5910 3327//5910 3328//5910
f 3374//5911 3328//5911 3375//5911
f 3375//5912 3328//5912 3096//5912
f 3375//5913 3096//5913 3217//5913
f 3217//5914 3096//5914 3223//5914
f 3217//5915 3223//5915 3218//5915
f 3376//5916 3377//5916 3119//5916
f 3119//5917 3377//5917 3312//5917
f 3312//5918 3377//5918 3378//5918
f 3312//5919 3378//5919 3313//5919
f 3118//5920 3379//5920 3119//5920
f 3119//5921 3379//5921 3380//5921
f 3119//5922 3380//5922 3376//5922
f 3313//5923 3378//5923 3314//5923
f 3314//5924 3378//5924 3381//5924
f 3314//5925 3381//5925 3382//5925
f 3309//5926 3073//5926 3383//5926
f 3383//5927 3073//5927 3072//5927
f 3383//5928 3072//5928 3384//5928
f 3384//5929 3072//5929 3314//5929
f 3384//5930 3314//5930 3385//5930
f 3385//5931 3314//5931 3382//5931
f 3386//5932 3387//5932 3305//5932
f 3305//5933 3387//5933 3388//5933
f 3305//5934 3388//5934 3307//5934
f 3383//5935 3389//5935 3309//5935
f 3309//5936 3389//5936 3390//5936
f 3309//5937 3390//5937 3310//5937
f 3310//5938 3390//5938 3391//5938
f 3310//5939 3391//5939 3311//5939
f 3311//5940 3391//5940 3386//5940
f 3311//5941 3386//5941 3304//5941
f 3304//5942 3386//5942 3305//5942
f 746//2 745//2 108//2
f 757//2 755//2 107//2
f 745//1 753//1 108//1
f 108//2 753//2 752//2
f 108//1 752//1 107//1
f 107//2 752//2 758//2
f 107//1 758//1 757//1
f 732//2 736//2 74//2
f 74//2 736//2 742//2
f 74//2 742//2 73//2
f 73//1 742//1 741//1
f 73//2 741//2 739//2
f 2152//1 2159//1 81//1
f 87//2 294//2 86//2
f 86//1 294//1 293//1
f 86//2 293//2 291//2
f 3392//1 3393//1 88//1
f 91//2 3394//2 3395//2
f 3395//1 3396//1 91//1
f 91//2 3396//2 3397//2
f 91//2 3397//2 90//2
f 92//1 3398//1 3399//1
f 3399//2 3400//2 92//2
f 92//1 3400//1 3401//1
f 92//2 3401//2 91//2
f 91//2 3401//2 3402//2
f 91//1 3402//1 3394//1
f 739//1 750//1 73//1
f 73//2 750//2 749//2
f 73//1 749//1 108//1
f 108//2 749//2 747//2
f 108//1 747//1 746//1
f 75//2 2192//2 2191//2
f 2191//2 2586//2 75//2
f 75//1 2586//1 2585//1
f 75//2 2585//2 74//2
f 74//2 2585//2 733//2
f 74//1 733//1 732//1
f 2178//1 2179//1 77//1
f 77//1 2179//1 2181//1
f 2169//2 2168//2 79//2
f 79//2 2168//2 2859//2
f 2172//2 78//2 2173//2
f 2173//1 78//1 79//1
f 2173//1 79//1 2174//1
f 2174//2 79//2 2859//2
f 2161//1 2167//1 80//1
f 291//1 299//1 86//1
f 86//2 299//2 298//2
f 86//2 298//2 85//2
f 85//2 298//2 296//2
f 85//2 296//2 306//2
f 289//2 288//2 87//2
f 87//2 288//2 286//2
f 87//1 286//1 294//1
f 275//1 284//1 88//1
f 88//2 284//2 283//2
f 88//2 283//2 87//2
f 87//2 283//2 281//2
f 87//1 281//1 289//1
f 3392//2 88//2 3403//2
f 3393//2 279//2 88//2
f 88//1 279//1 277//1
f 88//2 277//2 275//2
f 3397//1 3404//1 90//1
f 90//2 3404//2 3405//2
f 90//2 3405//2 3406//2
f 3406//2 3407//2 90//2
f 90//1 3407//1 3408//1
f 90//1 3408//1 89//1
f 76//1 2186//1 2190//1
f 2048//2 82//2 2149//2
f 2149//2 82//2 83//2
f 84//2 300//2 309//2
f 309//2 308//2 84//2
f 84//2 308//2 311//2
f 84//2 311//2 83//2
f 83//2 311//2 310//2
f 83//2 310//2 2050//2
f 3408//2 3409//2 89//2
f 89//2 3409//2 3410//2
f 89//2 3410//2 88//2
f 88//1 3410//1 3411//1
f 88//2 3411//2 3403//2
f 2190//2 2189//2 76//2
f 76//1 2189//1 2188//1
f 76//1 2188//1 75//1
f 75//2 2188//2 2827//2
f 75//1 2827//1 2192//1
f 2172//1 2171//1 78//1
f 78//2 2171//2 2175//2
f 78//2 2175//2 77//2
f 77//2 2175//2 2176//2
f 77//2 2176//2 2178//2
f 2167//2 2166//2 80//2
f 80//1 2166//1 2164//1
f 80//2 2164//2 79//2
f 79//2 2164//2 2163//2
f 79//2 2163//2 2169//2
f 2050//2 2148//2 83//2
f 83//2 2148//2 2150//2
f 83//2 2150//2 2149//2
f 3412//2 3413//2 93//2
f 93//2 3413//2 3414//2
f 93//2 3415//2 92//2
f 92//2 3415//2 3416//2
f 92//2 3416//2 3398//2
f 3417//2 94//2 3418//2
f 3418//2 94//2 3419//2
f 3306//2 3307//2 96//2
f 96//1 3307//1 3388//1
f 96//1 3388//1 3387//1
f 3298//2 3299//2 97//2
f 97//1 3299//1 3301//1
f 97//1 3301//1 96//1
f 96//2 3301//2 3303//2
f 96//2 3303//2 3306//2
f 3293//2 3295//2 97//2
f 97//1 3295//1 3296//1
f 97//2 3296//2 3298//2
f 3286//2 98//2 3284//2
f 3284//1 98//1 99//1
f 3284//2 99//2 3283//2
f 2181//2 2184//2 77//2
f 77//2 2184//2 2183//2
f 77//1 2183//1 76//1
f 76//2 2183//2 2187//2
f 76//2 2187//2 2186//2
f 306//1 305//1 85//1
f 85//2 305//2 303//2
f 85//2 303//2 84//2
f 84//2 303//2 301//2
f 84//1 301//1 300//1
f 3414//2 3420//2 93//2
f 93//2 3420//2 3421//2
f 93//1 3421//1 3415//1
f 3419//2 94//2 3422//2
f 3422//1 94//1 95//1
f 3422//2 95//2 3423//2
f 3387//2 3424//2 96//2
f 96//1 3424//1 3425//1
f 96//2 3425//2 95//2
f 95//1 3425//1 3426//1
f 95//1 3426//1 3423//1
f 3286//1 3288//1 98//1
f 98//1 3288//1 3290//1
f 98//2 3290//2 97//2
f 97//1 3290//1 3291//1
f 97//2 3291//2 3293//2
f 3278//2 3280//2 99//2
f 99//2 3280//2 3281//2
f 99//1 3281//1 3283//1
f 3076//2 100//2 3274//2
f 3274//2 100//2 101//2
f 786//2 793//2 101//2
f 101//2 793//2 792//2
f 101//2 792//2 3274//2
f 103//2 785//2 784//2
f 2048//2 2047//2 82//2
f 82//2 2047//2 2155//2
f 82//1 2155//1 81//1
f 81//1 2155//1 2153//1
f 81//2 2153//2 2152//2
f 3417//2 3427//2 94//2
f 94//1 3427//1 3428//1
f 94//1 3428//1 93//1
f 93//2 3428//2 3429//2
f 93//2 3429//2 3412//2
f 3076//2 3075//2 100//2
f 100//2 3075//2 3277//2
f 100//2 3277//2 99//2
f 99//2 3277//2 3276//2
f 99//2 3276//2 3278//2
f 786//2 101//2 787//2
f 787//2 101//2 102//2
f 787//2 102//2 789//2
f 784//2 783//2 103//2
f 103//1 783//1 791//1
f 103//2 791//2 102//2
f 102//2 791//2 790//2
f 102//2 790//2 789//2
f 755//2 754//2 107//2
f 107//1 754//1 759//1
f 107//2 759//2 106//2
f 106//2 759//2 761//2
f 106//2 761//2 762//2
f 767//2 105//2 106//2
f 2159//2 2157//2 81//2
f 81//2 2157//2 2156//2
f 81//1 2156//1 80//1
f 80//1 2156//1 2162//1
f 80//2 2162//2 2161//2
f 777//1 778//1 104//1
f 104//2 778//2 779//2
f 104//2 779//2 103//2
f 103//2 779//2 781//2
f 103//1 781//1 785//1
f 767//2 769//2 105//2
f 105//2 769//2 771//2
f 105//2 771//2 770//2
f 770//1 772//1 105//1
f 105//2 772//2 773//2
f 105//2 773//2 104//2
f 104//2 773//2 775//2
f 104//2 775//2 777//2
f 762//1 764//1 106//1
f 106//2 764//2 766//2
f 106//1 766//1 767//1
f 3430//5943 262//5943 261//5943
f 3431//5944 3432//5944 3433//5944
f 261//5945 3434//5945 3431//5945
f 3431//5946 3433//5946 261//5946
f 261//5947 3433//5947 3435//5947
f 261//5948 3435//5948 3430//5948
f 261//5949 267//5949 3434//5949
f 3434//5950 267//5950 266//5950
f 3434//5951 266//5951 3436//5951
f 3436//5952 266//5952 3437//5952
f 3437//5953 266//5953 265//5953
f 3437//5954 265//5954 3438//5954
f 265//5955 273//5955 3438//5955
f 3438//5956 273//5956 272//5956
f 3438//5957 272//5957 3439//5957
f 3439//5958 272//5958 269//5958
f 3439//5959 269//5959 3440//5959
f 3440//5960 269//5960 268//5960
f 3440//5961 268//5961 3441//5961
f 3441//5962 268//5962 276//5962
f 3441//5963 276//5963 278//5963
f 279//5964 3393//5964 278//5964
f 278//5965 3393//5965 3392//5965
f 278//5966 3392//5966 3441//5966
f 3442//5967 3443//5967 420//5967
f 3444//5968 442//5968 3445//5968
f 3445//5969 442//5969 443//5969
f 3444//5970 3446//5970 442//5970
f 442//5971 3446//5971 3447//5971
f 442//5972 3447//5972 437//5972
f 437//5973 3447//5973 438//5973
f 3447//5974 3448//5974 438//5974
f 438//5975 3448//5975 3449//5975
f 438//5976 3449//5976 439//5976
f 439//5977 3449//5977 3450//5977
f 439//5978 3450//5978 118//5978
f 118//5979 3450//5979 3451//5979
f 118//5980 3451//5980 119//5980
f 119//5981 3451//5981 3452//5981
f 119//5982 3452//5982 433//5982
f 433//5983 3452//5983 434//5983
f 3452//5984 3453//5984 434//5984
f 434//5985 3453//5985 3454//5985
f 434//5986 3454//5986 435//5986
f 435//5987 3454//5987 3455//5987
f 435//5988 3455//5988 432//5988
f 432//5989 3455//5989 430//5989
f 3455//5990 3456//5990 430//5990
f 430//5991 3456//5991 3457//5991
f 430//5992 3457//5992 423//5992
f 423//5993 3457//5993 3458//5993
f 423//5994 3458//5994 424//5994
f 424//5995 3458//5995 426//5995
f 426//5996 3458//5996 3459//5996
f 426//5997 3459//5997 427//5997
f 3460//5998 428//5998 3461//5998
f 3461//5999 428//5999 427//5999
f 3461//6000 427//6000 3462//6000
f 3462//6001 427//6001 3459//6001
f 3442//6002 420//6002 3463//6002
f 3463//6003 420//6003 419//6003
f 3463//6004 419//6004 3460//6004
f 3460//6005 419//6005 429//6005
f 3460//6006 429//6006 428//6006
f 420//6007 3443//6007 1901//6007
f 1901//6008 3443//6008 3464//6008
f 1896//6009 1895//6009 3465//6009
f 3465//6010 1895//6010 1894//6010
f 3465//6011 1894//6011 3466//6011
f 3466//6012 1894//6012 1893//6012
f 3466//6013 1893//6013 3467//6013
f 3467//6014 1893//6014 1898//6014
f 3467//6015 1898//6015 3468//6015
f 3468//6016 1898//6016 1897//6016
f 3468//6017 1897//6017 3469//6017
f 3469//6018 1897//6018 1899//6018
f 3469//6019 1899//6019 3464//6019
f 3464//6020 1899//6020 1900//6020
f 3464//6021 1900//6021 1901//6021
f 3465//6022 3470//6022 1896//6022
f 1896//6023 3470//6023 3471//6023
f 1896//6024 3471//6024 1890//6024
f 1890//6025 3471//6025 3472//6025
f 2097//3 2095//3 550//3
f 3473//3 3474//3 574//3
f 3475//3 3476//3 573//3
f 3477//3 3478//3 575//3
f 553//3 2070//3 2069//3
f 1881//3 1880//3 579//3
f 1872//3 545//3 1874//3
f 1874//3 545//3 1863//3
f 2075//3 2081//3 552//3
f 552//3 2081//3 2080//3
f 2069//3 2073//3 553//3
f 553//3 2073//3 2078//3
f 553//3 2078//3 552//3
f 552//3 2078//3 2077//3
f 552//3 2077//3 2075//3
f 554//3 2062//3 2060//3
f 3474//3 3479//3 574//3
f 574//3 3479//3 3480//3
f 574//3 3480//3 573//3
f 573//3 3480//3 3481//3
f 573//3 3481//3 3475//3
f 3478//3 3482//3 575//3
f 575//3 3482//3 3483//3
f 575//3 3483//3 574//3
f 574//3 3483//3 3484//3
f 574//6026 3484//6026 3473//6026
f 2080//3 2084//3 552//3
f 552//3 2084//3 2083//3
f 552//3 2083//3 551//3
f 551//3 2083//3 2086//3
f 551//3 2086//3 2085//3
f 2065//3 554//3 2066//3
f 2066//3 554//3 555//3
f 2065//3 2064//3 554//3
f 554//3 2064//3 2063//3
f 554//3 2063//3 2062//3
f 556//3 967//3 966//3
f 556//3 685//3 555//3
f 555//3 685//3 1674//3
f 555//3 1674//3 2066//3
f 951//3 955//3 559//3
f 1892//3 1891//3 577//3
f 577//3 1891//3 1890//3
f 577//3 1890//3 3472//3
f 3485//3 576//3 3486//3
f 3486//3 576//3 577//3
f 3486//3 577//3 3487//3
f 3487//3 577//3 3472//3
f 1863//3 545//3 1864//3
f 1864//3 545//3 546//3
f 1864//3 546//3 1866//3
f 2057//3 2056//3 546//3
f 546//3 2056//3 1868//3
f 546//3 1868//3 1866//3
f 2102//3 2100//3 549//3
f 549//3 2100//3 2105//3
f 2060//3 2059//3 554//3
f 554//3 2059//3 2068//3
f 554//3 2068//3 553//3
f 553//3 2068//3 2071//3
f 553//3 2071//3 2070//3
f 966//3 1691//3 556//3
f 556//3 1691//3 686//3
f 556//3 686//3 685//3
f 3476//3 3488//3 573//3
f 573//3 3488//3 3489//3
f 573//3 3489//3 572//3
f 572//3 3489//3 3490//3
f 572//3 3490//3 3491//3
f 3485//3 3492//3 576//3
f 576//3 3492//3 3493//3
f 576//3 3493//3 575//3
f 575//3 3493//3 3494//3
f 575//3 3494//3 3477//3
f 1883//3 578//3 1885//3
f 1885//3 578//3 579//3
f 1885//3 579//3 1886//3
f 1886//3 579//3 1880//3
f 1861//3 1860//3 580//3
f 580//3 1860//3 1876//3
f 580//3 1876//3 579//3
f 579//3 1876//3 1878//3
f 579//3 1878//3 1881//3
f 2057//3 546//3 2114//3
f 2114//3 546//3 547//3
f 2114//3 547//3 2115//3
f 548//3 2106//3 2113//3
f 2113//3 2112//3 548//3
f 548//3 2112//3 2110//3
f 548//3 2110//3 547//3
f 547//3 2110//3 2109//3
f 547//3 2109//3 2115//3
f 1883//3 1882//3 578//3
f 578//3 1882//3 1889//3
f 578//3 1889//3 577//3
f 577//3 1889//3 1888//3
f 577//3 1888//3 1892//3
f 1872//3 1870//3 545//3
f 545//3 1870//3 1869//3
f 545//3 1869//3 580//3
f 580//3 1869//3 1875//3
f 580//3 1875//3 1861//3
f 2105//3 2104//3 549//3
f 549//3 2104//3 2103//3
f 549//3 2103//3 548//3
f 548//3 2103//3 2107//3
f 548//3 2107//3 2106//3
f 2095//3 2094//3 550//3
f 550//3 2094//3 2092//3
f 550//3 2092//3 549//3
f 549//3 2092//3 2091//3
f 549//3 2091//3 2102//3
f 2085//3 2090//3 551//3
f 551//3 2090//3 2089//3
f 551//3 2089//3 2088//3
f 2088//3 2087//3 551//3
f 551//3 2087//3 2972//3
f 551//3 2972//3 550//3
f 550//3 2972//3 2098//3
f 550//3 2098//3 2097//3
f 560//3 943//3 949//3
f 938//3 561//3 939//3
f 939//3 561//3 933//3
f 3025//6027 3024//6027 567//6027
f 567//3 3024//3 3029//3
f 567//3 3029//3 3031//3
f 3014//3 3016//3 569//3
f 569//3 3016//3 3017//3
f 569//3 3017//3 3018//3
f 571//3 3495//3 3496//3
f 3496//3 3497//3 571//3
f 571//3 3497//3 3498//3
f 571//3 3498//3 570//3
f 3491//3 3499//3 572//3
f 572//3 3499//3 3500//3
f 572//3 3500//3 3501//3
f 3501//3 3502//3 572//3
f 572//3 3502//3 3503//3
f 572//3 3503//3 571//3
f 571//3 3503//3 3504//3
f 571//3 3504//3 3495//3
f 965//3 689//3 557//3
f 557//3 689//3 688//3
f 557//3 688//3 556//3
f 556//3 688//3 969//3
f 556//3 969//3 967//3
f 694//3 692//3 558//3
f 558//3 692//3 691//3
f 957//3 558//3 959//3
f 959//3 558//3 559//3
f 957//3 956//3 558//3
f 558//3 956//3 695//3
f 558//3 695//3 694//3
f 3031//3 3034//3 567//3
f 567//3 3034//3 3033//3
f 567//3 3033//3 566//3
f 3025//3 567//3 3027//3
f 3027//3 567//3 568//3
f 3027//3 568//3 3028//3
f 3018//3 3020//3 569//3
f 569//3 3020//3 3021//3
f 569//3 3021//3 568//3
f 568//3 3021//3 3023//3
f 568//3 3023//3 3028//3
f 3505//3 3506//3 569//3
f 569//3 3506//3 3507//3
f 569//6028 3507//6028 3014//6028
f 691//3 961//3 558//3
f 558//3 961//3 962//3
f 558//3 962//3 557//3
f 557//3 962//3 964//3
f 557//3 964//3 965//3
f 955//3 954//3 559//3
f 559//3 954//3 960//3
f 559//3 960//3 959//3
f 949//3 948//3 560//3
f 560//3 948//3 946//3
f 560//3 946//3 559//3
f 559//3 946//3 952//3
f 559//3 952//3 951//3
f 938//3 942//3 561//3
f 561//3 942//3 941//3
f 561//3 941//3 560//3
f 560//3 941//3 944//3
f 560//3 944//3 943//3
f 931//3 562//3 932//3
f 932//3 562//3 924//3
f 3000//3 2999//3 565//3
f 565//3 2999//3 3038//3
f 3038//3 3040//3 565//3
f 565//3 3040//3 3041//3
f 565//3 3041//3 564//3
f 3033//3 3037//3 566//3
f 566//3 3037//3 3036//3
f 566//3 3036//3 565//3
f 565//3 3036//3 3035//3
f 565//3 3035//3 3000//3
f 3498//3 3508//3 570//3
f 570//3 3508//3 3509//3
f 570//3 3509//3 569//3
f 569//3 3509//3 3510//3
f 569//3 3510//3 3505//3
f 924//3 562//3 925//3
f 925//3 562//3 563//3
f 925//3 563//3 926//3
f 3041//3 922//3 564//3
f 564//3 922//3 919//3
f 564//3 919//3 563//3
f 563//3 919//3 917//3
f 563//3 917//3 916//3
f 916//3 929//3 563//3
f 563//3 929//3 928//3
f 563//3 928//3 926//3
f 931//3 937//3 562//3
f 562//3 937//3 936//3
f 562//3 936//3 561//3
f 561//3 936//3 934//3
f 561//6027 934//6027 933//6027
f 3511//6029 3002//6029 3512//6029
f 3512//6030 3002//6030 3004//6030
f 3512//6031 3004//6031 3513//6031
f 3004//6032 3006//6032 3513//6032
f 3513//6033 3006//6033 3009//6033
f 3513//6034 3009//6034 3514//6034
f 3514//6035 3009//6035 3008//6035
f 3514//6036 3008//6036 3515//6036
f 3515//6037 3008//6037 3516//6037
f 3008//6038 3007//6038 3516//6038
f 3516//6039 3007//6039 3011//6039
f 3516//6040 3011//6040 3517//6040
f 3517//6041 3011//6041 3010//6041
f 3517//6042 3010//6042 3518//6042
f 3014//6043 3507//6043 3015//6043
f 3015//6044 3507//6044 3519//6044
f 3518//6045 3010//6045 3519//6045
f 3519//6046 3010//6046 3013//6046
f 3519//6047 3013//6047 3015//6047
f 3520//6048 3238//6048 3092//6048
f 3520//6049 3092//6049 3521//6049
f 3522//6050 3523//6050 3245//6050
f 3245//6051 3523//6051 3524//6051
f 3245//6052 3524//6052 3246//6052
f 3246//6053 3524//6053 3525//6053
f 3246//6054 3525//6054 3091//6054
f 3091//6055 3525//6055 3526//6055
f 3091//6056 3526//6056 3092//6056
f 3092//6057 3526//6057 3527//6057
f 3092//6058 3527//6058 3521//6058
f 3528//6059 3529//6059 3088//6059
f 3088//6060 3529//6060 3530//6060
f 3088//6061 3530//6061 3089//6061
f 3089//6062 3530//6062 3522//6062
f 3089//6063 3522//6063 3244//6063
f 3244//6064 3522//6064 3245//6064
f 3531//6065 3532//6065 3248//6065
f 3248//6066 3532//6066 3250//6066
f 3088//6067 3253//6067 3528//6067
f 3528//6068 3253//6068 3252//6068
f 3528//6069 3252//6069 3533//6069
f 3533//6070 3252//6070 3251//6070
f 3533//6071 3251//6071 3534//6071
f 3534//6072 3251//6072 3250//6072
f 3534//6073 3250//6073 3535//6073
f 3535//6074 3250//6074 3532//6074
f 3248//6075 3260//6075 3531//6075
f 3531//6076 3260//6076 3259//6076
f 3531//6077 3259//6077 3536//6077
f 3536//6078 3259//6078 3258//6078
f 3536//6079 3258//6079 3537//6079
f 3537//6080 3258//6080 3538//6080
f 3258//6081 3257//6081 3538//6081
f 3538//6082 3257//6082 3255//6082
f 3538//6083 3255//6083 3539//6083
f 3539//6084 3255//6084 3254//6084
f 3539//6085 3254//6085 3540//6085
f 3540//6086 3254//6086 3002//6086
f 3540//6087 3002//6087 3511//6087
f 3210//6088 3541//6088 3211//6088
f 3541//6089 3206//6089 3212//6089
f 3541//6090 3212//6090 3211//6090
f 3542//6091 3543//6091 3544//6091
f 3545//6092 3546//6092 3547//6092
f 3432//6093 3431//6093 3548//6093
f 3548//6094 3431//6094 3549//6094
f 3550//6095 3551//6095 3552//6095
f 3431//6096 3434//6096 3549//6096
f 3549//6097 3434//6097 3436//6097
f 3549//6098 3436//6098 3553//6098
f 3553//6099 3436//6099 3550//6099
f 3553//6100 3550//6100 3554//6100
f 3554//6101 3550//6101 3552//6101
f 3555//6102 3556//6102 3557//6102
f 3555//6103 3557//6103 3558//6103
f 3557//6104 3559//6104 3558//6104
f 3558//6105 3559//6105 3560//6105
f 3558//6106 3560//6106 3551//6106
f 3551//6107 3560//6107 3561//6107
f 3551//6108 3561//6108 3552//6108
f 3556//6109 3555//6109 3562//6109
f 3562//6110 3555//6110 3563//6110
f 3562//6111 3563//6111 3564//6111
f 3565//6112 3566//6112 3563//6112
f 3563//6113 3566//6113 3567//6113
f 3563//6114 3567//6114 3564//6114
f 3568//6115 3569//6115 3570//6115
f 3568//6116 3570//6116 3571//6116
f 3570//6117 3572//6117 3571//6117
f 3571//6118 3572//6118 3573//6118
f 3571//6119 3573//6119 3565//6119
f 3565//6120 3573//6120 3574//6120
f 3565//6121 3574//6121 3566//6121
f 3569//6122 3568//6122 3575//6122
f 3575//6123 3568//6123 3576//6123
f 3575//6124 3576//6124 3577//6124
f 3577//6125 3576//6125 3578//6125
f 3578//6126 3576//6126 3579//6126
f 3578//6127 3579//6127 3580//6127
f 3547//6128 3546//6128 3579//6128
f 3579//6129 3546//6129 3581//6129
f 3579//6130 3581//6130 3580//6130
f 3545//6131 3547//6131 3582//6131
f 3582//6132 3547//6132 3583//6132
f 3582//6133 3583//6133 3584//6133
f 3586//6134 3585//6134 3587//6134
f 3586//6135 3587//6135 3583//6135
f 3583//6136 3587//6136 3584//6136
f 3585//6137 3586//6137 3588//6137
f 3588//6138 3586//6138 3589//6138
f 3588//6139 3589//6139 3590//6139
f 3543//6140 3591//6140 3544//6140
f 3544//6141 3591//6141 3592//6141
f 3544//6142 3592//6142 3589//6142
f 3589//6143 3592//6143 3590//6143
f 3381//6144 3378//6144 3544//6144
f 3542//6145 3544//6145 3593//6145
f 3593//6146 3544//6146 3378//6146
f 3593//6147 3378//6147 3377//6147
f 3390//6148 3389//6148 3594//6148
f 3594//6149 3389//6149 3383//6149
f 3384//6150 3385//6150 3544//6150
f 3544//6151 3385//6151 3382//6151
f 3544//6152 3382//6152 3381//6152
f 3391//6153 3595//6153 3386//6153
f 3386//6154 3595//6154 3424//6154
f 3386//6155 3424//6155 3387//6155
f 3596//6156 3426//6156 3595//6156
f 3595//6157 3426//6157 3425//6157
f 3595//6158 3425//6158 3424//6158
f 3597//6159 3422//6159 3596//6159
f 3596//6160 3422//6160 3423//6160
f 3596//6161 3423//6161 3426//6161
f 3427//6162 3417//6162 3598//6162
f 3598//6163 3417//6163 3418//6163
f 3598//6164 3418//6164 3597//6164
f 3597//6165 3418//6165 3419//6165
f 3597//6166 3419//6166 3422//6166
f 3427//6167 3598//6167 3428//6167
f 3428//6168 3598//6168 3599//6168
f 3428//6169 3599//6169 3429//6169
f 3429//6170 3599//6170 3412//6170
f 3412//6171 3599//6171 3600//6171
f 3412//6172 3600//6172 3413//6172
f 3601//6173 3420//6173 3600//6173
f 3600//6174 3420//6174 3414//6174
f 3600//6175 3414//6175 3413//6175
f 3398//6176 3416//6176 3602//6176
f 3602//6176 3416//6176 3415//6176
f 3602//6177 3415//6177 3601//6177
f 3601//6178 3415//6178 3421//6178
f 3601//6179 3421//6179 3420//6179
f 3398//6180 3602//6180 3399//6180
f 3399//6181 3602//6181 3603//6181
f 3399//6182 3603//6182 3400//6182
f 3400//6183 3603//6183 3401//6183
f 3401//6184 3603//6184 3604//6184
f 3401//6185 3604//6185 3402//6185
f 3605//6186 3395//6186 3604//6186
f 3604//6187 3395//6187 3394//6187
f 3604//6188 3394//6188 3402//6188
f 3606//6189 3407//6189 3406//6189
f 3606//6190 3406//6190 3607//6190
f 3405//6191 3404//6191 3608//6191
f 3608//6192 3404//6192 3397//6192
f 3608//6193 3397//6193 3605//6193
f 3605//6194 3397//6194 3396//6194
f 3605//6195 3396//6195 3395//6195
f 3407//6196 3606//6196 3408//6196
f 3408//6197 3606//6197 3609//6197
f 3408//6198 3609//6198 3409//6198
f 3409//6199 3609//6199 3410//6199
f 3410//6200 3609//6200 3610//6200
f 3410//6201 3610//6201 3411//6201
f 3610//6202 3440//6202 3411//6202
f 3411//6203 3440//6203 3441//6203
f 3411//6204 3441//6204 3403//6204
f 3403//6205 3441//6205 3392//6205
f 3437//6206 3438//6206 3610//6206
f 3610//6207 3438//6207 3439//6207
f 3610//6208 3439//6208 3440//6208
f 3406//6209 3405//6209 3607//6209
f 3607//6210 3405//6210 3608//6210
f 3607//6211 3608//6211 3611//6211
f 3611//6212 3608//6212 3605//6212
f 3611//6213 3605//6213 3612//6213
f 3612//6214 3605//6214 3604//6214
f 3612//6215 3604//6215 3613//6215
f 3613//6216 3604//6216 3603//6216
f 3613//6217 3603//6217 3614//6217
f 3614//6218 3603//6218 3602//6218
f 3614//6219 3602//6219 3615//6219
f 3615//6220 3602//6220 3601//6220
f 3615//6221 3601//6221 3616//6221
f 3616//6222 3601//6222 3600//6222
f 3616//6223 3600//6223 3617//6223
f 3617//6224 3600//6224 3599//6224
f 3617//6225 3599//6225 3618//6225
f 3618//6226 3599//6226 3598//6226
f 3618//6227 3598//6227 3619//6227
f 3619//6228 3598//6228 3597//6228
f 3619//6229 3597//6229 3620//6229
f 3620//6230 3597//6230 3596//6230
f 3620//6231 3596//6231 3594//6231
f 3594//6232 3596//6232 3595//6232
f 3594//6233 3595//6233 3390//6233
f 3390//6234 3595//6234 3391//6234
f 3436//6235 3437//6235 3550//6235
f 3550//6236 3437//6236 3610//6236
f 3550//6237 3610//6237 3551//6237
f 3551//6238 3610//6238 3609//6238
f 3551//6239 3609//6239 3558//6239
f 3558//6240 3609//6240 3606//6240
f 3558//6241 3606//6241 3555//6241
f 3555//6242 3606//6242 3607//6242
f 3555//6243 3607//6243 3563//6243
f 3563//6244 3607//6244 3611//6244
f 3563//6245 3611//6245 3565//6245
f 3565//6246 3611//6246 3612//6246
f 3565//6247 3612//6247 3571//6247
f 3571//6248 3612//6248 3613//6248
f 3571//6249 3613//6249 3568//6249
f 3568//6250 3613//6250 3614//6250
f 3568//6251 3614//6251 3576//6251
f 3576//6252 3614//6252 3615//6252
f 3576//6253 3615//6253 3579//6253
f 3579//6254 3615//6254 3616//6254
f 3579//6255 3616//6255 3547//6255
f 3547//6256 3616//6256 3617//6256
f 3547//6257 3617//6257 3583//6257
f 3583//6258 3617//6258 3618//6258
f 3583//6259 3618//6259 3586//6259
f 3586//6260 3618//6260 3619//6260
f 3586//6261 3619//6261 3589//6261
f 3589//6262 3619//6262 3620//6262
f 3589//6263 3620//6263 3544//6263
f 3544//6264 3620//6264 3594//6264
f 3544//6265 3594//6265 3384//6265
f 3384//6148 3594//6148 3383//6148
f 3621//6266 3446//6266 3622//6266
f 3622//6267 3446//6267 3444//6267
f 3622//6268 3444//6268 3623//6268
f 3624//6269 3625//6269 3626//6269
f 3534//6270 3535//6270 3627//6270
f 3514//6271 3515//6271 3628//6271
f 3500//6272 3499//6272 3629//6272
f 3473//6273 3484//6273 3630//6273
f 3477//6274 3494//6274 3631//6274
f 3493//6275 3492//6275 3626//6275
f 3467//6276 3468//6276 3624//6276
f 3632//6277 3633//6277 3634//6277
f 3635//6278 3636//6278 3637//6278
f 3638//6279 3526//6279 3639//6279
f 3638//6280 3640//6280 3526//6280
f 3526//6281 3640//6281 3641//6281
f 3526//6282 3641//6282 3527//6282
f 3642//6283 3643//6283 3639//6283
f 3639//6284 3643//6284 3638//6284
f 3644//6285 3645//6285 3646//6285
f 3646//6286 3645//6286 3647//6286
f 3646//6287 3647//6287 3648//6287
f 3644//6288 3649//6288 3645//6288
f 3645//6289 3649//6289 3650//6289
f 3645//6290 3650//6290 3639//6290
f 3639//6291 3650//6291 3642//6291
f 3636//6292 3651//6292 3637//6292
f 3637//6293 3651//6293 3647//6293
f 3647//6294 3651//6294 3652//6294
f 3647//6295 3652//6295 3648//6295
f 3653//6296 3654//6296 3655//6296
f 3655//6297 3654//6297 3656//6297
f 3655//6298 3656//6298 3657//6298
f 3657//6299 3656//6299 3658//6299
f 3659//6300 3660//6300 3661//6300
f 3659//6301 3661//6301 3662//6301
f 3661//6302 3663//6302 3662//6302
f 3662//6303 3663//6303 3664//6303
f 3662//6304 3664//6304 3656//6304
f 3656//6305 3664//6305 3658//6305
f 3634//6306 3633//6306 3659//6306
f 3659//6307 3633//6307 3665//6307
f 3659//6308 3665//6308 3660//6308
f 3632//6309 3634//6309 3666//6309
f 3666//6310 3634//6310 3667//6310
f 3666//6311 3667//6311 3668//6311
f 3669//6312 3670//6312 3667//6312
f 3667//6313 3670//6313 3671//6313
f 3667//6314 3671//6314 3668//6314
f 3672//6315 3673//6315 3669//6315
f 3669//6316 3673//6316 3674//6316
f 3669//6317 3674//6317 3670//6317
f 3675//6318 3676//6318 3677//6318
f 3677//6319 3676//6319 3678//6319
f 3677//6320 3678//6320 3672//6320
f 3672//6321 3678//6321 3679//6321
f 3672//6322 3679//6322 3673//6322
f 3680//6323 3681//6323 3682//6323
f 3682//6324 3681//6324 3683//6324
f 3682//6325 3683//6325 3684//6325
f 3685//6326 3686//6326 3687//6326
f 3686//6327 3688//6327 3687//6327
f 3687//6328 3688//6328 3689//6328
f 3687//6329 3689//6329 3683//6329
f 3683//6330 3689//6330 3684//6330
f 3447//6331 3446//6331 3621//6331
f 3690//6332 3448//6332 3447//6332
f 3621//6333 3691//6333 3447//6333
f 3447//6334 3691//6334 3692//6334
f 3447//6335 3692//6335 3690//6335
f 3690//6336 3692//6336 3693//6336
f 3690//6337 3693//6337 3687//6337
f 3687//6338 3693//6338 3685//6338
f 3451//6339 3450//6339 3690//6339
f 3690//6340 3450//6340 3449//6340
f 3690//6341 3449//6341 3448//6341
f 3458//6342 3457//6342 3694//6342
f 3694//6342 3457//6342 3456//6342
f 3455//6343 3454//6343 3695//6343
f 3695//6344 3454//6344 3453//6344
f 3695//6345 3453//6345 3452//6345
f 3461//6346 3462//6346 3696//6346
f 3696//6346 3462//6346 3459//6346
f 3697//6347 3442//6347 3463//6347
f 3697//6348 3463//6348 3696//6348
f 3696//6349 3463//6349 3460//6349
f 3696//6350 3460//6350 3461//6350
f 3468//6276 3469//6276 3624//6276
f 3624//6351 3469//6351 3464//6351
f 3624//6352 3464//6352 3697//6352
f 3697//6353 3464//6353 3443//6353
f 3697//6354 3443//6354 3442//6354
f 3470//6355 3465//6355 3698//6355
f 3698//6356 3465//6356 3466//6356
f 3485//6357 3486//6357 3698//6357
f 3698//6358 3486//6358 3487//6358
f 3470//6359 3698//6359 3471//6359
f 3471//6360 3698//6360 3487//6360
f 3471//6361 3487//6361 3472//6361
f 3493//6362 3626//6362 3494//6362
f 3477//6363 3631//6363 3478//6363
f 3483//6364 3482//6364 3699//6364
f 3699//6365 3482//6365 3478//6365
f 3700//6366 3479//6366 3474//6366
f 3475//6367 3481//6367 3701//6367
f 3701//6368 3481//6368 3480//6368
f 3702//6369 3490//6369 3489//6369
f 3702//6370 3489//6370 3703//6370
f 3703//6371 3489//6371 3488//6371
f 3703//6372 3488//6372 3476//6372
f 3629//6373 3499//6373 3702//6373
f 3702//6374 3499//6374 3491//6374
f 3702//6375 3491//6375 3490//6375
f 3500//6376 3629//6376 3501//6376
f 3501//6377 3629//6377 3704//6377
f 3501//6378 3704//6378 3502//6378
f 3502//6379 3704//6379 3503//6379
f 3503//6380 3704//6380 3705//6380
f 3503//6381 3705//6381 3504//6381
f 3706//6382 3496//6382 3705//6382
f 3705//6383 3496//6383 3495//6383
f 3705//6381 3495//6381 3504//6381
f 3707//6384 3498//6384 3706//6384
f 3706//6385 3498//6385 3497//6385
f 3706//6386 3497//6386 3496//6386
f 3510//6387 3509//6387 3707//6387
f 3707//6388 3509//6388 3508//6388
f 3707//6388 3508//6388 3498//6388
f 3505//6389 3708//6389 3506//6389
f 3506//6390 3708//6390 3519//6390
f 3506//6391 3519//6391 3507//6391
f 3515//6392 3516//6392 3628//6392
f 3628//6271 3516//6271 3517//6271
f 3628//6393 3517//6393 3708//6393
f 3708//6394 3517//6394 3518//6394
f 3708//6395 3518//6395 3519//6395
f 3511//6396 3512//6396 3709//6396
f 3709//6397 3512//6397 3628//6397
f 3628//6398 3512//6398 3513//6398
f 3628//6399 3513//6399 3514//6399
f 3538//6400 3539//6400 3709//6400
f 3709//6401 3539//6401 3540//6401
f 3709//6402 3540//6402 3511//6402
f 3532//6403 3531//6403 3710//6403
f 3710//6404 3531//6404 3536//6404
f 3710//6405 3536//6405 3537//6405
f 3534//6406 3627//6406 3533//6406
f 3526//6407 3525//6407 3639//6407
f 3639//6408 3525//6408 3524//6408
f 3639//6409 3524//6409 3523//6409
f 3522//6410 3530//6410 3711//6410
f 3711//6411 3530//6411 3529//6411
f 3711//6412 3529//6412 3528//6412
f 3712//6413 3703//6413 3701//6413
f 3701//6414 3703//6414 3476//6414
f 3701//6415 3476//6415 3475//6415
f 3713//6416 3712//6416 3714//6416
f 3714//6417 3712//6417 3701//6417
f 3714//6418 3701//6418 3700//6418
f 3700//6419 3701//6419 3480//6419
f 3700//6420 3480//6420 3479//6420
f 3715//6421 3713//6421 3716//6421
f 3716//6422 3713//6422 3714//6422
f 3716//6423 3714//6423 3717//6423
f 3717//6424 3714//6424 3700//6424
f 3717//6425 3700//6425 3630//6425
f 3630//6426 3700//6426 3474//6426
f 3630//6427 3474//6427 3473//6427
f 3492//6428 3485//6428 3626//6428
f 3626//6429 3485//6429 3698//6429
f 3626//6430 3698//6430 3624//6430
f 3624//6431 3698//6431 3466//6431
f 3624//6432 3466//6432 3467//6432
f 3718//6433 3715//6433 3719//6433
f 3719//6434 3715//6434 3716//6434
f 3719//6435 3716//6435 3720//6435
f 3720//6436 3716//6436 3717//6436
f 3720//6437 3717//6437 3721//6437
f 3721//6438 3717//6438 3630//6438
f 3721//6439 3630//6439 3699//6439
f 3699//6440 3630//6440 3484//6440
f 3699//6441 3484//6441 3483//6441
f 3478//6442 3631//6442 3699//6442
f 3699//6443 3631//6443 3722//6443
f 3699//6444 3722//6444 3721//6444
f 3721//6445 3722//6445 3723//6445
f 3721//6446 3723//6446 3720//6446
f 3720//6447 3723//6447 3724//6447
f 3720//6448 3724//6448 3719//6448
f 3719//6449 3724//6449 3725//6449
f 3719//6450 3725//6450 3718//6450
f 3625//6451 3624//6451 3726//6451
f 3726//6452 3624//6452 3697//6452
f 3726//6453 3697//6453 3727//6453
f 3727//6454 3697//6454 3696//6454
f 3727//6455 3696//6455 3728//6455
f 3494//6456 3626//6456 3631//6456
f 3631//6457 3626//6457 3625//6457
f 3631//6458 3625//6458 3722//6458
f 3722//6459 3625//6459 3726//6459
f 3722//6460 3726//6460 3723//6460
f 3723//6461 3726//6461 3727//6461
f 3723//6462 3727//6462 3724//6462
f 3724//6463 3727//6463 3728//6463
f 3724//6464 3728//6464 3725//6464
f 3452//6465 3451//6465 3695//6465
f 3695//6466 3451//6466 3690//6466
f 3695//6467 3690//6467 3729//6467
f 3729//6468 3690//6468 3687//6468
f 3729//6469 3687//6469 3730//6469
f 3730//6470 3687//6470 3683//6470
f 3730//6471 3683//6471 3677//6471
f 3677//6472 3683//6472 3681//6472
f 3677//6473 3681//6473 3675//6473
f 3675//6474 3681//6474 3680//6474
f 3456//6475 3455//6475 3694//6475
f 3694//6476 3455//6476 3695//6476
f 3694//6477 3695//6477 3731//6477
f 3731//6478 3695//6478 3729//6478
f 3731//6479 3729//6479 3732//6479
f 3732//6480 3729//6480 3730//6480
f 3732//6481 3730//6481 3733//6481
f 3733//6482 3730//6482 3677//6482
f 3733//6483 3677//6483 3734//6483
f 3734//6484 3677//6484 3672//6484
f 3734//6485 3672//6485 3735//6485
f 3735//6486 3672//6486 3669//6486
f 3735//6487 3669//6487 3736//6487
f 3736//6488 3669//6488 3667//6488
f 3736//6489 3667//6489 3737//6489
f 3737//6490 3667//6490 3634//6490
f 3737//6491 3634//6491 3738//6491
f 3738//6492 3634//6492 3659//6492
f 3738//6493 3659//6493 3739//6493
f 3739//6494 3659//6494 3662//6494
f 3739//6495 3662//6495 3740//6495
f 3740//6496 3662//6496 3656//6496
f 3740//6497 3656//6497 3741//6497
f 3741//6498 3656//6498 3654//6498
f 3741//6499 3654//6499 3742//6499
f 3742//6500 3654//6500 3743//6500
f 3742//6501 3743//6501 3744//6501
f 3744//6502 3743//6502 3745//6502
f 3744//6503 3745//6503 3627//6503
f 3627//6504 3745//6504 3711//6504
f 3627//6505 3711//6505 3533//6505
f 3533//6506 3711//6506 3528//6506
f 3653//6507 3635//6507 3654//6507
f 3654//6508 3635//6508 3637//6508
f 3654//6509 3637//6509 3743//6509
f 3743//6510 3637//6510 3647//6510
f 3743//6511 3647//6511 3745//6511
f 3745//6512 3647//6512 3645//6512
f 3745//6513 3645//6513 3711//6513
f 3711//6514 3645//6514 3639//6514
f 3711//6515 3639//6515 3522//6515
f 3522//6516 3639//6516 3523//6516
f 3746//6517 3747//6517 3748//6517
f 3748//6518 3747//6518 3749//6518
f 3748//6519 3749//6519 3750//6519
f 3750//6520 3749//6520 3751//6520
f 3750//6521 3751//6521 3752//6521
f 3752//6522 3751//6522 3753//6522
f 3752//6523 3753//6523 3754//6523
f 3754//6524 3753//6524 3755//6524
f 3754//6525 3755//6525 3756//6525
f 3756//6526 3755//6526 3757//6526
f 3756//6527 3757//6527 3758//6527
f 3758//6528 3757//6528 3759//6528
f 3758//6529 3759//6529 3760//6529
f 3760//6530 3759//6530 3761//6530
f 3760//6531 3761//6531 3762//6531
f 3762//6532 3761//6532 3763//6532
f 3762//6533 3763//6533 3764//6533
f 3718//6534 3746//6534 3715//6534
f 3715//6535 3746//6535 3748//6535
f 3715//6536 3748//6536 3713//6536
f 3713//6537 3748//6537 3750//6537
f 3713//6538 3750//6538 3712//6538
f 3712//6539 3750//6539 3752//6539
f 3712//6540 3752//6540 3703//6540
f 3703//6541 3752//6541 3754//6541
f 3703//6542 3754//6542 3702//6542
f 3702//6543 3754//6543 3756//6543
f 3702//6544 3756//6544 3629//6544
f 3629//6545 3756//6545 3758//6545
f 3629//6546 3758//6546 3704//6546
f 3704//6547 3758//6547 3760//6547
f 3704//6548 3760//6548 3705//6548
f 3705//6549 3760//6549 3762//6549
f 3705//6550 3762//6550 3706//6550
f 3706//6551 3762//6551 3764//6551
f 3706//6552 3764//6552 3707//6552
f 3537//6553 3538//6553 3710//6553
f 3710//6554 3538//6554 3709//6554
f 3710//6555 3709//6555 3765//6555
f 3765//6556 3709//6556 3766//6556
f 3765//6557 3766//6557 3767//6557
f 3767//6558 3766//6558 3768//6558
f 3767//6559 3768//6559 3769//6559
f 3769//6560 3768//6560 3770//6560
f 3769//6561 3770//6561 3771//6561
f 3771//6562 3770//6562 3772//6562
f 3771//6563 3772//6563 3773//6563
f 3773//6564 3772//6564 3774//6564
f 3773//6565 3774//6565 3775//6565
f 3775//6566 3774//6566 3776//6566
f 3775//6567 3776//6567 3777//6567
f 3777//6568 3776//6568 3778//6568
f 3777//6569 3778//6569 3779//6569
f 3505//6570 3510//6570 3708//6570
f 3708//6571 3510//6571 3707//6571
f 3708//6572 3707//6572 3628//6572
f 3628//6573 3707//6573 3764//6573
f 3628//6574 3764//6574 3709//6574
f 3709//6575 3764//6575 3763//6575
f 3709//6576 3763//6576 3766//6576
f 3766//6577 3763//6577 3761//6577
f 3766//6578 3761//6578 3768//6578
f 3768//6579 3761//6579 3759//6579
f 3768//6580 3759//6580 3770//6580
f 3770//6581 3759//6581 3757//6581
f 3770//6582 3757//6582 3772//6582
f 3772//6583 3757//6583 3755//6583
f 3772//6584 3755//6584 3774//6584
f 3774//6585 3755//6585 3753//6585
f 3774//6586 3753//6586 3776//6586
f 3776//6587 3753//6587 3751//6587
f 3776//6588 3751//6588 3778//6588
f 3778//6589 3751//6589 3749//6589
f 3778//6590 3749//6590 3779//6590
f 3779//6591 3749//6591 3747//6591
f 3459//6592 3458//6592 3696//6592
f 3696//6593 3458//6593 3694//6593
f 3696//6594 3694//6594 3728//6594
f 3728//6595 3694//6595 3731//6595
f 3728//6596 3731//6596 3725//6596
f 3725//6597 3731//6597 3732//6597
f 3725//6598 3732//6598 3718//6598
f 3718//6599 3732//6599 3733//6599
f 3718//6600 3733//6600 3746//6600
f 3746//6601 3733//6601 3734//6601
f 3746//6602 3734//6602 3747//6602
f 3747//6603 3734//6603 3735//6603
f 3747//6604 3735//6604 3779//6604
f 3779//6605 3735//6605 3736//6605
f 3779//6606 3736//6606 3777//6606
f 3777//6607 3736//6607 3737//6607
f 3777//6608 3737//6608 3775//6608
f 3775//6609 3737//6609 3738//6609
f 3775//6610 3738//6610 3773//6610
f 3773//6611 3738//6611 3739//6611
f 3773//6612 3739//6612 3771//6612
f 3771//6613 3739//6613 3740//6613
f 3771//6614 3740//6614 3769//6614
f 3769//6615 3740//6615 3741//6615
f 3769//6616 3741//6616 3767//6616
f 3767//6617 3741//6617 3742//6617
f 3767//6618 3742//6618 3765//6618
f 3765//6619 3742//6619 3744//6619
f 3765//6620 3744//6620 3710//6620
f 3710//6621 3744//6621 3627//6621
f 3710//6622 3627//6622 3532//6622
f 3532//6623 3627//6623 3535//6623
f 3641//6624 3780//6624 3527//6624
f 3527//6625 3780//6625 3521//6625
f 3780//6626 3781//6626 3521//6626
f 3621//6627 3622//6627 3691//6627
