# Blender 4.5.10 LTS
# www.blender.org
mtllib converted_link_0_666666ff.mtl
o converted_link_0_666666ff
v -0.062023 -0.081518 -0.057178
v -0.061964 -0.081043 -0.056415
v -0.061942 -0.085533 -0.056133
v -0.061672 -0.083529 -0.052673
v -0.061489 -0.072448 -0.050326
v -0.061424 -0.076368 -0.049495
v -0.061749 -0.076375 -0.053665
v -0.061881 -0.080384 -0.055356
v -0.061808 -0.079073 -0.054414
v -0.061489 -0.080287 -0.050325
v -0.061785 -0.078662 -0.054119
v -0.061746 -0.076639 -0.053625
v -0.061771 -0.074480 -0.053951
v -0.061810 -0.073672 -0.054443
v -0.061671 -0.069206 -0.052674
v -0.062459 -0.072291 -0.062783
v -0.062777 -0.070704 -0.066876
v -0.062382 -0.071695 -0.061790
v -0.062546 -0.068023 -0.063907
v -0.062250 -0.066784 -0.060107
v -0.062172 -0.070920 -0.059095
v -0.062316 -0.071187 -0.060945
v -0.062173 -0.081827 -0.059108
v -0.062251 -0.085951 -0.060106
v -0.062191 -0.081863 -0.059330
v -0.061858 -0.072644 -0.055067
v -0.061962 -0.071662 -0.056402
v -0.061941 -0.067202 -0.056134
v -0.061991 -0.071387 -0.056776
v -0.062148 -0.070876 -0.058792
v -0.062348 -0.081385 -0.061349
v -0.062547 -0.084714 -0.063906
v -0.062383 -0.081066 -0.061798
v -0.062778 -0.082033 -0.066875
v -0.062482 -0.080161 -0.063073
v -0.062538 -0.073658 -0.063798
v -0.062558 -0.073998 -0.064050
v -0.062904 -0.074365 -0.068500
v -0.062599 -0.076018 -0.064574
v -0.062921 -0.076369 -0.068710
v -0.062600 -0.076369 -0.064586
v -0.062905 -0.078372 -0.068500
v -0.062566 -0.078516 -0.064150
v -0.062537 -0.079075 -0.063784
v -0.062013 0.071217 -0.057189
v -0.061953 0.071692 -0.056426
v -0.061931 0.067202 -0.056144
v -0.061662 0.069206 -0.052684
v -0.061478 0.080287 -0.050337
v -0.061414 0.076368 -0.049506
v -0.061739 0.076360 -0.053676
v -0.061871 0.072351 -0.055367
v -0.061797 0.073662 -0.054425
v -0.061479 0.072448 -0.050336
v -0.061774 0.074073 -0.054130
v -0.061736 0.076096 -0.053636
v -0.061761 0.078255 -0.053963
v -0.061799 0.079063 -0.054454
v -0.061661 0.083529 -0.052685
v -0.062448 0.080444 -0.062794
v -0.062767 0.082031 -0.066887
v -0.062371 0.081040 -0.061801
v -0.062536 0.084712 -0.063918
v -0.062240 0.085951 -0.060118
v -0.062161 0.081815 -0.059106
v -0.062305 0.081548 -0.060956
v -0.062163 0.070908 -0.059119
v -0.062241 0.066784 -0.060117
v -0.062180 0.070872 -0.059341
v -0.061848 0.080091 -0.055078
v -0.061951 0.081073 -0.056413
v -0.061930 0.085533 -0.056145
v -0.061981 0.081348 -0.056787
v -0.062137 0.081859 -0.058803
v -0.062337 0.071350 -0.061360
v -0.062537 0.068021 -0.063917
v -0.062372 0.071668 -0.061809
v -0.062768 0.070702 -0.066886
v -0.062472 0.072575 -0.063085
v -0.062527 0.079077 -0.063809
v -0.062547 0.078737 -0.064061
v -0.062894 0.078370 -0.068511
v -0.062588 0.076717 -0.064585
v -0.062910 0.076367 -0.068721
v -0.062589 0.076367 -0.064597
v -0.062894 0.074363 -0.068511
v -0.062555 0.074219 -0.064161
v -0.062527 0.073660 -0.063795
v -0.062948 0.074323 -0.068697
v -0.062819 0.070588 -0.067039
v -0.062583 0.067853 -0.064010
v -0.062281 0.066591 -0.060134
v -0.061966 0.067018 -0.056081
v -0.061691 0.069062 -0.052552
v -0.061504 0.072369 -0.050157
v -0.061438 0.076368 -0.049309
v -0.061503 0.080366 -0.050157
v -0.061690 0.083673 -0.052553
v -0.061964 0.085717 -0.056083
v -0.062280 0.086144 -0.060135
v -0.062582 0.084880 -0.064012
v -0.062818 0.082145 -0.067040
v -0.062947 0.078410 -0.068697
v -0.063291 0.076367 -0.069168
v -0.063095 0.078449 -0.068867
v -0.063095 0.074284 -0.068867
v -0.062416 0.066407 -0.060142
v -0.062899 0.067609 -0.064127
v -0.062724 0.067693 -0.064092
v -0.063142 0.070423 -0.067243
v -0.062964 0.070480 -0.067177
v -0.063175 0.071378 -0.067667
v -0.063274 0.074264 -0.068948
v -0.062095 0.066842 -0.056014
v -0.062508 0.066420 -0.059103
v -0.062589 0.066311 -0.060140
v -0.061815 0.068925 -0.052418
v -0.062123 0.067801 -0.054155
v -0.062264 0.066750 -0.055971
v -0.061624 0.080441 -0.049978
v -0.061721 0.076368 -0.049005
v -0.061557 0.076368 -0.049115
v -0.061789 0.072255 -0.049877
v -0.061624 0.072294 -0.049978
v -0.061837 0.071409 -0.050489
v -0.061981 0.068853 -0.052340
v -0.061814 0.083810 -0.052419
v -0.061836 0.081326 -0.050489
v -0.061789 0.080481 -0.049877
v -0.062094 0.085893 -0.056015
v -0.062121 0.084934 -0.054157
v -0.061980 0.083882 -0.052341
v -0.062963 0.082253 -0.067178
v -0.062898 0.085124 -0.064128
v -0.062723 0.085040 -0.064093
v -0.062587 0.086424 -0.060142
v -0.062415 0.086328 -0.060144
v -0.062507 0.086315 -0.059105
v -0.062263 0.085985 -0.055972
v -0.063274 0.078469 -0.068948
v -0.063174 0.081355 -0.067667
v -0.063141 0.082310 -0.067244
v -0.062958 -0.078412 -0.068686
v -0.062829 -0.082147 -0.067028
v -0.062594 -0.084882 -0.063999
v -0.062292 -0.086144 -0.060123
v -0.061976 -0.085717 -0.056070
v -0.061701 -0.083673 -0.052541
v -0.061515 -0.080366 -0.050146
v -0.061448 -0.076368 -0.049298
v -0.061514 -0.072369 -0.050146
v -0.061700 -0.069062 -0.052542
v -0.061975 -0.067018 -0.056072
v -0.062291 -0.066591 -0.060124
v -0.062592 -0.067855 -0.064000
v -0.062829 -0.070590 -0.067029
v -0.062958 -0.074325 -0.068686
v -0.063302 -0.076369 -0.069157
v -0.063105 -0.074286 -0.068856
v -0.063106 -0.078451 -0.068856
v -0.062427 -0.086328 -0.060131
v -0.062910 -0.085126 -0.064116
v -0.062734 -0.085042 -0.064081
v -0.063152 -0.082312 -0.067232
v -0.062975 -0.082255 -0.067166
v -0.063185 -0.081357 -0.067656
v -0.063285 -0.078471 -0.068937
v -0.062105 -0.085893 -0.056003
v -0.062519 -0.086315 -0.059092
v -0.062599 -0.086424 -0.060129
v -0.061825 -0.083810 -0.052407
v -0.062133 -0.084934 -0.054144
v -0.062275 -0.085985 -0.055960
v -0.061634 -0.072294 -0.049967
v -0.061731 -0.076368 -0.048993
v -0.061567 -0.076368 -0.049104
v -0.061800 -0.080481 -0.049866
v -0.061635 -0.080441 -0.049967
v -0.061847 -0.081326 -0.050478
v -0.061992 -0.083882 -0.052329
v -0.061824 -0.068925 -0.052408
v -0.061847 -0.071409 -0.050478
v -0.061799 -0.072255 -0.049866
v -0.062104 -0.066842 -0.056004
v -0.062132 -0.067801 -0.054145
v -0.061991 -0.068853 -0.052330
v -0.062974 -0.070482 -0.067167
v -0.062908 -0.067611 -0.064117
v -0.062733 -0.067695 -0.064082
v -0.062598 -0.066311 -0.060130
v -0.062426 -0.066407 -0.060133
v -0.062517 -0.066420 -0.059094
v -0.062273 -0.066750 -0.055961
v -0.063284 -0.074266 -0.068937
v -0.063184 -0.071380 -0.067656
v -0.063151 -0.070425 -0.067233
v -0.075849 -0.061242 -0.067303
v -0.075771 -0.060845 -0.066295
v -0.075092 -0.060869 -0.067551
v -0.075011 -0.060437 -0.066571
v -0.074062 -0.059353 -0.067220
v -0.074016 -0.059100 -0.067358
v -0.074120 -0.059382 -0.068309
v -0.074181 -0.059665 -0.068186
v -0.074225 -0.059873 -0.068096
v -0.074412 -0.059815 -0.066947
v -0.074474 -0.060160 -0.067938
v -0.074795 -0.060322 -0.066649
v -0.074916 -0.060666 -0.067661
v -0.075067 -0.060839 -0.067566
v -0.073880 -0.058346 -0.067770
v -0.073913 -0.058514 -0.068201
v -0.073949 -0.058578 -0.068658
v -0.041630 -0.056752 -0.120516
v -0.073931 0.063566 -0.118009
v -0.048912 0.058156 -0.119957
v -0.075774 -0.062113 -0.117857
v -0.075766 0.062105 -0.117866
v -0.073940 -0.063574 -0.118000
v -0.066690 -0.061919 -0.118564
v -0.075645 0.062696 -0.117875
v -0.075200 0.063280 -0.117910
v 0.067155 0.038403 -0.128994
v 0.070725 0.021290 -0.129271
v 0.034381 -0.046181 -0.126436
v -0.074532 0.063582 -0.117962
v -0.074541 -0.063590 -0.117953
v -0.075209 -0.063288 -0.117901
v -0.075654 -0.062704 -0.117866
v 0.052491 0.044743 -0.127852
v 0.026994 0.046856 -0.125867
v 0.017200 -0.048003 -0.125098
v 0.017209 0.047988 -0.125105
v 0.008938 -0.048878 -0.124455
v -0.016411 -0.052404 -0.122480
v -0.023741 0.053567 -0.121917
v 0.001574 0.049799 -0.123888
v -0.031915 0.055057 -0.121280
v -0.031922 -0.055079 -0.121272
v 0.065755 0.041212 -0.128885
v 0.062943 0.043495 -0.128666
v 0.059912 0.044285 -0.128430
v 0.065749 -0.041240 -0.128879
v 0.062937 -0.043523 -0.128660
v 0.067150 -0.038431 -0.128988
v 0.059906 -0.044313 -0.128424
v 0.070722 -0.021320 -0.129268
v 0.072282 -0.000015 -0.129391
v -0.050236 -0.066774 0.094176
v -0.050296 -0.070862 0.093400
v -0.050314 -0.070898 0.093178
v -0.050545 -0.067192 0.090203
v -0.050464 -0.071207 0.091249
v -0.050524 -0.071682 0.090484
v -0.050815 -0.069197 0.086742
v -0.050139 -0.071341 0.095420
v -0.049940 -0.068012 0.097975
v -0.050104 -0.071659 0.095868
v -0.049709 -0.070693 0.100944
v -0.050005 -0.072566 0.097144
v -0.050606 -0.072341 0.089426
v -0.050680 -0.073652 0.088483
v -0.050998 -0.072439 0.084395
v -0.050703 -0.074062 0.088188
v -0.051063 -0.076359 0.083564
v -0.050741 -0.076086 0.087695
v -0.050738 -0.076350 0.087735
v -0.050998 -0.080278 0.084395
v -0.050716 -0.078245 0.088022
v -0.050678 -0.079053 0.088513
v -0.050816 -0.083520 0.086743
v -0.050028 -0.080434 0.096853
v -0.049710 -0.082022 0.100945
v -0.050106 -0.081030 0.095859
v -0.049941 -0.084703 0.097976
v -0.050237 -0.085941 0.094177
v -0.050316 -0.081805 0.093165
v -0.050172 -0.081538 0.095014
v -0.050629 -0.080081 0.089137
v -0.050525 -0.081063 0.090472
v -0.050546 -0.085523 0.090204
v -0.050496 -0.081338 0.090846
v -0.050339 -0.081849 0.092862
v -0.049949 -0.079068 0.097867
v -0.049930 -0.078728 0.098120
v -0.049583 -0.078360 0.102570
v -0.049889 -0.076707 0.098644
v -0.049567 -0.076357 0.102779
v -0.049888 -0.076358 0.098656
v -0.049583 -0.074353 0.102570
v -0.049921 -0.074209 0.098220
v -0.049950 -0.073651 0.097854
v -0.050155 0.071227 0.095085
v -0.050095 0.071702 0.095848
v -0.050074 0.067212 0.096130
v -0.049804 0.069216 0.099590
v -0.049620 0.080297 0.101937
v -0.049556 0.076379 0.102768
v -0.049881 0.076370 0.098598
v -0.050013 0.072361 0.096907
v -0.049939 0.073672 0.097849
v -0.049621 0.072458 0.101938
v -0.049916 0.074083 0.098144
v -0.049878 0.076106 0.098638
v -0.049903 0.078265 0.098311
v -0.049941 0.079073 0.097820
v -0.049803 0.083539 0.099589
v -0.050590 0.080455 0.089480
v -0.050909 0.082041 0.085387
v -0.050513 0.081050 0.090473
v -0.050678 0.084723 0.088356
v -0.050382 0.085961 0.092156
v -0.050303 0.081825 0.093168
v -0.050447 0.081558 0.091318
v -0.050305 0.070918 0.093155
v -0.050383 0.066794 0.092157
v -0.050322 0.070882 0.092933
v -0.049990 0.080101 0.097196
v -0.050094 0.081083 0.095861
v -0.050072 0.085543 0.096129
v -0.050123 0.081358 0.095487
v -0.050280 0.081869 0.093471
v -0.050479 0.071360 0.090914
v -0.050679 0.068032 0.088357
v -0.050514 0.071679 0.090465
v -0.050910 0.070712 0.085388
v -0.050614 0.072586 0.089189
v -0.050670 0.079088 0.088465
v -0.050689 0.078748 0.088213
v -0.051036 0.078380 0.083763
v -0.050730 0.076728 0.087689
v -0.051052 0.076377 0.083553
v -0.050731 0.076378 0.087678
v -0.051036 0.074373 0.083763
v -0.050697 0.074230 0.088113
v -0.050669 0.073671 0.088479
v -0.063692 0.076379 0.088687
v -0.063635 0.073629 0.089421
v -0.063479 0.071615 0.091429
v -0.063265 0.070879 0.094171
v -0.063052 0.071615 0.096913
v -0.062895 0.073629 0.098919
v -0.062838 0.076379 0.099654
v -0.062895 0.079129 0.098919
v -0.063051 0.081142 0.096912
v -0.063264 0.081879 0.094170
v -0.063478 0.081142 0.091428
v -0.063635 0.079129 0.089421
v -0.063702 -0.076357 0.088698
v -0.063645 -0.079107 0.089432
v -0.063489 -0.081120 0.091440
v -0.063276 -0.081857 0.094182
v -0.063062 -0.081120 0.096924
v -0.062906 -0.079107 0.098930
v -0.062848 -0.076357 0.099665
v -0.062905 -0.073607 0.098930
v -0.063062 -0.071593 0.096923
v -0.063275 -0.070857 0.094181
v -0.063489 -0.071593 0.091440
v -0.063645 -0.073607 0.089432
v -0.067629 -0.120603 0.025605
v -0.068614 -0.120552 0.025665
v -0.068626 -0.120741 0.025518
v -0.068690 -0.121049 0.024689
v -0.067704 -0.121099 0.024639
v -0.068672 -0.121017 0.024926
v -0.067670 -0.120937 0.025148
v -0.068650 -0.120887 0.025205
v -0.067669 -0.120933 0.025158
v -0.067656 -0.120872 0.025351
v -0.067628 -0.120595 0.025613
v -0.067602 -0.120328 0.025863
v -0.068590 -0.120161 0.025972
v -0.067589 -0.120128 0.025914
v -0.068589 -0.120073 0.025991
v -0.067589 -0.120118 0.025917
v -0.067555 -0.119603 0.026048
v -0.068580 -0.119551 0.026102
v -0.068813 -0.113995 0.009887
v -0.068814 -0.119604 0.009887
v -0.069834 -0.113995 0.009992
v -0.069835 -0.119552 0.009993
v -0.068790 -0.111795 0.010190
v -0.069799 -0.111327 0.010445
v -0.068580 -0.113994 0.026101
v -0.067555 -0.113994 0.026048
v -0.067578 -0.111794 0.025744
v -0.068615 -0.111326 0.025649
v -0.067596 -0.111360 0.025513
v -0.068783 -0.108031 0.023480
v -0.067705 -0.108730 0.024111
v -0.067766 -0.108134 0.023326
v -0.069053 -0.106160 0.020014
v -0.067920 -0.106633 0.021349
v -0.068033 -0.106314 0.019902
v -0.069360 -0.106160 0.016078
v -0.068184 -0.105889 0.017967
v -0.068334 -0.106314 0.016031
v -0.068447 -0.106634 0.014584
v -0.069630 -0.108032 0.012613
v -0.068601 -0.108135 0.012607
v -0.068662 -0.108731 0.011822
v -0.068772 -0.111361 0.010421
v -0.043418 -0.114590 0.013089
v -0.069440 -0.113994 0.015056
v -0.046053 -0.115468 0.013696
v -0.069409 -0.115494 0.015457
v -0.047131 -0.115827 0.013944
v -0.069324 -0.116592 0.016552
v -0.050393 -0.116965 0.016149
v -0.050159 -0.116876 0.015720
v -0.049522 -0.116648 0.015107
v -0.049321 -0.116579 0.015005
v -0.047474 -0.115943 0.014066
v -0.049928 -0.116844 0.017490
v -0.050219 -0.116934 0.017179
v -0.069091 -0.116592 0.019542
v -0.050416 -0.116989 0.016790
v -0.069207 -0.116994 0.018047
v -0.050441 -0.116992 0.016586
v -0.050455 -0.116994 0.016466
v -0.069005 -0.115494 0.020637
v -0.045675 -0.115473 0.018783
v -0.046570 -0.115764 0.018668
v -0.047351 -0.116018 0.018568
v -0.048966 -0.116540 0.018066
v -0.049107 -0.116584 0.017981
v -0.044616 -0.115129 0.018918
v -0.068974 -0.113994 0.021038
v -0.041108 -0.113989 0.018794
v -0.069005 -0.112494 0.020637
v -0.039947 -0.113612 0.018752
v -0.035187 -0.112076 0.017706
v -0.035206 -0.112082 0.017715
v -0.069090 -0.111396 0.019542
v -0.035748 -0.112257 0.017893
v -0.036562 -0.112519 0.018059
v -0.031925 -0.111002 0.015309
v -0.031997 -0.111031 0.015600
v -0.069207 -0.110994 0.018047
v -0.032251 -0.111120 0.016021
v -0.032959 -0.111354 0.016648
v -0.033137 -0.111412 0.016732
v -0.031939 -0.111002 0.015144
v -0.032090 -0.111037 0.014666
v -0.031952 -0.111002 0.014971
v -0.069409 -0.112494 0.015457
v -0.036908 -0.112502 0.012937
v -0.069323 -0.111396 0.016551
v -0.036723 -0.112443 0.012943
v -0.034581 -0.111779 0.013324
v -0.033464 -0.111440 0.013690
v -0.033354 -0.111407 0.013754
v -0.032432 -0.111134 0.014284
v -0.042859 -0.114407 0.013014
v -0.041592 -0.113997 0.012915
v -0.040323 -0.113585 0.012816
v -0.069834 -0.119715 0.010002
v -0.069824 -0.120064 0.010126
v -0.068826 -0.120119 0.010021
v -0.068826 -0.120129 0.010024
v -0.069815 -0.120376 0.010239
v -0.068831 -0.120329 0.010077
v -0.069801 -0.120553 0.010421
v -0.068819 -0.120596 0.010329
v -0.068818 -0.120603 0.010337
v -0.069778 -0.120837 0.010716
v -0.068805 -0.120873 0.010592
v -0.069765 -0.120889 0.010884
v -0.068743 -0.121100 0.011302
v -0.069725 -0.121050 0.011405
v -0.068787 -0.120938 0.010794
v -0.068788 -0.120934 0.010784
v -0.075560 -0.076368 -0.063577
v -0.075503 -0.079118 -0.062842
v -0.075347 -0.081131 -0.060835
v -0.075134 -0.081867 -0.058093
v -0.074920 -0.081130 -0.055351
v -0.074764 -0.079117 -0.053344
v -0.074706 -0.076367 -0.052610
v -0.074763 -0.073617 -0.053344
v -0.074920 -0.071603 -0.055352
v -0.075133 -0.070867 -0.058094
v -0.075347 -0.071604 -0.060835
v -0.075503 -0.073618 -0.062842
v -0.075550 0.076368 -0.063588
v -0.075493 0.073618 -0.062853
v -0.075337 0.071604 -0.060846
v -0.075123 0.070869 -0.058104
v -0.074910 0.071605 -0.055362
v -0.074753 0.073619 -0.053355
v -0.074696 0.076369 -0.052621
v -0.074753 0.079119 -0.053355
v -0.074909 0.081132 -0.055363
v -0.075122 0.081869 -0.058105
v -0.075336 0.081131 -0.060847
v -0.075492 0.079118 -0.062853
v -0.046436 0.115734 0.018717
v -0.045726 0.115503 0.018808
v -0.068989 0.115506 0.020620
v -0.041333 0.114075 0.018869
v -0.041120 0.114005 0.018841
v -0.068958 0.114006 0.021021
v -0.069308 0.111408 0.016535
v -0.034344 0.111717 0.013368
v -0.069393 0.112506 0.015440
v -0.036975 0.112536 0.012963
v -0.037832 0.112803 0.012831
v -0.069191 0.111006 0.018030
v -0.031914 0.111005 0.015128
v -0.031972 0.111016 0.014849
v -0.032175 0.111071 0.014512
v -0.032667 0.111213 0.014081
v -0.033420 0.111439 0.013760
v -0.032823 0.111321 0.016546
v -0.033107 0.111413 0.016720
v -0.069075 0.111408 0.019526
v -0.033645 0.111589 0.017049
v -0.031905 0.111003 0.015173
v -0.031964 0.111030 0.015535
v -0.032126 0.111088 0.015856
v -0.068990 0.112506 0.020621
v -0.037974 0.112987 0.018430
v -0.036563 0.112532 0.018048
v -0.034927 0.112003 0.017605
v -0.045637 0.115474 0.018819
v -0.050259 0.116958 0.017081
v -0.049891 0.116846 0.017491
v -0.069075 0.116604 0.019526
v -0.049095 0.116594 0.017966
v -0.048970 0.116554 0.018040
v -0.050063 0.116854 0.015602
v -0.069308 0.116604 0.016535
v -0.049646 0.116705 0.015199
v -0.049299 0.116585 0.014988
v -0.050369 0.116970 0.016110
v -0.050438 0.117001 0.016445
v -0.069191 0.117006 0.018030
v -0.050423 0.116999 0.016569
v -0.050395 0.116996 0.016789
v -0.048412 0.116277 0.014448
v -0.069393 0.115506 0.015440
v -0.046150 0.115510 0.013633
v -0.040308 0.113592 0.012800
v -0.041576 0.114003 0.012899
v -0.069424 0.114006 0.015039
v -0.042844 0.114415 0.012998
v -0.046130 0.115504 0.013629
v -0.068801 0.120614 0.010319
v -0.069784 0.120563 0.010412
v -0.069773 0.120752 0.010559
v -0.069708 0.121060 0.011388
v -0.068726 0.121110 0.011284
v -0.069726 0.121028 0.011151
v -0.068771 0.120948 0.010776
v -0.069748 0.120898 0.010872
v -0.068771 0.120944 0.010766
v -0.068788 0.120883 0.010574
v -0.068802 0.120606 0.010311
v -0.068814 0.120339 0.010060
v -0.069808 0.120172 0.010105
v -0.068810 0.120139 0.010007
v -0.069809 0.120084 0.010086
v -0.068810 0.120129 0.010004
v -0.068797 0.119614 0.009870
v -0.069818 0.119562 0.009975
v -0.067539 0.114006 0.026031
v -0.067539 0.119615 0.026031
v -0.068564 0.114006 0.026085
v -0.068564 0.119563 0.026084
v -0.067563 0.111806 0.025728
v -0.068599 0.111338 0.025632
v -0.069818 0.114005 0.009976
v -0.068798 0.114005 0.009870
v -0.068774 0.111805 0.010173
v -0.069783 0.111337 0.010428
v -0.068756 0.111371 0.010405
v -0.069615 0.108042 0.012597
v -0.068647 0.108741 0.011807
v -0.068586 0.108145 0.012591
v -0.069345 0.106172 0.016063
v -0.068432 0.106644 0.014568
v -0.068320 0.106326 0.016016
v -0.069039 0.106172 0.019999
v -0.068169 0.105901 0.017951
v -0.068018 0.106326 0.019886
v -0.067905 0.106645 0.021334
v -0.068769 0.108043 0.023464
v -0.067751 0.108146 0.023311
v -0.067690 0.108742 0.024095
v -0.067581 0.111372 0.025497
v -0.068564 0.119726 0.026075
v -0.068574 0.120075 0.025951
v -0.067572 0.120130 0.025900
v -0.067572 0.120140 0.025897
v -0.068583 0.120387 0.025838
v -0.067585 0.120340 0.025846
v -0.068597 0.120564 0.025656
v -0.067612 0.120607 0.025595
v -0.067612 0.120614 0.025587
v -0.068620 0.120848 0.025361
v -0.067639 0.120884 0.025333
v -0.068633 0.120900 0.025193
v -0.067687 0.121111 0.024622
v -0.068674 0.121061 0.024672
v -0.067653 0.120949 0.025131
v -0.067652 0.120945 0.025141
v -0.062775 0.081526 -0.050135
v -0.063466 0.086592 -0.059005
v -0.063989 0.084974 -0.064519
v -0.063935 0.085235 -0.064103
v -0.063754 0.086114 -0.062702
v -0.063655 0.086505 -0.061439
v -0.064222 0.083836 -0.066334
v -0.064221 0.082038 -0.067496
v -0.064221 0.081480 -0.067857
v -0.064219 0.080221 -0.068669
v -0.064251 0.078960 -0.069079
v -0.064261 0.076357 -0.069212
v -0.064268 0.074824 -0.069291
v -0.064165 0.071170 -0.067968
v -0.064158 0.070931 -0.067881
v -0.063939 0.067896 -0.065070
v -0.063867 0.067479 -0.064145
v -0.063646 0.066199 -0.061303
v -0.063467 0.066147 -0.059006
v -0.063325 0.066106 -0.057175
v -0.063066 0.067429 -0.053850
v -0.063026 0.067633 -0.053337
v -0.062796 0.070538 -0.050394
v -0.062775 0.071201 -0.050120
v -0.062673 0.074364 -0.048812
v -0.062674 0.076366 -0.048825
v -0.062675 0.078506 -0.048839
v -0.063334 0.086652 -0.057312
v -0.063064 0.085325 -0.053842
v -0.063034 0.085176 -0.053454
v -0.062802 0.082310 -0.050472
v -0.064022 0.086254 -0.062734
v -0.064102 0.086295 -0.062744
v -0.064002 0.086694 -0.061457
v -0.064401 0.086724 -0.062883
v -0.064469 0.087003 -0.062984
v -0.064361 0.087430 -0.061606
v -0.064242 0.086468 -0.062798
v -0.064380 0.086641 -0.062854
v -0.064277 0.087053 -0.061523
v -0.063674 0.086844 -0.057253
v -0.063132 0.082421 -0.050286
v -0.063368 0.085340 -0.053323
v -0.063003 0.078547 -0.048623
v -0.063001 0.074328 -0.048595
v -0.063127 0.070430 -0.050207
v -0.063361 0.067470 -0.053204
v -0.063993 0.066010 -0.061320
v -0.063665 0.065915 -0.057114
v -0.064514 0.070830 -0.068019
v -0.064291 0.067738 -0.065156
v -0.064724 0.080361 -0.068983
v -0.064576 0.080293 -0.068822
v -0.064608 0.079009 -0.069240
v -0.064494 0.080276 -0.068787
v -0.064626 0.074795 -0.069456
v -0.065011 0.079197 -0.069943
v -0.064976 0.080573 -0.069497
v -0.064895 0.080462 -0.069224
v -0.064011 0.087591 -0.057103
v -0.063938 0.087208 -0.057172
v -0.063683 0.085980 -0.052893
v -0.063621 0.085653 -0.053105
v -0.063430 0.082852 -0.049639
v -0.063377 0.082631 -0.049963
v -0.063291 0.078702 -0.047857
v -0.063243 0.078622 -0.048241
v -0.063289 0.074182 -0.047827
v -0.063241 0.074257 -0.048213
v -0.063424 0.070007 -0.049555
v -0.063371 0.070223 -0.049881
v -0.063674 0.066836 -0.052766
v -0.063613 0.067161 -0.052982
v -0.064001 0.065170 -0.056954
v -0.063928 0.065551 -0.057029
v -0.064352 0.065271 -0.061459
v -0.064267 0.065649 -0.061380
v -0.064672 0.067123 -0.065570
v -0.064576 0.067438 -0.065351
v -0.064910 0.070435 -0.068636
v -0.064807 0.070637 -0.068313
v -0.065030 0.074683 -0.070175
v -0.064922 0.074741 -0.069799
v -0.064904 0.079101 -0.069576
v -0.064871 0.080429 -0.069144
v 0.067505 0.038403 -0.124508
v 0.071072 -0.021319 -0.124781
v 0.067499 -0.038431 -0.124502
v 0.072631 -0.000014 -0.124904
v 0.071075 0.021291 -0.124784
v -0.064232 -0.082034 -0.067487
v -0.063947 -0.085237 -0.064091
v -0.064001 -0.084974 -0.064512
v -0.064233 -0.083845 -0.066316
v -0.062686 -0.078506 -0.048828
v -0.062787 -0.081526 -0.050124
v -0.062813 -0.082310 -0.050461
v -0.063045 -0.085176 -0.053441
v -0.063076 -0.085325 -0.053830
v -0.063346 -0.086652 -0.057299
v -0.063478 -0.086592 -0.058992
v -0.063667 -0.086505 -0.061426
v -0.063766 -0.086114 -0.062689
v -0.062785 -0.071201 -0.050109
v -0.062683 -0.074364 -0.048801
v -0.062684 -0.076366 -0.048814
v -0.062806 -0.070538 -0.050384
v -0.063035 -0.067633 -0.053327
v -0.063075 -0.067429 -0.053840
v -0.063334 -0.066106 -0.057165
v -0.063477 -0.066147 -0.058997
v -0.063877 -0.067481 -0.064135
v -0.063655 -0.066199 -0.061294
v -0.064231 -0.081481 -0.067844
v -0.064230 -0.080223 -0.068658
v -0.064262 -0.078962 -0.069067
v -0.064272 -0.076359 -0.069201
v -0.064278 -0.074826 -0.069280
v -0.064175 -0.071172 -0.067957
v -0.064168 -0.070933 -0.067871
v -0.063949 -0.067898 -0.065060
v -0.064505 -0.080278 -0.068776
v -0.064587 -0.080295 -0.068810
v -0.064619 -0.079011 -0.069228
v -0.064906 -0.080464 -0.069213
v -0.064987 -0.080575 -0.069485
v -0.065022 -0.079199 -0.069932
v -0.064735 -0.080363 -0.068971
v -0.064882 -0.080431 -0.069132
v -0.064915 -0.079103 -0.069564
v -0.064636 -0.074797 -0.069445
v -0.064301 -0.067740 -0.065146
v -0.064524 -0.070832 -0.068008
v -0.064002 -0.066010 -0.061310
v -0.063674 -0.065915 -0.057105
v -0.063370 -0.067470 -0.053195
v -0.063137 -0.070430 -0.050196
v -0.063014 -0.078545 -0.048612
v -0.063011 -0.074326 -0.048584
v -0.063380 -0.085340 -0.053311
v -0.063144 -0.082421 -0.050274
v -0.064254 -0.086468 -0.062786
v -0.064114 -0.086295 -0.062731
v -0.064014 -0.086694 -0.061444
v -0.064034 -0.086254 -0.062721
v -0.063686 -0.086844 -0.057241
v -0.064373 -0.087430 -0.061594
v -0.064481 -0.087003 -0.062971
v -0.064413 -0.086724 -0.062870
v -0.065040 -0.074685 -0.070165
v -0.064932 -0.074743 -0.069788
v -0.064920 -0.070437 -0.068626
v -0.064816 -0.070639 -0.068303
v -0.064681 -0.067125 -0.065560
v -0.064586 -0.067440 -0.065341
v -0.064361 -0.065271 -0.061450
v -0.064276 -0.065649 -0.061371
v -0.064010 -0.065170 -0.056944
v -0.063937 -0.065551 -0.057019
v -0.063684 -0.066836 -0.052756
v -0.063622 -0.067161 -0.052972
v -0.063434 -0.070007 -0.049544
v -0.063381 -0.070223 -0.049870
v -0.063300 -0.074180 -0.047816
v -0.063251 -0.074255 -0.048202
v -0.063302 -0.078700 -0.047846
v -0.063254 -0.078620 -0.048230
v -0.063441 -0.082852 -0.049627
v -0.063388 -0.082631 -0.049951
v -0.063695 -0.085980 -0.052880
v -0.063633 -0.085653 -0.053093
v -0.064023 -0.087591 -0.057090
v -0.063950 -0.087208 -0.057159
v -0.064289 -0.087053 -0.061510
v -0.064392 -0.086641 -0.062841
v -0.073628 0.070643 -0.082972
v -0.074136 0.070509 -0.082839
v -0.073623 0.070923 -0.082572
v -0.074307 0.071271 -0.081796
v -0.073845 0.071477 -0.081792
v -0.073982 0.071819 -0.081310
v -0.075787 0.072439 -0.080054
v -0.075490 0.072814 -0.079851
v -0.075056 0.072684 -0.080070
v -0.076808 0.072035 -0.079735
v -0.076808 0.072048 -0.079738
v -0.076554 0.071985 -0.079844
v -0.076796 0.072677 -0.079592
v -0.076798 0.071417 -0.079608
v -0.076638 0.071351 -0.079664
v -0.076796 0.071387 -0.079585
v -0.076608 0.070860 -0.079312
v -0.076767 0.070907 -0.079213
v -0.075635 0.071657 -0.080429
v -0.076067 0.071845 -0.080108
v -0.075809 0.071065 -0.080221
v -0.076199 0.071229 -0.079915
v -0.075969 0.070670 -0.079709
v -0.076183 0.070734 -0.079576
v -0.076766 0.073195 -0.079207
v -0.076795 0.072695 -0.079579
v -0.074867 0.069846 -0.082320
v -0.074924 0.069622 -0.082159
v -0.075079 0.070141 -0.081238
v -0.075036 0.070385 -0.081399
v -0.074862 0.069862 -0.082331
v -0.074931 0.070636 -0.081545
v -0.074824 0.070010 -0.082438
v -0.075481 0.070865 -0.080574
v -0.075402 0.071144 -0.080709
v -0.074768 0.070878 -0.081665
v -0.075268 0.071428 -0.080800
v -0.074869 0.071932 -0.080833
v -0.074484 0.072223 -0.080730
v -0.075253 0.070179 -0.080601
v -0.075503 0.070607 -0.080411
v -0.075189 0.069999 -0.080931
v -0.075158 0.069913 -0.081091
v -0.074979 0.069413 -0.082009
v -0.075526 0.070366 -0.080262
v -0.075824 0.070571 -0.079889
v -0.075843 0.070584 -0.079866
v -0.074157 0.070504 -0.082834
v -0.074332 0.070458 -0.082788
v -0.074576 0.070235 -0.082613
v -0.074577 0.070234 -0.082612
v -0.074126 0.060517 -0.071055
v -0.074295 0.061403 -0.070323
v -0.075014 0.062255 -0.069575
v -0.075982 0.062715 -0.069125
v -0.072912 0.085613 -0.042599
v -0.073029 0.087798 -0.044113
v -0.074062 0.087425 -0.044494
v -0.071765 0.086752 -0.040758
v -0.071897 0.089205 -0.042458
v -0.072191 0.088488 -0.043323
v -0.072066 0.086171 -0.041718
v -0.071901 0.080963 -0.039599
v -0.071591 0.081235 -0.038513
v -0.071860 0.075362 -0.039070
v -0.071548 0.075302 -0.037953
v -0.071947 0.069847 -0.040179
v -0.071639 0.069461 -0.039127
v -0.072154 0.064889 -0.042829
v -0.071858 0.064209 -0.041933
v -0.072463 0.060910 -0.046795
v -0.072186 0.059994 -0.046134
v -0.072848 0.058251 -0.051738
v -0.072594 0.057179 -0.051370
v -0.073276 0.057139 -0.057236
v -0.073047 0.056001 -0.057194
v -0.073711 0.057668 -0.062820
v -0.073508 0.056561 -0.063109
v -0.074115 0.059793 -0.068013
v -0.073936 0.058812 -0.068609
v -0.075818 0.061247 -0.067018
v -0.073948 0.085312 -0.043030
v -0.073798 0.080560 -0.041095
v -0.072756 0.080701 -0.040600
v -0.073761 0.075450 -0.040613
v -0.072718 0.075419 -0.040102
v -0.073840 0.070419 -0.041625
v -0.072800 0.070218 -0.041147
v -0.074029 0.065895 -0.044042
v -0.072995 0.065542 -0.043646
v -0.074311 0.062265 -0.047660
v -0.073286 0.061790 -0.047386
v -0.074662 0.059840 -0.052170
v -0.073649 0.059283 -0.052047
v -0.075053 0.058825 -0.057186
v -0.074053 0.058234 -0.057233
v -0.075449 0.059307 -0.062281
v -0.074463 0.058732 -0.062499
v -0.074845 0.060737 -0.067396
v -0.072741 0.098114 -0.050881
v -0.072834 0.098029 -0.050989
v -0.074660 0.096948 -0.052183
v -0.074070 0.097194 -0.051956
v -0.073650 0.097369 -0.051795
v -0.073467 0.097445 -0.051725
v -0.073299 0.097600 -0.051530
v -0.072677 0.098173 -0.050807
v -0.072491 0.098658 -0.050091
v -0.068278 0.119657 0.009654
v -0.068157 0.119651 0.009496
v -0.068133 0.114005 0.009515
v -0.068697 0.119626 0.009854
v -0.067904 0.119578 0.008797
v -0.067904 0.114005 0.008797
v -0.067962 0.119625 0.009137
v -0.067938 0.114005 0.009141
v -0.067969 0.119631 0.009179
v -0.067984 0.119643 0.009269
v -0.068465 0.114005 0.009775
v -0.068477 0.119642 0.009748
v -0.068438 0.119645 0.009729
v -0.067220 0.111787 0.025768
v -0.067196 0.114006 0.026074
v -0.066517 0.111535 0.026612
v -0.066490 0.114006 0.026952
v -0.066577 0.114006 0.026618
v -0.066602 0.111627 0.026289
v -0.066740 0.108314 0.024525
v -0.066660 0.108093 0.024779
v -0.066973 0.106047 0.021538
v -0.066902 0.105737 0.021676
v -0.067258 0.105241 0.017880
v -0.067198 0.104901 0.017876
v -0.067542 0.106046 0.014222
v -0.067494 0.105736 0.014075
v -0.067775 0.108313 0.011235
v -0.067735 0.108092 0.010972
v -0.067912 0.111626 0.009470
v -0.067878 0.111534 0.009139
v -0.068441 0.111786 0.010081
v -0.068313 0.108696 0.011727
v -0.067831 0.105832 0.017925
v -0.068097 0.106582 0.014513
v -0.067565 0.106583 0.021336
v -0.067348 0.108697 0.024122
v -0.066828 0.114006 0.026279
v -0.066852 0.111724 0.025965
v -0.066984 0.108546 0.024271
v -0.067208 0.106371 0.021407
v -0.067481 0.105599 0.017898
v -0.067754 0.106370 0.014388
v -0.067977 0.108545 0.011524
v -0.068109 0.111723 0.009830
v -0.066737 0.119654 0.026373
v -0.066841 0.119655 0.026296
v -0.066490 0.119579 0.026952
v -0.066518 0.119608 0.026785
v -0.067200 0.119646 0.026097
v -0.067157 0.119649 0.026104
v -0.067079 0.119656 0.026119
v -0.066600 0.119625 0.026630
v -0.066620 0.119629 0.026592
v -0.061906 0.098667 0.085843
v -0.062501 0.089213 0.078211
v -0.062072 0.098118 0.086665
v -0.062656 0.088496 0.079112
v -0.062099 0.098028 0.086798
v -0.062135 0.097911 0.086974
v -0.063363 0.087806 0.080022
v -0.062499 0.097620 0.087371
v -0.064324 0.087433 0.080558
v -0.063725 0.096957 0.088246
v -0.063142 0.097180 0.087967
v -0.062967 0.097247 0.087883
v -0.062805 0.097376 0.087707
v -0.061551 0.060748 0.103309
v -0.061382 0.062267 0.105487
v -0.062408 0.062727 0.105193
v -0.060466 0.058823 0.104367
v -0.060276 0.060529 0.106813
v -0.060555 0.061415 0.106115
v -0.060735 0.059804 0.103805
v -0.061140 0.057679 0.098613
v -0.060895 0.056572 0.098867
v -0.061575 0.057149 0.093029
v -0.061355 0.056011 0.092952
v -0.062003 0.058260 0.087531
v -0.061809 0.057188 0.087128
v -0.062388 0.060919 0.082587
v -0.062216 0.060003 0.081892
v -0.062696 0.064897 0.078621
v -0.062543 0.064217 0.077691
v -0.062902 0.069855 0.075970
v -0.062761 0.069468 0.074884
v -0.062988 0.075369 0.074861
v -0.062852 0.075309 0.073709
v -0.062947 0.080970 0.075389
v -0.062808 0.081242 0.074268
v -0.062781 0.086179 0.077507
v -0.062633 0.086760 0.076511
v -0.064438 0.085320 0.079094
v -0.062572 0.061258 0.103087
v -0.062941 0.059318 0.098349
v -0.061933 0.058743 0.098412
v -0.063338 0.058835 0.093255
v -0.062343 0.058244 0.093146
v -0.063728 0.059849 0.088239
v -0.062747 0.059292 0.087961
v -0.064079 0.062274 0.083728
v -0.063110 0.061799 0.083299
v -0.064361 0.065903 0.080110
v -0.063400 0.065550 0.079559
v -0.064549 0.070427 0.077692
v -0.063595 0.070226 0.077059
v -0.064627 0.075458 0.076679
v -0.063676 0.075427 0.076013
v -0.064589 0.080568 0.077161
v -0.063637 0.080709 0.076510
v -0.063481 0.085621 0.078508
v -0.059771 0.068992 0.115710
v -0.059861 0.069107 0.115631
v -0.061668 0.070439 0.114688
v -0.061079 0.070167 0.114889
v -0.060661 0.069974 0.115032
v -0.060479 0.069890 0.115094
v -0.060315 0.069682 0.115236
v -0.059708 0.068913 0.115764
v -0.059541 0.068185 0.116238
v -0.059550 -0.068161 0.116247
v -0.060284 -0.060505 0.106821
v -0.059822 -0.068967 0.115718
v -0.060564 -0.061391 0.106124
v -0.059866 -0.069098 0.115631
v -0.059924 -0.069270 0.115518
v -0.061390 -0.062243 0.105496
v -0.060340 -0.069638 0.115259
v -0.062416 -0.062703 0.105202
v -0.061677 -0.070415 0.114698
v -0.061059 -0.070182 0.114874
v -0.060873 -0.070112 0.114926
v -0.060689 -0.069949 0.115041
v -0.063493 -0.085601 0.078521
v -0.063375 -0.087786 0.080034
v -0.064336 -0.087413 0.080571
v -0.062645 -0.086740 0.076524
v -0.062513 -0.089193 0.078224
v -0.062668 -0.088476 0.079125
v -0.062793 -0.086159 0.077519
v -0.062958 -0.080952 0.075401
v -0.062820 -0.081224 0.074279
v -0.062999 -0.075351 0.074872
v -0.062863 -0.075291 0.073720
v -0.062912 -0.069835 0.075980
v -0.062771 -0.069450 0.074894
v -0.062705 -0.064877 0.078631
v -0.062552 -0.064197 0.077700
v -0.062396 -0.060899 0.082596
v -0.062224 -0.059983 0.081901
v -0.062011 -0.058240 0.087539
v -0.061817 -0.057168 0.087137
v -0.061583 -0.057127 0.093037
v -0.061363 -0.055989 0.092960
v -0.061148 -0.057657 0.098622
v -0.060902 -0.056550 0.098875
v -0.060744 -0.059782 0.103814
v -0.060474 -0.058801 0.104376
v -0.062580 -0.061236 0.103095
v -0.064450 -0.085300 0.079107
v -0.064600 -0.080548 0.077172
v -0.063648 -0.080689 0.076521
v -0.064637 -0.075438 0.076690
v -0.063686 -0.075407 0.076024
v -0.064558 -0.070407 0.077702
v -0.063605 -0.070206 0.077069
v -0.064370 -0.065883 0.080119
v -0.063410 -0.065530 0.079568
v -0.064088 -0.062254 0.083737
v -0.063118 -0.061779 0.083308
v -0.063736 -0.059829 0.088247
v -0.062755 -0.059272 0.087969
v -0.063346 -0.058813 0.093263
v -0.062351 -0.058222 0.093154
v -0.062949 -0.059296 0.098358
v -0.061941 -0.058721 0.098421
v -0.061560 -0.060726 0.103318
v -0.062044 -0.098103 0.086677
v -0.062119 -0.098018 0.086798
v -0.063738 -0.096937 0.088260
v -0.063190 -0.097183 0.087944
v -0.062800 -0.097358 0.087721
v -0.062630 -0.097434 0.087623
v -0.062495 -0.097589 0.087404
v -0.061992 -0.098162 0.086594
v -0.061919 -0.098647 0.085858
v -0.067009 -0.119646 0.026181
v -0.066865 -0.119640 0.026318
v -0.066843 -0.113994 0.026295
v -0.067454 -0.119615 0.026048
v -0.066507 -0.119567 0.026969
v -0.066506 -0.113994 0.026969
v -0.066616 -0.119614 0.026643
v -0.066592 -0.113994 0.026635
v -0.066630 -0.119620 0.026602
v -0.066659 -0.119632 0.026516
v -0.067212 -0.113994 0.026090
v -0.067220 -0.119631 0.026118
v -0.067179 -0.119634 0.026131
v -0.067363 -0.108685 0.024138
v -0.066618 -0.111615 0.026306
v -0.067235 -0.111775 0.025784
v -0.067580 -0.106571 0.021352
v -0.067846 -0.105820 0.017940
v -0.068111 -0.106572 0.014529
v -0.068328 -0.108686 0.011743
v -0.068457 -0.111776 0.010097
v -0.068481 -0.113995 0.009791
v -0.067893 -0.111524 0.009155
v -0.067920 -0.113995 0.008814
v -0.067953 -0.113995 0.009158
v -0.066533 -0.111523 0.026628
v -0.066675 -0.108081 0.024794
v -0.066755 -0.108302 0.024541
v -0.066917 -0.105725 0.021691
v -0.066987 -0.106035 0.021554
v -0.067212 -0.104889 0.017891
v -0.067272 -0.105229 0.017896
v -0.067508 -0.105726 0.014090
v -0.067557 -0.106036 0.014238
v -0.067750 -0.108082 0.010988
v -0.067790 -0.108303 0.011251
v -0.067928 -0.111616 0.009486
v -0.068149 -0.113995 0.009532
v -0.068124 -0.111713 0.009846
v -0.067992 -0.108535 0.011539
v -0.067769 -0.106360 0.014404
v -0.067496 -0.105587 0.017913
v -0.067222 -0.106359 0.021422
v -0.066999 -0.108534 0.024287
v -0.066868 -0.111712 0.025981
v -0.068074 -0.119643 0.009424
v -0.068166 -0.119644 0.009517
v -0.067920 -0.119568 0.008814
v -0.067922 -0.119597 0.008984
v -0.068489 -0.119635 0.009769
v -0.068448 -0.119638 0.009755
v -0.068374 -0.119645 0.009728
v -0.067979 -0.119614 0.009150
v -0.067993 -0.119618 0.009190
v -0.072505 -0.098656 -0.050077
v -0.071910 -0.089201 -0.042445
v -0.072797 -0.098107 -0.050863
v -0.072203 -0.088484 -0.043311
v -0.072844 -0.098017 -0.050990
v -0.072906 -0.097900 -0.051158
v -0.073041 -0.087794 -0.044100
v -0.073327 -0.097609 -0.051494
v -0.074074 -0.087421 -0.044481
v -0.074674 -0.096946 -0.052169
v -0.074054 -0.097169 -0.051983
v -0.073868 -0.097236 -0.051928
v -0.073681 -0.097365 -0.051779
v -0.073875 -0.058281 -0.064821
v -0.074619 -0.059311 -0.064385
v -0.073681 -0.057211 -0.065228
v -0.073477 -0.057168 -0.059698
v -0.073259 -0.056031 -0.059802
v -0.073069 -0.057485 -0.054467
v -0.072827 -0.056367 -0.054261
v -0.072684 -0.059210 -0.049516
v -0.072419 -0.058194 -0.049017
v -0.072349 -0.062214 -0.045214
v -0.072065 -0.061376 -0.044461
v -0.072090 -0.066272 -0.041882
v -0.071790 -0.065674 -0.040932
v -0.071926 -0.071083 -0.039770
v -0.071616 -0.070771 -0.038694
v -0.071869 -0.076288 -0.039033
v -0.071556 -0.076284 -0.037914
v -0.071923 -0.081499 -0.039728
v -0.071614 -0.081803 -0.038650
v -0.072085 -0.086327 -0.041801
v -0.071785 -0.086917 -0.040846
v -0.073967 -0.085454 -0.043104
v -0.072930 -0.085760 -0.042676
v -0.072778 -0.081207 -0.040721
v -0.073819 -0.081049 -0.041212
v -0.072726 -0.076293 -0.040066
v -0.073769 -0.076295 -0.040578
v -0.072780 -0.071384 -0.040761
v -0.073821 -0.071547 -0.041251
v -0.072935 -0.066847 -0.042753
v -0.073971 -0.067157 -0.043178
v -0.073179 -0.063020 -0.045895
v -0.074208 -0.063455 -0.046217
v -0.073495 -0.060187 -0.049951
v -0.074513 -0.060714 -0.050142
v -0.073859 -0.058560 -0.054621
v -0.074865 -0.059140 -0.054659
v -0.074243 -0.058261 -0.059555
v -0.075236 -0.058851 -0.059432
v -0.075600 -0.059867 -0.064105
v -0.076777 -0.070910 -0.079203
v -0.076228 -0.070713 -0.079596
v -0.075851 -0.070577 -0.079867
v -0.075185 -0.069993 -0.080932
v -0.075324 -0.070142 -0.080663
v -0.075540 -0.070373 -0.080246
v -0.075670 -0.070512 -0.079996
v -0.074988 -0.069415 -0.081999
v -0.075044 -0.069841 -0.081206
v -0.075108 -0.069910 -0.081080
v 0.063287 -0.043523 -0.124174
v 0.060256 -0.044312 -0.123938
v 0.066098 -0.041240 -0.124393
v 0.017540 -0.047911 -0.120611
v -0.031589 -0.054982 -0.116785
v -0.073590 -0.063573 -0.113513
v -0.075304 -0.062703 -0.113380
v -0.075425 -0.062112 -0.113371
v -0.074860 -0.063287 -0.113415
v -0.074192 -0.063589 -0.113467
v -0.075416 0.062106 -0.113380
v -0.074183 0.063583 -0.113476
v -0.073582 0.063567 -0.113523
v -0.074851 0.063281 -0.113424
v -0.075295 0.062697 -0.113389
v -0.031581 0.054968 -0.116793
v 0.017546 0.047891 -0.120618
v 0.060262 0.044286 -0.123944
v 0.066104 0.041212 -0.124399
v 0.063293 0.043495 -0.124180
v -0.074985 -0.071165 -0.081208
v -0.074776 -0.070878 -0.081657
v -0.074315 -0.071270 -0.081788
v -0.073930 -0.071733 -0.081423
v -0.074498 -0.072224 -0.080722
v -0.074878 -0.071932 -0.080824
v -0.075511 -0.070608 -0.080403
v -0.074876 -0.069848 -0.082309
v -0.075043 -0.070385 -0.081391
v -0.076211 -0.070968 -0.079737
v -0.076802 -0.071276 -0.079522
v -0.076165 -0.071531 -0.080029
v -0.076813 -0.071705 -0.079664
v -0.076078 -0.071847 -0.080097
v -0.076817 -0.071870 -0.079719
v -0.074983 -0.072642 -0.080125
v -0.075503 -0.072818 -0.079839
v -0.075798 -0.072440 -0.080043
v -0.075531 -0.072827 -0.079823
v -0.076509 -0.073156 -0.079286
v -0.076810 -0.072559 -0.079631
v -0.076804 -0.072681 -0.079549
v -0.076776 -0.073197 -0.079197
v -0.073638 -0.070645 -0.082962
v -0.073861 -0.071479 -0.081782
v -0.074146 -0.070511 -0.082829
v -0.074167 -0.070506 -0.082824
v -0.074872 -0.069864 -0.082321
v -0.074833 -0.070012 -0.082428
v -0.075228 -0.070635 -0.080963
v -0.076792 -0.071131 -0.079396
v -0.076210 -0.071232 -0.079904
v -0.075489 -0.070865 -0.080566
v -0.075411 -0.071145 -0.080699
v -0.075277 -0.071429 -0.080792
v -0.074587 -0.070236 -0.082602
v -0.074587 -0.070236 -0.082603
v -0.074342 -0.070460 -0.082778
v -0.051328 -0.081317 0.084601
v -0.051198 -0.080432 0.084064
v -0.051008 -0.083801 0.086504
v -0.050728 -0.085883 0.090101
v -0.051043 -0.084924 0.088269
v -0.051185 -0.083873 0.086453
v -0.049859 -0.082244 0.101264
v -0.050267 -0.085115 0.098240
v -0.050099 -0.085031 0.098178
v -0.050577 -0.086414 0.094254
v -0.050407 -0.086318 0.094229
v -0.050658 -0.086305 0.093217
v -0.050902 -0.085975 0.090084
v -0.049727 -0.078439 0.102952
v -0.049991 -0.081345 0.101779
v -0.050024 -0.082301 0.101356
v -0.049726 -0.074274 0.102952
v -0.049891 -0.076357 0.103060
v -0.049891 -0.078459 0.103060
v -0.050405 -0.066397 0.094228
v -0.050265 -0.067600 0.098239
v -0.050098 -0.067684 0.098177
v -0.050023 -0.070414 0.101355
v -0.049858 -0.070471 0.101263
v -0.049990 -0.071368 0.101779
v -0.049891 -0.074254 0.103060
v -0.050727 -0.066832 0.090099
v -0.050657 -0.066410 0.093215
v -0.050576 -0.066301 0.094252
v -0.051007 -0.068916 0.086503
v -0.051042 -0.067791 0.088267
v -0.050901 -0.066740 0.090083
v -0.051376 -0.080472 0.083989
v -0.051444 -0.076359 0.083117
v -0.051265 -0.076359 0.083200
v -0.051376 -0.072246 0.083989
v -0.051197 -0.072285 0.084063
v -0.051328 -0.071400 0.084601
v -0.051183 -0.068844 0.086452
v -0.049607 -0.074313 0.102761
v -0.049736 -0.070579 0.101104
v -0.049971 -0.067844 0.098075
v -0.050273 -0.066581 0.094199
v -0.050589 -0.067008 0.090146
v -0.050864 -0.069053 0.086617
v -0.051051 -0.072360 0.084221
v -0.051117 -0.076359 0.083374
v -0.051051 -0.080357 0.084222
v -0.050865 -0.083664 0.086618
v -0.050590 -0.085707 0.090147
v -0.050274 -0.086134 0.094200
v -0.049973 -0.084871 0.098076
v -0.049736 -0.082136 0.101105
v -0.049607 -0.078400 0.102761
v -0.051090 0.074333 0.083577
v -0.050961 0.070598 0.085236
v -0.050725 0.067864 0.088264
v -0.050423 0.066601 0.092140
v -0.050108 0.067028 0.096193
v -0.049833 0.069072 0.099722
v -0.049646 0.072380 0.102117
v -0.049580 0.076379 0.102965
v -0.049646 0.080377 0.102117
v -0.049832 0.083683 0.099721
v -0.050107 0.085727 0.096191
v -0.050422 0.086154 0.092139
v -0.050724 0.084891 0.088262
v -0.050960 0.082155 0.085235
v -0.051089 0.078420 0.083577
v -0.051433 0.076377 0.083106
v -0.051237 0.078459 0.083407
v -0.051237 0.074294 0.083407
v -0.050559 0.066417 0.092132
v -0.051041 0.067620 0.088147
v -0.050866 0.067704 0.088182
v -0.051284 0.070433 0.085032
v -0.051106 0.070490 0.085097
v -0.051317 0.071388 0.084607
v -0.051416 0.074274 0.083326
v -0.050237 0.066852 0.096260
v -0.050650 0.066430 0.093171
v -0.050731 0.066321 0.092135
v -0.049957 0.068935 0.099856
v -0.050265 0.067811 0.098119
v -0.050406 0.066760 0.096303
v -0.049766 0.080452 0.102296
v -0.049863 0.076379 0.103269
v -0.049699 0.076379 0.103159
v -0.049931 0.072266 0.102398
v -0.049767 0.072305 0.102296
v -0.049979 0.071420 0.101785
v -0.050123 0.068863 0.099934
v -0.049956 0.083820 0.099855
v -0.049978 0.081337 0.101785
v -0.049931 0.080492 0.102398
v -0.050236 0.085903 0.096259
v -0.050264 0.084944 0.098117
v -0.050122 0.083892 0.099933
v -0.051105 0.082263 0.085096
v -0.051040 0.085135 0.088146
v -0.050865 0.085051 0.088181
v -0.050729 0.086434 0.092133
v -0.050557 0.086338 0.092130
v -0.050649 0.086325 0.093169
v -0.050405 0.085995 0.096302
v -0.051416 0.078479 0.083326
v -0.051316 0.081365 0.084607
v -0.051283 0.082320 0.085031
v -0.062467 0.084823 0.104407
v -0.063563 0.097176 0.090323
v -0.063648 0.097447 0.089232
v -0.063683 0.097364 0.088776
v -0.061660 0.070532 0.114791
v -0.063691 0.097288 0.088677
v -0.061643 0.070867 0.115001
v -0.061633 0.071085 0.115137
v -0.061630 0.071419 0.115168
v -0.061651 0.072522 0.114905
v -0.061634 0.071999 0.115119
v -0.061627 0.071795 0.115203
v -0.063630 0.097489 0.089459
v -0.063603 0.097430 0.089809
v -0.063602 0.097425 0.089820
v -0.059894 0.071892 0.115348
v -0.060311 0.072042 0.115243
v -0.060548 0.071667 0.115401
v -0.059623 0.069339 0.116093
v -0.059422 0.068470 0.116642
v -0.060163 0.070079 0.115584
v -0.060971 0.070619 0.115199
v -0.060797 0.071137 0.115407
v -0.059901 0.070534 0.115834
v -0.059199 0.071256 0.115799
v -0.059526 0.070975 0.115890
v -0.058841 0.070038 0.116548
v -0.058430 0.070230 0.116523
v -0.058616 0.070722 0.116179
v -0.059408 0.068482 0.116659
v -0.059303 0.069713 0.116404
v -0.058029 0.069036 0.117355
v -0.058041 0.069197 0.117244
v -0.058531 0.068972 0.117301
v -0.058564 0.068960 0.117286
v -0.059064 0.068772 0.117052
v -0.059069 0.068768 0.117047
v -0.058571 -0.068937 0.117298
v -0.058541 -0.068948 0.117311
v -0.058231 -0.062791 0.121284
v -0.059124 -0.062333 0.120596
v -0.059244 -0.062074 0.120174
v -0.058598 -0.049449 0.127344
v -0.058720 -0.049243 0.126894
v -0.058196 -0.035842 0.132492
v -0.058320 -0.035693 0.132020
v -0.057924 -0.021711 0.135967
v -0.058049 -0.021620 0.135481
v -0.057787 -0.007263 0.137716
v -0.057913 -0.007233 0.137222
v -0.057786 0.007291 0.137715
v -0.057912 0.007261 0.137221
v -0.057921 0.021739 0.135963
v -0.058046 0.021648 0.135478
v -0.058191 0.035868 0.132487
v -0.058315 0.035719 0.132015
v -0.058591 0.049475 0.127337
v -0.058713 0.049269 0.126887
v -0.059115 0.062359 0.120587
v -0.059236 0.062098 0.120165
v -0.058018 0.068825 0.117492
v -0.058222 0.062815 0.121275
v -0.057291 0.036131 0.133262
v -0.057190 0.049884 0.128137
v -0.057694 0.049838 0.128074
v -0.057222 0.050652 0.127735
v -0.057719 0.062874 0.121333
v -0.057019 0.021898 0.136764
v -0.056688 0.030973 0.134608
v -0.056787 0.036165 0.133330
v -0.056884 -0.007316 0.138530
v -0.056379 0.007351 0.138602
v -0.056883 0.007344 0.138529
v -0.056408 0.010435 0.138228
v -0.056515 0.021918 0.136836
v -0.057022 -0.021870 0.136767
v -0.056409 -0.010407 0.138230
v -0.056380 -0.007323 0.138603
v -0.057229 -0.050626 0.127743
v -0.057197 -0.049858 0.128144
v -0.057701 -0.049812 0.128081
v -0.056792 -0.036139 0.133336
v -0.057296 -0.036105 0.133268
v -0.056692 -0.030947 0.134612
v -0.056518 -0.021890 0.136839
v -0.057728 -0.062850 0.121342
v -0.058027 -0.068801 0.117502
v -0.058038 -0.069012 0.117365
v -0.059412 -0.068463 0.116676
v -0.059074 -0.068748 0.117062
v -0.058765 -0.062608 0.121022
v -0.059432 -0.068446 0.116652
v -0.058756 0.062634 0.121013
v -0.058229 0.049693 0.127793
v -0.057827 0.036026 0.132966
v -0.057557 0.021834 0.136458
v -0.057421 0.007323 0.138217
v -0.057422 -0.007295 0.138218
v -0.057560 -0.021806 0.136461
v -0.057832 -0.036000 0.132971
v -0.058236 -0.049667 0.127800
v -0.058851 -0.070020 0.116555
v -0.061492 -0.072467 0.114936
v -0.060331 -0.072004 0.115263
v -0.060556 -0.071644 0.115411
v -0.059909 -0.070517 0.115845
v -0.060804 -0.071118 0.115419
v -0.061639 -0.071404 0.115186
v -0.061636 -0.071632 0.115228
v -0.061661 -0.072498 0.114916
v -0.061641 -0.071994 0.115164
v -0.061641 -0.071983 0.115169
v -0.061646 -0.070947 0.115103
v -0.060978 -0.070602 0.115215
v -0.061652 -0.070847 0.115027
v -0.060171 -0.070064 0.115599
v -0.059311 -0.069697 0.116415
v -0.059632 -0.069325 0.116108
v -0.058425 -0.070218 0.116526
v -0.058534 -0.070556 0.116290
v -0.059535 -0.070955 0.115899
v -0.059215 -0.071236 0.115807
v -0.059751 -0.071772 0.115427
v -0.062479 -0.084799 0.104419
v -0.063662 -0.097418 0.089237
v -0.063633 -0.097453 0.089612
v -0.063617 -0.097369 0.089815
v -0.063731 -0.097041 0.088353
v -0.063705 -0.097250 0.088687
v -0.063576 -0.097154 0.090337
v -0.063688 -0.097387 0.088904
v -0.061914 -0.097733 0.089575
v -0.062309 -0.097596 0.089757
v -0.062585 -0.097735 0.089402
v -0.061900 -0.098497 0.087014
v -0.061810 -0.099060 0.086135
v -0.062339 -0.097947 0.087790
v -0.063071 -0.097501 0.088389
v -0.062874 -0.097722 0.088893
v -0.062064 -0.098217 0.088225
v -0.061307 -0.098237 0.088890
v -0.061661 -0.098302 0.088636
v -0.060679 -0.099018 0.087812
v -0.060798 -0.098661 0.088315
v -0.061103 -0.099011 0.087653
v -0.060986 -0.098504 0.088527
v -0.061797 -0.099078 0.086146
v -0.061577 -0.098832 0.087364
v -0.060437 -0.099879 0.086596
v -0.060428 -0.099767 0.086757
v -0.060937 -0.099786 0.086571
v -0.060969 -0.099768 0.086561
v -0.061463 -0.099496 0.086411
v -0.061467 -0.099491 0.086407
v -0.066399 -0.120098 0.027002
v -0.066090 -0.120597 0.027015
v -0.065252 -0.119285 0.037771
v -0.064788 -0.120602 0.030740
v -0.064240 -0.119744 0.037769
v -0.064737 -0.119632 0.037789
v -0.062523 -0.104805 0.076995
v -0.066417 -0.120068 0.027001
v -0.065583 -0.118762 0.037708
v -0.065676 -0.118266 0.037632
v -0.064523 -0.115651 0.051315
v -0.064621 -0.115169 0.051182
v -0.063498 -0.110978 0.064470
v -0.063600 -0.110515 0.064282
v -0.062628 -0.104367 0.076756
v -0.062178 -0.105266 0.077230
v -0.061155 -0.105671 0.077380
v -0.061654 -0.105573 0.077364
v -0.061688 -0.109048 0.070530
v -0.062637 -0.111791 0.064747
v -0.062138 -0.111895 0.064752
v -0.063670 -0.116499 0.051495
v -0.063172 -0.116607 0.051488
v -0.063196 -0.116679 0.051176
v -0.065081 -0.121061 0.026973
v -0.065577 -0.120948 0.027002
v -0.065600 -0.120932 0.027003
v -0.066087 -0.120599 0.027016
v -0.063158 -0.111466 0.064650
v -0.064188 -0.116160 0.051437
v -0.066270 -0.121009 0.025657
v -0.066517 -0.120154 0.026573
v -0.067152 -0.120170 0.026012
v -0.066782 -0.120177 0.026232
v -0.065974 -0.121139 0.025315
v -0.065456 -0.121130 0.025824
v -0.066314 -0.121145 0.024982
v -0.067456 -0.121111 0.024638
v -0.066236 -0.120648 0.026454
v -0.066579 -0.120669 0.026006
v -0.067062 -0.120664 0.025719
v -0.067870 -0.120155 0.009207
v -0.067837 -0.120069 0.008770
v -0.067819 -0.120099 0.008765
v -0.068409 -0.120171 0.009860
v -0.067481 -0.121010 0.010072
v -0.067129 -0.121140 0.010360
v -0.067639 -0.121142 0.010908
v -0.067030 -0.120933 0.008641
v -0.067007 -0.120949 0.008638
v -0.066828 -0.121139 0.010035
v -0.066513 -0.121062 0.008591
v -0.066505 -0.121081 0.008852
v -0.066812 -0.121136 0.009976
v -0.067516 -0.120598 0.008705
v -0.067572 -0.120649 0.009280
v -0.067513 -0.120600 0.008703
v -0.068076 -0.120177 0.009585
v -0.067842 -0.120670 0.009775
v -0.068274 -0.120665 0.010135
v -0.072424 -0.099094 -0.050386
v -0.072140 -0.099505 -0.050694
v -0.071425 -0.105274 -0.041512
v -0.071673 -0.099779 -0.050920
v -0.071645 -0.099795 -0.050933
v -0.070928 -0.105581 -0.041726
v -0.068670 -0.118765 -0.001938
v -0.072440 -0.099069 -0.050368
v -0.071729 -0.104813 -0.041227
v -0.071796 -0.104375 -0.040974
v -0.070754 -0.110985 -0.028700
v -0.070825 -0.110521 -0.028499
v -0.069730 -0.115656 -0.015545
v -0.069805 -0.115174 -0.015399
v -0.068751 -0.118269 -0.001848
v -0.068353 -0.119288 -0.002051
v -0.069544 -0.111333 -0.030345
v -0.069454 -0.111902 -0.029190
v -0.069946 -0.111798 -0.029107
v -0.068421 -0.116612 -0.015926
v -0.068914 -0.116504 -0.015855
v -0.068006 -0.117830 -0.010593
v -0.067847 -0.119635 -0.002148
v -0.067353 -0.119747 -0.002206
v -0.070437 -0.105679 -0.041819
v -0.070968 -0.101393 -0.048641
v -0.071154 -0.099888 -0.051035
v -0.069417 -0.116165 -0.015718
v -0.070446 -0.111473 -0.028931
v -0.071977 -0.099017 -0.051983
v -0.074667 -0.097197 -0.054228
v -0.073503 -0.097614 -0.053854
v -0.073709 -0.097744 -0.053477
v -0.073013 -0.098227 -0.052400
v -0.073916 -0.097733 -0.052933
v -0.074750 -0.097435 -0.053155
v -0.074768 -0.097477 -0.053382
v -0.074835 -0.097164 -0.054246
v -0.074796 -0.097413 -0.053743
v -0.074795 -0.097418 -0.053732
v -0.074715 -0.097352 -0.052699
v -0.074033 -0.097516 -0.052406
v -0.074707 -0.097276 -0.052600
v -0.073219 -0.097961 -0.051930
v -0.072399 -0.098842 -0.051626
v -0.072665 -0.098511 -0.051232
v -0.071567 -0.099021 -0.052213
v -0.071684 -0.098777 -0.052543
v -0.072679 -0.098310 -0.052866
v -0.072376 -0.098243 -0.053171
v -0.072921 -0.097822 -0.053666
v -0.076443 -0.077566 -0.074907
v -0.076308 -0.079539 -0.073179
v -0.075645 -0.088421 -0.064653
v -0.074693 0.097262 -0.052610
v -0.074710 0.097399 -0.052827
v -0.074736 0.097430 -0.053160
v -0.074765 0.097465 -0.053535
v -0.074667 0.097052 -0.052276
v -0.074781 0.097381 -0.053738
v -0.074822 0.097166 -0.054260
v -0.075633 0.088421 -0.064666
v -0.076297 0.079539 -0.073190
v -0.076678 0.074248 -0.078075
v -0.076751 0.073374 -0.079016
v -0.073061 0.097744 -0.053765
v -0.073480 0.097607 -0.053883
v -0.073698 0.097746 -0.053490
v -0.072651 0.098508 -0.051236
v -0.072426 0.099071 -0.050382
v -0.073205 0.097958 -0.051935
v -0.074021 0.097512 -0.052413
v -0.073905 0.097733 -0.052942
v -0.073000 0.098228 -0.052408
v -0.072356 0.098248 -0.053182
v -0.072666 0.098313 -0.052876
v -0.071963 0.099022 -0.051991
v -0.071568 0.099029 -0.052214
v -0.071764 0.098672 -0.052692
v -0.072414 0.099089 -0.050395
v -0.072386 0.098843 -0.051632
v -0.071140 0.099890 -0.051050
v -0.071157 0.099778 -0.051210
v -0.071631 0.099797 -0.050948
v -0.071661 0.099779 -0.050933
v -0.072126 0.099507 -0.050708
v -0.072130 0.099502 -0.050704
v -0.071714 0.104817 -0.041242
v -0.067820 0.120079 0.008752
v -0.068654 0.118773 -0.001955
v -0.068734 0.118277 -0.001866
v -0.069714 0.115662 -0.015562
v -0.069790 0.115180 -0.015415
v -0.070738 0.110989 -0.028717
v -0.070810 0.110527 -0.028515
v -0.071782 0.104379 -0.040989
v -0.071410 0.105278 -0.041528
v -0.070914 0.105585 -0.041741
v -0.070422 0.105683 -0.041834
v -0.070954 0.101395 -0.048655
v -0.069528 0.111337 -0.030361
v -0.069931 0.111802 -0.029124
v -0.069438 0.111906 -0.029206
v -0.068898 0.116510 -0.015872
v -0.068405 0.116618 -0.015942
v -0.067990 0.117838 -0.010610
v -0.067831 0.119643 -0.002166
v -0.067337 0.119755 -0.002223
v -0.066991 0.120959 0.008621
v -0.066496 0.121072 0.008573
v -0.067499 0.120608 0.008687
v -0.067496 0.120610 0.008686
v -0.067013 0.120943 0.008623
v -0.070430 0.111477 -0.028947
v -0.069401 0.116171 -0.015735
v -0.068337 0.119296 -0.002068
v -0.067802 0.120109 0.008748
v -0.067467 0.121020 0.010057
v -0.067853 0.120165 0.009190
v -0.068393 0.120181 0.009843
v -0.068061 0.120188 0.009569
v -0.066833 0.121144 0.009961
v -0.066689 0.121141 0.009767
v -0.068481 0.121122 0.011247
v -0.067406 0.121156 0.010731
v -0.067122 0.121150 0.010349
v -0.067556 0.120659 0.009264
v -0.067826 0.120680 0.009760
v -0.068259 0.120675 0.010119
v -0.066501 0.120166 0.026557
v -0.066400 0.120080 0.026983
v -0.066382 0.120110 0.026985
v -0.067134 0.120182 0.025995
v -0.066251 0.121021 0.025641
v -0.065947 0.121151 0.025303
v -0.066536 0.121153 0.024840
v -0.065064 0.121073 0.026955
v -0.065098 0.121092 0.026696
v -0.065561 0.120960 0.026985
v -0.065600 0.121150 0.025577
v -0.065584 0.120944 0.026986
v -0.066073 0.120609 0.026998
v -0.066218 0.120660 0.026438
v -0.066070 0.120611 0.026999
v -0.066763 0.120188 0.026215
v -0.066561 0.120681 0.025991
v -0.067044 0.120676 0.025702
v -0.061777 0.099105 0.086136
v -0.061449 0.099516 0.086397
v -0.062164 0.105286 0.077215
v -0.060953 0.099790 0.086547
v -0.060923 0.099806 0.086556
v -0.061640 0.105593 0.077349
v -0.065567 0.118776 0.037691
v -0.061797 0.099080 0.086121
v -0.062508 0.104825 0.076980
v -0.062614 0.104387 0.076740
v -0.063483 0.110996 0.064453
v -0.063585 0.110533 0.064266
v -0.064507 0.115667 0.051298
v -0.064605 0.115185 0.051165
v -0.065660 0.118280 0.037615
v -0.065236 0.119299 0.037753
v -0.064721 0.119646 0.037771
v -0.064224 0.119758 0.037752
v -0.064771 0.120614 0.030723
v -0.063180 0.116695 0.051159
v -0.063654 0.116515 0.051478
v -0.063156 0.116623 0.051471
v -0.062622 0.111809 0.064730
v -0.062123 0.111913 0.064736
v -0.061673 0.109066 0.070514
v -0.061140 0.105691 0.077365
v -0.060423 0.099899 0.086581
v -0.064172 0.116176 0.051420
v -0.063143 0.111484 0.064634
v -0.061089 0.099028 0.087644
v -0.063400 0.097209 0.090279
v -0.062307 0.097625 0.089729
v -0.062569 0.097755 0.089389
v -0.062048 0.098238 0.088218
v -0.062858 0.097744 0.088883
v -0.063055 0.097527 0.088381
v -0.062324 0.097972 0.087785
v -0.061561 0.098853 0.087357
v -0.061885 0.098522 0.087009
v -0.061761 0.097833 0.089454
v -0.061299 0.098254 0.088880
v -0.061646 0.098321 0.088626
v -0.061004 0.098523 0.088514
v -0.060648 0.099032 0.087809
v -0.060713 0.098788 0.088153
v -0.061926 0.088350 -0.050975
v -0.062082 0.089492 -0.052981
v -0.061226 0.089643 -0.052978
v -0.063626 0.086419 -0.052157
v -0.063757 0.087377 -0.053841
v -0.063578 0.088153 -0.053492
v -0.063438 0.087127 -0.051689
v -0.063185 0.083951 -0.048438
v -0.063389 0.083451 -0.049119
v -0.063032 0.079844 -0.046476
v -0.063247 0.079615 -0.047287
v -0.062999 0.075311 -0.046048
v -0.063216 0.075380 -0.046887
v -0.063090 0.070907 -0.047203
v -0.063300 0.071267 -0.047966
v -0.063292 0.067172 -0.049801
v -0.063490 0.067778 -0.050394
v -0.063582 0.064566 -0.053524
v -0.063761 0.065343 -0.053871
v -0.063924 0.063407 -0.057914
v -0.064080 0.064260 -0.057972
v -0.064276 0.063836 -0.062434
v -0.064409 0.064661 -0.062194
v -0.064595 0.065802 -0.066529
v -0.064707 0.066497 -0.066019
v -0.064841 0.069063 -0.069696
v -0.064937 0.069544 -0.068979
v -0.064921 0.070871 -0.070719
v -0.065011 0.071233 -0.069934
v -0.063489 0.068234 -0.071028
v -0.062649 0.068140 -0.071231
v -0.063577 0.070246 -0.072167
v -0.062738 0.070176 -0.072384
v -0.061122 0.064051 -0.051620
v -0.061231 0.063074 -0.053015
v -0.062087 0.063225 -0.053018
v -0.061616 0.061768 -0.057960
v -0.062467 0.061934 -0.057906
v -0.062012 0.062252 -0.063050
v -0.062859 0.062412 -0.062940
v -0.062132 0.062988 -0.064584
v -0.063214 0.064601 -0.067500
v -0.062371 0.064466 -0.067663
v -0.062557 0.066919 -0.070045
v -0.060904 0.066010 -0.048822
v -0.061764 0.066128 -0.048873
v -0.060752 0.068817 -0.046869
v -0.061538 0.070287 -0.045979
v -0.060676 0.070217 -0.045895
v -0.061437 0.075190 -0.044692
v -0.060574 0.075177 -0.044593
v -0.061474 0.080239 -0.045170
v -0.060611 0.080283 -0.045077
v -0.061068 0.088487 -0.050948
v -0.060973 0.087297 -0.049731
v -0.061644 0.084812 -0.047353
v -0.060783 0.084908 -0.047285
v -0.060668 0.081821 -0.045811
v -0.064420 0.070492 -0.071573
v -0.064335 0.068560 -0.070480
v -0.064071 0.065074 -0.067093
v -0.063730 0.062973 -0.062716
v -0.063354 0.062513 -0.057886
v -0.062989 0.063753 -0.053193
v -0.062679 0.066539 -0.049214
v -0.062462 0.070531 -0.046437
v -0.062366 0.075238 -0.045201
v -0.062401 0.080083 -0.045660
v -0.062564 0.084473 -0.047756
v -0.062834 0.087869 -0.051232
v -0.062984 0.088965 -0.053158
v -0.074701 0.063568 -0.111790
v -0.074786 0.063507 -0.112927
v -0.075954 0.063446 -0.112836
v -0.075866 0.063525 -0.111700
v -0.075525 0.063830 -0.107325
v -0.074370 0.063802 -0.107410
v -0.074028 0.064045 -0.102872
v -0.075351 0.063986 -0.105093
v -0.073945 0.064215 -0.101776
v -0.074952 0.064345 -0.099958
v -0.073630 0.064864 -0.097605
v -0.074698 0.065136 -0.096702
v -0.073568 0.064994 -0.096767
v -0.074745 0.064991 -0.097300
v -0.074763 0.064932 -0.097540
v -0.072985 0.067508 -0.089038
v -0.073134 0.066632 -0.091017
v -0.074257 0.066510 -0.091040
v -0.073152 0.066527 -0.091254
v -0.073529 0.065134 -0.096265
v -0.073567 0.064998 -0.096755
v -0.074166 0.067106 -0.089877
v -0.074097 0.067560 -0.088990
v -0.072774 0.068751 -0.086231
v -0.073829 0.069327 -0.085541
v -0.072277 0.073617 -0.079583
v -0.072458 0.071476 -0.082009
v -0.072724 0.069182 -0.085563
v -0.072764 0.068833 -0.086104
v -0.072427 0.071835 -0.081603
v -0.072146 0.075168 -0.077826
v -0.072126 0.075472 -0.077550
v -0.071843 0.079692 -0.073716
v -0.064418 0.085393 -0.064717
v -0.064573 0.085569 -0.064802
v -0.064847 0.084199 -0.066641
v -0.064813 0.084821 -0.066064
v -0.064757 0.084110 -0.066563
v -0.064749 0.085226 -0.065493
v -0.064677 0.085682 -0.064848
v -0.064938 0.082488 -0.068219
v -0.064937 0.082522 -0.068196
v -0.064826 0.082376 -0.068040
v -0.064916 0.082928 -0.067820
v -0.064849 0.084161 -0.066677
v -0.064664 0.082276 -0.067878
v -0.064219 0.085255 -0.064660
v -0.064605 0.083992 -0.066459
v -0.064422 0.083899 -0.066381
v -0.064461 0.082202 -0.067757
v -0.065223 0.077106 -0.072665
v -0.064201 0.090049 -0.059554
v -0.062857 0.073466 -0.073913
v -0.063287 0.073701 -0.073940
v -0.065024 0.076139 -0.073148
v -0.065004 0.076044 -0.073195
v -0.064907 0.075572 -0.073430
v -0.063355 0.073754 -0.073935
v -0.063707 0.074022 -0.073907
v -0.063853 0.074133 -0.073896
v -0.064172 0.074568 -0.073755
v -0.064510 0.075030 -0.073605
v -0.064520 0.075044 -0.073601
v -0.056970 0.071767 -0.073691
v -0.051077 0.070089 -0.073477
v 0.067059 0.038270 -0.123971
v 0.068948 0.030490 -0.124117
v 0.069400 -0.028302 -0.124148
v 0.069019 -0.029925 -0.124118
v 0.067054 -0.038298 -0.123966
v 0.070779 -0.020110 -0.124257
v 0.070777 -0.020125 -0.124257
v 0.070590 -0.021241 -0.124242
v 0.071897 -0.008974 -0.124346
v 0.071783 -0.010101 -0.124337
v 0.069051 0.029902 -0.124125
v 0.070584 0.021211 -0.124245
v 0.070782 0.020083 -0.124260
v 0.070782 0.020082 -0.124260
v 0.071584 0.013081 -0.124323
v 0.071741 0.010073 -0.124335
v 0.072159 0.002044 -0.124367
v 0.072110 -0.000012 -0.124363
v 0.072110 -0.000013 -0.124363
v -0.063498 -0.068236 -0.071018
v -0.063587 -0.070248 -0.072157
v -0.062748 -0.070178 -0.072374
v -0.064946 -0.069546 -0.068969
v -0.065021 -0.071235 -0.069924
v -0.064931 -0.070873 -0.070709
v -0.064851 -0.069065 -0.069686
v -0.064604 -0.065804 -0.066519
v -0.064716 -0.066499 -0.066010
v -0.064285 -0.063836 -0.062425
v -0.064418 -0.064661 -0.062184
v -0.063933 -0.063407 -0.057905
v -0.064089 -0.064260 -0.057962
v -0.063591 -0.064566 -0.053515
v -0.063770 -0.065343 -0.053862
v -0.063301 -0.067172 -0.049792
v -0.063499 -0.067778 -0.050384
v -0.063099 -0.070905 -0.047193
v -0.063310 -0.071265 -0.047956
v -0.063010 -0.075309 -0.046037
v -0.063226 -0.075378 -0.046876
v -0.063043 -0.079842 -0.046465
v -0.063258 -0.079613 -0.047276
v -0.063196 -0.083949 -0.048426
v -0.063401 -0.083451 -0.049107
v -0.063450 -0.087127 -0.051676
v -0.063638 -0.086419 -0.052144
v -0.063590 -0.088153 -0.053479
v -0.063769 -0.087377 -0.053828
v -0.061938 -0.088350 -0.050963
v -0.061080 -0.088487 -0.050935
v -0.062094 -0.089492 -0.052968
v -0.061238 -0.089643 -0.052965
v -0.060761 -0.068817 -0.046859
v -0.060685 -0.070215 -0.045885
v -0.061548 -0.070285 -0.045969
v -0.060584 -0.075175 -0.044582
v -0.061448 -0.075188 -0.044682
v -0.060622 -0.080281 -0.045065
v -0.061485 -0.080237 -0.045159
v -0.060680 -0.081819 -0.045799
v -0.061656 -0.084810 -0.047341
v -0.060795 -0.084908 -0.047272
v -0.060985 -0.087297 -0.049718
v -0.060913 -0.066010 -0.048812
v -0.061773 -0.066128 -0.048864
v -0.061131 -0.064051 -0.051611
v -0.062095 -0.063225 -0.053009
v -0.061239 -0.063074 -0.053006
v -0.062476 -0.061934 -0.057898
v -0.061624 -0.061768 -0.057951
v -0.062868 -0.062414 -0.062931
v -0.062021 -0.062254 -0.063041
v -0.062658 -0.068142 -0.071221
v -0.062566 -0.066921 -0.070035
v -0.063223 -0.064603 -0.067490
v -0.062380 -0.064468 -0.067653
v -0.062140 -0.062990 -0.064575
v -0.062996 -0.088965 -0.053145
v -0.062846 -0.087869 -0.051219
v -0.062576 -0.084471 -0.047744
v -0.062412 -0.080081 -0.045648
v -0.062376 -0.075236 -0.045190
v -0.062472 -0.070529 -0.046427
v -0.062688 -0.066539 -0.049204
v -0.062998 -0.063753 -0.053184
v -0.063363 -0.062513 -0.057877
v -0.063739 -0.062973 -0.062707
v -0.064080 -0.065076 -0.067083
v -0.064344 -0.068562 -0.070470
v -0.064429 -0.070494 -0.071563
v -0.064676 -0.082272 -0.067868
v -0.064838 -0.082372 -0.068030
v -0.064862 -0.084166 -0.066668
v -0.064918 -0.083638 -0.067252
v -0.064768 -0.084119 -0.066544
v -0.064932 -0.083061 -0.067672
v -0.064946 -0.082428 -0.068134
v -0.064691 -0.085758 -0.064897
v -0.064694 -0.085740 -0.064925
v -0.064586 -0.085569 -0.064796
v -0.064737 -0.085334 -0.065375
v -0.064858 -0.084204 -0.066625
v -0.064429 -0.085394 -0.064711
v -0.064472 -0.082198 -0.067746
v -0.064616 -0.084001 -0.066440
v -0.064434 -0.083907 -0.066362
v -0.064231 -0.085256 -0.064654
v -0.065234 -0.077108 -0.072654
v -0.064214 -0.090049 -0.059541
v -0.065117 -0.076148 -0.073161
v -0.065169 -0.076578 -0.072934
v -0.062868 -0.073468 -0.073903
v -0.063702 -0.074060 -0.073859
v -0.063813 -0.074139 -0.073853
v -0.064064 -0.074318 -0.073840
v -0.065113 -0.076116 -0.073177
v -0.065090 -0.076035 -0.073215
v -0.065041 -0.075887 -0.073284
v -0.064825 -0.075540 -0.073407
v -0.064515 -0.075042 -0.073584
v -0.064504 -0.075025 -0.073590
v -0.051087 -0.070093 -0.073467
v -0.056980 -0.071771 -0.073680
v -0.076278 0.063012 -0.098681
v -0.076138 0.063482 -0.096892
v -0.076037 0.063889 -0.096972
v -0.075162 0.067782 -0.085742
v -0.076655 0.062835 -0.104904
v -0.077228 0.062492 -0.112737
v -0.076760 0.062542 -0.104873
v -0.077368 0.062047 -0.112726
v -0.077371 0.061948 -0.112726
v -0.076353 0.063310 -0.104964
v -0.075897 0.063639 -0.105025
v -0.076492 0.063279 -0.112794
v -0.076653 0.063229 -0.112782
v -0.076931 0.062950 -0.112760
v -0.077154 0.062726 -0.112743
v -0.075287 0.064680 -0.097188
v -0.074705 0.066849 -0.089718
v -0.075740 0.064357 -0.097088
v -0.075154 0.066542 -0.089561
v -0.075444 0.066099 -0.089362
v -0.074876 0.068202 -0.085989
v -0.075258 0.067526 -0.085595
v -0.075537 0.065640 -0.089179
v -0.075577 0.065373 -0.089688
v -0.077380 -0.061954 -0.112717
v -0.076767 -0.062522 -0.104844
v -0.076330 -0.062925 -0.099235
v -0.076146 -0.063516 -0.096873
v -0.075626 -0.065187 -0.090189
v -0.075544 -0.065728 -0.089142
v -0.075267 -0.067567 -0.085579
v -0.076080 -0.063441 -0.112818
v -0.075963 -0.063452 -0.112827
v -0.075359 -0.064037 -0.105073
v -0.076495 -0.063276 -0.112786
v -0.075904 -0.063645 -0.105000
v -0.076755 -0.063173 -0.112765
v -0.076361 -0.063316 -0.104938
v -0.076941 -0.062961 -0.112751
v -0.077201 -0.062664 -0.112731
v -0.076662 -0.062841 -0.104878
v -0.077242 -0.062502 -0.112728
v -0.075036 -0.064350 -0.100917
v -0.075159 -0.066569 -0.089495
v -0.074710 -0.066875 -0.089652
v -0.073924 -0.068695 -0.086637
v -0.075170 -0.067793 -0.085713
v -0.075449 -0.066126 -0.089295
v -0.076045 -0.063897 -0.096948
v -0.075294 -0.064687 -0.097164
v -0.075748 -0.064364 -0.097064
v -0.074376 -0.066243 -0.092443
v -0.074192 -0.066872 -0.090074
v -0.074168 -0.067036 -0.089764
v -0.074889 -0.064493 -0.099035
v -0.074752 -0.064961 -0.097270
v 0.060267 -0.043813 -0.123437
v 0.063108 -0.043073 -0.123658
v 0.065743 -0.040933 -0.123864
v 0.066957 -0.038638 -0.123958
v 0.017524 -0.047414 -0.120108
v -0.031637 -0.054489 -0.116279
v -0.073665 -0.063086 -0.113006
v -0.074065 -0.063096 -0.112975
v -0.074511 -0.062895 -0.112940
v -0.074807 -0.062506 -0.112917
v -0.074887 -0.062112 -0.112911
v -0.074879 0.062106 -0.112920
v -0.074798 0.062500 -0.112926
v -0.074502 0.062889 -0.112949
v -0.074056 0.063090 -0.112984
v -0.073656 0.063080 -0.113015
v -0.031629 0.054475 -0.116287
v 0.017530 0.047394 -0.120115
v 0.060273 0.043787 -0.123443
v 0.063114 0.043045 -0.123664
v 0.065749 0.040905 -0.123869
v 0.066962 0.038610 -0.123964
v -0.073113 -0.066763 -0.090608
v -0.074795 -0.063513 -0.112918
v -0.074770 -0.063518 -0.112589
v -0.074072 -0.064002 -0.103341
v -0.073954 -0.064245 -0.101771
v -0.073897 -0.064361 -0.101017
v -0.073550 -0.065072 -0.096417
v -0.073538 -0.065120 -0.096251
v -0.073257 -0.066205 -0.092525
v -0.073143 -0.066647 -0.091008
v -0.072337 -0.073029 -0.080245
v -0.072441 -0.071876 -0.081624
v -0.072816 -0.068564 -0.086651
v -0.072779 -0.068787 -0.086162
v -0.072530 -0.070872 -0.082825
v -0.072745 -0.069044 -0.085701
v -0.072773 -0.068828 -0.086088
v -0.071854 -0.079694 -0.073704
v -0.071902 -0.078929 -0.074369
v -0.072139 -0.075500 -0.077567
v -0.072211 -0.074449 -0.078547
v -0.051621 -0.086583 0.093268
v -0.051335 -0.086112 0.096942
v -0.051433 -0.086499 0.095682
v -0.051291 -0.085055 0.098891
v -0.051298 -0.085315 0.098437
v -0.051315 -0.085985 0.097266
v -0.051212 -0.083714 0.100627
v -0.051277 -0.084495 0.099871
v -0.050876 -0.080334 0.102883
v -0.051003 -0.081538 0.102223
v -0.051051 -0.082000 0.101970
v -0.051132 -0.082757 0.101555
v -0.051156 -0.067808 0.099220
v -0.050935 -0.070791 0.102062
v -0.050924 -0.071170 0.102205
v -0.050821 -0.074648 0.103527
v -0.050826 -0.076350 0.103468
v -0.050833 -0.078772 0.103384
v -0.050863 -0.080035 0.102999
v -0.052415 -0.074413 0.083062
v -0.052312 -0.071187 0.084372
v -0.052294 -0.070592 0.084615
v -0.052067 -0.067673 0.087524
v -0.052021 -0.067430 0.088117
v -0.051770 -0.066115 0.091333
v -0.051619 -0.066138 0.093270
v -0.051450 -0.066163 0.095447
v -0.051219 -0.067456 0.098415
v -0.052311 -0.081516 0.084399
v -0.052411 -0.078539 0.083110
v -0.052413 -0.076356 0.083085
v -0.051753 -0.086642 0.091571
v -0.052023 -0.085317 0.088103
v -0.052052 -0.085173 0.087725
v -0.052284 -0.082324 0.084750
v -0.051593 -0.086251 0.097014
v -0.051673 -0.086294 0.097036
v -0.051772 -0.086688 0.095754
v -0.051444 -0.080265 0.103656
v -0.051433 -0.080234 0.103573
v -0.051401 -0.078902 0.103978
v -0.051114 -0.080087 0.103158
v -0.051312 -0.080168 0.103389
v -0.051192 -0.080103 0.103207
v -0.051161 -0.078817 0.103600
v -0.051450 -0.078992 0.104360
v -0.051483 -0.080370 0.103940
v -0.051801 -0.086466 0.097111
v -0.051931 -0.086640 0.097188
v -0.052034 -0.087047 0.095860
v -0.051946 -0.086722 0.097220
v -0.051389 -0.074555 0.104129
v -0.051437 -0.074492 0.104516
v -0.051509 -0.070490 0.102585
v -0.051561 -0.070283 0.102917
v -0.051742 -0.067346 0.099590
v -0.051803 -0.067028 0.099816
v -0.052052 -0.065612 0.095612
v -0.052123 -0.065233 0.095699
v -0.052389 -0.065562 0.091276
v -0.052473 -0.065181 0.091210
v -0.052702 -0.067203 0.087260
v -0.052797 -0.066880 0.087052
v -0.052941 -0.070280 0.084194
v -0.053044 -0.070065 0.083878
v -0.053069 -0.074308 0.082558
v -0.053176 -0.074236 0.082184
v -0.053065 -0.078657 0.082608
v -0.053172 -0.078738 0.082236
v -0.052931 -0.082647 0.084337
v -0.053033 -0.082868 0.084026
v -0.052687 -0.085650 0.087473
v -0.052781 -0.085977 0.087273
v -0.052372 -0.087198 0.091526
v -0.052454 -0.087580 0.091469
v -0.052105 -0.087424 0.095955
v -0.051998 -0.087002 0.097329
v -0.052099 -0.086833 0.091566
v -0.052403 -0.085337 0.087649
v -0.052639 -0.082435 0.084618
v -0.052773 -0.074377 0.082899
v -0.052769 -0.078580 0.082947
v -0.052418 -0.067511 0.087443
v -0.052649 -0.070484 0.084480
v -0.052116 -0.065925 0.091324
v -0.051790 -0.065973 0.095514
v -0.051490 -0.067649 0.099358
v -0.051265 -0.070688 0.102252
v -0.051149 -0.074616 0.103744
v -0.051343 -0.088341 0.085096
v -0.051187 -0.089482 0.087102
v -0.050342 -0.089634 0.086966
v -0.052839 -0.086409 0.086526
v -0.052708 -0.087367 0.088210
v -0.052586 -0.088143 0.087837
v -0.052726 -0.087117 0.086035
v -0.052979 -0.083941 0.082783
v -0.053075 -0.083442 0.083488
v -0.053131 -0.079834 0.080822
v -0.053218 -0.079605 0.081656
v -0.053164 -0.075301 0.080394
v -0.053249 -0.075370 0.081256
v -0.053074 -0.070897 0.081549
v -0.053164 -0.071257 0.082335
v -0.052871 -0.067163 0.084147
v -0.052975 -0.067769 0.084763
v -0.052581 -0.064556 0.087869
v -0.052704 -0.065333 0.088240
v -0.052239 -0.063397 0.092260
v -0.052385 -0.064250 0.092341
v -0.051887 -0.063826 0.096779
v -0.052056 -0.064651 0.096563
v -0.051569 -0.065792 0.100874
v -0.051758 -0.066487 0.100388
v -0.051322 -0.069053 0.104042
v -0.051528 -0.069534 0.103348
v -0.051243 -0.070861 0.105065
v -0.051454 -0.071223 0.104303
v -0.049780 -0.068224 0.105148
v -0.048919 -0.068130 0.105219
v -0.049691 -0.070236 0.106287
v -0.048829 -0.070166 0.106371
v -0.050445 -0.064042 0.085608
v -0.050337 -0.063065 0.087002
v -0.051182 -0.063215 0.087139
v -0.049952 -0.061758 0.091947
v -0.050801 -0.061924 0.092027
v -0.049555 -0.062243 0.097038
v -0.050409 -0.062403 0.097060
v -0.049436 -0.062979 0.098571
v -0.050054 -0.064591 0.101620
v -0.049196 -0.064457 0.101650
v -0.049011 -0.066909 0.104032
v -0.050663 -0.066001 0.082809
v -0.051505 -0.066119 0.082993
v -0.050816 -0.068808 0.080857
v -0.051730 -0.070277 0.080099
v -0.050892 -0.070207 0.079883
v -0.051831 -0.075180 0.078813
v -0.050993 -0.075167 0.078581
v -0.051794 -0.080229 0.079291
v -0.050956 -0.080273 0.079065
v -0.050500 -0.088478 0.084936
v -0.050594 -0.087288 0.083718
v -0.051625 -0.084802 0.081473
v -0.050785 -0.084899 0.081272
v -0.050899 -0.081811 0.079799
v -0.050615 -0.070482 0.105830
v -0.050700 -0.068550 0.104738
v -0.050964 -0.065064 0.101351
v -0.051305 -0.062963 0.096974
v -0.051681 -0.062503 0.092143
v -0.052046 -0.063743 0.087451
v -0.052356 -0.066530 0.083472
v -0.052573 -0.070521 0.080695
v -0.052669 -0.075228 0.079459
v -0.052634 -0.080073 0.079918
v -0.052471 -0.084463 0.082014
v -0.052201 -0.087860 0.085489
v -0.052051 -0.088955 0.087416
v -0.050852 0.080057 0.102987
v -0.050822 0.078794 0.103373
v -0.050992 0.081551 0.102199
v -0.050866 0.080382 0.102861
v -0.051146 0.082982 0.101388
v -0.051041 0.082004 0.101942
v -0.051286 0.085348 0.098434
v -0.051278 0.085092 0.098897
v -0.051267 0.084672 0.099655
v -0.051201 0.083741 0.100610
v -0.051304 0.086016 0.097227
v -0.051323 0.086132 0.096929
v -0.052041 0.085193 0.087713
v -0.052011 0.085337 0.088091
v -0.051741 0.086662 0.091558
v -0.051609 0.086603 0.093255
v -0.051421 0.086519 0.095670
v -0.052057 0.067693 0.087514
v -0.052284 0.070610 0.084604
v -0.052303 0.071205 0.084362
v -0.052405 0.074431 0.083051
v -0.052403 0.076374 0.083074
v -0.052401 0.078557 0.083098
v -0.052300 0.081534 0.084387
v -0.052273 0.082342 0.084738
v -0.050815 0.076372 0.103457
v -0.050811 0.074670 0.103516
v -0.050914 0.071192 0.102195
v -0.050925 0.070813 0.102052
v -0.051147 0.067828 0.099210
v -0.051209 0.067476 0.098405
v -0.051441 0.066183 0.095437
v -0.051610 0.066158 0.093261
v -0.051761 0.066135 0.091323
v -0.052011 0.067450 0.088107
v -0.051751 0.067455 0.100352
v -0.051796 0.067105 0.099773
v -0.051733 0.067366 0.099580
v -0.051103 0.080109 0.103146
v -0.051180 0.080125 0.103195
v -0.051150 0.078839 0.103588
v -0.051433 0.080287 0.103644
v -0.051471 0.080392 0.103928
v -0.051445 0.078995 0.104271
v -0.051301 0.080190 0.103377
v -0.051422 0.080256 0.103561
v -0.051390 0.078924 0.103967
v -0.051139 0.074638 0.103733
v -0.051481 0.067669 0.099348
v -0.051255 0.070710 0.102242
v -0.051780 0.065993 0.095505
v -0.052107 0.065945 0.091314
v -0.052409 0.067531 0.087433
v -0.052639 0.070502 0.084470
v -0.052758 0.078598 0.082936
v -0.052762 0.074395 0.082888
v -0.052392 0.085357 0.087637
v -0.052628 0.082453 0.084606
v -0.051789 0.086486 0.097099
v -0.051661 0.086314 0.097024
v -0.051760 0.086708 0.095741
v -0.051581 0.086271 0.097001
v -0.052087 0.086853 0.091553
v -0.051919 0.086660 0.097175
v -0.052022 0.087067 0.095847
v -0.051934 0.086742 0.097207
v -0.052095 0.087340 0.095919
v -0.051986 0.087022 0.097317
v -0.052675 0.085670 0.087460
v -0.052765 0.085918 0.087314
v -0.052693 0.086551 0.088238
v -0.052359 0.087218 0.091513
v -0.052462 0.087555 0.091201
v -0.052442 0.087568 0.091457
v -0.052222 0.087713 0.094277
v -0.052920 0.082665 0.084325
v -0.053020 0.082861 0.084043
v -0.052889 0.084831 0.085725
v -0.053179 0.077172 0.082002
v -0.053156 0.078743 0.082298
v -0.053054 0.078675 0.082597
v -0.053141 0.079782 0.082494
v -0.053037 0.082607 0.083826
v -0.053163 0.074031 0.082217
v -0.053059 0.074326 0.082547
v -0.053091 0.071368 0.083133
v -0.052931 0.070298 0.084183
v -0.053028 0.070136 0.083946
v -0.052693 0.067223 0.087250
v -0.052786 0.066942 0.087065
v -0.052815 0.067147 0.086687
v -0.052966 0.068927 0.084744
v -0.052616 0.065761 0.089242
v -0.052380 0.065582 0.091266
v -0.052462 0.065282 0.091220
v -0.052043 0.065632 0.095602
v -0.052115 0.065303 0.095675
v -0.052154 0.065156 0.095181
v -0.052392 0.065065 0.092115
v -0.051945 0.065952 0.097856
v -0.051605 0.069329 0.102219
v -0.051499 0.070512 0.102575
v -0.051559 0.070359 0.102815
v -0.051479 0.072121 0.103834
v -0.051379 0.074577 0.104118
v -0.051429 0.074521 0.104478
v -0.051421 0.077762 0.104574
v -0.051424 0.074764 0.104544
v -0.052573 0.088163 0.087824
v -0.052696 0.087387 0.088197
v -0.052714 0.087137 0.086022
v -0.052792 0.086721 0.086963
v -0.050329 0.089652 0.086953
v -0.051174 0.089502 0.087089
v -0.050487 0.088496 0.084923
v -0.051330 0.088359 0.085083
v -0.050582 0.087306 0.083706
v -0.050773 0.084917 0.081260
v -0.051613 0.084820 0.081461
v -0.050888 0.081829 0.079787
v -0.051783 0.080247 0.079279
v -0.050945 0.080291 0.079053
v -0.051821 0.075198 0.078802
v -0.050983 0.075185 0.078570
v -0.051721 0.070295 0.080089
v -0.050882 0.070225 0.079872
v -0.049427 0.062999 0.098562
v -0.049547 0.062263 0.097029
v -0.050400 0.062423 0.097051
v -0.049943 0.061778 0.091938
v -0.050792 0.061944 0.092018
v -0.050328 0.063083 0.086993
v -0.051173 0.063235 0.087129
v -0.050437 0.064060 0.085598
v -0.051496 0.066137 0.082984
v -0.050654 0.066019 0.082800
v -0.050806 0.068826 0.080847
v -0.049187 0.064477 0.101641
v -0.050045 0.064613 0.101610
v -0.049002 0.066931 0.104022
v -0.049770 0.068246 0.105138
v -0.048909 0.068152 0.105209
v -0.049681 0.070258 0.106277
v -0.048819 0.070188 0.106361
v -0.051313 0.069075 0.104032
v -0.051525 0.069610 0.103253
v -0.051233 0.070883 0.105055
v -0.051444 0.071245 0.104293
v -0.051879 0.063846 0.096770
v -0.051979 0.064948 0.097422
v -0.051560 0.065814 0.100865
v -0.051761 0.066403 0.100228
v -0.051577 0.068552 0.102580
v -0.052460 0.064408 0.091247
v -0.052375 0.064362 0.092335
v -0.052231 0.063417 0.092251
v -0.052217 0.064275 0.094367
v -0.052048 0.064753 0.096536
v -0.052693 0.065340 0.088257
v -0.052572 0.064576 0.087860
v -0.052878 0.066793 0.085874
v -0.052862 0.067181 0.084137
v -0.052961 0.067852 0.084818
v -0.053154 0.075319 0.080383
v -0.053225 0.074153 0.081410
v -0.053064 0.070915 0.081539
v -0.053160 0.071443 0.082248
v -0.053043 0.068911 0.083762
v -0.053120 0.079852 0.080810
v -0.053240 0.076961 0.081218
v -0.053232 0.075394 0.081325
v -0.052967 0.083959 0.082771
v -0.053109 0.082578 0.082901
v -0.053202 0.079838 0.081706
v -0.052825 0.086389 0.086545
v -0.052967 0.084932 0.084717
v -0.053059 0.083409 0.083542
v -0.050606 0.070504 0.105820
v -0.050691 0.068572 0.104728
v -0.050955 0.065086 0.101341
v -0.051296 0.062983 0.096965
v -0.051672 0.062523 0.092134
v -0.052037 0.063763 0.087441
v -0.052347 0.066548 0.083462
v -0.052563 0.070539 0.080684
v -0.052659 0.075246 0.079448
v -0.052623 0.080091 0.079906
v -0.052459 0.084481 0.082001
v -0.052189 0.087878 0.085477
v -0.052038 0.088975 0.087403
v 0.076399 -0.016543 -0.012104
v 0.076206 -0.013151 -0.014581
v 0.079285 0.016773 0.024930
v 0.076656 -0.019674 -0.008798
v 0.076633 0.019399 -0.009130
v 0.076690 0.019891 -0.008399
v 0.076396 0.016451 -0.012176
v 0.077241 -0.023728 -0.001278
v 0.076961 -0.022204 -0.004877
v 0.076686 -0.019924 -0.008411
v 0.076191 -0.012880 -0.014778
v 0.076050 -0.009209 -0.016587
v 0.075954 -0.005012 -0.017833
v 0.079426 0.014702 0.026743
v 0.079607 0.010786 0.029070
v 0.078716 -0.022303 0.017656
v 0.079659 0.008993 0.029738
v 0.078916 -0.020929 0.020227
v 0.079164 -0.018456 0.023407
v 0.078285 -0.024382 0.012119
v 0.078032 -0.024829 0.008879
v 0.077951 -0.024974 0.007832
v 0.075950 -0.004597 -0.017881
v 0.075915 -0.000711 -0.018327
v 0.075915 -0.000007 -0.018337
v 0.076035 0.008620 -0.016807
v 0.076187 0.012750 -0.014849
v 0.076209 0.013131 -0.014574
v 0.077327 0.023970 -0.000219
v 0.077246 0.023720 -0.001271
v 0.076925 0.021922 -0.005386
v 0.078610 -0.023030 0.016298
v 0.077601 -0.024793 0.003346
v 0.077324 -0.023973 -0.000215
v 0.075946 0.004448 -0.017939
v 0.075949 0.004584 -0.017902
v 0.077577 0.024732 0.002980
v 0.077915 0.024984 0.007321
v 0.078036 0.024794 0.008873
v 0.078270 0.024424 0.011880
v 0.078589 0.023150 0.015983
v 0.078718 0.022279 0.017645
v 0.078915 0.020955 0.020172
v 0.079193 0.018131 0.023742
v 0.079283 -0.016776 0.024931
v 0.079727 0.006639 0.030616
v 0.079788 0.002350 0.031401
v 0.079657 -0.008994 0.029723
v 0.079403 -0.015084 0.026468
v 0.079591 -0.011179 0.028884
v 0.079789 -0.000005 0.031414
v 0.079790 -0.002087 0.031425
v 0.079725 -0.006703 0.030601
v -0.064403 0.121390 0.022254
v -0.065370 0.121096 0.009845
v -0.069937 0.101487 -0.048790
v -0.069893 0.101906 -0.048224
v -0.068886 0.109230 -0.035300
v -0.068505 0.111254 -0.030413
v -0.067817 0.114912 -0.021580
v -0.066970 0.117920 -0.010701
v -0.066703 0.118868 -0.007271
v -0.065559 0.121038 0.007415
v -0.070823 0.093052 -0.060158
v -0.071368 0.086640 -0.067197
v -0.071207 0.088533 -0.065119
v -0.063750 0.120554 0.030640
v -0.063253 0.119919 0.037024
v -0.062158 0.116739 0.051093
v -0.062126 0.116646 0.051505
v -0.061038 0.111621 0.065478
v -0.060651 0.109106 0.070451
v -0.060006 0.104919 0.078732
v -0.059258 0.098468 0.088346
v -0.059046 0.096640 0.091069
v -0.058172 0.086911 0.102305
v -0.058030 0.084893 0.104127
v -0.057397 0.075876 0.112270
v -0.057007 0.068732 0.117282
v -0.057017 -0.068708 0.117292
v -0.056741 -0.063676 0.120822
v -0.056201 -0.050667 0.127748
v -0.056196 -0.050543 0.127814
v -0.055779 -0.036651 0.133153
v -0.055668 -0.030957 0.134573
v -0.055498 -0.022208 0.136756
v -0.055384 -0.010412 0.138204
v -0.055355 -0.007430 0.138571
v -0.055354 0.007458 0.138570
v -0.055382 0.010440 0.138203
v -0.055495 0.022234 0.136752
v -0.055664 0.030983 0.134568
v -0.055774 0.036677 0.133147
v -0.056189 0.050569 0.127806
v -0.056194 0.050693 0.127741
v -0.056733 0.063700 0.120813
v -0.057408 -0.075852 0.112281
v -0.058042 -0.084871 0.104139
v -0.058184 -0.086889 0.102318
v -0.059060 -0.096620 0.091083
v -0.059272 -0.098448 0.088361
v -0.060021 -0.104899 0.078747
v -0.060666 -0.109088 0.070467
v -0.061054 -0.111603 0.065494
v -0.062142 -0.116630 0.051521
v -0.062174 -0.116723 0.051110
v -0.063270 -0.119905 0.037042
v -0.063767 -0.120542 0.030658
v -0.064420 -0.121378 0.022271
v -0.065386 -0.121086 0.009863
v -0.065576 -0.121028 0.007432
v -0.066719 -0.118860 -0.007253
v -0.066986 -0.117912 -0.010684
v -0.067833 -0.114906 -0.021563
v -0.068521 -0.111250 -0.030397
v -0.068901 -0.109226 -0.035284
v -0.069907 -0.101904 -0.048210
v -0.069951 -0.101485 -0.048775
v -0.070836 -0.093052 -0.060144
v -0.071219 -0.088533 -0.065106
v -0.071380 -0.086640 -0.067185
v -0.064156 0.090227 -0.059215
v -0.064075 0.090389 -0.058868
v -0.064072 0.090393 -0.058859
v -0.061625 0.090939 -0.055759
v -0.062269 0.090960 -0.056285
v -0.062311 0.090962 -0.056320
v -0.061435 0.090900 -0.055666
v -0.061436 0.090900 -0.055667
v -0.061455 0.090905 -0.055675
v -0.062941 0.090982 -0.056833
v -0.063054 0.090937 -0.057013
v -0.063964 0.090517 -0.058551
v -0.063906 0.090583 -0.058388
v -0.063897 0.090593 -0.058362
v -0.063628 0.090703 -0.057932
v -0.063340 0.090820 -0.057471
v -0.063248 0.090857 -0.057326
v -0.064752 0.090897 -0.060236
v -0.064900 0.090960 -0.060280
v -0.064698 0.091557 -0.059517
v -0.065243 0.091481 -0.059977
v -0.065122 0.091807 -0.059554
v -0.064704 0.091560 -0.059518
v -0.065305 0.091134 -0.060397
v -0.064903 0.090962 -0.060281
v -0.064158 0.090792 -0.059139
v -0.064198 0.090986 -0.059269
v -0.064319 0.090389 -0.059835
v -0.064317 0.090384 -0.059832
v -0.064362 0.090513 -0.059938
v -0.064556 0.090704 -0.060087
v -0.064366 0.091193 -0.059363
v -0.064557 0.090705 -0.060088
v -0.064368 0.091196 -0.059365
v -0.064626 0.091514 -0.059511
v -0.053326 0.089767 -0.053535
v -0.057380 0.090335 -0.054601
v -0.044445 0.088471 -0.051708
v -0.039331 0.067332 -0.072973
v -0.024050 0.064437 -0.071692
v -0.026082 0.064768 -0.071912
v -0.035051 0.066504 -0.072630
v -0.037604 0.066998 -0.072834
v -0.018775 0.063576 -0.071121
v -0.018762 0.063574 -0.071119
v -0.006154 0.061911 -0.069391
v -0.010456 0.062478 -0.069980
v 0.016563 0.060411 -0.065027
v 0.013310 0.060421 -0.065834
v 0.003100 0.061017 -0.067866
v 0.002677 0.061041 -0.067950
v -0.005263 0.061794 -0.069269
v 0.033438 0.061604 -0.059601
v 0.032911 0.061505 -0.059835
v 0.031122 0.061148 -0.060603
v 0.029331 0.060860 -0.061393
v 0.029780 0.060917 -0.061224
v 0.023266 0.060428 -0.063328
v 0.022756 0.060392 -0.063491
v 0.019930 0.060401 -0.064191
v 0.035610 0.062439 -0.058150
v 0.035652 0.062455 -0.058122
v 0.036492 0.063251 -0.057000
v 0.031593 0.067869 -0.052547
v 0.032001 0.067666 -0.052698
v 0.033941 0.066701 -0.053421
v 0.034733 0.066134 -0.053931
v 0.036582 0.063337 -0.056879
v 0.036643 0.064211 -0.055825
v 0.035900 0.065251 -0.054737
v 0.035831 0.065346 -0.054637
v 0.013875 0.074404 -0.049166
v 0.022784 0.071470 -0.050336
v 0.023996 0.071035 -0.050554
v 0.029040 0.069037 -0.051734
v 0.030034 0.068644 -0.051966
v 0.002501 0.077700 -0.048408
v 0.004373 0.077159 -0.048529
v 0.011614 0.075067 -0.049002
v 0.013624 0.074486 -0.049132
v -0.043707 0.088335 -0.051595
v -0.040001 0.087653 -0.051027
v -0.034091 0.086565 -0.050122
v -0.033795 0.086510 -0.050076
v -0.024474 0.084472 -0.049162
v -0.020677 0.083642 -0.048789
v -0.014844 0.082208 -0.048540
v -0.014686 0.082169 -0.048533
v -0.009196 0.080822 -0.048299
v -0.005210 0.079758 -0.048335
v -0.070822 0.079618 -0.073699
v -0.070866 0.079008 -0.074229
v -0.071138 0.075442 -0.077594
v -0.071164 0.075107 -0.077911
v -0.071257 0.073893 -0.079056
v -0.071418 0.072261 -0.081068
v -0.071464 0.071795 -0.081642
v -0.071584 0.070574 -0.083149
v -0.071694 0.069770 -0.084510
v -0.071825 0.068799 -0.086156
v -0.072636 0.065096 -0.096324
v -0.072762 0.064692 -0.097904
v -0.072291 0.066200 -0.091998
v -0.072218 0.066580 -0.091068
v -0.071993 0.067737 -0.088242
v -0.071918 0.068119 -0.087308
v -0.072970 0.064336 -0.100502
v -0.073077 0.064154 -0.101834
v -0.073245 0.063865 -0.103948
v -0.073646 0.063626 -0.108982
v -0.073966 0.063436 -0.112991
v -0.069735 0.092943 -0.060150
v -0.070259 0.086968 -0.066748
v -0.070293 0.086527 -0.067166
v -0.070691 0.081330 -0.072079
v -0.065915 0.084090 -0.067994
v -0.065854 0.084799 -0.067229
v -0.065431 0.084673 -0.067139
v -0.065066 0.084429 -0.066926
v -0.065284 0.077254 -0.072827
v -0.065346 0.077405 -0.072992
v -0.065347 0.077409 -0.072995
v -0.066214 0.080168 -0.071676
v -0.066374 0.078064 -0.073652
v -0.065959 0.077916 -0.073518
v -0.065956 0.077915 -0.073517
v -0.065802 0.077860 -0.073467
v -0.065394 0.077520 -0.073117
v -0.065597 0.077689 -0.073291
v -0.065598 0.077690 -0.073292
v -0.065329 0.076611 -0.074085
v -0.063165 0.074374 -0.074680
v -0.063160 0.074476 -0.075033
v -0.063712 0.074781 -0.074985
v -0.065710 0.076756 -0.074467
v -0.066119 0.076771 -0.074707
v -0.063392 0.074116 -0.076295
v -0.064137 0.074591 -0.076082
v -0.063905 0.074771 -0.075648
v -0.065012 0.075147 -0.075832
v -0.064996 0.075661 -0.075198
v -0.065337 0.075579 -0.075541
v -0.066077 0.076559 -0.074879
v -0.063206 0.074204 -0.074368
v -0.063693 0.074523 -0.074344
v -0.064142 0.074909 -0.074255
v -0.064546 0.075183 -0.073858
v -0.065074 0.076199 -0.073423
v -0.062586 0.074254 -0.075004
v -0.062641 0.074110 -0.074655
v -0.062688 0.073988 -0.074358
v -0.062698 0.073957 -0.074332
v -0.063680 0.074681 -0.074648
v -0.064223 0.075158 -0.074861
v -0.065196 0.076493 -0.073865
v -0.064578 0.075493 -0.074379
v -0.064536 0.075351 -0.074105
v -0.065111 0.076353 -0.073641
v -0.063790 0.074811 -0.075327
v -0.062580 0.074227 -0.075383
v -0.062573 0.074205 -0.075708
v -0.062652 0.073851 -0.076313
v -0.062578 0.074184 -0.075744
v -0.064672 0.075596 -0.074666
v -0.050926 0.070573 -0.073884
v -0.051009 0.070308 -0.073662
v -0.050872 0.070523 -0.075829
v -0.050818 0.070776 -0.075351
v -0.050806 0.070826 -0.075257
v -0.050803 0.070844 -0.075223
v -0.050917 0.070602 -0.073909
v -0.050818 0.070873 -0.074535
v -0.050867 0.070741 -0.074230
v 0.016641 0.060320 -0.065326
v 0.016708 0.060247 -0.065576
v 0.003240 0.060997 -0.068554
v 0.028389 0.069970 -0.051032
v 0.029360 0.069502 -0.051344
v 0.029229 0.069325 -0.051524
v -0.037552 0.067150 -0.073042
v 0.023400 0.060292 -0.063727
v 0.022851 0.071616 -0.050284
v 0.022870 0.071651 -0.050255
v 0.032210 0.067904 -0.052484
v 0.034935 0.066276 -0.053781
v 0.036070 0.065324 -0.054658
v 0.036765 0.064265 -0.055762
v 0.036658 0.063205 -0.057048
v 0.035769 0.062386 -0.058221
v 0.029951 0.060808 -0.061461
v 0.033055 0.061376 -0.060045
v 0.003171 0.061043 -0.068198
v -0.010379 0.062535 -0.070437
v -0.023957 0.064651 -0.072132
v -0.037491 0.067322 -0.073297
v -0.037372 0.067389 -0.074570
v -0.037881 0.067262 -0.075017
v -0.038210 0.067329 -0.075052
v -0.023833 0.064608 -0.073206
v -0.024450 0.064512 -0.073634
v -0.037392 0.067162 -0.074967
v -0.010228 0.062244 -0.071600
v -0.010811 0.062311 -0.071705
v -0.010252 0.062411 -0.071319
v -0.020887 0.063937 -0.073130
v -0.023829 0.064412 -0.073546
v -0.003755 0.061505 -0.070422
v 0.003298 0.060867 -0.068888
v 0.002640 0.060774 -0.069260
v 0.013538 0.060082 -0.066829
v 0.013412 0.060083 -0.066863
v 0.003331 0.060730 -0.069107
v 0.023497 0.060119 -0.064014
v 0.021985 0.060020 -0.064530
v 0.021132 0.060027 -0.064762
v 0.028441 0.060446 -0.062325
v 0.033133 0.061295 -0.060156
v 0.032569 0.061111 -0.060510
v 0.031109 0.060875 -0.061151
v 0.030033 0.060702 -0.061624
v 0.035333 0.062016 -0.058777
v 0.035802 0.062366 -0.058253
v 0.036647 0.062995 -0.057311
v 0.036708 0.063188 -0.057067
v 0.036947 0.063935 -0.056123
v 0.036815 0.064268 -0.055757
v 0.036540 0.064961 -0.054995
v 0.036145 0.065353 -0.054622
v 0.035247 0.066244 -0.053770
v 0.035068 0.066357 -0.053677
v 0.032476 0.067996 -0.052349
v 0.031759 0.068342 -0.052118
v 0.022957 0.071815 -0.050126
v 0.022964 0.071828 -0.050115
v 0.023128 0.072135 -0.049873
v 0.016802 0.060058 -0.065941
v -0.010306 0.062541 -0.070886
v -0.023877 0.064729 -0.072672
v -0.037401 0.067495 -0.073926
v -0.037440 0.067442 -0.073598
v 0.070226 0.048136 -0.067161
v 0.070111 0.049009 -0.065781
v 0.070473 0.047494 -0.067069
v 0.062440 0.045155 -0.092723
v 0.062545 0.045264 -0.091652
v 0.064875 0.044738 -0.091825
v 0.063808 0.047651 -0.077201
v 0.066070 0.047119 -0.077146
v 0.065769 0.045972 -0.081819
v 0.064585 0.060099 -0.056519
v 0.065024 0.066660 -0.048529
v 0.065146 0.066247 -0.049002
v 0.065163 0.066192 -0.049066
v 0.065177 0.066146 -0.049116
v 0.065373 0.065504 -0.049829
v 0.065766 0.064217 -0.051257
v 0.065901 0.063775 -0.051747
v 0.066565 0.061579 -0.054051
v 0.066522 0.053345 -0.064475
v 0.064209 0.053816 -0.064730
v 0.064232 0.054255 -0.064122
v 0.066955 0.059582 -0.056223
v 0.064390 0.057191 -0.060062
v 0.066379 0.050782 -0.068586
v 0.064090 0.051289 -0.068827
v 0.064172 0.053139 -0.065664
v 0.063879 0.047918 -0.076172
v 0.063974 0.049247 -0.072963
v 0.066255 0.048707 -0.072758
v 0.063976 0.049258 -0.072935
v 0.064040 0.050160 -0.070756
v 0.063409 0.046304 -0.082703
v 0.063490 0.046459 -0.081805
v 0.063492 0.046469 -0.081766
v 0.063243 0.045986 -0.084544
v 0.062423 0.045149 -0.092897
v 0.063837 0.044331 -0.102360
v 0.061514 0.044860 -0.102147
v 0.059601 0.044792 -0.123391
v 0.061241 0.044773 -0.104927
v 0.061409 0.044827 -0.103212
v 0.064172 0.043045 -0.123747
v 0.061965 0.044300 -0.123574
v 0.061946 0.044304 -0.123573
v 0.067747 0.041229 -0.102684
v 0.068762 0.039085 -0.102745
v 0.065849 0.041141 -0.123878
v 0.066867 0.038952 -0.123956
v 0.070045 0.039789 -0.088768
v 0.069757 0.039611 -0.091898
v 0.068760 0.041661 -0.091957
v 0.069342 0.039356 -0.096391
v 0.068923 0.039097 -0.100937
v 0.070582 0.040747 -0.081921
v 0.069614 0.042979 -0.081484
v 0.070615 0.040896 -0.081334
v 0.070625 0.040943 -0.081149
v 0.069896 0.044237 -0.076450
v 0.070925 0.042321 -0.075708
v 0.070077 0.045965 -0.071673
v 0.071097 0.044127 -0.070903
v 0.071149 0.044663 -0.069477
v 0.068762 0.054072 -0.061222
v 0.069449 0.051716 -0.063449
v 0.068715 0.052288 -0.063814
v 0.069540 0.051403 -0.063745
v 0.068537 0.049718 -0.068026
v 0.069780 0.050396 -0.064601
v 0.066795 0.060822 -0.054844
v 0.066980 0.060185 -0.055446
v 0.067193 0.059453 -0.056138
v 0.068193 0.056027 -0.059376
v 0.065762 0.041327 -0.123872
v 0.066039 0.043095 -0.102551
v 0.067059 0.043506 -0.091935
v 0.067926 0.044768 -0.081726
v 0.068212 0.045959 -0.076893
v 0.068393 0.047605 -0.072338
v 0.073581 0.030100 -0.076675
v 0.074174 0.025075 -0.078305
v 0.073555 0.024064 -0.086610
v 0.075591 0.003079 -0.082052
v 0.075542 0.006310 -0.082162
v 0.075540 0.006322 -0.081921
v 0.070628 -0.040945 -0.081103
v 0.070612 -0.040911 -0.081320
v 0.071026 -0.040036 -0.079995
v 0.072457 -0.029246 -0.089096
v 0.073552 -0.024088 -0.086606
v 0.068756 -0.039137 -0.102717
v 0.068060 -0.038973 -0.110141
v 0.069862 -0.037948 -0.095124
v 0.069346 -0.039275 -0.096415
v 0.071212 -0.033884 -0.091965
v 0.066862 -0.038980 -0.123951
v 0.070179 -0.039991 -0.087110
v 0.069754 -0.039626 -0.091864
v 0.069354 -0.039282 -0.096329
v 0.071662 -0.041859 -0.071067
v 0.071143 -0.044682 -0.069471
v 0.071097 -0.044154 -0.070834
v 0.070958 -0.042569 -0.074925
v 0.070911 -0.042324 -0.075838
v 0.070650 -0.040992 -0.080806
v 0.072956 -0.034226 -0.074907
v 0.072788 -0.035289 -0.074426
v 0.072513 -0.036279 -0.075323
v 0.072577 -0.036622 -0.073822
v 0.072288 -0.038451 -0.072993
v 0.073452 -0.030961 -0.076318
v 0.073367 -0.031634 -0.076082
v 0.074203 -0.025027 -0.078402
v 0.074453 -0.018486 -0.084579
v 0.074794 -0.018929 -0.079983
v 0.074402 -0.023261 -0.078942
v 0.074400 -0.023285 -0.078936
v 0.074250 -0.024664 -0.078530
v 0.075529 -0.006349 -0.081893
v 0.075483 -0.008491 -0.081777
v 0.075126 -0.012532 -0.083081
v 0.075301 -0.011647 -0.081309
v 0.075243 -0.012672 -0.081157
v 0.075037 -0.016240 -0.080628
v 0.075591 -0.003429 -0.082051
v 0.075541 -0.006334 -0.082161
v 0.075639 0.000069 -0.082173
v 0.075641 -0.000011 -0.082177
v 0.075651 -0.000647 -0.082203
v 0.075522 0.007439 -0.081875
v 0.075128 0.012507 -0.083083
v 0.075298 0.011798 -0.081298
v 0.074456 0.018462 -0.084581
v 0.075151 0.014662 -0.080920
v 0.075254 0.012640 -0.081187
v 0.074379 0.023345 -0.078865
v 0.074510 0.022231 -0.079227
v 0.074791 0.018913 -0.079968
v 0.073449 0.030962 -0.076300
v 0.072461 0.029222 -0.089100
v 0.072942 0.034273 -0.074860
v 0.071216 0.033860 -0.091970
v 0.072792 0.035254 -0.074434
v 0.072591 0.036574 -0.073859
v 0.072518 0.036257 -0.075328
v 0.072413 0.037735 -0.073354
v 0.071032 0.040013 -0.080001
v 0.071656 0.041883 -0.071033
v 0.069867 0.037924 -0.095129
v 0.022775 -0.071482 -0.050326
v 0.019277 -0.072674 -0.049784
v 0.013838 -0.074365 -0.049218
v 0.011540 -0.075080 -0.048979
v 0.029824 -0.068755 -0.051892
v 0.029102 -0.069035 -0.051731
v 0.035500 -0.065644 -0.054358
v 0.034810 -0.066093 -0.053971
v 0.033144 -0.067177 -0.053038
v 0.032104 -0.067672 -0.052678
v 0.031678 -0.067874 -0.052532
v 0.036416 -0.063192 -0.057091
v 0.036558 -0.063327 -0.056901
v 0.036662 -0.063614 -0.056537
v 0.036665 -0.063629 -0.056519
v 0.036689 -0.063796 -0.056315
v 0.036610 -0.064175 -0.055881
v 0.036560 -0.064413 -0.055607
v 0.035900 -0.065179 -0.054830
v 0.035505 -0.062412 -0.058210
v 0.035601 -0.062453 -0.058141
v 0.035656 -0.062476 -0.058102
v 0.025357 -0.060525 -0.062714
v 0.029637 -0.060946 -0.061232
v 0.030456 -0.061027 -0.060948
v 0.032714 -0.061514 -0.059875
v 0.034094 -0.061812 -0.059219
v 0.007669 -0.060697 -0.067000
v 0.016438 -0.060370 -0.065095
v 0.002989 -0.061087 -0.067825
v -0.004172 -0.061686 -0.069088
v 0.016942 -0.060352 -0.064986
v 0.019913 -0.060412 -0.064184
v 0.023096 -0.060479 -0.063325
v -0.006175 -0.061947 -0.069365
v -0.010546 -0.062516 -0.069970
v -0.018918 -0.063605 -0.071128
v -0.024115 -0.064505 -0.071644
v -0.046697 -0.069006 -0.073334
v -0.037632 -0.067054 -0.072791
v -0.035038 -0.066496 -0.072636
v -0.032672 -0.065986 -0.072494
v -0.043719 -0.088323 -0.051581
v -0.053339 -0.089769 -0.053522
v -0.019239 -0.083290 -0.048676
v -0.024422 -0.084445 -0.049137
v -0.031542 -0.086033 -0.049771
v -0.034084 -0.086520 -0.050137
v -0.040088 -0.087668 -0.051001
v -0.042733 -0.088175 -0.051382
v 0.009818 -0.075615 -0.048800
v 0.004378 -0.077161 -0.048535
v 0.000023 -0.078398 -0.048322
v -0.005152 -0.079791 -0.048262
v -0.005575 -0.079905 -0.048258
v -0.014713 -0.082169 -0.048537
v -0.014766 -0.082182 -0.048539
v -0.061448 -0.090900 -0.055653
v -0.057393 -0.090335 -0.054588
v -0.064526 -0.091413 -0.059462
v -0.064723 -0.091541 -0.059488
v -0.064764 -0.090897 -0.060223
v -0.064384 -0.091201 -0.059355
v -0.064569 -0.090705 -0.060075
v -0.064381 -0.091196 -0.059352
v -0.064330 -0.090384 -0.059818
v -0.064168 -0.090227 -0.059202
v -0.064331 -0.090389 -0.059822
v -0.064146 -0.090792 -0.059135
v -0.064116 -0.090586 -0.058993
v -0.064087 -0.090389 -0.058855
v -0.065256 -0.091481 -0.059964
v -0.065318 -0.091134 -0.060383
v -0.064915 -0.090962 -0.060267
v -0.065135 -0.091807 -0.059541
v -0.064730 -0.091545 -0.059488
v -0.064912 -0.090960 -0.060267
v -0.064568 -0.090704 -0.060074
v -0.064374 -0.090513 -0.059925
v -0.064156 -0.090860 -0.059182
v -0.064146 -0.090794 -0.059136
v -0.061817 -0.090970 -0.055849
v -0.061886 -0.090970 -0.055909
v -0.064083 -0.090395 -0.058840
v -0.063981 -0.090519 -0.058539
v -0.063960 -0.090546 -0.058475
v -0.062279 -0.090967 -0.056260
v -0.062321 -0.090967 -0.056298
v -0.062685 -0.090965 -0.056621
v -0.063080 -0.090962 -0.056972
v -0.063088 -0.090958 -0.056987
v -0.063274 -0.090870 -0.057305
v -0.063632 -0.090701 -0.057916
v -0.070307 -0.086543 -0.067170
v -0.069748 -0.092943 -0.060137
v -0.070703 -0.081336 -0.072071
v -0.070833 -0.079620 -0.073687
v -0.066226 -0.080167 -0.071663
v -0.066385 -0.078066 -0.073640
v -0.065969 -0.077918 -0.073506
v -0.065076 -0.084431 -0.066914
v -0.065405 -0.077522 -0.073106
v -0.065358 -0.077408 -0.072981
v -0.065357 -0.077407 -0.072980
v -0.065443 -0.084675 -0.067126
v -0.065867 -0.084796 -0.067213
v -0.065926 -0.084110 -0.067951
v -0.065813 -0.077862 -0.073455
v -0.065608 -0.077691 -0.073280
v -0.065607 -0.077690 -0.073279
v -0.065965 -0.077916 -0.073505
v -0.063170 -0.074477 -0.075018
v -0.062597 -0.074254 -0.074989
v -0.062652 -0.074110 -0.074640
v -0.062709 -0.073959 -0.074321
v -0.062710 -0.073954 -0.074317
v -0.063704 -0.074522 -0.074328
v -0.063722 -0.074782 -0.074969
v -0.063914 -0.074774 -0.075636
v -0.063757 -0.074322 -0.074076
v -0.065120 -0.076352 -0.073626
v -0.064873 -0.075836 -0.073883
v -0.064557 -0.075181 -0.073843
v -0.063269 -0.074439 -0.075733
v -0.062955 -0.073947 -0.076308
v -0.062662 -0.073855 -0.076303
v -0.062588 -0.074186 -0.075733
v -0.062583 -0.074207 -0.075697
v -0.062596 -0.074256 -0.074993
v -0.064152 -0.074602 -0.076063
v -0.065337 -0.076612 -0.074071
v -0.065719 -0.076758 -0.074455
v -0.065054 -0.076087 -0.074390
v -0.065005 -0.075663 -0.075185
v -0.062793 -0.073698 -0.074098
v -0.063690 -0.074681 -0.074632
v -0.062699 -0.073990 -0.074347
v -0.064587 -0.075493 -0.074364
v -0.064546 -0.075350 -0.074090
v -0.064786 -0.074950 -0.075934
v -0.064499 -0.075186 -0.075451
v -0.065309 -0.075599 -0.075505
v -0.066087 -0.076564 -0.074867
v -0.066129 -0.076774 -0.074696
v -0.064232 -0.075159 -0.074846
v -0.064681 -0.075597 -0.074651
v -0.065276 -0.076882 -0.073326
v -0.050927 -0.070606 -0.073899
v -0.050936 -0.070577 -0.073874
v -0.051019 -0.070311 -0.073651
v -0.056775 -0.072180 -0.076056
v -0.050816 -0.070830 -0.075246
v -0.050826 -0.070783 -0.075336
v -0.050882 -0.070527 -0.075819
v -0.050813 -0.070848 -0.075213
v -0.050828 -0.070877 -0.074524
v -0.050877 -0.070744 -0.074217
v -0.026664 -0.064930 -0.073888
v -0.023896 -0.064466 -0.073513
v -0.023903 -0.064628 -0.073200
v 0.031097 -0.060896 -0.061136
v 0.032888 -0.061202 -0.060329
v 0.032881 -0.061351 -0.060121
v 0.035786 -0.062281 -0.058362
v 0.036656 -0.063125 -0.057159
v 0.036595 -0.063136 -0.057150
v 0.025475 -0.071211 -0.050330
v 0.023118 -0.072147 -0.049863
v 0.023057 -0.072045 -0.049982
v 0.029399 -0.069466 -0.051386
v 0.029282 -0.069308 -0.051532
v 0.031208 -0.068662 -0.051872
v 0.032279 -0.067874 -0.052504
v 0.031745 -0.068354 -0.052109
v 0.036214 -0.065369 -0.054590
v 0.035149 -0.066325 -0.053700
v 0.035005 -0.066232 -0.053823
v 0.034630 -0.066701 -0.053375
v 0.032384 -0.067988 -0.052388
v 0.036791 -0.063256 -0.056972
v 0.036910 -0.064156 -0.055875
v 0.036782 -0.064188 -0.055856
v 0.036246 -0.065312 -0.054651
v 0.036123 -0.065266 -0.054720
v 0.035332 -0.062035 -0.058760
v 0.035646 -0.062333 -0.058317
v 0.035754 -0.062265 -0.058389
v 0.020965 -0.060076 -0.064763
v 0.023279 -0.060079 -0.064116
v 0.023239 -0.060301 -0.063763
v 0.028786 -0.060501 -0.062177
v 0.029775 -0.060800 -0.061520
v 0.029861 -0.060685 -0.061693
v 0.016570 -0.060262 -0.065600
v 0.016664 -0.060071 -0.065968
v 0.003133 -0.061018 -0.068561
v 0.003192 -0.060889 -0.068896
v 0.013528 -0.060109 -0.066808
v 0.014194 -0.060068 -0.066658
v -0.010344 -0.062434 -0.071318
v -0.003769 -0.061487 -0.070437
v -0.000327 -0.061063 -0.069838
v 0.003099 -0.060745 -0.069156
v 0.003226 -0.060737 -0.069127
v -0.020895 -0.063962 -0.073105
v -0.012717 -0.062590 -0.071995
v -0.010320 -0.062294 -0.071578
v -0.038270 -0.067347 -0.075046
v -0.037408 -0.067403 -0.074558
v -0.037892 -0.067268 -0.075008
v -0.037429 -0.067172 -0.074962
v -0.037528 -0.067333 -0.073287
v -0.037588 -0.067160 -0.073033
v -0.023946 -0.064748 -0.072667
v -0.010470 -0.062556 -0.070438
v -0.024027 -0.064669 -0.072127
v 0.003065 -0.061062 -0.068207
v 0.016504 -0.060334 -0.065348
v 0.023038 -0.072009 -0.050004
v 0.022955 -0.071844 -0.050105
v 0.022950 -0.071831 -0.050113
v -0.037437 -0.067507 -0.073914
v -0.037476 -0.067453 -0.073587
v -0.010396 -0.062563 -0.070887
v 0.070219 -0.048173 -0.067122
v 0.070073 -0.046008 -0.071613
v 0.069896 -0.044271 -0.076384
v 0.069611 -0.043008 -0.081445
v 0.068757 -0.041687 -0.091922
v 0.067743 -0.041254 -0.102655
v 0.064166 -0.043073 -0.123741
v 0.065868 -0.041187 -0.123874
v 0.065870 -0.041182 -0.123874
v 0.061940 -0.044332 -0.123566
v 0.061959 -0.044328 -0.123568
v 0.066035 -0.043119 -0.102523
v 0.061509 -0.044867 -0.102119
v 0.061402 -0.044823 -0.103205
v 0.063833 -0.044355 -0.102332
v 0.061379 -0.044813 -0.103443
v 0.062416 -0.045241 -0.092892
v 0.064872 -0.044762 -0.091791
v 0.062542 -0.045293 -0.091615
v 0.063408 -0.046315 -0.082695
v 0.063404 -0.046300 -0.082759
v 0.065765 -0.046000 -0.081783
v 0.063364 -0.046221 -0.083208
v 0.062657 -0.045341 -0.090445
v 0.063476 -0.046543 -0.081739
v 0.066069 -0.047153 -0.077084
v 0.063810 -0.047661 -0.077039
v 0.063978 -0.049246 -0.072945
v 0.066250 -0.048749 -0.072701
v 0.063982 -0.049277 -0.072867
v 0.064238 -0.054292 -0.064129
v 0.064219 -0.053858 -0.064736
v 0.066515 -0.053367 -0.064464
v 0.064166 -0.052687 -0.066382
v 0.066373 -0.050817 -0.068549
v 0.064105 -0.051334 -0.068794
v 0.064035 -0.049782 -0.071561
v 0.064361 -0.057025 -0.060292
v 0.066948 -0.059602 -0.056211
v 0.064571 -0.060125 -0.056511
v 0.066987 -0.060162 -0.055512
v 0.066754 -0.060946 -0.054727
v 0.066558 -0.061589 -0.054037
v 0.065762 -0.064209 -0.051224
v 0.065364 -0.065516 -0.049818
v 0.065250 -0.065892 -0.049415
v 0.065225 -0.065975 -0.049321
v 0.065015 -0.066676 -0.048519
v 0.068726 -0.054166 -0.061145
v 0.068179 -0.056061 -0.059397
v 0.067383 -0.058830 -0.056845
v 0.067179 -0.059519 -0.056155
v 0.069438 -0.051685 -0.063430
v 0.068708 -0.052310 -0.063804
v 0.069805 -0.050409 -0.064606
v 0.068531 -0.049754 -0.067988
v 0.069964 -0.049857 -0.065115
v 0.070190 -0.048869 -0.065946
v 0.068389 -0.047647 -0.072279
v 0.068212 -0.045994 -0.076831
v 0.067922 -0.044796 -0.081688
v 0.067057 -0.043532 -0.091900
v 0.059595 -0.044818 -0.123384
v -0.073974 -0.063442 -0.112982
v 0.034185 -0.046562 -0.121406
v 0.027072 -0.047285 -0.120852
v 0.008823 -0.049138 -0.119431
v -0.040690 0.056577 -0.115582
v -0.023925 0.053779 -0.116887
v -0.015477 0.052369 -0.117545
v -0.006976 0.051235 -0.118207
v 0.009709 0.049007 -0.119506
v 0.027082 0.047259 -0.120859
v 0.034624 0.046499 -0.121446
v -0.040833 -0.056634 -0.115563
v -0.041657 -0.056772 -0.115499
v -0.066755 -0.061830 -0.113544
v -0.065722 0.061598 -0.113633
v -0.040826 0.056605 -0.115571
v -0.006984 -0.051266 -0.118199
v -0.016473 -0.052544 -0.117460
v -0.023934 -0.053796 -0.116879
v -0.071031 -0.076885 -0.076109
v -0.071148 -0.075438 -0.077572
v -0.071174 -0.075113 -0.077900
v -0.071344 -0.073012 -0.080022
v -0.071427 -0.072250 -0.081044
v -0.071474 -0.071809 -0.081636
v -0.071698 -0.069729 -0.084426
v -0.071836 -0.068836 -0.086158
v -0.072002 -0.067758 -0.088247
v -0.072092 -0.067183 -0.089363
v -0.072227 -0.066612 -0.091063
v -0.072318 -0.066227 -0.092208
v -0.072497 -0.065470 -0.094462
v -0.072645 -0.065101 -0.096311
v -0.072977 -0.064274 -0.100466
v -0.073085 -0.064147 -0.101820
v -0.073655 -0.063571 -0.108969
v -0.073534 -0.063619 -0.107451
v -0.042451 -0.089759 0.086293
v -0.046291 -0.090326 0.087974
v -0.050132 -0.090890 0.089653
v -0.034316 -0.088520 0.083229
v -0.030782 -0.067178 0.103512
v -0.040924 -0.070109 0.105881
v -0.007603 -0.062611 0.096722
v -0.018758 -0.064496 0.100164
v -0.019727 -0.064660 0.100463
v -0.028103 -0.066567 0.102773
v -0.029862 -0.066968 0.103258
v 0.014624 -0.060631 0.089059
v 0.004419 -0.061233 0.092698
v 0.003536 -0.061333 0.092995
v -0.003482 -0.062121 0.095351
v -0.007135 -0.062532 0.096577
v 0.039073 -0.061884 0.078888
v 0.036451 -0.061495 0.080155
v 0.033566 -0.061068 0.081547
v 0.025790 -0.060574 0.084806
v 0.022063 -0.060577 0.086233
v 0.015450 -0.060582 0.088765
v 0.041358 -0.062529 0.077508
v 0.041508 -0.062572 0.077417
v 0.043180 -0.063492 0.075879
v 0.042142 -0.062751 0.077035
v 0.043765 -0.063648 0.075617
v 0.042446 -0.066954 0.072648
v 0.043560 -0.066178 0.073097
v 0.043563 -0.066176 0.073099
v 0.044224 -0.064323 0.074789
v 0.044347 -0.064505 0.074567
v 0.044277 -0.065232 0.073847
v 0.037918 -0.069326 0.071660
v 0.040013 -0.068318 0.072021
v 0.040954 -0.067866 0.072184
v 0.041550 -0.067579 0.072287
v 0.023013 -0.074471 0.071581
v 0.023622 -0.074273 0.071567
v 0.032418 -0.071416 0.071351
v 0.034686 -0.070555 0.071478
v 0.020969 -0.075066 0.071766
v 0.012475 -0.077540 0.072536
v 0.001389 -0.080534 0.074157
v 0.011665 -0.077776 0.072609
v -0.031578 -0.087995 0.082359
v -0.029702 -0.087636 0.081762
v -0.023236 -0.086397 0.079708
v -0.020627 -0.085815 0.079031
v -0.011907 -0.083871 0.076773
v -0.009643 -0.083309 0.076309
v -0.005034 -0.082168 0.075364
v -0.000620 -0.081073 0.074459
v -0.048732 -0.072862 0.107625
v -0.044827 -0.071486 0.106754
v -0.051247 -0.076953 0.106967
v -0.050984 -0.075915 0.107385
v -0.050958 -0.075807 0.107429
v -0.050846 -0.075366 0.107606
v -0.049198 -0.073244 0.107714
v -0.049566 -0.073543 0.107784
v -0.049682 -0.073638 0.107806
v -0.049770 -0.073710 0.107823
v -0.050055 -0.074148 0.107766
v -0.050400 -0.074680 0.107697
v -0.050408 -0.074693 0.107694
v -0.051680 -0.085365 0.099082
v -0.051493 -0.085229 0.098996
v -0.051430 -0.083831 0.100763
v -0.051820 -0.085539 0.099188
v -0.051916 -0.085659 0.099255
v -0.051730 -0.084035 0.100992
v -0.051801 -0.084111 0.101069
v -0.051801 -0.084113 0.101067
v -0.051870 -0.084901 0.100340
v -0.051653 -0.082438 0.102610
v -0.051563 -0.082243 0.102477
v -0.051647 -0.082349 0.102668
v -0.051428 -0.082147 0.102293
v -0.051247 -0.082077 0.102142
v -0.051597 -0.083921 0.100867
v -0.052263 -0.090039 0.093923
v -0.052194 -0.090283 0.093351
v -0.050911 -0.090968 0.090421
v -0.051014 -0.090978 0.090523
v -0.051239 -0.091001 0.090744
v -0.052135 -0.090486 0.092876
v -0.052122 -0.090533 0.092764
v -0.052085 -0.090660 0.092467
v -0.051946 -0.090716 0.092184
v -0.051662 -0.090831 0.091604
v -0.051655 -0.090834 0.091590
v -0.040914 0.070129 0.105871
v -0.044817 0.071508 0.106744
v -0.048721 0.072884 0.107614
v -0.032684 0.067704 0.103985
v -0.042439 0.089777 0.086280
v -0.032879 0.088287 0.082719
v -0.009615 0.083339 0.076247
v -0.020398 0.085789 0.078945
v -0.021960 0.086144 0.079335
v -0.029719 0.087667 0.081740
v -0.031483 0.088013 0.082286
v 0.013339 0.077301 0.072454
v 0.002573 0.080253 0.073902
v 0.002068 0.080381 0.073999
v -0.005019 0.082174 0.075362
v -0.009193 0.083232 0.076166
v 0.038608 0.069034 0.071730
v 0.035794 0.070137 0.071530
v 0.033514 0.071032 0.071367
v 0.025278 0.073778 0.071455
v 0.024618 0.073975 0.071503
v 0.020945 0.075074 0.071776
v 0.015211 0.076788 0.072201
v 0.042824 0.066459 0.072945
v 0.041515 0.067615 0.072260
v 0.041123 0.067806 0.072188
v 0.043466 0.066278 0.073022
v 0.041000 0.067867 0.072166
v 0.041342 0.062538 0.077503
v 0.042316 0.062822 0.076905
v 0.042771 0.063092 0.076490
v 0.043741 0.063667 0.075604
v 0.043908 0.063767 0.075450
v 0.044142 0.065379 0.073734
v 0.044311 0.065154 0.073913
v 0.044360 0.064500 0.074567
v 0.033752 0.061093 0.081459
v 0.035408 0.061344 0.080656
v 0.039229 0.061922 0.078801
v 0.040493 0.062291 0.078024
v 0.009005 0.060901 0.091084
v 0.013799 0.060657 0.089361
v 0.008950 0.060905 0.091104
v 0.002969 0.061375 0.093193
v 0.002796 0.061391 0.093253
v 0.014243 0.060634 0.089201
v 0.022099 0.060569 0.086222
v 0.024546 0.060549 0.085293
v -0.029939 0.067051 0.103246
v -0.028052 0.066601 0.102737
v -0.021464 0.065032 0.100960
v -0.018967 0.064580 0.100205
v -0.010341 0.063017 0.097597
v -0.008033 0.062730 0.096834
v -0.003461 0.062162 0.095323
v 0.002569 0.061412 0.093331
v -0.050120 0.090910 0.089640
v -0.046279 0.090344 0.087961
v -0.052251 0.090059 0.093910
v -0.052103 0.090496 0.092857
v -0.052089 0.090542 0.092748
v -0.052025 0.090727 0.092300
v -0.050561 0.090963 0.090058
v -0.050908 0.091004 0.090385
v -0.051019 0.091017 0.090489
v -0.051102 0.091027 0.090567
v -0.051346 0.090948 0.091026
v -0.051643 0.090852 0.091582
v -0.051650 0.090849 0.091596
v -0.051418 0.082164 0.102282
v -0.051236 0.082093 0.102131
v -0.051552 0.082259 0.102467
v -0.051643 0.082318 0.102594
v -0.051719 0.084065 0.100972
v -0.051789 0.084136 0.101054
v -0.051789 0.084134 0.101056
v -0.051741 0.083404 0.101842
v -0.051892 0.085683 0.099384
v -0.051808 0.085557 0.099181
v -0.051897 0.085741 0.099295
v -0.051419 0.083860 0.100744
v -0.051666 0.085384 0.099074
v -0.051480 0.085248 0.098989
v -0.051586 0.083950 0.100847
v -0.051236 0.076975 0.106956
v -0.051103 0.076410 0.107191
v -0.049549 0.073589 0.107757
v -0.049658 0.073682 0.107775
v -0.049897 0.073885 0.107817
v -0.050993 0.075941 0.107386
v -0.050967 0.075831 0.107431
v -0.050898 0.075537 0.107553
v -0.050734 0.075266 0.107596
v -0.050397 0.074710 0.107685
v -0.050389 0.074696 0.107688
v 0.089766 -0.000004 0.030735
v 0.089635 -0.009035 0.029053
v 0.089259 -0.016847 0.024231
v 0.088689 -0.022384 0.016922
v 0.088003 -0.024899 0.008113
v 0.087293 -0.024052 -0.001009
v 0.086654 -0.019957 -0.009208
v 0.086174 -0.013168 -0.015379
v 0.085917 -0.004602 -0.018689
v 0.085918 0.004586 -0.018689
v 0.085885 -0.000008 -0.019114
v 0.086176 0.013154 -0.015381
v 0.086657 0.019943 -0.009211
v 0.087296 0.024040 -0.001012
v 0.088006 0.024887 0.008109
v 0.088692 0.022374 0.016918
v 0.089261 0.016837 0.024229
v 0.089636 0.009027 0.029052
v -0.063502 -0.121296 0.020102
v -0.063341 -0.121125 0.022172
v -0.056415 -0.077018 0.111070
v -0.056341 -0.075711 0.112013
v -0.054409 0.021081 0.136732
v -0.054430 0.022192 0.136465
v -0.057927 0.096076 0.091486
v -0.057974 0.096491 0.090875
v -0.058886 0.104454 0.079155
v -0.058933 0.104760 0.078558
v -0.068806 0.101783 -0.048229
v -0.065619 0.118712 -0.007321
v -0.066718 0.114842 -0.021428
v -0.066733 0.114765 -0.021614
v -0.067791 0.109160 -0.035202
v -0.067800 0.109094 -0.035318
v -0.068802 0.101823 -0.048174
v -0.061049 0.116478 0.051374
v -0.062138 0.119702 0.037382
v -0.062174 0.119750 0.036915
v -0.063292 0.121232 0.022566
v -0.063323 0.121223 0.022165
v -0.064451 0.120924 0.007677
v -0.064477 0.120876 0.007346
v -0.065599 0.118783 -0.007063
v -0.059919 0.111249 0.065892
v -0.059963 0.111456 0.065325
v -0.061008 0.116357 0.051896
v -0.057102 0.086773 0.102090
v -0.057055 0.086242 0.102695
v -0.056328 0.075753 0.112036
v -0.056283 0.075101 0.112616
v -0.055665 0.063594 0.120563
v -0.055623 0.062821 0.121096
v -0.055122 0.050482 0.127542
v -0.054679 0.035605 0.133247
v -0.054709 0.036612 0.132870
v -0.055086 0.049589 0.128008
v -0.054290 0.007441 0.138275
v -0.054715 -0.036587 0.132856
v -0.054448 -0.023504 0.136279
v -0.054434 -0.022172 0.136457
v -0.054292 -0.008699 0.138260
v -0.054291 -0.007422 0.138273
v -0.054279 0.006238 0.138411
v -0.055734 -0.064915 0.119799
v -0.055676 -0.063560 0.120541
v -0.055174 -0.051826 0.126978
v -0.055131 -0.050453 0.127524
v -0.054743 -0.037953 0.132499
v -0.057116 -0.086724 0.102067
v -0.059981 -0.111381 0.065309
v -0.059068 -0.105681 0.077019
v -0.058950 -0.104694 0.078538
v -0.058094 -0.097557 0.089518
v -0.057990 -0.096434 0.090853
v -0.057205 -0.087954 0.100925
v -0.062346 -0.120070 0.034945
v -0.062192 -0.119659 0.036914
v -0.061210 -0.117024 0.049524
v -0.061067 -0.116394 0.051365
v -0.060112 -0.112203 0.063620
v -0.064494 -0.120773 0.007364
v -0.067812 -0.108985 -0.035258
v -0.066916 -0.114008 -0.023754
v -0.066746 -0.114656 -0.021568
v -0.065804 -0.118242 -0.009471
v -0.065635 -0.118605 -0.007290
v -0.064660 -0.120684 0.005222
v -0.068977 -0.100445 -0.050230
v -0.068815 -0.101677 -0.048152
v -0.067979 -0.108045 -0.037409
v -0.062210 0.091207 -0.056452
v -0.063641 0.091201 -0.058212
v -0.063318 0.091341 -0.057767
v -0.063912 0.091017 -0.058677
v -0.062999 0.091169 -0.057187
v -0.061343 0.091102 -0.055909
v -0.062193 0.093431 -0.056393
v -0.061016 0.093382 -0.055945
v -0.060990 0.092823 -0.056342
v -0.062384 0.093390 -0.056525
v -0.061590 0.092895 -0.056548
v -0.063250 0.092681 -0.057561
v -0.063600 0.093130 -0.057361
v -0.063595 0.093133 -0.057355
v -0.062177 0.092889 -0.056822
v -0.064196 0.092832 -0.057971
v -0.064117 0.092230 -0.058491
v -0.063791 0.091736 -0.058427
v -0.062064 0.092165 -0.056898
v -0.062951 0.091737 -0.057487
v -0.063003 0.092062 -0.057569
v -0.063422 0.091926 -0.057980
v -0.062073 0.091797 -0.056813
v -0.061564 0.092132 -0.056651
v -0.062951 0.091433 -0.057354
v -0.062125 0.091470 -0.056657
v -0.061240 0.091328 -0.056180
v -0.061226 0.091358 -0.056217
v -0.061152 0.091671 -0.056336
v -0.061064 0.092045 -0.056474
v -0.061065 0.092039 -0.056475
v -0.060990 0.092814 -0.056348
v -0.060988 0.092774 -0.056376
v -0.061558 0.092527 -0.056644
v -0.061022 0.092447 -0.056420
v -0.052879 0.091694 -0.054210
v -0.052877 0.091653 -0.054239
v -0.052910 0.091329 -0.054285
v -0.053239 0.089960 -0.053766
v -0.053131 0.090198 -0.054051
v -0.056961 0.092822 -0.054874
v -0.052880 0.091710 -0.054198
v -0.056901 0.092814 -0.054858
v -0.052908 0.092261 -0.053799
v -0.052953 0.090914 -0.054343
v -0.053043 0.090537 -0.054203
v -0.053117 0.090228 -0.054088
v -0.043380 0.089500 -0.052142
v -0.043555 0.090748 -0.051601
v -0.043274 0.090690 -0.051551
v -0.043285 0.090206 -0.051959
v 0.014069 0.074927 -0.048984
v -0.043633 0.088532 -0.051778
v -0.034026 0.086766 -0.050263
v -0.014713 0.082686 -0.048577
v -0.024339 0.084982 -0.049272
v -0.033946 0.087038 -0.050396
v -0.005085 0.080192 -0.048304
v 0.004488 0.077521 -0.048466
v 0.013968 0.074661 -0.049103
v 0.021415 0.072796 -0.049567
v 0.014240 0.075333 -0.048634
v 0.004601 0.077869 -0.048354
v 0.004705 0.078177 -0.048152
v 0.005153 0.078259 -0.048000
v 0.013050 0.075754 -0.048479
v -0.004853 0.081000 -0.047993
v 0.001429 0.079439 -0.047773
v 0.004773 0.078379 -0.047976
v -0.014470 0.083644 -0.048296
v -0.010028 0.082772 -0.047786
v -0.004784 0.081247 -0.047780
v -0.024029 0.086436 -0.048748
v -0.020743 0.085643 -0.048383
v -0.024087 0.086091 -0.049048
v -0.018794 0.085120 -0.048275
v -0.014403 0.083943 -0.048030
v -0.032543 0.088491 -0.049692
v -0.033689 0.088295 -0.050260
v -0.033649 0.088717 -0.049883
v -0.043321 0.089868 -0.052092
v -0.043544 0.088803 -0.051970
v -0.043457 0.089134 -0.052099
v -0.033867 0.087348 -0.050470
v -0.033794 0.087677 -0.050472
v -0.024197 0.085556 -0.049274
v -0.014581 0.083188 -0.048523
v -0.004962 0.080619 -0.048213
v -0.040414 0.056706 -0.109888
v -0.039751 0.057304 -0.100761
v -0.022824 0.054260 -0.100933
v -0.039100 0.058858 -0.091776
v -0.003986 0.059145 -0.073774
v 0.026486 0.071614 -0.049696
v 0.031984 0.070762 -0.049406
v 0.048221 0.055911 -0.064003
v 0.041941 0.069217 -0.048883
v 0.046374 0.068695 -0.048788
v 0.049343 0.068346 -0.048726
v 0.030886 0.058377 -0.064370
v 0.030324 0.053058 -0.072671
v 0.013119 0.055879 -0.073086
v -0.020996 0.062780 -0.074664
v -0.037930 0.066710 -0.075691
v -0.067428 0.092375 -0.059852
v -0.038196 0.064088 -0.079337
v -0.038784 0.060161 -0.087429
v -0.038481 0.061896 -0.083261
v -0.021556 0.058305 -0.082706
v -0.005828 0.051567 -0.101166
v 0.028363 0.047315 -0.101925
v 0.029041 0.047975 -0.091808
v 0.046258 0.046283 -0.092248
v 0.046958 0.047667 -0.082164
v 0.047296 0.048948 -0.077285
v 0.047621 0.050762 -0.072604
v 0.064991 0.066663 -0.048529
v 0.059001 0.067207 -0.048520
v 0.012830 0.053755 -0.077420
v -0.004264 0.056850 -0.077894
v 0.030020 0.051097 -0.077194
v -0.004557 0.055030 -0.082264
v 0.012528 0.052127 -0.081986
v 0.029702 0.049653 -0.081933
v -0.022175 0.055597 -0.091613
v -0.005180 0.052671 -0.091536
v 0.011892 0.050118 -0.091586
v 0.070024 0.050316 -0.064368
v 0.065165 0.066352 -0.048877
v 0.065237 0.066198 -0.049051
v 0.065920 0.064236 -0.051211
v 0.065445 0.065519 -0.049815
v 0.066874 0.061596 -0.053932
v 0.068785 0.056038 -0.059091
v 0.070617 0.050170 -0.063862
v 0.069836 0.055809 -0.059033
v 0.069715 0.056096 -0.058796
v 0.069700 0.056133 -0.058765
v 0.070983 0.053026 -0.061236
v 0.071926 0.050526 -0.063022
v 0.071322 0.050152 -0.063482
v 0.072038 0.050231 -0.063233
v 0.073063 0.043903 -0.067561
v 0.072747 0.048351 -0.064576
v 0.073981 0.043953 -0.067343
v 0.066964 0.062429 -0.053032
v 0.067314 0.061626 -0.053771
v 0.068481 0.058951 -0.056233
v 0.069382 0.056885 -0.058133
v 0.066134 0.064251 -0.051137
v 0.065702 0.065195 -0.050156
v 0.065546 0.065532 -0.049786
v 0.065255 0.066158 -0.049095
v 0.065209 0.066151 -0.049108
v 0.065308 0.066044 -0.049224
v 0.071374 0.044488 -0.069106
v 0.070761 0.047392 -0.066777
v 0.071595 0.044317 -0.068744
v 0.071401 0.047147 -0.066101
v 0.071835 0.044129 -0.068348
v 0.071978 0.044102 -0.068254
v 0.073017 0.043901 -0.067572
v 0.072933 0.043917 -0.067627
v 0.072237 0.044052 -0.068084
v 0.073990 0.033755 -0.073265
v 0.074921 0.033669 -0.072723
v 0.075620 -0.011539 -0.080378
v 0.073307 0.033991 -0.074066
v 0.074699 0.023125 -0.077948
v 0.075613 0.011685 -0.080357
v 0.075931 0.000071 -0.081170
v 0.074711 -0.023003 -0.077985
v 0.073314 -0.033937 -0.074095
v 0.071387 -0.044492 -0.069069
v 0.073057 -0.043922 -0.067555
v 0.073012 -0.043920 -0.067566
v 0.073997 -0.033702 -0.073292
v 0.072974 -0.043927 -0.067591
v 0.072231 -0.044071 -0.068079
v 0.074929 -0.033615 -0.072751
v 0.075846 -0.034134 -0.072348
v 0.074759 -0.039848 -0.069438
v 0.077316 -0.011426 -0.078860
v 0.078284 -0.011412 -0.078438
v 0.076376 -0.022778 -0.076532
v 0.077680 -0.020070 -0.076991
v 0.077620 -0.020922 -0.076848
v 0.077370 -0.022785 -0.076214
v 0.076383 -0.030137 -0.073710
v 0.075909 -0.033667 -0.072507
v 0.077309 0.011570 -0.078839
v 0.078271 0.011369 -0.078409
v 0.077638 0.000070 -0.079630
v 0.078699 0.002449 -0.079423
v 0.078681 0.000870 -0.079380
v 0.077298 0.022859 -0.076014
v 0.076364 0.022898 -0.076496
v 0.076384 0.030722 -0.073736
v 0.076188 0.031800 -0.073215
v 0.075855 0.033634 -0.072329
v 0.077433 0.021695 -0.076352
v 0.078016 0.016672 -0.077806
v 0.078262 0.011568 -0.078387
v 0.075392 0.022955 -0.077072
v 0.076311 0.011596 -0.079433
v 0.076631 0.000070 -0.080230
v 0.076318 -0.011452 -0.079454
v 0.075404 -0.022834 -0.077108
v 0.073974 -0.043972 -0.067338
v 0.071588 -0.044336 -0.068739
v 0.071830 -0.044149 -0.068342
v 0.072013 -0.044113 -0.068221
v 0.074447 0.041389 -0.068582
v 0.078672 0.000072 -0.079359
v 0.078588 -0.007070 -0.079164
v 0.078408 -0.009646 -0.078734
v 0.071430 -0.047149 -0.066077
v 0.070643 -0.050172 -0.063846
v 0.070040 -0.050316 -0.064353
v 0.072482 -0.049090 -0.064072
v 0.072037 -0.050229 -0.063228
v 0.071356 -0.050160 -0.063469
v 0.065126 -0.066264 -0.048993
v 0.065155 -0.066161 -0.049111
v 0.065245 -0.066174 -0.049086
v 0.065099 -0.066360 -0.048883
v 0.065098 -0.066363 -0.048879
v 0.065154 -0.066374 -0.048860
v 0.065101 -0.066354 -0.048891
v 0.065104 -0.066341 -0.048905
v 0.065097 -0.066365 -0.048877
v 0.065097 -0.066366 -0.048876
v 0.065112 -0.066315 -0.048935
v 0.065290 -0.066077 -0.049194
v 0.065810 -0.064963 -0.050416
v 0.065579 -0.065457 -0.049874
v 0.065537 -0.065547 -0.049776
v 0.069694 -0.056144 -0.058762
v 0.069561 -0.056463 -0.058496
v 0.068798 -0.056049 -0.059079
v 0.069055 -0.057623 -0.057435
v 0.066875 -0.061613 -0.053922
v 0.067307 -0.061639 -0.053760
v 0.066937 -0.062488 -0.052982
v 0.070127 -0.055112 -0.059607
v 0.069752 -0.056008 -0.058875
v 0.069712 -0.056104 -0.058795
v 0.069697 -0.056139 -0.058766
v 0.072557 -0.048899 -0.064214
v 0.066124 -0.064272 -0.051133
v 0.068369 -0.056081 -0.059325
v 0.070775 -0.047390 -0.066752
v 0.014153 -0.075174 -0.048799
v 0.014236 -0.075359 -0.048592
v -0.052921 -0.092263 -0.053786
v -0.052893 -0.091713 -0.054183
v -0.044558 -0.090930 -0.051794
v -0.043296 -0.090209 -0.051945
v -0.043285 -0.090676 -0.051562
v -0.018805 -0.085111 -0.048294
v -0.024028 -0.086079 -0.049029
v -0.014389 -0.083627 -0.048278
v -0.022043 -0.085975 -0.048480
v -0.023971 -0.086432 -0.048709
v -0.033640 -0.088723 -0.049861
v -0.004807 -0.080990 -0.047980
v -0.009400 -0.082599 -0.047755
v -0.014323 -0.083914 -0.048038
v 0.005142 -0.078277 -0.047964
v 0.004782 -0.078392 -0.047939
v 0.004709 -0.078181 -0.048141
v 0.002850 -0.079011 -0.047808
v -0.004739 -0.081234 -0.047775
v 0.014143 -0.075393 -0.048578
v 0.013955 -0.074673 -0.049091
v 0.014056 -0.074938 -0.048973
v 0.004605 -0.077873 -0.048343
v 0.004493 -0.077526 -0.048456
v -0.005039 -0.080185 -0.048291
v -0.014632 -0.082670 -0.048560
v -0.024280 -0.084972 -0.049254
v -0.043643 -0.088535 -0.051767
v -0.004917 -0.080610 -0.048200
v -0.014500 -0.083172 -0.048506
v -0.024139 -0.085545 -0.049255
v -0.053251 -0.089964 -0.053755
v -0.053146 -0.090194 -0.054030
v -0.043555 -0.088807 -0.051958
v -0.053143 -0.090200 -0.054038
v -0.052892 -0.091696 -0.054196
v -0.052890 -0.091655 -0.054226
v -0.043332 -0.089872 -0.052079
v -0.052923 -0.091333 -0.054271
v -0.043391 -0.089503 -0.052129
v -0.052965 -0.090916 -0.054330
v -0.043468 -0.089138 -0.052086
v -0.053055 -0.090541 -0.054191
v -0.053129 -0.090230 -0.054075
v -0.034014 -0.086767 -0.050248
v -0.033934 -0.087039 -0.050381
v -0.033856 -0.087350 -0.050454
v -0.033782 -0.087678 -0.050455
v -0.033677 -0.088295 -0.050244
v -0.034445 -0.088913 -0.049956
v -0.061034 -0.092449 -0.056407
v -0.061253 -0.091328 -0.056167
v -0.056974 -0.092822 -0.054860
v -0.056913 -0.092814 -0.054844
v -0.061001 -0.092774 -0.056362
v -0.061002 -0.092814 -0.056334
v -0.061003 -0.092824 -0.056327
v -0.061029 -0.093382 -0.055932
v -0.061076 -0.092047 -0.056461
v -0.061077 -0.092039 -0.056462
v -0.061164 -0.091674 -0.056324
v -0.061239 -0.091358 -0.056203
v -0.061252 -0.091330 -0.056170
v -0.063803 -0.091741 -0.058410
v -0.063652 -0.090961 -0.058051
v -0.062134 -0.091473 -0.056642
v -0.061695 -0.091421 -0.056377
v -0.062558 -0.091479 -0.056965
v -0.063007 -0.091173 -0.057172
v -0.064252 -0.092805 -0.058007
v -0.064129 -0.092234 -0.058473
v -0.063550 -0.093073 -0.057386
v -0.063259 -0.092683 -0.057544
v -0.062792 -0.093363 -0.056716
v -0.062185 -0.092891 -0.056805
v -0.062388 -0.093367 -0.056536
v -0.061575 -0.092135 -0.056637
v -0.062081 -0.091800 -0.056798
v -0.061619 -0.091753 -0.056548
v -0.062960 -0.091436 -0.057339
v -0.063653 -0.091206 -0.058196
v -0.063703 -0.091470 -0.058320
v -0.062554 -0.092145 -0.057189
v -0.063013 -0.092065 -0.057553
v -0.062960 -0.091740 -0.057471
v -0.062072 -0.092168 -0.056881
v -0.062108 -0.092543 -0.056882
v 0.048208 -0.055927 -0.063994
v -0.037941 -0.066716 -0.075681
v -0.038206 -0.064095 -0.079327
v -0.040423 -0.056718 -0.109880
v -0.039761 -0.057315 -0.100753
v -0.039109 -0.058866 -0.091767
v -0.038793 -0.060170 -0.087420
v -0.038491 -0.061904 -0.083252
v -0.067441 -0.092375 -0.059839
v -0.021007 -0.062788 -0.074655
v -0.003997 -0.059156 -0.073765
v 0.013107 -0.055893 -0.073078
v 0.030874 -0.058391 -0.064363
v 0.046361 -0.068681 -0.048754
v 0.033536 -0.070448 -0.049244
v 0.031957 -0.070706 -0.049338
v 0.048828 -0.068341 -0.048660
v 0.049319 -0.068290 -0.048656
v 0.026471 -0.071600 -0.049664
v 0.064982 -0.066680 -0.048519
v 0.047609 -0.050780 -0.072597
v 0.046247 -0.046303 -0.092241
v 0.046946 -0.047688 -0.082157
v 0.028353 -0.047335 -0.101918
v -0.005838 -0.051582 -0.101158
v -0.022833 -0.054273 -0.100925
v -0.004274 -0.056863 -0.077886
v 0.012517 -0.052142 -0.081978
v 0.012819 -0.053770 -0.077412
v 0.029691 -0.049669 -0.081925
v 0.030009 -0.051114 -0.077187
v 0.047284 -0.048966 -0.077278
v 0.030311 -0.053075 -0.072664
v -0.021567 -0.058315 -0.082699
v -0.004568 -0.055043 -0.082255
v -0.022185 -0.055608 -0.091605
v 0.029030 -0.047993 -0.091802
v 0.011882 -0.050134 -0.091579
v -0.005190 -0.052686 -0.091528
v -0.049640 -0.092031 0.090396
v -0.049608 -0.092436 0.090335
v -0.041905 -0.091686 0.086890
v -0.049581 -0.092764 0.090286
v -0.042353 -0.089913 0.086464
v -0.050008 -0.091086 0.089872
v -0.042178 -0.090190 0.086772
v -0.049588 -0.092814 0.090251
v -0.049676 -0.093372 0.089865
v -0.045835 -0.092813 0.088179
v -0.049587 -0.092804 0.090258
v -0.041910 -0.091712 0.086872
v -0.045778 -0.092805 0.088153
v -0.041998 -0.092253 0.086489
v -0.041899 -0.091645 0.086919
v -0.041925 -0.091317 0.086970
v -0.049641 -0.092029 0.090396
v -0.041957 -0.090906 0.087034
v -0.049750 -0.091656 0.090270
v -0.042078 -0.090493 0.086897
v -0.049841 -0.091348 0.090165
v -0.042158 -0.090220 0.086807
v -0.049860 -0.091318 0.090132
v -0.049864 -0.091313 0.090126
v 0.012749 -0.078586 0.072135
v 0.023862 -0.075047 0.071155
v 0.023790 -0.074804 0.071347
v -0.040277 -0.070776 0.107723
v -0.040333 -0.070825 0.107398
v -0.029330 -0.067395 0.104749
v -0.018682 -0.064582 0.100340
v 0.014747 -0.060589 0.089380
v 0.010448 -0.079536 0.072160
v 0.012788 -0.078795 0.071929
v 0.043445 -0.066607 0.072737
v 0.043746 -0.066279 0.072974
v 0.042702 -0.067172 0.072402
v -0.039397 -0.070024 0.108131
v -0.040295 -0.070340 0.108334
v -0.040279 -0.070728 0.107790
v -0.018222 -0.064514 0.101831
v -0.019692 -0.064468 0.102706
v -0.029274 -0.067250 0.105089
v -0.029253 -0.066859 0.105546
v -0.029449 -0.066908 0.105604
v -0.007058 -0.062132 0.098504
v -0.007367 -0.062172 0.098614
v -0.007121 -0.062446 0.098181
v -0.008259 -0.062288 0.098934
v -0.018174 -0.064178 0.102205
v 0.002916 -0.060831 0.094932
v 0.003967 -0.061026 0.094235
v 0.004040 -0.060749 0.094504
v 0.015881 -0.060021 0.089934
v 0.015075 -0.060031 0.090263
v 0.015002 -0.060249 0.090055
v 0.013634 -0.060048 0.090849
v 0.023722 -0.059929 0.086741
v 0.025972 -0.060199 0.085578
v 0.026035 -0.060057 0.085718
v 0.030129 -0.060284 0.083909
v 0.031415 -0.060498 0.083189
v 0.031484 -0.060359 0.083310
v 0.036744 -0.061130 0.080609
v 0.036625 -0.061036 0.080759
v 0.032259 -0.060403 0.082968
v 0.041767 -0.062327 0.077665
v 0.038363 -0.061287 0.079879
v 0.036791 -0.061060 0.080675
v 0.043906 -0.063362 0.075902
v 0.042225 -0.062400 0.077436
v 0.041812 -0.062281 0.077698
v 0.044527 -0.065280 0.073743
v 0.044527 -0.065276 0.073747
v 0.044373 -0.065597 0.073468
v 0.044468 -0.065272 0.073770
v 0.043180 -0.066894 0.072529
v 0.042726 -0.067184 0.072382
v 0.040245 -0.068647 0.071710
v 0.040433 -0.068649 0.071642
v 0.036359 -0.070582 0.071061
v 0.034909 -0.071053 0.071096
v 0.035866 -0.070776 0.071041
v 0.029684 -0.073204 0.070794
v 0.034950 -0.071136 0.071004
v 0.014468 -0.078264 0.071762
v 0.021164 -0.076145 0.071100
v 0.023904 -0.075199 0.071002
v 0.000872 -0.082358 0.073653
v 0.001727 -0.082106 0.073519
v 0.001699 -0.081827 0.073806
v -0.010832 -0.085577 0.076108
v -0.009277 -0.085150 0.075781
v -0.009291 -0.084825 0.076089
v -0.009148 -0.085114 0.075753
v 0.000691 -0.082411 0.073681
v -0.020233 -0.087909 0.078670
v -0.020225 -0.087537 0.078995
v -0.022268 -0.088415 0.079225
v -0.031120 -0.089891 0.082568
v -0.029609 -0.089992 0.081694
v -0.032788 -0.090675 0.082764
v -0.031157 -0.090325 0.082216
v -0.031504 -0.088190 0.082450
v -0.020563 -0.086011 0.079086
v -0.009507 -0.083754 0.076384
v -0.020464 -0.086285 0.079198
v 0.001505 -0.080937 0.074150
v 0.012574 -0.077879 0.072489
v 0.023705 -0.074530 0.071482
v 0.034768 -0.070741 0.071348
v 0.040110 -0.068458 0.071893
v 0.043629 -0.066217 0.073056
v 0.042567 -0.067058 0.072532
v 0.044348 -0.064281 0.074808
v 0.044330 -0.065259 0.073815
v 0.044438 -0.064755 0.074296
v 0.041608 -0.062479 0.077519
v 0.036564 -0.061360 0.080335
v 0.025754 -0.060509 0.085094
v 0.003679 -0.061355 0.093376
v -0.007441 -0.062725 0.097139
v -0.029779 -0.067105 0.103423
v -0.040278 -0.070747 0.107764
v -0.040401 -0.070886 0.106991
v -0.029418 -0.067454 0.104379
v -0.018281 -0.064663 0.101545
v -0.018363 -0.064748 0.101230
v -0.007259 -0.062691 0.097680
v 0.003839 -0.061265 0.093828
v 0.014885 -0.060468 0.089738
v 0.025868 -0.060382 0.085351
v 0.031320 -0.060656 0.083008
v 0.036657 -0.061256 0.080480
v 0.034842 -0.070906 0.071234
v 0.040178 -0.068557 0.071808
v 0.042635 -0.067118 0.072470
v 0.043698 -0.066252 0.073012
v 0.044400 -0.065267 0.073794
v 0.044420 -0.064261 0.074815
v 0.001621 -0.081406 0.074053
v -0.009369 -0.084312 0.076341
v -0.009321 -0.084582 0.076238
v -0.020251 -0.087246 0.079147
v -0.020301 -0.086925 0.079236
v -0.031137 -0.089548 0.082715
v -0.031191 -0.089172 0.082777
v 0.001666 -0.081627 0.073946
v 0.012675 -0.078254 0.072361
v -0.031277 -0.088799 0.082747
v -0.020375 -0.086596 0.079253
v -0.031386 -0.088464 0.082631
v -0.018572 -0.064700 0.100607
v -0.029654 -0.067293 0.103688
v -0.040543 -0.070740 0.106588
v -0.040637 -0.070644 0.106321
v -0.040828 -0.070287 0.106028
v -0.040680 -0.070562 0.106254
v -0.040656 -0.070608 0.106293
v 0.003762 -0.061330 0.093603
v -0.007346 -0.062736 0.097407
v -0.018463 -0.064759 0.100909
v -0.029529 -0.067417 0.104015
v 0.044578 -0.064344 0.074682
v 0.044490 -0.064239 0.074819
v 0.043777 -0.063462 0.075837
v 0.043704 -0.063504 0.075804
v 0.043913 -0.063373 0.075890
v 0.043852 -0.063416 0.075867
v 0.041689 -0.062408 0.077595
v -0.048142 -0.073582 0.109133
v -0.048610 -0.073090 0.107812
v -0.044138 -0.071704 0.109187
v -0.044197 -0.071725 0.109199
v -0.048087 -0.073535 0.109454
v -0.048088 -0.073507 0.109494
v -0.048088 -0.073499 0.109506
v -0.048101 -0.073108 0.110065
v -0.048211 -0.073639 0.108731
v -0.048212 -0.073640 0.108727
v -0.048340 -0.073506 0.108364
v -0.048446 -0.073395 0.108062
v -0.048465 -0.073360 0.108033
v -0.050438 -0.075240 0.109133
v -0.050579 -0.075236 0.109422
v -0.051415 -0.076468 0.108835
v -0.049623 -0.073895 0.110199
v -0.049656 -0.073924 0.110191
v -0.049420 -0.074200 0.109659
v -0.049442 -0.074021 0.108255
v -0.049092 -0.073429 0.107918
v -0.049900 -0.074470 0.108271
v -0.050381 -0.074819 0.107960
v -0.050975 -0.075951 0.107666
v -0.051277 -0.077090 0.107131
v -0.051760 -0.076486 0.109117
v -0.052007 -0.076931 0.108862
v -0.050748 -0.074896 0.109946
v -0.050929 -0.075112 0.109857
v -0.051145 -0.075370 0.109753
v -0.051478 -0.075973 0.109409
v -0.048771 -0.073898 0.108873
v -0.048845 -0.073811 0.108494
v -0.048958 -0.073646 0.108169
v -0.049327 -0.074253 0.108937
v -0.049360 -0.074169 0.108574
v -0.049852 -0.074607 0.108580
v -0.049859 -0.074692 0.108920
v -0.050970 -0.076095 0.107895
v -0.050318 -0.074976 0.108216
v -0.051013 -0.076226 0.108138
v -0.050302 -0.075106 0.108508
v -0.051104 -0.076336 0.108384
v -0.051515 -0.077511 0.107644
v -0.051329 -0.077330 0.107417
v -0.051309 -0.077241 0.107310
v -0.050343 -0.075197 0.108822
v -0.049349 -0.074263 0.109310
v -0.051697 -0.077690 0.107868
v -0.051819 -0.077736 0.107932
v -0.052194 -0.077879 0.108128
v -0.052080 -0.087389 0.097775
v -0.051820 -0.084162 0.101119
v -0.052190 -0.084554 0.101541
v -0.052695 -0.084677 0.101699
v -0.052330 -0.090376 0.094216
v -0.052845 -0.090956 0.094753
v -0.052724 -0.090902 0.094698
v -0.052538 -0.090692 0.094504
v -0.052351 -0.090481 0.094308
v -0.052860 -0.086908 0.099589
v -0.053223 -0.091123 0.094926
v -0.050801 -0.091462 0.090870
v -0.052269 -0.090708 0.093644
v -0.051646 -0.091096 0.091732
v -0.051897 -0.091201 0.092460
v -0.052128 -0.090983 0.093053
v -0.050912 -0.091197 0.090684
v -0.053051 -0.092169 0.093526
v -0.053042 -0.092178 0.093508
v -0.052612 -0.091885 0.093465
v -0.052319 -0.092951 0.092077
v -0.051920 -0.092536 0.092172
v -0.052317 -0.092952 0.092075
v -0.051434 -0.092743 0.091582
v -0.051167 -0.093375 0.090801
v -0.050874 -0.092863 0.091056
v -0.051145 -0.093383 0.090778
v -0.050252 -0.092891 0.090610
v -0.052279 -0.091461 0.093306
v -0.052006 -0.091744 0.092697
v -0.051644 -0.091957 0.092111
v -0.051590 -0.091355 0.091885
v -0.050734 -0.091787 0.091014
v -0.051586 -0.091648 0.092016
v -0.050194 -0.092130 0.090701
v -0.050197 -0.092524 0.090696
v -0.050723 -0.092150 0.091099
v -0.051211 -0.092093 0.091573
v -0.048201 0.073662 0.108718
v -0.048133 0.073604 0.109119
v -0.040268 0.070767 0.107753
v -0.048076 0.073557 0.109444
v -0.048077 0.073529 0.109484
v -0.040815 0.070313 0.106023
v -0.048600 0.073112 0.107801
v -0.040647 0.070628 0.106282
v -0.048078 0.073522 0.109494
v -0.048091 0.073130 0.110055
v -0.044187 0.071747 0.109189
v -0.040285 0.070360 0.108324
v -0.040269 0.070747 0.107782
v -0.044128 0.071726 0.109176
v -0.040268 0.070796 0.107712
v -0.040322 0.070844 0.107392
v -0.048202 0.073662 0.108716
v -0.040392 0.070906 0.106981
v -0.048330 0.073528 0.108352
v -0.040531 0.070762 0.106583
v -0.048436 0.073417 0.108051
v -0.040627 0.070664 0.106311
v -0.048455 0.073382 0.108023
v -0.048458 0.073376 0.108018
v 0.014180 0.060294 0.090371
v 0.025026 0.060179 0.085975
v 0.024922 0.060365 0.085741
v -0.041886 0.091663 0.086906
v -0.041911 0.091339 0.086956
v -0.031038 0.089551 0.082668
v -0.031402 0.088196 0.082410
v 0.013435 0.077646 0.072375
v 0.043492 0.066355 0.072956
v 0.044528 0.065159 0.073864
v 0.044513 0.065304 0.073720
v 0.044407 0.065433 0.073623
v -0.041101 0.092139 0.086090
v -0.041985 0.092271 0.086476
v -0.041897 0.091732 0.086857
v -0.019994 0.087501 0.078917
v -0.021527 0.088258 0.078992
v -0.031020 0.089892 0.082521
v -0.031064 0.090348 0.082133
v -0.031260 0.090391 0.082198
v -0.008826 0.085049 0.075659
v -0.009139 0.085135 0.075723
v -0.008840 0.084723 0.075974
v -0.010041 0.085384 0.075910
v -0.020003 0.087877 0.078582
v 0.001263 0.082261 0.073567
v 0.002376 0.081649 0.073675
v 0.002407 0.081922 0.073396
v 0.014473 0.078284 0.071725
v 0.013648 0.078549 0.071800
v 0.013608 0.078336 0.072021
v 0.012171 0.079022 0.071932
v 0.015941 0.077814 0.071594
v 0.024854 0.074724 0.071095
v 0.022507 0.075708 0.071007
v 0.024895 0.074868 0.070949
v 0.030474 0.072764 0.070957
v 0.030521 0.072890 0.070814
v 0.036019 0.070606 0.071158
v 0.035881 0.070745 0.071075
v 0.031321 0.072609 0.070795
v 0.041332 0.068059 0.071944
v 0.037696 0.070003 0.071185
v 0.036054 0.070674 0.071085
v 0.043674 0.066468 0.072800
v 0.041810 0.067867 0.071980
v 0.041370 0.068096 0.071895
v 0.044607 0.064363 0.074652
v 0.044607 0.064367 0.074648
v 0.044500 0.064077 0.074978
v 0.044546 0.064386 0.074648
v 0.043968 0.063536 0.075703
v 0.043070 0.062866 0.076681
v 0.043487 0.063048 0.076358
v 0.043044 0.062885 0.076671
v 0.040771 0.062005 0.078328
v 0.040963 0.061952 0.078315
v 0.037108 0.061056 0.080554
v 0.035702 0.060978 0.081136
v 0.036634 0.060998 0.080785
v 0.030697 0.060272 0.083684
v 0.035755 0.060890 0.081215
v 0.011964 0.060141 0.091495
v 0.014251 0.060093 0.090574
v 0.015891 0.060057 0.089913
v 0.022433 0.059916 0.087277
v 0.022694 0.059928 0.087164
v 0.025092 0.060031 0.086122
v 0.003319 0.061103 0.094468
v 0.003390 0.060820 0.094741
v -0.007548 0.062527 0.098323
v -0.007485 0.062222 0.098642
v -0.007359 0.062204 0.098596
v 0.002371 0.060901 0.095127
v -0.029353 0.067293 0.105104
v -0.020411 0.064648 0.102925
v -0.018431 0.064576 0.101892
v -0.018384 0.064252 0.102259
v -0.009023 0.062427 0.099190
v -0.030966 0.067361 0.106014
v -0.029330 0.066940 0.105536
v -0.029856 0.067151 0.103440
v -0.018890 0.064644 0.100400
v -0.018780 0.064763 0.100667
v -0.007868 0.062805 0.097276
v 0.003031 0.061432 0.093601
v 0.013925 0.060634 0.089684
v 0.024806 0.060493 0.085475
v 0.035518 0.061218 0.080839
v 0.040607 0.062176 0.078152
v 0.042892 0.063003 0.076570
v 0.043842 0.063609 0.075651
v 0.044404 0.064420 0.074646
v 0.044271 0.065411 0.073676
v 0.044435 0.064908 0.074138
v 0.041197 0.067901 0.072107
v 0.035879 0.070318 0.071399
v 0.024699 0.074226 0.071417
v 0.002185 0.080773 0.074021
v -0.009054 0.083662 0.076272
v -0.020231 0.086257 0.079125
v -0.020329 0.085983 0.079016
v -0.041892 0.091704 0.086877
v -0.041945 0.090924 0.087021
v -0.031091 0.089177 0.082732
v -0.020019 0.087212 0.079069
v -0.020069 0.086893 0.079158
v -0.008917 0.084215 0.076225
v 0.002300 0.081235 0.073921
v 0.013534 0.078013 0.072246
v 0.024784 0.074490 0.071283
v 0.030404 0.072577 0.071120
v 0.035951 0.070470 0.071289
v 0.035612 0.061110 0.080996
v 0.040690 0.062096 0.078245
v 0.042968 0.062947 0.076623
v 0.043915 0.063570 0.075680
v 0.044476 0.064404 0.074649
v 0.044339 0.065424 0.073650
v 0.003191 0.061343 0.094058
v -0.007685 0.062772 0.097820
v -0.007609 0.062673 0.098084
v -0.018489 0.064725 0.101605
v -0.018571 0.064810 0.101291
v -0.029408 0.067438 0.104765
v -0.029495 0.067497 0.104396
v 0.003261 0.061240 0.094273
v 0.014062 0.060514 0.090048
v -0.029606 0.067461 0.104032
v -0.018670 0.064822 0.100970
v -0.029731 0.067339 0.103705
v -0.031284 0.088470 0.082589
v -0.042063 0.090517 0.086886
v -0.042146 0.090238 0.086794
v -0.042338 0.089936 0.086457
v -0.042188 0.090173 0.086720
v -0.042166 0.090208 0.086759
v 0.002246 0.081006 0.073990
v -0.008980 0.083937 0.076275
v -0.020142 0.086567 0.079177
v -0.031176 0.088805 0.082703
v 0.043560 0.066393 0.072908
v 0.043683 0.066456 0.072811
v 0.043627 0.066429 0.072857
v 0.041265 0.067984 0.072030
v -0.049568 0.092784 0.090272
v -0.049995 0.091106 0.089859
v -0.045299 0.092755 0.087935
v -0.045765 0.092823 0.088140
v -0.045822 0.092831 0.088165
v -0.049574 0.092824 0.090245
v -0.049576 0.092836 0.090237
v -0.049663 0.093392 0.089851
v -0.049594 0.092459 0.090321
v -0.049628 0.092053 0.090381
v -0.049629 0.092049 0.090382
v -0.049738 0.091677 0.090256
v -0.049828 0.091368 0.090152
v -0.049848 0.091338 0.090119
v -0.051748 0.092281 0.092152
v -0.051910 0.092558 0.092161
v -0.052600 0.091908 0.093450
v -0.051125 0.093407 0.090755
v -0.051155 0.093397 0.090786
v -0.050857 0.092885 0.091040
v -0.050785 0.091483 0.090855
v -0.050457 0.091174 0.090235
v -0.051206 0.091463 0.091338
v -0.051633 0.091116 0.091721
v -0.052113 0.090777 0.092894
v -0.052283 0.090220 0.094050
v -0.052145 0.093068 0.091838
v -0.052302 0.092965 0.092067
v -0.052488 0.092844 0.092340
v -0.052964 0.092162 0.093497
v -0.053155 0.091889 0.093958
v -0.050175 0.092151 0.090684
v -0.050227 0.091768 0.090600
v -0.050326 0.091435 0.090443
v -0.050705 0.092172 0.091081
v -0.050716 0.091808 0.090998
v -0.051172 0.091775 0.091472
v -0.051198 0.092114 0.091560
v -0.052114 0.091005 0.093038
v -0.051578 0.091376 0.091874
v -0.052166 0.091244 0.093174
v -0.051575 0.091669 0.092004
v -0.052267 0.091483 0.093292
v -0.052527 0.090713 0.094491
v -0.052338 0.090501 0.094295
v -0.052317 0.090396 0.094204
v -0.051632 0.091978 0.092100
v -0.050755 0.092542 0.091095
v -0.052711 0.090922 0.094685
v -0.052834 0.090976 0.094740
v -0.053211 0.091143 0.094913
v -0.052711 0.085216 0.101339
v -0.052678 0.084766 0.101756
v -0.052179 0.084576 0.101528
v -0.051808 0.084184 0.101106
v -0.051298 0.077262 0.107299
v -0.051558 0.080830 0.104323
v -0.051318 0.077352 0.107406
v -0.051686 0.077712 0.107857
v -0.051503 0.077533 0.107632
v -0.051807 0.077758 0.107920
v -0.052184 0.077901 0.108117
v -0.049436 0.074045 0.108243
v -0.051168 0.076697 0.107622
v -0.050370 0.074839 0.107949
v -0.050668 0.075545 0.108078
v -0.050960 0.076118 0.107882
v -0.049552 0.073851 0.107987
v -0.051822 0.076518 0.109138
v -0.051812 0.076501 0.109146
v -0.051404 0.076491 0.108821
v -0.050922 0.075130 0.109853
v -0.050566 0.075256 0.109409
v -0.050920 0.075128 0.109853
v -0.050020 0.074706 0.109574
v -0.049645 0.073948 0.110179
v -0.049414 0.074225 0.109647
v -0.049622 0.073926 0.110185
v -0.048759 0.073828 0.109624
v -0.048985 0.073595 0.110131
v -0.051094 0.076359 0.108371
v -0.050753 0.075773 0.108629
v -0.050331 0.075217 0.108810
v -0.050306 0.074996 0.108204
v -0.049355 0.074194 0.108563
v -0.050291 0.075126 0.108497
v -0.048768 0.073923 0.108861
v -0.048739 0.073918 0.109254
v -0.049322 0.074279 0.108925
v -0.049848 0.074714 0.108908
v 0.094180 0.025111 0.087395
v 0.094371 0.014864 0.089853
v 0.094463 0.004392 0.091038
v 0.086331 -0.083432 -0.013295
v 0.087139 -0.085155 -0.002930
v 0.087956 -0.085587 0.007570
v 0.088772 -0.084721 0.018041
v 0.092505 0.060835 0.065841
v 0.093049 0.052976 0.072840
v 0.093514 0.044311 0.078822
v 0.093893 0.034976 0.083699
v 0.091771 -0.068838 0.056543
v 0.091084 -0.074569 0.047725
v 0.090347 -0.079171 0.038272
v 0.089573 -0.082571 0.028328
v 0.092398 -0.062063 0.064591
v 0.092956 -0.054348 0.071749
v 0.093436 -0.045808 0.077907
v 0.093831 -0.036574 0.082972
v 0.094454 -0.006146 0.090931
v 0.094344 -0.016592 0.089534
v 0.094136 -0.026787 0.086867
v 0.084930 0.077005 -0.031448
v 0.084217 0.071828 -0.040601
v 0.084093 -0.070875 -0.042051
v 0.084797 -0.076238 -0.033005
v 0.085547 -0.080445 -0.023372
v 0.091212 0.073685 0.049232
v 0.091889 0.067774 0.057931
v 0.088104 0.085521 0.009308
v 0.088918 0.084442 0.019760
v 0.089715 0.082082 0.030001
v 0.090484 0.078478 0.039875
v 0.082006 0.041257 -0.068960
v 0.082445 0.050160 -0.063338
v 0.082965 0.058304 -0.056667
v 0.083558 0.065563 -0.049050
v 0.085687 0.081013 -0.021731
v 0.086476 0.083794 -0.011596
v 0.087286 0.085304 -0.001197
v 0.081656 0.031729 -0.073449
v 0.081399 0.021718 -0.076736
v 0.082359 -0.048748 -0.064343
v 0.082865 -0.057025 -0.057839
v 0.083446 -0.064439 -0.050372
v 0.081936 -0.039731 -0.069783
v 0.081602 -0.030112 -0.074077
v 0.081240 0.011379 -0.078772
v 0.081180 0.000867 -0.079525
v 0.081363 -0.020037 -0.077161
v 0.081222 -0.009658 -0.078986
v 0.081180 -0.000012 -0.079530
v -0.051160 -0.117263 0.019057
v 0.065660 0.073033 -0.039938
v -0.056454 -0.097105 -0.048936
v -0.056284 0.098435 -0.046948
v -0.018418 0.088463 -0.043416
v 0.005644 0.082770 -0.041592
v 0.027195 0.078406 -0.040433
v 0.047055 0.075193 -0.039892
v 0.046925 -0.074189 -0.041410
v 0.065535 -0.072061 -0.041412
v 0.027060 -0.077356 -0.042017
v -0.018571 -0.087272 -0.045202
v 0.005502 -0.081660 -0.043263
v -0.045933 -0.094313 0.086164
v -0.009962 -0.091821 0.065354
v -0.046874 -0.102167 0.074081
v 0.014349 -0.079312 0.070342
v 0.035441 -0.075133 0.065600
v 0.054963 -0.072057 0.061798
v 0.036734 -0.059316 0.082198
v 0.056203 -0.056888 0.077716
v 0.055619 -0.064964 0.070223
v 0.037258 -0.049995 0.088920
v 0.016268 -0.052776 0.094960
v -0.007065 -0.056402 0.102522
v -0.043651 -0.062756 0.115438
v -0.006969 0.054578 0.103651
v -0.043544 0.060730 0.116693
v 0.016358 0.051065 0.096015
v 0.036836 0.057828 0.083389
v 0.055731 0.063685 0.071531
v 0.056301 0.055458 0.078857
v 0.055086 0.070948 0.063251
v 0.035570 0.073981 0.067116
v 0.034831 0.080432 0.057620
v 0.013705 0.084909 0.061919
v -0.009804 0.090749 0.067211
v -0.045771 0.092880 0.088067
v -0.046698 0.100979 0.076146
v -0.013814 -0.105389 0.015903
v -0.052281 -0.116671 0.004671
v -0.014820 -0.104857 0.002975
v -0.050043 -0.116077 0.033406
v -0.012809 -0.104323 0.028799
v 0.067155 0.082372 -0.020752
v 0.067958 0.085199 -0.010447
v 0.068781 0.086734 0.000126
v 0.069613 0.086955 0.010807
v 0.071251 0.083459 0.031846
v 0.072773 0.074920 0.051400
v 0.073461 0.068911 0.060245
v 0.074087 0.061857 0.068287
v 0.075499 0.035564 0.086445
v 0.075985 0.015114 0.092702
v 0.076069 -0.006248 0.093797
v 0.075745 -0.027233 0.089666
v 0.075436 -0.037185 0.085705
v 0.075034 -0.046574 0.080555
v 0.074546 -0.055256 0.074294
v 0.073979 -0.063102 0.067017
v 0.071894 -0.080495 0.040257
v 0.071106 -0.083954 0.030145
v 0.070291 -0.086139 0.019686
v 0.069462 -0.087019 0.009039
v 0.068631 -0.086580 -0.001636
v 0.067013 -0.081791 -0.022420
v 0.066250 -0.077513 -0.032216
v 0.074641 0.053864 0.075403
v 0.073341 -0.069990 0.058833
v 0.054378 0.077136 0.054145
v 0.037344 0.048372 0.089920
v 0.056788 0.046388 0.085121
v 0.075114 0.045055 0.081486
v 0.056706 -0.047948 0.084161
v 0.013557 -0.085916 0.060183
v 0.034691 -0.081389 0.055976
v 0.054243 -0.078056 0.052567
v 0.072642 -0.075817 0.049868
v 0.051823 -0.088683 0.021494
v 0.050969 -0.089589 0.010532
v 0.032167 -0.092470 0.023575
v 0.031277 -0.093415 0.012144
v 0.010893 -0.097613 0.025979
v 0.009953 -0.098611 0.013913
v 0.050113 -0.089137 -0.000457
v 0.030384 -0.092942 0.000685
v 0.009011 -0.098113 0.001816
v 0.066385 0.078296 -0.030632
v 0.047801 0.080610 -0.030311
v 0.027973 0.084056 -0.030444
v 0.006466 0.088735 -0.031045
v -0.017540 0.094838 -0.032145
v -0.055307 0.105528 -0.034406
v 0.048594 0.084807 -0.020138
v 0.049420 0.087718 -0.009530
v 0.028800 0.088431 -0.019836
v 0.029661 0.091467 -0.008774
v 0.007338 0.093354 -0.019848
v 0.008248 0.096558 -0.008170
v -0.016608 0.099774 -0.020179
v -0.015636 0.103198 -0.007698
v -0.054270 0.111021 -0.021091
v -0.053188 0.114831 -0.007203
v -0.052078 0.116901 0.007045
v -0.014638 0.105058 0.005109
v 0.050268 0.089298 0.001356
v 0.051124 0.089526 0.012353
v 0.030545 0.093115 0.002577
v 0.031438 0.093353 0.014043
v 0.009181 0.098298 0.003812
v 0.010124 0.098548 0.015916
v -0.013631 0.105326 0.018045
v -0.050957 0.117198 0.021440
v 0.070440 0.085857 0.021434
v 0.051976 0.088396 0.023294
v 0.032327 0.092174 0.025452
v 0.011062 0.097305 0.027960
v -0.012629 0.103997 0.030916
v -0.049842 0.115719 0.035762
v 0.072032 0.079795 0.041885
v 0.052811 0.085926 0.034014
v 0.053615 0.082153 0.044349
v 0.033197 0.089598 0.036629
v 0.034036 0.085665 0.047407
v 0.011980 0.094586 0.039759
v 0.012866 0.090433 0.051137
v -0.011647 0.101091 0.043528
v -0.010700 0.096652 0.055687
v -0.048750 0.112486 0.049794
v -0.047696 0.107548 0.063324
v 0.075791 0.025532 0.090202
v 0.057184 0.036615 0.090225
v 0.057485 0.026289 0.094093
v 0.037757 0.038182 0.095241
v 0.038071 0.027413 0.099276
v 0.016795 0.040308 0.101634
v 0.017125 0.028940 0.105892
v -0.006502 0.043081 0.109656
v -0.006148 0.030931 0.114207
v -0.043025 0.047939 0.123375
v -0.042631 0.034420 0.128439
v 0.076078 0.004467 0.093906
v 0.057684 0.015563 0.096667
v 0.057780 0.004601 0.097907
v 0.038279 0.016228 0.101959
v 0.038379 0.004799 0.103252
v 0.017345 0.017133 0.108725
v 0.017450 0.005067 0.110090
v -0.005913 0.018314 0.117234
v -0.005801 0.005418 0.118694
v -0.042370 0.020380 0.131808
v -0.042245 0.006030 0.133432
v 0.075957 -0.016869 0.092377
v 0.057771 -0.006431 0.097795
v 0.057656 -0.017365 0.096332
v 0.038369 -0.006704 0.103136
v 0.038249 -0.018106 0.101610
v 0.017440 -0.007076 0.109967
v 0.017314 -0.019112 0.108357
v -0.005812 -0.007560 0.118562
v -0.005947 -0.020423 0.116841
v -0.042257 -0.008410 0.133285
v -0.042407 -0.022723 0.131370
v 0.057438 -0.028037 0.093542
v 0.057120 -0.038283 0.089464
v 0.038022 -0.029233 0.098700
v 0.037690 -0.039916 0.094448
v 0.017073 -0.030858 0.105284
v 0.016723 -0.042136 0.100795
v -0.006204 -0.032978 0.113557
v -0.006578 -0.045031 0.108760
v -0.042693 -0.036691 0.127716
v -0.043109 -0.050103 0.122378
v 0.053472 -0.082873 0.042673
v 0.052661 -0.086433 0.032261
v 0.033887 -0.086411 0.045657
v 0.033041 -0.090123 0.034803
v 0.012709 -0.091218 0.049291
v 0.011816 -0.095136 0.037831
v -0.010869 -0.097488 0.053714
v -0.011823 -0.101677 0.041467
v -0.047883 -0.108472 0.061129
v -0.048945 -0.113132 0.047502
v 0.067810 -0.084828 -0.012175
v 0.049269 -0.087334 -0.011309
v 0.029503 -0.091062 -0.010629
v 0.008081 -0.096128 -0.010129
v -0.015814 -0.102735 -0.009790
v -0.053386 -0.114310 -0.009533
v 0.048447 -0.084206 -0.021857
v 0.047662 -0.079802 -0.031942
v 0.028647 -0.087802 -0.021628
v 0.027829 -0.083210 -0.032143
v 0.007177 -0.092685 -0.021739
v 0.006313 -0.087838 -0.032840
v -0.016780 -0.099057 -0.022199
v -0.017704 -0.093876 -0.034063
v -0.054461 -0.110217 -0.023339
v -0.055489 -0.104453 -0.036541
vn 0.9970 -0.0001 -0.0776
vn 0.9970 -0.0000 -0.0776
vn 0.9970 -0.0001 -0.0777
vn 0.9617 -0.0208 -0.2733
vn 0.9620 -0.0823 -0.2602
vn 0.9623 -0.0819 -0.2594
vn 0.9661 -0.1497 -0.2103
vn 0.9717 -0.1916 -0.1380
vn 0.9717 -0.1915 -0.1380
vn 0.9782 -0.2002 -0.0551
vn 0.9781 -0.2008 -0.0550
vn 0.9843 -0.1748 0.0245
vn 0.9843 -0.1749 0.0246
vn 0.9891 -0.1189 0.0870
vn 0.9892 -0.1184 0.0864
vn 0.9918 -0.0419 0.1205
vn 0.9919 -0.0419 0.1203
vn 0.9919 0.0418 0.1203
vn 0.9918 0.0418 0.1205
vn 0.9892 0.1183 0.0864
vn 0.9891 0.1187 0.0870
vn 0.9843 0.1748 0.0246
vn 0.9843 0.1746 0.0245
vn 0.9781 0.2007 -0.0551
vn 0.9782 0.2001 -0.0551
vn 0.9717 0.1915 -0.1381
vn 0.9718 0.1914 -0.1381
vn 0.9661 0.1495 -0.2103
vn 0.9661 0.1495 -0.2104
vn 0.9623 0.0818 -0.2594
vn 0.9621 0.0821 -0.2602
vn 0.9617 0.0207 -0.2733
vn -0.5410 -0.0000 -0.8410
vn 0.8385 -0.0001 -0.5448
vn 0.4611 -0.8325 -0.3071
vn 0.4373 -0.6503 -0.6212
vn 0.4374 -0.6502 -0.6212
vn 0.4213 -0.3557 -0.8343
vn 0.4203 -0.3561 -0.8346
vn 0.4196 -0.3562 -0.8349
vn 0.4207 -0.0912 -0.9026
vn 0.4874 -0.8715 0.0539
vn 0.4864 -0.8721 0.0538
vn 0.4598 -0.8332 -0.3072
vn 0.5167 -0.7577 0.3987
vn 0.5147 -0.7588 0.3992
vn 0.4876 -0.8714 0.0539
vn 0.5481 0.1821 0.8164
vn 0.5480 -0.1822 0.8164
vn 0.5454 -0.1823 0.8181
vn 0.5337 -0.5153 0.6706
vn 0.5359 -0.5149 0.6691
vn 0.5366 -0.5146 0.6687
vn 0.5154 -0.7582 0.3992
vn 0.5359 0.5150 0.6691
vn 0.5359 0.5149 0.6690
vn 0.5463 0.1824 0.8175
vn 0.5168 0.7576 0.3986
vn 0.5155 0.7582 0.3992
vn 0.5367 0.5147 0.6687
vn 0.4374 0.6501 -0.6213
vn 0.4612 0.8324 -0.3072
vn 0.4599 0.8330 -0.3074
vn 0.4866 0.8720 0.0537
vn 0.4875 0.8714 0.0538
vn 0.4878 0.8713 0.0537
vn 0.5148 0.7587 0.3991
vn 0.4208 0.0911 -0.9026
vn 0.4196 0.3561 -0.8349
vn 0.4204 0.3559 -0.8346
vn 0.4214 0.3555 -0.8343
vn 0.4375 0.6500 -0.6213
vn 0.8384 0.3500 0.4178
vn 0.8385 0.3499 0.4177
vn 0.8239 0.5159 0.2346
vn 0.8243 0.5154 0.2343
vn 0.8061 0.5918 -0.0005
vn 0.8062 0.5917 -0.0005
vn 0.7868 0.5661 -0.2458
vn 0.7864 0.5666 -0.2459
vn 0.7695 0.4429 -0.4601
vn 0.7687 0.4438 -0.4607
vn 0.7575 0.2427 -0.6061
vn 0.7595 0.2416 -0.6040
vn 0.7551 -0.0001 -0.6556
vn 0.7595 -0.2419 -0.6039
vn 0.7574 -0.2428 -0.6061
vn 0.7686 -0.4439 -0.4607
vn 0.7694 -0.4432 -0.4600
vn 0.7863 -0.5667 -0.2459
vn 0.7868 -0.5663 -0.2457
vn 0.8061 -0.5918 -0.0004
vn 0.8242 -0.5154 0.2344
vn 0.8238 -0.5160 0.2347
vn 0.8384 -0.3500 0.4178
vn 0.8384 -0.3500 0.4179
vn 0.8463 -0.1238 0.5181
vn 0.8464 -0.1237 0.5180
vn 0.8464 0.1238 0.5180
vn 0.8463 0.1238 0.5181
vn 0.9717 -0.1916 -0.1381
vn 0.9782 -0.2003 -0.0551
vn 0.9891 -0.1188 0.0870
vn 0.9892 -0.1185 0.0864
vn 0.9918 -0.0420 0.1205
vn 0.9918 0.0419 0.1205
vn 0.9892 0.1184 0.0864
vn 0.9891 0.1187 0.0869
vn 0.9781 0.2006 -0.0551
vn 0.9782 0.2000 -0.0551
vn 0.9717 0.1914 -0.1381
vn 0.9617 0.0206 -0.2733
vn -0.5411 -0.0000 -0.8410
vn 0.8386 -0.0001 -0.5448
vn 0.4611 -0.8325 -0.3072
vn 0.4373 -0.6502 -0.6212
vn 0.4213 -0.3557 -0.8342
vn 0.4204 -0.3561 -0.8346
vn 0.4208 -0.0913 -0.9026
vn 0.4865 -0.8720 0.0539
vn 0.5147 -0.7587 0.3992
vn 0.5462 -0.1823 0.8176
vn 0.5366 -0.5146 0.6688
vn 0.5154 -0.7582 0.3993
vn 0.5359 0.5149 0.6691
vn 0.5337 0.5153 0.6705
vn 0.5454 0.1825 0.8180
vn 0.5367 0.5146 0.6687
vn 0.4612 0.8325 -0.3072
vn 0.4600 0.8330 -0.3074
vn 0.4875 0.8715 0.0538
vn 0.4878 0.8713 0.0538
vn 0.4208 0.0910 -0.9026
vn 0.4197 0.3560 -0.8349
vn 0.8385 0.3499 0.4178
vn 0.8061 0.5917 -0.0005
vn 0.7686 0.4438 -0.4607
vn 0.7574 0.2428 -0.6061
vn 0.7594 -0.2420 -0.6039
vn 0.7863 -0.5668 -0.2459
vn 0.7868 -0.5662 -0.2457
vn 0.8060 -0.5919 -0.0004
vn 0.8242 -0.5155 0.2344
vn 0.8383 -0.3501 0.4179
vn 0.8464 -0.1238 0.5180
vn 0.8464 0.1237 0.5179
vn 0.8463 0.1237 0.5181
vn -0.4972 0.8198 -0.2842
vn -0.5338 0.7893 -0.3034
vn -0.9777 0.2048 0.0463
vn -0.9726 0.2282 0.0454
vn -0.9729 0.2264 0.0460
vn -0.8304 0.5330 -0.1624
vn -0.7866 0.5968 -0.1584
vn -0.8276 0.5442 -0.1376
vn -0.7788 0.6164 -0.1164
vn -0.5196 0.8260 -0.2186
vn -0.7889 0.5841 -0.1911
vn -0.7995 0.5713 -0.1854
vn -0.9781 0.2027 0.0470
vn -0.9721 0.2339 -0.0155
vn -0.9730 0.2266 0.0441
vn -0.0776 -0.0001 -0.9970
vn -0.0777 -0.0001 -0.9970
vn 0.0761 0.1990 0.9770
vn 0.0853 0.2586 0.9622
vn 0.0588 0.5489 0.8338
vn 0.0588 0.5492 0.8336
vn 0.0691 0.7071 0.7037
vn 0.0389 0.8157 0.5771
vn 0.0388 0.8164 0.5761
vn 0.0291 0.9660 0.2570
vn 0.0216 0.9733 0.2287
vn -0.0076 0.9659 -0.2588
vn -0.0153 0.9875 -0.1570
vn -0.0155 0.9871 -0.1594
vn -0.0407 0.7068 -0.7062
vn -0.0488 0.8496 -0.5251
vn -0.0488 0.8498 -0.5248
vn -0.0804 -0.1498 -0.9854
vn -0.0710 0.2376 -0.9688
vn -0.0666 0.2588 -0.9636
vn -0.0687 0.5843 -0.8086
vn -0.0687 0.5847 -0.8083
vn -0.0623 -0.2589 -0.9639
vn -0.0744 -0.5209 -0.8504
vn -0.0744 -0.5202 -0.8508
vn -0.0410 -0.7071 -0.7059
vn -0.0515 -0.8064 -0.5891
vn -0.0124 -0.9659 -0.2586
vn -0.0139 -0.9695 -0.2446
vn 0.0330 -0.9658 0.2571
vn 0.0069 -0.9898 0.1424
vn 0.0070 -0.9897 0.1432
vn 0.0687 -0.7072 0.7037
vn 0.0316 -0.8584 0.5120
vn 0.0317 -0.8578 0.5130
vn 0.0776 -0.0313 0.9965
vn 0.0811 -0.2519 0.9643
vn 0.0822 -0.2585 0.9625
vn 0.0571 -0.5969 0.8003
vn 0.0571 -0.5972 0.8000
vn 0.0732 0.1503 0.9859
vn 0.0877 0.2586 0.9620
vn 0.0583 0.5201 0.8521
vn 0.0583 0.5202 0.8521
vn 0.0689 0.7073 0.7036
vn 0.0405 0.8064 0.5900
vn 0.0280 0.9659 0.2574
vn 0.0243 0.9695 0.2438
vn -0.0071 0.9658 -0.2591
vn -0.0151 0.9898 -0.1418
vn -0.0152 0.9897 -0.1426
vn -0.0410 0.7070 -0.7060
vn -0.0479 0.8583 -0.5110
vn -0.0480 0.8578 -0.5118
vn -0.0776 0.0343 -0.9964
vn -0.0693 0.2514 -0.9654
vn -0.0677 0.2588 -0.9636
vn -0.0673 0.5984 -0.7983
vn -0.0674 0.5971 -0.7993
vn -0.0761 -0.1993 -0.9770
vn -0.0647 -0.2589 -0.9637
vn -0.0710 -0.5495 -0.8324
vn -0.0710 -0.5487 -0.8330
vn -0.0407 -0.7069 -0.7061
vn -0.0510 -0.8159 -0.5759
vn -0.0510 -0.8161 -0.5757
vn -0.0112 -0.9660 -0.2584
vn -0.0142 -0.9732 -0.2296
vn 0.0324 -0.9659 0.2568
vn 0.0091 -0.9875 0.1575
vn 0.0092 -0.9872 0.1591
vn 0.0689 -0.7070 0.7039
vn 0.0330 -0.8494 0.5267
vn 0.0329 -0.8501 0.5256
vn 0.0732 0.1499 0.9860
vn 0.0799 -0.2375 0.9681
vn 0.0834 -0.2585 0.9624
vn 0.0571 -0.5853 0.8088
vn 0.0571 -0.5851 0.8090
vn 0.0166 -0.6159 0.7877
vn -0.0433 -0.9896 0.1369
vn 0.0090 -0.9530 0.3029
vn -0.0218 -0.9050 0.4248
vn -0.0259 -0.9276 0.3726
vn -0.0225 -0.9053 0.4241
vn -0.0757 -0.9491 0.3058
vn 0.0319 -0.6874 0.7256
vn 0.0070 -0.7067 0.7075
vn 0.0090 -0.6849 0.7286
vn -0.0174 -0.6168 0.7869
vn 0.0641 -0.2511 0.9658
vn 0.0633 -0.2109 0.9754
vn 0.0577 -0.2868 0.9563
vn 0.0602 -0.2493 0.9665
vn 0.0407 -0.2078 0.9773
vn -0.1029 -0.0001 -0.9947
vn -0.1019 0.1368 -0.9853
vn -0.1681 0.1670 -0.9715
vn 0.0519 0.1369 0.9892
vn -0.0157 0.1671 0.9858
vn 0.1318 0.4705 0.8725
vn 0.1282 0.5498 0.8254
vn -0.2134 0.4527 0.8658
vn 0.1688 0.7912 0.5878
vn 0.1579 0.8740 0.4595
vn -0.3794 0.7225 0.5780
vn 0.1678 0.9654 0.1996
vn 0.1481 0.9889 -0.0116
vn -0.5408 0.8118 0.2203
vn 0.1349 0.9655 -0.2226
vn 0.1349 0.9654 -0.2233
vn -0.2771 0.8543 -0.4397
vn 0.0758 0.7913 -0.6068
vn 0.0758 0.7911 -0.6070
vn -0.2633 0.5397 -0.7996
vn -0.0049 0.4704 -0.8824
vn 0.0524 0.0001 0.9986
vn 0.0782 0.3978 0.9141
vn 0.0723 0.2589 0.9632
vn 0.0677 0.4204 0.9048
vn 0.0238 0.9762 0.2157
vn 0.0300 0.9264 0.3754
vn 0.0476 0.7811 0.6226
vn 0.0540 0.7072 0.7050
vn 0.0559 0.7723 0.6328
vn 0.0620 0.6306 0.7736
vn -0.0157 0.9642 -0.2649
vn 0.0004 0.9901 -0.1402
vn -0.0176 0.9659 -0.2583
vn -0.0013 0.9999 -0.0145
vn 0.0200 0.9659 0.2580
vn 0.0212 0.9996 -0.0193
vn 0.0216 0.9952 0.0949
vn -0.0672 0.5384 -0.8400
vn -0.0672 0.5393 -0.8394
vn -0.0437 0.7595 -0.6491
vn -0.0536 0.7071 -0.7051
vn -0.0331 0.9077 -0.4184
vn -0.0334 0.9055 -0.4229
vn -0.0673 0.5375 -0.8406
vn -0.0718 0.2588 -0.9633
vn -0.0795 0.1367 -0.9874
vn -0.0775 -0.2589 -0.9628
vn -0.0614 0.0802 -0.9949
vn -0.0503 -0.7597 -0.6484
vn -0.0547 -0.6229 -0.7804
vn -0.0531 -0.7072 -0.7051
vn -0.0742 -0.3600 -0.9300
vn -0.0076 -0.9949 -0.1007
vn -0.0151 -0.9764 -0.2154
vn -0.0236 -0.9276 -0.3728
vn -0.0195 -0.9659 -0.2581
vn -0.0501 -0.7695 -0.6367
vn -0.0497 -0.7736 -0.6317
vn -0.0002 -1.0000 -0.0000
vn 0.0053 -0.9974 0.0714
vn 0.2926 -0.9560 -0.0226
vn 0.0545 -0.7071 0.7050
vn 0.0894 -0.3840 0.9190
vn 0.0638 -0.6434 0.7629
vn 0.0468 -0.7996 0.5987
vn 0.0317 -0.9110 0.4111
vn 0.0198 -0.9659 0.2582
vn 0.0379 -0.9137 0.4046
vn 0.0198 -0.9731 0.2296
vn 0.0781 0.1627 0.9836
vn 0.0766 0.0032 0.9971
vn 0.0740 -0.2588 0.9631
vn 0.0890 -0.0354 0.9954
vn 0.0728 -0.3339 0.9398
vn -0.1055 -0.0552 -0.9929
vn -0.0688 -0.3372 -0.9389
vn -0.1147 -0.2483 -0.9619
vn -0.1156 -0.2868 -0.9510
vn -0.1173 -0.3402 -0.9330
vn -0.1457 -0.2481 -0.9577
vn -0.0794 -0.7186 -0.6908
vn -0.0980 -0.6853 -0.7217
vn -0.0944 -0.7511 -0.6534
vn -0.0958 -0.7210 -0.6863
vn -0.1177 -0.6845 -0.7194
vn -0.0726 -0.9541 -0.2905
vn -0.0798 -0.9517 -0.2964
vn -0.0745 -0.9545 -0.2888
vn -0.0803 -0.9273 -0.3655
vn -0.0742 -0.9524 -0.2955
vn 0.0761 0.1995 0.9769
vn 0.0853 0.2589 0.9621
vn 0.0388 0.8160 0.5767
vn 0.0291 0.9659 0.2573
vn 0.0215 0.9733 0.2287
vn -0.0076 0.9658 -0.2591
vn -0.0155 0.9871 -0.1595
vn -0.0407 0.7072 -0.7059
vn -0.0488 0.8498 -0.5249
vn -0.0803 -0.1499 -0.9854
vn -0.0709 0.2376 -0.9688
vn -0.0666 0.2585 -0.9637
vn -0.0688 0.5844 -0.8086
vn -0.0688 0.5847 -0.8083
vn -0.0803 -0.1498 -0.9854
vn -0.0622 -0.2586 -0.9640
vn -0.0744 -0.5201 -0.8508
vn -0.0514 -0.8064 -0.5891
vn -0.0123 -0.9660 -0.2583
vn -0.0138 -0.9695 -0.2446
vn 0.0330 -0.9659 0.2568
vn 0.0070 -0.9898 0.1424
vn 0.0687 -0.7068 0.7041
vn 0.0776 -0.0341 0.9964
vn 0.0810 -0.2519 0.9644
vn 0.0822 -0.2588 0.9624
vn 0.0761 0.1994 0.9770
vn 0.0691 0.7069 0.7039
vn -0.0407 0.7070 -0.7061
vn -0.0804 -0.1499 -0.9854
vn -0.0623 -0.2586 -0.9640
vn -0.0410 -0.7073 -0.7058
vn -0.0123 -0.9659 -0.2586
vn 0.0069 -0.9897 0.1432
vn 0.0687 -0.7070 0.7039
vn 0.0776 -0.0342 0.9964
vn -0.0657 -0.5345 -0.8426
vn -0.0771 0.1538 -0.9851
vn 0.0576 0.7071 0.7047
vn 0.0608 0.5925 0.8032
vn 0.0608 0.5921 0.8036
vn 0.0030 0.9992 0.0388
vn 0.0128 0.9881 0.1533
vn 0.0255 0.9578 0.2864
vn 0.0224 0.9659 0.2578
vn 0.0389 0.8574 0.5132
vn 0.0391 0.8564 0.5148
vn -0.0280 0.8634 -0.5037
vn -0.0203 0.9659 -0.2581
vn -0.0409 0.8514 -0.5230
vn 0.3023 0.9530 -0.0218
vn -0.0048 0.9981 -0.0619
vn -0.0130 0.9829 -0.1839
vn -0.0220 0.9402 -0.3398
vn -0.0754 0.2588 -0.9630
vn -0.0721 0.1742 -0.9821
vn -0.0685 0.5077 -0.8588
vn -0.0565 0.7071 -0.7049
vn -0.0568 0.5328 -0.8443
vn -0.0506 0.7417 -0.6688
vn -0.0751 -0.2589 -0.9630
vn -0.0512 -0.4910 -0.8697
vn -0.0743 -0.2629 -0.9619
vn -0.0144 -0.9677 -0.2516
vn -0.0336 -0.9049 -0.4242
vn -0.0554 -0.7072 -0.7049
vn -0.0123 -0.8895 -0.4567
vn -0.0507 -0.7240 -0.6879
vn 0.0302 -0.9268 0.3744
vn 0.0412 -0.8385 0.5434
vn 0.0241 -0.9714 0.2363
vn 0.0214 -0.9951 0.0965
vn 0.0216 -0.9659 0.2580
vn -0.0016 -0.9999 -0.0159
vn -0.0204 -0.9659 -0.2580
vn 0.0187 -0.9997 -0.0160
vn 0.0018 -0.9916 -0.1296
vn 0.0414 -0.8367 0.5460
vn 0.0593 -0.7070 0.7047
vn 0.0598 -0.6387 0.7671
vn 0.0765 0.2777 0.9576
vn 0.0890 0.0356 0.9954
vn 0.0740 0.2589 0.9631
vn 0.0766 -0.0030 0.9971
vn 0.0779 -0.2588 0.9628
vn 0.0733 -0.3256 0.9426
vn 0.0736 -0.3168 0.9456
vn -0.1055 0.6159 -0.7808
vn -0.0639 0.9896 -0.1286
vn -0.0379 0.9530 -0.3006
vn -0.0872 0.9051 -0.4163
vn -0.0833 0.9268 -0.3663
vn -0.0877 0.9054 -0.4155
vn -0.1220 0.9491 -0.2905
vn -0.0807 0.6874 -0.7218
vn -0.1025 0.7057 -0.7010
vn -0.1038 0.6849 -0.7212
vn -0.1389 0.6168 -0.7747
vn -0.0861 0.2511 -0.9641
vn -0.0884 0.2110 -0.9735
vn -0.0912 0.2877 -0.9534
vn -0.0902 0.2493 -0.9642
vn -0.1111 0.2078 -0.9718
vn 0.0519 -0.1368 0.9892
vn -0.0157 -0.1670 0.9858
vn -0.1019 -0.1369 -0.9853
vn -0.1681 -0.1671 -0.9715
vn -0.0049 -0.4705 -0.8824
vn -0.0012 -0.5498 -0.8353
vn -0.3449 -0.4526 -0.8223
vn 0.0757 -0.7912 -0.6068
vn 0.0847 -0.8740 -0.4784
vn -0.4645 -0.7224 -0.5123
vn 0.1347 -0.9654 -0.2232
vn 0.1479 -0.9889 -0.0115
vn -0.5685 -0.8117 -0.1339
vn 0.1676 -0.9655 0.1991
vn 0.1677 -0.9654 0.1997
vn -0.2058 -0.8543 0.4773
vn 0.1687 -0.7913 0.5877
vn 0.1687 -0.7911 0.5879
vn -0.1365 -0.5396 0.8308
vn 0.1317 -0.4705 0.8725
vn 0.1317 -0.4704 0.8726
vn 0.0495 0.0552 0.9972
vn 0.0775 0.3373 0.9382
vn 0.0356 0.2483 0.9680
vn 0.0330 0.2871 0.9573
vn 0.0286 0.3403 0.9399
vn 0.0043 0.2481 0.9687
vn 0.0286 0.7186 0.6948
vn 0.0150 0.6852 0.7282
vn 0.0078 0.7521 0.6590
vn 0.0118 0.7210 0.6928
vn -0.0048 0.6845 0.7290
vn -0.0267 0.9541 0.2982
vn -0.0328 0.9517 0.3052
vn -0.0288 0.9545 0.2969
vn -0.0225 0.9273 0.3737
vn -0.0274 0.9524 0.3035
vn 0.3943 0.5536 0.7335
vn 0.2842 0.9556 0.0783
vn 0.0767 0.8401 -0.5369
vn 0.0768 0.8403 -0.5366
vn 0.4535 0.8364 -0.3079
vn 0.4263 0.8542 -0.2977
vn 0.1305 0.9904 -0.0456
vn 0.0766 0.8403 -0.5367
vn 0.4050 0.6626 -0.6301
vn 0.0592 0.5417 -0.8385
vn 0.0589 0.5423 -0.8381
vn 0.2088 0.3905 -0.8966
vn 0.2118 0.5301 -0.8210
vn 0.5117 0.2537 -0.8209
vn 0.3064 0.3773 -0.8740
vn 0.1569 0.0499 -0.9864
vn 0.0438 0.1037 -0.9936
vn 0.0445 0.0510 -0.9977
vn 0.2749 -0.0981 -0.9565
vn 0.1337 -0.3341 -0.9330
vn 0.3405 -0.3717 -0.8636
vn 0.3357 -0.3130 -0.8884
vn 0.3548 -0.3690 -0.8591
vn 0.1252 -0.6693 -0.7324
vn 0.3901 -0.6680 -0.6337
vn 0.1285 -0.9004 -0.4157
vn 0.1285 -0.9003 -0.4158
vn 0.4305 -0.8478 -0.3097
vn 0.1415 -0.9894 -0.0333
vn 0.2801 -0.9567 0.0788
vn 0.2694 -0.9621 -0.0424
vn 0.4708 -0.8805 0.0561
vn 0.1570 -0.9217 0.3546
vn 0.4474 -0.7886 0.4218
vn 0.4329 -0.8488 0.3036
vn 0.5065 -0.7625 0.4025
vn 0.1727 -0.7077 0.6851
vn 0.5341 -0.5155 0.6701
vn 0.4094 -0.3598 0.8384
vn 0.4084 -0.5501 0.7285
vn 0.1834 -0.3807 0.9063
vn 0.5485 -0.1821 0.8161
vn 0.1851 0.0065 0.9827
vn -0.0368 0.2068 0.9777
vn 0.7432 0.2847 0.6055
vn 0.1851 0.0066 0.9827
vn 0.2842 0.9555 0.0785
vn 0.5927 0.8020 -0.0746
vn -0.0964 0.8582 0.5042
vn 0.4475 0.8464 0.2888
vn 0.4634 0.7819 0.4169
vn 0.6505 0.7248 0.2271
vn -0.1439 0.5752 0.8052
vn 0.6133 0.5927 0.5221
vn 0.3957 0.3738 0.8388
vn 0.4643 0.8351 -0.2951
vn 0.9728 0.1886 -0.1342
vn 0.7936 0.5610 -0.2355
vn 0.9724 0.1904 -0.1347
vn 0.4698 0.8323 -0.2943
vn 0.4696 0.8324 -0.2943
vn 0.4806 0.8743 -0.0687
vn 0.4803 0.8744 -0.0687
vn 0.5461 0.3462 0.7629
vn 0.5307 0.6313 0.5656
vn 0.5298 0.6317 0.5659
vn 0.5069 0.8174 0.2737
vn 0.5065 0.8177 0.2734
vn 0.5078 0.8171 0.2729
vn 0.4811 0.8740 -0.0685
vn 0.5452 0.3460 0.7636
vn 0.5451 0.3460 0.7637
vn 0.5505 0.0057 0.8348
vn 0.5509 0.0058 0.8346
vn 0.5514 0.0057 0.8342
vn 0.5459 -0.3351 0.7679
vn 0.5451 -0.3354 0.7683
vn 0.5449 -0.3353 0.7685
vn 0.5295 -0.6239 0.5748
vn 0.5306 -0.6235 0.5742
vn 0.4801 -0.8754 -0.0571
vn 0.4808 -0.8750 -0.0570
vn 0.5072 -0.8136 0.2841
vn 0.5087 -0.8128 0.2838
vn 0.5081 -0.8133 0.2836
vn 0.4174 -0.2997 -0.8579
vn 0.4315 -0.5961 -0.6772
vn 0.4328 -0.5955 -0.6768
vn 0.4550 -0.7981 -0.3951
vn 0.4549 -0.7981 -0.3951
vn 0.4541 -0.7985 -0.3953
vn 0.4802 -0.8753 -0.0571
vn 0.7612 0.1830 -0.6222
vn 0.4228 0.2705 -0.8649
vn 0.4169 -0.2991 -0.8583
vn 0.4188 -0.2989 -0.8574
vn 0.4147 0.0449 -0.9089
vn 0.4148 0.0449 -0.9088
vn 0.4147 0.0449 -0.9088
vn 0.4253 0.2700 -0.8638
vn 0.4248 0.2699 -0.8641
vn 0.9629 0.0609 -0.2628
vn 0.9728 0.1888 -0.1344
vn 0.9761 0.2009 -0.0832
vn 0.9761 0.2006 -0.0832
vn 0.9822 0.1877 -0.0047
vn 0.9821 0.1881 -0.0045
vn 0.9874 0.1453 0.0629
vn 0.9875 0.1450 0.0626
vn 0.9910 0.0793 0.1079
vn 0.9909 0.0795 0.1082
vn 0.9922 0.0013 0.1246
vn 0.9923 0.0012 0.1241
vn 0.9911 -0.0770 0.1088
vn 0.9910 -0.0773 0.1095
vn 0.9875 -0.1437 0.0649
vn 0.9875 -0.1435 0.0647
vn 0.9824 -0.1870 -0.0021
vn 0.9823 -0.1872 -0.0020
vn 0.9762 -0.2014 -0.0805
vn 0.9762 -0.2012 -0.0805
vn 0.9702 -0.1836 -0.1583
vn 0.9702 -0.1835 -0.1582
vn 0.9652 -0.1369 -0.2230
vn 0.9651 -0.1372 -0.2232
vn 0.9618 -0.0689 -0.2648
vn 0.9620 -0.0686 -0.2641
vn 0.9611 0.0103 -0.2760
vn 0.9609 0.0102 -0.2765
vn 0.9627 0.0614 -0.2637
vn 0.9621 0.0619 -0.2657
vn 0.7635 0.1820 -0.6197
vn 0.7621 0.1829 -0.6211
vn 0.7542 0.0305 -0.6559
vn 0.7538 0.0306 -0.6564
vn 0.7563 -0.2038 -0.6217
vn 0.7575 -0.2035 -0.6203
vn 0.7670 -0.4053 -0.4974
vn 0.7666 -0.4056 -0.4977
vn 0.7814 -0.5439 -0.3060
vn 0.7820 -0.5432 -0.3057
vn 0.7997 -0.5956 -0.0756
vn 0.7995 -0.5959 -0.0757
vn 0.8175 -0.5541 0.1568
vn 0.8170 -0.5548 0.1570
vn 0.8326 -0.4252 0.3549
vn 0.8328 -0.4250 0.3547
vn 0.8430 -0.2286 0.4870
vn 0.8427 -0.2288 0.4874
vn 0.8462 0.0038 0.5328
vn 0.8469 0.0039 0.5318
vn 0.8429 0.2359 0.4837
vn 0.8423 0.2361 0.4845
vn 0.8318 0.4310 0.3498
vn 0.8330 0.4299 0.3483
vn 0.8175 0.5563 0.1490
vn 0.8167 0.5574 0.1497
vn 0.7983 0.5964 -0.0835
vn 0.7985 0.5962 -0.0835
vn 0.7919 0.5630 -0.2365
vn 0.7910 0.5642 -0.2365
vn 0.9758 0.2048 -0.0760
vn 0.9758 -0.2050 -0.0760
vn 0.9943 -0.0732 -0.0774
vn 0.9943 0.0731 -0.0774
vn 0.1118 -0.3999 -0.9097
vn 0.0772 -0.8406 -0.5361
vn 0.1411 -0.7292 -0.6695
vn 0.5431 -0.6786 -0.4946
vn 0.0583 -0.5420 -0.8383
vn 0.5494 -0.1820 0.8155
vn 0.1802 -0.3930 0.9017
vn 0.3943 -0.5536 0.7336
vn 0.3957 -0.3738 0.8389
vn 0.5363 -0.5147 0.6689
vn 0.1664 -0.7172 0.6767
vn 0.5107 -0.7605 0.4010
vn 0.4474 -0.8462 0.2894
vn 0.4633 -0.7821 0.4167
vn 0.1482 -0.9275 0.3433
vn 0.4770 -0.8772 0.0553
vn 0.2717 -0.9608 -0.0552
vn 0.2841 -0.9556 0.0784
vn 0.1304 -0.9904 -0.0455
vn 0.4393 -0.8436 -0.3090
vn 0.4708 -0.8318 -0.2941
vn 0.0772 -0.8405 -0.5362
vn 0.7239 0.2834 0.6290
vn 0.1851 -0.0064 0.9827
vn -0.0198 0.2072 0.9781
vn 0.4085 0.5501 0.7284
vn 0.4095 0.3599 0.8383
vn 0.5939 0.5953 0.5413
vn -0.0938 0.5806 0.8088
vn 0.6290 0.7381 0.2442
vn 0.4476 0.7884 0.4219
vn 0.4331 0.8486 0.3039
vn -0.0474 0.8629 0.5032
vn 0.5690 0.8199 -0.0627
vn 0.1320 0.9394 -0.3164
vn 0.2803 0.9567 0.0789
vn 0.2802 0.9567 0.0787
vn 0.1416 0.9894 -0.0335
vn 0.5071 0.7702 -0.3868
vn 0.2108 -0.5308 -0.8209
vn 0.2108 -0.5310 -0.8207
vn 0.4148 -0.3573 -0.8369
vn 0.2691 -0.2916 -0.9179
vn 0.1815 -0.1011 -0.9782
vn 0.0445 -0.0511 -0.9977
vn 0.0459 0.1036 -0.9936
vn 0.3493 -0.0468 -0.9359
vn 0.0883 0.4015 -0.9116
vn 0.3357 0.3122 -0.8887
vn 0.3406 0.3714 -0.8638
vn 0.3928 0.3038 -0.8680
vn 0.0522 0.7390 -0.6717
vn 0.4466 0.5903 -0.6724
vn 0.1286 0.9003 -0.4159
vn 0.4229 -0.2708 -0.8648
vn 0.9629 -0.0611 -0.2628
vn 0.7635 -0.1822 -0.6196
vn 0.9621 -0.0620 -0.2656
vn 0.4248 -0.2701 -0.8641
vn 0.4253 -0.2702 -0.8638
vn 0.4147 -0.0451 -0.9088
vn 0.4148 -0.0451 -0.9088
vn 0.4551 0.7980 -0.3952
vn 0.4329 0.5954 -0.6768
vn 0.4315 0.5958 -0.6773
vn 0.4173 0.2995 -0.8580
vn 0.4171 0.2991 -0.8583
vn 0.4189 0.2986 -0.8575
vn 0.4147 -0.0451 -0.9089
vn 0.4553 0.7978 -0.3952
vn 0.4543 0.7984 -0.3953
vn 0.4804 0.8752 -0.0573
vn 0.4802 0.8753 -0.0572
vn 0.4809 0.8749 -0.0571
vn 0.5073 0.8136 0.2842
vn 0.5086 0.8130 0.2836
vn 0.5082 0.8132 0.2835
vn 0.5307 0.6234 0.5742
vn 0.5296 0.6240 0.5746
vn 0.5508 -0.0058 0.8346
vn 0.5514 -0.0057 0.8342
vn 0.5459 0.3353 0.7678
vn 0.5450 0.3354 0.7684
vn 0.5450 0.3354 0.7685
vn 0.5068 -0.8174 0.2738
vn 0.5297 -0.6317 0.5661
vn 0.5306 -0.6313 0.5656
vn 0.5460 -0.3462 0.7629
vn 0.5451 -0.3459 0.7637
vn 0.5505 -0.0057 0.8348
vn 0.7910 -0.5642 -0.2365
vn 0.4641 -0.8353 -0.2949
vn 0.5062 -0.8179 0.2735
vn 0.5077 -0.8171 0.2732
vn 0.4810 -0.8740 -0.0684
vn 0.4802 -0.8745 -0.0685
vn 0.4805 -0.8743 -0.0686
vn 0.4695 -0.8325 -0.2942
vn 0.4696 -0.8324 -0.2942
vn 0.9728 -0.1887 -0.1342
vn 0.9626 -0.0616 -0.2637
vn 0.9609 -0.0105 -0.2765
vn 0.9611 -0.0104 -0.2760
vn 0.9621 0.0685 -0.2641
vn 0.9618 0.0687 -0.2649
vn 0.9651 0.1370 -0.2232
vn 0.9652 0.1368 -0.2230
vn 0.9702 0.1833 -0.1582
vn 0.9702 0.1835 -0.1583
vn 0.9763 0.2010 -0.0805
vn 0.9762 0.2013 -0.0806
vn 0.9823 0.1870 -0.0021
vn 0.9824 0.1868 -0.0021
vn 0.9876 0.1433 0.0647
vn 0.9875 0.1436 0.0649
vn 0.9910 0.0772 0.1094
vn 0.9911 0.0768 0.1088
vn 0.9923 -0.0014 0.1241
vn 0.9922 -0.0014 0.1247
vn 0.9909 -0.0796 0.1082
vn 0.9910 -0.0795 0.1079
vn 0.9874 -0.1451 0.0626
vn 0.9874 -0.1455 0.0630
vn 0.9821 -0.1883 -0.0044
vn 0.9822 -0.1878 -0.0047
vn 0.9761 -0.2008 -0.0832
vn 0.9760 -0.2010 -0.0832
vn 0.9727 -0.1890 -0.1343
vn 0.9724 -0.1906 -0.1347
vn 0.7936 -0.5611 -0.2354
vn 0.7918 -0.5631 -0.2364
vn 0.7984 -0.5963 -0.0834
vn 0.7982 -0.5966 -0.0834
vn 0.8166 -0.5575 0.1496
vn 0.8175 -0.5563 0.1493
vn 0.8329 -0.4298 0.3486
vn 0.8317 -0.4312 0.3497
vn 0.8423 -0.2362 0.4845
vn 0.8429 -0.2358 0.4837
vn 0.8469 -0.0038 0.5318
vn 0.8462 -0.0040 0.5329
vn 0.8427 0.2287 0.4874
vn 0.8430 0.2286 0.4870
vn 0.8329 0.4249 0.3546
vn 0.8327 0.4251 0.3549
vn 0.8171 0.5547 0.1570
vn 0.8176 0.5541 0.1567
vn 0.7996 0.5958 -0.0757
vn 0.7998 0.5954 -0.0758
vn 0.7820 0.5431 -0.3058
vn 0.7814 0.5438 -0.3060
vn 0.7667 0.4055 -0.4978
vn 0.7671 0.4051 -0.4975
vn 0.7575 0.2031 -0.6205
vn 0.7563 0.2038 -0.6217
vn 0.7538 -0.0307 -0.6564
vn 0.7542 -0.0308 -0.6559
vn 0.7620 -0.1831 -0.6211
vn 0.7612 -0.1832 -0.6221
vn -0.3439 0.7711 -0.5358
vn -0.2945 0.7480 -0.5947
vn -0.3191 0.7276 -0.6073
vn -0.3192 0.7277 -0.6070
vn -0.2147 0.5905 -0.7780
vn -0.4218 -0.2114 -0.8817
vn -0.3297 0.2185 -0.9185
vn -0.4194 -0.1886 -0.8880
vn -0.3947 -0.2026 -0.8962
vn -0.4674 -0.5542 -0.6888
vn -0.4701 -0.5325 -0.7039
vn -0.5550 -0.5302 -0.6410
vn -0.4796 0.3016 -0.8240
vn -0.6185 -0.0922 -0.7803
vn -0.6398 -0.1019 -0.7618
vn -0.6569 -0.4839 -0.5783
vn -0.5617 -0.4801 -0.6738
vn -0.2159 0.5907 -0.7775
vn -0.2158 0.5910 -0.7773
vn -0.2228 0.5777 -0.7852
vn -0.3537 0.2493 -0.9015
vn -0.4321 0.1706 -0.8855
vn -0.5061 -0.1575 -0.8480
vn -0.5254 -0.1679 -0.8341
vn -0.5324 -0.4903 -0.6900
vn -0.5585 -0.5050 -0.6581
vn -0.9717 0.0944 -0.2168
vn -0.9693 0.0886 -0.2292
vn -0.9312 0.2156 -0.2939
vn -0.9737 0.1138 -0.1975
vn -0.8617 0.0655 -0.5032
vn -0.8695 0.0075 -0.4939
vn -0.7783 0.2363 -0.5817
vn -0.7936 0.1885 -0.5785
vn -0.5926 0.4793 -0.6474
vn -0.6101 0.4409 -0.6583
vn -0.2544 0.7218 -0.6436
vn -0.2980 0.6427 -0.7058
vn -0.8286 -0.5435 0.1344
vn -0.9109 -0.1389 -0.3885
vn -0.9511 0.1562 -0.2665
vn -0.9531 0.1653 -0.2536
vn -0.9683 0.0845 -0.2349
vn -0.8173 -0.2462 -0.5209
vn -0.8183 -0.2455 -0.5198
vn -0.7972 -0.3200 -0.5120
vn -0.8133 -0.3075 -0.4939
vn -0.8173 -0.3039 -0.4895
vn -0.3260 0.7370 -0.5921
vn -0.3459 0.7300 -0.5895
vn -0.6452 0.5988 -0.4745
vn -0.7547 0.4620 -0.4658
vn -0.8368 0.3595 -0.4129
vn -0.8458 0.3439 -0.4080
vn -0.7550 0.4906 -0.4352
vn -0.9782 0.0409 -0.2034
vn -0.9078 -0.1053 -0.4059
vn -0.9051 -0.1684 -0.3905
vn -0.7773 -0.2868 -0.5600
vn -0.7562 -0.0983 -0.6470
vn -0.7678 0.0009 -0.6406
vn -0.6811 0.0873 -0.7269
vn -0.6114 0.2421 -0.7534
vn -0.4926 0.3388 -0.8016
vn -0.2372 0.6620 -0.7110
vn -0.2975 0.6423 -0.7063
vn -0.9769 -0.1965 -0.0836
vn -0.9873 -0.1532 -0.0419
vn -0.7879 -0.5027 -0.3558
vn -0.9761 -0.2015 -0.0811
vn -0.9766 -0.1999 -0.0798
vn -0.5226 -0.6795 -0.5150
vn -0.7850 -0.5109 -0.3503
vn -0.8422 -0.4503 -0.2966
vn -0.7835 -0.5064 -0.3601
vn -0.7888 -0.5019 -0.3549
vn -0.5217 -0.6798 -0.5154
vn -0.5501 -0.6684 -0.5006
vn -0.5208 -0.6821 -0.5134
vn -0.4521 0.4914 0.7444
vn -0.9656 0.1109 0.2351
vn -0.9656 0.1108 0.2351
vn -0.9636 0.0740 0.2567
vn -0.9636 0.0740 0.2568
vn -0.9626 0.0185 0.2703
vn -0.9626 0.0185 0.2704
vn -0.9628 -0.0386 0.2674
vn -0.9643 -0.0924 0.2481
vn -0.9644 -0.0923 0.2480
vn -0.9670 -0.1382 0.2140
vn -0.9706 -0.1722 0.1683
vn -0.9705 -0.1724 0.1683
vn -0.9747 -0.1918 0.1147
vn -0.9791 -0.1948 0.0578
vn -0.9792 -0.1947 0.0578
vn -0.9835 -0.1811 0.0025
vn -0.9866 -0.1593 -0.0343
vn -0.9866 -0.1594 -0.0343
vn -0.5452 -0.7071 -0.4503
vn -0.4520 0.4914 0.7445
vn -0.4420 0.3262 0.8356
vn -0.4418 0.3262 0.8357
vn -0.4372 0.0813 0.8957
vn -0.4370 0.0813 0.8958
vn -0.4380 -0.1706 0.8826
vn -0.4382 -0.1705 0.8825
vn -0.4450 -0.4075 0.7974
vn -0.4447 -0.4077 0.7975
vn -0.4564 -0.6101 0.6476
vn -0.4721 -0.7605 0.4458
vn -0.4724 -0.7604 0.4458
vn -0.4907 -0.8458 0.2094
vn -0.4905 -0.8459 0.2094
vn -0.5101 -0.8591 -0.0417
vn -0.5102 -0.8590 -0.0416
vn -0.5292 -0.7989 -0.2859
vn -0.5294 -0.7988 -0.2858
vn -0.7765 0.3301 0.5368
vn -0.7766 0.3300 0.5367
vn -0.7694 0.2197 0.5997
vn -0.7692 0.2199 0.5999
vn -0.7661 0.0549 0.6404
vn -0.7663 0.0548 0.6402
vn -0.7670 -0.1148 0.6313
vn -0.7670 -0.1148 0.6312
vn -0.7715 -0.2746 0.5739
vn -0.7713 -0.2747 0.5742
vn -0.7791 -0.4112 0.4732
vn -0.7898 -0.5124 0.3372
vn -0.7899 -0.5122 0.3370
vn -0.8024 -0.5697 0.1778
vn -0.8023 -0.5698 0.1778
vn -0.8155 -0.5787 0.0086
vn -0.8153 -0.5790 0.0087
vn -0.8281 -0.5384 -0.1558
vn -0.8283 -0.5381 -0.1558
vn -0.8391 -0.4748 -0.2656
vn -0.8390 -0.4749 -0.2656
vn -0.8287 0.3156 0.4623
vn -0.4874 0.5298 0.6941
vn -0.4560 0.5400 0.7074
vn -0.4868 0.5274 0.6964
vn -0.4857 0.5278 0.6968
vn -0.7790 0.3599 0.5134
vn -0.8287 0.3231 0.4571
vn -0.8296 0.3222 0.4560
vn -0.8284 0.3158 0.4626
vn -0.9666 0.1246 0.2241
vn -0.9771 0.0930 0.1912
vn -0.7935 -0.0055 -0.6085
vn -0.1561 -0.0001 -0.9877
vn -0.9858 0.0001 -0.1679
vn -0.9953 -0.0043 -0.0968
vn -0.9842 -0.0043 -0.1768
vn -0.8863 -0.0019 -0.4630
vn -0.9855 0.0186 -0.1689
vn -0.7958 -0.0055 -0.6056
vn -0.2749 0.0021 -0.9615
vn -0.4311 -0.0051 -0.9023
vn -0.6161 -0.0050 -0.7877
vn -0.4429 0.0101 -0.8965
vn -0.4288 0.0111 -0.9033
vn -0.1217 -0.1343 0.9834
vn -0.9680 -0.0240 0.2497
vn -0.9681 -0.0240 0.2493
vn -0.9690 -0.0836 0.2325
vn -0.9728 -0.1415 0.1832
vn -0.9729 -0.1411 0.1830
vn -0.9783 -0.1729 0.1143
vn -0.9781 -0.1736 0.1144
vn -0.9841 -0.1736 0.0384
vn -0.9842 -0.1729 0.0386
vn -0.9895 -0.1411 -0.0301
vn -0.9895 -0.1415 -0.0304
vn -0.9933 -0.0836 -0.0797
vn -0.9951 -0.0240 -0.0964
vn -0.9950 -0.0240 -0.0968
vn -0.2631 -0.4621 -0.8469
vn -0.2725 -0.1342 -0.9528
vn -0.2714 -0.1344 -0.9530
vn -0.2610 -0.4625 -0.8474
vn -0.2609 -0.4625 -0.8473
vn -0.2082 -0.9585 -0.1947
vn -0.2091 -0.9583 -0.1948
vn -0.2391 -0.7824 -0.5751
vn -0.2411 -0.7820 -0.5748
vn -0.2417 -0.7817 -0.5749
vn -0.1755 -0.9585 0.2247
vn -0.1782 -0.9581 0.2244
vn -0.2108 -0.9581 -0.1939
vn -0.1486 -0.7821 0.6052
vn -0.1472 -0.7822 0.6054
vn -0.1764 -0.9583 0.2250
vn -0.1206 -0.1341 0.9836
vn -0.1266 -0.4624 0.8776
vn -0.1269 -0.4622 0.8777
vn -0.1289 -0.4622 0.8774
vn -0.1498 -0.7816 0.6055
vn -0.4835 -0.1142 0.8679
vn -0.4847 -0.1143 0.8672
vn -0.4859 -0.3952 0.7795
vn -0.4844 -0.3955 0.7803
vn -0.5025 -0.6692 0.5474
vn -0.5042 -0.6685 0.5467
vn -0.5293 -0.8190 0.2215
vn -0.5285 -0.8195 0.2216
vn -0.5564 -0.8196 -0.1369
vn -0.5572 -0.8190 -0.1368
vn -0.5827 -0.6685 -0.4622
vn -0.5812 -0.6694 -0.4627
vn -0.5994 -0.3957 -0.6958
vn -0.6008 -0.3951 -0.6949
vn -0.6131 -0.1142 -0.7817
vn -0.6120 -0.1145 -0.7825
vn -0.8018 -0.0733 0.5930
vn -0.8006 -0.0732 0.5947
vn -0.8015 -0.2548 0.5410
vn -0.8023 -0.2545 0.5400
vn -0.8139 -0.4305 0.3902
vn -0.8132 -0.4312 0.3909
vn -0.8297 -0.5281 0.1810
vn -0.8306 -0.5268 0.1806
vn -0.8485 -0.5268 -0.0500
vn -0.8476 -0.5282 -0.0502
vn -0.8639 -0.4313 -0.2601
vn -0.8645 -0.4305 -0.2596
vn -0.8762 -0.2544 -0.4094
vn -0.8755 -0.2550 -0.4104
vn -0.8831 -0.0736 -0.4635
vn -0.8840 -0.0730 -0.4618
vn -0.5946 -0.0039 0.8040
vn -0.9862 0.0001 0.1655
vn -0.1907 0.0001 0.9817
vn -0.1228 -0.0041 0.9924
vn -0.1772 -0.0041 0.9842
vn -0.4867 -0.0014 0.8736
vn -0.1923 0.0191 0.9811
vn -0.5961 -0.0039 0.8029
vn -0.9683 0.0027 0.2497
vn -0.8836 -0.0047 0.4683
vn -0.8040 -0.0046 0.5946
vn -0.8826 0.0064 0.4701
vn -0.8825 0.0063 0.4703
vn -0.9841 0.1450 -0.1029
vn -0.9899 0.1196 -0.0758
vn -0.9848 0.1402 -0.1026
vn -0.9843 0.1420 -0.1047
vn -0.8488 0.3658 -0.3818
vn -0.8024 0.4013 -0.4416
vn -0.5599 0.5415 -0.6272
vn -0.5221 0.5586 -0.6445
vn -0.5224 0.5585 -0.6444
vn -0.8017 0.4020 -0.4423
vn -0.8033 0.4007 -0.4407
vn -0.4689 -0.7071 0.5293
vn -0.9694 -0.1594 0.1867
vn -0.9694 -0.1593 0.1866
vn -0.9720 -0.1811 0.1498
vn -0.9763 -0.1947 0.0945
vn -0.9763 -0.1948 0.0945
vn -0.9807 -0.1918 0.0376
vn -0.9849 -0.1724 -0.0161
vn -0.9849 -0.1723 -0.0159
vn -0.9885 -0.1382 -0.0617
vn -0.9911 -0.0923 -0.0956
vn -0.9911 -0.0924 -0.0959
vn -0.9926 -0.0386 -0.1152
vn -0.9926 -0.0386 -0.1151
vn -0.9928 0.0185 -0.1181
vn -0.9918 0.0740 -0.1045
vn -0.9904 0.1108 -0.0828
vn -0.9904 0.1109 -0.0828
vn -0.5619 0.4913 -0.6655
vn -0.4788 -0.7987 0.3644
vn -0.4786 -0.7989 0.3644
vn -0.4976 -0.8590 0.1203
vn -0.4975 -0.8591 0.1202
vn -0.5170 -0.8459 -0.1309
vn -0.5172 -0.8458 -0.1308
vn -0.5357 -0.7604 -0.3671
vn -0.5354 -0.7606 -0.3673
vn -0.5511 -0.6102 -0.5691
vn -0.5512 -0.6102 -0.5691
vn -0.5628 -0.4077 -0.7191
vn -0.5630 -0.4077 -0.7189
vn -0.5696 -0.1707 -0.8040
vn -0.5694 -0.1706 -0.8041
vn -0.5704 0.0812 -0.8173
vn -0.5706 0.0811 -0.8172
vn -0.5658 0.3261 -0.7573
vn -0.5660 0.3260 -0.7572
vn -0.5618 0.4913 -0.6656
vn -0.7878 -0.4748 0.3924
vn -0.7879 -0.4748 0.3923
vn -0.7942 -0.5381 0.2822
vn -0.7940 -0.5384 0.2823
vn -0.8068 -0.5790 0.1178
vn -0.8070 -0.5787 0.1177
vn -0.8202 -0.5698 -0.0513
vn -0.8202 -0.5697 -0.0514
vn -0.8326 -0.5122 -0.2107
vn -0.8324 -0.5125 -0.2108
vn -0.8430 -0.4112 -0.3468
vn -0.8509 -0.2748 -0.4478
vn -0.8510 -0.2746 -0.4476
vn -0.8555 -0.1149 -0.5049
vn -0.8554 -0.1149 -0.5050
vn -0.8561 0.0548 -0.5138
vn -0.8560 0.0547 -0.5141
vn -0.8528 0.2197 -0.4737
vn -0.8530 0.2197 -0.4734
vn -0.8503 0.3300 -0.4101
vn -0.8502 0.3300 -0.4102
vn -0.8351 -0.3964 0.3815
vn -0.4971 -0.6541 0.5701
vn -0.4662 -0.6699 0.5779
vn -0.4968 -0.6565 0.5676
vn -0.4959 -0.6569 0.5680
vn -0.7862 -0.4513 0.4222
vn -0.8340 -0.3913 0.3889
vn -0.8349 -0.3902 0.3881
vn -0.8348 -0.3968 0.3817
vn -0.9684 -0.1483 0.2003
vn -0.9789 -0.1146 0.1694
vn -0.9589 0.1790 0.2200
vn -0.9688 0.1525 0.1953
vn -0.9600 0.1788 0.2154
vn -0.9593 0.1808 0.2170
vn -0.7857 0.4466 0.4281
vn -0.7323 0.5026 0.4595
vn -0.4659 0.6688 0.5793
vn -0.4257 0.6831 0.5934
vn -0.4260 0.6830 0.5933
vn -0.7315 0.5033 0.4601
vn -0.7332 0.5017 0.4589
vn -0.5619 -0.4913 -0.6655
vn -0.9904 -0.1108 -0.0828
vn -0.9904 -0.1107 -0.0827
vn -0.9918 -0.0739 -0.1045
vn -0.9928 -0.0184 -0.1181
vn -0.9926 0.0387 -0.1151
vn -0.9926 0.0388 -0.1152
vn -0.9911 0.0926 -0.0959
vn -0.9911 0.0924 -0.0957
vn -0.9885 0.1383 -0.0617
vn -0.9849 0.1724 -0.0160
vn -0.9849 0.1726 -0.0161
vn -0.9807 0.1920 0.0375
vn -0.9807 0.1919 0.0375
vn -0.9763 0.1949 0.0945
vn -0.9720 0.1812 0.1498
vn -0.9694 0.1595 0.1866
vn -0.4688 0.7072 0.5292
vn -0.5661 -0.3261 -0.7571
vn -0.5659 -0.3261 -0.7572
vn -0.5706 -0.0812 -0.8172
vn -0.5704 -0.0812 -0.8173
vn -0.5694 0.1706 -0.8042
vn -0.5695 0.1706 -0.8041
vn -0.5630 0.4076 -0.7190
vn -0.5627 0.4078 -0.7191
vn -0.5511 0.6102 -0.5692
vn -0.5353 0.7606 -0.3673
vn -0.5356 0.7604 -0.3673
vn -0.5171 0.8459 -0.1310
vn -0.5169 0.8460 -0.1309
vn -0.4973 0.8592 0.1201
vn -0.4975 0.8591 0.1201
vn -0.4785 0.7990 0.3643
vn -0.4786 0.7989 0.3643
vn -0.8503 -0.3299 -0.4101
vn -0.8503 -0.3299 -0.4100
vn -0.8530 -0.2196 -0.4734
vn -0.8529 -0.2198 -0.4736
vn -0.8560 -0.0548 -0.5141
vn -0.8562 -0.0547 -0.5138
vn -0.8554 0.1149 -0.5050
vn -0.8555 0.1149 -0.5049
vn -0.8510 0.2748 -0.4476
vn -0.8508 0.2748 -0.4479
vn -0.8429 0.4113 -0.3469
vn -0.8324 0.5125 -0.2109
vn -0.8325 0.5124 -0.2107
vn -0.8202 0.5698 -0.0514
vn -0.8201 0.5699 -0.0515
vn -0.8069 0.5788 0.1177
vn -0.8067 0.5791 0.1176
vn -0.7940 0.5385 0.2822
vn -0.7942 0.5383 0.2821
vn -0.7878 0.4749 0.3922
vn -0.7877 0.4750 0.3922
vn -0.8903 -0.3154 -0.3285
vn -0.5891 -0.5297 -0.6103
vn -0.5601 -0.5399 -0.6283
vn -0.5888 -0.5273 -0.6126
vn -0.5878 -0.5277 -0.6132
vn -0.8492 -0.3598 -0.3866
vn -0.8895 -0.3229 -0.3233
vn -0.8902 -0.3221 -0.3221
vn -0.8901 -0.3157 -0.3288
vn -0.9896 -0.1244 -0.0718
vn -0.9950 -0.0928 -0.0376
vn -0.6898 0.0056 0.7240
vn -0.0014 0.0001 1.0000
vn -0.9479 0.0001 0.3185
vn -0.9683 0.0045 0.2497
vn -0.9450 0.0045 0.3272
vn -0.8040 0.0020 0.5946
vn -0.9474 -0.0185 0.3194
vn -0.6924 0.0056 0.7215
vn -0.1228 -0.0021 0.9924
vn -0.2862 0.0052 0.9581
vn -0.4867 0.0051 0.8736
vn -0.2989 -0.0100 0.9542
vn -0.2838 -0.0110 0.9588
vn -0.1497 0.7817 0.6054
vn -0.9680 0.0242 0.2496
vn -0.1206 0.1345 0.9836
vn -0.1217 0.1343 0.9835
vn -0.1288 0.4621 0.8774
vn -0.1265 0.4625 0.8775
vn -0.1266 0.4625 0.8775
vn -0.1491 0.7820 0.6052
vn -0.1471 0.7824 0.6051
vn -0.1763 0.9583 0.2248
vn -0.1754 0.9585 0.2246
vn -0.1781 0.9581 0.2242
vn -0.2107 0.9581 -0.1941
vn -0.2080 0.9585 -0.1949
vn -0.2090 0.9583 -0.1950
vn -0.2390 0.7822 -0.5753
vn -0.2404 0.7821 -0.5749
vn -0.2416 0.7817 -0.5750
vn -0.2631 0.4622 -0.8469
vn -0.2612 0.4622 -0.8474
vn -0.2609 0.4624 -0.8474
vn -0.2714 0.1343 -0.9530
vn -0.2724 0.1341 -0.9528
vn -0.9950 0.0241 -0.0968
vn -0.9681 0.0241 0.2493
vn -0.9690 0.0837 0.2325
vn -0.9728 0.1416 0.1833
vn -0.9729 0.1413 0.1829
vn -0.9783 0.1731 0.1142
vn -0.9781 0.1738 0.1144
vn -0.9840 0.1737 0.0384
vn -0.9842 0.1730 0.0385
vn -0.9895 0.1413 -0.0302
vn -0.9894 0.1417 -0.0304
vn -0.9933 0.0837 -0.0797
vn -0.9951 0.0241 -0.0964
vn -0.6120 0.1142 -0.7825
vn -0.6131 0.1144 -0.7817
vn -0.6007 0.3953 -0.6949
vn -0.5993 0.3956 -0.6959
vn -0.5811 0.6693 -0.4630
vn -0.5826 0.6686 -0.4621
vn -0.5571 0.8191 -0.1369
vn -0.5563 0.8196 -0.1371
vn -0.5284 0.8196 0.2214
vn -0.5292 0.8191 0.2214
vn -0.5041 0.6685 0.5468
vn -0.5024 0.6695 0.5471
vn -0.4844 0.3958 0.7802
vn -0.4859 0.3952 0.7796
vn -0.4847 0.1142 0.8672
vn -0.4835 0.1146 0.8678
vn -0.8840 0.0734 -0.4618
vn -0.8830 0.0733 -0.4636
vn -0.8755 0.2549 -0.4104
vn -0.8761 0.2546 -0.4093
vn -0.8644 0.4307 -0.2595
vn -0.8638 0.4313 -0.2603
vn -0.8476 0.5282 -0.0504
vn -0.8484 0.5269 -0.0499
vn -0.8305 0.5269 0.1807
vn -0.8296 0.5283 0.1808
vn -0.8131 0.4315 0.3907
vn -0.8138 0.4306 0.3903
vn -0.8022 0.2545 0.5401
vn -0.8014 0.2552 0.5409
vn -0.8007 0.0737 0.5946
vn -0.8018 0.0731 0.5931
vn -0.7119 0.0040 -0.7023
vn -0.9999 0.0001 -0.0108
vn -0.3403 -0.0000 -0.9403
vn -0.2749 0.0042 -0.9615
vn -0.3274 0.0042 -0.9449
vn -0.6161 0.0015 -0.7877
vn -0.3419 -0.0191 -0.9396
vn -0.7132 0.0040 -0.7010
vn -0.9953 -0.0025 -0.0968
vn -0.9454 0.0048 -0.3259
vn -0.8863 0.0047 -0.4630
vn -0.9448 -0.0062 -0.3277
vn -0.9447 -0.0062 -0.3280
vn -0.9563 -0.1449 0.2540
vn -0.9663 -0.1194 0.2281
vn -0.9571 -0.1401 0.2538
vn -0.9563 -0.1418 0.2558
vn -0.7795 -0.3657 0.5086
vn -0.7245 -0.4012 0.5605
vn -0.4562 -0.5414 0.7063
vn -0.4161 -0.5585 0.7176
vn -0.4165 -0.5584 0.7175
vn -0.7236 -0.4019 0.5611
vn -0.7255 -0.4006 0.5597
vn -0.9839 0.1788 -0.0032
vn -0.8320 0.5278 -0.1710
vn -0.5323 0.7876 -0.3104
vn -0.9842 0.1769 -0.0023
vn -0.9841 0.1774 -0.0028
vn -0.9809 0.1912 0.0349
vn -0.9810 0.1910 0.0349
vn -0.9768 0.1951 0.0879
vn -0.9728 0.1846 0.1400
vn -0.9691 0.1604 0.1874
vn -0.9660 0.1242 0.2265
vn -0.9661 0.1242 0.2265
vn -0.9639 0.0788 0.2544
vn -0.9639 0.0788 0.2545
vn -0.9627 0.0275 0.2691
vn -0.9627 0.0275 0.2690
vn -0.9627 -0.0258 0.2692
vn -0.9639 -0.0772 0.2550
vn -0.9657 -0.1114 0.2345
vn -0.9657 -0.1115 0.2345
vn -0.4525 -0.4946 0.7420
vn -0.4524 -0.4946 0.7421
vn -0.4430 -0.3412 0.8290
vn -0.4432 -0.3412 0.8290
vn -0.4383 -0.1142 0.8916
vn -0.4380 -0.1143 0.8917
vn -0.4380 0.1214 0.8907
vn -0.4379 0.1213 0.8908
vn -0.4430 0.3477 0.8263
vn -0.4429 0.3477 0.8264
vn -0.4524 0.5484 0.7033
vn -0.4658 0.7080 0.5307
vn -0.4659 0.7080 0.5307
vn -0.4821 0.8150 0.3214
vn -0.4820 0.8151 0.3215
vn -0.4999 0.8613 0.0912
vn -0.5007 0.8608 0.0911
vn -0.5190 0.8427 -0.1428
vn -0.5184 0.8431 -0.1428
vn -0.5341 0.7867 -0.3096
vn -0.5345 0.7864 -0.3097
vn -0.8315 0.5285 -0.1713
vn -0.8317 0.5282 -0.1711
vn -0.8211 0.5677 -0.0594
vn -0.8210 0.5678 -0.0595
vn -0.8088 0.5799 0.0982
vn -0.7967 0.5488 0.2532
vn -0.7857 0.4769 0.3941
vn -0.7859 0.4766 0.3940
vn -0.7769 0.3691 0.5101
vn -0.7768 0.3691 0.5102
vn -0.7704 0.2342 0.5930
vn -0.7705 0.2341 0.5929
vn -0.7671 0.0816 0.6363
vn -0.7668 0.0818 0.6366
vn -0.7667 -0.0769 0.6373
vn -0.7667 -0.0769 0.6374
vn -0.7700 -0.2298 0.5953
vn -0.7701 -0.2298 0.5951
vn -0.7767 -0.3321 0.5352
vn -0.7768 -0.3321 0.5351
vn -0.5813 0.6531 -0.4853
vn -0.5089 0.6894 -0.5155
vn -0.5821 0.6556 -0.4809
vn -0.7998 0.4943 -0.3404
vn -0.8882 0.3907 -0.2416
vn -0.8872 0.3922 -0.2429
vn -0.8870 0.3925 -0.2432
vn -0.7937 0.4982 -0.3490
vn -0.5855 0.6429 -0.4939
vn -0.7923 0.5019 -0.3469
vn -0.7925 0.5017 -0.3467
vn -0.9940 0.1090 -0.0111
vn -0.8929 0.3710 -0.2550
vn -0.9814 0.1784 -0.0711
vn -0.8905 0.3825 -0.2464
vn -0.9812 0.1803 -0.0688
vn -0.9815 0.1793 -0.0679
vn 0.8916 -0.4474 -0.0694
vn 0.2507 -0.9679 -0.0195
vn 0.6273 -0.7773 -0.0488
vn 0.0726 -0.9973 -0.0056
vn 0.0784 -0.9946 -0.0687
vn 0.1064 -0.9943 0.0122
vn 0.1967 -0.9783 -0.0650
vn 0.1962 -0.9792 -0.0526
vn 0.2212 -0.9751 -0.0172
vn 0.1705 -0.9853 0.0087
vn 0.1706 -0.9853 0.0087
vn 0.1354 -0.9871 -0.0860
vn 0.1337 -0.9897 -0.0504
vn 0.1063 -0.9943 0.0122
vn 0.0264 -0.9997 -0.0020
vn -0.9767 -0.2005 0.0761
vn -0.7924 -0.6069 0.0617
vn -0.4098 -0.9116 0.0320
vn -0.4097 -0.9116 0.0320
vn -0.9970 0.0001 0.0776
vn -0.9767 0.2007 0.0760
vn 0.0265 0.9996 -0.0021
vn -0.4096 0.9117 0.0318
vn -0.7923 0.6070 0.0617
vn 0.2101 0.9775 -0.0164
vn 0.1941 0.9779 -0.0780
vn 0.1798 0.9837 0.0061
vn 0.0782 0.9954 -0.0556
vn 0.0806 0.9958 -0.0438
vn 0.0612 0.9981 -0.0048
vn 0.1160 0.9932 0.0129
vn 0.1355 0.9870 -0.0860
vn 0.1432 0.9884 -0.0511
vn 0.1797 0.9837 0.0061
vn 0.2508 0.9678 -0.0196
vn 0.8917 0.4473 -0.0695
vn 0.6274 0.7772 -0.0489
vn -0.6071 -0.5104 -0.6091
vn -0.3071 -0.6440 -0.7007
vn -0.9091 0.1479 -0.3895
vn -0.9779 -0.1478 -0.1478
vn -0.9873 0.0504 -0.1505
vn -0.6267 0.3439 -0.6993
vn -0.7182 0.5001 -0.4838
vn -0.5459 0.7421 -0.3888
vn -0.9087 0.1485 -0.3902
vn -0.5268 0.2803 -0.8025
vn -0.4996 0.0484 -0.8649
vn -0.4422 0.2931 -0.8477
vn -0.2245 -0.5936 -0.7728
vn -0.2283 -0.5952 -0.7705
vn -0.2249 -0.5940 -0.7724
vn -0.4488 -0.1186 -0.8857
vn -0.3417 -0.2432 -0.9078
vn -0.2603 -0.5469 -0.7957
vn -0.2429 -0.5809 -0.7769
vn -0.1828 -0.5606 -0.8077
vn -0.3463 -0.7340 -0.5842
vn -0.3315 -0.7361 -0.5902
vn -0.3384 -0.7336 -0.5894
vn -0.9780 -0.1708 -0.1196
vn -0.9722 -0.0757 -0.2214
vn -0.8923 -0.3035 -0.3343
vn -0.8519 -0.2011 -0.4836
vn -0.8522 -0.1592 -0.4985
vn -0.6081 0.5459 -0.5764
vn -0.5442 0.3771 -0.7494
vn -0.5417 0.4490 -0.7106
vn -0.7339 0.3621 -0.5747
vn -0.7241 0.3237 -0.6090
vn -0.9137 0.1582 -0.3744
vn -0.8612 0.1305 -0.4912
vn -0.9032 0.0801 -0.4216
vn -0.9317 0.0787 -0.3547
vn -0.9089 0.1341 -0.3948
vn -0.9093 0.1335 -0.3941
vn -0.6587 -0.0196 -0.7521
vn -0.6390 -0.0514 -0.7675
vn -0.5215 -0.3176 -0.7919
vn -0.4926 -0.3394 -0.8013
vn -0.2356 -0.6641 -0.7096
vn -0.3075 -0.6443 -0.7003
vn -0.7532 -0.4644 -0.4660
vn -0.9343 0.3495 0.0697
vn -0.6351 -0.5744 -0.5164
vn -0.7570 -0.5157 -0.4013
vn -0.3459 -0.7307 -0.5885
vn -0.3330 -0.7391 -0.5855
vn -0.2554 -0.7209 -0.6443
vn -0.6315 -0.4157 -0.6545
vn -0.5917 -0.4254 -0.6848
vn -0.7911 -0.0813 -0.6063
vn -0.7075 -0.1063 -0.6987
vn -0.8412 0.0235 -0.5402
vn -0.6972 0.1411 -0.7029
vn -0.7131 0.1772 -0.6783
vn -0.5376 0.2556 -0.8036
vn -0.4658 0.5971 -0.6531
vn 0.4258 -0.5150 -0.7440
vn 0.4488 -0.7577 -0.4738
vn 0.4474 -0.7583 -0.4742
vn 0.4266 -0.5147 -0.7437
vn 0.5283 -0.6501 0.5461
vn 0.5030 -0.8325 0.2321
vn 0.5018 -0.8331 0.2325
vn 0.4723 -0.8721 -0.1284
vn 0.4732 -0.8715 -0.1286
vn 0.4734 -0.8714 -0.1286
vn 0.4467 -0.7588 -0.4740
vn 0.5444 -0.3560 0.7595
vn 0.5454 -0.3555 0.7590
vn 0.5283 -0.6502 0.5461
vn 0.5499 -0.0000 0.8352
vn 0.5438 -0.3561 0.7599
vn 0.5032 0.8324 0.2321
vn 0.5283 0.6502 0.5461
vn 0.5284 0.6501 0.5460
vn 0.5454 0.3556 0.7590
vn 0.5445 0.3560 0.7594
vn 0.5439 0.3561 0.7599
vn 0.5500 -0.0000 0.8352
vn 0.4733 0.8714 -0.1287
vn 0.4724 0.8720 -0.1285
vn 0.5020 0.8331 0.2323
vn 0.4489 0.7576 -0.4739
vn 0.4468 0.7587 -0.4741
vn 0.4735 0.8713 -0.1287
vn 0.4131 -0.1825 -0.8922
vn 0.4150 -0.1822 -0.8914
vn 0.4151 0.1821 -0.8914
vn 0.4123 0.1823 -0.8927
vn 0.4235 0.5152 -0.7451
vn 0.4258 0.5149 -0.7440
vn 0.4268 0.5145 -0.7437
vn 0.4476 0.7581 -0.4742
vn 0.9924 0.0207 0.1212
vn 0.9907 0.0822 0.1081
vn 0.9909 0.0818 0.1073
vn 0.9870 0.1495 0.0582
vn 0.9870 0.1496 0.0582
vn 0.9814 0.1914 -0.0140
vn 0.9750 0.2000 -0.0970
vn 0.9748 0.2006 -0.0971
vn 0.9687 0.1747 -0.1766
vn 0.9686 0.1747 -0.1767
vn 0.9637 0.1187 -0.2391
vn 0.9639 0.1183 -0.2385
vn 0.9612 0.0418 -0.2726
vn 0.9613 0.0418 -0.2724
vn 0.9613 -0.0419 -0.2724
vn 0.9612 -0.0420 -0.2725
vn 0.9639 -0.1185 -0.2385
vn 0.9637 -0.1189 -0.2390
vn 0.9686 -0.1749 -0.1767
vn 0.9686 -0.1748 -0.1766
vn 0.9748 -0.2008 -0.0970
vn 0.9749 -0.2002 -0.0970
vn 0.9814 -0.1915 -0.0140
vn 0.9870 -0.1497 0.0582
vn 0.9908 -0.0819 0.1073
vn 0.9907 -0.0823 0.1081
vn 0.9924 -0.0208 0.1212
vn -0.4042 0.0001 0.9147
vn 0.7636 0.3499 -0.5426
vn 0.7637 0.3499 -0.5425
vn 0.7777 0.5158 -0.3594
vn 0.7781 0.5153 -0.3592
vn 0.7965 0.5917 -0.1244
vn 0.8154 0.5661 0.1209
vn 0.8150 0.5666 0.1212
vn 0.8315 0.4430 0.3353
vn 0.8307 0.4438 0.3362
vn 0.8421 0.2427 0.4816
vn 0.8438 0.2419 0.4791
vn 0.8475 -0.0000 0.5308
vn 0.8438 -0.2417 0.4791
vn 0.8421 -0.2429 0.4815
vn 0.8306 -0.4439 0.3362
vn 0.8314 -0.4430 0.3354
vn 0.8149 -0.5668 0.1212
vn 0.8153 -0.5662 0.1211
vn 0.7964 -0.5918 -0.1243
vn 0.7780 -0.5155 -0.3591
vn 0.7776 -0.5160 -0.3593
vn 0.7636 -0.3501 -0.5425
vn 0.7636 -0.3501 -0.5426
vn 0.7559 -0.1239 -0.6428
vn 0.7560 -0.1239 -0.6427
vn 0.7560 0.1236 -0.6428
vn 0.7559 0.1237 -0.6429
vn 0.9659 -0.1502 -0.2108
vn 0.9661 -0.1497 -0.2104
vn 0.9843 0.1747 0.0245
vn 0.9660 0.1500 -0.2108
vn 0.9621 0.0822 -0.2602
vn -0.5411 -0.0000 -0.8409
vn 0.4373 -0.6501 -0.6213
vn 0.4347 -0.6513 -0.6220
vn 0.4178 -0.3572 -0.8354
vn 0.4195 -0.3562 -0.8349
vn 0.4869 -0.8718 0.0539
vn 0.4586 -0.8338 -0.3072
vn 0.5480 0.1821 0.8164
vn 0.5481 -0.1820 0.8164
vn 0.5492 -0.1819 0.8157
vn 0.5367 -0.5148 0.6685
vn 0.5358 -0.5149 0.6691
vn 0.5388 0.5145 0.6670
vn 0.5500 0.1818 0.8151
vn 0.5168 0.7577 0.3985
vn 0.4612 0.8325 -0.3071
vn 0.4587 0.8337 -0.3075
vn 0.4870 0.8718 0.0538
vn 0.4207 0.0911 -0.9026
vn 0.4196 0.3560 -0.8350
vn 0.4177 0.3570 -0.8355
vn 0.4348 0.6510 -0.6222
vn 0.8384 0.3500 0.4179
vn 0.8239 0.5158 0.2346
vn 0.7698 0.4426 -0.4599
vn 0.7590 0.2420 -0.6044
vn 0.7595 0.2417 -0.6039
vn 0.7590 -0.2422 -0.6044
vn 0.7697 -0.4428 -0.4598
vn 0.7694 -0.4431 -0.4600
vn 0.8463 0.1238 0.5180
vn -0.9970 -0.0000 0.0776
vn -0.9970 0.0001 0.0779
vn -0.0735 0.4260 0.9017
vn -0.9570 -0.0323 0.2883
vn -0.9531 -0.0304 0.3011
vn -0.8151 -0.2267 0.5331
vn -0.7995 -0.2596 0.5417
vn -0.7998 -0.2594 0.5414
vn -0.4957 -0.6537 0.5719
vn -0.7818 -0.2124 0.5862
vn -0.7810 -0.2134 0.5870
vn -0.4016 -0.4511 0.7970
vn -0.4230 -0.4653 0.7775
vn -0.4953 -0.6271 0.6012
vn -0.3015 -0.0856 0.9496
vn -0.3016 -0.0859 0.9496
vn -0.1689 0.0913 0.9814
vn -0.1241 0.3735 0.9193
vn -0.0978 0.4379 0.8937
vn -0.0984 0.3748 0.9219
vn -0.4619 -0.4242 0.7789
vn -0.6132 -0.4612 0.6414
vn -0.5130 -0.1687 0.8416
vn -0.6892 -0.0031 0.7245
vn -0.1503 0.4577 0.8763
vn -0.0939 0.4785 0.8731
vn -0.3325 0.1653 0.9285
vn -0.3304 0.1667 0.9290
vn -0.5131 -0.1662 0.8421
vn -0.2800 -0.2755 0.9196
vn -0.4050 -0.4711 0.7836
vn -0.1893 0.5134 0.8370
vn -0.8078 0.1698 0.5645
vn -0.7886 0.1883 0.5853
vn -0.6938 -0.0051 0.7202
vn -0.4503 0.2644 0.8528
vn -0.4465 0.2720 0.8524
vn -0.1314 0.5035 0.8540
vn -0.1510 0.4583 0.8759
vn -0.1584 0.5532 0.8178
vn -0.1452 0.5290 0.8361
vn -0.5184 0.4796 0.7080
vn -0.1927 0.5200 0.8321
vn -0.5063 0.3947 0.7668
vn -0.5134 0.3942 0.7623
vn -0.7938 0.1943 0.5763
vn -0.8034 0.1855 0.5658
vn -0.5004 -0.4515 0.7388
vn -0.9712 -0.0927 0.2194
vn -0.9706 -0.0794 0.2273
vn -0.9705 -0.0795 0.2274
vn -0.9699 -0.0606 0.2359
vn -0.9699 -0.0606 0.2358
vn -0.9694 -0.0408 0.2419
vn -0.9694 -0.0409 0.2420
vn -0.9691 -0.0205 0.2457
vn -0.9692 -0.0205 0.2455
vn -0.9691 0.0001 0.2467
vn -0.9692 0.0207 0.2455
vn -0.9691 0.0207 0.2457
vn -0.9694 0.0410 0.2420
vn -0.9694 0.0410 0.2419
vn -0.9699 0.0607 0.2358
vn -0.9699 0.0608 0.2359
vn -0.9705 0.0796 0.2274
vn -0.9706 0.0796 0.2273
vn -0.8098 0.2879 0.5111
vn -0.9712 0.0929 0.2195
vn -0.9712 0.0928 0.2193
vn -0.8210 0.2798 0.4977
vn -0.8157 0.2842 0.5038
vn -0.1572 0.5311 0.8326
vn -0.1578 0.5299 0.8333
vn -0.1478 0.3463 0.9264
vn -0.1515 0.4534 0.8783
vn -0.1524 0.4538 0.8780
vn -0.1546 0.4535 0.8778
vn -0.1584 0.5298 0.8332
vn -0.1463 0.2337 0.9612
vn -0.1457 0.2338 0.9613
vn -0.1485 0.3463 0.9263
vn -0.1436 0.0001 0.9896
vn -0.1441 0.1175 0.9826
vn -0.1457 0.1177 0.9823
vn -0.1451 0.1178 0.9824
vn -0.1466 0.2337 0.9612
vn -0.1457 -0.1176 0.9823
vn -0.1441 -0.1174 0.9826
vn -0.1435 0.0001 0.9897
vn -0.1516 -0.4533 0.8784
vn -0.1478 -0.3462 0.9264
vn -0.1485 -0.3461 0.9264
vn -0.1457 -0.2336 0.9613
vn -0.1463 -0.2335 0.9613
vn -0.1468 -0.2335 0.9612
vn -0.1451 -0.1176 0.9824
vn -0.1523 -0.4536 0.8781
vn -0.1546 -0.4534 0.8778
vn -0.1585 -0.5297 0.8333
vn -0.1579 -0.5297 0.8333
vn -0.1573 -0.5310 0.8327
vn -0.8155 -0.2842 0.5042
vn -0.8233 -0.2770 0.4954
vn -0.5108 0.4479 0.7338
vn -0.8157 0.2842 0.5039
vn -0.8134 0.2436 0.5282
vn -0.8135 0.2436 0.5281
vn -0.8114 0.1859 0.5541
vn -0.8115 0.1858 0.5540
vn -0.8101 0.1254 0.5728
vn -0.8098 0.1256 0.5731
vn -0.8089 0.0633 0.5845
vn -0.8091 0.0633 0.5842
vn -0.8088 0.0001 0.5880
vn -0.8091 -0.0631 0.5842
vn -0.8090 -0.0631 0.5845
vn -0.8098 -0.1253 0.5731
vn -0.8101 -0.1253 0.5728
vn -0.8116 -0.1856 0.5540
vn -0.8115 -0.1857 0.5541
vn -0.8135 -0.2434 0.5282
vn -0.8157 -0.2841 0.5039
vn -0.9712 -0.0928 0.2195
vn -0.5173 0.4456 0.7307
vn -0.5116 0.4477 0.7334
vn -0.5082 0.3834 0.7712
vn -0.5087 0.3832 0.7710
vn -0.5056 0.2924 0.8117
vn -0.5054 0.2924 0.8118
vn -0.5031 0.1974 0.8414
vn -0.5030 0.1974 0.8415
vn -0.5015 0.0995 0.8594
vn -0.5012 0.0995 0.8596
vn -0.5008 0.0001 0.8656
vn -0.5012 -0.0993 0.8596
vn -0.5016 -0.0993 0.8594
vn -0.5030 -0.1972 0.8415
vn -0.5031 -0.1972 0.8414
vn -0.5054 -0.2923 0.8119
vn -0.5056 -0.2922 0.8118
vn -0.5088 -0.3830 0.7710
vn -0.5082 -0.3832 0.7713
vn -0.5116 -0.4474 0.7335
vn -0.5119 -0.4473 0.7334
vn -0.4964 -0.4002 0.7704
vn -0.0857 -0.4236 0.9018
vn -0.3284 -0.1694 0.9292
vn -0.2282 -0.1228 0.9658
vn -0.1631 0.1760 0.9708
vn -0.0256 -0.4408 0.8972
vn -0.0587 -0.4487 0.8918
vn -0.0756 -0.4091 0.9094
vn -0.1671 -0.1608 0.9727
vn -0.4025 0.5377 0.7409
vn -0.4015 0.5304 0.7466
vn -0.4112 0.5368 0.7367
vn -0.6741 0.2786 0.6840
vn -0.6744 0.2784 0.6839
vn -0.6086 0.4449 0.6571
vn -0.7252 0.4584 0.5138
vn -0.4101 0.5270 0.7444
vn -0.6908 0.0011 0.7230
vn -0.8962 0.0061 0.4437
vn -0.8954 0.0097 0.4451
vn -0.8411 0.3063 0.4458
vn -0.6862 -0.0009 0.7274
vn -0.5104 0.1642 0.8441
vn -0.5104 0.1616 0.8446
vn -0.2917 0.2650 0.9191
vn -0.3176 0.1647 0.9338
vn -0.1573 -0.5297 0.8335
vn -0.1892 -0.5289 0.8273
vn -0.1855 -0.5216 0.8327
vn -0.1335 -0.5018 0.8546
vn -0.1558 -0.4632 0.8724
vn -0.1559 -0.4633 0.8724
vn -0.9360 0.0927 0.3397
vn -0.9128 -0.0438 0.4061
vn -0.8089 -0.1654 0.5642
vn -0.7845 -0.1889 0.5907
vn -0.8030 -0.1853 0.5664
vn -0.0848 -0.4232 0.9021
vn -0.0933 -0.4799 0.8724
vn -0.3308 -0.1679 0.9287
vn -0.4438 -0.2738 0.8533
vn -0.4469 -0.2676 0.8536
vn -0.5087 -0.3936 0.7657
vn -0.5075 -0.3950 0.7658
vn -0.9970 0.0001 0.0777
vn -0.1099 -0.8933 0.4358
vn -0.9761 -0.2131 0.0435
vn -0.9731 -0.2261 0.0452
vn -0.8691 -0.4681 -0.1597
vn -0.8568 -0.4779 -0.1938
vn -0.8570 -0.4776 -0.1934
vn -0.5877 -0.5317 -0.6099
vn -0.8390 -0.5237 -0.1478
vn -0.8383 -0.5245 -0.1488
vn -0.4959 -0.7634 -0.4139
vn -0.5168 -0.7424 -0.4264
vn -0.5875 -0.5609 -0.5833
vn -0.3799 -0.9233 -0.0563
vn -0.3800 -0.9233 -0.0565
vn -0.2369 -0.9653 0.1100
vn -0.1656 -0.9069 0.3875
vn -0.1325 -0.8834 0.4495
vn -0.1401 -0.9114 0.3868
vn -0.5524 -0.7407 -0.3825
vn -0.6949 -0.5918 -0.4085
vn -0.5882 -0.7992 -0.1234
vn -0.7414 -0.6688 0.0546
vn -0.1818 -0.8620 0.4733
vn -0.1239 -0.8631 0.4895
vn -0.3896 -0.8999 0.1961
vn -0.3875 -0.9005 0.1973
vn -0.5881 -0.7997 -0.1210
vn -0.3709 -0.8951 -0.2475
vn -0.4998 -0.7498 -0.4337
vn -0.2132 -0.8197 0.5316
vn -0.1333 -0.8495 0.5104
vn -0.8335 -0.5000 0.2351
vn -0.8146 -0.5223 0.2522
vn -0.7458 -0.6641 0.0529
vn -0.4932 -0.8152 0.3036
vn -0.4888 -0.8151 0.3109
vn -0.1700 -0.8424 0.5113
vn -0.1819 -0.8619 0.4733
vn -0.1780 -0.8031 0.5687
vn -0.1681 -0.8223 0.5436
vn -0.5332 -0.6654 0.5224
vn -0.2157 -0.8146 0.5384
vn -0.5320 -0.7251 0.4373
vn -0.5388 -0.7201 0.4372
vn -0.8185 -0.5126 0.2594
vn -0.8280 -0.5017 0.2504
vn -0.8447 -0.5195 0.1291
vn -0.2129 -0.9678 0.1346
vn -0.8332 -0.4366 0.3393
vn -0.9807 -0.1695 0.0970
vn -0.9808 -0.1693 0.0970
vn -0.9794 -0.1664 0.1143
vn -0.9793 -0.1667 0.1144
vn -0.9779 -0.1612 0.1334
vn -0.9779 -0.1610 0.1334
vn -0.9765 -0.1533 0.1516
vn -0.9765 -0.1532 0.1516
vn -0.9753 -0.1445 0.1668
vn -0.9753 -0.1448 0.1670
vn -0.5367 -0.6946 0.4790
vn -0.5305 -0.6985 0.4804
vn -0.8214 -0.4524 0.3474
vn -0.1862 -0.8754 0.4460
vn -0.1875 -0.8752 0.4459
vn -0.1872 -0.8753 0.4459
vn -0.1953 -0.9193 0.3418
vn -0.1949 -0.9194 0.3418
vn -0.2051 -0.9505 0.2332
vn -0.2044 -0.9507 0.2333
vn -0.2030 -0.9505 0.2352
vn -0.2125 -0.9679 0.1345
vn -0.2130 -0.9677 0.1346
vn -0.5617 -0.8148 0.1432
vn -0.5565 -0.8184 0.1432
vn -0.8282 -0.4432 0.3431
vn -0.8280 -0.4434 0.3432
vn -0.8315 -0.4698 0.2963
vn -0.8315 -0.4699 0.2963
vn -0.8358 -0.4935 0.2404
vn -0.8360 -0.4932 0.2403
vn -0.8405 -0.5102 0.1821
vn -0.8407 -0.5100 0.1821
vn -0.8449 -0.5190 0.1291
vn -0.8511 -0.5090 0.1283
vn -0.5633 -0.8138 0.1429
vn -0.5566 -0.8184 0.1432
vn -0.5498 -0.8040 0.2267
vn -0.5510 -0.8032 0.2265
vn -0.5438 -0.7765 0.3182
vn -0.5436 -0.7767 0.3183
vn -0.5368 -0.7395 0.4062
vn -0.5370 -0.7394 0.4062
vn -0.5315 -0.6979 0.4801
vn -0.1795 -0.8265 0.5336
vn -0.1805 -0.8263 0.5335
vn -0.1845 -0.9080 0.3762
vn -0.5352 -0.7853 0.3112
vn -0.9133 -0.2121 0.3478
vn -0.2322 -0.2167 0.9482
vn -0.2930 -0.1686 0.9411
vn 0.1485 -0.2857 0.9467
vn -0.0302 -0.2442 0.9693
vn -0.9174 -0.2124 0.3364
vn -0.6861 -0.1076 0.7195
vn -0.7649 -0.2169 0.6066
vn -0.6682 -0.2187 0.7111
vn -0.2850 -0.0310 0.9580
vn -0.9312 -0.1459 0.3339
vn -0.9424 -0.2065 0.2631
vn -0.8251 -0.4840 0.2914
vn -0.8169 -0.4980 0.2910
vn -0.0609 -0.9950 0.0797
vn -0.2103 -0.9647 0.1588
vn -0.2329 -0.9587 0.1634
vn -0.1850 -0.9610 0.2057
vn -0.1241 -0.9711 0.2038
vn -0.1122 -0.9538 0.2786
vn -0.0447 -0.9510 0.3058
vn -0.5707 -0.7911 0.2201
vn -0.8111 -0.5247 0.2587
vn -0.6704 -0.5117 0.5373
vn -0.6578 -0.5208 0.5442
vn -0.4441 -0.5181 0.7310
vn -0.5021 -0.2119 0.8385
vn -0.3055 -0.2215 0.9261
vn -0.2326 -0.2266 0.9458
vn -0.0973 -0.5204 0.8483
vn -0.4416 -0.5153 0.7345
vn -0.3102 -0.8034 0.5083
vn -0.4523 -0.8049 0.3841
vn -0.6159 -0.7074 0.3468
vn -0.5478 -0.8083 0.2158
vn -0.2159 -0.6568 0.7225
vn -0.2147 -0.6812 0.6999
vn -0.2181 -0.6336 0.7422
vn -0.2241 -0.6567 0.7201
vn -0.1608 -0.9377 0.3079
vn -0.9970 0.0003 0.0777
vn -0.9146 -0.2210 -0.3386
vn -0.9861 -0.1615 -0.0383
vn -0.5439 -0.4264 0.7227
vn -0.9425 -0.0500 -0.3305
vn -0.3502 -0.2046 -0.9141
vn -0.7072 -0.1264 -0.6956
vn -0.3772 -0.2738 -0.8847
vn -0.3341 -0.2046 -0.9201
vn -0.3759 -0.2080 -0.9030
vn -0.3506 -0.2285 -0.9082
vn -0.2001 -0.9613 -0.1895
vn -0.5762 -0.8165 -0.0371
vn -0.2281 -0.9715 -0.0642
vn -0.2109 -0.9719 -0.1050
vn -0.2059 -0.9728 -0.1059
vn -0.8544 -0.5034 -0.1286
vn -0.5976 -0.7914 -0.1289
vn -0.5745 -0.8084 -0.1279
vn -0.9371 -0.0981 -0.3351
vn -0.8529 -0.2110 -0.4775
vn -0.7379 -0.5180 -0.4326
vn -0.3270 -0.6568 -0.6795
vn -0.3106 -0.7263 -0.6132
vn -0.3435 -0.5271 -0.7773
vn -0.1147 -0.6845 -0.7200
vn -0.3775 -0.2266 -0.8979
vn -0.2409 -0.9068 -0.3460
vn -0.1544 -0.9710 -0.1824
vn -0.1395 -0.9469 -0.2897
vn -0.2067 -0.9377 -0.2792
vn -0.3357 -0.6466 -0.6850
vn -0.3858 -0.8039 -0.4526
vn -0.5514 -0.5159 -0.6556
vn -0.5511 -0.5155 -0.6562
vn -0.6258 -0.2016 -0.7535
vn -0.6957 -0.2051 -0.6885
vn -0.9677 -0.2107 -0.1383
vn -0.8343 -0.5266 -0.1630
vn -0.7453 -0.5121 -0.4269
vn -0.7633 -0.4775 -0.4352
vn -0.5668 -0.7936 -0.2213
vn -0.1988 -0.9733 -0.1149
vn -0.2006 -0.9613 -0.1888
vn -0.8710 -0.4436 -0.2110
vn -0.5889 -0.7042 -0.3967
vn -0.8607 -0.5091 0.0051
vn -0.9894 -0.1448 -0.0140
vn -0.9894 -0.1446 -0.0138
vn -0.9882 -0.1532 0.0014
vn -0.9882 -0.1533 0.0014
vn -0.9868 -0.1610 0.0196
vn -0.9867 -0.1612 0.0196
vn -0.9853 -0.1667 0.0386
vn -0.9853 -0.1664 0.0387
vn -0.9840 -0.1693 0.0560
vn -0.9839 -0.1695 0.0560
vn -0.5769 -0.8150 -0.0539
vn -0.5720 -0.8184 -0.0552
vn -0.5784 -0.8140 -0.0536
vn -0.2540 -0.8754 -0.4112
vn -0.2459 -0.9193 -0.3073
vn -0.2454 -0.9194 -0.3074
vn -0.2368 -0.9510 -0.1989
vn -0.2376 -0.9508 -0.1987
vn -0.2387 -0.9506 -0.1986
vn -0.2547 -0.8751 -0.4114
vn -0.2530 -0.8755 -0.4116
vn -0.2599 -0.8266 -0.4992
vn -0.2606 -0.8264 -0.4991
vn -0.2609 -0.8264 -0.4990
vn -0.8545 -0.5195 0.0032
vn -0.8548 -0.5190 0.0033
vn -0.8588 -0.5100 -0.0497
vn -0.8586 -0.5102 -0.0497
vn -0.8632 -0.4932 -0.1080
vn -0.8630 -0.4936 -0.1081
vn -0.8673 -0.4699 -0.1640
vn -0.8674 -0.4699 -0.1640
vn -0.8712 -0.4434 -0.2108
vn -0.8777 -0.4335 -0.2042
vn -0.5994 -0.6980 -0.3919
vn -0.5934 -0.7394 -0.3181
vn -0.5932 -0.7395 -0.3182
vn -0.5863 -0.7767 -0.2302
vn -0.5865 -0.7766 -0.2301
vn -0.5794 -0.8032 -0.1384
vn -0.5782 -0.8040 -0.1386
vn -0.2311 -0.9678 -0.0999
vn -0.2307 -0.9679 -0.0999
vn -0.5839 -0.7296 -0.3560
vn -0.1879 -0.8924 -0.4103
vn -0.4115 -0.9009 -0.1379
vn -0.3112 -0.9452 -0.0989
vn -0.2236 -0.9552 0.1939
vn -0.1291 -0.8925 -0.4322
vn -0.1622 -0.8845 -0.4374
vn -0.1774 -0.9011 -0.3956
vn -0.2540 -0.9568 -0.1415
vn -0.4158 -0.7074 0.5716
vn -0.4158 -0.7131 0.5644
vn -0.4242 -0.7025 0.5714
vn -0.7014 -0.6296 0.3340
vn -0.7018 -0.6294 0.3338
vn -0.6213 -0.6078 0.4945
vn -0.7251 -0.4559 0.5161
vn -0.4244 -0.7103 0.5616
vn -0.7426 -0.6672 0.0589
vn -0.9246 -0.3728 0.0780
vn -0.9238 -0.3741 0.0816
vn -0.8468 -0.3790 0.3732
vn -0.7385 -0.6719 0.0565
vn -0.5600 -0.8019 0.2082
vn -0.5603 -0.8024 0.2057
vn -0.3406 -0.8936 0.2923
vn -0.3753 -0.9063 0.1945
vn -0.2620 -0.8187 -0.5110
vn -0.2932 -0.8101 -0.5077
vn -0.2894 -0.8158 -0.5007
vn -0.2378 -0.8417 -0.4848
vn -0.2584 -0.8577 -0.4445
vn -0.2585 -0.8576 -0.4446
vn -0.9494 -0.2659 0.1668
vn -0.9421 -0.3340 0.0294
vn -0.8607 -0.4995 -0.0988
vn -0.8402 -0.5280 -0.1241
vn -0.8565 -0.5023 -0.1192
vn -0.1870 -0.8927 -0.4099
vn -0.1975 -0.8625 -0.4660
vn -0.4137 -0.9002 -0.1362
vn -0.5285 -0.8162 -0.2335
vn -0.5312 -0.8163 -0.2271
vn -0.5955 -0.7239 -0.3484
vn -0.5944 -0.7241 -0.3499
vn -0.9970 -0.0001 0.0776
vn -0.9970 -0.0000 0.0778
vn -0.9970 0.0002 0.0779
vn -0.9970 0.0005 0.0777
vn -0.9970 0.0008 0.0776
vn -0.1759 0.8933 -0.4136
vn -0.9710 0.2132 0.1081
vn -0.9683 0.2262 0.1060
vn -0.8338 0.4683 0.2923
vn -0.8164 0.4780 0.3240
vn -0.8166 0.4778 0.3238
vn -0.4861 0.5317 0.6935
vn -0.8059 0.5238 0.2759
vn -0.8051 0.5246 0.2768
vn -0.4257 0.7635 0.4856
vn -0.4444 0.7424 0.5013
vn -0.4900 0.5609 0.6673
vn -0.3665 0.9234 0.1144
vn -0.3665 0.9233 0.1148
vn -0.2509 0.9653 -0.0721
vn -0.2235 0.9069 -0.3573
vn -0.2003 0.8834 -0.4236
vn -0.1982 0.9115 -0.3604
vn -0.4864 0.7407 0.4634
vn -0.6232 0.5919 0.5111
vn -0.5619 0.7993 0.2130
vn -0.7409 0.6689 0.0608
vn -0.2527 0.8620 -0.4394
vn -0.1980 0.8632 -0.4645
vn -0.4151 0.8999 -0.1334
vn -0.4132 0.9006 -0.1350
vn -0.5622 0.7997 0.2105
vn -0.3280 0.8951 0.3020
vn -0.4265 0.7498 0.5058
vn -0.2928 0.8198 -0.4922
vn -0.8597 0.5002 -0.1033
vn -0.8438 0.5224 -0.1231
vn -0.7449 0.6642 0.0632
vn -0.5341 0.8153 -0.2236
vn -0.5309 0.8152 -0.2315
vn -0.2357 0.8412 -0.4866
vn -0.2534 0.8615 -0.4400
vn -0.2637 0.8030 -0.5344
vn -0.2501 0.8224 -0.5111
vn -0.6075 0.6654 -0.4338
vn -0.2963 0.8147 -0.4985
vn -0.5932 0.7252 -0.3496
vn -0.5999 0.7202 -0.3486
vn -0.8482 0.5137 -0.1288
vn -0.8567 0.5018 -0.1193
vn -0.8758 0.4363 -0.2063
vn -0.9839 0.1696 0.0559
vn -0.9840 0.1694 0.0560
vn -0.9853 0.1665 0.0387
vn -0.9852 0.1669 0.0386
vn -0.9867 0.1613 0.0196
vn -0.9867 0.1612 0.0196
vn -0.9882 0.1535 0.0014
vn -0.9882 0.1533 0.0014
vn -0.9894 0.1447 -0.0139
vn -0.9893 0.1450 -0.0140
vn -0.6042 0.6947 -0.3902
vn -0.5983 0.6986 -0.3925
vn -0.8657 0.4518 -0.2157
vn -0.2598 0.8266 -0.4993
vn -0.2529 0.8755 -0.4118
vn -0.2544 0.8752 -0.4115
vn -0.2539 0.8754 -0.4114
vn -0.2457 0.9193 -0.3075
vn -0.2453 0.9194 -0.3075
vn -0.2367 0.9510 -0.1990
vn -0.2375 0.9508 -0.1988
vn -0.2386 0.9506 -0.1988
vn -0.2310 0.9678 -0.1001
vn -0.2306 0.9679 -0.1001
vn -0.5816 0.8116 -0.0546
vn -0.5719 0.8185 -0.0553
vn -0.5770 0.8149 -0.0545
vn -0.8712 0.4433 -0.2108
vn -0.8711 0.4435 -0.2109
vn -0.8673 0.4700 -0.1640
vn -0.8673 0.4700 -0.1641
vn -0.8629 0.4936 -0.1082
vn -0.8631 0.4934 -0.1080
vn -0.8585 0.5103 -0.0498
vn -0.8587 0.5101 -0.0497
vn -0.8547 0.5191 0.0032
vn -0.8608 0.5090 0.0049
vn -0.8544 0.5196 0.0032
vn -0.5781 0.8041 -0.1388
vn -0.5793 0.8033 -0.1385
vn -0.5864 0.7766 -0.2302
vn -0.5862 0.7767 -0.2303
vn -0.5931 0.7396 -0.3183
vn -0.5933 0.7395 -0.3182
vn -0.5993 0.6980 -0.3920
vn -0.2605 0.8264 -0.4992
vn -0.2608 0.8264 -0.4991
vn -0.2405 0.9074 -0.3447
vn -0.9560 0.2123 -0.2023
vn -0.3762 0.2167 -0.9009
vn -0.4352 0.1687 -0.8844
vn 0.0014 0.2862 -0.9582
vn -0.1799 0.2442 -0.9529
vn -0.9584 0.2126 -0.1903
vn -0.7892 0.1077 -0.6046
vn -0.8495 0.2170 -0.4809
vn -0.7702 0.2188 -0.5991
vn -0.4299 0.0310 -0.9024
vn -0.9717 0.1460 -0.1857
vn -0.9717 0.2067 -0.1141
vn -0.8600 0.4845 -0.1602
vn -0.8520 0.4982 -0.1610
vn -0.0728 0.9949 -0.0694
vn -0.2310 0.9671 -0.1064
vn -0.5764 0.8159 -0.0449
vn -0.2078 0.9710 -0.1179
vn -0.0913 0.9510 -0.2953
vn -0.1538 0.9538 -0.2579
vn -0.1540 0.9711 -0.1821
vn -0.2144 0.9610 -0.1746
vn -0.2144 0.9610 -0.1747
vn -0.5962 0.7924 -0.1294
vn -0.8413 0.5248 -0.1300
vn -0.7454 0.5118 -0.4270
vn -0.7340 0.5209 -0.4358
vn -0.5518 0.5182 -0.6534
vn -0.6258 0.2119 -0.7506
vn -0.4452 0.2216 -0.8676
vn -0.3762 0.2267 -0.8984
vn -0.2274 0.5205 -0.8230
vn -0.5499 0.5154 -0.6573
vn -0.3850 0.8034 -0.4542
vn -0.5062 0.8050 -0.3094
vn -0.6620 0.7075 -0.2473
vn -0.5744 0.8084 -0.1284
vn -0.3250 0.6568 -0.6804
vn -0.3204 0.6812 -0.6583
vn -0.3303 0.6337 -0.6995
vn -0.3328 0.6567 -0.6767
vn -0.2064 0.9377 -0.2794
vn -0.9970 -0.0002 0.0776
vn -0.9970 -0.0000 0.0777
vn -0.8512 0.2210 0.4761
vn -0.9683 0.1616 0.1905
vn -0.6493 0.4266 -0.6296
vn -0.8800 0.0501 0.4724
vn -0.2044 0.2047 0.9572
vn -0.5909 0.1265 0.7968
vn -0.2357 0.2737 0.9325
vn -0.1877 0.2046 0.9607
vn -0.2316 0.2081 0.9503
vn -0.2057 0.2285 0.9516
vn -0.1682 0.9613 0.2181
vn -0.2153 0.9715 0.0987
vn -0.1919 0.9719 0.1364
vn -0.5633 0.8166 0.1259
vn -0.8241 0.5036 0.2593
vn -0.5698 0.7916 0.2206
vn -0.5477 0.8085 0.2153
vn -0.8738 0.0983 0.4762
vn -0.7687 0.2111 0.6038
vn -0.6620 0.5181 0.5416
vn -0.2178 0.6568 0.7219
vn -0.2115 0.7259 0.6545
vn -0.2190 0.5271 0.8211
vn -0.0018 0.6845 0.7290
vn -0.2339 0.2267 0.9455
vn -0.1845 0.9075 0.3774
vn -0.1242 0.9710 0.2041
vn -0.0928 0.9469 0.3077
vn -0.1608 0.9378 0.3078
vn -0.2255 0.6467 0.7287
vn -0.3110 0.8040 0.5069
vn -0.4431 0.5160 0.7331
vn -0.4428 0.5156 0.7336
vn -0.5015 0.2018 0.8413
vn -0.5807 0.2052 0.7878
vn -0.9346 0.2108 0.2865
vn -0.7990 0.5267 0.2902
vn -0.6702 0.5122 0.5371
vn -0.6867 0.4776 0.5481
vn -0.5256 0.7937 0.3064
vn -0.1785 0.9733 0.1443
vn -0.1688 0.9613 0.2177
vn -0.8278 0.4437 0.3433
vn -0.5200 0.7045 0.4831
vn -0.8511 0.5091 0.1283
vn -0.9752 0.1450 0.1670
vn -0.9753 0.1447 0.1668
vn -0.9765 0.1533 0.1515
vn -0.9765 0.1535 0.1516
vn -0.9779 0.1612 0.1334
vn -0.9778 0.1613 0.1334
vn -0.9793 0.1669 0.1144
vn -0.9794 0.1666 0.1143
vn -0.9807 0.1695 0.0970
vn -0.9807 0.1696 0.0970
vn -0.5618 0.8149 0.1427
vn -0.5564 0.8185 0.1430
vn -0.5643 0.8131 0.1429
vn -0.2127 0.9678 0.1345
vn -0.2049 0.9506 0.2331
vn -0.2043 0.9507 0.2331
vn -0.2029 0.9506 0.2351
vn -0.1947 0.9194 0.3417
vn -0.1952 0.9193 0.3417
vn -0.1871 0.8754 0.4458
vn -0.1874 0.8753 0.4458
vn -0.1861 0.8755 0.4459
vn -0.1794 0.8266 0.5334
vn -0.1804 0.8264 0.5333
vn -0.8446 0.5196 0.1291
vn -0.8449 0.5191 0.1291
vn -0.8406 0.5101 0.1820
vn -0.8405 0.5103 0.1820
vn -0.8360 0.4934 0.2403
vn -0.8358 0.4937 0.2404
vn -0.8314 0.4700 0.2963
vn -0.8280 0.4435 0.3431
vn -0.8354 0.4338 0.3375
vn -0.5314 0.6981 0.4800
vn -0.5314 0.6980 0.4800
vn -0.5369 0.7395 0.4061
vn -0.5367 0.7396 0.4061
vn -0.5435 0.7768 0.3181
vn -0.5437 0.7766 0.3181
vn -0.5509 0.8033 0.2264
vn -0.5497 0.8041 0.2265
vn -0.5565 0.8185 0.1431
vn -0.2129 0.9678 0.1345
vn -0.2123 0.9679 0.1344
vn -0.5213 0.7300 0.4421
vn -0.1220 0.8924 0.4344
vn -0.3851 0.9010 0.1999
vn -0.2920 0.9452 0.1459
vn -0.2508 0.9552 -0.1570
vn -0.0605 0.8925 0.4469
vn -0.0924 0.8845 0.4572
vn -0.1132 0.9009 0.4191
vn -0.2289 0.9568 0.1790
vn -0.4991 0.7073 -0.5006
vn -0.4981 0.7132 -0.4932
vn -0.5074 0.7026 -0.4989
vn -0.7446 0.6297 -0.2214
vn -0.7448 0.6295 -0.2212
vn -0.6903 0.6079 -0.3924
vn -0.7962 0.4560 -0.3977
vn -0.5062 0.7103 -0.4891
vn -0.7426 0.6673 0.0568
vn -0.9255 0.3728 0.0661
vn -0.9252 0.3743 0.0623
vn -0.8943 0.3792 -0.2376
vn -0.7382 0.6720 0.0585
vn -0.5853 0.8020 -0.1190
vn -0.5852 0.8024 -0.1165
vn -0.3816 0.8937 -0.2361
vn -0.4007 0.9064 -0.1340
vn -0.1864 0.8577 0.4792
vn -0.1866 0.8575 0.4795
vn -0.1774 0.8435 0.5070
vn -0.1796 0.8188 0.5453
vn -0.2110 0.8102 0.5469
vn -0.2083 0.8158 0.5395
vn -0.1433 0.8498 0.5073
vn -0.9638 0.2661 -0.0178
vn -0.9353 0.3341 0.1168
vn -0.8349 0.4997 0.2308
vn -0.8107 0.5281 0.2527
vn -0.8276 0.5024 0.2504
vn -0.1212 0.8928 0.4339
vn -0.1229 0.8625 0.4909
vn -0.3875 0.9002 0.1986
vn -0.4858 0.8163 0.3125
vn -0.4895 0.8164 0.3065
vn -0.5343 0.7239 0.4364
vn -0.5329 0.7241 0.4377
vn 0.1526 -0.8537 -0.4978
vn 0.9751 -0.1516 -0.1621
vn 0.9750 -0.1517 -0.1622
vn 0.9718 -0.1264 -0.1991
vn 0.9718 -0.1265 -0.1991
vn 0.9690 -0.0763 -0.2351
vn 0.9690 -0.0762 -0.2350
vn 0.9677 -0.0167 -0.2514
vn 0.9677 -0.0167 -0.2515
vn 0.9681 0.0448 -0.2465
vn 0.9681 0.0448 -0.2464
vn 0.9702 0.1008 -0.2205
vn 0.9702 0.1008 -0.2204
vn 0.9736 0.1444 -0.1769
vn 0.9735 0.1445 -0.1770
vn 0.9779 0.1704 -0.1212
vn 0.9779 0.1705 -0.1212
vn 0.9827 0.1755 -0.0599
vn 0.9873 0.1590 -0.0005
vn 0.9873 0.1591 -0.0005
vn 0.9912 0.1231 0.0496
vn 0.9912 0.1230 0.0495
vn 0.9935 0.0860 0.0747
vn 0.9935 0.0859 0.0746
vn 0.2563 0.4846 0.8363
vn 0.2566 0.4847 0.8362
vn 0.1445 0.8051 -0.5753
vn 0.1687 0.9496 -0.2640
vn 0.1955 0.9776 0.0778
vn 0.1949 0.9777 0.0778
vn 0.2205 0.8860 0.4080
vn 0.2207 0.8859 0.4081
vn 0.2208 0.8859 0.4080
vn 0.2426 0.6853 0.6867
vn 0.2419 0.6853 0.6869
vn 0.2426 0.6855 0.6865
vn 0.1439 0.8054 -0.5751
vn 0.1450 0.8051 -0.5752
vn 0.1261 0.5619 -0.8175
vn 0.1254 0.5621 -0.8175
vn 0.1256 0.5622 -0.8174
vn 0.1144 0.2500 -0.9615
vn 0.1143 0.2500 -0.9615
vn 0.1124 -0.0928 -0.9893
vn 0.1117 -0.0929 -0.9894
vn 0.1523 -0.8537 -0.4980
vn 0.1347 -0.7034 -0.6980
vn 0.1342 -0.7036 -0.6978
vn 0.1346 -0.7036 -0.6977
vn 0.1190 -0.4241 -0.8978
vn 0.1188 -0.4241 -0.8978
vn 0.1187 -0.4240 -0.8978
vn 0.8783 0.2641 0.3985
vn 0.8784 0.2641 0.3984
vn 0.8692 0.3767 0.3201
vn 0.8691 0.3769 0.3203
vn 0.8572 0.4871 0.1672
vn 0.8571 0.4872 0.1673
vn 0.8430 0.5377 -0.0145
vn 0.8434 0.5371 -0.0147
vn 0.8287 0.5217 -0.2024
vn 0.8284 0.5223 -0.2024
vn 0.8151 0.4428 -0.3736
vn 0.8149 0.4430 -0.3737
vn 0.8045 0.3092 -0.5071
vn 0.8047 0.3090 -0.5070
vn 0.7985 0.1375 -0.5861
vn 0.7989 0.1372 -0.5856
vn 0.7977 -0.0511 -0.6009
vn 0.7972 -0.0510 -0.6015
vn 0.8011 -0.2334 -0.5511
vn 0.8013 -0.2334 -0.5509
vn 0.8098 -0.3869 -0.4411
vn 0.8099 -0.3868 -0.4409
vn 0.8217 -0.4655 -0.3288
vn 0.8216 -0.4656 -0.3289
vn 0.6024 0.4131 0.6830
vn 0.6021 0.4130 0.6833
vn 0.5875 0.5862 0.5578
vn 0.5881 0.5861 0.5574
vn 0.5696 0.7574 0.3192
vn 0.5693 0.7576 0.3195
vn 0.5471 0.8362 0.0369
vn 0.5469 0.8364 0.0370
vn 0.5243 0.8123 -0.2554
vn 0.5247 0.8120 -0.2555
vn 0.5039 0.6886 -0.5215
vn 0.5036 0.6887 -0.5215
vn 0.4875 0.4808 -0.7288
vn 0.4877 0.4806 -0.7288
vn 0.4782 0.2137 -0.8518
vn 0.4778 0.2139 -0.8520
vn 0.4757 -0.0794 -0.8760
vn 0.4760 -0.0795 -0.8759
vn 0.4822 -0.3627 -0.7974
vn 0.4826 -0.3627 -0.7972
vn 0.4958 -0.6016 -0.6263
vn 0.4952 -0.6018 -0.6266
vn 0.5134 -0.7280 -0.4543
vn 0.5138 -0.7279 -0.4541
vn -0.1216 0.7297 -0.6729
vn -0.0558 0.9972 -0.0494
vn -0.0419 0.9969 -0.0661
vn -0.0419 0.9969 -0.0663
vn 0.0202 0.9983 -0.0549
vn 0.0202 0.9983 -0.0550
vn 0.0832 0.9936 -0.0760
vn 0.2368 0.9572 -0.1665
vn 0.0020 0.9976 -0.0698
vn -0.1315 0.9810 -0.1426
vn 0.1073 0.9643 -0.2422
vn 0.0691 0.9850 -0.1581
vn 0.0443 0.9692 -0.2425
vn 0.0445 0.9700 -0.2390
vn -0.0907 0.9131 -0.3975
vn -0.0907 0.9133 -0.3972
vn -0.0655 0.9626 -0.2628
vn 0.0922 0.9660 -0.2417
vn 0.1039 0.9564 -0.2731
vn 0.0999 0.9417 -0.3213
vn 0.0221 0.8891 -0.4572
vn 0.0217 0.8893 -0.4568
vn 0.0250 0.9134 -0.4064
vn 0.1742 0.8709 -0.4596
vn -0.1392 0.7512 -0.6452
vn 0.0979 0.8329 -0.5448
vn 0.0978 0.8327 -0.5450
vn 0.0991 0.8336 -0.5434
vn -0.2684 0.8657 -0.4226
vn -0.1115 0.8146 -0.5692
vn -0.0365 0.7499 -0.6606
vn -0.1208 0.7929 -0.5972
vn -0.1024 0.7498 -0.6538
vn -0.2011 0.7710 -0.6042
vn -0.1396 0.7516 -0.6447
vn -0.1243 0.7242 -0.6783
vn -0.1251 0.7263 -0.6759
vn -0.1232 0.7485 -0.6516
vn -0.1118 0.7325 -0.6716
vn -0.0963 0.6729 -0.7335
vn -0.0986 0.6789 -0.7276
vn -0.1095 0.6724 -0.7320
vn 0.7811 0.5115 -0.3582
vn 0.9677 0.1679 -0.1880
vn 0.7901 0.3932 -0.4703
vn 0.9089 0.2856 -0.3038
vn 0.8336 0.3796 -0.4013
vn 0.7434 0.5038 -0.4400
vn 0.7433 0.5039 -0.4400
vn 0.8829 0.2490 -0.3981
vn 0.8860 0.2894 -0.3624
vn 0.8707 0.2984 -0.3910
vn 0.7924 0.3910 -0.4682
vn 0.7908 0.4003 -0.4630
vn 0.4269 0.4039 -0.8091
vn 0.9631 0.1357 -0.2324
vn 0.8825 0.2239 -0.4136
vn 0.9629 0.1159 -0.2437
vn 0.7642 0.3046 -0.5685
vn 0.4510 0.7728 -0.4466
vn 0.4557 0.7704 -0.4458
vn 0.7780 0.5150 -0.3598
vn 0.5957 0.6903 -0.4107
vn 0.5763 0.6054 -0.5489
vn 0.5536 0.6210 -0.5549
vn 0.5461 0.5229 -0.6545
vn 0.5712 0.5092 -0.6438
vn 0.5732 0.3788 -0.7266
vn 0.7102 0.3225 -0.6258
vn 0.4246 0.4913 -0.7604
vn 0.7985 0.4581 -0.3905
vn 0.7983 0.4586 -0.3904
vn 0.7913 0.4312 -0.4334
vn 0.3643 0.7672 -0.5279
vn 0.3538 0.5843 -0.7304
vn 0.7892 0.3338 -0.5156
vn 0.7892 0.3336 -0.5157
vn 0.9671 0.1699 -0.1891
vn 0.7797 0.5130 -0.3592
vn 0.7657 0.4538 -0.4558
vn 0.7206 0.5004 -0.4799
vn 0.7158 0.4361 -0.5454
vn 0.7595 0.3991 -0.5137
vn 0.7607 0.3062 -0.5723
vn 0.7619 0.3055 -0.5711
vn 0.2600 0.4148 0.8720
vn 0.1841 0.4365 0.8807
vn 0.9783 0.1154 0.1721
vn 0.9944 0.0596 0.0868
vn 0.9736 0.1111 0.1996
vn 0.9762 0.1063 0.1893
vn 0.3723 0.3988 0.8381
vn 0.3695 0.3994 0.8390
vn 0.6061 0.3501 0.7142
vn 0.4030 0.4469 0.7987
vn 0.7000 0.3035 0.6464
vn 0.7002 0.3034 0.6462
vn 0.8810 0.2080 0.4250
vn 0.7241 0.3436 0.5980
vn 0.7285 0.3406 0.5944
vn 0.0878 0.4226 0.9021
vn 0.0877 0.4227 0.9020
vn 0.7375 0.1668 0.6544
vn 0.9124 0.1844 0.3654
vn 0.9090 -0.1837 0.3741
vn 0.7397 -0.1616 0.6532
vn 0.7388 -0.1615 0.6542
vn 0.7612 -0.0941 0.6416
vn 0.7325 -0.1143 0.6711
vn 0.7325 -0.1145 0.6711
vn 0.9857 -0.0713 0.1529
vn 0.7831 -0.0741 0.6175
vn 0.7885 -0.0742 0.6105
vn 0.7260 0.1188 0.6774
vn 0.7260 0.1187 0.6774
vn 0.7260 0.1184 0.6774
vn 0.8729 -0.0000 0.4880
vn 0.7763 0.0833 0.6248
vn 0.9821 0.0708 0.1745
vn 0.8213 0.0404 0.5691
vn 0.8221 0.0406 0.5678
vn 0.7199 -0.0158 0.6939
vn 0.7200 0.0128 0.6939
vn 0.2566 -0.4845 0.8363
vn 0.9935 -0.0860 0.0746
vn 0.9935 -0.0861 0.0747
vn 0.9912 -0.1231 0.0495
vn 0.9911 -0.1232 0.0496
vn 0.9872 -0.1592 -0.0004
vn 0.9873 -0.1591 -0.0005
vn 0.9826 -0.1756 -0.0598
vn 0.9826 -0.1757 -0.0598
vn 0.9778 -0.1707 -0.1212
vn 0.9779 -0.1706 -0.1212
vn 0.9735 -0.1446 -0.1770
vn 0.9736 -0.1445 -0.1769
vn 0.9702 -0.1009 -0.2204
vn 0.9701 -0.1010 -0.2205
vn 0.9681 -0.0450 -0.2464
vn 0.9681 -0.0450 -0.2465
vn 0.9677 0.0165 -0.2515
vn 0.9677 0.0165 -0.2514
vn 0.9690 0.0761 -0.2350
vn 0.9690 0.0761 -0.2351
vn 0.9718 0.1263 -0.1992
vn 0.9718 0.1263 -0.1991
vn 0.9751 0.1515 -0.1622
vn 0.9751 0.1514 -0.1621
vn 0.1524 0.8537 -0.4980
vn 0.1527 0.8536 -0.4981
vn 0.1256 -0.5623 -0.8173
vn 0.1143 -0.2501 -0.9614
vn 0.1124 0.0928 -0.9893
vn 0.1117 0.0927 -0.9894
vn 0.1187 0.4239 -0.8979
vn 0.1189 0.4240 -0.8978
vn 0.1191 0.4239 -0.8978
vn 0.1347 0.7034 -0.6979
vn 0.1341 0.7036 -0.6978
vn 0.1348 0.7032 -0.6981
vn 0.1250 -0.5622 -0.8175
vn 0.1260 -0.5622 -0.8174
vn 0.1449 -0.8053 -0.5749
vn 0.1442 -0.8053 -0.5751
vn 0.1444 -0.8052 -0.5752
vn 0.1686 -0.9497 -0.2639
vn 0.1954 -0.9776 0.0779
vn 0.1948 -0.9777 0.0781
vn 0.2562 -0.4847 0.8363
vn 0.2425 -0.6854 0.6866
vn 0.2420 -0.6853 0.6869
vn 0.2425 -0.6852 0.6869
vn 0.2207 -0.8858 0.4082
vn 0.2205 -0.8859 0.4082
vn 0.2203 -0.8859 0.4081
vn 0.8217 0.4655 -0.3289
vn 0.8218 0.4653 -0.3289
vn 0.8100 0.3866 -0.4410
vn 0.8098 0.3868 -0.4411
vn 0.8013 0.2331 -0.5510
vn 0.8011 0.2333 -0.5511
vn 0.7972 0.0510 -0.6015
vn 0.7977 0.0507 -0.6009
vn 0.7989 -0.1376 -0.5856
vn 0.7985 -0.1376 -0.5861
vn 0.8046 -0.3093 -0.5069
vn 0.8045 -0.3093 -0.5071
vn 0.8149 -0.4432 -0.3737
vn 0.8150 -0.4430 -0.3735
vn 0.8283 -0.5223 -0.2025
vn 0.8287 -0.5219 -0.2022
vn 0.8433 -0.5373 -0.0145
vn 0.8429 -0.5379 -0.0145
vn 0.8570 -0.4873 0.1673
vn 0.8572 -0.4871 0.1673
vn 0.8691 -0.3770 0.3203
vn 0.8692 -0.3768 0.3202
vn 0.8784 -0.2641 0.3984
vn 0.8783 -0.2642 0.3985
vn 0.5139 0.7277 -0.4544
vn 0.5135 0.7279 -0.4543
vn 0.4953 0.6017 -0.6266
vn 0.4959 0.6013 -0.6265
vn 0.4826 0.3625 -0.7973
vn 0.4823 0.3626 -0.7974
vn 0.4760 0.0792 -0.8759
vn 0.4757 0.0793 -0.8760
vn 0.4778 -0.2140 -0.8520
vn 0.4782 -0.2140 -0.8518
vn 0.4877 -0.4809 -0.7287
vn 0.4874 -0.4809 -0.7288
vn 0.5035 -0.6888 -0.5215
vn 0.5038 -0.6887 -0.5214
vn 0.5246 -0.8122 -0.2553
vn 0.5242 -0.8124 -0.2554
vn 0.5468 -0.8365 0.0371
vn 0.5470 -0.8363 0.0371
vn 0.5692 -0.7576 0.3195
vn 0.5695 -0.7574 0.3194
vn 0.5880 -0.5859 0.5576
vn 0.5874 -0.5863 0.5578
vn 0.6020 -0.4132 0.6833
vn 0.6024 -0.4129 0.6831
vn 0.7641 -0.3049 -0.5684
vn 0.9637 -0.1151 -0.2410
vn 0.7955 -0.4090 -0.4471
vn 0.9058 -0.2353 -0.3525
vn 0.8293 -0.3423 -0.4417
vn 0.7375 -0.3877 -0.5529
vn 0.7375 -0.3869 -0.5535
vn 0.8911 -0.3282 -0.3133
vn 0.8876 -0.2966 -0.3524
vn 0.8744 -0.3248 -0.3604
vn 0.7915 -0.4133 -0.4503
vn 0.7918 -0.4254 -0.4383
vn 0.4530 -0.7818 -0.4284
vn 0.9648 -0.1598 -0.2087
vn 0.8940 -0.3441 -0.2868
vn 0.9672 -0.1700 -0.1890
vn 0.7810 -0.5117 -0.3581
vn 0.4267 -0.4217 -0.8001
vn 0.4275 -0.4216 -0.7997
vn 0.7618 -0.3064 -0.5708
vn 0.5731 -0.3734 -0.7294
vn 0.5709 -0.5112 -0.6425
vn 0.5477 -0.5192 -0.6561
vn 0.5557 -0.6170 -0.5572
vn 0.5786 -0.6053 -0.5466
vn 0.5973 -0.6860 -0.4156
vn 0.7520 -0.5511 -0.3617
vn 0.4441 -0.7324 -0.5160
vn 0.7869 -0.3355 -0.5179
vn 0.7877 -0.3356 -0.5166
vn 0.7864 -0.3781 -0.4886
vn 0.3383 -0.5111 -0.7902
vn 0.3581 -0.7116 -0.6045
vn 0.7994 -0.4576 -0.3893
vn 0.7995 -0.4578 -0.3889
vn 0.9629 -0.1166 -0.2434
vn 0.7607 -0.3075 -0.5716
vn 0.7592 -0.4037 -0.5106
vn 0.7150 -0.4304 -0.5509
vn 0.7204 -0.4951 -0.4857
vn 0.7633 -0.4603 -0.4533
vn 0.7764 -0.5174 -0.3598
vn 0.7781 -0.5154 -0.3589
vn 0.9933 -0.0755 0.0871
vn 0.9941 -0.0731 0.0806
vn 0.9935 -0.0758 0.0855
vn 0.3338 -0.4072 0.8502
vn 0.2605 -0.4001 0.8787
vn 0.3241 -0.3937 0.8602
vn 0.6061 -0.3471 0.7156
vn 0.3617 -0.4514 0.8157
vn 0.9938 -0.0738 0.0833
vn 0.9547 -0.1532 0.2549
vn 0.9398 -0.1723 0.2952
vn 0.7855 -0.2964 0.5434
vn 0.7853 -0.2964 0.5435
vn 0.8810 -0.2059 0.4260
vn 0.7634 -0.2745 0.5847
vn 0.7680 -0.2721 0.5798
vn 0.0877 -0.4226 0.9021
vn 0.0877 -0.4225 0.9021
vn -0.9699 0.2432 0.0116
vn -0.9747 0.2185 -0.0474
vn -0.9383 0.3417 0.0536
vn -0.9517 0.3020 0.0547
vn -0.9967 0.0306 0.0753
vn -0.5839 0.8118 0.0070
vn -0.2956 0.9553 0.0014
vn -0.7085 0.7055 0.0198
vn -0.8417 0.5387 0.0374
vn -0.7063 0.7070 0.0351
vn -0.9518 0.3015 0.0564
vn -0.5381 0.8427 -0.0169
vn -0.5381 0.8427 -0.0170
vn -0.4773 0.8787 -0.0042
vn -0.2991 0.9532 -0.0432
vn -0.2995 0.9531 -0.0430
vn -0.5161 0.8407 -0.1639
vn -0.0784 0.9590 -0.2724
vn -0.5964 0.7821 -0.1807
vn -0.5970 0.7817 -0.1805
vn -0.9702 0.2421 0.0053
vn -0.4866 0.7924 -0.3679
vn -0.4870 0.7923 -0.3675
vn -0.4870 0.7921 -0.3679
vn -0.5163 0.8406 -0.1636
vn -0.5165 0.8398 -0.1669
vn -0.5153 0.8412 -0.1641
vn -0.7486 0.5952 -0.2921
vn -0.8283 0.5097 -0.2328
vn -0.9961 0.0774 0.0416
vn -0.7463 0.6115 -0.2630
vn -0.6084 0.7169 -0.3406
vn -0.3320 0.8438 -0.4216
vn -0.3942 0.8243 -0.4063
vn -0.3069 0.8587 -0.4104
vn -0.3316 0.8499 -0.4095
vn -0.9741 0.2207 -0.0489
vn -0.8611 0.4581 -0.2206
vn -0.8567 0.4901 -0.1610
vn -0.8570 0.4897 -0.1607
vn -0.8503 0.5195 -0.0847
vn -0.8508 0.5187 -0.0844
vn -0.9737 0.2241 -0.0421
vn -0.9743 0.2217 -0.0406
vn -0.9491 0.2991 -0.0984
vn -0.9482 0.3055 -0.0868
vn -0.9810 0.1937 -0.0136
vn -0.9815 0.1899 -0.0233
vn -0.9857 0.1652 0.0334
vn -0.0586 0.9902 -0.1269
vn -0.5889 0.8059 -0.0611
vn -0.5878 0.8067 -0.0614
vn -0.8447 0.5352 -0.0053
vn -0.8450 0.5348 -0.0052
vn -0.9401 0.3396 0.0281
vn -0.9877 0.1419 0.0662
vn -0.9738 -0.2240 -0.0398
vn -0.0990 -0.9928 -0.0671
vn -0.3691 -0.9292 -0.0160
vn -0.5833 -0.8121 0.0146
vn -0.7499 -0.6611 0.0257
vn -0.7511 -0.6597 0.0259
vn -0.8410 -0.5390 0.0456
vn -0.9675 -0.2453 0.0609
vn -0.9469 -0.3166 0.0563
vn -0.9680 -0.2441 0.0578
vn -0.5853 -0.8107 -0.0156
vn -0.5834 -0.8121 0.0058
vn -0.3719 -0.9275 -0.0367
vn -0.3344 -0.8325 -0.4417
vn -0.6079 -0.7201 -0.3346
vn -0.3206 -0.8467 -0.4247
vn -0.3343 -0.8429 -0.4216
vn -0.3327 -0.8434 -0.4218
vn -0.8573 -0.4891 -0.1610
vn -0.7462 -0.6113 -0.2635
vn -0.9971 -0.0213 0.0729
vn -0.9171 -0.3785 -0.1253
vn -0.7513 -0.5801 -0.3148
vn -0.9741 -0.2205 -0.0490
vn -0.9658 -0.2592 0.0103
vn -0.2816 -0.9538 -0.1050
vn -0.5879 -0.8066 -0.0615
vn -0.5890 -0.8058 -0.0614
vn -0.8446 -0.5354 -0.0055
vn -0.8449 -0.5350 -0.0055
vn -0.9858 -0.1585 0.0556
vn -0.9473 -0.3162 0.0510
vn -0.1885 -0.9527 -0.2382
vn -0.3367 -0.8430 -0.4195
vn -0.3368 -0.8424 -0.4207
vn 0.0934 -0.9922 -0.0826
vn -0.4723 -0.8604 -0.1914
vn -0.4723 -0.8603 -0.1916
vn -0.9759 -0.2135 -0.0443
vn -0.9362 -0.3308 -0.1189
vn -0.9335 -0.3474 -0.0891
vn -0.9749 -0.2193 -0.0373
vn -0.9749 -0.2193 -0.0374
vn -0.3025 -0.9212 -0.2447
vn -0.5964 -0.7820 -0.1813
vn -0.5965 -0.7818 -0.1813
vn -0.8505 -0.5190 -0.0849
vn -0.8504 -0.5193 -0.0850
vn -0.9872 -0.1561 0.0314
vn -0.9658 -0.2592 0.0104
vn 0.2335 -0.6912 0.6839
vn 0.2333 -0.6910 0.6842
vn 0.5036 -0.5568 0.6606
vn 0.5035 -0.5567 0.6608
vn 0.6818 -0.3337 0.6510
vn 0.7274 -0.3396 0.5963
vn 0.7304 -0.1933 0.6551
vn 0.1139 -0.7049 0.7001
vn 0.1139 -0.7047 0.7003
vn 0.1550 -0.7001 0.6971
vn 0.1550 -0.6997 0.6975
vn 0.1957 -0.6925 0.6944
vn 0.1958 -0.6928 0.6940
vn 0.0732 -0.7140 0.6963
vn 0.0721 -0.7135 0.6970
vn -0.2399 -0.6539 0.7175
vn -0.2395 -0.6545 0.7171
vn -0.5147 -0.4355 0.7385
vn -0.5147 -0.4354 0.7386
vn -0.6431 -0.1431 0.7523
vn -0.6434 -0.1438 0.7520
vn -0.6501 0.0001 0.7599
vn -0.6501 0.0001 0.7598
vn -0.6434 0.1434 0.7520
vn -0.6430 0.1439 0.7523
vn -0.5146 0.4357 0.7385
vn -0.2399 0.6543 0.7171
vn -0.2391 0.6542 0.7175
vn 0.0733 0.7137 0.6966
vn 0.0721 0.7142 0.6962
vn 0.1959 0.6929 0.6939
vn 0.1958 0.6926 0.6943
vn 0.1551 0.6997 0.6974
vn 0.1551 0.7001 0.6970
vn 0.1140 0.7048 0.7002
vn 0.1140 0.7050 0.7000
vn 0.2335 0.6913 0.6838
vn 0.2335 0.6910 0.6841
vn 0.5036 0.5568 0.6605
vn 0.5036 0.5567 0.6607
vn 0.6909 0.3193 0.6487
vn 0.7255 0.3594 0.5869
vn 0.7304 0.1933 0.6551
vn -0.1365 -0.8801 -0.4548
vn -0.0531 -0.9985 -0.0112
vn -0.0408 -0.9966 -0.0719
vn 0.1077 -0.9924 -0.0600
vn 0.1418 -0.9862 -0.0855
vn -0.0226 -0.9883 -0.1511
vn -0.0219 -0.9884 -0.1504
vn -0.0154 -0.9971 -0.0745
vn -0.3161 -0.9228 -0.2201
vn 0.0182 -0.9879 -0.1542
vn 0.1137 -0.9520 -0.2842
vn 0.0944 -0.9604 -0.2623
vn 0.0120 -0.9598 -0.2803
vn 0.0138 -0.9662 -0.2576
vn -0.0406 -0.9601 -0.2767
vn -0.0396 -0.9605 -0.2756
vn -0.1349 -0.7240 -0.6764
vn -0.1357 -0.7149 -0.6859
vn -0.1395 -0.7547 -0.6411
vn -0.1460 -0.7644 -0.6280
vn -0.1375 -0.8794 -0.4558
vn 0.1013 -0.9026 -0.4184
vn 0.1012 -0.9022 -0.4193
vn -0.1593 -0.7430 -0.6501
vn -0.1558 -0.7925 -0.5896
vn -0.1437 -0.7645 -0.6284
vn -0.0922 -0.8049 -0.5863
vn -0.1072 -0.8426 -0.5278
vn 0.1168 -0.8734 -0.4727
vn 0.1345 -0.8611 -0.4903
vn 0.1312 -0.8650 -0.4844
vn -0.1267 -0.6998 -0.7030
vn -0.1106 -0.6593 -0.7437
vn -0.1398 -0.6986 -0.7017
vn -0.0185 -0.6568 -0.7538
vn -0.0806 -0.6828 -0.7262
vn -0.1357 -0.7160 -0.6848
vn -0.1219 -0.7657 -0.6315
vn -0.0807 -0.6829 -0.7261
vn 0.2693 -0.9554 -0.1213
vn 0.4961 -0.8362 0.2339
vn 0.4640 -0.8562 0.2271
vn 0.1379 -0.9902 0.0238
vn 0.2543 -0.8407 0.4781
vn 0.2542 -0.8410 0.4775
vn 0.4220 -0.8528 0.3076
vn 0.4533 -0.6787 0.5778
vn 0.5556 -0.6021 0.5734
vn 0.2537 -0.8414 0.4773
vn 0.4281 -0.4689 0.7726
vn 0.4281 -0.4678 0.7732
vn 0.3884 -0.3848 0.8373
vn 0.3432 -0.4793 0.8078
vn 0.3878 -0.6584 0.6451
vn 0.4716 0.6724 0.5705
vn 0.2551 0.6767 0.6907
vn 0.4675 0.3720 0.8019
vn 0.4494 0.3280 0.8309
vn 0.4500 0.3753 0.8103
vn 0.2992 0.3466 0.8890
vn 0.4483 -0.0000 0.8939
vn 0.3993 -0.0327 0.9162
vn 0.3998 -0.0000 0.9166
vn 0.3352 -0.0334 0.9416
vn 0.4116 -0.3816 0.8276
vn 0.6529 -0.2354 0.7199
vn 0.5783 -0.3153 0.7524
vn 0.4153 0.1821 -0.8913
vn 0.0444 0.3748 -0.9260
vn 0.2996 0.5481 -0.7809
vn 0.2832 0.3539 -0.8914
vn 0.4212 0.5163 -0.7457
vn 0.0689 0.7016 -0.7092
vn 0.4340 0.7644 -0.4768
vn 0.3711 0.8488 -0.3767
vn 0.3672 0.7922 -0.4873
vn 0.1080 0.9172 -0.3835
vn 0.4508 0.8834 -0.1282
vn 0.2714 0.9624 -0.0098
vn 0.2636 0.9570 -0.1212
vn 0.1551 0.9879 -0.0008
vn 0.4646 0.8520 0.2414
vn 0.2059 0.9029 0.3772
vn 0.2061 0.9025 0.3782
vn 0.2740 -0.5541 -0.7861
vn 0.0399 -0.3960 -0.9174
vn 0.4165 -0.1821 -0.8907
vn 0.0328 -0.0115 -0.9994
vn 0.0328 -0.0118 -0.9994
vn 0.2693 -0.9554 -0.1216
vn 0.5964 -0.8025 -0.0185
vn -0.1719 -0.8583 -0.4834
vn 0.3990 -0.8458 -0.3542
vn 0.3949 -0.7813 -0.4834
vn 0.6104 -0.7232 -0.3231
vn -0.2707 -0.5747 -0.7723
vn 0.5291 -0.5918 -0.6081
vn 0.2594 -0.3774 -0.8890
vn 0.5105 -0.8323 0.2161
vn 0.9915 -0.0589 0.1161
vn 0.5539 -0.2552 0.7925
vn 0.8489 -0.1728 0.4995
vn 0.5553 -0.2549 0.7916
vn 0.9921 -0.0578 0.1118
vn 0.8197 -0.5624 0.1086
vn 0.9811 -0.1928 -0.0173
vn 0.9920 -0.0581 0.1123
vn 0.9922 -0.0070 0.1243
vn 0.9922 -0.0070 0.1245
vn 0.9912 0.0716 0.1116
vn 0.9879 0.1390 0.0691
vn 0.9828 0.1845 0.0039
vn 0.9828 0.1844 0.0039
vn 0.9768 0.2010 -0.0738
vn 0.9768 0.2009 -0.0738
vn 0.9707 0.1861 -0.1517
vn 0.9708 0.1860 -0.1516
vn 0.9656 0.1419 -0.2177
vn 0.9622 0.0757 -0.2616
vn 0.9622 0.0758 -0.2617
vn 0.9610 -0.0024 -0.2764
vn 0.9610 -0.0024 -0.2765
vn 0.9623 -0.0802 -0.2599
vn 0.9623 -0.0803 -0.2600
vn 0.9658 -0.1457 -0.2147
vn 0.9710 -0.1883 -0.1475
vn 0.9771 -0.2012 -0.0691
vn 0.9771 -0.2011 -0.0691
vn 0.9818 -0.1890 -0.0183
vn 0.9819 -0.1885 -0.0186
vn 0.5090 -0.8331 0.2164
vn 0.5093 -0.8329 0.2165
vn 0.4852 -0.8744 -0.0073
vn 0.4844 -0.8748 -0.0074
vn 0.4839 -0.8751 -0.0072
vn 0.4575 -0.8182 -0.3482
vn 0.4582 -0.8179 -0.3480
vn 0.4576 -0.8185 -0.3475
vn 0.4345 -0.6333 -0.6404
vn 0.4352 -0.6330 -0.6402
vn 0.4149 -0.0101 -0.9098
vn 0.4150 -0.0101 -0.9098
vn 0.4209 -0.3488 -0.8374
vn 0.4178 -0.3492 -0.8387
vn 0.4199 -0.3496 -0.8375
vn 0.4580 0.8095 -0.3674
vn 0.4359 0.6182 -0.6541
vn 0.4358 0.6182 -0.6541
vn 0.4207 0.3305 -0.8448
vn 0.4196 0.3301 -0.8456
vn 0.4182 0.3305 -0.8461
vn 0.4132 -0.0105 -0.9106
vn 0.4571 0.8102 -0.3669
vn 0.4555 0.8111 -0.3670
vn 0.4820 0.8757 -0.0272
vn 0.4836 0.8748 -0.0277
vn 0.4837 0.8748 -0.0277
vn 0.5103 0.8023 0.3097
vn 0.5081 0.8033 0.3107
vn 0.5094 0.8024 0.3109
vn 0.5314 0.6045 0.5935
vn 0.5307 0.6048 0.5938
vn 0.5542 -0.2553 0.7923
vn 0.5508 -0.0303 0.8341
vn 0.5500 -0.0302 0.8346
vn 0.5495 -0.0303 0.8349
vn 0.5453 0.3116 0.7782
vn 0.5461 0.3115 0.7776
vn 0.5454 0.3110 0.7784
vn 0.8500 -0.1719 0.4979
vn 0.8488 -0.1728 0.4997
vn 0.8463 -0.0207 0.5323
vn 0.8470 -0.0206 0.5312
vn 0.8441 0.2119 0.4925
vn 0.8442 0.2119 0.4923
vn 0.8345 0.4111 0.3667
vn 0.8342 0.4115 0.3672
vn 0.8190 0.5466 0.1745
vn 0.8186 0.5472 0.1748
vn 0.8007 0.5965 -0.0555
vn 0.8009 0.5962 -0.0556
vn 0.7830 0.5521 -0.2866
vn 0.7676 0.4216 -0.4828
vn 0.7675 0.4216 -0.4828
vn 0.7575 0.2249 -0.6128
vn 0.7575 0.2249 -0.6129
vn 0.7541 -0.0070 -0.6567
vn 0.7538 -0.0069 -0.6571
vn 0.7575 -0.2379 -0.6079
vn 0.7581 -0.2377 -0.6073
vn 0.7687 -0.4309 -0.4726
vn 0.7692 -0.4306 -0.4722
vn 0.7845 -0.5565 -0.2736
vn 0.7844 -0.5567 -0.2737
vn 0.8023 -0.5954 -0.0417
vn 0.8016 -0.5964 -0.0417
vn 0.8184 -0.5641 0.1096
vn 0.8185 -0.5639 0.1096
vn 0.2280 0.8537 0.4682
vn 0.9884 0.1515 0.0092
vn 0.9884 0.1515 0.0093
vn 0.9909 0.1263 0.0463
vn 0.9937 0.0762 0.0822
vn 0.9937 0.0761 0.0821
vn 0.9950 0.0166 0.0986
vn 0.9946 -0.0450 0.0937
vn 0.9946 -0.0450 0.0936
vn 0.9926 -0.1009 0.0677
vn 0.9926 -0.1009 0.0676
vn 0.9892 -0.1445 0.0241
vn 0.9892 -0.1446 0.0242
vn 0.9848 -0.1706 -0.0317
vn 0.9848 -0.1707 -0.0316
vn 0.9801 -0.1757 -0.0930
vn 0.9801 -0.1756 -0.0930
vn 0.9754 -0.1591 -0.1523
vn 0.9754 -0.1592 -0.1524
vn 0.9715 -0.1232 -0.2024
vn 0.9715 -0.1231 -0.2024
vn 0.9700 -0.0861 -0.2276
vn 0.9700 -0.0860 -0.2275
vn 0.1236 -0.4847 -0.8659
vn 0.1240 -0.4847 -0.8658
vn 0.2317 -0.8051 0.5460
vn 0.2074 -0.9497 0.2347
vn 0.1810 -0.9776 -0.1072
vn 0.1804 -0.9778 -0.1070
vn 0.1545 -0.8860 -0.4372
vn 0.1547 -0.8859 -0.4373
vn 0.1549 -0.8859 -0.4373
vn 0.1332 -0.6853 -0.7159
vn 0.1326 -0.6853 -0.7160
vn 0.1333 -0.6855 -0.7158
vn 0.2311 -0.8054 0.5459
vn 0.2322 -0.8051 0.5458
vn 0.2510 -0.5619 0.7882
vn 0.2503 -0.5622 0.7882
vn 0.2506 -0.5622 0.7881
vn 0.2618 -0.2500 0.9322
vn 0.2642 0.0928 0.9600
vn 0.2635 0.0929 0.9602
vn 0.2276 0.8537 0.4684
vn 0.2412 0.7033 0.6687
vn 0.2407 0.7036 0.6686
vn 0.2411 0.7036 0.6684
vn 0.2566 0.4241 0.8685
vn 0.2564 0.4240 0.8686
vn 0.2563 0.4240 0.8686
vn 0.8060 -0.2642 -0.5297
vn 0.8061 -0.2642 -0.5296
vn 0.8092 -0.3769 -0.4508
vn 0.8090 -0.3770 -0.4510
vn 0.8209 -0.4872 -0.2978
vn 0.8208 -0.4873 -0.2980
vn 0.8350 -0.5379 -0.1162
vn 0.8354 -0.5373 -0.1160
vn 0.8500 -0.5219 0.0717
vn 0.8497 -0.5224 0.0717
vn 0.8630 -0.4430 0.2429
vn 0.8629 -0.4432 0.2430
vn 0.8733 -0.3093 0.3764
vn 0.8734 -0.3092 0.3763
vn 0.8796 -0.1376 0.4554
vn 0.8799 -0.1374 0.4549
vn 0.8811 0.0510 0.4702
vn 0.8807 0.0509 0.4709
vn 0.8768 0.2333 0.4205
vn 0.8769 0.2332 0.4202
vn 0.8683 0.3868 0.3104
vn 0.8685 0.3867 0.3102
vn 0.8628 0.4654 0.1976
vn 0.8627 0.4655 0.1978
vn 0.4894 -0.4131 -0.7680
vn 0.4890 -0.4131 -0.7683
vn 0.4940 -0.5863 -0.6420
vn 0.4946 -0.5861 -0.6417
vn 0.5132 -0.7575 -0.4036
vn 0.5128 -0.7576 -0.4037
vn 0.5347 -0.8363 -0.1212
vn 0.5344 -0.8365 -0.1212
vn 0.5574 -0.8124 0.1712
vn 0.5578 -0.8121 0.1712
vn 0.5784 -0.6886 0.4372
vn 0.5782 -0.6888 0.4373
vn 0.5944 -0.4809 0.6446
vn 0.5946 -0.4807 0.6445
vn 0.6043 -0.2138 0.7676
vn 0.6039 -0.2140 0.7678
vn 0.6056 0.0794 0.7918
vn 0.6058 0.0794 0.7916
vn 0.5999 0.3627 0.7131
vn 0.6002 0.3626 0.7129
vn 0.5869 0.6015 0.5420
vn 0.5863 0.6017 0.5424
vn 0.5777 0.7279 0.3694
vn 0.5780 0.7278 0.3691
vn 0.4232 0.2739 0.8636
vn 0.5471 0.1821 0.8170
vn 0.4126 0.5502 0.7260
vn 0.3393 0.4911 0.8023
vn 0.3821 0.3497 0.8554
vn 0.5061 0.5245 0.6846
vn 0.4161 0.4814 0.7714
vn 0.4165 0.4823 0.7706
vn 0.4436 0.7875 0.4279
vn 0.4443 0.7864 0.4291
vn 0.4368 0.7927 0.4253
vn 0.3121 0.6906 0.6524
vn 0.3118 0.6910 0.6521
vn 0.4437 0.7868 0.4291
vn 0.4514 0.7871 0.4204
vn 0.3499 0.8806 0.3196
vn 0.3205 0.6903 -0.6487
vn 0.2094 0.9082 -0.3625
vn 0.2103 0.9246 -0.3176
vn 0.3930 0.8483 -0.3548
vn 0.1700 0.9813 0.0900
vn 0.2791 0.9602 0.0116
vn 0.2838 0.9557 0.0785
vn 0.4608 0.8875 -0.0051
vn 0.3120 0.9147 0.2568
vn 0.3513 -0.6810 -0.6425
vn 0.1791 -0.6877 -0.7036
vn 0.3066 -0.3780 -0.8736
vn 0.2870 -0.3535 -0.8903
vn 0.2890 -0.3801 -0.8786
vn 0.1956 -0.3640 -0.9106
vn 0.2522 -0.0989 -0.9626
vn 0.0328 0.0117 -0.9994
vn 0.0323 0.1039 -0.9941
vn 0.2257 0.0108 -0.9741
vn 0.2364 0.3873 -0.8911
vn 0.2626 0.3759 -0.8887
vn 0.2632 0.3843 -0.8849
vn 0.2708 0.3757 -0.8863
vn 0.2180 0.6962 -0.6840
vn 0.1928 0.0345 0.9806
vn 0.5425 -0.1826 0.8200
vn 0.1968 -0.3532 0.9146
vn 0.4447 -0.5419 0.7132
vn 0.4452 -0.3286 0.8330
vn 0.5232 -0.5191 0.6759
vn 0.1944 -0.6839 0.7032
vn 0.4903 -0.7701 0.4081
vn 0.4040 -0.8493 0.3397
vn 0.4148 -0.8011 0.4315
vn 0.1869 -0.9058 0.3801
vn 0.4480 -0.8921 0.0591
vn 0.2717 -0.9623 -0.0100
vn 0.2785 -0.9572 0.0791
vn 0.1794 -0.9838 -0.0022
vn 0.4011 -0.8614 -0.3117
vn 0.1746 -0.9066 -0.3842
vn 0.1746 -0.9063 -0.3848
vn 0.9781 -0.2031 0.0462
vn 0.5556 0.2549 0.7914
vn 0.9922 0.0473 0.1156
vn 0.8501 0.1718 0.4979
vn 0.9915 0.0588 0.1161
vn 0.5540 0.2553 0.7924
vn 0.5542 0.2553 0.7922
vn 0.5508 0.0304 0.8341
vn 0.5500 0.0302 0.8346
vn 0.5093 -0.8024 0.3110
vn 0.5313 -0.6045 0.5935
vn 0.5307 -0.6047 0.5939
vn 0.5453 -0.3109 0.7784
vn 0.5460 -0.3114 0.7778
vn 0.5453 -0.3117 0.7782
vn 0.5495 0.0304 0.8349
vn 0.5073 -0.8038 0.3107
vn 0.5102 -0.8022 0.3101
vn 0.4836 -0.8748 -0.0276
vn 0.4835 -0.8749 -0.0276
vn 0.4819 -0.8758 -0.0271
vn 0.4554 -0.8111 -0.3670
vn 0.4568 -0.8105 -0.3667
vn 0.4579 -0.8096 -0.3672
vn 0.4358 -0.6184 -0.6540
vn 0.4358 -0.6183 -0.6540
vn 0.4148 0.0099 -0.9098
vn 0.4132 0.0103 -0.9106
vn 0.4182 -0.3305 -0.8461
vn 0.4198 -0.3304 -0.8454
vn 0.4207 -0.3307 -0.8448
vn 0.4577 0.8184 -0.3475
vn 0.4346 0.6332 -0.6405
vn 0.4353 0.6329 -0.6403
vn 0.4199 0.3495 -0.8376
vn 0.4186 0.3492 -0.8384
vn 0.4209 0.3484 -0.8375
vn 0.4150 0.0099 -0.9098
vn 0.8186 0.5639 0.1095
vn 0.5107 0.8322 0.2159
vn 0.4584 0.8177 -0.3482
vn 0.4576 0.8181 -0.3482
vn 0.4840 0.8750 -0.0073
vn 0.4845 0.8748 -0.0075
vn 0.4853 0.8743 -0.0074
vn 0.5094 0.8329 0.2163
vn 0.5092 0.8330 0.2163
vn 0.9811 0.1927 -0.0173
vn 0.9663 0.2573 -0.0009
vn 0.9806 0.1935 -0.0323
vn 0.9517 0.2137 -0.2205
vn 0.9831 0.1316 -0.1269
vn 0.9758 0.1724 -0.1344
vn 0.9726 0.2156 -0.0867
vn 0.9734 0.2187 -0.0682
vn 0.9909 0.1066 -0.0827
vn 0.9652 0.2610 -0.0159
vn 0.9600 0.1610 -0.2291
vn 0.9862 0.0646 -0.1525
vn 0.9517 0.2138 -0.2204
vn 0.9490 0.0448 -0.3120
vn 0.9490 0.0449 -0.3120
vn 0.9766 0.0568 -0.2073
vn 0.9688 0.0756 -0.2360
vn 0.9598 0.1428 -0.2417
vn 0.9824 -0.0076 -0.1866
vn 0.9531 0.0025 -0.3026
vn 0.9662 -0.0603 -0.2505
vn 0.9784 -0.0505 -0.2004
vn 0.9467 -0.1422 -0.2889
vn 0.9632 -0.1976 -0.1821
vn 0.9736 -0.1189 -0.1950
vn 0.9832 -0.0898 -0.1588
vn 0.9467 -0.1421 -0.2890
vn 0.9632 -0.1976 -0.1822
vn 0.9850 -0.1189 -0.1253
vn 0.9612 -0.2416 -0.1333
vn 0.9759 -0.2178 -0.0113
vn 0.9837 -0.1634 -0.0747
vn 0.9871 -0.1425 -0.0726
vn 0.9612 -0.2416 -0.1334
vn 0.9750 -0.2212 0.0205
vn 0.9966 -0.0753 -0.0323
vn 0.9759 -0.2178 -0.0112
vn 0.9929 -0.1132 0.0362
vn 0.9951 -0.0963 0.0235
vn 0.9784 -0.1348 0.1565
vn 0.9784 -0.1347 0.1566
vn 0.9980 -0.0458 0.0427
vn 0.9900 -0.0555 0.1294
vn 0.9846 0.0691 0.1604
vn 0.9849 0.0588 0.1629
vn 0.9982 0.0047 0.0600
vn 0.9944 -0.0020 0.1061
vn 0.9900 -0.0559 0.1294
vn 0.8489 0.1727 0.4995
vn 0.8488 0.1728 0.4997
vn 0.8463 0.0206 0.5323
vn 0.8470 0.0207 0.5312
vn 0.8441 -0.2120 0.4925
vn 0.8442 -0.2119 0.4924
vn 0.8345 -0.4111 0.3669
vn 0.8341 -0.4115 0.3672
vn 0.8190 -0.5466 0.1746
vn 0.8185 -0.5473 0.1748
vn 0.8006 -0.5966 -0.0555
vn 0.8009 -0.5963 -0.0554
vn 0.7829 -0.5522 -0.2866
vn 0.7675 -0.4218 -0.4827
vn 0.7575 -0.2251 -0.6128
vn 0.7541 0.0067 -0.6567
vn 0.7538 0.0068 -0.6570
vn 0.7576 0.2378 -0.6079
vn 0.7581 0.2375 -0.6073
vn 0.7688 0.4308 -0.4726
vn 0.7692 0.4304 -0.4723
vn 0.7846 0.5563 -0.2737
vn 0.7845 0.5565 -0.2737
vn 0.8024 0.5953 -0.0419
vn 0.8017 0.5963 -0.0417
vn 0.8184 0.5640 0.1095
vn 0.8198 0.5623 0.1085
vn 0.9884 -0.1516 0.0093
vn 0.9868 -0.1619 0.0105
vn 0.2279 -0.8536 0.4685
vn 0.2275 -0.8537 0.4684
vn 0.2411 -0.7033 0.6688
vn 0.2404 -0.7036 0.6687
vn 0.2410 -0.7035 0.6686
vn 0.2566 -0.4239 0.8686
vn 0.2564 -0.4240 0.8686
vn 0.2562 -0.4239 0.8687
vn 0.2635 -0.0927 0.9602
vn 0.2642 -0.0928 0.9600
vn 0.2618 0.2501 0.9322
vn 0.2618 0.2501 0.9321
vn 0.1546 0.8859 -0.4373
vn 0.1805 0.9777 -0.1073
vn 0.1811 0.9776 -0.1072
vn 0.2075 0.9497 0.2346
vn 0.2318 0.8052 0.5459
vn 0.2316 0.8053 0.5458
vn 0.2323 0.8053 0.5455
vn 0.2511 0.5622 0.7880
vn 0.2501 0.5621 0.7883
vn 0.2506 0.5623 0.7880
vn 0.1548 0.8858 -0.4374
vn 0.1550 0.8858 -0.4374
vn 0.1333 0.6851 -0.7161
vn 0.1329 0.6853 -0.7161
vn 0.1334 0.6854 -0.7159
vn 0.1237 0.4845 -0.8660
vn 0.1241 0.4846 -0.8659
vn 0.9742 0.0771 -0.2123
vn 0.9701 0.0941 -0.2236
vn 0.9687 0.1859 -0.1648
vn 0.9741 0.1605 -0.1591
vn 0.9731 0.1184 -0.1977
vn 0.9543 0.1798 -0.2387
vn 0.9746 0.0838 -0.2078
vn 0.9851 0.1572 -0.0701
vn 0.9851 0.1572 -0.0700
vn 0.9699 0.2235 -0.0968
vn 0.9817 0.1550 -0.1106
vn 0.9759 0.2179 -0.0081
vn 0.9847 0.1716 -0.0314
vn 0.9888 0.1488 0.0138
vn 0.9824 0.1799 0.0495
vn 0.9932 0.1110 0.0342
vn 0.9899 0.0545 0.1309
vn 0.9940 0.0533 0.0951
vn 0.9933 0.0971 0.0623
vn 0.9797 0.1345 0.1489
vn 0.9932 0.1111 0.0341
vn 0.9895 -0.0208 0.1432
vn 0.9966 0.0108 0.0818
vn 0.9894 -0.0908 0.1129
vn 0.9933 -0.0728 0.0894
vn 0.9955 -0.0286 0.0903
vn 0.9913 -0.1291 0.0253
vn 0.9913 -0.1290 0.0255
vn 0.9838 -0.1605 0.0802
vn 0.9941 -0.0973 0.0486
vn 0.4894 0.4128 -0.7682
vn 0.4891 0.4131 -0.7682
vn 0.4941 0.5862 -0.6420
vn 0.4947 0.5859 -0.6419
vn 0.5133 0.7573 -0.4038
vn 0.5130 0.7575 -0.4037
vn 0.5348 0.8362 -0.1213
vn 0.5346 0.8364 -0.1213
vn 0.5575 0.8123 0.1712
vn 0.5579 0.8121 0.1710
vn 0.5785 0.6887 0.4371
vn 0.5783 0.6888 0.4372
vn 0.5944 0.4808 0.6446
vn 0.5946 0.4808 0.6444
vn 0.6043 0.2140 0.7675
vn 0.6039 0.2139 0.7678
vn 0.6056 -0.0794 0.7918
vn 0.6058 -0.0793 0.7916
vn 0.5998 -0.3627 0.7132
vn 0.6002 -0.3625 0.7130
vn 0.5868 -0.6014 0.5422
vn 0.5862 -0.6018 0.5424
vn 0.5776 -0.7280 0.3693
vn 0.5779 -0.7277 0.3693
vn 0.8060 0.2641 -0.5297
vn 0.8061 0.2639 -0.5296
vn 0.8092 0.3767 -0.4509
vn 0.8090 0.3769 -0.4510
vn 0.8210 0.4870 -0.2979
vn 0.8209 0.4872 -0.2980
vn 0.8351 0.5377 -0.1161
vn 0.8355 0.5371 -0.1163
vn 0.8501 0.5218 0.0715
vn 0.8498 0.5222 0.0718
vn 0.8631 0.4429 0.2428
vn 0.8629 0.4430 0.2430
vn 0.8733 0.3092 0.3764
vn 0.8734 0.3091 0.3762
vn 0.8796 0.1374 0.4554
vn 0.8799 0.1374 0.4548
vn 0.8811 -0.0509 0.4702
vn 0.8807 -0.0511 0.4708
vn 0.8768 -0.2334 0.4205
vn 0.8769 -0.2333 0.4203
vn 0.8683 -0.3869 0.3105
vn 0.8684 -0.3867 0.3103
vn 0.8627 -0.4654 0.1977
vn 0.8626 -0.4656 0.1977
vn 0.9970 -0.0002 -0.0776
vn -0.0823 -0.7662 -0.6373
vn 0.0294 -0.6499 0.7595
vn 0.0308 0.9992 -0.0261
vn -0.0419 0.9975 0.0569
vn -0.0046 0.9998 -0.0191
vn -0.0044 0.9998 -0.0191
vn -0.0366 0.9993 -0.0107
vn -0.0504 0.9987 0.0039
vn -0.0483 0.9988 0.0037
vn -0.0805 0.9967 0.0056
vn -0.0464 0.9975 0.0530
vn -0.0415 0.9975 0.0571
vn -0.1491 0.7999 -0.5813
vn -0.1957 0.8371 -0.5109
vn 0.1299 0.8583 -0.4965
vn -0.2769 0.8703 -0.4074
vn 0.0553 0.9209 -0.3858
vn 0.0502 0.8944 -0.4444
vn 0.1352 0.9117 -0.3880
vn -0.2640 0.9152 -0.3046
vn 0.1370 0.9520 -0.2739
vn -0.0973 0.9718 -0.2146
vn -0.1003 0.9610 -0.2578
vn -0.2463 0.9488 -0.1978
vn 0.1349 0.9786 -0.1551
vn -0.1031 0.9883 -0.1125
vn 0.0063 0.9997 -0.0244
vn 0.0372 0.9980 -0.0518
vn 0.0336 0.9994 0.0094
vn -0.0725 0.7663 -0.6383
vn -0.0674 0.7930 -0.6055
vn -0.1552 0.7671 -0.6225
vn -0.0866 0.7885 -0.6090
vn -0.0664 0.7932 -0.6054
vn 0.0093 0.7995 -0.6006
vn 0.0101 0.7995 -0.6006
vn 0.0673 0.7987 -0.5979
vn -0.0140 0.8201 -0.5721
vn -0.1447 0.8428 -0.5185
vn -0.1087 0.6841 -0.7212
vn -0.1327 0.6914 -0.7101
vn -0.0869 0.7399 -0.6671
vn -0.0869 0.7398 -0.6672
vn -0.0251 0.9977 0.0629
vn 0.0219 0.9973 0.0702
vn 0.1456 0.9855 0.0868
vn 0.0677 0.9910 0.1154
vn 0.0660 0.9934 0.0938
vn -0.0696 0.9896 0.1260
vn 0.0034 0.9754 0.2202
vn -0.0272 0.9741 0.2247
vn -0.0274 0.9746 0.2222
vn -0.0290 0.9735 0.2268
vn -0.0319 0.9397 0.3404
vn 0.0262 0.9427 0.3327
vn -0.0719 0.8878 0.4545
vn -0.0075 0.8968 0.4424
vn -0.0068 0.8922 0.4517
vn 0.0858 0.8963 0.4350
vn -0.1161 0.8206 0.5596
vn 0.2591 0.8268 0.4993
vn 0.0995 0.8040 0.5862
vn 0.0985 0.8030 0.5878
vn 0.0852 0.7699 0.6325
vn 0.0793 0.8305 0.5513
vn 0.0012 0.8054 0.5927
vn 0.0016 0.8056 0.5924
vn -0.0597 0.7523 0.6561
vn 0.0320 0.7660 0.6421
vn 0.0309 0.7658 0.6423
vn 0.0190 0.7635 0.6455
vn -0.0412 0.7496 0.6606
vn 0.0361 0.6710 0.7405
vn 0.0361 0.6712 0.7404
vn 0.0416 0.6502 0.7586
vn -0.0596 0.6397 0.7663
vn 0.0171 0.6046 0.7963
vn 0.0293 0.5996 0.7997
vn 0.2496 0.6157 0.7474
vn 0.1746 0.5719 0.8015
vn 0.0788 0.5906 0.8031
vn 0.0284 0.5999 0.7996
vn 0.2187 -0.5368 0.8149
vn -0.0471 -0.5719 0.8190
vn 0.0757 -0.4650 0.8821
vn -0.0233 -0.4691 0.8828
vn -0.0230 -0.4626 0.8862
vn -0.0281 -0.4676 0.8835
vn 0.0652 -0.3548 0.9327
vn -0.0124 -0.3584 0.9335
vn 0.0543 -0.2394 0.9694
vn 0.0351 -0.2425 0.9695
vn 0.0352 -0.2392 0.9703
vn 0.0041 -0.2421 0.9702
vn 0.0436 -0.1205 0.9917
vn 0.0242 -0.1221 0.9922
vn 0.0242 -0.1202 0.9925
vn 0.0179 -0.1222 0.9923
vn 0.0309 0.0001 0.9995
vn 0.0181 0.1203 0.9926
vn 0.0243 0.1224 0.9922
vn 0.0242 0.1206 0.9924
vn 0.0431 0.1223 0.9915
vn 0.0052 0.2390 0.9710
vn 0.0352 0.2427 0.9695
vn 0.0352 0.2394 0.9703
vn 0.0525 0.2428 0.9687
vn -0.0096 0.3538 0.9353
vn 0.0615 0.3598 0.9310
vn -0.0238 0.4627 0.8862
vn -0.0231 0.4680 0.8834
vn -0.0230 0.4632 0.8860
vn 0.0692 0.4712 0.8793
vn -0.0105 0.5419 0.8404
vn 0.2173 0.5686 0.7934
vn 0.2187 0.5380 0.8140
vn 0.2256 0.5662 0.7928
vn 0.2187 -0.5380 0.8141
vn 0.2348 -0.6049 0.7609
vn 0.1773 -0.5716 0.8011
vn 0.0872 -0.5894 0.8031
vn 0.0312 -0.5990 0.8001
vn 0.0311 -0.5991 0.8001
vn 0.0173 -0.6043 0.7966
vn -0.1141 -0.6613 0.7414
vn 0.0442 -0.6489 0.7596
vn 0.0375 -0.6501 0.7589
vn 0.0360 -0.6709 0.7406
vn -0.0413 -0.7495 0.6607
vn 0.0280 -0.7653 0.6431
vn -0.0415 -0.7536 0.6560
vn -0.0036 -0.8013 0.5982
vn 0.0007 -0.8052 0.5930
vn 0.0578 -0.8309 0.5534
vn 0.0870 -0.7642 0.6391
vn 0.0872 -0.7623 0.6413
vn 0.0941 -0.8010 0.5912
vn 0.0942 -0.8012 0.5909
vn 0.1535 -0.8146 0.5593
vn 0.1972 -0.8211 0.5357
vn -0.0715 -0.8419 0.5348
vn 0.0700 -0.8923 0.4459
vn -0.0076 -0.8967 0.4426
vn -0.0069 -0.8921 0.4518
vn -0.0640 -0.8932 0.4451
vn 0.0229 -0.9413 0.3369
vn -0.0319 -0.9410 0.3368
vn -0.0290 -0.9745 0.2224
vn -0.0272 -0.9735 0.2268
vn -0.0275 -0.9745 0.2226
vn 0.0049 -0.9749 0.2225
vn -0.0855 -0.9907 0.1054
vn -0.0396 -0.9975 0.0582
vn 0.0675 -0.9910 0.1156
vn 0.0675 -0.9910 0.1155
vn 0.1455 -0.9855 0.0870
vn -0.0158 -0.9978 0.0651
vn -0.0397 -0.9975 0.0581
vn -0.0505 -0.9987 0.0040
vn -0.0485 -0.9988 0.0038
vn -0.0371 -0.9993 0.0027
vn 0.0408 -0.9986 0.0349
vn 0.0236 -0.9994 -0.0254
vn -0.0143 -0.9998 -0.0168
vn -0.1082 -0.9941 0.0100
vn -0.0306 -0.9995 0.0027
vn 0.0317 -0.9986 -0.0417
vn 0.0318 -0.9987 -0.0401
vn 0.0183 -0.9995 -0.0252
vn -0.0517 -0.9961 -0.0709
vn -0.1032 -0.9883 -0.1124
vn 0.1348 -0.9787 -0.1550
vn -0.2465 -0.9488 -0.1976
vn -0.1004 -0.9610 -0.2577
vn -0.0974 -0.9719 -0.2145
vn 0.1369 -0.9520 -0.2737
vn -0.2641 -0.9152 -0.3044
vn 0.1351 -0.9117 -0.3879
vn 0.0501 -0.8945 -0.4443
vn 0.0552 -0.9210 -0.3857
vn -0.2770 -0.8703 -0.4072
vn 0.1297 -0.8584 -0.4964
vn -0.1958 -0.8371 -0.5108
vn -0.1493 -0.7999 -0.5812
vn -0.1448 -0.8428 -0.5183
vn 0.0621 -0.7993 -0.5977
vn 0.0297 -0.7999 -0.5993
vn 0.0236 -0.7998 -0.5998
vn -0.0634 -0.7937 -0.6049
vn -0.0635 -0.7937 -0.6049
vn -0.0860 -0.7888 -0.6086
vn -0.2674 -0.7226 -0.6375
vn -0.1081 -0.6926 -0.7131
vn -0.0716 -0.7690 -0.6352
vn -0.0846 -0.7662 -0.6370
vn -0.0870 -0.7400 -0.6670
vn -0.1407 -0.6826 -0.7171
vn 0.9930 -0.0563 -0.1036
vn 0.9754 -0.1563 -0.1553
vn 0.9600 -0.2099 -0.1856
vn 0.9757 -0.1551 -0.1546
vn 0.2996 -0.8655 -0.4015
vn 0.2863 -0.8695 -0.4025
vn 0.3590 -0.8348 -0.4174
vn 0.1587 -0.8896 -0.4282
vn -0.0217 -0.8833 -0.4684
vn 0.0472 -0.8891 -0.4553
vn 0.3001 -0.8653 -0.4016
vn 0.5187 -0.7521 -0.4066
vn 0.7423 -0.5911 -0.3157
vn 0.9323 -0.2952 -0.2090
vn 0.9313 -0.2975 -0.2100
vn 0.9325 -0.2948 -0.2089
vn 0.7580 -0.5620 -0.3311
vn 0.7586 -0.5614 -0.3308
vn 0.8262 -0.4896 -0.2787
vn 0.7410 -0.5926 -0.3159
vn 0.7455 -0.5879 -0.3141
vn 0.4554 0.6385 -0.6205
vn 0.4372 0.6473 -0.6244
vn 0.4251 0.6657 -0.6133
vn 0.3883 0.6735 -0.6290
vn 0.5355 0.5912 -0.6031
vn 0.4530 0.6404 -0.6202
vn 0.9691 0.0365 -0.2439
vn 0.9892 0.0231 -0.1449
vn 0.9689 0.0366 -0.2446
vn 0.9659 0.0528 -0.2533
vn 0.9553 0.0996 -0.2784
vn 0.9519 0.0869 -0.2939
vn 0.7737 0.4127 -0.4807
vn 0.7754 0.4097 -0.4804
vn 0.7769 0.4100 -0.4778
vn 0.8363 0.3266 -0.4404
vn 0.7727 0.4127 -0.4823
vn 0.7751 0.4086 -0.4819
vn 0.4423 0.6439 -0.6243
vn -0.0155 -0.9061 -0.4228
vn -0.0154 -0.9062 -0.4225
vn -0.0211 -0.8695 -0.4935
vn -0.0237 -0.8660 -0.4994
vn -0.0326 -0.7160 -0.6973
vn 0.0774 0.6978 0.7121
vn 0.0817 0.5053 0.8591
vn 0.0848 0.4937 0.8655
vn 0.0641 0.7945 0.6039
vn 0.0777 0.6966 0.7132
vn 0.0775 0.6976 0.7123
vn 0.0776 0.6961 0.7137
vn 0.0776 0.6964 0.7135
vn 0.0642 0.7940 0.6046
vn 0.0524 0.9019 0.4288
vn 0.0604 0.8750 0.4804
vn 0.0542 0.9019 0.4286
vn 0.0558 0.8910 0.4505
vn 0.0558 0.8912 0.4502
vn 0.0135 0.9990 -0.0420
vn 0.0316 0.9908 0.1315
vn 0.0310 0.9914 0.1271
vn 0.0257 0.9954 0.0928
vn 0.0406 0.9530 0.3002
vn 0.0561 0.8931 0.4463
vn -0.0112 0.9296 -0.3684
vn -0.0072 0.9447 -0.3278
vn -0.0134 0.9182 -0.3959
vn -0.3894 0.7225 0.5713
vn 0.0585 0.8879 -0.4563
vn 0.0029 0.9740 -0.2263
vn 0.0031 0.9744 -0.2249
vn -0.0010 0.9668 -0.2553
vn 0.0135 0.9990 -0.0427
vn 0.0135 0.9990 -0.0423
vn -0.0195 0.8790 -0.4764
vn -0.0250 0.8197 -0.5723
vn -0.0177 0.8781 -0.4782
vn -0.0249 0.8198 -0.5720
vn -0.0242 0.8238 -0.5663
vn -0.0445 0.5721 -0.8189
vn -0.0447 0.5371 -0.8423
vn -0.0447 0.5401 -0.8404
vn -0.0420 0.6350 -0.7714
vn 0.1247 0.7604 -0.6374
vn -0.0309 0.7759 -0.6301
vn -0.0374 0.7094 -0.7038
vn -0.0417 0.6429 -0.7648
vn 0.1424 0.7633 -0.6301
vn -0.0551 0.2209 -0.9737
vn -0.0551 0.3197 -0.9459
vn -0.0542 0.4028 -0.9137
vn -0.0458 0.5724 -0.8187
vn -0.0503 0.4118 -0.9099
vn -0.0462 0.5377 -0.8419
vn -0.0609 0.0137 -0.9980
vn -0.0609 0.0145 -0.9980
vn -0.0586 0.2545 -0.9653
vn -0.0470 0.0613 -0.9970
vn -0.0555 0.2281 -0.9721
vn -0.0299 -0.7297 -0.6831
vn -0.0298 -0.7303 -0.6825
vn -0.0309 -0.7162 -0.6972
vn -0.0281 -0.7252 -0.6879
vn -0.0279 -0.7263 -0.6868
vn -0.0674 -0.4318 -0.8995
vn -0.0375 -0.5462 -0.8368
vn -0.0374 -0.5470 -0.8363
vn -0.0520 -0.3727 -0.9265
vn -0.0521 -0.3714 -0.9270
vn -0.0500 -0.4316 -0.9007
vn -0.0539 -0.3802 -0.9233
vn -0.0613 -0.0946 -0.9936
vn -0.0530 -0.1645 -0.9849
vn -0.0530 -0.1639 -0.9851
vn 0.0598 0.6524 -0.7555
vn 0.0783 0.6675 -0.7405
vn -0.0113 0.6867 -0.7269
vn -0.0123 0.6728 -0.7397
vn -0.0197 0.6879 -0.7255
vn -0.0103 0.7500 -0.6613
vn 0.1929 0.6654 -0.7212
vn 0.1422 0.7370 -0.6607
vn 0.0065 0.7764 -0.6302
vn 0.0068 0.7761 -0.6305
vn 0.0044 0.7488 -0.6628
vn -0.0175 0.7775 -0.6286
vn 0.1434 0.8267 -0.5441
vn 0.0306 0.8597 -0.5099
vn 0.0304 0.8598 -0.5098
vn -0.0365 0.9879 -0.1507
vn 0.1031 0.9616 -0.2542
vn 0.1379 0.9771 -0.1623
vn 0.0491 0.9463 -0.3195
vn 0.0231 0.9629 -0.2688
vn 0.0247 0.9682 -0.2491
vn 0.1250 0.9534 -0.2745
vn 0.0232 0.9248 -0.3797
vn 0.0292 0.9132 -0.4064
vn 0.0312 0.9241 -0.3809
vn 0.1200 0.9043 -0.4096
vn 0.0958 0.9186 -0.3834
vn 0.1492 0.8999 -0.4098
vn -0.0031 0.8613 -0.5081
vn 0.0006 0.8413 -0.5406
vn 0.0004 0.8400 -0.5425
vn 0.0602 0.9883 -0.1399
vn 0.0602 0.9883 -0.1400
vn 0.0589 0.9858 -0.1575
vn 0.0376 0.9897 -0.1383
vn 0.1400 0.9881 -0.0635
vn 0.1184 0.9914 -0.0566
vn 0.1084 0.9922 -0.0612
vn 0.0900 0.9945 -0.0544
vn 0.0815 0.9949 -0.0596
vn 0.0783 0.7339 -0.6747
vn 0.0613 0.7374 -0.6727
vn 0.0557 0.7360 -0.6747
vn 0.0931 0.6808 -0.7265
vn 0.0928 0.6779 -0.7293
vn 0.0621 0.6832 -0.7276
vn 0.0616 0.6834 -0.7274
vn 0.3416 0.6752 -0.6538
vn 0.9726 0.1151 -0.2018
vn 0.9748 0.1099 -0.1943
vn 0.8588 0.3301 -0.3919
vn 0.8582 0.3231 -0.3988
vn 0.9624 0.1409 -0.2324
vn 0.9623 0.1411 -0.2326
vn 0.2591 0.6486 -0.7157
vn 0.9715 0.1180 -0.2056
vn 0.8340 0.3413 -0.4335
vn 0.9630 0.1476 -0.2255
vn 0.9771 0.1150 -0.1790
vn 0.8566 0.3471 -0.3819
vn 0.7283 0.5180 -0.4487
vn 0.8588 0.3224 -0.3980
vn 0.9643 0.1562 -0.2139
vn 0.9595 0.1679 -0.2262
vn 0.9590 0.1691 -0.2273
vn 0.4642 0.5872 -0.6631
vn 0.3416 0.6754 -0.6536
vn 0.4529 0.6395 -0.6213
vn 0.5400 0.5987 -0.5916
vn 0.7751 0.4295 -0.4635
vn 0.6616 0.5273 -0.5331
vn 0.7794 0.4335 -0.4523
vn 0.7765 0.4344 -0.4564
vn 0.4311 0.5999 -0.6739
vn 0.4418 0.5974 -0.6693
vn 0.3731 0.6219 -0.6885
vn 0.4351 0.5999 -0.6714
vn 0.9616 0.1563 -0.2254
vn 0.7654 0.4089 -0.4969
vn 0.6585 0.4886 -0.5724
vn 0.7837 0.3998 -0.4754
vn 0.7658 0.4147 -0.4914
vn 0.7649 0.4943 -0.4129
vn 0.4850 0.8385 0.2482
vn 0.3743 0.6357 -0.6751
vn 0.4107 0.6285 -0.6605
vn 0.4321 0.6199 -0.6550
vn 0.3515 0.7826 -0.5137
vn 0.3513 0.7828 -0.5136
vn 0.3453 0.7248 -0.5963
vn 0.4138 0.7021 -0.5795
vn 0.4133 0.7027 -0.5791
vn 0.4633 0.5295 0.7106
vn 0.4842 0.5669 0.6664
vn 0.5674 0.5099 0.6465
vn 0.8027 0.4690 0.3685
vn 0.8287 0.5231 0.1990
vn 0.9580 0.2627 -0.1152
vn 0.9591 0.2566 -0.1195
vn 0.3117 0.8597 0.4047
vn 0.4258 0.8678 0.2559
vn 0.3975 0.8253 0.4011
vn 0.2415 0.6056 0.7582
vn 0.2660 0.5741 0.7744
vn 0.2273 0.5796 0.7826
vn 0.3292 0.8105 0.4845
vn 0.4738 0.7459 0.4682
vn 0.5109 0.8363 0.1988
vn 0.6116 0.7727 0.1703
vn 0.7970 0.5799 -0.1687
vn 0.8702 0.4787 0.1162
vn 0.7638 0.6131 0.2018
vn 0.9581 0.2587 -0.1231
vn 0.9593 0.2571 -0.1166
vn 0.9579 0.2599 -0.1221
vn 0.9669 0.2444 -0.0737
vn 0.9536 0.2804 -0.1093
vn 0.9748 0.2231 -0.0079
vn 0.9018 0.4099 0.1366
vn 0.8347 0.2166 0.5064
vn 0.8201 0.5339 0.2060
vn 0.7870 0.4792 -0.3887
vn 0.7648 0.4945 -0.4130
vn 0.8658 0.3924 -0.3104
vn 0.9378 0.3033 -0.1689
vn 0.8642 0.5030 -0.0160
vn 0.8821 0.3721 0.2889
vn 0.7481 0.5340 0.3939
vn 0.7137 0.6395 0.2859
vn 0.8029 0.4687 0.3683
vn 0.4104 0.8751 -0.2564
vn 0.3884 0.9199 -0.0543
vn 0.2777 0.8138 -0.5104
vn 0.3054 0.7794 -0.5471
vn 0.3166 0.7987 -0.5118
vn 0.4362 0.6239 -0.6484
vn 0.6973 0.5124 -0.5011
vn 0.6479 0.6482 -0.4002
vn 0.8200 0.5685 -0.0662
vn 0.7032 0.7106 0.0234
vn 0.7774 0.6116 0.1468
vn 0.5859 0.7743 0.2393
vn 0.6466 0.6648 0.3741
vn 0.5126 0.7524 0.4137
vn 0.4195 0.5895 0.6903
vn 0.4600 0.5313 0.7114
vn 0.3628 0.9299 -0.0599
vn 0.4871 0.8493 0.2036
vn 0.4338 0.9008 -0.0197
vn 0.5830 0.8102 -0.0616
vn 0.4189 0.8703 -0.2589
vn 0.6759 0.7318 -0.0870
vn 0.5526 0.7984 -0.2391
vn 0.6746 0.6601 -0.3304
vn 0.3664 0.6700 -0.6457
vn 0.4129 0.6227 -0.6646
vn 0.1446 0.6060 0.7822
vn 0.1460 0.6113 0.7778
vn 0.1425 0.5975 0.7891
vn 0.1453 0.6085 0.7801
vn 0.1471 0.6137 0.7757
vn 0.2574 0.8417 -0.4746
vn 0.2549 0.8206 -0.5114
vn 0.2594 0.8401 -0.4764
vn 0.2594 0.8408 -0.4751
vn 0.2549 0.8183 -0.5151
vn 0.2406 0.8841 0.4005
vn 0.1358 0.6187 0.7738
vn 0.2387 0.8835 0.4029
vn 0.2763 0.9592 -0.0593
vn 0.2763 0.9590 -0.0634
vn 0.2772 0.9602 -0.0343
vn 0.2355 0.8776 0.4176
vn 0.2356 0.8778 0.4171
vn 0.1091 0.9618 -0.2509
vn 0.0900 0.6751 -0.7322
vn 0.1044 0.7899 0.6043
vn 0.0328 0.9494 -0.3123
vn -0.0416 0.3520 -0.9351
vn 0.1117 0.5908 -0.7991
vn 0.0413 0.6484 -0.7601
vn 0.0410 0.6506 -0.7583
vn -0.0237 0.5251 -0.8507
vn 0.0351 0.5736 -0.8184
vn 0.0357 0.5733 -0.8185
vn 0.0397 0.6493 -0.7595
vn -0.0626 0.5559 -0.8289
vn 0.0394 0.6980 -0.7150
vn 0.0402 0.6974 -0.7156
vn -0.0010 0.6767 -0.7362
vn 0.0079 0.7263 -0.6873
vn 0.0094 0.7246 -0.6891
vn 0.0263 0.7315 -0.6814
vn -0.0131 0.7702 -0.6377
vn -0.0589 0.7726 -0.6322
vn 0.0461 0.7959 -0.6036
vn 0.0495 0.8010 -0.5966
vn -0.0063 0.8178 -0.5754
vn 0.0646 0.8693 -0.4901
vn 0.0565 0.8673 -0.4945
vn -0.0577 0.9073 -0.4165
vn 0.0375 0.8409 -0.5398
vn 0.0372 0.8406 -0.5404
vn 0.0415 0.9396 -0.3397
vn 0.0331 0.9167 -0.3981
vn 0.0114 0.9114 -0.4113
vn 0.0623 0.9687 -0.2401
vn 0.0394 0.9955 0.0861
vn 0.0409 0.9954 0.0864
vn 0.0694 0.9869 0.1458
vn 0.0169 0.8761 0.4818
vn 0.1091 0.9833 0.1459
vn 0.0960 0.8872 0.4512
vn -0.0220 0.6216 0.7831
vn 0.0518 0.8054 0.5904
vn 0.1104 0.9838 0.1411
vn 0.1045 0.7899 0.6043
vn 0.1044 0.7897 0.6046
vn 0.1121 0.8118 0.5730
vn 0.2234 0.8406 -0.4935
vn 0.2221 0.8324 -0.5077
vn 0.2230 0.8412 -0.4926
vn 0.2225 0.8413 -0.4927
vn 0.1863 0.8513 -0.4904
vn 0.2071 0.8316 -0.5154
vn 0.2053 0.8451 -0.4937
vn 0.2060 0.8486 -0.4873
vn 0.2055 0.8486 -0.4874
vn 0.1864 0.8513 -0.4904
vn 0.1878 0.8358 -0.5160
vn 0.1921 0.8168 -0.5439
vn 0.1913 0.7057 -0.6822
vn 0.1669 0.8462 -0.5060
vn 0.1666 0.8463 -0.5060
vn 0.1094 0.8667 -0.4866
vn 0.1563 0.8185 -0.5529
vn 0.1374 0.8443 -0.5179
vn 0.0645 0.9642 -0.2571
vn 0.0668 0.9626 -0.2624
vn 0.0708 0.9592 -0.2736
vn 0.0332 0.9494 -0.3122
vn 0.1354 0.8069 -0.5750
vn 0.1090 0.8667 -0.4867
vn 0.0750 0.8305 -0.5520
vn 0.1310 0.7961 -0.5908
vn 0.0993 0.8292 -0.5501
vn 0.0876 0.8546 -0.5118
vn 0.0878 0.8547 -0.5117
vn 0.0742 0.8303 -0.5524
vn 0.1236 0.7786 -0.6152
vn -0.0158 0.8380 -0.5454
vn -0.0157 0.8381 -0.5454
vn 0.1087 0.7746 -0.6230
vn 0.0280 0.7806 -0.6245
vn 0.0277 0.7802 -0.6250
vn 0.1152 0.7616 -0.6377
vn 0.0232 0.7438 -0.6680
vn 0.0233 0.7437 -0.6682
vn 0.1148 0.7521 -0.6490
vn 0.0573 0.7186 -0.6930
vn 0.0567 0.7193 -0.6924
vn 0.1010 0.7363 -0.6691
vn 0.0999 0.7194 -0.6874
vn 0.1013 0.7183 -0.6883
vn 0.1006 0.7178 -0.6890
vn 0.0869 0.6765 -0.7313
vn 0.1141 0.7036 -0.7014
vn 0.1126 0.7028 -0.7024
vn 0.1046 0.5818 -0.8066
vn 0.1116 0.5881 -0.8011
vn -0.0072 0.4766 -0.8791
vn 0.0593 0.5981 -0.7992
vn 0.1392 0.7084 -0.6920
vn 0.2406 0.8454 -0.4768
vn 0.2373 0.8233 -0.5156
vn 0.2425 0.8459 -0.4751
vn 0.1239 0.8935 -0.4316
vn 0.1241 0.8935 -0.4315
vn 0.1616 0.8392 -0.5193
vn 0.1394 0.9308 -0.3380
vn 0.1632 0.9287 -0.3331
vn 0.1562 0.9511 -0.2666
vn 0.1871 0.9469 -0.2616
vn 0.1838 0.9618 -0.2030
vn 0.2141 0.9563 -0.1993
vn 0.2134 0.9655 -0.1493
vn 0.2531 0.9564 -0.1460
vn 0.2406 0.8458 -0.4761
vn 0.1122 0.6204 0.7762
vn 0.0878 0.5388 0.8379
vn 0.1092 0.6183 0.7784
vn 0.1681 0.7989 0.5775
vn 0.1172 0.6236 0.7729
vn 0.1979 0.8878 0.4155
vn 0.1985 0.8875 0.4160
vn 0.2020 0.8973 0.3925
vn 0.1462 0.9100 0.3880
vn 0.1058 0.7960 0.5960
vn 0.0958 0.8873 0.4512
vn 0.2455 0.9688 -0.0353
vn 0.2323 0.9555 0.1817
vn 0.1814 0.9673 0.1776
vn 0.1824 0.9689 0.1670
vn 0.1363 0.9774 0.1614
vn 0.1493 0.9881 0.0375
vn 0.1079 0.9937 0.0308
vn 0.1253 0.9870 -0.1005
vn 0.0767 0.9909 -0.1105
vn -0.0265 0.9330 0.3589
vn 0.0709 0.9592 -0.2736
vn 0.9305 0.3394 -0.1378
vn 0.2102 0.9703 -0.1193
vn 0.2277 0.9422 -0.2458
vn 0.1230 0.7637 -0.6338
vn 0.1147 0.7646 -0.6342
vn 0.2050 0.7499 -0.6290
vn 0.1773 0.7552 -0.6310
vn 0.1784 0.7550 -0.6310
vn 0.1801 0.7546 -0.6310
vn 0.2389 0.7363 -0.6331
vn 0.2233 0.7862 -0.5763
vn 0.2153 0.7736 -0.5960
vn 0.1279 0.8013 -0.5845
vn 0.2402 0.7438 -0.6237
vn 0.2366 0.8207 -0.5200
vn 0.1788 0.8472 -0.5002
vn 0.2233 0.7854 -0.5773
vn 0.2272 0.9387 -0.2592
vn 0.1622 0.9099 -0.3817
vn 0.2455 0.9082 -0.3391
vn 0.2454 0.8988 -0.3633
vn 0.2432 0.8656 -0.4378
vn 0.1115 0.9170 -0.3830
vn 0.2374 0.8357 -0.4953
vn 0.2043 0.9614 -0.1844
vn 0.2007 0.9463 -0.2536
vn 0.2003 0.9450 -0.2584
vn 0.2083 0.9683 -0.1381
vn 0.1269 0.9855 -0.1126
vn 0.2044 0.9613 -0.1846
vn 0.1875 0.9809 -0.0528
vn 0.1890 0.9804 -0.0565
vn 0.2173 0.9747 -0.0518
vn 0.1824 0.9831 -0.0152
vn 0.2174 0.9747 -0.0520
vn 0.2173 0.9747 -0.0517
vn 0.4912 0.8699 -0.0446
vn 0.2053 0.9785 -0.0195
vn 0.2019 0.9792 -0.0192
vn 0.8998 0.4286 -0.0823
vn 0.9023 0.4229 -0.0833
vn 0.8953 0.4325 -0.1070
vn 0.8952 0.4325 -0.1073
vn 0.9000 0.4237 -0.1021
vn 0.9051 0.4116 -0.1069
vn 0.8997 0.4286 -0.0827
vn 0.9056 0.4044 -0.1276
vn 0.9010 0.4153 -0.1258
vn 0.8947 0.4185 -0.1560
vn 0.8946 0.4184 -0.1568
vn 0.8948 0.4188 -0.1548
vn 0.8942 0.4198 -0.1556
vn 0.8940 0.4095 -0.1819
vn 0.8900 0.4154 -0.1881
vn 0.9248 0.3299 -0.1893
vn 0.8972 0.3901 -0.2069
vn 0.8900 0.4153 -0.1885
vn 0.6787 0.5992 -0.4246
vn 0.6787 0.5993 -0.4245
vn 0.6859 0.6079 -0.4001
vn 0.7723 0.5082 -0.3811
vn 0.2394 0.7359 -0.6333
vn 0.2701 0.7018 -0.6591
vn 0.2413 0.7629 -0.5998
vn 0.5420 0.6553 -0.5261
vn 0.5420 0.6565 -0.5246
vn 0.5472 0.6536 -0.5229
vn 0.7300 0.6803 -0.0659
vn 0.4861 0.8727 -0.0449
vn 0.4827 0.8721 -0.0802
vn 0.4863 0.8700 -0.0815
vn 0.4801 0.8647 -0.1476
vn 0.4870 0.8605 -0.1497
vn 0.4815 0.8439 -0.2366
vn 0.4838 0.8423 -0.2377
vn 0.4802 0.8187 -0.3148
vn 0.4831 0.8166 -0.3160
vn 0.4809 0.7809 -0.3987
vn 0.4868 0.7763 -0.4006
vn 0.4855 0.7369 -0.4703
vn 0.4942 0.7298 -0.4723
vn 0.4937 0.7122 -0.4991
vn 0.5473 0.6535 -0.5229
vn 0.9021 0.4236 -0.0825
vn 0.7338 0.6762 -0.0656
vn 0.7309 0.6757 -0.0963
vn 0.7314 0.6751 -0.0965
vn 0.7269 0.6715 -0.1438
vn 0.7292 0.6688 -0.1445
vn 0.7255 0.6571 -0.2048
vn 0.7256 0.6569 -0.2049
vn 0.7230 0.6405 -0.2589
vn 0.7245 0.6386 -0.2595
vn 0.7229 0.6129 -0.3188
vn 0.7297 0.6041 -0.3203
vn 0.7297 0.6035 -0.3214
vn 0.7721 0.5086 -0.3811
vn 0.9851 0.1458 -0.0911
vn 0.9998 0.0156 0.0088
vn 0.9534 -0.2795 -0.1135
vn 0.9692 -0.2292 -0.0907
vn 0.9819 -0.1667 -0.0901
vn 0.9822 -0.1652 -0.0898
vn 0.9634 -0.2503 -0.0959
vn 0.9555 -0.1021 -0.2769
vn 0.9624 -0.2540 -0.0957
vn 0.9599 -0.2677 -0.0831
vn 0.9580 -0.2744 -0.0831
vn 0.9699 -0.2292 -0.0818
vn 0.9574 -0.2684 -0.1063
vn 0.9574 -0.2686 -0.1064
vn 0.9575 -0.2675 -0.1076
vn 0.9598 -0.2493 -0.1289
vn 0.9598 -0.2493 -0.1292
vn 0.9532 -0.2760 -0.1231
vn 0.9542 -0.2725 -0.1236
vn 0.9546 -0.2713 -0.1230
vn 0.9537 -0.2778 -0.1149
vn 0.9772 -0.1938 -0.0863
vn 0.9772 -0.1937 -0.0864
vn 0.9615 -0.2561 -0.1000
vn 0.9692 -0.2110 -0.1268
vn 0.9627 -0.2435 -0.1183
vn 0.9806 -0.1624 -0.1100
vn 0.9628 -0.2522 -0.0967
vn 0.9745 -0.2048 -0.0917
vn 0.9748 -0.1982 -0.1025
vn 0.9820 -0.1611 -0.0981
vn 0.9827 -0.1583 -0.0962
vn 0.9881 -0.1280 -0.0856
vn 0.9888 -0.1129 -0.0976
vn 0.9870 -0.1288 -0.0956
vn 0.9863 -0.1352 -0.0949
vn 0.9826 -0.1590 -0.0963
vn 0.9843 -0.0307 -0.1741
vn 0.9956 -0.0669 -0.0650
vn 0.9957 -0.0664 -0.0653
vn 0.9932 -0.0953 -0.0672
vn 0.9918 -0.0728 -0.1051
vn 0.9904 -0.1096 -0.0840
vn 0.9962 -0.0238 -0.0839
vn 0.9963 -0.0139 -0.0852
vn 0.9917 -0.1007 -0.0794
vn 0.9962 -0.0239 -0.0833
vn 0.9962 0.0253 -0.0834
vn 0.9965 -0.0000 -0.0834
vn 0.9963 0.0190 -0.0834
vn 0.9961 -0.0259 -0.0840
vn 0.9998 0.0153 0.0088
vn 0.9914 0.0482 -0.1216
vn 0.9957 0.0607 -0.0707
vn 0.9914 0.0873 -0.0976
vn 0.9957 0.0603 -0.0707
vn 0.9956 0.0607 -0.0707
vn 0.9850 0.1462 -0.0912
vn 0.9851 0.1457 -0.0912
vn 0.9876 0.1237 -0.0970
vn 0.9914 0.1023 -0.0820
vn 0.9758 0.1935 -0.1016
vn 0.9748 0.1977 -0.1031
vn 0.9755 0.1942 -0.1031
vn 0.9779 0.1891 -0.0896
vn 0.9654 0.2308 -0.1215
vn 0.9633 0.2415 -0.1174
vn 0.9560 0.2668 -0.1222
vn 0.9526 0.2781 -0.1229
vn 0.9608 0.2464 -0.1271
vn 0.9607 0.2465 -0.1276
vn 0.9521 0.2837 -0.1144
vn 0.9558 0.2680 -0.1212
vn 0.9559 0.2673 -0.1218
vn 0.9677 0.2366 -0.0868
vn 0.9616 0.2604 -0.0872
vn 0.9577 0.2743 -0.0874
vn 0.9596 0.2675 -0.0874
vn 0.9808 0.1741 -0.0875
vn 0.9613 0.2585 -0.0950
vn 0.9657 0.2354 -0.1095
vn 0.9598 0.2611 -0.1034
vn 0.9598 0.2610 -0.1035
vn 0.9989 -0.0000 -0.0475
vn 0.9747 0.2005 -0.0986
vn 0.9809 0.1736 -0.0873
vn 0.9808 0.1742 -0.0875
vn 0.9757 0.1939 -0.1017
vn 0.9820 0.1601 -0.0998
vn 0.9822 0.1650 -0.0898
vn 0.9881 0.1276 -0.0863
vn 0.9896 0.1142 -0.0870
vn 0.9923 0.0908 -0.0840
vn 0.9950 0.0521 -0.0848
vn 0.9949 0.0539 -0.0849
vn 0.9950 0.0522 -0.0850
vn 0.9966 0.0125 -0.0812
vn 0.9965 0.0190 -0.0813
vn 0.9820 -0.1662 -0.0898
vn 0.9874 -0.1324 -0.0866
vn 0.9880 -0.1278 -0.0862
vn 0.9911 -0.1001 -0.0877
vn 0.9922 -0.0905 -0.0857
vn 0.9950 -0.0542 -0.0838
vn 0.9965 -0.0729 0.0412
vn 0.9988 -0.0188 0.0445
vn 0.9741 -0.2011 -0.1037
vn 0.9763 -0.1900 -0.1037
vn 0.9657 -0.2357 -0.1094
vn 0.9631 -0.2466 -0.1081
vn 0.9463 -0.3024 -0.1145
vn 0.9539 -0.2770 -0.1153
vn 0.9781 0.1877 -0.0893
vn 0.9790 0.1767 -0.1020
vn 0.9635 0.2438 -0.1104
vn 0.9655 0.2373 -0.1071
vn 0.9473 0.2994 -0.1142
vn 0.9600 0.2602 -0.1031
vn -0.0552 -0.2737 -0.9602
vn -0.0530 -0.1596 -0.9858
vn -0.0530 -0.1595 -0.9858
vn -0.0585 -0.2547 -0.9653
vn -0.0451 -0.5725 -0.8187
vn -0.0549 -0.3866 -0.9206
vn -0.0548 -0.3870 -0.9204
vn -0.0430 -0.6133 -0.7887
vn -0.0431 -0.6127 -0.7891
vn -0.0447 -0.5243 -0.8503
vn -0.0443 -0.5722 -0.8189
vn -0.0471 -0.5197 -0.8531
vn -0.0470 -0.5205 -0.8526
vn -0.0246 -0.8229 -0.5676
vn -0.0274 -0.7888 -0.6140
vn -0.0289 -0.7674 -0.6405
vn -0.0284 -0.7748 -0.6316
vn -0.0298 -0.7506 -0.6601
vn -0.0297 -0.7516 -0.6589
vn -0.0264 -0.8199 -0.5718
vn -0.0386 -0.6953 -0.7176
vn -0.0387 -0.6949 -0.7180
vn -0.0185 -0.8728 -0.4877
vn -0.0187 -0.8716 -0.4898
vn -0.0245 -0.8245 -0.5654
vn -0.0018 -0.9632 -0.2686
vn -0.0018 -0.9631 -0.2693
vn -0.0132 -0.9207 -0.3901
vn -0.0282 -0.8198 -0.5720
vn -0.0101 -0.9182 -0.3961
vn -0.0188 -0.8706 -0.4916
vn 0.0236 -0.9978 0.0625
vn 0.0433 -0.9754 0.2162
vn 0.0247 -0.9954 0.0930
vn 0.0360 -0.9666 0.2539
vn 0.0231 -0.9981 0.0574
vn 0.0084 -0.9943 -0.1059
vn -0.0034 -0.9669 -0.2550
vn 0.0146 -0.9914 -0.1303
vn 0.0147 -0.9915 -0.1293
vn 0.0551 -0.8946 0.4434
vn 0.0535 -0.9018 0.4288
vn 0.0548 -0.8938 0.4451
vn 0.0547 -0.8938 0.4450
vn 0.0522 -0.9018 0.4289
vn 0.0669 -0.7583 0.6484
vn 0.0848 -0.4936 0.8655
vn 0.0904 -0.4729 0.8765
vn 0.0567 -0.6979 0.7139
vn 0.0839 -0.6090 0.7887
vn 0.0839 -0.6093 0.7885
vn 0.0781 -0.6975 0.7123
vn 0.0919 -0.6386 0.7640
vn 0.0669 -0.7584 0.6484
vn -0.0327 0.7159 -0.6974
vn -0.0270 0.8612 -0.5075
vn -0.0210 0.8694 -0.4936
vn -0.0406 0.5220 -0.8520
vn -0.0406 0.5223 -0.8518
vn -0.0603 0.4316 -0.9000
vn -0.0333 0.7056 -0.7078
vn -0.0332 0.7061 -0.7074
vn -0.0301 0.7161 -0.6973
vn -0.0314 0.6998 -0.7136
vn -0.0112 0.8284 -0.5601
vn -0.0601 -0.1379 -0.9886
vn -0.0595 0.0383 -0.9975
vn -0.0595 0.0380 -0.9975
vn -0.0527 0.1533 -0.9868
vn -0.0521 0.1600 -0.9857
vn -0.0583 0.0945 -0.9938
vn -0.0567 0.3445 -0.9371
vn -0.0504 0.4315 -0.9007
vn -0.0530 0.3514 -0.9347
vn -0.0536 0.3328 -0.9415
vn -0.0153 0.9062 -0.4227
vn -0.0154 0.9060 -0.4229
vn 0.4919 -0.6411 -0.5891
vn 0.8247 -0.3131 -0.4711
vn 0.7726 -0.4121 -0.4829
vn 0.8483 -0.3068 -0.4316
vn 0.9644 -0.1577 -0.2123
vn 0.9600 -0.0334 -0.2780
vn 0.9669 0.0076 -0.2551
vn 0.9746 0.0117 -0.2236
vn 0.9749 0.0125 -0.2223
vn 0.4541 -0.6526 -0.6066
vn 0.4830 -0.6211 -0.6172
vn 0.4625 -0.6537 -0.5990
vn 0.4222 -0.6746 -0.6056
vn 0.5410 -0.6048 -0.5844
vn 0.4569 -0.6563 -0.6004
vn 0.7818 -0.4030 -0.4759
vn 0.7735 -0.4119 -0.4818
vn 0.8398 -0.3537 -0.4118
vn 0.9476 -0.0710 -0.3115
vn 0.9695 0.0295 -0.2434
vn 0.9722 0.0759 -0.2216
vn 0.1588 0.8895 -0.4284
vn 0.0701 0.8902 -0.4502
vn 0.3531 0.8457 -0.4001
vn 0.9430 0.2557 -0.2132
vn 0.9762 0.1576 -0.1491
vn 0.9431 0.2671 -0.1980
vn 0.9624 0.2016 -0.1820
vn 0.9754 0.1561 -0.1554
vn 0.9930 0.0563 -0.1036
vn 0.3613 0.8431 -0.3982
vn 0.3585 0.8442 -0.3985
vn 0.5211 0.7666 -0.3752
vn 0.3893 0.8130 -0.4330
vn 0.3905 0.8126 -0.4326
vn 0.8008 0.5234 -0.2910
vn 0.7780 0.5499 -0.3039
vn 0.8262 0.4892 -0.2793
vn 0.7866 0.5322 -0.3131
vn 0.7857 0.5332 -0.3136
vn 0.0782 -0.7343 -0.6743
vn 0.0754 -0.7343 -0.6746
vn 0.0757 -0.7344 -0.6745
vn 0.0716 -0.6807 -0.7290
vn 0.0644 -0.6806 -0.7299
vn 0.0614 -0.6818 -0.7290
vn 0.4311 -0.6010 -0.6730
vn 0.9740 -0.1265 -0.1881
vn 0.8585 -0.3362 -0.3873
vn 0.8592 -0.3478 -0.3753
vn 0.8597 -0.3348 -0.3859
vn 0.9656 -0.1536 -0.2097
vn 0.2192 -0.7142 -0.6647
vn 0.9775 -0.1148 -0.1771
vn 0.8320 -0.3786 -0.4055
vn 0.8291 -0.3508 -0.4353
vn 0.9625 -0.1437 -0.2301
vn 0.9603 -0.1491 -0.2358
vn 0.7829 -0.3933 -0.4820
vn 0.9624 -0.1428 -0.2311
vn 0.9584 -0.1538 -0.2406
vn 0.9568 -0.1574 -0.2443
vn 0.3275 -0.6791 -0.6570
vn 0.7656 -0.4088 -0.4968
vn 0.7802 -0.3966 -0.4837
vn 0.7653 -0.4091 -0.4970
vn 0.4451 -0.5956 -0.6687
vn 0.4349 -0.6001 -0.6714
vn 0.6574 -0.4896 -0.5728
vn 0.5300 -0.5663 -0.6312
vn 0.4315 -0.6118 -0.6629
vn 0.4523 -0.6353 -0.6260
vn 0.3278 -0.6837 -0.6520
vn 0.5394 -0.5988 -0.5920
vn 0.4552 -0.6387 -0.6204
vn 0.9630 -0.1478 -0.2254
vn 0.7764 -0.4347 -0.4563
vn 0.6604 -0.5283 -0.5336
vn 0.7848 -0.4196 -0.4561
vn 0.7750 -0.4296 -0.4634
vn 0.3136 -0.8595 0.4038
vn 0.3028 -0.5447 0.7820
vn 0.4685 -0.8713 -0.1457
vn 0.4729 -0.6194 0.6267
vn 0.9630 -0.2079 -0.1717
vn 0.9681 -0.2274 0.1047
vn 0.9946 -0.0977 0.0363
vn 0.9581 -0.2563 0.1278
vn 0.9176 -0.3245 0.2298
vn 0.8619 -0.4651 0.2022
vn 0.8616 -0.4924 0.1233
vn 0.4725 -0.6194 0.6270
vn 0.2612 -0.7988 -0.5419
vn 0.2997 -0.8068 -0.5091
vn 0.2990 -0.8046 -0.5130
vn 0.3234 -0.9415 -0.0947
vn 0.3610 -0.9308 -0.0578
vn 0.3006 -0.8353 0.4603
vn 0.4449 -0.8889 -0.1087
vn 0.3359 -0.7944 -0.5061
vn 0.3347 -0.7981 -0.5011
vn 0.7830 -0.4846 -0.3899
vn 0.6927 -0.5314 -0.4876
vn 0.6628 -0.6161 -0.4256
vn 0.6906 -0.6551 -0.3063
vn 0.3833 -0.6826 0.6222
vn 0.3637 -0.5346 0.7628
vn 0.3625 -0.5327 0.7647
vn 0.4872 -0.8483 0.2073
vn 0.4749 -0.8605 0.1843
vn 0.4370 -0.7884 0.4331
vn 0.4345 -0.8069 0.4001
vn 0.3057 -0.5496 0.7775
vn 0.6897 -0.6789 0.2519
vn 0.7045 -0.6146 0.3549
vn 0.6922 -0.5807 0.4286
vn 0.6854 -0.4936 0.5353
vn 0.5715 -0.3287 0.7519
vn 0.4720 -0.6198 0.6269
vn 0.7664 -0.4656 -0.4425
vn 0.4321 -0.6251 -0.6500
vn 0.5325 -0.6018 -0.5952
vn 0.3994 -0.7075 -0.5831
vn 0.4106 -0.7353 -0.5392
vn 0.4305 -0.7128 -0.5536
vn 0.3686 -0.6704 -0.6440
vn 0.4137 -0.6244 -0.6626
vn 0.4122 -0.6283 -0.6597
vn 0.4320 -0.6203 -0.6547
vn 0.6006 -0.7655 -0.2309
vn 0.6070 -0.7455 -0.2753
vn 0.6647 -0.6756 -0.3189
vn 0.7989 -0.6013 0.0126
vn 0.8630 -0.5017 -0.0596
vn 0.8644 -0.4831 -0.1396
vn 0.8979 -0.3853 -0.2130
vn 0.9682 -0.2316 0.0951
vn 0.9752 -0.1841 -0.1229
vn 0.9718 -0.2140 -0.0988
vn 0.7824 -0.4231 -0.4571
vn 0.9502 -0.2599 -0.1719
vn 0.9614 -0.2305 -0.1503
vn 0.7647 -0.4947 -0.4130
vn 0.8609 -0.4934 0.1239
vn 0.8613 -0.4928 0.1236
vn 0.8999 -0.3402 0.2729
vn 0.8503 -0.4811 0.2134
vn 0.8482 -0.5106 0.1409
vn 0.7580 -0.6521 -0.0134
vn 0.6775 -0.7343 0.0430
vn 0.6771 -0.7313 -0.0824
vn 0.6120 -0.7718 0.1724
vn 0.5490 -0.8100 -0.2062
vn 0.5332 -0.8300 -0.1638
vn 0.3454 -0.7458 -0.5697
vn 0.3335 -0.7959 -0.5054
vn 0.1475 -0.6154 0.7743
vn 0.1457 -0.6108 0.7783
vn 0.1440 -0.6034 0.7844
vn 0.1453 -0.6088 0.7799
vn 0.1475 -0.6150 0.7746
vn 0.1442 -0.6047 0.7833
vn 0.1472 -0.6123 0.7768
vn 0.2549 -0.8207 -0.5113
vn 0.2775 -0.9588 -0.0614
vn 0.2548 -0.8185 -0.5150
vn 0.2597 -0.8427 -0.4715
vn 0.2546 -0.8201 -0.5125
vn 0.2552 -0.8419 -0.4754
vn 0.2361 -0.8471 -0.4761
vn 0.2771 -0.9602 -0.0341
vn 0.2272 -0.8591 0.4586
vn 0.2348 -0.8777 0.4178
vn 0.1567 -0.6022 0.7828
vn 0.2364 -0.8776 0.4172
vn 0.2380 -0.8847 0.4008
vn 0.2379 -0.8842 0.4020
vn 0.2064 -0.8705 -0.4468
vn 0.1220 -0.8077 -0.5768
vn 0.0495 -0.8002 -0.5976
vn 0.1476 -0.7138 -0.6846
vn 0.0803 -0.6418 -0.7627
vn 0.1170 -0.7134 -0.6909
vn 0.0656 -0.6772 -0.7328
vn 0.0991 -0.7351 -0.6707
vn 0.1059 -0.7303 -0.6749
vn 0.1195 -0.7345 -0.6680
vn 0.0696 -0.6804 -0.7296
vn 0.0703 -0.6800 -0.7298
vn 0.0965 -0.7644 -0.6374
vn 0.0895 -0.7480 -0.6577
vn 0.0880 -0.7478 -0.6581
vn 0.1296 -0.7779 -0.6148
vn 0.0948 -0.7937 -0.6009
vn 0.1091 -0.8020 -0.5873
vn 0.1432 -0.8453 -0.5147
vn 0.1177 -0.8469 -0.5186
vn 0.1337 -0.8107 -0.5700
vn 0.0887 -0.8495 -0.5200
vn 0.1201 -0.8935 -0.4326
vn 0.1380 -0.9320 -0.3353
vn 0.1598 -0.8455 -0.5094
vn 0.1716 -0.8262 -0.5366
vn 0.1198 -0.8935 -0.4327
vn 0.1651 -0.9296 -0.3296
vn 0.1905 -0.8180 -0.5428
vn 0.2003 -0.7702 -0.6055
vn 0.1820 -0.8310 -0.5257
vn 0.1696 -0.8350 -0.5235
vn 0.1687 -0.8351 -0.5236
vn 0.2104 -0.8069 -0.5520
vn 0.1864 -0.8719 -0.4529
vn 0.1862 -0.8719 -0.4529
vn 0.2390 -0.8227 -0.5158
vn 0.2248 -0.8406 -0.4928
vn 0.2235 -0.8416 -0.4917
vn 0.1525 -0.8484 0.5068
vn 0.1202 -0.8074 0.5776
vn 0.1667 -0.8919 0.4204
vn 0.1669 -0.8918 0.4204
vn 0.1321 -0.9778 0.1628
vn 0.0514 -0.8038 0.5926
vn 0.1276 -0.9319 0.3395
vn 0.1145 -0.9881 0.1025
vn 0.1143 -0.9881 0.1032
vn 0.1143 -0.9881 0.1033
vn 0.0913 -0.9947 -0.0469
vn -0.0485 -0.8895 0.4544
vn 0.0638 -0.9902 -0.1240
vn 0.1292 -0.8638 -0.4870
vn 0.0647 -0.9647 -0.2552
vn 0.0228 -0.9871 -0.1584
vn 0.0597 -0.9014 -0.4288
vn 0.0598 -0.9014 -0.4288
vn -0.0098 -0.9817 -0.1900
vn 0.0764 -0.9323 -0.3536
vn 0.0761 -0.9323 -0.3537
vn 0.0891 -0.8496 -0.5199
vn 0.0977 -0.8326 -0.5452
vn 0.0025 -0.9284 -0.3715
vn 0.0632 -0.8520 -0.5198
vn 0.0906 -0.8099 -0.5795
vn -0.1686 -0.9510 -0.2591
vn 0.0631 -0.8519 -0.5199
vn 0.0932 -0.7832 -0.6148
vn 0.0541 -0.8015 -0.5956
vn -0.0505 -0.8326 -0.5516
vn 0.0444 -0.8306 -0.5551
vn 0.0474 -0.8308 -0.5545
vn 0.0451 -0.8296 -0.5566
vn -0.5356 -0.6923 -0.4836
vn -0.0367 -0.7899 -0.6122
vn 0.0496 -0.7956 -0.6038
vn 0.0497 -0.8007 -0.5970
vn 0.1082 -0.7636 -0.6366
vn -0.6155 -0.6527 -0.4417
vn -0.3018 -0.7543 -0.5831
vn 0.0497 -0.7319 -0.6796
vn 0.0494 -0.7322 -0.6793
vn -0.0993 -0.6927 -0.7144
vn 0.0362 -0.7574 -0.6520
vn 0.0364 -0.7564 -0.6531
vn 0.0870 -0.7490 -0.6569
vn 0.1071 -0.7402 -0.6639
vn -0.0435 -0.6521 -0.7568
vn 0.0501 -0.6950 -0.7173
vn 0.0504 -0.6947 -0.7175
vn -0.0733 -0.5475 -0.8336
vn 0.0349 -0.6346 -0.7720
vn 0.0398 -0.5726 -0.8189
vn -0.0206 -0.5316 -0.8468
vn 0.0352 -0.6348 -0.7719
vn 0.0352 -0.6344 -0.7722
vn 0.1771 -0.7697 -0.6134
vn 0.0161 -0.5085 -0.8609
vn 0.0886 -0.6377 -0.7651
vn 0.0139 -0.5164 -0.8562
vn 0.0438 -0.5708 -0.8200
vn 0.0019 -0.5036 -0.8640
vn 0.0100 -0.5174 -0.8557
vn 0.2112 -0.9664 -0.1466
vn 0.2407 -0.8460 -0.4758
vn 0.2410 -0.8480 -0.4721
vn 0.2407 -0.8459 -0.4759
vn 0.0753 -0.6935 0.7165
vn 0.1769 -0.9697 0.1683
vn 0.1549 -0.9076 0.3901
vn 0.1810 -0.9667 0.1811
vn 0.0914 -0.9947 -0.0469
vn 0.0157 -0.8723 0.4888
vn 0.1043 -0.9940 0.0326
vn 0.1539 -0.9873 0.0406
vn 0.1817 -0.9624 -0.2017
vn 0.2163 -0.9561 -0.1975
vn 0.2215 -0.8184 -0.5302
vn 0.2244 -0.8414 -0.4916
vn 0.2504 -0.9675 -0.0350
vn 0.2477 -0.9581 -0.1436
vn 0.2041 -0.8863 0.4158
vn 0.2262 -0.9564 0.1848
vn 0.1984 -0.8873 0.4163
vn 0.2011 -0.8969 0.3937
vn 0.1172 -0.6237 0.7728
vn 0.1672 -0.7964 0.5812
vn 0.1093 -0.6185 0.7782
vn 0.0459 -0.3770 0.9251
vn 0.1287 -0.6155 0.7775
vn 0.2068 -0.8704 -0.4467
vn 0.2044 -0.8558 -0.4751
vn 0.1893 -0.9469 -0.2600
vn 0.1543 -0.9516 -0.2657
vn 0.1299 -0.9865 -0.1000
vn 0.0800 -0.9907 -0.1102
vn 0.1049 -0.9631 -0.2479
vn 0.1543 -0.9599 -0.2341
vn 0.0623 -0.9903 -0.1245
vn 0.9187 -0.3570 -0.1692
vn 0.8899 -0.3989 -0.2214
vn 0.8909 -0.4125 -0.1902
vn 0.8964 -0.4048 -0.1806
vn 0.8929 -0.4212 -0.1590
vn 0.8929 -0.4209 -0.1598
vn 0.8973 -0.4137 -0.1537
vn 0.8976 -0.4203 -0.1333
vn 0.8957 -0.4300 -0.1133
vn 0.8957 -0.4300 -0.1132
vn 0.9057 -0.4052 -0.1249
vn 0.8974 -0.4204 -0.1338
vn 0.8976 -0.4207 -0.1315
vn 0.9181 -0.3882 -0.0794
vn 0.8970 -0.4320 -0.0937
vn 0.8962 -0.4318 -0.1021
vn 0.9124 -0.3983 -0.0942
vn 0.8938 -0.4334 -0.1154
vn 0.7383 -0.6711 -0.0674
vn 0.9237 -0.3740 -0.0828
vn 0.9076 -0.4118 -0.0815
vn 0.2077 -0.9781 0.0159
vn 0.2095 -0.9760 -0.0602
vn 0.2097 -0.9759 -0.0608
vn 0.2165 -0.9745 -0.0590
vn 0.2173 -0.9742 -0.0610
vn 0.2178 -0.9471 -0.2359
vn 0.1994 -0.9619 -0.1868
vn 0.1704 -0.9760 -0.1359
vn 0.1726 -0.9756 -0.1354
vn 0.2173 -0.9742 -0.0613
vn 0.2196 -0.9453 -0.2412
vn 0.2192 -0.9442 -0.2460
vn 0.2083 -0.9480 -0.2404
vn 0.1977 -0.9114 -0.3610
vn 0.2357 -0.9100 -0.3411
vn 0.2363 -0.8998 -0.3669
vn 0.2360 -0.7871 -0.5698
vn 0.2360 -0.7880 -0.5686
vn 0.1881 -0.8302 -0.5248
vn 0.2440 -0.8432 -0.4790
vn 0.2446 -0.8651 -0.4380
vn 0.1510 -0.8606 -0.4864
vn 0.2364 -0.9030 -0.3588
vn 0.2364 -0.7878 -0.5688
vn 0.1671 -0.7824 -0.5999
vn 0.2424 -0.7437 -0.6231
vn 0.2428 -0.7504 -0.6147
vn 0.2555 -0.7207 -0.6444
vn 0.2324 -0.7438 -0.6267
vn 0.2326 -0.7436 -0.6268
vn 0.2307 -0.7442 -0.6268
vn 0.2353 -0.7431 -0.6264
vn 0.1447 -0.7611 -0.6323
vn 0.1307 -0.7631 -0.6329
vn 0.5559 -0.6443 -0.5252
vn 0.5563 -0.6440 -0.5252
vn 0.4402 -0.7052 -0.5558
vn 0.3943 -0.7060 -0.5883
vn 0.3943 -0.7063 -0.5879
vn 0.7050 -0.5795 -0.4088
vn 0.7205 -0.5778 -0.3834
vn 0.7301 -0.5649 -0.3845
vn 0.7626 -0.5093 -0.3988
vn 0.7050 -0.5794 -0.4090
vn 0.4936 -0.7116 -0.4999
vn 0.4941 -0.7325 -0.4683
vn 0.4851 -0.7341 -0.4752
vn 0.4865 -0.7778 -0.3980
vn 0.4809 -0.7791 -0.4022
vn 0.4831 -0.8167 -0.3155
vn 0.4801 -0.8177 -0.3176
vn 0.4839 -0.8425 -0.2366
vn 0.4813 -0.8436 -0.2382
vn 0.4869 -0.8608 -0.1478
vn 0.4797 -0.8646 -0.1497
vn 0.4863 -0.8701 -0.0805
vn 0.4825 -0.8721 -0.0813
vn 0.4860 -0.8728 -0.0443
vn 0.1914 -0.9814 -0.0182
vn 0.2019 -0.9792 -0.0178
vn 0.9066 -0.3729 -0.1977
vn 0.7298 -0.5963 -0.3344
vn 0.7297 -0.6063 -0.3161
vn 0.7226 -0.6108 -0.3238
vn 0.7243 -0.6388 -0.2595
vn 0.7234 -0.6395 -0.2604
vn 0.7260 -0.6565 -0.2047
vn 0.7252 -0.6572 -0.2053
vn 0.7290 -0.6692 -0.1438
vn 0.7267 -0.6716 -0.1447
vn 0.7313 -0.6752 -0.0963
vn 0.7306 -0.6760 -0.0965
vn 0.7335 -0.6765 -0.0661
vn 0.4910 -0.8700 -0.0452
vn -0.0774 -0.0001 -0.9970
vn -0.0820 -0.0025 -0.9966
vn -0.0776 0.0007 -0.9970
vn -0.0776 -0.0006 -0.9970
vn -0.0799 0.0028 -0.9968
vn -0.0834 0.0017 -0.9965
vn -0.0813 0.0021 -0.9967
vn -0.0807 -0.0023 -0.9967
vn -0.0825 -0.0023 -0.9966
vn -0.0776 -0.0009 -0.9970
vn -0.0777 -0.0006 -0.9970
vn -0.0774 -0.0011 -0.9970
vn -0.0771 -0.0004 -0.9970
vn -0.0778 -0.0001 -0.9970
vn -0.0776 -0.0000 -0.9970
vn -0.0769 0.0014 -0.9970
vn -0.0783 0.0009 -0.9969
vn -0.0785 0.0005 -0.9969
vn 0.0845 -0.9962 -0.0214
vn 0.0598 -0.6529 -0.7551
vn 0.0515 -0.6601 -0.7494
vn 0.1196 -0.6727 -0.7302
vn 0.0408 -0.7086 -0.7044
vn 0.0408 -0.7082 -0.7048
vn 0.0206 -0.6812 -0.7318
vn -0.0167 -0.7113 -0.7027
vn 0.1563 -0.7519 -0.6405
vn 0.1476 -0.7871 -0.5989
vn 0.0869 -0.7611 -0.6427
vn 0.0478 -0.7993 -0.5990
vn 0.0449 -0.7648 -0.6428
vn -0.0422 -0.8025 -0.5951
vn 0.1101 -0.8350 -0.5392
vn -0.0261 -0.8893 -0.4565
vn -0.0437 -0.8737 -0.4844
vn -0.0432 -0.8774 -0.4777
vn -0.0440 -0.8893 -0.4552
vn 0.0751 -0.9050 -0.4187
vn -0.0159 -0.8893 -0.4571
vn 0.1420 -0.8969 -0.4188
vn -0.0019 -0.9481 -0.3181
vn 0.0197 -0.9598 -0.2799
vn 0.0168 -0.9473 -0.3200
vn 0.0734 -0.9560 -0.2840
vn 0.0870 -0.9423 -0.3233
vn 0.1776 -0.9412 -0.2874
vn 0.0077 -0.9805 -0.1962
vn 0.0018 -0.9604 -0.2785
vn -0.0087 -0.9808 -0.1947
vn 0.1897 -0.9680 -0.1641
vn 0.1554 -0.9823 -0.1045
vn 0.0763 -0.9964 -0.0380
vn 0.0742 -0.9965 -0.0374
vn 0.1935 -0.9789 -0.0658
vn -0.0028 -0.9957 -0.0931
vn 0.1016 -0.9820 -0.1595
vn 0.1017 -0.9821 -0.1587
vn 0.0502 0.9061 0.4201
vn 0.0503 0.9062 0.4198
vn 0.0557 0.8695 0.4908
vn 0.0545 0.8670 0.4954
vn 0.0751 0.7160 0.6940
vn -0.0307 -0.6978 -0.7156
vn -0.0543 -0.5073 -0.8601
vn -0.0502 -0.4937 -0.8682
vn -0.0154 -0.8551 -0.5182
vn -0.0154 -0.8551 -0.5183
vn -0.0236 -0.9020 -0.4311
vn -0.0333 -0.7081 -0.7053
vn -0.0317 -0.6975 -0.7158
vn -0.0305 -0.7135 -0.7000
vn -0.0305 -0.7138 -0.6997
vn 0.0114 -0.9912 -0.1320
vn 0.0132 -0.9588 -0.2839
vn 0.0098 -0.9954 -0.0955
vn -0.0101 -0.9388 -0.3443
vn -0.0134 -0.9019 -0.4318
vn -0.0057 -0.9430 -0.3328
vn -0.0153 -0.8562 -0.5165
vn 0.0467 -0.9235 0.3807
vn 0.0467 -0.9237 0.3803
vn 0.0386 -0.9702 0.2392
vn 0.0352 -0.9953 0.0900
vn 0.0359 -0.9669 0.2526
vn 0.0205 -0.9985 0.0513
vn 0.0114 -0.9911 -0.1330
vn 0.0566 -0.8656 0.4976
vn 0.0637 -0.8197 0.5693
vn 0.0587 -0.8613 0.5047
vn 0.0638 -0.8199 0.5690
vn 0.0636 -0.8245 0.5623
vn 0.1714 -0.7523 0.6362
vn 0.0270 -0.8303 0.5566
vn 0.0821 -0.5847 0.8071
vn 0.0698 -0.7178 0.6927
vn 0.0962 -0.7447 0.6604
vn 0.0680 -0.7607 0.6456
vn 0.0686 -0.7528 0.6547
vn 0.0741 -0.6777 0.7316
vn 0.2043 -0.6986 0.6858
vn 0.0812 -0.5724 0.8159
vn 0.0869 -0.4914 0.8666
vn 0.0869 -0.4922 0.8661
vn 0.0830 -0.5721 0.8159
vn 0.0900 -0.4968 0.8632
vn 0.0821 -0.5846 0.8072
vn 0.0959 -0.2250 0.9696
vn 0.0961 -0.2227 0.9701
vn 0.0893 -0.3713 0.9242
vn 0.1079 -0.0617 0.9922
vn 0.0915 -0.2545 0.9627
vn 0.0943 -0.0139 0.9954
vn 0.0934 0.0946 0.9911
vn 0.1006 0.1747 0.9795
vn 0.0942 -0.0150 0.9954
vn 0.0757 0.7305 0.6787
vn 0.0757 0.7313 0.6779
vn 0.0769 0.7163 0.6936
vn 0.0783 0.7253 0.6840
vn 0.0745 0.4318 0.8989
vn 0.0935 0.5477 0.8315
vn 0.0934 0.5470 0.8319
vn 0.0917 0.3883 0.9170
vn 0.0917 0.3887 0.9168
vn 0.0901 0.4316 0.8975
vn 0.0900 0.3939 0.9147
vn 0.0924 0.2018 0.9751
vn -0.0529 -0.4226 -0.9048
vn -0.0530 -0.4229 -0.9046
vn 0.1218 -0.4148 -0.9017
vn 0.9428 -0.1119 -0.3139
vn 0.9690 -0.0604 -0.2394
vn 0.9415 -0.0997 -0.3220
vn 0.9372 -0.1049 -0.3325
vn 0.1564 -0.4024 -0.9020
vn 0.1560 -0.4024 -0.9021
vn 0.4879 -0.3446 -0.8020
vn 0.2205 -0.4699 -0.8547
vn 0.6058 -0.2971 -0.7381
vn 0.6057 -0.2971 -0.7381
vn 0.8044 -0.2064 -0.5570
vn 0.6804 -0.3081 -0.6649
vn 0.6473 -0.3304 -0.6869
vn 0.8263 -0.5119 0.2351
vn 0.5198 -0.7697 0.3706
vn 0.5527 -0.3207 0.7692
vn 0.4099 -0.4715 0.7808
vn 0.6335 -0.5655 0.5281
vn 0.6335 -0.5651 0.5285
vn 0.1782 -0.7750 0.6063
vn 0.7099 -0.6158 0.3418
vn 0.5150 -0.8086 0.2845
vn 0.4176 -0.8160 0.3997
vn 0.7088 -0.6167 0.3425
vn 0.7099 -0.6153 0.3427
vn 0.9852 -0.1673 0.0374
vn 0.8187 -0.4867 0.3047
vn 0.8382 -0.4152 0.3536
vn 0.8356 -0.4417 0.3266
vn 0.9513 -0.2502 0.1802
vn 0.8188 -0.4865 0.3049
vn 0.8376 -0.4081 0.3631
vn 0.9341 -0.2753 0.2274
vn 0.9311 -0.2438 0.2714
vn 0.5493 -0.3934 0.7373
vn 0.6727 -0.3714 0.6399
vn 0.6301 -0.3858 0.6739
vn 0.8250 -0.5134 0.2361
vn 0.6487 -0.6921 0.3166
vn 0.6507 -0.6050 0.4589
vn 0.6271 -0.6217 0.4693
vn 0.6352 -0.5196 0.5714
vn 0.4149 -0.6119 0.6733
vn 0.6694 -0.4172 0.6146
vn 0.6887 -0.4035 0.6025
vn 0.6889 -0.4017 0.6034
vn 0.9874 -0.1351 0.0825
vn 0.9326 -0.2246 0.2826
vn 0.9888 -0.1159 0.0945
vn 0.8428 -0.2989 0.4475
vn 0.9845 -0.1711 0.0397
vn 0.8222 -0.5166 0.2389
vn 0.8228 -0.4560 0.3391
vn 0.7796 -0.5042 0.3715
vn 0.7853 -0.4366 0.4388
vn 0.8260 -0.3987 0.3985
vn 0.8367 -0.3022 0.4567
vn 0.8417 -0.2987 0.4498
vn 0.9756 0.2180 0.0260
vn 0.9871 0.1596 -0.0082
vn 0.2932 0.8746 0.3861
vn 0.2220 0.8967 0.3829
vn 0.2819 0.8842 0.3724
vn 0.5741 0.7605 0.3035
vn 0.3381 0.8363 0.4316
vn 0.9727 0.2312 0.0205
vn 0.9730 0.2299 0.0199
vn 0.9723 0.2328 0.0214
vn 0.7540 0.6079 0.2489
vn 0.7534 0.6085 0.2493
vn 0.8588 0.4925 0.1408
vn 0.7375 0.6393 0.2174
vn 0.7223 0.6537 0.2257
vn -0.0530 0.4227 -0.9047
vn -0.0529 0.4224 -0.9048
vn -0.0502 0.4936 -0.8682
vn -0.0515 0.4982 -0.8656
vn -0.0347 0.6978 -0.7155
vn 0.0572 -0.8570 0.5121
vn 0.0511 -0.8695 0.4913
vn 0.0783 -0.7159 0.6938
vn 0.0918 -0.5268 0.8450
vn 0.0917 -0.5262 0.8454
vn 0.0784 -0.4317 0.8986
vn 0.0770 -0.7112 0.6987
vn 0.0777 -0.7161 0.6936
vn 0.0783 -0.7084 0.7014
vn 0.0783 -0.7083 0.7015
vn 0.0980 -0.1267 0.9871
vn 0.1102 -0.2892 0.9509
vn 0.0946 -0.0945 0.9910
vn 0.0893 -0.3544 0.9308
vn 0.0898 -0.4315 0.8976
vn 0.0927 -0.3440 0.9344
vn 0.0927 -0.3421 0.9351
vn 0.0885 0.3920 0.9157
vn 0.0885 0.3922 0.9156
vn 0.0946 0.2530 0.9628
vn 0.1043 0.1066 0.9888
vn 0.1045 0.1036 0.9891
vn 0.0913 0.2547 0.9627
vn 0.0939 0.0677 0.9933
vn 0.0980 -0.1272 0.9870
vn 0.1757 0.6413 0.7469
vn 0.0566 0.5553 0.8297
vn 0.0852 0.4970 0.8636
vn 0.0831 0.5725 0.8157
vn 0.0869 0.4947 0.8647
vn 0.0832 0.5722 0.8159
vn 0.0838 0.5662 0.8200
vn 0.0638 0.8199 0.5689
vn 0.0618 0.8587 0.5088
vn 0.0652 0.8027 0.5928
vn 0.0652 0.8030 0.5924
vn 0.0652 0.8020 0.5937
vn 0.0969 0.6616 0.7436
vn 0.0769 0.6477 0.7580
vn 0.0762 0.6560 0.7509
vn 0.0701 0.7314 0.6783
vn 0.2021 0.7002 0.6848
vn 0.0472 0.9216 0.3852
vn 0.0471 0.9221 0.3841
vn 0.0627 0.8198 0.5693
vn 0.0588 0.8612 0.5048
vn 0.0588 0.8611 0.5051
vn 0.0133 0.9945 -0.1035
vn 0.0122 0.9854 -0.1699
vn 0.0119 0.9823 -0.1871
vn 0.0098 0.9954 -0.0957
vn -0.0033 0.9633 -0.2684
vn 0.0132 0.9942 -0.1068
vn 0.0190 0.9994 0.0284
vn 0.0363 0.9669 0.2525
vn 0.0354 0.9968 0.0715
vn 0.0381 0.9725 0.2295
vn -0.0340 0.6829 -0.7298
vn -0.0340 0.6827 -0.7299
vn -0.0329 0.6975 -0.7159
vn -0.0316 0.6883 -0.7247
vn -0.0286 0.9020 -0.4309
vn -0.0139 0.8369 -0.5472
vn -0.0139 0.8368 -0.5474
vn -0.0098 0.9256 -0.3783
vn -0.0097 0.9259 -0.3777
vn -0.0140 0.9018 -0.4319
vn -0.0122 0.9231 -0.3843
vn -0.0034 0.9629 -0.2700
vn 0.0502 -0.9062 0.4199
vn 0.0501 -0.9060 0.4202
vn 0.2231 -0.8895 0.3987
vn 0.9701 -0.2398 0.0366
vn 0.9864 -0.1636 -0.0163
vn 0.9684 -0.2480 0.0245
vn 0.9655 -0.2588 0.0300
vn 0.2565 -0.8872 0.3836
vn 0.2561 -0.8872 0.3837
vn 0.5738 -0.7618 0.3009
vn 0.3218 -0.8350 0.4463
vn 0.3218 -0.8351 0.4462
vn 0.6823 -0.6889 0.2448
vn 0.6822 -0.6889 0.2448
vn 0.8587 -0.4930 0.1401
vn 0.7516 -0.6101 0.2506
vn 0.7222 -0.6346 0.2751
vn 0.8429 0.2985 0.4477
vn 0.5477 0.4099 0.7294
vn 0.5148 0.8097 0.2816
vn 0.9894 0.1137 0.0907
vn 0.8281 0.3672 0.4235
vn 0.8381 0.4161 0.3527
vn 0.8397 0.3904 0.3776
vn 0.9511 0.2534 0.1769
vn 0.8281 0.3675 0.4234
vn 0.8362 0.4269 0.3442
vn 0.9323 0.2991 0.2035
vn 0.9234 0.3428 0.1725
vn 0.3837 0.8103 0.4430
vn 0.6328 0.5756 0.5179
vn 0.6328 0.5760 0.5175
vn 0.1904 0.6183 0.7625
vn 0.7270 0.3958 0.5610
vn 0.5527 0.3235 0.7680
vn 0.4477 0.4308 0.7836
vn 0.7259 0.3965 0.5620
vn 0.7270 0.3967 0.5605
vn 0.5196 0.7776 0.3541
vn 0.6480 0.6902 0.3220
vn 0.6041 0.7207 0.3399
vn 0.8417 0.2994 0.4494
vn 0.6741 0.3659 0.6416
vn 0.6583 0.5080 0.5555
vn 0.6353 0.5165 0.5741
vn 0.6275 0.6190 0.4723
vn 0.4079 0.7035 0.5820
vn 0.6503 0.6647 0.3678
vn 0.6693 0.6540 0.3525
vn 0.6693 0.6550 0.3508
vn 0.9856 0.1589 0.0587
vn 0.9226 0.3541 0.1534
vn 0.9845 0.1711 0.0395
vn 0.8264 0.5115 0.2354
vn 0.9888 0.1159 0.0944
vn 0.8389 0.3019 0.4528
vn 0.8271 0.4019 0.3929
vn 0.7853 0.4308 0.4445
vn 0.7806 0.4984 0.3771
vn 0.8212 0.4613 0.3359
vn 0.8199 0.5202 0.2392
vn 0.8251 0.5137 0.2353
vn 0.9508 0.1016 -0.2928
vn 0.9694 0.0683 -0.2357
vn 0.1936 0.4077 -0.8924
vn 0.1213 0.3990 -0.9089
vn 0.1827 0.3931 -0.9012
vn 0.4881 0.3471 -0.8008
vn 0.2377 0.4565 -0.8574
vn 0.9473 0.0959 -0.3057
vn 0.9477 0.0953 -0.3045
vn 0.9467 0.0968 -0.3073
vn 0.6830 0.3066 -0.6630
vn 0.6823 0.3070 -0.6635
vn 0.8045 0.2069 -0.5567
vn 0.6673 0.2740 -0.6925
vn 0.6496 0.2811 -0.7064
vn -0.0679 -0.0054 -0.9977
vn -0.1059 0.1836 -0.9773
vn -0.1113 0.1762 -0.9780
vn -0.0470 0.6735 -0.7377
vn -0.0973 0.5271 -0.8442
vn -0.0981 0.5262 -0.8447
vn -0.0610 0.3591 -0.9313
vn -0.0610 0.3588 -0.9314
vn -0.0470 0.6730 -0.7381
vn -0.0783 0.7976 -0.5981
vn -0.0879 0.7895 -0.6074
vn -0.0036 0.9906 -0.1365
vn -0.0739 0.9505 -0.3018
vn -0.0448 0.9615 -0.2710
vn -0.0274 0.8824 -0.4697
vn -0.0274 0.8825 -0.4695
vn -0.0036 0.9906 -0.1370
vn -0.0101 0.9956 0.0932
vn -0.0562 0.9974 0.0446
vn 0.0459 0.8411 0.5389
vn -0.0378 0.9191 0.3922
vn 0.0170 0.8950 0.4457
vn 0.0255 0.9746 0.2224
vn 0.0255 0.9746 0.2227
vn 0.0459 0.8406 0.5396
vn 0.0493 0.6737 0.7373
vn -0.0198 0.7252 0.6883
vn 0.0651 0.3613 0.9302
vn -0.0031 0.2844 0.9587
vn 0.0666 0.4431 0.8940
vn 0.0655 0.5900 0.8047
vn 0.0655 0.5908 0.8042
vn 0.0760 -0.2624 0.9619
vn 0.0760 -0.0923 0.9928
vn 0.0773 -0.0894 0.9930
vn 0.0776 0.0143 0.9969
vn 0.0718 0.0924 0.9931
vn 0.0803 0.1146 0.9902
vn 0.0803 0.1150 0.9901
vn 0.0760 -0.2627 0.9619
vn 0.0303 -0.3609 0.9321
vn 0.0653 -0.4294 0.9008
vn 0.0496 -0.8302 0.5552
vn 0.0447 -0.7196 0.6929
vn 0.0154 -0.6730 0.7394
vn 0.0667 -0.5867 0.8071
vn 0.0667 -0.5866 0.8071
vn 0.0496 -0.8299 0.5557
vn -0.0060 -0.8943 0.4473
vn 0.0189 -0.9167 0.3991
vn -0.0000 -0.9926 -0.1214
vn -0.0142 -0.9982 0.0591
vn -0.0318 -0.9950 0.0949
vn 0.0250 -0.9730 0.2296
vn 0.0250 -0.9730 0.2294
vn -0.0001 -0.9925 -0.1221
vn -0.0587 -0.9612 -0.2697
vn -0.0463 -0.9550 -0.2929
vn -0.0485 -0.6597 -0.7500
vn -0.0711 -0.7850 -0.6155
vn -0.0831 -0.7975 -0.5975
vn -0.0252 -0.8864 -0.4623
vn -0.0253 -0.8861 -0.4629
vn -0.0485 -0.6597 -0.7499
vn -0.1016 -0.5262 -0.8443
vn -0.0914 -0.5119 -0.8542
vn -0.0679 -0.0056 -0.9977
vn -0.1078 -0.1805 -0.9777
vn -0.1099 -0.1837 -0.9768
vn -0.0632 -0.3502 -0.9345
vn -0.0632 -0.3501 -0.9346
vn 0.2331 -0.9705 0.0620
vn 0.2699 -0.5733 0.7736
vn 0.2622 0.2303 0.9371
vn 0.2108 0.8159 0.5385
vn 0.1997 0.8783 0.4344
vn 0.0841 0.7973 -0.5977
vn 0.0881 0.7967 -0.5980
vn 0.0878 0.7969 -0.5976
vn 0.1247 0.9538 -0.2734
vn 0.1187 0.9552 -0.2713
vn 0.0987 0.9571 -0.2723
vn 0.1119 0.9153 -0.3868
vn 0.1118 0.9150 -0.3876
vn 0.1004 0.9170 -0.3861
vn 0.0935 0.9172 -0.3872
vn 0.0997 0.8626 -0.4960
vn 0.0997 0.8623 -0.4964
vn 0.0887 0.8640 -0.4956
vn 0.0884 0.8014 -0.5916
vn 0.1751 0.9632 0.2039
vn 0.1738 0.9625 0.2083
vn 0.1216 0.9702 0.2098
vn 0.1629 0.9827 0.0883
vn 0.1627 0.9830 0.0852
vn 0.1419 0.9857 0.0908
vn 0.1155 0.9893 0.0896
vn 0.1500 0.9881 -0.0339
vn 0.1499 0.9881 -0.0351
vn 0.1164 0.9928 -0.0295
vn 0.1099 0.9934 -0.0323
vn 0.1369 0.9788 -0.1527
vn 0.1366 0.9784 -0.1552
vn 0.1042 0.9830 -0.1509
vn 0.1248 0.9541 -0.2721
vn 0.1993 0.8807 0.4298
vn 0.1566 0.8839 0.4406
vn 0.1328 0.8886 0.4390
vn 0.1884 0.9272 0.3236
vn 0.1880 0.9288 0.3194
vn 0.1257 0.9350 0.3315
vn 0.1756 0.9620 0.2091
vn 0.1338 0.8245 0.5498
vn 0.2111 0.8192 0.5332
vn 0.2104 0.8192 0.5335
vn 0.1371 0.7499 0.6472
vn 0.2222 0.7456 0.6283
vn 0.2226 0.7414 0.6331
vn 0.1455 0.6686 0.7293
vn 0.1575 0.6628 0.7321
vn 0.2321 0.6608 0.7137
vn 0.2325 0.6556 0.7184
vn 0.1482 0.5734 0.8057
vn 0.2008 0.5640 0.8010
vn 0.2406 0.5663 0.7883
vn 0.2409 0.5600 0.7927
vn 0.1429 0.4628 0.8749
vn 0.2490 0.4633 0.8505
vn 0.2489 0.4621 0.8512
vn 0.2619 0.2385 0.9351
vn 0.1896 0.2324 0.9540
vn 0.1501 0.2421 0.9586
vn 0.2562 0.3454 0.9028
vn 0.2559 0.3536 0.8997
vn 0.1422 0.3509 0.9256
vn 0.2492 0.4565 0.8541
vn 0.1379 0.1125 0.9840
vn 0.2661 0.1201 0.9564
vn 0.2665 0.1203 0.9563
vn 0.2739 -0.2378 0.9319
vn 0.2154 -0.2513 0.9436
vn 0.1371 -0.2423 0.9605
vn 0.2719 -0.1305 0.9534
vn 0.2719 -0.1199 0.9548
vn 0.1586 -0.1326 0.9784
vn 0.1420 -0.1222 0.9823
vn 0.2702 -0.0099 0.9628
vn 0.2701 0.0001 0.9628
vn 0.1349 -0.0102 0.9908
vn 0.2666 0.1103 0.9575
vn 0.2704 -0.5627 0.7812
vn 0.1699 -0.5827 0.7948
vn 0.1160 -0.5746 0.8101
vn 0.2722 -0.4714 0.8389
vn 0.2725 -0.4610 0.8445
vn 0.1083 -0.4817 0.8696
vn 0.1263 -0.4690 0.8741
vn 0.2729 -0.3629 0.8910
vn 0.2732 -0.3522 0.8952
vn 0.1157 -0.3704 0.9216
vn 0.2738 -0.2483 0.9292
vn 0.0870 -0.6809 0.7272
vn 0.2667 -0.6561 0.7060
vn 0.2670 -0.6559 0.7060
vn 0.2527 -0.8712 0.4210
vn 0.1780 -0.8901 0.4195
vn 0.0763 -0.8921 0.4453
vn 0.2574 -0.8193 0.5123
vn 0.2582 -0.8114 0.5244
vn 0.1070 -0.8374 0.5360
vn 0.0871 -0.8302 0.5507
vn 0.2616 -0.7485 0.6093
vn 0.2623 -0.7394 0.6200
vn 0.0752 -0.7657 0.6388
vn 0.2664 -0.6659 0.6968
vn 0.2342 -0.9690 0.0784
vn 0.1069 -0.9915 0.0736
vn 0.0401 -0.9946 0.0960
vn 0.2392 -0.9540 0.1806
vn 0.2403 -0.9506 0.1963
vn 0.0281 -0.9789 0.2024
vn 0.0521 -0.9750 0.2162
vn 0.2458 -0.9229 0.2964
vn 0.2468 -0.9178 0.3110
vn 0.0363 -0.9464 0.3209
vn 0.2518 -0.8779 0.4072
vn -0.0067 -0.9992 -0.0405
vn 0.2272 -0.9730 -0.0406
vn 0.2267 -0.9731 -0.0408
vn 0.2080 -0.8979 -0.3880
vn 0.1184 -0.9066 -0.4051
vn -0.0077 -0.9242 -0.3819
vn 0.2131 -0.9321 -0.2928
vn 0.2143 -0.9371 -0.2756
vn 0.0261 -0.9579 -0.2860
vn 0.0045 -0.9638 -0.2666
vn 0.2196 -0.9595 -0.1767
vn 0.2209 -0.9622 -0.1592
vn -0.0214 -0.9865 -0.1623
vn 0.2255 -0.9725 -0.0579
vn 0.0840 -0.7972 -0.5979
vn -0.0456 -0.7981 -0.6008
vn -0.0285 -0.8042 -0.5937
vn 0.2006 -0.8358 -0.5111
vn 0.2017 -0.8454 -0.4946
vn -0.0625 -0.8607 -0.5053
vn 0.2068 -0.8906 -0.4051
vn 0.5127 -0.5607 -0.6503
vn 0.8178 -0.2646 -0.5111
vn 0.9610 0.0125 -0.2762
vn 0.9460 -0.0233 -0.3235
vn 0.8405 -0.3029 -0.4493
vn 0.9503 -0.1625 -0.2654
vn 0.9487 -0.1652 -0.2697
vn 0.3669 -0.7963 -0.4809
vn 0.7961 -0.4717 -0.3792
vn 0.7979 -0.4704 -0.3768
vn 0.4120 -0.7715 -0.4847
vn 0.0759 -0.7799 -0.6213
vn 0.3155 0.5585 -0.7671
vn 0.3574 0.6063 -0.7103
vn 0.3799 0.6072 -0.6978
vn 0.3698 0.6033 -0.7066
vn 0.3943 0.6126 -0.6851
vn 0.3908 0.6308 -0.6703
vn 0.4304 0.6220 -0.6541
vn 0.8782 -0.2157 -0.4268
vn 0.8576 0.0327 -0.5132
vn 0.8104 -0.0097 -0.5858
vn 0.9023 -0.1900 -0.3870
vn 0.8798 0.0157 -0.4751
vn 0.9203 -0.0678 -0.3852
vn 0.7230 0.3035 -0.6206
vn 0.5855 -0.1086 -0.8034
vn 0.6596 -0.0823 -0.7471
vn 0.7155 -0.1230 -0.6877
vn 0.7861 -0.0832 -0.6124
vn 0.4214 -0.2144 -0.8812
vn 0.6056 -0.1939 -0.7718
vn 0.5902 -0.3219 -0.7403
vn 0.7492 -0.2640 -0.6075
vn 0.7359 -0.3576 -0.5750
vn 0.8429 -0.2922 -0.4518
vn 0.5054 -0.5620 -0.6548
vn 0.5796 -0.5592 -0.5928
vn 0.5524 -0.6169 -0.5607
vn 0.1384 -0.7887 -0.5990
vn 0.2151 -0.8358 -0.5052
vn 0.2550 -0.7885 -0.5597
vn 0.2794 -0.6455 -0.7108
vn 0.1867 -0.7916 -0.5818
vn 0.3611 -0.4050 -0.8400
vn 0.3449 0.0814 -0.9351
vn 0.2395 -0.3929 -0.8879
vn 0.4246 -0.2209 -0.8780
vn 0.3625 -0.4468 -0.8179
vn 0.5962 -0.4204 -0.6840
vn 0.5674 -0.5121 -0.6449
vn 0.7949 -0.4215 -0.4363
vn 0.7970 -0.4667 -0.3834
vn 0.3260 0.5811 -0.7457
vn 0.3308 0.5402 -0.7738
vn 0.3296 0.5543 -0.7643
vn 0.3722 0.5825 -0.7226
vn 0.3400 0.5797 -0.7405
vn 0.4060 0.2647 -0.8747
vn 0.3135 0.2664 -0.9114
vn 0.3948 0.0826 -0.9150
vn 0.7353 0.3246 -0.5949
vn 0.4320 0.6224 -0.6527
vn 0.3826 0.6577 -0.6489
vn 0.4270 0.6259 -0.6526
vn 0.7813 0.1942 -0.5931
vn 0.6813 0.3691 -0.6321
vn 0.6490 0.3416 -0.6798
vn 0.6426 0.2545 -0.7227
vn 0.6320 0.2608 -0.7298
vn 0.5243 0.2192 -0.8228
vn 0.5597 0.1727 -0.8105
vn 0.3539 0.1523 -0.9228
vn 0.4435 0.0086 -0.8962
vn 0.3869 0.0099 -0.9221
vn 0.3456 0.0898 -0.9341
vn 0.2824 0.5645 -0.7756
vn 0.2666 0.1020 -0.9584
vn 0.2670 0.1078 -0.9577
vn 0.2663 0.1012 -0.9586
vn 0.0561 -0.7772 -0.6268
vn 0.0565 -0.7760 -0.6281
vn 0.2829 0.5634 -0.7762
vn 0.2868 0.5463 -0.7869
vn 0.2825 0.5616 -0.7777
vn 0.2823 0.5658 -0.7747
vn 0.2858 0.5904 -0.7548
vn 0.2839 0.5757 -0.7668
vn 0.2832 0.5713 -0.7703
vn 0.2658 0.0991 -0.9589
vn 0.2667 0.1083 -0.9577
vn 0.1841 -0.3858 -0.9040
vn 0.1849 -0.3818 -0.9056
vn 0.1835 -0.3872 -0.9035
vn 0.1847 -0.3811 -0.9059
vn 0.0552 -0.7796 -0.6238
vn 0.0519 -0.7871 -0.6146
vn 0.0560 -0.7779 -0.6258
vn 0.0563 -0.7772 -0.6267
vn 0.0558 -0.7781 -0.6257
vn 0.1543 -0.3773 -0.9132
vn 0.2584 0.6187 -0.7419
vn 0.1040 0.5912 -0.7998
vn 0.0183 -0.7714 -0.6361
vn 0.0072 -0.7952 -0.6063
vn -0.0126 -0.6787 -0.7343
vn 0.0181 -0.5795 -0.8148
vn 0.0192 -0.5797 -0.8146
vn 0.0219 -0.0837 -0.9963
vn 0.0220 -0.0837 -0.9962
vn -0.0358 -0.4242 -0.9049
vn 0.0472 -0.2222 -0.9739
vn 0.0652 -0.2266 -0.9718
vn -0.0426 -0.2697 -0.9620
vn 0.0094 0.0694 -0.9975
vn 0.0091 0.0695 -0.9975
vn -0.0352 -0.0656 -0.9972
vn -0.0131 0.1761 -0.9843
vn -0.0133 0.1761 -0.9843
vn -0.0104 0.1845 -0.9828
vn -0.0102 0.1852 -0.9826
vn -0.0115 0.3402 -0.9403
vn -0.0464 0.2535 -0.9662
vn -0.0402 0.2514 -0.9670
vn 0.0876 0.6007 -0.7947
vn 0.0834 0.5889 -0.8039
vn 0.1239 0.6318 -0.7651
vn 0.1176 0.6204 -0.7754
vn 0.1388 0.6134 -0.7775
vn 0.1495 0.6189 -0.7711
vn 0.2032 0.7251 -0.6580
vn 0.1501 0.6208 -0.7695
vn 0.1484 0.6213 -0.7694
vn 0.2165 0.7104 -0.6697
vn 0.1793 0.6133 -0.7692
vn 0.2324 0.6164 -0.7524
vn 0.2276 0.7124 -0.6639
vn 0.2263 0.6731 -0.7040
vn 0.2093 0.6242 -0.7527
vn 0.2091 0.6243 -0.7527
vn 0.2323 0.6164 -0.7524
vn 0.2412 0.6586 -0.7128
vn 0.2559 0.6307 -0.7326
vn 0.2742 0.5725 -0.7726
vn 0.2691 0.6205 -0.7365
vn 0.2701 0.5929 -0.7586
vn 0.2556 0.6192 -0.7425
vn 0.2553 0.6308 -0.7327
vn 0.2286 0.3363 -0.9136
vn 0.2015 0.0988 -0.9745
vn 0.2361 0.0923 -0.9673
vn 0.2377 0.1123 -0.9648
vn 0.2580 0.3308 -0.9078
vn 0.2456 0.1107 -0.9630
vn 0.2705 0.5662 -0.7786
vn -0.0315 -0.5249 -0.8506
vn 0.1768 -0.4729 -0.8632
vn 0.0575 -0.4512 -0.8906
vn 0.0020 -0.6450 -0.7641
vn -0.0124 -0.6787 -0.7343
vn 0.0212 -0.7822 -0.6226
vn 0.1431 -0.3901 -0.9096
vn 0.0858 -0.3794 -0.9212
vn 0.1599 -0.0406 -0.9863
vn 0.1170 -0.0311 -0.9926
vn 0.1459 -0.3754 -0.9153
vn 0.1902 -0.1542 -0.9695
vn 0.1429 -0.1454 -0.9790
vn 0.2166 0.2830 -0.9344
vn 0.1815 0.2907 -0.9394
vn 0.1956 0.3474 -0.9171
vn 0.1596 0.3563 -0.9206
vn 0.1732 0.4049 -0.8978
vn 0.1396 0.4139 -0.8996
vn 0.1544 0.4611 -0.8738
vn 0.1224 0.4703 -0.8740
vn 0.1364 0.5097 -0.8495
vn 0.1115 0.5174 -0.8484
vn 0.2109 0.8019 -0.5590
vn 0.0175 -0.7700 -0.6379
vn 0.0866 -0.5955 -0.7987
vn 0.0256 -0.5844 -0.8111
vn 0.1099 -0.2586 -0.9597
vn 0.0601 -0.2476 -0.9670
vn 0.1167 -0.0326 -0.9926
vn 0.0672 -0.0203 -0.9975
vn 0.0973 0.0807 -0.9920
vn 0.0523 0.0928 -0.9943
vn 0.0809 0.1846 -0.9795
vn 0.0383 0.1969 -0.9797
vn 0.0684 0.2868 -0.9556
vn 0.0264 0.2998 -0.9536
vn 0.0590 0.3872 -0.9201
vn 0.0171 0.4013 -0.9158
vn 0.1007 0.5833 -0.8060
vn 0.1757 0.9814 -0.0770
vn 0.2124 0.9751 -0.0632
vn 0.2103 0.9431 -0.2575
vn 0.1952 0.7955 -0.5737
vn 0.1476 0.7209 -0.6772
vn 0.1475 0.7208 -0.6772
vn 0.1395 0.7332 -0.6656
vn 0.1319 0.7948 -0.5924
vn 0.1250 0.7843 -0.6076
vn 0.1246 0.7838 -0.6084
vn 0.1154 0.7753 -0.6210
vn 0.1154 0.7752 -0.6210
vn 0.1036 0.7672 -0.6330
vn 0.1359 0.7528 -0.6441
vn 0.1044 0.7729 -0.6258
vn 0.1267 0.7484 -0.6510
vn 0.1039 0.7709 -0.6284
vn 0.1163 0.7552 -0.6451
vn 0.1161 0.7554 -0.6449
vn 0.1396 0.7495 -0.6471
vn 0.1408 0.7483 -0.6482
vn 0.1486 0.7328 -0.6640
vn 0.1389 0.7331 -0.6658
vn 0.1398 0.7329 -0.6658
vn 0.1552 0.7816 -0.6042
vn 0.1550 0.7811 -0.6048
vn 0.1447 0.7769 -0.6128
vn 0.1596 0.8095 -0.5651
vn 0.1614 0.8260 -0.5401
vn 0.1545 0.8235 -0.5459
vn 0.1757 0.8116 -0.5571
vn 0.1760 0.8119 -0.5567
vn 0.1584 0.8147 -0.5578
vn 0.2203 0.7843 -0.5800
vn 0.2121 0.7501 -0.6264
vn 0.2092 0.7731 -0.5988
vn 0.2095 0.7734 -0.5983
vn 0.1972 0.7759 -0.5993
vn 0.2083 0.8085 -0.5504
vn 0.1949 0.7952 -0.5741
vn 0.2369 0.6592 -0.7136
vn 0.2315 0.6774 -0.6982
vn 0.2316 0.6773 -0.6983
vn 0.2304 0.6932 -0.6829
vn 0.2268 0.7472 -0.6247
vn 0.2184 0.7468 -0.6281
vn 0.2171 0.7471 -0.6282
vn 0.2366 0.6599 -0.7132
vn 0.2381 0.6578 -0.7146
vn 0.2482 0.6408 -0.7265
vn 0.2376 0.6569 -0.7155
vn 0.2290 0.6421 -0.7316
vn 0.2278 0.6295 -0.7429
vn 0.2366 0.6554 -0.7173
vn 0.2352 0.6583 -0.7150
vn 0.2348 0.6558 -0.7175
vn 0.2314 0.6590 -0.7157
vn 0.2616 0.6970 -0.6676
vn 0.2453 0.6567 -0.7132
vn 0.2694 0.6953 -0.6663
vn 0.2521 0.7072 -0.6605
vn 0.2605 0.7247 -0.6380
vn 0.2610 0.7265 -0.6357
vn 0.2611 0.7268 -0.6353
vn 0.2294 0.7157 -0.6597
vn 0.2355 0.7783 -0.5821
vn 0.2151 0.6613 -0.7186
vn 0.2243 0.7480 -0.6246
vn 0.2198 0.8322 -0.5090
vn 0.2170 0.7499 -0.6249
vn 0.2170 0.7494 -0.6256
vn 0.2142 0.8978 -0.3847
vn 0.2143 0.8979 -0.3845
vn 0.1991 0.8368 -0.5099
vn 0.2190 0.8950 -0.3885
vn 0.2034 0.8986 -0.3889
vn 0.2018 0.9774 -0.0625
vn 0.1851 0.9716 -0.1476
vn 0.2032 0.9760 -0.0787
vn 0.2037 0.9677 -0.1486
vn 0.1876 0.9765 -0.1062
vn 0.2029 0.9787 -0.0322
vn 0.1984 0.9796 -0.0319
vn 0.1623 0.9863 -0.0303
vn 0.1579 0.9866 -0.0406
vn 0.1614 0.9860 -0.0409
vn 0.1558 0.9868 -0.0434
vn 0.1301 0.9911 -0.0281
vn 0.1226 0.9919 -0.0346
vn 0.0994 0.9950 -0.0097
vn 0.0735 0.9965 -0.0386
vn 0.0995 0.9950 -0.0097
vn 0.0755 0.9970 -0.0175
vn 0.0678 0.9977 -0.0050
vn 0.0736 0.9966 -0.0382
vn 0.0732 0.9949 -0.0698
vn 0.0980 0.9952 0.0080
vn 0.0660 0.9920 -0.1073
vn 0.0660 0.9920 -0.1074
vn 0.0683 0.9968 -0.0413
vn 0.0684 0.9969 -0.0378
vn 0.0756 0.9815 -0.1762
vn 0.0759 0.9648 -0.2517
vn 0.0770 0.9638 -0.2553
vn 0.0821 0.9273 -0.3652
vn 0.0789 0.8060 -0.5866
vn 0.0769 0.9204 -0.3834
vn 0.0778 0.9267 -0.3675
vn 0.0769 0.9203 -0.3835
vn 0.0941 0.8513 -0.5162
vn 0.0882 0.8588 -0.5046
vn 0.0883 0.8586 -0.5049
vn 0.0940 0.7670 -0.6347
vn 0.0790 0.8063 -0.5862
vn 0.0791 0.8067 -0.5856
vn 0.0779 0.7685 -0.6350
vn 0.0690 0.7692 -0.6353
vn 0.0883 0.7744 -0.6265
vn 0.1040 0.7676 -0.6324
vn 0.1042 0.7676 -0.6324
vn 0.1055 0.7664 -0.6337
vn 0.1716 0.8800 -0.4428
vn 0.1579 0.8148 -0.5578
vn 0.1476 0.8187 -0.5549
vn 0.1554 0.8829 -0.4431
vn 0.1451 0.9041 -0.4018
vn 0.1445 0.7769 -0.6129
vn 0.1239 0.7798 -0.6137
vn 0.1297 0.8309 -0.5411
vn 0.1147 0.8488 -0.5161
vn 0.1220 0.9076 -0.4018
vn 0.1130 0.9238 -0.3659
vn 0.2167 0.8331 -0.5089
vn 0.2187 0.8451 -0.4878
vn 0.1964 0.8500 -0.4889
vn 0.2032 0.8587 -0.4704
vn 0.1841 0.9029 -0.3885
vn 0.1746 0.9047 -0.3886
vn 0.1629 0.9259 -0.3410
vn 0.1480 0.9284 -0.3409
vn 0.1371 0.9449 -0.2972
vn 0.1164 0.9478 -0.2967
vn 0.1070 0.9599 -0.2593
vn 0.0770 0.9631 -0.2580
vn 0.0760 0.9640 -0.2548
vn 0.2230 0.7836 -0.5798
vn 0.2173 0.7849 -0.5803
vn 0.2007 0.8405 -0.5033
vn 0.2069 0.8488 -0.4865
vn 0.1826 0.8537 -0.4876
vn 0.1756 0.7991 -0.5749
vn 0.1909 0.8248 -0.5323
vn 0.1897 0.9475 -0.2575
vn 0.2035 0.9622 -0.1811
vn 0.1723 0.9685 -0.1799
vn 0.1884 0.9702 -0.1523
vn 0.1527 0.9767 -0.1507
vn 0.1689 0.9779 -0.1235
vn 0.1198 0.9854 -0.1211
vn 0.1477 0.9885 -0.0326
vn 0.1228 0.9898 -0.0728
vn 0.0755 0.9814 -0.1764
vn 0.0812 0.9867 -0.1411
vn 0.1112 0.9835 -0.1428
vn 0.0920 0.9807 -0.1728
vn 0.1409 0.9744 -0.1750
vn 0.1185 0.9703 -0.2109
vn 0.1671 0.9628 -0.2125
vn 0.1424 0.9569 -0.2530
vn 0.1894 0.9485 -0.2540
vn 0.1633 0.9407 -0.2974
vn 0.1825 0.9371 -0.2976
vn 0.1835 0.9378 -0.2945
vn 0.2110 0.9320 -0.2948
vn 0.2019 0.9009 -0.3841
vn 0.6562 0.5737 -0.4901
vn 0.0702 0.7610 -0.6450
vn 0.0688 0.7611 -0.6450
vn 0.0705 0.7625 -0.6431
vn -0.0165 0.7337 -0.6793
vn -0.0195 0.7404 -0.6719
vn 0.2113 0.7374 -0.6415
vn 0.1023 0.7525 -0.6506
vn 0.1020 0.7529 -0.6502
vn 0.3656 0.6936 -0.6207
vn 0.3294 0.7007 -0.6329
vn 0.3662 0.6934 -0.6206
vn 0.2068 0.7369 -0.6436
vn 0.2066 0.7372 -0.6433
vn 0.6563 0.5734 -0.4904
vn 0.7819 0.5333 -0.3229
vn 0.6011 0.5963 -0.5320
vn 0.6525 0.6123 -0.4465
vn 0.4955 0.6359 -0.5918
vn 0.2987 0.7000 -0.6487
vn 0.1857 0.6711 -0.7177
vn 0.1831 0.6787 -0.7112
vn 0.1962 0.6180 -0.7613
vn 0.1952 0.6190 -0.7608
vn 0.2105 0.5748 -0.7908
vn -0.1175 0.5475 -0.8285
vn 0.1625 0.5576 -0.8140
vn 0.1992 0.7090 -0.6765
vn 0.1992 0.7092 -0.6763
vn 0.1544 0.7001 -0.6971
vn 0.1295 0.7013 -0.7010
vn 0.1840 0.6765 -0.7130
vn 0.0483 0.7305 -0.6812
vn 0.1739 0.7365 -0.6537
vn 0.1697 0.7464 -0.6435
vn 0.0520 0.7442 -0.6659
vn 0.0909 0.7563 -0.6479
vn 0.0643 0.7545 -0.6531
vn 0.0622 0.7593 -0.6477
vn 0.0757 0.7459 -0.6617
vn 0.0525 0.7580 -0.6501
vn 0.0547 0.7535 -0.6552
vn 0.0428 0.7521 -0.6577
vn 0.0915 0.7551 -0.6492
vn 0.8413 0.4524 -0.2958
vn 0.6876 0.5370 -0.4887
vn 0.8467 0.4300 -0.3133
vn 0.7101 0.5058 -0.4898
vn 0.8601 0.3783 -0.3423
vn 0.5260 0.5551 -0.6443
vn 0.1744 0.5718 -0.8016
vn 0.5261 0.5609 -0.6392
vn 0.5536 0.5555 -0.6204
vn 0.5292 0.5543 -0.6424
vn 0.5296 0.5543 -0.6422
vn 0.1831 0.6555 -0.7327
vn 0.0880 0.6197 -0.7799
vn 0.3728 0.6527 -0.6596
vn 0.3880 0.6115 -0.6896
vn 0.6110 0.5674 -0.5520
vn 0.6954 0.5531 -0.4588
vn 0.6696 0.5654 -0.4816
vn 0.6791 0.5628 -0.4713
vn 0.5502 0.4482 -0.7046
vn 0.1939 0.4697 -0.8613
vn 0.9447 -0.1002 -0.3123
vn 0.9066 0.2771 -0.3183
vn 0.9892 0.1464 0.0095
vn 0.9885 0.1510 0.0017
vn 0.8634 0.3570 -0.3564
vn 0.8643 0.3562 -0.3551
vn 0.9388 0.2017 -0.2792
vn 0.9387 0.2015 -0.2799
vn 0.9661 0.1873 -0.1779
vn 0.9058 0.2781 -0.3196
vn 0.9477 0.0895 -0.3064
vn 0.9476 0.0890 -0.3069
vn 0.9786 0.1202 -0.1670
vn 0.9703 0.1216 -0.2092
vn 0.9624 0.1343 -0.2360
vn 0.9389 0.2012 -0.2793
vn 0.9600 0.0266 -0.2787
vn 0.9825 0.0396 -0.1818
vn 0.9931 0.0202 -0.1157
vn 0.9477 0.0894 -0.3064
vn 0.9600 0.0264 -0.2787
vn 0.9596 0.0345 -0.2793
vn 0.9598 0.0264 -0.2793
vn 0.9447 -0.1006 -0.3123
vn 0.9862 -0.0301 -0.1628
vn 0.9801 -0.0395 -0.1944
vn 0.9701 -0.0337 -0.2402
vn 0.9703 -0.0338 -0.2397
vn 0.9718 -0.1195 -0.2031
vn 0.9867 -0.1164 -0.1138
vn 0.9448 -0.1007 -0.3117
vn 0.9496 -0.1791 -0.2573
vn 0.9507 -0.1678 -0.2609
vn 0.9522 -0.1501 -0.2662
vn 0.9115 -0.2806 -0.3008
vn 0.9625 -0.1897 -0.1941
vn 0.9605 -0.1938 -0.1998
vn 0.9573 -0.1960 -0.2127
vn 0.9575 -0.1964 -0.2111
vn 0.8635 -0.3589 -0.3542
vn 0.8643 -0.3582 -0.3532
vn 0.9831 -0.1768 -0.0467
vn 0.1774 -0.4941 -0.8511
vn 0.5484 -0.4484 -0.7059
vn 0.5496 -0.4481 -0.7051
vn 0.1196 -0.4685 -0.8753
vn 0.3930 -0.2158 -0.8938
vn -0.0055 -0.1645 -0.9864
vn -0.0033 -0.1655 -0.9862
vn 0.2848 -0.3430 -0.8951
vn 0.2848 -0.3431 -0.8951
vn 0.2336 -0.3480 -0.9079
vn 0.2098 -0.3405 -0.9165
vn 0.2098 -0.3410 -0.9164
vn 0.4194 0.0743 -0.9047
vn -0.0535 0.1102 -0.9925
vn 0.2552 -0.0296 -0.9664
vn 0.4476 0.2964 -0.8437
vn 0.0168 0.3326 -0.9429
vn 0.3594 0.4581 -0.8130
vn 0.3596 0.4582 -0.8129
vn 0.4476 0.2965 -0.8437
vn 0.4474 0.2963 -0.8439
vn -0.0192 0.2009 -0.9794
vn 0.4258 0.1224 -0.8965
vn 0.5473 0.4553 -0.7023
vn 0.5497 0.4483 -0.7049
vn 0.4776 0.4637 -0.7462
vn 0.4961 0.3452 -0.7967
vn 0.4930 0.3457 -0.7984
vn 0.5069 0.2146 -0.8349
vn 0.5037 0.2150 -0.8367
vn 0.5116 0.0734 -0.8561
vn 0.5100 0.0736 -0.8570
vn 0.5101 -0.0715 -0.8572
vn 0.5116 -0.0717 -0.8562
vn 0.5039 -0.2131 -0.8370
vn 0.5064 -0.2133 -0.8355
vn 0.4925 -0.3444 -0.7993
vn 0.4954 -0.3445 -0.7975
vn 0.4771 -0.4631 -0.7469
vn 0.1546 -0.4670 -0.8707
vn 0.1786 -0.4733 -0.8626
vn 0.9833 -0.1762 -0.0455
vn 0.9833 -0.1764 -0.0459
vn 0.8658 -0.3408 -0.3665
vn 0.9078 -0.3010 -0.2920
vn 0.8667 -0.3344 -0.3702
vn 0.5499 -0.4691 -0.6910
vn 0.3596 0.4581 -0.8129
vn 0.2270 0.4712 -0.8523
vn 0.1819 0.4544 -0.8721
vn 0.2542 -0.0283 -0.9667
vn 0.2542 -0.0293 -0.9667
vn -0.0105 -0.0665 -0.9977
vn 0.3952 -0.1783 -0.9011
vn 0.3956 -0.1785 -0.9009
vn 0.9168 0.2957 -0.2685
vn 0.8665 0.3346 -0.3704
vn 0.8678 0.3337 -0.3682
vn 0.5432 0.4710 -0.6951
vn 0.7523 0.3999 -0.5236
vn 0.7677 0.3005 -0.5660
vn 0.7760 0.2969 -0.5565
vn 0.7877 0.1866 -0.5871
vn 0.7926 0.1849 -0.5810
vn 0.7992 0.0637 -0.5977
vn 0.8006 0.0634 -0.5959
vn 0.8006 -0.0621 -0.5960
vn 0.7991 -0.0619 -0.5979
vn 0.7925 -0.1842 -0.5814
vn 0.7883 -0.1844 -0.5870
vn 0.7763 -0.2970 -0.5559
vn 0.7680 -0.2984 -0.5667
vn 0.7525 -0.3987 -0.5242
vn 0.5485 -0.4483 -0.7058
vn 0.6043 -0.5690 -0.5577
vn 0.2014 -0.6328 -0.7476
vn 0.0703 -0.7590 -0.6472
vn 0.8963 -0.4151 -0.1563
vn 0.1042 -0.7458 -0.6580
vn 0.1092 -0.6986 -0.7072
vn 0.0815 -0.7622 -0.6422
vn -0.2917 -0.6957 -0.6564
vn -0.4169 0.7320 0.5389
vn 0.0928 -0.7325 -0.6744
vn 0.0489 -0.8091 -0.5856
vn 0.0718 -0.7778 -0.6244
vn 0.2144 0.7148 0.6656
vn -0.6907 -0.4569 -0.5605
vn -0.2275 0.7583 0.6109
vn 0.0825 -0.7603 -0.6443
vn 0.0705 -0.7588 -0.6475
vn -0.0070 -0.7312 -0.6821
vn 0.0311 -0.7450 -0.6664
vn 0.0289 -0.7412 -0.6707
vn 0.0314 -0.7354 -0.6769
vn 0.0896 -0.7550 -0.6496
vn 0.0717 -0.7577 -0.6487
vn 0.0698 -0.7584 -0.6481
vn -0.1203 0.7628 0.6353
vn -0.4443 0.7301 0.5192
vn -0.3127 0.7463 0.5876
vn 0.0716 -0.7595 -0.6466
vn 0.0778 -0.7619 -0.6430
vn 0.1821 -0.6739 -0.7160
vn 0.1513 -0.7021 -0.6958
vn 0.1607 -0.7003 -0.6955
vn 0.2101 -0.7083 -0.6739
vn 0.2099 -0.7088 -0.6735
vn 0.1989 -0.6398 -0.7424
vn 0.1334 -0.6234 -0.7705
vn 0.1835 -0.6671 -0.7220
vn 0.1830 -0.6705 -0.7190
vn 0.1817 -0.6746 -0.7155
vn 0.1762 -0.6883 -0.7037
vn 0.5257 -0.5600 -0.6404
vn 0.1630 -0.5713 -0.8044
vn 0.1597 -0.5710 -0.8053
vn 0.0548 -0.5459 -0.8361
vn 0.2058 -0.6354 -0.7442
vn 0.6892 -0.5880 -0.4233
vn 0.6901 -0.5877 -0.4223
vn 0.6900 -0.5880 -0.4222
vn 0.1766 -0.7448 -0.6435
vn 0.1906 -0.7123 -0.6755
vn 0.0915 -0.7415 -0.6647
vn 0.0452 -0.7288 -0.6833
vn 0.0451 -0.7290 -0.6830
vn 0.2751 -0.7197 -0.6375
vn 0.2721 -0.7202 -0.6382
vn 0.4127 -0.6918 -0.5925
vn 0.4981 -0.6828 -0.5344
vn 0.3976 -0.6890 -0.6059
vn 0.1924 -0.6944 -0.6934
vn 0.5327 -0.5540 -0.6398
vn 0.5278 -0.5552 -0.6428
vn 0.7421 -0.5225 -0.4199
vn 0.8480 -0.4285 -0.3119
vn 0.8470 -0.4294 -0.3133
vn 0.7842 -0.4943 -0.3751
vn 0.7579 -0.5169 -0.3980
vn 0.6866 -0.5563 -0.4680
vn 0.7008 -0.5107 -0.4981
vn 0.8595 -0.3760 -0.3463
vn 0.5289 -0.5550 -0.6420
vn 0.5463 -0.5560 -0.6264
vn 0.3775 -0.6116 -0.6953
vn 0.3622 -0.6531 -0.6651
vn 0.5891 -0.6125 -0.5272
vn 0.4075 -0.6645 -0.6264
vn 0.4537 -0.6568 -0.6023
vn 0.1923 -0.6946 -0.6933
vn 0.0393 -0.5062 -0.8615
vn 0.0603 -0.4984 -0.8649
vn 0.1584 -0.7096 -0.6866
vn 0.2752 -0.5724 -0.7725
vn 0.2689 -0.6240 -0.7337
vn 0.2581 -0.6085 -0.7504
vn 0.2231 -0.6564 -0.7207
vn 0.2250 -0.6969 -0.6809
vn 0.2374 -0.6318 -0.7379
vn 0.2376 -0.6317 -0.7379
vn 0.2167 -0.7118 -0.6681
vn 0.2048 -0.6009 -0.7727
vn 0.2047 -0.6009 -0.7727
vn 0.1573 -0.6540 -0.7400
vn 0.1590 -0.6535 -0.7400
vn 0.2003 -0.7170 -0.6677
vn 0.1735 -0.6035 -0.7783
vn 0.1734 -0.6035 -0.7783
vn 0.1584 -0.6520 -0.7415
vn 0.1762 -0.7038 -0.6882
vn 0.1516 -0.7062 -0.6916
vn 0.1571 -0.7044 -0.6922
vn 0.0492 -0.4951 -0.8675
vn -0.0239 -0.2703 -0.9625
vn 0.0217 -0.3983 -0.9170
vn 0.0584 -0.3859 -0.9207
vn 0.0110 -0.2064 -0.9784
vn 0.0206 -0.3767 -0.9261
vn 0.0203 -0.3755 -0.9266
vn 0.0108 -0.2065 -0.9784
vn -0.0590 0.1505 -0.9868
vn -0.0296 0.0670 -0.9973
vn 0.0153 0.0489 -0.9987
vn 0.0005 0.1204 -0.9927
vn -0.0273 0.0677 -0.9973
vn 0.0362 0.2263 -0.9734
vn 0.0361 0.2263 -0.9734
vn -0.0323 0.4099 -0.9116
vn 0.0185 0.0489 -0.9986
vn 0.0227 0.0500 -0.9985
vn 0.0493 0.6694 -0.7413
vn 0.0575 -0.4851 -0.8726
vn 0.0927 -0.5660 -0.8192
vn 0.1183 -0.5574 -0.8218
vn 0.1062 -0.5192 -0.8480
vn 0.1340 -0.5106 -0.8493
vn 0.1241 -0.4705 -0.8736
vn 0.1516 -0.4625 -0.8735
vn 0.1424 -0.4156 -0.8983
vn 0.1702 -0.4081 -0.8969
vn 0.1622 -0.3560 -0.9203
vn 0.0130 0.7699 -0.6380
vn 0.0536 0.6701 -0.7403
vn 0.0174 0.7701 -0.6377
vn 0.0881 0.5903 -0.8023
vn 0.0253 0.7725 -0.6345
vn 0.2698 -0.5982 -0.7546
vn 0.2704 -0.5664 -0.7786
vn 0.2653 -0.3327 -0.9050
vn 0.2377 -0.1126 -0.9648
vn 0.2352 -0.0924 -0.9675
vn 0.2383 -0.1118 -0.9647
vn 0.1994 0.1561 -0.9674
vn 0.1461 0.3750 -0.9154
vn 0.1429 0.3893 -0.9100
vn 0.1464 0.3764 -0.9148
vn 0.0214 0.7823 -0.6225
vn 0.0492 0.4235 -0.9046
vn 0.0491 0.4234 -0.9046
vn 0.0398 0.4472 -0.8935
vn -0.0222 0.5565 -0.8306
vn 0.0609 0.2435 -0.9680
vn 0.1174 0.0282 -0.9927
vn -0.0698 0.8060 -0.5878
vn -0.0135 0.6927 -0.7211
vn 0.0224 0.5782 -0.8156
vn 0.0627 0.4521 -0.8898
vn 0.0816 0.3781 -0.9222
vn 0.1154 0.2554 -0.9599
vn 0.1393 0.1449 -0.9796
vn 0.1644 0.0386 -0.9856
vn 0.1893 -0.1010 -0.9767
vn 0.2234 -0.2816 -0.9332
vn 0.2289 -0.3395 -0.9123
vn 0.2559 -0.6508 -0.7148
vn 0.2578 -0.6086 -0.7505
vn -0.0802 0.0443 -0.9958
vn 0.0275 -0.3031 -0.9526
vn 0.0649 -0.2916 -0.9543
vn 0.0426 -0.1992 -0.9790
vn 0.0765 -0.1894 -0.9789
vn 0.0564 -0.0919 -0.9942
vn 0.0911 -0.0825 -0.9924
vn 0.0726 0.0195 -0.9972
vn 0.1168 0.0304 -0.9927
vn 0.1913 -0.3488 -0.9175
vn 0.1848 -0.2902 -0.9390
vn 0.2384 -0.6356 -0.7343
vn 0.2366 -0.6359 -0.7346
vn 0.2670 -0.1079 -0.9576
vn 0.0559 0.7779 -0.6259
vn 0.0564 0.7767 -0.6273
vn 0.0566 0.7763 -0.6278
vn 0.0564 0.7772 -0.6267
vn 0.0564 0.7773 -0.6266
vn 0.2836 -0.5753 -0.7672
vn 0.2867 -0.5961 -0.7500
vn 0.2832 -0.5713 -0.7704
vn 0.2666 -0.1038 -0.9582
vn 0.2672 -0.1086 -0.9575
vn 0.2824 -0.5615 -0.7778
vn 0.2824 -0.5650 -0.7753
vn 0.2822 -0.5614 -0.7779
vn 0.2822 -0.5660 -0.7746
vn 0.2829 -0.5634 -0.7763
vn 0.2659 -0.1006 -0.9587
vn 0.2624 -0.0752 -0.9620
vn 0.1853 0.3808 -0.9059
vn 0.1839 0.3857 -0.9041
vn 0.1847 0.3820 -0.9055
vn 0.1833 0.3870 -0.9037
vn 0.0519 0.7870 -0.6148
vn 0.0579 0.7740 -0.6305
vn 0.0247 0.8413 -0.5400
vn 0.7726 -0.2142 -0.5976
vn 0.8695 0.1714 -0.4631
vn 0.1652 0.7881 -0.5930
vn 0.5340 0.6022 -0.5935
vn 0.5336 0.6023 -0.5937
vn 0.2784 0.7454 -0.6057
vn 0.4548 0.7265 -0.5152
vn 0.5556 0.5532 -0.6207
vn 0.6349 0.6355 -0.4394
vn 0.7924 0.5409 -0.2820
vn 0.8110 0.2175 -0.5431
vn 0.7769 0.5527 -0.3017
vn 0.7768 0.5522 -0.3026
vn 0.9681 0.0314 -0.2486
vn 0.9535 0.0701 -0.2932
vn 0.3615 -0.6351 -0.6826
vn 0.4244 -0.5935 -0.6839
vn 0.4002 -0.5844 -0.7060
vn 0.3681 -0.6057 -0.7054
vn 0.3307 -0.5668 -0.7546
vn 0.2370 0.3924 -0.8887
vn 0.1346 0.7687 -0.6253
vn 0.0739 0.8459 -0.5282
vn 0.1238 0.7821 -0.6107
vn 0.5551 0.5533 -0.6211
vn 0.4750 0.6089 -0.6353
vn 0.5427 0.4310 -0.7209
vn 0.4249 0.4442 -0.7888
vn 0.3753 0.4915 -0.7859
vn 0.2500 0.4886 -0.8359
vn 0.3473 0.4040 -0.8462
vn 0.9549 0.0560 -0.2916
vn 0.8866 0.3568 -0.2943
vn 0.9093 0.1378 -0.3926
vn 0.6186 0.4974 -0.6082
vn 0.7512 0.4447 -0.4878
vn 0.8013 0.3046 -0.5149
vn 0.9000 0.2217 -0.3754
vn 0.9081 0.1531 -0.3897
vn 0.7834 -0.2327 -0.5763
vn 0.6284 0.0936 -0.7722
vn 0.7436 0.0483 -0.6669
vn 0.7435 -0.0528 -0.6667
vn 0.8162 -0.1131 -0.5666
vn 0.7942 -0.1970 -0.5749
vn 0.3929 0.2508 -0.8847
vn 0.4130 0.2510 -0.8755
vn 0.4494 0.2062 -0.8692
vn 0.5348 0.1975 -0.8216
vn 0.4807 0.2818 -0.8304
vn 0.6993 0.2312 -0.6764
vn 0.6672 0.2950 -0.6839
vn 0.7668 0.2541 -0.5895
vn 0.7879 0.1327 -0.6013
vn 0.8955 0.0386 -0.4434
vn 0.9009 0.1537 -0.4059
vn 0.4085 -0.2833 -0.8677
vn 0.3561 -0.0907 -0.9300
vn 0.3327 -0.5556 -0.7620
vn 0.3358 -0.5674 -0.7519
vn 0.3383 -0.5524 -0.7618
vn 0.3389 -0.5527 -0.7614
vn 0.4005 -0.6307 -0.6647
vn 0.4016 -0.6296 -0.6651
vn 0.4692 -0.5922 -0.6551
vn 0.4636 -0.5814 -0.6686
vn 0.6998 -0.3860 -0.6011
vn 0.6133 -0.3130 -0.7252
vn 0.6546 -0.2711 -0.7057
vn 0.5236 -0.2207 -0.8229
vn 0.6061 -0.1066 -0.7882
vn 0.3641 -0.2782 -0.8888
vn 0.5364 -0.0492 -0.8425
vn 0.4069 -0.0365 -0.9128
vn 0.4339 0.0909 -0.8964
vn 0.3455 -0.0890 -0.9342
vn 0.3416 -0.0619 -0.9378
vn 0.0778 -0.8100 -0.5812
vn 0.2174 -0.7465 -0.6289
vn 0.2205 -0.7733 -0.5945
vn 0.1950 -0.9802 -0.0333
vn 0.1631 -0.9863 -0.0263
vn 0.1636 -0.9862 -0.0263
vn 0.2141 -0.9756 -0.0483
vn 0.1996 -0.9773 -0.0709
vn 0.2005 -0.9786 -0.0469
vn 0.1954 -0.9749 -0.1069
vn 0.1989 -0.9580 -0.2067
vn 0.2030 -0.9733 -0.1074
vn 0.2087 -0.9218 -0.3267
vn 0.2087 -0.9220 -0.3262
vn 0.2130 -0.9211 -0.3260
vn 0.2041 -0.7768 -0.5957
vn 0.2189 -0.8600 -0.4609
vn 0.2199 -0.8950 -0.3882
vn 0.2085 -0.8623 -0.4615
vn 0.2085 -0.8624 -0.4613
vn 0.2187 -0.7462 -0.6288
vn 0.2266 -0.7468 -0.6252
vn 0.2356 -0.7790 -0.5811
vn 0.2312 -0.7326 -0.6401
vn 0.2299 -0.7101 -0.6656
vn 0.2306 -0.6933 -0.6827
vn 0.2312 -0.6813 -0.6945
vn 0.2313 -0.6805 -0.6953
vn 0.2360 -0.6611 -0.7122
vn 0.2269 -0.6830 -0.6943
vn 0.2343 -0.6603 -0.7135
vn 0.2191 -0.6847 -0.6951
vn 0.2255 -0.6434 -0.7316
vn 0.2270 -0.6365 -0.7371
vn 0.2321 -0.6425 -0.7303
vn 0.2368 -0.6564 -0.7162
vn 0.2368 -0.6564 -0.7163
vn 0.2367 -0.6563 -0.7164
vn 0.2368 -0.6563 -0.7164
vn 0.2672 -0.6953 -0.6672
vn 0.2697 -0.7015 -0.6597
vn 0.2484 -0.6999 -0.6696
vn 0.2604 -0.7248 -0.6378
vn 0.2609 -0.7266 -0.6356
vn 0.2610 -0.7269 -0.6352
vn 0.2182 -0.7461 -0.6291
vn 0.2168 -0.7820 -0.5844
vn 0.2106 -0.7714 -0.6005
vn 0.1976 -0.7965 -0.5714
vn 0.1977 -0.7966 -0.5713
vn 0.2004 -0.8003 -0.5650
vn 0.2110 -0.7717 -0.6000
vn 0.1756 -0.8120 -0.5566
vn 0.1775 -0.8136 -0.5536
vn 0.1873 -0.8035 -0.5651
vn 0.1546 -0.8160 -0.5570
vn 0.1754 -0.8114 -0.5575
vn 0.1749 -0.8115 -0.5575
vn 0.1431 -0.7769 -0.6132
vn 0.1537 -0.7803 -0.6063
vn 0.1598 -0.8031 -0.5740
vn 0.1347 -0.7399 -0.6591
vn 0.1288 -0.7576 -0.6399
vn 0.1495 -0.7514 -0.6427
vn 0.1602 -0.7465 -0.6458
vn 0.1447 -0.7489 -0.6467
vn 0.1312 -0.7461 -0.6528
vn 0.1292 -0.7491 -0.6498
vn 0.1280 -0.7504 -0.6485
vn 0.1243 -0.7556 -0.6431
vn 0.0891 -0.8009 -0.5921
vn 0.0985 -0.7642 -0.6374
vn 0.1128 -0.7734 -0.6237
vn 0.1124 -0.7732 -0.6242
vn 0.1298 -0.7876 -0.6024
vn 0.1179 -0.7778 -0.6174
vn 0.1240 -0.7834 -0.6091
vn 0.1243 -0.7839 -0.6083
vn 0.1436 -0.7769 -0.6130
vn 0.1435 -0.7769 -0.6130
vn 0.1587 -0.7311 -0.6636
vn 0.1585 -0.7312 -0.6634
vn 0.1572 -0.7456 -0.6476
vn 0.1573 -0.7455 -0.6477
vn 0.0778 -0.8108 -0.5801
vn 0.0932 -0.7675 -0.6343
vn 0.1239 -0.7542 -0.6448
vn 0.1091 -0.7701 -0.6286
vn 0.0849 -0.7728 -0.6290
vn 0.1005 -0.7630 -0.6386
vn 0.0788 -0.9254 -0.3708
vn 0.0793 -0.9287 -0.3623
vn 0.0836 -0.8682 -0.4890
vn 0.0836 -0.8683 -0.4890
vn 0.0636 -0.9969 -0.0468
vn 0.0801 -0.9885 -0.1280
vn 0.0762 -0.9809 -0.1792
vn 0.0733 -0.9699 -0.2321
vn 0.0731 -0.9689 -0.2364
vn 0.0636 -0.9969 -0.0467
vn 0.0740 -0.9968 -0.0306
vn 0.0739 -0.9961 -0.0476
vn 0.0738 -0.9961 -0.0487
vn 0.0753 -0.9970 -0.0170
vn 0.0680 -0.9977 -0.0058
vn 0.1225 -0.9919 -0.0344
vn 0.1003 -0.9949 -0.0094
vn 0.2026 -0.9761 -0.0786
vn 0.1430 -0.9869 -0.0750
vn 0.1763 -0.9835 -0.0416
vn 0.1623 -0.9859 -0.0407
vn 0.1557 -0.9869 -0.0433
vn 0.1313 -0.9910 -0.0272
vn 0.1765 -0.9234 -0.3408
vn 0.1350 -0.9305 -0.3406
vn 0.1496 -0.9429 -0.2975
vn 0.1050 -0.9493 -0.2964
vn 0.1178 -0.9586 -0.2594
vn 0.0732 -0.9635 -0.2576
vn 0.0799 -0.9684 -0.2362
vn 0.1550 -0.8159 -0.5571
vn 0.1476 -0.8204 -0.5524
vn 0.1623 -0.8259 -0.5399
vn 0.1126 -0.8333 -0.5413
vn 0.1313 -0.8466 -0.5157
vn 0.0957 -0.8512 -0.5160
vn 0.0779 -0.8110 -0.5799
vn 0.2030 -0.8588 -0.4704
vn 0.1839 -0.9029 -0.3884
vn 0.1604 -0.9073 -0.3887
vn 0.2194 -0.6845 -0.6952
vn 0.2231 -0.7838 -0.5795
vn 0.2173 -0.7851 -0.5800
vn 0.2006 -0.8407 -0.5030
vn 0.2067 -0.8489 -0.4864
vn 0.1685 -0.8564 -0.4880
vn 0.1852 -0.8776 -0.4422
vn 0.1426 -0.8851 -0.4430
vn 0.1574 -0.9021 -0.4017
vn 0.1109 -0.9091 -0.4016
vn 0.1238 -0.9224 -0.3660
vn 0.0785 -0.9277 -0.3649
vn 0.0793 -0.9285 -0.3627
vn 0.2117 -0.9318 -0.2948
vn 0.1834 -0.9379 -0.2946
vn 0.1516 -0.9087 -0.3890
vn 0.0956 -0.9929 -0.0710
vn 0.1226 -0.9898 -0.0726
vn 0.1213 -0.9898 -0.0747
vn 0.1464 -0.9816 -0.1223
vn 0.1536 -0.9805 -0.1227
vn 0.1682 -0.9741 -0.1513
vn 0.1733 -0.9731 -0.1515
vn 0.1876 -0.9656 -0.1803
vn 0.2034 -0.9622 -0.1809
vn 0.2059 -0.9564 -0.2073
vn 0.0636 -0.9969 -0.0471
vn 0.0733 -0.9873 -0.1406
vn 0.0931 -0.9855 -0.1417
vn 0.1101 -0.9787 -0.1735
vn 0.1198 -0.9775 -0.1739
vn 0.1399 -0.9673 -0.2116
vn 0.1439 -0.9667 -0.2117
vn 0.1659 -0.9530 -0.2534
vn 0.1651 -0.9532 -0.2534
vn 0.1879 -0.9360 -0.2975
vn 0.2073 -0.9319 -0.2976
vn 0.1962 -0.8500 -0.4889
vn 0.2292 -0.8427 -0.4872
vn 0.2206 -0.7738 -0.5938
vn 0.4144 -0.1024 0.9043
vn 0.4143 -0.1014 0.9045
vn 0.1533 0.7761 0.6117
vn 0.1522 0.7779 0.6097
vn 0.1528 0.7771 0.6105
vn 0.1529 0.7768 0.6109
vn 0.3996 -0.5633 0.7232
vn 0.3998 -0.5609 0.7250
vn 0.3994 -0.5617 0.7245
vn 0.3988 -0.5658 0.7217
vn 0.3993 -0.5798 0.7102
vn 0.3983 -0.5754 0.7144
vn 0.3989 -0.5716 0.7171
vn 0.3601 -0.5699 0.7386
vn 0.4118 -0.1084 0.9048
vn 0.3856 0.1575 0.9091
vn 0.4117 -0.1080 0.9049
vn 0.3218 0.3860 0.8646
vn 0.3228 0.3819 0.8660
vn 0.3213 0.3870 0.8643
vn 0.3229 0.3808 0.8665
vn 0.1512 0.7794 0.6080
vn 0.1466 0.7870 0.5992
vn 0.1455 0.7877 0.5986
vn 0.1524 0.7779 0.6097
vn 0.2468 -0.5549 0.7945
vn 0.3158 -0.9447 0.0887
vn 0.0149 -0.8965 -0.4428
vn 0.0922 -0.9912 0.0945
vn 0.2750 -0.6476 0.7106
vn 0.2263 -0.6989 0.6785
vn 0.3849 -0.7460 0.5435
vn 0.3568 -0.6842 0.6360
vn 0.3571 -0.7178 0.5977
vn 0.3574 -0.7177 0.5976
vn 0.3161 -0.7105 0.6287
vn 0.3173 -0.7097 0.6290
vn 0.3413 -0.6720 0.6573
vn 0.3371 -0.7214 0.6049
vn 0.3372 -0.7214 0.6049
vn 0.3176 -0.7103 0.6282
vn 0.3252 -0.6614 0.6759
vn 0.2965 -0.7046 0.6447
vn 0.2732 -0.7105 0.6486
vn 0.2725 -0.7105 0.6488
vn 0.2730 -0.7093 0.6499
vn 0.2965 -0.6279 0.7196
vn 0.2398 -0.7346 0.6347
vn 0.2397 -0.7346 0.6348
vn 0.2488 -0.7123 0.6563
vn 0.2544 -0.7035 0.6636
vn 0.2219 -0.7367 0.6388
vn 0.2597 -0.6619 0.7032
vn 0.2541 -0.7034 0.6638
vn 0.2499 -0.6704 0.6986
vn 0.2150 -0.7408 0.6364
vn 0.2154 -0.7409 0.6362
vn 0.2326 -0.6887 0.6868
vn 0.2220 -0.7069 0.6716
vn 0.2215 -0.7066 0.6720
vn 0.2161 -0.6964 0.6844
vn 0.2244 -0.6982 0.6798
vn 0.2239 -0.6982 0.6800
vn 0.2299 -0.7014 0.6747
vn 0.2342 -0.7058 0.6686
vn 0.2347 -0.7054 0.6688
vn 0.2339 -0.7042 0.6703
vn 0.2356 -0.6995 0.6747
vn 0.2487 -0.7177 0.6504
vn 0.2326 -0.6638 0.7108
vn 0.2753 -0.7526 0.5982
vn 0.2332 -0.6658 0.7088
vn 0.2331 -0.6658 0.7088
vn 0.2754 -0.6475 0.7106
vn 0.2753 -0.6481 0.7100
vn 0.2896 -0.7419 0.6047
vn 0.2502 -0.6507 0.7169
vn 0.2504 -0.6506 0.7169
vn 0.3032 -0.6684 0.6792
vn 0.3029 -0.6685 0.6792
vn 0.3225 -0.6437 0.6940
vn 0.3314 -0.6413 0.6920
vn 0.3203 -0.6469 0.6921
vn 0.3261 -0.6995 0.6359
vn 0.3005 -0.6654 0.6833
vn 0.3446 -0.6905 0.6359
vn 0.3415 -0.6226 0.7041
vn 0.3461 -0.6215 0.7028
vn 0.3587 -0.6630 0.6571
vn 0.3675 -0.6061 0.7054
vn 0.3797 -0.6409 0.6671
vn 0.3674 -0.6049 0.7065
vn 0.3681 -0.6048 0.7062
vn 0.1831 0.4735 0.8615
vn 0.1718 0.3140 0.9338
vn 0.1721 0.3141 0.9337
vn 0.0215 0.8058 0.5917
vn 0.1819 0.4766 0.8601
vn 0.1833 0.4736 0.8614
vn 0.1469 0.2071 0.9672
vn 0.1208 0.4570 0.8812
vn 0.1470 0.2071 0.9672
vn 0.1326 0.2434 0.9608
vn 0.1177 0.3066 0.9445
vn 0.1358 0.0460 0.9897
vn 0.1426 0.0238 0.9895
vn 0.1423 0.0238 0.9895
vn 0.1128 -0.2780 0.9540
vn 0.1289 -0.1368 0.9822
vn 0.1268 -0.1255 0.9840
vn 0.1191 -0.1015 0.9877
vn 0.1188 -0.1016 0.9877
vn 0.1136 -0.2777 0.9539
vn -0.0554 0.1964 0.9790
vn 0.1504 -0.5200 0.8408
vn 0.1505 -0.5200 0.8408
vn -0.1599 0.1411 0.9770
vn 0.1565 -0.6051 0.7806
vn 0.0353 -0.6898 0.7232
vn 0.1120 -0.6132 0.7820
vn 0.1498 -0.6522 0.7431
vn 0.1530 -0.6500 0.7444
vn -0.0730 -0.3052 0.9495
vn 0.1574 -0.6066 0.7793
vn 0.1560 -0.6053 0.7805
vn 0.1460 -0.7256 0.6725
vn 0.1453 -0.7244 0.6739
vn 0.0754 -0.6541 0.7527
vn 0.1101 -0.6654 0.7384
vn 0.0695 -0.7052 0.7056
vn 0.1564 -0.6992 0.6976
vn 0.0165 -0.7318 0.6813
vn 0.1332 -0.7925 0.5952
vn 0.1338 -0.7945 0.5923
vn 0.1367 -0.8315 0.5384
vn -0.2641 -0.8547 -0.4470
vn 0.0924 -0.9912 0.0945
vn -0.0062 -0.9998 -0.0184
vn 0.0600 -0.9889 0.1356
vn 0.0888 -0.9691 0.2301
vn 0.0321 -0.9740 0.2241
vn 0.0820 -0.9927 -0.0880
vn 0.0346 -0.9676 -0.2501
vn -0.0034 -0.9451 -0.3267
vn -0.0008 -0.7697 -0.6384
vn -0.0007 -0.7697 -0.6384
vn -0.0066 -0.7620 -0.6475
vn -0.0278 -0.7191 -0.6944
vn 0.3715 -0.7444 0.5548
vn 0.3713 -0.7106 0.5977
vn 0.3738 -0.7398 0.5593
vn 0.3158 -0.9447 0.0883
vn 0.3138 -0.9464 0.0763
vn 0.2637 -0.9604 0.0904
vn 0.2822 -0.9421 0.1813
vn 0.2386 -0.9513 0.1951
vn 0.2595 -0.8663 0.4268
vn 0.2465 -0.8955 0.3705
vn 0.2844 -0.8896 0.3573
vn 0.2918 -0.8719 0.3933
vn 0.3249 -0.8648 0.3829
vn 0.3170 -0.8899 0.3280
vn 0.3574 -0.8786 0.3167
vn 0.3713 -0.7556 0.5396
vn 0.2090 -0.8388 0.5027
vn 0.2250 -0.8059 0.5476
vn 0.2007 -0.8051 0.5582
vn 0.2088 -0.7888 0.5782
vn 0.1906 -0.7873 0.5864
vn 0.2024 -0.7668 0.6091
vn 0.1816 -0.7634 0.6199
vn 0.2084 -0.5678 0.7964
vn 0.2253 -0.6118 0.7583
vn 0.1936 -0.6246 0.7565
vn 0.2059 -0.6447 0.7362
vn 0.1862 -0.6550 0.7323
vn 0.1939 -0.6625 0.7236
vn 0.1811 -0.6718 0.7183
vn 0.1846 -0.6737 0.7156
vn 0.1723 -0.6848 0.7080
vn 0.1890 -0.6888 0.6999
vn 0.1838 -0.7022 0.6879
vn 0.2700 -0.3009 0.9146
vn 0.3432 -0.2011 0.9175
vn 0.3276 -0.1084 0.9386
vn 0.2840 -0.3698 0.8846
vn 0.2497 -0.3797 0.8908
vn 0.2687 -0.5008 0.8228
vn 0.2342 -0.5113 0.8269
vn 0.3875 -0.1119 0.9150
vn 0.3860 -0.5666 0.7280
vn 0.3842 -0.5819 0.7168
vn 0.3852 -0.5735 0.7230
vn 0.2762 0.1410 0.9507
vn 0.3054 0.0201 0.9520
vn 0.2542 0.0078 0.9671
vn 0.2972 -0.2120 0.9310
vn 0.3115 -0.2898 0.9050
vn 0.1103 0.7697 0.6288
vn 0.0059 0.9131 0.4078
vn 0.1186 0.7705 0.6263
vn 0.1364 0.4185 0.8979
vn 0.1859 0.4304 0.8833
vn 0.1347 0.5848 0.7999
vn 0.2021 0.5979 0.7757
vn 0.1109 0.7810 0.6146
vn 0.0717 -0.9547 -0.2889
vn 0.0784 -0.9534 -0.2913
vn 0.0266 -0.9098 -0.4141
vn 0.0891 -0.8965 -0.4340
vn 0.0218 -0.8107 -0.5851
vn 0.1822 -0.9029 -0.3894
vn 0.0035 -0.6358 -0.7719
vn -0.0324 -0.5633 -0.8256
vn 0.0008 -0.6350 -0.7725
vn 0.0937 -0.7908 -0.6049
vn 0.0092 -0.6365 -0.7712
vn 0.0017 -0.6214 -0.7835
vn 0.1411 -0.9883 0.0573
vn 0.0996 -0.9921 -0.0759
vn 0.1461 -0.9850 -0.0920
vn 0.1048 -0.9683 -0.2266
vn 0.1564 -0.9573 -0.2429
vn 0.1103 -0.9144 -0.3896
vn 0.1752 -0.8962 -0.4075
vn 0.2249 -0.6964 0.6815
vn 0.2245 -0.6965 0.6815
vn 0.1847 -0.7020 0.6878
vn 0.1886 -0.7126 0.6757
vn 0.1245 -0.7421 0.6586
vn 0.1462 -0.7601 0.6332
vn -0.2805 -0.9353 0.2159
vn 0.1346 -0.7929 0.5943
vn 0.2469 -0.6842 0.6862
vn 0.2357 -0.6896 0.6848
vn 0.1721 -0.7213 0.6709
vn 0.1840 -0.7311 0.6570
vn 0.1135 -0.7869 0.6066
vn 0.1477 -0.7996 0.5821
vn -0.4508 -0.7264 -0.5188
vn 0.1366 -0.8315 0.5385
vn 0.2157 -0.6719 0.7086
vn 0.2377 -0.6835 0.6901
vn 0.1809 -0.7340 0.6546
vn 0.1985 -0.7405 0.6421
vn 0.1118 -0.8403 0.5305
vn 0.1475 -0.8462 0.5120
vn 0.2084 -0.7644 0.6101
vn 0.1239 -0.9103 0.3949
vn 0.1552 -0.9113 0.3815
vn 0.1180 -0.9537 0.2768
vn 0.1644 -0.9519 0.2585
vn 0.2418 -0.8377 0.4897
vn 0.2274 -0.8694 0.4387
vn 0.3094 -0.6475 0.6964
vn 0.2970 -0.7046 0.6445
vn 0.0827 -0.9927 -0.0883
vn 0.0069 -0.9855 -0.1698
vn 0.0956 -0.9926 0.0744
vn 0.1520 -0.9621 0.2264
vn 0.1936 -0.9581 0.2111
vn 0.1639 -0.9804 0.1092
vn 0.2069 -0.9738 0.0942
vn 0.1756 -0.9842 -0.0210
vn 0.2237 -0.9740 -0.0364
vn 0.1923 -0.9687 -0.1572
vn 0.2474 -0.9534 -0.1725
vn 0.1881 -0.9005 -0.3921
vn 0.3060 -0.7252 0.6168
vn 0.2749 -0.5203 0.8086
vn 0.3063 -0.5112 0.8030
vn 0.2997 -0.4706 0.8299
vn 0.3330 -0.4616 0.8222
vn 0.3270 -0.4137 0.8497
vn 0.3627 -0.4051 0.8392
vn 0.3580 -0.3525 0.8646
vn 0.3928 -0.3455 0.8522
vn 0.3790 -0.0979 0.9202
vn 0.3810 -0.1124 0.9177
vn 0.3417 0.1541 0.9271
vn 0.2806 0.3753 0.8834
vn 0.1309 -0.7630 0.6331
vn -0.0185 -0.7941 0.6075
vn 0.1362 -0.7364 0.6627
vn 0.1282 -0.7161 0.6861
vn -0.3994 0.6572 -0.6393
vn 0.1361 -0.6991 0.7020
vn 0.1450 -0.6764 0.7221
vn 0.1293 -0.6721 0.7291
vn 0.1503 -0.6505 0.7445
vn 0.1319 -0.6389 0.7579
vn 0.1568 -0.6210 0.7679
vn 0.1321 -0.5942 0.7934
vn 0.1675 -0.5758 0.8003
vn 0.1368 -0.5213 0.8424
vn 0.1855 -0.5015 0.8451
vn 0.1479 -0.3998 0.9046
vn 0.2009 -0.3821 0.9020
vn 0.1692 -0.2779 0.9456
vn 0.2187 -0.2626 0.9398
vn 0.1882 -0.1544 0.9699
vn 0.2373 -0.1404 0.9612
vn 0.2047 -0.0244 0.9785
vn 0.2577 -0.0104 0.9662
vn 0.1940 0.2224 0.9554
vn 0.2529 0.2364 0.9382
vn 0.2076 0.3796 0.9016
vn 0.2754 0.3933 0.8772
vn 0.2815 0.3742 0.8836
vn 0.3479 -0.9340 0.0813
vn 0.0442 -0.6207 -0.7828
vn 0.0436 -0.6198 -0.7836
vn 0.0447 -0.6219 -0.7818
vn 0.0440 -0.6204 -0.7830
vn 0.0454 -0.6246 -0.7796
vn 0.3854 -0.7458 0.5433
vn 0.3861 -0.7421 0.5480
vn 0.3865 -0.7392 0.5515
vn 0.3471 -0.9346 0.0771
vn 0.3481 -0.9339 0.0817
vn 0.3848 -0.7535 0.5331
vn 0.3844 -0.7512 0.5367
vn 0.3846 -0.7680 0.5121
vn 0.3844 -0.7502 0.5379
vn 0.3849 -0.7517 0.5355
vn 0.3460 -0.9354 0.0729
vn 0.3533 -0.9277 0.1209
vn 0.2243 -0.8884 -0.4005
vn 0.2223 -0.8868 -0.4052
vn 0.2245 -0.8889 -0.3993
vn 0.2225 -0.8872 -0.4043
vn 0.0381 -0.6088 -0.7924
vn 0.0426 -0.6177 -0.7852
vn 0.0436 -0.6195 -0.7838
vn 0.6913 -0.6342 0.3463
vn 0.4732 -0.6781 0.5623
vn 0.3596 -0.6057 -0.7098
vn 0.3487 -0.5956 -0.7237
vn 0.3475 -0.5963 -0.7236
vn 0.7539 -0.4242 -0.5017
vn 0.6912 -0.6167 -0.3767
vn 0.8288 -0.4672 -0.3079
vn 0.8140 -0.4874 -0.3160
vn 0.7462 -0.2299 -0.6248
vn 0.9730 -0.2223 -0.0625
vn 0.9748 -0.2155 -0.0583
vn 0.9716 -0.2291 -0.0599
vn 0.9711 -0.2378 -0.0188
vn 0.5140 -0.6225 0.5902
vn 0.4901 -0.6511 0.5796
vn 0.4929 -0.6477 0.5809
vn 0.4990 -0.6247 0.6006
vn 0.5132 -0.6212 0.5922
vn 0.5150 -0.6203 0.5916
vn 0.2884 -0.8610 -0.4189
vn 0.4409 -0.8518 -0.2828
vn 0.3806 -0.8167 -0.4338
vn 0.2897 -0.8094 -0.5109
vn 0.1202 -0.5875 -0.8002
vn 0.2045 -0.6845 -0.6998
vn 0.2097 -0.5505 -0.8081
vn 0.2100 -0.5508 -0.8078
vn 0.4921 -0.8222 -0.2860
vn 0.5297 -0.8143 -0.2372
vn 0.4307 -0.7359 -0.5224
vn 0.4885 -0.7372 -0.4667
vn 0.3469 -0.6106 -0.7119
vn 0.3503 -0.6113 -0.7096
vn 0.3476 -0.5955 -0.7243
vn 0.7540 -0.4241 -0.5017
vn 0.4710 -0.5059 -0.7226
vn 0.6367 -0.6634 -0.3931
vn 0.5878 -0.6660 -0.4592
vn 0.6540 -0.7369 -0.1712
vn 0.6237 -0.7470 -0.2302
vn 0.8720 -0.4786 -0.1027
vn 0.8528 -0.4587 -0.2496
vn 0.8273 -0.4766 0.2974
vn 0.9636 -0.2641 -0.0417
vn 0.9583 -0.2853 0.0169
vn 0.9122 -0.3725 0.1708
vn 0.8331 -0.5496 0.0627
vn 0.8389 -0.5422 -0.0482
vn 0.5033 -0.8267 0.2514
vn 0.4522 -0.8904 0.0527
vn 0.4266 -0.7361 0.5256
vn 0.4347 -0.7036 0.5621
vn 0.4479 -0.7431 0.4972
vn 0.4444 -0.7306 0.5185
vn 0.5352 -0.5967 0.5980
vn 0.4999 -0.6026 0.6221
vn 0.5409 -0.5791 0.6100
vn 0.4759 -0.6762 0.5624
vn 0.4728 -0.6623 0.5813
vn 0.6135 -0.7459 0.2593
vn 0.6075 -0.7327 0.3067
vn 0.6558 -0.7487 0.0970
vn 0.7572 -0.6373 0.1434
vn 0.7252 -0.6085 0.3224
vn 0.7777 -0.4905 0.3931
vn 0.8289 -0.4754 0.2946
vn 0.4365 -0.8959 0.0824
vn 0.4304 -0.9010 0.0535
vn 0.5079 -0.8341 -0.2151
vn 0.4920 -0.8706 0.0059
vn 0.6360 -0.7715 0.0171
vn 0.7243 -0.6488 -0.2333
vn 0.7281 -0.6682 -0.1527
vn 0.7460 -0.6592 -0.0943
vn 0.7149 -0.5913 -0.3733
vn 0.7512 -0.5873 -0.3013
vn 0.6969 -0.5219 -0.4918
vn 0.8296 -0.3611 -0.4259
vn 0.8795 -0.3922 -0.2694
vn 0.9660 -0.2072 -0.1549
vn 0.9697 -0.2426 -0.0301
vn 0.8386 -0.4232 0.3430
vn 0.5391 -0.5994 0.5918
vn 0.9643 -0.2202 0.1469
vn 0.8411 -0.3981 0.3663
vn 0.8403 -0.3988 0.3672
vn 0.8393 -0.3999 0.3684
vn 0.8416 -0.3975 0.3657
vn 0.9886 -0.1317 0.0732
vn 0.9956 -0.0899 0.0265
vn 0.9893 -0.1286 0.0695
vn 0.9907 -0.1216 0.0611
vn 0.9885 -0.1325 0.0725
vn 0.9876 -0.1474 0.0545
vn 0.9875 -0.1478 0.0549
vn 0.9879 -0.1438 0.0584
vn 0.9876 -0.1450 0.0597
vn 0.6690 -0.5603 0.4883
vn 0.9643 -0.2206 0.1467
vn 0.9644 -0.2191 0.1481
vn 0.5376 -0.6387 0.5506
vn 0.8379 -0.4312 0.3346
vn 0.7655 -0.5032 0.4010
vn 0.8368 -0.4394 0.3266
vn 0.9874 -0.1484 0.0554
vn 0.5356 -0.5929 0.6014
vn 0.3674 -0.6466 0.6685
vn 0.3640 -0.6948 0.6202
vn 0.9006 -0.3318 0.2806
vn 0.5338 -0.6476 0.5437
vn 0.2884 0.8010 0.5247
vn 0.9860 -0.0706 0.1512
vn 0.8965 0.2356 0.3753
vn 0.8891 0.2416 0.3887
vn 0.8910 0.2899 0.3494
vn 0.8786 0.3008 0.3709
vn 0.9177 0.3160 0.2409
vn 0.9935 0.0523 0.1011
vn 0.9939 0.0504 0.0982
vn 0.8888 0.2427 0.3888
vn 0.5298 0.7954 0.2943
vn 0.4954 0.6530 0.5729
vn 0.3553 0.7877 0.5032
vn 0.4972 0.6536 0.5706
vn 0.4994 0.6527 0.5697
vn 0.5002 -0.6488 0.5735
vn 0.4936 -0.6362 0.5930
vn 0.5110 -0.6262 0.5889
vn 0.4525 -0.5921 0.6669
vn 0.4902 -0.6128 0.6199
vn 0.4960 -0.5842 0.6424
vn 0.4788 -0.5952 0.6454
vn 0.4879 -0.5963 0.6375
vn 0.4517 -0.5931 0.6665
vn 0.9861 -0.0710 0.1505
vn 0.9871 -0.0687 0.1449
vn 0.9849 -0.0820 0.1524
vn 0.9872 -0.0728 0.1417
vn 0.9773 0.0844 0.1944
vn 0.9451 -0.1446 0.2932
vn 0.9175 -0.0853 0.3885
vn 0.9116 -0.0034 0.4110
vn 0.8580 0.0511 0.5110
vn 0.7458 0.3933 0.5377
vn 0.7505 0.2749 0.6010
vn 0.7639 0.0565 0.6428
vn 0.8284 0.0187 0.5598
vn 0.8856 0.1964 0.4210
vn 0.8510 0.3912 0.3503
vn 0.7240 0.4604 0.5137
vn 0.6889 0.5867 0.4257
vn 0.4175 0.6324 0.6525
vn 0.3553 0.7878 0.5032
vn 0.4926 -0.0903 0.8656
vn 0.4449 0.1893 0.8753
vn 0.4871 -0.0326 0.8727
vn 0.5169 0.4057 0.7538
vn 0.5060 0.4353 0.7446
vn 0.5088 0.4063 0.7590
vn 0.2975 0.7920 0.5332
vn 0.4401 -0.5600 0.7019
vn 0.4444 -0.5559 0.7025
vn 0.4445 -0.5542 0.7037
vn 0.4447 -0.5540 0.7038
vn 0.4597 -0.2671 0.8470
vn 0.5539 -0.2675 0.7884
vn 0.5255 -0.1608 0.8354
vn 0.6524 -0.1817 0.7358
vn 0.6671 -0.2186 0.7122
vn 0.7081 -0.2333 0.6665
vn 0.5340 -0.6445 0.5472
vn 0.5031 -0.6555 0.5633
vn 0.5378 -0.6349 0.5547
vn 0.8387 -0.3864 0.3838
vn 0.8370 -0.3601 0.4121
vn 0.7762 -0.4408 0.4508
vn 0.7543 -0.3967 0.5231
vn 0.7764 -0.2879 0.5606
vn 0.7586 -0.3013 0.5778
vn 0.7143 -0.2732 0.6443
vn 0.7721 -0.0468 0.6337
vn 0.6965 0.1818 0.6942
vn 0.5847 0.2000 0.7862
vn 0.6020 -0.0134 0.7984
vn 0.5239 -0.0136 0.8517
vn 0.5297 -0.0828 0.8442
vn 0.3499 0.9338 0.0754
vn 0.3498 0.9339 0.0744
vn 0.3845 0.7536 0.5332
vn 0.0445 0.6212 -0.7824
vn 0.0437 0.6197 -0.7836
vn 0.0443 0.6205 -0.7829
vn 0.0444 0.6212 -0.7824
vn 0.3850 0.7521 0.5349
vn 0.3855 0.7455 0.5437
vn 0.3852 0.7470 0.5418
vn 0.3865 0.7424 0.5472
vn 0.3845 0.7504 0.5376
vn 0.3854 0.7532 0.5330
vn 0.3451 0.7643 0.5448
vn 0.3477 0.9341 0.0811
vn 0.3067 0.9341 -0.1827
vn 0.3477 0.9341 0.0816
vn 0.2230 0.8869 -0.4046
vn 0.2242 0.8884 -0.4005
vn 0.2224 0.8866 -0.4055
vn 0.2244 0.8889 -0.3994
vn 0.0427 0.6177 -0.7852
vn 0.0381 0.6088 -0.7924
vn 0.0370 0.6077 -0.7933
vn 0.0439 0.6197 -0.7836
vn 0.2277 0.8099 0.5406
vn 0.3805 0.1124 0.9179
vn 0.1290 -0.5949 0.7934
vn 0.1775 0.1719 0.9690
vn 0.1249 0.6225 0.7726
vn 0.2295 0.6985 0.6778
vn 0.3984 0.5722 0.7169
vn 0.3586 0.6620 0.6581
vn 0.3645 0.6235 0.6916
vn 0.3647 0.6235 0.6916
vn 0.3208 0.6513 0.6877
vn 0.3219 0.6516 0.6869
vn 0.3407 0.6818 0.6474
vn 0.3444 0.6295 0.6965
vn 0.3223 0.6508 0.6874
vn 0.3224 0.6991 0.6382
vn 0.2996 0.6657 0.6835
vn 0.2766 0.6678 0.6911
vn 0.2759 0.6680 0.6911
vn 0.2762 0.6694 0.6897
vn 0.2770 0.6913 0.6673
vn 0.2945 0.7550 0.5858
vn 0.2471 0.6535 0.7154
vn 0.2457 0.6540 0.7155
vn 0.2563 0.6821 0.6849
vn 0.2304 0.6589 0.7161
vn 0.2554 0.7217 0.6434
vn 0.2561 0.6822 0.6848
vn 0.2474 0.7171 0.6515
vn 0.2244 0.6562 0.7204
vn 0.2249 0.6561 0.7204
vn 0.2316 0.7027 0.6727
vn 0.2237 0.6868 0.6916
vn 0.2231 0.6871 0.6914
vn 0.2161 0.6988 0.6819
vn 0.2245 0.6952 0.6828
vn 0.2242 0.6953 0.6829
vn 0.2282 0.6927 0.6842
vn 0.2375 0.6858 0.6879
vn 0.2365 0.6853 0.6888
vn 0.2361 0.6856 0.6886
vn 0.2370 0.6899 0.6840
vn 0.2530 0.6671 0.7007
vn 0.2283 0.7259 0.6488
vn 0.2860 0.6174 0.7328
vn 0.2292 0.7239 0.6508
vn 0.2291 0.7238 0.6508
vn 0.2686 0.7300 0.6285
vn 0.2690 0.7300 0.6283
vn 0.2691 0.7294 0.6289
vn 0.3200 0.5222 0.7905
vn 0.2966 0.6328 0.7153
vn 0.2439 0.7344 0.6334
vn 0.2439 0.7344 0.6333
vn 0.3005 0.7007 0.6471
vn 0.3260 0.7147 0.6188
vn 0.3153 0.7139 0.6252
vn 0.3294 0.6592 0.6760
vn 0.3004 0.7008 0.6471
vn 0.3573 0.6822 0.6379
vn 0.3380 0.7269 0.5978
vn 0.3335 0.7278 0.5992
vn 0.3471 0.6598 0.6665
vn 0.3171 0.7161 0.6219
vn 0.3756 0.6940 0.6142
vn 0.3576 0.7323 0.5795
vn 0.3579 0.7322 0.5795
vn 0.0776 0.8723 -0.4827
vn 0.0687 0.9394 -0.3358
vn 0.0686 0.9394 -0.3358
vn -0.0811 0.6055 -0.7917
vn 0.0766 0.8711 -0.4852
vn 0.0778 0.8723 -0.4828
vn 0.0166 0.8881 -0.4594
vn 0.0418 0.9886 -0.1447
vn 0.0626 0.9817 -0.1799
vn 0.0610 0.9808 -0.1854
vn 0.0594 0.9802 -0.1889
vn 0.0596 0.9802 -0.1889
vn 0.0668 0.9968 0.0450
vn -0.0244 0.9629 -0.2688
vn -0.0177 0.9689 -0.2468
vn 0.0280 0.9894 -0.1427
vn 0.0417 0.9886 -0.1447
vn 0.0653 0.9886 0.1356
vn 0.0109 0.9999 0.0071
vn 0.0678 0.9967 0.0446
vn -0.0833 0.9959 -0.0366
vn 0.0422 0.9701 0.2390
vn 0.0796 0.9789 0.1883
vn 0.1339 0.7926 0.5948
vn 0.1341 0.7927 0.5947
vn -0.1500 0.9864 0.0675
vn 0.1204 0.8501 0.5126
vn 0.1200 0.8500 0.5129
vn 0.1335 0.7929 0.5945
vn -0.0533 0.9143 0.4015
vn 0.1348 0.7572 0.6392
vn 0.1350 0.7573 0.6390
vn 0.1353 0.7569 0.6393
vn 0.1347 0.7566 0.6399
vn -0.0707 0.7952 0.6021
vn 0.1259 0.7307 0.6710
vn 0.1525 0.6838 0.7136
vn 0.0228 0.7078 0.7060
vn 0.1533 0.7080 0.6894
vn 0.0202 0.6805 0.7325
vn 0.1391 0.5776 0.8044
vn 0.1376 0.5814 0.8019
vn 0.1495 0.5327 0.8330
vn -0.1020 -0.2961 0.9497
vn 0.0674 0.1710 0.9830
vn 0.1776 0.1719 0.9690
vn 0.0359 -0.1261 0.9914
vn 0.1247 0.1353 0.9829
vn 0.1535 0.2777 0.9483
vn 0.1526 0.2780 0.9484
vn 0.1626 -0.1035 0.9813
vn 0.1374 -0.2182 0.9662
vn 0.1145 -0.2735 0.9550
vn 0.1352 -0.4095 0.9022
vn 0.1550 -0.3424 0.9267
vn 0.1140 -0.2734 0.9551
vn 0.0522 -0.7590 0.6491
vn 0.1410 -0.3834 0.9128
vn 0.1413 -0.3835 0.9127
vn 0.3854 0.5722 0.7239
vn 0.3781 0.6246 0.6833
vn 0.3858 0.5871 0.7116
vn 0.3805 0.1129 0.9178
vn 0.3799 0.1041 0.9191
vn 0.3303 0.1142 0.9369
vn 0.3399 0.2032 0.9182
vn 0.2961 0.2137 0.9309
vn 0.2925 0.4476 0.8450
vn 0.2862 0.3901 0.8752
vn 0.3244 0.3798 0.8663
vn 0.3275 0.4159 0.8484
vn 0.3606 0.4080 0.8388
vn 0.3590 0.3534 0.8639
vn 0.3990 0.3451 0.8495
vn 0.3861 0.5666 0.7279
vn 0.2342 0.5181 0.8226
vn 0.2436 0.5619 0.7905
vn 0.2184 0.5705 0.7917
vn 0.2238 0.5916 0.7746
vn 0.2048 0.5986 0.7745
vn 0.2123 0.6198 0.7555
vn 0.1901 0.6291 0.7537
vn 0.1905 0.8088 0.5563
vn 0.2122 0.7744 0.5960
vn 0.1819 0.7701 0.6115
vn 0.1975 0.7504 0.6308
vn 0.1790 0.7449 0.6427
vn 0.1883 0.7364 0.6498
vn 0.1767 0.7301 0.6601
vn 0.1804 0.7277 0.6617
vn 0.1696 0.7193 0.6737
vn 0.1873 0.7123 0.6764
vn 0.1842 0.7001 0.6899
vn 0.2215 0.9322 0.2861
vn 0.2860 0.9412 0.1800
vn 0.2623 0.9606 0.0916
vn 0.2430 0.9034 0.3533
vn 0.2093 0.9068 0.3659
vn 0.2428 0.8405 0.4844
vn 0.2089 0.8419 0.4976
vn 0.3231 0.9424 0.0865
vn 0.3714 0.7559 0.5392
vn 0.3715 0.7516 0.5451
vn 0.3715 0.7503 0.5468
vn 0.1908 0.9694 -0.1542
vn 0.2294 0.9727 -0.0346
vn 0.1783 0.9838 -0.0184
vn 0.2401 0.9511 0.1945
vn 0.2626 0.9258 0.2719
vn 0.0015 0.6356 -0.7720
vn -0.0927 0.4172 -0.9041
vn 0.0093 0.6332 -0.7739
vn 0.0354 0.9074 -0.4187
vn 0.0846 0.8968 -0.4342
vn 0.0275 0.8092 -0.5869
vn 0.0952 0.7902 -0.6054
vn 0.0022 0.6211 -0.7837
vn 0.1927 -0.4232 0.8853
vn 0.1307 -0.5798 0.8042
vn 0.1134 -0.6218 0.7750
vn 0.1291 -0.5950 0.7933
vn 0.2812 -0.3741 0.8837
vn 0.1139 -0.7700 0.6278
vn 0.0552 -0.8544 0.5167
vn 0.1106 -0.7690 0.6296
vn 0.2022 -0.5940 0.7786
vn 0.1150 -0.7737 0.6230
vn 0.1108 -0.7811 0.6145
vn 0.2138 0.0725 0.9742
vn 0.1837 -0.0612 0.9811
vn 0.2305 -0.0738 0.9703
vn 0.1979 -0.2150 0.9564
vn 0.2495 -0.2273 0.9413
vn 0.2123 -0.3750 0.9024
vn 0.2768 -0.3878 0.8792
vn 0.2248 0.6964 0.6815
vn 0.2176 0.6975 0.6827
vn 0.1849 0.7001 0.6897
vn 0.1900 0.6887 0.6997
vn 0.1358 0.6687 0.7311
vn 0.1590 0.6459 0.7466
vn -0.0350 0.4403 0.8972
vn 0.1354 0.5796 0.8035
vn 0.2450 0.7033 0.6674
vn 0.2272 0.6991 0.6780
vn 0.1762 0.6830 0.7089
vn 0.1898 0.6702 0.7175
vn 0.1310 0.6172 0.7758
vn 0.1666 0.5966 0.7851
vn -0.3530 -0.5561 0.7525
vn 0.2037 0.7206 0.6627
vn 0.2315 0.7027 0.6728
vn 0.1830 0.6637 0.7253
vn 0.2031 0.6519 0.7306
vn 0.1356 0.5378 0.8321
vn 0.1729 0.5223 0.8350
vn 0.2197 0.6251 0.7490
vn 0.1637 0.4042 0.8999
vn 0.1958 0.3931 0.8984
vn 0.1702 0.2858 0.9431
vn 0.2175 0.2711 0.9377
vn 0.2677 0.5078 0.8188
vn 0.2600 0.4570 0.8506
vn 0.3040 0.7184 0.6257
vn 0.3001 0.6655 0.6834
vn 0.1631 -0.1037 0.9811
vn 0.1023 -0.1495 0.9834
vn 0.1676 0.0858 0.9821
vn 0.2086 0.2385 0.9485
vn 0.2507 0.2264 0.9412
vn 0.2307 0.1219 0.9654
vn 0.2743 0.1104 0.9553
vn 0.2540 -0.0012 0.9672
vn 0.3020 -0.0127 0.9532
vn 0.2792 -0.1394 0.9501
vn 0.3338 -0.1504 0.9306
vn 0.2874 -0.3764 0.8807
vn 0.3129 0.6385 0.7032
vn 0.2519 0.8258 0.5046
vn 0.2828 0.8227 0.4932
vn 0.2702 0.8507 0.4509
vn 0.3033 0.8456 0.4394
vn 0.2919 0.8715 0.3940
vn 0.3275 0.8639 0.3828
vn 0.3164 0.8895 0.3297
vn 0.3516 0.8798 0.3199
vn 0.3139 0.9463 0.0772
vn 0.3165 0.9445 0.0885
vn 0.2566 0.9510 -0.1726
vn 0.1815 0.9025 -0.3906
vn 0.0480 0.6419 0.7653
vn 0.1565 0.6773 0.7189
vn 0.1423 0.6718 0.7270
vn 0.1310 0.6940 0.7080
vn -0.3984 -0.6683 -0.6282
vn 0.1354 0.7104 0.6906
vn 0.1409 0.7311 0.6675
vn 0.1253 0.7366 0.6646
vn 0.1433 0.7533 0.6418
vn 0.1216 0.7660 0.6312
vn 0.1443 0.7781 0.6114
vn 0.1159 0.8015 0.5866
vn 0.1489 0.8112 0.5654
vn 0.1128 0.8491 0.5161
vn 0.1591 0.8554 0.4929
vn 0.1081 0.9133 0.3926
vn 0.1596 0.9149 0.3708
vn 0.1172 0.9554 0.2710
vn 0.1657 0.9534 0.2520
vn 0.1248 0.9812 0.1473
vn 0.1731 0.9764 0.1295
vn 0.1304 0.9913 0.0162
vn 0.1829 0.9831 -0.0019
vn 0.1034 0.9685 -0.2266
vn 0.1619 0.9558 -0.2453
vn 0.1090 0.9167 -0.3844
vn 0.1770 0.8977 -0.4034
vn 0.1823 0.9028 -0.3895
vn 0.4122 0.1079 0.9047
vn 0.1521 -0.7778 0.6098
vn 0.1529 -0.7764 0.6114
vn 0.1531 -0.7761 0.6117
vn 0.1516 -0.7796 0.6076
vn 0.1527 -0.7771 0.6106
vn 0.3990 0.5721 0.7166
vn 0.3990 0.5704 0.7180
vn 0.3989 0.5684 0.7196
vn 0.3990 0.5754 0.7140
vn 0.3996 0.5617 0.7245
vn 0.3990 0.5645 0.7226
vn 0.4028 0.5405 0.7387
vn 0.3988 0.5661 0.7214
vn 0.3996 0.5638 0.7228
vn 0.4117 0.1038 0.9054
vn 0.4114 0.0995 0.9060
vn 0.4117 0.1084 0.9048
vn 0.4140 0.1456 0.8985
vn 0.3229 -0.3819 0.8660
vn 0.3212 -0.3867 0.8644
vn 0.3230 -0.3807 0.8664
vn 0.3213 -0.3859 0.8648
vn 0.1463 -0.7870 0.5994
vn 0.1511 -0.7794 0.6080
vn 0.1521 -0.7780 0.6095
vn 0.7096 0.3989 0.5808
vn 0.4793 0.5974 0.6429
vn 0.4594 -0.6797 0.5718
vn 0.4489 -0.6944 0.5624
vn 0.4477 -0.6945 0.5633
vn 0.8211 -0.4417 0.3615
vn 0.7641 -0.3220 0.5590
vn 0.8841 -0.2425 0.3994
vn 0.8714 -0.2519 0.4209
vn 0.8078 -0.5651 0.1676
vn 0.9892 0.0131 0.1458
vn 0.9901 0.0175 0.1390
vn 0.9881 0.0156 0.1527
vn 0.9852 0.0566 0.1618
vn 0.4929 0.6159 0.6146
vn 0.4954 0.6174 0.6110
vn 0.4981 0.6375 0.5878
vn 0.5142 0.6294 0.5826
vn 0.5136 0.6283 0.5843
vn 0.3859 -0.3953 0.8336
vn 0.5263 -0.2477 0.8134
vn 0.4753 -0.4030 0.7821
vn 0.3903 -0.4868 0.7814
vn 0.2272 -0.7887 0.5712
vn 0.3105 -0.6818 0.6624
vn 0.3137 -0.7894 0.5277
vn 0.3139 -0.7891 0.5280
vn 0.5751 -0.2470 0.7799
vn 0.6082 -0.1954 0.7694
vn 0.5257 -0.4874 0.6972
vn 0.5789 -0.4275 0.6943
vn 0.4473 -0.6828 0.5776
vn 0.4506 -0.6803 0.5781
vn 0.4478 -0.6952 0.5623
vn 0.8212 -0.4417 0.3614
vn 0.5634 -0.6839 0.4635
vn 0.7148 -0.3424 0.6098
vn 0.6716 -0.4123 0.6156
vn 0.7205 -0.1200 0.6830
vn 0.6958 -0.1812 0.6950
vn 0.9119 -0.0347 0.4090
vn 0.9026 -0.1828 0.3898
vn 0.8363 0.3607 0.4129
vn 0.9815 0.0332 0.1885
vn 0.9734 0.0911 0.2103
vn 0.9224 0.2410 0.3018
vn 0.8659 0.1270 0.4838
vn 0.8797 0.0170 0.4753
vn 0.5451 0.2897 0.7867
vn 0.5146 0.0876 0.8530
vn 0.4406 0.5571 0.7039
vn 0.4433 0.5941 0.6712
vn 0.4650 0.5298 0.7093
vn 0.4581 0.5515 0.6971
vn 0.5321 0.6377 0.5570
vn 0.4956 0.6590 0.5658
vn 0.5355 0.6501 0.5391
vn 0.4821 0.5976 0.6406
vn 0.4764 0.6162 0.6271
vn 0.6477 0.3061 0.6977
vn 0.6370 0.3530 0.6853
vn 0.7025 0.1476 0.6962
vn 0.7910 0.2017 0.5776
vn 0.7432 0.3776 0.5524
vn 0.7807 0.4523 0.4312
vn 0.8381 0.3580 0.4115
vn 0.4955 0.1165 0.8608
vn 0.4938 0.0867 0.8653
vn 0.5863 -0.1752 0.7909
vn 0.5562 0.0440 0.8299
vn 0.6909 0.0664 0.7199
vn 0.7884 -0.1765 0.5893
vn 0.7874 -0.0957 0.6089
vn 0.8001 -0.0361 0.5988
vn 0.7854 -0.3166 0.5319
vn 0.8156 -0.2421 0.5255
vn 0.7713 -0.4363 0.4634
vn 0.8856 -0.3603 0.2932
vn 0.9256 -0.2004 0.3212
vn 0.9882 -0.0795 0.1307
vn 0.9850 0.0452 0.1665
vn 0.5361 0.6408 0.5494
vn 0.9386 0.2685 0.2168
vn 0.5321 0.6398 0.5546
vn 0.5052 0.6520 0.5653
vn 0.8386 0.4304 0.3339
vn 0.9643 0.2212 0.1457
vn 0.9901 0.1337 0.0422
vn 0.9872 0.1497 0.0551
vn 0.9879 0.1460 0.0520
vn 0.9945 0.1040 0.0127
vn 0.9872 0.1497 0.0552
vn 0.8391 0.4298 0.3334
vn 0.9889 0.1309 0.0708
vn 0.9888 0.1313 0.0711
vn 0.9887 0.1319 0.0718
vn 0.9886 0.1348 0.0672
vn 0.9883 0.1361 0.0684
vn 0.6709 0.5387 0.5095
vn 0.9643 0.2210 0.1460
vn 0.9647 0.2193 0.1458
vn 0.8405 0.3986 0.3669
vn 0.8368 0.4324 0.3359
vn 0.8379 0.4312 0.3347
vn 0.8399 0.4070 0.3590
vn 0.7690 0.4592 0.4448
vn 0.8406 0.3906 0.3752
vn 0.5413 0.5906 0.5985
vn 0.5089 0.6034 0.6140
vn 0.5380 0.5935 0.5986
vn 0.1845 0.5443 -0.8184
vn 0.9738 0.2272 -0.0051
vn 0.8440 0.4433 -0.3019
vn 0.8349 0.4566 -0.3075
vn 0.8361 0.4175 -0.3560
vn 0.8213 0.4379 -0.3657
vn 0.8690 0.3113 -0.3847
vn 0.9756 0.1779 -0.1285
vn 0.9764 0.1750 -0.1267
vn 0.8345 0.4566 -0.3084
vn 0.4421 0.3344 -0.8323
vn 0.3973 0.6096 -0.6860
vn 0.2530 0.5293 -0.8099
vn 0.3993 0.6074 -0.6867
vn 0.4017 0.6067 -0.6859
vn 0.5034 0.6107 0.6113
vn 0.4942 0.6295 0.5996
vn 0.5111 0.6268 0.5882
vn 0.4496 0.6965 0.5592
vn 0.4869 0.6560 0.5767
vn 0.4887 0.6789 0.5479
vn 0.4723 0.6806 0.5602
vn 0.4820 0.6734 0.5606
vn 0.4435 0.6995 0.5603
vn 0.4264 0.7347 0.5277
vn 0.9740 0.2266 -0.0047
vn 0.9752 0.2210 -0.0071
vn 0.9736 0.2283 0.0063
vn 0.9760 0.2179 -0.0030
vn 0.9498 0.2696 -0.1587
vn 0.9279 0.3656 0.0727
vn 0.8886 0.4585 0.0163
vn 0.8746 0.4804 -0.0648
vn 0.8094 0.5760 -0.1143
vn 0.6691 0.5939 -0.4467
vn 0.6781 0.6574 -0.3286
vn 0.7052 0.7001 -0.1116
vn 0.7787 0.6224 -0.0794
vn 0.8324 0.4884 -0.2619
vn 0.7884 0.4152 -0.4539
vn 0.6442 0.5683 -0.5119
vn 0.6062 0.4779 -0.6357
vn 0.3155 0.6829 -0.6589
vn 0.4297 0.9012 0.0571
vn 0.3626 0.9057 -0.2195
vn 0.4192 0.9079 0.0001
vn 0.4240 0.7916 -0.4400
vn 0.4115 0.7816 -0.4688
vn 0.4155 0.7961 -0.4399
vn 0.1929 0.5549 -0.8093
vn 0.4307 0.7357 0.5227
vn 0.4301 0.7321 0.5283
vn 0.4279 0.7359 0.5247
vn 0.4308 0.7362 0.5220
vn 0.4122 0.8801 0.2358
vn 0.5104 0.8290 0.2286
vn 0.4703 0.8737 0.1246
vn 0.6057 0.7842 0.1350
vn 0.6250 0.7618 0.1705
vn 0.6704 0.7194 0.1818
vn 0.5386 0.5870 0.6045
vn 0.5074 0.6006 0.6179
vn 0.5410 0.5947 0.5946
vn 0.8340 0.4477 0.3225
vn 0.8280 0.4758 0.2967
vn 0.7709 0.5096 0.3821
vn 0.7402 0.5800 0.3402
vn 0.7508 0.6191 0.2303
vn 0.7327 0.6349 0.2451
vn 0.6814 0.6978 0.2209
vn 0.7221 0.6917 -0.0094
vn 0.6245 0.7461 -0.2310
vn 0.5048 0.8292 -0.2399
vn 0.5376 0.8427 -0.0284
vn 0.4560 0.8897 -0.0220
vn 0.4676 0.8827 0.0466
vn 0.3143 -0.9478 0.0539
vn -0.0439 -0.1625 -0.9857
vn 0.0802 0.7975 -0.5979
vn 0.2616 -0.7333 -0.6275
vn 0.2636 -0.7590 -0.5953
vn 0.2425 -0.7616 -0.6009
vn 0.2415 -0.7615 -0.6014
vn 0.2405 -0.7614 -0.6020
vn 0.2559 -0.7649 -0.5912
vn 0.2548 -0.7646 -0.5920
vn 0.2652 -0.7685 -0.5823
vn 0.2599 -0.7716 -0.5806
vn 0.2597 0.7728 -0.5791
vn 0.2543 0.7715 -0.5832
vn 0.2548 0.7717 -0.5828
vn 0.2412 0.7693 -0.5916
vn 0.2422 0.7695 -0.5910
vn 0.2035 0.7661 -0.6096
vn 0.2276 0.7683 -0.5982
vn 0.1969 0.7666 -0.6112
vn 0.2643 0.7647 -0.5876
vn 0.2642 0.7648 -0.5877
vn 0.2613 0.7783 -0.5710
vn 0.2432 0.7902 -0.5625
vn 0.2429 0.7903 -0.5625
vn 0.2524 0.7859 -0.5645
vn 0.2523 0.7860 -0.5644
vn 0.2579 0.7750 -0.5770
vn 0.2583 0.7756 -0.5759
vn 0.2587 0.7763 -0.5749
vn 0.2603 0.7776 -0.5724
vn 0.2594 0.7775 -0.5728
vn 0.2582 0.7779 -0.5729
vn 0.2158 0.7905 -0.5732
vn 0.2286 0.7833 -0.5780
vn 0.2290 0.7827 -0.5787
vn 0.2281 0.7818 -0.5803
vn 0.2429 0.7902 -0.5627
vn 0.1925 0.7772 -0.5991
vn 0.1540 0.7912 -0.5919
vn 0.1961 0.7754 -0.6003
vn 0.1961 0.7753 -0.6003
vn 0.1904 0.7827 -0.5926
vn 0.2159 0.7905 -0.5731
vn 0.2141 0.7909 -0.5733
vn 0.1539 0.7912 -0.5919
vn 0.1440 0.7899 -0.5960
vn 0.1530 0.7807 -0.6059
vn 0.0717 0.7985 -0.5977
vn 0.1054 0.7828 -0.6132
vn 0.0912 0.7984 -0.5952
vn 0.1064 0.7991 -0.5917
vn 0.1067 0.7990 -0.5917
vn 0.0275 0.7266 -0.6866
vn 0.0276 0.7264 -0.6867
vn 0.0259 0.7457 -0.6658
vn 0.0259 0.7445 -0.6671
vn 0.0261 0.7531 -0.6574
vn 0.0259 0.7486 -0.6626
vn 0.0261 0.7540 -0.6563
vn 0.0261 0.7538 -0.6566
vn 0.0306 0.8018 -0.5969
vn 0.0140 0.6493 -0.7604
vn 0.0165 0.6409 -0.7675
vn 0.0147 0.6466 -0.7627
vn 0.0083 0.6789 -0.7342
vn 0.0116 0.7234 -0.6903
vn 0.0443 0.6869 -0.7254
vn 0.0445 0.6866 -0.7257
vn -0.0042 0.5802 -0.8145
vn -0.0042 0.5812 -0.8137
vn -0.0012 0.6337 -0.7736
vn 0.0459 0.5922 -0.8045
vn 0.0215 0.6260 -0.7795
vn -0.0329 0.4298 -0.9023
vn -0.0329 0.4301 -0.9022
vn -0.0342 0.4269 -0.9036
vn -0.0377 0.4292 -0.9024
vn -0.0329 0.5348 -0.8443
vn 0.0934 0.4468 -0.8897
vn 0.0083 0.5341 -0.8454
vn -0.0007 0.2782 -0.9605
vn -0.0795 0.3129 -0.9465
vn -0.0945 0.2670 -0.9590
vn -0.1139 0.1937 -0.9744
vn 0.1347 0.1184 -0.9838
vn -0.0945 0.2667 -0.9591
vn 0.0046 0.0714 -0.9974
vn -0.1209 0.1064 -0.9869
vn -0.1209 0.1073 -0.9868
vn -0.0888 -0.1581 -0.9834
vn 0.0123 -0.0563 -0.9983
vn -0.0690 -0.0264 -0.9973
vn -0.0679 0.0056 -0.9977
vn -0.0581 -0.0254 -0.9980
vn -0.0581 -0.0269 -0.9979
vn -0.0437 -0.1736 -0.9838
vn -0.0889 -0.1581 -0.9834
vn -0.0888 -0.1584 -0.9834
vn -0.0356 -0.4481 -0.8933
vn 0.0898 -0.3325 -0.9388
vn 0.0027 -0.4076 -0.9131
vn -0.0652 -0.3140 -0.9472
vn -0.0657 -0.2934 -0.9537
vn -0.0029 -0.3220 -0.9467
vn 0.0119 -0.5161 -0.8565
vn -0.0029 -0.5349 -0.8449
vn 0.0106 -0.6433 -0.7655
vn 0.0099 -0.6482 -0.7614
vn 0.0105 -0.6437 -0.7652
vn 0.0110 -0.6398 -0.7685
vn 0.0116 -0.6358 -0.7718
vn 0.0207 -0.6006 -0.7993
vn 0.0036 -0.6177 -0.7864
vn -0.0015 -0.5951 -0.8037
vn -0.0014 -0.5971 -0.8022
vn 0.0233 -0.7248 -0.6886
vn 0.0233 -0.7246 -0.6888
vn 0.0345 -0.6834 -0.7292
vn 0.0252 -0.7085 -0.7053
vn 0.0078 -0.6770 -0.7360
vn 0.0077 -0.6766 -0.7363
vn 0.0534 -0.7582 -0.6498
vn 0.0546 -0.7564 -0.6518
vn 0.0587 -0.7503 -0.6584
vn 0.0285 -0.7896 -0.6130
vn 0.0235 -0.7401 -0.6720
vn 0.0238 -0.7436 -0.6682
vn 0.1314 -0.7882 -0.6012
vn 0.0878 -0.7865 -0.6113
vn 0.0899 -0.7867 -0.6108
vn 0.0866 -0.7910 -0.6056
vn 0.0300 -0.7958 -0.6048
vn 0.0925 -0.6887 -0.7191
vn 0.0534 -0.7582 -0.6499
vn 0.1316 -0.7882 -0.6012
vn 0.1425 -0.7762 -0.6142
vn 0.1634 -0.7822 -0.6012
vn 0.1631 -0.7821 -0.6014
vn 0.1865 -0.7780 -0.6000
vn 0.1561 -0.7053 -0.6915
vn 0.2426 -0.7865 -0.5680
vn 0.2277 -0.7715 -0.5941
vn 0.2255 -0.7788 -0.5853
vn 0.2256 -0.7787 -0.5854
vn 0.2121 -0.7854 -0.5815
vn 0.2104 -0.7858 -0.5815
vn 0.1913 -0.7897 -0.5829
vn 0.2004 -0.7576 -0.6212
vn 0.1895 -0.7735 -0.6048
vn 0.2593 -0.7718 -0.5807
vn 0.2605 -0.7715 -0.5805
vn 0.2611 -0.7715 -0.5801
vn 0.2527 -0.7777 -0.5756
vn 0.2425 -0.7864 -0.5682
vn 0.2598 -0.7701 -0.5826
vn 0.2595 -0.7698 -0.5831
vn 0.2565 -0.7630 -0.5933
vn 0.2517 -0.7816 -0.5707
vn 0.2528 -0.7776 -0.5757
vn 0.3513 -0.7529 0.5566
vn 0.3526 -0.7553 0.5525
vn 0.3478 -0.7492 0.5636
vn 0.3479 -0.7493 0.5635
vn 0.3238 -0.7362 0.5942
vn 0.3129 -0.7307 0.6068
vn 0.3354 -0.7476 0.5732
vn 0.3518 -0.7587 0.5483
vn 0.3519 -0.7589 0.5480
vn 0.3510 -0.7591 0.5482
vn 0.3251 -0.8062 0.4944
vn 0.3334 -0.8040 0.4924
vn 0.3337 -0.8032 0.4934
vn 0.3341 -0.8029 0.4936
vn 0.3412 -0.7970 0.4984
vn 0.3397 -0.7955 0.5018
vn 0.3462 -0.7987 0.4922
vn 0.3530 -0.7355 0.5783
vn 0.3534 -0.7301 0.5848
vn 0.3008 -0.7793 0.5498
vn 0.3123 -0.7542 0.5776
vn 0.3125 -0.7530 0.5791
vn 0.3072 -0.8015 0.5130
vn 0.3134 -0.8031 0.5067
vn 0.3256 -0.8060 0.4944
vn 0.2753 -0.7608 0.5877
vn 0.2818 -0.7546 0.5926
vn 0.2817 -0.7548 0.5924
vn 0.2829 -0.7513 0.5962
vn 0.3010 -0.7791 0.5499
vn 0.2592 -0.7279 0.6348
vn 0.2599 -0.7272 0.6353
vn 0.2381 -0.7539 0.6123
vn 0.2770 -0.7605 0.5873
vn 0.2757 -0.7607 0.5876
vn 0.2778 -0.6267 0.7281
vn 0.2469 -0.6457 0.7225
vn 0.2499 -0.6691 0.6999
vn 0.2502 -0.6699 0.6991
vn 0.2511 -0.6720 0.6967
vn 0.2422 -0.6592 0.7119
vn 0.2563 -0.6793 0.6877
vn 0.2358 -0.6963 0.6779
vn 0.2342 -0.6993 0.6754
vn 0.2336 -0.7020 0.6728
vn 0.2337 -0.7017 0.6731
vn 0.2789 -0.6439 0.7125
vn 0.2774 -0.6267 0.7282
vn 0.2784 -0.6266 0.7280
vn 0.3026 -0.5786 0.7574
vn 0.3342 -0.5409 0.7718
vn 0.3420 -0.5695 0.7475
vn 0.3313 -0.5518 0.7654
vn 0.3317 -0.5524 0.7648
vn 0.3201 -0.5514 0.7704
vn 0.3207 -0.5513 0.7702
vn 0.2971 -0.5549 0.7771
vn 0.3111 -0.5878 0.7468
vn 0.3027 -0.5786 0.7573
vn 0.3624 -0.5467 0.7548
vn 0.3549 -0.5382 0.7645
vn 0.3451 -0.5387 0.7686
vn 0.3439 -0.5389 0.7690
vn 0.3629 -0.5464 0.7548
vn 0.3616 -0.5486 0.7539
vn 0.3614 -0.5490 0.7537
vn 0.3612 -0.5484 0.7542
vn 0.3548 -0.5381 0.7645
vn 0.3595 -0.5590 0.7472
vn 0.3212 -0.5792 0.7493
vn 0.3392 -0.5696 0.7487
vn 0.3358 -0.5716 0.7487
vn 0.3549 -0.5593 0.7491
vn 0.3623 -0.5534 0.7500
vn 0.3690 -0.5457 0.7523
vn 0.3606 -0.5472 0.7553
vn 0.3618 -0.5471 0.7549
vn 0.3512 -0.7545 0.5544
vn 0.3186 -0.7402 0.5921
vn 0.3123 -0.7386 0.5974
vn 0.3578 -0.7065 0.6107
vn 0.3620 -0.6480 0.6701
vn 0.3586 -0.6553 0.6648
vn 0.3564 -0.6491 0.6720
vn 0.3340 -0.6605 0.6724
vn 0.3632 -0.6141 0.7007
vn 0.3657 -0.6065 0.7060
vn 0.3661 -0.6043 0.7076
vn 0.3684 -0.5575 0.7440
vn 0.3513 -0.6028 0.7165
vn 0.3543 -0.5902 0.7253
vn 0.3667 0.5888 0.7203
vn 0.3662 0.5933 0.7169
vn 0.3663 0.5932 0.7169
vn 0.3508 0.6360 0.6873
vn 0.3494 0.6440 0.6806
vn 0.3579 0.6005 0.7150
vn 0.3681 0.5808 0.7261
vn 0.3506 0.6138 0.7073
vn 0.3247 0.6414 0.6951
vn 0.3624 0.6474 0.6705
vn 0.3623 0.6473 0.6706
vn 0.3669 0.5861 0.7224
vn 0.3668 0.5419 0.7561
vn 0.3673 0.5416 0.7562
vn 0.3464 0.5304 0.7738
vn 0.3547 0.5290 0.7709
vn 0.3557 0.5304 0.7695
vn 0.3560 0.5307 0.7691
vn 0.3620 0.5381 0.7612
vn 0.3613 0.5394 0.7606
vn 0.3611 0.5398 0.7604
vn 0.3619 0.5387 0.7608
vn 0.3605 0.5394 0.7610
vn 0.3592 0.5396 0.7614
vn 0.3239 0.5427 0.7750
vn 0.3237 0.5427 0.7751
vn 0.3343 0.5448 0.7690
vn 0.3339 0.5443 0.7696
vn 0.3343 0.5439 0.7697
vn 0.3469 0.5304 0.7735
vn 0.2819 0.6196 0.7326
vn 0.2861 0.6318 0.7204
vn 0.2861 0.6317 0.7205
vn 0.2901 0.5644 0.7729
vn 0.3119 0.5504 0.7745
vn 0.2329 0.6954 0.6798
vn 0.2624 0.6712 0.6933
vn 0.2625 0.6713 0.6931
vn 0.2558 0.6633 0.7032
vn 0.2563 0.6640 0.7024
vn 0.2470 0.6439 0.7242
vn 0.2816 0.6197 0.7326
vn 0.2822 0.6195 0.7325
vn 0.2568 0.7200 0.6447
vn 0.2731 0.7553 0.5958
vn 0.2725 0.7553 0.5960
vn 0.2384 0.7538 0.6123
vn 0.2527 0.7253 0.6404
vn 0.2532 0.7246 0.6409
vn 0.2328 0.7004 0.6748
vn 0.2329 0.6981 0.6771
vn 0.2331 0.6955 0.6797
vn 0.2781 0.7494 0.6009
vn 0.2780 0.7495 0.6008
vn 0.2778 0.7498 0.6006
vn 0.2721 0.7554 0.5961
vn 0.2774 0.8042 0.5257
vn 0.3135 0.8036 0.5060
vn 0.3261 0.7849 0.5268
vn 0.3135 0.7971 0.5161
vn 0.3140 0.7966 0.5165
vn 0.3028 0.8006 0.5171
vn 0.3035 0.8004 0.5170
vn 0.3504 0.7872 0.5075
vn 0.3402 0.7897 0.5105
vn 0.3408 0.7897 0.5102
vn 0.3342 0.7981 0.5014
vn 0.3251 0.8009 0.5029
vn 0.3240 0.8012 0.5031
vn 0.3418 0.7896 0.5096
vn 0.3416 0.7895 0.5100
vn 0.3423 0.7899 0.5089
vn 0.3404 0.7923 0.5063
vn 0.3342 0.7981 0.5013
vn 0.3362 0.7326 0.5918
vn 0.2849 0.7155 0.6379
vn 0.3566 0.7159 0.6003
vn 0.3466 0.7374 0.5798
vn 0.3478 0.7380 0.5782
vn 0.3522 0.7431 0.5690
vn 0.3505 0.7407 0.5732
vn 0.3533 0.7452 0.5655
vn 0.3526 0.7427 0.5692
vn 0.3549 0.7491 0.5593
vn 0.3543 0.7494 0.5593
vn 0.3549 0.7494 0.5590
vn 0.2966 -0.9547 -0.0228
vn 0.2964 -0.9547 -0.0269
vn 0.2962 -0.9546 -0.0310
vn 0.2966 -0.9548 -0.0215
vn 0.2966 -0.9548 -0.0210
vn 0.2967 -0.9547 -0.0249
vn 0.2966 -0.9547 -0.0229
vn 0.2481 -0.9665 -0.0655
vn 0.3131 -0.9489 -0.0391
vn 0.3084 -0.9501 -0.0471
vn 0.3099 -0.9497 -0.0444
vn 0.3057 -0.9507 -0.0522
vn 0.3044 -0.9510 -0.0547
vn 0.2970 -0.9522 -0.0719
vn 0.3054 -0.9480 -0.0896
vn 0.3039 -0.9488 -0.0866
vn 0.3018 -0.9498 -0.0831
vn 0.3016 -0.9498 -0.0828
vn 0.3003 -0.9504 -0.0812
vn 0.2986 -0.9511 -0.0792
vn 0.2985 -0.9511 -0.0792
vn 0.2950 -0.9524 -0.0771
vn 0.2903 -0.9540 -0.0746
vn 0.2901 -0.9541 -0.0745
vn 0.2750 -0.9588 -0.0705
vn 0.2948 -0.9554 -0.0191
vn 0.2889 -0.9571 -0.0212
vn 0.3003 -0.9537 -0.0170
vn 0.3079 -0.9513 -0.0128
vn 0.3084 -0.9512 -0.0124
vn 0.3066 -0.9517 -0.0161
vn 0.3098 -0.9508 -0.0082
vn 0.3029 -0.9516 0.0511
vn 0.3027 -0.9517 0.0511
vn 0.3103 -0.9491 0.0541
vn 0.3100 -0.9492 0.0539
vn 0.3177 -0.9463 0.0597
vn 0.3061 -0.9508 0.0485
vn 0.3130 -0.9492 0.0322
vn 0.3152 -0.9486 0.0272
vn 0.0307 0.8016 -0.5971
vn 0.0388 0.8685 -0.4942
vn 0.0563 0.9617 -0.2682
vn 0.0657 0.9867 -0.1484
vn 0.0752 0.9968 -0.0265
vn 0.0846 0.9918 0.0958
vn 0.1033 0.9369 0.3339
vn 0.1202 0.8254 0.5516
vn 0.1277 0.7505 0.6484
vn 0.1345 0.6642 0.7354
vn 0.1492 0.3507 0.9245
vn 0.1537 0.1124 0.9817
vn 0.1534 -0.1326 0.9792
vn 0.1485 -0.3697 0.9172
vn 0.1445 -0.4806 0.8650
vn 0.1394 -0.5843 0.7995
vn 0.1333 -0.6792 0.7217
vn 0.1264 -0.7637 0.6330
vn 0.1016 -0.9437 0.3148
vn 0.0924 -0.9761 0.1968
vn 0.0830 -0.9937 0.0757
vn 0.0735 -0.9962 -0.0467
vn 0.0640 -0.9836 -0.1684
vn 0.0457 -0.9141 -0.4028
vn 0.0373 -0.8583 -0.5117
vn 0.1873 0.7456 0.6395
vn 0.2370 0.7394 0.6302
vn 0.2356 0.7279 0.6439
vn 0.1344 0.6641 0.7354
vn 0.1940 0.6598 0.7260
vn 0.1941 0.6598 0.7259
vn 0.2409 0.6547 0.7165
vn 0.2708 0.6782 0.6832
vn 0.1333 -0.6792 0.7218
vn 0.1929 -0.6748 0.7124
vn 0.2459 -0.6687 0.7017
vn 0.2354 -0.6950 0.6794
vn 0.1860 -0.7588 0.6242
vn 0.1860 -0.7587 0.6243
vn 0.2290 -0.7534 0.6164
vn 0.2714 -0.7164 0.6427
vn 0.1202 0.8255 0.5515
vn 0.1798 0.8201 0.5432
vn 0.1798 0.8201 0.5433
vn 0.2321 0.8128 0.5343
vn 0.2321 0.8129 0.5342
vn 0.2769 0.8047 0.5252
vn 0.2854 0.7108 0.6428
vn 0.2970 0.5534 0.7782
vn 0.2520 0.5591 0.7899
vn 0.1999 0.5640 0.8012
vn 0.1404 0.5677 0.8112
vn 0.1403 0.5676 0.8112
vn 0.1394 -0.5844 0.7994
vn 0.1989 -0.5806 0.7895
vn 0.1989 -0.5805 0.7896
vn 0.2510 -0.5754 0.7784
vn 0.2510 -0.5755 0.7784
vn 0.2833 -0.5714 0.7702
vn 0.2789 -0.6449 0.7116
vn 0.3127 -0.8073 0.5004
vn 0.2760 -0.8156 0.5086
vn 0.2307 -0.8240 0.5176
vn 0.1784 -0.8313 0.5264
vn 0.1187 -0.8368 0.5346
vn 0.1187 -0.8367 0.5346
vn 0.1429 -0.9872 0.0705
vn 0.1429 -0.9872 0.0704
vn 0.1954 -0.9785 0.0656
vn 0.1955 -0.9785 0.0657
vn 0.2411 -0.9686 0.0613
vn 0.2783 -0.9588 0.0576
vn 0.3024 -0.9516 0.0551
vn 0.2994 -0.9541 0.0105
vn 0.1334 -0.9897 -0.0511
vn 0.1861 -0.9810 -0.0549
vn 0.1860 -0.9810 -0.0549
vn 0.2318 -0.9710 -0.0581
vn 0.2318 -0.9710 -0.0580
vn 0.2691 -0.9612 -0.0605
vn 0.2980 -0.9525 -0.0624
vn 0.3161 -0.9481 -0.0343
vn 0.0387 0.8685 -0.4941
vn 0.0989 0.8629 -0.4956
vn 0.1519 0.8552 -0.4955
vn 0.1980 0.8465 -0.4942
vn 0.2356 0.8380 -0.4923
vn 0.2644 0.8305 -0.4903
vn 0.0563 0.9617 -0.2683
vn 0.1164 0.9555 -0.2712
vn 0.1692 0.9470 -0.2730
vn 0.1693 0.9470 -0.2731
vn 0.2152 0.9374 -0.2740
vn 0.2151 0.9374 -0.2739
vn 0.2526 0.9279 -0.2742
vn 0.2813 0.9196 -0.2742
vn 0.2099 0.9766 -0.0471
vn 0.2681 0.9616 -0.0579
vn 0.2829 0.9572 -0.0614
vn 0.2915 0.9544 -0.0640
vn 0.2923 0.9541 -0.0644
vn 0.2985 0.9520 -0.0676
vn 0.2814 0.9583 -0.0503
vn 0.3016 0.9508 -0.0707
vn 0.3025 0.9504 -0.0722
vn 0.2981 0.9525 -0.0621
vn 0.3039 0.9518 -0.0418
vn 0.3031 0.9519 -0.0442
vn 0.3032 0.9519 -0.0440
vn 0.3041 0.9517 -0.0418
vn 0.3038 0.9518 -0.0426
vn 0.3066 0.9512 -0.0365
vn 0.3093 0.9505 -0.0310
vn 0.3113 0.9499 -0.0271
vn 0.0751 0.9968 -0.0264
vn 0.1351 0.9903 -0.0310
vn 0.1878 0.9816 -0.0350
vn 0.2335 0.9716 -0.0383
vn 0.2335 0.9716 -0.0382
vn 0.2707 0.9618 -0.0409
vn 0.2707 0.9618 -0.0410
vn 0.3026 0.9521 -0.0433
vn 0.2997 0.9538 -0.0215
vn 0.2998 0.9537 -0.0222
vn 0.2996 0.9538 -0.0207
vn 0.2995 0.9539 -0.0199
vn 0.2992 0.9540 -0.0156
vn 0.2995 0.9539 -0.0206
vn 0.2995 0.9539 -0.0201
vn 0.2996 0.9536 -0.0299
vn 0.2996 0.9536 -0.0298
vn 0.2993 0.9532 -0.0426
vn 0.3073 0.9516 -0.0059
vn 0.3144 0.9490 0.0232
vn 0.3092 0.9510 0.0022
vn 0.3091 0.9510 0.0021
vn 0.3079 0.9514 -0.0001
vn 0.3054 0.9522 -0.0017
vn 0.3036 0.9528 -0.0028
vn 0.2963 0.9551 -0.0049
vn 0.2832 0.9590 -0.0073
vn 0.2227 0.9748 -0.0152
vn 0.1446 0.9853 0.0905
vn 0.1972 0.9766 0.0855
vn 0.2428 0.9667 0.0809
vn 0.2799 0.9569 0.0770
vn 0.3084 0.9484 0.0739
vn 0.1032 0.9369 0.3340
vn 0.1630 0.9308 0.3271
vn 0.2154 0.9226 0.3200
vn 0.2154 0.9226 0.3199
vn 0.2609 0.9132 0.3130
vn 0.2978 0.9040 0.3067
vn 0.2978 0.9040 0.3068
vn 0.3261 0.8959 0.3016
vn 0.1492 0.3506 0.9246
vn 0.2086 0.3484 0.9139
vn 0.2086 0.3484 0.9138
vn 0.2606 0.3453 0.9016
vn 0.2607 0.3454 0.9015
vn 0.3057 0.3418 0.8887
vn 0.3056 0.3418 0.8887
vn 0.3421 0.3383 0.8766
vn 0.3701 0.3353 0.8664
vn 0.3700 0.3353 0.8664
vn 0.1536 0.1124 0.9817
vn 0.2130 0.1116 0.9706
vn 0.2130 0.1117 0.9706
vn 0.2650 0.1107 0.9579
vn 0.3100 0.1095 0.9444
vn 0.3464 0.1084 0.9318
vn 0.3464 0.1085 0.9318
vn 0.3743 0.1075 0.9211
vn 0.2128 -0.1318 0.9682
vn 0.2648 -0.1306 0.9554
vn 0.3098 -0.1293 0.9420
vn 0.3462 -0.1280 0.9294
vn 0.3741 -0.1268 0.9187
vn 0.3741 -0.1269 0.9187
vn 0.1486 -0.3696 0.9172
vn 0.2081 -0.3672 0.9066
vn 0.2080 -0.3673 0.9066
vn 0.2600 -0.3640 0.8944
vn 0.3050 -0.3603 0.8816
vn 0.3415 -0.3567 0.8696
vn 0.3415 -0.3567 0.8695
vn 0.3694 -0.3535 0.8594
vn 0.3695 -0.3535 0.8594
vn 0.1016 -0.9437 0.3149
vn 0.1614 -0.9376 0.3081
vn 0.1613 -0.9376 0.3080
vn 0.2138 -0.9293 0.3011
vn 0.2593 -0.9199 0.2943
vn 0.2593 -0.9199 0.2944
vn 0.2962 -0.9106 0.2883
vn 0.2963 -0.9105 0.2883
vn 0.3246 -0.9024 0.2834
vn 0.3245 -0.9024 0.2833
vn 0.0639 -0.9836 -0.1685
vn 0.1240 -0.9772 -0.1721
vn 0.1767 -0.9686 -0.1747
vn 0.2226 -0.9588 -0.1767
vn 0.2599 -0.9491 -0.1780
vn 0.2886 -0.9406 -0.1788
vn 0.0457 -0.9142 -0.4027
vn 0.1059 -0.9082 -0.4048
vn 0.1059 -0.9082 -0.4049
vn 0.1588 -0.9002 -0.4055
vn 0.2048 -0.8911 -0.4051
vn 0.2048 -0.8911 -0.4050
vn 0.2423 -0.8821 -0.4040
vn 0.2423 -0.8821 -0.4041
vn 0.2711 -0.8742 -0.4029
vn 0.2711 -0.8742 -0.4028
vn 0.2660 0.7758 -0.5722
vn 0.2721 0.8283 -0.4897
vn 0.2722 0.8283 -0.4897
vn 0.2721 0.8282 -0.4900
vn 0.2804 0.8795 -0.3846
vn 0.2803 0.8795 -0.3846
vn 0.2726 0.8817 -0.3850
vn 0.2439 0.8897 -0.3860
vn 0.2438 0.8897 -0.3860
vn 0.2064 0.8988 -0.3868
vn 0.1603 0.9080 -0.3871
vn 0.1604 0.9080 -0.3871
vn 0.1074 0.9161 -0.3863
vn 0.0473 0.9221 -0.3841
vn 0.2803 0.8793 -0.3851
vn 0.2890 0.9173 -0.2741
vn 0.2889 0.9173 -0.2741
vn 0.2889 0.9171 -0.2747
vn 0.2979 0.9411 -0.1599
vn 0.0657 0.9868 -0.1483
vn 0.1257 0.9803 -0.1521
vn 0.1785 0.9717 -0.1550
vn 0.1784 0.9717 -0.1550
vn 0.2242 0.9618 -0.1571
vn 0.2243 0.9618 -0.1572
vn 0.2616 0.9520 -0.1587
vn 0.2615 0.9521 -0.1586
vn 0.2902 0.9436 -0.1596
vn 0.2902 0.9436 -0.1597
vn 0.2978 0.9411 -0.1599
vn 0.2979 0.9412 -0.1597
vn 0.3069 0.9507 -0.0435
vn 0.1023 0.9943 -0.0285
vn 0.2342 0.9721 -0.0139
vn 0.3068 0.9507 -0.0452
vn 0.3160 0.9459 0.0731
vn 0.3160 0.9460 0.0727
vn 0.3250 0.9268 0.1883
vn 0.3250 0.9268 0.1882
vn 0.3174 0.9292 0.1894
vn 0.2890 0.9376 0.1936
vn 0.2520 0.9471 0.1987
vn 0.2519 0.9471 0.1987
vn 0.2064 0.9569 0.2045
vn 0.2064 0.9569 0.2043
vn 0.1539 0.9654 0.2104
vn 0.0941 0.9717 0.2165
vn 0.0941 0.9717 0.2167
vn 0.3250 0.9266 0.1893
vn 0.3337 0.8936 0.3002
vn 0.3337 0.8937 0.3001
vn 0.3420 0.8469 0.4072
vn 0.3345 0.8491 0.4089
vn 0.3062 0.8567 0.4150
vn 0.3062 0.8567 0.4151
vn 0.2694 0.8654 0.4225
vn 0.2694 0.8655 0.4224
vn 0.2240 0.8744 0.4305
vn 0.2240 0.8744 0.4304
vn 0.1717 0.8822 0.4385
vn 0.1716 0.8822 0.4386
vn 0.1120 0.8879 0.4462
vn 0.1120 0.8879 0.4461
vn 0.3541 0.7486 0.5606
vn 0.3542 0.7510 0.5573
vn 0.3498 0.7871 0.5080
vn 0.3498 0.7873 0.5077
vn 0.3738 0.4413 0.8158
vn 0.3693 0.5378 0.7579
vn 0.3611 0.5460 0.7560
vn 0.3737 0.4413 0.8158
vn 0.3663 0.4424 0.8186
vn 0.3384 0.4464 0.8284
vn 0.3019 0.4510 0.8399
vn 0.3018 0.4509 0.8400
vn 0.2568 0.4556 0.8523
vn 0.2048 0.4597 0.8642
vn 0.2048 0.4597 0.8641
vn 0.1453 0.4628 0.8745
vn 0.3737 0.4415 0.8157
vn 0.3775 0.3345 0.8635
vn 0.3775 0.3344 0.8635
vn 0.3775 0.3342 0.8636
vn 0.3801 0.2225 0.8978
vn 0.3727 0.2231 0.9007
vn 0.3448 0.2251 0.9113
vn 0.3084 0.2274 0.9237
vn 0.3083 0.2274 0.9237
vn 0.2634 0.2297 0.9369
vn 0.2114 0.2318 0.9495
vn 0.1520 0.2333 0.9604
vn 0.1520 0.2333 0.9605
vn 0.3802 0.2230 0.8976
vn 0.3818 0.1072 0.9180
vn 0.3817 0.1072 0.9180
vn 0.3817 0.1069 0.9181
vn 0.3822 -0.0097 0.9240
vn 0.3747 -0.0097 0.9271
vn 0.3469 -0.0098 0.9379
vn 0.3469 -0.0098 0.9378
vn 0.3104 -0.0099 0.9505
vn 0.2655 -0.0100 0.9641
vn 0.2135 -0.0101 0.9769
vn 0.1541 -0.0102 0.9880
vn 0.3822 -0.0096 0.9240
vn 0.3815 -0.1265 0.9157
vn 0.3815 -0.1266 0.9157
vn 0.3797 -0.2414 0.8930
vn 0.3797 -0.2414 0.8931
vn 0.3723 -0.2420 0.8960
vn 0.3444 -0.2442 0.9065
vn 0.3080 -0.2467 0.9189
vn 0.3080 -0.2466 0.9189
vn 0.2630 -0.2492 0.9321
vn 0.2630 -0.2491 0.9321
vn 0.2110 -0.2514 0.9446
vn 0.1515 -0.2530 0.9555
vn 0.1515 -0.2531 0.9555
vn 0.3798 -0.2411 0.8931
vn 0.3769 -0.3526 0.8565
vn 0.3769 -0.3525 0.8566
vn 0.3730 -0.4585 0.8066
vn 0.1445 -0.4806 0.8649
vn 0.2040 -0.4775 0.8546
vn 0.2039 -0.4775 0.8546
vn 0.2560 -0.4733 0.8429
vn 0.2561 -0.4733 0.8429
vn 0.3010 -0.4685 0.8306
vn 0.3011 -0.4685 0.8306
vn 0.3376 -0.4637 0.8191
vn 0.3656 -0.4596 0.8094
vn 0.3730 -0.4584 0.8067
vn 0.3730 -0.4581 0.8068
vn 0.3533 -0.7584 0.5477
vn 0.3484 -0.7981 0.4916
vn 0.3484 -0.7982 0.4914
vn 0.3405 -0.8556 0.3900
vn 0.3405 -0.8556 0.3899
vn 0.3330 -0.8578 0.3916
vn 0.3048 -0.8655 0.3976
vn 0.3047 -0.8655 0.3976
vn 0.2679 -0.8743 0.4047
vn 0.2225 -0.8833 0.4126
vn 0.2225 -0.8833 0.4127
vn 0.1702 -0.8912 0.4206
vn 0.1104 -0.8970 0.4281
vn 0.1104 -0.8970 0.4280
vn 0.3404 -0.8558 0.3896
vn 0.3321 -0.9001 0.2820
vn 0.3321 -0.9001 0.2819
vn 0.3321 -0.9001 0.2818
vn 0.3234 -0.9310 0.1694
vn 0.0924 -0.9761 0.1967
vn 0.1522 -0.9698 0.1907
vn 0.1523 -0.9697 0.1908
vn 0.2048 -0.9612 0.1850
vn 0.2047 -0.9612 0.1850
vn 0.2503 -0.9514 0.1794
vn 0.2503 -0.9514 0.1793
vn 0.2874 -0.9418 0.1744
vn 0.3157 -0.9334 0.1704
vn 0.3158 -0.9334 0.1705
vn 0.3233 -0.9310 0.1692
vn 0.3143 -0.9478 0.0538
vn 0.3142 -0.9478 0.0539
vn 0.3100 -0.9507 -0.0070
vn 0.3052 -0.9502 -0.0628
vn 0.3053 -0.9502 -0.0629
vn 0.1768 -0.9827 -0.0542
vn 0.1785 -0.9824 -0.0545
vn 0.3052 -0.9502 -0.0632
vn 0.2962 -0.9382 -0.1790
vn 0.2962 -0.9382 -0.1791
vn 0.2873 -0.9120 -0.2927
vn 0.2797 -0.9143 -0.2928
vn 0.2797 -0.9144 -0.2928
vn 0.2510 -0.9226 -0.2930
vn 0.2509 -0.9226 -0.2931
vn 0.2135 -0.9320 -0.2929
vn 0.1676 -0.9416 -0.2921
vn 0.1676 -0.9416 -0.2922
vn 0.1148 -0.9499 -0.2906
vn 0.0546 -0.9562 -0.2877
vn 0.2874 -0.9120 -0.2926
vn 0.2788 -0.8719 -0.4025
vn 0.2788 -0.8720 -0.4024
vn 0.2788 -0.8719 -0.4026
vn 0.2707 -0.8187 -0.5064
vn 0.0372 -0.8583 -0.5118
vn 0.0974 -0.8527 -0.5132
vn 0.0974 -0.8528 -0.5131
vn 0.1504 -0.8452 -0.5128
vn 0.1965 -0.8366 -0.5113
vn 0.1966 -0.8367 -0.5112
vn 0.2341 -0.8282 -0.5092
vn 0.2630 -0.8208 -0.5071
s 0
usemtl material
f 1//1 2//1 3//1
f 3//1 2//1 4//1
f 5//1 6//1 7//1
f 2//1 8//1 4//1
f 4//1 8//1 9//1
f 4//1 9//1 10//1
f 10//1 9//1 11//1
f 10//1 11//1 6//1
f 6//1 11//1 12//1
f 6//2 12//2 7//2
f 7//1 13//1 5//1
f 5//1 13//1 14//1
f 5//1 14//1 15//1
f 16//1 17//1 18//1
f 18//1 17//1 19//1
f 20//1 21//1 19//1
f 19//1 21//1 22//1
f 19//1 22//1 18//1
f 1//1 3//1 23//1
f 23//1 3//1 24//1
f 23//3 24//3 25//3
f 14//1 26//1 15//1
f 15//1 26//1 27//1
f 15//1 27//1 28//1
f 28//1 27//1 29//1
f 28//1 29//1 20//1
f 20//1 29//1 30//1
f 20//1 30//1 21//1
f 25//1 24//1 31//1
f 31//1 24//1 32//1
f 31//1 32//1 33//1
f 33//1 32//1 34//1
f 33//1 34//1 35//1
f 16//1 36//1 17//1
f 17//1 36//1 37//1
f 17//1 37//1 38//1
f 38//1 37//1 39//1
f 38//1 39//1 40//1
f 40//1 39//1 41//1
f 40//1 41//1 42//1
f 42//1 41//1 43//1
f 42//1 43//1 34//1
f 34//1 43//1 44//1
f 34//1 44//1 35//1
f 45//1 46//1 47//1
f 47//1 46//1 48//1
f 49//1 50//1 51//1
f 46//1 52//1 48//1
f 48//1 52//1 53//1
f 48//1 53//1 54//1
f 54//1 53//1 55//1
f 54//1 55//1 50//1
f 50//1 55//1 56//1
f 50//1 56//1 51//1
f 51//1 57//1 49//1
f 49//1 57//1 58//1
f 49//1 58//1 59//1
f 60//1 61//1 62//1
f 62//1 61//1 63//1
f 64//1 65//1 63//1
f 63//1 65//1 66//1
f 63//1 66//1 62//1
f 45//1 47//1 67//1
f 67//1 47//1 68//1
f 67//1 68//1 69//1
f 58//1 70//1 59//1
f 59//1 70//1 71//1
f 59//1 71//1 72//1
f 72//1 71//1 73//1
f 72//1 73//1 64//1
f 64//1 73//1 74//1
f 64//1 74//1 65//1
f 69//1 68//1 75//1
f 75//1 68//1 76//1
f 75//1 76//1 77//1
f 77//1 76//1 78//1
f 77//1 78//1 79//1
f 60//1 80//1 61//1
f 61//1 80//1 81//1
f 61//1 81//1 82//1
f 82//1 81//1 83//1
f 82//1 83//1 84//1
f 84//1 83//1 85//1
f 84//1 85//1 86//1
f 86//1 85//1 87//1
f 86//1 87//1 78//1
f 78//1 87//1 88//1
f 78//1 88//1 79//1
f 84//4 86//4 89//4
f 89//5 86//5 78//5
f 89//6 78//6 90//6
f 90//7 78//7 76//7
f 90//7 76//7 91//7
f 91//8 76//8 68//8
f 91//9 68//9 92//9
f 92//10 68//10 47//10
f 92//11 47//11 93//11
f 93//12 47//12 48//12
f 93//13 48//13 94//13
f 94//14 48//14 54//14
f 94//15 54//15 95//15
f 95//16 54//16 50//16
f 95//17 50//17 96//17
f 96//18 50//18 49//18
f 96//19 49//19 97//19
f 97//20 49//20 59//20
f 97//21 59//21 98//21
f 98//22 59//22 72//22
f 98//23 72//23 99//23
f 99//24 72//24 64//24
f 99//25 64//25 100//25
f 100//26 64//26 63//26
f 100//27 63//27 101//27
f 101//28 63//28 61//28
f 101//29 61//29 102//29
f 102//30 61//30 82//30
f 102//31 82//31 103//31
f 103//32 82//32 84//32
f 103//33 84//33 89//33
f 104//34 105//34 106//34
f 107//35 108//35 109//35
f 109//36 108//36 110//36
f 109//37 110//37 111//37
f 111//38 110//38 112//38
f 111//39 112//39 106//39
f 106//40 112//40 113//40
f 106//41 113//41 104//41
f 114//42 115//42 107//42
f 107//43 115//43 116//43
f 107//44 116//44 108//44
f 117//45 118//45 114//45
f 114//46 118//46 119//46
f 114//47 119//47 115//47
f 120//48 121//48 122//48
f 122//49 121//49 123//49
f 122//50 123//50 124//50
f 124//51 123//51 125//51
f 124//52 125//52 117//52
f 117//53 125//53 126//53
f 117//54 126//54 118//54
f 127//55 128//55 120//55
f 120//56 128//56 129//56
f 120//57 129//57 121//57
f 130//58 131//58 127//58
f 127//59 131//59 132//59
f 127//60 132//60 128//60
f 133//61 134//61 135//61
f 135//62 134//62 136//62
f 135//63 136//63 137//63
f 137//64 136//64 138//64
f 137//65 138//65 130//65
f 130//66 138//66 139//66
f 130//67 139//67 131//67
f 104//68 140//68 105//68
f 105//69 140//69 141//69
f 105//70 141//70 133//70
f 133//71 141//71 142//71
f 133//72 142//72 134//72
f 120//73 97//73 127//73
f 127//74 97//74 98//74
f 127//75 98//75 130//75
f 130//76 98//76 99//76
f 130//77 99//77 137//77
f 137//78 99//78 100//78
f 137//79 100//79 135//79
f 135//80 100//80 101//80
f 135//81 101//81 133//81
f 133//82 101//82 102//82
f 133//83 102//83 105//83
f 105//84 102//84 103//84
f 105//85 103//85 106//85
f 106//85 103//85 89//85
f 106//86 89//86 111//86
f 111//87 89//87 90//87
f 111//88 90//88 109//88
f 109//89 90//89 91//89
f 109//90 91//90 107//90
f 107//91 91//91 92//91
f 107//92 92//92 114//92
f 114//92 92//92 93//92
f 114//93 93//93 117//93
f 117//94 93//94 94//94
f 117//95 94//95 124//95
f 124//96 94//96 95//96
f 124//97 95//97 122//97
f 122//98 95//98 96//98
f 122//99 96//99 120//99
f 120//100 96//100 97//100
f 40//4 42//4 143//4
f 143//5 42//5 34//5
f 143//6 34//6 144//6
f 144//7 34//7 32//7
f 144//7 32//7 145//7
f 145//9 32//9 24//9
f 145//101 24//101 146//101
f 146//102 24//102 3//102
f 146//11 3//11 147//11
f 147//12 3//12 4//12
f 147//13 4//13 148//13
f 148//103 4//103 10//103
f 148//104 10//104 149//104
f 149//105 10//105 6//105
f 149//17 6//17 150//17
f 150//18 6//18 5//18
f 150//106 5//106 151//106
f 151//107 5//107 15//107
f 151//108 15//108 152//108
f 152//22 15//22 28//22
f 152//23 28//23 153//23
f 153//109 28//109 20//109
f 153//110 20//110 154//110
f 154//111 20//111 19//111
f 154//27 19//27 155//27
f 155//29 19//29 17//29
f 155//29 17//29 156//29
f 156//30 17//30 38//30
f 156//31 38//31 157//31
f 157//112 38//112 40//112
f 157//113 40//113 143//113
f 158//114 159//114 160//114
f 161//115 162//115 163//115
f 163//116 162//116 164//116
f 163//37 164//37 165//37
f 165//117 164//117 166//117
f 165//118 166//118 160//118
f 160//40 166//40 167//40
f 160//119 167//119 158//119
f 168//42 169//42 161//42
f 161//120 169//120 170//120
f 161//44 170//44 162//44
f 171//45 172//45 168//45
f 168//121 172//121 173//121
f 168//47 173//47 169//47
f 174//48 175//48 176//48
f 176//49 175//49 177//49
f 176//122 177//122 178//122
f 178//52 177//52 179//52
f 178//52 179//52 171//52
f 171//123 179//123 180//123
f 171//124 180//124 172//124
f 181//125 182//125 174//125
f 174//126 182//126 183//126
f 174//127 183//127 175//127
f 184//58 185//58 181//58
f 181//59 185//59 186//59
f 181//128 186//128 182//128
f 187//61 188//61 189//61
f 189//129 188//129 190//129
f 189//130 190//130 191//130
f 191//64 190//64 192//64
f 191//131 192//131 184//131
f 184//132 192//132 193//132
f 184//67 193//67 185//67
f 158//133 194//133 159//133
f 159//134 194//134 195//134
f 159//70 195//70 187//70
f 187//71 195//71 196//71
f 187//72 196//72 188//72
f 174//73 151//73 181//73
f 181//135 151//135 152//135
f 181//75 152//75 184//75
f 184//76 152//76 153//76
f 184//78 153//78 191//78
f 191//136 153//136 154//136
f 191//79 154//79 189//79
f 189//80 154//80 155//80
f 189//81 155//81 187//81
f 187//137 155//137 156//137
f 187//138 156//138 159//138
f 159//84 156//84 157//84
f 159//85 157//85 160//85
f 160//85 157//85 143//85
f 160//139 143//139 165//139
f 165//87 143//87 144//87
f 165//88 144//88 163//88
f 163//89 144//89 145//89
f 163//140 145//140 161//140
f 161//141 145//141 146//141
f 161//92 146//92 168//92
f 168//142 146//142 147//142
f 168//143 147//143 171//143
f 171//94 147//94 148//94
f 171//95 148//95 178//95
f 178//144 148//144 149//144
f 178//97 149//97 176//97
f 176//145 149//145 150//145
f 176//146 150//146 174//146
f 174//147 150//147 151//147
f 197//148 198//148 199//148
f 199//149 198//149 200//149
f 201//150 202//150 203//150
f 203//151 204//151 201//151
f 201//152 204//152 205//152
f 201//153 205//153 206//153
f 206//154 205//154 207//154
f 206//155 207//155 208//155
f 208//156 207//156 209//156
f 208//157 209//157 200//157
f 200//158 209//158 210//158
f 200//159 210//159 199//159
f 202//160 211//160 203//160
f 203//161 211//161 212//161
f 203//162 212//162 213//162
f 214//163 215//163 216//163
f 217//163 218//163 219//163
f 219//163 218//163 220//163
f 218//163 221//163 222//163
f 223//163 224//163 225//163
f 214//163 220//163 215//163
f 215//163 220//163 218//163
f 215//163 218//163 226//163
f 226//164 218//164 222//164
f 227//163 228//163 219//163
f 219//163 228//163 229//163
f 219//163 229//163 217//163
f 230//163 225//163 231//163
f 231//163 225//163 232//163
f 231//163 232//163 233//163
f 233//163 232//163 234//163
f 235//163 236//163 234//163
f 234//163 236//163 237//163
f 234//163 237//163 233//163
f 216//163 238//163 214//163
f 214//163 238//163 236//163
f 214//163 236//163 239//163
f 239//163 236//163 235//163
f 240//163 223//163 241//163
f 241//163 223//163 225//163
f 241//163 225//163 242//163
f 242//163 225//163 230//163
f 243//163 244//163 245//163
f 245//163 244//163 246//163
f 245//163 246//163 247//163
f 247//163 246//163 225//163
f 247//163 225//163 248//163
f 248//163 225//163 224//163
f 249//1 250//1 251//1
f 249//1 251//1 252//1
f 251//1 253//1 252//1
f 252//1 253//1 254//1
f 252//1 254//1 255//1
f 250//1 249//1 256//1
f 256//1 249//1 257//1
f 256//1 257//1 258//1
f 258//1 257//1 259//1
f 258//1 259//1 260//1
f 254//1 261//1 255//1
f 255//1 261//1 262//1
f 255//1 262//1 263//1
f 263//1 262//1 264//1
f 263//1 264//1 265//1
f 264//1 266//1 265//1
f 265//1 266//1 267//1
f 265//1 267//1 268//1
f 267//1 269//1 268//1
f 268//1 269//1 270//1
f 268//1 270//1 271//1
f 272//1 273//1 274//1
f 274//1 273//1 275//1
f 276//1 277//1 275//1
f 275//1 277//1 278//1
f 275//1 278//1 274//1
f 270//1 279//1 271//1
f 271//1 279//1 280//1
f 271//1 280//1 281//1
f 281//1 280//1 282//1
f 281//1 282//1 276//1
f 276//1 282//1 283//1
f 276//1 283//1 277//1
f 272//1 284//1 273//1
f 273//1 284//1 285//1
f 273//1 285//1 286//1
f 286//1 285//1 287//1
f 286//1 287//1 288//1
f 288//1 287//1 289//1
f 288//1 289//1 290//1
f 290//1 289//1 291//1
f 290//1 291//1 259//1
f 259//1 291//1 292//1
f 259//1 292//1 260//1
f 293//1 294//1 295//1
f 295//1 294//1 296//1
f 297//1 298//1 299//1
f 294//1 300//1 296//1
f 296//1 300//1 301//1
f 296//1 301//1 302//1
f 302//1 301//1 303//1
f 302//1 303//1 298//1
f 298//1 303//1 304//1
f 298//1 304//1 299//1
f 299//1 305//1 297//1
f 297//1 305//1 306//1
f 297//1 306//1 307//1
f 308//1 309//1 310//1
f 310//1 309//1 311//1
f 312//1 313//1 311//1
f 311//1 313//1 314//1
f 311//1 314//1 310//1
f 293//1 295//1 315//1
f 315//1 295//1 316//1
f 315//1 316//1 317//1
f 306//1 318//1 307//1
f 307//1 318//1 319//1
f 307//1 319//1 320//1
f 320//1 319//1 321//1
f 320//1 321//1 312//1
f 312//1 321//1 322//1
f 312//1 322//1 313//1
f 317//1 316//1 323//1
f 323//1 316//1 324//1
f 323//1 324//1 325//1
f 325//1 324//1 326//1
f 325//1 326//1 327//1
f 308//1 328//1 309//1
f 309//1 328//1 329//1
f 309//1 329//1 330//1
f 330//1 329//1 331//1
f 330//1 331//1 332//1
f 332//1 331//1 333//1
f 332//1 333//1 334//1
f 334//1 333//1 335//1
f 334//1 335//1 326//1
f 326//1 335//1 336//1
f 326//1 336//1 327//1
f 333//165 337//165 335//165
f 335//166 337//166 338//166
f 335//167 338//167 336//167
f 336//168 338//168 327//168
f 327//169 338//169 339//169
f 327//170 339//170 325//170
f 325//171 339//171 323//171
f 323//172 339//172 340//172
f 323//173 340//173 317//173
f 341//174 293//174 340//174
f 340//175 293//175 315//175
f 340//176 315//176 317//176
f 342//177 300//177 341//177
f 341//178 300//178 294//178
f 341//179 294//179 293//179
f 299//180 304//180 343//180
f 343//181 304//181 303//181
f 343//182 303//182 342//182
f 342//183 303//183 301//183
f 342//184 301//184 300//184
f 299//180 343//180 305//180
f 305//185 343//185 344//185
f 305//186 344//186 306//186
f 306//187 344//187 318//187
f 318//188 344//188 345//188
f 318//189 345//189 319//189
f 319//189 345//189 321//189
f 321//190 345//190 346//190
f 321//191 346//191 322//191
f 347//192 314//192 346//192
f 346//193 314//193 313//193
f 346//194 313//194 322//194
f 348//195 308//195 347//195
f 347//196 308//196 310//196
f 347//197 310//197 314//197
f 333//198 331//198 337//198
f 337//199 331//199 329//199
f 337//200 329//200 348//200
f 348//201 329//201 328//201
f 348//202 328//202 308//202
f 267//203 349//203 269//203
f 269//204 349//204 350//204
f 269//205 350//205 270//205
f 270//206 350//206 279//206
f 279//207 350//207 351//207
f 279//208 351//208 280//208
f 280//208 351//208 282//208
f 282//209 351//209 352//209
f 282//210 352//210 283//210
f 353//211 278//211 352//211
f 352//212 278//212 277//212
f 352//213 277//213 283//213
f 354//214 272//214 353//214
f 353//215 272//215 274//215
f 353//216 274//216 278//216
f 289//217 287//217 355//217
f 355//218 287//218 285//218
f 355//219 285//219 354//219
f 354//220 285//220 284//220
f 354//221 284//221 272//221
f 289//222 355//222 291//222
f 291//223 355//223 356//223
f 291//224 356//224 292//224
f 292//225 356//225 260//225
f 260//226 356//226 357//226
f 260//227 357//227 258//227
f 258//228 357//228 256//228
f 256//229 357//229 358//229
f 256//230 358//230 250//230
f 359//231 253//231 358//231
f 358//232 253//232 251//232
f 358//233 251//233 250//233
f 360//234 261//234 359//234
f 359//235 261//235 254//235
f 359//236 254//236 253//236
f 267//237 266//237 349//237
f 349//238 266//238 264//238
f 349//239 264//239 360//239
f 360//240 264//240 262//240
f 360//241 262//241 261//241
f 361//242 362//242 363//242
f 364//243 365//243 366//243
f 366//244 365//244 367//244
f 366//245 367//245 368//245
f 368//246 367//246 369//246
f 368//247 369//247 363//247
f 363//248 369//248 370//248
f 363//249 370//249 361//249
f 361//250 371//250 362//250
f 362//251 371//251 372//251
f 362//252 372//252 373//252
f 373//253 372//253 374//253
f 373//254 374//254 375//254
f 374//255 376//255 375//255
f 375//256 376//256 377//256
f 375//257 377//257 378//257
f 379//258 380//258 381//258
f 381//258 380//258 382//258
f 379//259 381//259 383//259
f 383//260 381//260 384//260
f 385//261 386//261 387//261
f 385//262 387//262 388//262
f 388//263 387//263 389//263
f 388//264 389//264 390//264
f 389//265 391//265 390//265
f 390//266 391//266 392//266
f 390//267 392//267 393//267
f 392//268 394//268 393//268
f 393//269 394//269 395//269
f 393//270 395//270 396//270
f 396//271 395//271 397//271
f 397//272 398//272 396//272
f 396//273 398//273 399//273
f 396//274 399//274 400//274
f 399//275 401//275 400//275
f 400//276 401//276 402//276
f 400//277 402//277 384//277
f 384//278 402//278 403//278
f 384//278 403//278 383//278
f 377//279 386//279 378//279
f 378//279 386//279 385//279
f 404//280 405//280 406//280
f 406//281 405//281 407//281
f 406//282 407//282 408//282
f 409//283 410//283 411//283
f 411//284 412//284 409//284
f 409//285 412//285 413//285
f 409//286 413//286 407//286
f 407//287 413//287 414//287
f 407//288 414//288 408//288
f 415//289 416//289 417//289
f 417//290 416//290 418//290
f 417//291 418//291 419//291
f 419//292 418//292 420//292
f 419//293 420//293 409//293
f 409//294 420//294 421//294
f 409//295 421//295 410//295
f 422//296 423//296 424//296
f 424//297 425//297 422//297
f 422//298 425//298 426//298
f 422//299 426//299 417//299
f 417//300 426//300 427//300
f 417//301 427//301 415//301
f 423//302 422//302 428//302
f 428//303 422//303 429//303
f 428//304 429//304 430//304
f 430//305 429//305 431//305
f 430//306 431//306 432//306
f 433//307 434//307 435//307
f 435//308 434//308 436//308
f 435//309 436//309 431//309
f 431//310 436//310 437//310
f 431//310 437//310 432//310
f 438//311 439//311 440//311
f 439//312 441//312 440//312
f 440//313 441//313 442//313
f 440//314 442//314 435//314
f 435//315 442//315 443//315
f 435//316 443//316 433//316
f 438//317 440//317 444//317
f 444//318 440//318 445//318
f 444//319 445//319 446//319
f 447//320 448//320 449//320
f 449//321 448//321 450//321
f 449//322 450//322 451//322
f 451//323 452//323 449//323
f 449//324 452//324 453//324
f 449//325 453//325 440//325
f 440//326 453//326 454//326
f 440//327 454//327 445//327
f 404//328 455//328 405//328
f 405//329 455//329 456//329
f 405//330 456//330 447//330
f 447//331 456//331 457//331
f 447//332 457//332 448//332
f 458//333 382//333 380//333
f 458//334 380//334 459//334
f 380//335 460//335 459//335
f 459//336 460//336 461//336
f 459//337 461//337 462//337
f 462//338 461//338 463//338
f 462//339 463//339 464//339
f 463//340 465//340 464//340
f 464//341 465//341 466//341
f 464//342 466//342 467//342
f 467//343 466//343 468//343
f 467//344 468//344 469//344
f 470//345 471//345 472//345
f 472//346 471//346 469//346
f 472//347 469//347 473//347
f 473//348 469//348 468//348
f 41//349 474//349 43//349
f 43//350 474//350 475//350
f 43//167 475//167 44//167
f 44//167 475//167 35//167
f 35//169 475//169 476//169
f 35//351 476//351 33//351
f 33//171 476//171 31//171
f 31//352 476//352 477//352
f 31//353 477//353 25//353
f 478//354 1//354 477//354
f 477//175 1//175 23//175
f 477//355 23//355 25//355
f 479//356 8//356 478//356
f 478//178 8//178 2//178
f 478//357 2//357 1//357
f 7//358 12//358 480//358
f 480//359 12//359 11//359
f 480//360 11//360 479//360
f 479//361 11//361 9//361
f 479//362 9//362 8//362
f 7//363 480//363 13//363
f 13//364 480//364 481//364
f 13//186 481//186 14//186
f 14//365 481//365 26//365
f 26//188 481//188 482//188
f 26//366 482//366 27//366
f 27//366 482//366 29//366
f 29//367 482//367 483//367
f 29//368 483//368 30//368
f 484//369 22//369 483//369
f 483//370 22//370 21//370
f 483//194 21//194 30//194
f 485//371 16//371 484//371
f 484//196 16//196 18//196
f 484//197 18//197 22//197
f 41//372 39//372 474//372
f 474//373 39//373 37//373
f 474//374 37//374 485//374
f 485//201 37//201 36//201
f 485//202 36//202 16//202
f 85//375 486//375 87//375
f 87//350 486//350 487//350
f 87//167 487//167 88//167
f 88//168 487//168 79//168
f 79//376 487//376 488//376
f 79//170 488//170 77//170
f 77//171 488//171 75//171
f 75//172 488//172 489//172
f 75//173 489//173 69//173
f 490//174 45//174 489//174
f 489//175 45//175 67//175
f 489//355 67//355 69//355
f 491//377 52//377 490//377
f 490//178 52//178 46//178
f 490//179 46//179 45//179
f 51//378 56//378 492//378
f 492//359 56//359 55//359
f 492//360 55//360 491//360
f 491//183 55//183 53//183
f 491//184 53//184 52//184
f 51//180 492//180 57//180
f 57//379 492//379 493//379
f 57//186 493//186 58//186
f 58//365 493//365 70//365
f 70//380 493//380 494//380
f 70//366 494//366 71//366
f 71//366 494//366 73//366
f 73//381 494//381 495//381
f 73//191 495//191 74//191
f 496//192 66//192 495//192
f 495//193 66//193 65//193
f 495//382 65//382 74//382
f 497//383 60//383 496//383
f 496//196 60//196 62//196
f 496//197 62//197 66//197
f 85//384 83//384 486//384
f 486//373 83//373 81//373
f 486//374 81//374 497//374
f 497//201 81//201 80//201
f 497//202 80//202 60//202
f 498//385 499//385 500//385
f 501//386 502//386 503//386
f 504//387 505//387 506//387
f 506//388 505//388 507//388
f 506//389 507//389 508//389
f 509//390 510//390 511//390
f 511//391 512//391 509//391
f 509//392 512//392 513//392
f 509//393 513//393 504//393
f 504//394 513//394 514//394
f 504//395 514//395 505//395
f 515//396 509//396 516//396
f 516//397 509//397 517//397
f 516//398 517//398 518//398
f 519//399 510//399 520//399
f 520//400 510//400 509//400
f 520//401 509//401 521//401
f 521//402 509//402 515//402
f 503//403 502//403 522//403
f 502//404 523//404 522//404
f 522//405 523//405 524//405
f 522//406 524//406 517//406
f 517//407 524//407 525//407
f 517//408 525//408 518//408
f 500//409 499//409 503//409
f 503//410 499//410 526//410
f 503//411 526//411 501//411
f 527//412 528//412 529//412
f 529//413 528//413 530//413
f 529//414 530//414 500//414
f 500//415 530//415 531//415
f 500//416 531//416 498//416
f 532//417 533//417 534//417
f 534//418 533//418 535//418
f 532//419 536//419 533//419
f 533//420 536//420 537//420
f 533//421 537//421 538//421
f 538//422 537//422 539//422
f 538//423 539//423 529//423
f 529//424 539//424 540//424
f 529//425 540//425 527//425
f 535//426 533//426 541//426
f 541//427 533//427 542//427
f 541//428 542//428 543//428
f 508//429 544//429 506//429
f 506//430 544//430 545//430
f 506//431 545//431 546//431
f 546//432 545//432 547//432
f 546//433 547//433 542//433
f 542//434 547//434 548//434
f 542//435 548//435 543//435
f 549//436 550//436 551//436
f 552//437 553//437 554//437
f 554//438 553//438 555//438
f 554//439 555//439 556//439
f 556//440 555//440 557//440
f 556//441 557//441 551//441
f 551//442 557//442 558//442
f 551//443 558//443 549//443
f 549//444 559//444 550//444
f 550//445 559//445 560//445
f 550//446 560//446 561//446
f 561//447 560//447 562//447
f 561//448 562//448 563//448
f 562//449 564//449 563//449
f 563//450 564//450 565//450
f 563//451 565//451 566//451
f 567//279 568//279 569//279
f 569//279 568//279 570//279
f 567//452 569//452 571//452
f 571//453 569//453 572//453
f 573//454 574//454 575//454
f 573//455 575//455 576//455
f 576//456 575//456 577//456
f 576//457 577//457 578//457
f 577//458 579//458 578//458
f 578//459 579//459 580//459
f 578//460 580//460 581//460
f 580//461 582//461 581//461
f 581//462 582//462 583//462
f 581//463 583//463 584//463
f 584//464 583//464 585//464
f 585//465 586//465 584//465
f 584//466 586//466 587//466
f 584//467 587//467 588//467
f 587//468 589//468 588//468
f 588//469 589//469 590//469
f 588//470 590//470 572//470
f 572//471 590//471 591//471
f 572//472 591//472 571//472
f 565//258 574//258 566//258
f 566//258 574//258 573//258
f 592//473 570//473 568//473
f 592//474 568//474 593//474
f 568//475 594//475 593//475
f 593//476 594//476 595//476
f 593//477 595//477 596//477
f 596//478 595//478 597//478
f 596//479 597//479 598//479
f 597//480 599//480 598//480
f 598//481 599//481 600//481
f 598//482 600//482 601//482
f 601//483 600//483 602//483
f 601//484 602//484 603//484
f 604//485 605//485 606//485
f 606//486 605//486 603//486
f 606//487 603//487 607//487
f 607//488 603//488 602//488
f 129//489 128//489 608//489
f 609//490 138//490 136//490
f 610//491 611//491 134//491
f 134//492 611//492 612//492
f 134//493 612//493 136//493
f 136//494 612//494 613//494
f 136//495 613//495 609//495
f 610//496 134//496 614//496
f 614//497 134//497 142//497
f 614//498 142//498 615//498
f 615//499 142//499 616//499
f 616//500 142//500 141//500
f 616//501 141//501 617//501
f 617//502 141//502 618//502
f 618//503 141//503 140//503
f 618//504 140//504 619//504
f 619//505 140//505 104//505
f 619//506 104//506 620//506
f 620//507 104//507 113//507
f 620//508 113//508 621//508
f 621//509 113//509 112//509
f 621//510 112//510 622//510
f 622//511 112//511 110//511
f 622//512 110//512 623//512
f 623//513 110//513 108//513
f 623//514 108//514 624//514
f 624//515 108//515 625//515
f 625//516 108//516 116//516
f 625//517 116//517 626//517
f 626//518 116//518 115//518
f 626//519 115//519 627//519
f 627//520 115//520 119//520
f 627//521 119//521 628//521
f 628//522 119//522 118//522
f 628//523 118//523 629//523
f 629//524 118//524 126//524
f 629//525 126//525 630//525
f 630//526 126//526 125//526
f 630//527 125//527 631//527
f 631//528 125//528 123//528
f 631//529 123//529 632//529
f 632//530 123//530 121//530
f 632//531 121//531 633//531
f 129//532 608//532 121//532
f 121//533 608//533 634//533
f 121//534 634//534 633//534
f 138//535 609//535 139//535
f 139//536 609//536 635//536
f 139//537 635//537 131//537
f 131//538 635//538 636//538
f 131//539 636//539 132//539
f 132//540 636//540 637//540
f 132//541 637//541 128//541
f 128//542 637//542 638//542
f 128//543 638//543 608//543
f 639//544 640//544 641//544
f 642//545 643//545 644//545
f 645//546 646//546 647//546
f 647//547 646//547 642//547
f 612//548 639//548 613//548
f 613//549 639//549 641//549
f 613//550 641//550 609//550
f 609//551 641//551 648//551
f 608//552 638//552 649//552
f 649//553 638//553 637//553
f 649//554 637//554 650//554
f 650//555 637//555 636//555
f 650//556 636//556 648//556
f 648//557 636//557 635//557
f 648//558 635//558 609//558
f 608//559 649//559 634//559
f 634//560 649//560 651//560
f 634//561 651//561 633//561
f 633//562 651//562 652//562
f 633//563 652//563 632//563
f 632//564 652//564 631//564
f 631//565 652//565 653//565
f 631//566 653//566 630//566
f 630//567 653//567 654//567
f 630//568 654//568 629//568
f 655//569 626//569 656//569
f 656//570 626//570 627//570
f 656//571 627//571 654//571
f 654//572 627//572 628//572
f 654//573 628//573 629//573
f 621//574 622//574 657//574
f 657//575 622//575 623//575
f 657//576 623//576 658//576
f 658//577 623//577 624//577
f 658//578 624//578 655//578
f 655//579 624//579 625//579
f 655//580 625//580 626//580
f 659//581 660//581 661//581
f 661//582 660//582 662//582
f 621//583 657//583 620//583
f 620//584 657//584 663//584
f 620//585 663//585 619//585
f 619//586 663//586 661//586
f 619//587 661//587 618//587
f 618//588 661//588 662//588
f 618//589 662//589 617//589
f 664//590 665//590 666//590
f 642//591 644//591 647//591
f 647//592 644//592 667//592
f 647//593 667//593 668//593
f 668//594 667//594 669//594
f 668//595 669//595 670//595
f 670//596 669//596 671//596
f 670//597 671//597 672//597
f 672//598 671//598 673//598
f 672//599 673//599 674//599
f 674//600 673//600 675//600
f 674//601 675//601 676//601
f 676//602 675//602 677//602
f 676//603 677//603 678//603
f 678//604 677//604 679//604
f 678//605 679//605 680//605
f 680//606 679//606 681//606
f 680//607 681//607 682//607
f 682//608 681//608 683//608
f 682//609 683//609 684//609
f 684//610 683//610 685//610
f 684//611 685//611 686//611
f 686//612 685//612 687//612
f 686//613 687//613 688//613
f 688//614 687//614 689//614
f 688//615 689//615 690//615
f 690//616 689//616 664//616
f 690//617 664//617 691//617
f 691//618 664//618 666//618
f 691//619 666//619 692//619
f 692//620 659//620 691//620
f 691//621 659//621 661//621
f 691//622 661//622 690//622
f 690//623 661//623 663//623
f 690//624 663//624 688//624
f 688//625 663//625 657//625
f 688//626 657//626 686//626
f 686//627 657//627 658//627
f 686//628 658//628 684//628
f 684//629 658//629 655//629
f 684//630 655//630 682//630
f 682//631 655//631 656//631
f 682//632 656//632 680//632
f 680//633 656//633 654//633
f 680//634 654//634 678//634
f 678//635 654//635 653//635
f 678//636 653//636 676//636
f 676//637 653//637 652//637
f 676//638 652//638 674//638
f 674//639 652//639 651//639
f 674//640 651//640 672//640
f 672//641 651//641 649//641
f 672//642 649//642 670//642
f 670//643 649//643 650//643
f 670//644 650//644 668//644
f 668//645 650//645 648//645
f 668//646 648//646 647//646
f 647//647 648//647 641//647
f 647//648 641//648 645//648
f 645//649 641//649 640//649
f 224//650 223//650 693//650
f 694//651 695//651 245//651
f 245//651 247//651 694//651
f 694//652 247//652 248//652
f 694//652 248//652 696//652
f 696//653 248//653 224//653
f 696//653 224//653 697//653
f 697//650 224//650 693//650
f 166//654 164//654 698//654
f 162//655 699//655 700//655
f 162//656 700//656 164//656
f 164//657 700//657 701//657
f 164//658 701//658 698//658
f 175//659 702//659 177//659
f 177//660 702//660 703//660
f 177//661 703//661 179//661
f 179//662 703//662 704//662
f 179//663 704//663 180//663
f 180//664 704//664 705//664
f 180//665 705//665 172//665
f 172//666 705//666 706//666
f 172//667 706//667 173//667
f 173//668 706//668 707//668
f 173//669 707//669 169//669
f 169//670 707//670 708//670
f 169//671 708//671 170//671
f 170//672 708//672 709//672
f 170//673 709//673 162//673
f 162//674 709//674 710//674
f 162//675 710//675 699//675
f 711//676 712//676 175//676
f 175//677 712//677 713//677
f 175//677 713//677 702//677
f 175//678 183//678 711//678
f 711//679 183//679 182//679
f 711//680 182//680 714//680
f 714//681 182//681 715//681
f 715//682 182//682 186//682
f 715//683 186//683 716//683
f 716//684 186//684 185//684
f 716//685 185//685 717//685
f 717//686 185//686 193//686
f 717//687 193//687 718//687
f 190//688 188//688 719//688
f 193//689 192//689 718//689
f 718//690 192//690 190//690
f 718//691 190//691 720//691
f 720//692 190//692 719//692
f 698//693 721//693 166//693
f 166//694 721//694 722//694
f 166//695 722//695 167//695
f 167//696 722//696 723//696
f 167//697 723//697 158//697
f 158//698 723//698 724//698
f 158//699 724//699 194//699
f 194//700 724//700 725//700
f 194//701 725//701 195//701
f 195//702 725//702 726//702
f 195//703 726//703 196//703
f 196//704 726//704 727//704
f 196//705 727//705 188//705
f 188//706 727//706 728//706
f 188//707 728//707 719//707
f 729//708 730//708 731//708
f 732//709 733//709 734//709
f 735//710 736//710 737//710
f 737//711 736//711 732//711
f 722//712 729//712 723//712
f 723//713 729//713 731//713
f 723//714 731//714 724//714
f 724//715 731//715 738//715
f 719//716 728//716 739//716
f 739//717 728//717 727//717
f 739//718 727//718 740//718
f 740//719 727//719 726//719
f 740//720 726//720 738//720
f 738//721 726//721 725//721
f 738//722 725//722 724//722
f 719//723 739//723 720//723
f 720//724 739//724 741//724
f 720//725 741//725 718//725
f 718//726 741//726 742//726
f 718//727 742//727 717//727
f 717//728 742//728 716//728
f 716//729 742//729 743//729
f 716//730 743//730 715//730
f 715//731 743//731 744//731
f 715//732 744//732 714//732
f 745//733 713//733 746//733
f 746//734 713//734 712//734
f 746//735 712//735 744//735
f 744//736 712//736 711//736
f 744//737 711//737 714//737
f 706//738 705//738 747//738
f 747//739 705//739 704//739
f 747//740 704//740 748//740
f 748//741 704//741 703//741
f 748//742 703//742 745//742
f 745//742 703//742 702//742
f 745//743 702//743 713//743
f 749//744 750//744 751//744
f 751//745 750//745 752//745
f 706//746 747//746 707//746
f 707//747 747//747 753//747
f 707//748 753//748 708//748
f 708//749 753//749 751//749
f 708//750 751//750 709//750
f 709//751 751//751 752//751
f 709//752 752//752 710//752
f 754//753 755//753 756//753
f 732//754 734//754 737//754
f 737//755 734//755 757//755
f 737//756 757//756 758//756
f 758//757 757//757 759//757
f 758//758 759//758 760//758
f 760//759 759//759 761//759
f 760//760 761//760 762//760
f 762//761 761//761 763//761
f 762//762 763//762 764//762
f 764//763 763//763 765//763
f 764//764 765//764 766//764
f 766//765 765//765 767//765
f 766//766 767//766 768//766
f 768//767 767//767 769//767
f 768//768 769//768 770//768
f 770//769 769//769 771//769
f 770//770 771//770 772//770
f 772//771 771//771 773//771
f 772//772 773//772 774//772
f 774//773 773//773 775//773
f 774//774 775//774 776//774
f 776//775 775//775 777//775
f 776//776 777//776 778//776
f 778//777 777//777 779//777
f 778//778 779//778 780//778
f 780//779 779//779 754//779
f 780//780 754//780 781//780
f 781//781 754//781 756//781
f 781//782 756//782 782//782
f 782//783 749//783 781//783
f 781//784 749//784 751//784
f 781//785 751//785 780//785
f 780//786 751//786 753//786
f 780//787 753//787 778//787
f 778//788 753//788 747//788
f 778//789 747//789 776//789
f 776//790 747//790 748//790
f 776//791 748//791 774//791
f 774//792 748//792 745//792
f 774//793 745//793 772//793
f 772//794 745//794 746//794
f 772//795 746//795 770//795
f 770//796 746//796 744//796
f 770//797 744//797 768//797
f 768//798 744//798 743//798
f 768//799 743//799 766//799
f 766//800 743//800 742//800
f 766//801 742//801 764//801
f 764//802 742//802 741//802
f 764//803 741//803 762//803
f 762//804 741//804 739//804
f 762//805 739//805 760//805
f 760//806 739//806 740//806
f 760//807 740//807 758//807
f 758//808 740//808 738//808
f 758//809 738//809 737//809
f 737//810 738//810 731//810
f 737//811 731//811 735//811
f 735//812 731//812 730//812
f 783//813 784//813 785//813
f 785//814 784//814 786//814
f 785//815 786//815 787//815
f 787//816 786//816 788//816
f 789//817 790//817 791//817
f 792//818 793//818 794//818
f 794//819 793//819 795//819
f 792//820 794//820 796//820
f 796//821 794//821 797//821
f 796//822 797//822 798//822
f 798//823 797//823 799//823
f 798//824 799//824 800//824
f 789//825 801//825 802//825
f 802//826 801//826 803//826
f 802//827 803//827 804//827
f 804//828 803//828 805//828
f 804//829 805//829 806//829
f 807//830 790//830 808//830
f 808//831 790//831 789//831
f 808//832 789//832 795//832
f 795//833 789//833 802//833
f 795//834 802//834 794//834
f 794//835 802//835 804//835
f 794//836 804//836 797//836
f 797//837 804//837 806//837
f 797//838 806//838 799//838
f 809//839 810//839 811//839
f 809//840 812//840 813//840
f 813//841 812//841 814//841
f 813//842 814//842 815//842
f 812//843 816//843 814//843
f 814//844 816//844 817//844
f 814//845 817//845 818//845
f 818//846 817//846 819//846
f 818//847 819//847 786//847
f 786//848 819//848 820//848
f 786//849 820//849 788//849
f 788//850 820//850 821//850
f 822//851 823//851 824//851
f 824//852 823//852 811//852
f 824//853 811//853 825//853
f 825//854 811//854 810//854
f 825//855 810//855 826//855
f 822//856 827//856 823//856
f 823//857 827//857 828//857
f 823//858 828//858 803//858
f 803//859 828//859 829//859
f 803//860 829//860 805//860
f 784//861 830//861 786//861
f 786//862 830//862 831//862
f 786//863 831//863 818//863
f 818//864 831//864 832//864
f 818//865 832//865 814//865
f 814//866 832//866 833//866
f 814//867 833//867 815//867
f 809//868 811//868 812//868
f 812//869 811//869 823//869
f 812//870 823//870 816//870
f 816//871 823//871 803//871
f 816//872 803//872 817//872
f 817//873 803//873 801//873
f 817//874 801//874 819//874
f 819//875 801//875 789//875
f 819//876 789//876 820//876
f 820//877 789//877 791//877
f 820//878 791//878 821//878
f 826//879 834//879 825//879
f 825//880 834//880 835//880
f 827//881 822//881 835//881
f 835//882 822//882 824//882
f 835//883 824//883 825//883
f 806//884 805//884 836//884
f 836//885 805//885 829//885
f 836//886 829//886 835//886
f 835//887 829//887 828//887
f 835//888 828//888 827//888
f 806//889 836//889 799//889
f 799//890 836//890 837//890
f 799//891 837//891 800//891
f 838//892 839//892 840//892
f 841//893 842//893 843//893
f 843//894 844//894 841//894
f 841//895 844//895 845//895
f 841//896 845//896 846//896
f 846//897 845//897 847//897
f 846//898 847//898 848//898
f 848//899 847//899 849//899
f 848//899 849//899 850//899
f 850//900 849//900 851//900
f 850//901 851//901 852//901
f 852//902 851//902 853//902
f 852//902 853//902 854//902
f 854//903 853//903 855//903
f 854//904 855//904 856//904
f 856//905 855//905 857//905
f 856//905 857//905 858//905
f 858//906 857//906 859//906
f 858//907 859//907 860//907
f 860//908 859//908 861//908
f 860//908 861//908 862//908
f 862//909 861//909 835//909
f 862//910 835//910 834//910
f 863//911 837//911 836//911
f 840//912 864//912 838//912
f 838//913 864//913 865//913
f 838//914 865//914 866//914
f 866//915 865//915 867//915
f 866//916 867//916 868//916
f 868//917 867//917 869//917
f 868//918 869//918 870//918
f 870//919 869//919 871//919
f 870//920 871//920 872//920
f 872//921 871//921 873//921
f 872//921 873//921 874//921
f 874//922 873//922 875//922
f 874//923 875//923 876//923
f 876//924 875//924 877//924
f 876//925 877//925 878//925
f 878//926 877//926 879//926
f 878//927 879//927 880//927
f 880//928 879//928 863//928
f 880//929 863//929 881//929
f 881//911 863//911 836//911
f 843//930 839//930 844//930
f 844//931 839//931 838//931
f 844//932 838//932 845//932
f 845//933 838//933 866//933
f 845//934 866//934 847//934
f 847//935 866//935 868//935
f 847//936 868//936 849//936
f 849//937 868//937 870//937
f 849//938 870//938 851//938
f 851//939 870//939 872//939
f 851//940 872//940 853//940
f 853//940 872//940 874//940
f 853//941 874//941 855//941
f 855//942 874//942 876//942
f 855//943 876//943 857//943
f 857//944 876//944 878//944
f 857//945 878//945 859//945
f 859//946 878//946 880//946
f 859//947 880//947 861//947
f 861//948 880//948 881//948
f 861//949 881//949 835//949
f 835//950 881//950 836//950
f 882//951 883//951 843//951
f 884//952 840//952 885//952
f 885//953 840//953 839//953
f 885//954 839//954 886//954
f 886//955 839//955 887//955
f 843//956 883//956 839//956
f 839//957 883//957 888//957
f 839//958 888//958 887//958
f 882//959 843//959 889//959
f 889//960 843//960 842//960
f 889//961 842//961 890//961
f 891//962 892//962 893//962
f 574//963 565//963 894//963
f 895//964 896//964 897//964
f 897//965 896//965 898//965
f 897//966 898//966 899//966
f 899//967 898//967 893//967
f 899//968 893//968 900//968
f 900//969 893//969 892//969
f 574//970 894//970 901//970
f 901//971 894//971 902//971
f 901//972 902//972 893//972
f 893//973 902//973 903//973
f 893//974 903//974 891//974
f 904//975 905//975 567//975
f 906//976 907//976 908//976
f 908//977 909//977 906//977
f 906//978 909//978 910//978
f 906//978 910//978 911//978
f 911//979 910//979 912//979
f 911//980 912//980 913//980
f 913//981 912//981 914//981
f 913//982 914//982 915//982
f 915//983 914//983 916//983
f 915//984 916//984 917//984
f 917//985 916//985 918//985
f 917//986 918//986 919//986
f 919//987 918//987 920//987
f 919//987 920//987 921//987
f 921//988 920//988 898//988
f 921//989 898//989 896//989
f 922//990 923//990 579//990
f 574//991 901//991 575//991
f 575//992 901//992 922//992
f 575//993 922//993 577//993
f 577//994 922//994 579//994
f 924//995 583//995 925//995
f 925//996 583//996 582//996
f 925//997 582//997 923//997
f 923//998 582//998 580//998
f 923//999 580//999 579//999
f 926//1000 586//1000 924//1000
f 924//1001 586//1001 585//1001
f 924//1002 585//1002 583//1002
f 927//1003 589//1003 926//1003
f 926//1004 589//1004 587//1004
f 926//1005 587//1005 586//1005
f 567//1006 571//1006 904//1006
f 904//1007 571//1007 591//1007
f 904//1008 591//1008 927//1008
f 927//1009 591//1009 590//1009
f 927//1010 590//1010 589//1010
f 928//1011 905//1011 929//1011
f 929//1012 905//1012 904//1012
f 929//1013 904//1013 930//1013
f 930//1014 904//1014 927//1014
f 930//1015 927//1015 931//1015
f 931//1016 927//1016 926//1016
f 931//1017 926//1017 932//1017
f 932//1018 926//1018 924//1018
f 932//1019 924//1019 933//1019
f 933//1020 924//1020 925//1020
f 933//1021 925//1021 934//1021
f 934//1022 925//1022 923//1022
f 934//1023 923//1023 935//1023
f 935//1024 923//1024 922//1024
f 935//1025 922//1025 893//1025
f 893//1026 922//1026 901//1026
f 908//1027 928//1027 909//1027
f 909//1028 928//1028 929//1028
f 909//1029 929//1029 910//1029
f 910//1030 929//1030 930//1030
f 910//1031 930//1031 912//1031
f 912//1032 930//1032 931//1032
f 912//1033 931//1033 914//1033
f 914//1034 931//1034 932//1034
f 914//1035 932//1035 916//1035
f 916//1036 932//1036 933//1036
f 916//1037 933//1037 918//1037
f 918//1038 933//1038 934//1038
f 918//1039 934//1039 920//1039
f 920//1040 934//1040 935//1040
f 920//1041 935//1041 898//1041
f 898//1042 935//1042 893//1042
f 936//1043 937//1043 928//1043
f 907//1044 938//1044 939//1044
f 568//1045 567//1045 940//1045
f 940//1046 567//1046 905//1046
f 940//1047 905//1047 941//1047
f 941//1048 905//1048 928//1048
f 941//1049 928//1049 942//1049
f 942//1050 928//1050 937//1050
f 907//1051 939//1051 908//1051
f 908//1052 939//1052 943//1052
f 908//1053 943//1053 928//1053
f 928//1054 943//1054 944//1054
f 928//1055 944//1055 936//1055
f 945//1056 946//1056 947//1056
f 947//1057 946//1057 948//1057
f 947//1058 948//1058 949//1058
f 949//1059 948//1059 950//1059
f 950//1060 948//1060 951//1060
f 950//1061 951//1061 952//1061
f 953//1062 954//1062 951//1062
f 951//1063 954//1063 955//1063
f 955//1064 956//1064 951//1064
f 951//1065 956//1065 957//1065
f 951//1066 957//1066 952//1066
f 958//1067 959//1067 960//1067
f 961//1068 962//1068 963//1068
f 963//1069 964//1069 961//1069
f 961//1070 964//1070 965//1070
f 961//1070 965//1070 966//1070
f 966//1071 965//1071 967//1071
f 966//1072 967//1072 968//1072
f 968//1073 967//1073 969//1073
f 968//1073 969//1073 970//1073
f 970//1074 969//1074 971//1074
f 970//1075 971//1075 972//1075
f 972//1076 971//1076 973//1076
f 972//1076 973//1076 974//1076
f 974//1077 973//1077 975//1077
f 974//1078 975//1078 976//1078
f 976//1079 975//1079 977//1079
f 976//1080 977//1080 978//1080
f 978//1081 977//1081 979//1081
f 978//1081 979//1081 980//1081
f 980//1082 979//1082 981//1082
f 980//1082 981//1082 982//1082
f 982//1083 981//1083 948//1083
f 982//1084 948//1084 946//1084
f 983//1085 953//1085 951//1085
f 960//1067 984//1067 958//1067
f 958//1086 984//1086 985//1086
f 958//1087 985//1087 986//1087
f 986//1088 985//1088 987//1088
f 986//1089 987//1089 988//1089
f 988//1090 987//1090 989//1090
f 988//1091 989//1091 990//1091
f 990//1092 989//1092 991//1092
f 990//1093 991//1093 992//1093
f 992//1094 991//1094 993//1094
f 992//1095 993//1095 994//1095
f 994//1096 993//1096 995//1096
f 994//1097 995//1097 996//1097
f 996//1098 995//1098 997//1098
f 996//1099 997//1099 998//1099
f 998//1100 997//1100 999//1100
f 998//1101 999//1101 1000//1101
f 1000//1102 999//1102 983//1102
f 1000//1103 983//1103 1001//1103
f 1001//1104 983//1104 951//1104
f 963//1105 959//1105 964//1105
f 964//1106 959//1106 958//1106
f 964//1107 958//1107 965//1107
f 965//1108 958//1108 986//1108
f 965//1109 986//1109 967//1109
f 967//1110 986//1110 988//1110
f 967//1111 988//1111 969//1111
f 969//1112 988//1112 990//1112
f 969//1113 990//1113 971//1113
f 971//1114 990//1114 992//1114
f 971//1115 992//1115 973//1115
f 973//1115 992//1115 994//1115
f 973//1116 994//1116 975//1116
f 975//1117 994//1117 996//1117
f 975//1118 996//1118 977//1118
f 977//1119 996//1119 998//1119
f 977//1120 998//1120 979//1120
f 979//1121 998//1121 1000//1121
f 979//1122 1000//1122 981//1122
f 981//1123 1000//1123 1001//1123
f 981//1124 1001//1124 948//1124
f 948//1125 1001//1125 951//1125
f 1002//1126 1003//1126 963//1126
f 1004//1127 960//1127 1005//1127
f 1005//1128 960//1128 959//1128
f 1005//1129 959//1129 1006//1129
f 1006//1130 959//1130 1007//1130
f 963//1131 1003//1131 959//1131
f 959//1132 1003//1132 1008//1132
f 959//1133 1008//1133 1007//1133
f 1002//1134 963//1134 1009//1134
f 1009//1135 963//1135 962//1135
f 1009//1136 962//1136 1010//1136
f 1011//1137 1012//1137 1013//1137
f 1013//1138 1012//1138 1014//1138
f 1013//1139 1014//1139 1015//1139
f 1015//1140 1014//1140 1016//1140
f 1016//1141 1014//1141 1017//1141
f 1016//1142 1017//1142 1018//1142
f 1019//1143 1020//1143 1017//1143
f 1017//1144 1020//1144 1021//1144
f 1021//1145 1022//1145 1017//1145
f 1017//1146 1022//1146 1023//1146
f 1017//1147 1023//1147 1018//1147
f 1024//1148 1025//1148 1026//1148
f 1027//1149 1028//1149 1029//1149
f 1029//1150 1030//1150 1027//1150
f 1027//1151 1030//1151 1031//1151
f 1027//1151 1031//1151 1032//1151
f 1032//1152 1031//1152 1033//1152
f 1032//1152 1033//1152 1034//1152
f 1034//1153 1033//1153 1035//1153
f 1034//1154 1035//1154 1036//1154
f 1036//1155 1035//1155 1037//1155
f 1036//1156 1037//1156 1038//1156
f 1038//1157 1037//1157 1039//1157
f 1038//1157 1039//1157 1040//1157
f 1040//1158 1039//1158 1041//1158
f 1040//1159 1041//1159 1042//1159
f 1042//1160 1041//1160 1043//1160
f 1042//1161 1043//1161 1044//1161
f 1044//1162 1043//1162 1045//1162
f 1044//1162 1045//1162 1046//1162
f 1046//1163 1045//1163 1047//1163
f 1046//1163 1047//1163 1048//1163
f 1048//1164 1047//1164 1014//1164
f 1048//1164 1014//1164 1012//1164
f 1049//1165 1019//1165 1017//1165
f 1026//1148 1050//1148 1024//1148
f 1024//1166 1050//1166 1051//1166
f 1024//1167 1051//1167 1052//1167
f 1052//1168 1051//1168 1053//1168
f 1052//1169 1053//1169 1054//1169
f 1054//1170 1053//1170 1055//1170
f 1054//1171 1055//1171 1056//1171
f 1056//1172 1055//1172 1057//1172
f 1056//1173 1057//1173 1058//1173
f 1058//1174 1057//1174 1059//1174
f 1058//1174 1059//1174 1060//1174
f 1060//1175 1059//1175 1061//1175
f 1060//1176 1061//1176 1062//1176
f 1062//1177 1061//1177 1063//1177
f 1062//1178 1063//1178 1064//1178
f 1064//1179 1063//1179 1065//1179
f 1064//1180 1065//1180 1066//1180
f 1066//1181 1065//1181 1049//1181
f 1066//1182 1049//1182 1067//1182
f 1067//1165 1049//1165 1017//1165
f 1029//1183 1025//1183 1030//1183
f 1030//1184 1025//1184 1024//1184
f 1030//1185 1024//1185 1031//1185
f 1031//1186 1024//1186 1052//1186
f 1031//1187 1052//1187 1033//1187
f 1033//1188 1052//1188 1054//1188
f 1033//1189 1054//1189 1035//1189
f 1035//1190 1054//1190 1056//1190
f 1035//1191 1056//1191 1037//1191
f 1037//1192 1056//1192 1058//1192
f 1037//1193 1058//1193 1039//1193
f 1039//1193 1058//1193 1060//1193
f 1039//1194 1060//1194 1041//1194
f 1041//1195 1060//1195 1062//1195
f 1041//1196 1062//1196 1043//1196
f 1043//1197 1062//1197 1064//1197
f 1043//1198 1064//1198 1045//1198
f 1045//1199 1064//1199 1066//1199
f 1045//1200 1066//1200 1047//1200
f 1047//1201 1066//1201 1067//1201
f 1047//1202 1067//1202 1014//1202
f 1014//1203 1067//1203 1017//1203
f 1068//1204 1069//1204 1029//1204
f 1070//1205 1026//1205 1071//1205
f 1071//1206 1026//1206 1025//1206
f 1071//1207 1025//1207 1072//1207
f 1072//1208 1025//1208 1073//1208
f 1029//1209 1069//1209 1025//1209
f 1025//1210 1069//1210 1074//1210
f 1025//1211 1074//1211 1073//1211
f 1068//1212 1029//1212 1075//1212
f 1075//1213 1029//1213 1028//1213
f 1075//1214 1028//1214 1076//1214
f 1077//1215 1078//1215 1079//1215
f 386//1216 377//1216 1080//1216
f 1081//1217 1082//1217 1083//1217
f 1083//1218 1082//1218 1084//1218
f 1083//1219 1084//1219 1085//1219
f 1085//1220 1084//1220 1079//1220
f 1085//1221 1079//1221 1086//1221
f 1086//1222 1079//1222 1078//1222
f 386//1223 1080//1223 1087//1223
f 1087//1224 1080//1224 1088//1224
f 1087//1225 1088//1225 1079//1225
f 1079//1226 1088//1226 1089//1226
f 1079//1227 1089//1227 1077//1227
f 392//1228 391//1228 1090//1228
f 1091//1229 1084//1229 1082//1229
f 1092//1230 387//1230 1087//1230
f 1087//1231 387//1231 386//1231
f 1090//1232 391//1232 1092//1232
f 1092//1233 391//1233 389//1233
f 1092//1234 389//1234 387//1234
f 392//1235 1090//1235 394//1235
f 394//1236 1090//1236 1093//1236
f 394//1237 1093//1237 395//1237
f 395//1238 1093//1238 1094//1238
f 395//1239 1094//1239 397//1239
f 397//1240 1094//1240 398//1240
f 398//1241 1094//1241 1095//1241
f 398//1242 1095//1242 399//1242
f 399//1243 1095//1243 401//1243
f 401//1244 1095//1244 1096//1244
f 401//1245 1096//1245 402//1245
f 402//1246 1096//1246 403//1246
f 403//1247 1096//1247 1097//1247
f 403//1248 1097//1248 383//1248
f 383//1249 1097//1249 1098//1249
f 383//1250 1098//1250 379//1250
f 1099//1251 1100//1251 1101//1251
f 1082//1252 1102//1252 1091//1252
f 1091//1253 1102//1253 1103//1253
f 1091//1253 1103//1253 1104//1253
f 1104//1254 1103//1254 1105//1254
f 1104//1255 1105//1255 1106//1255
f 1106//1256 1105//1256 1107//1256
f 1106//1257 1107//1257 1108//1257
f 1108//1258 1107//1258 1109//1258
f 1108//1259 1109//1259 1110//1259
f 1110//1260 1109//1260 1111//1260
f 1110//1261 1111//1261 1112//1261
f 1112//1262 1111//1262 1099//1262
f 1112//1262 1099//1262 1113//1262
f 1113//1263 1099//1263 1101//1263
f 1114//1264 1098//1264 1115//1264
f 1115//1265 1098//1265 1097//1265
f 1115//1266 1097//1266 1116//1266
f 1116//1267 1097//1267 1096//1267
f 1116//1268 1096//1268 1117//1268
f 1117//1269 1096//1269 1095//1269
f 1117//1270 1095//1270 1118//1270
f 1118//1271 1095//1271 1094//1271
f 1118//1272 1094//1272 1119//1272
f 1119//1273 1094//1273 1093//1273
f 1119//1274 1093//1274 1120//1274
f 1120//1275 1093//1275 1090//1275
f 1120//1276 1090//1276 1121//1276
f 1121//1277 1090//1277 1092//1277
f 1121//1278 1092//1278 1079//1278
f 1079//1279 1092//1279 1087//1279
f 1101//1280 1114//1280 1113//1280
f 1113//1281 1114//1281 1115//1281
f 1113//1282 1115//1282 1112//1282
f 1112//1283 1115//1283 1116//1283
f 1112//1284 1116//1284 1110//1284
f 1110//1285 1116//1285 1117//1285
f 1110//1286 1117//1286 1108//1286
f 1108//1287 1117//1287 1118//1287
f 1108//1288 1118//1288 1106//1288
f 1106//1289 1118//1289 1119//1289
f 1106//1290 1119//1290 1104//1290
f 1104//1291 1119//1291 1120//1291
f 1104//1292 1120//1292 1091//1292
f 1091//1293 1120//1293 1121//1293
f 1091//1294 1121//1294 1084//1294
f 1084//1295 1121//1295 1079//1295
f 1122//1296 1123//1296 1114//1296
f 1100//1297 1124//1297 1125//1297
f 380//1298 379//1298 1126//1298
f 1126//1299 379//1299 1098//1299
f 1126//1300 1098//1300 1127//1300
f 1127//1301 1098//1301 1114//1301
f 1127//1302 1114//1302 1128//1302
f 1128//1303 1114//1303 1123//1303
f 1100//1304 1125//1304 1101//1304
f 1101//1305 1125//1305 1129//1305
f 1101//1306 1129//1306 1114//1306
f 1114//1307 1129//1307 1130//1307
f 1114//1308 1130//1308 1122//1308
f 1131//1309 1132//1309 1133//1309
f 1133//1310 1132//1310 1134//1310
f 1133//1311 1134//1311 1135//1311
f 1135//1312 1134//1312 1136//1312
f 1136//1313 1134//1313 1137//1313
f 1136//1314 1137//1314 1138//1314
f 1139//1315 1140//1315 1137//1315
f 1137//1316 1140//1316 1141//1316
f 1141//1317 1142//1317 1137//1317
f 1137//1318 1142//1318 1143//1318
f 1137//1319 1143//1319 1138//1319
f 202//1320 201//1320 1144//1320
f 206//1321 208//1321 1145//1321
f 1145//1322 208//1322 200//1322
f 1146//1323 211//1323 202//1323
f 202//1324 1144//1324 1146//1324
f 1146//1325 1144//1325 1147//1325
f 1146//1326 1147//1326 1148//1326
f 1148//1327 1147//1327 1149//1327
f 1148//1327 1149//1327 1150//1327
f 1150//1328 1149//1328 1151//1328
f 1150//1328 1151//1328 1152//1328
f 1152//1329 1151//1329 1153//1329
f 1152//1329 1153//1329 1154//1329
f 1154//1330 1153//1330 1155//1330
f 1154//1331 1155//1331 1156//1331
f 1156//1332 1155//1332 1157//1332
f 1156//1333 1157//1333 1158//1333
f 1158//1334 1157//1334 1159//1334
f 1158//1335 1159//1335 1160//1335
f 1160//1336 1159//1336 1161//1336
f 1160//1336 1161//1336 1162//1336
f 1162//1337 1161//1337 1163//1337
f 1162//1337 1163//1337 1164//1337
f 1164//1338 1163//1338 1134//1338
f 1164//1339 1134//1339 1132//1339
f 1165//1340 1139//1340 1137//1340
f 1137//1341 1166//1341 1165//1341
f 1165//1342 1166//1342 1167//1342
f 1165//1343 1167//1343 1168//1343
f 1168//1344 1167//1344 1169//1344
f 1168//1345 1169//1345 1170//1345
f 1170//1346 1169//1346 1171//1346
f 1170//1347 1171//1347 1172//1347
f 1172//1348 1171//1348 1173//1348
f 1172//1349 1173//1349 1174//1349
f 1174//1350 1173//1350 1175//1350
f 1174//1350 1175//1350 1176//1350
f 1176//1351 1175//1351 1177//1351
f 1176//1352 1177//1352 1178//1352
f 1178//1353 1177//1353 1179//1353
f 1178//1354 1179//1354 1180//1354
f 1180//1355 1179//1355 1181//1355
f 1180//1356 1181//1356 1182//1356
f 1182//1357 1181//1357 1145//1357
f 1182//1358 1145//1358 1183//1358
f 1183//1359 1145//1359 200//1359
f 1183//1360 200//1360 198//1360
f 201//1361 206//1361 1144//1361
f 1144//1362 206//1362 1145//1362
f 1144//1363 1145//1363 1147//1363
f 1147//1364 1145//1364 1181//1364
f 1147//1365 1181//1365 1149//1365
f 1149//1365 1181//1365 1179//1365
f 1149//1366 1179//1366 1151//1366
f 1151//1366 1179//1366 1177//1366
f 1151//1367 1177//1367 1153//1367
f 1153//1368 1177//1368 1175//1368
f 1153//1369 1175//1369 1155//1369
f 1155//1370 1175//1370 1173//1370
f 1155//1371 1173//1371 1157//1371
f 1157//1372 1173//1372 1171//1372
f 1157//1373 1171//1373 1159//1373
f 1159//1374 1171//1374 1169//1374
f 1159//1375 1169//1375 1161//1375
f 1161//1376 1169//1376 1167//1376
f 1161//1377 1167//1377 1163//1377
f 1163//1378 1167//1378 1166//1378
f 1163//1379 1166//1379 1134//1379
f 1134//1380 1166//1380 1137//1380
f 1184//1381 197//1381 1185//1381
f 1185//1382 197//1382 199//1382
f 1185//1383 199//1383 1186//1383
f 1186//1384 199//1384 210//1384
f 205//1385 1187//1385 1188//1385
f 1188//1386 1189//1386 205//1386
f 205//1387 1189//1387 1190//1387
f 205//1388 1190//1388 207//1388
f 207//1389 1190//1389 1186//1389
f 207//1390 1186//1390 209//1390
f 209//1391 1186//1391 210//1391
f 1191//1392 1192//1392 213//1392
f 213//1393 1192//1393 1193//1393
f 213//1394 1193//1394 203//1394
f 203//1395 1193//1395 1187//1395
f 203//1396 1187//1396 204//1396
f 204//1397 1187//1397 205//1397
f 243//1398 245//1398 695//1398
f 1194//1399 1195//1399 246//1399
f 695//1398 1196//1398 243//1398
f 243//1400 1196//1400 1194//1400
f 243//1400 1194//1400 244//1400
f 244//1399 1194//1399 246//1399
f 246//1401 1195//1401 225//1401
f 225//1402 1195//1402 1197//1402
f 225//1403 1197//1403 232//1403
f 214//1404 1198//1404 220//1404
f 220//1405 1198//1405 1199//1405
f 220//1406 1199//1406 219//1406
f 214//1407 239//1407 1198//1407
f 1198//1408 239//1408 235//1408
f 1198//1409 235//1409 1197//1409
f 1197//1410 235//1410 234//1410
f 1197//1411 234//1411 232//1411
f 227//1412 219//1412 1199//1412
f 1200//1413 1201//1413 217//1413
f 217//1413 229//1413 1200//1413
f 1200//1414 229//1414 228//1414
f 1200//1414 228//1414 1202//1414
f 1202//1415 228//1415 227//1415
f 1202//1416 227//1416 1203//1416
f 1203//1412 227//1412 1199//1412
f 217//1417 1201//1417 218//1417
f 218//1417 1201//1417 1204//1417
f 221//1418 218//1418 1204//1418
f 1205//1419 1206//1419 215//1419
f 215//1419 226//1419 1205//1419
f 1205//1420 226//1420 222//1420
f 1205//1420 222//1420 1207//1420
f 1207//1421 222//1421 221//1421
f 1207//1421 221//1421 1208//1421
f 1208//1418 221//1418 1204//1418
f 215//1422 1206//1422 216//1422
f 216//1423 1206//1423 1209//1423
f 216//1424 1209//1424 238//1424
f 231//1425 1210//1425 230//1425
f 230//1426 1210//1426 1211//1426
f 230//1427 1211//1427 242//1427
f 231//1428 233//1428 1210//1428
f 1210//1428 233//1428 237//1428
f 1210//1429 237//1429 1209//1429
f 1209//1430 237//1430 236//1430
f 1209//1431 236//1431 238//1431
f 241//1432 242//1432 1211//1432
f 1212//1433 693//1433 223//1433
f 1211//1432 1213//1432 241//1432
f 241//1434 1213//1434 1212//1434
f 241//1434 1212//1434 240//1434
f 240//1433 1212//1433 223//1433
f 1214//1435 1215//1435 1216//1435
f 1217//1436 1218//1436 1219//1436
f 1220//1437 1189//1437 1188//1437
f 1191//1438 1221//1438 1192//1438
f 1192//1439 1221//1439 1222//1439
f 1223//1440 1185//1440 1186//1440
f 1223//1441 1186//1441 1220//1441
f 1220//1442 1186//1442 1190//1442
f 1220//1443 1190//1443 1189//1443
f 1224//1444 1225//1444 1226//1444
f 1226//1445 1225//1445 1227//1445
f 1226//1446 1227//1446 1228//1446
f 1229//1447 1230//1447 1231//1447
f 1231//1448 1230//1448 1232//1448
f 1231//1449 1232//1449 1233//1449
f 1228//1450 1227//1450 1234//1450
f 1234//1451 1227//1451 1231//1451
f 1234//1452 1231//1452 1235//1452
f 1235//1453 1231//1453 1233//1453
f 1235//1454 1233//1454 1236//1454
f 1237//1455 1238//1455 1239//1455
f 1239//1456 1238//1456 1216//1456
f 1239//1457 1216//1457 1240//1457
f 1241//1458 1242//1458 1215//1458
f 1221//1459 1241//1459 1222//1459
f 1222//1460 1241//1460 1215//1460
f 1222//1461 1215//1461 1243//1461
f 1243//1462 1215//1462 1214//1462
f 1184//1463 1185//1463 1244//1463
f 1244//1464 1185//1464 1223//1464
f 1244//1465 1223//1465 1245//1465
f 1245//1466 1223//1466 1220//1466
f 1245//1467 1220//1467 1246//1467
f 1246//1468 1220//1468 1188//1468
f 1246//1469 1188//1469 1243//1469
f 1243//1470 1188//1470 1187//1470
f 1243//1471 1187//1471 1222//1471
f 1222//1472 1187//1472 1193//1472
f 1222//1473 1193//1473 1192//1473
f 1225//1474 1247//1474 1227//1474
f 1227//1475 1247//1475 1248//1475
f 1227//1476 1248//1476 1231//1476
f 1231//1477 1248//1477 1219//1477
f 1231//1478 1219//1478 1229//1478
f 1229//1479 1219//1479 1218//1479
f 1242//1480 1249//1480 1215//1480
f 1215//1481 1249//1481 1250//1481
f 1215//1482 1250//1482 1216//1482
f 1216//1483 1250//1483 1251//1483
f 1216//1484 1251//1484 1240//1484
f 1238//1485 1217//1485 1216//1485
f 1216//1486 1217//1486 1219//1486
f 1216//1487 1219//1487 1214//1487
f 1214//1488 1219//1488 1248//1488
f 1214//1489 1248//1489 1243//1489
f 1243//1490 1248//1490 1247//1490
f 1243//1491 1247//1491 1246//1491
f 1246//1492 1247//1492 1225//1492
f 1246//1493 1225//1493 1245//1493
f 1245//1494 1225//1494 1224//1494
f 1245//1495 1224//1495 1244//1495
f 1252//1496 1253//1496 1254//1496
f 1255//1497 1256//1497 1254//1497
f 1254//1498 1256//1498 1257//1498
f 1254//1499 1257//1499 1252//1499
f 1258//1500 1259//1500 1260//1500
f 1260//1501 1259//1501 1261//1501
f 1260//1502 1261//1502 1262//1502
f 1262//1503 1261//1503 1263//1503
f 1262//1504 1263//1504 1255//1504
f 1255//1505 1263//1505 1264//1505
f 1255//1506 1264//1506 1256//1506
f 1265//1507 1266//1507 1258//1507
f 1258//1508 1266//1508 1267//1508
f 1258//1509 1267//1509 1259//1509
f 1268//1510 1269//1510 1265//1510
f 1265//1510 1269//1510 1270//1510
f 1265//1511 1270//1511 1266//1511
f 1271//1512 1272//1512 1273//1512
f 1273//1513 1272//1513 1274//1513
f 1273//1514 1274//1514 1275//1514
f 1275//1515 1274//1515 1276//1515
f 1275//1516 1276//1516 1268//1516
f 1268//1517 1276//1517 1277//1517
f 1268//1518 1277//1518 1269//1518
f 1278//1519 1279//1519 1271//1519
f 1271//1520 1279//1520 1280//1520
f 1271//1521 1280//1521 1272//1521
f 1281//1522 1282//1522 1278//1522
f 1278//1523 1282//1523 1283//1523
f 1278//1524 1283//1524 1279//1524
f 1252//1496 1284//1496 1253//1496
f 1253//1525 1284//1525 1285//1525
f 1253//1526 1285//1526 1286//1526
f 1286//1527 1285//1527 1287//1527
f 1286//1528 1287//1528 1288//1528
f 1288//1529 1287//1529 1289//1529
f 1288//1530 1289//1530 1281//1530
f 1281//1531 1289//1531 1290//1531
f 1281//1532 1290//1532 1282//1532
f 288//1533 290//1533 1291//1533
f 1291//1534 290//1534 259//1534
f 1291//1535 259//1535 1292//1535
f 1292//1536 259//1536 257//1536
f 1292//1537 257//1537 1293//1537
f 1293//1538 257//1538 249//1538
f 1293//1538 249//1538 1294//1538
f 1294//1539 249//1539 252//1539
f 1294//1540 252//1540 1295//1540
f 1295//1541 252//1541 255//1541
f 1295//1542 255//1542 1296//1542
f 1296//1543 255//1543 263//1543
f 1296//1544 263//1544 1297//1544
f 1297//1545 263//1545 265//1545
f 1297//1546 265//1546 1298//1546
f 1298//1547 265//1547 268//1547
f 1298//1548 268//1548 1299//1548
f 1299//1549 268//1549 271//1549
f 1299//1550 271//1550 1300//1550
f 1300//1551 271//1551 281//1551
f 1300//1552 281//1552 1301//1552
f 1301//1553 281//1553 276//1553
f 1301//1554 276//1554 1302//1554
f 1302//1555 276//1555 275//1555
f 1302//1555 275//1555 1303//1555
f 1303//1556 275//1556 273//1556
f 1303//1556 273//1556 1304//1556
f 1304//1557 273//1557 286//1557
f 1304//1558 286//1558 1305//1558
f 1305//1559 286//1559 288//1559
f 1305//1560 288//1560 1291//1560
f 1297//1561 1288//1561 1296//1561
f 1296//1562 1288//1562 1281//1562
f 1296//1563 1281//1563 1295//1563
f 1295//1564 1281//1564 1278//1564
f 1295//1565 1278//1565 1294//1565
f 1294//1565 1278//1565 1271//1565
f 1294//1566 1271//1566 1293//1566
f 1293//1567 1271//1567 1273//1567
f 1293//1568 1273//1568 1292//1568
f 1292//1569 1273//1569 1275//1569
f 1292//1570 1275//1570 1291//1570
f 1291//1571 1275//1571 1268//1571
f 1291//1572 1268//1572 1305//1572
f 1305//1572 1268//1572 1265//1572
f 1305//1573 1265//1573 1304//1573
f 1304//1574 1265//1574 1258//1574
f 1304//1575 1258//1575 1303//1575
f 1303//1576 1258//1576 1260//1576
f 1303//1577 1260//1577 1302//1577
f 1302//1578 1260//1578 1262//1578
f 1302//1579 1262//1579 1301//1579
f 1301//1579 1262//1579 1255//1579
f 1301//1580 1255//1580 1300//1580
f 1300//1581 1255//1581 1254//1581
f 1300//1582 1254//1582 1299//1582
f 1299//1583 1254//1583 1253//1583
f 1299//1584 1253//1584 1298//1584
f 1298//1585 1253//1585 1286//1585
f 1298//1586 1286//1586 1297//1586
f 1297//1587 1286//1587 1288//1587
f 332//4 334//4 1306//4
f 1306//5 334//5 326//5
f 1306//5 326//5 1307//5
f 1307//1588 326//1588 324//1588
f 1307//1589 324//1589 1308//1589
f 1308//8 324//8 316//8
f 1308//8 316//8 1309//8
f 1309//10 316//10 295//10
f 1309//11 295//11 1310//11
f 1310//12 295//12 296//12
f 1310//13 296//13 1311//13
f 1311//103 296//103 302//103
f 1311//104 302//104 1312//104
f 1312//105 302//105 298//105
f 1312//17 298//17 1313//17
f 1313//18 298//18 297//18
f 1313//19 297//19 1314//19
f 1314//20 297//20 307//20
f 1314//21 307//21 1315//21
f 1315//22 307//22 320//22
f 1315//1590 320//1590 1316//1590
f 1316//24 320//24 312//24
f 1316//110 312//110 1317//110
f 1317//111 312//111 311//111
f 1317//27 311//27 1318//27
f 1318//29 311//29 309//29
f 1318//1591 309//1591 1319//1591
f 1319//1592 309//1592 330//1592
f 1319//31 330//31 1320//31
f 1320//32 330//32 332//32
f 1320//1593 332//1593 1306//1593
f 1321//114 1322//114 1323//114
f 1324//115 1325//115 1326//115
f 1326//1594 1325//1594 1327//1594
f 1326//1595 1327//1595 1328//1595
f 1328//1596 1327//1596 1329//1596
f 1328//39 1329//39 1323//39
f 1323//1597 1329//1597 1330//1597
f 1323//41 1330//41 1321//41
f 1331//42 1332//42 1324//42
f 1324//1598 1332//1598 1333//1598
f 1324//1599 1333//1599 1325//1599
f 1334//45 1335//45 1331//45
f 1331//46 1335//46 1336//46
f 1331//47 1336//47 1332//47
f 1337//1600 1338//1600 1339//1600
f 1339//1601 1338//1601 1340//1601
f 1339//1602 1340//1602 1341//1602
f 1341//1603 1340//1603 1342//1603
f 1341//1604 1342//1604 1334//1604
f 1334//53 1342//53 1343//53
f 1334//124 1343//124 1335//124
f 1344//56 1345//56 1337//56
f 1337//1605 1345//1605 1346//1605
f 1337//1606 1346//1606 1338//1606
f 1347//1607 1348//1607 1344//1607
f 1344//59 1348//59 1349//59
f 1344//128 1349//128 1345//128
f 1350//61 1351//61 1352//61
f 1352//1608 1351//1608 1353//1608
f 1352//1609 1353//1609 1354//1609
f 1354//1610 1353//1610 1355//1610
f 1354//65 1355//65 1347//65
f 1347//132 1355//132 1356//132
f 1347//67 1356//67 1348//67
f 1321//1611 1357//1611 1322//1611
f 1322//1612 1357//1612 1358//1612
f 1322//70 1358//70 1350//70
f 1350//1613 1358//1613 1359//1613
f 1350//1614 1359//1614 1351//1614
f 1337//1615 1314//1615 1344//1615
f 1344//135 1314//135 1315//135
f 1344//1616 1315//1616 1347//1616
f 1347//76 1315//76 1316//76
f 1347//136 1316//136 1354//136
f 1354//78 1316//78 1317//78
f 1354//79 1317//79 1352//79
f 1352//80 1317//80 1318//80
f 1352//81 1318//81 1350//81
f 1350//1617 1318//1617 1319//1617
f 1350//1618 1319//1618 1322//1618
f 1322//1619 1319//1619 1320//1619
f 1322//85 1320//85 1323//85
f 1323//85 1320//85 1306//85
f 1323//139 1306//139 1328//139
f 1328//1620 1306//1620 1307//1620
f 1328//1621 1307//1621 1326//1621
f 1326//1622 1307//1622 1308//1622
f 1326//140 1308//140 1324//140
f 1324//141 1308//141 1309//141
f 1324//92 1309//92 1331//92
f 1331//92 1309//92 1310//92
f 1331//143 1310//143 1334//143
f 1334//94 1310//94 1311//94
f 1334//95 1311//95 1341//95
f 1341//96 1311//96 1312//96
f 1341//97 1312//97 1339//97
f 1339//145 1312//145 1313//145
f 1339//146 1313//146 1337//146
f 1337//1623 1313//1623 1314//1623
f 339//1417 991//1417 989//1417
f 339//1417 989//1417 340//1417
f 991//1417 339//1417 993//1417
f 993//1417 339//1417 338//1417
f 993//1417 338//1417 995//1417
f 995//1417 338//1417 337//1417
f 995//1417 337//1417 997//1417
f 997//1417 337//1417 999//1417
f 999//1417 337//1417 348//1417
f 999//1417 348//1417 983//1417
f 1360//1417 1361//1417 346//1417
f 346//1417 1361//1417 347//1417
f 347//1417 1362//1417 1363//1417
f 1364//1417 343//1417 1004//1417
f 1004//1417 343//1417 342//1417
f 1004//1417 342//1417 960//1417
f 960//1417 342//1417 341//1417
f 989//1417 987//1417 340//1417
f 340//1417 987//1417 985//1417
f 340//1417 985//1417 341//1417
f 341//1417 985//1417 984//1417
f 341//1417 984//1417 960//1417
f 1363//1417 1365//1417 347//1417
f 347//1417 1365//1417 954//1417
f 347//1417 954//1417 348//1417
f 348//1417 954//1417 953//1417
f 348//1417 953//1417 983//1417
f 1364//1417 1366//1417 343//1417
f 343//1417 1366//1417 1367//1417
f 343//1417 1367//1417 1368//1417
f 346//1417 345//1417 1360//1417
f 1360//1417 345//1417 344//1417
f 1360//1417 344//1417 1369//1417
f 1369//1417 344//1417 343//1417
f 1369//1417 343//1417 1370//1417
f 1370//1417 343//1417 1368//1417
f 1370//1417 1368//1417 1371//1417
f 1372//1624 1362//1624 1373//1624
f 1373//1417 1362//1417 347//1417
f 1373//1625 347//1625 1374//1625
f 1374//1417 347//1417 1361//1417
f 1375//1626 1376//1626 1377//1626
f 1009//1627 1010//1627 1378//1627
f 1378//1628 1010//1628 1379//1628
f 1380//1629 1003//1629 1378//1629
f 1378//1630 1003//1630 1002//1630
f 1378//1631 1002//1631 1009//1631
f 1006//1632 1007//1632 1380//1632
f 1380//1633 1007//1633 1008//1633
f 1380//1634 1008//1634 1003//1634
f 1381//1635 1366//1635 1005//1635
f 1005//1636 1366//1636 1364//1636
f 1005//1637 1364//1637 1004//1637
f 1382//1638 1368//1638 1367//1638
f 1368//1639 1382//1639 1371//1639
f 1371//1640 1382//1640 1377//1640
f 1371//1641 1377//1641 1370//1641
f 1370//1642 1377//1642 1376//1642
f 1370//1643 1376//1643 1369//1643
f 1005//1644 1006//1644 1381//1644
f 1381//1645 1006//1645 1380//1645
f 1381//1646 1380//1646 1383//1646
f 1383//1647 1380//1647 1378//1647
f 1384//1648 1375//1648 1385//1648
f 1385//1649 1375//1649 1377//1649
f 1385//1650 1377//1650 1383//1650
f 1383//1651 1377//1651 1382//1651
f 1383//1652 1382//1652 1381//1652
f 1381//1653 1382//1653 1367//1653
f 1381//1654 1367//1654 1366//1654
f 1386//1655 1387//1655 1388//1655
f 1379//1656 1389//1656 1378//1656
f 1378//1657 1389//1657 1390//1657
f 1378//1658 1390//1658 1383//1658
f 1383//1659 1390//1659 1386//1659
f 1383//1660 1386//1660 1385//1660
f 1385//1661 1386//1661 1388//1661
f 1385//1662 1388//1662 1384//1662
f 1391//1663 1392//1663 1393//1663
f 1393//1664 1392//1664 1387//1664
f 1393//1665 1387//1665 1394//1665
f 1394//1666 1387//1666 1386//1666
f 1394//1667 1386//1667 1395//1667
f 1395//1668 1386//1668 1390//1668
f 1395//1669 1390//1669 1396//1669
f 1396//1670 1390//1670 1389//1670
f 1397//1671 1398//1671 1399//1671
f 1011//1672 1400//1672 1401//1672
f 1401//1673 1400//1673 1402//1673
f 1401//1674 1402//1674 1403//1674
f 1403//1675 1402//1675 1404//1675
f 1403//1676 1404//1676 1405//1676
f 1405//1677 1404//1677 1406//1677
f 1405//1678 1406//1678 1407//1678
f 1407//1679 1406//1679 1408//1679
f 1407//1680 1408//1680 1409//1680
f 1409//1681 1408//1681 1410//1681
f 1409//1681 1410//1681 1411//1681
f 1411//1682 1410//1682 1412//1682
f 1411//1683 1412//1683 1413//1683
f 1413//1684 1412//1684 1414//1684
f 1413//1685 1414//1685 1415//1685
f 1415//1686 1414//1686 1416//1686
f 1415//1687 1416//1687 1417//1687
f 1417//1688 1416//1688 1418//1688
f 1417//1689 1418//1689 1419//1689
f 1395//1690 1396//1690 1418//1690
f 1010//1691 1419//1691 1379//1691
f 1379//1692 1419//1692 1418//1692
f 1379//1693 1418//1693 1389//1693
f 1389//1694 1418//1694 1396//1694
f 1391//1695 1393//1695 1420//1695
f 1420//1696 1393//1696 1421//1696
f 1422//1697 1423//1697 1424//1697
f 1424//1698 1423//1698 1425//1698
f 1424//1699 1425//1699 1421//1699
f 1421//1700 1425//1700 1426//1700
f 1421//1701 1426//1701 1420//1701
f 1427//1702 1428//1702 1422//1702
f 1422//1703 1428//1703 1429//1703
f 1422//1704 1429//1704 1423//1704
f 1430//1705 1431//1705 1432//1705
f 1432//1706 1431//1706 1433//1706
f 1432//1707 1433//1707 1427//1707
f 1427//1708 1433//1708 1434//1708
f 1427//1709 1434//1709 1428//1709
f 1435//1710 1436//1710 1430//1710
f 1430//1711 1436//1711 1437//1711
f 1430//1712 1437//1712 1431//1712
f 1438//1713 1439//1713 1440//1713
f 1440//1714 1439//1714 1441//1714
f 1440//1715 1441//1715 1442//1715
f 1442//1716 1441//1716 1443//1716
f 1442//1717 1443//1717 1435//1717
f 1435//1718 1443//1718 1444//1718
f 1435//1719 1444//1719 1436//1719
f 1438//1720 1440//1720 1445//1720
f 1445//1721 1440//1721 1399//1721
f 1445//1722 1399//1722 1446//1722
f 1446//1723 1399//1723 1398//1723
f 1446//1724 1398//1724 1447//1724
f 1448//1725 1449//1725 1450//1725
f 1448//1726 1450//1726 1451//1726
f 1394//1727 1395//1727 1452//1727
f 1452//1728 1395//1728 1418//1728
f 1452//1729 1418//1729 1453//1729
f 1453//1730 1418//1730 1416//1730
f 1453//1731 1416//1731 1454//1731
f 1454//1732 1416//1732 1414//1732
f 1454//1733 1414//1733 1455//1733
f 1455//1734 1414//1734 1412//1734
f 1455//1735 1412//1735 1456//1735
f 1456//1736 1412//1736 1410//1736
f 1456//1737 1410//1737 1457//1737
f 1457//1737 1410//1737 1408//1737
f 1457//1738 1408//1738 1458//1738
f 1458//1739 1408//1739 1406//1739
f 1458//1740 1406//1740 1459//1740
f 1459//1741 1406//1741 1404//1741
f 1459//1742 1404//1742 1460//1742
f 1460//1743 1404//1743 1402//1743
f 1460//1744 1402//1744 1450//1744
f 1450//1744 1402//1744 1400//1744
f 1450//1745 1400//1745 1451//1745
f 1451//1746 1400//1746 1011//1746
f 1393//1747 1394//1747 1421//1747
f 1421//1748 1394//1748 1452//1748
f 1421//1749 1452//1749 1424//1749
f 1424//1750 1452//1750 1453//1750
f 1424//1751 1453//1751 1422//1751
f 1422//1752 1453//1752 1454//1752
f 1422//1753 1454//1753 1427//1753
f 1427//1754 1454//1754 1455//1754
f 1427//1755 1455//1755 1432//1755
f 1432//1756 1455//1756 1456//1756
f 1432//1757 1456//1757 1430//1757
f 1430//1757 1456//1757 1457//1757
f 1430//1758 1457//1758 1435//1758
f 1435//1759 1457//1759 1458//1759
f 1435//1760 1458//1760 1442//1760
f 1442//1761 1458//1761 1459//1761
f 1442//1762 1459//1762 1440//1762
f 1440//1763 1459//1763 1460//1763
f 1440//1764 1460//1764 1399//1764
f 1399//1765 1460//1765 1450//1765
f 1399//1766 1450//1766 1397//1766
f 1397//1767 1450//1767 1449//1767
f 1398//1768 1397//1768 1461//1768
f 1462//1769 1463//1769 1464//1769
f 1465//1770 1466//1770 1464//1770
f 1464//1771 1466//1771 1467//1771
f 1464//1772 1467//1772 1468//1772
f 1469//1773 1462//1773 1470//1773
f 1470//1774 1462//1774 1464//1774
f 1470//1775 1464//1775 1471//1775
f 1471//1776 1464//1776 1468//1776
f 1472//1777 1473//1777 1474//1777
f 1474//1778 1473//1778 1021//1778
f 1474//1779 1021//1779 1020//1779
f 1016//1780 1018//1780 1475//1780
f 1475//1781 1018//1781 1023//1781
f 1475//1782 1023//1782 1473//1782
f 1473//1783 1023//1783 1022//1783
f 1473//1784 1022//1784 1021//1784
f 1465//1785 1476//1785 1477//1785
f 1477//1786 1013//1786 1015//1786
f 1015//1787 1016//1787 1477//1787
f 1477//1788 1016//1788 1475//1788
f 1477//1789 1475//1789 1465//1789
f 1465//1790 1475//1790 1473//1790
f 1465//1791 1473//1791 1466//1791
f 1466//1792 1473//1792 1472//1792
f 1466//1793 1472//1793 1467//1793
f 1447//1794 1398//1794 1478//1794
f 1478//1795 1398//1795 1461//1795
f 1478//1796 1461//1796 1479//1796
f 1479//1797 1461//1797 1480//1797
f 1479//1798 1480//1798 1481//1798
f 1481//1799 1480//1799 1482//1799
f 1011//1800 1013//1800 1451//1800
f 1451//1801 1013//1801 1477//1801
f 1451//1802 1477//1802 1448//1802
f 1448//1803 1477//1803 1476//1803
f 1448//1804 1476//1804 1449//1804
f 1463//1805 1482//1805 1464//1805
f 1464//1806 1482//1806 1480//1806
f 1464//1807 1480//1807 1465//1807
f 1465//1808 1480//1808 1461//1808
f 1465//1809 1461//1809 1476//1809
f 1476//1810 1461//1810 1397//1810
f 1476//1811 1397//1811 1449//1811
f 1483//1417 1469//1417 355//1417
f 1484//1624 1485//1624 1486//1624
f 358//1417 1061//1417 359//1417
f 359//1417 1061//1417 1059//1417
f 359//1417 1059//1417 360//1417
f 1019//1417 1049//1417 357//1417
f 357//1417 1049//1417 1065//1417
f 357//1417 1065//1417 358//1417
f 358//1417 1065//1417 1063//1417
f 358//1417 1063//1417 1061//1417
f 1487//1417 1488//1417 351//1417
f 350//1417 349//1417 1051//1417
f 355//1417 1469//1417 356//1417
f 1051//1417 1050//1417 350//1417
f 350//1417 1050//1417 1026//1417
f 350//1417 1026//1417 351//1417
f 351//1417 1026//1417 1070//1417
f 351//1417 1070//1417 1487//1417
f 355//1417 354//1417 1483//1417
f 1483//1417 354//1417 353//1417
f 1483//1417 353//1417 1489//1417
f 1489//1417 353//1417 352//1417
f 1489//1417 352//1417 1486//1417
f 1486//1417 352//1417 351//1417
f 1486//1417 351//1417 1484//1417
f 1484//1417 351//1417 1488//1417
f 1484//1417 1488//1417 1490//1417
f 1059//1417 1057//1417 360//1417
f 360//1417 1057//1417 1055//1417
f 360//1417 1055//1417 349//1417
f 349//1417 1055//1417 1053//1417
f 349//1417 1053//1417 1051//1417
f 1019//1417 357//1417 1020//1417
f 1020//1417 357//1417 356//1417
f 1020//1624 356//1624 1474//1624
f 1474//1417 356//1417 1467//1417
f 1474//1812 1467//1812 1472//1812
f 1468//1812 1467//1812 1471//1812
f 1471//1417 1467//1417 356//1417
f 1471//1624 356//1624 1470//1624
f 1470//1417 356//1417 1469//1417
f 1491//1813 1492//1813 1493//1813
f 1075//1814 1076//1814 1494//1814
f 1494//1815 1076//1815 1495//1815
f 1496//1816 1069//1816 1494//1816
f 1494//1817 1069//1817 1068//1817
f 1494//1818 1068//1818 1075//1818
f 1072//1819 1073//1819 1496//1819
f 1496//1820 1073//1820 1074//1820
f 1496//1821 1074//1821 1069//1821
f 1497//1822 1488//1822 1071//1822
f 1071//1823 1488//1823 1487//1823
f 1071//1824 1487//1824 1070//1824
f 1498//1825 1484//1825 1490//1825
f 1484//1826 1498//1826 1485//1826
f 1485//1827 1498//1827 1493//1827
f 1485//1828 1493//1828 1486//1828
f 1486//1829 1493//1829 1492//1829
f 1486//1830 1492//1830 1489//1830
f 1071//1831 1072//1831 1497//1831
f 1497//1832 1072//1832 1496//1832
f 1497//1833 1496//1833 1499//1833
f 1499//1834 1496//1834 1494//1834
f 1500//1835 1491//1835 1501//1835
f 1501//1836 1491//1836 1493//1836
f 1501//1837 1493//1837 1499//1837
f 1499//1838 1493//1838 1498//1838
f 1499//1839 1498//1839 1497//1839
f 1497//1840 1498//1840 1490//1840
f 1497//1841 1490//1841 1488//1841
f 1502//1842 1503//1842 1504//1842
f 1504//1843 1503//1843 1505//1843
f 1495//1844 1506//1844 1494//1844
f 1494//1845 1506//1845 1507//1845
f 1494//1846 1507//1846 1499//1846
f 1499//1847 1507//1847 1504//1847
f 1499//1848 1504//1848 1501//1848
f 1501//1849 1504//1849 1505//1849
f 1501//1850 1505//1850 1500//1850
f 1508//1851 1509//1851 1510//1851
f 1510//1852 1509//1852 1502//1852
f 1510//1853 1502//1853 1511//1853
f 1511//1854 1502//1854 1504//1854
f 1511//1855 1504//1855 1512//1855
f 1512//1856 1504//1856 1507//1856
f 1512//1857 1507//1857 1513//1857
f 1513//1858 1507//1858 1506//1858
f 1514//1859 1515//1859 1516//1859
f 1517//1860 1518//1860 1519//1860
f 1506//1861 1495//1861 1520//1861
f 1081//1862 1521//1862 1522//1862
f 1081//1863 1522//1863 1523//1863
f 1523//1864 1522//1864 1524//1864
f 1523//1865 1524//1865 1525//1865
f 1525//1866 1524//1866 1526//1866
f 1525//1867 1526//1867 1527//1867
f 1527//1868 1526//1868 1520//1868
f 1527//1869 1520//1869 1528//1869
f 1528//1870 1520//1870 1495//1870
f 1528//1871 1495//1871 1076//1871
f 1510//1872 1511//1872 1529//1872
f 1529//1873 1511//1873 1512//1873
f 1529//1874 1512//1874 1513//1874
f 1530//1875 1531//1875 1532//1875
f 1532//1876 1531//1876 1533//1876
f 1532//1877 1533//1877 1534//1877
f 1534//1878 1533//1878 1535//1878
f 1534//1879 1535//1879 1536//1879
f 1519//1880 1518//1880 1535//1880
f 1535//1881 1518//1881 1537//1881
f 1535//1882 1537//1882 1536//1882
f 1538//1883 1517//1883 1539//1883
f 1539//1884 1517//1884 1519//1884
f 1539//1885 1519//1885 1540//1885
f 1540//1886 1519//1886 1541//1886
f 1513//1887 1506//1887 1529//1887
f 1529//1888 1506//1888 1520//1888
f 1529//1889 1520//1889 1542//1889
f 1542//1890 1520//1890 1526//1890
f 1542//1891 1526//1891 1543//1891
f 1543//1892 1526//1892 1524//1892
f 1543//1893 1524//1893 1516//1893
f 1516//1894 1524//1894 1522//1894
f 1516//1895 1522//1895 1514//1895
f 1514//1896 1522//1896 1521//1896
f 1515//1897 1541//1897 1516//1897
f 1516//1898 1541//1898 1519//1898
f 1516//1899 1519//1899 1543//1899
f 1543//1900 1519//1900 1535//1900
f 1543//1901 1535//1901 1542//1901
f 1542//1902 1535//1902 1533//1902
f 1542//1903 1533//1903 1529//1903
f 1529//1904 1533//1904 1531//1904
f 1529//1905 1531//1905 1510//1905
f 1510//1906 1531//1906 1530//1906
f 1510//1907 1530//1907 1508//1907
f 369//1908 367//1908 1544//1908
f 1539//1909 1540//1909 1544//1909
f 1083//1910 1085//1910 1545//1910
f 1546//1911 1088//1911 374//1911
f 374//1912 1088//1912 1080//1912
f 374//1913 1080//1913 376//1913
f 376//1914 1080//1914 377//1914
f 1085//1915 1086//1915 1545//1915
f 1545//1916 1086//1916 1078//1916
f 1545//1917 1078//1917 1547//1917
f 1547//1918 1078//1918 1077//1918
f 1547//1919 1077//1919 1089//1919
f 1081//1920 1083//1920 1521//1920
f 1521//1921 1083//1921 1545//1921
f 1521//1922 1545//1922 1514//1922
f 1514//1923 1545//1923 1515//1923
f 1548//1924 1549//1924 1538//1924
f 1538//1925 1539//1925 1548//1925
f 1548//1926 1539//1926 1544//1926
f 1548//1927 1544//1927 1550//1927
f 1550//1928 1544//1928 367//1928
f 1550//1929 367//1929 1551//1929
f 1551//1930 367//1930 365//1930
f 1541//1931 1515//1931 1552//1931
f 1552//1932 1515//1932 1545//1932
f 1552//1933 1545//1933 1553//1933
f 1553//1934 1545//1934 1547//1934
f 1553//1935 1547//1935 1546//1935
f 1546//1936 1547//1936 1089//1936
f 1546//1937 1089//1937 1088//1937
f 374//1938 372//1938 1546//1938
f 1546//1939 372//1939 1554//1939
f 1546//1940 1554//1940 1553//1940
f 1553//1941 1554//1941 1544//1941
f 1553//1942 1544//1942 1552//1942
f 1552//1943 1544//1943 1540//1943
f 1552//1944 1540//1944 1541//1944
f 372//1945 371//1945 1554//1945
f 1554//1946 371//1946 361//1946
f 1554//1947 361//1947 1544//1947
f 1544//1948 361//1948 370//1948
f 1544//1949 370//1949 369//1949
f 464//1950 467//1950 469//1950
f 440//1417 393//1417 396//1417
f 362//1624 373//1624 375//1624
f 459//1812 462//1812 464//1812
f 458//1417 459//1417 407//1417
f 440//1417 396//1417 449//1417
f 449//1417 396//1417 400//1417
f 449//1417 400//1417 447//1417
f 447//1417 400//1417 384//1417
f 447//1417 384//1417 405//1417
f 405//1417 384//1417 381//1417
f 405//1417 381//1417 407//1417
f 407//1417 381//1417 382//1417
f 407//1417 382//1417 458//1417
f 459//1417 464//1417 407//1417
f 407//1417 464//1417 469//1417
f 407//1417 469//1417 409//1417
f 409//1417 469//1417 471//1417
f 409//1417 471//1417 419//1417
f 419//1417 471//1417 364//1417
f 419//1417 364//1417 417//1417
f 417//1812 364//1812 366//1812
f 417//1417 366//1417 368//1417
f 393//1417 440//1417 390//1417
f 390//1417 440//1417 435//1417
f 390//1417 435//1417 388//1417
f 388//1417 435//1417 431//1417
f 388//1417 431//1417 385//1417
f 385//1417 431//1417 429//1417
f 385//1417 429//1417 378//1417
f 378//1417 429//1417 422//1417
f 378//1417 422//1417 375//1417
f 375//1417 422//1417 417//1417
f 375//1417 417//1417 362//1417
f 362//1417 417//1417 368//1417
f 362//1417 368//1417 363//1417
f 1555//1951 1130//1951 1129//1951
f 1124//1952 1556//1952 1125//1952
f 1125//1953 1556//1953 1557//1953
f 1125//1954 1557//1954 1129//1954
f 1127//1955 1128//1955 1558//1955
f 1558//1956 1128//1956 1123//1956
f 1558//1957 461//1957 460//1957
f 1127//1958 1558//1958 1126//1958
f 1126//1959 1558//1959 460//1959
f 1126//1960 460//1960 380//1960
f 1559//1961 1560//1961 1561//1961
f 1562//1962 1563//1962 1564//1962
f 1565//1963 1566//1963 1563//1963
f 1563//1964 1566//1964 1567//1964
f 1563//1965 1567//1965 1564//1965
f 1557//1966 1568//1966 1569//1966
f 1569//1967 1568//1967 1570//1967
f 1569//1968 1570//1968 1562//1968
f 1122//1969 1130//1969 1571//1969
f 1571//1970 1130//1970 1555//1970
f 1571//1971 1555//1971 1572//1971
f 468//1972 466//1972 1573//1972
f 1573//1973 466//1973 465//1973
f 1573//1974 465//1974 1558//1974
f 1558//1975 465//1975 463//1975
f 1558//1976 463//1976 461//1976
f 473//1977 1559//1977 472//1977
f 472//1978 1559//1978 1561//1978
f 472//1979 1561//1979 470//1979
f 473//1980 468//1980 1559//1980
f 1559//1981 468//1981 1573//1981
f 1559//1982 1573//1982 1572//1982
f 1572//1983 1573//1983 1558//1983
f 1572//1984 1558//1984 1571//1984
f 1571//1985 1558//1985 1123//1985
f 1571//1986 1123//1986 1122//1986
f 1129//1987 1557//1987 1555//1987
f 1555//1988 1557//1988 1569//1988
f 1555//1989 1569//1989 1572//1989
f 1572//1990 1569//1990 1562//1990
f 1572//1991 1562//1991 1559//1991
f 1559//1992 1562//1992 1564//1992
f 1559//1993 1564//1993 1560//1993
f 1574//1994 1575//1994 1576//1994
f 1577//1995 1578//1995 1579//1995
f 1557//1996 1556//1996 1580//1996
f 1131//1997 1581//1997 1582//1997
f 1131//1998 1582//1998 1583//1998
f 1583//1999 1582//1999 1584//1999
f 1583//2000 1584//2000 1585//2000
f 1585//2001 1584//2001 1586//2001
f 1585//2002 1586//2002 1587//2002
f 1587//2003 1586//2003 1580//2003
f 1587//2004 1580//2004 1588//2004
f 1588//2005 1580//2005 1556//2005
f 1588//2006 1556//2006 1124//2006
f 1563//2007 1562//2007 1589//2007
f 1589//2008 1562//2008 1570//2008
f 1589//2009 1570//2009 1568//2009
f 1590//2010 1591//2010 1592//2010
f 1592//2011 1591//2011 1593//2011
f 1592//2012 1593//2012 1594//2012
f 1594//2013 1593//2013 1595//2013
f 1594//2014 1595//2014 1596//2014
f 1596//2015 1595//2015 1597//2015
f 1590//2016 1592//2016 1598//2016
f 1598//2017 1592//2017 1579//2017
f 1598//2018 1579//2018 1599//2018
f 1599//2019 1579//2019 1578//2019
f 1599//2020 1578//2020 1600//2020
f 1568//2021 1557//2021 1589//2021
f 1589//2022 1557//2022 1580//2022
f 1589//2023 1580//2023 1601//2023
f 1601//2024 1580//2024 1586//2024
f 1601//2025 1586//2025 1602//2025
f 1602//2026 1586//2026 1584//2026
f 1602//2027 1584//2027 1576//2027
f 1576//2028 1584//2028 1582//2028
f 1576//2029 1582//2029 1574//2029
f 1574//2030 1582//2030 1581//2030
f 1575//2031 1577//2031 1576//2031
f 1576//2031 1577//2031 1579//2031
f 1576//2032 1579//2032 1602//2032
f 1602//2033 1579//2033 1592//2033
f 1602//2034 1592//2034 1601//2034
f 1601//2035 1592//2035 1594//2035
f 1601//2036 1594//2036 1589//2036
f 1589//2037 1594//2037 1596//2037
f 1589//2008 1596//2008 1563//2008
f 1563//2038 1596//2038 1597//2038
f 1563//2039 1597//2039 1565//2039
f 1578//2040 1577//2040 1603//2040
f 1604//2041 1605//2041 1606//2041
f 1607//2042 1608//2042 1606//2042
f 1606//2043 1608//2043 1609//2043
f 1606//2044 1609//2044 1610//2044
f 1611//2045 1604//2045 1612//2045
f 1612//2046 1604//2046 1606//2046
f 1612//2047 1606//2047 1613//2047
f 1613//2048 1606//2048 1610//2048
f 1614//2049 1615//2049 1616//2049
f 1616//2050 1615//2050 1141//2050
f 1616//2051 1141//2051 1140//2051
f 1136//2052 1138//2052 1617//2052
f 1617//2053 1138//2053 1143//2053
f 1617//2054 1143//2054 1615//2054
f 1615//2055 1143//2055 1142//2055
f 1615//2056 1142//2056 1141//2056
f 1607//2057 1618//2057 1619//2057
f 1619//2058 1133//2058 1135//2058
f 1135//2059 1136//2059 1619//2059
f 1619//2060 1136//2060 1617//2060
f 1619//2061 1617//2061 1607//2061
f 1607//2062 1617//2062 1615//2062
f 1607//2063 1615//2063 1608//2063
f 1608//2064 1615//2064 1614//2064
f 1608//2065 1614//2065 1609//2065
f 1600//2066 1578//2066 1620//2066
f 1620//2067 1578//2067 1603//2067
f 1620//2068 1603//2068 1621//2068
f 1621//2069 1603//2069 1622//2069
f 1621//2070 1622//2070 1623//2070
f 1623//2071 1622//2071 1624//2071
f 1131//2072 1133//2072 1581//2072
f 1581//2073 1133//2073 1619//2073
f 1581//2074 1619//2074 1574//2074
f 1574//2075 1619//2075 1618//2075
f 1574//2076 1618//2076 1575//2076
f 1605//2077 1624//2077 1606//2077
f 1606//2078 1624//2078 1622//2078
f 1606//2079 1622//2079 1607//2079
f 1607//2080 1622//2080 1603//2080
f 1607//2081 1603//2081 1618//2081
f 1618//2082 1603//2082 1577//2082
f 1618//2083 1577//2083 1575//2083
f 1180//1417 483//1417 482//1417
f 1139//1417 1165//1417 479//1417
f 479//1417 1165//1417 1168//1417
f 479//1417 1168//1417 480//1417
f 1609//2084 1614//2084 1616//2084
f 1184//1417 1244//1417 1625//1417
f 1180//1417 1182//1417 483//1417
f 483//1417 1182//1417 1183//1417
f 483//1417 1183//1417 484//1417
f 481//1417 1176//1417 482//1417
f 482//1417 1176//1417 1178//1417
f 482//1417 1178//1417 1180//1417
f 1168//1417 1170//1417 480//1417
f 480//1417 1170//1417 1172//1417
f 480//1417 1172//1417 481//1417
f 481//1417 1172//1417 1174//1417
f 481//1417 1174//1417 1176//1417
f 1183//1417 198//1417 484//1417
f 484//1417 198//1417 197//1417
f 484//1417 197//1417 485//1417
f 485//1417 197//1417 1184//1417
f 485//1417 1184//1417 474//1417
f 474//1417 1184//1417 1625//1417
f 474//1417 1625//1417 475//1417
f 475//1417 1625//1417 1626//1417
f 475//1417 1626//1417 476//1417
f 476//1417 1626//1417 1627//1417
f 476//1417 1627//1417 477//1417
f 1627//1417 1611//1417 477//1417
f 477//1417 1611//1417 1612//1417
f 477//2085 1612//2085 1613//2085
f 1228//1417 1234//1417 1226//1417
f 1226//1417 1234//1417 1235//1417
f 1244//1812 1224//1812 1625//1812
f 1625//1417 1224//1417 1226//1417
f 1625//1417 1226//1417 1236//1417
f 1236//1417 1226//1417 1235//1417
f 1139//1417 479//1417 1140//1417
f 1140//1417 479//1417 478//1417
f 1140//1417 478//1417 1616//1417
f 1616//1417 478//1417 477//1417
f 1616//1417 477//1417 1609//1417
f 1609//1417 477//1417 1613//1417
f 1609//1624 1613//1624 1610//1624
f 837//1417 863//1417 488//1417
f 488//1417 863//1417 879//1417
f 488//1417 879//1417 489//1417
f 492//1417 491//1417 869//1417
f 879//1417 877//1417 489//1417
f 489//1417 877//1417 875//1417
f 489//1417 875//1417 490//1417
f 490//1417 875//1417 873//1417
f 490//1417 873//1417 491//1417
f 491//1417 873//1417 871//1417
f 491//1417 871//1417 869//1417
f 1628//1417 1629//1417 495//1417
f 495//1417 1629//1417 1630//1417
f 495//1417 1630//1417 1631//1417
f 493//1417 840//1417 494//1417
f 494//1417 840//1417 884//1417
f 494//1417 884//1417 495//1417
f 495//1417 884//1417 1632//1417
f 495//1417 1632//1417 1628//1417
f 869//1417 867//1417 492//1417
f 492//1417 867//1417 865//1417
f 492//1417 865//1417 493//1417
f 493//1417 865//1417 864//1417
f 493//1417 864//1417 840//1417
f 837//1417 488//1417 800//1417
f 800//1417 488//1417 487//1417
f 800//1417 487//1417 798//1417
f 798//1417 487//1417 792//1417
f 798//2086 792//2086 796//2086
f 1631//1417 1633//1417 495//1417
f 495//1417 1633//1417 1634//1417
f 495//1417 1634//1417 496//1417
f 496//1417 1634//1417 1635//1417
f 496//1417 1635//1417 497//1417
f 497//1417 1635//1417 1636//1417
f 497//1417 1636//1417 486//1417
f 486//1417 1636//1417 1637//1417
f 486//1417 1637//1417 487//1417
f 487//1417 1637//1417 1638//1417
f 487//1417 1638//1417 807//1417
f 793//2087 792//2087 795//2087
f 795//1417 792//1417 487//1417
f 795//2088 487//2088 808//2088
f 808//1624 487//1624 807//1624
f 1639//2089 1640//2089 1641//2089
f 889//2090 890//2090 1642//2090
f 1642//2091 890//2091 1643//2091
f 1644//2092 883//2092 1642//2092
f 1642//2093 883//2093 882//2093
f 1642//2094 882//2094 889//2094
f 886//2095 887//2095 1644//2095
f 1644//2096 887//2096 888//2096
f 1644//2097 888//2097 883//2097
f 1645//2098 1628//2098 885//2098
f 885//2099 1628//2099 1632//2099
f 885//2100 1632//2100 884//2100
f 1646//2101 1630//2101 1629//2101
f 1630//2102 1646//2102 1631//2102
f 1631//2103 1646//2103 1641//2103
f 1631//2104 1641//2104 1633//2104
f 1633//2105 1641//2105 1640//2105
f 1633//2106 1640//2106 1634//2106
f 885//2107 886//2107 1645//2107
f 1645//2108 886//2108 1644//2108
f 1645//2109 1644//2109 1647//2109
f 1647//2110 1644//2110 1642//2110
f 1648//2111 1639//2111 1649//2111
f 1649//2112 1639//2112 1641//2112
f 1649//2113 1641//2113 1647//2113
f 1647//2114 1641//2114 1646//2114
f 1647//2115 1646//2115 1645//2115
f 1645//2116 1646//2116 1629//2116
f 1645//2117 1629//2117 1628//2117
f 1650//2118 1651//2118 1652//2118
f 1643//2119 1653//2119 1642//2119
f 1642//2120 1653//2120 1654//2120
f 1642//2121 1654//2121 1647//2121
f 1647//2122 1654//2122 1650//2122
f 1647//2123 1650//2123 1649//2123
f 1649//2124 1650//2124 1652//2124
f 1649//2125 1652//2125 1648//2125
f 1655//2126 1656//2126 1657//2126
f 1657//2127 1656//2127 1651//2127
f 1657//2128 1651//2128 1658//2128
f 1658//2129 1651//2129 1650//2129
f 1658//2130 1650//2130 1659//2130
f 1659//2131 1650//2131 1654//2131
f 1659//2132 1654//2132 1660//2132
f 1660//2133 1654//2133 1653//2133
f 1653//2134 1643//2134 1661//2134
f 895//2135 1662//2135 1663//2135
f 895//2136 1663//2136 1664//2136
f 1664//2137 1663//2137 1665//2137
f 1664//2138 1665//2138 1666//2138
f 1666//2139 1665//2139 1667//2139
f 1666//2140 1667//2140 1668//2140
f 1668//2141 1667//2141 1661//2141
f 1668//2142 1661//2142 1669//2142
f 1669//2143 1661//2143 1643//2143
f 1669//2144 1643//2144 890//2144
f 1657//2145 1658//2145 1670//2145
f 1670//2146 1658//2146 1659//2146
f 1670//2147 1659//2147 1660//2147
f 1671//2148 1672//2148 1673//2148
f 1672//2149 1671//2149 1674//2149
f 1674//2150 1671//2150 1675//2150
f 1674//2151 1675//2151 1676//2151
f 1676//2152 1675//2152 1677//2152
f 1676//2153 1677//2153 1678//2153
f 1678//2154 1677//2154 1679//2154
f 1679//2155 1677//2155 1680//2155
f 1679//2156 1680//2156 1681//2156
f 1681//2157 1680//2157 1682//2157
f 1681//2158 1682//2158 1683//2158
f 1684//2159 1685//2159 1680//2159
f 1680//2160 1685//2160 1686//2160
f 1680//2161 1686//2161 1682//2161
f 1660//2162 1653//2162 1670//2162
f 1670//2163 1653//2163 1661//2163
f 1670//2164 1661//2164 1687//2164
f 1687//2165 1661//2165 1667//2165
f 1687//2166 1667//2166 1688//2166
f 1688//2167 1667//2167 1665//2167
f 1688//2168 1665//2168 1689//2168
f 1689//2169 1665//2169 1663//2169
f 1689//2170 1663//2170 1690//2170
f 1690//2171 1663//2171 1662//2171
f 1690//2172 1684//2172 1689//2172
f 1689//2160 1684//2160 1680//2160
f 1689//2173 1680//2173 1688//2173
f 1688//2174 1680//2174 1677//2174
f 1688//2175 1677//2175 1687//2175
f 1687//2176 1677//2176 1675//2176
f 1687//2177 1675//2177 1670//2177
f 1670//2178 1675//2178 1671//2178
f 1670//2179 1671//2179 1657//2179
f 1657//2180 1671//2180 1673//2180
f 1657//2181 1673//2181 1655//2181
f 557//2182 555//2182 1691//2182
f 897//2183 899//2183 1692//2183
f 1693//2184 902//2184 562//2184
f 562//2185 902//2185 894//2185
f 562//2186 894//2186 564//2186
f 564//2187 894//2187 565//2187
f 899//2188 900//2188 1692//2188
f 1692//2189 900//2189 892//2189
f 1692//2190 892//2190 1694//2190
f 1694//2191 892//2191 891//2191
f 1694//2192 891//2192 903//2192
f 895//2193 897//2193 1662//2193
f 1662//2194 897//2194 1692//2194
f 1662//2195 1692//2195 1690//2195
f 1690//2196 1692//2196 1684//2196
f 1695//2197 1696//2197 1683//2197
f 1683//2198 1682//2198 1695//2198
f 1695//2199 1682//2199 1686//2199
f 1695//2200 1686//2200 1691//2200
f 553//2201 1697//2201 555//2201
f 555//2202 1697//2202 1698//2202
f 555//2203 1698//2203 1691//2203
f 1691//2204 1698//2204 1699//2204
f 1691//2205 1699//2205 1695//2205
f 1685//2206 1684//2206 1700//2206
f 1700//2207 1684//2207 1692//2207
f 1700//2208 1692//2208 1701//2208
f 1701//2209 1692//2209 1694//2209
f 1701//2210 1694//2210 1693//2210
f 1693//2211 1694//2211 903//2211
f 1693//2212 903//2212 902//2212
f 562//2213 560//2213 1693//2213
f 1693//2214 560//2214 1702//2214
f 1693//2215 1702//2215 1701//2215
f 1701//2216 1702//2216 1691//2216
f 1701//2217 1691//2217 1700//2217
f 1700//2218 1691//2218 1686//2218
f 1700//2219 1686//2219 1685//2219
f 560//2220 559//2220 1702//2220
f 1702//2221 559//2221 549//2221
f 1702//2222 549//2222 1691//2222
f 1691//2223 549//2223 558//2223
f 1691//2224 558//2224 557//2224
f 550//2225 561//2225 563//2225
f 570//1417 500//1417 569//1417
f 569//1417 500//1417 503//1417
f 569//1417 503//1417 572//1417
f 572//1417 503//1417 522//1417
f 572//1417 522//1417 588//1417
f 588//1417 522//1417 517//1417
f 588//1417 517//1417 584//1417
f 584//1417 517//1417 509//1417
f 584//1417 509//1417 581//1417
f 581//1417 509//1417 578//1417
f 578//1417 509//1417 504//1417
f 578//1417 504//1417 576//1417
f 576//1417 504//1417 506//1417
f 576//1417 506//1417 573//1417
f 573//1417 506//1417 546//1417
f 573//1417 546//1417 566//1417
f 566//1417 546//1417 542//1417
f 566//1417 542//1417 563//1417
f 563//1417 542//1417 533//1417
f 563//1417 533//1417 550//1417
f 550//1417 533//1417 556//1417
f 550//1417 556//1417 551//1417
f 596//1812 598//1812 593//1812
f 593//1417 598//1417 500//1417
f 593//1417 500//1417 592//1417
f 592//1812 500//1812 570//1812
f 598//1417 601//1417 500//1417
f 500//2226 601//2226 603//2226
f 500//1417 603//1417 529//1417
f 529//1417 603//1417 605//1417
f 529//1417 605//1417 538//1417
f 538//1417 605//1417 552//1417
f 538//1417 552//1417 533//1417
f 533//1812 552//1812 554//1812
f 533//1624 554//1624 556//1624
f 1703//2227 944//2227 943//2227
f 938//2228 1704//2228 939//2228
f 939//2229 1704//2229 1705//2229
f 939//2230 1705//2230 943//2230
f 941//2231 942//2231 1706//2231
f 1706//2232 942//2232 937//2232
f 1706//2233 595//2233 594//2233
f 941//2234 1706//2234 940//2234
f 940//2235 1706//2235 594//2235
f 940//2236 594//2236 568//2236
f 1707//2237 1708//2237 1709//2237
f 1710//2238 1711//2238 1712//2238
f 1712//2239 1711//2239 1713//2239
f 1712//2240 1713//2240 1714//2240
f 1705//2241 1715//2241 1716//2241
f 1716//2242 1715//2242 1717//2242
f 1716//2243 1717//2243 1714//2243
f 936//2244 944//2244 1718//2244
f 1718//2245 944//2245 1703//2245
f 1718//2246 1703//2246 1719//2246
f 602//2247 600//2247 1720//2247
f 1720//2248 600//2248 599//2248
f 1720//2249 599//2249 1706//2249
f 1706//2250 599//2250 597//2250
f 1706//2251 597//2251 595//2251
f 607//2252 1707//2252 606//2252
f 606//2253 1707//2253 1709//2253
f 606//2254 1709//2254 604//2254
f 607//2255 602//2255 1707//2255
f 1707//2256 602//2256 1720//2256
f 1707//2257 1720//2257 1719//2257
f 1719//2258 1720//2258 1706//2258
f 1719//2259 1706//2259 1718//2259
f 1718//2260 1706//2260 937//2260
f 1718//2261 937//2261 936//2261
f 943//2262 1705//2262 1703//2262
f 1703//2263 1705//2263 1716//2263
f 1703//2264 1716//2264 1719//2264
f 1719//2265 1716//2265 1714//2265
f 1719//2266 1714//2266 1707//2266
f 1707//2267 1714//2267 1713//2267
f 1707//2268 1713//2268 1708//2268
f 1721//2269 1722//2269 1723//2269
f 1724//2270 1725//2270 1726//2270
f 1705//2271 1704//2271 1727//2271
f 945//2272 1728//2272 1729//2272
f 945//2273 1729//2273 1730//2273
f 1730//2274 1729//2274 1731//2274
f 1730//2275 1731//2275 1732//2275
f 1732//2276 1731//2276 1733//2276
f 1732//2277 1733//2277 1734//2277
f 1734//2278 1733//2278 1727//2278
f 1734//2279 1727//2279 1735//2279
f 1735//2280 1727//2280 1704//2280
f 1735//2281 1704//2281 938//2281
f 1712//2282 1714//2282 1736//2282
f 1736//2283 1714//2283 1717//2283
f 1736//2284 1717//2284 1715//2284
f 1737//2285 1738//2285 1739//2285
f 1738//2286 1737//2286 1740//2286
f 1740//2287 1737//2287 1741//2287
f 1740//2288 1741//2288 1742//2288
f 1742//2289 1741//2289 1743//2289
f 1742//2290 1743//2290 1744//2290
f 1744//2291 1743//2291 1745//2291
f 1745//2292 1743//2292 1726//2292
f 1745//2293 1726//2293 1746//2293
f 1746//2294 1726//2294 1725//2294
f 1746//2295 1725//2295 1747//2295
f 1715//2296 1705//2296 1736//2296
f 1736//2297 1705//2297 1727//2297
f 1736//2298 1727//2298 1748//2298
f 1748//2299 1727//2299 1733//2299
f 1748//2300 1733//2300 1749//2300
f 1749//2301 1733//2301 1731//2301
f 1749//2302 1731//2302 1723//2302
f 1723//2302 1731//2302 1729//2302
f 1723//2303 1729//2303 1721//2303
f 1721//2304 1729//2304 1728//2304
f 1722//2305 1724//2305 1723//2305
f 1723//2306 1724//2306 1726//2306
f 1723//2307 1726//2307 1749//2307
f 1749//2308 1726//2308 1743//2308
f 1749//2309 1743//2309 1748//2309
f 1748//2310 1743//2310 1741//2310
f 1748//2311 1741//2311 1736//2311
f 1736//2312 1741//2312 1737//2312
f 1736//2313 1737//2313 1712//2313
f 1712//2314 1737//2314 1739//2314
f 1712//2315 1739//2315 1710//2315
f 1725//2316 1724//2316 1750//2316
f 1751//2317 1752//2317 1753//2317
f 1754//2318 1755//2318 1753//2318
f 1753//2319 1755//2319 1362//2319
f 1753//2320 1362//2320 1372//2320
f 1361//2321 1751//2321 1374//2321
f 1374//2322 1751//2322 1753//2322
f 1374//2323 1753//2323 1373//2323
f 1373//2324 1753//2324 1372//2324
f 1363//2325 1756//2325 1365//2325
f 1365//2326 1756//2326 955//2326
f 1365//2327 955//2327 954//2327
f 950//2328 952//2328 1757//2328
f 1757//2329 952//2329 957//2329
f 1757//2330 957//2330 1756//2330
f 1756//2331 957//2331 956//2331
f 1756//2332 956//2332 955//2332
f 1754//2333 1758//2333 1759//2333
f 1759//2334 947//2334 949//2334
f 949//2335 950//2335 1759//2335
f 1759//2336 950//2336 1757//2336
f 1759//2337 1757//2337 1754//2337
f 1754//2338 1757//2338 1756//2338
f 1754//2339 1756//2339 1755//2339
f 1755//2340 1756//2340 1363//2340
f 1755//2341 1363//2341 1362//2341
f 1760//2342 1761//2342 1762//2342
f 1762//2343 1761//2343 1763//2343
f 1762//2344 1763//2344 1750//2344
f 1747//2345 1725//2345 1764//2345
f 1764//2346 1725//2346 1750//2346
f 1764//2347 1750//2347 1765//2347
f 1765//2348 1750//2348 1763//2348
f 945//2349 947//2349 1728//2349
f 1728//2350 947//2350 1759//2350
f 1728//2351 1759//2351 1721//2351
f 1721//2352 1759//2352 1758//2352
f 1721//2353 1758//2353 1722//2353
f 1752//2354 1760//2354 1753//2354
f 1753//2355 1760//2355 1762//2355
f 1753//2356 1762//2356 1754//2356
f 1754//2357 1762//2357 1750//2357
f 1754//2358 1750//2358 1758//2358
f 1758//2359 1750//2359 1724//2359
f 1758//2360 1724//2360 1722//2360
f 1766//2361 1767//2361 1768//2361
f 1769//2362 1770//2362 1771//2362
f 1771//2363 1772//2363 1769//2363
f 1769//2364 1772//2364 1773//2364
f 1769//2365 1773//2365 1774//2365
f 1774//2366 1773//2366 1775//2366
f 1774//2367 1775//2367 1776//2367
f 1776//2368 1775//2368 1777//2368
f 1776//2369 1777//2369 1778//2369
f 1778//2370 1777//2370 1779//2370
f 1778//2371 1779//2371 1780//2371
f 1780//2372 1779//2372 1781//2372
f 1780//2373 1781//2373 1782//2373
f 1782//2374 1781//2374 1783//2374
f 1782//2375 1783//2375 1784//2375
f 1784//2376 1783//2376 1785//2376
f 1784//2377 1785//2377 1786//2377
f 1786//2378 1785//2378 1787//2378
f 1786//2378 1787//2378 1788//2378
f 1788//2379 1787//2379 1789//2379
f 1788//2380 1789//2380 1790//2380
f 1790//2381 1789//2381 1791//2381
f 1790//2382 1791//2382 1792//2382
f 1792//2383 1791//2383 1793//2383
f 1792//2384 1793//2384 1794//2384
f 1795//2385 1796//2385 1797//2385
f 1797//2386 1796//2386 1798//2386
f 1799//2387 1800//2387 1801//2387
f 1801//2388 1800//2388 1802//2388
f 1801//2388 1802//2388 1803//2388
f 1803//2389 1802//2389 1804//2389
f 1803//2390 1804//2390 1805//2390
f 1805//2391 1804//2391 1806//2391
f 1805//2392 1806//2392 1807//2392
f 1807//2393 1806//2393 1808//2393
f 1807//2394 1808//2394 1795//2394
f 1795//2395 1808//2395 1809//2395
f 1795//2396 1809//2396 1796//2396
f 1799//2397 1801//2397 1810//2397
f 1810//2398 1801//2398 1811//2398
f 1810//2399 1811//2399 1812//2399
f 1812//2400 1811//2400 1813//2400
f 1812//2401 1813//2401 1814//2401
f 1814//2402 1813//2402 1815//2402
f 1814//2403 1815//2403 1816//2403
f 1816//2404 1815//2404 1817//2404
f 1816//2405 1817//2405 1818//2405
f 1768//2406 1819//2406 1766//2406
f 1766//2407 1819//2407 1820//2407
f 1766//2408 1820//2408 1821//2408
f 1821//2409 1820//2409 1822//2409
f 1821//2410 1822//2410 1817//2410
f 1817//2411 1822//2411 1823//2411
f 1817//2412 1823//2412 1818//2412
f 1824//2413 1793//2413 1825//2413
f 1825//2414 1793//2414 1791//2414
f 1825//2415 1791//2415 1826//2415
f 1826//2416 1791//2416 1789//2416
f 1826//2417 1789//2417 1827//2417
f 1827//2418 1789//2418 1787//2418
f 1827//2419 1787//2419 1828//2419
f 1828//2420 1787//2420 1785//2420
f 1828//2421 1785//2421 1829//2421
f 1829//2422 1785//2422 1783//2422
f 1829//2423 1783//2423 1830//2423
f 1830//2424 1783//2424 1781//2424
f 1830//2425 1781//2425 1831//2425
f 1831//2426 1781//2426 1779//2426
f 1831//2427 1779//2427 1832//2427
f 1832//2428 1779//2428 1777//2428
f 1832//2429 1777//2429 1833//2429
f 1833//2430 1777//2430 1775//2430
f 1833//2431 1775//2431 1834//2431
f 1834//2432 1775//2432 1773//2432
f 1834//2433 1773//2433 1835//2433
f 1835//2434 1773//2434 1772//2434
f 1835//2435 1772//2435 1836//2435
f 1836//2436 1772//2436 1771//2436
f 1797//2437 1824//2437 1795//2437
f 1795//2438 1824//2438 1825//2438
f 1795//2439 1825//2439 1807//2439
f 1807//2440 1825//2440 1826//2440
f 1807//2441 1826//2441 1805//2441
f 1805//2442 1826//2442 1827//2442
f 1805//2443 1827//2443 1803//2443
f 1803//2444 1827//2444 1828//2444
f 1803//2445 1828//2445 1801//2445
f 1801//2446 1828//2446 1829//2446
f 1801//2447 1829//2447 1811//2447
f 1811//2448 1829//2448 1830//2448
f 1811//2449 1830//2449 1813//2449
f 1813//2450 1830//2450 1831//2450
f 1813//2451 1831//2451 1815//2451
f 1815//2452 1831//2452 1832//2452
f 1815//2453 1832//2453 1817//2453
f 1817//2454 1832//2454 1833//2454
f 1817//2455 1833//2455 1821//2455
f 1821//2456 1833//2456 1834//2456
f 1821//2457 1834//2457 1766//2457
f 1766//2458 1834//2458 1835//2458
f 1766//2459 1835//2459 1767//2459
f 1767//2460 1835//2460 1836//2460
f 790//2461 807//2461 1638//2461
f 1837//2462 1838//2462 1839//2462
f 1839//2463 1840//2463 1837//2463
f 1837//2464 1840//2464 1841//2464
f 1837//2465 1841//2465 1842//2465
f 1842//2466 1841//2466 1843//2466
f 1843//2467 1841//2467 1844//2467
f 1843//2468 1844//2468 1845//2468
f 1845//2469 1844//2469 1846//2469
f 1845//2470 1846//2470 1847//2470
f 1848//2471 1849//2471 1850//2471
f 1850//2472 1849//2472 1847//2472
f 1850//2473 1847//2473 1851//2473
f 1851//2474 1847//2474 1846//2474
f 1852//2475 1853//2475 1854//2475
f 1853//2476 1855//2476 1854//2476
f 1854//2477 1855//2477 1856//2477
f 1854//2478 1856//2478 1848//2478
f 1848//2479 1856//2479 1857//2479
f 1848//2480 1857//2480 1849//2480
f 1854//2481 1858//2481 1852//2481
f 1852//2482 1858//2482 1859//2482
f 1852//2483 1859//2483 1860//2483
f 1860//2484 1859//2484 1861//2484
f 821//2485 791//2485 1862//2485
f 1863//2486 1864//2486 1861//2486
f 1861//2487 1864//2487 1865//2487
f 1861//2488 1865//2488 1860//2488
f 1861//2489 783//2489 1863//2489
f 1863//2490 783//2490 785//2490
f 1863//2491 785//2491 1866//2491
f 1866//2492 785//2492 787//2492
f 1866//2493 787//2493 1862//2493
f 1862//2494 787//2494 788//2494
f 1862//2495 788//2495 821//2495
f 791//2496 790//2496 1862//2496
f 1862//2497 790//2497 1638//2497
f 1862//2498 1638//2498 1867//2498
f 1867//2499 1638//2499 1637//2499
f 1867//2500 1637//2500 1868//2500
f 1868//2501 1637//2501 1636//2501
f 1868//2502 1636//2502 1869//2502
f 646//2503 645//2503 1870//2503
f 643//2504 642//2504 1871//2504
f 1872//2505 1873//2505 1874//2505
f 1874//2506 1873//2506 1875//2506
f 1874//2507 1875//2507 1871//2507
f 1871//2508 1875//2508 1876//2508
f 1871//2509 1876//2509 643//2509
f 1877//2510 1878//2510 1879//2510
f 1879//2511 1878//2511 1880//2511
f 1879//2512 1880//2512 1874//2512
f 1874//2513 1880//2513 1881//2513
f 1874//2514 1881//2514 1872//2514
f 662//2515 660//2515 1882//2515
f 665//2516 1877//2516 666//2516
f 666//2517 1877//2517 1879//2517
f 666//2518 1879//2518 692//2518
f 692//2519 1879//2519 659//2519
f 640//2520 639//2520 1883//2520
f 1883//2521 639//2521 612//2521
f 645//2522 640//2522 1870//2522
f 1870//2523 640//2523 1883//2523
f 1870//2524 1883//2524 1884//2524
f 1884//2525 1883//2525 1885//2525
f 1884//2526 1885//2526 1882//2526
f 1882//2527 1885//2527 1886//2527
f 1882//2528 1886//2528 662//2528
f 662//2529 1886//2529 616//2529
f 662//2530 616//2530 617//2530
f 612//2531 611//2531 1883//2531
f 1883//2532 611//2532 610//2532
f 1883//2533 610//2533 1885//2533
f 1885//2534 610//2534 614//2534
f 1885//2535 614//2535 1886//2535
f 1886//2536 614//2536 615//2536
f 1886//2537 615//2537 616//2537
f 642//2538 646//2538 1871//2538
f 1871//2539 646//2539 1870//2539
f 1871//2540 1870//2540 1874//2540
f 1874//2541 1870//2541 1884//2541
f 1874//2542 1884//2542 1879//2542
f 1879//2543 1884//2543 1882//2543
f 1879//2544 1882//2544 659//2544
f 659//2545 1882//2545 660//2545
f 665//1 664//1 1887//1
f 1887//1 664//1 689//1
f 1887//1 689//1 1794//1
f 1794//1 689//1 687//1
f 669//1 667//1 1888//1
f 1888//1 667//1 644//1
f 1888//1 644//1 643//1
f 1888//1 1770//1 669//1
f 669//1 1770//1 1769//1
f 669//1 1769//1 671//1
f 671//1 1769//1 1774//1
f 671//1 1774//1 673//1
f 673//1 1774//1 1776//1
f 673//1 1776//1 675//1
f 1776//1 1778//1 675//1
f 675//1 1778//1 1780//1
f 675//1 1780//1 677//1
f 677//1 1780//1 1782//1
f 677//1 1782//1 679//1
f 679//1 1782//1 1784//1
f 679//1 1784//1 681//1
f 681//2 1784//2 1786//2
f 681//1 1786//1 683//1
f 683//1 1786//1 1788//1
f 683//1 1788//1 685//1
f 685//1 1788//1 1790//1
f 685//1 1790//1 687//1
f 687//1 1790//1 1792//1
f 687//1 1792//1 1794//1
f 1798//2546 1889//2546 1797//2546
f 1797//2547 1889//2547 1890//2547
f 1887//2548 1794//2548 1891//2548
f 1891//2549 1794//2549 1793//2549
f 1891//2550 1793//2550 1892//2550
f 1892//2551 1793//2551 1893//2551
f 1890//2552 1894//2552 1797//2552
f 1797//2553 1894//2553 1895//2553
f 1797//2554 1895//2554 1824//2554
f 1824//2555 1895//2555 1896//2555
f 1896//2556 1897//2556 1824//2556
f 1824//2557 1897//2557 1898//2557
f 1824//2558 1898//2558 1793//2558
f 1793//2559 1898//2559 1899//2559
f 1793//2560 1899//2560 1893//2560
f 1889//2561 1798//2561 1900//2561
f 1900//2562 1798//2562 1901//2562
f 693//2563 1902//2563 1903//2563
f 693//2564 1903//2564 697//2564
f 694//2565 1904//2565 695//2565
f 695//2566 1904//2566 1905//2566
f 695//2567 1905//2567 1906//2567
f 1907//2568 1908//2568 694//2568
f 694//2569 1908//2569 1909//2569
f 694//2570 1909//2570 1904//2570
f 696//2571 1910//2571 694//2571
f 694//2572 1910//2572 1911//2572
f 694//2573 1911//2573 1907//2573
f 1903//2574 1912//2574 697//2574
f 697//2575 1912//2575 1913//2575
f 697//2576 1913//2576 1914//2576
f 1914//2577 1915//2577 697//2577
f 697//2578 1915//2578 1916//2578
f 697//2579 1916//2579 696//2579
f 696//2580 1916//2580 1917//2580
f 696//2581 1917//2581 1918//2581
f 1918//2582 1919//2582 696//2582
f 696//2583 1919//2583 1920//2583
f 696//2582 1920//2582 1910//2582
f 1921//2584 1922//2584 1923//2584
f 1924//2585 1925//2585 1926//2585
f 1926//2586 1927//2586 1924//2586
f 1924//2587 1927//2587 1928//2587
f 1924//2588 1928//2588 1929//2588
f 1929//2589 1928//2589 1930//2589
f 1929//2590 1930//2590 1931//2590
f 1931//2591 1930//2591 1932//2591
f 1931//2592 1932//2592 1933//2592
f 1933//2593 1932//2593 1934//2593
f 1933//2594 1934//2594 1935//2594
f 1935//2595 1934//2595 1936//2595
f 1935//2596 1936//2596 1937//2596
f 1937//2597 1936//2597 1938//2597
f 1937//2598 1938//2598 1939//2598
f 1939//2599 1938//2599 1940//2599
f 1939//2600 1940//2600 1941//2600
f 1941//2601 1940//2601 1942//2601
f 1941//2602 1942//2602 1943//2602
f 1943//2603 1942//2603 1944//2603
f 1943//2604 1944//2604 1945//2604
f 1945//2605 1944//2605 1946//2605
f 1945//2606 1946//2606 1947//2606
f 1947//2607 1946//2607 1948//2607
f 1947//2608 1948//2608 1949//2608
f 1950//2609 1951//2609 1952//2609
f 1952//2610 1951//2610 1953//2610
f 1954//2611 1955//2611 1956//2611
f 1956//2612 1955//2612 1957//2612
f 1956//2612 1957//2612 1958//2612
f 1958//2613 1957//2613 1959//2613
f 1958//2614 1959//2614 1960//2614
f 1960//2615 1959//2615 1961//2615
f 1960//2616 1961//2616 1962//2616
f 1962//2617 1961//2617 1963//2617
f 1962//2618 1963//2618 1950//2618
f 1950//2619 1963//2619 1964//2619
f 1950//2620 1964//2620 1951//2620
f 1954//2621 1956//2621 1965//2621
f 1965//2622 1956//2622 1966//2622
f 1965//2623 1966//2623 1967//2623
f 1967//2624 1966//2624 1968//2624
f 1967//2625 1968//2625 1969//2625
f 1969//2626 1968//2626 1970//2626
f 1969//2626 1970//2626 1971//2626
f 1971//2627 1970//2627 1972//2627
f 1971//2628 1972//2628 1973//2628
f 1923//2629 1974//2629 1921//2629
f 1921//2630 1974//2630 1975//2630
f 1921//2631 1975//2631 1976//2631
f 1976//2632 1975//2632 1977//2632
f 1976//2633 1977//2633 1972//2633
f 1972//2634 1977//2634 1978//2634
f 1972//2635 1978//2635 1973//2635
f 1979//2636 1948//2636 1980//2636
f 1980//2637 1948//2637 1946//2637
f 1980//2638 1946//2638 1981//2638
f 1981//2639 1946//2639 1944//2639
f 1981//2640 1944//2640 1982//2640
f 1982//2641 1944//2641 1942//2641
f 1982//2642 1942//2642 1983//2642
f 1983//2643 1942//2643 1940//2643
f 1983//2644 1940//2644 1984//2644
f 1984//2645 1940//2645 1938//2645
f 1984//2646 1938//2646 1985//2646
f 1985//2647 1938//2647 1936//2647
f 1985//2648 1936//2648 1986//2648
f 1986//2649 1936//2649 1934//2649
f 1986//2650 1934//2650 1987//2650
f 1987//2651 1934//2651 1932//2651
f 1987//2652 1932//2652 1988//2652
f 1988//2653 1932//2653 1930//2653
f 1988//2654 1930//2654 1989//2654
f 1989//2655 1930//2655 1928//2655
f 1989//2656 1928//2656 1990//2656
f 1990//2657 1928//2657 1927//2657
f 1990//2658 1927//2658 1991//2658
f 1991//2659 1927//2659 1926//2659
f 1952//2660 1979//2660 1950//2660
f 1950//2661 1979//2661 1980//2661
f 1950//2662 1980//2662 1962//2662
f 1962//2663 1980//2663 1981//2663
f 1962//2664 1981//2664 1960//2664
f 1960//2665 1981//2665 1982//2665
f 1960//2666 1982//2666 1958//2666
f 1958//2667 1982//2667 1983//2667
f 1958//2668 1983//2668 1956//2668
f 1956//2669 1983//2669 1984//2669
f 1956//2670 1984//2670 1966//2670
f 1966//2671 1984//2671 1985//2671
f 1966//2672 1985//2672 1968//2672
f 1968//2673 1985//2673 1986//2673
f 1968//2674 1986//2674 1970//2674
f 1970//2675 1986//2675 1987//2675
f 1970//2676 1987//2676 1972//2676
f 1972//2677 1987//2677 1988//2677
f 1972//2678 1988//2678 1976//2678
f 1976//2679 1988//2679 1989//2679
f 1976//2680 1989//2680 1921//2680
f 1921//2681 1989//2681 1990//2681
f 1921//2682 1990//2682 1922//2682
f 1922//2683 1990//2683 1991//2683
f 736//2684 735//2684 1992//2684
f 733//2685 732//2685 1993//2685
f 1994//2686 1995//2686 1996//2686
f 1996//2687 1995//2687 1997//2687
f 1996//2688 1997//2688 1993//2688
f 1993//2689 1997//2689 1998//2689
f 1993//2690 1998//2690 733//2690
f 1999//2691 2000//2691 2001//2691
f 2001//2692 2000//2692 2002//2692
f 2001//2693 2002//2693 1996//2693
f 1996//2694 2002//2694 2003//2694
f 1996//2695 2003//2695 1994//2695
f 752//2696 750//2696 2004//2696
f 755//2697 1999//2697 756//2697
f 756//2698 1999//2698 2001//2698
f 756//2699 2001//2699 782//2699
f 782//2700 2001//2700 749//2700
f 730//2701 729//2701 2005//2701
f 2005//2702 729//2702 722//2702
f 735//2703 730//2703 1992//2703
f 1992//2704 730//2704 2005//2704
f 1992//2705 2005//2705 2006//2705
f 2006//2706 2005//2706 2007//2706
f 2006//2707 2007//2707 2004//2707
f 2004//2708 2007//2708 2008//2708
f 2004//2709 2008//2709 752//2709
f 752//2710 2008//2710 699//2710
f 752//2711 699//2711 710//2711
f 722//2712 721//2712 2005//2712
f 2005//2713 721//2713 698//2713
f 2005//2714 698//2714 2007//2714
f 2007//2715 698//2715 701//2715
f 2007//2716 701//2716 2008//2716
f 2008//2717 701//2717 700//2717
f 2008//2718 700//2718 699//2718
f 732//2719 736//2719 1993//2719
f 1993//2720 736//2720 1992//2720
f 1993//2721 1992//2721 1996//2721
f 1996//2722 1992//2722 2006//2722
f 1996//2723 2006//2723 2001//2723
f 2001//2724 2006//2724 2004//2724
f 2001//2725 2004//2725 749//2725
f 749//2726 2004//2726 750//2726
f 759//1 757//1 2009//1
f 2009//1 757//1 734//1
f 2009//1 734//1 733//1
f 2009//1 1925//1 759//1
f 759//1 1925//1 1924//1
f 759//1 1924//1 761//1
f 761//1 1924//1 1929//1
f 761//1 1929//1 763//1
f 763//1 1929//1 1931//1
f 763//1 1931//1 765//1
f 765//1 1931//1 1933//1
f 765//1 1933//1 767//1
f 755//1 754//1 2010//1
f 2010//1 754//1 779//1
f 2010//1 779//1 1949//1
f 1949//1 779//1 777//1
f 1933//1 1935//1 767//1
f 767//1 1935//1 1937//1
f 767//1 1937//1 769//1
f 769//1 1937//1 1939//1
f 769//1 1939//1 771//1
f 771//1 1939//1 1941//1
f 771//1 1941//1 773//1
f 773//1 1941//1 1943//1
f 773//1 1943//1 775//1
f 775//1 1943//1 1945//1
f 775//1 1945//1 777//1
f 777//1 1945//1 1947//1
f 777//1 1947//1 1949//1
f 2011//2727 1926//2727 2012//2727
f 2012//2728 1926//2728 1925//2728
f 2012//2729 1925//2729 2009//2729
f 2013//2730 1923//2730 2014//2730
f 2014//2731 1923//2731 1922//2731
f 2014//2732 1922//2732 2015//2732
f 2015//2733 1922//2733 1991//2733
f 2015//2734 1991//2734 2016//2734
f 2011//2735 2017//2735 1926//2735
f 1926//2736 2017//2736 2018//2736
f 1926//2737 2018//2737 2019//2737
f 2019//2738 2020//2738 1926//2738
f 1926//2739 2020//2739 2021//2739
f 1926//2740 2021//2740 1991//2740
f 1991//2741 2021//2741 2022//2741
f 1991//2742 2022//2742 2016//2742
f 2023//2743 1923//2743 2024//2743
f 2024//2744 1923//2744 2013//2744
f 2025//2745 2026//2745 2027//2745
f 809//2746 813//2746 2028//2746
f 2029//2747 2030//2747 2031//2747
f 2031//2748 2030//2748 2032//2748
f 2031//2749 2032//2749 2033//2749
f 2034//2750 2035//2750 2036//2750
f 2036//2751 2037//2751 2034//2751
f 2034//2752 2037//2752 2038//2752
f 2034//2753 2038//2753 2029//2753
f 2029//2754 2038//2754 2039//2754
f 2029//2755 2039//2755 2030//2755
f 1846//2756 1844//2756 2035//2756
f 2035//2757 1844//2757 1841//2757
f 2035//2758 1841//2758 2036//2758
f 2036//2759 1841//2759 1840//2759
f 2036//2760 1840//2760 1839//2760
f 1854//2761 1848//2761 2040//2761
f 1854//2762 2040//2762 2041//2762
f 2041//2763 2040//2763 2042//2763
f 2041//2764 2042//2764 2043//2764
f 2027//2765 2026//2765 2044//2765
f 1861//2766 1859//2766 2041//2766
f 2041//2767 1859//2767 1858//2767
f 2041//2768 1858//2768 1854//2768
f 1848//2769 1850//2769 2040//2769
f 2040//2770 1850//2770 1851//2770
f 2040//2771 1851//2771 1846//2771
f 815//2772 833//2772 2045//2772
f 2045//2773 833//2773 832//2773
f 2045//2774 832//2774 2043//2774
f 2043//2775 832//2775 831//2775
f 2043//2776 831//2776 2041//2776
f 2041//2777 831//2777 830//2777
f 2041//2778 830//2778 1861//2778
f 1861//2779 830//2779 784//2779
f 1861//2780 784//2780 783//2780
f 813//2781 815//2781 2028//2781
f 2028//2782 815//2782 2045//2782
f 2028//2783 2045//2783 2044//2783
f 2044//2784 2045//2784 2043//2784
f 2044//2785 2043//2785 2027//2785
f 2027//2786 2043//2786 2042//2786
f 2046//2787 826//2787 810//2787
f 810//2788 809//2788 2046//2788
f 2046//2789 809//2789 2028//2789
f 2046//2790 2028//2790 2047//2790
f 2047//2791 2028//2791 2044//2791
f 2047//2792 2044//2792 2048//2792
f 2048//2793 2044//2793 2026//2793
f 1846//2794 2035//2794 2040//2794
f 2040//2795 2035//2795 2034//2795
f 2040//2796 2034//2796 2042//2796
f 2042//2797 2034//2797 2029//2797
f 2042//2798 2029//2798 2027//2798
f 2027//2799 2029//2799 2031//2799
f 2027//2800 2031//2800 2025//2800
f 2049//1417 2050//1417 2033//1417
f 2033//1417 2050//1417 2051//1417
f 2033//1417 2051//1417 2052//1417
f 2052//1417 2053//1417 2033//1417
f 2033//1417 2053//1417 2054//1417
f 2033//1417 2054//1417 213//1417
f 213//1417 2054//1417 2055//1417
f 213//1417 2055//1417 1191//1417
f 1046//1417 970//1417 972//1417
f 1732//1417 1734//1417 907//1417
f 907//1417 1734//1417 1735//1417
f 907//1417 1735//1417 938//1417
f 1403//1417 1405//1417 966//1417
f 966//1417 1405//1417 1407//1417
f 966//1417 1407//1417 961//1417
f 1044//1417 1046//1417 913//1417
f 913//1417 1046//1417 972//1417
f 913//1417 972//1417 911//1417
f 911//1417 972//1417 974//1417
f 911//1417 974//1417 976//1417
f 1585//1417 1587//1417 1100//1417
f 1100//1417 1587//1417 1588//1417
f 1100//1417 1588//1417 1124//1417
f 860//1417 1152//1417 1154//1417
f 913//1417 1105//1417 1103//1417
f 1528//1417 1076//1417 1028//1417
f 907//1417 906//1417 1732//1417
f 1732//1417 906//1417 946//1417
f 1732//1417 946//1417 1730//1417
f 1730//1417 946//1417 945//1417
f 1407//1417 1409//1417 961//1417
f 961//1417 1409//1417 1411//1417
f 961//1417 1411//1417 962//1417
f 962//1417 1411//1417 1413//1417
f 962//1417 1413//1417 1415//1417
f 1100//1417 1099//1417 1585//1417
f 1585//1417 1099//1417 1132//1417
f 1585//1417 1132//1417 1583//1417
f 1583//1417 1132//1417 1131//1417
f 1158//1417 1160//1417 1111//1417
f 1111//1417 1160//1417 1162//1417
f 1111//1417 1162//1417 1099//1417
f 1099//1417 1162//1417 1164//1417
f 1099//1417 1164//1417 1132//1417
f 858//1417 860//1417 1109//1417
f 1109//1417 860//1417 1154//1417
f 1109//1417 1154//1417 1111//1417
f 1111//1417 1154//1417 1156//1417
f 1111//1417 1156//1417 1158//1417
f 1103//1417 1034//1417 1036//1417
f 1528//1417 1028//1417 1527//1417
f 976//1417 978//1417 911//1417
f 911//1417 978//1417 980//1417
f 911//1417 980//1417 906//1417
f 906//1417 980//1417 982//1417
f 906//1417 982//1417 946//1417
f 1415//1417 1417//1417 962//1417
f 962//1417 1417//1417 1419//1417
f 962//1417 1419//1417 1010//1417
f 1011//1417 1401//1417 1012//1417
f 1012//1417 1401//1417 1403//1417
f 1012//1417 1403//1417 1048//1417
f 1048//1417 1403//1417 966//1417
f 1048//1417 966//1417 1046//1417
f 1046//1417 966//1417 968//1417
f 1046//1417 968//1417 970//1417
f 1148//1417 862//1417 834//1417
f 862//1417 1148//1417 860//1417
f 860//1417 1148//1417 1150//1417
f 860//1417 1150//1417 1152//1417
f 1036//1417 1038//1417 1103//1417
f 1103//1417 1038//1417 1040//1417
f 1103//1417 1040//1417 913//1417
f 913//1417 1040//1417 1042//1417
f 913//1417 1042//1417 1044//1417
f 1081//1417 1523//1417 1082//1417
f 1082//1417 1523//1417 1525//1417
f 1669//1417 890//1417 842//1417
f 1525//1417 1527//1417 1082//1417
f 1082//1417 1527//1417 1028//1417
f 1082//1417 1028//1417 1102//1417
f 1102//1417 1028//1417 1027//1417
f 1102//1417 1027//1417 1103//1417
f 1103//1417 1027//1417 1032//1417
f 1103//1417 1032//1417 1034//1417
f 1146//1417 2031//1417 211//1417
f 211//1417 2031//1417 2033//1417
f 211//1417 2033//1417 212//1417
f 212//1417 2033//1417 213//1417
f 2047//1417 2048//1417 1148//1417
f 1148//1417 2048//1417 2026//1417
f 1148//1417 2026//1417 1146//1417
f 1146//1417 2026//1417 2025//1417
f 1146//1417 2025//1417 2031//1417
f 1105//1417 913//1417 1107//1417
f 1107//1417 913//1417 915//1417
f 1107//1417 915//1417 1109//1417
f 1109//1417 915//1417 917//1417
f 1109//1417 917//1417 919//1417
f 919//1417 848//1417 850//1417
f 1669//1417 842//1417 1668//1417
f 834//1417 826//1417 1148//1417
f 1148//1417 826//1417 2046//1417
f 1148//1417 2046//1417 2047//1417
f 850//1417 852//1417 919//1417
f 919//1417 852//1417 854//1417
f 919//1417 854//1417 1109//1417
f 1109//1417 854//1417 856//1417
f 1109//1417 856//1417 858//1417
f 895//1417 1664//1417 896//1417
f 896//1417 1664//1417 1666//1417
f 1666//1417 1668//1417 896//1417
f 896//1417 1668//1417 842//1417
f 896//1417 842//1417 921//1417
f 921//1417 842//1417 841//1417
f 921//1417 841//1417 919//1417
f 919//1417 841//1417 846//1417
f 919//1417 846//1417 848//1417
f 1221//2801 1191//2801 2055//2801
f 2056//2802 2057//2802 2058//2802
f 2059//2803 2060//2803 2061//2803
f 2061//2804 2060//2804 2062//2804
f 2061//2805 2062//2805 2063//2805
f 2063//2806 2062//2806 2064//2806
f 2064//2807 2062//2807 2065//2807
f 2064//2808 2065//2808 2066//2808
f 2066//2809 2065//2809 2050//2809
f 2066//2810 2050//2810 2049//2810
f 2067//2811 2060//2811 2058//2811
f 2058//2812 2060//2812 2059//2812
f 2058//2813 2059//2813 2056//2813
f 1251//2814 2068//2814 1240//2814
f 1240//2815 2068//2815 2069//2815
f 1240//2816 2069//2816 1239//2816
f 1239//2817 2069//2817 2070//2817
f 1239//2818 2070//2818 1237//2818
f 2071//2819 2072//2819 2068//2819
f 1251//2820 1250//2820 2068//2820
f 2068//2821 1250//2821 1249//2821
f 2068//2822 1249//2822 2071//2822
f 2071//2823 1249//2823 1242//2823
f 2071//2824 1242//2824 1241//2824
f 2073//2825 2052//2825 2051//2825
f 2067//2826 2074//2826 2060//2826
f 2060//2827 2074//2827 2075//2827
f 2060//2828 2075//2828 2062//2828
f 2062//2829 2075//2829 2073//2829
f 2062//2830 2073//2830 2065//2830
f 2065//2831 2073//2831 2051//2831
f 2065//2832 2051//2832 2050//2832
f 2076//2833 2077//2833 2069//2833
f 2069//2834 2077//2834 2078//2834
f 2069//2835 2078//2835 2070//2835
f 2067//2836 2079//2836 2074//2836
f 2074//2837 2079//2837 2080//2837
f 2074//2838 2080//2838 2076//2838
f 1241//2839 1221//2839 2071//2839
f 2071//2840 1221//2840 2055//2840
f 2071//2841 2055//2841 2072//2841
f 2072//2842 2055//2842 2054//2842
f 2072//2843 2054//2843 2053//2843
f 2076//2844 2069//2844 2074//2844
f 2074//2845 2069//2845 2068//2845
f 2074//2846 2068//2846 2075//2846
f 2075//2847 2068//2847 2072//2847
f 2075//2848 2072//2848 2073//2848
f 2073//2849 2072//2849 2053//2849
f 2073//2850 2053//2850 2052//2850
f 2081//2851 1195//2851 2082//2851
f 2082//2852 1195//2852 1194//2852
f 2082//2853 1194//2853 2083//2853
f 2083//2854 1194//2854 1196//2854
f 2083//2855 1196//2855 2084//2855
f 2084//2856 1196//2856 695//2856
f 2084//2857 695//2857 1906//2857
f 1195//2858 2081//2858 1197//2858
f 1197//2859 2081//2859 2085//2859
f 1197//2860 2085//2860 1198//2860
f 1198//2861 2085//2861 2086//2861
f 1198//2862 2086//2862 1199//2862
f 1199//2863 2086//2863 2087//2863
f 1199//2864 2087//2864 1203//2864
f 1203//2865 2087//2865 2088//2865
f 1203//2866 2088//2866 1202//2866
f 1202//2867 2088//2867 2089//2867
f 1202//2868 2089//2868 1200//2868
f 1200//2869 2089//2869 2090//2869
f 1200//2870 2090//2870 1201//2870
f 1201//2871 2090//2871 2091//2871
f 1204//2872 1201//2872 2092//2872
f 2092//2873 1201//2873 2091//2873
f 1204//2874 2092//2874 1208//2874
f 1208//2875 2092//2875 2093//2875
f 1208//2876 2093//2876 1207//2876
f 1207//2876 2093//2876 2094//2876
f 1207//2877 2094//2877 1205//2877
f 1205//2878 2094//2878 2095//2878
f 1205//2879 2095//2879 1206//2879
f 1206//2880 2095//2880 2096//2880
f 1206//2881 2096//2881 1209//2881
f 1209//2882 2096//2882 2097//2882
f 1209//2883 2097//2883 1210//2883
f 1210//2884 2097//2884 2098//2884
f 1210//2885 2098//2885 1211//2885
f 1211//2886 2098//2886 2099//2886
f 1211//2887 2099//2887 1213//2887
f 1213//2888 2099//2888 2100//2888
f 1213//2889 2100//2889 1212//2889
f 1212//2890 2100//2890 2101//2890
f 1212//2891 2101//2891 693//2891
f 693//2892 2101//2892 2102//2892
f 693//2893 2102//2893 1902//2893
f 2078//2894 2077//2894 2103//2894
f 2057//2895 2104//2895 2105//2895
f 2057//2896 2105//2896 2058//2896
f 2058//2897 2105//2897 2106//2897
f 2058//2898 2106//2898 2067//2898
f 2106//2899 2107//2899 2067//2899
f 2067//2900 2107//2900 2108//2900
f 2067//2901 2108//2901 2079//2901
f 2079//2902 2108//2902 2080//2902
f 2108//2903 2109//2903 2080//2903
f 2080//2904 2109//2904 2110//2904
f 2080//2905 2110//2905 2076//2905
f 2076//2906 2110//2906 2111//2906
f 2076//2907 2111//2907 2077//2907
f 2077//2908 2111//2908 2112//2908
f 2077//2909 2112//2909 2103//2909
f 2113//2910 1232//2910 1230//2910
f 1230//2911 1229//2911 2113//2911
f 2113//2912 1229//2912 1218//2912
f 2113//2913 1218//2913 2114//2913
f 2078//2914 2103//2914 2070//2914
f 2070//2915 2103//2915 2115//2915
f 2070//2916 2115//2916 2116//2916
f 1218//2917 1217//2917 2114//2917
f 2114//2918 1217//2918 1238//2918
f 2114//2919 1238//2919 2117//2919
f 2117//2920 1238//2920 1237//2920
f 2117//2921 1237//2921 2118//2921
f 2118//2922 1237//2922 2070//2922
f 2118//2923 2070//2923 2119//2923
f 2119//2924 2070//2924 2116//2924
f 1625//2925 1236//2925 1233//2925
f 1626//2926 1625//2926 2120//2926
f 2120//2927 1625//2927 1233//2927
f 2120//2928 1233//2928 2121//2928
f 2121//2929 1233//2929 2122//2929
f 1232//2930 2113//2930 1233//2930
f 1233//2931 2113//2931 2123//2931
f 1233//2932 2123//2932 2122//2932
f 2124//2933 1263//2933 1261//2933
f 1259//2934 2125//2934 1261//2934
f 1261//2935 2125//2935 2126//2935
f 1261//2936 2126//2936 2124//2936
f 2127//2937 2128//2937 1259//2937
f 1259//2938 2128//2938 2129//2938
f 1259//2939 2129//2939 2125//2939
f 1267//2940 2130//2940 1259//2940
f 1259//2941 2130//2941 2131//2941
f 1259//2942 2131//2942 2127//2942
f 2132//2943 2133//2943 1266//2943
f 1266//2944 2133//2944 2134//2944
f 1266//2945 2134//2945 1267//2945
f 1267//2946 2134//2946 2135//2946
f 1267//2947 2135//2947 2130//2947
f 1272//2948 2136//2948 1274//2948
f 1274//2949 2136//2949 2137//2949
f 1274//2950 2137//2950 1276//2950
f 1276//2951 2137//2951 2138//2951
f 1276//2952 2138//2952 1277//2952
f 1277//2953 2138//2953 2139//2953
f 1277//2954 2139//2954 1269//2954
f 1269//2955 2139//2955 2140//2955
f 1269//2956 2140//2956 1270//2956
f 1270//2957 2140//2957 2141//2957
f 1270//2958 2141//2958 1266//2958
f 1266//2959 2141//2959 2142//2959
f 1266//2960 2142//2960 2132//2960
f 1285//2961 2143//2961 1287//2961
f 1287//2962 2143//2962 2144//2962
f 1287//2963 2144//2963 1289//2963
f 1289//2964 2144//2964 2145//2964
f 1289//2965 2145//2965 1290//2965
f 1290//2966 2145//2966 2146//2966
f 1290//2967 2146//2967 1282//2967
f 1282//2968 2146//2968 2147//2968
f 1282//2969 2147//2969 1283//2969
f 1283//2970 2147//2970 2148//2970
f 1283//2971 2148//2971 1279//2971
f 1279//2972 2148//2972 2149//2972
f 1279//2973 2149//2973 1280//2973
f 1280//2974 2149//2974 2150//2974
f 1280//2975 2150//2975 1272//2975
f 1272//2976 2150//2976 2151//2976
f 1272//2977 2151//2977 2136//2977
f 1252//2978 2152//2978 1284//2978
f 1284//2979 2152//2979 2153//2979
f 1284//2980 2153//2980 1285//2980
f 1285//2981 2153//2981 2154//2981
f 1285//2982 2154//2982 2143//2982
f 1263//2983 2124//2983 1264//2983
f 1264//2984 2124//2984 2155//2984
f 1264//2985 2155//2985 1256//2985
f 1256//2986 2155//2986 2156//2986
f 1256//2987 2156//2987 1257//2987
f 1257//2988 2156//2988 2157//2988
f 1257//2989 2157//2989 1252//2989
f 1252//2990 2157//2990 2158//2990
f 1252//2991 2158//2991 2152//2991
f 2159//2992 2160//2992 2161//2992
f 2162//2993 2163//2993 2164//2993
f 2165//2994 2142//2994 2141//2994
f 2166//2995 2167//2995 2168//2995
f 2168//2996 2167//2996 2165//2996
f 2169//2997 2170//2997 2162//2997
f 2171//2998 2172//2998 2173//2998
f 2173//2999 2172//2999 2174//2999
f 2162//3000 2164//3000 2169//3000
f 2169//3001 2164//3001 2175//3001
f 2169//3002 2175//3002 2176//3002
f 2176//3003 2175//3003 2177//3003
f 2176//3003 2177//3003 2178//3003
f 2178//3004 2177//3004 2179//3004
f 2178//3004 2179//3004 2180//3004
f 2180//3005 2179//3005 2181//3005
f 2180//3006 2181//3006 2182//3006
f 2182//3007 2181//3007 2183//3007
f 2182//3008 2183//3008 2184//3008
f 2184//3009 2183//3009 2185//3009
f 2184//3010 2185//3010 2186//3010
f 2186//3011 2185//3011 2187//3011
f 2186//3011 2187//3011 2188//3011
f 2188//3012 2187//3012 2189//3012
f 2188//3013 2189//3013 2190//3013
f 2190//3014 2189//3014 2191//3014
f 2190//3015 2191//3015 2192//3015
f 2192//3016 2191//3016 2193//3016
f 2192//3017 2193//3017 2194//3017
f 2194//3018 2193//3018 2195//3018
f 2194//3018 2195//3018 2196//3018
f 2196//3019 2195//3019 2197//3019
f 2196//3019 2197//3019 2198//3019
f 2198//3020 2197//3020 2173//3020
f 2198//3021 2173//3021 2199//3021
f 2199//3022 2173//3022 2174//3022
f 2199//3023 2174//3023 2200//3023
f 2125//3024 2159//3024 2126//3024
f 2126//3025 2159//3025 2161//3025
f 2126//3026 2161//3026 2124//3026
f 2124//3027 2161//3027 2201//3027
f 2124//3028 2201//3028 2155//3028
f 2155//3029 2201//3029 2156//3029
f 2156//3030 2201//3030 2202//3030
f 2156//3031 2202//3031 2157//3031
f 2157//3032 2202//3032 2203//3032
f 2157//3033 2203//3033 2158//3033
f 2204//3034 2154//3034 2205//3034
f 2205//3035 2154//3035 2153//3035
f 2205//3036 2153//3036 2203//3036
f 2203//3037 2153//3037 2152//3037
f 2203//3038 2152//3038 2158//3038
f 2147//3039 2146//3039 2206//3039
f 2206//3040 2146//3040 2145//3040
f 2206//3041 2145//3041 2207//3041
f 2207//3042 2145//3042 2144//3042
f 2207//3043 2144//3043 2204//3043
f 2204//3044 2144//3044 2143//3044
f 2204//3045 2143//3045 2154//3045
f 2147//3046 2206//3046 2148//3046
f 2148//3047 2206//3047 2208//3047
f 2148//3048 2208//3048 2149//3048
f 2149//3049 2208//3049 2209//3049
f 2149//3050 2209//3050 2150//3050
f 2150//3051 2209//3051 2151//3051
f 2151//3052 2209//3052 2210//3052
f 2151//3053 2210//3053 2136//3053
f 2136//3054 2210//3054 2211//3054
f 2136//3055 2211//3055 2137//3055
f 2165//3056 2141//3056 2168//3056
f 2168//3057 2141//3057 2140//3057
f 2168//3058 2140//3058 2212//3058
f 2212//3059 2140//3059 2139//3059
f 2212//3060 2139//3060 2211//3060
f 2211//3061 2139//3061 2138//3061
f 2211//3062 2138//3062 2137//3062
f 2163//3063 2166//3063 2164//3063
f 2164//3064 2166//3064 2168//3064
f 2164//3065 2168//3065 2175//3065
f 2175//3066 2168//3066 2212//3066
f 2175//3067 2212//3067 2177//3067
f 2177//3068 2212//3068 2211//3068
f 2177//3069 2211//3069 2179//3069
f 2179//3070 2211//3070 2210//3070
f 2179//3071 2210//3071 2181//3071
f 2181//3072 2210//3072 2209//3072
f 2181//3073 2209//3073 2183//3073
f 2183//3074 2209//3074 2208//3074
f 2183//3075 2208//3075 2185//3075
f 2185//3075 2208//3075 2206//3075
f 2185//3076 2206//3076 2187//3076
f 2187//3077 2206//3077 2207//3077
f 2187//3078 2207//3078 2189//3078
f 2189//3079 2207//3079 2204//3079
f 2189//3080 2204//3080 2191//3080
f 2191//3081 2204//3081 2205//3081
f 2191//3082 2205//3082 2193//3082
f 2193//3083 2205//3083 2203//3083
f 2193//3084 2203//3084 2195//3084
f 2195//3085 2203//3085 2202//3085
f 2195//3086 2202//3086 2197//3086
f 2197//3087 2202//3087 2201//3087
f 2197//3088 2201//3088 2173//3088
f 2173//3089 2201//3089 2161//3089
f 2173//3090 2161//3090 2171//3090
f 2171//3091 2161//3091 2160//3091
f 2213//3092 2214//3092 2215//3092
f 2216//3093 2217//3093 2218//3093
f 2218//3094 2219//3094 2216//3094
f 2216//3095 2219//3095 2220//3095
f 2216//3095 2220//3095 2221//3095
f 2221//3096 2220//3096 2222//3096
f 2221//3097 2222//3097 2223//3097
f 2223//3098 2222//3098 2224//3098
f 2223//3098 2224//3098 2225//3098
f 2225//3099 2224//3099 2226//3099
f 2225//3100 2226//3100 2227//3100
f 2227//3101 2226//3101 2228//3101
f 2227//3102 2228//3102 2229//3102
f 2229//3103 2228//3103 2230//3103
f 2229//3104 2230//3104 2231//3104
f 2231//3105 2230//3105 2232//3105
f 2231//3106 2232//3106 2233//3106
f 2233//3107 2232//3107 2234//3107
f 2233//3108 2234//3108 2235//3108
f 2235//3109 2234//3109 2236//3109
f 2235//3110 2236//3110 2237//3110
f 2237//3111 2236//3111 2238//3111
f 2237//3112 2238//3112 2239//3112
f 2239//3113 2238//3113 2240//3113
f 2239//3114 2240//3114 2241//3114
f 2242//3115 2243//3115 2244//3115
f 2244//3116 2243//3116 2245//3116
f 2246//3117 2247//3117 2248//3117
f 2248//3118 2247//3118 2249//3118
f 2248//3118 2249//3118 2250//3118
f 2250//3119 2249//3119 2251//3119
f 2250//3120 2251//3120 2252//3120
f 2252//3121 2251//3121 2253//3121
f 2252//3122 2253//3122 2254//3122
f 2254//3123 2253//3123 2255//3123
f 2254//3124 2255//3124 2242//3124
f 2242//3125 2255//3125 2256//3125
f 2242//3126 2256//3126 2243//3126
f 2246//3127 2248//3127 2257//3127
f 2257//3128 2248//3128 2258//3128
f 2257//3129 2258//3129 2259//3129
f 2259//3130 2258//3130 2260//3130
f 2259//3131 2260//3131 2261//3131
f 2261//3132 2260//3132 2262//3132
f 2261//3132 2262//3132 2263//3132
f 2263//3133 2262//3133 2264//3133
f 2263//3134 2264//3134 2265//3134
f 2215//3135 2266//3135 2213//3135
f 2213//3136 2266//3136 2267//3136
f 2213//3137 2267//3137 2268//3137
f 2268//3138 2267//3138 2269//3138
f 2268//3139 2269//3139 2264//3139
f 2264//3140 2269//3140 2270//3140
f 2264//3141 2270//3141 2265//3141
f 2271//3142 2240//3142 2272//3142
f 2272//3143 2240//3143 2238//3143
f 2272//3144 2238//3144 2273//3144
f 2273//3145 2238//3145 2236//3145
f 2273//3146 2236//3146 2274//3146
f 2274//3147 2236//3147 2234//3147
f 2274//3148 2234//3148 2275//3148
f 2275//3149 2234//3149 2232//3149
f 2275//3150 2232//3150 2276//3150
f 2276//3151 2232//3151 2230//3151
f 2276//3152 2230//3152 2277//3152
f 2277//3153 2230//3153 2228//3153
f 2277//3154 2228//3154 2278//3154
f 2278//3155 2228//3155 2226//3155
f 2278//3156 2226//3156 2279//3156
f 2279//3157 2226//3157 2224//3157
f 2279//3158 2224//3158 2280//3158
f 2280//3159 2224//3159 2222//3159
f 2280//3160 2222//3160 2281//3160
f 2281//3161 2222//3161 2220//3161
f 2281//3162 2220//3162 2282//3162
f 2282//3163 2220//3163 2219//3163
f 2282//3164 2219//3164 2283//3164
f 2283//3165 2219//3165 2218//3165
f 2244//3166 2271//3166 2242//3166
f 2242//3167 2271//3167 2272//3167
f 2242//3168 2272//3168 2254//3168
f 2254//3169 2272//3169 2273//3169
f 2254//3170 2273//3170 2252//3170
f 2252//3171 2273//3171 2274//3171
f 2252//3172 2274//3172 2250//3172
f 2250//3173 2274//3173 2275//3173
f 2250//3174 2275//3174 2248//3174
f 2248//3175 2275//3175 2276//3175
f 2248//3176 2276//3176 2258//3176
f 2258//3177 2276//3177 2277//3177
f 2258//3178 2277//3178 2260//3178
f 2260//3179 2277//3179 2278//3179
f 2260//3180 2278//3180 2262//3180
f 2262//3181 2278//3181 2279//3181
f 2262//3182 2279//3182 2264//3182
f 2264//3183 2279//3183 2280//3183
f 2264//3184 2280//3184 2268//3184
f 2268//3185 2280//3185 2281//3185
f 2268//3186 2281//3186 2213//3186
f 2213//3187 2281//3187 2282//3187
f 2213//3188 2282//3188 2214//3188
f 2214//3189 2282//3189 2283//3189
f 1346//3190 2284//3190 2285//3190
f 1346//3191 2285//3191 1338//3191
f 1345//3192 2286//3192 1346//3192
f 1346//3193 2286//3193 2287//3193
f 1346//3194 2287//3194 2284//3194
f 1349//3195 2288//3195 1345//3195
f 1345//3196 2288//3196 2289//3196
f 1345//3197 2289//3197 2286//3197
f 2290//3198 2291//3198 1348//3198
f 1348//3199 2291//3199 2292//3199
f 1348//3200 2292//3200 1349//3200
f 1349//3201 2292//3201 2293//3201
f 1349//3202 2293//3202 2288//3202
f 2290//3203 1348//3203 2294//3203
f 2294//3204 1348//3204 1356//3204
f 2294//3205 1356//3205 2295//3205
f 1359//3206 2296//3206 1351//3206
f 1351//3207 2296//3207 2297//3207
f 1351//3208 2297//3208 1353//3208
f 1353//3209 2297//3209 2298//3209
f 1353//3210 2298//3210 1355//3210
f 1355//3211 2298//3211 2299//3211
f 1355//3212 2299//3212 1356//3212
f 1356//3213 2299//3213 2300//3213
f 1356//3214 2300//3214 2295//3214
f 1325//3215 2301//3215 1327//3215
f 1327//3216 2301//3216 2302//3216
f 1327//3217 2302//3217 1329//3217
f 1329//3218 2302//3218 2303//3218
f 1329//3219 2303//3219 1330//3219
f 1330//3220 2303//3220 2304//3220
f 1330//3221 2304//3221 1321//3221
f 1321//3222 2304//3222 2305//3222
f 1321//3223 2305//3223 1357//3223
f 1357//3224 2305//3224 2306//3224
f 1357//3225 2306//3225 1358//3225
f 1358//3226 2306//3226 2307//3226
f 1358//3227 2307//3227 1359//3227
f 1359//3228 2307//3228 2308//3228
f 1359//3229 2308//3229 2296//3229
f 2285//3230 2309//3230 1338//3230
f 1338//3230 2309//3230 2310//3230
f 1338//3231 2310//3231 1340//3231
f 1340//3232 2310//3232 2311//3232
f 1340//3233 2311//3233 1342//3233
f 1342//3234 2311//3234 2312//3234
f 1342//3235 2312//3235 1343//3235
f 1343//3236 2312//3236 2313//3236
f 1343//3237 2313//3237 1335//3237
f 1335//3238 2313//3238 2314//3238
f 1335//3239 2314//3239 1336//3239
f 1336//3240 2314//3240 2315//3240
f 1336//3241 2315//3241 1332//3241
f 1332//3242 2315//3242 2316//3242
f 1332//3243 2316//3243 1333//3243
f 1333//3244 2316//3244 2317//3244
f 1333//3245 2317//3245 1325//3245
f 1325//3246 2317//3246 2318//3246
f 1325//3247 2318//3247 2301//3247
f 2319//3248 2320//3248 2321//3248
f 2322//3249 2323//3249 2324//3249
f 2325//3250 2326//3250 2327//3250
f 2328//3251 2329//3251 2330//3251
f 2330//3252 2329//3252 2325//3252
f 2284//3253 2322//3253 2285//3253
f 2285//3254 2322//3254 2324//3254
f 2285//3255 2324//3255 2309//3255
f 2309//3256 2324//3256 2331//3256
f 2314//3257 2313//3257 2332//3257
f 2332//3258 2313//3258 2312//3258
f 2332//3259 2312//3259 2333//3259
f 2333//3260 2312//3260 2311//3260
f 2333//3261 2311//3261 2331//3261
f 2331//3262 2311//3262 2310//3262
f 2331//3263 2310//3263 2309//3263
f 2314//3264 2332//3264 2315//3264
f 2315//3265 2332//3265 2334//3265
f 2315//3266 2334//3266 2316//3266
f 2316//3267 2334//3267 2335//3267
f 2316//3268 2335//3268 2317//3268
f 2317//3269 2335//3269 2318//3269
f 2318//3270 2335//3270 2336//3270
f 2318//3271 2336//3271 2301//3271
f 2301//3272 2336//3272 2337//3272
f 2301//3273 2337//3273 2302//3273
f 2338//3274 2305//3274 2339//3274
f 2339//3275 2305//3275 2304//3275
f 2339//3276 2304//3276 2337//3276
f 2337//3277 2304//3277 2303//3277
f 2337//3278 2303//3278 2302//3278
f 2297//3279 2296//3279 2340//3279
f 2340//3280 2296//3280 2308//3280
f 2340//3281 2308//3281 2341//3281
f 2341//3282 2308//3282 2307//3282
f 2341//3283 2307//3283 2338//3283
f 2338//3284 2307//3284 2306//3284
f 2338//3285 2306//3285 2305//3285
f 2342//3286 2343//3286 2344//3286
f 2344//3287 2343//3287 2345//3287
f 2297//3288 2340//3288 2298//3288
f 2298//3289 2340//3289 2346//3289
f 2298//3290 2346//3290 2299//3290
f 2299//3291 2346//3291 2344//3291
f 2299//3292 2344//3292 2300//3292
f 2300//3293 2344//3293 2345//3293
f 2300//3294 2345//3294 2295//3294
f 2347//3295 2348//3295 2349//3295
f 2349//3296 2348//3296 2350//3296
f 2349//3297 2350//3297 2351//3297
f 2352//3298 2353//3298 2354//3298
f 2352//3299 2354//3299 2355//3299
f 2354//3300 2356//3300 2355//3300
f 2355//3301 2356//3301 2357//3301
f 2355//3302 2357//3302 2348//3302
f 2348//3303 2357//3303 2358//3303
f 2348//3304 2358//3304 2350//3304
f 2359//3305 2360//3305 2352//3305
f 2352//3306 2360//3306 2361//3306
f 2352//3307 2361//3307 2353//3307
f 2362//3308 2363//3308 2364//3308
f 2364//3309 2363//3309 2365//3309
f 2364//3310 2365//3310 2359//3310
f 2359//3311 2365//3311 2366//3311
f 2359//3312 2366//3312 2360//3312
f 2362//3313 2364//3313 2367//3313
f 2367//3314 2364//3314 2368//3314
f 2367//3315 2368//3315 2369//3315
f 2369//3316 2368//3316 2370//3316
f 2369//3317 2370//3317 2371//3317
f 2372//3318 2373//3318 2374//3318
f 2372//3319 2374//3319 2370//3319
f 2370//3320 2374//3320 2375//3320
f 2370//3321 2375//3321 2371//3321
f 2373//3322 2372//3322 2376//3322
f 2376//3323 2372//3323 2377//3323
f 2376//3324 2377//3324 2378//3324
f 2379//3325 2380//3325 2381//3325
f 2379//3326 2381//3326 2377//3326
f 2377//3327 2381//3327 2382//3327
f 2377//3328 2382//3328 2378//3328
f 2321//3329 2320//3329 2379//3329
f 2379//3330 2320//3330 2383//3330
f 2379//3331 2383//3331 2380//3331
f 2319//3332 2321//3332 2384//3332
f 2384//3333 2321//3333 2385//3333
f 2384//3334 2385//3334 2386//3334
f 2386//3335 2385//3335 2387//3335
f 2387//3336 2385//3336 2388//3336
f 2387//3337 2388//3337 2389//3337
f 2325//3338 2327//3338 2330//3338
f 2330//3339 2327//3339 2390//3339
f 2330//3340 2390//3340 2388//3340
f 2388//3341 2390//3341 2391//3341
f 2388//3342 2391//3342 2389//3342
f 2323//3343 2328//3343 2324//3343
f 2324//3344 2328//3344 2330//3344
f 2324//3345 2330//3345 2331//3345
f 2331//3346 2330//3346 2388//3346
f 2331//3347 2388//3347 2333//3347
f 2333//3348 2388//3348 2385//3348
f 2333//3349 2385//3349 2332//3349
f 2332//3350 2385//3350 2321//3350
f 2332//3351 2321//3351 2334//3351
f 2334//3352 2321//3352 2379//3352
f 2334//3353 2379//3353 2335//3353
f 2335//3354 2379//3354 2377//3354
f 2335//3355 2377//3355 2336//3355
f 2336//3355 2377//3355 2372//3355
f 2336//3356 2372//3356 2337//3356
f 2337//3356 2372//3356 2370//3356
f 2337//3357 2370//3357 2339//3357
f 2339//3357 2370//3357 2368//3357
f 2339//3358 2368//3358 2338//3358
f 2338//3359 2368//3359 2364//3359
f 2338//3360 2364//3360 2341//3360
f 2341//3361 2364//3361 2359//3361
f 2341//3362 2359//3362 2340//3362
f 2340//3363 2359//3363 2352//3363
f 2340//3364 2352//3364 2346//3364
f 2346//3365 2352//3365 2355//3365
f 2346//3366 2355//3366 2344//3366
f 2344//3367 2355//3367 2348//3367
f 2344//3368 2348//3368 2342//3368
f 2342//3369 2348//3369 2347//3369
f 2392//3370 2393//3370 2394//3370
f 2394//3371 2393//3371 2395//3371
f 2396//3372 2397//3372 2398//3372
f 2398//3373 2397//3373 2399//3373
f 2398//3374 2399//3374 2400//3374
f 2400//3375 2399//3375 2401//3375
f 2401//3376 2399//3376 2402//3376
f 2401//3377 2402//3377 2403//3377
f 2403//3378 2402//3378 2404//3378
f 2403//3379 2404//3379 2405//3379
f 2405//3380 2404//3380 2406//3380
f 2405//3381 2406//3381 2407//3381
f 2407//3382 2406//3382 2408//3382
f 2407//3383 2408//3383 2409//3383
f 2410//3384 2411//3384 2412//3384
f 2412//3385 2411//3385 2413//3385
f 2412//3386 2413//3386 2414//3386
f 2414//3387 2413//3387 2415//3387
f 2414//3387 2415//3387 2416//3387
f 2416//3388 2415//3388 2417//3388
f 2416//3389 2417//3389 2418//3389
f 2418//3390 2417//3390 2419//3390
f 2418//3391 2419//3391 2408//3391
f 2408//3392 2419//3392 2420//3392
f 2408//3393 2420//3393 2409//3393
f 2410//3394 2412//3394 2421//3394
f 2421//3395 2412//3395 2422//3395
f 2421//3396 2422//3396 2423//3396
f 2423//3397 2422//3397 2424//3397
f 2423//3398 2424//3398 2425//3398
f 2425//3399 2424//3399 2426//3399
f 2425//3400 2426//3400 2427//3400
f 2428//3401 2429//3401 2430//3401
f 2430//3402 2429//3402 2431//3402
f 2432//3403 2433//3403 2434//3403
f 2434//3404 2433//3404 2435//3404
f 2434//3405 2435//3405 2428//3405
f 2428//3406 2435//3406 2436//3406
f 2428//3407 2436//3407 2429//3407
f 2437//3408 2438//3408 2439//3408
f 2439//3409 2438//3409 2440//3409
f 2439//3410 2440//3410 2432//3410
f 2432//3411 2440//3411 2441//3411
f 2432//3411 2441//3411 2433//3411
f 2437//3412 2439//3412 2442//3412
f 2442//3413 2439//3413 2443//3413
f 2442//3414 2443//3414 2444//3414
f 2444//3415 2443//3415 2445//3415
f 2444//3416 2445//3416 2446//3416
f 2447//3417 2448//3417 2449//3417
f 2449//3418 2448//3418 2450//3418
f 2449//3419 2450//3419 2445//3419
f 2445//3420 2450//3420 2451//3420
f 2445//3421 2451//3421 2446//3421
f 2452//3422 2453//3422 2447//3422
f 2447//3423 2453//3423 2454//3423
f 2447//3423 2454//3423 2448//3423
f 2455//3424 2456//3424 2452//3424
f 2452//3425 2456//3425 2457//3425
f 2452//3426 2457//3426 2453//3426
f 2395//3427 2458//3427 2394//3427
f 2394//3428 2458//3428 2459//3428
f 2394//3429 2459//3429 2455//3429
f 2455//3430 2459//3430 2460//3430
f 2455//3430 2460//3430 2456//3430
f 2461//3431 2426//3431 2462//3431
f 2462//3432 2426//3432 2424//3432
f 2462//3433 2424//3433 2463//3433
f 2463//3434 2424//3434 2422//3434
f 2463//3435 2422//3435 2464//3435
f 2464//3436 2422//3436 2412//3436
f 2464//3437 2412//3437 2465//3437
f 2465//3438 2412//3438 2414//3438
f 2465//3439 2414//3439 2466//3439
f 2466//3440 2414//3440 2416//3440
f 2466//3441 2416//3441 2467//3441
f 2467//3442 2416//3442 2418//3442
f 2467//3443 2418//3443 2468//3443
f 2468//3444 2418//3444 2408//3444
f 2468//3445 2408//3445 2469//3445
f 2469//3446 2408//3446 2406//3446
f 2469//3447 2406//3447 2470//3447
f 2470//3448 2406//3448 2404//3448
f 2470//3449 2404//3449 2471//3449
f 2471//3450 2404//3450 2402//3450
f 2471//3451 2402//3451 2472//3451
f 2472//3452 2402//3452 2399//3452
f 2472//3453 2399//3453 2473//3453
f 2473//3454 2399//3454 2397//3454
f 2430//3455 2461//3455 2428//3455
f 2428//3456 2461//3456 2462//3456
f 2428//3457 2462//3457 2434//3457
f 2434//3458 2462//3458 2463//3458
f 2434//3459 2463//3459 2432//3459
f 2432//3460 2463//3460 2464//3460
f 2432//3461 2464//3461 2439//3461
f 2439//3462 2464//3462 2465//3462
f 2439//3463 2465//3463 2443//3463
f 2443//3464 2465//3464 2466//3464
f 2443//3465 2466//3465 2445//3465
f 2445//3466 2466//3466 2467//3466
f 2445//3467 2467//3467 2449//3467
f 2449//3468 2467//3468 2468//3468
f 2449//3469 2468//3469 2447//3469
f 2447//3470 2468//3470 2469//3470
f 2447//3471 2469//3471 2452//3471
f 2452//3472 2469//3472 2470//3472
f 2452//3473 2470//3473 2455//3473
f 2455//3474 2470//3474 2471//3474
f 2455//3475 2471//3475 2394//3475
f 2394//3476 2471//3476 2472//3476
f 2394//3477 2472//3477 2392//3477
f 2392//3478 2472//3478 2473//3478
f 2474//1 2475//1 2476//1
f 2474//1 2476//1 2477//1
f 2478//2 2479//2 2476//2
f 2478//1 2476//1 2480//1
f 2481//1 2482//1 2476//1
f 2476//1 2482//1 2483//1
f 2476//1 2483//1 2477//1
f 2475//1 2484//1 2476//1
f 2476//1 2484//1 2485//1
f 2476//1 2485//1 2486//1
f 2487//1 2488//1 2489//1
f 2489//1 2488//1 2490//1
f 2489//1 2490//1 2491//1
f 2491//1 2490//1 2492//1
f 2493//1 2494//1 2476//1
f 2476//1 2494//1 2495//1
f 2486//1 2496//1 2476//1
f 2476//1 2496//1 2497//1
f 2476//1 2497//1 2498//1
f 2499//1 2500//1 2476//1
f 2476//1 2500//1 2501//1
f 2476//1 2501//1 2480//1
f 2502//3479 2479//3479 2503//3479
f 2503//1 2479//1 2504//1
f 2487//1 2489//1 2476//1
f 2476//1 2489//1 2505//1
f 2476//1 2505//1 2493//1
f 2495//1 2506//1 2476//1
f 2476//1 2506//1 2507//1
f 2476//1 2507//1 2481//1
f 2498//1 2508//1 2476//1
f 2476//2 2508//2 2509//2
f 2476//1 2509//1 2499//1
f 2502//2 2510//2 2479//2
f 2479//1 2510//1 2511//1
f 2479//1 2511//1 2512//1
f 2512//1 2513//1 2479//1
f 2479//1 2513//1 2514//1
f 2479//1 2514//1 2515//1
f 2515//1 2516//1 2479//1
f 2479//1 2516//1 2517//1
f 2479//1 2517//1 2476//1
f 2492//1 2490//1 2518//1
f 2518//1 2490//1 2519//1
f 2518//1 2519//1 2520//1
f 2518//1 2521//1 2522//1
f 2522//1 2521//1 2523//1
f 2520//1 2524//1 2518//1
f 2518//1 2524//1 2525//1
f 2518//1 2525//1 2521//1
f 2521//1 2525//1 2526//1
f 1604//3480 1611//3480 1627//3480
f 1462//3481 1469//3481 1483//3481
f 2527//3482 2528//3482 1695//3482
f 1708//3483 1713//3483 2527//3483
f 1695//3484 1699//3484 2527//3484
f 2527//3485 1699//3485 1698//3485
f 2527//3486 1698//3486 1697//3486
f 552//3487 605//3487 553//3487
f 553//3487 605//3487 604//3487
f 553//3488 604//3488 1697//3488
f 1697//3489 604//3489 2527//3489
f 2527//3490 604//3490 1709//3490
f 2527//3491 1709//3491 1708//3491
f 2529//3492 1673//3492 2530//3492
f 2530//3493 1673//3493 1672//3493
f 2530//3494 1672//3494 2531//3494
f 2531//3495 1672//3495 1674//3495
f 2531//3496 1674//3496 2532//3496
f 2532//3497 1674//3497 1676//3497
f 2532//3498 1676//3498 2533//3498
f 2533//3499 1676//3499 1678//3499
f 2533//3500 1678//3500 2534//3500
f 2534//3501 1678//3501 1679//3501
f 2534//3502 1679//3502 2535//3502
f 2535//3503 1679//3503 1681//3503
f 2535//3504 1681//3504 2536//3504
f 2536//3505 1681//3505 1683//3505
f 2536//3506 1683//3506 2528//3506
f 2528//3507 1683//3507 1696//3507
f 2528//3508 1696//3508 1695//3508
f 1635//3509 1634//3509 1640//3509
f 1648//3510 1652//3510 2537//3510
f 1635//3511 1640//3511 2537//3511
f 2537//3512 1640//3512 1639//3512
f 2537//3513 1639//3513 1648//3513
f 1652//3514 1651//3514 2537//3514
f 2537//3515 1651//3515 1656//3515
f 2537//3516 1656//3516 2529//3516
f 2529//3517 1656//3517 1655//3517
f 2529//3518 1655//3518 1673//3518
f 1869//3519 1636//3519 2538//3519
f 2538//3520 1636//3520 1635//3520
f 2538//3521 1635//3521 2539//3521
f 2539//3522 1635//3522 2537//3522
f 1713//3523 1711//3523 2527//3523
f 2527//3524 1711//3524 1710//3524
f 2527//3525 1710//3525 2540//3525
f 2540//3526 1710//3526 1739//3526
f 2540//3527 1739//3527 2541//3527
f 2541//3528 1739//3528 1738//3528
f 2541//3529 1738//3529 2542//3529
f 2542//3530 1738//3530 1740//3530
f 2542//3531 1740//3531 2543//3531
f 2543//3532 1740//3532 1742//3532
f 2543//3533 1742//3533 2544//3533
f 2544//3534 1742//3534 1744//3534
f 2544//3535 1744//3535 2545//3535
f 2545//3536 1744//3536 1745//3536
f 2545//3537 1745//3537 2546//3537
f 2546//3538 1745//3538 1746//3538
f 2546//3539 1746//3539 2547//3539
f 2547//3540 1746//3540 1747//3540
f 2547//3541 1747//3541 1764//3541
f 1764//3542 1765//3542 2547//3542
f 2547//3543 1765//3543 1763//3543
f 2547//3544 1763//3544 2548//3544
f 1763//3545 1761//3545 2548//3545
f 2548//3546 1761//3546 1760//3546
f 2548//3547 1760//3547 2549//3547
f 2549//3548 1760//3548 1752//3548
f 2549//3549 1752//3549 1751//3549
f 1751//3550 1361//3550 2549//3550
f 2549//3551 1361//3551 1360//3551
f 2549//3552 1360//3552 2550//3552
f 2550//3553 1360//3553 2551//3553
f 1360//3554 1369//3554 1376//3554
f 1360//3555 1376//3555 2551//3555
f 2551//3556 1376//3556 1375//3556
f 2551//3557 1375//3557 1384//3557
f 1392//3558 2552//3558 1387//3558
f 1387//3559 2552//3559 2551//3559
f 1387//3560 2551//3560 1388//3560
f 1388//3561 2551//3561 1384//3561
f 1446//3562 2553//3562 1445//3562
f 1445//3563 2553//3563 2554//3563
f 1445//3564 2554//3564 1438//3564
f 1438//3565 2554//3565 2555//3565
f 1438//3566 2555//3566 1439//3566
f 1439//3567 2555//3567 2556//3567
f 1439//3568 2556//3568 1441//3568
f 1441//3569 2556//3569 2557//3569
f 1441//3570 2557//3570 1443//3570
f 1443//3571 2557//3571 2558//3571
f 1443//3572 2558//3572 1444//3572
f 1444//3573 2558//3573 2559//3573
f 1444//3574 2559//3574 1436//3574
f 1436//3575 2559//3575 2560//3575
f 1436//3576 2560//3576 1437//3576
f 1437//3577 2560//3577 2561//3577
f 1437//3578 2561//3578 1431//3578
f 1431//3578 2561//3578 2562//3578
f 1431//3579 2562//3579 1433//3579
f 1433//3580 2562//3580 2563//3580
f 1433//3581 2563//3581 1434//3581
f 1434//3582 2563//3582 2564//3582
f 1434//3583 2564//3583 1428//3583
f 1428//3584 2564//3584 2565//3584
f 1428//3585 2565//3585 1429//3585
f 1429//3586 2565//3586 2566//3586
f 1429//3587 2566//3587 1423//3587
f 1423//3588 2566//3588 2567//3588
f 1423//3589 2567//3589 1425//3589
f 1425//3590 2567//3590 2568//3590
f 1425//3591 2568//3591 1426//3591
f 1426//3592 2568//3592 2569//3592
f 1426//3593 2569//3593 1420//3593
f 1420//3594 2569//3594 2552//3594
f 1420//3595 2552//3595 1391//3595
f 1391//3596 2552//3596 1392//3596
f 1446//3597 1447//3597 2553//3597
f 2553//3598 1447//3598 1478//3598
f 2553//3599 1478//3599 2570//3599
f 2570//3600 1478//3600 1479//3600
f 2570//3601 1479//3601 1481//3601
f 1481//3602 1482//3602 2570//3602
f 2570//3603 1482//3603 1463//3603
f 2570//3604 1463//3604 2571//3604
f 1463//3605 1462//3605 2571//3605
f 2571//3606 1462//3606 1483//3606
f 2571//3607 1483//3607 2572//3607
f 1483//3608 1489//3608 2572//3608
f 2572//3609 1489//3609 1492//3609
f 2572//3610 1492//3610 2573//3610
f 1492//3611 1491//3611 2573//3611
f 2573//3612 1491//3612 1500//3612
f 2573//3613 1500//3613 2574//3613
f 1500//3614 1505//3614 2574//3614
f 2574//3615 1505//3615 1503//3615
f 2574//3616 1503//3616 1502//3616
f 1502//3617 1509//3617 2574//3617
f 2574//3618 1509//3618 1508//3618
f 2574//3619 1508//3619 2575//3619
f 2575//3620 1508//3620 1530//3620
f 2575//3621 1530//3621 2576//3621
f 2576//3622 1530//3622 1532//3622
f 2576//3623 1532//3623 2577//3623
f 2577//3624 1532//3624 1534//3624
f 2577//3625 1534//3625 2578//3625
f 2578//3626 1534//3626 1536//3626
f 2578//3627 1536//3627 2579//3627
f 2579//3628 1536//3628 1537//3628
f 2579//3629 1537//3629 2580//3629
f 2580//3630 1537//3630 1518//3630
f 2580//3631 1518//3631 2581//3631
f 1548//3632 1550//3632 2582//3632
f 1518//3633 1517//3633 2581//3633
f 2581//3634 1517//3634 1538//3634
f 2581//3635 1538//3635 2582//3635
f 2582//3636 1538//3636 1549//3636
f 2582//3637 1549//3637 1548//3637
f 364//3638 471//3638 365//3638
f 365//3638 471//3638 470//3638
f 365//3639 470//3639 1551//3639
f 1551//3640 470//3640 1561//3640
f 1564//3641 2583//3641 1560//3641
f 1560//3642 2583//3642 2582//3642
f 1560//3643 2582//3643 1561//3643
f 1561//3644 2582//3644 1550//3644
f 1561//3645 1550//3645 1551//3645
f 1564//3646 1567//3646 2583//3646
f 2583//3647 1567//3647 1566//3647
f 2583//3648 1566//3648 2584//3648
f 1566//3649 1565//3649 2584//3649
f 2584//3650 1565//3650 1597//3650
f 2584//3651 1597//3651 2585//3651
f 2585//3652 1597//3652 1595//3652
f 2585//3653 1595//3653 2586//3653
f 2586//3654 1595//3654 1593//3654
f 2586//3655 1593//3655 2587//3655
f 2587//3656 1593//3656 1591//3656
f 2587//3657 1591//3657 2588//3657
f 2588//3658 1591//3658 1590//3658
f 2588//3659 1590//3659 2589//3659
f 2589//3660 1590//3660 1598//3660
f 2589//3661 1598//3661 2590//3661
f 2590//3662 1598//3662 1599//3662
f 2590//3663 1599//3663 2591//3663
f 2591//3664 1599//3664 1600//3664
f 2591//3665 1600//3665 2592//3665
f 1600//3666 1620//3666 2592//3666
f 2592//3667 1620//3667 1621//3667
f 2592//3668 1621//3668 1623//3668
f 1623//3669 1624//3669 2592//3669
f 2592//3670 1624//3670 1605//3670
f 2592//3671 1605//3671 2593//3671
f 1627//3672 1626//3672 2120//3672
f 1605//3673 1604//3673 2593//3673
f 2593//3674 1604//3674 1627//3674
f 2593//3675 1627//3675 2594//3675
f 2594//3676 1627//3676 2120//3676
f 1770//3677 1888//3677 2595//3677
f 2595//3678 2596//3678 1770//3678
f 1770//3679 2596//3679 2597//3679
f 1770//3680 2597//3680 1771//3680
f 2598//3681 1767//3681 2599//3681
f 2599//3682 1767//3682 2600//3682
f 2601//3683 1768//3683 2602//3683
f 2602//3684 1768//3684 1767//3684
f 2602//3685 1767//3685 2603//3685
f 2603//3686 1767//3686 2598//3686
f 2600//3687 1767//3687 2604//3687
f 2604//3688 1767//3688 1836//3688
f 2604//3689 1836//3689 2605//3689
f 2597//3690 2606//3690 1771//3690
f 1771//3691 2606//3691 2607//3691
f 1771//3692 2607//3692 2608//3692
f 2608//3693 2609//3693 1771//3693
f 1771//3694 2609//3694 2610//3694
f 1771//3695 2610//3695 1836//3695
f 1836//3696 2610//3696 2611//3696
f 1836//3697 2611//3697 2605//3697
f 2612//3698 2613//3698 2614//3698
f 2615//3699 2616//3699 2617//3699
f 2615//3700 2617//3700 2618//3700
f 2614//3701 2613//3701 2617//3701
f 2617//3702 2613//3702 2619//3702
f 2617//3703 2619//3703 2618//3703
f 2596//3704 2595//3704 2620//3704
f 2620//3705 2595//3705 1888//3705
f 2621//3706 2620//3706 2622//3706
f 2622//3707 2620//3707 2623//3707
f 2623//3708 2620//3708 1888//3708
f 2622//3709 2624//3709 2621//3709
f 2621//3710 2624//3710 2625//3710
f 2621//3711 2625//3711 2626//3711
f 2626//3712 2625//3712 2627//3712
f 2626//3713 2627//3713 2628//3713
f 2628//3714 2627//3714 2612//3714
f 2628//3715 2612//3715 2629//3715
f 2629//3716 2612//3716 2614//3716
f 2630//3717 1768//3717 2631//3717
f 2631//3718 1768//3718 2601//3718
f 1768//3719 2630//3719 1819//3719
f 1819//3720 2630//3720 2632//3720
f 1819//3721 2632//3721 1820//3721
f 1809//3722 2633//3722 1796//3722
f 1796//3723 2633//3723 1901//3723
f 1796//3724 1901//3724 1798//3724
f 2634//3725 2635//3725 1808//3725
f 1808//3726 2635//3726 2636//3726
f 1808//3727 2636//3727 1809//3727
f 1809//3728 2636//3728 2637//3728
f 1809//3729 2637//3729 2633//3729
f 2634//3730 1808//3730 2638//3730
f 2638//3731 1808//3731 1806//3731
f 2638//3732 1806//3732 2639//3732
f 1804//3733 2640//3733 1806//3733
f 1806//3734 2640//3734 2641//3734
f 1806//3735 2641//3735 2639//3735
f 1802//3736 2642//3736 2643//3736
f 2643//3737 2644//3737 1802//3737
f 1802//3738 2644//3738 2645//3738
f 1802//3739 2645//3739 1804//3739
f 1804//3740 2645//3740 2646//3740
f 1804//3741 2646//3741 2640//3741
f 1800//3742 2647//3742 2648//3742
f 1800//3743 2649//3743 2650//3743
f 1800//3744 2648//3744 2649//3744
f 2649//3745 2648//3745 2651//3745
f 2649//3746 2651//3746 2650//3746
f 2650//3747 2652//3747 1800//3747
f 1800//3748 2652//3748 2653//3748
f 1800//3749 2653//3749 1802//3749
f 1802//3750 2653//3750 2654//3750
f 1802//3751 2654//3751 2642//3751
f 2647//3752 1800//3752 2655//3752
f 2655//3753 1800//3753 1799//3753
f 2655//3754 1799//3754 2656//3754
f 2656//3755 1799//3755 1810//3755
f 2656//3756 1810//3756 2657//3756
f 1810//3757 1812//3757 2658//3757
f 2658//3758 2659//3758 1810//3758
f 1810//3759 2659//3759 2660//3759
f 1810//3760 2660//3760 2661//3760
f 2662//3761 2657//3761 2663//3761
f 2663//3762 2657//3762 1810//3762
f 2663//3763 1810//3763 2664//3763
f 2664//3764 1810//3764 2661//3764
f 2664//3765 2661//3765 2665//3765
f 1814//3766 2666//3766 2667//3766
f 2667//3767 2668//3767 1814//3767
f 1814//3768 2668//3768 2669//3768
f 1814//3769 2669//3769 1812//3769
f 1812//3770 2669//3770 2670//3770
f 1812//3771 2670//3771 2658//3771
f 2671//3772 2672//3772 1816//3772
f 1816//3773 2672//3773 2673//3773
f 1816//3774 2673//3774 1814//3774
f 1814//3775 2673//3775 2674//3775
f 1814//3776 2674//3776 2666//3776
f 2632//3777 2675//3777 1820//3777
f 1820//3778 2675//3778 2676//3778
f 1820//3779 2676//3779 1822//3779
f 2676//3780 2677//3780 1822//3780
f 1822//3781 2677//3781 2678//3781
f 1822//3782 2678//3782 1823//3782
f 1823//3783 2678//3783 2679//3783
f 1823//3784 2679//3784 2680//3784
f 2680//3785 2681//3785 1823//3785
f 1823//3786 2681//3786 2682//3786
f 1823//3787 2682//3787 1818//3787
f 1818//3788 2682//3788 2683//3788
f 1818//3789 2683//3789 1816//3789
f 1816//3790 2683//3790 2684//3790
f 1816//3791 2684//3791 2671//3791
f 1869//3792 2685//3792 2686//3792
f 1869//3793 2686//3793 1868//3793
f 1868//3794 2686//3794 2687//3794
f 1868//3795 2687//3795 1867//3795
f 1867//3796 2687//3796 2688//3796
f 1867//3797 2688//3797 1862//3797
f 1862//3798 2688//3798 2689//3798
f 1862//3799 2689//3799 1866//3799
f 2689//3800 2690//3800 1866//3800
f 1866//3801 2690//3801 2691//3801
f 1866//3802 2691//3802 1863//3802
f 1863//3803 2691//3803 2692//3803
f 1863//3804 2692//3804 1864//3804
f 1864//3805 2692//3805 2693//3805
f 1864//3806 2693//3806 2694//3806
f 1849//3807 2695//3807 1847//3807
f 1847//3808 2695//3808 2696//3808
f 1847//3809 2696//3809 1845//3809
f 1849//3810 1857//3810 2695//3810
f 2695//3811 1857//3811 1856//3811
f 2695//3812 1856//3812 2697//3812
f 2697//3813 1856//3813 1855//3813
f 2697//3814 1855//3814 2698//3814
f 2698//3815 1855//3815 1853//3815
f 2698//3816 1853//3816 2699//3816
f 2699//3817 1853//3817 1852//3817
f 2699//3818 1852//3818 2700//3818
f 2700//3819 1852//3819 1860//3819
f 2700//3820 1860//3820 2694//3820
f 2694//3821 1860//3821 1865//3821
f 2694//3822 1865//3822 1864//3822
f 2696//3823 2701//3823 1845//3823
f 1845//3824 2701//3824 2702//3824
f 1845//3825 2702//3825 1843//3825
f 1843//3826 2702//3826 2703//3826
f 1843//3827 2703//3827 1842//3827
f 1842//3828 2703//3828 2704//3828
f 1842//3829 2704//3829 1837//3829
f 1837//3830 2704//3830 2705//3830
f 1837//3831 2705//3831 1838//3831
f 2537//3832 2706//3832 2539//3832
f 2539//3833 2706//3833 2707//3833
f 2539//3834 2707//3834 2538//3834
f 2538//3835 2707//3835 2708//3835
f 2538//3836 2708//3836 1869//3836
f 1869//3837 2708//3837 2709//3837
f 1869//3838 2709//3838 2685//3838
f 2710//3839 2711//3839 2712//3839
f 665//3840 1887//3840 1877//3840
f 1877//3841 1887//3841 1878//3841
f 1872//3842 1881//3842 2713//3842
f 2713//3843 1881//3843 1880//3843
f 1887//3844 2714//3844 1878//3844
f 1878//3845 2714//3845 2715//3845
f 1878//3846 2715//3846 1880//3846
f 1880//3847 2715//3847 2716//3847
f 1880//3848 2716//3848 2713//3848
f 2624//3849 2622//3849 2713//3849
f 2622//3850 2623//3850 1875//3850
f 2622//3851 1875//3851 2713//3851
f 2713//3852 1875//3852 1873//3852
f 2713//3853 1873//3853 1872//3853
f 1888//3854 643//3854 2623//3854
f 2623//3855 643//3855 1876//3855
f 2623//3856 1876//3856 1875//3856
f 2710//3857 2712//3857 2717//3857
f 2711//3858 2618//3858 2712//3858
f 2712//3859 2618//3859 2619//3859
f 2712//3860 2619//3860 2613//3860
f 2613//3698 2612//3698 2712//3698
f 2712//3861 2612//3861 2627//3861
f 2712//3862 2627//3862 2713//3862
f 2713//3863 2627//3863 2625//3863
f 2713//3864 2625//3864 2624//3864
f 2718//3865 2717//3865 2719//3865
f 2719//3866 2717//3866 2712//3866
f 2719//3867 2712//3867 2720//3867
f 2720//3868 2712//3868 2721//3868
f 2716//3869 2722//3869 2713//3869
f 2713//3870 2722//3870 2723//3870
f 2713//3871 2723//3871 2712//3871
f 2712//3872 2723//3872 2724//3872
f 2712//3873 2724//3873 2721//3873
f 2721//3874 2724//3874 2725//3874
f 2726//3875 2727//3875 2728//3875
f 2720//3876 2729//3876 2719//3876
f 2719//3877 2729//3877 2730//3877
f 2719//3878 2730//3878 2718//3878
f 2731//3879 2732//3879 2733//3879
f 2733//3880 2732//3880 2734//3880
f 2733//3881 2734//3881 2735//3881
f 2735//3882 2734//3882 2736//3882
f 2735//3883 2736//3883 2737//3883
f 2738//3884 1894//3884 1890//3884
f 1895//3885 2739//3885 1896//3885
f 1896//3886 2739//3886 2740//3886
f 1896//3887 2740//3887 1897//3887
f 2741//3888 1899//3888 1898//3888
f 1891//3889 1892//3889 2742//3889
f 2742//3890 1892//3890 1893//3890
f 2743//3891 2727//3891 2744//3891
f 2744//3892 2727//3892 2726//3892
f 2744//3893 2726//3893 2745//3893
f 2746//3894 2738//3894 1890//3894
f 2746//3895 1890//3895 1889//3895
f 2746//3896 2745//3896 2738//3896
f 2738//3897 2745//3897 2726//3897
f 2738//3898 2726//3898 2747//3898
f 2747//3899 2726//3899 2728//3899
f 2747//3900 2728//3900 2748//3900
f 2725//3901 2749//3901 2750//3901
f 2750//3902 2749//3902 2751//3902
f 2750//3903 2751//3903 2740//3903
f 1887//3904 1891//3904 2714//3904
f 2714//3905 1891//3905 2742//3905
f 2714//3906 2742//3906 2715//3906
f 2715//3907 2742//3907 2716//3907
f 2722//3908 2716//3908 2752//3908
f 2752//3909 2716//3909 2742//3909
f 2752//3910 2742//3910 2741//3910
f 2741//3911 2742//3911 1893//3911
f 2741//3912 1893//3912 1899//3912
f 2724//3913 2723//3913 2725//3913
f 2725//3914 2723//3914 2722//3914
f 2725//3915 2722//3915 2749//3915
f 2749//3916 2722//3916 2752//3916
f 2749//3917 2752//3917 2751//3917
f 2751//3918 2752//3918 2741//3918
f 2751//3919 2741//3919 2740//3919
f 2740//3920 2741//3920 1898//3920
f 2740//3921 1898//3921 1897//3921
f 2753//3922 2754//3922 2733//3922
f 2733//3923 2754//3923 2755//3923
f 2756//3924 2731//3924 2757//3924
f 2757//3925 2731//3925 2733//3925
f 2757//3926 2733//3926 2755//3926
f 2720//3927 2721//3927 2729//3927
f 2729//3928 2721//3928 2725//3928
f 2729//3929 2725//3929 2758//3929
f 2758//3930 2725//3930 2750//3930
f 2758//3931 2750//3931 2748//3931
f 2748//3932 2750//3932 2740//3932
f 2748//3933 2740//3933 2747//3933
f 2747//3934 2740//3934 2739//3934
f 2747//3935 2739//3935 2738//3935
f 2738//3936 2739//3936 1895//3936
f 2738//3937 1895//3937 1894//3937
f 2727//3938 2743//3938 2754//3938
f 2727//3939 2754//3939 2728//3939
f 2728//3940 2754//3940 2753//3940
f 2728//3941 2753//3941 2748//3941
f 2748//3942 2753//3942 2733//3942
f 2748//3943 2733//3943 2758//3943
f 2758//3944 2733//3944 2735//3944
f 2758//3945 2735//3945 2729//3945
f 2729//3946 2735//3946 2737//3946
f 2729//3947 2737//3947 2730//3947
f 2745//3948 2746//3948 2759//3948
f 1901//3949 2760//3949 1900//3949
f 1900//3950 2760//3950 1889//3950
f 2759//3951 2746//3951 2760//3951
f 2760//3952 2746//3952 1889//3952
f 2761//3953 2756//3953 2762//3953
f 2762//3954 2756//3954 2757//3954
f 2762//3955 2757//3955 2763//3955
f 2763//3956 2757//3956 2764//3956
f 2764//3957 2757//3957 2755//3957
f 2745//3958 2759//3958 2744//3958
f 2744//3959 2759//3959 2765//3959
f 2744//3960 2765//3960 2743//3960
f 2755//3961 2754//3961 2764//3961
f 2764//3962 2754//3962 2743//3962
f 2764//3963 2743//3963 2766//3963
f 2766//3964 2743//3964 2767//3964
f 2767//3965 2743//3965 2765//3965
f 2768//3966 2769//3966 2770//3966
f 2771//3967 2772//3967 2773//3967
f 2633//3968 2637//3968 2774//3968
f 2653//3969 2652//3969 2775//3969
f 2667//3970 2776//3970 2668//3970
f 2668//3971 2776//3971 2777//3971
f 2659//3972 2658//3972 2778//3972
f 2778//3973 2658//3973 2670//3973
f 2778//3974 2670//3974 2773//3974
f 2773//3975 2670//3975 2669//3975
f 2773//3976 2669//3976 2668//3976
f 2659//3977 2778//3977 2660//3977
f 2660//3978 2778//3978 2779//3978
f 2660//3979 2779//3979 2661//3979
f 2661//3980 2779//3980 2665//3980
f 2665//3981 2779//3981 2780//3981
f 2665//3982 2780//3982 2664//3982
f 2664//3983 2780//3983 2781//3983
f 2664//3984 2781//3984 2663//3984
f 2663//3985 2781//3985 2662//3985
f 2662//3986 2781//3986 2782//3986
f 2662//3987 2782//3987 2657//3987
f 2657//3988 2782//3988 2783//3988
f 2657//3989 2783//3989 2656//3989
f 2784//3990 2648//3990 2785//3990
f 2785//3991 2648//3991 2647//3991
f 2785//3992 2647//3992 2783//3992
f 2783//3993 2647//3993 2655//3993
f 2783//3994 2655//3994 2656//3994
f 2652//3995 2650//3995 2784//3995
f 2784//3996 2650//3996 2651//3996
f 2784//3997 2651//3997 2648//3997
f 2653//3998 2775//3998 2654//3998
f 2645//3999 2644//3999 2786//3999
f 2786//4000 2644//4000 2643//4000
f 2645//4001 2786//4001 2646//4001
f 2646//4002 2786//4002 2787//4002
f 2646//4003 2787//4003 2640//4003
f 2634//4004 2638//4004 2788//4004
f 2788//4005 2638//4005 2639//4005
f 2788//4006 2639//4006 2787//4006
f 2787//4007 2639//4007 2641//4007
f 2787//4007 2641//4007 2640//4007
f 2637//4008 2636//4008 2774//4008
f 2774//4009 2636//4009 2635//4009
f 2774//4010 2635//4010 2789//4010
f 2790//4011 2791//4011 2792//4011
f 2793//4012 2794//4012 2790//4012
f 2790//4013 2794//4013 2795//4013
f 2790//4014 2795//4014 2791//4014
f 2796//4015 2797//4015 2798//4015
f 2798//4016 2797//4016 2799//4016
f 2798//4017 2799//4017 2793//4017
f 2793//4018 2799//4018 2800//4018
f 2793//4019 2800//4019 2794//4019
f 2796//4020 2798//4020 2801//4020
f 2801//4021 2798//4021 2802//4021
f 2801//4022 2802//4022 2803//4022
f 2804//4023 2805//4023 2802//4023
f 2802//4024 2805//4024 2806//4024
f 2802//4025 2806//4025 2803//4025
f 2775//4026 2807//4026 2808//4026
f 2808//4027 2809//4027 2775//4027
f 2775//4028 2809//4028 2769//4028
f 2775//4029 2769//4029 2654//4029
f 2654//4030 2769//4030 2768//4030
f 2654//4031 2768//4031 2642//4031
f 2652//4032 2784//4032 2775//4032
f 2775//4033 2784//4033 2810//4033
f 2775//4034 2810//4034 2807//4034
f 2811//4035 2812//4035 2785//4035
f 2785//4036 2812//4036 2813//4036
f 2785//4037 2813//4037 2784//4037
f 2784//4038 2813//4038 2814//4038
f 2784//4039 2814//4039 2810//4039
f 2811//4040 2785//4040 2815//4040
f 2815//4041 2785//4041 2783//4041
f 2815//4042 2783//4042 2816//4042
f 2816//4043 2783//4043 2817//4043
f 2817//4044 2783//4044 2782//4044
f 2817//4045 2782//4045 2818//4045
f 2818//4046 2782//4046 2819//4046
f 2819//4047 2782//4047 2781//4047
f 2819//4048 2781//4048 2820//4048
f 2820//4049 2781//4049 2821//4049
f 2821//4050 2781//4050 2780//4050
f 2821//4051 2780//4051 2822//4051
f 2822//4052 2780//4052 2823//4052
f 2823//4053 2780//4053 2779//4053
f 2823//4054 2779//4054 2824//4054
f 2824//4055 2779//4055 2778//4055
f 2824//4056 2778//4056 2825//4056
f 2773//4057 2772//4057 2778//4057
f 2778//4058 2772//4058 2826//4058
f 2778//4059 2826//4059 2825//4059
f 2777//4060 2827//4060 2668//4060
f 2668//4061 2827//4061 2828//4061
f 2668//4062 2828//4062 2773//4062
f 2773//4063 2828//4063 2829//4063
f 2773//4064 2829//4064 2771//4064
f 2763//4065 2790//4065 2762//4065
f 2762//4066 2790//4066 2792//4066
f 2762//4067 2792//4067 2761//4067
f 2809//4068 2830//4068 2769//4068
f 2769//4069 2830//4069 2804//4069
f 2769//4070 2804//4070 2770//4070
f 2770//4071 2804//4071 2802//4071
f 2770//4072 2802//4072 2831//4072
f 2831//4073 2802//4073 2798//4073
f 2831//4074 2798//4074 2832//4074
f 2832//4075 2798//4075 2793//4075
f 2832//4076 2793//4076 2833//4076
f 2833//4077 2793//4077 2790//4077
f 2833//4078 2790//4078 2764//4078
f 2764//4079 2790//4079 2763//4079
f 1901//4080 2633//4080 2760//4080
f 2760//4081 2633//4081 2774//4081
f 2760//4082 2774//4082 2759//4082
f 2759//4083 2774//4083 2789//4083
f 2759//4084 2789//4084 2765//4084
f 2765//4085 2789//4085 2767//4085
f 2766//4086 2767//4086 2834//4086
f 2834//4087 2767//4087 2789//4087
f 2834//4088 2789//4088 2788//4088
f 2788//4089 2789//4089 2635//4089
f 2788//4090 2635//4090 2634//4090
f 2764//4091 2766//4091 2833//4091
f 2833//4092 2766//4092 2834//4092
f 2833//4093 2834//4093 2832//4093
f 2832//4094 2834//4094 2788//4094
f 2832//4095 2788//4095 2831//4095
f 2831//4096 2788//4096 2787//4096
f 2831//4097 2787//4097 2770//4097
f 2770//4098 2787//4098 2786//4098
f 2770//4099 2786//4099 2768//4099
f 2768//4100 2786//4100 2643//4100
f 2768//4101 2643//4101 2642//4101
f 2835//4102 2836//4102 2837//4102
f 2838//4103 2839//4103 2840//4103
f 2841//4104 2842//4104 2843//4104
f 2844//4105 2845//4105 2846//4105
f 2846//4106 2847//4106 2844//4106
f 2844//4107 2847//4107 2848//4107
f 2844//4108 2848//4108 2849//4108
f 2849//4109 2850//4109 2844//4109
f 2844//4110 2850//4110 2851//4110
f 2844//4111 2851//4111 2852//4111
f 2853//4112 2854//4112 2855//4112
f 2853//4113 2855//4113 2856//4113
f 2856//4114 2855//4114 2857//4114
f 2856//4115 2857//4115 2844//4115
f 2858//4116 2859//4116 2853//4116
f 2853//4117 2859//4117 2860//4117
f 2853//4118 2860//4118 2854//4118
f 2841//4119 2861//4119 2842//4119
f 2842//4120 2861//4120 2862//4120
f 2842//4121 2862//4121 2863//4121
f 2863//4122 2862//4122 2864//4122
f 2863//4123 2864//4123 2858//4123
f 2858//4124 2864//4124 2865//4124
f 2858//4125 2865//4125 2859//4125
f 2866//4126 2867//4126 2843//4126
f 2843//4127 2867//4127 2868//4127
f 2843//4128 2868//4128 2841//4128
f 2840//4129 2839//4129 2843//4129
f 2843//4130 2839//4130 2869//4130
f 2843//4131 2869//4131 2866//4131
f 2838//4132 2840//4132 2870//4132
f 2870//4133 2840//4133 2871//4133
f 2870//4134 2871//4134 2872//4134
f 2873//4135 2874//4135 2871//4135
f 2871//4136 2874//4136 2875//4136
f 2871//4137 2875//4137 2872//4137
f 2876//4138 2877//4138 2871//4138
f 2871//4139 2877//4139 2878//4139
f 2871//4140 2878//4140 2873//4140
f 2879//4141 2880//4141 2881//4141
f 2881//4142 2880//4142 2882//4142
f 2883//4143 2884//4143 2885//4143
f 2885//4144 2884//4144 2886//4144
f 2885//4145 2886//4145 2879//4145
f 2879//4146 2886//4146 2887//4146
f 2879//4147 2887//4147 2880//4147
f 2883//4148 2885//4148 2888//4148
f 2888//4149 2885//4149 2889//4149
f 2888//4150 2889//4150 2890//4150
f 2890//4151 2889//4151 2891//4151
f 2891//4152 2889//4152 2892//4152
f 2891//4153 2892//4153 2893//4153
f 2893//4154 2892//4154 2894//4154
f 2893//4155 2894//4155 2895//4155
f 2835//4156 2837//4156 2894//4156
f 2894//4157 2837//4157 2896//4157
f 2894//4158 2896//4158 2895//4158
f 2897//4159 2898//4159 2899//4159
f 2899//4160 2898//4160 2900//4160
f 2899//4161 2900//4161 2901//4161
f 2901//4162 2900//4162 2902//4162
f 2852//4163 2903//4163 2844//4163
f 2844//4164 2903//4164 2904//4164
f 2844//4165 2904//4165 2856//4165
f 2856//4166 2904//4166 2905//4166
f 2856//4167 2905//4167 2853//4167
f 2853//4168 2905//4168 2906//4168
f 2907//4169 2876//4169 2908//4169
f 2908//4170 2876//4170 2871//4170
f 2908//4171 2871//4171 2909//4171
f 2909//4172 2871//4172 2840//4172
f 2909//4173 2840//4173 2910//4173
f 2910//4174 2840//4174 2843//4174
f 2910//4175 2843//4175 2911//4175
f 2911//4176 2843//4176 2842//4176
f 2911//4177 2842//4177 2912//4177
f 2912//4178 2842//4178 2863//4178
f 2912//4179 2863//4179 2901//4179
f 2901//4180 2863//4180 2858//4180
f 2901//4181 2858//4181 2899//4181
f 2899//4182 2858//4182 2853//4182
f 2899//4183 2853//4183 2897//4183
f 2897//4184 2853//4184 2906//4184
f 2881//4185 2907//4185 2879//4185
f 2879//4186 2907//4186 2908//4186
f 2879//4187 2908//4187 2885//4187
f 2885//4188 2908//4188 2909//4188
f 2885//4189 2909//4189 2889//4189
f 2889//4190 2909//4190 2910//4190
f 2889//4191 2910//4191 2892//4191
f 2892//4192 2910//4192 2911//4192
f 2892//4193 2911//4193 2894//4193
f 2894//4194 2911//4194 2912//4194
f 2894//4195 2912//4195 2835//4195
f 2835//4196 2912//4196 2901//4196
f 2835//4197 2901//4197 2836//4197
f 2836//4198 2901//4198 2902//4198
f 2913//4199 2914//4199 2915//4199
f 2916//4200 2917//4200 2918//4200
f 2919//4201 2920//4201 2921//4201
f 1905//4202 1904//4202 2922//4202
f 2922//4203 1904//4203 1909//4203
f 2922//4204 1909//4204 2923//4204
f 2924//4205 2925//4205 1905//4205
f 2926//4206 2927//4206 2928//4206
f 2928//4207 2927//4207 2924//4207
f 2929//4208 2084//4208 2925//4208
f 2925//4209 2084//4209 1906//4209
f 2925//4210 1906//4210 1905//4210
f 2930//4211 2931//4211 2926//4211
f 2926//4212 2931//4212 2932//4212
f 2926//4213 2932//4213 2927//4213
f 2933//4214 2934//4214 2935//4214
f 2935//4215 2936//4215 2933//4215
f 2933//4216 2936//4216 2937//4216
f 2933//4217 2937//4217 2921//4217
f 2921//4218 2937//4218 2938//4218
f 2921//4219 2938//4219 2919//4219
f 2939//4220 2940//4220 2941//4220
f 2941//4221 2940//4221 2942//4221
f 2941//4222 2942//4222 2921//4222
f 2921//4223 2942//4223 2943//4223
f 2921//4224 2943//4224 2933//4224
f 2944//4225 2945//4225 2928//4225
f 2924//4226 1905//4226 2928//4226
f 2928//4227 1905//4227 2922//4227
f 2928//4228 2922//4228 2944//4228
f 2944//4229 2922//4229 2923//4229
f 2944//4230 2923//4230 2946//4230
f 2947//4231 2948//4231 2923//4231
f 2923//4232 2948//4232 2949//4232
f 2949//4233 2950//4233 2923//4233
f 2923//4234 2950//4234 2951//4234
f 2923//4235 2951//4235 2946//4235
f 2952//4236 2953//4236 2954//4236
f 2953//4237 2955//4237 2954//4237
f 2954//4238 2955//4238 2956//4238
f 2954//4239 2956//4239 2947//4239
f 2947//4240 2956//4240 2957//4240
f 2947//4241 2957//4241 2948//4241
f 1920//4242 2958//4242 1910//4242
f 1910//4243 2958//4243 2959//4243
f 1910//4244 2959//4244 1911//4244
f 1918//4245 2960//4245 1919//4245
f 1919//4246 2960//4246 2961//4246
f 1919//4247 2961//4247 1920//4247
f 1920//4248 2961//4248 2962//4248
f 1920//4249 2962//4249 2958//4249
f 2918//4250 2917//4250 2963//4250
f 2963//4251 2917//4251 2964//4251
f 2963//4252 2964//4252 2965//4252
f 2966//4253 2967//4253 2964//4253
f 2964//4254 2967//4254 2968//4254
f 2964//4255 2968//4255 2965//4255
f 2914//4256 2969//4256 2915//4256
f 2915//4257 2969//4257 2970//4257
f 2915//4258 2970//4258 2966//4258
f 2966//4259 2970//4259 2971//4259
f 2966//4259 2971//4259 2967//4259
f 2972//4260 2973//4260 2974//4260
f 2974//4261 2973//4261 2975//4261
f 2974//4262 2975//4262 2976//4262
f 2977//4263 2978//4263 2979//4263
f 2979//4264 2978//4264 2980//4264
f 2979//4265 2980//4265 2981//4265
f 2981//4266 2980//4266 2891//4266
f 2891//4267 2893//4267 2981//4267
f 2981//4268 2893//4268 2895//4268
f 2981//4269 2895//4269 2896//4269
f 2883//4270 2888//4270 2980//4270
f 2980//4271 2888//4271 2890//4271
f 2980//4272 2890//4272 2891//4272
f 1903//4273 1902//4273 2887//4273
f 2887//4274 1902//4274 2880//4274
f 2880//4275 1902//4275 2102//4275
f 2880//4276 2102//4276 2882//4276
f 1912//4277 1903//4277 2975//4277
f 2975//4278 1903//4278 2887//4278
f 2975//4279 2887//4279 2982//4279
f 2982//4280 2887//4280 2886//4280
f 2982//4281 2886//4281 2884//4281
f 2973//4282 1915//4282 1914//4282
f 2973//4283 1914//4283 2975//4283
f 2975//4284 1914//4284 1913//4284
f 2975//4285 1913//4285 1912//4285
f 2972//4286 2913//4286 2973//4286
f 2973//4287 2913//4287 2915//4287
f 2973//4288 2915//4288 1915//4288
f 1915//4289 2915//4289 2966//4289
f 1915//4290 2966//4290 1916//4290
f 1916//4291 2966//4291 2964//4291
f 1916//4292 2964//4292 1917//4292
f 1917//4293 2964//4293 2917//4293
f 1917//4294 2917//4294 1918//4294
f 1918//4295 2917//4295 2916//4295
f 1918//4296 2916//4296 2960//4296
f 1909//4297 1908//4297 2923//4297
f 2923//4298 1908//4298 1907//4298
f 2923//4299 1907//4299 2947//4299
f 2947//4300 1907//4300 1911//4300
f 2947//4301 1911//4301 2954//4301
f 2954//4302 1911//4302 2959//4302
f 2954//4303 2959//4303 2952//4303
f 2952//4304 2959//4304 2958//4304
f 2945//4305 2939//4305 2928//4305
f 2928//4306 2939//4306 2941//4306
f 2928//4307 2941//4307 2926//4307
f 2926//4308 2941//4308 2921//4308
f 2926//4309 2921//4309 2930//4309
f 2930//4310 2921//4310 2920//4310
f 2977//4311 2976//4311 2978//4311
f 2978//4312 2976//4312 2975//4312
f 2978//4313 2975//4313 2980//4313
f 2980//4314 2975//4314 2982//4314
f 2980//4315 2982//4315 2883//4315
f 2883//4316 2982//4316 2884//4316
f 2983//4317 2984//4317 1955//4317
f 2984//4318 2985//4318 1955//4318
f 1955//4319 2985//4319 2986//4319
f 1955//4320 2986//4320 1957//4320
f 1954//4321 2987//4321 1955//4321
f 1955//4322 2987//4322 2988//4322
f 1955//4323 2988//4323 2983//4323
f 2989//4324 2990//4324 1965//4324
f 2990//4325 2991//4325 1965//4325
f 1965//4326 2991//4326 2992//4326
f 1965//4327 2992//4327 1954//4327
f 1954//4328 2992//4328 2993//4328
f 1954//4329 2993//4329 2987//4329
f 1967//4330 2994//4330 2995//4330
f 2995//4331 2996//4331 1967//4331
f 1967//4332 2996//4332 2997//4332
f 1967//4333 2997//4333 2998//4333
f 2998//4334 2999//4334 1967//4334
f 1967//4335 2999//4335 3000//4335
f 1967//4336 3000//4336 1965//4336
f 1965//4337 3000//4337 3001//4337
f 1965//4338 3001//4338 2989//4338
f 3002//4339 3003//4339 1967//4339
f 1967//4340 3003//4340 3004//4340
f 1967//4341 3004//4341 2994//4341
f 3005//4342 3006//4342 1969//4342
f 3006//4343 3007//4343 1969//4343
f 1969//4344 3007//4344 3008//4344
f 1969//4345 3008//4345 1967//4345
f 1967//4346 3008//4346 3009//4346
f 1967//4347 3009//4347 3002//4347
f 3010//4348 3011//4348 1971//4348
f 3010//4349 1971//4349 3012//4349
f 3012//4350 1971//4350 1973//4350
f 3012//4351 1973//4351 3013//4351
f 3011//4352 3014//4352 1971//4352
f 1971//4353 3014//4353 3015//4353
f 1971//4354 3015//4354 1969//4354
f 1969//4355 3015//4355 3016//4355
f 1969//4356 3016//4356 3005//4356
f 3013//4357 1973//4357 3017//4357
f 3017//4358 1973//4358 1978//4358
f 3017//4359 1978//4359 3018//4359
f 3018//4360 1978//4360 3019//4360
f 3019//4361 1978//4361 1977//4361
f 3019//4362 1977//4362 3020//4362
f 1923//4363 2023//4363 1974//4363
f 1974//4364 2023//4364 3021//4364
f 1974//4365 3021//4365 1975//4365
f 3021//4366 3022//4366 1975//4366
f 1975//4367 3022//4367 3023//4367
f 1975//4368 3023//4368 1977//4368
f 1977//4369 3023//4369 3024//4369
f 1977//4370 3024//4370 3020//4370
f 1964//4371 3025//4371 1951//4371
f 1951//4372 3025//4372 3026//4372
f 1951//4373 3026//4373 1953//4373
f 3027//4374 3028//4374 1961//4374
f 1961//4375 3028//4375 3029//4375
f 1961//4376 3029//4376 1963//4376
f 3029//4377 3030//4377 1963//4377
f 1963//4378 3030//4378 3031//4378
f 1963//4379 3031//4379 1964//4379
f 1964//4380 3031//4380 3032//4380
f 1964//4381 3032//4381 3025//4381
f 2986//4382 3033//4382 1957//4382
f 1957//4383 3033//4383 3034//4383
f 1957//4384 3034//4384 3035//4384
f 3035//4385 3036//4385 1957//4385
f 1957//4386 3036//4386 3037//4386
f 1957//4387 3037//4387 1959//4387
f 1959//4388 3037//4388 3038//4388
f 1959//4389 3038//4389 1961//4389
f 1961//4390 3038//4390 3039//4390
f 1961//4391 3039//4391 3027//4391
f 3040//4392 1953//4392 3041//4392
f 3041//4393 1953//4393 3026//4393
f 3042//4394 3043//4394 3044//4394
f 3042//4395 3044//4395 3045//4395
f 3045//4396 3044//4396 3046//4396
f 3045//4397 3046//4397 3047//4397
f 3048//4398 2010//4398 3049//4398
f 3050//4399 3048//4399 3051//4399
f 3051//4400 3048//4400 3049//4400
f 3051//4401 3049//4401 3052//4401
f 3052//4402 3049//4402 3053//4402
f 3054//4403 3055//4403 3056//4403
f 3057//4404 3054//4404 3058//4404
f 3058//4405 3054//4405 3056//4405
f 3058//4406 3056//4406 3043//4406
f 3043//4407 3056//4407 3059//4407
f 3043//4408 3059//4408 3044//4408
f 3046//4409 3060//4409 3047//4409
f 3047//4410 3060//4410 3061//4410
f 3047//4411 3061//4411 3062//4411
f 3062//4412 3061//4412 3050//4412
f 3062//4413 3050//4413 3063//4413
f 3063//4414 3050//4414 3051//4414
f 1953//4415 3040//4415 1952//4415
f 1952//4416 3040//4416 3064//4416
f 1952//4417 3064//4417 3065//4417
f 3066//4418 1949//4418 3067//4418
f 3067//4419 1949//4419 1948//4419
f 3067//4420 1948//4420 3068//4420
f 3066//4421 3053//4421 1949//4421
f 1949//4422 3053//4422 3049//4422
f 1949//4423 3049//4423 2010//4423
f 3065//4424 3069//4424 1952//4424
f 1952//4425 3069//4425 3070//4425
f 1952//4426 3070//4426 1979//4426
f 1979//4427 3070//4427 3071//4427
f 1979//4428 3071//4428 3072//4428
f 3072//4429 3073//4429 1979//4429
f 1979//4430 3073//4430 3074//4430
f 1979//4431 3074//4431 1948//4431
f 1948//4432 3074//4432 3075//4432
f 1948//4433 3075//4433 3068//4433
f 3076//4434 3077//4434 2592//4434
f 2592//4435 2593//4435 3076//4435
f 3076//4436 2593//4436 2594//4436
f 3076//4437 2594//4437 3078//4437
f 3078//4438 2594//4438 2120//4438
f 3078//4439 2120//4439 3079//4439
f 3080//4440 3081//4440 3082//4440
f 1999//4441 755//4441 2010//4441
f 1995//4442 1994//4442 3083//4442
f 3083//4443 1994//4443 2003//4443
f 3083//4444 2003//4444 2002//4444
f 1999//4445 2010//4445 2000//4445
f 2000//4398 2010//4398 3048//4398
f 2000//4446 3048//4446 2002//4446
f 2002//4447 3048//4447 3050//4447
f 2002//4448 3050//4448 3083//4448
f 3083//4449 3084//4449 1995//4449
f 1995//4450 3084//4450 3085//4450
f 1995//4451 3085//4451 1997//4451
f 1997//4452 3085//4452 3086//4452
f 2009//4453 733//4453 3086//4453
f 3086//4454 733//4454 1998//4454
f 3086//4455 1998//4455 1997//4455
f 3087//4456 3088//4456 3089//4456
f 3090//4457 3091//4457 3083//4457
f 3083//4458 3091//4458 3092//4458
f 3083//4459 3092//4459 3084//4459
f 3089//4460 3080//4460 3087//4460
f 3087//4461 3080//4461 3082//4461
f 3087//4462 3082//4462 3083//4462
f 3083//4463 3082//4463 3093//4463
f 3083//4464 3093//4464 3090//4464
f 3055//4465 3088//4465 3056//4465
f 3056//4466 3088//4466 3087//4466
f 3056//4467 3087//4467 3059//4467
f 3059//4468 3087//4468 3044//4468
f 3050//4469 3061//4469 3083//4469
f 3083//4470 3061//4470 3060//4470
f 3083//4471 3060//4471 3087//4471
f 3087//4472 3060//4472 3046//4472
f 3087//4473 3046//4473 3044//4473
f 3094//4474 3095//4474 3096//4474
f 3097//4475 3098//4475 3099//4475
f 3094//4476 3100//4476 3101//4476
f 2014//4477 2015//4477 3102//4477
f 2012//4478 2009//4478 3086//4478
f 2018//4479 2017//4479 3103//4479
f 3103//4480 2017//4480 2011//4480
f 2018//4481 3103//4481 2019//4481
f 2019//4482 3103//4482 3104//4482
f 2019//4483 3104//4483 2020//4483
f 2016//4484 2022//4484 3105//4484
f 2014//4485 3102//4485 2013//4485
f 3106//4486 3107//4486 3108//4486
f 3108//4487 3109//4487 3106//4487
f 3106//4488 3109//4488 3110//4488
f 3106//4489 3110//4489 3094//4489
f 3094//4490 3110//4490 3111//4490
f 3094//4491 3111//4491 3095//4491
f 3094//4492 3101//4492 3106//4492
f 3106//4493 3101//4493 3112//4493
f 3106//4494 3112//4494 3107//4494
f 3092//4495 3091//4495 3113//4495
f 3113//4496 3091//4496 3114//4496
f 3113//4497 3114//4497 3115//4497
f 3115//4498 3114//4498 3116//4498
f 3099//4499 3098//4499 3102//4499
f 3102//4500 3098//4500 3117//4500
f 3102//4501 3117//4501 2013//4501
f 3100//4502 3094//4502 3118//4502
f 3118//4503 3094//4503 3096//4503
f 3118//4504 3096//4504 3099//4504
f 3099//4505 3096//4505 3119//4505
f 3099//4506 3119//4506 3097//4506
f 3120//4507 3118//4507 3121//4507
f 3121//4508 3118//4508 3099//4508
f 3121//4509 3099//4509 3105//4509
f 3105//4510 3099//4510 3102//4510
f 3105//4511 3102//4511 2016//4511
f 2016//4512 3102//4512 2015//4512
f 3091//4513 3090//4513 3114//4513
f 3114//4514 3090//4514 3093//4514
f 3114//4515 3093//4515 3082//4515
f 3122//4516 3123//4516 3124//4516
f 3124//4517 3123//4517 3116//4517
f 3124//4518 3116//4518 3125//4518
f 3125//4519 3116//4519 3114//4519
f 3125//4520 3114//4520 3126//4520
f 3126//4521 3114//4521 3082//4521
f 3126//4522 3082//4522 3081//4522
f 3123//4523 3127//4523 3116//4523
f 3116//4524 3127//4524 3128//4524
f 3116//4525 3128//4525 3115//4525
f 3115//4526 3128//4526 3104//4526
f 3115//4527 3104//4527 3113//4527
f 3113//4528 3104//4528 3103//4528
f 3113//4529 3103//4529 3129//4529
f 3129//4530 3103//4530 2011//4530
f 3129//4531 2011//4531 2012//4531
f 2012//4532 3086//4532 3129//4532
f 3129//4533 3086//4533 3085//4533
f 3129//4534 3085//4534 3113//4534
f 3113//4535 3085//4535 3084//4535
f 3113//4536 3084//4536 3092//4536
f 2022//4537 2021//4537 3105//4537
f 3105//4538 2021//4538 2020//4538
f 3105//4539 2020//4539 3121//4539
f 3121//4540 2020//4540 3104//4540
f 3121//4541 3104//4541 3120//4541
f 3120//4542 3104//4542 3128//4542
f 3120//4543 3128//4543 3118//4543
f 3118//4544 3128//4544 3127//4544
f 3118//4545 3127//4545 3100//4545
f 3100//4546 3127//4546 3123//4546
f 3100//4547 3123//4547 3101//4547
f 3101//4548 3123//4548 3122//4548
f 3101//4549 3122//4549 3112//4549
f 3130//4550 3131//4550 3097//4550
f 3132//4551 2023//4551 2024//4551
f 3097//4552 3131//4552 3098//4552
f 3098//4553 3131//4553 3132//4553
f 3098//4554 3132//4554 3117//4554
f 3117//4555 3132//4555 2024//4555
f 3117//4556 2024//4556 2013//4556
f 3109//4557 3108//4557 3133//4557
f 3111//4558 3110//4558 3134//4558
f 3134//4559 3110//4559 3109//4559
f 3134//4560 3109//4560 3135//4560
f 3135//4561 3109//4561 3133//4561
f 3135//4562 3133//4562 3136//4562
f 3134//4563 3137//4563 3111//4563
f 3111//4564 3137//4564 3138//4564
f 3111//4565 3138//4565 3095//4565
f 3130//4566 3097//4566 3139//4566
f 3139//4567 3097//4567 3119//4567
f 3139//4568 3119//4568 3138//4568
f 3138//4569 3119//4569 3096//4569
f 3138//4570 3096//4570 3095//4570
f 3140//4571 3141//4571 3142//4571
f 3143//4572 3144//4572 3145//4572
f 3146//4573 3147//4573 3148//4573
f 3149//4574 3150//4574 3151//4574
f 3152//4575 3153//4575 3154//4575
f 3154//4576 3153//4576 3155//4576
f 3154//4577 3155//4577 3156//4577
f 3157//4578 3158//4578 3159//4578
f 3159//4579 3158//4579 3160//4579
f 3159//4580 3160//4580 3155//4580
f 3155//4581 3160//4581 3161//4581
f 3155//4582 3161//4582 3156//4582
f 3162//4583 3163//4583 3164//4583
f 3164//4584 3163//4584 3165//4584
f 3164//4585 3165//4585 3166//4585
f 3144//4586 3167//4586 3168//4586
f 3168//4587 3167//4587 3169//4587
f 3168//4588 3169//4588 3146//4588
f 3170//4589 3171//4589 3172//4589
f 3172//4590 3171//4590 3173//4590
f 3172//4591 3173//4591 3174//4591
f 3174//4592 3173//4592 3175//4592
f 3176//4593 3177//4593 3170//4593
f 3178//4594 3179//4594 3180//4594
f 3178//4595 3180//4595 3176//4595
f 3176//4596 3180//4596 3181//4596
f 3176//4597 3181//4597 3177//4597
f 3178//4598 3182//4598 3179//4598
f 3179//4599 3182//4599 3183//4599
f 3179//4600 3183//4600 3184//4600
f 3184//4601 3185//4601 3179//4601
f 3179//4602 3185//4602 3186//4602
f 3179//4603 3186//4603 3180//4603
f 3187//4604 3188//4604 3182//4604
f 3182//4605 3188//4605 3189//4605
f 3182//4606 3189//4606 3183//4606
f 3136//4607 3190//4607 3191//4607
f 3191//4608 3190//4608 3192//4608
f 3191//4609 3192//4609 3193//4609
f 3194//4610 3024//4610 3023//4610
f 3194//4611 3023//4611 3195//4611
f 3195//4612 3023//4612 3022//4612
f 3195//4613 3022//4613 3021//4613
f 3196//4614 3197//4614 3198//4614
f 3198//4615 3197//4615 3019//4615
f 3198//4616 3019//4616 3020//4616
f 3013//4617 3017//4617 3197//4617
f 3197//4618 3017//4618 3018//4618
f 3197//4619 3018//4619 3019//4619
f 3012//4620 3199//4620 3010//4620
f 3010//4621 3199//4621 3200//4621
f 3010//4622 3200//4622 3011//4622
f 3170//4623 3172//4623 3176//4623
f 3176//4624 3172//4624 3015//4624
f 3176//4625 3015//4625 3014//4625
f 3007//4626 3006//4626 3174//4626
f 3174//4627 3006//4627 3005//4627
f 3174//4628 3005//4628 3172//4628
f 3172//4629 3005//4629 3016//4629
f 3172//4630 3016//4630 3015//4630
f 3175//4631 3143//4631 3174//4631
f 3174//4632 3143//4632 3145//4632
f 3174//4633 3145//4633 3007//4633
f 3007//4634 3145//4634 3008//4634
f 3144//4635 3168//4635 3145//4635
f 3145//4636 3168//4636 3009//4636
f 3145//4637 3009//4637 3008//4637
f 3146//4638 3148//4638 3168//4638
f 3168//4639 3148//4639 2994//4639
f 3168//4640 2994//4640 3004//4640
f 3004//4641 3003//4641 3168//4641
f 3168//4642 3003//4642 3002//4642
f 3168//4643 3002//4643 3009//4643
f 2997//4644 2996//4644 3148//4644
f 3148//4645 2996//4645 2995//4645
f 3148//4646 2995//4646 2994//4646
f 3147//4647 3162//4647 3148//4647
f 3148//4648 3162//4648 3164//4648
f 3148//4649 3164//4649 2997//4649
f 2997//4650 3164//4650 2998//4650
f 2989//4651 3001//4651 3166//4651
f 3166//4652 3001//4652 3000//4652
f 3166//4653 3000//4653 3164//4653
f 3164//4654 3000//4654 2999//4654
f 3164//4655 2999//4655 2998//4655
f 3165//4656 3157//4656 3166//4656
f 3166//4657 3157//4657 3159//4657
f 3166//4658 3159//4658 2989//4658
f 2989//4659 3159//4659 2990//4659
f 2990//4660 3159//4660 2991//4660
f 2991//4661 3159//4661 3155//4661
f 2991//4662 3155//4662 2992//4662
f 3153//4663 2988//4663 2987//4663
f 3153//4664 2987//4664 3155//4664
f 3155//4665 2987//4665 2993//4665
f 3155//4666 2993//4666 2992//4666
f 3149//4667 3151//4667 3152//4667
f 3152//4668 3151//4668 3201//4668
f 3152//4669 3201//4669 3153//4669
f 3153//4670 3201//4670 3202//4670
f 3153//4671 3202//4671 2988//4671
f 2988//4672 3202//4672 3203//4672
f 2988//4673 3203//4673 2983//4673
f 3196//4674 3204//4674 3191//4674
f 3137//4675 3134//4675 3191//4675
f 3191//4676 3134//4676 3135//4676
f 3191//4677 3135//4677 3136//4677
f 3020//4616 3024//4616 3198//4616
f 3198//4678 3024//4678 3194//4678
f 3198//4679 3194//4679 3196//4679
f 3196//4680 3194//4680 3205//4680
f 3196//4681 3205//4681 3204//4681
f 3012//4682 3013//4682 3199//4682
f 3199//4683 3013//4683 3197//4683
f 3199//4684 3197//4684 3206//4684
f 3206//4685 3197//4685 3196//4685
f 3206//4686 3196//4686 3142//4686
f 3142//4687 3196//4687 3191//4687
f 3142//4688 3191//4688 3140//4688
f 3140//4689 3191//4689 3193//4689
f 3137//4690 3191//4690 3138//4690
f 3138//4691 3191//4691 3204//4691
f 3138//4692 3204//4692 3139//4692
f 3139//4693 3204//4693 3205//4693
f 3139//4694 3205//4694 3130//4694
f 3130//4695 3205//4695 3194//4695
f 3130//4696 3194//4696 3131//4696
f 3131//4697 3194//4697 3195//4697
f 3131//4698 3195//4698 3132//4698
f 3132//4699 3195//4699 3021//4699
f 3132//4700 3021//4700 2023//4700
f 3141//4701 3187//4701 3142//4701
f 3142//4702 3187//4702 3182//4702
f 3142//4703 3182//4703 3206//4703
f 3206//4704 3182//4704 3178//4704
f 3206//4705 3178//4705 3199//4705
f 3199//4706 3178//4706 3176//4706
f 3199//4707 3176//4707 3200//4707
f 3200//4708 3176//4708 3014//4708
f 3200//4709 3014//4709 3011//4709
f 2934//4710 3207//4710 2935//4710
f 2935//4711 3207//4711 3208//4711
f 2935//4712 3208//4712 2936//4712
f 2936//4713 3208//4713 3209//4713
f 2936//4714 3209//4714 2937//4714
f 2937//4715 3209//4715 2938//4715
f 2938//4716 3209//4716 3210//4716
f 2938//4717 3210//4717 2919//4717
f 2932//4718 2931//4718 3211//4718
f 3211//4719 2931//4719 2930//4719
f 3211//4720 2930//4720 3210//4720
f 3210//4721 2930//4721 2920//4721
f 3210//4722 2920//4722 2919//4722
f 2929//4723 2925//4723 3212//4723
f 3212//4724 2925//4724 2924//4724
f 3212//4725 2924//4725 3211//4725
f 3211//4726 2924//4726 2927//4726
f 3211//4727 2927//4727 2932//4727
f 3213//4728 3214//4728 3212//4728
f 3212//4729 3214//4729 3215//4729
f 3212//4730 3215//4730 2929//4730
f 3216//4731 3217//4731 3218//4731
f 3219//4732 3220//4732 3221//4732
f 3221//4733 3220//4733 3222//4733
f 3219//4732 3221//4732 3223//4732
f 3223//4734 3221//4734 3224//4734
f 3223//4735 3224//4735 3225//4735
f 3226//4736 3227//4736 3228//4736
f 3228//4737 3227//4737 3229//4737
f 3228//4738 3229//4738 3224//4738
f 3224//4739 3229//4739 3230//4739
f 3224//4740 3230//4740 3225//4740
f 3226//4741 3228//4741 3231//4741
f 3231//4742 3228//4742 3232//4742
f 3231//4743 3232//4743 3233//4743
f 3233//4744 3232//4744 3234//4744
f 3234//4745 3232//4745 3235//4745
f 3234//4746 3235//4746 3236//4746
f 3237//4747 3238//4747 3239//4747
f 3239//4748 3238//4748 3240//4748
f 3239//4749 3240//4749 3241//4749
f 3241//4750 3240//4750 3242//4750
f 3241//4751 3242//4751 3235//4751
f 3235//4752 3242//4752 3243//4752
f 3235//4753 3243//4753 3236//4753
f 3237//4754 3239//4754 3244//4754
f 3244//4755 3239//4755 3245//4755
f 3244//4756 3245//4756 3246//4756
f 3246//4757 3245//4757 3247//4757
f 3246//4758 3247//4758 3248//4758
f 3248//4759 3249//4759 3246//4759
f 3246//4760 3249//4760 3250//4760
f 3246//4761 3250//4761 3251//4761
f 3251//4762 3252//4762 3246//4762
f 3246//4763 3252//4763 3253//4763
f 3246//4764 3253//4764 3254//4764
f 3255//4765 3256//4765 3239//4765
f 3239//4766 3256//4766 3257//4766
f 3239//4767 3257//4767 3245//4767
f 3245//4768 3257//4768 3258//4768
f 3245//4769 3258//4769 3247//4769
f 3259//4770 3260//4770 3261//4770
f 3261//4771 3260//4771 3262//4771
f 3261//4772 3262//4772 3263//4772
f 3263//4773 3262//4773 3264//4773
f 3259//4774 3255//4774 3260//4774
f 3260//4775 3255//4775 3239//4775
f 3260//4776 3239//4776 3262//4776
f 3262//4777 3239//4777 3241//4777
f 3262//4778 3241//4778 3265//4778
f 3265//4779 3241//4779 3235//4779
f 3265//4780 3235//4780 3266//4780
f 3266//4781 3235//4781 3232//4781
f 3266//4782 3232//4782 3267//4782
f 3267//4783 3232//4783 3228//4783
f 3267//4784 3228//4784 3268//4784
f 3268//4785 3228//4785 3224//4785
f 3268//4786 3224//4786 3218//4786
f 3218//4787 3224//4787 3221//4787
f 3218//4788 3221//4788 3216//4788
f 3216//4789 3221//4789 3222//4789
f 3216//4790 3222//4790 3269//4790
f 2934//4791 3264//4791 3207//4791
f 3207//4792 3264//4792 3262//4792
f 3207//4793 3262//4793 3208//4793
f 3208//4794 3262//4794 3265//4794
f 3208//4795 3265//4795 3209//4795
f 3209//4796 3265//4796 3266//4796
f 3209//4797 3266//4797 3210//4797
f 3210//4798 3266//4798 3267//4798
f 3210//4799 3267//4799 3211//4799
f 3211//4800 3267//4800 3268//4800
f 3211//4801 3268//4801 3212//4801
f 3212//4802 3268//4802 3218//4802
f 3212//4803 3218//4803 3213//4803
f 3213//4804 3218//4804 3217//4804
f 2057//163 2090//163 2104//163
f 2104//164 2090//164 2089//164
f 2104//163 2089//163 3270//163
f 2083//164 2084//164 2929//164
f 2102//4805 2101//4805 2882//4805
f 2882//4806 2101//4806 2881//4806
f 2877//4807 2876//4807 2100//4807
f 3213//4808 2082//4808 3214//4808
f 3214//4809 2082//4809 2083//4809
f 3214//4810 2083//4810 3215//4810
f 3215//4811 2083//4811 2929//4811
f 2100//164 2876//164 2101//164
f 2101//4812 2876//4812 2907//4812
f 2101//4813 2907//4813 2881//4813
f 3213//4814 3217//4814 2082//4814
f 2082//4815 3217//4815 3216//4815
f 2082//4816 3216//4816 2081//4816
f 2039//163 2038//163 2092//163
f 2092//163 2038//163 2037//163
f 2092//164 2037//164 2093//164
f 2033//163 2032//163 2092//163
f 2092//163 2032//163 2030//163
f 2092//163 2030//163 2039//163
f 3216//4817 3269//4817 2081//4817
f 2081//163 3269//163 3271//163
f 2081//163 3271//163 2085//163
f 2085//163 3271//163 3272//163
f 2085//163 3272//163 3273//163
f 2033//163 2092//163 2049//163
f 2049//163 2092//163 2091//163
f 2049//163 2091//163 2066//163
f 2066//163 2091//163 2063//163
f 2066//4818 2063//4818 2064//4818
f 2057//163 2056//163 2090//163
f 2090//163 2056//163 2059//163
f 2090//163 2059//163 2091//163
f 2091//163 2059//163 2061//163
f 2091//163 2061//163 2063//163
f 3274//163 3275//163 2097//163
f 2097//163 3275//163 3276//163
f 2097//164 3276//164 2098//164
f 2098//4819 3276//4819 3277//4819
f 2098//163 3277//163 3278//163
f 3278//163 3279//163 2098//163
f 2098//163 3279//163 3280//163
f 2098//163 3280//163 2099//163
f 2099//163 3280//163 2873//163
f 2099//163 2873//163 2100//163
f 2100//4820 2873//4820 2878//4820
f 2100//4821 2878//4821 2877//4821
f 3281//164 3282//164 2086//164
f 2086//4819 3282//4819 3283//4819
f 2086//163 3283//163 2087//163
f 2087//163 3283//163 3270//163
f 2087//164 3270//164 2088//164
f 2088//164 3270//164 2089//164
f 2037//163 2036//163 2093//163
f 2093//163 2036//163 1839//163
f 2093//163 1839//163 2094//163
f 2094//163 1839//163 1838//163
f 2094//163 1838//163 2095//163
f 2095//163 1838//163 2705//163
f 2095//164 2705//164 2096//164
f 2096//163 2705//163 3284//163
f 2096//164 3284//164 2097//164
f 2097//164 3284//164 3285//164
f 2097//4822 3285//4822 3274//4822
f 3273//163 3286//163 2085//163
f 2085//163 3286//163 3287//163
f 2085//163 3287//163 2086//163
f 2086//163 3287//163 3288//163
f 2086//163 3288//163 3281//163
f 2105//4823 2104//4823 3270//4823
f 3079//4824 2120//4824 2121//4824
f 3079//4825 2121//4825 3289//4825
f 3289//4826 2121//4826 2122//4826
f 3289//4827 2122//4827 3290//4827
f 3290//4828 2122//4828 3291//4828
f 3291//4829 2122//4829 2123//4829
f 3291//4830 2123//4830 3292//4830
f 3292//4831 2123//4831 2113//4831
f 3292//4832 2113//4832 3293//4832
f 3293//4833 2113//4833 2114//4833
f 3293//4834 2114//4834 3294//4834
f 3294//4835 2114//4835 2117//4835
f 3294//4836 2117//4836 3295//4836
f 3295//4837 2117//4837 2118//4837
f 3295//4838 2118//4838 3296//4838
f 2118//4839 2119//4839 3296//4839
f 3296//4840 2119//4840 2116//4840
f 3296//4841 2116//4841 3297//4841
f 3297//4842 2116//4842 2115//4842
f 3297//4843 2115//4843 3298//4843
f 3298//4844 2115//4844 2103//4844
f 3298//4845 2103//4845 3299//4845
f 3299//4846 2103//4846 2112//4846
f 3299//4847 2112//4847 3300//4847
f 3300//4848 2112//4848 2111//4848
f 3300//4849 2111//4849 3301//4849
f 3301//4850 2111//4850 2110//4850
f 3301//4851 2110//4851 3302//4851
f 3302//4852 2110//4852 2109//4852
f 3302//4853 2109//4853 3303//4853
f 3303//4854 2109//4854 2108//4854
f 3303//4855 2108//4855 3304//4855
f 3270//4856 3305//4856 2105//4856
f 2105//4857 3305//4857 3306//4857
f 2105//4858 3306//4858 2106//4858
f 2106//4859 3306//4859 3304//4859
f 2106//4860 3304//4860 2107//4860
f 2107//4861 3304//4861 2108//4861
f 3307//4862 2215//4862 3308//4862
f 3308//4863 2215//4863 3309//4863
f 2215//4864 3307//4864 2266//4864
f 2266//4865 3307//4865 3310//4865
f 2266//4866 3310//4866 2267//4866
f 2256//4867 3311//4867 2243//4867
f 2243//4868 3311//4868 3312//4868
f 2243//4869 3312//4869 2245//4869
f 3313//4870 3314//4870 2253//4870
f 2253//4871 3314//4871 3315//4871
f 2253//4872 3315//4872 2255//4872
f 2255//4873 3315//4873 3316//4873
f 2255//4874 3316//4874 2256//4874
f 2256//4875 3316//4875 3317//4875
f 2256//4876 3317//4876 3311//4876
f 3318//4877 3319//4877 2249//4877
f 2249//4878 3319//4878 3320//4878
f 2249//4879 3320//4879 2251//4879
f 2251//4880 3320//4880 3321//4880
f 2251//4881 3321//4881 2253//4881
f 2253//4882 3321//4882 3322//4882
f 2253//4883 3322//4883 3313//4883
f 3323//4884 3324//4884 2247//4884
f 2247//4885 3324//4885 3325//4885
f 3325//4886 3326//4886 2247//4886
f 2247//4887 3326//4887 3327//4887
f 2247//4888 3327//4888 2249//4888
f 2249//4889 3327//4889 3328//4889
f 2249//4890 3328//4890 3318//4890
f 3323//4891 2247//4891 3329//4891
f 3329//4892 2247//4892 2246//4892
f 3329//4893 2246//4893 3330//4893
f 2246//4894 2257//4894 3330//4894
f 3330//4895 2257//4895 3331//4895
f 3330//4896 3331//4896 3332//4896
f 3332//4897 3331//4897 3333//4897
f 3334//4898 3335//4898 2257//4898
f 2257//4899 3335//4899 3336//4899
f 3333//4900 3331//4900 3337//4900
f 3337//4901 3331//4901 2257//4901
f 3337//4902 2257//4902 3338//4902
f 3338//4903 2257//4903 3336//4903
f 3338//4904 3336//4904 3339//4904
f 2259//4905 2261//4905 3340//4905
f 3340//4906 3341//4906 2259//4906
f 2259//4907 3341//4907 3342//4907
f 2259//4908 3342//4908 2257//4908
f 2257//4909 3342//4909 3343//4909
f 2257//4910 3343//4910 3334//4910
f 3344//4911 3345//4911 2261//4911
f 3345//4912 3346//4912 2261//4912
f 2261//4913 3346//4913 3347//4913
f 2261//4913 3347//4913 3340//4913
f 3344//4914 2261//4914 3348//4914
f 3348//4915 2261//4915 2263//4915
f 3348//4916 2263//4916 3349//4916
f 2265//4917 3350//4917 2263//4917
f 2263//4918 3350//4918 3351//4918
f 2263//4919 3351//4919 3349//4919
f 3310//4920 3352//4920 2267//4920
f 2267//4921 3352//4921 3353//4921
f 2267//4922 3353//4922 2269//4922
f 2269//4923 3353//4923 3354//4923
f 2269//4924 3354//4924 2270//4924
f 2270//4925 3354//4925 3355//4925
f 2270//4926 3355//4926 3356//4926
f 3356//4927 3357//4927 2270//4927
f 2270//4928 3357//4928 3358//4928
f 2270//4929 3358//4929 2265//4929
f 2265//4930 3358//4930 3359//4930
f 2265//4931 3359//4931 3350//4931
f 3360//4932 2245//4932 3361//4932
f 3361//4933 2245//4933 3312//4933
f 2244//4934 2245//4934 3360//4934
f 3362//4935 2241//4935 3363//4935
f 3363//4936 2241//4936 2240//4936
f 3363//4937 2240//4937 3364//4937
f 3364//4938 2240//4938 3365//4938
f 3360//4939 3366//4939 2244//4939
f 2244//4940 3366//4940 3367//4940
f 2244//4941 3367//4941 2271//4941
f 2271//4942 3367//4942 3368//4942
f 2271//4942 3368//4942 3369//4942
f 3369//4943 3370//4943 2271//4943
f 2271//4944 3370//4944 3371//4944
f 2271//4945 3371//4945 2240//4945
f 2240//4946 3371//4946 3372//4946
f 2240//4947 3372//4947 3365//4947
f 2172//4948 2171//4948 3373//4948
f 2160//4949 2159//4949 3374//4949
f 2132//4950 2142//4950 2165//4950
f 2132//4951 2165//4951 2133//4951
f 3375//4952 2130//4952 2135//4952
f 2130//4953 3375//4953 2131//4953
f 2131//4954 3375//4954 3374//4954
f 2131//4955 3374//4955 2127//4955
f 2159//4956 2125//4956 2129//4956
f 2159//4957 2129//4957 3374//4957
f 3374//4958 2129//4958 2128//4958
f 3374//4959 2128//4959 2127//4959
f 2174//4960 3376//4960 2200//4960
f 2200//4961 3376//4961 3377//4961
f 3378//4962 3379//4962 3380//4962
f 3378//4963 3380//4963 3376//4963
f 3376//4964 3380//4964 3381//4964
f 3376//4965 3381//4965 3377//4965
f 3379//4966 3378//4966 3382//4966
f 3382//4967 3378//4967 3383//4967
f 3382//4968 3383//4968 3384//4968
f 2167//4969 3385//4969 2165//4969
f 2165//4970 3385//4970 3386//4970
f 2165//4971 3386//4971 2133//4971
f 2171//4972 2160//4972 3373//4972
f 3373//4973 2160//4973 3374//4973
f 3373//4974 3374//4974 3387//4974
f 3387//4975 3374//4975 3375//4975
f 3387//4976 3375//4976 3385//4976
f 3385//4977 3375//4977 2135//4977
f 3385//4978 2135//4978 3386//4978
f 3386//4979 2135//4979 2134//4979
f 3386//4980 2134//4980 2133//4980
f 2170//4981 3384//4981 2162//4981
f 2162//4982 3384//4982 3383//4982
f 2162//4983 3383//4983 2163//4983
f 2163//4984 3383//4984 2166//4984
f 2174//4985 2172//4985 3376//4985
f 3376//4986 2172//4986 3373//4986
f 3376//4987 3373//4987 3378//4987
f 3378//4988 3373//4988 3387//4988
f 3378//4989 3387//4989 3383//4989
f 3383//4990 3387//4990 3385//4990
f 3383//4991 3385//4991 2166//4991
f 2166//4992 3385//4992 2167//4992
f 2170//1 2169//1 3362//1
f 3362//1 2169//1 2176//1
f 3362//1 2176//1 2241//1
f 2241//1 2176//1 2178//1
f 2190//1 2227//1 2188//1
f 2188//1 2227//1 2229//1
f 2188//1 2229//1 2186//1
f 2186//1 2229//1 2231//1
f 2186//1 2231//1 2184//1
f 2184//1 2231//1 2233//1
f 2184//1 2233//1 2182//1
f 2182//1 2233//1 2235//1
f 2182//1 2235//1 2180//1
f 2180//1 2235//1 2237//1
f 2180//1 2237//1 2178//1
f 2178//1 2237//1 2239//1
f 2178//1 2239//1 2241//1
f 2196//1 2198//1 3388//1
f 3388//1 2198//1 2199//1
f 3388//1 2199//1 2200//1
f 3388//1 2217//1 2196//1
f 2196//1 2217//1 2216//1
f 2196//1 2216//1 2194//1
f 2194//1 2216//1 2221//1
f 2194//1 2221//1 2192//1
f 2192//1 2221//1 2223//1
f 2192//1 2223//1 2190//1
f 2190//1 2223//1 2225//1
f 2190//1 2225//1 2227//1
f 2217//4993 3388//4993 3389//4993
f 2217//4994 3389//4994 2218//4994
f 3309//4995 2215//4995 3390//4995
f 3390//4996 2215//4996 2214//4996
f 3390//4997 2214//4997 3391//4997
f 3391//4998 2214//4998 2283//4998
f 3391//4999 2283//4999 3392//4999
f 3389//5000 3393//5000 2218//5000
f 2218//5001 3393//5001 3394//5001
f 2218//5002 3394//5002 3395//5002
f 3395//5003 3396//5003 2218//5003
f 2218//5004 3396//5004 3397//5004
f 2218//5005 3397//5005 2283//5005
f 2283//5006 3397//5006 3398//5006
f 2283//5007 3398//5007 3392//5007
f 3399//5008 2427//5008 3400//5008
f 3400//5009 2427//5009 3401//5009
f 2427//5010 3399//5010 2425//5010
f 2425//5011 3399//5011 3402//5011
f 2425//5012 3402//5012 2423//5012
f 3403//5013 2396//5013 3404//5013
f 3404//5014 2396//5014 2398//5014
f 3404//5015 2398//5015 2400//5015
f 3405//5016 3406//5016 2403//5016
f 2403//5017 3406//5017 3407//5017
f 2403//5018 3407//5018 2401//5018
f 2401//5019 3407//5019 3408//5019
f 2401//5020 3408//5020 2400//5020
f 2400//5021 3408//5021 3409//5021
f 2400//5022 3409//5022 3404//5022
f 3410//5023 3411//5023 2407//5023
f 2407//5024 3411//5024 3412//5024
f 2407//5025 3412//5025 2405//5025
f 2405//5026 3412//5026 3413//5026
f 2405//5027 3413//5027 2403//5027
f 2403//5028 3413//5028 3414//5028
f 2403//5029 3414//5029 3405//5029
f 3415//5030 3416//5030 2409//5030
f 2409//5031 3416//5031 3417//5031
f 2409//5032 3417//5032 3418//5032
f 3418//5033 3419//5033 2409//5033
f 2409//5034 3419//5034 3420//5034
f 2409//5035 3420//5035 2407//5035
f 2407//5036 3420//5036 3421//5036
f 2407//5037 3421//5037 3410//5037
f 3422//5038 3423//5038 3424//5038
f 3423//5039 3422//5039 3425//5039
f 3415//5040 2409//5040 3426//5040
f 3426//5041 2409//5041 2420//5041
f 3426//5042 2420//5042 3424//5042
f 3424//5043 2420//5043 2419//5043
f 3424//5044 2419//5044 3422//5044
f 2417//5045 3427//5045 2419//5045
f 2419//5046 3427//5046 3428//5046
f 3428//5047 3429//5047 2419//5047
f 2419//5048 3429//5048 3430//5048
f 2419//5049 3430//5049 3431//5049
f 3425//5050 3422//5050 3432//5050
f 3432//5051 3422//5051 2419//5051
f 3432//5052 2419//5052 3433//5052
f 3433//5053 2419//5053 3431//5053
f 3433//5054 3431//5054 3434//5054
f 3435//5055 3436//5055 2415//5055
f 2415//5056 3436//5056 3437//5056
f 2415//5057 3437//5057 2417//5057
f 2417//5058 3437//5058 3438//5058
f 2417//5059 3438//5059 3427//5059
f 3439//5060 3440//5060 2413//5060
f 3439//5061 2413//5061 3441//5061
f 3441//5062 2413//5062 3442//5062
f 3442//5063 2413//5063 2411//5063
f 3442//5064 2411//5064 3443//5064
f 3440//5065 3444//5065 2413//5065
f 2413//5066 3444//5066 3445//5066
f 2413//5067 3445//5067 2415//5067
f 2415//5068 3445//5068 3446//5068
f 2415//5069 3446//5069 3435//5069
f 3402//5070 3447//5070 2423//5070
f 2423//5071 3447//5071 3448//5071
f 2423//5072 3448//5072 2421//5072
f 2421//5073 3448//5073 3449//5073
f 2421//5074 3449//5074 2410//5074
f 2410//5075 3449//5075 3450//5075
f 2410//5076 3450//5076 3451//5076
f 3451//5077 3452//5077 2410//5077
f 2410//5078 3452//5078 3453//5078
f 2410//5079 3453//5079 2411//5079
f 2411//5080 3453//5080 3454//5080
f 2411//5081 3454//5081 3443//5081
f 3455//5082 2396//5082 3456//5082
f 3456//5083 2396//5083 3403//5083
f 2397//5084 2396//5084 3455//5084
f 3457//5085 2393//5085 3458//5085
f 3458//5086 2393//5086 2392//5086
f 3458//5087 2392//5087 3459//5087
f 3459//5088 2392//5088 3460//5088
f 3455//5089 3461//5089 2397//5089
f 2397//5090 3461//5090 3462//5090
f 2397//5091 3462//5091 2473//5091
f 2473//5092 3462//5092 3463//5092
f 2473//5093 3463//5093 3464//5093
f 3464//5094 3465//5094 2473//5094
f 2473//5095 3465//5095 3466//5095
f 2473//5096 3466//5096 2392//5096
f 2392//5097 3466//5097 3467//5097
f 2392//5098 3467//5098 3460//5098
f 2329//5099 2328//5099 3468//5099
f 2323//5100 2322//5100 3469//5100
f 2294//5101 2295//5101 2345//5101
f 2325//5102 3470//5102 2326//5102
f 2326//5103 3470//5103 3471//5103
f 3472//5104 3473//5104 3474//5104
f 3472//5105 3474//5105 3470//5105
f 3470//5106 3474//5106 3475//5106
f 3470//5107 3475//5107 3471//5107
f 3473//5108 3472//5108 3476//5108
f 3476//5109 3472//5109 3477//5109
f 3476//5110 3477//5110 3478//5110
f 2294//5111 2345//5111 2290//5111
f 3479//5112 2293//5112 2292//5112
f 2293//5113 3479//5113 2288//5113
f 2288//5114 3479//5114 3469//5114
f 2288//5115 3469//5115 2289//5115
f 2322//5116 2284//5116 2287//5116
f 2322//5117 2287//5117 3469//5117
f 3469//5118 2287//5118 2286//5118
f 3469//5119 2286//5119 2289//5119
f 2343//5120 3480//5120 2345//5120
f 2345//5121 3480//5121 3481//5121
f 2345//5122 3481//5122 2290//5122
f 2328//5123 2323//5123 3468//5123
f 3468//5124 2323//5124 3469//5124
f 3468//5125 3469//5125 3482//5125
f 3482//5126 3469//5126 3479//5126
f 3482//5127 3479//5127 3480//5127
f 3480//5128 3479//5128 2292//5128
f 3480//5129 2292//5129 3481//5129
f 3481//5130 2292//5130 2291//5130
f 3481//5131 2291//5131 2290//5131
f 2351//5132 3478//5132 2349//5132
f 2349//5133 3478//5133 3477//5133
f 2349//5134 3477//5134 2347//5134
f 2347//5135 3477//5135 2342//5135
f 2325//5136 2329//5136 3470//5136
f 3470//5137 2329//5137 3468//5137
f 3470//5138 3468//5138 3472//5138
f 3472//5139 3468//5139 3482//5139
f 3472//5140 3482//5140 3477//5140
f 3477//5141 3482//5141 3480//5141
f 3477//5142 3480//5142 2342//5142
f 2342//5143 3480//5143 2343//5143
f 2358//1 3457//1 2350//1
f 2350//1 3457//1 2351//1
f 2358//1 2357//1 3457//1
f 3457//3 2357//3 2356//3
f 3457//1 2356//1 2393//1
f 2393//1 2356//1 2354//1
f 2393//1 2354//1 2395//1
f 2395//1 2354//1 2353//1
f 2395//1 2353//1 2458//1
f 2458//1 2353//1 2459//1
f 2459//1 2353//1 2361//1
f 2459//1 2361//1 2460//1
f 2460//1 2361//1 2360//1
f 2460//1 2360//1 2456//1
f 2456//2 2360//2 2366//2
f 2456//1 2366//1 2457//1
f 2391//1 2390//1 3483//1
f 3483//1 2390//1 2327//1
f 3483//1 2327//1 2326//1
f 2366//1 2365//1 2457//1
f 2457//1 2365//1 2363//1
f 2457//1 2363//1 2453//1
f 2453//1 2363//1 2362//1
f 2453//1 2362//1 2454//1
f 2454//1 2362//1 2367//1
f 2454//1 2367//1 2448//1
f 2448//1 2367//1 2450//1
f 2450//1 2367//1 2369//1
f 2450//1 2369//1 2451//1
f 2435//1 2319//1 2436//1
f 2436//1 2319//1 2384//1
f 2436//1 2384//1 2429//1
f 2429//1 2384//1 2386//1
f 2429//1 2386//1 2431//1
f 2431//1 2386//1 2387//1
f 2431//1 2387//1 3483//1
f 3483//1 2387//1 2389//1
f 3483//1 2389//1 2391//1
f 2369//1 2371//1 2451//1
f 2451//1 2371//1 2375//1
f 2451//1 2375//1 2446//1
f 2446//1 2375//1 2444//1
f 2375//1 2374//1 2444//1
f 2444//2 2374//2 2373//2
f 2444//1 2373//1 2442//1
f 2442//1 2373//1 2376//1
f 2442//1 2376//1 2437//1
f 2437//1 2376//1 2378//1
f 2437//1 2378//1 2438//1
f 2438//1 2378//1 2382//1
f 2438//1 2382//1 2440//1
f 2440//1 2382//1 2381//1
f 2440//1 2381//1 2441//1
f 2441//1 2381//1 2380//1
f 2441//1 2380//1 2433//1
f 2433//1 2380//1 2383//1
f 2433//1 2383//1 2435//1
f 2435//1 2383//1 2320//1
f 2435//1 2320//1 2319//1
f 2431//5144 3483//5144 3484//5144
f 2431//5145 3484//5145 2430//5145
f 3401//5146 2427//5146 3485//5146
f 3485//5147 2427//5147 2426//5147
f 3485//5148 2426//5148 3486//5148
f 3486//5149 2426//5149 2461//5149
f 3486//5150 2461//5150 3487//5150
f 3484//5151 3488//5151 2430//5151
f 2430//5152 3488//5152 3489//5152
f 2430//5153 3489//5153 3490//5153
f 3490//5154 3491//5154 2430//5154
f 2430//5155 3491//5155 3492//5155
f 2430//5156 3492//5156 2461//5156
f 2461//5157 3492//5157 3493//5157
f 2461//5158 3493//5158 3487//5158
f 2524//5159 3494//5159 2525//5159
f 2525//5160 3494//5160 3495//5160
f 2525//5161 3495//5161 2526//5161
f 2518//5162 2522//5162 3496//5162
f 3496//5163 2522//5163 2523//5163
f 3496//5164 2523//5164 3495//5164
f 3495//5165 2523//5165 2521//5165
f 3495//5166 2521//5166 2526//5166
f 2518//5167 3496//5167 2492//5167
f 2492//5168 3496//5168 3497//5168
f 2492//5169 3497//5169 2491//5169
f 2494//5170 2493//5170 3498//5170
f 3498//5171 2493//5171 2505//5171
f 3498//5172 2505//5172 3497//5172
f 3497//5173 2505//5173 2489//5173
f 3497//5174 2489//5174 2491//5174
f 2494//5175 3498//5175 2495//5175
f 2495//5176 3498//5176 3499//5176
f 2495//5177 3499//5177 2506//5177
f 2483//5178 2482//5178 3500//5178
f 3500//5179 2482//5179 2481//5179
f 3500//5180 2481//5180 3499//5180
f 3499//5181 2481//5181 2507//5181
f 3499//5182 2507//5182 2506//5182
f 2483//5183 3500//5183 2477//5183
f 2477//5184 3500//5184 3501//5184
f 2477//5185 3501//5185 2474//5185
f 3502//5186 2486//5186 3501//5186
f 3501//5187 2486//5187 2485//5187
f 2485//5188 2484//5188 3501//5188
f 3501//5189 2484//5189 2475//5189
f 3501//5190 2475//5190 2474//5190
f 3503//5191 2509//5191 2508//5191
f 3503//5192 2508//5192 3504//5192
f 2508//5193 2498//5193 3504//5193
f 3504//5194 2498//5194 2497//5194
f 3504//5195 2497//5195 3502//5195
f 3502//5196 2497//5196 2496//5196
f 3502//5197 2496//5197 2486//5197
f 2509//5198 3503//5198 2499//5198
f 2499//5199 3503//5199 3505//5199
f 2499//5200 3505//5200 2500//5200
f 2479//5201 2478//5201 3506//5201
f 3506//5202 2478//5202 2480//5202
f 3506//5203 2480//5203 3505//5203
f 3505//5204 2480//5204 2501//5204
f 3505//5205 2501//5205 2500//5205
f 2479//5206 3506//5206 2504//5206
f 2504//5207 3506//5207 3507//5207
f 2504//5208 3507//5208 2503//5208
f 2512//5209 2511//5209 3508//5209
f 3508//5210 2511//5210 2510//5210
f 3508//5211 2510//5211 3507//5211
f 3507//5212 2510//5212 2502//5212
f 3507//5213 2502//5213 2503//5213
f 2512//5214 3508//5214 2513//5214
f 2513//5215 3508//5215 3509//5215
f 2513//5216 3509//5216 2514//5216
f 2476//5217 2517//5217 3510//5217
f 3510//5218 2517//5218 2516//5218
f 3510//5219 2516//5219 3509//5219
f 3509//5220 2516//5220 2515//5220
f 3509//5221 2515//5221 2514//5221
f 2476//5222 3510//5222 2487//5222
f 2487//5223 3510//5223 3511//5223
f 2487//5224 3511//5224 2488//5224
f 2524//5225 2520//5225 3494//5225
f 3494//5226 2520//5226 2519//5226
f 3494//5227 2519//5227 3511//5227
f 3511//5228 2519//5228 2490//5228
f 3511//5229 2490//5229 2488//5229
f 3512//5230 3513//5230 2582//5230
f 3514//5231 3515//5231 2570//5231
f 3516//5232 3517//5232 2564//5232
f 3518//5233 3519//5233 2548//5233
f 3520//5234 3521//5234 2546//5234
f 2706//5235 2537//5235 3522//5235
f 3522//5236 2537//5236 2529//5236
f 3522//5237 2529//5237 2530//5237
f 2535//5238 3523//5238 2534//5238
f 2534//5239 3523//5239 3524//5239
f 2534//5240 3524//5240 2533//5240
f 2533//5241 3524//5241 3525//5241
f 2533//5242 3525//5242 2532//5242
f 2532//5243 3525//5243 3526//5243
f 2532//5244 3526//5244 2531//5244
f 2531//5245 3526//5245 3527//5245
f 2531//5246 3527//5246 2530//5246
f 2530//5247 3527//5247 3528//5247
f 2530//5248 3528//5248 3522//5248
f 2543//5249 3529//5249 2542//5249
f 2542//5250 3529//5250 3530//5250
f 2542//5251 3530//5251 2541//5251
f 2541//5252 3530//5252 3531//5252
f 2541//5253 3531//5253 2540//5253
f 2540//5254 3531//5254 3532//5254
f 2540//5255 3532//5255 2527//5255
f 2527//5256 3532//5256 3533//5256
f 2527//5257 3533//5257 2528//5257
f 2528//5258 3533//5258 3534//5258
f 2528//5259 3534//5259 2536//5259
f 2536//5260 3534//5260 3535//5260
f 2536//5261 3535//5261 2535//5261
f 2535//5262 3535//5262 3536//5262
f 2535//5263 3536//5263 3523//5263
f 2546//5264 3521//5264 2545//5264
f 2545//5265 3521//5265 3537//5265
f 2545//5266 3537//5266 2544//5266
f 2544//5267 3537//5267 3538//5267
f 2544//5268 3538//5268 2543//5268
f 2543//5269 3538//5269 3539//5269
f 2543//5270 3539//5270 3529//5270
f 3520//5271 2546//5271 3519//5271
f 3519//5272 2546//5272 2547//5272
f 3519//5273 2547//5273 2548//5273
f 3518//5274 2548//5274 3540//5274
f 3540//5275 2548//5275 2549//5275
f 3540//5276 2549//5276 3541//5276
f 3541//5277 2549//5277 2550//5277
f 3541//5278 2550//5278 3542//5278
f 3542//5279 2550//5279 2551//5279
f 3542//5280 2551//5280 3543//5280
f 3543//5281 2551//5281 2552//5281
f 3543//5282 2552//5282 3544//5282
f 3544//5283 2552//5283 2569//5283
f 3544//5284 2569//5284 3545//5284
f 3545//5285 2569//5285 3546//5285
f 3546//5286 2569//5286 2568//5286
f 3546//5287 2568//5287 2567//5287
f 2564//5288 3517//5288 2565//5288
f 2565//5289 3517//5289 3547//5289
f 2565//5290 3547//5290 2566//5290
f 2566//5291 3547//5291 3548//5291
f 2566//5292 3548//5292 2567//5292
f 2567//5293 3548//5293 3549//5293
f 2567//5294 3549//5294 3546//5294
f 3516//5295 2564//5295 3550//5295
f 3550//5296 2564//5296 2563//5296
f 3550//5297 2563//5297 2562//5297
f 2557//5298 3551//5298 2558//5298
f 2558//5299 3551//5299 3552//5299
f 2558//5300 3552//5300 2559//5300
f 2559//5301 3552//5301 3553//5301
f 2559//5302 3553//5302 2560//5302
f 2560//5303 3553//5303 3554//5303
f 2560//5304 3554//5304 2561//5304
f 2561//5305 3554//5305 3555//5305
f 2561//5306 3555//5306 2562//5306
f 2562//5307 3555//5307 3556//5307
f 2562//5308 3556//5308 3550//5308
f 2570//5309 3515//5309 2553//5309
f 2553//5310 3515//5310 3557//5310
f 2553//5311 3557//5311 2554//5311
f 2554//5312 3557//5312 3558//5312
f 2554//5313 3558//5313 2555//5313
f 2555//5314 3558//5314 3559//5314
f 2555//5315 3559//5315 2556//5315
f 2556//5316 3559//5316 3560//5316
f 2556//5317 3560//5317 2557//5317
f 2557//5318 3560//5318 3561//5318
f 2557//5319 3561//5319 3551//5319
f 3514//5320 2570//5320 3562//5320
f 3562//5321 2570//5321 2571//5321
f 3562//5322 2571//5322 2572//5322
f 2577//5323 3563//5323 2576//5323
f 2576//5324 3563//5324 3564//5324
f 2576//5325 3564//5325 2575//5325
f 2575//5326 3564//5326 3565//5326
f 2575//5327 3565//5327 2574//5327
f 2574//5328 3565//5328 3566//5328
f 2574//5329 3566//5329 2573//5329
f 2573//5330 3566//5330 3567//5330
f 2573//5331 3567//5331 2572//5331
f 2572//5332 3567//5332 3568//5332
f 2572//5333 3568//5333 3562//5333
f 2582//5334 3513//5334 2581//5334
f 2581//5335 3513//5335 3569//5335
f 2581//5336 3569//5336 2580//5336
f 2580//5337 3569//5337 3570//5337
f 2580//5338 3570//5338 2579//5338
f 2579//5339 3570//5339 3571//5339
f 2579//5340 3571//5340 2578//5340
f 2578//5341 3571//5341 3572//5341
f 2578//5342 3572//5342 2577//5342
f 2577//5343 3572//5343 3573//5343
f 2577//5344 3573//5344 3563//5344
f 3512//5345 2582//5345 3574//5345
f 3574//5346 2582//5346 2583//5346
f 3574//5347 2583//5347 2584//5347
f 2589//5348 3575//5348 2588//5348
f 2588//5349 3575//5349 3576//5349
f 2588//5350 3576//5350 2587//5350
f 2587//5351 3576//5351 3577//5351
f 2587//5352 3577//5352 2586//5352
f 2586//5353 3577//5353 3578//5353
f 2586//5354 3578//5354 2585//5354
f 2585//5355 3578//5355 3579//5355
f 2585//5356 3579//5356 2584//5356
f 2584//5357 3579//5357 3580//5357
f 2584//5358 3580//5358 3574//5358
f 2592//5359 3077//5359 2591//5359
f 2591//5360 3077//5360 3581//5360
f 2591//5361 3581//5361 2590//5361
f 2590//5362 3581//5362 3582//5362
f 2590//5363 3582//5363 2589//5363
f 2589//5364 3582//5364 3583//5364
f 2589//5365 3583//5365 3575//5365
f 2598//5366 2599//5366 3584//5366
f 2609//5367 3585//5367 3586//5367
f 2597//5368 2596//5368 2620//5368
f 2597//5369 2620//5369 2606//5369
f 2609//5370 2608//5370 3587//5370
f 3587//5371 2608//5371 2607//5371
f 3587//5372 2607//5372 2606//5372
f 2600//5373 2604//5373 3588//5373
f 3588//5374 2604//5374 2605//5374
f 3588//5375 2605//5375 2611//5375
f 2601//5376 2602//5376 3589//5376
f 3589//5377 2602//5377 2603//5377
f 3590//5378 3591//5378 3592//5378
f 3593//5379 3590//5379 3594//5379
f 3595//5380 3596//5380 3597//5380
f 3595//5381 3597//5381 3598//5381
f 3596//5382 3595//5382 3599//5382
f 3599//5383 3595//5383 3600//5383
f 3599//5384 3600//5384 2616//5384
f 2609//5385 3587//5385 3585//5385
f 3585//5386 3587//5386 3601//5386
f 3585//5387 3601//5387 3586//5387
f 2606//5388 2620//5388 3587//5388
f 3587//5389 2620//5389 3601//5389
f 3601//5390 2620//5390 2621//5390
f 3601//5391 2621//5391 2626//5391
f 3602//5392 3603//5392 3604//5392
f 3604//5393 3603//5393 3586//5393
f 3604//5394 3586//5394 3605//5394
f 3605//5395 3586//5395 3601//5395
f 3606//5396 3602//5396 3607//5396
f 3602//5397 3606//5397 3603//5397
f 3603//5398 3606//5398 3608//5398
f 3603//5399 3608//5399 3586//5399
f 3586//5400 3608//5400 2610//5400
f 3586//5401 2610//5401 2609//5401
f 2599//5402 2600//5402 3584//5402
f 3584//5403 2600//5403 3588//5403
f 3584//5404 3588//5404 3609//5404
f 2603//5405 2598//5405 3589//5405
f 3589//5406 2598//5406 3584//5406
f 3589//5407 3584//5407 3610//5407
f 3610//5408 3584//5408 3609//5408
f 3610//5409 3609//5409 3611//5409
f 3611//5410 3609//5410 3612//5410
f 3613//5411 3614//5411 3607//5411
f 3607//5412 3614//5412 3612//5412
f 3607//5413 3612//5413 3606//5413
f 3606//5414 3612//5414 3609//5414
f 3606//5415 3609//5415 3608//5415
f 3608//5416 3609//5416 3588//5416
f 3608//5417 3588//5417 2610//5417
f 2610//5418 3588//5418 2611//5418
f 3590//5419 3592//5419 3594//5419
f 3594//5420 3592//5420 3615//5420
f 3594//5421 3615//5421 3616//5421
f 3597//5422 3593//5422 3598//5422
f 3598//5423 3593//5423 3594//5423
f 3598//5424 3594//5424 3617//5424
f 3617//5425 3594//5425 3616//5425
f 3617//5426 3616//5426 3618//5426
f 2628//5427 2629//5427 3600//5427
f 2629//5428 2614//5428 3600//5428
f 3600//5429 2614//5429 2617//5429
f 3600//5430 2617//5430 2616//5430
f 2626//5431 2628//5431 3601//5431
f 3601//5432 2628//5432 3600//5432
f 3601//5433 3600//5433 3605//5433
f 3605//5434 3600//5434 3595//5434
f 3605//5435 3595//5435 3604//5435
f 3604//5436 3595//5436 3598//5436
f 3604//5437 3598//5437 3602//5437
f 3602//5438 3598//5438 3617//5438
f 3602//5439 3617//5439 3607//5439
f 3607//5440 3617//5440 3618//5440
f 3607//5441 3618//5441 3613//5441
f 3619//5442 3620//5442 3616//5442
f 3616//5443 3620//5443 3618//5443
f 3618//5444 3620//5444 3621//5444
f 3618//5445 3621//5445 3613//5445
f 2630//5446 2631//5446 3622//5446
f 3622//5447 2631//5447 3623//5447
f 3592//5448 3591//5448 3624//5448
f 3592//5449 3624//5449 3615//5449
f 3616//5450 3615//5450 3619//5450
f 3619//5451 3615//5451 3624//5451
f 3619//5452 3624//5452 3625//5452
f 3625//5453 3624//5453 3626//5453
f 3625//5454 3626//5454 3627//5454
f 3613//5455 3621//5455 3614//5455
f 3614//5456 3621//5456 3628//5456
f 3614//5457 3628//5457 3612//5457
f 3612//5458 3628//5458 3629//5458
f 3612//5459 3629//5459 3611//5459
f 3611//5460 3629//5460 3630//5460
f 3611//5461 3630//5461 3610//5461
f 3610//5462 3630//5462 3623//5462
f 3610//5463 3623//5463 3589//5463
f 3589//5464 3623//5464 2631//5464
f 3589//5465 2631//5465 2601//5465
f 3629//5466 3628//5466 3631//5466
f 3632//5467 3633//5467 3634//5467
f 2828//5468 2827//5468 3635//5468
f 2630//5469 3622//5469 2632//5469
f 2632//5470 3622//5470 3636//5470
f 2632//5471 3636//5471 2675//5471
f 3637//5472 2677//5472 2676//5472
f 2677//5473 3637//5473 2678//5473
f 2682//5474 2681//5474 3638//5474
f 3638//5475 2681//5475 2680//5475
f 3638//5476 2680//5476 3639//5476
f 3639//5477 2680//5477 2679//5477
f 3639//5478 2679//5478 3640//5478
f 2682//5475 3638//5475 2683//5475
f 2683//5479 3638//5479 3641//5479
f 2683//5480 3641//5480 2684//5480
f 2684//5481 3641//5481 2671//5481
f 2671//5482 3641//5482 3642//5482
f 2671//5483 3642//5483 2672//5483
f 2672//5484 3642//5484 2673//5484
f 2673//5485 3642//5485 3643//5485
f 2673//5486 3643//5486 2674//5486
f 2776//5487 2667//5487 2666//5487
f 2674//5488 3643//5488 2666//5488
f 2666//5489 3643//5489 2777//5489
f 2666//5490 2777//5490 2776//5490
f 3644//5491 2829//5491 2828//5491
f 3644//5492 2828//5492 3645//5492
f 3645//5493 2828//5493 3635//5493
f 3645//5494 3635//5494 3646//5494
f 3647//5495 3648//5495 3649//5495
f 3650//5496 3651//5496 3647//5496
f 3647//5497 3651//5497 3652//5497
f 3647//5498 3652//5498 3648//5498
f 3653//5499 3654//5499 3650//5499
f 3650//5500 3654//5500 3655//5500
f 3650//5500 3655//5500 3651//5500
f 3656//5501 3657//5501 3658//5501
f 3658//5502 3657//5502 3659//5502
f 3658//5503 3659//5503 3653//5503
f 3653//5504 3659//5504 3660//5504
f 3653//5505 3660//5505 3654//5505
f 3656//5506 3658//5506 3661//5506
f 3661//5507 3658//5507 3662//5507
f 3661//5508 3662//5508 3663//5508
f 3627//5509 3632//5509 3625//5509
f 3625//5510 3632//5510 3634//5510
f 3625//5511 3634//5511 3619//5511
f 3633//5512 3663//5512 3634//5512
f 3634//5513 3663//5513 3662//5513
f 3634//5514 3662//5514 3664//5514
f 3664//5515 3662//5515 3631//5515
f 3631//5516 3628//5516 3664//5516
f 3664//5517 3628//5517 3621//5517
f 3664//5518 3621//5518 3634//5518
f 3634//5519 3621//5519 3620//5519
f 3634//5520 3620//5520 3619//5520
f 2679//5521 2678//5521 3640//5521
f 3640//5522 2678//5522 3637//5522
f 3640//5523 3637//5523 3636//5523
f 3636//5524 3637//5524 2676//5524
f 3636//5525 2676//5525 2675//5525
f 3623//5526 3630//5526 3665//5526
f 3665//5527 3630//5527 3666//5527
f 3665//5528 3666//5528 3667//5528
f 3667//5529 3666//5529 3668//5529
f 3667//5530 3668//5530 3669//5530
f 3630//5531 3629//5531 3666//5531
f 3666//5532 3629//5532 3631//5532
f 3666//5533 3631//5533 3668//5533
f 3668//5534 3631//5534 3662//5534
f 3668//5535 3662//5535 3669//5535
f 3669//5536 3662//5536 3658//5536
f 3669//5537 3658//5537 3670//5537
f 3670//5538 3658//5538 3653//5538
f 3670//5539 3653//5539 3671//5539
f 3671//5540 3653//5540 3650//5540
f 3671//5541 3650//5541 3646//5541
f 3646//5542 3650//5542 3647//5542
f 3646//5543 3647//5543 3645//5543
f 3645//5544 3647//5544 3649//5544
f 3622//5545 3623//5545 3636//5545
f 3636//5546 3623//5546 3665//5546
f 3636//5547 3665//5547 3640//5547
f 3640//5548 3665//5548 3667//5548
f 3640//5549 3667//5549 3639//5549
f 3639//5550 3667//5550 3669//5550
f 3639//5551 3669//5551 3638//5551
f 3638//5552 3669//5552 3670//5552
f 3638//5553 3670//5553 3641//5553
f 3641//5554 3670//5554 3671//5554
f 3641//5555 3671//5555 3642//5555
f 3642//5556 3671//5556 3646//5556
f 3642//5557 3646//5557 3643//5557
f 3643//5558 3646//5558 3635//5558
f 3643//5559 3635//5559 2777//5559
f 2777//5560 3635//5560 2827//5560
f 3672//5561 3673//5561 3674//5561
f 3284//5562 2705//5562 2704//5562
f 2695//5563 2697//5563 3675//5563
f 2796//5564 2801//5564 3676//5564
f 2829//5565 3677//5565 2771//5565
f 2771//5566 3677//5566 3678//5566
f 2771//5567 3678//5567 2772//5567
f 2813//5568 2812//5568 3679//5568
f 3679//5569 2812//5569 2811//5569
f 3679//5570 2811//5570 2815//5570
f 2815//5571 2816//5571 3679//5571
f 3679//5572 2816//5572 2817//5572
f 3679//5573 2817//5573 2818//5573
f 2823//5574 3680//5574 2822//5574
f 2822//5575 3680//5575 3681//5575
f 2822//5576 3681//5576 2821//5576
f 2821//5577 3681//5577 3682//5577
f 2821//5578 3682//5578 2820//5578
f 2820//5579 3682//5579 2819//5579
f 2823//5580 2824//5580 3680//5580
f 3680//5581 2824//5581 2825//5581
f 3680//5582 2825//5582 3678//5582
f 3678//5583 2825//5583 2826//5583
f 3678//5584 2826//5584 2772//5584
f 2808//5585 2807//5585 3683//5585
f 3683//5586 2807//5586 2810//5586
f 3683//5587 2810//5587 2814//5587
f 2808//5588 3683//5588 2809//5588
f 2809//5589 3683//5589 3684//5589
f 2809//5590 3684//5590 2830//5590
f 2803//5591 2806//5591 3685//5591
f 3685//5592 2806//5592 2805//5592
f 3685//5593 2805//5593 2804//5593
f 2794//5594 3686//5594 2795//5594
f 2795//5595 3686//5595 3687//5595
f 2794//5596 2800//5596 3686//5596
f 3686//5597 2800//5597 2799//5597
f 3686//5598 2799//5598 3676//5598
f 3676//5599 2799//5599 2797//5599
f 3676//5600 2797//5600 2796//5600
f 2736//5601 2734//5601 2688//5601
f 2734//5602 2732//5602 2688//5602
f 2688//5603 2732//5603 2731//5603
f 2688//5604 2731//5604 2756//5604
f 2761//5605 2792//5605 3687//5605
f 3687//5606 2792//5606 2791//5606
f 3687//5607 2791//5607 2795//5607
f 2736//5608 2688//5608 2737//5608
f 2737//5609 2688//5609 2687//5609
f 2737//5610 2687//5610 2730//5610
f 2730//5611 2687//5611 2686//5611
f 2730//5612 2686//5612 2718//5612
f 2718//5613 2686//5613 2685//5613
f 2718//5614 2685//5614 2717//5614
f 2717//5615 2685//5615 2709//5615
f 2717//5616 2709//5616 2710//5616
f 2710//5617 2709//5617 2708//5617
f 2710//5618 2708//5618 2711//5618
f 2711//5619 2708//5619 2707//5619
f 2711//5620 2707//5620 2618//5620
f 2618//5621 2707//5621 2706//5621
f 2618//5622 2706//5622 2615//5622
f 2615//5623 2706//5623 3688//5623
f 2615//5624 3688//5624 2616//5624
f 2756//5625 2761//5625 2688//5625
f 2688//5626 2761//5626 3687//5626
f 2688//5627 3687//5627 2689//5627
f 2689//5628 3687//5628 2690//5628
f 2693//5629 2692//5629 3689//5629
f 3689//5630 2692//5630 2691//5630
f 3689//5631 2691//5631 2690//5631
f 2698//5632 2699//5632 3690//5632
f 3690//5633 2699//5633 2700//5633
f 2700//5634 2694//5634 3690//5634
f 3690//5635 2694//5635 3691//5635
f 3690//5636 3691//5636 3692//5636
f 2704//5637 2703//5637 3672//5637
f 3672//5638 2703//5638 2702//5638
f 3672//5639 2702//5639 3673//5639
f 3673//5640 2702//5640 2701//5640
f 3673//5640 2701//5640 2696//5640
f 3284//5641 2704//5641 3285//5641
f 3285//5642 2704//5642 3672//5642
f 3285//5643 3672//5643 3274//5643
f 3274//5644 3672//5644 3275//5644
f 3275//5645 3672//5645 3674//5645
f 3275//5646 3674//5646 3276//5646
f 3276//5647 3674//5647 3693//5647
f 3276//5648 3693//5648 3277//5648
f 3277//5648 3693//5648 3278//5648
f 3278//5649 3693//5649 3694//5649
f 3278//5650 3694//5650 3279//5650
f 3694//5651 2875//5651 2874//5651
f 3279//5652 3694//5652 3280//5652
f 3280//5653 3694//5653 2874//5653
f 3280//5654 2874//5654 2873//5654
f 2875//5655 3694//5655 2872//5655
f 2872//5656 3694//5656 3695//5656
f 2872//5657 3695//5657 3696//5657
f 2869//5658 2839//5658 3696//5658
f 2839//5659 2838//5659 3696//5659
f 3696//5660 2838//5660 2870//5660
f 3696//5661 2870//5661 2872//5661
f 2866//5662 3697//5662 2867//5662
f 2867//5663 3697//5663 2868//5663
f 2841//5664 3698//5664 2861//5664
f 2861//5665 3698//5665 3699//5665
f 2854//5666 2860//5666 3679//5666
f 2865//5667 2864//5667 3699//5667
f 3699//5668 2864//5668 2862//5668
f 3699//5669 2862//5669 2861//5669
f 3679//5670 2860//5670 3699//5670
f 3699//5671 2860//5671 2859//5671
f 3699//5672 2859//5672 2865//5672
f 2844//5673 2857//5673 3679//5673
f 3679//5674 2857//5674 2855//5674
f 3679//5675 2855//5675 2854//5675
f 3700//5676 2845//5676 2844//5676
f 3700//5677 2844//5677 3701//5677
f 3701//5678 2844//5678 3679//5678
f 3701//5679 3679//5679 3682//5679
f 3682//5680 3679//5680 2818//5680
f 3682//5681 2818//5681 2819//5681
f 3685//5682 3702//5682 3703//5682
f 2804//5683 2830//5683 3685//5683
f 3685//5684 2830//5684 3684//5684
f 3685//5685 3684//5685 3702//5685
f 3702//5686 3684//5686 3704//5686
f 2814//5687 2813//5687 3683//5687
f 3683//5688 2813//5688 3679//5688
f 3683//5689 3679//5689 3684//5689
f 3684//5690 3679//5690 3699//5690
f 3684//5691 3699//5691 3704//5691
f 3704//5692 3699//5692 3698//5692
f 2694//5693 2693//5693 3691//5693
f 3691//5694 2693//5694 3689//5694
f 3691//5695 3689//5695 3692//5695
f 3692//5696 3689//5696 3703//5696
f 3692//5697 3703//5697 3705//5697
f 3705//5698 3703//5698 3702//5698
f 3705//5699 3702//5699 3706//5699
f 3706//5700 3702//5700 3704//5700
f 3706//5701 3704//5701 3707//5701
f 3707//5702 3704//5702 3698//5702
f 3707//5703 3698//5703 3697//5703
f 3697//5704 3698//5704 2841//5704
f 3697//5705 2841//5705 2868//5705
f 2690//5706 3687//5706 3689//5706
f 3689//5707 3687//5707 3686//5707
f 3689//5708 3686//5708 3703//5708
f 3703//5709 3686//5709 3676//5709
f 3703//5710 3676//5710 3685//5710
f 3685//5711 3676//5711 2801//5711
f 3685//5712 2801//5712 2803//5712
f 2696//5713 2695//5713 3673//5713
f 3673//5714 2695//5714 3675//5714
f 3673//5715 3675//5715 3674//5715
f 3674//5716 3675//5716 3708//5716
f 3674//5717 3708//5717 3693//5717
f 3693//5718 3708//5718 3709//5718
f 3693//5719 3709//5719 3694//5719
f 3694//5720 3709//5720 3710//5720
f 3694//5721 3710//5721 3695//5721
f 2866//5722 2869//5722 3697//5722
f 3697//5723 2869//5723 3696//5723
f 3697//5724 3696//5724 3707//5724
f 3707//5725 3696//5725 3695//5725
f 3707//5726 3695//5726 3706//5726
f 3706//5727 3695//5727 3710//5727
f 3706//5728 3710//5728 3705//5728
f 3705//5729 3710//5729 3709//5729
f 3705//5730 3709//5730 3692//5730
f 3692//5731 3709//5731 3708//5731
f 3692//5732 3708//5732 3690//5732
f 3690//5733 3708//5733 3675//5733
f 3690//5734 3675//5734 2698//5734
f 2698//5735 3675//5735 2697//5735
f 2836//5736 2902//5736 3711//5736
f 2845//5737 3712//5737 2846//5737
f 2846//5738 3712//5738 3713//5738
f 2846//5739 3713//5739 2847//5739
f 3714//5740 2849//5740 3715//5740
f 3715//5741 2849//5741 2848//5741
f 3716//5742 2851//5742 3714//5742
f 3714//5743 2851//5743 2850//5743
f 3714//5744 2850//5744 2849//5744
f 2904//5745 3716//5745 2905//5745
f 2905//5746 3716//5746 3717//5746
f 2904//5747 2903//5747 3716//5747
f 3716//5748 2903//5748 2852//5748
f 3716//5749 2852//5749 2851//5749
f 2902//5750 2900//5750 3711//5750
f 3711//5751 2900//5751 2898//5751
f 3711//5752 2898//5752 3718//5752
f 3718//5753 2898//5753 2897//5753
f 3718//5754 2897//5754 3717//5754
f 3717//5755 2897//5755 2906//5755
f 3717//5755 2906//5755 2905//5755
f 3719//5756 3717//5756 3720//5756
f 3720//5757 3717//5757 3721//5757
f 3722//5758 3723//5758 3724//5758
f 3724//5759 3723//5759 3725//5759
f 3724//5760 3725//5760 3726//5760
f 3726//5761 3725//5761 3727//5761
f 3726//5762 3727//5762 3728//5762
f 3729//5763 3730//5763 3716//5763
f 3716//5764 3730//5764 3731//5764
f 3716//5765 3731//5765 3717//5765
f 3717//5766 3731//5766 3732//5766
f 3717//5767 3732//5767 3721//5767
f 3729//5768 3716//5768 3733//5768
f 3733//5769 3716//5769 3714//5769
f 3733//5770 3714//5770 3734//5770
f 3734//5771 3714//5771 3715//5771
f 3734//5772 3715//5772 3735//5772
f 3713//5773 3736//5773 3737//5773
f 3737//5774 3736//5774 3738//5774
f 2847//5775 3713//5775 2848//5775
f 2848//5776 3713//5776 3737//5776
f 2848//5777 3737//5777 3715//5777
f 3715//5778 3737//5778 3738//5778
f 3715//5779 3738//5779 3735//5779
f 2896//5780 2837//5780 3739//5780
f 3739//5781 2837//5781 3740//5781
f 3739//5782 3740//5782 3741//5782
f 3741//5783 3740//5783 3742//5783
f 3741//5784 3742//5784 3743//5784
f 3743//5785 3742//5785 3744//5785
f 3726//5786 3745//5786 3724//5786
f 3724//5787 3745//5787 3746//5787
f 3724//5788 3746//5788 3742//5788
f 3742//5789 3746//5789 3747//5789
f 3742//5790 3747//5790 3744//5790
f 3719//5791 3722//5791 3717//5791
f 3717//5792 3722//5792 3724//5792
f 3717//5793 3724//5793 3718//5793
f 3718//5794 3724//5794 3742//5794
f 3718//5795 3742//5795 3711//5795
f 3711//5796 3742//5796 3740//5796
f 3711//5797 3740//5797 2836//5797
f 2836//5798 3740//5798 2837//5798
f 3744//5799 3747//5799 3748//5799
f 3745//5800 3726//5800 3749//5800
f 2956//5801 2955//5801 3750//5801
f 3751//5802 2974//5802 2976//5802
f 3739//5803 2976//5803 2977//5803
f 2977//5804 2979//5804 3739//5804
f 3739//5805 2979//5805 2981//5805
f 3739//5806 2981//5806 2896//5806
f 2969//5807 2914//5807 3752//5807
f 3752//5808 2914//5808 2913//5808
f 3752//5809 2913//5809 3751//5809
f 3751//5810 2913//5810 2972//5810
f 3751//5802 2972//5802 2974//5802
f 3753//5811 2965//5811 2968//5811
f 2968//5812 2967//5812 3753//5812
f 3753//5813 2967//5813 2971//5813
f 3753//5814 2971//5814 3752//5814
f 3752//5815 2971//5815 2970//5815
f 3752//5816 2970//5816 2969//5816
f 3754//5817 2916//5817 2918//5817
f 3754//5818 2918//5818 3753//5818
f 3753//5819 2918//5819 2963//5819
f 3753//5820 2963//5820 2965//5820
f 2962//5821 2961//5821 3754//5821
f 3754//5822 2961//5822 2960//5822
f 3754//5823 2960//5823 2916//5823
f 2955//5824 2953//5824 3750//5824
f 3750//5825 2953//5825 2952//5825
f 3750//5826 2952//5826 3754//5826
f 3754//5827 2952//5827 2958//5827
f 3754//5828 2958//5828 2962//5828
f 3755//5829 2948//5829 3750//5829
f 3750//5830 2948//5830 2957//5830
f 3750//5831 2957//5831 2956//5831
f 2951//5832 2950//5832 3755//5832
f 3755//5833 2950//5833 2949//5833
f 3755//5834 2949//5834 2948//5834
f 2939//5835 2945//5835 3756//5835
f 3756//5836 2945//5836 2944//5836
f 3756//5837 2944//5837 3755//5837
f 3755//5838 2944//5838 2946//5838
f 3755//5839 2946//5839 2951//5839
f 2934//5840 2933//5840 3757//5840
f 3757//5841 2933//5841 2943//5841
f 3757//5842 2943//5842 2942//5842
f 3758//5843 3759//5843 3760//5843
f 3760//5844 3759//5844 3761//5844
f 3760//5845 3761//5845 3762//5845
f 3763//5846 3764//5846 3765//5846
f 3766//5847 3767//5847 3768//5847
f 3768//5848 3767//5848 3769//5848
f 3768//5849 3769//5849 3770//5849
f 3770//5850 3771//5850 3768//5850
f 3768//5851 3771//5851 3772//5851
f 3768//5852 3772//5852 3763//5852
f 3763//5853 3772//5853 3773//5853
f 3763//5854 3773//5854 3764//5854
f 3774//5855 3775//5855 3776//5855
f 3776//5856 3775//5856 3777//5856
f 3776//5857 3777//5857 3778//5857
f 3779//5858 3780//5858 3781//5858
f 3781//5859 3780//5859 3749//5859
f 3781//5860 3749//5860 3782//5860
f 3782//5861 3749//5861 3783//5861
f 3779//5862 3784//5862 3780//5862
f 3780//5863 3784//5863 3785//5863
f 3780//5864 3785//5864 3774//5864
f 3774//5865 3785//5865 3786//5865
f 3774//5865 3786//5865 3775//5865
f 3745//5866 3749//5866 3746//5866
f 3747//5867 3746//5867 3748//5867
f 3748//5868 3746//5868 3749//5868
f 3748//5869 3749//5869 3787//5869
f 3787//5870 3749//5870 3780//5870
f 3787//5871 3780//5871 3788//5871
f 3788//5872 3780//5872 3774//5872
f 3788//5873 3774//5873 3789//5873
f 3789//5874 3774//5874 3776//5874
f 3789//5875 3776//5875 3790//5875
f 3790//5876 3776//5876 3766//5876
f 3790//5877 3766//5877 3791//5877
f 3791//5878 3766//5878 3768//5878
f 3791//5879 3768//5879 3760//5879
f 3760//5880 3768//5880 3763//5880
f 3760//5881 3763//5881 3758//5881
f 3758//5882 3763//5882 3765//5882
f 3758//5883 3765//5883 3792//5883
f 2942//5884 2940//5884 3757//5884
f 3757//5885 2940//5885 2939//5885
f 3757//5886 2939//5886 3793//5886
f 3793//5887 2939//5887 3756//5887
f 3793//5888 3756//5888 3794//5888
f 3794//5889 3756//5889 3795//5889
f 3783//5890 3749//5890 3796//5890
f 3796//5891 3749//5891 3726//5891
f 3796//5892 3726//5892 3728//5892
f 3778//5893 3797//5893 3776//5893
f 3776//5894 3797//5894 3798//5894
f 3776//5895 3798//5895 3766//5895
f 3766//5896 3798//5896 3799//5896
f 3766//5897 3799//5897 3767//5897
f 2976//5898 3739//5898 3751//5898
f 3751//5899 3739//5899 3741//5899
f 3751//5900 3741//5900 3743//5900
f 3743//5901 3744//5901 3751//5901
f 3751//5902 3744//5902 3748//5902
f 3751//5903 3748//5903 3752//5903
f 3752//5904 3748//5904 3787//5904
f 3752//5905 3787//5905 3753//5905
f 3753//5906 3787//5906 3788//5906
f 3753//5907 3788//5907 3754//5907
f 3754//5908 3788//5908 3789//5908
f 3754//5909 3789//5909 3750//5909
f 3750//5910 3789//5910 3790//5910
f 3750//5911 3790//5911 3755//5911
f 3755//5912 3790//5912 3791//5912
f 3755//5913 3791//5913 3756//5913
f 3756//5914 3791//5914 3760//5914
f 3756//5915 3760//5915 3795//5915
f 3795//5916 3760//5916 3762//5916
f 3800//5917 3801//5917 3802//5917
f 3803//5918 3804//5918 3805//5918
f 3806//5919 3807//5919 3808//5919
f 3254//5920 3809//5920 3810//5920
f 3811//5921 3812//5921 3813//5921
f 3814//5922 3811//5922 3815//5922
f 3815//5923 3811//5923 3254//5923
f 3815//5924 3254//5924 3814//5924
f 3814//5925 3254//5925 3810//5925
f 3814//5926 3810//5926 3811//5926
f 3811//5927 3810//5927 3809//5927
f 3811//5928 3809//5928 3812//5928
f 3812//5929 3809//5929 3254//5929
f 3812//5930 3254//5930 3813//5930
f 3813//5931 3254//5931 3816//5931
f 3813//5932 3816//5932 3811//5932
f 3808//5933 3807//5933 3817//5933
f 3251//5934 3250//5934 3818//5934
f 3818//5935 3819//5935 3251//5935
f 3251//5936 3819//5936 3820//5936
f 3251//5937 3820//5937 3252//5937
f 3252//5938 3820//5938 3817//5938
f 3252//5939 3817//5939 3253//5939
f 3253//5940 3817//5940 3807//5940
f 3253//5941 3807//5941 3254//5941
f 3254//5942 3807//5942 3806//5942
f 3254//5943 3806//5943 3816//5943
f 3816//5944 3806//5944 3808//5944
f 3816//5945 3808//5945 3811//5945
f 3821//5946 3822//5946 3823//5946
f 3823//5947 3822//5947 3824//5947
f 3823//5948 3824//5948 3825//5948
f 3825//5949 3824//5949 3826//5949
f 3825//5950 3826//5950 3827//5950
f 3805//5951 3804//5951 3823//5951
f 3823//5952 3804//5952 3828//5952
f 3823//5953 3828//5953 3829//5953
f 3829//5954 3830//5954 3823//5954
f 3823//5955 3830//5955 3831//5955
f 3823//5956 3831//5956 3821//5956
f 3761//5957 3759//5957 3805//5957
f 3805//5958 3759//5958 3758//5958
f 3758//5959 3792//5959 3805//5959
f 3805//5960 3792//5960 3832//5960
f 3805//5961 3832//5961 3803//5961
f 3255//5962 3259//5962 3802//5962
f 3802//5963 3259//5963 3261//5963
f 3802//5964 3261//5964 3263//5964
f 3248//5965 3825//5965 3249//5965
f 3249//5966 3825//5966 3827//5966
f 3249//5967 3827//5967 3250//5967
f 3250//5968 3827//5968 3833//5968
f 3250//5969 3833//5969 3818//5969
f 3248//5970 3247//5970 3825//5970
f 3825//5971 3247//5971 3258//5971
f 3825//5972 3258//5972 3823//5972
f 3823//5973 3258//5973 3257//5973
f 3823//5974 3257//5974 3834//5974
f 3834//5975 3257//5975 3256//5975
f 3794//5976 3795//5976 3800//5976
f 3800//5977 3795//5977 3762//5977
f 3264//5978 2934//5978 3835//5978
f 3835//5979 2934//5979 3757//5979
f 3835//5980 3757//5980 3793//5980
f 3263//5981 3264//5981 3802//5981
f 3802//5982 3264//5982 3835//5982
f 3802//5983 3835//5983 3800//5983
f 3800//5984 3835//5984 3793//5984
f 3800//5985 3793//5985 3794//5985
f 3762//5986 3761//5986 3800//5986
f 3800//5987 3761//5987 3805//5987
f 3800//5988 3805//5988 3801//5988
f 3801//5989 3805//5989 3823//5989
f 3801//5990 3823//5990 3802//5990
f 3802//5991 3823//5991 3834//5991
f 3802//5992 3834//5992 3255//5992
f 3255//5993 3834//5993 3256//5993
f 2984//5994 2983//5994 3203//5994
f 3202//5995 3201//5995 3836//5995
f 3151//5996 3150//5996 3837//5996
f 3838//5997 3839//5997 3840//5997
f 3840//5998 3839//5998 3841//5998
f 3840//5999 3841//5999 3842//5999
f 3843//6000 3844//6000 3845//6000
f 3843//6001 3846//6001 3844//6001
f 3844//6002 3846//6002 3847//6002
f 3844//6003 3847//6003 3848//6003
f 3849//6004 3850//6004 3845//6004
f 3845//6005 3850//6005 3851//6005
f 3845//6006 3851//6006 3843//6006
f 3852//6007 3853//6007 3854//6007
f 3854//6008 3853//6008 3855//6008
f 3854//6009 3855//6009 3849//6009
f 3849//6010 3855//6010 3856//6010
f 3849//6011 3856//6011 3850//6011
f 3852//6012 3854//6012 3857//6012
f 3857//6013 3854//6013 3836//6013
f 3857//6014 3836//6014 3837//6014
f 3837//6015 3836//6015 3201//6015
f 3837//6016 3201//6016 3151//6016
f 2984//6017 3203//6017 3858//6017
f 3858//6018 3203//6018 3859//6018
f 3858//6019 3859//6019 3860//6019
f 3861//6020 3034//6020 3033//6020
f 3033//6021 2986//6021 3858//6021
f 3858//6022 2986//6022 2985//6022
f 3858//6022 2985//6022 2984//6022
f 3034//6023 3861//6023 3035//6023
f 3035//6024 3861//6024 3862//6024
f 3035//6025 3862//6025 3036//6025
f 3863//6026 3038//6026 3862//6026
f 3862//6027 3038//6027 3037//6027
f 3862//6028 3037//6028 3036//6028
f 3029//6029 3028//6029 3864//6029
f 3864//6030 3028//6030 3027//6030
f 3864//6031 3027//6031 3863//6031
f 3863//6032 3027//6032 3039//6032
f 3863//6033 3039//6033 3038//6033
f 3865//6034 3025//6034 3032//6034
f 3203//6035 3202//6035 3859//6035
f 3859//6036 3202//6036 3836//6036
f 3859//6037 3836//6037 3860//6037
f 3860//6038 3836//6038 3854//6038
f 3860//6039 3854//6039 3866//6039
f 3866//6040 3854//6040 3849//6040
f 3866//6041 3849//6041 3867//6041
f 3867//6042 3849//6042 3845//6042
f 3867//6043 3845//6043 3868//6043
f 3868//6044 3845//6044 3844//6044
f 3026//6045 3025//6045 3869//6045
f 3869//6046 3025//6046 3865//6046
f 3869//6047 3865//6047 3870//6047
f 3870//6048 3865//6048 3871//6048
f 3870//6049 3871//6049 3872//6049
f 3839//6050 3873//6050 3841//6050
f 3841//6051 3873//6051 3874//6051
f 3841//6052 3874//6052 3875//6052
f 3875//6053 3874//6053 3876//6053
f 3875//6054 3876//6054 3877//6054
f 3877//6055 3876//6055 3878//6055
f 3877//6056 3878//6056 3879//6056
f 3879//6057 3878//6057 3880//6057
f 3879//6058 3880//6058 3871//6058
f 3871//6059 3880//6059 3881//6059
f 3871//6060 3881//6060 3872//6060
f 3031//6061 3030//6061 3882//6061
f 3882//6062 3030//6062 3029//6062
f 3882//6063 3029//6063 3883//6063
f 3883//6064 3029//6064 3864//6064
f 3883//6065 3864//6065 3884//6065
f 3884//6066 3864//6066 3885//6066
f 3032//6067 3031//6067 3865//6067
f 3865//6068 3031//6068 3882//6068
f 3865//6069 3882//6069 3871//6069
f 3871//6070 3882//6070 3883//6070
f 3871//6071 3883//6071 3879//6071
f 3879//6072 3883//6072 3884//6072
f 3879//6073 3884//6073 3877//6073
f 3877//6074 3884//6074 3885//6074
f 3877//6075 3885//6075 3875//6075
f 3875//6076 3885//6076 3886//6076
f 3875//6077 3886//6077 3841//6077
f 3841//6078 3886//6078 3887//6078
f 3841//6079 3887//6079 3842//6079
f 3033//6080 3858//6080 3861//6080
f 3861//6081 3858//6081 3860//6081
f 3861//6082 3860//6082 3862//6082
f 3862//6083 3860//6083 3866//6083
f 3862//6084 3866//6084 3863//6084
f 3863//6085 3866//6085 3867//6085
f 3863//6086 3867//6086 3864//6086
f 3864//6087 3867//6087 3868//6087
f 3864//6088 3868//6088 3885//6088
f 3885//6089 3868//6089 3844//6089
f 3885//6090 3844//6090 3886//6090
f 3886//6091 3844//6091 3848//6091
f 3886//6092 3848//6092 3887//6092
f 3878//6093 3876//6093 3888//6093
f 3889//6094 3040//6094 3041//6094
f 3041//6095 3026//6095 3869//6095
f 3869//6096 3870//6096 3041//6096
f 3041//6097 3870//6097 3872//6097
f 3041//6098 3872//6098 3889//6098
f 3890//6099 3873//6099 3891//6099
f 3891//6100 3873//6100 3839//6100
f 3891//6101 3839//6101 3838//6101
f 3888//6102 3876//6102 3892//6102
f 3892//6103 3876//6103 3874//6103
f 3892//6104 3874//6104 3893//6104
f 3893//6105 3874//6105 3873//6105
f 3893//6106 3873//6106 3894//6106
f 3894//6107 3873//6107 3890//6107
f 3894//6108 3890//6108 3895//6108
f 3888//6109 3896//6109 3878//6109
f 3878//6110 3896//6110 3897//6110
f 3878//6111 3897//6111 3880//6111
f 3880//6112 3897//6112 3898//6112
f 3880//6113 3898//6113 3881//6113
f 3881//6114 3898//6114 3899//6114
f 3881//6115 3899//6115 3872//6115
f 3872//6116 3899//6116 3900//6116
f 3872//6117 3900//6117 3889//6117
f 3042//6118 3045//6118 3901//6118
f 3068//6119 3075//6119 3902//6119
f 3064//6120 3040//6120 3889//6120
f 3070//6121 3069//6121 3903//6121
f 3903//6122 3069//6122 3065//6122
f 3903//6123 3065//6123 3904//6123
f 3904//6124 3065//6124 3064//6124
f 3071//6125 3905//6125 3072//6125
f 3072//6126 3905//6126 3906//6126
f 3072//6127 3906//6127 3073//6127
f 3902//6128 3075//6128 3906//6128
f 3906//6129 3075//6129 3074//6129
f 3906//6130 3074//6130 3073//6130
f 3053//6131 3066//6131 3052//6131
f 3052//6132 3066//6132 3067//6132
f 3907//6133 3908//6133 3909//6133
f 3909//6134 3908//6134 3910//6134
f 3909//6135 3910//6135 3911//6135
f 3911//6136 3910//6136 3912//6136
f 3911//6137 3912//6137 3913//6137
f 3898//6138 3897//6138 3914//6138
f 3064//6139 3889//6139 3904//6139
f 3904//6140 3889//6140 3900//6140
f 3904//6141 3900//6141 3899//6141
f 3071//6142 3070//6142 3905//6142
f 3905//6143 3070//6143 3903//6143
f 3905//6144 3903//6144 3915//6144
f 3915//6145 3903//6145 3904//6145
f 3915//6146 3904//6146 3916//6146
f 3916//6147 3904//6147 3899//6147
f 3916//6148 3899//6148 3898//6148
f 3067//6149 3068//6149 3052//6149
f 3052//6150 3068//6150 3902//6150
f 3052//6151 3902//6151 3051//6151
f 3905//6152 3917//6152 3906//6152
f 3906//6153 3917//6153 3918//6153
f 3906//6154 3918//6154 3902//6154
f 3902//6155 3918//6155 3063//6155
f 3902//6156 3063//6156 3051//6156
f 3047//6157 3062//6157 3919//6157
f 3920//6158 3921//6158 3922//6158
f 3922//6159 3921//6159 3901//6159
f 3922//6160 3901//6160 3919//6160
f 3919//6161 3901//6161 3045//6161
f 3919//6162 3045//6162 3047//6162
f 3898//6163 3914//6163 3916//6163
f 3916//6164 3914//6164 3923//6164
f 3916//6165 3923//6165 3915//6165
f 3915//6166 3923//6166 3920//6166
f 3915//6167 3920//6167 3905//6167
f 3905//6168 3920//6168 3922//6168
f 3905//6169 3922//6169 3917//6169
f 3917//6170 3922//6170 3919//6170
f 3917//6171 3919//6171 3918//6171
f 3918//6172 3919//6172 3062//6172
f 3918//6173 3062//6173 3063//6173
f 3924//6174 3888//6174 3912//6174
f 3912//6175 3888//6175 3892//6175
f 3895//6176 3913//6176 3894//6176
f 3894//6177 3913//6177 3912//6177
f 3894//6178 3912//6178 3893//6178
f 3893//6179 3912//6179 3892//6179
f 3043//6180 3908//6180 3058//6180
f 3058//6181 3908//6181 3907//6181
f 3058//6182 3907//6182 3057//6182
f 3043//6183 3042//6183 3908//6183
f 3908//6184 3042//6184 3901//6184
f 3908//6185 3901//6185 3910//6185
f 3910//6186 3901//6186 3921//6186
f 3910//6187 3921//6187 3912//6187
f 3912//6188 3921//6188 3920//6188
f 3912//6189 3920//6189 3924//6189
f 3924//6190 3920//6190 3923//6190
f 3924//6191 3923//6191 3888//6191
f 3888//6192 3923//6192 3914//6192
f 3888//6193 3914//6193 3896//6193
f 3896//6194 3914//6194 3897//6194
f 3238//6195 3237//6195 3925//6195
f 3193//6196 3192//6196 3926//6196
f 3292//6197 3293//6197 3927//6197
f 3283//6198 3282//6198 3928//6198
f 3928//6199 3282//6199 3281//6199
f 3928//6200 3281//6200 3288//6200
f 3270//6201 3283//6201 3305//6201
f 3305//6202 3283//6202 3928//6202
f 3305//6203 3928//6203 3306//6203
f 3306//6204 3928//6204 3304//6204
f 3302//6205 3303//6205 3929//6205
f 3929//6206 3303//6206 3304//6206
f 3299//6207 3300//6207 3930//6207
f 3930//6208 3300//6208 3301//6208
f 3931//6209 3298//6209 3299//6209
f 3294//6210 3295//6210 3932//6210
f 3932//6211 3295//6211 3296//6211
f 3932//6212 3296//6212 3931//6212
f 3931//6213 3296//6213 3297//6213
f 3931//6214 3297//6214 3298//6214
f 3192//6215 3190//6215 3926//6215
f 3926//6216 3190//6216 3136//6216
f 3926//6217 3136//6217 3291//6217
f 3291//6218 3136//6218 3133//6218
f 3133//6219 3108//6219 3291//6219
f 3291//6220 3108//6220 3107//6220
f 3291//6221 3107//6221 3112//6221
f 3112//6222 3122//6222 3291//6222
f 3291//6223 3122//6223 3124//6223
f 3291//6224 3124//6224 3290//6224
f 3290//6225 3124//6225 3125//6225
f 3290//6226 3125//6226 3289//6226
f 3289//6227 3125//6227 3126//6227
f 3289//6228 3126//6228 3079//6228
f 3079//6229 3126//6229 3081//6229
f 3079//6230 3081//6230 3078//6230
f 3078//6231 3081//6231 3080//6231
f 3078//6232 3080//6232 3076//6232
f 3080//6233 3089//6233 3076//6233
f 3076//6234 3089//6234 3088//6234
f 3076//6235 3088//6235 3077//6235
f 3088//6236 3055//6236 3077//6236
f 3077//6237 3055//6237 3054//6237
f 3077//6238 3054//6238 3933//6238
f 3933//6239 3054//6239 3057//6239
f 3193//6240 3926//6240 3140//6240
f 3140//6241 3926//6241 3934//6241
f 3140//6242 3934//6242 3141//6242
f 3183//6243 3189//6243 3935//6243
f 3935//6244 3189//6244 3188//6244
f 3935//6245 3188//6245 3934//6245
f 3934//6246 3188//6246 3187//6246
f 3934//6246 3187//6246 3141//6246
f 3186//6247 3185//6247 3936//6247
f 3936//6248 3185//6248 3935//6248
f 3935//6249 3185//6249 3184//6249
f 3935//6243 3184//6243 3183//6243
f 3177//6250 3181//6250 3936//6250
f 3936//6251 3181//6251 3180//6251
f 3936//6252 3180//6252 3186//6252
f 3175//6253 3173//6253 3937//6253
f 3937//6254 3173//6254 3171//6254
f 3937//6255 3171//6255 3170//6255
f 3160//6256 3938//6256 3161//6256
f 3161//6257 3938//6257 3939//6257
f 3161//6258 3939//6258 3156//6258
f 3156//6259 3939//6259 3940//6259
f 3156//6260 3940//6260 3154//6260
f 3160//6261 3158//6261 3938//6261
f 3938//6262 3158//6262 3157//6262
f 3938//6263 3157//6263 3941//6263
f 3941//6264 3157//6264 3165//6264
f 3941//6265 3165//6265 3942//6265
f 3163//6266 3162//6266 3925//6266
f 3162//6267 3147//6267 3925//6267
f 3925//6268 3147//6268 3146//6268
f 3925//6269 3146//6269 3169//6269
f 3169//6270 3167//6270 3925//6270
f 3925//6271 3167//6271 3144//6271
f 3925//6272 3144//6272 3937//6272
f 3937//6273 3144//6273 3143//6273
f 3937//6274 3143//6274 3175//6274
f 3943//6275 3150//6275 3149//6275
f 3943//6276 3149//6276 3940//6276
f 3940//6277 3149//6277 3152//6277
f 3940//6278 3152//6278 3154//6278
f 3237//6279 3244//6279 3925//6279
f 3925//6280 3244//6280 3246//6280
f 3925//6280 3246//6280 3254//6280
f 3165//6281 3163//6281 3942//6281
f 3942//6282 3163//6282 3925//6282
f 3942//6283 3925//6283 3944//6283
f 3944//6284 3925//6284 3254//6284
f 3945//6285 3234//6285 3236//6285
f 3236//6286 3243//6286 3945//6286
f 3945//6287 3243//6287 3242//6287
f 3945//6288 3242//6288 3240//6288
f 3946//6289 3223//6289 3225//6289
f 3230//6290 3229//6290 3947//6290
f 3229//6291 3227//6291 3947//6291
f 3947//6292 3227//6292 3226//6292
f 3947//6293 3226//6293 3231//6293
f 3223//6294 3946//6294 3219//6294
f 3219//6295 3946//6295 3948//6295
f 3219//6296 3948//6296 3220//6296
f 3220//6297 3948//6297 3222//6297
f 3222//6298 3948//6298 3271//6298
f 3222//6299 3271//6299 3269//6299
f 3949//6300 3273//6300 3948//6300
f 3948//6301 3273//6301 3272//6301
f 3948//6301 3272//6301 3271//6301
f 3304//6302 3928//6302 3929//6302
f 3929//6303 3928//6303 3288//6303
f 3929//6304 3288//6304 3950//6304
f 3950//6305 3288//6305 3287//6305
f 3950//6306 3287//6306 3949//6306
f 3949//6307 3287//6307 3286//6307
f 3949//6307 3286//6307 3273//6307
f 3951//6308 3952//6308 3953//6308
f 3953//6309 3952//6309 3954//6309
f 3953//6310 3954//6310 3955//6310
f 3955//6311 3954//6311 3947//6311
f 3955//6312 3947//6312 3956//6312
f 3956//6313 3947//6313 3231//6313
f 3956//6314 3231//6314 3233//6314
f 3177//6315 3936//6315 3170//6315
f 3170//6316 3936//6316 3957//6316
f 3170//6317 3957//6317 3937//6317
f 3937//6318 3957//6318 3945//6318
f 3937//6319 3945//6319 3925//6319
f 3925//6320 3945//6320 3240//6320
f 3925//6321 3240//6321 3238//6321
f 3927//6322 3958//6322 3951//6322
f 3951//6323 3958//6323 3959//6323
f 3951//6324 3959//6324 3952//6324
f 3291//6325 3292//6325 3926//6325
f 3926//6326 3292//6326 3927//6326
f 3926//6327 3927//6327 3934//6327
f 3934//6328 3927//6328 3951//6328
f 3934//6329 3951//6329 3935//6329
f 3935//6330 3951//6330 3953//6330
f 3935//6331 3953//6331 3936//6331
f 3936//6332 3953//6332 3955//6332
f 3936//6333 3955//6333 3957//6333
f 3957//6334 3955//6334 3956//6334
f 3957//6335 3956//6335 3945//6335
f 3945//6336 3956//6336 3233//6336
f 3945//6337 3233//6337 3234//6337
f 3299//6338 3930//6338 3931//6338
f 3931//6339 3930//6339 3960//6339
f 3931//6340 3960//6340 3932//6340
f 3946//6341 3961//6341 3948//6341
f 3948//6342 3961//6342 3962//6342
f 3948//6343 3962//6343 3949//6343
f 3949//6344 3962//6344 3963//6344
f 3949//6345 3963//6345 3950//6345
f 3950//6346 3963//6346 3960//6346
f 3950//6347 3960//6347 3929//6347
f 3929//6348 3960//6348 3930//6348
f 3929//6349 3930//6349 3302//6349
f 3302//6350 3930//6350 3301//6350
f 3225//6351 3230//6351 3946//6351
f 3946//6352 3230//6352 3947//6352
f 3946//6353 3947//6353 3961//6353
f 3961//6354 3947//6354 3954//6354
f 3961//6355 3954//6355 3962//6355
f 3962//6356 3954//6356 3952//6356
f 3962//6357 3952//6357 3963//6357
f 3963//6358 3952//6358 3959//6358
f 3963//6359 3959//6359 3960//6359
f 3960//6360 3959//6360 3958//6360
f 3960//6361 3958//6361 3932//6361
f 3932//6362 3958//6362 3927//6362
f 3932//6363 3927//6363 3294//6363
f 3294//6364 3927//6364 3293//6364
f 3964//6365 3965//6365 3966//6365
f 3966//6366 3965//6366 3967//6366
f 3968//6367 3307//6367 3308//6367
f 3309//6368 3969//6368 3308//6368
f 3308//6369 3969//6369 3970//6369
f 3308//6370 3970//6370 3968//6370
f 3971//6371 3972//6371 3973//6371
f 3971//6372 3973//6372 3974//6372
f 3967//6373 3974//6373 3966//6373
f 3966//6374 3974//6374 3973//6374
f 3966//6375 3973//6375 3975//6375
f 3975//6376 3973//6376 3976//6376
f 3975//6377 3976//6377 3977//6377
f 3966//6378 3978//6378 3964//6378
f 3964//6379 3978//6379 3979//6379
f 3964//6380 3979//6380 3980//6380
f 3980//6381 3979//6381 3981//6381
f 3980//6382 3981//6382 3982//6382
f 3982//6383 3981//6383 3983//6383
f 3982//6384 3983//6384 3984//6384
f 3984//6385 3983//6385 3985//6385
f 3984//6386 3985//6386 3986//6386
f 3986//6387 3985//6387 3970//6387
f 3986//6388 3970//6388 3987//6388
f 3987//6389 3970//6389 3969//6389
f 3988//6390 3989//6390 3990//6390
f 3991//6391 3992//6391 3993//6391
f 3994//6392 3314//6392 3313//6392
f 3319//6393 3318//6393 3995//6393
f 3996//6394 3997//6394 3988//6394
f 3998//6395 3999//6395 4000//6395
f 4001//6396 4002//6396 4003//6396
f 4004//6397 4005//6397 4006//6397
f 4006//6398 4005//6398 4007//6398
f 4006//6399 4007//6399 4008//6399
f 4009//6400 4010//6400 4011//6400
f 4011//6401 4010//6401 4012//6401
f 4011//6402 4012//6402 4004//6402
f 4004//6403 4012//6403 4013//6403
f 4004//6404 4013//6404 4005//6404
f 4009//6405 4011//6405 4014//6405
f 4014//6406 4011//6406 4015//6406
f 4014//6407 4015//6407 4016//6407
f 4017//6408 4018//6408 4019//6408
f 4019//6409 4018//6409 4020//6409
f 4017//6410 4019//6410 4021//6410
f 4021//6411 4019//6411 4022//6411
f 4021//6412 4022//6412 4023//6412
f 4023//6413 4022//6413 4024//6413
f 4024//6414 4022//6414 4025//6414
f 4024//6415 4025//6415 4026//6415
f 4027//6416 4028//6416 4025//6416
f 4025//6417 4028//6417 4029//6417
f 4025//6418 4029//6418 4026//6418
f 4030//6419 4031//6419 4027//6419
f 4027//6420 4031//6420 4032//6420
f 4027//6421 4032//6421 4028//6421
f 4033//6422 4034//6422 4030//6422
f 4030//6423 4034//6423 4035//6423
f 4030//6424 4035//6424 4031//6424
f 4036//6425 4037//6425 4038//6425
f 4038//6426 4037//6426 4039//6426
f 4038//6427 4039//6427 3999//6427
f 3998//6428 4000//6428 4040//6428
f 4040//6429 4000//6429 4041//6429
f 4041//6430 4000//6430 4042//6430
f 4041//6431 4042//6431 4043//6431
f 4043//6432 4042//6432 4044//6432
f 4044//6433 4042//6433 4045//6433
f 4044//6434 4045//6434 4046//6434
f 3989//6435 4047//6435 4045//6435
f 4045//6436 4047//6436 4048//6436
f 4045//6437 4048//6437 4046//6437
f 3997//6438 4049//6438 3988//6438
f 3988//6439 4049//6439 4050//6439
f 3988//6440 4050//6440 3989//6440
f 3989//6441 4050//6441 4051//6441
f 3989//6442 4051//6442 4047//6442
f 4052//6443 4053//6443 4054//6443
f 4054//6444 4053//6444 3996//6444
f 4055//6445 4056//6445 4057//6445
f 4057//6446 4056//6446 4058//6446
f 4057//6447 4058//6447 4054//6447
f 4054//6448 4058//6448 4059//6448
f 4054//6449 4059//6449 4052//6449
f 4055//6450 4057//6450 4060//6450
f 4060//6451 4057//6451 4061//6451
f 4060//6452 4061//6452 4062//6452
f 4062//6453 4061//6453 4063//6453
f 4062//6454 4063//6454 4064//6454
f 3977//6455 4065//6455 4063//6455
f 4063//6456 4065//6456 4066//6456
f 4063//6457 4066//6457 4064//6457
f 4067//6458 3352//6458 3310//6458
f 3356//6459 3355//6459 4068//6459
f 4068//6460 3355//6460 3354//6460
f 4068//6461 3354//6461 4067//6461
f 4067//6462 3354//6462 3353//6462
f 4067//6463 3353//6463 3352//6463
f 4069//6464 3357//6464 3356//6464
f 4069//6465 3356//6465 4070//6465
f 3357//6466 4069//6466 3358//6466
f 3358//6467 4069//6467 4071//6467
f 3358//6468 4071//6468 3359//6468
f 4072//6469 3351//6469 4071//6469
f 4071//6470 3351//6470 3350//6470
f 4071//6471 3350//6471 3359//6471
f 3345//6472 3344//6472 4073//6472
f 4073//6473 3344//6473 3348//6473
f 4073//6474 3348//6474 4072//6474
f 4072//6475 3348//6475 3349//6475
f 4072//6476 3349//6476 3351//6476
f 3345//6477 4073//6477 3346//6477
f 3346//6478 4073//6478 4074//6478
f 3346//6479 4074//6479 3347//6479
f 3347//6480 4074//6480 3340//6480
f 3340//6481 4074//6481 4075//6481
f 3340//6482 4075//6482 3341//6482
f 3336//6483 3335//6483 4076//6483
f 4076//6484 3335//6484 3334//6484
f 4076//6485 3334//6485 4077//6485
f 4077//6486 3334//6486 3343//6486
f 4077//6487 3343//6487 4075//6487
f 4075//6488 3343//6488 3342//6488
f 4075//6489 3342//6489 3341//6489
f 3333//6490 3337//6490 4078//6490
f 4078//6491 3337//6491 3338//6491
f 3336//6492 4076//6492 3339//6492
f 3339//6493 4076//6493 4079//6493
f 3339//6494 4079//6494 3338//6494
f 3338//6495 4079//6495 4080//6495
f 3338//6496 4080//6496 4078//6496
f 3329//6497 3330//6497 4081//6497
f 3329//6498 4081//6498 3323//6498
f 3324//6499 4082//6499 3325//6499
f 3325//6500 4082//6500 4083//6500
f 3318//6501 3328//6501 3995//6501
f 3995//6502 3328//6502 3327//6502
f 3995//6503 3327//6503 4083//6503
f 4083//6504 3327//6504 3326//6504
f 4083//6505 3326//6505 3325//6505
f 3320//6506 4084//6506 3321//6506
f 3321//6507 4084//6507 4085//6507
f 3321//6508 4085//6508 3322//6508
f 3311//6509 3317//6509 4086//6509
f 4086//6510 3317//6510 3316//6510
f 4086//6511 3316//6511 3994//6511
f 3994//6512 3316//6512 3315//6512
f 3994//6392 3315//6392 3314//6392
f 4087//6513 4006//6513 4003//6513
f 4003//6514 4006//6514 4008//6514
f 4003//6515 4008//6515 4001//6515
f 3992//6516 4088//6516 3993//6516
f 3993//6517 4088//6517 4089//6517
f 3993//6518 4089//6518 4090//6518
f 4090//6519 4089//6519 4091//6519
f 4090//6520 4091//6520 4092//6520
f 4093//6521 4015//6521 4092//6521
f 4092//6522 4015//6522 4011//6522
f 4092//6523 4011//6523 4090//6523
f 4090//6524 4011//6524 4004//6524
f 4090//6525 4004//6525 3993//6525
f 3993//6526 4004//6526 4006//6526
f 3993//6527 4006//6527 3991//6527
f 3991//6528 4006//6528 4087//6528
f 4019//6529 4094//6529 4022//6529
f 4022//6530 4094//6530 4095//6530
f 4022//6531 4095//6531 4025//6531
f 4025//6532 4095//6532 4096//6532
f 4025//6533 4096//6533 4027//6533
f 4027//6534 4096//6534 4097//6534
f 4027//6535 4097//6535 4030//6535
f 3990//6536 3989//6536 4098//6536
f 4098//6537 3989//6537 4045//6537
f 4098//6538 4045//6538 4099//6538
f 4099//6539 4045//6539 4042//6539
f 4099//6540 4042//6540 4100//6540
f 4100//6541 4042//6541 4000//6541
f 4100//6542 4000//6542 4101//6542
f 4101//6543 4000//6543 3999//6543
f 4101//6544 3999//6544 4102//6544
f 4102//6545 3999//6545 4039//6545
f 4102//6546 4039//6546 4103//6546
f 4104//6547 4105//6547 4106//6547
f 4107//6548 4108//6548 4109//6548
f 4109//6549 4108//6549 4110//6549
f 4106//6550 4111//6550 4104//6550
f 4104//6551 4111//6551 3988//6551
f 4104//6552 3988//6552 4112//6552
f 4112//6553 3988//6553 3990//6553
f 3979//6554 3978//6554 4063//6554
f 3978//6555 3966//6555 4063//6555
f 4063//6556 3966//6556 3975//6556
f 4063//6557 3975//6557 3977//6557
f 4113//6558 4110//6558 4114//6558
f 4114//6559 4110//6559 4108//6559
f 4114//6560 4108//6560 4105//6560
f 4105//6561 4108//6561 4107//6561
f 4105//6562 4107//6562 4106//6562
f 3970//6563 4067//6563 3968//6563
f 3968//6564 4067//6564 3310//6564
f 3968//6565 3310//6565 3307//6565
f 3356//6566 4068//6566 4070//6566
f 4070//6567 4068//6567 4067//6567
f 4070//6568 4067//6568 4115//6568
f 4115//6569 4067//6569 3970//6569
f 4115//6570 3970//6570 3985//6570
f 3322//6571 4085//6571 3313//6571
f 3313//6572 4085//6572 4116//6572
f 3313//6573 4116//6573 3994//6573
f 3994//6574 4116//6574 4117//6574
f 3994//6575 4117//6575 4086//6575
f 4118//6576 4119//6576 4117//6576
f 3312//6577 3311//6577 4120//6577
f 4120//6578 3311//6578 4086//6578
f 4120//6579 4086//6579 4121//6579
f 4121//6580 4086//6580 4117//6580
f 4121//6581 4117//6581 4122//6581
f 4122//6582 4117//6582 4119//6582
f 4084//6583 4123//6583 4085//6583
f 4085//6584 4123//6584 4124//6584
f 4085//6585 4124//6585 4116//6585
f 4116//6586 4124//6586 4125//6586
f 4116//6587 4125//6587 4117//6587
f 4117//6588 4125//6588 4126//6588
f 4117//6589 4126//6589 4118//6589
f 4037//6590 4127//6590 4039//6590
f 4039//6591 4127//6591 4128//6591
f 4039//6592 4128//6592 4103//6592
f 4103//6593 4128//6593 4129//6593
f 4103//6594 4129//6594 4130//6594
f 4130//6595 4129//6595 4081//6595
f 4130//6596 4081//6596 3332//6596
f 3332//6597 4081//6597 3330//6597
f 4127//6598 4131//6598 4128//6598
f 4128//6599 4131//6599 4132//6599
f 4128//6600 4132//6600 4129//6600
f 4129//6601 4132//6601 4133//6601
f 4129//6602 4133//6602 4081//6602
f 4081//6603 4133//6603 4082//6603
f 4081//6604 4082//6604 3323//6604
f 3323//6605 4082//6605 3324//6605
f 4131//6606 4033//6606 4132//6606
f 4132//6607 4033//6607 4030//6607
f 4132//6608 4030//6608 4133//6608
f 4133//6609 4030//6609 4097//6609
f 4133//6610 4097//6610 4082//6610
f 4082//6611 4097//6611 4096//6611
f 4082//6612 4096//6612 4083//6612
f 4083//6613 4096//6613 4095//6613
f 4083//6614 4095//6614 3995//6614
f 3995//6615 4095//6615 4094//6615
f 3995//6616 4094//6616 4093//6616
f 4093//6617 4094//6617 4019//6617
f 4093//6618 4019//6618 4015//6618
f 4015//6619 4019//6619 4020//6619
f 4015//6620 4020//6620 4016//6620
f 3320//6621 3319//6621 4084//6621
f 4084//6622 3319//6622 3995//6622
f 4084//6623 3995//6623 4123//6623
f 4123//6624 3995//6624 4093//6624
f 4123//6625 4093//6625 4124//6625
f 4124//6626 4093//6626 4092//6626
f 4124//6627 4092//6627 4125//6627
f 4125//6628 4092//6628 4091//6628
f 4125//6629 4091//6629 4126//6629
f 4126//6630 4091//6630 4089//6630
f 4126//6631 4089//6631 4118//6631
f 4118//6632 4089//6632 4088//6632
f 3996//6633 3988//6633 4054//6633
f 4054//6634 3988//6634 4111//6634
f 4054//6635 4111//6635 4057//6635
f 4057//6636 4111//6636 4106//6636
f 4057//6637 4106//6637 4061//6637
f 4061//6638 4106//6638 4107//6638
f 4061//6639 4107//6639 4063//6639
f 4063//6640 4107//6640 4109//6640
f 4063//6641 4109//6641 3979//6641
f 3979//6642 4109//6642 4110//6642
f 3979//6643 4110//6643 3981//6643
f 3981//6644 4110//6644 4113//6644
f 3981//6645 4113//6645 3983//6645
f 3332//6646 3333//6646 4130//6646
f 4130//6647 3333//6647 4078//6647
f 4130//6648 4078//6648 4103//6648
f 4103//6649 4078//6649 4080//6649
f 4103//6650 4080//6650 4102//6650
f 4102//6651 4080//6651 4079//6651
f 4102//6652 4079//6652 4101//6652
f 4101//6653 4079//6653 4076//6653
f 4101//6654 4076//6654 4100//6654
f 4100//6655 4076//6655 4077//6655
f 4100//6656 4077//6656 4099//6656
f 4099//6657 4077//6657 4075//6657
f 4099//6658 4075//6658 4098//6658
f 4098//6659 4075//6659 4074//6659
f 4098//6660 4074//6660 3990//6660
f 3990//6661 4074//6661 4073//6661
f 3990//6662 4073//6662 4112//6662
f 4112//6663 4073//6663 4072//6663
f 4112//6664 4072//6664 4104//6664
f 4104//6665 4072//6665 4071//6665
f 4104//6666 4071//6666 4105//6666
f 4105//6667 4071//6667 4069//6667
f 4105//6668 4069//6668 4114//6668
f 4114//6669 4069//6669 4070//6669
f 4114//6670 4070//6670 4113//6670
f 4113//6671 4070//6671 4115//6671
f 4113//6672 4115//6672 3983//6672
f 3983//6673 4115//6673 3985//6673
f 4088//6674 3992//6674 4134//6674
f 4122//6675 4135//6675 3361//6675
f 3361//6676 4135//6676 3360//6676
f 3312//6677 4120//6677 3361//6677
f 3361//6678 4120//6678 4121//6678
f 3361//6679 4121//6679 4122//6679
f 4002//6680 4136//6680 4003//6680
f 4003//6681 4136//6681 4137//6681
f 4003//6682 4137//6682 4087//6682
f 4134//6683 3992//6683 4138//6683
f 4138//6684 3992//6684 3991//6684
f 4138//6685 3991//6685 4139//6685
f 4139//6686 3991//6686 4087//6686
f 4139//6687 4087//6687 4140//6687
f 4140//6688 4087//6688 4137//6688
f 4140//6689 4137//6689 4141//6689
f 4134//6690 4142//6690 4088//6690
f 4088//6691 4142//6691 4143//6691
f 4088//6692 4143//6692 4118//6692
f 4118//6693 4143//6693 4144//6693
f 4118//6694 4144//6694 4119//6694
f 4119//6695 4144//6695 4145//6695
f 4119//6696 4145//6696 4122//6696
f 4122//6697 4145//6697 4146//6697
f 4122//6698 4146//6698 4135//6698
f 4147//6699 4148//6699 4149//6699
f 4150//6700 4151//6700 4152//6700
f 3369//6701 3368//6701 4153//6701
f 4154//6702 3366//6702 3360//6702
f 3366//6703 4154//6703 3367//6703
f 3370//6704 4155//6704 3371//6704
f 3371//6705 4155//6705 4156//6705
f 3371//6706 4156//6706 3372//6706
f 3372//6707 4156//6707 3365//6707
f 3365//6708 4156//6708 4157//6708
f 3365//6709 4157//6709 3364//6709
f 3364//6710 4157//6710 3363//6710
f 3363//6711 4157//6711 4158//6711
f 3363//6712 4158//6712 3362//6712
f 4149//6713 4159//6713 4160//6713
f 4161//6714 4162//6714 4148//6714
f 4148//6715 4162//6715 4163//6715
f 4148//6716 4163//6716 4149//6716
f 4149//6717 4163//6717 4164//6717
f 4149//6718 4164//6718 4159//6718
f 4143//6719 4165//6719 4144//6719
f 4144//6720 4165//6720 4166//6720
f 4144//6721 4166//6721 4145//6721
f 4145//6722 4166//6722 4167//6722
f 4145//6723 4167//6723 4146//6723
f 4146//6724 4167//6724 4154//6724
f 4146//6725 4154//6725 4135//6725
f 4135//6726 4154//6726 3360//6726
f 4165//6727 4168//6727 4166//6727
f 4166//6728 4168//6728 4169//6728
f 4166//6729 4169//6729 4167//6729
f 4167//6730 4169//6730 4153//6730
f 4167//6731 4153//6731 4154//6731
f 4154//6732 4153//6732 3368//6732
f 4154//6733 3368//6733 3367//6733
f 3370//6734 3369//6734 4155//6734
f 4155//6735 3369//6735 4153//6735
f 4155//6736 4153//6736 4170//6736
f 4170//6737 4153//6737 4169//6737
f 4170//6738 4169//6738 4171//6738
f 4171//6739 4169//6739 4168//6739
f 4172//6740 4173//6740 4174//6740
f 4174//6741 4173//6741 4175//6741
f 4176//6742 4177//6742 4178//6742
f 4179//6743 4172//6743 4178//6743
f 4178//6744 4172//6744 4174//6744
f 4178//6745 4174//6745 4176//6745
f 4176//6746 4174//6746 4175//6746
f 4176//6747 4175//6747 4180//6747
f 4181//6748 4134//6748 4152//6748
f 4152//6749 4134//6749 4138//6749
f 4141//6750 4150//6750 4140//6750
f 4140//6751 4150//6751 4152//6751
f 4140//6752 4152//6752 4139//6752
f 4139//6753 4152//6753 4138//6753
f 4182//6754 4149//6754 4183//6754
f 4183//6755 4149//6755 4160//6755
f 4183//6756 4160//6756 4184//6756
f 4151//6757 4161//6757 4152//6757
f 4152//6758 4161//6758 4148//6758
f 4152//6759 4148//6759 4181//6759
f 4181//6760 4148//6760 4147//6760
f 4181//6761 4147//6761 4180//6761
f 4180//6762 4147//6762 4149//6762
f 4180//6763 4149//6763 4176//6763
f 4176//6764 4149//6764 4182//6764
f 4176//6765 4182//6765 4177//6765
f 4143//6766 4142//6766 4165//6766
f 4165//6767 4142//6767 4134//6767
f 4165//6768 4134//6768 4168//6768
f 4168//6769 4134//6769 4181//6769
f 4168//6770 4181//6770 4171//6770
f 4171//6771 4181//6771 4180//6771
f 4171//6772 4180//6772 4170//6772
f 4170//6773 4180//6773 4175//6773
f 4170//6774 4175//6774 4155//6774
f 4155//6775 4175//6775 4173//6775
f 4155//6776 4173//6776 4156//6776
f 4156//6777 4173//6777 4172//6777
f 4156//6778 4172//6778 4157//6778
f 4157//6779 4172//6779 4179//6779
f 4157//6780 4179//6780 4158//6780
f 4185//6781 4186//6781 4187//6781
f 4183//6782 4184//6782 4188//6782
f 4186//6783 3379//6783 3382//6783
f 4182//6784 4187//6784 4177//6784
f 4177//6785 4187//6785 4186//6785
f 4177//6786 4186//6786 4178//6786
f 4178//6787 4186//6787 3382//6787
f 4178//6788 3382//6788 4179//6788
f 4179//6789 3382//6789 3384//6789
f 4179//6790 3384//6790 4158//6790
f 4158//6791 3384//6791 2170//6791
f 4158//6792 2170//6792 3362//6792
f 3388//6793 2200//6793 4189//6793
f 4189//6794 2200//6794 4185//6794
f 2200//6795 3377//6795 4185//6795
f 4185//6796 3377//6796 3381//6796
f 4185//6797 3381//6797 4186//6797
f 4186//6798 3381//6798 3380//6798
f 4186//6799 3380//6799 3379//6799
f 4190//6800 4191//6800 4187//6800
f 4187//6801 4191//6801 4192//6801
f 4187//6802 4192//6802 4185//6802
f 4185//6803 4192//6803 4193//6803
f 4185//6804 4193//6804 4189//6804
f 4182//6805 4183//6805 4187//6805
f 4187//6806 4183//6806 4188//6806
f 4187//6807 4188//6807 4190//6807
f 4190//6808 4188//6808 4194//6808
f 4190//6809 4194//6809 4195//6809
f 3986//6810 3987//6810 4196//6810
f 3393//6811 3389//6811 4197//6811
f 3398//6812 3397//6812 4198//6812
f 4198//6813 3397//6813 3396//6813
f 4198//6814 3396//6814 4199//6814
f 4199//6815 3396//6815 3395//6815
f 4199//6816 3395//6816 4200//6816
f 4200//6817 3395//6817 3394//6817
f 4200//6818 3394//6818 3393//6818
f 3398//6819 4198//6819 3392//6819
f 3392//6820 4198//6820 4201//6820
f 3392//6821 4201//6821 3391//6821
f 3969//6822 3309//6822 4201//6822
f 4201//6823 3309//6823 3390//6823
f 4201//6824 3390//6824 3391//6824
f 4202//6825 4203//6825 4204//6825
f 4204//6826 4203//6826 4205//6826
f 4204//6827 4205//6827 4206//6827
f 4206//6828 4205//6828 4207//6828
f 4206//6829 4207//6829 4208//6829
f 4208//6830 4207//6830 4209//6830
f 4208//6831 4209//6831 4210//6831
f 4210//6832 4209//6832 4211//6832
f 4210//6833 4211//6833 4212//6833
f 3389//6834 3388//6834 4197//6834
f 4197//6835 3388//6835 4189//6835
f 4197//6836 4189//6836 4213//6836
f 4213//6837 4189//6837 4193//6837
f 3393//6838 4197//6838 4200//6838
f 4200//6839 4197//6839 4213//6839
f 4200//6840 4213//6840 4199//6840
f 4199//6841 4213//6841 4214//6841
f 4199//6842 4214//6842 4215//6842
f 4196//6843 4216//6843 4217//6843
f 4217//6844 4216//6844 4218//6844
f 4217//6845 4218//6845 4215//6845
f 4215//6846 4218//6846 4199//6846
f 4199//6847 4218//6847 4216//6847
f 4199//6848 4216//6848 4198//6848
f 4198//6849 4216//6849 4196//6849
f 4198//6850 4196//6850 4201//6850
f 4201//6851 4196//6851 3987//6851
f 4201//6852 3987//6852 3969//6852
f 3965//6853 3964//6853 4219//6853
f 4219//6854 3964//6854 3980//6854
f 4219//6855 3980//6855 4217//6855
f 4217//6856 3980//6856 3982//6856
f 4217//6857 3982//6857 4196//6857
f 4196//6858 3982//6858 3984//6858
f 4196//6859 3984//6859 3986//6859
f 4211//6860 3972//6860 4212//6860
f 4212//6861 3972//6861 3971//6861
f 4212//6862 3971//6862 3974//6862
f 3974//6863 3967//6863 4212//6863
f 4212//6864 3967//6864 4220//6864
f 4212//6865 4220//6865 4210//6865
f 4210//6866 4220//6866 4221//6866
f 4210//6867 4221//6867 4208//6867
f 4208//6868 4221//6868 4222//6868
f 4208//6869 4222//6869 4206//6869
f 4195//6870 4202//6870 4190//6870
f 4190//6871 4202//6871 4204//6871
f 4190//6872 4204//6872 4191//6872
f 4191//6873 4204//6873 4192//6873
f 4193//6874 4192//6874 4213//6874
f 4213//6875 4192//6875 4204//6875
f 4213//6876 4204//6876 4214//6876
f 4214//6877 4204//6877 4206//6877
f 4214//6878 4206//6878 4215//6878
f 4215//6879 4206//6879 4222//6879
f 4215//6880 4222//6880 4217//6880
f 4217//6881 4222//6881 4221//6881
f 4217//6882 4221//6882 4219//6882
f 4219//6883 4221//6883 4220//6883
f 4219//6884 4220//6884 3965//6884
f 3965//6885 4220//6885 3967//6885
f 4223//6886 4224//6886 4225//6886
f 4225//6887 4224//6887 4226//6887
f 4225//6888 4226//6888 4227//6888
f 4228//6889 3399//6889 3400//6889
f 3401//6890 4229//6890 3400//6890
f 3400//6891 4229//6891 4230//6891
f 3400//6892 4230//6892 4228//6892
f 4231//6893 4232//6893 4233//6893
f 4234//6894 4235//6894 4236//6894
f 4236//6895 4235//6895 4225//6895
f 4236//6896 4225//6896 4233//6896
f 4233//6897 4225//6897 4227//6897
f 4233//6898 4227//6898 4231//6898
f 4225//6899 4237//6899 4223//6899
f 4223//6900 4237//6900 4238//6900
f 4223//6901 4238//6901 4239//6901
f 4239//6902 4238//6902 4240//6902
f 4239//6903 4240//6903 4241//6903
f 4241//6904 4240//6904 4242//6904
f 4241//6905 4242//6905 4243//6905
f 4243//6906 4242//6906 4244//6906
f 4243//6907 4244//6907 4245//6907
f 4245//6908 4244//6908 4230//6908
f 4245//6909 4230//6909 4246//6909
f 4246//6910 4230//6910 4229//6910
f 4247//6911 4248//6911 4249//6911
f 4250//6912 4251//6912 4252//6912
f 3404//6913 3409//6913 4253//6913
f 3411//6914 3410//6914 4254//6914
f 3423//6915 3425//6915 4255//6915
f 4256//6916 4257//6916 4258//6916
f 4259//6917 4260//6917 4261//6917
f 4262//6918 4263//6918 4264//6918
f 4264//6919 4263//6919 4265//6919
f 4264//6920 4265//6920 4266//6920
f 4267//6921 4268//6921 4269//6921
f 4269//6922 4268//6922 4270//6922
f 4269//6923 4270//6923 4262//6923
f 4262//6924 4270//6924 4271//6924
f 4262//6924 4271//6924 4263//6924
f 4267//6925 4269//6925 4272//6925
f 4272//6926 4269//6926 4273//6926
f 4272//6927 4273//6927 4274//6927
f 4275//6928 4276//6928 4277//6928
f 4277//6929 4276//6929 4278//6929
f 4275//6930 4277//6930 4279//6930
f 4279//6931 4277//6931 4280//6931
f 4279//6932 4280//6932 4281//6932
f 4281//6933 4280//6933 4282//6933
f 4282//6934 4280//6934 4283//6934
f 4282//6935 4283//6935 4284//6935
f 4285//6936 4286//6936 4283//6936
f 4283//6937 4286//6937 4287//6937
f 4283//6938 4287//6938 4284//6938
f 4288//6939 4289//6939 4285//6939
f 4285//6940 4289//6940 4290//6940
f 4285//6941 4290//6941 4286//6941
f 4291//6942 4292//6942 4288//6942
f 4288//6943 4292//6943 4293//6943
f 4288//6944 4293//6944 4289//6944
f 4294//6945 4295//6945 4296//6945
f 4296//6946 4295//6946 4297//6946
f 4296//6947 4297//6947 4298//6947
f 4299//6948 4300//6948 4298//6948
f 4298//6949 4301//6949 4299//6949
f 4299//6950 4301//6950 4302//6950
f 4299//6951 4302//6951 4303//6951
f 4303//6952 4302//6952 4304//6952
f 4304//6953 4302//6953 4305//6953
f 4304//6954 4305//6954 4306//6954
f 4248//6955 4307//6955 4305//6955
f 4305//6956 4307//6956 4308//6956
f 4305//6957 4308//6957 4306//6957
f 4309//6958 4310//6958 4247//6958
f 4247//6959 4310//6959 4311//6959
f 4311//6960 4312//6960 4247//6960
f 4247//6961 4312//6961 4313//6961
f 4247//6962 4313//6962 4248//6962
f 4248//6963 4313//6963 4314//6963
f 4248//6964 4314//6964 4307//6964
f 4315//6965 4316//6965 4309//6965
f 4317//6966 4318//6966 4319//6966
f 4317//6967 4319//6967 4315//6967
f 4315//6968 4319//6968 4320//6968
f 4315//6969 4320//6969 4316//6969
f 4321//6970 4322//6970 4323//6970
f 4323//6971 4322//6971 4324//6971
f 4323//6972 4324//6972 4317//6972
f 4317//6973 4324//6973 4325//6973
f 4317//6974 4325//6974 4318//6974
f 4234//6975 4326//6975 4321//6975
f 4321//6976 4326//6976 4327//6976
f 4321//6977 4327//6977 4322//6977
f 4328//6978 3447//6978 3402//6978
f 3451//6979 3450//6979 4329//6979
f 4329//6980 3450//6980 3449//6980
f 4329//6981 3449//6981 4328//6981
f 4328//6982 3449//6982 3448//6982
f 4328//6983 3448//6983 3447//6983
f 4330//6984 4331//6984 3451//6984
f 3443//6985 3454//6985 4332//6985
f 4332//6986 3454//6986 3453//6986
f 4332//6987 3453//6987 4331//6987
f 4331//6988 3453//6988 3452//6988
f 4331//6989 3452//6989 3451//6989
f 3440//6990 3439//6990 4333//6990
f 4333//6991 3439//6991 3441//6991
f 4333//6992 3441//6992 4332//6992
f 4332//6993 3441//6993 3442//6993
f 4332//6994 3442//6994 3443//6994
f 4334//6995 3445//6995 4333//6995
f 4333//6996 3445//6996 3444//6996
f 4333//6997 3444//6997 3440//6997
f 4335//6998 3435//6998 4334//6998
f 4334//6999 3435//6999 3446//6999
f 4334//7000 3446//7000 3445//7000
f 3427//7001 3438//7001 4336//7001
f 4336//7002 3438//7002 3437//7002
f 4336//7003 3437//7003 4335//7003
f 4335//7004 3437//7004 3436//7004
f 4335//7005 3436//7005 3435//7005
f 3427//7006 4336//7006 3428//7006
f 3428//7007 4336//7007 4337//7007
f 3428//7008 4337//7008 3429//7008
f 3429//7009 4337//7009 4338//7009
f 3429//7010 4338//7010 3430//7010
f 3430//7011 4338//7011 3431//7011
f 3431//7012 4338//7012 4339//7012
f 3431//7013 4339//7013 3434//7013
f 4340//7014 3432//7014 3433//7014
f 3434//7015 4339//7015 3433//7015
f 3433//7016 4339//7016 4341//7016
f 3433//7017 4341//7017 4340//7017
f 3426//7018 3424//7018 4342//7018
f 3426//7019 4342//7019 3415//7019
f 3416//7020 4343//7020 3417//7020
f 3417//7021 4343//7021 4344//7021
f 3417//7022 4344//7022 3418//7022
f 3410//7023 3421//7023 4254//7023
f 4254//7024 3421//7024 3420//7024
f 4254//7025 3420//7025 4344//7025
f 4344//7026 3420//7026 3419//7026
f 4344//7027 3419//7027 3418//7027
f 3412//7028 4345//7028 3413//7028
f 3413//7029 4345//7029 4346//7029
f 3413//7030 4346//7030 3414//7030
f 4347//7031 4348//7031 4346//7031
f 4346//7032 4348//7032 3405//7032
f 4346//7033 3405//7033 3414//7033
f 3408//7034 3407//7034 4348//7034
f 4348//7035 3407//7035 3406//7035
f 4348//7036 3406//7036 3405//7036
f 4349//7037 4264//7037 4261//7037
f 4261//7038 4264//7038 4266//7038
f 4261//7039 4266//7039 4259//7039
f 4251//7040 4350//7040 4252//7040
f 4252//7041 4350//7041 4351//7041
f 4252//7042 4351//7042 4352//7042
f 4352//7043 4351//7043 4353//7043
f 4352//7044 4353//7044 4354//7044
f 4355//7045 4273//7045 4354//7045
f 4354//7046 4273//7046 4269//7046
f 4354//7047 4269//7047 4352//7047
f 4352//7048 4269//7048 4262//7048
f 4352//7049 4262//7049 4252//7049
f 4252//7050 4262//7050 4264//7050
f 4252//7051 4264//7051 4250//7051
f 4250//7052 4264//7052 4349//7052
f 4277//7053 4356//7053 4280//7053
f 4280//7054 4356//7054 4357//7054
f 4280//7055 4357//7055 4283//7055
f 4283//7056 4357//7056 4358//7056
f 4283//7057 4358//7057 4285//7057
f 4285//7058 4358//7058 4359//7058
f 4285//7059 4359//7059 4288//7059
f 4249//7060 4248//7060 4360//7060
f 4360//7061 4248//7061 4305//7061
f 4360//7062 4305//7062 4361//7062
f 4361//7063 4305//7063 4302//7063
f 4361//7064 4302//7064 4362//7064
f 4362//7065 4302//7065 4301//7065
f 4362//7066 4301//7066 4363//7066
f 4363//7067 4301//7067 4298//7067
f 4363//7068 4298//7068 4364//7068
f 4364//7069 4298//7069 4297//7069
f 4364//7070 4297//7070 4365//7070
f 4366//7071 4367//7071 4368//7071
f 4369//7072 4370//7072 4371//7072
f 4371//7073 4370//7073 4372//7073
f 4368//7074 4373//7074 4366//7074
f 4366//7075 4373//7075 4247//7075
f 4366//7076 4247//7076 4374//7076
f 4374//7077 4247//7077 4249//7077
f 4238//7078 4237//7078 4321//7078
f 4237//7079 4225//7079 4321//7079
f 4321//7080 4225//7080 4235//7080
f 4321//7081 4235//7081 4234//7081
f 4375//7082 4372//7082 4376//7082
f 4376//7083 4372//7083 4370//7083
f 4376//7084 4370//7084 4367//7084
f 4367//7085 4370//7085 4369//7085
f 4367//7086 4369//7086 4368//7086
f 4230//7087 4328//7087 4228//7087
f 4228//7088 4328//7088 3402//7088
f 4228//7089 3402//7089 3399//7089
f 3451//7090 4329//7090 4330//7090
f 4330//7091 4329//7091 4328//7091
f 4330//7092 4328//7092 4377//7092
f 4377//7093 4328//7093 4230//7093
f 4377//7094 4230//7094 4244//7094
f 4347//7095 4378//7095 4348//7095
f 4348//7096 4378//7096 4253//7096
f 4348//7097 4253//7097 3408//7097
f 3408//7098 4253//7098 3409//7098
f 4379//7099 4380//7099 4378//7099
f 3403//7100 3404//7100 4381//7100
f 4381//7101 3404//7101 4253//7101
f 4381//7102 4253//7102 4382//7102
f 4382//7103 4253//7103 4378//7103
f 4382//7104 4378//7104 4383//7104
f 4383//7105 4378//7105 4380//7105
f 4345//7106 4384//7106 4346//7106
f 4346//7107 4384//7107 4385//7107
f 4346//7108 4385//7108 4347//7108
f 4347//7109 4385//7109 4386//7109
f 4347//7110 4386//7110 4378//7110
f 4378//7111 4386//7111 4387//7111
f 4378//7112 4387//7112 4379//7112
f 4295//7113 4256//7113 4297//7113
f 4297//7114 4256//7114 4258//7114
f 4297//7115 4258//7115 4365//7115
f 4365//7116 4258//7116 4388//7116
f 4365//7117 4388//7117 4255//7117
f 4255//7118 4388//7118 4342//7118
f 4255//7119 4342//7119 3423//7119
f 3423//7120 4342//7120 3424//7120
f 4257//7121 4389//7121 4258//7121
f 4258//7122 4389//7122 4390//7122
f 4258//7123 4390//7123 4388//7123
f 4388//7124 4390//7124 4391//7124
f 4388//7125 4391//7125 4342//7125
f 4342//7126 4391//7126 4343//7126
f 4342//7127 4343//7127 3415//7127
f 3415//7020 4343//7020 3416//7020
f 4389//7128 4291//7128 4390//7128
f 4390//7129 4291//7129 4288//7129
f 4390//7130 4288//7130 4391//7130
f 4391//7131 4288//7131 4359//7131
f 4391//7132 4359//7132 4343//7132
f 4343//7133 4359//7133 4358//7133
f 4343//7134 4358//7134 4344//7134
f 4344//7135 4358//7135 4357//7135
f 4344//7136 4357//7136 4254//7136
f 4254//7137 4357//7137 4356//7137
f 4254//7138 4356//7138 4355//7138
f 4355//7139 4356//7139 4277//7139
f 4355//7140 4277//7140 4273//7140
f 4273//7141 4277//7141 4278//7141
f 4273//7142 4278//7142 4274//7142
f 3412//7143 3411//7143 4345//7143
f 4345//7144 3411//7144 4254//7144
f 4345//7145 4254//7145 4384//7145
f 4384//7146 4254//7146 4355//7146
f 4384//7147 4355//7147 4385//7147
f 4385//7148 4355//7148 4354//7148
f 4385//7149 4354//7149 4386//7149
f 4386//7150 4354//7150 4353//7150
f 4386//7151 4353//7151 4387//7151
f 4387//7152 4353//7152 4351//7152
f 4387//7153 4351//7153 4379//7153
f 4379//7154 4351//7154 4350//7154
f 4309//7155 4247//7155 4315//7155
f 4315//7156 4247//7156 4373//7156
f 4315//7157 4373//7157 4317//7157
f 4317//7158 4373//7158 4368//7158
f 4317//7159 4368//7159 4323//7159
f 4323//7160 4368//7160 4369//7160
f 4323//7161 4369//7161 4321//7161
f 4321//7162 4369//7162 4371//7162
f 4321//7163 4371//7163 4238//7163
f 4238//7164 4371//7164 4372//7164
f 4238//7165 4372//7165 4240//7165
f 4240//7166 4372//7166 4375//7166
f 4240//7167 4375//7167 4242//7167
f 3425//7168 3432//7168 4255//7168
f 4255//7169 3432//7169 4340//7169
f 4255//7170 4340//7170 4365//7170
f 4365//7171 4340//7171 4341//7171
f 4365//7172 4341//7172 4364//7172
f 4364//7173 4341//7173 4339//7173
f 4364//7174 4339//7174 4363//7174
f 4363//7175 4339//7175 4338//7175
f 4363//7176 4338//7176 4362//7176
f 4362//7177 4338//7177 4337//7177
f 4362//7178 4337//7178 4361//7178
f 4361//7179 4337//7179 4336//7179
f 4361//7180 4336//7180 4360//7180
f 4360//7181 4336//7181 4335//7181
f 4360//7182 4335//7182 4249//7182
f 4249//7183 4335//7183 4334//7183
f 4249//7184 4334//7184 4374//7184
f 4374//7185 4334//7185 4333//7185
f 4374//7186 4333//7186 4366//7186
f 4366//7187 4333//7187 4332//7187
f 4366//7188 4332//7188 4367//7188
f 4367//7189 4332//7189 4331//7189
f 4367//7190 4331//7190 4376//7190
f 4376//7191 4331//7191 4330//7191
f 4376//7192 4330//7192 4375//7192
f 4375//7193 4330//7193 4377//7193
f 4375//7194 4377//7194 4242//7194
f 4242//7195 4377//7195 4244//7195
f 4251//7196 4250//7196 4392//7196
f 4393//7197 3455//7197 3456//7197
f 3456//7198 3403//7198 4381//7198
f 4381//7199 4382//7199 3456//7199
f 3456//7200 4382//7200 4383//7200
f 3456//7201 4383//7201 4393//7201
f 4261//7202 4260//7202 4394//7202
f 4261//7203 4394//7203 4349//7203
f 4349//7204 4394//7204 4395//7204
f 4349//7205 4395//7205 4396//7205
f 4392//7206 4250//7206 4397//7206
f 4397//7207 4250//7207 4349//7207
f 4397//7208 4349//7208 4398//7208
f 4398//7209 4349//7209 4396//7209
f 4398//7210 4396//7210 4399//7210
f 4392//7211 4400//7211 4251//7211
f 4251//7212 4400//7212 4401//7212
f 4251//7213 4401//7213 4350//7213
f 4350//7214 4401//7214 4402//7214
f 4350//7215 4402//7215 4379//7215
f 4379//7216 4402//7216 4403//7216
f 4379//7217 4403//7217 4380//7217
f 4380//7218 4403//7218 4404//7218
f 4380//7219 4404//7219 4383//7219
f 4383//7220 4404//7220 4405//7220
f 4383//7221 4405//7221 4393//7221
f 4406//7222 4407//7222 4408//7222
f 4409//7223 4410//7223 4411//7223
f 3464//7224 3463//7224 4412//7224
f 4413//7225 3461//7225 3455//7225
f 3461//7226 4413//7226 3462//7226
f 3465//7227 4414//7227 3466//7227
f 3466//7228 4414//7228 4415//7228
f 3466//7229 4415//7229 3467//7229
f 3467//7230 4415//7230 3460//7230
f 3460//7231 4415//7231 4416//7231
f 3460//7232 4416//7232 3459//7232
f 3459//7233 4416//7233 3458//7233
f 3458//7234 4416//7234 4417//7234
f 3458//7235 4417//7235 3457//7235
f 4418//7236 4419//7236 4407//7236
f 4407//7237 4419//7237 4420//7237
f 4407//7238 4420//7238 4408//7238
f 4408//7239 4420//7239 4421//7239
f 4408//7240 4421//7240 4422//7240
f 4402//7241 4423//7241 4403//7241
f 4403//7242 4423//7242 4424//7242
f 4403//7243 4424//7243 4404//7243
f 4404//7244 4424//7244 4425//7244
f 4404//7245 4425//7245 4405//7245
f 4405//7246 4425//7246 4413//7246
f 4405//7247 4413//7247 4393//7247
f 4393//7248 4413//7248 3455//7248
f 4423//7249 4426//7249 4424//7249
f 4424//7250 4426//7250 4427//7250
f 4424//7251 4427//7251 4425//7251
f 4425//7252 4427//7252 4412//7252
f 4425//7253 4412//7253 4413//7253
f 4413//7254 4412//7254 3463//7254
f 4413//7255 3463//7255 3462//7255
f 3465//7256 3464//7256 4414//7256
f 4414//7257 3464//7257 4412//7257
f 4414//7258 4412//7258 4428//7258
f 4428//7259 4412//7259 4427//7259
f 4428//7260 4427//7260 4429//7260
f 4429//7261 4427//7261 4426//7261
f 4430//7262 4431//7262 4432//7262
f 4432//7263 4431//7263 4433//7263
f 4434//7264 4435//7264 4436//7264
f 4437//7265 4430//7265 4436//7265
f 4436//7266 4430//7266 4432//7266
f 4436//7267 4432//7267 4434//7267
f 4434//7268 4432//7268 4433//7268
f 4434//7269 4433//7269 4438//7269
f 4439//7270 4400//7270 4411//7270
f 4411//7271 4400//7271 4392//7271
f 4399//7272 4409//7272 4398//7272
f 4398//7273 4409//7273 4411//7273
f 4398//7274 4411//7274 4397//7274
f 4397//7275 4411//7275 4392//7275
f 4440//7276 4408//7276 4441//7276
f 4441//7277 4408//7277 4422//7277
f 4441//7278 4422//7278 4442//7278
f 4410//7279 4418//7279 4411//7279
f 4411//7280 4418//7280 4407//7280
f 4411//7281 4407//7281 4439//7281
f 4439//7282 4407//7282 4406//7282
f 4439//7283 4406//7283 4438//7283
f 4438//7284 4406//7284 4408//7284
f 4438//7285 4408//7285 4434//7285
f 4434//7286 4408//7286 4440//7286
f 4434//7287 4440//7287 4435//7287
f 4402//7288 4401//7288 4423//7288
f 4423//7289 4401//7289 4400//7289
f 4423//7290 4400//7290 4426//7290
f 4426//7291 4400//7291 4439//7291
f 4426//7292 4439//7292 4429//7292
f 4429//7293 4439//7293 4438//7293
f 4429//7294 4438//7294 4428//7294
f 4428//7295 4438//7295 4433//7295
f 4428//7296 4433//7296 4414//7296
f 4414//7297 4433//7297 4431//7297
f 4414//7298 4431//7298 4415//7298
f 4415//7299 4431//7299 4430//7299
f 4415//7300 4430//7300 4416//7300
f 4416//7301 4430//7301 4437//7301
f 4416//7302 4437//7302 4417//7302
f 4442//7303 4443//7303 4441//7303
f 4441//7304 4443//7304 4444//7304
f 4441//7305 4444//7305 4440//7305
f 4440//7306 4444//7306 4445//7306
f 4440//7307 4445//7307 4435//7307
f 4446//7308 3473//7308 3476//7308
f 3478//7309 2351//7309 3457//7309
f 3457//7310 4417//7310 3478//7310
f 3478//7311 4417//7311 4437//7311
f 3478//7312 4437//7312 3476//7312
f 3476//7313 4437//7313 4436//7313
f 3476//7314 4436//7314 4446//7314
f 3483//7315 2326//7315 4447//7315
f 4447//7316 2326//7316 4448//7316
f 4447//7317 4448//7317 4449//7317
f 2326//7318 3471//7318 4448//7318
f 4448//7319 3471//7319 3475//7319
f 4448//7320 3475//7320 4446//7320
f 4446//7321 3475//7321 3474//7321
f 4446//7322 3474//7322 3473//7322
f 4445//7323 4450//7323 4451//7323
f 4436//7324 4435//7324 4446//7324
f 4446//7325 4435//7325 4445//7325
f 4446//7326 4445//7326 4448//7326
f 4448//7327 4445//7327 4451//7327
f 4448//7328 4451//7328 4449//7328
f 4450//7329 4445//7329 4452//7329
f 4452//7330 4445//7330 4444//7330
f 4452//7331 4444//7331 4453//7331
f 4245//7332 4246//7332 4454//7332
f 3488//7333 3484//7333 4455//7333
f 3493//7334 3492//7334 4456//7334
f 4456//7335 3492//7335 3491//7335
f 4456//7336 3491//7336 4457//7336
f 4457//7337 3491//7337 3490//7337
f 4457//7338 3490//7338 4458//7338
f 4458//7339 3490//7339 3489//7339
f 4458//7340 3489//7340 3488//7340
f 3493//7341 4456//7341 3487//7341
f 3487//7342 4456//7342 4459//7342
f 3487//7343 4459//7343 3486//7343
f 4229//7344 3401//7344 4459//7344
f 4459//7345 3401//7345 3485//7345
f 4459//7346 3485//7346 3486//7346
f 4460//7347 4461//7347 4462//7347
f 4462//7348 4461//7348 4463//7348
f 4462//7349 4463//7349 4464//7349
f 4464//7350 4463//7350 4465//7350
f 4464//7351 4465//7351 4466//7351
f 4466//7352 4465//7352 4467//7352
f 4466//7353 4467//7353 4468//7353
f 4468//7354 4467//7354 4469//7354
f 4468//7355 4469//7355 4470//7355
f 4470//7356 4469//7356 4471//7356
f 3484//7357 3483//7357 4455//7357
f 4455//7358 3483//7358 4447//7358
f 4455//7359 4447//7359 4472//7359
f 4472//7360 4447//7360 4449//7360
f 3488//7361 4455//7361 4458//7361
f 4458//7362 4455//7362 4472//7362
f 4458//7363 4472//7363 4457//7363
f 4457//7364 4472//7364 4473//7364
f 4457//7365 4473//7365 4474//7365
f 4454//7366 4475//7366 4476//7366
f 4476//7367 4475//7367 4477//7367
f 4476//7368 4477//7368 4474//7368
f 4474//7369 4477//7369 4457//7369
f 4457//7370 4477//7370 4475//7370
f 4457//7371 4475//7371 4456//7371
f 4456//7372 4475//7372 4454//7372
f 4456//7373 4454//7373 4459//7373
f 4459//7374 4454//7374 4246//7374
f 4459//7344 4246//7344 4229//7344
f 4224//7375 4223//7375 4478//7375
f 4478//7376 4223//7376 4239//7376
f 4478//7377 4239//7377 4476//7377
f 4476//7378 4239//7378 4241//7378
f 4476//7379 4241//7379 4454//7379
f 4454//7380 4241//7380 4243//7380
f 4454//7381 4243//7381 4245//7381
f 4227//7382 4470//7382 4231//7382
f 4231//7383 4470//7383 4471//7383
f 4231//7384 4471//7384 4232//7384
f 4227//7385 4226//7385 4470//7385
f 4470//7386 4226//7386 4479//7386
f 4470//7387 4479//7387 4468//7387
f 4468//7388 4479//7388 4480//7388
f 4468//7389 4480//7389 4466//7389
f 4466//7390 4480//7390 4481//7390
f 4466//7391 4481//7391 4464//7391
f 4453//7392 4460//7392 4452//7392
f 4452//7393 4460//7393 4462//7393
f 4452//7394 4462//7394 4450//7394
f 4450//7395 4462//7395 4451//7395
f 4449//7396 4451//7396 4472//7396
f 4472//7397 4451//7397 4462//7397
f 4472//7398 4462//7398 4473//7398
f 4473//7399 4462//7399 4464//7399
f 4473//7400 4464//7400 4474//7400
f 4474//7401 4464//7401 4481//7401
f 4474//7402 4481//7402 4476//7402
f 4476//7403 4481//7403 4480//7403
f 4476//7404 4480//7404 4478//7404
f 4478//7405 4480//7405 4479//7405
f 4478//7406 4479//7406 4224//7406
f 4224//7407 4479//7407 4226//7407
f 3511//1 4482//1 3494//1
f 3494//1 4482//1 4483//1
f 3494//1 4483//1 4484//1
f 4485//1 3499//1 4486//1
f 4486//1 3499//1 3498//1
f 4486//1 3498//1 4487//1
f 4487//1 3498//1 4488//1
f 4489//1 4490//1 3510//1
f 3510//1 4490//1 4491//1
f 3510//1 4491//1 3511//1
f 3511//1 4491//1 4492//1
f 3511//1 4492//1 4482//1
f 4493//1 4494//1 3497//1
f 3497//1 4494//1 4495//1
f 3497//1 4495//1 3498//1
f 3498//1 4495//1 4496//1
f 3498//1 4496//1 4488//1
f 4493//1 3497//1 4497//1
f 4497//1 3497//1 3496//1
f 4497//1 3496//1 4498//1
f 4498//1 3496//1 4499//1
f 4499//1 3496//1 3495//1
f 4499//1 3495//1 4500//1
f 4484//1 4501//1 3494//1
f 3494//1 4501//1 4502//1
f 3494//1 4502//1 3495//1
f 3495//1 4502//1 4503//1
f 3495//1 4503//1 4500//1
f 4504//1 3507//1 4505//1
f 4505//1 3507//1 3506//1
f 4506//1 3500//1 4507//1
f 4507//1 3500//1 3499//1
f 4507//1 3499//1 4508//1
f 4508//1 3499//1 4485//1
f 3509//1 4509//1 3510//1
f 3510//1 4509//1 4510//1
f 3510//1 4510//1 4489//1
f 4511//1 4512//1 3508//1
f 3508//1 4512//1 4513//1
f 3508//1 4513//1 3509//1
f 3509//1 4513//1 4514//1
f 3509//1 4514//1 4509//1
f 4515//1 4516//1 3505//1
f 3505//1 4516//1 4517//1
f 3505//1 4517//1 3506//1
f 3506//1 4517//1 4518//1
f 3506//1 4518//1 4505//1
f 4504//1 4519//1 3507//1
f 3507//1 4519//1 4520//1
f 3507//1 4520//1 3508//1
f 3508//1 4520//1 4521//1
f 3508//1 4521//1 4511//1
f 4515//1 3505//1 4522//1
f 4522//1 3505//1 3503//1
f 4522//1 3503//1 4523//1
f 4524//1 3501//1 4525//1
f 4525//1 3501//1 3500//1
f 4525//1 3500//1 4526//1
f 4526//1 3500//1 4506//1
f 4524//1 4527//1 3501//1
f 3501//1 4527//1 4528//1
f 3501//1 4528//1 3502//1
f 4523//1 3503//1 4529//1
f 4529//1 3503//1 3504//1
f 4529//1 3504//1 4530//1
f 4528//1 4531//1 3502//1
f 3502//1 4531//1 4532//1
f 3502//1 4532//1 3504//1
f 3504//1 4532//1 4533//1
f 3504//1 4533//1 4530//1
f 3513//7408 3512//7408 4534//7408
f 3770//7409 3769//7409 4531//7409
f 2845//7410 3700//7410 4535//7410
f 3933//7411 3057//7411 3907//7411
f 3581//7412 3077//7412 3933//7412
f 3933//7413 3907//7413 3581//7413
f 3581//7414 3907//7414 3909//7414
f 3581//7415 3909//7415 3911//7415
f 3911//7416 3913//7416 3581//7416
f 3581//7417 3913//7417 3895//7417
f 3581//7418 3895//7418 4536//7418
f 4536//7419 3895//7419 3890//7419
f 3624//7420 3591//7420 3528//7420
f 3528//7421 3591//7421 3590//7421
f 3528//7422 3590//7422 3522//7422
f 3522//7423 3590//7423 3593//7423
f 3593//7424 3597//7424 3522//7424
f 3522//7425 3597//7425 3596//7425
f 3522//7426 3596//7426 3599//7426
f 3599//7427 2616//7427 3522//7427
f 3522//7428 2616//7428 3688//7428
f 3522//7429 3688//7429 2706//7429
f 3633//7430 3632//7430 4537//7430
f 3660//7431 3659//7431 4538//7431
f 4538//7432 3659//7432 3657//7432
f 3657//7433 3656//7433 4538//7433
f 4538//7434 3656//7434 3661//7434
f 4538//7435 3661//7435 4537//7435
f 4537//7436 3661//7436 3663//7436
f 4537//7437 3663//7437 3633//7437
f 3632//7438 3627//7438 4537//7438
f 4537//7439 3627//7439 3626//7439
f 4537//7440 3626//7440 3624//7440
f 3652//7441 3651//7441 4539//7441
f 4539//7442 3651//7442 3655//7442
f 4539//7443 3655//7443 4538//7443
f 4538//7444 3655//7444 3654//7444
f 4538//7445 3654//7445 3660//7445
f 3644//7446 4540//7446 2829//7446
f 2829//7447 4540//7447 3677//7447
f 3644//7448 3645//7448 4540//7448
f 4540//7449 3645//7449 3649//7449
f 4540//7450 3649//7450 4539//7450
f 4539//7451 3649//7451 3648//7451
f 4539//7452 3648//7452 3652//7452
f 3677//7453 4540//7453 3678//7453
f 3678//7454 4540//7454 4541//7454
f 3678//7455 4541//7455 3680//7455
f 3700//7456 3701//7456 4535//7456
f 4535//7457 3701//7457 3682//7457
f 4535//7458 3682//7458 4541//7458
f 4541//7459 3682//7459 3681//7459
f 4541//7460 3681//7460 3680//7460
f 3729//7461 3733//7461 4518//7461
f 4518//7462 3733//7462 3734//7462
f 4518//7463 3734//7463 3735//7463
f 3735//7464 3738//7464 4518//7464
f 4518//7465 3738//7465 3736//7465
f 4518//7466 3736//7466 3713//7466
f 3713//7467 3712//7467 4518//7467
f 4518//7468 3712//7468 2845//7468
f 4518//7469 2845//7469 4505//7469
f 3721//7470 4517//7470 3720//7470
f 3720//7471 4517//7471 3719//7471
f 3721//7472 3732//7472 4517//7472
f 4517//7473 3732//7473 3731//7473
f 4517//7474 3731//7474 4518//7474
f 4518//7475 3731//7475 3730//7475
f 4518//7476 3730//7476 3729//7476
f 3727//7477 3725//7477 4516//7477
f 4516//7478 3725//7478 3723//7478
f 4516//7479 3723//7479 4517//7479
f 4517//7480 3723//7480 3722//7480
f 4517//7481 3722//7481 3719//7481
f 3781//7482 3782//7482 4522//7482
f 4522//7483 3782//7483 3783//7483
f 4522//7484 3783//7484 4515//7484
f 4515//7485 3783//7485 3796//7485
f 4515//7486 3796//7486 4516//7486
f 4516//7487 3796//7487 3728//7487
f 4516//7488 3728//7488 3727//7488
f 3781//7489 4522//7489 3779//7489
f 3779//7490 4522//7490 4523//7490
f 3779//7491 4523//7491 3784//7491
f 4529//7492 3786//7492 4523//7492
f 4523//7493 3786//7493 3785//7493
f 4523//7494 3785//7494 3784//7494
f 4530//7495 3777//7495 4529//7495
f 4529//7496 3777//7496 3775//7496
f 4529//7497 3775//7497 3786//7497
f 4532//7498 3799//7498 3798//7498
f 4532//7499 3798//7499 4533//7499
f 4533//7500 3798//7500 3797//7500
f 4533//7501 3797//7501 4530//7501
f 4530//7502 3797//7502 3778//7502
f 4530//7503 3778//7503 3777//7503
f 4531//7504 3769//7504 4532//7504
f 4532//7505 3769//7505 3767//7505
f 4532//7506 3767//7506 3799//7506
f 3765//7507 3764//7507 4527//7507
f 4527//7508 3764//7508 3773//7508
f 4527//7509 3773//7509 4528//7509
f 4528//7510 3773//7510 3772//7510
f 4528//7511 3772//7511 4531//7511
f 4531//7512 3772//7512 3771//7512
f 4531//7512 3771//7512 3770//7512
f 3765//7507 4527//7507 3792//7507
f 3792//7513 4527//7513 4524//7513
f 3792//7514 4524//7514 3832//7514
f 3822//7515 3821//7515 4525//7515
f 3821//7516 3831//7516 4525//7516
f 4525//7517 3831//7517 3830//7517
f 4525//7518 3830//7518 3829//7518
f 3829//7519 3828//7519 4525//7519
f 4525//7520 3828//7520 3804//7520
f 4525//7521 3804//7521 4524//7521
f 4524//7522 3804//7522 3803//7522
f 4524//7523 3803//7523 3832//7523
f 3818//7524 3833//7524 4526//7524
f 3833//7525 3827//7525 4526//7525
f 4526//7526 3827//7526 3826//7526
f 4526//7527 3826//7527 4525//7527
f 4525//7528 3826//7528 3824//7528
f 4525//7529 3824//7529 3822//7529
f 3811//7530 3808//7530 4506//7530
f 3808//7531 3817//7531 4506//7531
f 4506//7532 3817//7532 3820//7532
f 4506//7533 3820//7533 4526//7533
f 4526//7534 3820//7534 3819//7534
f 4526//7535 3819//7535 3818//7535
f 3938//7536 3941//7536 4542//7536
f 4542//7537 3941//7537 3942//7537
f 4542//7538 3942//7538 4543//7538
f 4543//7539 3942//7539 3944//7539
f 4543//7540 3944//7540 4506//7540
f 4506//7541 3944//7541 3254//7541
f 4506//7542 3254//7542 3811//7542
f 3938//7543 4542//7543 3939//7543
f 3939//7544 4542//7544 4544//7544
f 3939//7545 4544//7545 3940//7545
f 3940//7546 4544//7546 3943//7546
f 3943//7547 4544//7547 3837//7547
f 3943//7548 3837//7548 3150//7548
f 4545//7549 3851//7549 3850//7549
f 4545//7550 3850//7550 4546//7550
f 4546//7551 3850//7551 3856//7551
f 4546//7552 3856//7552 3855//7552
f 3855//7553 3853//7553 4546//7553
f 4546//7554 3853//7554 3852//7554
f 4546//7555 3852//7555 4544//7555
f 4544//7556 3852//7556 3857//7556
f 4544//7557 3857//7557 3837//7557
f 3890//7558 3891//7558 4536//7558
f 4536//7559 3891//7559 3838//7559
f 4536//7560 3838//7560 3840//7560
f 3847//7561 3846//7561 4545//7561
f 4545//7562 3846//7562 3843//7562
f 4545//7562 3843//7562 3851//7562
f 3840//7563 3842//7563 4536//7563
f 4536//7564 3842//7564 3887//7564
f 4536//7565 3887//7565 4545//7565
f 4545//7566 3887//7566 3848//7566
f 4545//7567 3848//7567 3847//7567
f 3972//7568 4211//7568 3566//7568
f 3972//7569 3566//7569 3973//7569
f 4211//7570 4209//7570 3566//7570
f 3566//7571 4209//7571 4207//7571
f 3566//7572 4207//7572 3567//7572
f 3567//7573 4207//7573 4205//7573
f 3567//7574 4205//7574 4203//7574
f 4065//7575 3977//7575 4547//7575
f 4547//7576 3977//7576 3976//7576
f 4547//7577 3976//7577 3973//7577
f 4055//7578 4548//7578 4056//7578
f 4056//7579 4548//7579 4058//7579
f 4055//7580 4060//7580 4548//7580
f 4548//7581 4060//7581 4062//7581
f 4548//7582 4062//7582 4549//7582
f 4549//7583 4062//7583 4064//7583
f 4549//7584 4064//7584 4547//7584
f 4547//7585 4064//7585 4066//7585
f 4547//7586 4066//7586 4065//7586
f 3997//7587 3996//7587 4550//7587
f 3996//7588 4053//7588 4550//7588
f 4550//7589 4053//7589 4052//7589
f 4550//7590 4052//7590 4548//7590
f 4548//7591 4052//7591 4059//7591
f 4548//7592 4059//7592 4058//7592
f 4047//7593 4551//7593 4048//7593
f 4048//7593 4551//7593 4046//7593
f 4047//7594 4051//7594 4551//7594
f 4551//7595 4051//7595 4050//7595
f 4551//7596 4050//7596 4550//7596
f 4550//7597 4050//7597 4049//7597
f 4550//7597 4049//7597 3997//7597
f 4040//7598 4041//7598 4552//7598
f 4552//7599 4041//7599 4043//7599
f 4552//7600 4043//7600 4551//7600
f 4551//7601 4043//7601 4044//7601
f 4551//7602 4044//7602 4046//7602
f 4032//7603 4031//7603 4553//7603
f 4553//7604 4031//7604 4554//7604
f 4554//7605 4031//7605 4035//7605
f 4554//7606 4035//7606 4034//7606
f 4034//7607 4033//7607 4554//7607
f 4554//7608 4033//7608 4131//7608
f 4554//7609 4131//7609 4127//7609
f 4037//7610 4036//7610 4555//7610
f 4036//7611 4038//7611 4555//7611
f 4555//7612 4038//7612 3999//7612
f 4555//7613 3999//7613 3998//7613
f 4026//7614 4029//7614 4553//7614
f 4553//7615 4029//7615 4028//7615
f 4553//7616 4028//7616 4032//7616
f 4556//7617 4023//7617 4024//7617
f 4557//7618 4558//7618 4009//7618
f 4009//7619 4014//7619 4557//7619
f 4557//7620 4014//7620 4016//7620
f 4557//7621 4016//7621 4020//7621
f 4020//7622 4018//7622 4557//7622
f 4557//7623 4018//7623 4017//7623
f 4557//7624 4017//7624 4556//7624
f 4556//7625 4017//7625 4021//7625
f 4556//7626 4021//7626 4023//7626
f 4002//7627 4001//7627 4559//7627
f 4013//7628 4012//7628 4558//7628
f 4558//7629 4012//7629 4010//7629
f 4558//7630 4010//7630 4009//7630
f 4001//7631 4008//7631 4559//7631
f 4559//7632 4008//7632 4007//7632
f 4559//7633 4007//7633 4558//7633
f 4558//7634 4007//7634 4005//7634
f 4558//7635 4005//7635 4013//7635
f 4162//7636 3557//7636 3515//7636
f 4162//7637 4161//7637 3557//7637
f 3557//7638 4161//7638 4151//7638
f 3557//7639 4151//7639 4150//7639
f 4150//7640 4141//7640 3557//7640
f 3557//7641 4141//7641 4137//7641
f 3557//7642 4137//7642 4559//7642
f 4559//7643 4137//7643 4136//7643
f 4559//7644 4136//7644 4002//7644
f 4203//7645 4202//7645 3567//7645
f 3567//7646 4202//7646 4195//7646
f 3567//7647 4195//7647 3568//7647
f 3568//7648 4195//7648 4194//7648
f 3568//7649 4194//7649 3562//7649
f 3562//7650 4194//7650 4188//7650
f 3562//7651 4188//7651 3514//7651
f 3514//7652 4188//7652 4184//7652
f 3514//7653 4184//7653 4160//7653
f 4160//7654 4159//7654 3514//7654
f 3514//7655 4159//7655 4164//7655
f 3514//7656 4164//7656 3515//7656
f 3515//7657 4164//7657 4163//7657
f 3515//7658 4163//7658 4162//7658
f 3543//7659 4471//7659 4469//7659
f 4469//7660 4467//7660 3543//7660
f 3543//7661 4467//7661 4465//7661
f 3543//7662 4465//7662 3542//7662
f 3542//7663 4465//7663 4463//7663
f 3542//7664 4463//7664 4461//7664
f 4461//7665 4460//7665 3542//7665
f 3542//7666 4460//7666 4453//7666
f 3542//7667 4453//7667 3541//7667
f 3541//7668 4453//7668 4444//7668
f 3541//7669 4444//7669 4443//7669
f 4471//7670 3543//7670 4232//7670
f 4232//7671 3543//7671 3544//7671
f 4232//7672 3544//7672 3545//7672
f 4325//7673 4560//7673 4318//7673
f 4318//7674 4560//7674 4319//7674
f 4325//7675 4324//7675 4560//7675
f 4560//7676 4324//7676 4322//7676
f 4560//7677 4322//7677 4561//7677
f 4561//7678 4322//7678 4327//7678
f 4561//7679 4327//7679 4326//7679
f 4326//7680 4234//7680 4561//7680
f 4561//7681 4234//7681 4236//7681
f 4561//7682 4236//7682 4233//7682
f 4562//7683 4311//7683 4310//7683
f 4310//7684 4309//7684 4562//7684
f 4562//7685 4309//7685 4316//7685
f 4562//7686 4316//7686 4560//7686
f 4560//7687 4316//7687 4320//7687
f 4560//7688 4320//7688 4319//7688
f 4307//7689 4563//7689 4308//7689
f 4308//7689 4563//7689 4306//7689
f 4307//7690 4314//7690 4563//7690
f 4563//7691 4314//7691 4313//7691
f 4563//7692 4313//7692 4562//7692
f 4562//7693 4313//7693 4312//7693
f 4562//7683 4312//7683 4311//7683
f 4295//7694 4294//7694 4564//7694
f 4300//7695 4565//7695 4298//7695
f 4298//7696 4565//7696 4296//7696
f 4300//7697 4299//7697 4565//7697
f 4565//7698 4299//7698 4303//7698
f 4565//7699 4303//7699 4563//7699
f 4563//7700 4303//7700 4304//7700
f 4563//7701 4304//7701 4306//7701
f 4292//7702 4291//7702 4566//7702
f 4286//7703 4290//7703 4567//7703
f 4567//7704 4290//7704 4289//7704
f 4567//7705 4289//7705 4566//7705
f 4566//7706 4289//7706 4293//7706
f 4566//7707 4293//7707 4292//7707
f 4389//7708 4257//7708 4564//7708
f 4564//7709 4257//7709 4256//7709
f 4564//7710 4256//7710 4295//7710
f 4567//7711 4281//7711 4282//7711
f 4282//7712 4284//7712 4567//7712
f 4567//7713 4284//7713 4287//7713
f 4567//7714 4287//7714 4286//7714
f 4568//7715 4569//7715 4279//7715
f 4569//7716 4570//7716 4267//7716
f 4267//7717 4272//7717 4569//7717
f 4569//7718 4272//7718 4274//7718
f 4569//7719 4274//7719 4278//7719
f 4278//7720 4276//7720 4569//7720
f 4569//7721 4276//7721 4275//7721
f 4569//7720 4275//7720 4279//7720
f 4571//7722 4394//7722 4572//7722
f 4572//7723 4394//7723 4260//7723
f 4572//7724 4260//7724 4259//7724
f 4271//7725 4270//7725 4570//7725
f 4570//7726 4270//7726 4268//7726
f 4570//7727 4268//7727 4267//7727
f 4259//7728 4266//7728 4572//7728
f 4572//7729 4266//7729 4265//7729
f 4572//7730 4265//7730 4570//7730
f 4570//7731 4265//7731 4263//7731
f 4570//7732 4263//7732 4271//7732
f 4442//7733 4422//7733 3518//7733
f 4442//7734 3518//7734 4443//7734
f 4443//7735 3518//7735 3540//7735
f 4443//7735 3540//7735 3541//7735
f 4422//7736 4421//7736 3518//7736
f 3518//7737 4421//7737 4420//7737
f 3518//7738 4420//7738 4419//7738
f 4419//7739 4418//7739 3518//7739
f 3518//7740 4418//7740 4410//7740
f 3518//7741 4410//7741 4409//7741
f 4399//7742 4396//7742 4571//7742
f 4571//7743 4396//7743 4395//7743
f 4571//7744 4395//7744 4394//7744
f 441//7745 439//7745 4573//7745
f 433//7746 443//7746 4573//7746
f 4573//7747 443//7747 442//7747
f 4573//7748 442//7748 441//7748
f 439//7749 438//7749 4573//7749
f 4573//7750 438//7750 444//7750
f 4573//7751 444//7751 446//7751
f 411//7752 410//7752 4574//7752
f 445//7753 454//7753 4575//7753
f 4575//7754 454//7754 453//7754
f 4575//7755 453//7755 452//7755
f 452//7756 451//7756 4575//7756
f 4575//7757 451//7757 450//7757
f 4575//7758 450//7758 4574//7758
f 4574//7759 450//7759 448//7759
f 4574//7760 448//7760 457//7760
f 457//7761 456//7761 4574//7761
f 4574//7762 456//7762 455//7762
f 4574//7763 455//7763 404//7763
f 404//7764 406//7764 4574//7764
f 4574//7765 406//7765 408//7765
f 4574//7766 408//7766 414//7766
f 414//7767 413//7767 4574//7767
f 4574//7768 413//7768 412//7768
f 4574//7769 412//7769 411//7769
f 4534//7770 421//7770 420//7770
f 420//7771 418//7771 4534//7771
f 4534//7772 418//7772 416//7772
f 4534//7773 416//7773 415//7773
f 415//7774 427//7774 4534//7774
f 4534//7775 427//7775 426//7775
f 4534//7776 426//7776 425//7776
f 424//7777 423//7777 4576//7777
f 4576//7778 423//7778 428//7778
f 4576//7779 428//7779 430//7779
f 430//7780 432//7780 4576//7780
f 4576//7781 432//7781 437//7781
f 4576//7782 437//7782 4577//7782
f 4577//7783 437//7783 436//7783
f 4577//7784 436//7784 434//7784
f 4505//7785 2845//7785 4535//7785
f 4505//7786 4535//7786 4504//7786
f 4520//7787 4519//7787 4578//7787
f 4521//7788 4520//7788 4579//7788
f 4511//7789 4521//7789 4580//7789
f 4512//7790 4511//7790 4581//7790
f 4514//7791 4513//7791 4582//7791
f 4510//7792 4509//7792 4583//7792
f 4489//7793 4510//7793 4584//7793
f 4490//7794 4489//7794 4585//7794
f 4482//7795 4492//7795 4586//7795
f 4484//7796 4483//7796 4587//7796
f 4502//7797 4501//7797 4588//7797
f 4500//7798 4503//7798 4589//7798
f 4499//7799 4500//7799 4590//7799
f 4498//7800 4499//7800 4591//7800
f 4497//7801 4498//7801 4592//7801
f 4493//7802 4497//7802 4593//7802
f 4496//7803 4495//7803 4594//7803
f 4488//7804 4496//7804 4595//7804
f 4487//7805 4488//7805 4596//7805
f 4486//7806 4487//7806 4597//7806
f 4485//7807 4486//7807 4598//7807
f 4507//7808 4508//7808 4599//7808
f 4506//7809 4507//7809 4600//7809
f 4489//7793 4584//7793 4585//7793
f 4585//7810 4584//7810 4566//7810
f 4585//7810 4566//7810 4564//7810
f 4564//7811 4566//7811 4291//7811
f 4564//7812 4291//7812 4389//7812
f 4490//7813 4585//7813 4601//7813
f 4601//7814 4585//7814 4564//7814
f 4601//7815 4564//7815 4565//7815
f 4565//7816 4564//7816 4294//7816
f 4565//7817 4294//7817 4296//7817
f 4497//7818 4592//7818 4593//7818
f 4593//7819 4592//7819 4554//7819
f 4593//7819 4554//7819 4555//7819
f 4555//7820 4554//7820 4127//7820
f 4555//7821 4127//7821 4037//7821
f 4493//7802 4593//7802 4602//7802
f 4602//7822 4593//7822 4555//7822
f 4602//7823 4555//7823 4552//7823
f 4552//7824 4555//7824 3998//7824
f 4552//7825 3998//7825 4040//7825
f 4510//7826 4583//7826 4584//7826
f 4584//7827 4583//7827 4603//7827
f 4584//7828 4603//7828 4566//7828
f 4566//7829 4603//7829 4568//7829
f 4566//7830 4568//7830 4567//7830
f 4567//7831 4568//7831 4279//7831
f 4567//7832 4279//7832 4281//7832
f 4562//7833 4604//7833 4563//7833
f 4563//7834 4604//7834 4605//7834
f 4563//7834 4605//7834 4565//7834
f 4565//7835 4605//7835 4606//7835
f 4565//7835 4606//7835 4601//7835
f 4601//7836 4606//7836 4491//7836
f 4601//7837 4491//7837 4490//7837
f 4498//7838 4591//7838 4592//7838
f 4592//7839 4591//7839 4607//7839
f 4592//7840 4607//7840 4554//7840
f 4554//7841 4607//7841 4556//7841
f 4554//7842 4556//7842 4553//7842
f 4553//7843 4556//7843 4024//7843
f 4553//7844 4024//7844 4026//7844
f 4548//7845 4608//7845 4550//7845
f 4550//7846 4608//7846 4609//7846
f 4550//7846 4609//7846 4551//7846
f 4551//7847 4609//7847 4610//7847
f 4551//7847 4610//7847 4552//7847
f 4552//7848 4610//7848 4611//7848
f 4552//7848 4611//7848 4602//7848
f 4602//7849 4611//7849 4494//7849
f 4602//7850 4494//7850 4493//7850
f 4487//7805 4596//7805 4597//7805
f 4597//7851 4596//7851 4612//7851
f 4597//7852 4612//7852 4613//7852
f 4613//7853 4612//7853 4614//7853
f 4613//7854 4614//7854 4615//7854
f 4615//7855 4614//7855 4616//7855
f 4615//7855 4616//7855 4617//7855
f 4617//7856 4616//7856 4577//7856
f 4617//7856 4577//7856 4573//7856
f 4573//7857 4577//7857 434//7857
f 4573//7858 434//7858 433//7858
f 4486//7806 4597//7806 4598//7806
f 4598//7859 4597//7859 4613//7859
f 4598//7859 4613//7859 4618//7859
f 4618//7860 4613//7860 4615//7860
f 4618//7861 4615//7861 4619//7861
f 4619//7862 4615//7862 4617//7862
f 4619//7863 4617//7863 4620//7863
f 4620//7864 4617//7864 4573//7864
f 4620//7864 4573//7864 4575//7864
f 4575//7865 4573//7865 446//7865
f 4575//7866 446//7866 445//7866
f 4504//7867 4535//7867 4621//7867
f 4621//7868 4535//7868 4541//7868
f 4621//7868 4541//7868 4622//7868
f 4622//7869 4541//7869 4540//7869
f 4622//7869 4540//7869 4623//7869
f 4623//7870 4540//7870 4539//7870
f 4623//7870 4539//7870 4624//7870
f 4624//7871 4539//7871 4538//7871
f 4624//7871 4538//7871 4625//7871
f 4625//7872 4538//7872 4537//7872
f 4625//7872 4537//7872 4626//7872
f 4520//7873 4578//7873 4579//7873
f 4579//7874 4578//7874 4627//7874
f 4579//7874 4627//7874 4628//7874
f 4628//7875 4627//7875 4629//7875
f 4628//7876 4629//7876 4630//7876
f 4630//7877 4629//7877 4631//7877
f 4630//7878 4631//7878 4632//7878
f 4632//7879 4631//7879 4633//7879
f 4632//7879 4633//7879 4634//7879
f 4634//7880 4633//7880 4635//7880
f 4634//7880 4635//7880 4636//7880
f 537//7881 536//7881 4637//7881
f 4637//7882 536//7882 532//7882
f 532//7883 534//7883 4637//7883
f 4637//7884 534//7884 535//7884
f 4637//7885 535//7885 541//7885
f 541//7886 543//7886 4637//7886
f 4637//7887 543//7887 548//7887
f 4637//7888 548//7888 547//7888
f 547//7889 545//7889 4637//7889
f 4637//7889 545//7889 544//7889
f 4637//7890 544//7890 4638//7890
f 4638//7891 544//7891 508//7891
f 4638//7892 508//7892 507//7892
f 507//7893 505//7893 4638//7893
f 4638//7894 505//7894 514//7894
f 4638//7895 514//7895 513//7895
f 513//7896 512//7896 4638//7896
f 4638//7897 512//7897 511//7897
f 4638//7898 511//7898 510//7898
f 4511//7899 4580//7899 4581//7899
f 4581//7900 4580//7900 4639//7900
f 4581//7900 4639//7900 4640//7900
f 4640//7901 4639//7901 4641//7901
f 4640//7901 4641//7901 4642//7901
f 4642//7902 4641//7902 4643//7902
f 4642//7903 4643//7903 4644//7903
f 4644//7904 4643//7904 4638//7904
f 4644//7905 4638//7905 4645//7905
f 4645//7906 4638//7906 510//7906
f 4645//7907 510//7907 519//7907
f 519//7908 520//7908 4645//7908
f 4645//7909 520//7909 521//7909
f 4645//7910 521//7910 515//7910
f 515//7911 516//7911 4645//7911
f 4645//7912 516//7912 518//7912
f 4645//7913 518//7913 525//7913
f 525//7914 524//7914 4645//7914
f 4645//7915 524//7915 523//7915
f 4645//7916 523//7916 4646//7916
f 4646//7917 523//7917 502//7917
f 4646//7918 502//7918 501//7918
f 501//7919 526//7919 4646//7919
f 4646//7920 526//7920 499//7920
f 4646//7920 499//7920 498//7920
f 498//7921 531//7921 4646//7921
f 4646//7922 531//7922 530//7922
f 4646//7923 530//7923 528//7923
f 528//7924 527//7924 4646//7924
f 4646//7925 527//7925 540//7925
f 4646//7926 540//7926 539//7926
f 4512//7790 4581//7790 4647//7790
f 4647//7927 4581//7927 4640//7927
f 4647//7927 4640//7927 4648//7927
f 4648//7928 4640//7928 4642//7928
f 4648//7928 4642//7928 4649//7928
f 4649//7929 4642//7929 4644//7929
f 4649//7929 4644//7929 4650//7929
f 4650//7930 4644//7930 4645//7930
f 4650//7930 4645//7930 4651//7930
f 4651//7931 4645//7931 4646//7931
f 4651//7931 4646//7931 4652//7931
f 4514//7932 4582//7932 4653//7932
f 4653//7933 4582//7933 4654//7933
f 4653//7933 4654//7933 4655//7933
f 4655//7934 4654//7934 4656//7934
f 4655//7935 4656//7935 4657//7935
f 4657//7936 4656//7936 4658//7936
f 4657//7936 4658//7936 4659//7936
f 4659//7937 4658//7937 4660//7937
f 4659//7938 4660//7938 4661//7938
f 4661//7939 4660//7939 4662//7939
f 4661//7939 4662//7939 4663//7939
f 4482//7940 4586//7940 4664//7940
f 4664//7941 4586//7941 4665//7941
f 4664//7942 4665//7942 4666//7942
f 4666//7943 4665//7943 4667//7943
f 4666//7944 4667//7944 4668//7944
f 4668//7945 4667//7945 4669//7945
f 4668//7946 4669//7946 4670//7946
f 4670//7947 4669//7947 4671//7947
f 4670//7947 4671//7947 4672//7947
f 4672//7948 4671//7948 4673//7948
f 4672//7949 4673//7949 4674//7949
f 4484//7950 4587//7950 4675//7950
f 4675//7951 4587//7951 4676//7951
f 4675//7952 4676//7952 4677//7952
f 4677//7953 4676//7953 4678//7953
f 4677//7953 4678//7953 4679//7953
f 4679//7954 4678//7954 4680//7954
f 4679//7954 4680//7954 4681//7954
f 4681//7955 4680//7955 4682//7955
f 4681//7956 4682//7956 4683//7956
f 4683//7957 4682//7957 4684//7957
f 4683//7957 4684//7957 4685//7957
f 4502//7797 4588//7797 4686//7797
f 4686//7958 4588//7958 4687//7958
f 4686//7958 4687//7958 4688//7958
f 4688//7959 4687//7959 4689//7959
f 4688//7959 4689//7959 4690//7959
f 4690//7960 4689//7960 4691//7960
f 4690//7960 4691//7960 4692//7960
f 4692//7961 4691//7961 4693//7961
f 4692//7961 4693//7961 4694//7961
f 4694//7962 4693//7962 4695//7962
f 4694//7963 4695//7963 4696//7963
f 4500//7964 4589//7964 4590//7964
f 4590//7965 4589//7965 4697//7965
f 4590//7966 4697//7966 4698//7966
f 4698//7967 4697//7967 4699//7967
f 4698//7967 4699//7967 4700//7967
f 4700//7968 4699//7968 4701//7968
f 4700//7968 4701//7968 4702//7968
f 4702//7969 4701//7969 4703//7969
f 4702//7970 4703//7970 4704//7970
f 4704//7971 4703//7971 4705//7971
f 4704//7972 4705//7972 4706//7972
f 4496//7973 4594//7973 4595//7973
f 4595//7974 4594//7974 4707//7974
f 4595//7975 4707//7975 4708//7975
f 4708//7976 4707//7976 4709//7976
f 4708//7976 4709//7976 4710//7976
f 4710//7977 4709//7977 4711//7977
f 4710//7978 4711//7978 4712//7978
f 4712//7979 4711//7979 4713//7979
f 4712//7980 4713//7980 4714//7980
f 4714//7981 4713//7981 4715//7981
f 4714//7982 4715//7982 4716//7982
f 4485//7983 4598//7983 4717//7983
f 4717//7984 4598//7984 4618//7984
f 4717//7984 4618//7984 4718//7984
f 4718//7985 4618//7985 4619//7985
f 4718//7985 4619//7985 4719//7985
f 4719//7986 4619//7986 4620//7986
f 4719//7986 4620//7986 4720//7986
f 4720//7987 4620//7987 4575//7987
f 4720//7987 4575//7987 4721//7987
f 4721//7988 4575//7988 4574//7988
f 4721//7988 4574//7988 4722//7988
f 4507//7989 4599//7989 4600//7989
f 4600//7990 4599//7990 4723//7990
f 4600//7991 4723//7991 4724//7991
f 4724//7992 4723//7992 4725//7992
f 4724//7992 4725//7992 4726//7992
f 4726//7993 4725//7993 4727//7993
f 4726//7994 4727//7994 4728//7994
f 4728//7995 4727//7995 4729//7995
f 4728//7996 4729//7996 4730//7996
f 4730//7997 4729//7997 4731//7997
f 4730//7998 4731//7998 4732//7998
f 3624//7999 3528//7999 4537//7999
f 4537//8000 3528//8000 3527//8000
f 4537//8001 3527//8001 4626//8001
f 4626//8002 3527//8002 3526//8002
f 4626//8003 3526//8003 3525//8003
f 3525//8004 4635//8004 4626//8004
f 4626//8005 4635//8005 4633//8005
f 4626//8005 4633//8005 4625//8005
f 4625//8006 4633//8006 4631//8006
f 4625//8007 4631//8007 4624//8007
f 4624//8008 4631//8008 4629//8008
f 4624//8008 4629//8008 4623//8008
f 4623//8009 4629//8009 4627//8009
f 4623//8010 4627//8010 4622//8010
f 4622//8011 4627//8011 4578//8011
f 4622//8011 4578//8011 4621//8011
f 4621//8012 4578//8012 4519//8012
f 4621//8012 4519//8012 4504//8012
f 3525//8013 3524//8013 4635//8013
f 4635//8014 3524//8014 3523//8014
f 4635//8015 3523//8015 4636//8015
f 4636//8016 3523//8016 3536//8016
f 4636//8017 3536//8017 3535//8017
f 4521//8018 4579//8018 4580//8018
f 4580//8019 4579//8019 4628//8019
f 4580//8019 4628//8019 4639//8019
f 4639//8020 4628//8020 4630//8020
f 4639//8021 4630//8021 4641//8021
f 4641//8022 4630//8022 4632//8022
f 4641//8023 4632//8023 4643//8023
f 4643//8024 4632//8024 4634//8024
f 4643//8025 4634//8025 4638//8025
f 4638//8026 4634//8026 4636//8026
f 4638//8027 4636//8027 4637//8027
f 4637//8028 4636//8028 3535//8028
f 4637//8029 3535//8029 3534//8029
f 3534//8030 3533//8030 4637//8030
f 4637//8030 3533//8030 4646//8030
f 4637//8031 4646//8031 537//8031
f 537//8032 4646//8032 539//8032
f 3533//8033 3532//8033 4646//8033
f 4646//8034 3532//8034 3531//8034
f 4646//8034 3531//8034 4652//8034
f 4652//8035 3531//8035 3530//8035
f 4652//8036 3530//8036 3529//8036
f 3529//8037 4662//8037 4652//8037
f 4652//8038 4662//8038 4660//8038
f 4652//8038 4660//8038 4651//8038
f 4651//8039 4660//8039 4658//8039
f 4651//8039 4658//8039 4650//8039
f 4650//8040 4658//8040 4656//8040
f 4650//8041 4656//8041 4649//8041
f 4649//8042 4656//8042 4654//8042
f 4649//8043 4654//8043 4648//8043
f 4648//8044 4654//8044 4582//8044
f 4648//8044 4582//8044 4647//8044
f 4647//8045 4582//8045 4513//8045
f 4647//8046 4513//8046 4512//8046
f 3529//8047 3539//8047 4662//8047
f 4662//8048 3539//8048 3538//8048
f 4662//8048 3538//8048 4663//8048
f 4663//8049 3538//8049 3537//8049
f 4663//8050 3537//8050 3521//8050
f 3521//8050 4572//8050 4663//8050
f 4663//8051 4572//8051 4570//8051
f 4663//8051 4570//8051 4661//8051
f 4661//8052 4570//8052 4569//8052
f 4661//8053 4569//8053 4659//8053
f 4659//8054 4569//8054 4568//8054
f 4659//8055 4568//8055 4657//8055
f 4657//8056 4568//8056 4603//8056
f 4657//8057 4603//8057 4655//8057
f 4655//8058 4603//8058 4583//8058
f 4655//8059 4583//8059 4653//8059
f 4653//8060 4583//8060 4509//8060
f 4653//8061 4509//8061 4514//8061
f 4409//8062 4399//8062 3518//8062
f 3518//8063 4399//8063 4571//8063
f 3518//8064 4571//8064 3519//8064
f 3519//8065 4571//8065 4572//8065
f 3519//8065 4572//8065 3520//8065
f 3520//8050 4572//8050 3521//8050
f 3546//8066 4561//8066 3545//8066
f 3545//8067 4561//8067 4233//8067
f 3545//8068 4233//8068 4232//8068
f 3546//8069 4673//8069 4561//8069
f 4561//8070 4673//8070 4671//8070
f 4561//8070 4671//8070 4560//8070
f 4560//8071 4671//8071 4669//8071
f 4560//8071 4669//8071 4562//8071
f 4562//8072 4669//8072 4667//8072
f 4562//8073 4667//8073 4604//8073
f 4604//8074 4667//8074 4665//8074
f 4604//8074 4665//8074 4605//8074
f 4605//8075 4665//8075 4586//8075
f 4605//8076 4586//8076 4606//8076
f 4606//8077 4586//8077 4492//8077
f 4606//8077 4492//8077 4491//8077
f 3546//8078 3549//8078 4673//8078
f 4673//8079 3549//8079 3548//8079
f 4673//8080 3548//8080 4674//8080
f 4674//8081 3548//8081 3547//8081
f 4674//8082 3547//8082 3517//8082
f 3517//8082 4684//8082 4674//8082
f 4674//8083 4684//8083 4682//8083
f 4674//8083 4682//8083 4672//8083
f 4672//8084 4682//8084 4680//8084
f 4672//8084 4680//8084 4670//8084
f 4670//8085 4680//8085 4678//8085
f 4670//8086 4678//8086 4668//8086
f 4668//8087 4678//8087 4676//8087
f 4668//8087 4676//8087 4666//8087
f 4666//8088 4676//8088 4587//8088
f 4666//8088 4587//8088 4664//8088
f 4664//8089 4587//8089 4483//8089
f 4664//8090 4483//8090 4482//8090
f 3517//8091 3516//8091 4684//8091
f 4684//8092 3516//8092 3550//8092
f 4684//8093 3550//8093 4685//8093
f 4685//8094 3550//8094 3556//8094
f 4685//8095 3556//8095 3555//8095
f 3555//8095 4695//8095 4685//8095
f 4685//8096 4695//8096 4693//8096
f 4685//8096 4693//8096 4683//8096
f 4683//8097 4693//8097 4691//8097
f 4683//8098 4691//8098 4681//8098
f 4681//8099 4691//8099 4689//8099
f 4681//8099 4689//8099 4679//8099
f 4679//8100 4689//8100 4687//8100
f 4679//8100 4687//8100 4677//8100
f 4677//8101 4687//8101 4588//8101
f 4677//8101 4588//8101 4675//8101
f 4675//8102 4588//8102 4501//8102
f 4675//8102 4501//8102 4484//8102
f 3555//8103 3554//8103 4695//8103
f 4695//8104 3554//8104 3553//8104
f 4695//8104 3553//8104 4696//8104
f 4696//8105 3553//8105 3552//8105
f 4696//8106 3552//8106 3551//8106
f 3551//8107 4705//8107 4696//8107
f 4696//8108 4705//8108 4703//8108
f 4696//8108 4703//8108 4694//8108
f 4694//8109 4703//8109 4701//8109
f 4694//8109 4701//8109 4692//8109
f 4692//8110 4701//8110 4699//8110
f 4692//8111 4699//8111 4690//8111
f 4690//8112 4699//8112 4697//8112
f 4690//8113 4697//8113 4688//8113
f 4688//8114 4697//8114 4589//8114
f 4688//8114 4589//8114 4686//8114
f 4686//8115 4589//8115 4503//8115
f 4686//8116 4503//8116 4502//8116
f 3551//8117 3561//8117 4705//8117
f 4705//8118 3561//8118 3560//8118
f 4705//8118 3560//8118 4706//8118
f 4706//8119 3560//8119 3559//8119
f 4706//8120 3559//8120 3558//8120
f 4499//8121 4590//8121 4591//8121
f 4591//8122 4590//8122 4698//8122
f 4591//8123 4698//8123 4607//8123
f 4607//8124 4698//8124 4700//8124
f 4607//8125 4700//8125 4556//8125
f 4556//8126 4700//8126 4702//8126
f 4556//8127 4702//8127 4557//8127
f 4557//8128 4702//8128 4704//8128
f 4557//8128 4704//8128 4558//8128
f 4558//8129 4704//8129 4706//8129
f 4558//8129 4706//8129 4559//8129
f 4559//8130 4706//8130 3558//8130
f 4559//8131 3558//8131 3557//8131
f 3973//8132 3566//8132 4547//8132
f 4547//8133 3566//8133 3565//8133
f 4547//8133 3565//8133 4549//8133
f 4549//8134 3565//8134 3564//8134
f 4549//8135 3564//8135 3563//8135
f 3563//8136 4715//8136 4549//8136
f 4549//8137 4715//8137 4713//8137
f 4549//8137 4713//8137 4548//8137
f 4548//8138 4713//8138 4711//8138
f 4548//8139 4711//8139 4608//8139
f 4608//8140 4711//8140 4709//8140
f 4608//8140 4709//8140 4609//8140
f 4609//8141 4709//8141 4707//8141
f 4609//8142 4707//8142 4610//8142
f 4610//8143 4707//8143 4594//8143
f 4610//8143 4594//8143 4611//8143
f 4611//8144 4594//8144 4495//8144
f 4611//8145 4495//8145 4494//8145
f 3563//8146 3573//8146 4715//8146
f 4715//8147 3573//8147 3572//8147
f 4715//8148 3572//8148 4716//8148
f 4716//8149 3572//8149 3571//8149
f 4716//8150 3571//8150 3570//8150
f 4488//8151 4595//8151 4596//8151
f 4596//8152 4595//8152 4708//8152
f 4596//8153 4708//8153 4612//8153
f 4612//8154 4708//8154 4710//8154
f 4612//8155 4710//8155 4614//8155
f 4614//8156 4710//8156 4712//8156
f 4614//8157 4712//8157 4616//8157
f 4616//8158 4712//8158 4714//8158
f 4616//8158 4714//8158 4577//8158
f 4577//8159 4714//8159 4716//8159
f 4577//8160 4716//8160 4576//8160
f 4576//8150 4716//8150 3570//8150
f 4576//8161 3570//8161 3569//8161
f 3569//8162 3513//8162 4576//8162
f 4576//7408 3513//7408 4534//7408
f 4576//8163 4534//8163 424//8163
f 424//8164 4534//8164 425//8164
f 3512//8165 3574//8165 4534//8165
f 4534//8166 3574//8166 4574//8166
f 4534//8167 4574//8167 421//8167
f 421//8168 4574//8168 410//8168
f 3574//8169 3580//8169 4574//8169
f 4574//8170 3580//8170 3579//8170
f 4574//8170 3579//8170 4722//8170
f 4722//8171 3579//8171 3578//8171
f 4722//8172 3578//8172 3577//8172
f 3577//8172 4731//8172 4722//8172
f 4722//8173 4731//8173 4729//8173
f 4722//8174 4729//8174 4721//8174
f 4721//8175 4729//8175 4727//8175
f 4721//8176 4727//8176 4720//8176
f 4720//8177 4727//8177 4725//8177
f 4720//8177 4725//8177 4719//8177
f 4719//8178 4725//8178 4723//8178
f 4719//8179 4723//8179 4718//8179
f 4718//8180 4723//8180 4599//8180
f 4718//8180 4599//8180 4717//8180
f 4717//8181 4599//8181 4508//8181
f 4717//8181 4508//8181 4485//8181
f 3577//8182 3576//8182 4731//8182
f 4731//8183 3576//8183 3575//8183
f 4731//8184 3575//8184 4732//8184
f 4732//8185 3575//8185 3583//8185
f 4732//8186 3583//8186 3582//8186
f 4506//8187 4600//8187 4543//8187
f 4543//8188 4600//8188 4724//8188
f 4543//8189 4724//8189 4542//8189
f 4542//8190 4724//8190 4726//8190
f 4542//8190 4726//8190 4544//8190
f 4544//8191 4726//8191 4728//8191
f 4544//8192 4728//8192 4546//8192
f 4546//8193 4728//8193 4730//8193
f 4546//8193 4730//8193 4545//8193
f 4545//8194 4730//8194 4732//8194
f 4545//8194 4732//8194 4536//8194
f 4536//8186 4732//8186 3582//8186
f 4536//8186 3582//8186 3581//8186
