# Blender 4.5.10 LTS
# www.blender.org
mtllib converted_link_7_666666ff.mtl
o converted_link_7_666666ff
v -0.010389 0.048486 -0.000036
v -0.010388 0.047670 -0.008861
v -0.010389 0.048475 -0.001059
v -0.010389 0.048231 -0.004974
v -0.010389 0.048330 0.003888
v -0.010388 0.047858 0.007782
v -0.010388 0.047683 0.008789
v -0.010387 0.045068 -0.017887
v -0.010388 0.046368 -0.014180
v -0.010387 0.045094 0.017819
v -0.010388 0.047362 -0.010387
v -0.010388 0.045642 0.016363
v -0.010388 0.046816 0.012620
v -0.010386 0.040561 -0.026571
v -0.010386 0.042579 -0.023199
v -0.010386 0.040600 0.026509
v -0.010387 0.044314 -0.019682
v -0.010386 0.041632 0.024857
v -0.010387 0.043504 0.021411
v -0.010384 0.035488 -0.033045
v -0.010385 0.038043 -0.030068
v -0.010380 0.026556 0.040574
v -0.010385 0.040235 -0.027062
v -0.010380 0.027048 0.040247
v -0.010384 0.035796 0.032709
v -0.010383 0.033030 0.035501
v -0.010381 0.030053 0.038056
v -0.010380 0.026497 -0.040614
v -0.010381 0.029697 -0.038336
v -0.010382 0.032696 -0.035811
v -0.010385 0.038321 0.029710
v -0.010377 0.019668 0.044327
v -0.010377 0.017872 0.045081
v -0.010377 0.017806 -0.045109
v -0.010379 0.024844 -0.041647
v -0.010378 0.021398 -0.043519
v -0.010379 0.023184 0.042592
v -0.010374 0.010372 0.047375
v -0.010373 0.008846 0.047683
v -0.010373 0.008776 -0.047697
v -0.010375 0.012607 -0.046830
v -0.010376 0.016350 -0.045657
v -0.010375 0.014165 0.046381
v -0.010369 -0.001072 -0.048489
v -0.010367 -0.006786 0.048024
v -0.010368 -0.004987 -0.048245
v -0.010366 -0.008804 0.047696
v -0.010366 -0.008874 -0.047684
v -0.010370 0.001045 0.048487
v -0.010372 0.006758 -0.048026
v -0.010372 0.004960 0.048243
v -0.010371 0.002855 -0.048416
v -0.010369 -0.002882 0.048414
v -0.010366 -0.010399 -0.047376
v -0.010365 -0.012634 0.046828
v -0.010363 -0.016377 0.045655
v -0.010364 -0.014193 -0.046383
v -0.010363 -0.017834 0.045107
v -0.010363 -0.017900 -0.045083
v -0.010362 -0.019695 -0.044329
v -0.010360 -0.024871 0.041645
v -0.010359 -0.026524 0.040612
v -0.010359 -0.026583 -0.040575
v -0.010361 -0.021426 0.043517
v -0.010361 -0.023212 -0.042594
v -0.010359 -0.027075 -0.040249
v -0.010355 -0.038071 0.030066
v -0.010354 -0.040262 0.027061
v -0.010356 -0.035516 0.033043
v -0.010356 -0.035824 -0.032711
v -0.010357 -0.033058 -0.035503
v -0.010358 -0.030081 -0.038058
v -0.010358 -0.029725 0.038334
v -0.010357 -0.032724 0.035809
v -0.010354 -0.040588 0.026569
v -0.010354 -0.040627 -0.026511
v -0.010355 -0.038348 -0.029712
v -0.010353 -0.042607 0.023197
v -0.010352 -0.044341 0.019681
v -0.010353 -0.041660 -0.024858
v -0.010352 -0.045096 0.017885
v -0.010352 -0.045122 -0.017821
v -0.010353 -0.043531 -0.021413
v -0.010352 -0.046395 0.014178
v -0.010351 -0.047389 0.010385
v -0.010352 -0.045670 -0.016365
v -0.010351 -0.046843 -0.012622
v -0.010351 -0.047697 0.008859
v -0.010351 -0.047710 -0.008791
v -0.010351 -0.048514 0.000035
v -0.010351 -0.048502 0.001058
v -0.010351 -0.048258 0.004972
v -0.010351 -0.048358 -0.003890
v -0.010351 -0.047885 -0.007784
v -0.010350 -0.051167 -0.004093
v -0.010350 -0.049831 0.012317
v -0.010386 0.041034 0.030797
v -0.010384 0.035561 0.036983
v -0.010353 -0.043406 -0.027396
v -0.010355 -0.038450 -0.034002
v -0.010350 -0.051161 0.004165
v -0.010353 -0.043366 0.027458
v -0.010351 -0.047209 0.020148
v -0.010357 -0.032440 0.039773
v -0.010355 -0.038400 0.034056
v -0.010381 0.029106 -0.042255
v -0.010384 0.035507 -0.037037
v -0.010351 -0.047238 -0.020080
v -0.010350 -0.049849 -0.012245
v -0.010360 -0.025639 0.044460
v -0.010378 0.021951 -0.046379
v -0.010357 -0.032498 -0.039727
v -0.010366 -0.010242 0.050287
v -0.010363 -0.018176 0.047994
v -0.010375 0.014299 0.049280
v -0.010378 0.022019 0.046345
v -0.010381 0.029168 0.042211
v -0.010387 0.045443 0.023814
v -0.010360 -0.025704 -0.044424
v -0.010363 -0.018246 -0.047970
v -0.010389 0.048674 0.016213
v -0.010389 0.050632 -0.008270
v -0.010387 0.045408 -0.023882
v -0.010386 0.040989 -0.030859
v -0.010372 0.006135 -0.050948
v -0.010369 -0.002042 0.051276
v -0.010372 0.006210 0.050938
v -0.010389 0.048650 -0.016286
v -0.010375 0.014227 -0.049302
v -0.010369 -0.002117 -0.051274
v -0.010366 -0.010315 -0.050273
v -0.010390 0.051303 -0.000038
v -0.010389 0.050644 0.008194
v -0.016338 0.051840 0.002981
v -0.016338 0.051224 0.008290
v -0.016338 0.051144 0.008982
v -0.016337 0.049755 0.014860
v -0.016337 0.049200 0.016388
v -0.016336 0.047693 0.020537
v -0.016336 0.045923 0.024069
v -0.016335 0.044986 0.025937
v -0.016334 0.041671 0.030987
v -0.016334 0.041522 0.031164
v -0.016332 0.037791 0.035616
v -0.016332 0.035934 0.037371
v -0.016331 0.033401 0.039765
v -0.016327 0.023330 0.046399
v -0.016329 0.028559 0.043375
v -0.016329 0.029489 0.042682
v -0.016326 0.022264 0.046860
v -0.016325 0.017785 0.048795
v -0.016323 0.014447 0.049798
v -0.016322 0.012000 0.050532
v -0.016318 0.000022 0.051941
v -0.016320 0.006052 0.051586
v -0.016320 0.006281 0.051545
v -0.016314 -0.010357 0.050831
v -0.016315 -0.006008 0.051594
v -0.016317 -0.002065 0.051821
v -0.016313 -0.011958 0.050550
v -0.016311 -0.017745 0.048821
v -0.016310 -0.018386 0.048547
v -0.016309 -0.023294 0.046433
v -0.016308 -0.025910 0.044925
v -0.016307 -0.028527 0.043417
v -0.016305 -0.032816 0.040229
v -0.016305 -0.033375 0.039814
v -0.016303 -0.037771 0.035672
v -0.016303 -0.038817 0.034426
v -0.016301 -0.041657 0.031048
v -0.016301 -0.043830 0.027748
v -0.016300 -0.044980 0.026003
v -0.016299 -0.047695 0.020607
v -0.016299 -0.047774 0.020389
v -0.016298 -0.049765 0.014932
v -0.016298 -0.050356 0.012447
v -0.016298 -0.051162 0.009056
v -0.016297 -0.051872 -0.002983
v -0.016297 -0.051868 0.003057
v -0.016297 -0.051732 0.004210
v -0.016297 -0.051738 -0.004136
v -0.016298 -0.051176 -0.008983
v -0.016298 -0.050374 -0.012375
v -0.016298 -0.049787 -0.014862
v -0.016300 -0.045018 -0.025939
v -0.016299 -0.047725 -0.020539
v -0.016299 -0.047804 -0.020321
v -0.016303 -0.038867 -0.034372
v -0.016301 -0.041703 -0.030988
v -0.016301 -0.043870 -0.027686
v -0.016303 -0.037823 -0.035618
v -0.016305 -0.033433 -0.039766
v -0.016305 -0.032874 -0.040183
v -0.016307 -0.028591 -0.043377
v -0.016308 -0.025976 -0.044889
v -0.016309 -0.023362 -0.046401
v -0.016310 -0.018457 -0.048521
v -0.016311 -0.017817 -0.048797
v -0.016313 -0.012032 -0.050534
v -0.016314 -0.010431 -0.050817
v -0.016315 -0.006084 -0.051587
v -0.016317 -0.002141 -0.051819
v -0.016318 -0.000054 -0.051943
v -0.016320 0.005976 -0.051596
v -0.016320 0.006205 -0.051555
v -0.016322 0.011926 -0.050552
v -0.016326 0.022196 -0.046894
v -0.016325 0.017713 -0.048823
v -0.016323 0.014375 -0.049820
v -0.016327 0.023262 -0.046435
v -0.016329 0.028495 -0.043419
v -0.016329 0.029427 -0.042726
v -0.016331 0.033343 -0.039815
v -0.016332 0.035880 -0.037425
v -0.016332 0.037739 -0.035674
v -0.016335 0.044948 -0.026005
v -0.016334 0.041625 -0.031049
v -0.016334 0.041476 -0.031226
v -0.016337 0.049176 -0.016462
v -0.016336 0.047663 -0.020609
v -0.016336 0.045887 -0.024137
v -0.016337 0.049733 -0.014934
v -0.016338 0.051130 -0.009058
v -0.016338 0.051212 -0.008366
v -0.016338 0.051836 -0.003059
v -0.016338 0.051838 -0.000039
v -0.026766 -0.009939 -0.022949
v -0.026775 0.012496 0.021641
v -0.026768 -0.004379 -0.024618
v -0.026776 0.017149 0.018171
v -0.026778 0.020877 0.013722
v -0.026762 -0.019183 -0.016057
v -0.026768 -0.004343 0.024622
v -0.026770 0.001452 0.024956
v -0.026761 -0.022369 -0.011205
v -0.026764 -0.014934 0.020063
v -0.026766 -0.009905 0.022961
v -0.026760 -0.024350 -0.005748
v -0.026760 -0.025020 0.000017
v -0.026762 -0.019159 0.016083
v -0.026760 -0.024342 0.005782
v -0.026761 -0.022353 0.011235
v -0.026764 -0.014964 -0.020043
v -0.026772 0.007167 0.023944
v -0.026779 0.023478 0.008533
v -0.026779 0.024813 0.002883
v -0.026779 0.024809 -0.002921
v -0.026779 0.023466 -0.008569
v -0.026778 0.020857 -0.013754
v -0.026776 0.017123 -0.018197
v -0.026775 0.012464 -0.021661
v -0.026772 0.007132 -0.023956
v -0.026770 0.001416 -0.024960
v -0.016508 -0.041639 0.031035
v -0.016543 0.047673 0.020529
v -0.016545 0.051814 -0.003058
v -0.016820 -0.017717 -0.048521
v -0.016822 -0.011964 -0.050248
v -0.016700 -0.012003 -0.050412
v -0.016812 -0.037609 -0.035416
v -0.016814 -0.033244 -0.039542
v -0.016692 -0.033352 -0.039671
v -0.016807 -0.051575 0.003040
v -0.016807 -0.051579 -0.002966
v -0.016684 -0.051747 -0.002976
v -0.016822 -0.011890 0.050264
v -0.016820 -0.017646 0.048545
v -0.016698 -0.017703 0.048703
v -0.016838 0.028396 0.043129
v -0.016836 0.023198 0.046136
v -0.016714 0.023273 0.046287
v -0.016836 0.023130 -0.046172
v -0.016838 0.028333 -0.043173
v -0.016716 0.028426 -0.043314
v -0.016881 0.028221 -0.043003
v -0.016879 0.023038 -0.045991
v -0.016877 0.017543 -0.048356
v -0.016879 0.023105 0.045955
v -0.016881 0.028284 0.042959
v -0.016883 0.033081 0.039384
v -0.016863 -0.017576 0.048354
v -0.016865 -0.011844 0.050066
v -0.016867 -0.005951 0.051100
v -0.016850 -0.051376 -0.002954
v -0.016850 -0.051372 0.003028
v -0.016850 -0.050673 0.008969
v -0.016857 -0.033113 -0.039386
v -0.016855 -0.037462 -0.035277
v -0.016854 -0.041304 -0.030692
v -0.016865 -0.011917 -0.050050
v -0.016863 -0.017647 -0.048330
v -0.016861 -0.023138 -0.045957
v -0.016538 0.033329 -0.039798
v -0.016718 0.033262 -0.039719
v -0.016840 0.033154 -0.039590
v -0.016883 0.033023 -0.039434
v -0.016532 0.017778 0.048775
v -0.016712 0.017741 0.048677
v -0.016834 0.017684 0.048519
v -0.016877 0.017614 0.048328
v -0.016516 -0.023284 0.046414
v -0.016696 -0.023237 0.046321
v -0.016818 -0.023162 0.046170
v -0.016861 -0.023071 0.045989
v -0.016505 -0.051154 -0.008980
v -0.016685 -0.051052 -0.008962
v -0.016807 -0.050886 -0.008933
v -0.016850 -0.050686 -0.008897
v -0.016514 -0.028579 -0.043359
v -0.016694 -0.028522 -0.043272
v -0.016816 -0.028429 -0.043131
v -0.016859 -0.028317 -0.042961
v -0.016522 -0.006082 -0.051565
v -0.016702 -0.006070 -0.051462
v -0.016824 -0.006050 -0.051296
v -0.016867 -0.006026 -0.051094
v -0.016527 0.005974 -0.051574
v -0.016525 -0.000054 -0.051921
v -0.016705 -0.000054 -0.051817
v -0.016870 -0.000054 -0.051446
v -0.016872 0.005918 -0.051102
v -0.016829 0.005942 -0.051304
v -0.016831 0.011858 -0.050266
v -0.016709 0.011897 -0.050430
v -0.016712 0.017670 -0.048705
v -0.016532 0.017706 -0.048803
v -0.016534 0.023252 -0.046416
v -0.016874 0.011811 -0.050068
v -0.016834 0.017613 -0.048547
v -0.016714 0.023205 -0.046323
v -0.016536 0.028483 -0.043401
v -0.016541 0.041607 -0.031036
v -0.016539 0.037723 -0.035659
v -0.016719 0.037648 -0.035586
v -0.016542 0.044929 -0.025994
v -0.016721 0.041524 -0.030974
v -0.016841 0.037525 -0.035471
v -0.016884 0.037378 -0.035331
v -0.016886 0.041226 -0.030752
v -0.016843 0.041389 -0.030873
v -0.016844 0.044694 -0.025858
v -0.016722 0.044839 -0.025942
v -0.016723 0.047548 -0.020559
v -0.016543 0.047643 -0.020601
v -0.016544 0.049712 -0.014928
v -0.016887 0.044517 -0.025755
v -0.016845 0.047393 -0.020493
v -0.016724 0.049612 -0.014898
v -0.016545 0.051108 -0.009054
v -0.016889 0.049256 -0.014792
v -0.016889 0.050640 -0.008971
v -0.016847 0.050840 -0.009007
v -0.016847 0.051543 -0.003042
v -0.016725 0.051711 -0.003052
v -0.016725 0.051715 0.002974
v -0.016545 0.051818 0.002980
v -0.016545 0.051121 0.008978
v -0.016890 0.051340 -0.003029
v -0.016847 0.051547 0.002964
v -0.016725 0.051019 0.008960
v -0.016544 0.049734 0.014854
v -0.016889 0.050653 0.008895
v -0.016889 0.049278 0.014718
v -0.016846 0.049473 0.014776
v -0.016845 0.047423 0.020421
v -0.016723 0.047578 0.020487
v -0.016722 0.044877 0.025874
v -0.016542 0.044967 0.025926
v -0.016541 0.041653 0.030974
v -0.016887 0.044555 0.025689
v -0.016886 0.041271 0.030690
v -0.016843 0.041434 0.030811
v -0.016841 0.037577 0.035415
v -0.016719 0.037700 0.035530
v -0.016718 0.033320 0.039669
v -0.016538 0.033387 0.039748
v -0.016536 0.028547 0.043357
v -0.016884 0.037430 0.035275
v -0.016840 0.033212 0.039540
v -0.016716 0.028489 0.043270
v -0.016534 0.023320 0.046380
v -0.016527 0.006050 0.051564
v -0.016529 0.011995 0.050511
v -0.016709 0.011971 0.050410
v -0.016525 0.000022 0.051919
v -0.016707 0.006037 0.051461
v -0.016831 0.011932 0.050246
v -0.016874 0.011884 0.050048
v -0.016872 0.005993 0.051092
v -0.016829 0.006017 0.051294
v -0.016827 0.000022 0.051647
v -0.016705 0.000022 0.051815
v -0.016702 -0.005995 0.051469
v -0.016522 -0.006006 0.051572
v -0.016520 -0.011953 0.050529
v -0.016870 0.000021 0.051444
v -0.016824 -0.005975 0.051302
v -0.016700 -0.011929 0.050428
v -0.016518 -0.017738 0.048801
v -0.016512 -0.033361 0.039796
v -0.016514 -0.028515 0.043399
v -0.016694 -0.028459 0.043312
v -0.016510 -0.037755 0.035657
v -0.016692 -0.033294 0.039717
v -0.016816 -0.028366 0.043171
v -0.016857 -0.033055 0.039432
v -0.016855 -0.037410 0.035329
v -0.016812 -0.037557 0.035470
v -0.016810 -0.041422 0.030871
v -0.016688 -0.041557 0.030972
v -0.016687 -0.044871 0.025940
v -0.016507 -0.044961 0.025992
v -0.016506 -0.047675 0.020599
v -0.016852 -0.044549 0.025754
v -0.016851 -0.047238 0.020410
v -0.016808 -0.047425 0.020491
v -0.016807 -0.049483 0.014848
v -0.016685 -0.049644 0.014896
v -0.016685 -0.051039 0.009034
v -0.016505 -0.051141 0.009052
v -0.016504 -0.051846 0.003056
v -0.016850 -0.049288 0.014790
v -0.016807 -0.050873 0.009005
v -0.016684 -0.051743 0.003050
v -0.016504 -0.051850 -0.002982
v -0.016506 -0.047705 -0.020531
v -0.016505 -0.049766 -0.014856
v -0.016685 -0.049666 -0.014826
v -0.016507 -0.044999 -0.025928
v -0.016686 -0.047610 -0.020489
v -0.016807 -0.049505 -0.014778
v -0.016850 -0.049310 -0.014720
v -0.016851 -0.047268 -0.020342
v -0.016808 -0.047455 -0.020423
v -0.016809 -0.044764 -0.025792
v -0.016687 -0.044909 -0.025876
v -0.016688 -0.041602 -0.030914
v -0.016508 -0.041685 -0.030975
v -0.016510 -0.037807 -0.035603
v -0.016852 -0.044587 -0.025690
v -0.016810 -0.041467 -0.030813
v -0.016690 -0.037732 -0.035531
v -0.016512 -0.033419 -0.039749
v -0.016518 -0.017810 -0.048777
v -0.016516 -0.023352 -0.046382
v -0.016696 -0.023305 -0.046289
v -0.016520 -0.012027 -0.050513
v -0.016698 -0.017774 -0.048679
v -0.016818 -0.023230 -0.046138
v -0.016529 0.011921 -0.050531
v -0.016707 0.005962 -0.051471
v -0.016827 -0.000054 -0.051649
v -0.016888 0.047206 -0.020411
v -0.016846 0.049451 -0.014850
v -0.016725 0.051006 -0.009036
v -0.016890 0.051344 0.002953
v -0.016847 0.050853 0.008931
v -0.016724 0.049634 0.014824
v -0.016539 0.037775 0.035601
v -0.016721 0.041569 0.030912
v -0.016844 0.044732 0.025790
v -0.016888 0.047236 0.020341
v -0.016859 -0.028254 0.043001
v -0.016814 -0.033186 0.039588
v -0.016690 -0.037680 0.035585
v -0.016505 -0.049744 0.014926
v -0.016686 -0.047580 0.020557
v -0.016809 -0.044726 0.025856
v -0.016854 -0.041259 0.030750
v -0.016860 -0.025016 0.000017
v -0.016860 -0.024338 0.005782
v -0.016861 -0.022349 0.011235
v -0.016862 -0.019155 0.016083
v -0.016864 -0.014931 0.020063
v -0.016866 -0.009901 0.022961
v -0.016868 -0.004339 0.024622
v -0.016870 0.001456 0.024956
v -0.016872 0.007171 0.023944
v -0.016875 0.012500 0.021641
v -0.016876 0.017153 0.018171
v -0.016878 0.020881 0.013722
v -0.016879 0.023482 0.008533
v -0.016879 0.024817 0.002883
v -0.016879 0.024813 -0.002921
v -0.016879 0.023469 -0.008569
v -0.016878 0.020861 -0.013754
v -0.016876 0.017126 -0.018197
v -0.016875 0.012468 -0.021661
v -0.016872 0.007136 -0.023956
v -0.016870 0.001419 -0.024960
v -0.016868 -0.004375 -0.024618
v -0.016866 -0.009935 -0.022949
v -0.016864 -0.014960 -0.020043
v -0.016862 -0.019179 -0.016057
v -0.016861 -0.022365 -0.011205
v -0.016860 -0.024346 -0.005748
v 0.022123 0.017662 -0.020192
v 0.022123 0.018912 -0.019858
v 0.022124 0.016416 -0.015526
v 0.022123 0.019828 -0.018943
v 0.022123 0.018916 -0.015528
v 0.022123 0.017666 -0.015192
v 0.022123 0.019830 -0.016443
v 0.022122 0.020164 -0.017694
v 0.022124 0.015498 -0.018940
v 0.022124 0.016412 -0.019856
v 0.022124 0.015164 -0.017690
v 0.022124 0.015500 -0.016440
v 0.022130 -0.000021 -0.027501
v 0.022130 0.001229 -0.027167
v 0.022131 -0.001268 -0.022835
v 0.022129 0.002145 -0.026252
v 0.022130 -0.000017 -0.022501
v 0.022130 0.001232 -0.022837
v 0.022129 0.002147 -0.023752
v 0.022129 0.002481 -0.025003
v 0.022131 -0.002185 -0.026249
v 0.022131 -0.001271 -0.027165
v 0.022131 -0.002519 -0.024999
v 0.022131 -0.002183 -0.023749
v 0.022138 -0.019858 -0.018914
v 0.022138 -0.018944 -0.019830
v 0.022138 -0.020192 -0.017664
v 0.022137 -0.017694 -0.020166
v 0.022138 -0.019856 -0.016414
v 0.022137 -0.016444 -0.019832
v 0.022136 -0.015528 -0.018918
v 0.022137 -0.017690 -0.015166
v 0.022138 -0.018940 -0.015500
v 0.022136 -0.015192 -0.017668
v 0.022136 -0.015526 -0.016418
v 0.022137 -0.016440 -0.015502
v 0.022139 -0.022501 0.000016
v 0.022141 -0.027501 0.000019
v 0.022141 -0.027167 -0.001231
v 0.022140 -0.023749 0.002181
v 0.022140 -0.024999 0.002517
v 0.022141 -0.026249 0.002183
v 0.022140 -0.023753 -0.002149
v 0.022139 -0.022837 -0.001234
v 0.022140 -0.025003 -0.002483
v 0.022141 -0.026253 -0.002147
v 0.022139 -0.022835 0.001266
v 0.022141 -0.027165 0.001269
v 0.022131 -0.002149 0.023751
v 0.022131 -0.001234 0.022835
v 0.022130 0.000015 0.022499
v 0.022130 0.001266 0.022833
v 0.022129 0.002181 0.023747
v 0.022129 0.002517 0.024997
v 0.022131 -0.002147 0.026251
v 0.022131 -0.002483 0.025001
v 0.022131 -0.001231 0.027165
v 0.022130 0.000019 0.027499
v 0.022130 0.001269 0.027163
v 0.022129 0.002183 0.026247
v 0.021120 0.027595 -0.001521
v 0.021122 0.022402 0.001483
v 0.021122 0.021999 -0.000017
v 0.021119 0.027999 -0.000021
v 0.021120 0.027598 0.001479
v 0.021120 0.026500 0.002578
v 0.021121 0.025001 0.002981
v 0.021121 0.023500 0.002580
v 0.021121 0.024996 -0.003019
v 0.021120 0.026497 -0.002618
v 0.021121 0.023497 -0.002616
v 0.021122 0.022399 -0.001517
v 0.022122 0.020190 0.017662
v 0.022123 0.019856 0.018913
v 0.022123 0.018941 0.019828
v 0.022124 0.015190 0.017666
v 0.022124 0.015524 0.016416
v 0.022124 0.016438 0.015500
v 0.022124 0.015526 0.018916
v 0.022124 0.016441 0.019830
v 0.022123 0.017692 0.020164
v 0.022123 0.017688 0.015164
v 0.022123 0.018938 0.015498
v 0.022123 0.019854 0.016413
v 0.022138 -0.018918 0.015526
v 0.022137 -0.017668 0.015190
v 0.022137 -0.016414 0.019854
v 0.022137 -0.016418 0.015524
v 0.022137 -0.017664 0.020190
v 0.022138 -0.018914 0.019856
v 0.022138 -0.019830 0.018942
v 0.022138 -0.020166 0.017692
v 0.022138 -0.019832 0.016442
v 0.022136 -0.015502 0.016438
v 0.022136 -0.015166 0.017688
v 0.022136 -0.015500 0.018938
v -0.010251 -0.048814 0.000035
v -0.010251 -0.048005 -0.008846
v -0.010251 -0.048804 -0.000960
v -0.010251 -0.048566 -0.004917
v -0.010251 -0.048650 0.004000
v -0.010251 -0.048164 0.007934
v -0.010251 -0.047992 0.008914
v -0.010252 -0.045401 -0.017931
v -0.010251 -0.046708 -0.014184
v -0.010252 -0.045375 0.017995
v -0.010251 -0.047704 -0.010348
v -0.010252 -0.045917 0.016563
v -0.010251 -0.047109 0.012784
v -0.010254 -0.040878 -0.026675
v -0.010253 -0.042912 -0.023266
v -0.010254 -0.040839 0.026733
v -0.010252 -0.044657 -0.019708
v -0.010253 -0.041863 0.025101
v -0.010253 -0.043762 0.021623
v -0.010259 -0.026688 0.040864
v -0.010259 -0.026748 -0.040826
v -0.010259 -0.027114 0.040583
v -0.010258 -0.029978 -0.038519
v -0.010257 -0.033003 -0.035961
v -0.010256 -0.035818 -0.033160
v -0.010255 -0.038392 -0.030145
v -0.010254 -0.040598 -0.027101
v -0.010256 -0.035974 0.032988
v -0.010257 -0.033172 0.035803
v -0.010258 -0.030158 0.038377
v -0.010255 -0.038532 0.029963
v -0.010262 -0.019721 0.044643
v -0.010263 -0.017943 0.045386
v -0.010263 -0.018010 -0.045362
v -0.010260 -0.025115 -0.041851
v -0.010261 -0.021638 -0.043749
v -0.010261 -0.023278 0.042897
v -0.010266 -0.010361 0.047690
v -0.010266 -0.008859 0.047991
v -0.010266 -0.008929 -0.047979
v -0.010265 -0.012798 -0.047098
v -0.010263 -0.016577 -0.045904
v -0.010264 -0.014197 0.046693
v -0.010270 0.000946 -0.048792
v -0.010272 0.006938 0.048302
v -0.010272 0.004903 -0.048554
v -0.010273 0.008901 0.047978
v -0.010273 0.008831 -0.047992
v -0.010269 -0.000973 0.048790
v -0.010267 -0.006965 -0.048304
v -0.010268 -0.004930 0.048552
v -0.010269 -0.003022 -0.048709
v -0.010271 0.002995 0.048707
v -0.010274 0.010333 -0.047691
v -0.010275 0.012771 0.047096
v -0.010276 0.016550 0.045902
v -0.010275 0.014169 -0.046695
v -0.010277 0.017982 0.045360
v -0.010277 0.017916 -0.045388
v -0.010277 0.019694 -0.044644
v -0.010279 0.025088 0.041849
v -0.010280 0.026720 0.040825
v -0.010280 0.026660 -0.040865
v -0.010278 0.021610 0.043747
v -0.010279 0.023251 -0.042899
v -0.010280 0.027087 -0.040585
v -0.010281 0.029950 0.038517
v -0.010283 0.032976 0.035959
v -0.010284 0.035791 0.033158
v -0.010285 0.038364 0.030143
v -0.010286 0.040570 0.027099
v -0.010284 0.035946 -0.032990
v -0.010283 0.033145 -0.035805
v -0.010281 0.030130 -0.038379
v -0.010286 0.040851 0.026673
v -0.010286 0.040812 -0.026735
v -0.010285 0.038504 -0.029965
v -0.010286 0.042884 0.023264
v -0.010287 0.044630 0.019706
v -0.010286 0.041836 -0.025103
v -0.010287 0.045373 0.017929
v -0.010287 0.045347 -0.017997
v -0.010287 0.043735 -0.021625
v -0.010288 0.046681 0.014182
v -0.010288 0.047677 0.010346
v -0.010288 0.045889 -0.016564
v -0.010288 0.047082 -0.012785
v -0.010288 0.047978 0.008844
v -0.010288 0.047965 -0.008916
v -0.010289 0.048786 -0.000037
v -0.010289 0.048777 0.000958
v -0.010289 0.048539 0.004916
v -0.010289 0.048622 -0.004001
v -0.010288 0.048137 -0.007936
v 0.022126 0.009810 -0.012322
v 0.022125 0.013005 -0.008882
v 0.022124 0.015046 -0.004654
v 0.022125 0.013018 0.008862
v 0.022126 0.009828 0.012306
v 0.022133 -0.007866 0.013645
v 0.022136 -0.014196 -0.006825
v 0.022135 -0.011555 -0.010705
v 0.022124 0.015052 0.004630
v 0.022133 -0.007886 -0.013635
v 0.022132 -0.003517 -0.015353
v 0.022130 0.001165 -0.015708
v 0.022124 0.015749 -0.000012
v 0.022128 0.005742 -0.014666
v 0.022128 0.005764 0.014656
v 0.022130 0.001187 0.015704
v 0.022132 -0.003495 0.015357
v 0.022135 -0.011539 0.010721
v 0.022136 -0.014186 0.006843
v 0.022136 -0.015573 0.002357
v 0.022136 -0.015577 -0.002337
v 0.027124 0.015110 -0.004449
v 0.027125 0.013245 -0.008526
v 0.027124 0.015022 -0.004642
v 0.027126 0.010306 -0.011911
v 0.027125 0.012966 -0.008846
v 0.027128 0.006533 -0.014333
v 0.027126 0.009770 -0.012256
v 0.027129 0.002231 -0.015593
v 0.027128 0.005716 -0.014571
v 0.027131 -0.002251 -0.015589
v 0.027130 0.001167 -0.015592
v 0.027133 -0.006553 -0.014323
v 0.027132 -0.003478 -0.015228
v 0.027134 -0.010322 -0.011896
v 0.027133 -0.007807 -0.013515
v 0.027135 -0.013255 -0.008506
v 0.027135 -0.011438 -0.010607
v 0.027136 -0.015114 -0.004427
v 0.027136 -0.014051 -0.006759
v 0.027136 -0.015749 0.000011
v 0.027136 -0.015417 -0.002315
v 0.027136 -0.015108 0.004447
v 0.027136 -0.015413 0.002335
v 0.027135 -0.013243 0.008524
v 0.027136 -0.014041 0.006777
v 0.027134 -0.010304 0.011910
v 0.027135 -0.011422 0.010621
v 0.027133 -0.006532 0.014331
v 0.027133 -0.007787 0.013525
v 0.027131 -0.002229 0.015591
v 0.027132 -0.003456 0.015232
v 0.027129 0.002253 0.015587
v 0.027130 0.001189 0.015588
v 0.027128 0.006554 0.014321
v 0.027128 0.005738 0.014561
v 0.027126 0.010324 0.011895
v 0.027126 0.009788 0.012240
v 0.027125 0.013257 0.008504
v 0.027125 0.012979 0.008826
v 0.027124 0.015751 -0.000012
v 0.027124 0.015116 0.004425
v 0.027124 0.015028 0.004618
v 0.028123 0.019830 -0.018943
v 0.028123 0.019955 -0.018480
v 0.028124 0.016415 -0.019856
v 0.028123 0.017665 -0.020192
v 0.028123 0.018451 -0.019981
v 0.028123 0.018915 -0.019858
v 0.028124 0.016418 -0.015526
v 0.028124 0.015502 -0.016440
v 0.028124 0.015166 -0.017690
v 0.028124 0.015376 -0.018476
v 0.028124 0.015500 -0.018940
v 0.028122 0.020166 -0.017694
v 0.028123 0.019832 -0.016443
v 0.028123 0.018918 -0.015528
v 0.028123 0.018454 -0.015402
v 0.028123 0.017668 -0.015192
v 0.028129 0.002149 -0.023752
v 0.028129 0.002483 -0.025003
v 0.028129 0.002147 -0.026252
v 0.028130 0.001231 -0.027167
v 0.028130 -0.000019 -0.027501
v 0.028131 -0.001269 -0.027165
v 0.028131 -0.002183 -0.026249
v 0.028131 -0.002517 -0.024999
v 0.028131 -0.002181 -0.023749
v 0.028131 -0.001265 -0.022835
v 0.028130 -0.000015 -0.022501
v 0.028130 0.001235 -0.022837
v 0.028137 -0.016441 -0.019832
v 0.028136 -0.015526 -0.018918
v 0.028136 -0.015400 -0.018454
v 0.028138 -0.018941 -0.019830
v 0.028138 -0.018477 -0.019954
v 0.028137 -0.017691 -0.020166
v 0.028138 -0.019854 -0.016414
v 0.028138 -0.020190 -0.017664
v 0.028138 -0.019979 -0.018450
v 0.028138 -0.019856 -0.018914
v 0.028136 -0.015190 -0.017668
v 0.028136 -0.015524 -0.016418
v 0.028137 -0.016438 -0.015502
v 0.028137 -0.017688 -0.015166
v 0.028138 -0.018474 -0.015375
v 0.028138 -0.018938 -0.015500
v 0.028141 -0.027499 0.000019
v 0.028141 -0.027165 -0.001231
v 0.028141 -0.026250 -0.002147
v 0.028140 -0.025000 -0.002483
v 0.028140 -0.023750 -0.002149
v 0.028139 -0.022835 -0.001234
v 0.028139 -0.022499 0.000016
v 0.028139 -0.022833 0.001266
v 0.028140 -0.023747 0.002181
v 0.028140 -0.024997 0.002517
v 0.028141 -0.026247 0.002183
v 0.028141 -0.027163 0.001269
v 0.028131 -0.002480 0.025001
v 0.028131 -0.002146 0.023751
v 0.028131 -0.001232 0.022835
v 0.028130 0.000018 0.022499
v 0.028130 0.001268 0.022833
v 0.028129 0.002184 0.023747
v 0.028129 0.002520 0.024997
v 0.028129 0.002186 0.026247
v 0.028130 0.001271 0.027163
v 0.028130 0.000021 0.027499
v 0.028131 -0.001229 0.027165
v 0.028131 -0.002144 0.026251
v 0.028121 0.024070 0.002731
v 0.028121 0.023503 0.002580
v 0.028122 0.022404 0.001483
v 0.028122 0.022001 -0.000017
v 0.028122 0.022402 -0.001517
v 0.028121 0.023499 -0.002616
v 0.028121 0.024999 -0.003019
v 0.028120 0.026499 -0.002618
v 0.028120 0.027598 -0.001521
v 0.028119 0.028001 -0.000021
v 0.028120 0.027600 0.001479
v 0.028120 0.026503 0.002578
v 0.028120 0.025936 0.002730
v 0.028121 0.025004 0.002981
v 0.028136 -0.014054 0.009098
v 0.028136 -0.014083 0.009065
v 0.028135 -0.010958 0.012666
v 0.028134 -0.008827 0.014034
v 0.028133 -0.006946 0.015240
v 0.028131 -0.002371 0.016581
v 0.028129 0.002397 0.016577
v 0.028128 0.006970 0.015230
v 0.028127 0.008851 0.014021
v 0.028126 0.010980 0.012650
v 0.028125 0.014070 0.009078
v 0.028125 0.014099 0.009045
v 0.028124 0.016077 0.004706
v 0.028124 0.016358 0.002737
v 0.028124 0.016751 -0.000013
v 0.028124 0.016070 -0.004732
v 0.028125 0.014086 -0.009067
v 0.028125 0.014057 -0.009100
v 0.028126 0.010961 -0.012668
v 0.028127 0.008830 -0.014035
v 0.028128 0.006948 -0.015242
v 0.028129 0.002373 -0.016583
v 0.028131 -0.002395 -0.016579
v 0.028133 -0.006968 -0.015232
v 0.028134 -0.008848 -0.014022
v 0.028135 -0.010977 -0.012652
v 0.028136 -0.014067 -0.009080
v 0.028136 -0.014096 -0.009047
v 0.028137 -0.016074 -0.004708
v 0.028137 -0.016749 0.000011
v 0.028137 -0.016352 0.002761
v 0.028137 -0.016067 0.004730
v 0.028124 0.015526 0.016416
v 0.028124 0.016441 0.015500
v 0.028123 0.017690 0.015164
v 0.028123 0.018477 0.015374
v 0.028123 0.018941 0.015498
v 0.028123 0.019856 0.016413
v 0.028122 0.020192 0.017662
v 0.028123 0.019982 0.018448
v 0.028123 0.019858 0.018913
v 0.028123 0.018944 0.019828
v 0.028123 0.018480 0.019953
v 0.028123 0.017694 0.020164
v 0.028124 0.016444 0.019830
v 0.028124 0.015528 0.018916
v 0.028124 0.015403 0.018452
v 0.028124 0.015192 0.017666
v 0.028138 -0.019830 0.016442
v 0.028138 -0.018915 0.015526
v 0.028138 -0.018451 0.015401
v 0.028137 -0.017666 0.015190
v 0.028137 -0.016415 0.015524
v 0.028136 -0.015500 0.016438
v 0.028136 -0.015164 0.017688
v 0.028136 -0.015373 0.018474
v 0.028136 -0.015498 0.018938
v 0.028137 -0.016412 0.019854
v 0.028137 -0.017662 0.020190
v 0.028138 -0.018448 0.019980
v 0.028138 -0.018912 0.019856
v 0.028138 -0.019828 0.018942
v 0.028138 -0.019952 0.018478
v 0.028138 -0.020164 0.017692
v 0.028139 -0.021324 0.018479
v 0.028138 -0.018456 0.009102
v 0.028127 0.008854 0.018457
v 0.028123 0.018459 -0.009103
v 0.028127 0.009448 0.028999
v 0.028127 0.008862 0.029125
v 0.028127 0.008856 0.021332
v 0.028134 -0.008822 0.021345
v 0.028121 0.024180 -0.018483
v 0.028121 0.024663 -0.017946
v 0.028119 0.027855 -0.012426
v 0.028119 0.028936 -0.009111
v 0.028127 0.008827 -0.018471
v 0.028127 0.008819 -0.029139
v 0.028123 0.018448 -0.024093
v 0.028124 0.015232 -0.026426
v 0.028127 0.009405 -0.029015
v 0.028122 0.020393 -0.022682
v 0.028138 -0.018469 -0.009076
v 0.028134 -0.008851 -0.018458
v 0.028139 -0.021351 -0.018449
v 0.028139 -0.021344 -0.009074
v 0.028134 -0.008859 -0.029126
v 0.028134 -0.009445 -0.029001
v 0.028136 -0.015268 -0.026404
v 0.028138 -0.018480 -0.024066
v 0.028138 -0.020423 -0.022652
v 0.028139 -0.021353 -0.021618
v 0.028119 0.030214 0.002727
v 0.028118 0.030501 -0.000023
v 0.028119 0.029831 -0.006364
v 0.028123 0.018467 0.002736
v 0.028129 0.003167 -0.030336
v 0.028132 -0.003209 -0.030332
v 0.028142 -0.028946 -0.009069
v 0.028141 -0.027871 -0.012386
v 0.028140 -0.024687 -0.017910
v 0.028140 -0.024204 -0.018447
v 0.028142 -0.030208 0.002771
v 0.028139 -0.021336 0.002765
v 0.028142 -0.030499 0.000021
v 0.028142 -0.029837 -0.006320
v 0.028142 -0.029828 0.006362
v 0.028139 -0.021331 0.009104
v 0.028142 -0.028933 0.009109
v 0.028141 -0.027853 0.012424
v 0.028139 -0.021322 0.021354
v 0.028139 -0.021586 0.021354
v 0.028140 -0.024177 0.018481
v 0.028136 -0.015229 0.026424
v 0.028138 -0.018445 0.024092
v 0.028138 -0.018447 0.021352
v 0.028138 -0.020390 0.022680
v 0.028139 -0.021322 0.021648
v 0.028134 -0.008816 0.029138
v 0.028134 -0.009402 0.029013
v 0.028132 -0.003164 0.030334
v 0.028129 0.003212 0.030330
v 0.028123 0.018481 0.021325
v 0.028123 0.018483 0.024065
v 0.028124 0.015271 0.026402
v 0.028122 0.021620 0.021322
v 0.028122 0.020426 0.022650
v 0.028121 0.024207 0.018445
v 0.028121 0.024689 0.017908
v 0.028119 0.027873 0.012384
v 0.028119 0.028949 0.009067
v 0.028123 0.018472 0.009075
v 0.028138 -0.018461 0.002763
v 0.028119 0.029840 0.006318
v 0.028134 -0.008824 0.018470
v 0.028140 -0.024661 0.017944
v 0.027118 0.030808 -0.006572
v 0.027118 0.031501 -0.000024
v 0.027140 -0.025497 -0.018497
v 0.027143 -0.031499 0.000022
v 0.027142 -0.030816 -0.006527
v 0.027120 0.025498 0.018495
v 0.027118 0.030818 0.006526
v 0.027119 0.028787 0.012790
v 0.027122 0.021096 0.023393
v 0.027127 0.009757 0.029950
v 0.027124 0.015771 0.027268
v 0.027134 -0.009711 0.029964
v 0.027132 -0.003269 0.031328
v 0.027129 0.003317 0.031324
v 0.027139 -0.021060 0.023423
v 0.027136 -0.015729 0.027291
v 0.027140 -0.025470 0.018533
v 0.027142 -0.030806 0.006571
v 0.027142 -0.028767 0.012832
v 0.027142 -0.028785 -0.012792
v 0.027139 -0.021094 -0.023394
v 0.027134 -0.009755 -0.029952
v 0.027136 -0.015769 -0.027269
v 0.027127 0.009713 -0.029966
v 0.027129 0.003271 -0.031330
v 0.027132 -0.003315 -0.031326
v 0.027122 0.021062 -0.023425
v 0.027124 0.015731 -0.027292
v 0.027120 0.025471 -0.018535
v 0.027119 0.028769 -0.012834
v 0.006739 -0.043311 -0.004907
v 0.008356 -0.043310 -0.005520
v 0.008537 -0.044189 -0.003551
v 0.009424 -0.043310 -0.005925
v 0.010854 -0.043310 -0.005752
v 0.011050 -0.044188 -0.003791
v 0.012275 -0.043309 -0.005579
v 0.013431 -0.043308 -0.004781
v 0.013527 -0.043711 -0.003882
v 0.012275 -0.043301 0.005641
v 0.011955 -0.043301 0.005680
v 0.011759 -0.044182 0.003613
v 0.004147 -0.043308 0.000031
v 0.006313 -0.044188 -0.000814
v 0.006543 -0.044186 0.001588
v 0.005821 -0.043305 0.003934
v 0.004834 -0.043306 0.002819
v 0.004558 -0.043307 0.001699
v 0.006767 -0.043708 0.003944
v 0.006872 -0.043303 0.005019
v 0.006739 -0.043303 0.004969
v 0.014638 -0.043301 0.004010
v 0.014299 -0.043301 0.004244
v 0.015147 -0.043302 0.003041
v 0.014208 -0.043706 0.003232
v 0.015973 -0.043302 0.001467
v 0.013983 -0.044184 0.000876
v 0.015973 -0.043303 0.000606
v 0.015973 -0.043304 -0.001405
v 0.013753 -0.044185 -0.001526
v 0.015848 -0.043305 -0.001642
v 0.014678 -0.043307 -0.003871
v 0.014638 -0.043307 -0.003948
v 0.006008 -0.043310 -0.004082
v 0.005003 -0.043310 -0.002948
v 0.006086 -0.043714 -0.003170
v 0.004834 -0.043310 -0.002757
v 0.004287 -0.043308 -0.000539
v 0.008772 -0.044682 -0.001098
v 0.009011 -0.044680 0.001403
v 0.009246 -0.044183 0.003853
v 0.009424 -0.043302 0.005987
v 0.011285 -0.044681 -0.001339
v 0.011524 -0.044679 0.001162
v 0.015753 -0.032147 -0.029090
v 0.015571 -0.032334 -0.028903
v 0.013892 -0.032093 -0.030390
v 0.004186 -0.030137 -0.031108
v 0.004799 -0.028994 -0.032253
v 0.006393 -0.030444 -0.032046
v 0.005203 -0.028240 -0.033008
v 0.006281 -0.027564 -0.033684
v 0.007879 -0.029001 -0.033490
v 0.007353 -0.026893 -0.034355
v 0.008717 -0.026655 -0.034593
v 0.009453 -0.027311 -0.034508
v 0.010141 -0.026406 -0.034842
v 0.004319 -0.030910 -0.030333
v 0.004502 -0.031973 -0.029269
v 0.005054 -0.031582 -0.030233
v 0.004533 -0.032151 -0.029090
v 0.006967 -0.032903 -0.029583
v 0.008919 -0.033906 -0.028577
v 0.006165 -0.033820 -0.027418
v 0.005831 -0.033480 -0.027759
v 0.010197 -0.034762 -0.026474
v 0.008708 -0.034763 -0.026474
v 0.007687 -0.034384 -0.026853
v 0.010832 -0.034552 -0.027256
v 0.011706 -0.034714 -0.026521
v 0.011580 -0.034762 -0.026474
v 0.016098 -0.030132 -0.031108
v 0.016049 -0.030421 -0.030819
v 0.015710 -0.029410 -0.031832
v 0.015231 -0.030282 -0.031531
v 0.015079 -0.028236 -0.033008
v 0.013318 -0.029634 -0.032853
v 0.010225 -0.026421 -0.034828
v 0.012669 -0.026846 -0.034401
v 0.011366 -0.028631 -0.033859
v 0.012929 -0.026891 -0.034355
v 0.014434 -0.027832 -0.033413
v 0.008384 -0.031818 -0.031369
v 0.010415 -0.032862 -0.030323
v 0.012406 -0.033536 -0.028946
v 0.014123 -0.033817 -0.027418
v 0.009870 -0.030376 -0.032813
v 0.011902 -0.031419 -0.031767
v 0.014099 0.027413 -0.033814
v 0.013538 0.027205 -0.034023
v 0.012742 0.029144 -0.033329
v 0.011556 0.026467 -0.034757
v 0.011244 0.026467 -0.034757
v 0.010421 0.028441 -0.034031
v 0.005179 0.033000 -0.028233
v 0.006714 0.033962 -0.027272
v 0.007494 0.033279 -0.029198
v 0.007329 0.034348 -0.026887
v 0.009032 0.034645 -0.026590
v 0.009815 0.033982 -0.028497
v 0.010117 0.034835 -0.026401
v 0.011780 0.034546 -0.026691
v 0.012148 0.034241 -0.027567
v 0.004909 0.032493 -0.028739
v 0.004386 0.031517 -0.029712
v 0.005276 0.032158 -0.029644
v 0.004162 0.031099 -0.030130
v 0.006207 0.030955 -0.031519
v 0.004399 0.029723 -0.031504
v 0.004509 0.029082 -0.032144
v 0.007157 0.029385 -0.033086
v 0.005308 0.028263 -0.032963
v 0.008684 0.026466 -0.034757
v 0.008510 0.026531 -0.034692
v 0.008089 0.027509 -0.034287
v 0.007176 0.027026 -0.034198
v 0.006141 0.027410 -0.033814
v 0.015729 0.029086 -0.032144
v 0.015332 0.028679 -0.032551
v 0.015826 0.029648 -0.031583
v 0.014961 0.029593 -0.032210
v 0.016074 0.031104 -0.030130
v 0.014029 0.031468 -0.031009
v 0.015878 0.031470 -0.029765
v 0.013079 0.033038 -0.029441
v 0.015055 0.033004 -0.028233
v 0.013176 0.034181 -0.027057
v 0.012905 0.034350 -0.026887
v 0.008463 0.032027 -0.031148
v 0.009451 0.030392 -0.032781
v 0.010785 0.032730 -0.030447
v 0.011773 0.031095 -0.032080
v 0.015051 0.043299 0.003375
v 0.015867 0.043297 0.001222
v 0.013832 0.044177 0.001229
v 0.016069 0.043297 0.000690
v 0.015829 0.043296 -0.001292
v 0.013832 0.044175 -0.001295
v 0.004503 0.043291 -0.002161
v 0.004397 0.043291 -0.001292
v 0.006394 0.044172 -0.001295
v 0.004157 0.043292 0.000690
v 0.004359 0.043293 0.001222
v 0.006394 0.044174 0.001229
v 0.008985 0.043298 0.005689
v 0.010113 0.043299 0.005967
v 0.008906 0.044177 0.003704
v 0.011320 0.044177 0.003704
v 0.005175 0.043295 0.003375
v 0.005541 0.043295 0.003700
v 0.006540 0.043700 0.003704
v 0.006645 0.043296 0.004678
v 0.007325 0.043297 0.005280
v 0.005608 0.043290 -0.003761
v 0.006647 0.043289 -0.004793
v 0.006540 0.043694 -0.003770
v 0.008677 0.043289 -0.005859
v 0.008906 0.044171 -0.003770
v 0.008990 0.043290 -0.005859
v 0.011320 0.044172 -0.003770
v 0.011236 0.043290 -0.005859
v 0.013686 0.043697 -0.003770
v 0.013579 0.043292 -0.004793
v 0.011549 0.043291 -0.005859
v 0.014092 0.043293 -0.004524
v 0.014618 0.043293 -0.003761
v 0.015723 0.043295 -0.002161
v 0.014685 0.043299 0.003700
v 0.013581 0.043299 0.004678
v 0.013686 0.043702 0.003704
v 0.012901 0.043299 0.005280
v 0.011241 0.043299 0.005689
v 0.011369 0.044671 0.001228
v 0.008857 0.044670 0.001228
v 0.011369 0.044669 -0.001296
v 0.008857 0.044668 -0.001296
v 0.006134 0.043289 -0.004524
v 0.015057 0.028228 0.033006
v 0.015873 0.029750 0.031482
v 0.013837 0.030366 0.032110
v 0.016075 0.030125 0.031106
v 0.015834 0.031526 0.029704
v 0.013837 0.032151 0.030323
v 0.004508 0.032135 0.029089
v 0.004402 0.031522 0.029704
v 0.006399 0.032148 0.030323
v 0.004163 0.030121 0.031106
v 0.004365 0.029745 0.031482
v 0.006399 0.030363 0.032110
v 0.008992 0.026591 0.034644
v 0.010120 0.026395 0.034840
v 0.008912 0.028616 0.033861
v 0.011326 0.028617 0.033861
v 0.005181 0.028225 0.033006
v 0.005547 0.027995 0.033236
v 0.006546 0.028278 0.033524
v 0.006652 0.027305 0.033928
v 0.007332 0.026879 0.034353
v 0.005612 0.033267 0.027957
v 0.006651 0.033997 0.027226
v 0.006544 0.033560 0.028236
v 0.008681 0.034750 0.026472
v 0.008910 0.033898 0.028571
v 0.008994 0.034750 0.026472
v 0.011324 0.033899 0.028571
v 0.011240 0.034751 0.026472
v 0.013690 0.033562 0.028236
v 0.013583 0.034000 0.027226
v 0.011553 0.034751 0.026472
v 0.014096 0.033809 0.027416
v 0.014622 0.033271 0.027957
v 0.015728 0.032140 0.029089
v 0.014691 0.027998 0.033236
v 0.013588 0.027307 0.033928
v 0.013692 0.028281 0.033524
v 0.012908 0.026882 0.034353
v 0.011248 0.026592 0.034644
v 0.011374 0.030716 0.032460
v 0.008862 0.030715 0.032460
v 0.011374 0.032500 0.030672
v 0.008862 0.032499 0.030672
v 0.006138 0.033806 0.027416
v 0.015081 -0.033011 0.028231
v 0.015897 -0.031487 0.029752
v 0.013862 -0.032115 0.030370
v 0.016098 -0.031110 0.030128
v 0.015858 -0.029708 0.031529
v 0.013861 -0.030328 0.032154
v 0.004532 -0.029097 0.032142
v 0.004426 -0.029713 0.031529
v 0.006423 -0.030331 0.032154
v 0.004186 -0.031115 0.030128
v 0.004389 -0.031491 0.029752
v 0.006424 -0.032118 0.030370
v 0.009016 -0.034651 0.026596
v 0.010144 -0.034846 0.026400
v 0.008937 -0.033868 0.028621
v 0.011351 -0.033867 0.028621
v 0.005205 -0.033015 0.028231
v 0.005571 -0.033244 0.028001
v 0.006570 -0.033532 0.028285
v 0.006676 -0.033936 0.027311
v 0.007356 -0.034361 0.026885
v 0.005636 -0.027965 0.033274
v 0.006675 -0.027234 0.034003
v 0.006568 -0.028244 0.033566
v 0.008705 -0.026479 0.034755
v 0.008934 -0.028578 0.033903
v 0.009018 -0.026479 0.034755
v 0.011348 -0.028577 0.033903
v 0.011264 -0.026478 0.034755
v 0.013714 -0.028241 0.033566
v 0.013607 -0.027231 0.034003
v 0.011577 -0.026478 0.034755
v 0.014120 -0.027421 0.033812
v 0.014646 -0.027962 0.033274
v 0.015752 -0.029093 0.032142
v 0.014715 -0.033240 0.028001
v 0.013612 -0.033933 0.027311
v 0.013716 -0.033530 0.028285
v 0.012932 -0.034359 0.026885
v 0.011272 -0.034650 0.026596
v 0.011399 -0.032466 0.030720
v 0.008887 -0.032467 0.030720
v 0.011398 -0.030678 0.032505
v 0.008886 -0.030679 0.032505
v 0.006162 -0.027425 0.033812
v 0.022118 0.031166 0.004562
v 0.022119 0.028748 0.012776
v 0.022119 0.030170 0.009052
v 0.022118 0.030735 0.006508
v 0.022119 0.028531 0.013348
v 0.022120 0.026283 0.017361
v 0.022122 0.021048 0.023346
v 0.022121 0.023474 0.021003
v 0.022120 0.025440 0.018452
v 0.022122 0.020167 0.024196
v 0.022124 0.016429 0.026875
v 0.022127 0.009729 0.029874
v 0.022126 0.012340 0.028981
v 0.022124 0.015748 0.027226
v 0.022127 0.007988 0.030469
v 0.022129 0.003467 0.031308
v 0.022129 0.003314 0.031314
v 0.022131 -0.001128 0.031479
v 0.022134 -0.009705 0.029935
v 0.022133 -0.005700 0.030979
v 0.022132 -0.003261 0.031245
v 0.022134 -0.010150 0.029820
v 0.022136 -0.014384 0.028024
v 0.022139 -0.021023 0.023377
v 0.022137 -0.018311 0.025631
v 0.022136 -0.015692 0.027227
v 0.022139 -0.021847 0.022692
v 0.022140 -0.024919 0.019269
v 0.022140 -0.025426 0.018504
v 0.022141 -0.027460 0.015436
v 0.022142 -0.028698 0.012799
v 0.022142 -0.029415 0.011274
v 0.022142 -0.030742 0.006871
v 0.022142 -0.030787 0.006568
v 0.022143 -0.031415 0.002321
v 0.022142 -0.030797 -0.006524
v 0.022143 -0.031419 -0.002277
v 0.022143 -0.031501 0.000022
v 0.022142 -0.030752 -0.006827
v 0.022142 -0.029431 -0.011232
v 0.022140 -0.025454 -0.018468
v 0.022141 -0.027482 -0.015398
v 0.022142 -0.028716 -0.012759
v 0.022140 -0.024947 -0.019235
v 0.022139 -0.021881 -0.022662
v 0.022139 -0.021057 -0.023349
v 0.022137 -0.018349 -0.025607
v 0.022136 -0.015732 -0.027205
v 0.022136 -0.014424 -0.028004
v 0.022134 -0.010194 -0.029806
v 0.022134 -0.009749 -0.029923
v 0.022133 -0.005746 -0.030973
v 0.022129 0.003268 -0.031320
v 0.022131 -0.001174 -0.031479
v 0.022132 -0.003307 -0.031243
v 0.022129 0.003421 -0.031314
v 0.022127 0.007944 -0.030483
v 0.022124 0.015708 -0.027250
v 0.022126 0.012298 -0.029001
v 0.022127 0.009685 -0.029890
v 0.022124 0.016389 -0.026901
v 0.022122 0.020131 -0.024228
v 0.022122 0.021014 -0.023378
v 0.022121 0.023444 -0.021039
v 0.022120 0.025413 -0.018492
v 0.022120 0.026257 -0.017401
v 0.022119 0.028511 -0.013392
v 0.022119 0.028730 -0.012820
v 0.022119 0.030156 -0.009098
v 0.022118 0.030725 -0.006554
v 0.022118 0.031160 -0.004610
v 0.022118 0.031499 -0.000024
v 0.005613 0.044861 -0.016262
v 0.005615 0.039728 -0.017633
v 0.005613 0.045228 -0.017637
v 0.005615 0.040096 -0.019008
v 0.005614 0.041101 -0.020016
v 0.005614 0.042476 -0.020385
v 0.005613 0.043851 -0.020018
v 0.005613 0.044859 -0.019012
v 0.005614 0.041104 -0.015253
v 0.005615 0.040098 -0.016258
v 0.005614 0.042480 -0.014885
v 0.005613 0.043854 -0.015255
v 0.003117 0.035328 -0.025483
v 0.002991 0.035529 -0.025377
v 0.003116 0.035480 -0.025395
v 0.003116 0.035552 -0.025353
v 0.002899 0.035464 -0.025442
v 0.002928 0.035364 -0.025518
v 0.003116 0.035682 -0.025353
v 0.002899 0.035770 -0.025394
v 0.003116 0.035811 -0.025353
v 0.002866 0.035376 -0.025530
v 0.002774 0.035440 -0.025595
v 0.002741 0.035658 -0.025507
v 0.002866 0.035988 -0.025530
v 0.002947 0.036003 -0.025515
v 0.003116 0.035884 -0.025395
v 0.003116 0.036035 -0.025483
v 0.002661 0.035802 -0.025717
v 0.002683 0.035859 -0.025660
v 0.002774 0.035923 -0.025595
v 0.002616 0.035681 -0.025836
v 0.002666 0.035549 -0.025703
v 0.002683 0.035505 -0.025660
v 0.003120 0.025422 -0.035375
v 0.002903 0.025381 -0.035510
v 0.002932 0.025457 -0.035411
v 0.002870 0.025469 -0.035423
v 0.002995 0.025316 -0.035575
v 0.003120 0.025334 -0.035526
v 0.002778 0.025533 -0.035487
v 0.002745 0.025445 -0.035705
v 0.002687 0.025598 -0.035552
v 0.003120 0.025292 -0.035598
v 0.003120 0.025291 -0.035728
v 0.002903 0.025332 -0.035816
v 0.002687 0.025598 -0.035906
v 0.002665 0.025655 -0.035849
v 0.002670 0.025641 -0.035596
v 0.002620 0.025774 -0.035729
v 0.002951 0.025453 -0.036050
v 0.002870 0.025468 -0.036035
v 0.002778 0.025533 -0.035970
v 0.003120 0.025421 -0.036082
v 0.003120 0.025333 -0.035930
v 0.003120 0.025291 -0.035857
v 0.005623 0.019947 -0.041139
v 0.005623 0.018941 -0.040132
v 0.005623 0.017566 -0.039762
v 0.005623 0.018938 -0.044895
v 0.005623 0.019945 -0.043889
v 0.005622 0.020314 -0.042514
v 0.005624 0.015184 -0.041135
v 0.005625 0.014814 -0.042510
v 0.005624 0.016191 -0.040130
v 0.005624 0.015182 -0.043885
v 0.005623 0.017562 -0.045262
v 0.005624 0.016188 -0.044893
v 0.005638 -0.020025 -0.043859
v 0.005638 -0.019018 -0.044867
v 0.005637 -0.017644 -0.045236
v 0.005638 -0.020023 -0.041109
v 0.005638 -0.020392 -0.042484
v 0.005638 -0.019015 -0.040104
v 0.005637 -0.017640 -0.039736
v 0.005637 -0.016268 -0.044869
v 0.005636 -0.015262 -0.043863
v 0.005636 -0.014892 -0.042488
v 0.005637 -0.016265 -0.040106
v 0.005636 -0.015260 -0.041113
v 0.003140 -0.025490 -0.035337
v 0.002890 -0.025537 -0.035385
v 0.003140 -0.025402 -0.035489
v 0.002923 -0.025402 -0.035603
v 0.002640 -0.025844 -0.035691
v 0.002685 -0.025725 -0.035811
v 0.002707 -0.025668 -0.035514
v 0.002765 -0.025515 -0.035715
v 0.003015 -0.025385 -0.035844
v 0.003140 -0.025361 -0.035691
v 0.003140 -0.025360 -0.035561
v 0.002890 -0.025538 -0.035997
v 0.002923 -0.025450 -0.035909
v 0.002798 -0.025603 -0.035932
v 0.002707 -0.025668 -0.035868
v 0.003140 -0.025491 -0.036044
v 0.003140 -0.025403 -0.035893
v 0.003140 -0.025361 -0.035820
v 0.002971 -0.025523 -0.036012
v 0.003144 -0.035943 -0.025333
v 0.003144 -0.036089 -0.025431
v 0.003048 -0.035945 -0.025341
v 0.002978 -0.035995 -0.025390
v 0.002972 -0.036065 -0.025455
v 0.003144 -0.035927 -0.025322
v 0.002967 -0.035769 -0.025318
v 0.003144 -0.035736 -0.025284
v 0.002913 -0.035588 -0.025366
v 0.003144 -0.035545 -0.025322
v 0.003144 -0.035528 -0.025333
v 0.002894 -0.035430 -0.025478
v 0.003144 -0.035382 -0.025431
v 0.002838 -0.035861 -0.025409
v 0.002744 -0.035708 -0.025486
v 0.002711 -0.035559 -0.025608
v 0.002644 -0.035736 -0.025784
v 0.002678 -0.035858 -0.025663
v 0.002682 -0.035871 -0.025649
v 0.002790 -0.035986 -0.025534
v 0.002953 -0.036063 -0.025458
v 0.005646 -0.040136 -0.016200
v 0.005648 -0.045268 -0.017571
v 0.005646 -0.039768 -0.017575
v 0.005648 -0.044901 -0.018946
v 0.005647 -0.043895 -0.019954
v 0.005647 -0.042520 -0.020323
v 0.005646 -0.041145 -0.019956
v 0.005646 -0.040138 -0.018950
v 0.005647 -0.043892 -0.015191
v 0.005648 -0.044899 -0.016196
v 0.005647 -0.042516 -0.014823
v 0.005646 -0.041142 -0.015193
v 0.003064 -0.043310 -0.007418
v 0.003147 -0.043326 -0.007428
v 0.003147 -0.043160 -0.007323
v 0.002997 -0.043273 -0.007380
v 0.002959 -0.043218 -0.007326
v 0.002959 -0.043157 -0.007265
v 0.002997 -0.043103 -0.007210
v 0.002985 -0.043046 -0.006969
v 0.002993 -0.043039 -0.006992
v 0.003135 -0.043016 -0.006969
v 0.002793 -0.043160 -0.006969
v 0.002734 -0.043249 -0.006969
v 0.002695 -0.043308 -0.007029
v 0.002677 -0.043363 -0.006969
v 0.002647 -0.043514 -0.006969
v 0.002674 -0.043514 -0.007122
v 0.002974 -0.043514 -0.007438
v 0.002986 -0.043514 -0.007440
v 0.002993 -0.043491 -0.007444
v 0.003147 -0.043341 -0.007438
v 0.003134 -0.043514 -0.007467
v 0.003147 -0.043514 -0.007469
v 0.002816 -0.043514 -0.007337
v 0.002869 -0.043422 -0.007374
v 0.002793 -0.043514 -0.007323
v 0.002801 -0.043321 -0.007274
v 0.002737 -0.043514 -0.007234
v 0.002685 -0.043323 -0.006969
v 0.002695 -0.043454 -0.007175
v 0.002678 -0.043514 -0.007142
v 0.002801 -0.043209 -0.007162
v 0.002869 -0.043109 -0.007061
v 0.002816 -0.043145 -0.006969
v 0.002956 -0.043052 -0.006969
v 0.003147 -0.043055 -0.007157
v 0.003064 -0.043065 -0.007173
v 0.003147 -0.043045 -0.007142
v 0.003147 -0.043014 -0.006969
v 0.002742 -0.043503 0.007304
v 0.002720 -0.043503 0.007271
v 0.002684 -0.043370 0.007164
v 0.002678 -0.043503 0.007204
v 0.002647 -0.043504 0.007031
v 0.002792 -0.043254 0.007280
v 0.002819 -0.043410 0.007397
v 0.002793 -0.043503 0.007385
v 0.002858 -0.043503 0.007426
v 0.002970 -0.043339 0.007469
v 0.003005 -0.043503 0.007506
v 0.002974 -0.043503 0.007500
v 0.003147 -0.043003 0.007031
v 0.003147 -0.043037 0.007203
v 0.003005 -0.043031 0.007031
v 0.002970 -0.043065 0.007195
v 0.002956 -0.043041 0.007031
v 0.002819 -0.043137 0.007124
v 0.002858 -0.043106 0.007031
v 0.002685 -0.043312 0.007031
v 0.002719 -0.043261 0.007031
v 0.002740 -0.043230 0.007031
v 0.002793 -0.043149 0.007031
v 0.003147 -0.043040 0.007220
v 0.003147 -0.043149 0.007385
v 0.002955 -0.043177 0.007357
v 0.003147 -0.043314 0.007494
v 0.003147 -0.043331 0.007497
v 0.003147 -0.043503 0.007531
v 0.005648 -0.045243 0.017635
v 0.005648 -0.044876 0.016260
v 0.005647 -0.043869 0.015253
v 0.005646 -0.039743 0.017631
v 0.005646 -0.040111 0.019006
v 0.005646 -0.040113 0.016256
v 0.005646 -0.041119 0.015251
v 0.005647 -0.042495 0.014883
v 0.005647 -0.043866 0.020016
v 0.005648 -0.044874 0.019010
v 0.005647 -0.042491 0.020383
v 0.005646 -0.041116 0.020014
v 0.004147 -0.043008 0.000031
v 0.006739 -0.043003 0.004969
v 0.004834 -0.043006 0.002819
v 0.009424 -0.043002 0.005987
v 0.012275 -0.043001 0.005641
v 0.014638 -0.043001 0.004010
v 0.015973 -0.043002 0.001467
v 0.015973 -0.043004 -0.001405
v 0.014638 -0.043007 -0.003948
v 0.012275 -0.043009 -0.005579
v 0.009424 -0.043010 -0.005925
v 0.006739 -0.043011 -0.004907
v 0.004834 -0.043010 -0.002757
v 0.007353 -0.026681 -0.034143
v 0.010141 -0.026194 -0.034630
v 0.005203 -0.028027 -0.032796
v 0.004186 -0.029925 -0.030896
v 0.004533 -0.031939 -0.028879
v 0.006164 -0.033608 -0.027206
v 0.011580 -0.034549 -0.026262
v 0.008708 -0.034550 -0.026262
v 0.014122 -0.033605 -0.027206
v 0.015753 -0.031935 -0.028879
v 0.016098 -0.029920 -0.030896
v 0.015079 -0.028023 -0.032796
v 0.012929 -0.026679 -0.034143
v 0.002927 -0.035481 0.025440
v 0.003019 -0.035546 0.025375
v 0.003144 -0.035345 0.025481
v 0.002894 -0.035393 0.025528
v 0.003144 -0.035699 0.025351
v 0.003144 -0.035569 0.025351
v 0.003144 -0.035901 0.025393
v 0.003144 -0.035828 0.025351
v 0.002927 -0.035787 0.025392
v 0.002644 -0.035699 0.025834
v 0.002689 -0.035819 0.025715
v 0.002711 -0.035522 0.025658
v 0.002769 -0.035675 0.025505
v 0.002711 -0.035876 0.025658
v 0.002802 -0.035940 0.025593
v 0.003144 -0.036052 0.025481
v 0.002975 -0.036020 0.025513
v 0.002894 -0.036005 0.025528
v 0.003144 -0.035497 0.025393
v 0.002685 -0.025672 0.035847
v 0.002640 -0.025792 0.035727
v 0.002707 -0.025616 0.035550
v 0.003140 -0.025350 0.035929
v 0.003140 -0.025438 0.036080
v 0.002971 -0.025470 0.036048
v 0.002923 -0.025349 0.035815
v 0.002890 -0.025485 0.036033
v 0.002798 -0.025550 0.035968
v 0.002707 -0.025615 0.035904
v 0.002765 -0.025462 0.035703
v 0.003015 -0.025332 0.035574
v 0.003140 -0.025308 0.035727
v 0.003140 -0.025308 0.035856
v 0.003140 -0.025439 0.035373
v 0.003140 -0.025350 0.035525
v 0.003140 -0.025308 0.035597
v 0.002923 -0.025398 0.035509
v 0.002890 -0.025486 0.035421
v 0.005638 -0.019962 0.041137
v 0.005638 -0.018956 0.040130
v 0.005637 -0.017581 0.039760
v 0.005638 -0.019960 0.043887
v 0.005638 -0.020329 0.042512
v 0.005638 -0.018953 0.044893
v 0.005637 -0.017577 0.045260
v 0.005637 -0.016206 0.040128
v 0.005636 -0.015199 0.041133
v 0.005636 -0.014829 0.042508
v 0.005637 -0.016203 0.044891
v 0.005636 -0.015197 0.043883
v 0.005625 0.014877 0.042486
v 0.005624 0.015245 0.041111
v 0.005623 0.019003 0.044865
v 0.005624 0.016250 0.040104
v 0.005623 0.017625 0.039734
v 0.005622 0.020377 0.042482
v 0.005623 0.020010 0.043857
v 0.005623 0.020008 0.041107
v 0.005623 0.019000 0.040102
v 0.005623 0.017629 0.045234
v 0.005624 0.016253 0.044867
v 0.005624 0.015247 0.043861
v 0.003120 0.025474 0.036042
v 0.003024 0.025358 0.035833
v 0.002943 0.025396 0.035871
v 0.002889 0.025454 0.035927
v 0.002951 0.025506 0.036010
v 0.002870 0.025521 0.035995
v 0.002778 0.025586 0.035930
v 0.002720 0.025533 0.035748
v 0.002687 0.025651 0.035866
v 0.003120 0.025386 0.035892
v 0.003120 0.025344 0.035819
v 0.002954 0.025368 0.035584
v 0.002814 0.025434 0.035649
v 0.002665 0.025708 0.035809
v 0.002658 0.025691 0.035554
v 0.002620 0.025826 0.035689
v 0.002766 0.025576 0.035439
v 0.002694 0.025653 0.035515
v 0.003120 0.025344 0.035690
v 0.003120 0.025344 0.035560
v 0.003120 0.025386 0.035488
v 0.002875 0.025525 0.035388
v 0.002929 0.025500 0.035362
v 0.003120 0.025473 0.035335
v 0.002716 0.035778 0.025488
v 0.002683 0.035896 0.025606
v 0.002661 0.035839 0.025663
v 0.002690 0.035545 0.025609
v 0.002654 0.035584 0.025647
v 0.002616 0.035719 0.025782
v 0.002762 0.035469 0.025532
v 0.002810 0.035679 0.025389
v 0.002871 0.035418 0.025481
v 0.003117 0.035365 0.025429
v 0.003116 0.035517 0.025341
v 0.002925 0.035392 0.025456
v 0.002950 0.035613 0.025323
v 0.003116 0.035848 0.025299
v 0.003020 0.035862 0.025313
v 0.003116 0.035719 0.025299
v 0.003116 0.035589 0.025299
v 0.003116 0.036072 0.025429
v 0.002947 0.036040 0.025461
v 0.002885 0.035957 0.025409
v 0.002866 0.036025 0.025476
v 0.002774 0.035960 0.025541
v 0.002939 0.035900 0.025351
v 0.003116 0.035921 0.025341
v 0.005615 0.039753 0.017573
v 0.005615 0.040121 0.016198
v 0.005614 0.041127 0.015191
v 0.005613 0.045253 0.017569
v 0.005613 0.044886 0.018944
v 0.005613 0.044884 0.016194
v 0.005613 0.043877 0.015189
v 0.005614 0.042501 0.014821
v 0.005614 0.041130 0.019954
v 0.005615 0.040123 0.018948
v 0.005614 0.042505 0.020321
v 0.005613 0.043880 0.019952
v 0.007329 0.034136 -0.026675
v 0.010117 0.034623 -0.026189
v 0.005179 0.032788 -0.028020
v 0.004162 0.030887 -0.029918
v 0.004509 0.028870 -0.031932
v 0.006141 0.027198 -0.033602
v 0.008684 0.026254 -0.034545
v 0.011556 0.026256 -0.034545
v 0.014099 0.027201 -0.033602
v 0.015729 0.028874 -0.031932
v 0.016074 0.030892 -0.029918
v 0.015055 0.032792 -0.028020
v 0.012905 0.034138 -0.026675
v 0.007326 0.042997 0.005281
v 0.010114 0.042999 0.005968
v 0.005176 0.042995 0.003376
v 0.004158 0.042992 0.000691
v 0.004504 0.042991 -0.002160
v 0.006135 0.042989 -0.004523
v 0.008678 0.042989 -0.005858
v 0.011550 0.042991 -0.005858
v 0.014093 0.042993 -0.004523
v 0.015724 0.042995 -0.002160
v 0.016070 0.042997 0.000691
v 0.015052 0.042999 0.003376
v 0.012902 0.042999 0.005281
v 0.007332 0.026667 0.034142
v 0.010120 0.026183 0.034628
v 0.005181 0.028011 0.032795
v 0.004163 0.029909 0.030894
v 0.004508 0.031923 0.028877
v 0.006138 0.033594 0.027205
v 0.008681 0.034538 0.026260
v 0.011553 0.034539 0.026260
v 0.014096 0.033597 0.027205
v 0.015728 0.031928 0.028877
v 0.016075 0.029913 0.030894
v 0.015057 0.028015 0.032795
v 0.012908 0.026669 0.034142
v 0.007356 -0.034149 0.026673
v 0.010144 -0.034635 0.026187
v 0.005205 -0.032803 0.028018
v 0.004186 -0.030903 0.029916
v 0.004532 -0.028886 0.031930
v 0.006162 -0.027213 0.033600
v 0.008705 -0.026267 0.034543
v 0.011577 -0.026266 0.034543
v 0.014120 -0.027210 0.033600
v 0.015752 -0.028881 0.031930
v 0.016098 -0.030899 0.029916
v 0.015081 -0.032799 0.028018
v 0.012932 -0.034147 0.026673
v 0.021533 0.028649 -0.013457
v 0.021534 0.026384 -0.017485
v 0.021538 0.016468 -0.027031
v 0.021536 0.020228 -0.024346
v 0.021548 -0.010243 -0.029950
v 0.021550 -0.014495 -0.028140
v 0.021554 -0.025068 -0.019328
v 0.021553 -0.021987 -0.022772
v 0.021556 -0.030891 0.006904
v 0.021556 -0.029557 0.011328
v 0.021553 -0.021954 0.022802
v 0.021554 -0.025040 0.019362
v 0.021538 0.016508 0.027005
v 0.021536 0.020264 0.024314
v 0.021121 -0.031300 0.006995
v 0.021121 -0.031986 0.002363
v 0.021557 -0.031568 0.002332
v 0.021109 -0.001149 0.032050
v 0.021111 -0.005803 0.031541
v 0.021547 -0.005727 0.031129
v 0.021096 0.030717 0.009217
v 0.021097 0.029048 0.013591
v 0.021533 0.028669 0.013413
v 0.020930 0.003243 -0.032489
v 0.020930 0.003543 -0.032439
v 0.021107 0.003483 -0.031882
v 0.020944 -0.032002 -0.006481
v 0.020944 -0.031842 -0.007068
v 0.021121 -0.031311 -0.006951
v 0.020944 -0.032580 -0.002158
v 0.020944 -0.032553 -0.002359
v 0.021121 -0.031989 -0.002319
v 0.020935 -0.009652 0.031190
v 0.020935 -0.010504 0.030863
v 0.021112 -0.010334 0.030361
v 0.020932 -0.001069 0.032632
v 0.020932 -0.001170 0.032622
v 0.020927 0.011756 0.030458
v 0.020928 0.008269 0.031543
v 0.021105 0.008133 0.031022
v 0.020919 0.032361 0.004327
v 0.021096 0.031732 0.004646
v 0.021096 0.032070 -0.000024
v 0.020919 0.032280 0.004724
v 0.020919 0.031495 0.008602
v 0.020919 0.031229 0.009368
v 0.020920 0.030067 0.012723
v 0.020920 0.029520 0.013810
v 0.020920 0.028103 0.016618
v 0.021098 0.026759 0.017676
v 0.020921 0.027186 0.017956
v 0.021099 0.023900 0.021384
v 0.020921 0.025637 0.020215
v 0.020922 0.024277 0.021720
v 0.020922 0.022714 0.023452
v 0.021100 0.020532 0.024636
v 0.020923 0.020856 0.025025
v 0.020924 0.019385 0.026271
v 0.021102 0.016726 0.027363
v 0.020925 0.016992 0.027801
v 0.020925 0.015710 0.028620
v 0.020926 0.012766 0.029989
v 0.021103 0.012563 0.029507
v 0.020928 0.007591 0.031755
v 0.020930 0.003590 0.032431
v 0.021107 0.003530 0.031876
v 0.020930 0.003290 0.032483
v 0.020933 -0.005409 0.032198
v 0.020934 -0.005901 0.032081
v 0.020937 -0.013724 0.029626
v 0.021114 -0.014645 0.028532
v 0.020937 -0.014879 0.028993
v 0.021116 -0.018643 0.026096
v 0.020938 -0.017549 0.027532
v 0.020939 -0.018938 0.026511
v 0.021117 -0.022245 0.023103
v 0.020940 -0.021063 0.024947
v 0.020940 -0.022595 0.023468
v 0.020941 -0.024200 0.021918
v 0.021118 -0.025371 0.019619
v 0.020941 -0.025774 0.019929
v 0.020942 -0.026906 0.018497
v 0.021119 -0.027958 0.015716
v 0.020943 -0.030441 0.011664
v 0.021120 -0.029948 0.011478
v 0.020943 -0.029132 0.014745
v 0.020942 -0.028407 0.015967
v 0.020944 -0.032577 0.002204
v 0.020943 -0.030837 0.010732
v 0.020944 -0.031831 0.007112
v 0.020944 -0.031993 0.006525
v 0.020944 -0.032550 0.002405
v 0.020943 -0.030852 -0.010688
v 0.021120 -0.029965 -0.011436
v 0.020943 -0.030458 -0.011622
v 0.021119 -0.027981 -0.015676
v 0.020943 -0.029153 -0.014705
v 0.020942 -0.028430 -0.015927
v 0.021118 -0.025400 -0.019583
v 0.020942 -0.026933 -0.018459
v 0.020941 -0.025803 -0.019893
v 0.021117 -0.022278 -0.023073
v 0.020941 -0.024232 -0.021884
v 0.020940 -0.022630 -0.023436
v 0.020940 -0.021100 -0.024918
v 0.021116 -0.018681 -0.026070
v 0.020939 -0.018977 -0.026485
v 0.020938 -0.017590 -0.027508
v 0.021114 -0.014686 -0.028512
v 0.020937 -0.014922 -0.028973
v 0.020937 -0.013767 -0.029608
v 0.021112 -0.010379 -0.030347
v 0.020935 -0.010549 -0.030849
v 0.020935 -0.009697 -0.031178
v 0.021111 -0.005849 -0.031535
v 0.020932 -0.001116 -0.032632
v 0.020934 -0.005948 -0.032075
v 0.020933 -0.005456 -0.032192
v 0.021109 -0.001196 -0.032050
v 0.020932 -0.001217 -0.032622
v 0.020928 0.007544 -0.031767
v 0.021105 0.008088 -0.031036
v 0.020928 0.008222 -0.031557
v 0.021103 0.012520 -0.029527
v 0.020927 0.011711 -0.030477
v 0.020926 0.012723 -0.030009
v 0.021102 0.016686 -0.027389
v 0.020925 0.015669 -0.028644
v 0.020925 0.016951 -0.027827
v 0.021100 0.020496 -0.024668
v 0.020924 0.019346 -0.026301
v 0.020923 0.020819 -0.025057
v 0.021099 0.023869 -0.021420
v 0.020922 0.022679 -0.023488
v 0.020922 0.024246 -0.021758
v 0.020921 0.025608 -0.020255
v 0.021098 0.026733 -0.017716
v 0.020921 0.027159 -0.017998
v 0.020920 0.028078 -0.016660
v 0.021097 0.029028 -0.013635
v 0.020920 0.029499 -0.013854
v 0.020920 0.030048 -0.012769
v 0.020919 0.031216 -0.009416
v 0.021096 0.030704 -0.009263
v 0.020919 0.031482 -0.008650
v 0.020919 0.032273 -0.004774
v 0.021096 0.031725 -0.004694
v 0.020919 0.032354 -0.004377
v 0.020919 0.032649 -0.000025
v 0.021535 0.023588 0.021104
v 0.021534 0.026410 0.017445
v 0.021543 0.003484 0.031460
v 0.021541 0.008027 0.030616
v 0.021545 -0.001134 0.031631
v 0.021550 -0.014454 0.028160
v 0.021552 -0.018399 0.025756
v 0.021555 -0.027593 0.015510
v 0.021545 -0.001180 -0.031631
v 0.021547 -0.005773 -0.031123
v 0.021552 -0.018437 -0.025730
v 0.021555 -0.027616 -0.015472
v 0.021556 -0.029574 -0.011286
v 0.021535 0.023557 -0.021140
v 0.021539 0.012356 -0.029141
v 0.021541 0.007982 -0.030630
v 0.021532 0.031310 -0.004633
v 0.021532 0.031652 -0.000024
v 0.021532 0.031317 0.004585
v 0.021532 0.030315 0.009096
v 0.021539 0.012399 0.029121
v 0.021548 -0.010199 0.029964
v 0.021557 -0.031571 -0.002288
v 0.021556 -0.030901 -0.006860
v 0.021543 0.003438 -0.031466
v 0.021532 0.030302 -0.009142
v 0.002940 0.043486 -0.007502
v 0.002824 0.043486 -0.007428
v 0.002785 0.043393 -0.007399
v 0.002708 0.043486 -0.007306
v 0.002686 0.043486 -0.007273
v 0.002650 0.043353 -0.007166
v 0.003114 0.042986 -0.007032
v 0.003114 0.043020 -0.007204
v 0.002972 0.043014 -0.007032
v 0.002936 0.043048 -0.007196
v 0.002759 0.043132 -0.007032
v 0.002824 0.043089 -0.007032
v 0.002785 0.043120 -0.007125
v 0.002923 0.043024 -0.007032
v 0.002706 0.043213 -0.007033
v 0.002758 0.043237 -0.007282
v 0.002685 0.043244 -0.007033
v 0.002644 0.043486 -0.007206
v 0.002613 0.043486 -0.007033
v 0.002651 0.043295 -0.007033
v 0.002759 0.043486 -0.007387
v 0.002936 0.043322 -0.007471
v 0.002971 0.043486 -0.007508
v 0.002921 0.043160 -0.007358
v 0.003113 0.043486 -0.007533
v 0.003113 0.043314 -0.007499
v 0.003113 0.043297 -0.007496
v 0.003113 0.043132 -0.007386
v 0.003114 0.043023 -0.007221
v 0.003113 0.043143 0.007322
v 0.002946 0.043103 0.007226
v 0.002921 0.043171 0.007294
v 0.003017 0.043289 0.007411
v 0.003113 0.043309 0.007426
v 0.002946 0.043239 0.007361
v 0.002925 0.043035 0.006968
v 0.002936 0.043031 0.006999
v 0.003102 0.042999 0.006968
v 0.003113 0.043324 0.007436
v 0.003100 0.043497 0.007465
v 0.003113 0.043497 0.007467
v 0.002703 0.043497 0.007232
v 0.002731 0.043497 0.007276
v 0.002805 0.043374 0.007341
v 0.002759 0.043497 0.007321
v 0.002935 0.043466 0.007433
v 0.002925 0.043497 0.007426
v 0.002940 0.043497 0.007436
v 0.002758 0.043248 0.007216
v 0.002650 0.043364 0.007100
v 0.002644 0.043497 0.007140
v 0.002613 0.043496 0.006967
v 0.002923 0.043035 0.006968
v 0.002759 0.043143 0.006968
v 0.002805 0.043123 0.007091
v 0.002730 0.043187 0.006968
v 0.002700 0.043232 0.006967
v 0.002651 0.043305 0.006967
v 0.003114 0.043038 0.007156
v 0.003017 0.043053 0.007176
v 0.003114 0.043028 0.007141
v 0.003114 0.042997 0.006968
v 0.017074 0.043027 -0.007204
v 0.017038 0.043039 -0.007244
v 0.017046 0.043033 -0.007231
v 0.017017 0.043048 -0.007255
v 0.016873 0.043108 -0.007333
v 0.016785 0.043145 -0.007380
v 0.016717 0.043172 -0.007417
v 0.016360 0.043328 -0.007474
v 0.016359 0.043329 -0.007475
v 0.015987 0.043491 -0.007533
v 0.017169 0.042995 -0.007092
v 0.017193 0.042992 -0.007032
v 0.002613 0.045204 -0.017986
v 0.002608 0.044857 -0.019012
v 0.002613 0.044651 -0.019320
v 0.002613 0.043850 -0.020018
v 0.002613 0.045226 -0.017637
v 0.002613 0.044859 -0.016262
v 0.002613 0.043853 -0.015255
v 0.002614 0.042478 -0.014885
v 0.002614 0.041103 -0.015253
v 0.002615 0.040096 -0.016258
v 0.002615 0.039726 -0.017633
v 0.002615 0.040094 -0.019008
v 0.002614 0.041100 -0.020016
v 0.002614 0.042474 -0.020385
v 0.016791 0.035685 -0.025345
v 0.016853 0.035654 -0.025337
v 0.017015 0.035526 -0.025374
v 0.017075 0.035479 -0.025387
v 0.017114 0.035448 -0.025396
v 0.017196 0.035333 -0.025483
v 0.015990 0.036040 -0.025483
v 0.016179 0.035974 -0.025432
v 0.016288 0.035937 -0.025403
v 0.016374 0.035893 -0.025393
v 0.016543 0.035809 -0.025373
v 0.016717 0.035722 -0.025353
v 0.002659 0.039041 -0.028962
v 0.002637 0.039011 -0.029035
v 0.002616 0.038983 -0.029103
v 0.002615 0.038969 -0.029128
v 0.002945 0.039112 -0.028626
v 0.003115 0.039091 -0.028544
v 0.002925 0.039114 -0.028636
v 0.002878 0.039120 -0.028659
v 0.002686 0.039077 -0.028878
v 0.002706 0.039081 -0.028855
v 0.002775 0.039096 -0.028777
v 0.002775 0.039097 -0.028777
v 0.002779 0.028708 -0.039149
v 0.002779 0.028709 -0.039149
v 0.002619 0.029062 -0.039021
v 0.002661 0.028896 -0.039095
v 0.002676 0.028836 -0.039121
v 0.002667 0.028875 -0.039104
v 0.003119 0.028477 -0.039142
v 0.003089 0.028485 -0.039149
v 0.003024 0.028520 -0.039155
v 0.002951 0.028561 -0.039162
v 0.002857 0.028612 -0.039170
v 0.002845 0.028627 -0.039167
v 0.016366 0.025352 -0.035925
v 0.015994 0.025426 -0.036082
v 0.016367 0.025352 -0.035925
v 0.016724 0.025283 -0.035775
v 0.017080 0.025330 -0.035521
v 0.017045 0.025310 -0.035557
v 0.017052 0.025315 -0.035544
v 0.017024 0.025308 -0.035572
v 0.016880 0.025296 -0.035670
v 0.016792 0.025288 -0.035729
v 0.017175 0.025387 -0.035419
v 0.017199 0.025427 -0.035375
v 0.002623 0.019245 -0.044689
v 0.002623 0.019944 -0.043889
v 0.002622 0.020313 -0.042514
v 0.002623 0.019946 -0.041139
v 0.002623 0.018940 -0.040132
v 0.002623 0.017565 -0.039762
v 0.002624 0.016190 -0.040130
v 0.002624 0.015183 -0.041135
v 0.002625 0.014813 -0.042510
v 0.002624 0.015181 -0.043885
v 0.002624 0.016187 -0.044893
v 0.002623 0.017561 -0.045262
v 0.002623 0.017910 -0.045240
v 0.002618 0.018937 -0.044895
v 0.002637 -0.017994 -0.045214
v 0.002633 -0.019019 -0.044867
v 0.002638 -0.019327 -0.044661
v 0.002638 -0.020026 -0.043859
v 0.002637 -0.017645 -0.045236
v 0.002637 -0.016269 -0.044869
v 0.002636 -0.015263 -0.043863
v 0.002636 -0.014893 -0.042488
v 0.002636 -0.015261 -0.041113
v 0.002637 -0.016266 -0.040106
v 0.002637 -0.017641 -0.039736
v 0.002638 -0.019016 -0.040104
v 0.002638 -0.020024 -0.041109
v 0.002638 -0.020393 -0.042484
v 0.016014 -0.025486 -0.036044
v 0.016203 -0.025435 -0.035978
v 0.016815 -0.025347 -0.035689
v 0.016877 -0.025339 -0.035658
v 0.017039 -0.025376 -0.035530
v 0.017099 -0.025389 -0.035483
v 0.017138 -0.025398 -0.035452
v 0.017219 -0.025485 -0.035337
v 0.016312 -0.025406 -0.035941
v 0.016398 -0.025396 -0.035897
v 0.016567 -0.025375 -0.035813
v 0.016741 -0.025355 -0.035726
v 0.003141 -0.028551 -0.039100
v 0.002971 -0.028633 -0.039121
v 0.002952 -0.028643 -0.039123
v 0.002905 -0.028666 -0.039129
v 0.002802 -0.028784 -0.039107
v 0.002733 -0.028862 -0.039091
v 0.002802 -0.028784 -0.039106
v 0.002642 -0.029136 -0.038979
v 0.002643 -0.029111 -0.038993
v 0.002664 -0.029043 -0.039021
v 0.002686 -0.028970 -0.039051
v 0.002713 -0.028886 -0.039087
v 0.002646 -0.039029 -0.029071
v 0.002806 -0.039157 -0.028717
v 0.002806 -0.039157 -0.028718
v 0.002703 -0.039129 -0.028845
v 0.002694 -0.039112 -0.028884
v 0.002688 -0.039103 -0.028905
v 0.003146 -0.039149 -0.028486
v 0.003116 -0.039156 -0.028494
v 0.003051 -0.039162 -0.028529
v 0.002978 -0.039169 -0.028570
v 0.002884 -0.039177 -0.028621
v 0.002872 -0.039174 -0.028636
v 0.017223 -0.035377 -0.025431
v 0.017199 -0.035422 -0.025391
v 0.016390 -0.035928 -0.025357
v 0.016018 -0.036084 -0.025431
v 0.017069 -0.035560 -0.025314
v 0.017048 -0.035575 -0.025312
v 0.017076 -0.035547 -0.025319
v 0.016904 -0.035673 -0.025300
v 0.017104 -0.035524 -0.025334
v 0.016391 -0.035928 -0.025357
v 0.016748 -0.035778 -0.025287
v 0.016816 -0.035732 -0.025292
v 0.002647 -0.042521 -0.020323
v 0.002646 -0.041146 -0.019956
v 0.002646 -0.040139 -0.018950
v 0.002646 -0.039769 -0.017575
v 0.002646 -0.040137 -0.016200
v 0.002646 -0.041143 -0.015193
v 0.002647 -0.042517 -0.014823
v 0.002647 -0.043893 -0.015191
v 0.002648 -0.044900 -0.016196
v 0.002648 -0.045269 -0.017571
v 0.002648 -0.045248 -0.017920
v 0.002643 -0.044902 -0.018946
v 0.002648 -0.044697 -0.019254
v 0.002647 -0.043896 -0.019954
v 0.017106 -0.043044 -0.007140
v 0.017145 -0.043028 -0.007111
v 0.017226 -0.043008 -0.006969
v 0.016821 -0.043159 -0.007316
v 0.016884 -0.043132 -0.007299
v 0.017045 -0.043068 -0.007183
v 0.016573 -0.043269 -0.007383
v 0.016405 -0.043342 -0.007428
v 0.016747 -0.043192 -0.007336
v 0.016021 -0.043509 -0.007469
v 0.016209 -0.043427 -0.007459
v 0.016313 -0.043381 -0.007453
v 0.016394 -0.043346 -0.007431
v 0.002649 -0.048167 -0.006966
v 0.002650 -0.048158 -0.006994
v 0.002671 -0.048131 -0.007061
v 0.003149 -0.047838 -0.007466
v 0.002979 -0.047911 -0.007422
v 0.002959 -0.047920 -0.007417
v 0.002912 -0.047940 -0.007405
v 0.002809 -0.048008 -0.007306
v 0.002693 -0.048101 -0.007135
v 0.002720 -0.048066 -0.007220
v 0.002740 -0.048052 -0.007239
v 0.016393 -0.043336 0.007473
v 0.016021 -0.043498 0.007531
v 0.017051 -0.043054 0.007254
v 0.016907 -0.043114 0.007332
v 0.016394 -0.043335 0.007472
v 0.016751 -0.043179 0.007416
v 0.016819 -0.043151 0.007379
v 0.017072 -0.043045 0.007243
v 0.017107 -0.043033 0.007203
v 0.017202 -0.043001 0.007091
v 0.017226 -0.042998 0.007031
v 0.002649 -0.048156 0.007034
v 0.002691 -0.048090 0.007204
v 0.002697 -0.048082 0.007225
v 0.002706 -0.048067 0.007264
v 0.002809 -0.047996 0.007375
v 0.003149 -0.047827 0.007534
v 0.003119 -0.047838 0.007533
v 0.003054 -0.047867 0.007512
v 0.002981 -0.047900 0.007488
v 0.002887 -0.047943 0.007458
v 0.002875 -0.047951 0.007445
v 0.002647 -0.043867 0.020016
v 0.002647 -0.042492 0.020383
v 0.002646 -0.041117 0.020014
v 0.002646 -0.040112 0.019006
v 0.002646 -0.039744 0.017631
v 0.002646 -0.040114 0.016256
v 0.002646 -0.041120 0.015251
v 0.002647 -0.042496 0.014883
v 0.002647 -0.043870 0.015253
v 0.002648 -0.044877 0.016260
v 0.002648 -0.045244 0.017635
v 0.002648 -0.044669 0.019318
v 0.002643 -0.044875 0.019010
v 0.002648 -0.045221 0.017984
v 0.017703 -0.039596 0.016841
v 0.017616 -0.039554 0.017150
v 0.002646 -0.039534 0.017147
v 0.002647 -0.042105 0.014659
v 0.015873 -0.042100 0.014659
v 0.002646 -0.041093 0.014981
v 0.016077 -0.041935 0.014686
v 0.016584 -0.041450 0.014846
v 0.015872 -0.040107 0.019458
v 0.002646 -0.040112 0.019458
v 0.016581 -0.039779 0.018879
v 0.002646 -0.039626 0.018514
v 0.016758 -0.039698 0.018735
v 0.017559 -0.039527 0.017352
v 0.017480 -0.039490 0.017631
v 0.017477 -0.039491 0.017640
v 0.017296 -0.039513 0.018008
v 0.017170 -0.039556 0.018178
v 0.016925 -0.039641 0.018509
v 0.002646 -0.040059 0.015881
v 0.017623 -0.040070 0.015894
v 0.017692 -0.039924 0.016080
v 0.017698 -0.039742 0.016504
v 0.017406 -0.040491 0.015398
v 0.017481 -0.040368 0.015515
v 0.017568 -0.040187 0.015745
v 0.016883 -0.041163 0.014942
v 0.016938 -0.041092 0.014990
v 0.017168 -0.040796 0.015191
v 0.017607 -0.043005 -0.003487
v 0.017591 -0.043006 -0.003852
v 0.017751 -0.043003 -0.000248
v 0.017741 -0.043003 0.000030
v 0.017624 -0.043000 0.003487
v 0.017617 -0.043000 0.003548
v 0.002646 -0.040141 -0.019402
v 0.015872 -0.040136 -0.019402
v 0.002646 -0.039653 -0.018458
v 0.016445 -0.039863 -0.018978
v 0.015873 -0.042121 -0.014599
v 0.002647 -0.042126 -0.014599
v 0.016582 -0.041480 -0.014778
v 0.002646 -0.041115 -0.014923
v 0.016760 -0.041318 -0.014822
v 0.002646 -0.040082 -0.015825
v 0.017554 -0.040224 -0.015684
v 0.017464 -0.040420 -0.015428
v 0.017271 -0.040709 -0.015177
v 0.017174 -0.040825 -0.015110
v 0.016928 -0.041118 -0.014939
v 0.002646 -0.039559 -0.017091
v 0.017614 -0.039582 -0.017095
v 0.017708 -0.039629 -0.016756
v 0.017707 -0.039765 -0.016428
v 0.017706 -0.039896 -0.016111
v 0.017611 -0.040101 -0.015844
v 0.016589 -0.039804 -0.018823
v 0.016933 -0.039661 -0.018452
v 0.017060 -0.039607 -0.018315
v 0.017175 -0.039582 -0.018113
v 0.017480 -0.039516 -0.017575
v 0.017484 -0.039517 -0.017566
v 0.017563 -0.039556 -0.017281
v 0.017615 -0.032907 -0.027904
v 0.017736 -0.030426 -0.030388
v 0.017620 -0.032875 -0.027936
v 0.017585 -0.027693 -0.033126
v 0.017601 -0.027944 -0.032874
v 0.017746 -0.030219 -0.030595
v 0.015864 -0.019463 -0.040105
v 0.002638 -0.019468 -0.040105
v 0.016578 -0.018891 -0.039773
v 0.002638 -0.018524 -0.039618
v 0.016686 -0.018806 -0.039723
v 0.017719 -0.016573 -0.039682
v 0.017619 -0.017154 -0.039542
v 0.002637 -0.017157 -0.039526
v 0.017596 -0.017286 -0.039510
v 0.017239 -0.018094 -0.039522
v 0.017167 -0.018187 -0.039548
v 0.016915 -0.018511 -0.039639
v 0.017386 -0.015387 -0.040505
v 0.017565 -0.015745 -0.040180
v 0.002637 -0.015891 -0.040051
v 0.017630 -0.015874 -0.040063
v 0.017632 -0.015887 -0.040056
v 0.017710 -0.016501 -0.039721
v 0.002636 -0.014668 -0.042097
v 0.015862 -0.014663 -0.042097
v 0.002636 -0.014991 -0.041085
v 0.016079 -0.014692 -0.041921
v 0.016572 -0.014851 -0.041448
v 0.016883 -0.014952 -0.041150
v 0.016930 -0.014992 -0.041089
v 0.017160 -0.015192 -0.040794
v 0.015851 0.014595 -0.042119
v 0.002625 0.014590 -0.042119
v 0.016565 0.014763 -0.041480
v 0.002624 0.014913 -0.041107
v 0.016673 0.014790 -0.041384
v 0.017706 0.016339 -0.039776
v 0.017606 0.015829 -0.040088
v 0.002624 0.015815 -0.040074
v 0.017583 0.015714 -0.040158
v 0.017226 0.015150 -0.040739
v 0.017154 0.015103 -0.040823
v 0.016901 0.014939 -0.041117
v 0.017373 0.017759 -0.039520
v 0.017553 0.017276 -0.039544
v 0.002624 0.017081 -0.039551
v 0.017617 0.017103 -0.039551
v 0.017619 0.017088 -0.039556
v 0.017697 0.016417 -0.039753
v 0.002623 0.019392 -0.040133
v 0.015849 0.019397 -0.040133
v 0.002623 0.018448 -0.039645
v 0.016066 0.019252 -0.040029
v 0.016559 0.018806 -0.039808
v 0.016870 0.018523 -0.039667
v 0.016917 0.018452 -0.039654
v 0.017147 0.018102 -0.039586
v 0.016819 -0.035692 0.025343
v 0.016881 -0.035661 0.025335
v 0.017043 -0.035532 0.025372
v 0.017103 -0.035485 0.025385
v 0.017142 -0.035454 0.025394
v 0.017223 -0.035339 0.025481
v 0.016018 -0.036047 0.025481
v 0.016207 -0.035981 0.025430
v 0.016316 -0.035944 0.025401
v 0.016402 -0.035900 0.025391
v 0.016571 -0.035816 0.025371
v 0.016745 -0.035729 0.025351
v 0.003146 -0.039108 0.028542
v 0.002976 -0.039129 0.028624
v 0.002956 -0.039131 0.028634
v 0.002909 -0.039137 0.028657
v 0.002806 -0.039115 0.028775
v 0.002737 -0.039099 0.028853
v 0.002806 -0.039114 0.028775
v 0.002646 -0.038986 0.029127
v 0.002647 -0.039000 0.029102
v 0.002668 -0.039028 0.029034
v 0.002690 -0.039058 0.028961
v 0.002717 -0.039094 0.028877
v 0.002802 -0.028725 0.039147
v 0.002802 -0.028726 0.039147
v 0.002642 -0.029079 0.039019
v 0.002684 -0.028913 0.039093
v 0.002699 -0.028853 0.039119
v 0.002690 -0.028892 0.039102
v 0.003141 -0.028494 0.039140
v 0.003111 -0.028502 0.039147
v 0.003046 -0.028537 0.039153
v 0.002973 -0.028578 0.039160
v 0.002880 -0.028629 0.039168
v 0.002868 -0.028644 0.039165
v 0.017038 -0.025325 0.035566
v 0.017101 -0.025337 0.035519
v 0.017129 -0.025342 0.035498
v 0.017219 -0.025433 0.035373
v 0.016378 -0.025367 0.035921
v 0.016014 -0.025433 0.036080
v 0.016900 -0.025300 0.035670
v 0.016825 -0.025286 0.035727
v 0.016742 -0.025301 0.035763
v 0.016384 -0.025366 0.035919
v 0.002638 -0.020331 0.042512
v 0.002638 -0.019964 0.041137
v 0.002638 -0.018957 0.040130
v 0.002637 -0.017583 0.039760
v 0.002637 -0.016207 0.040128
v 0.002636 -0.015201 0.041133
v 0.002636 -0.014831 0.042508
v 0.002636 -0.015199 0.043883
v 0.002637 -0.016204 0.044891
v 0.002637 -0.017579 0.045260
v 0.002637 -0.017928 0.045238
v 0.002633 -0.018954 0.044893
v 0.002638 -0.019262 0.044687
v 0.002638 -0.019962 0.043887
v 0.002623 0.020008 0.043857
v 0.002622 0.020375 0.042482
v 0.002623 0.020006 0.041107
v 0.002623 0.018999 0.040102
v 0.002623 0.017623 0.039734
v 0.002624 0.016249 0.040104
v 0.002624 0.015243 0.041111
v 0.002625 0.014875 0.042486
v 0.002624 0.015245 0.043861
v 0.002624 0.016252 0.044867
v 0.002623 0.017627 0.045234
v 0.002623 0.019310 0.044659
v 0.002618 0.019002 0.044865
v 0.002623 0.017976 0.045212
v 0.017121 0.025394 0.035449
v 0.017199 0.025479 0.035335
v 0.017078 0.025384 0.035482
v 0.017019 0.025370 0.035529
v 0.016866 0.025334 0.035651
v 0.016805 0.025332 0.035690
v 0.015994 0.025479 0.036042
v 0.016127 0.025440 0.035999
v 0.016182 0.025431 0.035974
v 0.016366 0.025402 0.035891
v 0.016367 0.025402 0.035890
v 0.016547 0.025373 0.035808
v 0.016723 0.025345 0.035727
v 0.002663 0.028953 0.039049
v 0.002641 0.029026 0.039019
v 0.002620 0.029094 0.038991
v 0.002619 0.029119 0.038977
v 0.003119 0.028534 0.039098
v 0.002949 0.028616 0.039119
v 0.002929 0.028626 0.039121
v 0.002882 0.028649 0.039127
v 0.002690 0.028869 0.039085
v 0.002710 0.028845 0.039089
v 0.002779 0.028767 0.039104
v 0.002779 0.028767 0.039105
v 0.016362 0.035921 0.025355
v 0.015990 0.036077 0.025429
v 0.016363 0.035921 0.025355
v 0.016720 0.035771 0.025285
v 0.016788 0.035725 0.025290
v 0.016876 0.035666 0.025298
v 0.017020 0.035569 0.025310
v 0.017041 0.035554 0.025312
v 0.017076 0.035518 0.025332
v 0.017171 0.035416 0.025389
v 0.017196 0.035371 0.025429
v 0.002615 0.039012 0.029070
v 0.002657 0.039086 0.028904
v 0.002663 0.039095 0.028883
v 0.002672 0.039111 0.028843
v 0.002775 0.039139 0.028716
v 0.002775 0.039139 0.028715
v 0.003115 0.039132 0.028484
v 0.003085 0.039139 0.028492
v 0.003020 0.039145 0.028527
v 0.002947 0.039152 0.028568
v 0.002853 0.039160 0.028619
v 0.002841 0.039157 0.028634
v 0.002613 0.044679 0.019252
v 0.002613 0.043879 0.019952
v 0.002614 0.042504 0.020321
v 0.002614 0.041129 0.019954
v 0.002615 0.040122 0.018948
v 0.002615 0.039752 0.017573
v 0.002615 0.040120 0.016198
v 0.002614 0.041125 0.015191
v 0.002614 0.042500 0.014821
v 0.002613 0.043875 0.015189
v 0.002613 0.044883 0.016194
v 0.002613 0.045252 0.017569
v 0.002613 0.045230 0.017918
v 0.002608 0.044885 0.018944
v 0.017712 0.030384 -0.030424
v 0.017561 0.033122 -0.027691
v 0.017577 0.032871 -0.027942
v 0.017722 0.030591 -0.030217
v 0.017591 0.027900 -0.032905
v 0.017596 0.027932 -0.032873
v 0.015841 0.040100 -0.019460
v 0.002615 0.040095 -0.019460
v 0.016555 0.039769 -0.018889
v 0.002615 0.039609 -0.018516
v 0.016663 0.039719 -0.018804
v 0.017697 0.039678 -0.016571
v 0.017597 0.039539 -0.017152
v 0.002615 0.039517 -0.017149
v 0.017574 0.039507 -0.017284
v 0.017217 0.039518 -0.018092
v 0.017145 0.039544 -0.018185
v 0.016892 0.039635 -0.018509
v 0.017364 0.040501 -0.015386
v 0.017544 0.040177 -0.015743
v 0.002615 0.040042 -0.015883
v 0.017608 0.040060 -0.015872
v 0.017610 0.040053 -0.015885
v 0.017688 0.039717 -0.016499
v 0.002614 0.042088 -0.014661
v 0.015840 0.042093 -0.014661
v 0.002614 0.041075 -0.014983
v 0.016057 0.041917 -0.014690
v 0.016550 0.041444 -0.014849
v 0.016861 0.041146 -0.014950
v 0.016908 0.041085 -0.014990
v 0.017138 0.040790 -0.015190
v 0.017193 0.043002 0.006968
v 0.017584 0.042995 -0.003549
v 0.017708 0.042997 -0.000031
v 0.017591 0.042995 -0.003488
v 0.017558 0.043000 0.003851
v 0.017574 0.043000 0.003486
v 0.017718 0.042997 0.000247
v 0.015840 0.042114 0.014597
v 0.002614 0.042109 0.014597
v 0.016554 0.041476 0.014766
v 0.002614 0.041097 0.014921
v 0.016662 0.041380 0.014792
v 0.017697 0.039772 0.016341
v 0.017597 0.040085 0.015831
v 0.002615 0.040065 0.015823
v 0.017574 0.040155 0.015716
v 0.017216 0.040735 0.015152
v 0.017144 0.040819 0.015105
v 0.016891 0.041113 0.014941
v 0.017365 0.039516 0.017761
v 0.017544 0.039540 0.017278
v 0.002615 0.039542 0.017089
v 0.017608 0.039548 0.017105
v 0.017610 0.039553 0.017090
v 0.017688 0.039749 0.016419
v 0.002615 0.040124 0.019400
v 0.015841 0.040129 0.019400
v 0.002615 0.039636 0.018456
v 0.016058 0.040025 0.019255
v 0.016551 0.039804 0.018808
v 0.016862 0.039663 0.018525
v 0.016909 0.039650 0.018454
v 0.017139 0.039582 0.018104
v 0.017712 0.030420 0.030386
v 0.017564 0.027687 0.033124
v 0.017579 0.027938 0.032873
v 0.017723 0.030214 0.030593
v 0.017589 0.032902 0.027902
v 0.017594 0.032870 0.027934
v 0.015849 0.019456 0.040103
v 0.002623 0.019451 0.040103
v 0.016563 0.018885 0.039771
v 0.002623 0.018506 0.039617
v 0.016671 0.018800 0.039721
v 0.017706 0.016567 0.039680
v 0.017606 0.017148 0.039541
v 0.002624 0.017139 0.039525
v 0.017583 0.017280 0.039508
v 0.017225 0.018088 0.039520
v 0.017153 0.018181 0.039546
v 0.016900 0.018505 0.039638
v 0.017374 0.015382 0.040503
v 0.017553 0.015740 0.040179
v 0.002624 0.015874 0.040049
v 0.017617 0.015869 0.040061
v 0.017619 0.015882 0.040054
v 0.017697 0.016495 0.039719
v 0.002625 0.014651 0.042095
v 0.015851 0.014656 0.042095
v 0.002624 0.014973 0.041083
v 0.016068 0.014685 0.041919
v 0.016561 0.014845 0.041446
v 0.016871 0.014946 0.041148
v 0.016918 0.014986 0.041087
v 0.017148 0.015186 0.040792
v 0.015862 -0.014602 0.042117
v 0.002636 -0.014607 0.042117
v 0.016576 -0.014770 0.041478
v 0.002636 -0.014931 0.041105
v 0.016684 -0.014796 0.041382
v 0.017719 -0.016345 0.039774
v 0.017619 -0.015834 0.040087
v 0.002637 -0.015832 0.040073
v 0.017595 -0.015719 0.040157
v 0.017238 -0.015156 0.040737
v 0.017166 -0.015109 0.040821
v 0.016913 -0.014945 0.041115
v 0.017387 -0.017765 0.039518
v 0.017566 -0.017282 0.039542
v 0.002637 -0.017099 0.039550
v 0.017630 -0.017109 0.039550
v 0.017632 -0.017094 0.039555
v 0.017710 -0.016423 0.039751
v 0.002638 -0.019409 0.040131
v 0.015864 -0.019404 0.040131
v 0.002638 -0.018466 0.039644
v 0.016081 -0.019259 0.040027
v 0.016574 -0.018812 0.039806
v 0.016885 -0.018529 0.039666
v 0.016932 -0.018458 0.039653
v 0.017161 -0.018108 0.039584
v 0.017736 -0.030389 0.030422
v 0.017587 -0.033128 0.027689
v 0.017603 -0.032876 0.027940
v 0.017746 -0.030597 0.030215
v 0.017613 -0.027906 0.032904
v 0.017618 -0.027938 0.032872
v 0.020325 -0.014646 0.035421
v 0.020326 -0.016141 0.034846
v 0.020724 -0.014936 0.032245
v 0.020323 -0.009898 0.037032
v 0.020324 -0.011353 0.036686
v 0.020722 -0.010506 0.033948
v 0.020321 -0.004980 0.038010
v 0.020322 -0.006362 0.037872
v 0.020721 -0.005887 0.035044
v 0.020319 0.000024 0.038338
v 0.020320 -0.001257 0.038382
v 0.020719 -0.001163 0.035517
v 0.020317 0.005029 0.038010
v 0.020318 0.003870 0.038206
v 0.020717 0.003581 0.035354
v 0.020315 0.009948 0.037032
v 0.020316 0.008929 0.037350
v 0.020715 0.008262 0.034561
v 0.020314 0.014698 0.035420
v 0.020314 0.013826 0.035826
v 0.020713 0.012795 0.033152
v 0.020312 0.019199 0.033203
v 0.020312 0.018479 0.033664
v 0.020712 0.017099 0.031151
v 0.020310 0.023372 0.030417
v 0.020310 0.022801 0.030899
v 0.020710 0.021098 0.028593
v 0.020309 0.027145 0.027109
v 0.020309 0.026716 0.027585
v 0.020709 0.024722 0.025525
v 0.020307 0.030456 0.023337
v 0.020308 0.030155 0.023777
v 0.020707 0.027904 0.022003
v 0.020306 0.033247 0.019165
v 0.020306 0.033055 0.019546
v 0.020706 0.030588 0.018087
v 0.020305 0.035470 0.014663
v 0.020306 0.035365 0.014965
v 0.020706 0.032726 0.013848
v 0.020305 0.037087 0.009909
v 0.020305 0.037045 0.010118
v 0.020705 0.034279 0.009363
v 0.020729 -0.026375 -0.023819
v 0.020705 0.035221 0.004710
v 0.020727 -0.022925 0.027153
v 0.020726 -0.019102 0.029966
v 0.020730 -0.029285 0.020133
v 0.020729 -0.026340 0.023855
v 0.020731 -0.031707 0.016049
v 0.020731 -0.033563 0.011681
v 0.020732 -0.034820 0.007103
v 0.020732 -0.035457 0.002399
v 0.020732 -0.034831 -0.007053
v 0.020732 -0.035460 -0.002349
v 0.020731 -0.033580 -0.011633
v 0.020731 -0.031730 -0.016005
v 0.020730 -0.029314 -0.020091
v 0.020727 -0.022964 -0.027121
v 0.020726 -0.019145 -0.029940
v 0.020724 -0.014983 -0.032225
v 0.020722 -0.010555 -0.033934
v 0.020721 -0.005938 -0.035038
v 0.020719 -0.001215 -0.035517
v 0.020715 0.008211 -0.034575
v 0.020717 0.003530 -0.035362
v 0.020713 0.012746 -0.033172
v 0.020712 0.017054 -0.031177
v 0.020710 0.021057 -0.028625
v 0.020709 0.024685 -0.025563
v 0.020707 0.027871 -0.022045
v 0.020706 0.030561 -0.018133
v 0.020706 0.032705 -0.013898
v 0.020705 0.034266 -0.009415
v 0.020705 0.035214 -0.004764
v 0.020704 0.035534 -0.000027
v 0.020304 0.038070 0.004983
v 0.020304 0.038062 0.005090
v 0.020327 -0.019142 0.033204
v 0.020327 -0.020642 0.032384
v 0.020328 -0.023311 0.030420
v 0.020329 -0.024774 0.029344
v 0.020330 -0.027081 0.027116
v 0.020330 -0.028465 0.025780
v 0.020331 -0.030388 0.023348
v 0.020332 -0.031647 0.021756
v 0.020332 -0.033174 0.019182
v 0.020333 -0.034264 0.017344
v 0.020333 -0.035393 0.014688
v 0.020333 -0.036270 0.012623
v 0.020334 -0.037006 0.009943
v 0.020334 -0.037630 0.007676
v 0.020334 -0.037988 0.005028
v 0.020334 -0.038317 0.002592
v 0.020334 -0.038319 0.000027
v 0.020334 -0.037641 -0.007622
v 0.020334 -0.037995 -0.004974
v 0.020334 -0.038321 -0.002538
v 0.020334 -0.037021 -0.009891
v 0.020333 -0.034289 -0.017296
v 0.020333 -0.035414 -0.014638
v 0.020333 -0.036289 -0.012571
v 0.020332 -0.033202 -0.019136
v 0.020330 -0.028503 -0.025740
v 0.020331 -0.030422 -0.023306
v 0.020332 -0.031679 -0.021712
v 0.020330 -0.027121 -0.027078
v 0.020327 -0.020689 -0.032356
v 0.020328 -0.023356 -0.030388
v 0.020329 -0.024817 -0.029310
v 0.020327 -0.019191 -0.033178
v 0.020324 -0.011407 -0.036672
v 0.020325 -0.014698 -0.035401
v 0.020326 -0.016192 -0.034824
v 0.020323 -0.009952 -0.037020
v 0.020320 -0.001313 -0.038382
v 0.020321 -0.005036 -0.038004
v 0.020322 -0.006417 -0.037864
v 0.020319 -0.000032 -0.038340
v 0.020316 0.008874 -0.037364
v 0.020317 0.004973 -0.038020
v 0.020318 0.003814 -0.038214
v 0.020315 0.009894 -0.037048
v 0.020312 0.018430 -0.033692
v 0.020314 0.014646 -0.035444
v 0.020314 0.013774 -0.035848
v 0.020312 0.019150 -0.033233
v 0.020309 0.026676 -0.027625
v 0.020310 0.023327 -0.030453
v 0.020310 0.022756 -0.030935
v 0.020309 0.027105 -0.027151
v 0.020306 0.033026 -0.019596
v 0.020307 0.030422 -0.023383
v 0.020308 0.030120 -0.023823
v 0.020306 0.033219 -0.019215
v 0.020305 0.037030 -0.010174
v 0.020305 0.035449 -0.014717
v 0.020306 0.035343 -0.015019
v 0.020305 0.037072 -0.009965
v 0.020304 0.038055 -0.005148
v 0.020304 0.038063 -0.005041
v 0.020304 0.038401 -0.000029
v 0.016713 0.043186 0.007335
v 0.016787 0.043153 0.007315
v 0.017011 0.043062 0.007182
v 0.017073 0.043038 0.007139
v 0.017112 0.043022 0.007110
v 0.016850 0.043126 0.007298
v 0.016371 0.043335 0.007426
v 0.016539 0.043262 0.007381
v 0.015987 0.043502 0.007467
v 0.016175 0.043420 0.007457
v 0.016279 0.043374 0.007451
v 0.016360 0.043339 0.007429
v 0.002612 0.048139 -0.007036
v 0.002654 0.048073 -0.007206
v 0.002660 0.048065 -0.007227
v 0.002669 0.048050 -0.007266
v 0.002772 0.047979 -0.007377
v 0.003112 0.047810 -0.007536
v 0.003082 0.047821 -0.007535
v 0.003017 0.047850 -0.007514
v 0.002944 0.047883 -0.007490
v 0.002850 0.047926 -0.007460
v 0.002838 0.047934 -0.007447
v 0.002656 0.048084 0.007133
v 0.002634 0.048114 0.007059
v 0.002613 0.048140 0.006992
v 0.002612 0.048149 0.006964
v 0.002942 0.047894 0.007420
v 0.003112 0.047821 0.007464
v 0.002922 0.047903 0.007415
v 0.002875 0.047923 0.007403
v 0.002772 0.047991 0.007304
v 0.002703 0.048035 0.007237
v 0.002683 0.048049 0.007218
v 0.009028 0.046793 -0.007535
v 0.014796 0.044421 -0.007533
v 0.014420 0.044643 -0.007534
v 0.012939 0.045520 -0.007534
v 0.012729 0.045605 -0.007534
v 0.010973 0.046316 -0.007535
v 0.010922 0.046329 -0.007535
v 0.010721 0.045091 -0.014268
v 0.009029 0.045518 -0.014212
v 0.002612 0.046571 -0.014074
v 0.002597 0.046702 -0.014057
v 0.010903 0.045017 -0.014278
v 0.012503 0.044372 -0.014362
v 0.012679 0.044270 -0.014375
v 0.014164 0.043412 -0.014488
v 0.014328 0.043283 -0.014505
v 0.002612 0.046002 -0.015835
v 0.002613 0.044537 -0.019579
v 0.002614 0.042846 -0.023049
v 0.014316 0.040831 -0.020414
v 0.014603 0.040722 -0.020272
v 0.012764 0.041418 -0.021181
v 0.012669 0.041443 -0.021213
v 0.011017 0.041878 -0.021782
v 0.010894 0.041898 -0.021808
v 0.009030 0.042201 -0.022205
v 0.002599 0.042925 -0.023154
v 0.014436 0.036870 -0.026314
v 0.009031 0.038373 -0.027822
v 0.010727 0.038091 -0.027539
v 0.010921 0.038039 -0.027487
v 0.012737 0.037544 -0.026990
v 0.014431 0.036872 -0.026317
v 0.002615 0.038368 -0.029916
v 0.002616 0.035766 -0.032983
v 0.002617 0.032921 -0.035824
v 0.014427 0.026240 -0.036897
v 0.014803 0.026083 -0.036740
v 0.012946 0.026859 -0.037519
v 0.012737 0.026919 -0.037579
v 0.010981 0.027422 -0.038083
v 0.010930 0.027431 -0.038092
v 0.009035 0.027759 -0.038420
v 0.010730 0.021794 -0.041977
v 0.009038 0.022136 -0.042240
v 0.002621 0.022977 -0.042889
v 0.002606 0.023082 -0.042969
v 0.010912 0.021735 -0.041932
v 0.012512 0.021219 -0.041534
v 0.012688 0.021138 -0.041472
v 0.014173 0.020452 -0.040945
v 0.014337 0.020349 -0.040865
v 0.002625 0.013996 -0.046601
v 0.002624 0.016236 -0.045868
v 0.002623 0.019505 -0.044575
v 0.014327 0.014436 -0.043309
v 0.014614 0.014461 -0.043132
v 0.012775 0.014309 -0.044267
v 0.012680 0.014304 -0.044308
v 0.011028 0.014209 -0.045018
v 0.010905 0.014205 -0.045051
v 0.009041 0.014139 -0.045546
v 0.002610 0.013979 -0.046732
v 0.010744 -0.014272 -0.045097
v 0.009052 -0.014217 -0.045526
v 0.002636 -0.014082 -0.046581
v 0.002621 -0.014065 -0.046712
v 0.010926 -0.014282 -0.045023
v 0.012526 -0.014366 -0.044377
v 0.012702 -0.014379 -0.044275
v 0.014187 -0.014491 -0.043417
v 0.014351 -0.014508 -0.043288
v 0.002638 -0.019587 -0.044547
v 0.002639 -0.023057 -0.042855
v 0.002637 -0.016320 -0.045844
v 0.014340 -0.020417 -0.040836
v 0.014627 -0.020275 -0.040727
v 0.012789 -0.021185 -0.041423
v 0.012694 -0.021217 -0.041448
v 0.011042 -0.021786 -0.041884
v 0.010919 -0.021812 -0.041904
v 0.009055 -0.022210 -0.042208
v 0.002624 -0.023162 -0.042935
v 0.014461 -0.026317 -0.036875
v 0.009057 -0.027827 -0.038380
v 0.010753 -0.027543 -0.038098
v 0.010947 -0.027491 -0.038045
v 0.012762 -0.026994 -0.037549
v 0.014456 -0.026320 -0.036877
v 0.002643 -0.032991 -0.035776
v 0.002644 -0.035832 -0.032931
v 0.014452 -0.036900 -0.026245
v 0.014828 -0.036743 -0.026088
v 0.012971 -0.037522 -0.026864
v 0.012762 -0.037582 -0.026924
v 0.011006 -0.038087 -0.027428
v 0.010955 -0.038096 -0.027437
v 0.009061 -0.038425 -0.027766
v 0.010755 -0.041981 -0.021800
v 0.009063 -0.042245 -0.022143
v 0.002647 -0.042896 -0.022987
v 0.002632 -0.042977 -0.023091
v 0.010937 -0.041936 -0.021741
v 0.012537 -0.041538 -0.021225
v 0.012713 -0.041476 -0.021144
v 0.014197 -0.040948 -0.020457
v 0.014361 -0.040868 -0.020354
v 0.002648 -0.046042 -0.015767
v 0.002649 -0.046609 -0.014006
v 0.002648 -0.044583 -0.019514
v 0.009064 -0.045551 -0.014146
v 0.002634 -0.046740 -0.013989
v 0.014636 -0.043136 -0.014465
v 0.014349 -0.043313 -0.014441
v 0.012798 -0.044271 -0.014315
v 0.012703 -0.044312 -0.014310
v 0.011051 -0.045023 -0.014215
v 0.010928 -0.045056 -0.014211
v 0.014468 -0.044683 -0.007468
v 0.009065 -0.046817 -0.007467
v 0.010760 -0.046417 -0.007467
v 0.010954 -0.046342 -0.007467
v 0.012769 -0.045639 -0.007468
v 0.014463 -0.044687 -0.007468
v 0.002649 -0.048543 -0.003474
v 0.002649 -0.048668 0.000035
v 0.002649 -0.048538 0.003544
v 0.011009 -0.046327 0.007533
v 0.010958 -0.046340 0.007533
v 0.009065 -0.046806 0.007533
v 0.014455 -0.044652 0.007532
v 0.014831 -0.044428 0.007532
v 0.012974 -0.045529 0.007532
v 0.012765 -0.045614 0.007532
v 0.010756 -0.045102 0.014266
v 0.009064 -0.045531 0.014210
v 0.002649 -0.046588 0.014072
v 0.002634 -0.046719 0.014055
v 0.010938 -0.045028 0.014276
v 0.012538 -0.044381 0.014361
v 0.012714 -0.044279 0.014373
v 0.014198 -0.043421 0.014486
v 0.014362 -0.043291 0.014503
v 0.002648 -0.044554 0.019578
v 0.002647 -0.042863 0.023047
v 0.002648 -0.046019 0.015833
v 0.014348 -0.040839 0.020412
v 0.014635 -0.040730 0.020270
v 0.012797 -0.041427 0.021179
v 0.012702 -0.041452 0.021211
v 0.011050 -0.041888 0.021780
v 0.010927 -0.041908 0.021806
v 0.009063 -0.042213 0.022203
v 0.002632 -0.042943 0.023152
v 0.017343 -0.035657 0.025181
v 0.017255 -0.035631 0.025266
v 0.016962 -0.035937 0.025265
v 0.017469 -0.035568 0.025118
v 0.017590 -0.035262 0.025326
v 0.017402 -0.035664 0.025101
v 0.017429 -0.035328 0.025426
v 0.017424 -0.035330 0.025429
v 0.016803 -0.035789 0.025336
v 0.016688 -0.035946 0.025359
v 0.016330 -0.036118 0.025480
v 0.016511 -0.036039 0.025411
v 0.016444 -0.036287 0.025462
v 0.016621 -0.036187 0.025377
v 0.017103 -0.035565 0.025346
v 0.017323 -0.035335 0.025455
v 0.017155 -0.035590 0.025326
v 0.016858 -0.035839 0.025324
v 0.016699 -0.036327 0.025279
v 0.016333 -0.036564 0.025478
v 0.016343 -0.036714 0.025344
v 0.016582 -0.036552 0.025211
v 0.016744 -0.036401 0.025162
v 0.017046 -0.036021 0.025166
v 0.017096 -0.036073 0.025054
v 0.017148 -0.036024 0.025038
v 0.016266 -0.036370 0.025562
v 0.016333 -0.036556 0.025485
v 0.016153 -0.036190 0.025561
v 0.016147 -0.036183 0.025557
v 0.014578 -0.037648 0.026273
v 0.014729 -0.037568 0.026193
v 0.014729 -0.037425 0.026335
v 0.016125 -0.036830 0.025459
v 0.015908 -0.036944 0.025573
v 0.012974 -0.038124 0.027030
v 0.012968 -0.038260 0.026879
v 0.013646 -0.038002 0.026624
v 0.011102 -0.038650 0.027552
v 0.011163 -0.038761 0.027375
v 0.012606 -0.038398 0.027016
v 0.009146 -0.039141 0.027752
v 0.010504 -0.038927 0.027541
v 0.011094 -0.038778 0.027393
v 0.010951 -0.038049 0.027485
v 0.010757 -0.038102 0.027537
v 0.011016 -0.038221 0.027598
v 0.009061 -0.038385 0.027820
v 0.009095 -0.038553 0.027926
v 0.014573 -0.037024 0.026400
v 0.014465 -0.036878 0.026312
v 0.014460 -0.036880 0.026315
v 0.009095 -0.038556 0.027928
v 0.009097 -0.038565 0.027934
v 0.011071 -0.038439 0.027624
v 0.009126 -0.038774 0.027960
v 0.009126 -0.038777 0.027961
v 0.012930 -0.037917 0.027105
v 0.012852 -0.037708 0.027084
v 0.012766 -0.037553 0.026989
v 0.014672 -0.037224 0.026413
v 0.009144 -0.038982 0.027897
v 0.009144 -0.038988 0.027891
v 0.009144 -0.038989 0.027890
v 0.009098 -0.042297 0.022372
v 0.009089 -0.042275 0.022327
v 0.010975 -0.041978 0.021931
v 0.014442 -0.040905 0.020533
v 0.015970 -0.040148 0.019560
v 0.015971 -0.040149 0.019561
v 0.012768 -0.041516 0.021328
v 0.009088 -0.042274 0.022325
v 0.011018 -0.042006 0.022069
v 0.012830 -0.041539 0.021463
v 0.011054 -0.041991 0.022212
v 0.012880 -0.041519 0.021603
v 0.009147 -0.042250 0.022741
v 0.009132 -0.042294 0.022609
v 0.011076 -0.041934 0.022336
v 0.011177 -0.041918 0.022315
v 0.014585 -0.040894 0.020798
v 0.014615 -0.040818 0.020908
v 0.013651 -0.041191 0.021384
v 0.014521 -0.040921 0.020662
v 0.016120 -0.040145 0.019766
v 0.016139 -0.040121 0.019810
v 0.016139 -0.040121 0.019811
v 0.009132 -0.042294 0.022608
v 0.009127 -0.042310 0.022560
v 0.009112 -0.042303 0.022466
v 0.009112 -0.042303 0.022465
v 0.016192 -0.040055 0.019933
v 0.015918 -0.040194 0.020111
v 0.014936 -0.040694 0.020750
v 0.013118 -0.041398 0.021648
v 0.012908 -0.041454 0.021720
v 0.012550 -0.041550 0.021843
v 0.011182 -0.041917 0.022314
v 0.016007 -0.040164 0.019598
v 0.016063 -0.040154 0.019682
v 0.016695 -0.039788 0.018982
v 0.017085 -0.041465 0.014527
v 0.017543 -0.040833 0.014884
v 0.017488 -0.040852 0.014960
v 0.015971 -0.042201 0.014616
v 0.017296 -0.040832 0.015115
v 0.017694 -0.040184 0.015699
v 0.017689 -0.039490 0.017383
v 0.017836 -0.039704 0.016487
v 0.017289 -0.039538 0.018251
v 0.016878 -0.039720 0.019178
v 0.016926 -0.039653 0.019250
v 0.016794 -0.039772 0.019079
v 0.017480 -0.039442 0.018376
v 0.017391 -0.039504 0.018314
v 0.017793 -0.039450 0.017408
v 0.017882 -0.039323 0.017615
v 0.017675 -0.039319 0.018193
v 0.017532 -0.039379 0.018413
v 0.017081 -0.039568 0.019106
v 0.017941 -0.039671 0.016474
v 0.017798 -0.040173 0.015653
v 0.017891 -0.040142 0.015595
v 0.017998 -0.040019 0.015620
v 0.018113 -0.039562 0.016389
v 0.018036 -0.039617 0.016452
v 0.018109 -0.039553 0.016425
v 0.018009 -0.039325 0.017259
v 0.017658 -0.040676 0.014974
v 0.017841 -0.040321 0.015323
v 0.017882 -0.040242 0.015400
v 0.017956 -0.040099 0.015540
v 0.016064 -0.042292 0.014533
v 0.016886 -0.041620 0.014586
v 0.016064 -0.042291 0.014534
v 0.016802 -0.041586 0.014691
v 0.016008 -0.042239 0.014599
v 0.016703 -0.041530 0.014771
v 0.017399 -0.040853 0.015047
v 0.016935 -0.041623 0.014486
v 0.016121 -0.042345 0.014468
v 0.016140 -0.042359 0.014419
v 0.016239 -0.042356 0.014291
v 0.016193 -0.042399 0.014286
v 0.017946 -0.039324 0.017436
v 0.015972 -0.042202 0.014615
v 0.015916 -0.042617 0.014259
v 0.010988 -0.045168 0.014237
v 0.009089 -0.045659 0.014166
v 0.009090 -0.045662 0.014165
v 0.014454 -0.043416 0.014465
v 0.014533 -0.043519 0.014385
v 0.012846 -0.044522 0.014257
v 0.012896 -0.044607 0.014144
v 0.014597 -0.043597 0.014270
v 0.014631 -0.043629 0.014138
v 0.010548 -0.045603 0.013897
v 0.011080 -0.045401 0.013922
v 0.011067 -0.045376 0.014047
v 0.011168 -0.045368 0.013926
v 0.009128 -0.045852 0.014027
v 0.011031 -0.045286 0.014159
v 0.012784 -0.044411 0.014336
v 0.009133 -0.045874 0.013983
v 0.009133 -0.045875 0.013982
v 0.009148 -0.045938 0.013857
v 0.012553 -0.044843 0.013991
v 0.012918 -0.044635 0.014016
v 0.013651 -0.044220 0.014066
v 0.014471 -0.043755 0.014122
v 0.009099 -0.045709 0.014150
v 0.009113 -0.045779 0.014090
v 0.009113 -0.045781 0.014088
v 0.014576 -0.044838 0.007573
v 0.016083 -0.043570 0.007552
v 0.016150 -0.043647 0.007574
v 0.012855 -0.045805 0.007575
v 0.011020 -0.046533 0.007575
v 0.012975 -0.046056 0.008110
v 0.011258 -0.046764 0.008113
v 0.011106 -0.046804 0.007910
v 0.011178 -0.046784 0.008113
v 0.011106 -0.046802 0.008113
v 0.015917 -0.044206 0.008101
v 0.015111 -0.044835 0.008105
v 0.014732 -0.045075 0.007903
v 0.014726 -0.045064 0.008105
v 0.013655 -0.045701 0.008109
v 0.009149 -0.047291 0.008117
v 0.009147 -0.047281 0.007912
v 0.011075 -0.046705 0.007709
v 0.009147 -0.047281 0.007911
v 0.009147 -0.047280 0.007902
v 0.012933 -0.045968 0.007708
v 0.012977 -0.046062 0.007907
v 0.013252 -0.045942 0.008110
v 0.016345 -0.043871 0.008100
v 0.016335 -0.043860 0.007898
v 0.016335 -0.043860 0.007888
v 0.014675 -0.044988 0.007706
v 0.009130 -0.047181 0.007711
v 0.009130 -0.047179 0.007709
v 0.009101 -0.047013 0.007579
v 0.009099 -0.047003 0.007577
v 0.009099 -0.046999 0.007576
v 0.016156 -0.043654 0.007576
v 0.016209 -0.043715 0.007635
v 0.016268 -0.043783 0.007703
v 0.016571 -0.043488 0.007632
v 0.016514 -0.043443 0.007574
v 0.016860 -0.043240 0.007495
v 0.017326 -0.042977 0.007046
v 0.016623 -0.043523 0.007704
v 0.017427 -0.042955 0.007060
v 0.017258 -0.043053 0.007390
v 0.017346 -0.043011 0.007468
v 0.016964 -0.043267 0.007606
v 0.017048 -0.043256 0.007735
v 0.016701 -0.043552 0.007872
v 0.016806 -0.043213 0.007451
v 0.017157 -0.043066 0.007318
v 0.016455 -0.043390 0.007531
v 0.017019 -0.043146 0.007419
v 0.017593 -0.042834 0.007085
v 0.017575 -0.042838 0.007175
v 0.017511 -0.042894 0.007073
v 0.017432 -0.042951 0.007061
v 0.017409 -0.042952 0.007541
v 0.017395 -0.042962 0.007572
v 0.017087 -0.043226 0.007832
v 0.016926 -0.043363 0.007968
v 0.017984 -0.042818 0.003573
v 0.017882 -0.042822 0.004487
v 0.017799 -0.042825 0.005235
v 0.017949 -0.042953 0.000029
v 0.018107 -0.042814 0.000029
v 0.018107 -0.042814 0.000030
v 0.017825 -0.042951 0.003562
v 0.018008 -0.042817 0.003362
v 0.017821 -0.042832 -0.005172
v 0.017884 -0.042830 -0.004668
v 0.017824 -0.042956 -0.003503
v 0.017923 -0.042828 -0.004347
v 0.017965 -0.042824 -0.003514
v 0.018121 -0.042813 -0.000426
v 0.017326 -0.042987 -0.006984
v 0.017593 -0.042844 -0.007025
v 0.017432 -0.042961 -0.007001
v 0.017427 -0.042965 -0.006999
v 0.016805 -0.043224 -0.007389
v 0.016156 -0.043665 -0.007514
v 0.016268 -0.043794 -0.007641
v 0.016445 -0.043665 -0.007653
v 0.016150 -0.043658 -0.007512
v 0.016332 -0.043558 -0.007520
v 0.016623 -0.043534 -0.007642
v 0.016964 -0.043279 -0.007544
v 0.016860 -0.043251 -0.007433
v 0.016513 -0.043454 -0.007512
v 0.016690 -0.043351 -0.007484
v 0.017157 -0.043076 -0.007256
v 0.017105 -0.043072 -0.007224
v 0.016335 -0.043871 -0.007836
v 0.016345 -0.043883 -0.008038
v 0.016700 -0.043564 -0.007810
v 0.016588 -0.043672 -0.008016
v 0.017048 -0.043269 -0.007673
v 0.017098 -0.043226 -0.007790
v 0.017151 -0.043180 -0.007766
v 0.017258 -0.043063 -0.007328
v 0.017472 -0.042913 -0.007388
v 0.017404 -0.042969 -0.007467
v 0.017346 -0.043022 -0.007406
v 0.016335 -0.043871 -0.007826
v 0.014581 -0.045201 -0.008041
v 0.014732 -0.045088 -0.008041
v 0.014732 -0.045087 -0.007839
v 0.015911 -0.044208 -0.008039
v 0.012977 -0.046073 -0.007841
v 0.012971 -0.046062 -0.008044
v 0.013649 -0.045699 -0.008042
v 0.011106 -0.046815 -0.007844
v 0.011167 -0.046768 -0.008047
v 0.012609 -0.046257 -0.008045
v 0.009149 -0.047303 -0.008049
v 0.010507 -0.047002 -0.008049
v 0.011098 -0.046792 -0.008048
v 0.011020 -0.046544 -0.007509
v 0.009099 -0.047010 -0.007510
v 0.014576 -0.044849 -0.007509
v 0.009099 -0.047014 -0.007511
v 0.009101 -0.047024 -0.007513
v 0.011075 -0.046716 -0.007643
v 0.009130 -0.047191 -0.007641
v 0.009130 -0.047193 -0.007643
v 0.012933 -0.045979 -0.007642
v 0.012855 -0.045816 -0.007509
v 0.014675 -0.045000 -0.007642
v 0.009147 -0.047292 -0.007834
v 0.009147 -0.047293 -0.007843
v 0.009147 -0.047293 -0.007844
v 0.011178 -0.045421 -0.013858
v 0.011077 -0.045448 -0.013855
v 0.011055 -0.045401 -0.013983
v 0.013119 -0.044582 -0.013961
v 0.012909 -0.044673 -0.013950
v 0.012881 -0.044636 -0.014079
v 0.014443 -0.043445 -0.014402
v 0.015971 -0.042222 -0.014556
v 0.015972 -0.042223 -0.014555
v 0.012769 -0.044439 -0.014271
v 0.010976 -0.045193 -0.014173
v 0.009133 -0.045895 -0.013916
v 0.009128 -0.045872 -0.013961
v 0.011019 -0.045311 -0.014094
v 0.012831 -0.044551 -0.014192
v 0.009133 -0.045895 -0.013914
v 0.009148 -0.045958 -0.013791
v 0.014586 -0.043624 -0.014207
v 0.014616 -0.043648 -0.014076
v 0.013653 -0.044249 -0.014003
v 0.014522 -0.043547 -0.014322
v 0.016121 -0.042366 -0.014408
v 0.016140 -0.042380 -0.014360
v 0.016140 -0.042380 -0.014359
v 0.009113 -0.045801 -0.014022
v 0.009113 -0.045800 -0.014023
v 0.009099 -0.045729 -0.014084
v 0.009090 -0.045682 -0.014101
v 0.009089 -0.045680 -0.014102
v 0.016193 -0.042420 -0.014226
v 0.015919 -0.042644 -0.014199
v 0.014937 -0.043448 -0.014100
v 0.011183 -0.045420 -0.013858
v 0.016008 -0.042260 -0.014539
v 0.016064 -0.042312 -0.014474
v 0.016064 -0.042313 -0.014473
v 0.016696 -0.041558 -0.014710
v 0.017882 -0.039347 -0.017565
v 0.017956 -0.039345 -0.017364
v 0.017891 -0.039413 -0.017355
v 0.015970 -0.040177 -0.019504
v 0.016702 -0.039812 -0.018919
v 0.017296 -0.039561 -0.018183
v 0.017694 -0.039517 -0.017312
v 0.017941 -0.039702 -0.016401
v 0.017836 -0.039735 -0.016415
v 0.017689 -0.040217 -0.015631
v 0.017289 -0.040864 -0.015050
v 0.016879 -0.041650 -0.014523
v 0.016927 -0.041653 -0.014425
v 0.016795 -0.041616 -0.014630
v 0.017480 -0.040885 -0.014894
v 0.017391 -0.040885 -0.014982
v 0.017793 -0.040206 -0.015585
v 0.017882 -0.040263 -0.015348
v 0.017840 -0.040345 -0.015265
v 0.017675 -0.040670 -0.014937
v 0.017532 -0.040867 -0.014824
v 0.017082 -0.041490 -0.014468
v 0.017998 -0.039344 -0.017251
v 0.018113 -0.039565 -0.016384
v 0.018036 -0.039649 -0.016378
v 0.018109 -0.039584 -0.016352
v 0.018009 -0.040012 -0.015602
v 0.016885 -0.039745 -0.019115
v 0.016934 -0.039676 -0.019188
v 0.017084 -0.039594 -0.019046
v 0.017488 -0.039466 -0.018307
v 0.017543 -0.039399 -0.018347
v 0.017658 -0.039351 -0.018172
v 0.017399 -0.039528 -0.018246
v 0.016801 -0.039796 -0.019016
v 0.016063 -0.040183 -0.019626
v 0.017798 -0.039477 -0.017336
v 0.016120 -0.040174 -0.019710
v 0.016139 -0.040150 -0.019754
v 0.016139 -0.040150 -0.019755
v 0.016238 -0.040058 -0.019843
v 0.016192 -0.040084 -0.019877
v 0.017946 -0.040137 -0.015476
v 0.015971 -0.040178 -0.019505
v 0.016007 -0.040193 -0.019542
v 0.010987 -0.042008 -0.021867
v 0.009088 -0.042305 -0.022264
v 0.009089 -0.042307 -0.022267
v 0.012783 -0.041542 -0.021264
v 0.014453 -0.040930 -0.020469
v 0.014532 -0.040946 -0.020598
v 0.012845 -0.041565 -0.021399
v 0.014596 -0.040919 -0.020734
v 0.012895 -0.041545 -0.021539
v 0.014630 -0.040849 -0.020851
v 0.015915 -0.040219 -0.020050
v 0.012552 -0.041604 -0.021812
v 0.012617 -0.041581 -0.021784
v 0.010547 -0.042076 -0.022416
v 0.011079 -0.041951 -0.022255
v 0.011066 -0.042022 -0.022149
v 0.011167 -0.041930 -0.022229
v 0.009127 -0.042343 -0.022500
v 0.011030 -0.042036 -0.022006
v 0.009132 -0.042328 -0.022547
v 0.009132 -0.042327 -0.022548
v 0.009147 -0.042284 -0.022681
v 0.012917 -0.041474 -0.021649
v 0.013649 -0.041217 -0.021320
v 0.014470 -0.040927 -0.020950
v 0.009098 -0.042329 -0.022312
v 0.009112 -0.042335 -0.022404
v 0.009112 -0.042335 -0.022406
v 0.012972 -0.038303 -0.026829
v 0.011254 -0.038806 -0.027328
v 0.011102 -0.038690 -0.027498
v 0.011174 -0.038821 -0.027342
v 0.011102 -0.038833 -0.027354
v 0.015914 -0.036988 -0.025528
v 0.015108 -0.037436 -0.025970
v 0.014729 -0.037463 -0.026283
v 0.014723 -0.037598 -0.026131
v 0.013652 -0.038052 -0.026580
v 0.016333 -0.036601 -0.025426
v 0.016343 -0.036751 -0.025292
v 0.016135 -0.036866 -0.025406
v 0.014573 -0.037062 -0.026348
v 0.016080 -0.036150 -0.025466
v 0.016147 -0.036220 -0.025505
v 0.012852 -0.037747 -0.027030
v 0.011016 -0.038262 -0.027544
v 0.009146 -0.039181 -0.027696
v 0.009144 -0.039029 -0.027834
v 0.011071 -0.038480 -0.027570
v 0.009144 -0.039028 -0.027835
v 0.009144 -0.039022 -0.027841
v 0.012930 -0.037956 -0.027051
v 0.012974 -0.038163 -0.026976
v 0.013249 -0.038222 -0.026749
v 0.016333 -0.036593 -0.025433
v 0.014672 -0.037262 -0.026361
v 0.009126 -0.038818 -0.027907
v 0.009126 -0.038815 -0.027906
v 0.009097 -0.038606 -0.027880
v 0.009095 -0.038597 -0.027874
v 0.009095 -0.038594 -0.027872
v 0.016153 -0.036227 -0.025509
v 0.016207 -0.036311 -0.025509
v 0.016266 -0.036407 -0.025510
v 0.016568 -0.036149 -0.025351
v 0.016511 -0.036076 -0.025362
v 0.016857 -0.035876 -0.025274
v 0.017323 -0.035372 -0.025405
v 0.016699 -0.036364 -0.025227
v 0.016620 -0.036224 -0.025325
v 0.017045 -0.036058 -0.025116
v 0.016961 -0.035974 -0.025216
v 0.017343 -0.035695 -0.025132
v 0.017255 -0.035669 -0.025216
v 0.016803 -0.035826 -0.025286
v 0.017154 -0.035627 -0.025276
v 0.016452 -0.036008 -0.025355
v 0.017016 -0.035756 -0.025261
v 0.017590 -0.035299 -0.025276
v 0.017572 -0.035366 -0.025215
v 0.017508 -0.035333 -0.025327
v 0.017429 -0.035365 -0.025376
v 0.017424 -0.035367 -0.025379
v 0.016773 -0.036416 -0.025096
v 0.017406 -0.035706 -0.025038
v 0.017392 -0.035734 -0.025023
v 0.017084 -0.036105 -0.025026
v 0.016923 -0.036298 -0.025026
v 0.018116 -0.029973 -0.030573
v 0.018102 -0.030293 -0.030255
v 0.017944 -0.030391 -0.030353
v 0.017822 -0.032883 -0.027859
v 0.017818 -0.027898 -0.032852
v 0.017319 -0.025459 -0.035333
v 0.017420 -0.025433 -0.035328
v 0.017425 -0.025430 -0.035326
v 0.018026 -0.032131 -0.028420
v 0.018004 -0.032655 -0.027897
v 0.017982 -0.032797 -0.027757
v 0.017878 -0.033455 -0.027104
v 0.018007 -0.028469 -0.032089
v 0.017959 -0.027798 -0.032766
v 0.017586 -0.025330 -0.035260
v 0.017878 -0.026986 -0.033584
v 0.017917 -0.027212 -0.033355
v 0.017339 -0.025185 -0.035656
v 0.017251 -0.025270 -0.035629
v 0.016958 -0.025269 -0.035934
v 0.017465 -0.025122 -0.035567
v 0.017398 -0.025105 -0.035662
v 0.016799 -0.025340 -0.035786
v 0.016684 -0.025363 -0.035943
v 0.016326 -0.025484 -0.036115
v 0.016507 -0.025416 -0.036036
v 0.016439 -0.025466 -0.036284
v 0.016617 -0.025381 -0.036184
v 0.017099 -0.025350 -0.035563
v 0.017151 -0.025330 -0.035588
v 0.016854 -0.025328 -0.035836
v 0.016694 -0.025283 -0.036324
v 0.016328 -0.025482 -0.036561
v 0.016338 -0.025348 -0.036711
v 0.016577 -0.025215 -0.036549
v 0.016739 -0.025166 -0.036399
v 0.017042 -0.025170 -0.036019
v 0.017092 -0.025058 -0.036071
v 0.017144 -0.025042 -0.036022
v 0.016261 -0.025566 -0.036367
v 0.016328 -0.025489 -0.036553
v 0.016149 -0.025565 -0.036187
v 0.016143 -0.025561 -0.036180
v 0.014574 -0.026278 -0.037645
v 0.014725 -0.026197 -0.037565
v 0.014725 -0.026340 -0.037422
v 0.016120 -0.025463 -0.036827
v 0.011012 -0.027604 -0.038217
v 0.009091 -0.027933 -0.038547
v 0.014569 -0.026405 -0.037021
v 0.015903 -0.025577 -0.036941
v 0.012970 -0.027035 -0.038120
v 0.012964 -0.026885 -0.038256
v 0.013642 -0.026629 -0.037998
v 0.011098 -0.027559 -0.038646
v 0.011159 -0.027382 -0.038757
v 0.012602 -0.027022 -0.038394
v 0.009141 -0.027759 -0.039136
v 0.010499 -0.027547 -0.038923
v 0.011090 -0.027400 -0.038774
v 0.009091 -0.027935 -0.038550
v 0.009093 -0.027941 -0.038559
v 0.011067 -0.027630 -0.038435
v 0.009122 -0.027967 -0.038768
v 0.009122 -0.027968 -0.038771
v 0.012926 -0.027110 -0.037913
v 0.012848 -0.027089 -0.037704
v 0.014668 -0.026418 -0.037221
v 0.009139 -0.027904 -0.038977
v 0.009139 -0.027898 -0.038983
v 0.009139 -0.027897 -0.038984
v 0.009090 -0.022379 -0.042292
v 0.009081 -0.022334 -0.042270
v 0.010967 -0.021937 -0.041974
v 0.014434 -0.020538 -0.040902
v 0.015962 -0.019565 -0.040146
v 0.015963 -0.019566 -0.040147
v 0.012760 -0.021334 -0.041512
v 0.009080 -0.022332 -0.042269
v 0.011010 -0.022075 -0.042002
v 0.012822 -0.021469 -0.041535
v 0.011046 -0.022218 -0.041987
v 0.012872 -0.021609 -0.041515
v 0.009139 -0.022748 -0.042245
v 0.009124 -0.022616 -0.042288
v 0.011068 -0.022342 -0.041930
v 0.011169 -0.022321 -0.041914
v 0.014577 -0.020803 -0.040891
v 0.014607 -0.020913 -0.040815
v 0.013644 -0.021389 -0.041187
v 0.014513 -0.020667 -0.040918
v 0.016112 -0.019771 -0.040142
v 0.016131 -0.019815 -0.040118
v 0.016131 -0.019816 -0.040118
v 0.009124 -0.022615 -0.042288
v 0.009119 -0.022567 -0.042304
v 0.009104 -0.022473 -0.042297
v 0.009104 -0.022472 -0.042297
v 0.016184 -0.019938 -0.040052
v 0.015910 -0.020116 -0.040191
v 0.014928 -0.020755 -0.040691
v 0.013110 -0.021654 -0.041394
v 0.012900 -0.021726 -0.041450
v 0.012542 -0.021849 -0.041546
v 0.011174 -0.022320 -0.041913
v 0.015999 -0.019603 -0.040162
v 0.016055 -0.019687 -0.040152
v 0.016687 -0.018986 -0.039786
v 0.017074 -0.014531 -0.041463
v 0.017533 -0.014888 -0.040831
v 0.017478 -0.014964 -0.040850
v 0.017827 -0.016491 -0.039702
v 0.015960 -0.014620 -0.042198
v 0.017286 -0.015119 -0.040830
v 0.017684 -0.015703 -0.040182
v 0.017788 -0.015657 -0.040171
v 0.017680 -0.017387 -0.039488
v 0.017280 -0.018255 -0.039536
v 0.016870 -0.019182 -0.039718
v 0.016918 -0.019254 -0.039651
v 0.016786 -0.019083 -0.039770
v 0.017471 -0.018380 -0.039440
v 0.017382 -0.018318 -0.039503
v 0.017784 -0.017412 -0.039448
v 0.017873 -0.017618 -0.039321
v 0.017666 -0.018197 -0.039318
v 0.017524 -0.018417 -0.039377
v 0.017073 -0.019110 -0.039566
v 0.017932 -0.016478 -0.039669
v 0.017881 -0.015599 -0.040141
v 0.017988 -0.015624 -0.040018
v 0.018104 -0.016393 -0.039560
v 0.018027 -0.016456 -0.039615
v 0.018100 -0.016429 -0.039551
v 0.018000 -0.017262 -0.039323
v 0.017648 -0.014978 -0.040674
v 0.017831 -0.015326 -0.040320
v 0.017872 -0.015403 -0.040241
v 0.017946 -0.015544 -0.040098
v 0.016053 -0.014537 -0.042289
v 0.016875 -0.014590 -0.041618
v 0.016053 -0.014538 -0.042288
v 0.016791 -0.014696 -0.041584
v 0.015997 -0.014603 -0.042236
v 0.016692 -0.014776 -0.041527
v 0.017389 -0.015051 -0.040851
v 0.016924 -0.014489 -0.041621
v 0.016110 -0.014472 -0.042342
v 0.016129 -0.014423 -0.042356
v 0.016228 -0.014295 -0.042353
v 0.016182 -0.014290 -0.042396
v 0.017937 -0.017439 -0.039322
v 0.015961 -0.014619 -0.042199
v 0.015905 -0.014264 -0.042614
v 0.010976 -0.014243 -0.045164
v 0.009077 -0.014174 -0.045654
v 0.009078 -0.014173 -0.045657
v 0.014443 -0.014470 -0.043413
v 0.014522 -0.014390 -0.043516
v 0.012834 -0.014262 -0.044519
v 0.012884 -0.014149 -0.044604
v 0.014586 -0.014275 -0.043593
v 0.014620 -0.014143 -0.043626
v 0.010536 -0.013904 -0.045599
v 0.011068 -0.013929 -0.045397
v 0.011055 -0.014054 -0.045372
v 0.011156 -0.013932 -0.045364
v 0.009116 -0.014034 -0.045847
v 0.011019 -0.014165 -0.045282
v 0.012772 -0.014341 -0.044407
v 0.009121 -0.013990 -0.045869
v 0.009121 -0.013989 -0.045870
v 0.009136 -0.013864 -0.045933
v 0.012541 -0.013997 -0.044839
v 0.012906 -0.014021 -0.044632
v 0.013639 -0.014072 -0.044217
v 0.014460 -0.014127 -0.043752
v 0.009087 -0.014157 -0.045704
v 0.009101 -0.014097 -0.045774
v 0.009101 -0.014095 -0.045776
v 0.013096 0.013956 -0.044578
v 0.012886 0.013945 -0.044669
v 0.012858 0.014074 -0.044632
v 0.014421 0.014397 -0.043441
v 0.015949 0.014552 -0.042220
v 0.015950 0.014551 -0.042221
v 0.012746 0.014266 -0.044435
v 0.009076 0.014077 -0.045724
v 0.009067 0.014093 -0.045677
v 0.010953 0.014167 -0.045188
v 0.009066 0.014094 -0.045675
v 0.010996 0.014088 -0.045306
v 0.012808 0.014187 -0.044547
v 0.011032 0.013976 -0.045396
v 0.009125 0.013784 -0.045953
v 0.009110 0.013907 -0.045890
v 0.011054 0.013848 -0.045444
v 0.011155 0.013851 -0.045417
v 0.014564 0.014202 -0.043621
v 0.014594 0.014071 -0.043645
v 0.013630 0.013997 -0.044245
v 0.014500 0.014317 -0.043544
v 0.016099 0.014404 -0.042363
v 0.016118 0.014355 -0.042377
v 0.009110 0.013909 -0.045890
v 0.009105 0.013954 -0.045867
v 0.009090 0.014015 -0.045796
v 0.009090 0.014016 -0.045795
v 0.016171 0.014222 -0.042417
v 0.015897 0.014194 -0.042641
v 0.014915 0.014095 -0.043445
v 0.011160 0.013851 -0.045416
v 0.015986 0.014535 -0.042258
v 0.016042 0.014470 -0.042310
v 0.016042 0.014469 -0.042311
v 0.016674 0.014705 -0.041557
v 0.017859 0.017562 -0.039345
v 0.017934 0.017361 -0.039344
v 0.017869 0.017352 -0.039412
v 0.017814 0.016411 -0.039733
v 0.017273 0.018179 -0.039559
v 0.016679 0.018916 -0.039810
v 0.015947 0.019499 -0.040174
v 0.017672 0.017308 -0.039516
v 0.017667 0.015627 -0.040215
v 0.017267 0.015046 -0.040862
v 0.016857 0.014519 -0.041648
v 0.016905 0.014421 -0.041650
v 0.016773 0.014626 -0.041614
v 0.017458 0.014890 -0.040883
v 0.017369 0.014978 -0.040883
v 0.017771 0.015581 -0.040204
v 0.017860 0.015345 -0.040261
v 0.017818 0.015262 -0.040343
v 0.017653 0.014934 -0.040668
v 0.017511 0.014820 -0.040865
v 0.017060 0.014464 -0.041488
v 0.017919 0.016397 -0.039700
v 0.017776 0.017332 -0.039476
v 0.017976 0.017248 -0.039343
v 0.018091 0.016380 -0.039563
v 0.018014 0.016374 -0.039647
v 0.018087 0.016348 -0.039582
v 0.017987 0.015598 -0.040010
v 0.016862 0.019111 -0.039743
v 0.016911 0.019184 -0.039674
v 0.017061 0.019042 -0.039592
v 0.017465 0.018303 -0.039464
v 0.017520 0.018343 -0.039397
v 0.017635 0.018168 -0.039349
v 0.017376 0.018242 -0.039526
v 0.016778 0.019012 -0.039794
v 0.016040 0.019621 -0.040180
v 0.016097 0.019705 -0.040171
v 0.016116 0.019749 -0.040147
v 0.016116 0.019750 -0.040147
v 0.016215 0.019838 -0.040055
v 0.016169 0.019872 -0.040081
v 0.017924 0.015472 -0.040135
v 0.015948 0.019500 -0.040175
v 0.015984 0.019537 -0.040190
v 0.010962 0.021861 -0.042004
v 0.009063 0.022257 -0.042300
v 0.009064 0.022260 -0.042302
v 0.012758 0.021258 -0.041538
v 0.014429 0.020464 -0.040927
v 0.014508 0.020593 -0.040943
v 0.012820 0.021393 -0.041562
v 0.014572 0.020729 -0.040916
v 0.012870 0.021533 -0.041542
v 0.014606 0.020846 -0.040846
v 0.015891 0.020045 -0.040217
v 0.010522 0.022410 -0.042071
v 0.011054 0.022249 -0.041946
v 0.011041 0.022143 -0.042017
v 0.011142 0.022223 -0.041925
v 0.012527 0.021807 -0.041600
v 0.012592 0.021778 -0.041577
v 0.009102 0.022493 -0.042337
v 0.011005 0.022000 -0.042032
v 0.009107 0.022540 -0.042322
v 0.009106 0.022541 -0.042321
v 0.009121 0.022674 -0.042279
v 0.012892 0.021643 -0.041471
v 0.013625 0.021315 -0.041214
v 0.014446 0.020945 -0.040924
v 0.009073 0.022305 -0.042324
v 0.009087 0.022397 -0.042330
v 0.009087 0.022399 -0.042330
v 0.014548 0.026343 -0.037059
v 0.016056 0.025462 -0.036148
v 0.016123 0.025501 -0.036218
v 0.012827 0.027025 -0.037744
v 0.010991 0.027538 -0.038257
v 0.012947 0.026823 -0.038300
v 0.011229 0.027321 -0.038802
v 0.011077 0.027491 -0.038686
v 0.011149 0.027335 -0.038817
v 0.011077 0.027347 -0.038829
v 0.015889 0.025524 -0.036986
v 0.015083 0.025965 -0.037433
v 0.014704 0.026278 -0.037460
v 0.014698 0.026127 -0.037595
v 0.013627 0.026575 -0.038048
v 0.016308 0.025422 -0.036599
v 0.016318 0.025288 -0.036748
v 0.016110 0.025402 -0.036864
v 0.009119 0.027689 -0.039176
v 0.009117 0.027827 -0.039024
v 0.011046 0.027564 -0.038475
v 0.009117 0.027828 -0.039023
v 0.009117 0.027834 -0.039017
v 0.012905 0.027046 -0.037953
v 0.012949 0.026971 -0.038160
v 0.013224 0.026744 -0.038218
v 0.016308 0.025429 -0.036591
v 0.014647 0.026356 -0.037259
v 0.009100 0.027900 -0.038812
v 0.009100 0.027899 -0.038809
v 0.009071 0.027873 -0.038600
v 0.009069 0.027867 -0.038591
v 0.009069 0.027865 -0.038588
v 0.016129 0.025505 -0.036225
v 0.016182 0.025505 -0.036309
v 0.016241 0.025506 -0.036405
v 0.016544 0.025347 -0.036146
v 0.016487 0.025357 -0.036073
v 0.016833 0.025270 -0.035873
v 0.017299 0.025401 -0.035371
v 0.017400 0.025375 -0.035365
v 0.017231 0.025212 -0.035667
v 0.017319 0.025128 -0.035693
v 0.016937 0.025212 -0.035972
v 0.017021 0.025112 -0.036056
v 0.016596 0.025321 -0.036221
v 0.016674 0.025223 -0.036361
v 0.016779 0.025282 -0.035823
v 0.017130 0.025272 -0.035625
v 0.016428 0.025350 -0.036005
v 0.016992 0.025257 -0.035753
v 0.017566 0.025272 -0.035297
v 0.017548 0.025211 -0.035364
v 0.017484 0.025323 -0.035331
v 0.017405 0.025372 -0.035363
v 0.016749 0.025092 -0.036414
v 0.017383 0.025034 -0.035704
v 0.017369 0.025019 -0.035732
v 0.017061 0.025022 -0.036103
v 0.016900 0.025022 -0.036296
v 0.002645 -0.038386 0.029914
v 0.002644 -0.035784 0.032981
v 0.002643 -0.032938 0.035822
v 0.014448 -0.026248 0.036895
v 0.014824 -0.026091 0.036738
v 0.012967 -0.026868 0.037517
v 0.012758 -0.026928 0.037577
v 0.011002 -0.027433 0.038081
v 0.010951 -0.027442 0.038090
v 0.009057 -0.027771 0.038418
v 0.002639 -0.022994 0.042887
v 0.002624 -0.023099 0.042967
v 0.009055 -0.022148 0.042238
v 0.014353 -0.020357 0.040863
v 0.014189 -0.020460 0.040943
v 0.010929 -0.021746 0.041930
v 0.012529 -0.021228 0.041533
v 0.012705 -0.021147 0.041471
v 0.010747 -0.021805 0.041975
v 0.002636 -0.014014 0.046599
v 0.002638 -0.019522 0.044573
v 0.002637 -0.016253 0.045866
v 0.014338 -0.014444 0.043308
v 0.014625 -0.014468 0.043131
v 0.012786 -0.014318 0.044266
v 0.012691 -0.014313 0.044307
v 0.011039 -0.014219 0.045016
v 0.010916 -0.014215 0.045049
v 0.009052 -0.014151 0.045544
v 0.002621 -0.013996 0.046730
v 0.002625 0.014064 0.046579
v 0.002610 0.014048 0.046710
v 0.009041 0.014205 0.045524
v 0.014340 0.014500 0.043286
v 0.014176 0.014483 0.043416
v 0.010915 0.014272 0.045022
v 0.012515 0.014357 0.044376
v 0.012691 0.014370 0.044274
v 0.010733 0.014262 0.045096
v 0.002623 0.019570 0.044545
v 0.002621 0.023040 0.042853
v 0.002624 0.016303 0.045842
v 0.014324 0.020409 0.040834
v 0.014611 0.020267 0.040725
v 0.012772 0.021176 0.041422
v 0.012677 0.021208 0.041447
v 0.011025 0.021775 0.041882
v 0.010902 0.021801 0.041902
v 0.009038 0.022198 0.042206
v 0.002606 0.023145 0.042933
v 0.014440 0.026309 0.036873
v 0.009035 0.027815 0.038378
v 0.010732 0.027532 0.038096
v 0.010926 0.027480 0.038043
v 0.012741 0.026985 0.037547
v 0.014435 0.026312 0.036875
v 0.002616 0.035814 0.032929
v 0.002617 0.032974 0.035774
v 0.014423 0.036892 0.026243
v 0.014799 0.036735 0.026086
v 0.012942 0.037513 0.026863
v 0.012733 0.037573 0.026923
v 0.010976 0.038077 0.027426
v 0.010925 0.038086 0.027435
v 0.009031 0.038413 0.027764
v 0.010722 0.041970 0.021798
v 0.009030 0.042233 0.022141
v 0.002614 0.042879 0.022985
v 0.002599 0.042959 0.023090
v 0.010904 0.041926 0.021739
v 0.012504 0.041529 0.021223
v 0.012680 0.041467 0.021142
v 0.014165 0.040940 0.020455
v 0.014329 0.040860 0.020352
v 0.002612 0.046592 0.014004
v 0.002612 0.046025 0.015765
v 0.002613 0.044566 0.019513
v 0.009029 0.045539 0.014144
v 0.002597 0.046723 0.013987
v 0.014602 0.043128 0.014464
v 0.014315 0.043305 0.014439
v 0.012763 0.044262 0.014313
v 0.012668 0.044303 0.014308
v 0.011016 0.045012 0.014213
v 0.010893 0.045045 0.014209
v 0.017856 0.027103 -0.033452
v 0.017957 0.027754 -0.032795
v 0.017920 0.030349 -0.030389
v 0.018094 0.030246 -0.030294
v 0.018005 0.028417 -0.032130
v 0.017798 0.027855 -0.032881
v 0.017979 0.027893 -0.032654
v 0.017794 0.032848 -0.027896
v 0.017988 0.032086 -0.028467
v 0.018094 0.030250 -0.030291
v 0.017853 0.033511 -0.027054
v 0.017932 0.033038 -0.027521
v 0.017948 0.032762 -0.027795
v 0.017296 0.035329 -0.025457
v 0.017563 0.035257 -0.025328
v 0.017402 0.035323 -0.025428
v 0.017397 0.035325 -0.025431
v 0.017315 0.035652 -0.025183
v 0.017227 0.035626 -0.025268
v 0.016934 0.035930 -0.025267
v 0.017441 0.035563 -0.025120
v 0.017374 0.035658 -0.025103
v 0.016775 0.035782 -0.025338
v 0.016660 0.035939 -0.025361
v 0.016302 0.036111 -0.025481
v 0.016483 0.036032 -0.025413
v 0.016415 0.036280 -0.025463
v 0.016593 0.036180 -0.025378
v 0.017075 0.035559 -0.025348
v 0.017127 0.035585 -0.025328
v 0.016830 0.035832 -0.025326
v 0.016670 0.036320 -0.025280
v 0.016304 0.036557 -0.025480
v 0.016314 0.036707 -0.025346
v 0.016553 0.036545 -0.025213
v 0.016715 0.036394 -0.025164
v 0.017018 0.036015 -0.025168
v 0.017068 0.036067 -0.025056
v 0.017120 0.036018 -0.025040
v 0.016237 0.036363 -0.025564
v 0.016304 0.036549 -0.025487
v 0.016125 0.036183 -0.025562
v 0.016119 0.036176 -0.025558
v 0.014549 0.037640 -0.026274
v 0.014700 0.037560 -0.026194
v 0.014700 0.037417 -0.026337
v 0.016096 0.036823 -0.025461
v 0.015879 0.036937 -0.025575
v 0.012944 0.038115 -0.027032
v 0.012938 0.038251 -0.026881
v 0.013616 0.037993 -0.026626
v 0.011072 0.038640 -0.027554
v 0.011133 0.038751 -0.027377
v 0.012576 0.038389 -0.027018
v 0.009115 0.039129 -0.027754
v 0.010473 0.038916 -0.027542
v 0.011064 0.038768 -0.027395
v 0.010986 0.038210 -0.027600
v 0.009065 0.038540 -0.027928
v 0.014544 0.037016 -0.026402
v 0.009065 0.038543 -0.027930
v 0.009067 0.038552 -0.027936
v 0.011041 0.038428 -0.027626
v 0.009096 0.038761 -0.027962
v 0.009096 0.038764 -0.027963
v 0.012900 0.037908 -0.027107
v 0.012823 0.037699 -0.027085
v 0.014643 0.037216 -0.026415
v 0.009113 0.038970 -0.027898
v 0.009113 0.038976 -0.027892
v 0.009113 0.038977 -0.027891
v 0.009065 0.042285 -0.022374
v 0.009056 0.042263 -0.022329
v 0.010942 0.041968 -0.021933
v 0.014410 0.040897 -0.020535
v 0.015939 0.040141 -0.019562
v 0.015940 0.040142 -0.019563
v 0.012735 0.041507 -0.021330
v 0.009055 0.042262 -0.022327
v 0.010985 0.041996 -0.022071
v 0.012797 0.041530 -0.021465
v 0.011021 0.041980 -0.022214
v 0.012847 0.041510 -0.021605
v 0.009114 0.042238 -0.022743
v 0.009099 0.042281 -0.022611
v 0.011043 0.041923 -0.022338
v 0.011144 0.041907 -0.022317
v 0.014553 0.040886 -0.020800
v 0.014583 0.040810 -0.020910
v 0.013619 0.041182 -0.021386
v 0.014489 0.040913 -0.020664
v 0.016089 0.040138 -0.019768
v 0.016108 0.040114 -0.019812
v 0.016108 0.040114 -0.019813
v 0.009099 0.042281 -0.022610
v 0.009094 0.042297 -0.022562
v 0.009079 0.042290 -0.022468
v 0.009079 0.042290 -0.022467
v 0.016161 0.040048 -0.019935
v 0.015887 0.040187 -0.020113
v 0.014904 0.040686 -0.020752
v 0.013085 0.041389 -0.021650
v 0.012875 0.041445 -0.021722
v 0.012517 0.041540 -0.021845
v 0.011149 0.041906 -0.022316
v 0.015976 0.040157 -0.019600
v 0.016032 0.040147 -0.019684
v 0.016664 0.039782 -0.018984
v 0.017052 0.041459 -0.014529
v 0.017511 0.040827 -0.014886
v 0.017456 0.040846 -0.014962
v 0.017805 0.039698 -0.016489
v 0.015938 0.042194 -0.014618
v 0.017264 0.040826 -0.015117
v 0.017663 0.040179 -0.015701
v 0.017767 0.040168 -0.015655
v 0.017658 0.039485 -0.017385
v 0.017258 0.039532 -0.018253
v 0.016847 0.039714 -0.019180
v 0.016895 0.039647 -0.019252
v 0.016763 0.039766 -0.019081
v 0.017449 0.039437 -0.018378
v 0.017360 0.039499 -0.018316
v 0.017762 0.039445 -0.017410
v 0.017851 0.039317 -0.017617
v 0.017644 0.039314 -0.018195
v 0.017501 0.039374 -0.018415
v 0.017050 0.039562 -0.019108
v 0.017910 0.039665 -0.016476
v 0.017860 0.040137 -0.015597
v 0.017967 0.040014 -0.015622
v 0.018082 0.039556 -0.016391
v 0.018005 0.039611 -0.016454
v 0.018078 0.039547 -0.016427
v 0.017978 0.039320 -0.017261
v 0.017626 0.040670 -0.014976
v 0.017810 0.040316 -0.015324
v 0.017851 0.040237 -0.015401
v 0.017925 0.040094 -0.015542
v 0.016031 0.042285 -0.014535
v 0.016853 0.041614 -0.014587
v 0.016031 0.042284 -0.014536
v 0.016769 0.041580 -0.014693
v 0.015975 0.042232 -0.014601
v 0.016670 0.041523 -0.014773
v 0.017367 0.040847 -0.015049
v 0.016902 0.041617 -0.014487
v 0.016088 0.042338 -0.014470
v 0.016107 0.042352 -0.014421
v 0.016206 0.042349 -0.014293
v 0.016160 0.042392 -0.014288
v 0.017915 0.039319 -0.017438
v 0.015939 0.042195 -0.014617
v 0.015883 0.042610 -0.014261
v 0.010953 0.045157 -0.014239
v 0.009053 0.045647 -0.014168
v 0.009054 0.045650 -0.014167
v 0.012749 0.044402 -0.014337
v 0.014420 0.043408 -0.014467
v 0.014563 0.043589 -0.014272
v 0.014499 0.043512 -0.014387
v 0.012811 0.044513 -0.014258
v 0.012861 0.044598 -0.014146
v 0.014597 0.043621 -0.014140
v 0.010512 0.045592 -0.013899
v 0.011045 0.045390 -0.013924
v 0.011032 0.045365 -0.014049
v 0.011133 0.045358 -0.013928
v 0.009092 0.045840 -0.014028
v 0.010996 0.045275 -0.014161
v 0.009097 0.045862 -0.013984
v 0.009097 0.045863 -0.013983
v 0.009112 0.045926 -0.013859
v 0.012518 0.044833 -0.013993
v 0.012883 0.044626 -0.014018
v 0.013616 0.044211 -0.014068
v 0.014437 0.043747 -0.014124
v 0.009063 0.045697 -0.014151
v 0.009077 0.045767 -0.014091
v 0.009077 0.045769 -0.014089
v 0.014541 0.044830 -0.007575
v 0.016049 0.043563 -0.007554
v 0.016116 0.043640 -0.007576
v 0.012819 0.045796 -0.007576
v 0.010983 0.046522 -0.007577
v 0.012939 0.046046 -0.008112
v 0.011221 0.046754 -0.008115
v 0.011069 0.046793 -0.007912
v 0.011141 0.046774 -0.008115
v 0.011069 0.046792 -0.008115
v 0.015882 0.044199 -0.008103
v 0.015076 0.044827 -0.008107
v 0.014697 0.045067 -0.007905
v 0.014691 0.045056 -0.008107
v 0.013619 0.045693 -0.008110
v 0.009112 0.047279 -0.008118
v 0.009110 0.047269 -0.007913
v 0.011038 0.046694 -0.007711
v 0.009110 0.047269 -0.007912
v 0.009110 0.047268 -0.007903
v 0.012897 0.045959 -0.007710
v 0.012941 0.046053 -0.007909
v 0.013216 0.045933 -0.008112
v 0.016311 0.043865 -0.008102
v 0.016301 0.043853 -0.007900
v 0.016301 0.043853 -0.007890
v 0.014640 0.044980 -0.007708
v 0.009093 0.047169 -0.007712
v 0.009093 0.047167 -0.007710
v 0.009064 0.047000 -0.007581
v 0.009062 0.046990 -0.007579
v 0.009062 0.046986 -0.007578
v 0.016122 0.043647 -0.007578
v 0.016175 0.043708 -0.007637
v 0.016234 0.043776 -0.007705
v 0.016537 0.043481 -0.007634
v 0.016480 0.043436 -0.007576
v 0.016826 0.043233 -0.007497
v 0.017293 0.042971 -0.007047
v 0.016589 0.043516 -0.007706
v 0.016667 0.043546 -0.007874
v 0.017014 0.043250 -0.007737
v 0.016930 0.043261 -0.007608
v 0.017313 0.043006 -0.007469
v 0.017224 0.043047 -0.007391
v 0.016772 0.043206 -0.007453
v 0.017123 0.043060 -0.007319
v 0.016421 0.043383 -0.007533
v 0.016985 0.043140 -0.007420
v 0.017560 0.042828 -0.007087
v 0.017542 0.042832 -0.007177
v 0.017478 0.042888 -0.007075
v 0.017399 0.042945 -0.007063
v 0.017394 0.042949 -0.007062
v 0.017376 0.042947 -0.007543
v 0.017362 0.042957 -0.007573
v 0.017053 0.043220 -0.007834
v 0.016892 0.043357 -0.007970
v 0.017792 0.042946 -0.003564
v 0.017791 0.042951 0.003501
v 0.017293 0.042981 0.006983
v 0.017394 0.042959 0.006998
v 0.017399 0.042955 0.006999
v 0.017916 0.042947 -0.000031
v 0.017766 0.042819 -0.005237
v 0.018074 0.042808 -0.000031
v 0.018074 0.042808 -0.000032
v 0.017975 0.042812 -0.003364
v 0.017951 0.042813 -0.003575
v 0.017849 0.042817 -0.004489
v 0.017851 0.042825 0.004666
v 0.017788 0.042827 0.005170
v 0.017560 0.042838 0.007023
v 0.017890 0.042823 0.004345
v 0.017932 0.042819 0.003512
v 0.018088 0.042808 0.000424
v 0.016771 0.043217 0.007387
v 0.016122 0.043658 0.007512
v 0.016234 0.043787 0.007639
v 0.016411 0.043658 0.007651
v 0.016116 0.043651 0.007510
v 0.016298 0.043551 0.007518
v 0.016589 0.043527 0.007640
v 0.016930 0.043272 0.007542
v 0.016826 0.043244 0.007431
v 0.016479 0.043447 0.007510
v 0.016656 0.043344 0.007482
v 0.017123 0.043070 0.007255
v 0.017071 0.043066 0.007223
v 0.016301 0.043864 0.007834
v 0.016311 0.043877 0.008036
v 0.016666 0.043558 0.007808
v 0.016554 0.043666 0.008014
v 0.017014 0.043263 0.007671
v 0.017064 0.043220 0.007788
v 0.017117 0.043174 0.007765
v 0.017224 0.043057 0.007327
v 0.017439 0.042908 0.007386
v 0.017371 0.042964 0.007466
v 0.017313 0.043017 0.007405
v 0.016301 0.043864 0.007824
v 0.014546 0.045193 0.008039
v 0.014697 0.045080 0.008039
v 0.014697 0.045079 0.007837
v 0.015876 0.044201 0.008037
v 0.012941 0.046064 0.007839
v 0.012935 0.046053 0.008042
v 0.013613 0.045691 0.008041
v 0.011069 0.046804 0.007842
v 0.011130 0.046758 0.008045
v 0.012573 0.046247 0.008043
v 0.009112 0.047291 0.008048
v 0.010470 0.046991 0.008047
v 0.011061 0.046782 0.008046
v 0.010918 0.046331 0.007465
v 0.010724 0.046406 0.007465
v 0.010983 0.046533 0.007507
v 0.009028 0.046804 0.007465
v 0.009062 0.046997 0.007508
v 0.014541 0.044842 0.007507
v 0.014433 0.044675 0.007466
v 0.014428 0.044679 0.007466
v 0.009062 0.047001 0.007509
v 0.009064 0.047011 0.007511
v 0.011038 0.046705 0.007641
v 0.009093 0.047178 0.007640
v 0.009093 0.047180 0.007642
v 0.012897 0.045970 0.007640
v 0.012819 0.045807 0.007508
v 0.012733 0.045630 0.007466
v 0.014640 0.044992 0.007640
v 0.009110 0.047280 0.007833
v 0.009110 0.047281 0.007842
v 0.009110 0.047281 0.007843
v 0.011143 0.045411 0.013856
v 0.011042 0.045438 0.013853
v 0.011020 0.045390 0.013981
v 0.013084 0.044573 0.013959
v 0.012874 0.044664 0.013948
v 0.012846 0.044627 0.014077
v 0.014409 0.043437 0.014400
v 0.015938 0.042215 0.014554
v 0.015939 0.042216 0.014553
v 0.012734 0.044430 0.014270
v 0.010941 0.045182 0.014171
v 0.009097 0.045883 0.013915
v 0.009092 0.045860 0.013960
v 0.010984 0.045300 0.014092
v 0.012796 0.044542 0.014191
v 0.009097 0.045883 0.013913
v 0.009112 0.045946 0.013789
v 0.014552 0.043616 0.014205
v 0.014582 0.043640 0.014074
v 0.013618 0.044240 0.014001
v 0.014488 0.043539 0.014320
v 0.016088 0.042359 0.014406
v 0.016107 0.042373 0.014357
v 0.009077 0.045789 0.014021
v 0.009077 0.045788 0.014022
v 0.009063 0.045717 0.014083
v 0.009054 0.045670 0.014099
v 0.009053 0.045668 0.014100
v 0.016160 0.042413 0.014224
v 0.015886 0.042637 0.014197
v 0.014903 0.043440 0.014098
v 0.011148 0.045410 0.013856
v 0.015975 0.042253 0.014537
v 0.016031 0.042305 0.014472
v 0.016031 0.042306 0.014471
v 0.016762 0.041610 0.014629
v 0.015939 0.040170 0.019502
v 0.017265 0.039555 0.018181
v 0.017663 0.039512 0.017310
v 0.017767 0.039472 0.017334
v 0.017658 0.040212 0.015629
v 0.017805 0.039729 0.016413
v 0.017257 0.040858 0.015048
v 0.016663 0.041553 0.014708
v 0.016846 0.041644 0.014522
v 0.016894 0.041647 0.014424
v 0.017448 0.040879 0.014892
v 0.017359 0.040879 0.014980
v 0.017762 0.040201 0.015583
v 0.017851 0.040258 0.015347
v 0.017809 0.040339 0.015264
v 0.017643 0.040664 0.014935
v 0.017500 0.040861 0.014822
v 0.017049 0.041484 0.014466
v 0.017910 0.039696 0.016399
v 0.017860 0.039408 0.017353
v 0.017457 0.039461 0.018305
v 0.017967 0.039339 0.017249
v 0.018082 0.039559 0.016382
v 0.018005 0.039643 0.016376
v 0.018078 0.039578 0.016350
v 0.017978 0.040007 0.015600
v 0.017053 0.039588 0.019044
v 0.017512 0.039394 0.018345
v 0.017627 0.039346 0.018170
v 0.017851 0.039341 0.017563
v 0.017925 0.039340 0.017362
v 0.015976 0.040186 0.019540
v 0.016032 0.040176 0.019624
v 0.016770 0.039790 0.019014
v 0.016854 0.039739 0.019113
v 0.016671 0.039806 0.018918
v 0.017368 0.039522 0.018244
v 0.016903 0.039670 0.019186
v 0.016089 0.040167 0.019708
v 0.016108 0.040143 0.019752
v 0.016108 0.040143 0.019753
v 0.016207 0.040051 0.019841
v 0.016161 0.040077 0.019875
v 0.017915 0.040132 0.015474
v 0.015940 0.040171 0.019503
v 0.014421 0.040922 0.020467
v 0.010954 0.041998 0.021865
v 0.009055 0.042293 0.022262
v 0.009056 0.042295 0.022265
v 0.012750 0.041533 0.021262
v 0.014500 0.040938 0.020596
v 0.012812 0.041556 0.021397
v 0.014564 0.040911 0.020732
v 0.012862 0.041536 0.021537
v 0.014598 0.040841 0.020849
v 0.015884 0.040212 0.020048
v 0.010514 0.042065 0.022414
v 0.011046 0.041940 0.022253
v 0.011033 0.042011 0.022147
v 0.011134 0.041919 0.022227
v 0.012519 0.041594 0.021811
v 0.012584 0.041571 0.021782
v 0.009094 0.042330 0.022498
v 0.010997 0.042026 0.022004
v 0.009099 0.042315 0.022545
v 0.009099 0.042314 0.022546
v 0.009114 0.042271 0.022679
v 0.012884 0.041465 0.021647
v 0.013617 0.041208 0.021318
v 0.014438 0.040919 0.020948
v 0.009065 0.042317 0.022310
v 0.009079 0.042323 0.022402
v 0.009079 0.042323 0.022404
v 0.014544 0.037054 0.026346
v 0.016052 0.036143 0.025465
v 0.016119 0.036213 0.025504
v 0.012823 0.037738 0.027028
v 0.010986 0.038251 0.027542
v 0.012942 0.038294 0.026827
v 0.011224 0.038796 0.027326
v 0.011072 0.038680 0.027496
v 0.011144 0.038811 0.027340
v 0.011072 0.038823 0.027352
v 0.015885 0.036981 0.025526
v 0.015079 0.037428 0.025968
v 0.014700 0.037455 0.026281
v 0.014694 0.037590 0.026130
v 0.013622 0.038043 0.026578
v 0.016304 0.036594 0.025424
v 0.016314 0.036744 0.025290
v 0.016106 0.036859 0.025404
v 0.009115 0.039169 0.027694
v 0.009113 0.039017 0.027833
v 0.011041 0.038469 0.027568
v 0.009113 0.039016 0.027834
v 0.009113 0.039010 0.027840
v 0.012900 0.037947 0.027049
v 0.012944 0.038154 0.026974
v 0.013219 0.038213 0.026747
v 0.016304 0.036586 0.025431
v 0.014643 0.037254 0.026359
v 0.009096 0.038805 0.027905
v 0.009096 0.038802 0.027904
v 0.009067 0.038593 0.027878
v 0.009065 0.038584 0.027872
v 0.009065 0.038581 0.027870
v 0.016125 0.036220 0.025508
v 0.016178 0.036304 0.025508
v 0.016237 0.036400 0.025508
v 0.016540 0.036142 0.025350
v 0.016483 0.036069 0.025360
v 0.016829 0.035869 0.025272
v 0.017296 0.035367 0.025403
v 0.016670 0.036357 0.025226
v 0.016592 0.036217 0.025324
v 0.017017 0.036052 0.025114
v 0.016933 0.035968 0.025214
v 0.017315 0.035689 0.025130
v 0.017227 0.035664 0.025214
v 0.016775 0.035819 0.025284
v 0.017126 0.035622 0.025274
v 0.016424 0.036001 0.025353
v 0.016988 0.035749 0.025259
v 0.017563 0.035294 0.025274
v 0.017545 0.035361 0.025213
v 0.017481 0.035328 0.025325
v 0.017402 0.035360 0.025374
v 0.017397 0.035362 0.025377
v 0.016744 0.036410 0.025094
v 0.017378 0.035700 0.025036
v 0.017364 0.035728 0.025021
v 0.017056 0.036099 0.025024
v 0.016895 0.036292 0.025025
v 0.018093 0.029968 0.030571
v 0.018078 0.030288 0.030253
v 0.017920 0.030386 0.030351
v 0.017796 0.032878 0.027857
v 0.017796 0.027892 0.032850
v 0.017299 0.025453 0.035331
v 0.017400 0.025427 0.035326
v 0.017405 0.025424 0.035325
v 0.018001 0.032126 0.028419
v 0.017979 0.032650 0.027895
v 0.017957 0.032792 0.027755
v 0.017852 0.033449 0.027103
v 0.017985 0.028464 0.032087
v 0.017937 0.027792 0.032764
v 0.017566 0.025324 0.035259
v 0.017857 0.026981 0.033582
v 0.017896 0.027207 0.033353
v 0.016123 0.025554 0.036178
v 0.017319 0.025179 0.035654
v 0.017231 0.025264 0.035628
v 0.016938 0.025263 0.035933
v 0.017079 0.025344 0.035562
v 0.016779 0.025334 0.035785
v 0.017131 0.025324 0.035587
v 0.016487 0.025409 0.036035
v 0.016664 0.025357 0.035942
v 0.017446 0.025116 0.035565
v 0.017379 0.025099 0.035660
v 0.016306 0.025477 0.036113
v 0.016419 0.025459 0.036282
v 0.016597 0.025374 0.036183
v 0.016834 0.025322 0.035835
v 0.016674 0.025276 0.036323
v 0.016308 0.025475 0.036559
v 0.016318 0.025342 0.036710
v 0.016557 0.025209 0.036548
v 0.016719 0.025159 0.036397
v 0.017022 0.025164 0.036017
v 0.017073 0.025052 0.036069
v 0.017125 0.025036 0.036020
v 0.016241 0.025559 0.036365
v 0.016308 0.025482 0.036551
v 0.016129 0.025558 0.036185
v 0.014553 0.026270 0.037643
v 0.014704 0.026190 0.037563
v 0.014704 0.026332 0.037420
v 0.016100 0.025457 0.036825
v 0.015883 0.025571 0.036939
v 0.012949 0.027026 0.038118
v 0.012943 0.026875 0.038254
v 0.013621 0.026620 0.037997
v 0.011077 0.027548 0.038644
v 0.011138 0.027371 0.038755
v 0.012581 0.027012 0.038392
v 0.009119 0.027747 0.039134
v 0.010478 0.027536 0.038921
v 0.011069 0.027389 0.038772
v 0.010991 0.027594 0.038215
v 0.009069 0.027921 0.038546
v 0.014548 0.026397 0.037019
v 0.009069 0.027923 0.038549
v 0.009071 0.027929 0.038558
v 0.011046 0.027620 0.038433
v 0.009100 0.027955 0.038767
v 0.009100 0.027956 0.038770
v 0.012905 0.027101 0.037911
v 0.012827 0.027080 0.037702
v 0.014647 0.026410 0.037219
v 0.009117 0.027891 0.038975
v 0.009117 0.027885 0.038981
v 0.009117 0.027884 0.038982
v 0.011152 0.022310 0.041912
v 0.011051 0.022331 0.041928
v 0.011029 0.022207 0.041985
v 0.014418 0.020530 0.040900
v 0.015947 0.019558 0.040144
v 0.015948 0.019559 0.040145
v 0.012743 0.021325 0.041511
v 0.010950 0.021926 0.041972
v 0.009106 0.022603 0.042287
v 0.009102 0.022555 0.042303
v 0.010993 0.022064 0.042000
v 0.012805 0.021460 0.041533
v 0.012855 0.021600 0.041513
v 0.009106 0.022604 0.042287
v 0.009121 0.022736 0.042243
v 0.014561 0.020795 0.040889
v 0.014591 0.020905 0.040813
v 0.013627 0.021381 0.041185
v 0.014497 0.020659 0.040916
v 0.016097 0.019764 0.040141
v 0.016116 0.019808 0.040117
v 0.016116 0.019809 0.040117
v 0.009087 0.022461 0.042296
v 0.009087 0.022460 0.042296
v 0.009073 0.022367 0.042290
v 0.009064 0.022322 0.042268
v 0.009063 0.022320 0.042267
v 0.016169 0.019931 0.040051
v 0.015894 0.020109 0.040189
v 0.014912 0.020747 0.040689
v 0.013093 0.021645 0.041392
v 0.012883 0.021717 0.041448
v 0.012525 0.021840 0.041544
v 0.011157 0.022309 0.041911
v 0.015984 0.019596 0.040160
v 0.016040 0.019680 0.040150
v 0.016672 0.018980 0.039784
v 0.017063 0.014525 0.041461
v 0.017522 0.014882 0.040829
v 0.017466 0.014958 0.040848
v 0.017814 0.016485 0.039700
v 0.015949 0.014613 0.042196
v 0.017274 0.015113 0.040828
v 0.017672 0.015698 0.040181
v 0.017776 0.015652 0.040170
v 0.017667 0.017381 0.039486
v 0.017266 0.018249 0.039534
v 0.016855 0.019176 0.039716
v 0.016903 0.019248 0.039649
v 0.016771 0.019077 0.039768
v 0.017457 0.018374 0.039439
v 0.017368 0.018312 0.039501
v 0.017771 0.017406 0.039446
v 0.017859 0.017613 0.039319
v 0.017652 0.018191 0.039316
v 0.017509 0.018411 0.039376
v 0.017058 0.019104 0.039564
v 0.017919 0.016472 0.039667
v 0.017869 0.015594 0.040139
v 0.017976 0.015619 0.040016
v 0.018091 0.016387 0.039558
v 0.018014 0.016450 0.039613
v 0.018087 0.016423 0.039549
v 0.017987 0.017257 0.039321
v 0.017636 0.014972 0.040672
v 0.017819 0.015321 0.040318
v 0.017860 0.015398 0.040239
v 0.017934 0.015539 0.040096
v 0.016042 0.014531 0.042287
v 0.016864 0.014583 0.041616
v 0.016042 0.014532 0.042286
v 0.016780 0.014689 0.041582
v 0.015986 0.014596 0.042234
v 0.016681 0.014769 0.041525
v 0.017377 0.015045 0.040849
v 0.016913 0.014483 0.041620
v 0.016099 0.014466 0.042341
v 0.016118 0.014417 0.042355
v 0.016217 0.014289 0.042352
v 0.016171 0.014284 0.042395
v 0.017924 0.017434 0.039320
v 0.015950 0.014612 0.042197
v 0.015894 0.014257 0.042613
v 0.010965 0.014233 0.045162
v 0.009066 0.014161 0.045652
v 0.009067 0.014160 0.045655
v 0.014432 0.014462 0.043412
v 0.014511 0.014382 0.043515
v 0.012823 0.014253 0.044517
v 0.012873 0.014140 0.044602
v 0.014575 0.014267 0.043592
v 0.014609 0.014135 0.043624
v 0.010525 0.013893 0.045597
v 0.011057 0.013918 0.045395
v 0.011044 0.014043 0.045370
v 0.011145 0.013922 0.045362
v 0.009105 0.014021 0.045845
v 0.011008 0.014155 0.045280
v 0.012761 0.014332 0.044406
v 0.009110 0.013977 0.045867
v 0.009110 0.013976 0.045868
v 0.009125 0.013851 0.045931
v 0.012530 0.013987 0.044837
v 0.012895 0.014012 0.044630
v 0.013628 0.014063 0.044215
v 0.014449 0.014119 0.043750
v 0.009076 0.014144 0.045702
v 0.009090 0.014084 0.045772
v 0.009090 0.014082 0.045774
v 0.011166 -0.013862 0.045415
v 0.011065 -0.013859 0.045442
v 0.011043 -0.013987 0.045394
v 0.013107 -0.013965 0.044576
v 0.012897 -0.013954 0.044667
v 0.012869 -0.014083 0.044630
v 0.014432 -0.014405 0.043440
v 0.015960 -0.014559 0.042218
v 0.015961 -0.014558 0.042219
v 0.012757 -0.014275 0.044434
v 0.010964 -0.014177 0.045186
v 0.009121 -0.013922 0.045888
v 0.009116 -0.013967 0.045865
v 0.011007 -0.014098 0.045304
v 0.012819 -0.014196 0.044545
v 0.009121 -0.013920 0.045888
v 0.009136 -0.013796 0.045951
v 0.014575 -0.014210 0.043619
v 0.014605 -0.014079 0.043643
v 0.013641 -0.014006 0.044243
v 0.014511 -0.014325 0.043543
v 0.016110 -0.014410 0.042362
v 0.016129 -0.014361 0.042376
v 0.009101 -0.014028 0.045794
v 0.009101 -0.014029 0.045793
v 0.009087 -0.014090 0.045722
v 0.009078 -0.014106 0.045675
v 0.009077 -0.014107 0.045673
v 0.016182 -0.014228 0.042415
v 0.015908 -0.014201 0.042639
v 0.014926 -0.014103 0.043443
v 0.011171 -0.013862 0.045414
v 0.015997 -0.014542 0.042256
v 0.016053 -0.014476 0.042308
v 0.016053 -0.014475 0.042309
v 0.016685 -0.014712 0.041555
v 0.017873 -0.017567 0.039343
v 0.017947 -0.017366 0.039342
v 0.017882 -0.017357 0.039410
v 0.017827 -0.016417 0.039731
v 0.017287 -0.018185 0.039557
v 0.016694 -0.018922 0.039808
v 0.015962 -0.019506 0.040172
v 0.017685 -0.017314 0.039514
v 0.017679 -0.015632 0.040214
v 0.017279 -0.015052 0.040860
v 0.016868 -0.014526 0.041646
v 0.016916 -0.014428 0.041649
v 0.016784 -0.014633 0.041612
v 0.017470 -0.014896 0.040881
v 0.017381 -0.014984 0.040881
v 0.017783 -0.015586 0.040202
v 0.017872 -0.015350 0.040259
v 0.017830 -0.015267 0.040341
v 0.017665 -0.014939 0.040666
v 0.017522 -0.014826 0.040863
v 0.017071 -0.014470 0.041486
v 0.017932 -0.016403 0.039698
v 0.017789 -0.017338 0.039474
v 0.017989 -0.017253 0.039341
v 0.018104 -0.016386 0.039561
v 0.018027 -0.016380 0.039645
v 0.018100 -0.016354 0.039580
v 0.017999 -0.015603 0.040009
v 0.016877 -0.019117 0.039741
v 0.016926 -0.019190 0.039672
v 0.017076 -0.019048 0.039590
v 0.017479 -0.018309 0.039462
v 0.017535 -0.018349 0.039396
v 0.017649 -0.018174 0.039347
v 0.017390 -0.018248 0.039524
v 0.016793 -0.019018 0.039792
v 0.016055 -0.019628 0.040178
v 0.016112 -0.019712 0.040170
v 0.016131 -0.019756 0.040146
v 0.016131 -0.019757 0.040146
v 0.016230 -0.019845 0.040054
v 0.016184 -0.019879 0.040080
v 0.017936 -0.015477 0.040133
v 0.015963 -0.019507 0.040173
v 0.015999 -0.019544 0.040188
v 0.010979 -0.021872 0.042002
v 0.009080 -0.022269 0.042298
v 0.009081 -0.022272 0.042300
v 0.012775 -0.021267 0.041537
v 0.014445 -0.020472 0.040925
v 0.014524 -0.020601 0.040941
v 0.012837 -0.021402 0.041560
v 0.014588 -0.020737 0.040914
v 0.012887 -0.021542 0.041540
v 0.014622 -0.020854 0.040844
v 0.015907 -0.020052 0.040215
v 0.012544 -0.021816 0.041598
v 0.012609 -0.021787 0.041575
v 0.010539 -0.022421 0.042069
v 0.011071 -0.022260 0.041944
v 0.011058 -0.022154 0.042015
v 0.011159 -0.022234 0.041923
v 0.009119 -0.022505 0.042336
v 0.011022 -0.022011 0.042030
v 0.009124 -0.022552 0.042321
v 0.009124 -0.022553 0.042320
v 0.009139 -0.022686 0.042277
v 0.012909 -0.021652 0.041469
v 0.013642 -0.021323 0.041212
v 0.014463 -0.020953 0.040922
v 0.009090 -0.022317 0.042322
v 0.009104 -0.022409 0.042328
v 0.009104 -0.022411 0.042328
v 0.014569 -0.026351 0.037057
v 0.016076 -0.025469 0.036146
v 0.016143 -0.025508 0.036216
v 0.012848 -0.027034 0.037742
v 0.011012 -0.027548 0.038255
v 0.012968 -0.026833 0.038298
v 0.011250 -0.027332 0.038800
v 0.011098 -0.027502 0.038684
v 0.011170 -0.027346 0.038815
v 0.011098 -0.027358 0.038827
v 0.015909 -0.025530 0.036984
v 0.015103 -0.025972 0.037431
v 0.014725 -0.026286 0.037458
v 0.014719 -0.026134 0.037593
v 0.013648 -0.026584 0.038047
v 0.016328 -0.025429 0.036597
v 0.016338 -0.025294 0.036747
v 0.016130 -0.025408 0.036862
v 0.009141 -0.027701 0.039174
v 0.009139 -0.027840 0.039022
v 0.011067 -0.027574 0.038473
v 0.009139 -0.027841 0.039021
v 0.009139 -0.027847 0.039015
v 0.012926 -0.027055 0.037951
v 0.012970 -0.026980 0.038158
v 0.013245 -0.026753 0.038217
v 0.016328 -0.025436 0.036589
v 0.014668 -0.026364 0.037257
v 0.009122 -0.027912 0.038811
v 0.009122 -0.027911 0.038808
v 0.009093 -0.027885 0.038598
v 0.009091 -0.027879 0.038589
v 0.009091 -0.027877 0.038586
v 0.016149 -0.025512 0.036223
v 0.016202 -0.025512 0.036307
v 0.016261 -0.025513 0.036403
v 0.016564 -0.025354 0.036145
v 0.016507 -0.025364 0.036072
v 0.016853 -0.025276 0.035872
v 0.016448 -0.025357 0.036004
v 0.017012 -0.025263 0.035752
v 0.017150 -0.025278 0.035624
v 0.016799 -0.025288 0.035822
v 0.017319 -0.025407 0.035369
v 0.017420 -0.025381 0.035364
v 0.017251 -0.025218 0.035666
v 0.017339 -0.025134 0.035691
v 0.016957 -0.025218 0.035971
v 0.017041 -0.025118 0.036054
v 0.016616 -0.025328 0.036220
v 0.016694 -0.025230 0.036360
v 0.017586 -0.025278 0.035296
v 0.017568 -0.025217 0.035363
v 0.017504 -0.025329 0.035330
v 0.017425 -0.025378 0.035362
v 0.016768 -0.025098 0.036412
v 0.017402 -0.025040 0.035702
v 0.017388 -0.025025 0.035730
v 0.017080 -0.025028 0.036101
v 0.016919 -0.025029 0.036294
v 0.017877 -0.027108 0.033450
v 0.017979 -0.027760 0.032793
v 0.017944 -0.030354 0.030387
v 0.018118 -0.030251 0.030292
v 0.018027 -0.028422 0.032128
v 0.017820 -0.027861 0.032879
v 0.018001 -0.027899 0.032652
v 0.017820 -0.032853 0.027894
v 0.018013 -0.032091 0.028466
v 0.018118 -0.030255 0.030289
v 0.017879 -0.033516 0.027053
v 0.017958 -0.033044 0.027519
v 0.017973 -0.032767 0.027793
v 0.019139 -0.023463 0.034039
v 0.019140 -0.025196 0.032883
v 0.019889 -0.024314 0.031732
v 0.019136 -0.014643 0.038684
v 0.019137 -0.015827 0.038283
v 0.019885 -0.015273 0.036942
v 0.019117 0.034038 0.023460
v 0.019117 0.032881 0.025193
v 0.019867 0.031731 0.024311
v 0.019115 0.040182 0.009875
v 0.019115 0.040020 0.010692
v 0.019864 0.038619 0.010317
v 0.019114 0.041073 0.005376
v 0.019864 0.039635 0.005188
v 0.019114 0.041099 0.004961
v 0.019864 0.039973 -0.000030
v 0.019115 0.038683 0.014640
v 0.019865 0.036941 0.015270
v 0.019115 0.038281 0.015824
v 0.019866 0.034633 0.019962
v 0.019116 0.036625 0.019190
v 0.019116 0.035889 0.020686
v 0.019868 0.028286 0.028245
v 0.019118 0.030959 0.027388
v 0.019119 0.029311 0.029270
v 0.019120 0.027432 0.030920
v 0.019870 0.024356 0.031696
v 0.019120 0.025240 0.032846
v 0.019121 0.023509 0.034005
v 0.019872 0.020011 0.034604
v 0.019122 0.020737 0.035860
v 0.019123 0.019243 0.036598
v 0.019873 0.015323 0.036920
v 0.019124 0.015879 0.038259
v 0.019125 0.014695 0.038662
v 0.019875 0.010372 0.038605
v 0.019126 0.010749 0.040005
v 0.019126 0.009932 0.040169
v 0.019877 0.005245 0.039628
v 0.019128 0.005435 0.041066
v 0.019128 0.005020 0.041093
v 0.019879 0.000027 0.039974
v 0.019130 0.000028 0.041425
v 0.019132 -0.004964 0.041101
v 0.019135 -0.010695 0.040021
v 0.019883 -0.010320 0.038620
v 0.019134 -0.009878 0.040183
v 0.019881 -0.005191 0.039636
v 0.019132 -0.005379 0.041074
v 0.019887 -0.019965 0.034634
v 0.019138 -0.019193 0.036626
v 0.019138 -0.020689 0.035890
v 0.019890 -0.028248 0.028287
v 0.019141 -0.027392 0.030960
v 0.019142 -0.029273 0.029312
v 0.019142 -0.030923 0.027434
v 0.019892 -0.031699 0.024357
v 0.019143 -0.032849 0.025241
v 0.019144 -0.034008 0.023510
v 0.019893 -0.034607 0.020012
v 0.019144 -0.035863 0.020738
v 0.019145 -0.036601 0.019244
v 0.019146 -0.040008 0.010750
v 0.019894 -0.038607 0.010373
v 0.019145 -0.038665 0.014696
v 0.019894 -0.036923 0.015324
v 0.019145 -0.038263 0.015880
v 0.019146 -0.040172 0.009933
v 0.019146 -0.041069 0.005436
v 0.019895 -0.039631 0.005246
v 0.019146 -0.041097 0.005021
v 0.019895 -0.039977 0.000028
v 0.019147 -0.041428 0.000029
v 0.019146 -0.041104 -0.004963
v 0.019895 -0.039639 -0.005190
v 0.019146 -0.041077 -0.005378
v 0.019146 -0.040186 -0.009877
v 0.019894 -0.038622 -0.010319
v 0.019146 -0.040024 -0.010694
v 0.019894 -0.036945 -0.015272
v 0.019145 -0.038687 -0.014642
v 0.019145 -0.038286 -0.015826
v 0.019893 -0.034636 -0.019964
v 0.019145 -0.036629 -0.019192
v 0.019144 -0.035893 -0.020688
v 0.019892 -0.031735 -0.024313
v 0.019144 -0.034042 -0.023462
v 0.019143 -0.032886 -0.025195
v 0.019890 -0.028290 -0.028247
v 0.019142 -0.030963 -0.027390
v 0.019142 -0.029316 -0.029271
v 0.019141 -0.027437 -0.030922
v 0.019889 -0.024360 -0.031698
v 0.019140 -0.025244 -0.032847
v 0.019139 -0.023513 -0.034007
v 0.019887 -0.020015 -0.034606
v 0.019138 -0.020741 -0.035862
v 0.019138 -0.019247 -0.036600
v 0.019885 -0.015327 -0.036922
v 0.019137 -0.015883 -0.038261
v 0.019136 -0.014699 -0.038664
v 0.019883 -0.010376 -0.038606
v 0.019135 -0.010753 -0.040007
v 0.019134 -0.009937 -0.040171
v 0.019881 -0.005249 -0.039630
v 0.019132 -0.005439 -0.041068
v 0.019132 -0.005024 -0.041095
v 0.019879 -0.000031 -0.039976
v 0.019130 -0.000032 -0.041427
v 0.019128 0.004960 -0.041103
v 0.019877 0.005187 -0.039638
v 0.019128 0.005375 -0.041076
v 0.019126 0.009873 -0.040185
v 0.019875 0.010316 -0.038621
v 0.019126 0.010691 -0.040023
v 0.019873 0.015269 -0.036944
v 0.019125 0.014639 -0.038686
v 0.019124 0.015823 -0.038284
v 0.019872 0.019961 -0.034636
v 0.019123 0.019189 -0.036628
v 0.019122 0.020685 -0.035892
v 0.019870 0.024310 -0.031734
v 0.019121 0.023459 -0.034041
v 0.019120 0.025192 -0.032884
v 0.019868 0.028244 -0.028289
v 0.019120 0.027387 -0.030962
v 0.019119 0.029268 -0.029314
v 0.019118 0.030919 -0.027436
v 0.019867 0.031695 -0.024359
v 0.019117 0.032844 -0.025243
v 0.019117 0.034004 -0.023512
v 0.019866 0.034603 -0.020014
v 0.019116 0.035859 -0.020740
v 0.019116 0.036597 -0.019246
v 0.019865 0.036919 -0.015326
v 0.019115 0.038258 -0.015882
v 0.019115 0.038661 -0.014698
v 0.019864 0.038604 -0.010375
v 0.019115 0.040004 -0.010752
v 0.019115 0.040168 -0.009935
v 0.019114 0.041065 -0.005438
v 0.019864 0.039627 -0.005248
v 0.019114 0.041092 -0.005023
v 0.019114 0.041424 -0.000031
v 0.002611 0.048521 -0.003545
v 0.002611 0.048650 -0.000036
v 0.002611 0.048526 0.003473
v 0.002195 0.048627 -0.007107
v 0.002408 0.048537 -0.007094
v 0.002310 0.048536 -0.007577
v 0.002425 0.048509 -0.007425
v 0.002510 0.048466 -0.007803
v 0.002610 0.048433 -0.007685
v 0.002635 0.048422 -0.007944
v 0.002877 0.048356 -0.007857
v 0.003066 0.048321 -0.008102
v 0.003193 0.048286 -0.007916
v 0.003096 0.048315 -0.008112
v 0.003195 0.048297 -0.008117
v 0.002482 0.048451 -0.007081
v 0.002556 0.048398 -0.007344
v 0.002710 0.048325 -0.007547
v 0.002813 0.048288 -0.007621
v 0.002927 0.048251 -0.007676
v 0.003050 0.048217 -0.007707
v 0.003193 0.048286 -0.007912
v 0.003193 0.048285 -0.007903
v 0.002941 0.048079 -0.007547
v 0.002847 0.048119 -0.007503
v 0.002768 0.048069 -0.007408
v 0.003145 0.048004 -0.007579
v 0.003042 0.048042 -0.007573
v 0.002592 0.048218 -0.007048
v 0.002650 0.048152 -0.007249
v 0.002762 0.048160 -0.007441
v 0.002635 0.048238 -0.007275
v 0.002557 0.048362 -0.007068
v 0.003146 0.048008 -0.007580
v 0.003148 0.048017 -0.007582
v 0.003175 0.048184 -0.007711
v 0.003176 0.048186 -0.007712
v 0.003176 0.048187 -0.007714
v 0.002551 0.046804 -0.014019
v 0.002533 0.046844 -0.014004
v 0.002320 0.047093 -0.013806
v 0.002196 0.047199 -0.013686
v 0.002387 0.047035 -0.013871
v 0.002448 0.046983 -0.013929
v 0.002484 0.046952 -0.013964
v 0.002322 0.043049 -0.023626
v 0.002198 0.043015 -0.023767
v 0.002197 0.043187 -0.023420
v 0.002564 0.044734 -0.019666
v 0.002563 0.046206 -0.015904
v 0.002399 0.046389 -0.015967
v 0.002196 0.046469 -0.015995
v 0.002197 0.044989 -0.019778
v 0.002400 0.044912 -0.019744
v 0.002561 0.042979 -0.023248
v 0.002546 0.043001 -0.023285
v 0.002543 0.043004 -0.023292
v 0.002438 0.043025 -0.023450
v 0.002388 0.043035 -0.023526
v 0.002328 0.043047 -0.023616
v 0.007248 0.042447 -0.023019
v 0.003199 0.039846 -0.028476
v 0.003197 0.039696 -0.028611
v 0.003197 0.039693 -0.028614
v 0.003197 0.039686 -0.028620
v 0.003180 0.039482 -0.028685
v 0.003179 0.039479 -0.028684
v 0.003164 0.039371 -0.028670
v 0.003151 0.039270 -0.028657
v 0.003148 0.039258 -0.028650
v 0.003131 0.039174 -0.028596
v 0.002771 0.039183 -0.028817
v 0.002937 0.039197 -0.028683
v 0.002576 0.039101 -0.029228
v 0.002602 0.039161 -0.029128
v 0.002738 0.039834 -0.028627
v 0.002816 0.039837 -0.028601
v 0.002881 0.039703 -0.028703
v 0.002511 0.039741 -0.028820
v 0.002614 0.039636 -0.028879
v 0.002374 0.039685 -0.028938
v 0.002429 0.039505 -0.029116
v 0.002204 0.039425 -0.029340
v 0.002931 0.039501 -0.028757
v 0.002714 0.039462 -0.028900
v 0.002560 0.039370 -0.029095
v 0.002486 0.039221 -0.029318
v 0.002199 0.039364 -0.029424
v 0.002352 0.039312 -0.029385
v 0.002412 0.039291 -0.029370
v 0.002694 0.039245 -0.028940
v 0.002639 0.039208 -0.029031
v 0.002766 0.039270 -0.028858
v 0.002747 0.039365 -0.028887
v 0.002944 0.039288 -0.028726
v 0.002943 0.039392 -0.028752
v 0.002561 0.039149 -0.029264
v 0.002490 0.029251 -0.039273
v 0.002416 0.029303 -0.039343
v 0.002414 0.033193 -0.036120
v 0.002600 0.029110 -0.039085
v 0.002565 0.029197 -0.039201
v 0.002563 0.033073 -0.035990
v 0.002413 0.036062 -0.033255
v 0.002562 0.035932 -0.033135
v 0.002412 0.038685 -0.030163
v 0.002561 0.038545 -0.030054
v 0.002199 0.038757 -0.030219
v 0.002200 0.036129 -0.033317
v 0.002201 0.033255 -0.036187
v 0.002203 0.029356 -0.039416
v 0.002318 0.028959 -0.039685
v 0.002433 0.029048 -0.039557
v 0.002518 0.028750 -0.039794
v 0.002618 0.028811 -0.039688
v 0.002643 0.028619 -0.039863
v 0.002885 0.028634 -0.039755
v 0.003104 0.028425 -0.039906
v 0.003201 0.028544 -0.039747
v 0.003203 0.028408 -0.039897
v 0.002564 0.029027 -0.039422
v 0.002718 0.028833 -0.039514
v 0.002821 0.028754 -0.039540
v 0.002935 0.028690 -0.039553
v 0.003058 0.028643 -0.039551
v 0.003201 0.028547 -0.039744
v 0.003201 0.028553 -0.039737
v 0.002948 0.028659 -0.039340
v 0.002854 0.028719 -0.039337
v 0.002775 0.028750 -0.039235
v 0.003152 0.028583 -0.039309
v 0.003049 0.028614 -0.039332
v 0.002658 0.028921 -0.039181
v 0.002770 0.028791 -0.039322
v 0.002643 0.028964 -0.039261
v 0.003153 0.028585 -0.039314
v 0.003155 0.028590 -0.039321
v 0.003183 0.028617 -0.039530
v 0.003184 0.028618 -0.039533
v 0.003184 0.028617 -0.039535
v 0.002560 0.023181 -0.043015
v 0.002542 0.023220 -0.043033
v 0.002329 0.023535 -0.043069
v 0.002205 0.023695 -0.043059
v 0.002396 0.023449 -0.043074
v 0.002457 0.023371 -0.043078
v 0.002493 0.023325 -0.043081
v 0.002334 0.013732 -0.047153
v 0.002209 0.013608 -0.047229
v 0.002208 0.016400 -0.046333
v 0.002575 0.016308 -0.046071
v 0.002574 0.019591 -0.044772
v 0.002410 0.019668 -0.044950
v 0.002207 0.019702 -0.045027
v 0.002572 0.013950 -0.046837
v 0.002411 0.016372 -0.046254
v 0.002557 0.013939 -0.046878
v 0.002554 0.013937 -0.046885
v 0.002450 0.013840 -0.047012
v 0.002400 0.013794 -0.047072
v 0.002340 0.013738 -0.047145
v 0.002575 -0.014027 -0.046814
v 0.002557 -0.014012 -0.046854
v 0.002344 -0.013814 -0.047103
v 0.002220 -0.013694 -0.047209
v 0.002411 -0.013879 -0.047045
v 0.002472 -0.013937 -0.046993
v 0.002508 -0.013972 -0.046962
v 0.002349 -0.023634 -0.043059
v 0.002224 -0.023775 -0.043025
v 0.002222 -0.019786 -0.044998
v 0.002424 -0.016458 -0.046230
v 0.002588 -0.016392 -0.046047
v 0.002221 -0.016486 -0.046309
v 0.002568 -0.023300 -0.043014
v 0.002464 -0.023458 -0.043035
v 0.002425 -0.019752 -0.044921
v 0.002415 -0.023534 -0.043045
v 0.002355 -0.023624 -0.043057
v 0.002589 -0.019673 -0.044744
v 0.002586 -0.023256 -0.042989
v 0.002571 -0.023293 -0.043011
v 0.003225 -0.028484 -0.039855
v 0.003223 -0.028618 -0.039705
v 0.003223 -0.028621 -0.039702
v 0.003223 -0.028627 -0.039695
v 0.003207 -0.028692 -0.039491
v 0.003206 -0.028691 -0.039488
v 0.003191 -0.028677 -0.039380
v 0.003178 -0.028664 -0.039279
v 0.003175 -0.028657 -0.039267
v 0.003157 -0.028603 -0.039183
v 0.002798 -0.028824 -0.039193
v 0.002964 -0.028690 -0.039206
v 0.002603 -0.029235 -0.039111
v 0.002629 -0.029135 -0.039171
v 0.002764 -0.028635 -0.039844
v 0.002842 -0.028609 -0.039846
v 0.002908 -0.028711 -0.039713
v 0.002538 -0.028828 -0.039751
v 0.002641 -0.028887 -0.039646
v 0.002401 -0.028946 -0.039695
v 0.002456 -0.029124 -0.039515
v 0.002231 -0.029348 -0.039434
v 0.002958 -0.028764 -0.039511
v 0.002741 -0.028907 -0.039472
v 0.002587 -0.029102 -0.039380
v 0.002513 -0.029325 -0.039230
v 0.002226 -0.029432 -0.039373
v 0.002379 -0.029392 -0.039321
v 0.002439 -0.029377 -0.039300
v 0.002721 -0.028947 -0.039255
v 0.002666 -0.029038 -0.039218
v 0.002793 -0.028865 -0.039280
v 0.002774 -0.028894 -0.039375
v 0.002971 -0.028733 -0.039298
v 0.002970 -0.028759 -0.039402
v 0.002588 -0.029271 -0.039159
v 0.002440 -0.033263 -0.036072
v 0.002589 -0.033143 -0.035942
v 0.002590 -0.035998 -0.033083
v 0.002627 -0.039093 -0.029119
v 0.002592 -0.039209 -0.029206
v 0.002517 -0.039281 -0.029260
v 0.002443 -0.039351 -0.029312
v 0.002441 -0.036128 -0.033203
v 0.002230 -0.039424 -0.029366
v 0.002229 -0.038787 -0.030136
v 0.002228 -0.036195 -0.033264
v 0.002227 -0.033325 -0.036139
v 0.002345 -0.039693 -0.028969
v 0.002460 -0.039565 -0.029058
v 0.002545 -0.039802 -0.028760
v 0.002645 -0.039696 -0.028821
v 0.002670 -0.039871 -0.028629
v 0.002912 -0.039762 -0.028644
v 0.003131 -0.039913 -0.028435
v 0.003228 -0.039754 -0.028553
v 0.003230 -0.039904 -0.028418
v 0.002591 -0.039430 -0.029036
v 0.002745 -0.039522 -0.028842
v 0.002848 -0.039548 -0.028763
v 0.002962 -0.039561 -0.028699
v 0.003085 -0.039558 -0.028652
v 0.003228 -0.039751 -0.028556
v 0.003228 -0.039744 -0.028562
v 0.002975 -0.039347 -0.028668
v 0.002881 -0.039345 -0.028728
v 0.002802 -0.039243 -0.028759
v 0.003179 -0.039316 -0.028592
v 0.003076 -0.039339 -0.028623
v 0.002685 -0.039189 -0.028930
v 0.002797 -0.039330 -0.028800
v 0.002670 -0.039269 -0.028973
v 0.003180 -0.039321 -0.028594
v 0.003182 -0.039328 -0.028599
v 0.003210 -0.039537 -0.028626
v 0.003211 -0.039540 -0.028627
v 0.003211 -0.039542 -0.028626
v 0.007281 -0.042495 -0.022957
v 0.002231 -0.043067 -0.023704
v 0.002355 -0.043077 -0.023544
v 0.002422 -0.043082 -0.023458
v 0.002483 -0.043086 -0.023380
v 0.002586 -0.043023 -0.023190
v 0.002568 -0.043041 -0.023229
v 0.002556 -0.043053 -0.023254
v 0.002519 -0.043089 -0.023334
v 0.002358 -0.047161 -0.013741
v 0.002233 -0.047237 -0.013617
v 0.002232 -0.046509 -0.015927
v 0.002599 -0.046246 -0.015836
v 0.002599 -0.044780 -0.019600
v 0.002435 -0.044958 -0.019678
v 0.002434 -0.043180 -0.023323
v 0.002231 -0.043254 -0.023363
v 0.002232 -0.045035 -0.019712
v 0.002596 -0.046845 -0.013960
v 0.002435 -0.046429 -0.015899
v 0.002581 -0.046886 -0.013949
v 0.002578 -0.046893 -0.013947
v 0.002474 -0.047020 -0.013850
v 0.002424 -0.047080 -0.013803
v 0.002364 -0.047153 -0.013747
v 0.003233 -0.048325 -0.008047
v 0.003231 -0.048314 -0.007846
v 0.003231 -0.048314 -0.007842
v 0.003231 -0.048313 -0.007833
v 0.003214 -0.048214 -0.007642
v 0.003213 -0.048212 -0.007641
v 0.003198 -0.048126 -0.007574
v 0.003185 -0.048045 -0.007512
v 0.003182 -0.048032 -0.007509
v 0.003165 -0.047934 -0.007487
v 0.002805 -0.048097 -0.007338
v 0.002971 -0.048012 -0.007442
v 0.002610 -0.048330 -0.006990
v 0.002636 -0.048302 -0.007103
v 0.003163 -0.048340 -0.008030
v 0.002915 -0.048384 -0.007787
v 0.002850 -0.048406 -0.007953
v 0.002772 -0.048423 -0.007933
v 0.002545 -0.048495 -0.007730
v 0.002648 -0.048461 -0.007614
v 0.002408 -0.048538 -0.007607
v 0.002463 -0.048537 -0.007354
v 0.002238 -0.048639 -0.007139
v 0.002965 -0.048279 -0.007606
v 0.002748 -0.048353 -0.007476
v 0.002594 -0.048426 -0.007274
v 0.002520 -0.048479 -0.007010
v 0.002233 -0.048655 -0.007036
v 0.002386 -0.048590 -0.007027
v 0.002446 -0.048565 -0.007023
v 0.002728 -0.048228 -0.007295
v 0.002673 -0.048267 -0.007205
v 0.002800 -0.048188 -0.007371
v 0.002781 -0.048275 -0.007418
v 0.002978 -0.048107 -0.007477
v 0.002977 -0.048199 -0.007532
v 0.002595 -0.048390 -0.006998
v 0.002520 -0.048469 0.007080
v 0.002446 -0.048555 0.007093
v 0.002446 -0.048939 0.003573
v 0.002630 -0.048235 0.007046
v 0.002595 -0.048379 0.007066
v 0.002595 -0.048763 0.003560
v 0.002446 -0.049070 0.000035
v 0.002595 -0.048893 0.000035
v 0.002446 -0.048944 -0.003503
v 0.002595 -0.048768 -0.003490
v 0.002233 -0.049035 -0.003510
v 0.002234 -0.049161 0.000035
v 0.002233 -0.049030 0.003580
v 0.002233 -0.048645 0.007106
v 0.002348 -0.048553 0.007576
v 0.002463 -0.048526 0.007424
v 0.002548 -0.048483 0.007802
v 0.002648 -0.048450 0.007684
v 0.002673 -0.048439 0.007943
v 0.002915 -0.048373 0.007855
v 0.003104 -0.048338 0.008100
v 0.003231 -0.048303 0.007914
v 0.003134 -0.048332 0.008110
v 0.003233 -0.048313 0.008115
v 0.002594 -0.048415 0.007342
v 0.002748 -0.048342 0.007545
v 0.002851 -0.048305 0.007619
v 0.002965 -0.048268 0.007674
v 0.003088 -0.048234 0.007705
v 0.003231 -0.048303 0.007910
v 0.003231 -0.048302 0.007901
v 0.002978 -0.048096 0.007545
v 0.002884 -0.048136 0.007501
v 0.002805 -0.048086 0.007406
v 0.003182 -0.048021 0.007577
v 0.003079 -0.048059 0.007571
v 0.002688 -0.048169 0.007247
v 0.002800 -0.048177 0.007439
v 0.002673 -0.048255 0.007273
v 0.003183 -0.048025 0.007578
v 0.003185 -0.048034 0.007580
v 0.003213 -0.048201 0.007709
v 0.003214 -0.048203 0.007710
v 0.003214 -0.048204 0.007712
v 0.002588 -0.046821 0.014017
v 0.002570 -0.046861 0.014002
v 0.002357 -0.047111 0.013805
v 0.002233 -0.047217 0.013685
v 0.002424 -0.047053 0.013869
v 0.002485 -0.047001 0.013927
v 0.002521 -0.046969 0.013962
v 0.002356 -0.043066 0.023625
v 0.002231 -0.043032 0.023766
v 0.002231 -0.043205 0.023418
v 0.002599 -0.044751 0.019664
v 0.002599 -0.046223 0.015902
v 0.002435 -0.046406 0.015965
v 0.002232 -0.046486 0.015993
v 0.002232 -0.045006 0.019776
v 0.002435 -0.044929 0.019742
v 0.002594 -0.042997 0.023247
v 0.002579 -0.043019 0.023284
v 0.002576 -0.043022 0.023291
v 0.002472 -0.043043 0.023449
v 0.002422 -0.043053 0.023525
v 0.002362 -0.043064 0.023615
v 0.007281 -0.042461 0.023017
v 0.003230 -0.039863 0.028474
v 0.003228 -0.039712 0.028609
v 0.003228 -0.039709 0.028612
v 0.003228 -0.039702 0.028618
v 0.003211 -0.039498 0.028683
v 0.003210 -0.039495 0.028682
v 0.003195 -0.039387 0.028668
v 0.003182 -0.039286 0.028655
v 0.003179 -0.039274 0.028648
v 0.003162 -0.039191 0.028594
v 0.002802 -0.039201 0.028815
v 0.002968 -0.039214 0.028681
v 0.002607 -0.039118 0.029226
v 0.002633 -0.039178 0.029126
v 0.002769 -0.039852 0.028625
v 0.002847 -0.039854 0.028599
v 0.002912 -0.039721 0.028701
v 0.002542 -0.039759 0.028818
v 0.002645 -0.039654 0.028877
v 0.002405 -0.039703 0.028936
v 0.002460 -0.039522 0.029114
v 0.002235 -0.039442 0.029338
v 0.002962 -0.039518 0.028755
v 0.002745 -0.039479 0.028898
v 0.002591 -0.039387 0.029093
v 0.002517 -0.039238 0.029316
v 0.002230 -0.039381 0.029422
v 0.002383 -0.039329 0.029383
v 0.002443 -0.039308 0.029368
v 0.002725 -0.039262 0.028938
v 0.002670 -0.039225 0.029029
v 0.002797 -0.039287 0.028856
v 0.002778 -0.039382 0.028885
v 0.002975 -0.039306 0.028724
v 0.002974 -0.039409 0.028750
v 0.002592 -0.039166 0.029262
v 0.002513 -0.029268 0.039271
v 0.002439 -0.029320 0.039342
v 0.002440 -0.033210 0.036118
v 0.002623 -0.029127 0.039083
v 0.002588 -0.029214 0.039199
v 0.002589 -0.033090 0.035988
v 0.002441 -0.036079 0.033253
v 0.002590 -0.035949 0.033133
v 0.002442 -0.038703 0.030161
v 0.002591 -0.038563 0.030052
v 0.002229 -0.038775 0.030217
v 0.002228 -0.036146 0.033316
v 0.002227 -0.033272 0.036185
v 0.002226 -0.029374 0.039415
v 0.003175 -0.028600 0.039307
v 0.003176 -0.028602 0.039312
v 0.003072 -0.028631 0.039330
v 0.002341 -0.028977 0.039683
v 0.002456 -0.029066 0.039555
v 0.002541 -0.028768 0.039792
v 0.002641 -0.028829 0.039686
v 0.002666 -0.028636 0.039861
v 0.002908 -0.028651 0.039753
v 0.003126 -0.028442 0.039904
v 0.003223 -0.028560 0.039745
v 0.003225 -0.028425 0.039895
v 0.002587 -0.029044 0.039420
v 0.002741 -0.028850 0.039512
v 0.003081 -0.028660 0.039549
v 0.003207 -0.028634 0.039533
v 0.003223 -0.028569 0.039735
v 0.002844 -0.028771 0.039538
v 0.002958 -0.028707 0.039551
v 0.003223 -0.028563 0.039742
v 0.002971 -0.028676 0.039338
v 0.002877 -0.028736 0.039335
v 0.002798 -0.028767 0.039233
v 0.002681 -0.028938 0.039179
v 0.002793 -0.028808 0.039320
v 0.002666 -0.028981 0.039259
v 0.003178 -0.028607 0.039319
v 0.003206 -0.028634 0.039528
v 0.003207 -0.028635 0.039531
v 0.002578 -0.023198 0.043013
v 0.002560 -0.023237 0.043031
v 0.002348 -0.023552 0.043067
v 0.002224 -0.023712 0.043057
v 0.002415 -0.023466 0.043072
v 0.002475 -0.023388 0.043076
v 0.002511 -0.023342 0.043079
v 0.002345 -0.013749 0.047151
v 0.002220 -0.013625 0.047227
v 0.002221 -0.016418 0.046331
v 0.002588 -0.016325 0.046069
v 0.002589 -0.019608 0.044770
v 0.002425 -0.019686 0.044948
v 0.002222 -0.019720 0.045026
v 0.002583 -0.013967 0.046835
v 0.002424 -0.016390 0.046252
v 0.002568 -0.013956 0.046876
v 0.002565 -0.013954 0.046883
v 0.002461 -0.013857 0.047010
v 0.002411 -0.013811 0.047070
v 0.002351 -0.013755 0.047143
v 0.002564 0.014010 0.046812
v 0.002546 0.013995 0.046852
v 0.002333 0.013797 0.047101
v 0.002209 0.013677 0.047207
v 0.002400 0.013862 0.047043
v 0.002461 0.013920 0.046991
v 0.002497 0.013955 0.046960
v 0.002330 0.023617 0.043057
v 0.002205 0.023758 0.043023
v 0.002207 0.019768 0.044997
v 0.002574 0.019656 0.044742
v 0.002575 0.016375 0.046045
v 0.002411 0.016440 0.046228
v 0.002208 0.016468 0.046307
v 0.002568 0.023239 0.042987
v 0.002410 0.019734 0.044920
v 0.002553 0.023276 0.043009
v 0.002550 0.023283 0.043012
v 0.002446 0.023441 0.043033
v 0.002396 0.023517 0.043043
v 0.002336 0.023607 0.043055
v 0.003203 0.028467 0.039853
v 0.003201 0.028602 0.039703
v 0.003201 0.028605 0.039700
v 0.003201 0.028611 0.039693
v 0.003184 0.028675 0.039489
v 0.003183 0.028674 0.039486
v 0.003168 0.028660 0.039378
v 0.003155 0.028647 0.039277
v 0.003152 0.028640 0.039265
v 0.003135 0.028586 0.039181
v 0.002775 0.028807 0.039191
v 0.002941 0.028673 0.039204
v 0.002580 0.029218 0.039109
v 0.002606 0.029118 0.039169
v 0.002742 0.028618 0.039842
v 0.002820 0.028592 0.039844
v 0.002885 0.028694 0.039711
v 0.002515 0.028810 0.039749
v 0.002618 0.028869 0.039644
v 0.002378 0.028928 0.039693
v 0.002433 0.029106 0.039513
v 0.002208 0.029330 0.039433
v 0.002935 0.028747 0.039509
v 0.002718 0.028890 0.039470
v 0.002564 0.029085 0.039378
v 0.002490 0.029308 0.039229
v 0.002203 0.029414 0.039372
v 0.002356 0.029375 0.039320
v 0.002416 0.029360 0.039299
v 0.002698 0.028930 0.039253
v 0.002643 0.029021 0.039216
v 0.002770 0.028848 0.039278
v 0.002751 0.028877 0.039373
v 0.002948 0.028716 0.039296
v 0.002947 0.028742 0.039400
v 0.002565 0.029254 0.039157
v 0.002414 0.033246 0.036070
v 0.002563 0.033126 0.035940
v 0.002562 0.035981 0.033081
v 0.002596 0.039076 0.029118
v 0.002561 0.039192 0.029204
v 0.002486 0.039264 0.029258
v 0.002412 0.039334 0.029310
v 0.002413 0.036111 0.033201
v 0.002199 0.039407 0.029364
v 0.002199 0.038769 0.030134
v 0.002200 0.036178 0.033263
v 0.002201 0.033308 0.036137
v 0.002314 0.039675 0.028967
v 0.002429 0.039548 0.029056
v 0.002514 0.039784 0.028758
v 0.002614 0.039678 0.028819
v 0.002639 0.039853 0.028627
v 0.002881 0.039745 0.028642
v 0.003100 0.039896 0.028433
v 0.003197 0.039737 0.028551
v 0.003199 0.039887 0.028416
v 0.002560 0.039413 0.029034
v 0.002714 0.039505 0.028840
v 0.002817 0.039530 0.028761
v 0.002931 0.039543 0.028697
v 0.003054 0.039541 0.028650
v 0.003197 0.039734 0.028554
v 0.003197 0.039727 0.028560
v 0.002944 0.039330 0.028666
v 0.002850 0.039327 0.028726
v 0.002771 0.039225 0.028757
v 0.003148 0.039299 0.028590
v 0.003045 0.039322 0.028621
v 0.002654 0.039172 0.028928
v 0.002766 0.039312 0.028798
v 0.002639 0.039252 0.028971
v 0.003149 0.039304 0.028592
v 0.003151 0.039311 0.028597
v 0.003179 0.039521 0.028624
v 0.003180 0.039524 0.028625
v 0.003180 0.039526 0.028624
v 0.007248 0.042481 0.022955
v 0.002198 0.043050 0.023703
v 0.002321 0.043059 0.023543
v 0.002388 0.043064 0.023457
v 0.002449 0.043068 0.023379
v 0.002553 0.043005 0.023189
v 0.002535 0.043023 0.023228
v 0.002523 0.043035 0.023253
v 0.002485 0.043071 0.023333
v 0.002321 0.047143 0.013740
v 0.002196 0.047219 0.013616
v 0.002196 0.046492 0.015925
v 0.002563 0.046229 0.015834
v 0.002564 0.044763 0.019598
v 0.002400 0.044941 0.019676
v 0.002400 0.043162 0.023322
v 0.002197 0.043236 0.023361
v 0.002197 0.045018 0.019710
v 0.002559 0.046828 0.013958
v 0.002399 0.046412 0.015897
v 0.002544 0.046869 0.013947
v 0.002541 0.046876 0.013945
v 0.002437 0.047002 0.013848
v 0.002387 0.047062 0.013802
v 0.002327 0.047135 0.013746
v 0.013633 0.045073 -0.011146
v 0.013633 0.045089 0.011078
v 0.011142 0.046107 0.011329
v 0.013634 0.041127 0.021548
v 0.011156 0.011392 0.046095
v 0.013659 -0.021553 0.041131
v 0.009146 -0.039470 0.027282
v 0.013668 -0.045081 0.011144
v 0.013668 -0.045097 -0.011080
v 0.011178 -0.046118 -0.011331
v 0.013666 -0.041136 -0.021550
v 0.011165 -0.011403 -0.046097
v 0.013642 0.021545 -0.041133
v 0.017851 0.041843 0.010280
v 0.017851 0.042777 0.005162
v 0.017852 0.040298 0.015250
v 0.017852 0.038166 0.019996
v 0.017858 0.024501 0.035443
v 0.017859 0.020050 0.038138
v 0.017861 0.015307 0.040278
v 0.017863 0.010340 0.041830
v 0.017865 0.005223 0.042771
v 0.017867 0.000029 0.043089
v 0.017869 -0.005165 0.042779
v 0.017871 -0.010284 0.041845
v 0.017873 -0.015253 0.040300
v 0.017875 -0.020000 0.038168
v 0.017881 -0.035447 0.024503
v 0.017882 -0.038142 0.020052
v 0.017883 -0.040281 0.015309
v 0.017884 -0.041833 0.010342
v 0.017884 -0.042775 0.005224
v 0.017884 -0.041848 -0.010282
v 0.017884 -0.042782 -0.005164
v 0.017883 -0.040304 -0.015251
v 0.017882 -0.038171 -0.019998
v 0.017877 -0.024507 -0.035445
v 0.017875 -0.020056 -0.038140
v 0.017873 -0.015312 -0.040280
v 0.017871 -0.010345 -0.041831
v 0.017869 -0.005228 -0.042773
v 0.017867 -0.000034 -0.043091
v 0.017865 0.005160 -0.042781
v 0.017863 0.010279 -0.041846
v 0.017861 0.015248 -0.040302
v 0.017859 0.019994 -0.038170
v 0.017853 0.035441 -0.024505
v 0.017852 0.038137 -0.020054
v 0.017852 0.040276 -0.015310
v 0.017851 0.041828 -0.010344
v 0.017851 0.042770 -0.005226
v 0.017858 0.024449 -0.035481
v 0.015901 0.025506 -0.037016
v 0.015903 0.020858 -0.039820
v 0.013640 0.026346 -0.038235
v 0.011150 0.026940 -0.039099
v 0.009120 0.027219 -0.039505
v 0.009120 0.026179 -0.040140
v 0.015907 0.010723 -0.043656
v 0.013646 0.011075 -0.045094
v 0.009126 0.011736 -0.046512
v 0.011156 0.011325 -0.046113
v 0.009126 0.011442 -0.046592
v 0.011158 0.005684 -0.047142
v 0.009128 0.005742 -0.047632
v 0.009135 -0.011816 -0.046494
v 0.009135 -0.011522 -0.046576
v 0.009133 -0.005824 -0.047624
v 0.011163 -0.005764 -0.047134
v 0.009132 -0.003998 -0.047735
v 0.011160 -0.000040 -0.047485
v 0.009130 -0.000041 -0.047978
v 0.009129 0.003916 -0.047741
v 0.013655 -0.011149 -0.045078
v 0.015916 -0.010793 -0.043640
v 0.015919 -0.020924 -0.039790
v 0.013659 -0.021613 -0.041101
v 0.011171 -0.027008 -0.039059
v 0.009141 -0.026249 -0.040102
v 0.009141 -0.027289 -0.039465
v 0.013661 -0.026410 -0.038197
v 0.015921 -0.025567 -0.036978
v 0.017881 -0.035483 -0.024453
v 0.015926 -0.037018 -0.025511
v 0.015927 -0.039823 -0.020863
v 0.013665 -0.038239 -0.026351
v 0.011176 -0.039103 -0.026946
v 0.009146 -0.039510 -0.027226
v 0.009147 -0.042211 -0.022800
v 0.015928 -0.043658 -0.010727
v 0.009149 -0.046597 -0.011449
v 0.015928 -0.043643 0.010789
v 0.011178 -0.046101 0.011397
v 0.009149 -0.046581 0.011515
v 0.015927 -0.039792 0.020919
v 0.013666 -0.041105 0.021608
v 0.011176 -0.039064 0.027002
v 0.009147 -0.042177 0.022860
v 0.013665 -0.038200 0.026405
v 0.015926 -0.036981 0.025563
v 0.017877 -0.024455 0.035479
v 0.015921 -0.025513 0.037014
v 0.015919 -0.020865 0.039818
v 0.013661 -0.026354 0.038233
v 0.011171 -0.026951 0.039097
v 0.009141 -0.027231 0.039503
v 0.009141 -0.026191 0.040138
v 0.015916 -0.010730 0.043654
v 0.013655 -0.011083 0.045092
v 0.009135 -0.011748 0.046510
v 0.011165 -0.011336 0.046111
v 0.009135 -0.011454 0.046590
v 0.011163 -0.005695 0.047140
v 0.009133 -0.005754 0.047630
v 0.009126 0.011804 0.046492
v 0.009126 0.011510 0.046574
v 0.009128 0.005812 0.047622
v 0.011158 0.005753 0.047132
v 0.009129 0.003986 0.047733
v 0.011160 0.000029 0.047483
v 0.009130 0.000029 0.047976
v 0.009132 -0.003928 0.047739
v 0.013646 0.011141 0.045076
v 0.015907 0.010786 0.043638
v 0.015903 0.020917 0.039788
v 0.013642 0.021605 0.041099
v 0.011150 0.026997 0.039057
v 0.009120 0.026237 0.040100
v 0.009120 0.027277 0.039463
v 0.013640 0.026402 0.038195
v 0.015901 0.025561 0.036976
v 0.017853 0.035477 0.024451
v 0.015897 0.037011 0.025509
v 0.015896 0.039816 0.020861
v 0.013635 0.038230 0.026349
v 0.011145 0.039092 0.026945
v 0.009115 0.039498 0.027224
v 0.009114 0.042199 0.022798
v 0.015894 0.043651 0.010725
v 0.009112 0.046585 0.011447
v 0.015894 0.043636 -0.010791
v 0.011142 0.046090 -0.011399
v 0.009112 0.046568 -0.011517
v 0.015896 0.039785 -0.020921
v 0.013634 0.041096 -0.021610
v 0.011145 0.039053 -0.027003
v 0.009114 0.042165 -0.022862
v 0.009115 0.039458 -0.027284
v 0.013635 0.038191 -0.026407
v 0.015897 0.036974 -0.025565
v 0.013653 -0.005568 0.046099
v 0.013650 0.000030 0.046433
v 0.013648 0.005626 0.046091
v 0.013648 0.005559 -0.046101
v 0.013650 -0.000038 -0.046435
v 0.013653 -0.005635 -0.046093
v 0.015913 -0.005390 0.044629
v 0.015911 0.000029 0.044953
v 0.015909 0.005448 0.044621
v 0.015909 0.005383 -0.044631
v 0.015911 -0.000036 -0.044955
v 0.015913 -0.005455 -0.044623
v 0.003195 0.048308 0.008045
v 0.003193 0.048297 0.007844
v 0.003193 0.048297 0.007840
v 0.003193 0.048296 0.007831
v 0.003176 0.048197 0.007640
v 0.003175 0.048195 0.007639
v 0.003161 0.048109 0.007572
v 0.003148 0.048028 0.007510
v 0.003145 0.048015 0.007507
v 0.003128 0.047917 0.007485
v 0.002768 0.048080 0.007336
v 0.002934 0.047995 0.007440
v 0.002572 0.048312 0.006988
v 0.002598 0.048285 0.007101
v 0.003125 0.048323 0.008028
v 0.002877 0.048367 0.007785
v 0.002812 0.048389 0.007951
v 0.002734 0.048406 0.007931
v 0.002507 0.048478 0.007729
v 0.002610 0.048444 0.007613
v 0.002370 0.048521 0.007606
v 0.002425 0.048520 0.007353
v 0.002200 0.048621 0.007138
v 0.002927 0.048262 0.007604
v 0.002710 0.048336 0.007474
v 0.002556 0.048409 0.007272
v 0.002482 0.048461 0.007009
v 0.002195 0.048637 0.007035
v 0.002348 0.048572 0.007026
v 0.002408 0.048547 0.007022
v 0.002690 0.048211 0.007293
v 0.002635 0.048250 0.007203
v 0.002762 0.048171 0.007369
v 0.002743 0.048258 0.007416
v 0.002941 0.048090 0.007475
v 0.002939 0.048182 0.007530
v 0.002557 0.048372 0.006996
v 0.002408 0.048922 -0.003575
v 0.002557 0.048746 -0.003562
v 0.002408 0.049052 -0.000037
v 0.002557 0.048875 -0.000037
v 0.002408 0.048927 0.003501
v 0.002557 0.048751 0.003488
v 0.002195 0.049018 0.003508
v 0.002195 0.049143 -0.000037
v 0.002195 0.049013 -0.003582
v -0.010265 -0.012564 0.049712
v -0.010283 0.034740 0.037697
v -0.010285 0.040470 0.031461
v -0.010281 0.028062 0.042903
v -0.010278 0.020617 0.046938
v -0.010256 -0.034712 0.037747
v -0.010254 -0.040452 0.031521
v -0.010252 -0.045125 -0.024371
v -0.010259 -0.028089 -0.042904
v -0.010256 -0.034767 -0.037699
v -0.010275 0.012537 -0.049714
v -0.010289 0.050565 0.008401
v -0.010290 0.051259 -0.000038
v -0.010289 0.048493 0.016612
v -0.010287 0.045097 0.024369
v -0.010259 -0.028026 0.042944
v -0.010262 -0.020575 0.046968
v -0.010252 -0.045089 0.024435
v -0.010254 -0.040498 -0.031463
v -0.010262 -0.020644 -0.046940
v -0.010283 0.034685 -0.037749
v -0.010285 0.040424 -0.031522
v -0.010287 0.045061 -0.024437
v -0.010275 0.012610 0.049694
v -0.010251 -0.048496 0.016683
v -0.010250 -0.050593 -0.008403
v -0.010281 0.027999 -0.042945
v -0.010278 0.020548 -0.046970
v -0.010289 0.048469 -0.016684
v -0.010289 0.050553 -0.008477
v -0.010268 -0.004210 0.051100
v -0.010271 0.004258 0.051094
v -0.010251 -0.048521 -0.016613
v -0.010265 -0.012637 -0.049696
v -0.010250 -0.051287 0.000037
v -0.010250 -0.050580 0.008475
v -0.010271 0.004183 -0.051102
v -0.010268 -0.004285 -0.051096
vn 1.0000 0.0004 -0.0000
vn 0.1294 0.9884 0.0791
vn 0.0982 0.9885 0.1147
vn 0.0982 0.9885 0.1150
vn 0.1124 0.9650 0.2371
vn 0.1235 0.9658 0.2282
vn 0.0927 0.9359 0.3398
vn 0.0924 0.9163 0.3896
vn 0.1652 0.9270 0.3367
vn 0.0909 0.8902 0.4463
vn 0.0909 0.8903 0.4462
vn 0.1306 0.8288 0.5441
vn 0.1069 0.8407 0.5308
vn 0.1019 0.7615 0.6401
vn 0.1019 0.7625 0.6389
vn 0.1275 0.7429 0.6572
vn 0.0901 0.6840 0.7239
vn 0.0901 0.6841 0.7238
vn 0.1310 0.6276 0.7674
vn 0.1174 0.4972 0.8597
vn 0.0953 0.5950 0.7981
vn 0.0953 0.5951 0.7980
vn 0.0954 0.3951 0.9137
vn 0.0954 0.3948 0.9138
vn 0.1309 0.3523 0.9267
vn 0.0902 0.2865 0.9538
vn 0.0902 0.2864 0.9539
vn 0.1277 0.1992 0.9716
vn 0.1310 0.0584 0.9897
vn 0.1072 0.0407 0.9934
vn 0.1020 0.1761 0.9791
vn 0.1020 0.1734 0.9796
vn 0.0930 -0.1722 0.9807
vn 0.1319 -0.1186 0.9841
vn 0.0913 -0.0570 0.9942
vn 0.0913 -0.0574 0.9942
vn 0.0930 -0.1720 0.9807
vn 0.1240 -0.2840 0.9508
vn 0.1127 -0.2758 0.9546
vn 0.0987 -0.3922 0.9146
vn 0.0987 -0.3935 0.9140
vn 0.1300 -0.4243 0.8961
vn 0.0901 -0.4974 0.8628
vn 0.0901 -0.4972 0.8629
vn 0.1301 -0.5626 0.8164
vn 0.0988 -0.5937 0.7986
vn 0.0988 -0.5935 0.7988
vn 0.1131 -0.6877 0.7171
vn 0.1242 -0.6804 0.7222
vn 0.0933 -0.7624 0.6404
vn 0.0931 -0.7955 0.5987
vn 0.1662 -0.7548 0.6346
vn 0.0916 -0.8317 0.5476
vn 0.0916 -0.8314 0.5480
vn 0.1314 -0.8855 0.4456
vn 0.1076 -0.8800 0.4627
vn 0.1026 -0.9350 0.3396
vn 0.1026 -0.9345 0.3410
vn 0.1281 -0.9405 0.3149
vn 0.0906 -0.9689 0.2303
vn 0.0906 -0.9689 0.2305
vn 0.1316 -0.9784 0.1596
vn 0.1179 -0.9930 0.0007
vn 0.0958 -0.9886 0.1165
vn 0.0958 -0.9886 0.1162
vn 0.0958 -0.9887 -0.1150
vn 0.0958 -0.9888 -0.1147
vn 0.1316 -0.9786 -0.1582
vn 0.0906 -0.9692 -0.2290
vn 0.0906 -0.9692 -0.2289
vn 0.1281 -0.9409 -0.3135
vn 0.1314 -0.8862 -0.4443
vn 0.1076 -0.8806 -0.4614
vn 0.1026 -0.9355 -0.3382
vn 0.1026 -0.9349 -0.3396
vn 0.0933 -0.7630 -0.6396
vn 0.1323 -0.7928 -0.5949
vn 0.0916 -0.8325 -0.5464
vn 0.0916 -0.8322 -0.5468
vn 0.0933 -0.7633 -0.6393
vn 0.1242 -0.6815 -0.7212
vn 0.1131 -0.6888 -0.7161
vn 0.0988 -0.5947 -0.7979
vn 0.0988 -0.5948 -0.7978
vn 0.1301 -0.5638 -0.8156
vn 0.0901 -0.4985 -0.8622
vn 0.0901 -0.4986 -0.8621
vn 0.1300 -0.4256 -0.8955
vn 0.0987 -0.3948 -0.9134
vn 0.0987 -0.3935 -0.9140
vn 0.1127 -0.2772 -0.9542
vn 0.1240 -0.2854 -0.9504
vn 0.0930 -0.1734 -0.9804
vn 0.0927 -0.1206 -0.9884
vn 0.1658 -0.1720 -0.9710
vn 0.0913 -0.0584 -0.9941
vn 0.0913 -0.0588 -0.9941
vn 0.1310 0.0569 -0.9897
vn 0.1072 0.0393 -0.9935
vn 0.1020 0.1746 -0.9793
vn 0.1020 0.1720 -0.9798
vn 0.1277 0.1978 -0.9719
vn 0.0954 0.3935 -0.9144
vn 0.1309 0.3510 -0.9272
vn 0.0902 0.2851 -0.9542
vn 0.0902 0.2850 -0.9543
vn 0.0954 0.3938 -0.9143
vn 0.1174 0.4959 -0.8604
vn 0.0953 0.5938 -0.7989
vn 0.0953 0.5939 -0.7989
vn 0.1310 0.6265 -0.7684
vn 0.0901 0.6830 -0.7248
vn 0.0901 0.6830 -0.7249
vn 0.1275 0.7419 -0.6582
vn 0.1306 0.8280 -0.5453
vn 0.1069 0.8400 -0.5320
vn 0.1019 0.7606 -0.6412
vn 0.1019 0.7616 -0.6400
vn 0.0927 0.9354 -0.3413
vn 0.1315 0.9117 -0.3892
vn 0.0909 0.8896 -0.4476
vn 0.0909 0.8896 -0.4475
vn 0.0927 0.9354 -0.3411
vn 0.1235 0.9654 -0.2296
vn 0.1124 0.9646 -0.2385
vn 0.0982 0.9883 -0.1164
vn 0.0982 0.9884 -0.1162
vn 0.1294 0.9883 -0.0806
vn 0.0895 0.9960 -0.0007
vn -1.0000 -0.0004 -0.0000
vn -0.1062 -0.8305 0.5468
vn -0.1035 0.8891 0.4458
vn -0.1061 0.9944 -0.0007
vn -0.8096 -0.1691 -0.5621
vn -0.8089 -0.4040 -0.4272
vn -0.8089 -0.5879 0.0004
vn -0.8086 -0.1687 0.5637
vn -0.8097 0.2936 0.5081
vn -0.8103 0.2924 -0.5079
vn -0.9784 0.1030 -0.1793
vn -0.9783 0.1032 -0.1797
vn -0.9783 0.0817 -0.1907
vn -0.9783 0.1035 0.1796
vn -0.9784 0.1032 0.1792
vn -0.9784 0.1233 0.1660
vn -0.9783 -0.0597 0.1985
vn -0.9783 -0.0596 0.1984
vn -0.9783 -0.0362 0.2039
vn -0.9782 -0.2076 0.0002
vn -0.9782 -0.2062 0.0242
vn -0.9783 -0.1425 -0.1504
vn -0.9782 -0.1429 -0.1508
vn -0.9782 -0.1595 -0.1333
vn -0.9783 -0.0599 -0.1983
vn -0.9783 -0.0600 -0.1984
vn -0.9783 -0.0825 -0.1901
vn -0.4982 0.5171 -0.6960
vn -0.8103 0.3494 -0.4704
vn -0.8092 0.3502 -0.4717
vn -0.9784 0.1231 -0.1661
vn -0.9784 0.1230 -0.1660
vn -0.5013 0.3430 0.7943
vn -0.8098 0.2324 0.5387
vn -0.8087 0.2331 0.5401
vn -0.9783 0.0820 0.1905
vn -0.9783 0.0818 0.1901
vn -0.5002 -0.3425 0.7953
vn -0.8085 -0.2329 0.5405
vn -0.8097 -0.2323 0.5389
vn -0.9783 -0.0823 0.1902
vn -0.9782 -0.0825 0.1907
vn -0.4978 -0.8615 -0.1001
vn -0.8090 -0.5839 -0.0678
vn -0.8093 -0.5834 -0.0678
vn -0.9782 -0.2062 -0.0239
vn -0.9782 -0.2064 -0.0239
vn -0.4994 -0.5180 -0.6945
vn -0.8090 -0.3516 -0.4711
vn -0.8101 -0.3506 -0.4699
vn -0.9783 -0.1240 -0.1659
vn -0.9783 -0.1241 -0.1659
vn -0.4985 -0.1513 -0.8536
vn -0.8096 -0.1026 -0.5780
vn -0.8090 -0.1028 -0.5787
vn -0.9783 -0.0365 -0.2039
vn -0.4997 0.0495 -0.8648
vn -0.9783 0.0115 -0.2068
vn -0.9783 0.0354 -0.2040
vn -0.8097 0.1012 -0.5781
vn -0.8097 0.1677 -0.5624
vn -0.5011 0.2475 -0.8292
vn -0.5013 0.3419 -0.7949
vn -0.9783 0.0354 -0.2039
vn -0.9784 0.0589 -0.1984
vn -0.8087 0.1680 -0.5637
vn -0.8087 0.2323 -0.5404
vn -0.5004 0.3421 -0.7953
vn -0.5006 0.4321 -0.7501
vn -0.1039 0.4966 -0.8617
vn -0.1041 0.5932 -0.7983
vn -0.4996 0.6631 -0.5574
vn -0.1056 0.8883 -0.4469
vn -0.1056 0.8304 -0.5471
vn -0.4984 0.7239 -0.4770
vn -0.4985 0.6636 -0.5579
vn -0.8096 0.4493 -0.3779
vn -0.9783 0.1585 -0.1335
vn -0.9783 0.1729 -0.1142
vn -0.8082 0.4917 -0.3242
vn -0.8082 0.5260 -0.2649
vn -0.4996 0.7737 -0.3895
vn -0.4992 0.8140 -0.2970
vn -0.9786 0.1719 -0.1135
vn -0.9786 0.1839 -0.0927
vn -0.8096 0.5243 -0.2639
vn -0.8097 0.5512 -0.2011
vn -0.5014 0.8128 -0.2965
vn -0.5014 0.8417 -0.2001
vn -0.1076 0.9672 -0.2299
vn -0.1076 0.9874 -0.1163
vn -0.9784 0.2013 -0.0480
vn -0.9783 0.2056 -0.0243
vn -0.8094 0.5832 -0.0687
vn -0.8094 0.5873 -0.0004
vn -0.4970 0.8677 -0.0006
vn -0.4970 0.8620 0.1001
vn -0.9784 0.2054 -0.0242
vn -0.9784 0.2068 -0.0002
vn -0.8094 0.5833 0.0678
vn -0.4985 0.8611 0.1001
vn -0.4985 0.8437 0.1993
vn -0.1052 0.9678 0.2286
vn -0.1050 0.9348 0.3394
vn -0.9784 0.2012 0.0476
vn -0.9784 0.1943 0.0707
vn -0.8098 0.5515 0.2004
vn -0.8096 0.5247 0.2632
vn -0.4997 0.7743 0.3883
vn -0.4997 0.7240 0.4755
vn -0.9783 0.1731 0.1139
vn -0.9783 0.1587 0.1333
vn -0.8096 0.4498 0.3772
vn -0.8094 0.4032 0.4270
vn -0.4985 0.5953 0.6302
vn -0.4982 0.5182 0.6952
vn -0.9783 0.1422 0.1508
vn -0.8092 0.4034 0.4272
vn -0.8092 0.3510 0.4711
vn -0.4999 0.5176 0.6944
vn -0.4999 0.4335 0.7498
vn -0.1033 0.4979 0.8610
vn -0.1030 0.3947 0.9130
vn -0.4990 0.1509 0.8534
vn -0.1054 -0.0573 0.9928
vn -0.1055 0.0585 0.9927
vn -0.4986 0.0508 0.8654
vn -0.4986 0.1509 0.8536
vn -0.8097 0.1020 0.5780
vn -0.9783 0.0357 0.2040
vn -0.9783 0.0118 0.2068
vn -0.8087 0.0343 0.5873
vn -0.8087 -0.0341 0.5873
vn -0.4986 -0.0499 0.8654
vn -0.4984 -0.1500 0.8538
vn -0.9782 0.0118 0.2072
vn -0.9782 -0.0123 0.2072
vn -0.8089 -0.0340 0.5869
vn -0.8090 -0.1019 0.5789
vn -0.4989 -0.1500 0.8536
vn -0.4989 -0.2482 0.8304
vn -0.1016 -0.2847 0.9532
vn -0.1015 -0.3921 0.9143
vn -0.4994 -0.5170 0.6952
vn -0.1049 -0.7615 0.6396
vn -0.1049 -0.6820 0.7238
vn -0.4980 -0.5947 0.6311
vn -0.4978 -0.5175 0.6960
vn -0.8101 -0.3500 0.4704
vn -0.9782 -0.1427 0.1510
vn -0.9781 -0.1593 0.1336
vn -0.8095 -0.4496 0.3776
vn -0.8094 -0.4905 0.3229
vn -0.4992 -0.7237 0.4765
vn -0.4991 -0.7741 0.3894
vn -0.9783 -0.1851 0.0929
vn -0.9783 -0.1947 0.0709
vn -0.8085 -0.5530 0.2016
vn -0.8085 -0.5726 0.1361
vn -0.4978 -0.8438 0.2006
vn -0.4978 -0.8614 0.1013
vn -0.9782 -0.1950 0.0710
vn -0.9782 -0.2019 0.0479
vn -0.8093 -0.5715 0.1358
vn -0.8093 -0.5833 0.0686
vn -0.4963 -0.8622 0.1015
vn -0.4963 -0.8681 0.0006
vn -0.1053 -0.9944 0.0007
vn -0.1051 -0.9878 -0.1149
vn -0.5008 -0.8136 -0.2954
vn -0.1050 -0.8311 -0.5461
vn -0.1049 -0.8890 -0.4457
vn -0.4990 -0.7747 -0.3883
vn -0.4986 -0.8148 -0.2957
vn -0.8085 -0.5533 -0.2007
vn -0.9783 -0.1948 -0.0706
vn -0.9783 -0.1852 -0.0927
vn -0.8077 -0.5271 -0.2640
vn -0.8078 -0.4928 -0.3234
vn -0.4979 -0.7250 -0.4759
vn -0.4980 -0.6648 -0.5568
vn -0.9784 -0.1848 -0.0925
vn -0.9784 -0.1728 -0.1133
vn -0.8094 -0.4909 -0.3222
vn -0.8095 -0.4501 -0.3769
vn -0.4991 -0.6643 -0.5565
vn -0.4995 -0.5951 -0.6296
vn -0.1053 -0.6830 -0.7228
vn -0.1055 -0.5943 -0.7973
vn -0.5002 -0.3437 -0.7948
vn -0.1035 -0.1733 -0.9794
vn -0.1035 -0.2861 -0.9526
vn -0.5009 -0.2491 -0.8289
vn -0.5010 -0.3434 -0.7944
vn -0.8097 -0.2331 -0.5386
vn -0.1036 0.2846 -0.9530
vn -0.1036 0.1719 -0.9797
vn -0.4986 0.1497 -0.8538
vn -0.4985 0.0495 -0.8655
vn -0.8087 0.0334 -0.5873
vn -0.9782 -0.0126 -0.2072
vn -0.9782 0.0115 -0.2072
vn -0.8090 0.0334 -0.5869
vn -0.8091 0.1013 -0.5789
vn -0.4990 0.1496 -0.8536
vn -0.4991 0.2478 -0.8304
vn -0.1039 0.2846 -0.9530
vn -0.1033 0.4966 -0.8618
vn -0.1030 0.3934 -0.9136
vn -0.1042 0.3932 -0.9136
vn -0.1018 0.3932 -0.9138
vn -0.1018 0.2848 -0.9532
vn -0.9783 0.0589 -0.1985
vn -0.9784 0.0815 -0.1902
vn -0.8098 0.2317 -0.5390
vn -0.8097 0.2928 -0.5086
vn -0.4999 0.4323 -0.7505
vn -0.4999 0.5166 -0.6952
vn -0.1048 0.5933 -0.7981
vn -0.1059 0.5932 -0.7981
vn -0.9784 0.1415 -0.1506
vn -0.8094 0.4026 -0.4276
vn -0.8092 0.4027 -0.4277
vn -0.4999 0.5938 -0.6304
vn -0.4985 0.5944 -0.6311
vn -0.1052 0.6819 -0.7238
vn -0.1058 0.6819 -0.7238
vn -0.1069 0.8303 -0.5469
vn -0.1067 0.7602 -0.6409
vn -0.1049 0.7613 -0.6398
vn -0.1055 0.7613 -0.6398
vn -0.1054 0.6819 -0.7238
vn -0.9783 0.1419 -0.1510
vn -0.9783 0.1586 -0.1336
vn -0.8099 0.4489 -0.3775
vn -0.8098 0.4899 -0.3228
vn -0.4997 0.7233 -0.4765
vn -0.4997 0.7737 -0.3894
vn -0.1042 0.8884 -0.4471
vn -0.1052 0.9675 -0.2301
vn -0.1050 0.9343 -0.3408
vn -0.1055 0.9342 -0.3408
vn -0.1038 0.9343 -0.3409
vn -0.1035 0.8885 -0.4471
vn -0.9785 0.1843 -0.0929
vn -0.9785 0.1939 -0.0709
vn -0.8089 0.5523 -0.2016
vn -0.8089 0.5719 -0.1361
vn -0.4985 0.8434 -0.2006
vn -0.4985 0.8610 -0.1013
vn -0.1081 0.9873 -0.1161
vn -0.1059 0.9876 -0.1161
vn -0.9784 0.1942 -0.0710
vn -0.9784 0.2011 -0.0479
vn -0.8097 0.5709 -0.1358
vn -0.8098 0.5827 -0.0686
vn -0.4970 0.8618 -0.1015
vn -0.1076 0.9676 0.2286
vn -0.1076 0.9875 0.1149
vn -0.1081 0.9875 0.1147
vn -0.1059 0.9877 0.1146
vn -0.9784 0.2054 0.0239
vn -0.8098 0.5828 0.0678
vn -0.8097 0.5710 0.1350
vn -0.5014 0.8420 0.1990
vn -0.5014 0.8132 0.2954
vn -0.1055 0.9347 0.3394
vn -0.1038 0.9348 0.3396
vn -0.9783 0.2056 0.0239
vn -0.9784 0.2014 0.0477
vn -0.8089 0.5722 0.1352
vn -0.8089 0.5527 0.2007
vn -0.4993 0.8144 0.2957
vn -0.4996 0.7743 0.3883
vn -0.1042 0.8890 0.4458
vn -0.1054 0.6829 0.7228
vn -0.1055 0.7622 0.6387
vn -0.4985 0.6644 0.5569
vn -0.4984 0.7246 0.4759
vn -0.8082 0.4922 0.3234
vn -0.8081 0.5265 0.2640
vn -0.9785 0.1845 0.0927
vn -0.9785 0.1940 0.0706
vn -0.1050 0.7623 0.6387
vn -0.1067 0.7611 0.6398
vn -0.1069 0.8311 0.5458
vn -0.1056 0.8312 0.5458
vn -0.1056 0.8890 0.4456
vn -0.9786 0.1841 0.0925
vn -0.9785 0.1721 0.1133
vn -0.8098 0.4903 0.3222
vn -0.8099 0.4495 0.3769
vn -0.4996 0.6639 0.5565
vn -0.4999 0.5947 0.6296
vn -0.1052 0.6830 0.7228
vn -0.1039 0.4979 0.8610
vn -0.1040 0.5944 0.7974
vn -0.1048 0.5945 0.7972
vn -0.1059 0.5944 0.7972
vn -0.1058 0.6829 0.7228
vn -0.9784 0.1417 0.1504
vn -0.9784 0.1233 0.1659
vn -0.8104 0.3500 0.4699
vn -0.8103 0.2931 0.5075
vn -0.5006 0.4332 0.7495
vn -0.5005 0.3433 0.7948
vn -0.1041 0.3945 0.9130
vn -0.1017 0.3945 0.9133
vn -0.9783 0.0592 0.1984
vn -0.8097 0.1685 0.5621
vn -0.8088 0.1689 0.5634
vn -0.4991 0.2491 0.8300
vn -0.5011 0.2487 0.8289
vn -0.1039 0.2860 0.9526
vn -0.1018 0.2861 0.9528
vn -0.1061 0.0585 0.9926
vn -0.1058 0.1759 0.9787
vn -0.1028 0.1733 0.9795
vn -0.1036 0.1733 0.9794
vn -0.1036 0.2860 0.9526
vn -0.9783 0.0592 0.1983
vn -0.9783 0.0357 0.2039
vn -0.8091 0.1022 0.5788
vn -0.8090 0.0343 0.5868
vn -0.4997 0.0507 0.8647
vn -0.4996 -0.0499 0.8648
vn -0.1032 -0.0571 0.9930
vn -0.1034 -0.2847 0.9530
vn -0.1035 -0.1719 0.9797
vn -0.1027 -0.1720 0.9797
vn -0.1057 -0.1721 0.9794
vn -0.1060 -0.0570 0.9927
vn -0.9783 -0.0123 0.2068
vn -0.9783 -0.0362 0.2040
vn -0.8096 -0.1018 0.5781
vn -0.8096 -0.1683 0.5624
vn -0.5009 -0.2479 0.8292
vn -0.5010 -0.3423 0.7949
vn -0.1058 -0.3932 0.9134
vn -0.1027 -0.3934 0.9136
vn -0.9782 -0.1040 0.1798
vn -0.8101 -0.2931 0.5079
vn -0.8095 -0.2934 0.5086
vn -0.4996 -0.4327 0.7505
vn -0.5003 -0.4325 0.7501
vn -0.1020 -0.4968 0.8619
vn -0.1029 -0.4968 0.8617
vn -0.1053 -0.6820 0.7238
vn -0.1054 -0.5931 0.7982
vn -0.1046 -0.5934 0.7981
vn -0.1036 -0.5934 0.7982
vn -0.1035 -0.4966 0.8618
vn -0.9783 -0.1038 0.1793
vn -0.9783 -0.1239 0.1661
vn -0.8090 -0.3509 0.4717
vn -0.8089 -0.4034 0.4278
vn -0.4995 -0.5942 0.6304
vn -0.4991 -0.6635 0.5574
vn -0.1028 -0.7615 0.6399
vn -0.1061 -0.7612 0.6398
vn -0.9783 -0.1238 0.1660
vn -0.9783 -0.1423 0.1506
vn -0.8091 -0.4032 0.4276
vn -0.8092 -0.4499 0.3779
vn -0.4980 -0.6639 0.5579
vn -0.4979 -0.7243 0.4770
vn -0.1022 -0.8307 0.5472
vn -0.1044 -0.9676 0.2300
vn -0.1043 -0.9343 0.3408
vn -0.4986 -0.8144 0.2970
vn -0.4990 -0.7741 0.3895
vn -0.8077 -0.5267 0.2649
vn -0.8078 -0.4923 0.3242
vn -0.9782 -0.1737 0.1142
vn -0.9782 -0.1593 0.1335
vn -0.1015 -0.9346 0.3410
vn -0.1031 -0.9349 0.3396
vn -0.1028 -0.8885 0.4471
vn -0.1049 -0.8884 0.4470
vn -0.1050 -0.8303 0.5473
vn -0.9784 -0.1727 0.1135
vn -0.9784 -0.1847 0.0927
vn -0.8092 -0.5250 0.2639
vn -0.8093 -0.5519 0.2011
vn -0.5008 -0.8132 0.2965
vn -0.5007 -0.8421 0.2001
vn -0.1043 -0.9676 0.2300
vn -0.1051 -0.9876 0.1164
vn -0.1041 -0.9878 0.1162
vn -0.1068 -0.9875 0.1160
vn -0.1069 -0.9673 0.2301
vn -0.9782 -0.2021 0.0480
vn -0.9782 -0.2064 0.0243
vn -0.8090 -0.5838 0.0687
vn -0.4963 -0.8623 -0.1001
vn -0.1041 -0.9879 -0.1147
vn -0.1068 -0.9877 -0.1146
vn -0.9782 -0.2022 -0.0477
vn -0.8085 -0.5728 -0.1352
vn -0.8093 -0.5717 -0.1350
vn -0.5007 -0.8424 -0.1990
vn -0.4978 -0.8441 -0.1993
vn -0.1043 -0.9679 -0.2286
vn -0.1069 -0.9676 -0.2287
vn -0.1028 -0.8892 -0.4458
vn -0.1031 -0.9354 -0.3382
vn -0.1016 -0.9351 -0.3395
vn -0.1043 -0.9348 -0.3395
vn -0.1044 -0.9679 -0.2286
vn -0.9782 -0.2020 -0.0476
vn -0.9782 -0.1951 -0.0707
vn -0.8093 -0.5522 -0.2004
vn -0.8092 -0.5253 -0.2632
vn -0.4991 -0.7747 -0.3883
vn -0.4991 -0.7244 -0.4755
vn -0.1022 -0.8315 -0.5460
vn -0.1049 -0.6830 -0.7228
vn -0.1049 -0.7625 -0.6385
vn -0.1029 -0.7624 -0.6388
vn -0.1060 -0.7621 -0.6387
vn -0.1062 -0.8313 -0.5456
vn -0.9782 -0.1739 -0.1139
vn -0.8092 -0.4505 -0.3772
vn -0.8091 -0.4038 -0.4270
vn -0.4980 -0.5957 -0.6302
vn -0.4978 -0.5186 -0.6952
vn -0.1046 -0.5945 -0.7972
vn -0.1036 -0.5946 -0.7973
vn -0.9783 -0.1040 -0.1792
vn -0.8095 -0.2942 -0.5081
vn -0.8101 -0.2938 -0.5075
vn -0.5002 -0.4336 -0.7495
vn -0.4996 -0.4338 -0.7498
vn -0.1020 -0.4980 -0.8611
vn -0.1035 -0.4979 -0.8610
vn -0.1016 -0.2862 -0.9528
vn -0.1014 -0.3935 -0.9137
vn -0.1059 -0.3945 -0.9128
vn -0.1027 -0.3947 -0.9130
vn -0.1029 -0.4981 -0.8610
vn -0.9782 -0.1043 -0.1796
vn -0.9782 -0.0827 -0.1905
vn -0.8085 -0.2338 -0.5401
vn -0.8086 -0.1695 -0.5634
vn -0.4989 -0.2495 -0.8300
vn -0.4989 -0.1512 -0.8533
vn -0.1026 -0.1734 -0.9795
vn -0.1057 -0.1735 -0.9791
vn -0.1028 0.1719 -0.9797
vn -0.1058 0.1745 -0.9790
vn -0.1061 0.0570 -0.9927
vn -0.1055 0.0570 -0.9928
vn -0.1055 -0.0588 -0.9927
vn -0.9783 -0.0126 -0.2068
vn -0.8087 -0.0349 -0.5872
vn -0.8089 -0.0349 -0.5869
vn -0.4996 -0.0511 -0.8647
vn -0.4985 -0.0512 -0.8653
vn -0.1032 -0.0586 -0.9929
vn -0.1060 -0.0584 -0.9926
vn 0.0004 -0.9933 -0.1154
vn 0.0004 -0.9931 0.1168
vn 0.0004 -0.9395 0.3426
vn 0.0003 -0.8351 0.5501
vn 0.0003 -0.6857 0.7279
vn 0.0002 -0.4993 0.8664
vn 0.0001 -0.2861 0.9582
vn -0.0000 -0.0575 0.9983
vn -0.0001 0.1744 0.9847
vn -0.0002 0.3967 0.9179
vn -0.0002 0.5978 0.8016
vn -0.0003 0.7665 0.6423
vn -0.0003 0.8940 0.4481
vn -0.0004 0.9732 0.2299
vn -0.0004 1.0000 -0.0007
vn -0.0004 0.9729 -0.2314
vn -0.0003 0.8933 -0.4495
vn -0.0003 0.7655 -0.6434
vn -0.0002 0.5967 -0.8025
vn -0.0002 0.3954 -0.9185
vn -0.0001 0.1729 -0.9849
vn -0.0000 -0.0590 -0.9983
vn 0.0001 -0.2875 -0.9578
vn 0.0002 -0.5006 -0.8657
vn 0.0003 -0.6868 -0.7269
vn 0.0003 -0.8359 -0.5489
vn 0.0004 -0.9400 -0.3413
vn 0.0065 -0.9887 0.1498
vn 0.0121 -0.9006 0.4345
vn -0.0054 -0.9093 0.4160
vn -0.0054 -0.9096 0.4155
vn 0.0168 -0.7325 0.6805
vn -0.0106 -0.7552 0.6554
vn -0.0106 -0.7554 0.6552
vn 0.0212 -0.4992 0.8662
vn -0.0154 -0.5400 0.8415
vn -0.0154 -0.5406 0.8412
vn 0.0248 -0.2218 0.9748
vn -0.0197 -0.2812 0.9595
vn -0.0197 -0.2800 0.9598
vn 0.0279 0.0755 0.9968
vn -0.0232 0.0007 0.9997
vn 0.0304 0.3658 0.9302
vn -0.0262 0.2824 0.9590
vn -0.0262 0.2821 0.9590
vn 0.0322 0.6237 0.7810
vn -0.0287 0.5410 0.8405
vn -0.0287 0.5412 0.8404
vn 0.0337 0.8263 0.5623
vn -0.0306 0.7558 0.6540
vn 0.0345 0.9552 0.2939
vn -0.0318 0.9094 0.4147
vn -0.0318 0.9096 0.4142
vn 0.0348 0.9994 -0.0007
vn -0.0323 0.9894 0.1414
vn -0.0323 0.9894 0.1417
vn 0.0345 0.9548 -0.2953
vn -0.0323 0.9892 -0.1431
vn -0.0323 0.9892 -0.1428
vn 0.0337 0.8254 -0.5635
vn -0.0318 0.9090 -0.4155
vn -0.0318 0.9088 -0.4160
vn 0.0322 0.6225 -0.7819
vn -0.0306 0.7549 -0.6551
vn -0.0306 0.7549 -0.6552
vn 0.0304 0.3645 -0.9307
vn -0.0287 0.5400 -0.8412
vn -0.0287 0.5398 -0.8413
vn 0.0279 0.0740 -0.9969
vn -0.0262 0.2807 -0.9594
vn -0.0262 0.2810 -0.9594
vn 0.0248 -0.2232 -0.9745
vn -0.0232 -0.0007 -0.9997
vn 0.0212 -0.5004 -0.8655
vn -0.0197 -0.2814 -0.9594
vn -0.0197 -0.2826 -0.9590
vn 0.0168 -0.7335 -0.6795
vn -0.0154 -0.5418 -0.8404
vn -0.0154 -0.5412 -0.8408
vn 0.0121 -0.9012 -0.4332
vn -0.0106 -0.7564 -0.6541
vn -0.0106 -0.7561 -0.6543
vn 0.0004 -0.9897 0.1431
vn 0.0004 -0.9899 -0.1416
vn 0.0065 -0.9889 -0.1484
vn -0.0054 -0.9102 -0.4142
vn -0.0054 -0.9099 -0.4147
vn 0.0003 -0.7066 0.7076
vn 0.0004 -0.9659 0.2589
vn 0.0003 -0.9657 0.2596
vn -0.0003 0.7076 0.7066
vn -0.0001 0.2596 0.9657
vn 0.0001 -0.2586 0.9660
vn -0.0000 -0.2582 0.9661
vn 0.0001 -0.2575 0.9663
vn -0.0001 0.2582 -0.9661
vn -0.0003 0.7066 -0.7076
vn -0.0004 0.9657 -0.2596
vn -0.0004 0.9663 0.2574
vn -0.0003 0.9661 0.2582
vn -0.0004 0.9658 0.2594
vn 0.0004 -0.9656 0.2600
vn 0.0004 -0.9661 -0.2582
vn 0.0003 -0.7076 -0.7066
vn 0.0001 -0.2608 -0.9654
vn 0.0002 -0.2596 -0.9657
vn 0.0001 -0.2588 -0.9659
vn 0.0004 -0.9657 0.2596
vn 0.0001 -0.2582 0.9661
vn -0.0004 0.9661 0.2582
vn 0.0001 -0.2596 -0.9657
vn 0.0004 -0.9654 0.2608
vn 0.0005 -0.9657 0.2596
vn -0.0001 0.2589 0.9659
vn -0.0002 0.2596 0.9657
vn -0.0001 0.2600 0.9656
vn -0.0004 0.9660 0.2586
vn -0.0004 0.9663 0.2575
vn 0.0004 -0.9659 0.2588
vn -0.0001 0.2574 -0.9663
vn -0.0000 0.2582 -0.9661
vn -0.0001 0.2594 -0.9658
vn 0.0001 -0.2595 -0.9657
vn -0.0001 0.2581 -0.9661
vn 0.7029 0.5340 -0.4698
vn 0.7032 0.5372 -0.4658
vn 0.7034 0.5369 -0.4658
vn 0.7034 0.5370 -0.4658
vn 0.7034 0.3840 -0.5981
vn 0.7035 0.3840 -0.5981
vn 0.7034 0.3839 -0.5982
vn 0.7030 0.3844 -0.5983
vn 0.7032 0.2002 -0.6823
vn 0.7034 0.2000 -0.6820
vn 0.7035 0.1998 -0.6820
vn 0.7035 -0.0002 -0.7107
vn 0.7037 -0.2006 -0.6816
vn 0.7032 -0.1999 -0.6823
vn 0.7034 -0.3843 -0.5979
vn 0.7036 -0.3844 -0.5976
vn 0.7036 -0.3845 -0.5976
vn 0.7038 -0.3848 -0.5972
vn 0.7038 -0.5371 -0.4650
vn 0.7036 -0.5373 -0.4651
vn 0.7036 -0.5374 -0.4649
vn 0.7034 -0.5342 -0.4690
vn 0.7037 -0.6465 -0.2948
vn 0.7039 -0.6463 -0.2948
vn 0.7040 -0.6464 -0.2943
vn 0.7039 -0.7031 -0.1006
vn 0.7040 -0.7030 -0.1005
vn 0.7038 -0.7033 -0.1006
vn 0.7038 -0.7031 0.1016
vn 0.7039 -0.7029 0.1016
vn 0.7040 -0.6460 0.2952
vn 0.7039 -0.6458 0.2957
vn 0.7037 -0.6460 0.2957
vn 0.7033 -0.5335 0.4698
vn 0.7036 -0.5367 0.4657
vn 0.7036 -0.5366 0.4659
vn 0.7038 -0.5364 0.4658
vn 0.7037 -0.3835 0.5981
vn 0.7032 -0.3842 0.5983
vn 0.7038 -0.3832 0.5981
vn 0.7034 -0.3837 0.5984
vn 0.7032 -0.1989 0.6826
vn 0.7037 -0.1996 0.6819
vn 0.7035 0.0008 0.7107
vn 0.7035 0.2008 0.6817
vn 0.7033 0.2012 0.6818
vn 0.7031 0.2011 0.6820
vn 0.7031 0.3849 0.5979
vn 0.7035 0.3850 0.5974
vn 0.7035 0.3849 0.5975
vn 0.7034 0.3849 0.5975
vn 0.7034 0.5377 0.4650
vn 0.7033 0.5377 0.4650
vn 0.7032 0.5378 0.4651
vn 0.7029 0.5347 0.4690
vn 0.7032 0.6471 0.2945
vn 0.7035 0.6467 0.2947
vn 0.7034 0.6468 0.2948
vn 0.7034 0.7036 0.1007
vn 0.7032 0.7039 0.1006
vn 0.7032 0.7038 0.1005
vn 0.7032 0.7037 -0.1016
vn 0.7034 0.7035 -0.1017
vn 0.7034 0.6463 -0.2957
vn 0.7036 0.6462 -0.2957
vn 0.7032 0.6467 -0.2955
vn 0.0001 -0.2574 0.9663
vn 0.0002 -0.2582 0.9661
vn 0.0001 -0.2594 0.9658
vn 0.0004 -0.9660 -0.2586
vn 0.0003 -0.9661 -0.2582
vn 0.0004 -0.9663 -0.2575
vn 0.0001 -0.2589 -0.9659
vn -0.0000 -0.2596 -0.9657
vn 0.0001 -0.2600 -0.9656
vn -0.0004 0.9654 -0.2608
vn -0.0003 0.9657 -0.2596
vn -0.0004 0.9659 -0.2588
vn -0.0001 0.2608 0.9654
vn -0.0000 0.2596 0.9657
vn -0.0001 0.2588 0.9659
vn 0.0004 -0.9663 -0.2574
vn 0.0005 -0.9661 -0.2582
vn 0.0004 -0.9658 -0.2594
vn -0.0001 0.2586 -0.9660
vn -0.0002 0.2582 -0.9661
vn -0.0001 0.2575 -0.9663
vn -0.0004 0.9659 -0.2589
vn -0.0004 0.9656 -0.2600
vn 1.0000 0.0004 0.0001
vn 1.0000 0.0004 -0.0001
vn 0.7049 0.7054 -0.0746
vn 0.7054 -0.5272 -0.4737
vn 0.7054 -0.7050 -0.0736
vn 0.7050 0.5278 0.4737
vn 0.7048 0.7055 0.0736
vn 0.7050 0.7054 0.0735
vn 0.7049 0.7055 0.0736
vn 0.7050 0.6145 0.3541
vn 0.7051 0.6144 0.3540
vn 0.7051 0.6746 0.2186
vn 0.7047 0.6749 0.2188
vn 0.7049 0.6748 0.2187
vn 0.7048 0.5276 0.4742
vn 0.7051 0.5275 0.4740
vn 0.7052 0.5274 0.4740
vn 0.7050 0.2891 0.6476
vn 0.7050 0.4175 0.5733
vn 0.7049 0.4175 0.5734
vn 0.7051 0.4175 0.5731
vn 0.7050 -0.1467 0.6938
vn 0.7051 -0.1466 0.6938
vn 0.7050 0.0008 0.7092
vn 0.7050 0.1482 0.6936
vn 0.7049 0.1482 0.6936
vn 0.7051 0.1487 0.6933
vn 0.7056 -0.5259 0.4749
vn 0.7055 -0.4161 0.5737
vn 0.7053 -0.4161 0.5740
vn 0.7053 -0.2876 0.6480
vn 0.7052 -0.1471 0.6936
vn 0.7053 -0.5264 0.4748
vn 0.7056 -0.5261 0.4747
vn 0.7046 -0.5275 0.4746
vn 0.7054 -0.6739 0.2196
vn 0.7056 -0.6737 0.2196
vn 0.7056 -0.6133 0.3549
vn 0.7054 -0.6135 0.3549
vn 0.7054 -0.5265 0.4745
vn 0.7054 -0.7049 -0.0735
vn 0.7054 -0.7048 0.0746
vn 0.7055 -0.7048 0.0746
vn 0.7054 -0.7049 0.0746
vn 0.7054 -0.6140 -0.3541
vn 0.7056 -0.6139 -0.3540
vn 0.7056 -0.6741 -0.2186
vn 0.7053 -0.6743 -0.2188
vn 0.7054 -0.6743 -0.2187
vn 0.7053 -0.5271 -0.4741
vn 0.7056 -0.5266 -0.4742
vn 0.7053 -0.2886 -0.6476
vn 0.7053 -0.4169 -0.5733
vn 0.7053 -0.4169 -0.5734
vn 0.7055 -0.4169 -0.5731
vn 0.7049 0.1472 -0.6938
vn 0.7050 0.1472 -0.6938
vn 0.7050 -0.0002 -0.7092
vn 0.7051 -0.1477 -0.6936
vn 0.7050 -0.1477 -0.6936
vn 0.7052 -0.1481 -0.6933
vn 0.7050 0.4166 -0.5740
vn 0.7050 0.4166 -0.5739
vn 0.7050 0.2882 -0.6480
vn 0.7051 0.1477 -0.6936
vn 0.7049 0.5269 -0.4748
vn 0.7052 0.5267 -0.4747
vn 0.7051 0.4167 -0.5737
vn 0.7048 0.7054 -0.0746
vn 0.7049 0.6745 -0.2196
vn 0.7051 0.6742 -0.2196
vn 0.7051 0.6139 -0.3549
vn 0.7050 0.6140 -0.3549
vn 0.7050 0.5271 -0.4745
vn -0.1483 -0.9082 -0.3915
vn 0.0503 -0.9096 -0.4124
vn 0.2888 -0.8616 -0.4173
vn 0.0476 -0.9204 0.3881
vn -0.3642 -0.9306 0.0356
vn -0.2896 -0.9219 0.2574
vn -0.3985 -0.9118 0.0990
vn -0.3985 -0.9118 0.0989
vn -0.3849 -0.8967 0.2186
vn -0.3695 -0.8571 0.3589
vn 0.0004 -1.0000 0.0007
vn 0.0004 -1.0000 0.0008
vn 0.4283 -0.8516 0.3023
vn 0.4235 -0.8781 0.2227
vn 0.3621 -0.9197 0.1518
vn 0.4046 -0.9145 0.0007
vn 0.3702 -0.9283 -0.0347
vn 0.3708 -0.9081 -0.1947
vn 0.3679 -0.9042 -0.2171
vn 0.3281 -0.9290 -0.1713
vn 0.3049 -0.8564 -0.4167
vn 0.0004 -1.0000 0.0009
vn -0.2729 -0.9313 -0.2414
vn -0.3890 -0.8547 -0.3438
vn -0.3485 -0.9248 -0.1526
vn -0.4076 -0.9077 -0.1000
vn -0.4076 -0.9077 -0.0995
vn -0.3890 -0.8544 -0.3444
vn -0.2325 -0.8968 -0.3765
vn -0.2134 -0.9615 -0.1730
vn -0.2133 -0.9616 -0.1729
vn -0.1948 -0.9806 0.0194
vn -0.1949 -0.9806 0.0194
vn -0.1765 -0.9612 0.2118
vn -0.1628 -0.9180 0.3617
vn -0.1467 -0.9098 0.3883
vn -0.0339 -0.9331 -0.3579
vn -0.0183 -0.9805 -0.1954
vn -0.0184 -0.9805 -0.1955
vn 0.0192 -0.9802 0.1969
vn 0.0191 -0.9802 0.1968
vn 0.0365 -0.9247 0.3791
vn 0.0474 -0.9204 0.3882
vn 0.0506 -0.9096 -0.4124
vn 0.1655 -0.9252 -0.3414
vn 0.1773 -0.9614 -0.2104
vn 0.1956 -0.9805 -0.0179
vn 0.1956 -0.9805 -0.0180
vn 0.2140 -0.9612 0.1743
vn 0.2142 -0.9611 0.1744
vn 0.2302 -0.9125 0.3382
vn 0.2363 -0.9093 0.3426
vn 0.3219 -0.8077 -0.4939
vn -0.3919 -0.5379 -0.7464
vn -0.2757 -0.4230 -0.8632
vn -0.1216 -0.2610 -0.9576
vn -0.1214 -0.2608 -0.9577
vn -0.3622 -0.6900 -0.6266
vn -0.5155 -0.6497 -0.5588
vn -0.3461 -0.7672 -0.5401
vn -0.2155 -0.8678 -0.4478
vn -0.3457 -0.8110 -0.4720
vn -0.3458 -0.8109 -0.4721
vn 0.0004 -0.9262 -0.3771
vn -0.1907 -0.9023 -0.3865
vn -0.1908 -0.9023 -0.3865
vn -0.0920 -0.9406 -0.3268
vn 0.0230 -0.9702 -0.2414
vn 0.0017 -0.7077 -0.7065
vn 0.5100 -0.5176 -0.6870
vn 0.4471 -0.5016 -0.7406
vn 0.3533 -0.5304 -0.7707
vn 0.0813 -0.3986 -0.9135
vn 0.0886 -0.4038 -0.9105
vn 0.0807 -0.3432 -0.9358
vn 0.1028 -0.3570 -0.9284
vn 0.2191 -0.4444 -0.8686
vn 0.2680 -0.4331 -0.8606
vn 0.2683 -0.4332 -0.8604
vn -0.5167 -0.6485 -0.5590
vn -0.4369 -0.5804 -0.6872
vn -0.2715 -0.7120 -0.6476
vn -0.1152 -0.8059 -0.5807
vn -0.1150 -0.8059 -0.5807
vn 0.0413 -0.8726 -0.4866
vn 0.0409 -0.8727 -0.4866
vn 0.1625 -0.9052 -0.3928
vn 0.1931 -0.9033 -0.3831
vn -0.3916 -0.5376 -0.7467
vn -0.2909 -0.5105 -0.8092
vn -0.1590 -0.6119 -0.7748
vn 0.1595 -0.7757 -0.6107
vn 0.1596 -0.7756 -0.6107
vn 0.3077 -0.8125 -0.4951
vn 0.3215 -0.8081 -0.4936
vn -0.2758 -0.4231 -0.8631
vn -0.1466 -0.4068 -0.9017
vn -0.0403 -0.4879 -0.8720
vn -0.0408 -0.4879 -0.8720
vn 0.1156 -0.5818 -0.8050
vn 0.1157 -0.5818 -0.8050
vn 0.2720 -0.6485 -0.7109
vn 0.4053 -0.6825 -0.6082
vn 0.4130 -0.6789 -0.6071
vn 0.1866 0.3979 -0.8983
vn -0.0001 0.3455 -0.9384
vn -0.2790 0.8639 -0.4193
vn -0.0988 0.9266 -0.3629
vn 0.1158 0.9520 -0.2834
vn -0.3298 0.7494 -0.5741
vn -0.4917 0.7327 -0.4705
vn -0.3768 0.6830 -0.6257
vn -0.4177 0.6051 -0.6778
vn -0.3343 0.5570 -0.7602
vn -0.3428 0.4755 -0.8102
vn -0.2418 0.2807 -0.9288
vn -0.2400 0.2816 -0.9290
vn -0.2989 0.4047 -0.8642
vn -0.1752 0.4184 -0.8912
vn -0.3424 0.4749 -0.8107
vn 0.4967 0.4734 -0.7274
vn 0.4474 0.5925 -0.6699
vn 0.3994 0.6267 -0.6691
vn 0.3703 0.7475 -0.5514
vn 0.3629 0.7592 -0.5403
vn 0.3550 0.7491 -0.5594
vn 0.2721 0.8656 -0.4204
vn 0.2663 0.8600 -0.4352
vn 0.1820 0.9497 -0.2548
vn 0.0016 0.7102 -0.7040
vn -0.4916 0.7327 -0.4707
vn -0.3318 0.8329 -0.4430
vn -0.2567 0.7503 -0.6092
vn -0.1805 0.6382 -0.7484
vn -0.1806 0.6382 -0.7484
vn -0.1045 0.4989 -0.8604
vn -0.1046 0.4989 -0.8603
vn -0.0526 0.3853 -0.9213
vn -0.2792 0.8638 -0.4194
vn -0.1430 0.8944 -0.4238
vn -0.0778 0.8209 -0.5657
vn 0.0772 0.5646 -0.8218
vn 0.0773 0.5645 -0.8218
vn 0.1458 0.4146 -0.8982
vn 0.1852 0.3974 -0.8987
vn -0.0987 0.9266 -0.3628
vn 0.0502 0.9225 -0.3826
vn 0.1041 0.8596 -0.5002
vn 0.1040 0.8597 -0.5002
vn 0.1800 0.7475 -0.6394
vn 0.2561 0.6082 -0.7513
vn 0.3168 0.4778 -0.8193
vn 0.3675 0.4527 -0.8124
vn 0.3926 0.9077 0.1483
vn 0.4025 0.9141 -0.0494
vn -0.4032 0.9138 -0.0498
vn -0.3933 0.9074 0.1485
vn -0.1006 0.9084 0.4059
vn -0.0004 0.9323 0.3617
vn -0.3469 0.8532 0.3896
vn -0.3467 0.8528 0.3904
vn -0.1817 0.9015 0.3927
vn -0.2439 0.9302 0.2744
vn -0.1005 0.9084 0.4059
vn -0.3252 0.9185 -0.2250
vn -0.1988 0.9040 -0.3786
vn -0.1840 0.9126 -0.3651
vn -0.0004 0.9213 -0.3889
vn 0.1823 0.9076 -0.3783
vn 0.1904 0.9118 -0.3639
vn -0.0004 1.0000 -0.0008
vn 0.3715 0.8493 -0.3750
vn 0.3852 0.8834 -0.2669
vn 0.2270 0.9398 0.2554
vn 0.3458 0.8532 0.3904
vn 0.1858 0.9258 0.3293
vn 0.0998 0.9084 0.4059
vn 0.3461 0.8531 0.3904
vn 0.3679 0.9090 0.1958
vn 0.1930 0.9615 0.1956
vn 0.1928 0.9616 0.1954
vn -0.0004 0.9807 0.1954
vn -0.1938 0.9614 0.1954
vn -0.1936 0.9614 0.1956
vn -0.3220 0.9262 0.1964
vn -0.3933 0.9074 0.1483
vn 0.3925 0.9077 0.1485
vn 0.3657 0.9307 -0.0007
vn 0.1967 0.9805 -0.0007
vn -0.1974 0.9803 -0.0007
vn -0.3664 0.9304 -0.0007
vn -0.4032 0.9138 -0.0494
vn 0.4025 0.9141 -0.0498
vn 0.3377 0.9203 -0.1976
vn 0.1928 0.9613 -0.1970
vn 0.1930 0.9613 -0.1968
vn -0.0004 0.9804 -0.1968
vn -0.1936 0.9611 -0.1968
vn -0.1938 0.9611 -0.1970
vn -0.3919 0.8987 -0.1967
vn -0.3722 0.8490 -0.3750
vn 0.3929 0.5372 0.7464
vn 0.4025 0.6812 0.6116
vn -0.4030 0.6818 0.6105
vn -0.3933 0.5364 0.7468
vn -0.0997 0.3553 0.9294
vn -0.0002 0.4032 0.9151
vn -0.3467 0.3252 0.8798
vn -0.3470 0.3269 0.8790
vn -0.1815 0.3598 0.9152
vn -0.2433 0.4631 0.8523
vn -0.1008 0.3552 0.9293
vn -0.3255 0.8083 0.4905
vn -0.1983 0.9068 0.3719
vn -0.1841 0.9036 0.3869
vn -0.0004 0.9265 0.3762
vn 0.1824 0.9091 0.3745
vn 0.1902 0.9022 0.3871
vn 0.0026 0.7097 0.7045
vn 0.3714 0.8657 0.3356
vn 0.3851 0.8132 0.4363
vn 0.2258 0.4835 0.8457
vn 0.3450 0.3276 0.8796
vn 0.1860 0.4214 0.8876
vn 0.1005 0.3553 0.9293
vn 0.0995 0.3554 0.9294
vn 0.3467 0.3272 0.8791
vn 0.3685 0.5042 0.7810
vn 0.1932 0.5416 0.8181
vn 0.1930 0.5418 0.8181
vn -0.0002 0.5553 0.8316
vn -0.1936 0.5416 0.8180
vn -0.1934 0.5415 0.8182
vn -0.3216 0.5160 0.7939
vn -0.3933 0.5369 0.7464
vn 0.3929 0.5367 0.7468
vn 0.3659 0.6586 0.6575
vn 0.1968 0.6938 0.6927
vn -0.1973 0.6937 0.6927
vn -0.3665 0.6583 0.6575
vn -0.4030 0.6809 0.6116
vn 0.4024 0.6821 0.6105
vn 0.3380 0.7904 0.5108
vn 0.1929 0.8190 0.5404
vn 0.1931 0.8189 0.5405
vn -0.0003 0.8325 0.5541
vn -0.1935 0.8188 0.5405
vn -0.1937 0.8189 0.5403
vn -0.3917 0.7746 0.4966
vn -0.3721 0.8654 0.3356
vn -0.0032 0.7097 0.7045
vn 0.3934 -0.7462 0.5370
vn 0.4030 -0.6114 0.6810
vn -0.4025 -0.6107 0.6820
vn -0.3928 -0.7469 0.5365
vn -0.0992 -0.9295 0.3553
vn 0.0004 -0.9151 0.4032
vn -0.3462 -0.8799 0.3253
vn -0.3465 -0.8792 0.3271
vn -0.1810 -0.9153 0.3599
vn -0.2428 -0.8524 0.4632
vn -0.1003 -0.9294 0.3553
vn -0.3250 -0.4907 0.8085
vn -0.1978 -0.3720 0.9069
vn -0.1836 -0.3870 0.9036
vn 0.0001 -0.3762 0.9265
vn 0.1829 -0.3744 0.9091
vn 0.1907 -0.3870 0.9022
vn 0.0002 -0.3762 0.9265
vn 0.0032 -0.7045 0.7097
vn 0.3719 -0.3354 0.8656
vn 0.3856 -0.4362 0.8131
vn 0.2263 -0.8456 0.4834
vn 0.3455 -0.8794 0.3275
vn 0.1866 -0.8875 0.4214
vn 0.1010 -0.9293 0.3553
vn 0.1000 -0.9294 0.3553
vn 0.3472 -0.8789 0.3271
vn 0.3690 -0.7809 0.5041
vn 0.1937 -0.8181 0.5415
vn 0.1935 -0.8180 0.5417
vn 0.0003 -0.8316 0.5553
vn -0.1931 -0.8181 0.5417
vn -0.1929 -0.8182 0.5416
vn -0.3211 -0.7940 0.5161
vn -0.3928 -0.7465 0.5370
vn 0.3934 -0.7466 0.5365
vn 0.3665 -0.6574 0.6585
vn 0.1973 -0.6927 0.6938
vn -0.1968 -0.6928 0.6938
vn -0.3659 -0.6577 0.6585
vn -0.4025 -0.6117 0.6810
vn 0.4029 -0.6104 0.6820
vn 0.3385 -0.5107 0.7903
vn 0.1934 -0.5403 0.8190
vn 0.1936 -0.5404 0.8188
vn 0.0002 -0.5541 0.8325
vn -0.1930 -0.5406 0.8188
vn -0.1932 -0.5404 0.8189
vn -0.3912 -0.4967 0.7747
vn -0.3716 -0.3357 0.8656
vn -0.0027 -0.7045 0.7097
vn 0.0286 0.9942 0.1037
vn -0.0083 0.9342 0.3566
vn 0.0325 0.9508 0.3082
vn -0.0170 0.9761 0.2168
vn -0.0170 0.9761 0.2166
vn -0.0083 0.9347 0.3554
vn 0.0098 0.8724 0.4887
vn 0.0226 0.8661 0.4993
vn -0.0134 0.6946 0.7193
vn 0.0342 0.7432 0.6681
vn -0.0144 0.7919 0.6105
vn -0.0144 0.7917 0.6108
vn -0.0134 0.6944 0.7195
vn 0.0224 0.5824 0.8126
vn 0.0139 0.5883 0.8085
vn -0.0162 0.3235 0.9461
vn 0.0335 0.4071 0.9128
vn -0.0096 0.4579 0.8889
vn -0.0096 0.4577 0.8890
vn 0.0376 0.1822 0.9825
vn 0.0031 0.2086 0.9780
vn -0.0020 0.0399 0.9992
vn -0.0020 0.0372 0.9993
vn 0.0304 0.0007 0.9995
vn -0.0059 -0.2523 0.9676
vn 0.0324 -0.2071 0.9778
vn -0.0167 -0.1085 0.9940
vn -0.0167 -0.1088 0.9939
vn -0.0059 -0.2515 0.9678
vn 0.0077 -0.3905 0.9206
vn 0.0247 -0.4059 0.9136
vn -0.0118 -0.6392 0.7690
vn 0.0346 -0.5868 0.8090
vn -0.0148 -0.5201 0.8540
vn -0.0118 -0.6392 0.7689
vn 0.0195 -0.7441 0.6678
vn 0.0169 -0.7426 0.6695
vn -0.0104 -0.8334 0.5525
vn -0.0104 -0.8656 0.5006
vn 0.0697 -0.8315 0.5512
vn -0.0153 -0.9051 0.4249
vn -0.0153 -0.9049 0.4254
vn 0.0341 -0.9569 0.2884
vn 0.0064 -0.9508 0.3097
vn -0.0039 -0.9890 0.1476
vn -0.0039 -0.9892 0.1463
vn 0.0317 -0.9940 0.1052
vn -0.0039 -0.9894 -0.1449
vn 0.0317 -0.9941 -0.1037
vn 0.0004 -0.9994 -0.0358
vn 0.0004 -0.9993 0.0372
vn -0.0039 -0.9893 -0.1462
vn 0.0050 -0.9579 -0.2872
vn 0.0267 -0.9509 -0.3082
vn -0.0104 -0.8343 -0.5512
vn 0.0345 -0.8658 -0.4991
vn -0.0153 -0.9057 -0.4236
vn -0.0153 -0.9055 -0.4241
vn -0.0104 -0.8342 -0.5513
vn 0.0164 -0.7451 -0.6667
vn 0.0190 -0.7435 -0.6684
vn -0.0118 -0.6403 -0.7680
vn -0.0118 -0.5883 -0.8085
vn 0.0747 -0.6385 -0.7659
vn -0.0148 -0.5213 -0.8532
vn -0.0148 -0.5214 -0.8532
vn 0.0298 -0.3917 -0.9196
vn 0.0092 -0.4073 -0.9132
vn -0.0059 -0.2530 -0.9675
vn -0.0059 -0.2537 -0.9673
vn 0.0324 -0.2085 -0.9775
vn -0.0020 0.0357 -0.9994
vn 0.0304 -0.0007 -0.9995
vn -0.0167 -0.1102 -0.9938
vn -0.0167 -0.1099 -0.9938
vn -0.0020 0.0384 -0.9993
vn 0.0023 0.1809 -0.9835
vn 0.0278 0.2071 -0.9779
vn -0.0096 0.4566 -0.8896
vn 0.0335 0.4058 -0.9134
vn -0.0162 0.3221 -0.9466
vn -0.0162 0.3222 -0.9465
vn -0.0096 0.4564 -0.8897
vn 0.0128 0.5813 -0.8136
vn 0.0206 0.5871 -0.8093
vn -0.0134 0.6933 -0.7205
vn -0.0134 0.7426 -0.6696
vn 0.0793 0.6914 -0.7181
vn -0.0144 0.7910 -0.6116
vn -0.0144 0.7908 -0.6119
vn 0.0259 0.8714 -0.4899
vn 0.0113 0.8656 -0.5006
vn -0.0083 0.9341 -0.3568
vn -0.0083 0.9337 -0.3579
vn 0.0325 0.9503 -0.3096
vn -0.0170 0.9758 -0.2182
vn -0.0170 0.9758 -0.2180
vn 0.0286 0.9940 -0.1052
vn -0.0004 0.9973 -0.0738
vn -0.0004 0.9974 0.0723
vn 0.0714 0.4992 -0.8636
vn 0.0727 0.5019 -0.8619
vn 0.2568 0.6305 -0.7325
vn 0.1885 -0.0006 -0.9821
vn 0.1864 0.0012 -0.9825
vn 0.1856 -0.0006 -0.9826
vn 0.2631 0.6306 -0.7302
vn 0.6927 0.3630 -0.6232
vn 0.6950 0.3569 -0.6242
vn 0.2455 -0.4866 -0.8384
vn 0.2500 -0.4834 -0.8389
vn 0.2518 -0.4869 -0.8364
vn 0.2509 -0.4880 -0.8360
vn 0.9339 -0.0027 -0.3577
vn 0.6863 -0.3050 -0.6603
vn 0.1889 0.5470 -0.8155
vn 0.5093 0.1294 -0.8508
vn 0.5111 0.1348 -0.8489
vn 0.6876 -0.3048 -0.6591
vn 0.6847 -0.3087 -0.6603
vn 0.9357 -0.0009 -0.3528
vn 0.9342 -0.0012 -0.3568
vn 0.9325 0.0076 -0.3611
vn 0.6980 0.3562 -0.6213
vn 0.2568 0.7317 -0.6314
vn 0.2631 0.7294 -0.6315
vn 0.0713 0.8629 -0.5004
vn 0.6925 0.6230 -0.3636
vn 0.6949 0.6239 -0.3576
vn 0.6979 0.6210 -0.3568
vn 0.0726 0.8611 -0.5032
vn 0.1882 0.9821 -0.0007
vn 0.1860 0.9825 -0.0025
vn 0.9337 0.3580 0.0025
vn 0.9324 0.3614 -0.0077
vn 0.9341 0.3571 0.0010
vn 0.9356 0.3532 0.0008
vn 0.2450 0.8392 0.4855
vn 0.6843 0.6610 0.3080
vn 0.1888 0.8148 -0.5481
vn 0.5069 0.8515 -0.1342
vn 0.5121 0.8485 -0.1337
vn 0.6872 0.6598 0.3040
vn 0.6859 0.6610 0.3043
vn 0.2503 0.8368 0.4868
vn 0.2514 0.8372 0.4858
vn 0.2495 0.8397 0.4823
vn 0.1853 0.9827 -0.0007
vn 0.2510 -0.8381 -0.4844
vn 0.2511 -0.8382 -0.4842
vn 0.9351 -0.3544 -0.0009
vn 0.9348 -0.3552 -0.0007
vn 0.6854 -0.6612 -0.3051
vn 0.1868 -0.9824 0.0026
vn 0.1860 -0.9825 0.0007
vn 0.2526 -0.8361 -0.4870
vn 0.6949 -0.6214 0.3619
vn 0.6961 -0.6219 0.3587
vn 0.6965 -0.6215 0.3586
vn 0.9341 -0.3569 0.0035
vn 0.0731 -0.8613 0.5028
vn 0.0708 -0.8642 0.4981
vn 0.1889 -0.9820 0.0007
vn 0.6881 -0.6580 -0.3059
vn 0.5127 -0.8481 0.1337
vn 0.5075 -0.8511 0.1342
vn 0.1879 -0.8140 0.5495
vn 0.2531 -0.7293 0.6356
vn 0.2584 -0.7268 0.6364
vn 0.0573 0.5559 -0.8293
vn 0.1931 0.6582 -0.7277
vn 0.0565 0.5650 -0.8231
vn 0.1545 0.1970 -0.9682
vn 0.1502 0.1923 -0.9698
vn 0.2191 -0.1891 -0.9572
vn 0.2178 -0.1911 -0.9571
vn 0.2527 -0.5262 -0.8120
vn 0.2549 -0.5392 -0.8027
vn 0.2547 -0.5395 -0.8026
vn 0.1366 0.5885 -0.7969
vn 0.3986 0.2929 -0.8691
vn 0.3996 0.2968 -0.8673
vn 0.5944 -0.0394 -0.8032
vn 0.5952 -0.0357 -0.8028
vn 0.6960 -0.3566 -0.6233
vn 0.6953 -0.3584 -0.6230
vn 0.9483 -0.0468 -0.3138
vn 0.9482 -0.0464 -0.3142
vn 0.8118 0.2284 -0.5374
vn 0.8124 0.2255 -0.5377
vn 0.5488 0.4759 -0.6873
vn 0.5468 0.4826 -0.6843
vn 0.1843 0.6598 -0.7285
vn -0.0010 -0.5340 0.8455
vn 0.1338 -0.5813 0.8026
vn 0.1803 -0.6224 0.7616
vn 0.2028 -0.6918 0.6930
vn 0.1804 -0.7607 0.6236
vn 0.1915 -0.9556 -0.2239
vn 0.8337 -0.5522 0.0021
vn 0.9665 -0.1915 0.1707
vn 0.1631 0.1215 0.9791
vn -0.0064 -0.5541 0.8324
vn 0.1683 -0.1745 0.9702
vn 0.1497 -0.1736 0.9734
vn 0.5254 -0.2187 0.8223
vn 0.5119 0.0508 0.8575
vn 0.5193 0.0448 0.8534
vn 0.7028 -0.2015 0.6823
vn 0.8344 -0.1672 0.5251
vn 0.8340 -0.5518 0.0014
vn 0.9743 -0.1944 0.1138
vn 0.9764 -0.1523 0.1529
vn 0.9673 -0.1893 0.1685
vn 0.9668 -0.1670 0.1935
vn 0.7321 -0.6614 0.1631
vn 0.5226 -0.8492 -0.0762
vn 0.1874 -0.9040 0.3843
vn 0.5536 -0.8327 -0.0066
vn -0.0009 -0.8447 0.5352
vn -0.0063 -0.8318 0.5550
vn 0.1339 -0.8017 0.5825
vn 0.8403 0.0590 0.5388
vn 0.7509 -0.1134 0.6506
vn 0.8401 -0.3831 0.3840
vn 0.8401 -0.3832 0.3840
vn 0.7841 -0.5929 0.1835
vn 0.5320 -0.8150 0.2297
vn 0.1782 0.1165 0.9771
vn 0.1279 -0.1892 0.9736
vn 0.3562 -0.2675 0.8953
vn 0.3574 -0.2702 0.8940
vn 0.5098 -0.4065 0.7582
vn 0.5101 -0.3962 0.7634
vn 0.5702 -0.5804 0.5814
vn 0.5132 -0.7567 0.4050
vn 0.5043 -0.7638 0.4028
vn 0.3558 -0.8947 0.2699
vn 0.3588 -0.8936 0.2697
vn 0.1274 -0.9734 0.1904
vn 0.1691 -0.9699 0.1750
vn 0.1620 -0.9712 0.1748
vn 0.8125 -0.2160 -0.5414
vn 0.8312 -0.1942 -0.5209
vn 0.9797 -0.0967 -0.1755
vn 0.8128 -0.2155 -0.5412
vn 0.8474 -0.2169 -0.4846
vn 0.8346 -0.1656 -0.5253
vn 0.5331 -0.0404 -0.8451
vn 0.1870 -0.1787 -0.9660
vn 0.1903 -0.9632 -0.1897
vn 0.1618 -0.9727 -0.1665
vn 0.1978 -0.9675 -0.1577
vn 0.5525 -0.8323 -0.0454
vn 0.9779 -0.1942 -0.0773
vn 0.8101 -0.5397 -0.2290
vn 0.8150 -0.5346 -0.2235
vn 0.8076 -0.5468 -0.2209
vn 0.8418 -0.4916 -0.2228
vn 0.8261 -0.5402 -0.1608
vn 0.5514 -0.8329 -0.0459
vn 0.1619 -0.9720 -0.1704
vn 0.1924 -0.8192 -0.5403
vn 0.1986 -0.8151 -0.5443
vn 0.1983 -0.5408 -0.8175
vn 0.1925 -0.5465 -0.8150
vn 0.1615 -0.1721 -0.9717
vn 0.1618 -0.1849 -0.9694
vn 0.1703 -0.1917 -0.9666
vn 0.4876 -0.8571 -0.1664
vn 0.5470 -0.7117 -0.4407
vn 0.5454 -0.7134 -0.4401
vn 0.5454 -0.4423 -0.7120
vn 0.5468 -0.4401 -0.7123
vn 0.4826 -0.1517 -0.8626
vn 0.5375 -0.0377 -0.8424
vn -0.9710 -0.0002 0.2392
vn -0.7485 0.0025 0.6632
vn -0.9710 -0.0001 0.2393
vn -0.9710 -0.0002 0.2393
vn -0.7488 0.0002 0.6628
vn -0.7481 0.0002 0.6636
vn -0.3519 0.0005 0.9360
vn -0.3545 -0.0008 0.9350
vn -0.3546 0.0005 0.9350
vn 0.1205 0.0008 0.9927
vn 0.1204 0.0014 0.9927
vn 0.1210 0.0008 0.9927
vn 0.5680 0.0008 0.8230
vn 0.5680 0.0009 0.8230
vn 0.5681 0.0008 0.8230
vn 0.8853 0.0007 0.4650
vn 0.8854 0.0016 0.4648
vn 0.8855 0.0007 0.4647
vn 0.8845 -0.0000 -0.4665
vn 0.8854 -0.0017 -0.4648
vn 0.8854 -0.0012 -0.4648
vn 0.8874 -0.0000 -0.4610
vn 0.5680 -0.0004 -0.8230
vn 0.5681 -0.0007 -0.8230
vn 0.5681 -0.0004 -0.8230
vn 0.1208 -0.0007 -0.9927
vn 0.1205 0.0011 -0.9927
vn 0.1201 -0.0007 -0.9928
vn -0.3546 -0.0008 -0.9350
vn -0.3545 -0.0011 -0.9350
vn -0.3545 -0.0008 -0.9351
vn -0.7485 -0.0008 -0.6632
vn -0.7484 -0.0001 -0.6632
vn -0.7489 -0.0008 -0.6627
vn -0.9710 -0.0006 -0.2393
vn -0.9709 0.0013 -0.2394
vn -0.9711 -0.0006 -0.2385
vn -0.2396 0.6867 -0.6863
vn -0.2394 0.6860 -0.6871
vn -0.2399 0.6859 -0.6870
vn -0.6630 0.5288 -0.5299
vn -0.6631 0.5291 -0.5295
vn -0.6634 0.5273 -0.5309
vn -0.9351 0.2496 -0.2516
vn -0.9352 0.2501 -0.2508
vn -0.9927 -0.0856 0.0854
vn -0.9927 -0.0859 0.0849
vn -0.9927 -0.0839 0.0863
vn -0.9925 -0.0867 0.0865
vn -0.8229 -0.4017 0.4020
vn -0.8229 -0.4012 0.4023
vn -0.8227 -0.4018 0.4021
vn -0.4646 -0.6258 0.6265
vn -0.4646 -0.6258 0.6266
vn 0.4668 -0.6248 0.6259
vn 0.4651 -0.6261 0.6259
vn 0.4650 -0.6255 0.6266
vn 0.8232 -0.4010 0.4019
vn 0.8231 -0.4000 0.4032
vn 0.8239 -0.4003 0.4012
vn 0.9927 -0.0847 0.0853
vn 0.9927 -0.0833 0.0871
vn 0.9929 -0.0837 0.0842
vn 0.9349 0.2509 -0.2509
vn 0.9350 0.2505 -0.2512
vn 0.9350 0.2503 -0.2514
vn 0.6629 0.5279 -0.5309
vn 0.6627 0.5285 -0.5306
vn 0.6628 0.5292 -0.5297
vn 0.2400 0.6860 -0.6869
vn 0.2391 0.6867 -0.6865
vn 0.2391 0.6866 -0.6866
vn 0.2368 0.6865 -0.6875
vn 0.1893 -0.5468 0.8156
vn 0.2589 -0.6322 0.7303
vn 0.1886 0.0008 0.9821
vn 0.2496 0.4836 0.8389
vn 0.9350 -0.0005 0.3547
vn 0.9347 -0.0004 0.3554
vn 0.9338 0.0034 0.3577
vn 0.6860 0.3055 0.6603
vn 0.6873 0.3053 0.6591
vn 0.2505 0.4882 0.8360
vn 0.2515 0.4871 0.8364
vn 0.2451 0.4868 0.8384
vn 0.6844 0.3092 0.6603
vn 0.1856 0.0008 0.9826
vn 0.1864 -0.0011 0.9825
vn 0.5112 -0.1344 0.8489
vn 0.5094 -0.1290 0.8508
vn 0.6961 -0.3576 0.6225
vn 0.6957 -0.3598 0.6217
vn 0.0731 -0.5018 0.8619
vn 0.0718 -0.4991 0.8636
vn 0.9351 -0.3544 0.0014
vn 0.2510 -0.8367 -0.4868
vn 0.2520 -0.8370 -0.4858
vn 0.2457 -0.8390 -0.4855
vn 0.6848 -0.6605 -0.3080
vn 0.6864 -0.6605 -0.3043
vn 0.9340 -0.3573 -0.0025
vn 0.2501 -0.8396 -0.4822
vn 0.0720 -0.8628 0.5004
vn 0.0733 -0.8611 0.5032
vn 0.1890 -0.9820 0.0007
vn 0.6877 -0.6593 -0.3041
vn 0.1894 -0.8147 0.5481
vn 0.9349 -0.3550 0.0013
vn 0.6956 -0.6221 0.3594
vn 0.6970 -0.6202 0.3599
vn 0.2590 -0.7293 0.6333
vn 0.1444 0.8363 -0.5289
vn 0.2580 0.7197 -0.6446
vn 0.2526 0.7232 -0.6428
vn 0.6992 0.5971 -0.3933
vn 0.6980 0.5962 -0.3966
vn 0.7014 0.5923 -0.3965
vn 0.0532 0.8652 -0.4986
vn 0.1438 0.9896 -0.0015
vn 0.3944 0.9159 -0.0749
vn 0.3961 0.9152 -0.0748
vn 0.9475 0.3157 -0.0506
vn 0.9482 0.3143 -0.0460
vn 0.9486 0.3131 -0.0459
vn 0.8052 0.5596 0.1962
vn 0.2226 0.7806 -0.5841
vn 0.5986 0.7709 -0.2176
vn 0.5911 0.7771 -0.2160
vn 0.8028 0.5613 0.2012
vn 0.8052 0.5584 0.1994
vn 0.0570 0.8622 -0.5033
vn 0.1427 0.9898 -0.0007
vn 0.1427 0.9898 -0.0008
vn 0.1937 0.8478 0.4937
vn 0.5332 0.7513 0.3888
vn 0.5362 0.7492 0.3888
vn 0.5347 0.7498 0.3899
vn 0.1909 0.8508 0.4895
vn 0.1894 0.8501 0.4913
vn 0.9476 -0.0498 0.3154
vn 0.8054 0.2006 0.5578
vn 0.9483 -0.0451 0.3140
vn 0.9488 -0.0451 0.3128
vn 0.8054 0.1973 0.5589
vn 0.5333 0.3901 0.7506
vn 0.1895 0.4926 0.8494
vn 0.1911 0.4908 0.8501
vn 0.5347 0.3912 0.7490
vn 0.1443 0.0008 0.9895
vn 0.1435 0.0002 0.9897
vn 0.1431 0.0008 0.9897
vn 0.1938 0.4950 0.8470
vn 0.2586 -0.6434 0.7205
vn 0.2531 -0.6416 0.7241
vn 0.6977 -0.3938 0.5985
vn 0.7000 -0.3954 0.5947
vn 0.7018 -0.3954 0.5926
vn 0.8029 0.2024 0.5607
vn 0.5935 -0.2121 0.7764
vn 0.5957 -0.2207 0.7723
vn 0.2231 -0.5829 0.7813
vn 0.5364 0.3901 0.7484
vn 0.3962 -0.0738 0.9152
vn 0.3952 -0.0724 0.9157
vn 0.1449 -0.5276 0.8370
vn 0.0538 -0.4973 0.8659
vn 0.0576 -0.5020 0.8629
vn -0.2396 0.6865 0.6865
vn -0.2397 0.6870 0.6860
vn -0.6631 0.5296 0.5291
vn -0.6631 0.5295 0.5291
vn -0.6633 0.5307 0.5277
vn -0.9353 0.2508 0.2497
vn -0.9352 0.2516 0.2493
vn -0.9350 0.2500 0.2514
vn -0.9352 0.2504 0.2504
vn -0.9927 -0.0856 -0.0851
vn -0.9927 -0.0856 -0.0852
vn -0.8228 -0.4023 -0.4014
vn -0.8229 -0.4021 -0.4015
vn -0.8229 -0.4022 -0.4013
vn -0.4644 -0.6268 -0.6257
vn -0.4646 -0.6261 -0.6262
vn -0.4644 -0.6255 -0.6269
vn -0.4669 -0.6259 -0.6248
vn 0.4651 -0.6264 -0.6256
vn 0.4649 -0.6273 -0.6247
vn 0.4655 -0.6262 -0.6255
vn 0.8232 -0.4016 -0.4014
vn 0.8231 -0.4023 -0.4008
vn 0.8233 -0.4015 -0.4012
vn 0.9927 -0.0853 -0.0856
vn 0.9927 -0.0861 -0.0839
vn 0.9928 -0.0847 -0.0849
vn 0.9349 0.2513 0.2505
vn 0.9350 0.2513 0.2503
vn 0.9349 0.2518 0.2499
vn 0.6627 0.5313 0.5278
vn 0.6629 0.5293 0.5295
vn 0.6623 0.5303 0.5293
vn 0.2395 0.6871 0.6860
vn 0.2391 0.6859 0.6873
vn 0.2388 0.6872 0.6861
vn -0.2395 0.6870 0.6861
vn -0.2393 0.0008 0.9710
vn -0.2392 0.0006 0.9710
vn -0.6629 0.0003 0.7487
vn -0.6632 -0.0010 0.7485
vn -0.6631 -0.0016 0.7485
vn -0.6640 0.0003 0.7478
vn -0.9350 -0.0001 0.3545
vn -0.9351 0.0010 0.3544
vn -0.9349 -0.0001 0.3550
vn -0.9927 -0.0005 -0.1205
vn -0.9927 -0.0030 -0.1202
vn -0.9926 -0.0005 -0.1211
vn -0.8228 -0.0007 -0.5683
vn -0.8230 0.0010 -0.5680
vn -0.8233 -0.0007 -0.5676
vn -0.4644 -0.0008 -0.8856
vn -0.4648 0.0001 -0.8854
vn -0.4649 -0.0008 -0.8854
vn -0.0000 -0.0007 -1.0000
vn 0.4648 -0.0005 -0.8854
vn 0.4649 0.0007 -0.8854
vn 0.4644 -0.0005 -0.8856
vn 0.8233 -0.0001 -0.5676
vn 0.8230 0.0017 -0.5681
vn 0.8228 -0.0001 -0.5683
vn 0.9926 0.0003 -0.1211
vn 0.9927 -0.0015 -0.1205
vn 0.9927 0.0003 -0.1202
vn 0.9349 0.0006 0.3550
vn 0.9350 0.0015 0.3545
vn 0.6631 -0.0002 0.7485
vn 0.6632 -0.0010 0.7485
vn 0.6640 0.0008 0.7478
vn 0.9351 0.0006 0.3544
vn 0.6629 0.0008 0.7487
vn 0.2392 0.0008 0.9710
vn 0.2393 0.0010 0.9710
vn 0.2393 0.0008 0.9709
vn -0.2393 0.0006 0.9709
vn -0.2391 -0.6866 0.6866
vn -0.2392 -0.6861 0.6870
vn -0.6625 -0.5294 0.5299
vn -0.6627 -0.5298 0.5293
vn -0.6629 -0.5286 0.5303
vn -0.6633 -0.5277 0.5307
vn -0.9350 -0.2502 0.2514
vn -0.9350 -0.2497 0.2518
vn -0.9347 -0.2513 0.2513
vn -0.9927 0.0847 -0.0853
vn -0.9928 0.0828 -0.0869
vn -0.9927 0.0852 -0.0857
vn -0.8230 0.4012 -0.4021
vn -0.8232 0.4022 -0.4008
vn -0.8235 0.4007 -0.4016
vn -0.4652 0.6254 -0.6265
vn -0.4651 0.6252 -0.6268
vn -0.4650 0.6255 -0.6265
vn 0.4646 0.6258 -0.6265
vn 0.4645 0.6256 -0.6268
vn 0.4647 0.6258 -0.6265
vn 0.8232 0.4014 -0.4016
vn 0.8228 0.4028 -0.4008
vn 0.8227 0.4018 -0.4021
vn 0.9926 0.0859 -0.0857
vn 0.9927 0.0843 -0.0865
vn 0.9927 0.0853 -0.0851
vn 0.9349 -0.2506 0.2513
vn 0.9352 -0.2491 0.2518
vn 0.6633 -0.5297 0.5286
vn 0.6631 -0.5284 0.5301
vn 0.6637 -0.5272 0.5307
vn 0.9352 -0.2494 0.2514
vn 0.6629 -0.5289 0.5299
vn 0.2397 -0.6859 0.6870
vn 0.2396 -0.6864 0.6866
vn 0.2395 -0.6860 0.6871
vn -0.2389 -0.6862 0.6871
vn -0.2391 -0.6867 -0.6865
vn -0.2392 -0.6871 -0.6860
vn -0.6625 -0.5302 -0.5292
vn -0.6627 -0.5296 -0.5296
vn -0.6629 -0.5306 -0.5283
vn -0.6633 -0.5309 -0.5274
vn -0.9350 -0.2518 -0.2499
vn -0.9350 -0.2522 -0.2493
vn -0.9347 -0.2517 -0.2509
vn -0.9927 0.0849 0.0851
vn -0.9928 0.0865 0.0831
vn -0.9927 0.0853 0.0856
vn -0.8230 0.4018 0.4015
vn -0.8232 0.4005 0.4025
vn -0.8235 0.4013 0.4011
vn -0.4652 0.6263 0.6256
vn -0.4651 0.6266 0.6254
vn -0.4650 0.6264 0.6256
vn 0.4646 0.6267 0.6256
vn 0.4645 0.6270 0.6254
vn 0.4647 0.6267 0.6256
vn 0.8231 0.4020 0.4011
vn 0.8229 0.4011 0.4025
vn 0.8227 0.4024 0.4015
vn 0.9926 0.0861 0.0855
vn 0.9927 0.0869 0.0839
vn 0.9927 0.0855 0.0849
vn 0.9349 -0.2509 -0.2509
vn 0.9352 -0.2514 -0.2495
vn 0.6633 -0.5284 -0.5300
vn 0.6631 -0.5299 -0.5287
vn 0.6637 -0.5304 -0.5274
vn 0.9352 -0.2510 -0.2498
vn 0.6629 -0.5297 -0.5291
vn 0.2397 -0.6869 -0.6860
vn 0.2396 -0.6865 -0.6865
vn 0.2395 -0.6870 -0.6861
vn -0.2389 -0.6872 -0.6861
vn 0.2509 0.9043 -0.3454
vn 0.2510 0.8438 -0.4744
vn 0.2515 0.5626 -0.7876
vn 0.2507 -0.2448 -0.9366
vn 0.2508 -0.3791 -0.8907
vn 0.2519 -0.7212 -0.6453
vn 0.2518 -0.9572 0.1429
vn 0.2517 -0.9266 0.2795
vn 0.2516 -0.7203 0.6464
vn 0.2505 0.4432 0.8607
vn 0.2504 0.5639 0.7870
vn 0.6924 -0.7138 0.1057
vn 0.6919 -0.0782 0.7177
vn 0.6914 0.6750 0.2576
vn 0.9532 0.0508 -0.2980
vn 0.9509 -0.2986 -0.0818
vn 0.9543 -0.2962 -0.0396
vn 0.9485 -0.1133 0.2959
vn 0.9552 -0.0286 0.2945
vn 0.9498 0.0932 0.2986
vn 0.9596 0.2808 0.0203
vn 0.9637 0.2616 0.0529
vn 0.9490 0.2979 0.1031
vn 0.9488 0.2950 0.1125
vn 0.9676 0.2387 0.0826
vn 0.9466 0.2881 0.1449
vn 0.9713 0.2125 0.1071
vn 0.9448 0.2704 0.1849
vn 0.9446 0.2602 0.2003
vn 0.9747 0.1846 0.1263
vn 0.9438 0.2455 0.2215
vn 0.9438 0.2456 0.2214
vn 0.9662 0.1792 0.1852
vn 0.9439 0.2136 0.2519
vn 0.9439 0.2137 0.2518
vn 0.9659 0.1510 0.2102
vn 0.9451 0.1763 0.2751
vn 0.9451 0.1762 0.2752
vn 0.9471 0.1356 0.2908
vn 0.9471 0.1356 0.2909
vn 0.9532 0.0508 0.2980
vn 0.9532 0.0512 0.2980
vn 0.9552 -0.0318 0.2944
vn 0.9609 -0.0272 0.2755
vn 0.9516 -0.0705 0.2991
vn 0.9648 -0.0604 0.2559
vn 0.9688 -0.0885 0.2315
vn 0.9462 -0.1552 0.2840
vn 0.9460 -0.1685 0.2771
vn 0.9722 -0.1120 0.2055
vn 0.9446 -0.1942 0.2646
vn 0.9443 -0.2100 0.2532
vn 0.9756 -0.1299 0.1771
vn 0.9439 -0.2292 0.2376
vn 0.9439 -0.2291 0.2377
vn 0.9663 -0.1913 0.1720
vn 0.9445 -0.2575 0.2040
vn 0.9445 -0.2576 0.2039
vn 0.9659 -0.2157 0.1432
vn 0.9480 -0.2929 0.1246
vn 0.9650 -0.2374 0.1117
vn 0.9457 -0.2795 0.1661
vn 0.9581 -0.2865 0.0002
vn 0.9509 -0.2984 0.0821
vn 0.9509 -0.2984 0.0822
vn 0.9612 -0.2728 0.0404
vn 0.9543 -0.2961 0.0401
vn 0.9543 -0.2962 0.0401
vn 0.9621 -0.2704 -0.0362
vn 0.9659 -0.2498 -0.0684
vn 0.9480 -0.2932 -0.1240
vn 0.9478 -0.2888 -0.1353
vn 0.9696 -0.2251 -0.0954
vn 0.9457 -0.2798 -0.1657
vn 0.9454 -0.2718 -0.1798
vn 0.9732 -0.1979 -0.1173
vn 0.9445 -0.2579 -0.2035
vn 0.9442 -0.2453 -0.2197
vn 0.9764 -0.1696 -0.1341
vn 0.9439 -0.2295 -0.2373
vn 0.9663 -0.1647 -0.1980
vn 0.9446 -0.1946 -0.2642
vn 0.9446 -0.1945 -0.2643
vn 0.9657 -0.1352 -0.2219
vn 0.9462 -0.1555 -0.2838
vn 0.9462 -0.1556 -0.2837
vn 0.9647 -0.1029 -0.2425
vn 0.9485 -0.1137 -0.2958
vn 0.9628 -0.0682 -0.2614
vn 0.9590 0.0097 -0.2834
vn 0.9516 -0.0711 -0.2989
vn 0.9516 -0.0709 -0.2990
vn 0.9604 -0.0303 -0.2770
vn 0.9552 -0.0295 -0.2945
vn 0.9552 -0.0290 -0.2945
vn 0.9629 0.0450 -0.2661
vn 0.9498 0.0931 -0.2987
vn 0.9496 0.1013 -0.2965
vn 0.9667 0.0760 -0.2444
vn 0.9471 0.1351 -0.2911
vn 0.9469 0.1471 -0.2859
vn 0.9704 0.1019 -0.2191
vn 0.9451 0.1758 -0.2754
vn 0.9448 0.1906 -0.2663
vn 0.9739 0.1223 -0.1914
vn 0.9439 0.2133 -0.2522
vn 0.9436 0.2298 -0.2383
vn 0.9770 0.1376 -0.1626
vn 0.9438 0.2453 -0.2217
vn 0.9437 0.2452 -0.2219
vn 0.9660 0.2045 -0.1579
vn 0.9448 0.2700 -0.1854
vn 0.9448 0.2701 -0.1853
vn 0.9653 0.2276 -0.1278
vn 0.9466 0.2878 -0.1456
vn 0.9466 0.2879 -0.1454
vn 0.9490 0.2977 -0.1035
vn 0.9490 0.2978 -0.1035
vn 0.9522 0.2992 -0.0610
vn 0.9522 0.2991 -0.0612
vn 0.9596 0.2808 -0.0207
vn 0.9560 0.2927 -0.0198
vn 0.9560 0.2927 0.0193
vn 0.6919 0.4207 0.5868
vn 0.6917 0.4207 0.5869
vn 0.6917 0.5018 0.5194
vn 0.6920 0.5016 0.5192
vn 0.6919 0.5719 0.4407
vn 0.6913 0.5723 0.4411
vn 0.6924 0.1319 0.7093
vn 0.9498 0.0935 0.2985
vn 0.9617 0.0503 0.2694
vn 0.6915 0.1319 0.7102
vn 0.6915 0.0271 0.7219
vn 0.6914 -0.3757 0.6171
vn 0.6916 -0.3756 0.6169
vn 0.6917 -0.4614 0.5556
vn 0.6918 -0.4613 0.5555
vn 0.6919 -0.5372 0.4823
vn 0.6917 -0.5374 0.4824
vn 0.6917 -0.6019 0.3991
vn 0.6919 -0.6018 0.3990
vn 0.6919 -0.6535 0.3070
vn 0.6920 -0.6533 0.3070
vn 0.6920 -0.6911 0.2085
vn 0.6922 -0.0792 -0.7174
vn 0.6919 -0.0792 -0.7176
vn 0.6920 -0.1828 -0.6984
vn 0.6923 -0.1828 -0.6981
vn 0.6923 -0.2826 -0.6640
vn 0.6914 -0.2828 -0.6649
vn 0.6914 -0.3766 -0.6166
vn 0.6916 -0.3765 -0.6164
vn 0.6917 -0.4622 -0.5549
vn 0.6918 -0.4621 -0.5548
vn 0.6919 -0.5380 -0.4815
vn 0.6917 -0.5381 -0.4817
vn 0.6917 -0.6025 -0.3982
vn 0.6919 -0.6024 -0.3981
vn 0.6919 -0.6539 -0.3061
vn 0.6920 -0.6538 -0.3060
vn 0.6915 0.6297 -0.3540
vn 0.6913 0.6299 -0.3540
vn 0.6913 0.5717 -0.4418
vn 0.6919 0.5712 -0.4416
vn 0.6920 0.5008 -0.5200
vn 0.6917 0.5010 -0.5201
vn 0.6917 0.4199 -0.5875
vn 0.6919 0.4198 -0.5874
vn 0.6920 0.3299 -0.6422
vn 0.6922 0.3297 -0.6420
vn 0.6922 0.2328 -0.6831
vn 0.6924 0.2327 -0.6830
vn 0.6921 0.7199 -0.0533
vn 0.6908 0.7211 -0.0532
vn 0.6908 0.7211 0.0523
vn 0.6921 0.7200 0.0520
vn 0.6921 0.7047 0.1564
vn 0.2509 0.9048 0.3441
vn 0.2519 0.9042 0.3449
vn 0.6924 0.6742 0.2571
vn 0.6924 0.7044 0.1563
vn 0.9521 0.2984 0.0662
vn 0.9522 0.2992 0.0607
vn 0.9463 0.2821 0.1579
vn 0.6913 0.6304 0.3531
vn 0.6915 0.6303 0.3530
vn 0.2505 0.8446 0.4732
vn 0.2510 0.8445 0.4731
vn 0.2515 0.5638 0.7867
vn 0.2512 0.6722 0.6964
vn 0.2507 0.6725 0.6963
vn 0.2506 0.6725 0.6964
vn 0.2507 0.7667 0.5911
vn 0.2514 0.7666 0.5909
vn 0.2505 0.7665 0.5913
vn 0.9651 0.1203 0.2328
vn 0.6921 0.3307 0.6415
vn 0.6920 0.3308 0.6417
vn 0.2501 0.4434 0.8607
vn 0.2508 0.4434 0.8605
vn 0.9637 0.0868 0.2525
vn 0.6924 0.2338 0.6826
vn 0.6922 0.2338 0.6828
vn 0.2505 0.3134 0.9160
vn 0.2503 0.3133 0.9161
vn 0.2507 -0.1052 0.9623
vn 0.2506 0.0361 0.9674
vn 0.2512 0.0360 0.9673
vn 0.2519 0.0387 0.9670
vn 0.2519 0.1767 0.9515
vn 0.2505 0.1766 0.9519
vn 0.9590 0.0101 0.2834
vn 0.9571 0.0112 0.2896
vn 0.6922 0.0272 0.7212
vn 0.6922 -0.0781 0.7175
vn 0.2515 -0.1050 0.9622
vn 0.2512 -0.1049 0.9622
vn 0.2507 -0.2434 0.9370
vn 0.9515 -0.0772 0.2978
vn 0.6923 -0.1817 0.6983
vn 0.6920 -0.1819 0.6986
vn 0.2512 -0.2441 0.9366
vn 0.2511 -0.2441 0.9367
vn 0.9483 -0.1237 0.2924
vn 0.6914 -0.2820 0.6652
vn 0.6923 -0.2815 0.6644
vn 0.2521 -0.3777 0.8910
vn 0.2508 -0.3780 0.8912
vn 0.2519 -0.7202 0.6464
vn 0.2519 -0.6186 0.7443
vn 0.2516 -0.6185 0.7444
vn 0.2507 -0.6188 0.7445
vn 0.2508 -0.5036 0.8267
vn 0.2523 -0.5032 0.8265
vn 0.2521 -0.5033 0.8265
vn 0.2507 -0.9269 0.2794
vn 0.2506 -0.8761 0.4119
vn 0.2517 -0.8760 0.4114
vn 0.2512 -0.8762 0.4114
vn 0.2510 -0.8069 0.5348
vn 0.2517 -0.8067 0.5348
vn 0.2518 -0.8066 0.5348
vn 0.2514 -0.9575 0.1416
vn 0.2512 -0.9575 0.1417
vn 0.6922 -0.7139 0.1057
vn 0.6922 -0.6909 0.2085
vn 0.9634 -0.2566 0.0775
vn 0.9480 -0.2930 0.1244
vn 0.2519 -0.9671 -0.0346
vn 0.6923 -0.7216 0.0005
vn 0.1157 -0.9933 0.0007
vn 0.2519 -0.9671 0.0360
vn 0.2518 -0.9574 -0.1415
vn 0.9542 -0.2959 -0.0434
vn 0.6922 -0.7140 -0.1046
vn 0.6924 -0.7139 -0.1046
vn 0.2512 -0.9577 -0.1403
vn 0.2514 -0.9577 -0.1402
vn 0.9507 -0.2969 -0.0892
vn 0.6920 -0.6914 -0.2075
vn 0.6922 -0.6912 -0.2074
vn 0.2507 -0.9272 -0.2782
vn 0.2517 -0.9270 -0.2780
vn 0.2516 -0.7212 -0.6454
vn 0.2518 -0.8074 -0.5336
vn 0.2515 -0.8075 -0.5335
vn 0.2510 -0.8076 -0.5337
vn 0.2512 -0.8767 -0.4102
vn 0.2521 -0.8766 -0.4100
vn 0.2506 -0.8767 -0.4106
vn 0.2521 -0.3791 -0.8903
vn 0.2521 -0.5045 -0.8258
vn 0.2518 -0.5047 -0.8258
vn 0.2508 -0.5047 -0.8261
vn 0.2507 -0.6197 -0.7437
vn 0.2518 -0.6197 -0.7434
vn 0.2519 -0.6197 -0.7433
vn 0.2513 -0.2455 -0.9363
vn 0.2511 -0.2454 -0.9363
vn 0.2512 -0.1063 -0.9621
vn 0.2515 -0.1064 -0.9620
vn 0.2507 -0.1066 -0.9622
vn 0.2519 0.0373 -0.9670
vn 0.9571 0.0107 -0.2896
vn 0.6915 0.0261 -0.7219
vn 0.6922 0.0260 -0.7213
vn 0.2512 0.0346 -0.9673
vn 0.2506 0.0347 -0.9675
vn 0.9531 0.0551 -0.2975
vn 0.6924 0.1307 -0.7095
vn 0.6915 0.1311 -0.7104
vn 0.2505 0.1754 -0.9521
vn 0.2519 0.1751 -0.9518
vn 0.2504 0.5628 -0.7877
vn 0.2505 0.4420 -0.8613
vn 0.2506 0.4421 -0.8612
vn 0.2501 0.4422 -0.8613
vn 0.2503 0.3120 -0.9165
vn 0.2507 0.3120 -0.9164
vn 0.2505 0.3120 -0.9165
vn 0.2505 0.8439 -0.4744
vn 0.2506 0.7657 -0.5924
vn 0.2512 0.7657 -0.5921
vn 0.2507 0.7659 -0.5921
vn 0.2506 0.6715 -0.6973
vn 0.2508 0.6714 -0.6973
vn 0.2512 0.6712 -0.6974
vn 0.9640 0.2482 -0.0950
vn 0.6924 0.6737 -0.2582
vn 0.6914 0.6747 -0.2584
vn 0.2509 0.9040 -0.3463
vn 0.2520 0.9036 -0.3463
vn 0.9622 0.2659 -0.0594
vn 0.6921 0.7045 -0.1574
vn 0.6924 0.7042 -0.1574
vn 0.2507 0.9447 -0.2112
vn 0.2508 0.9447 -0.2113
vn 0.2509 0.9044 0.3451
vn 0.2508 0.9450 0.2099
vn 0.2507 0.9451 0.2098
vn 0.2513 0.9449 0.2096
vn 0.2511 0.9654 0.0701
vn 0.2516 0.9653 0.0700
vn 0.2516 0.9652 -0.0715
vn 0.2511 0.9653 -0.0714
vn 0.2513 0.9446 -0.2110
vn 0.5374 0.0382 0.8425
vn 0.8123 0.2166 0.5415
vn 0.1895 0.9634 0.1897
vn 0.1611 0.9728 0.1665
vn 0.5508 0.8334 0.0460
vn 0.5518 0.8327 0.0453
vn 0.8256 0.5408 0.1608
vn 0.8414 0.4923 0.2228
vn 0.8072 0.5474 0.2209
vn 0.8311 0.1949 0.5209
vn 0.9796 0.0975 0.1755
vn 0.9778 0.1950 0.0774
vn 0.8097 0.5404 0.2290
vn 0.8146 0.5353 0.2235
vn 0.8127 0.2161 0.5412
vn 0.8473 0.2176 0.4846
vn 0.8345 0.1662 0.5253
vn 0.5330 0.0408 0.8451
vn 0.1869 0.1788 0.9660
vn 0.4824 0.1521 0.8626
vn 0.5464 0.4406 0.7123
vn 0.5451 0.4427 0.7120
vn 0.5448 0.7138 0.4401
vn 0.5465 0.7121 0.4408
vn 0.4869 0.8575 0.1664
vn 0.1970 0.9676 0.1577
vn 0.1701 0.1919 0.9666
vn 0.1616 0.1850 0.9694
vn 0.1614 0.1723 0.9717
vn 0.1921 0.5466 0.8150
vn 0.1979 0.5409 0.8175
vn 0.1980 0.8152 0.5443
vn 0.1917 0.8193 0.5403
vn 0.1611 0.9720 0.1712
vn 0.2014 0.7283 -0.6550
vn 0.0205 0.5338 -0.8453
vn 0.1467 0.5867 -0.7964
vn 0.2015 0.6541 -0.7291
vn 0.1986 0.9785 0.0551
vn 0.0143 0.5540 -0.8324
vn 0.1874 0.1754 -0.9665
vn 0.1497 0.1737 -0.9733
vn 0.8232 0.2184 -0.5241
vn 0.8271 0.2256 -0.5148
vn 0.5440 0.0671 -0.8364
vn 0.5345 -0.0188 -0.8450
vn 0.5547 -0.0094 -0.8320
vn 0.8224 0.2154 -0.5266
vn 0.8124 0.2142 -0.5423
vn 0.8253 0.1964 -0.5295
vn 0.9796 0.0972 -0.1756
vn -0.0000 0.9919 0.1273
vn 0.5478 0.8274 -0.1236
vn 0.5438 0.8365 -0.0681
vn 0.8148 0.5373 -0.2178
vn 0.8174 0.5314 -0.2225
vn 0.8108 0.5408 -0.2240
vn 0.8147 0.5347 -0.2245
vn 0.8115 0.5377 -0.2287
vn 0.9778 0.1949 -0.0776
vn 0.0204 0.8446 -0.5351
vn 0.0142 0.8316 -0.5552
vn 0.1466 0.7956 -0.5879
vn 0.1779 0.0656 -0.9819
vn 0.1521 0.1904 -0.9699
vn 0.4040 0.2944 -0.8661
vn 0.4036 0.2928 -0.8668
vn 0.5515 0.4743 -0.6862
vn 0.5496 0.4806 -0.6833
vn 0.5491 0.6865 -0.4768
vn 0.5539 0.6815 -0.4783
vn 0.4042 0.8658 -0.2949
vn 0.4026 0.8665 -0.2950
vn 0.1510 0.9698 -0.1914
vn 0.1875 0.9664 -0.1758
vn 0.1613 0.9713 -0.1748
vn -0.3637 0.7564 0.5436
vn 0.2401 0.9246 0.2959
vn -0.0006 0.8348 0.5506
vn -0.0010 0.7856 0.6187
vn -0.0009 0.5518 0.8340
vn 0.0039 0.8016 0.5978
vn -0.0041 0.1745 0.9847
vn -0.0021 0.3345 0.9424
vn -0.0021 0.1946 0.9809
vn 0.0053 0.7114 0.7028
vn -0.0001 0.3378 0.9412
vn 0.1941 0.9178 0.3463
vn -0.0001 0.8063 0.5916
vn -0.0005 0.9763 0.2164
vn -0.0005 0.9849 0.1730
vn -0.0004 0.9617 0.2741
vn 0.0002 0.9812 0.1932
vn -0.0004 0.9988 0.0493
vn 0.0299 0.9469 -0.3202
vn -0.0004 0.9658 -0.2592
vn -0.0003 0.8308 -0.5566
vn 0.0319 0.6566 -0.7535
vn -0.0004 0.9980 -0.0636
vn -0.0004 0.9662 0.2578
vn -0.0003 0.7073 0.7069
vn -0.0001 0.2599 0.9656
vn 0.0001 -0.2585 0.9660
vn 0.0004 -0.9656 0.2599
vn 0.0004 -0.9660 -0.2585
vn 0.0003 -0.7080 -0.7062
vn 0.0001 -0.2592 -0.9658
vn -0.0001 0.2578 -0.9662
vn 0.0006 -0.0007 -1.0000
vn 0.0030 -0.2452 -0.9695
vn -0.0009 0.2760 -0.9612
vn -0.0004 0.5032 -0.8642
vn 0.0006 0.2666 -0.9638
vn 0.0005 0.5004 -0.8658
vn 0.0035 0.2824 -0.9593
vn -0.0002 0.6028 -0.7979
vn 0.0002 -0.5042 -0.8636
vn 0.0019 -0.6089 -0.7932
vn 0.0020 -0.6143 -0.7891
vn 0.0003 -0.2219 -0.9751
vn 0.0005 -0.4994 -0.8664
vn -0.0015 -0.2353 -0.9719
vn -0.0015 -0.0007 -1.0000
vn 0.0007 -0.2236 -0.9747
vn 0.0006 -0.2110 -0.9775
vn 0.2577 0.6828 -0.6837
vn 0.9664 0.1819 -0.1818
vn 0.9638 0.1886 -0.1885
vn 0.7105 0.4974 -0.4978
vn 0.7039 0.5021 -0.5025
vn 0.2638 0.6816 -0.6825
vn 0.9574 -0.2041 -0.2044
vn 0.9664 -0.1812 -0.1823
vn 0.9556 -0.2072 -0.2095
vn 0.9994 -0.0253 -0.0256
vn 0.2462 -0.6858 -0.6849
vn 0.2590 -0.6831 -0.6829
vn 0.2536 -0.6841 -0.6839
vn 0.2724 -0.6807 -0.6800
vn 0.7070 -0.5051 -0.4950
vn 0.2543 -0.6734 -0.6941
vn 0.9530 -0.2141 -0.2143
vn 0.7070 -0.4939 -0.5062
vn 0.9648 -0.1886 -0.1834
vn 0.6901 -0.5119 -0.5115
vn 0.7081 -0.4999 -0.4986
vn 1.0000 0.0006 0.0007
vn 0.6930 -0.5104 -0.5092
vn 0.9663 0.1825 0.1818
vn 0.9707 0.1707 0.1691
vn 0.7078 0.4997 0.4993
vn 0.7281 0.4843 0.4851
vn 0.9646 0.1874 0.1853
vn 0.9751 0.1574 0.1562
vn 0.9622 0.1933 0.1917
vn 0.2584 0.6836 0.6825
vn 0.0266 0.7140 0.6996
vn 0.3006 0.6751 0.6737
vn 0.3125 0.6722 0.6712
vn 0.2531 0.6846 0.6836
vn 0.3071 0.6727 0.6732
vn 0.7066 0.5012 0.4995
vn 0.7274 0.4855 0.4850
vn 0.7273 0.4856 0.4850
vn -0.0004 0.9038 0.4279
vn 0.0023 -0.8022 -0.5970
vn -0.0014 0.8643 0.5029
vn -0.0014 0.8672 0.4980
vn -0.0020 0.9050 0.4254
vn 0.0006 1.0000 -0.0007
vn -0.3625 0.9184 -0.1587
vn 0.2481 0.8512 -0.4625
vn -0.0003 1.0000 -0.0007
vn 0.0003 0.9907 -0.1360
vn 0.0003 0.9940 -0.1098
vn 0.2338 0.8614 -0.4509
vn -0.0011 0.9888 -0.1489
vn 0.0007 0.8367 -0.5477
vn 0.0004 0.8634 -0.5045
vn 0.0004 0.8723 -0.4890
vn 0.0005 0.8651 -0.5017
vn -0.0003 0.7469 -0.6649
vn 0.0238 0.7064 -0.7074
vn -0.0003 0.7530 -0.6581
vn -0.0000 0.0622 -0.9981
vn 0.0229 0.2578 -0.9659
vn -0.0001 0.3189 -0.9478
vn -0.0002 0.5553 -0.8316
vn 0.0304 -0.3202 -0.9469
vn 0.0002 -0.5565 -0.8308
vn 0.0325 -0.7535 -0.6566
vn -0.0000 -0.0637 -0.9980
vn -0.0003 0.7069 -0.7073
vn -0.0004 0.9656 -0.2599
vn -0.0004 0.9660 0.2585
vn 0.0003 -0.7062 0.7080
vn 0.0004 -0.9658 0.2592
vn 0.0004 -0.9662 -0.2578
vn 0.0003 -0.8636 0.5042
vn 0.0020 -0.7932 0.6090
vn 0.0010 -1.0000 0.0007
vn 0.0032 -0.9694 0.2453
vn -0.0005 -0.9611 -0.2760
vn 0.0002 -0.8642 -0.5032
vn 0.0010 -0.9638 -0.2666
vn 0.0010 -0.8658 -0.5004
vn 0.0040 -0.9593 -0.2823
vn 0.0003 -0.7979 -0.6028
vn 0.0021 -0.7891 0.6143
vn 0.0006 -0.9751 0.2219
vn 0.0006 -0.8664 0.4993
vn -0.0012 -0.9719 0.2353
vn -0.0011 -1.0000 0.0007
vn 0.0010 -0.9747 0.2237
vn 0.0009 -0.9775 0.2110
vn 0.9659 -0.1831 -0.1832
vn 0.7076 -0.4999 -0.4994
vn 0.2598 -0.6833 -0.6824
vn 0.2462 -0.6848 0.6859
vn 0.2589 -0.6828 0.6832
vn 0.2726 -0.6801 0.6805
vn 0.2536 -0.6838 0.6842
vn 0.2484 -0.6848 0.6851
vn 0.7070 -0.4987 0.5014
vn 0.6930 -0.5089 0.5107
vn 0.7081 -0.4987 0.4998
vn 0.6899 -0.5109 0.5128
vn 1.0000 0.0008 -0.0000
vn 0.9994 -0.0252 0.0257
vn 0.9556 -0.2091 0.2076
vn 0.9664 -0.1819 0.1816
vn 0.9574 -0.2040 0.2045
vn 0.9648 -0.1858 0.1862
vn 0.9529 -0.2136 0.2152
vn 0.7038 -0.5018 0.5029
vn 0.9809 0.1375 -0.1373
vn 1.0000 0.0052 -0.0000
vn 0.7271 0.4883 -0.4826
vn 0.8329 0.3903 -0.3924
vn 0.9749 0.1590 -0.1559
vn 0.9787 0.1469 -0.1437
vn 0.9620 0.1945 -0.1918
vn 0.9705 0.1719 -0.1692
vn 0.1933 0.6933 -0.6942
vn 0.0258 0.7015 -0.7122
vn 0.2996 0.6760 -0.6733
vn 0.3114 0.6735 -0.6705
vn 0.1825 0.6967 -0.6938
vn 0.3062 0.6750 -0.6713
vn 0.5528 0.5877 -0.5908
vn 0.7260 0.4890 -0.4835
vn 0.7261 0.4890 -0.4835
vn 0.0003 -0.6650 -0.7469
vn -0.0002 0.4279 -0.9038
vn 0.2496 -0.4622 -0.8509
vn 0.2343 -0.4501 -0.8617
vn 0.0008 -0.5579 -0.8299
vn 0.0001 -0.4884 -0.8726
vn 0.0001 -0.5437 -0.8393
vn -0.0000 -0.3902 0.9207
vn -0.0021 0.5567 -0.8307
vn -0.0021 0.4260 -0.9047
vn -0.0041 0.5661 -0.8243
vn 0.0038 -0.1142 -0.9934
vn -0.0006 0.1944 -0.9809
vn -0.0005 -0.1342 -0.9910
vn -0.0002 -0.1958 -0.9806
vn 0.0002 -0.1500 -0.9887
vn 0.0001 -0.5469 -0.8372
vn -0.3615 -0.1594 -0.9187
vn 0.0004 -0.9981 -0.0622
vn 0.0234 -0.9659 -0.2578
vn 0.0004 -0.9478 -0.3189
vn 0.0003 -0.8316 -0.5553
vn 0.0243 -0.7074 -0.7064
vn 0.0003 -0.6581 -0.7530
vn -0.0000 -0.9842 0.1771
vn 0.0040 -0.8773 0.4799
vn 0.0004 -0.9901 0.1402
vn 0.0061 -0.5420 0.8403
vn -0.0001 -0.8750 0.4841
vn -0.0000 -0.8726 0.4884
vn -0.0004 -0.5231 0.8523
vn -0.0006 -0.5340 0.8455
vn -0.0007 -0.5540 0.8325
vn 0.0001 -0.8316 0.5554
vn -0.0003 -0.8447 0.5352
vn -0.0004 -0.5166 0.8563
vn -0.0004 -0.5242 0.8516
vn 0.0001 -0.1757 0.9845
vn 0.0008 -0.1220 0.9925
vn 0.0007 -0.1302 0.9915
vn -0.0006 -0.5300 0.8480
vn -0.0006 -0.5986 0.8010
vn 0.9809 -0.1945 0.0001
vn 0.9809 -0.1947 0.0001
vn 0.9807 -0.1957 0.0001
vn 0.8323 -0.5544 0.0004
vn 0.8281 -0.5605 0.0004
vn 0.8340 -0.5518 0.0004
vn 0.8370 -0.5472 0.0004
vn 0.8337 -0.5522 0.0004
vn 0.5520 -0.8338 0.0006
vn 0.5465 -0.8375 0.0006
vn 0.5531 -0.8331 0.0006
vn 0.5537 -0.8327 0.0006
vn 0.2003 -0.9797 0.0007
vn 0.1645 -0.9864 0.0007
vn 0.1938 -0.9810 0.0007
vn 0.1965 -0.9805 0.0007
vn 0.2029 -0.9792 0.0007
vn 0.9848 0.0005 0.1738
vn 0.9994 -0.0043 0.0342
vn 0.9539 0.0033 0.3001
vn 0.9806 0.0019 0.1962
vn 0.2506 0.0008 0.9681
vn 0.1522 0.0048 0.9883
vn 0.1795 0.0038 0.9838
vn 0.1644 0.0038 0.9864
vn 0.2412 0.0038 0.9705
vn 0.5386 0.0022 0.8426
vn 0.2514 -0.0094 0.9678
vn 0.5199 -0.0018 0.8542
vn 0.6914 0.0052 0.7224
vn 0.9582 0.0035 0.2861
vn 0.9527 0.0036 0.3039
vn 0.8418 -0.0015 0.5398
vn 0.6892 -0.0003 0.7246
vn 0.8464 -0.0000 0.5326
vn 0.6952 0.0052 0.7188
vn 0.0001 -0.3378 -0.9412
vn 0.0013 -0.7940 -0.6080
vn 0.0058 -0.7081 -0.7061
vn -0.0019 -0.1946 -0.9809
vn -0.0019 -0.3345 -0.9424
vn -0.0039 -0.1745 -0.9847
vn 0.0045 -0.8016 -0.5978
vn -0.0004 -0.5518 -0.8340
vn -0.0004 -0.7855 -0.6188
vn -0.0000 -0.8348 -0.5506
vn -0.0039 -0.9848 -0.1734
vn 0.4451 -0.8870 0.1233
vn 0.0003 -0.9249 -0.3802
vn 0.0003 -0.9617 -0.2741
vn 0.0010 -0.9812 -0.1932
vn 0.0004 -0.9988 -0.0491
vn 0.9843 0.0003 -0.1764
vn 0.9706 0.0027 -0.2408
vn 0.9613 0.0027 -0.2757
vn 0.8473 0.0010 -0.5311
vn 0.9746 -0.0027 -0.2238
vn 0.8320 -0.0018 -0.5547
vn 0.7329 0.0001 -0.6803
vn 0.8462 0.0041 -0.5328
vn 0.1734 -0.0007 -0.9849
vn 0.0350 -0.0053 -0.9994
vn 0.1900 -0.0012 -0.9818
vn 0.3060 0.0029 -0.9520
vn 0.3108 0.0030 -0.9505
vn 0.5378 0.0031 -0.8431
vn 0.3058 -0.0049 -0.9521
vn 0.5335 -0.0027 -0.8458
vn 0.7335 0.0043 -0.6797
vn 0.7262 0.0040 -0.6875
vn 0.0001 -0.2578 0.9662
vn -0.0001 0.2592 0.9658
vn -0.0003 0.7080 0.7062
vn -0.0001 0.2585 -0.9660
vn 0.0001 -0.2599 -0.9656
vn 0.0003 -0.7073 -0.7069
vn 0.0324 -0.6566 0.7535
vn 0.0003 -0.8308 0.5565
vn 0.0306 -0.9468 0.3202
vn 0.0004 -0.9980 0.0636
vn -0.0014 -0.9909 0.1349
vn 0.0001 -0.3034 0.9529
vn 0.0108 -0.1736 0.9848
vn 0.0011 -0.3158 0.9488
vn 0.0003 -0.8704 -0.4923
vn 0.0022 -0.8890 -0.4578
vn 0.0032 -0.8734 -0.4870
vn -0.0014 -0.9911 0.1328
vn -0.0013 -0.9913 0.1317
vn 0.0065 -0.9943 -0.1068
vn 0.0048 -0.9984 -0.0568
vn 0.0152 -0.9721 -0.2341
vn 0.0033 -0.9977 -0.0671
vn -0.0011 -0.9685 -0.2490
vn -0.0011 -0.9685 -0.2489
vn -0.0011 -0.7859 0.6184
vn 0.0032 -0.9237 0.3831
vn 0.0042 -0.9186 0.3951
vn 0.0042 -0.9183 0.3959
vn 0.0034 -0.6926 0.7213
vn -0.0011 -0.7864 0.6177
vn -0.0011 -0.7858 0.6185
vn 0.0010 -0.3174 0.9483
vn -0.0005 -0.5590 0.8291
vn -0.0004 -0.6568 0.7541
vn 0.0104 -0.5666 0.8240
vn 0.0104 -0.5664 0.8241
vn 0.0004 -1.0000 0.0006
vn 0.0003 -0.8884 0.4591
vn 0.0072 -0.8455 0.5339
vn 0.0001 -0.2683 -0.9633
vn 0.0019 -0.3048 -0.9524
vn 0.0031 -0.2659 -0.9640
vn -0.0018 -0.7930 -0.6093
vn 0.0051 -0.6581 -0.7529
vn 0.0162 -0.5107 -0.8596
vn 0.0034 -0.6579 -0.7531
vn -0.0011 -0.5039 -0.8638
vn -0.0011 -0.5048 -0.8633
vn -0.0016 -0.9907 -0.1361
vn 0.0042 -0.9240 -0.3823
vn 0.0042 -0.9245 -0.3812
vn 0.0042 -0.9243 -0.3818
vn -0.0018 -0.7918 -0.6107
vn -0.0018 -0.7929 -0.6094
vn -0.0008 -0.9340 0.3574
vn -0.0006 -0.9325 0.3612
vn -0.0005 -0.9976 0.0686
vn 0.0258 -0.9398 0.3408
vn 0.0069 -0.9928 0.1199
vn 0.0068 -0.9929 0.1189
vn -0.0007 -0.9939 -0.1102
vn -0.0016 -0.9905 -0.1377
vn -0.0016 -0.9905 -0.1372
vn 0.0007 -0.7077 -0.7066
vn 0.0004 -0.7075 -0.7067
vn 0.0007 -0.7078 -0.7064
vn 0.0007 -0.7076 -0.7066
vn -0.0002 0.5020 -0.8649
vn 0.0022 0.4578 -0.8890
vn 0.0037 0.5028 -0.8644
vn -0.0010 -0.2332 -0.9724
vn -0.0010 -0.2361 -0.9717
vn 0.0012 0.0136 -0.9999
vn 0.0168 0.2564 -0.9664
vn 0.0033 0.0671 -0.9977
vn -0.0017 0.2736 -0.9619
vn -0.0017 0.2743 -0.9617
vn 0.0001 -0.6716 -0.7409
vn 0.0002 -0.6724 -0.7402
vn -0.0002 -0.4749 -0.8800
vn -0.0002 -0.3831 -0.9237
vn 0.0095 -0.4787 -0.8780
vn 0.0094 -0.4760 -0.8794
vn 0.0004 -0.9529 -0.3034
vn 0.0110 -0.9846 -0.1746
vn 0.0011 -0.9473 -0.3204
vn 0.0011 -0.9471 -0.3210
vn -0.0002 -0.8368 -0.5474
vn -0.0003 -0.7541 -0.6568
vn 0.0107 -0.8243 -0.5661
vn 0.0107 -0.8242 -0.5662
vn -0.0004 0.9669 -0.2550
vn 0.0021 0.9524 -0.3048
vn 0.0032 0.9640 -0.2659
vn -0.0013 0.5226 -0.8526
vn -0.0013 0.5195 -0.8545
vn 0.0009 0.7173 -0.6968
vn 0.0167 0.8659 -0.4999
vn 0.0030 0.7531 -0.6579
vn -0.0019 0.8735 -0.4868
vn -0.0019 0.8734 -0.4869
vn -0.0001 0.0489 -0.9988
vn -0.0001 0.0454 -0.9990
vn -0.0005 0.3154 -0.9490
vn -0.0005 0.3818 -0.9243
vn 0.0092 0.2820 -0.9594
vn 0.0092 0.2831 -0.9591
vn 0.0002 -0.4591 -0.8884
vn 0.0109 -0.5728 -0.8196
vn 0.0009 -0.4432 -0.8964
vn 0.0009 -0.4434 -0.8963
vn -0.0006 -0.1813 -0.9834
vn -0.0006 -0.0686 -0.9976
vn 0.0106 -0.1847 -0.9827
vn 0.0105 -0.1830 -0.9831
vn 0.0006 0.0007 1.0000
vn 0.0028 0.2452 0.9695
vn -0.0007 -0.2760 0.9612
vn -0.0000 -0.5033 0.8641
vn 0.0008 -0.2667 0.9638
vn 0.0009 -0.5004 0.8658
vn 0.0037 -0.2824 0.9593
vn 0.0002 -0.6027 0.7979
vn -0.0002 0.5041 0.8636
vn 0.0015 0.6089 0.7932
vn 0.0015 0.6143 0.7891
vn 0.0001 0.2219 0.9751
vn 0.0001 0.4993 0.8664
vn -0.0017 0.2354 0.9719
vn -0.0015 0.0007 1.0000
vn 0.0005 0.2236 0.9747
vn 0.0005 0.2110 0.9775
vn 0.9659 -0.1828 0.1834
vn 0.7076 -0.4992 0.5002
vn 0.2597 -0.6823 0.6834
vn 0.2598 -0.6823 0.6834
vn 0.2457 0.6860 0.6849
vn 0.2584 0.6833 0.6829
vn 0.2721 0.6806 0.6802
vn 0.2531 0.6843 0.6838
vn 0.2477 0.6853 0.6849
vn 0.7066 0.5017 0.4990
vn 0.6926 0.5110 0.5092
vn 0.7078 0.5001 0.4990
vn 0.6895 0.5131 0.5112
vn 1.0000 0.0001 -0.0006
vn 0.9993 0.0261 0.0256
vn 0.9554 0.2080 0.2095
vn 0.9663 0.1820 0.1823
vn 0.9572 0.2048 0.2044
vn 0.9646 0.1866 0.1862
vn 0.9528 0.2155 0.2140
vn 0.7034 0.5032 0.5021
vn 1.0000 0.0006 -0.0006
vn 0.9664 -0.1817 -0.1818
vn 0.9708 -0.1699 -0.1691
vn 0.7082 -0.4992 -0.4993
vn 0.7285 -0.4837 -0.4851
vn 0.9648 -0.1867 -0.1853
vn 0.9752 -0.1566 -0.1562
vn 0.9624 -0.1925 -0.1917
vn 0.2590 -0.6834 -0.6825
vn 0.0272 -0.7140 -0.6996
vn 0.3012 -0.6748 -0.6737
vn 0.3130 -0.6720 -0.6712
vn 0.2536 -0.6844 -0.6836
vn 0.3076 -0.6724 -0.6732
vn 0.7070 -0.5006 -0.4995
vn 0.7277 -0.4850 -0.4850
vn -0.0006 -0.9690 0.2469
vn 0.0010 -0.8634 0.5045
vn 0.0010 -0.9724 0.2334
vn 0.0015 -0.8650 0.5017
vn 0.0003 -0.8080 0.5891
vn -0.0014 -0.8643 -0.5029
vn 0.0004 -0.9239 -0.3827
vn -0.0006 -0.9724 0.2331
vn -0.0007 -0.9713 0.2380
vn 0.0016 -1.0000 0.0007
vn -0.0022 -0.9213 -0.3888
vn -0.0029 -0.8672 -0.4980
vn -0.0014 -0.9219 -0.3874
vn -0.0014 -0.8928 -0.4504
vn -0.0000 -0.0622 0.9981
vn 0.0231 -0.2578 0.9659
vn 0.0001 -0.3189 0.9478
vn 0.0002 -0.5553 0.8316
vn 0.0243 -0.7064 0.7074
vn 0.0003 -0.7530 0.6581
vn -0.0003 0.7062 -0.7080
vn 0.0003 -0.7069 0.7073
vn 0.0319 0.7536 0.6566
vn -0.0002 0.5566 0.8308
vn 0.0301 0.3202 0.9469
vn -0.0000 0.0637 0.9980
vn -0.0003 0.7996 0.6006
vn 0.0031 0.9560 0.2934
vn 0.0003 0.8658 0.5004
vn 0.0002 0.9584 0.2854
vn -0.0005 0.8642 0.5032
vn -0.0012 0.9596 0.2813
vn 0.0009 1.0000 -0.0007
vn 0.0004 0.9987 0.0516
vn -0.0003 0.8636 -0.5042
vn 0.0024 0.7444 -0.6678
vn -0.0011 0.9401 -0.3408
vn -0.0012 0.9445 -0.3286
vn -0.0012 1.0000 0.0016
vn -0.0011 0.8664 -0.4994
vn -0.0023 0.9412 -0.3379
vn -0.0022 1.0000 -0.0007
vn 0.0008 0.9457 -0.3252
vn 0.0008 0.9440 -0.3299
vn 0.9807 0.1385 0.1379
vn 0.8340 0.3906 0.3897
vn 0.8323 0.3924 0.3915
vn 0.5516 0.5904 0.5893
vn 0.5516 0.5903 0.5893
vn 0.5552 0.5886 0.5876
vn 0.5551 0.5887 0.5876
vn 0.1958 0.6940 0.6929
vn 0.9572 0.2048 -0.2045
vn 0.9663 0.1827 -0.1816
vn 0.9554 0.2098 -0.2076
vn 0.9993 0.0260 -0.0257
vn 0.2457 0.6850 -0.6859
vn 0.2584 0.6830 -0.6832
vn 0.2720 0.6804 -0.6805
vn 0.2530 0.6840 -0.6842
vn 0.2478 0.6850 -0.6851
vn 0.7066 0.4993 -0.5014
vn 0.9529 0.2147 -0.2144
vn 0.7066 0.5065 -0.4941
vn 0.9646 0.1838 -0.1890
vn 0.6897 0.5118 -0.5122
vn 0.7078 0.4988 -0.5002
vn 1.0000 0.0002 -0.0000
vn 0.6926 0.5095 -0.5107
vn 0.0002 -0.4279 0.9038
vn -0.0000 0.3902 -0.9207
vn -0.0009 -0.5029 0.8643
vn -0.0009 -0.4980 0.8672
vn -0.0015 -0.4254 0.9050
vn 0.0010 0.0007 1.0000
vn 0.0006 0.1097 0.9940
vn 0.0006 0.1361 0.9907
vn 0.0001 0.0007 1.0000
vn -0.0006 0.1214 0.9926
vn -0.0006 0.1322 0.9912
vn 0.0005 0.5045 0.8634
vn 0.0005 0.4869 0.8735
vn 0.0005 0.4890 0.8723
vn 0.0007 0.5016 0.8651
vn -0.0003 0.6650 0.7469
vn 0.9708 -0.1694 0.1700
vn 0.9664 -0.1810 0.1826
vn 0.9624 -0.1914 0.1930
vn 0.9648 -0.1852 0.1867
vn 0.9753 -0.1550 0.1573
vn 0.7285 -0.4848 0.4840
vn 0.7081 -0.4991 0.4995
vn 1.0000 -0.0000 -0.0000
vn 0.2589 -0.6824 0.6835
vn 0.0272 -0.6996 0.7140
vn 0.3012 -0.6736 0.6749
vn 0.3130 -0.6711 0.6721
vn 0.2536 -0.6835 0.6845
vn 0.3076 -0.6731 0.6726
vn 0.7070 -0.4993 0.5009
vn 0.7277 -0.4847 0.4853
vn 0.0238 0.7074 0.7064
vn -0.0003 0.6581 0.7530
vn -0.0004 0.9981 0.0622
vn 0.0226 0.9659 0.2578
vn -0.0004 0.9478 0.3189
vn -0.0003 0.8316 0.5553
vn 0.0001 0.7066 -0.7077
vn 0.0001 0.7064 -0.7078
vn 0.0002 0.7066 -0.7076
vn -0.0001 0.7067 -0.7075
vn -0.0003 0.8649 0.5020
vn 0.0020 0.8890 0.4578
vn 0.0035 0.8644 0.5027
vn -0.0015 0.9724 -0.2332
vn -0.0015 0.9717 -0.2361
vn 0.0008 0.9999 0.0136
vn 0.0165 0.9664 0.2565
vn 0.0029 0.9977 0.0671
vn -0.0019 0.9619 0.2736
vn -0.0019 0.9616 0.2743
vn -0.0004 0.7409 -0.6716
vn -0.0004 0.7402 -0.6724
vn -0.0007 0.8802 -0.4745
vn -0.0007 0.9237 -0.3831
vn 0.0090 0.8780 -0.4787
vn 0.0088 0.8794 -0.4760
vn -0.0001 0.3034 -0.9529
vn 0.0106 0.1746 -0.9846
vn 0.0006 0.3204 -0.9473
vn 0.0006 0.3210 -0.9471
vn -0.0008 0.5474 -0.8368
vn -0.0008 0.6568 -0.7541
vn 0.0102 0.5661 -0.8243
vn 0.0102 0.5662 -0.8242
vn -0.0001 0.2550 0.9669
vn 0.0023 0.3048 0.9524
vn 0.0035 0.2659 0.9640
vn -0.0014 0.8526 0.5226
vn -0.0014 0.8544 0.5195
vn 0.0010 0.6968 0.7173
vn 0.0168 0.4999 0.8659
vn 0.0030 0.6579 0.7531
vn -0.0018 0.4868 0.8735
vn -0.0018 0.4869 0.8734
vn -0.0005 0.9988 0.0489
vn -0.0004 0.9990 0.0454
vn -0.0007 0.9489 0.3157
vn -0.0007 0.9243 0.3818
vn 0.0089 0.9594 0.2820
vn 0.0089 0.9590 0.2832
vn -0.0003 0.8884 -0.4591
vn 0.0103 0.8196 -0.5728
vn 0.0004 0.8964 -0.4432
vn 0.0004 0.8963 -0.4434
vn -0.0010 0.9834 -0.1814
vn -0.0010 0.9976 -0.0686
vn 0.0102 0.9827 -0.1847
vn 0.0101 0.9831 -0.1830
vn 0.0001 0.7077 0.7066
vn 0.0001 0.7078 0.7064
vn 0.0002 0.7076 0.7066
vn -0.0003 0.7077 0.7065
vn -0.0001 0.7075 0.7067
vn 0.0002 -0.5020 0.8649
vn 0.0026 -0.4578 0.8890
vn 0.0041 -0.5027 0.8644
vn -0.0012 0.2332 0.9724
vn -0.0012 0.2361 0.9717
vn 0.0012 -0.0136 0.9999
vn 0.0170 -0.2564 0.9664
vn 0.0034 -0.0671 0.9977
vn -0.0014 -0.2736 0.9619
vn -0.0014 -0.2743 0.9617
vn -0.0004 0.6716 0.7409
vn -0.0004 0.6724 0.7402
vn -0.0005 0.4748 0.8801
vn -0.0005 0.3831 0.9237
vn 0.0091 0.4787 0.8780
vn 0.0090 0.4761 0.8794
vn -0.0004 0.9529 0.3034
vn 0.0102 0.9846 0.1746
vn 0.0004 0.9473 0.3204
vn 0.0004 0.9471 0.3210
vn -0.0009 0.8368 0.5475
vn -0.0008 0.7541 0.6568
vn 0.0101 0.8243 0.5661
vn 0.0101 0.8242 0.5662
vn 0.0004 -0.9669 0.2550
vn 0.0028 -0.9524 0.3048
vn 0.0040 -0.9640 0.2659
vn -0.0009 -0.5226 0.8526
vn -0.0009 -0.5195 0.8545
vn 0.0015 -0.7173 0.6968
vn 0.0174 -0.8659 0.4999
vn 0.0036 -0.7531 0.6579
vn -0.0012 -0.8735 0.4868
vn -0.0012 -0.8734 0.4869
vn -0.0001 -0.0489 0.9988
vn -0.0000 -0.0454 0.9990
vn -0.0002 -0.3155 0.9489
vn -0.0002 -0.3818 0.9243
vn 0.0094 -0.2820 0.9594
vn 0.0094 -0.2831 0.9590
vn -0.0002 0.4591 0.8884
vn 0.0104 0.5728 0.8196
vn 0.0006 0.4432 0.8964
vn 0.0006 0.4434 0.8963
vn -0.0007 0.1813 0.9834
vn -0.0007 0.0686 0.9976
vn 0.0105 0.1847 0.9827
vn 0.0104 0.1830 0.9831
vn 0.0007 -0.7066 0.7077
vn 0.0007 -0.7064 0.7078
vn 0.0007 -0.7066 0.7076
vn 0.0003 -0.7065 0.7077
vn 0.0004 -0.7067 0.7075
vn 0.9904 -0.0492 0.1290
vn 0.9904 -0.0316 0.1344
vn 0.9904 -0.0133 0.1375
vn 0.9904 0.0051 0.1381
vn 0.9904 0.0234 0.1362
vn 0.9904 0.0415 0.1319
vn 0.9904 0.0587 0.1253
vn 0.9904 0.0748 0.1164
vn 0.9904 0.0896 0.1055
vn 0.9904 0.1030 0.0925
vn 0.9904 0.1144 0.0781
vn 0.9904 0.1237 0.0623
vn 0.9904 0.1309 0.0453
vn 0.9904 0.1359 0.0271
vn 0.9973 -0.0509 -0.0530
vn 0.9973 -0.0351 0.0647
vn 0.9973 -0.0261 0.0688
vn 0.9973 -0.0166 0.0718
vn 0.9973 0.0127 0.0727
vn 0.9973 0.0223 0.0704
vn 0.9973 0.0315 0.0669
vn 0.9973 0.0401 0.0622
vn 0.9973 0.0612 0.0417
vn 0.9973 0.0662 0.0332
vn 0.9972 0.0701 0.0241
vn 0.9972 0.0727 0.0147
vn 0.9973 0.0551 0.0494
vn 0.9973 0.0029 0.0737
vn 0.9973 -0.0433 0.0594
vn 0.9973 -0.0630 0.0376
vn 0.9973 -0.0575 0.0457
vn 0.9973 -0.0575 0.0458
vn 0.9973 -0.0508 0.0531
vn 0.9973 -0.0509 0.0531
vn 0.9973 -0.0675 0.0288
vn 0.9973 -0.0707 0.0195
vn 0.9973 -0.0727 0.0099
vn 0.9973 -0.0734 0.0001
vn 0.9973 -0.0708 -0.0195
vn 0.9973 -0.0727 -0.0098
vn 0.9973 -0.0675 -0.0287
vn 0.9973 -0.0631 -0.0376
vn 0.9973 -0.0575 -0.0457
vn 0.9973 -0.0575 -0.0456
vn 0.9973 -0.0434 -0.0594
vn 0.9973 -0.0434 -0.0593
vn 0.9973 -0.0351 -0.0646
vn 0.9973 -0.0262 -0.0688
vn 0.9973 -0.0168 -0.0717
vn 0.9973 -0.0071 -0.0734
vn 0.9973 -0.0069 -0.0734
vn 0.9973 0.0028 -0.0737
vn 0.9973 0.0223 -0.0705
vn 0.9973 0.0126 -0.0728
vn 0.9973 0.0126 -0.0727
vn 0.9973 0.0314 -0.0669
vn 0.9973 0.0400 -0.0622
vn 0.9973 0.0480 -0.0564
vn 0.9973 0.0551 -0.0495
vn 0.9973 0.0612 -0.0418
vn 0.9973 0.0662 -0.0333
vn 0.9973 0.0700 -0.0242
vn 0.9972 0.0700 -0.0242
vn 0.9972 0.0727 -0.0147
vn 0.9972 0.0740 -0.0050
vn 0.9972 0.0740 0.0049
vn 0.9904 0.1382 0.0091
vn 0.9904 0.1381 0.0102
vn 0.9904 0.1358 0.0274
vn 0.9972 0.0727 0.0146
vn 0.9904 0.1309 0.0452
vn 0.9973 0.0701 0.0241
vn 0.9904 0.1238 0.0622
vn 0.9904 0.1237 0.0622
vn 0.9973 0.0551 0.0495
vn 0.9904 0.1029 0.0926
vn 0.9973 0.0480 0.0563
vn 0.9904 0.0897 0.1054
vn 0.9904 0.0896 0.1054
vn 0.9973 0.0481 0.0563
vn 0.9973 0.0401 0.0621
vn 0.9904 0.0586 0.1253
vn 0.9904 0.0414 0.1319
vn 0.9973 0.0224 0.0704
vn 0.9904 0.0235 0.1362
vn 0.9973 0.0128 0.0727
vn 0.9973 -0.0069 0.0734
vn 0.9904 -0.0134 0.1375
vn 0.9973 -0.0070 0.0734
vn 0.9904 -0.0315 0.1344
vn 0.9973 -0.0167 0.0718
vn 0.9973 -0.0261 0.0689
vn 0.9904 -0.0659 0.1212
vn 0.9973 -0.0350 0.0647
vn 0.9904 -0.0815 0.1113
vn 0.9905 -0.0956 0.0994
vn 0.9904 -0.0956 0.0994
vn 0.9905 -0.1080 0.0857
vn 0.9904 -0.1080 0.0857
vn 0.9905 -0.1185 0.0705
vn 0.9905 -0.1268 0.0540
vn 0.9905 -0.1328 0.0366
vn 0.9973 -0.0707 0.0196
vn 0.9905 -0.1365 0.0185
vn 0.9905 -0.1378 0.0001
vn 0.9905 -0.1365 -0.0183
vn 0.9905 -0.1366 -0.0183
vn 0.9905 -0.1328 -0.0364
vn 0.9905 -0.1329 -0.0364
vn 0.9973 -0.0708 -0.0194
vn 0.9905 -0.1269 -0.0539
vn 0.9905 -0.1269 -0.0538
vn 0.9905 -0.1186 -0.0703
vn 0.9973 -0.0631 -0.0375
vn 0.9905 -0.1081 -0.0855
vn 0.9904 -0.1081 -0.0856
vn 0.9904 -0.0957 -0.0993
vn 0.9904 -0.0816 -0.1112
vn 0.9904 -0.0816 -0.1111
vn 0.9905 -0.0957 -0.0992
vn 0.9904 -0.0661 -0.1211
vn 0.9973 -0.0351 -0.0647
vn 0.9973 -0.0352 -0.0646
vn 0.9904 -0.0494 -0.1289
vn 0.9904 -0.0318 -0.1344
vn 0.9904 -0.0317 -0.1344
vn 0.9973 -0.0167 -0.0717
vn 0.9904 -0.0136 -0.1375
vn 0.9904 -0.0135 -0.1374
vn 0.9904 0.0049 -0.1381
vn 0.9973 0.0127 -0.0727
vn 0.9904 0.0233 -0.1362
vn 0.9904 0.0232 -0.1363
vn 0.9904 0.0413 -0.1319
vn 0.9904 0.0412 -0.1320
vn 0.9973 0.0222 -0.0705
vn 0.9904 0.0584 -0.1254
vn 0.9904 0.0585 -0.1254
vn 0.9904 0.0747 -0.1165
vn 0.9973 0.0401 -0.0622
vn 0.9904 0.0895 -0.1056
vn 0.9904 0.0895 -0.1055
vn 0.9904 0.0894 -0.1056
vn 0.9904 0.0746 -0.1165
vn 0.9904 0.1028 -0.0927
vn 0.9904 0.1028 -0.0928
vn 0.9973 0.0550 -0.0495
vn 0.9904 0.1142 -0.0783
vn 0.9904 0.1236 -0.0625
vn 0.9904 0.1236 -0.0624
vn 0.9904 0.1309 -0.0454
vn 0.9904 0.1309 -0.0455
vn 0.9904 0.1237 -0.0624
vn 0.9904 0.1358 -0.0273
vn 0.9904 0.1358 -0.0276
vn 0.9972 0.0727 -0.0148
vn 0.9904 0.1381 -0.0104
vn 0.9904 0.1382 -0.0093
vn -0.0008 0.5167 -0.8562
vn -0.0007 0.8726 -0.4884
vn -0.0008 0.9842 -0.1771
vn 0.0033 0.8773 -0.4800
vn -0.0004 0.9901 -0.1402
vn -0.0009 0.8447 -0.5352
vn -0.0006 0.8318 -0.5550
vn 0.0057 0.5422 -0.8402
vn -0.0007 0.8750 -0.4842
vn -0.0011 0.5541 -0.8325
vn -0.0011 0.5339 -0.8455
vn -0.0008 0.5230 -0.8523
vn -0.0009 0.5243 -0.8515
vn -0.0001 0.1757 -0.9845
vn 0.0007 0.1220 -0.9925
vn 0.0006 0.1301 -0.9915
vn -0.0011 0.5301 -0.8479
vn -0.0011 0.5982 -0.8014
vn 0.9708 0.0006 0.2398
vn 0.9843 -0.0020 0.1764
vn 0.9613 -0.0019 0.2757
vn 0.8473 -0.0003 0.5311
vn 0.9746 0.0035 0.2237
vn 0.8320 0.0024 0.5547
vn 0.7329 0.0005 0.6803
vn 0.8462 -0.0035 0.5328
vn 0.1734 0.0008 0.9849
vn 0.0350 0.0054 0.9994
vn 0.1900 0.0013 0.9818
vn 0.3060 -0.0027 0.9520
vn 0.3109 -0.0028 0.9505
vn 0.5378 -0.0027 0.8431
vn 0.3058 0.0052 0.9521
vn 0.5335 0.0031 0.8458
vn 0.7335 -0.0037 0.6797
vn 0.7262 -0.0035 0.6875
vn 0.9807 0.1955 -0.0001
vn 0.8366 0.5479 -0.0004
vn 0.8336 0.5524 -0.0004
vn 0.8277 0.5612 -0.0004
vn 0.8318 0.5550 -0.0004
vn 0.8347 0.5506 -0.0004
vn 0.5514 0.8342 -0.0006
vn 0.5520 0.8338 -0.0006
vn 0.5524 0.8336 -0.0006
vn 0.1996 0.9799 -0.0007
vn -0.0000 1.0000 -0.0014
vn 0.1931 0.9812 -0.0008
vn 0.1989 0.9800 -0.0007
vn 0.1638 0.9865 -0.0007
vn 0.9582 -0.0028 -0.2861
vn 0.9843 -0.0008 -0.1764
vn 0.9544 0.0017 -0.2985
vn 0.9994 0.0004 -0.0357
vn 0.2506 -0.0006 -0.9681
vn 0.1521 -0.0047 -0.9884
vn 0.1783 -0.0037 -0.9840
vn 0.2412 -0.0036 -0.9705
vn 0.5547 -0.0017 -0.8321
vn 0.2467 -0.0023 -0.9691
vn 0.5346 0.0017 -0.8451
vn 0.6914 -0.0047 -0.7224
vn 0.8491 0.0008 -0.5283
vn 0.6952 -0.0047 -0.7188
vn 0.9527 -0.0028 -0.3039
vn 0.6912 0.0065 -0.7226
vn 0.8418 0.0007 -0.5398
vn 0.8437 0.0007 -0.5369
vn -0.0000 0.0007 1.0000
vn 0.0001 0.1295 -0.9916
vn -0.0001 0.1298 -0.9915
vn -0.0004 0.1279 -0.9918
vn -0.0007 0.1316 -0.9913
vn -0.0001 0.1297 -0.9915
vn 0.0006 0.1268 -0.9919
vn -0.0000 0.1299 -0.9915
vn -0.0001 0.1300 -0.9915
vn -0.0003 0.7937 0.6083
vn -0.0003 0.7935 0.6086
vn -0.0004 0.7940 0.6079
vn 0.0009 0.7902 0.6128
vn -0.0001 0.7934 0.6087
vn -0.0005 0.7940 0.6079
vn 0.0003 0.7959 0.6054
vn 0.0003 -0.7072 -0.7070
vn 0.0006 -0.7080 -0.7062
vn -0.0015 -0.7042 -0.7100
vn 0.0182 -0.8172 -0.5761
vn -0.0003 0.7081 0.7061
vn -0.0002 0.7077 0.7065
vn -0.0003 0.7078 0.7064
vn -0.0000 0.7073 0.7069
vn 0.0002 -0.6093 -0.7930
vn 0.0003 -0.6094 -0.7928
vn 0.0009 -0.6066 -0.7950
vn -0.0004 -0.6082 -0.7938
vn 0.0003 -0.6096 -0.7927
vn -0.0000 -0.6087 -0.7934
vn 0.0002 -0.6093 -0.7929
vn 0.0008 -0.6134 -0.7897
vn 0.0002 -0.6092 -0.7930
vn -0.0007 0.9909 -0.1346
vn -0.0004 0.9914 -0.1308
vn -0.0004 0.9914 -0.1312
vn 0.0010 0.9922 -0.1249
vn -0.0005 0.9913 -0.1317
vn 0.0012 0.9919 -0.1269
vn -0.0003 0.9914 -0.1311
vn -0.0007 0.9916 -0.1294
vn 0.0005 -0.9916 -0.1295
vn 0.0004 -0.9915 -0.1298
vn 0.0001 -0.9918 -0.1279
vn -0.0003 -0.9913 -0.1316
vn 0.0004 -0.9915 -0.1297
vn 0.0011 -0.9919 -0.1268
vn 0.0004 -0.9915 -0.1299
vn 0.0004 -0.9915 -0.1300
vn -0.0003 0.6084 -0.7937
vn -0.0002 0.6086 -0.7935
vn -0.0003 0.6079 -0.7940
vn 0.0010 0.6128 -0.7903
vn -0.0002 0.6083 -0.7937
vn -0.0001 0.6087 -0.7934
vn -0.0004 0.6079 -0.7940
vn 0.0004 0.6054 -0.7959
vn 0.0003 -0.7070 0.7072
vn 0.0006 -0.7062 0.7080
vn -0.0015 -0.7100 0.7042
vn 0.0181 -0.5743 0.8185
vn -0.0003 0.7061 -0.7081
vn -0.0002 0.7065 -0.7077
vn -0.0002 0.7064 -0.7078
vn -0.0000 0.7069 -0.7073
vn 0.0002 -0.7930 0.6093
vn 0.0003 -0.7928 0.6094
vn 0.0009 -0.7950 0.6066
vn -0.0003 -0.7938 0.6081
vn 0.0003 -0.7927 0.6096
vn 0.0001 -0.7934 0.6087
vn 0.0003 -0.7929 0.6093
vn 0.0009 -0.7897 0.6134
vn 0.0003 -0.7930 0.6092
vn -0.0000 -0.1312 -0.9914
vn -0.0003 -0.1294 -0.9916
vn 0.0001 -0.1308 -0.9914
vn -0.0003 -0.1346 -0.9909
vn 0.0001 -0.1312 -0.9914
vn 0.0014 -0.1249 -0.9922
vn -0.0001 -0.1317 -0.9913
vn 0.0016 -0.1268 -0.9919
vn 0.0001 -0.1311 -0.9914
vn 0.0002 -0.1295 0.9916
vn -0.0000 -0.1298 0.9915
vn -0.0003 -0.1279 0.9918
vn -0.0006 -0.1316 0.9913
vn 0.0001 -0.1297 0.9915
vn 0.0007 -0.1268 0.9919
vn 0.0001 -0.1299 0.9915
vn 0.0001 -0.1300 0.9915
vn 0.0003 -0.7937 -0.6084
vn 0.0003 -0.7935 -0.6086
vn 0.0002 -0.7940 -0.6079
vn 0.0015 -0.7902 -0.6129
vn 0.0003 -0.7937 -0.6083
vn 0.0005 -0.7934 -0.6087
vn 0.0001 -0.7940 -0.6079
vn 0.0009 -0.7959 -0.6054
vn 0.5199 -0.5009 0.6919
vn 0.6989 -0.5695 0.4327
vn 0.5871 -0.5870 0.5574
vn 0.6484 -0.5559 0.5202
vn 0.5771 -0.5788 0.5762
vn 0.4519 -0.6068 0.6539
vn 0.1446 0.0397 0.9887
vn 0.1127 0.0105 0.9936
vn 0.1002 0.4144 0.9046
vn 0.1558 0.4152 0.8963
vn 0.3089 0.1067 0.9451
vn 0.3943 0.0773 0.9157
vn 0.2159 -0.3307 0.9187
vn -0.3991 0.2506 0.8820
vn 0.1762 -0.0990 0.9794
vn 0.1546 -0.0957 0.9833
vn 0.1590 -0.0913 0.9830
vn 0.2302 -0.5550 0.7994
vn -0.2724 -0.4505 0.8502
vn 0.1382 -0.4317 0.8914
vn 0.2064 -0.0070 0.9784
vn 0.0997 -0.1265 0.9869
vn 0.2043 -0.3155 0.9267
vn 0.1339 -0.4336 0.8911
vn 0.1471 -0.4327 0.8894
vn 0.6394 -0.4875 0.5946
vn 0.6557 -0.5087 0.5579
vn 0.6461 -0.5074 0.5702
vn 0.6380 -0.5154 0.5721
vn 0.6556 -0.5290 0.5389
vn 0.6600 -0.5238 0.5385
vn 0.5367 -0.1496 0.8304
vn 0.8685 -0.3259 0.3734
vn 0.4927 -0.1470 0.8577
vn 0.5763 -0.2309 0.7839
vn 0.4889 -0.3028 0.8181
vn 0.5496 -0.3458 0.7605
vn 0.4803 -0.4238 0.7679
vn 0.6467 -0.5501 0.5284
vn 0.6516 -0.5503 0.5221
vn 0.3855 0.2457 0.8894
vn 0.3626 0.1452 0.9206
vn 0.1342 0.5769 0.8057
vn 0.1907 0.4787 0.8570
vn 0.0494 0.5186 0.8536
vn 0.2326 -0.5601 0.7951
vn 0.2447 -0.5604 0.7912
vn 0.3688 -0.3562 0.8586
vn 0.2429 -0.2974 0.9233
vn 0.3927 -0.1305 0.9104
vn 0.1920 0.0166 0.9812
vn 0.2879 -0.0117 0.9576
vn 0.1476 0.2542 0.9558
vn 0.0299 0.1661 0.9857
vn 0.5998 -0.5652 0.5663
vn 0.5980 -0.5108 0.6176
vn 0.6040 -0.5630 0.5641
vn 0.5960 -0.5109 0.6195
vn 0.5947 -0.5086 0.6226
vn 0.4713 -0.6641 0.5804
vn 0.3666 -0.7257 0.5822
vn 0.3234 -0.4752 0.8183
vn 0.4727 -0.6635 0.5799
vn 0.2084 -0.4862 0.8486
vn 0.3322 -0.7423 0.5819
vn 0.3347 -0.7417 0.5813
vn 0.0658 0.5658 0.8219
vn 0.0501 0.5408 0.8396
vn 0.2104 0.6151 0.7599
vn 0.0465 0.5553 0.8304
vn 0.0442 0.5617 0.8262
vn 0.1438 0.1537 0.9776
vn 0.1447 0.1427 0.9791
vn 0.1082 0.3136 0.9434
vn 0.2203 0.1709 0.9603
vn 0.2188 0.1789 0.9592
vn 0.0714 0.5670 0.8206
vn 0.0761 0.5521 0.8303
vn 0.1286 0.5704 0.8112
vn 0.1232 0.5783 0.8065
vn 0.1274 0.5731 0.8095
vn 0.3559 0.2358 0.9043
vn 0.3600 0.2299 0.9042
vn 0.5287 -0.1543 0.8347
vn 0.2370 -0.6862 0.6878
vn 0.2376 -0.6884 0.6853
vn 0.2367 -0.6508 0.7214
vn 0.6029 -0.5245 0.6012
vn 0.5321 -0.1701 0.8294
vn 0.4333 -0.2158 0.8750
vn 0.2896 0.2050 0.9349
vn 0.2906 0.2032 0.9350
vn 0.1012 0.5641 0.8195
vn 0.1033 0.5615 0.8210
vn 0.2108 -0.2788 0.9369
vn 0.2127 -0.2867 0.9341
vn 0.3271 -0.2610 0.9082
vn 0.3265 -0.2591 0.9090
vn 0.4343 -0.2230 0.8727
vn 0.4896 -0.6043 0.6286
vn 0.4670 -0.5177 0.7169
vn 0.0469 -0.8940 -0.4456
vn 0.0680 -0.8532 -0.5171
vn 0.1125 -0.8636 -0.4915
vn 0.1299 -0.8710 -0.4738
vn -0.0622 -0.7367 -0.6734
vn 0.0575 -0.8624 -0.5030
vn 0.0486 -0.8897 -0.4539
vn 0.0551 -0.8630 -0.5022
vn 0.0605 -0.8706 -0.4882
vn 0.0358 -0.8664 -0.4980
vn 0.0319 -0.8672 -0.4969
vn 0.0445 -0.8839 -0.4655
vn 0.2609 -0.9647 0.0364
vn 0.2640 -0.9635 0.0442
vn 0.2127 -0.9357 0.2815
vn 0.2194 -0.9003 0.3759
vn 0.2209 -0.9001 0.3755
vn 0.4956 -0.7715 0.3989
vn 0.4272 -0.9039 -0.0207
vn 0.5400 -0.8145 0.2120
vn 0.4463 -0.8949 -0.0000
vn 0.1552 -0.9879 -0.0000
vn 0.2069 -0.9342 0.2906
vn 0.1734 -0.9830 0.0603
vn 0.1339 -0.9865 -0.0940
vn 0.1532 -0.9882 -0.0000
vn 0.5452 -0.8131 0.2040
vn 0.5319 -0.8249 0.1913
vn 0.5033 -0.8581 0.1020
vn 0.4949 -0.7718 0.3993
vn 0.3593 -0.8493 0.3868
vn 0.3606 -0.8490 0.3862
vn 0.3447 -0.8660 0.3622
vn 0.3298 -0.9108 0.2482
vn 0.2494 -0.9049 0.3449
vn 0.3703 -0.9188 -0.1365
vn 0.3638 -0.9197 -0.1475
vn 0.1278 -0.8702 -0.4759
vn 0.2700 -0.9216 -0.2787
vn 0.2240 -0.9412 -0.2530
vn 0.3519 -0.9358 0.0211
vn 0.3484 -0.9373 0.0103
vn 0.4403 -0.8571 0.2673
vn 0.4240 -0.8917 0.1583
vn 0.1362 -0.9872 -0.0835
vn 0.1101 -0.9670 -0.2297
vn 0.1648 -0.9556 -0.2444
vn 0.1665 -0.9567 -0.2386
vn 0.2195 -0.9403 -0.2601
vn 0.0776 -0.8628 -0.4995
vn 0.0677 -0.8533 -0.5170
vn -0.1276 -0.7646 -0.6317
vn 0.6722 -0.6678 0.3197
vn 0.1128 -0.2939 0.9492
vn -0.1039 -0.2135 0.9714
vn 0.2347 -0.6639 0.7100
vn 0.2348 -0.6636 0.7102
vn 0.2316 -0.6610 0.7137
vn 0.2200 -0.8059 0.5497
vn 0.2265 -0.9549 0.1922
vn 0.2232 -0.9554 0.1933
vn -0.2867 -0.9415 0.1774
vn 0.2891 -0.8806 0.3754
vn 0.2891 -0.8809 0.3748
vn 0.2056 -0.9742 -0.0936
vn -0.0917 -0.9904 -0.1038
vn -0.1385 -0.9834 -0.1177
vn -0.2087 -0.9624 -0.1738
vn 0.2267 -0.9550 0.1914
vn 0.2071 -0.9736 -0.0962
vn 0.0902 -0.9623 -0.2567
vn -0.2006 -0.9031 -0.3796
vn 0.1909 -0.9371 -0.2921
vn 0.2104 -0.9263 -0.3127
vn 0.0682 -0.9017 -0.4269
vn 0.4781 -0.8783 -0.0000
vn 0.6258 -0.7331 0.2661
vn 0.5908 -0.7885 0.1709
vn 0.4783 -0.8764 0.0555
vn 0.5177 -0.8488 0.1070
vn 0.4853 -0.8589 0.1636
vn 0.6692 -0.7020 0.2437
vn 0.6141 -0.7623 0.2045
vn 0.6725 -0.6983 0.2454
vn 0.6661 -0.7001 0.2575
vn 0.6328 -0.7457 0.2087
vn 0.6361 -0.7283 0.2547
vn 0.4999 -0.7746 0.3874
vn 0.5265 -0.7132 0.4628
vn 0.7006 -0.6543 0.2848
vn 0.6891 -0.6812 0.2474
vn 0.6895 -0.6735 0.2666
vn 0.6698 -0.6714 0.3170
vn 0.6660 -0.6688 0.3303
vn 0.6784 -0.6649 0.3126
vn 0.6937 -0.6537 0.3024
vn 0.6911 -0.6559 0.3037
vn 0.4689 -0.6239 0.6252
vn 0.4867 -0.6422 0.5922
vn 0.3633 -0.5488 0.7528
vn -0.0688 -0.3926 0.9172
vn 0.2694 -0.5996 0.7536
vn 0.3402 -0.6199 0.7071
vn 0.4674 -0.6638 0.5838
vn 0.6382 -0.6937 0.3339
vn 0.6360 -0.6782 0.3681
vn 0.5238 -0.6682 0.5283
vn 0.4869 -0.7230 0.4900
vn 0.2706 -0.7245 0.6339
vn 0.3374 -0.7364 0.5864
vn -0.1989 -0.5865 0.7851
vn -0.0630 -0.6696 0.7400
vn 0.5839 -0.7915 0.1805
vn 0.3838 -0.9091 -0.1622
vn 0.4900 -0.8707 0.0426
vn 0.3687 -0.9196 -0.1354
vn 0.3800 -0.5247 0.7618
vn 0.5872 -0.6888 0.4251
vn 0.6265 -0.7068 0.3285
vn 0.5896 -0.6770 0.4405
vn 0.5881 -0.6792 0.4391
vn 0.6895 -0.6597 0.2989
vn 0.6931 -0.6607 0.2883
vn 0.5224 -0.7633 0.3801
vn 0.5233 -0.7956 0.3051
vn 0.6159 -0.7393 0.2723
vn 0.5970 -0.7723 0.2173
vn 0.5968 -0.7722 0.2181
vn 0.2016 -0.4929 0.8464
vn 0.2347 -0.4553 0.8588
vn 0.3256 -0.5361 0.7788
vn 0.3009 -0.5065 0.8081
vn 0.1257 -0.2876 0.9495
vn 0.1230 -0.8728 -0.4723
vn 0.3232 -0.9299 -0.1755
vn 0.2734 -0.9543 -0.1205
vn 0.3358 -0.9406 -0.0498
vn 0.2725 -0.9601 0.0631
vn 0.3358 -0.9362 0.1035
vn 0.2911 -0.9197 0.2635
vn 0.3192 -0.9087 0.2691
vn 0.3181 -0.8321 0.4543
vn -0.0611 -0.8684 0.4920
vn 0.3198 -0.7814 0.5358
vn 0.2198 -0.8048 0.5513
vn 0.2206 -0.8045 0.5514
vn 0.5320 -0.7285 0.4317
vn 0.0502 -0.2506 0.9668
vn 0.0493 -0.2510 0.9667
vn 0.0397 -0.2813 0.9588
vn 0.0464 -0.3159 0.9476
vn 0.0427 -0.3020 0.9523
vn 0.0832 -0.2326 0.9690
vn 0.3481 -0.6682 0.6575
vn 0.5331 -0.7285 0.4302
vn 0.3378 -0.9154 0.2189
vn 0.3343 -0.9167 0.2188
vn 0.1744 -0.7390 0.6508
vn 0.0689 -0.2414 0.9680
vn 0.0638 -0.2761 0.9590
vn 0.1675 -0.5073 0.8453
vn 0.5266 -0.7411 0.4164
vn 0.3611 -0.5417 0.7591
vn 0.2767 -0.4475 0.8504
vn 0.4194 -0.6403 0.6436
vn 0.3560 -0.5553 0.7516
vn 0.1317 -0.2820 0.9503
vn 0.0877 -0.2294 0.9694
vn 0.2912 -0.5138 0.8069
vn 0.1249 -0.2829 0.9510
vn 0.2074 -0.8651 0.4568
vn 0.1561 -0.6976 0.6993
vn 0.1876 -0.8021 0.5670
vn 0.1936 -0.8662 0.4607
vn 0.4623 -0.8462 0.2651
vn 0.4615 -0.8466 0.2651
vn 0.4536 -0.8100 0.3716
vn 0.4069 -0.7755 0.4828
vn 0.5640 -0.7572 0.3294
vn 0.1338 -0.6288 0.7659
vn 0.1542 -0.6995 0.6978
vn 0.1336 -0.6289 0.7660
vn 0.0457 -0.3134 0.9485
vn 0.1094 -0.5195 0.8475
vn 0.1651 -0.5007 0.8497
vn 0.2631 -0.7085 0.6548
vn 0.2643 -0.7105 0.6522
vn 0.3647 -0.8982 0.2455
vn 0.2630 -0.7652 0.5877
vn 0.5712 -0.7516 0.3299
vn 0.4329 -0.6185 0.6558
vn 0.3518 -0.6750 0.6485
vn 0.2236 -0.4845 0.8457
vn 0.2203 -0.4803 0.8490
vn 0.0830 -0.2643 0.9608
vn 0.0669 -0.2424 0.9679
vn 0.0925 -0.1565 -0.9833
vn 0.1475 -0.1894 -0.9708
vn 0.1314 -0.1723 -0.9762
vn 0.1282 -0.1685 -0.9773
vn 0.0737 -0.1817 -0.9806
vn 0.0735 -0.1818 -0.9806
vn 0.0775 -0.1962 -0.9775
vn 0.0504 -0.1979 -0.9789
vn 0.3790 -0.9193 -0.1062
vn 0.2430 -0.9700 0.0054
vn 0.2429 -0.9700 0.0055
vn 0.6011 -0.7708 -0.2108
vn 0.5106 -0.8576 0.0625
vn 0.5107 -0.8575 0.0625
vn 0.2423 -0.9702 0.0055
vn 0.2366 -0.9704 -0.0489
vn 0.2104 -0.8641 -0.4572
vn 0.2868 -0.9580 -0.0000
vn 0.2748 -0.9557 -0.1058
vn 0.3274 -0.8270 -0.4570
vn 0.3261 -0.8252 -0.4611
vn 0.3683 -0.9292 0.0318
vn 0.3808 -0.9241 0.0317
vn 0.6127 -0.7866 -0.0765
vn 0.6001 -0.7921 -0.1117
vn 0.6041 -0.7969 -0.0000
vn 0.5319 -0.7073 -0.4656
vn 0.1887 -0.6943 -0.6945
vn 0.1456 -0.5894 -0.7946
vn 0.0448 -0.1880 -0.9811
vn 0.0474 -0.1988 -0.9789
vn 0.0634 -0.2433 -0.9679
vn 0.0513 -0.2093 -0.9765
vn 0.3550 -0.4727 -0.8066
vn 0.3636 -0.4824 -0.7969
vn 0.5282 -0.6993 -0.4817
vn 0.1290 -0.1695 -0.9771
vn 0.3585 -0.4762 -0.8029
vn 0.2918 -0.5201 -0.8027
vn 0.4336 -0.7716 -0.4655
vn 0.4343 -0.7740 -0.4609
vn 0.4881 -0.8683 -0.0888
vn 0.5032 -0.8450 -0.1810
vn 0.2106 -0.8605 -0.4640
vn 0.1417 -0.5804 -0.8019
vn 0.2195 -0.5555 -0.8020
vn 0.2188 -0.5525 -0.8043
vn 0.2904 -0.5183 -0.8044
vn 0.1092 -0.1960 -0.9745
vn 0.0924 -0.1566 -0.9833
vn 0.2193 -0.6553 -0.7229
vn 0.2013 -0.9790 0.0319
vn 0.5189 -0.7064 -0.4813
vn 0.2337 -0.9582 -0.1649
vn 0.4484 -0.8931 -0.0353
vn 0.5167 -0.8450 -0.1377
vn 0.4795 -0.8443 -0.2394
vn 0.5249 -0.8064 -0.2722
vn 0.5116 -0.7732 -0.3749
vn 0.5801 -0.7119 -0.3958
vn 0.6430 -0.7659 -0.0000
vn -0.0327 -0.7549 -0.6550
vn -0.0471 -0.7531 -0.6562
vn 0.1494 -0.8977 -0.4146
vn 0.1578 -0.8903 -0.4271
vn 0.0099 -0.9603 -0.2788
vn 0.1361 -0.5958 -0.7915
vn 0.1514 -0.6407 -0.7527
vn 0.0251 -0.7177 -0.6959
vn 0.2339 -0.5749 -0.7841
vn -0.0200 -0.2966 -0.9548
vn 0.1058 -0.1892 -0.9762
vn 0.2998 -0.5164 -0.8022
vn 0.3398 -0.5521 -0.7614
vn 0.3184 -0.5184 -0.7937
vn 0.1377 -0.8595 -0.4922
vn 0.2066 -0.8024 -0.5599
vn 0.0844 -0.8004 -0.5936
vn 0.2351 -0.6736 -0.7007
vn 0.0957 -0.5615 -0.8219
vn 0.2431 -0.4341 -0.8675
vn 0.0560 -0.2297 -0.9717
vn 0.5812 -0.8097 0.0807
vn 0.6299 -0.7760 0.0317
vn 0.5852 -0.8109 0.0026
vn 0.6230 -0.7821 0.0150
vn 0.6477 -0.7598 0.0554
vn 0.6505 -0.7578 0.0515
vn 0.6581 -0.7516 0.0449
vn 0.6410 -0.7672 -0.0197
vn 0.6440 -0.7647 -0.0217
vn 0.6451 -0.7641 -0.0060
vn 0.6430 -0.7658 0.0024
vn 0.6466 -0.7590 -0.0765
vn 0.4585 -0.6234 -0.6334
vn 0.3398 -0.7263 -0.5975
vn 0.3918 -0.7361 -0.5519
vn 0.2735 -0.8407 -0.4674
vn 0.2706 -0.8410 -0.4684
vn 0.3182 -0.9051 -0.2819
vn 0.2404 -0.9569 -0.1632
vn 0.0368 -0.9564 -0.2896
vn 0.1272 -0.9771 -0.1705
vn 0.5803 -0.8121 0.0608
vn 0.5966 -0.8000 0.0635
vn 0.5839 -0.8095 0.0612
vn 0.6608 -0.7505 -0.0000
vn 0.6606 -0.7504 0.0235
vn 0.6027 -0.7978 0.0170
vn 0.6376 -0.7672 0.0694
vn 0.5384 -0.8403 -0.0633
vn 0.5536 -0.8305 -0.0614
vn 0.6820 -0.7306 -0.0312
vn 0.6825 -0.7305 -0.0234
vn 0.5870 -0.8092 -0.0267
vn 0.6607 -0.7504 0.0192
vn 0.2200 -0.9755 -0.0089
vn 0.2475 -0.9685 -0.0282
vn 0.2028 -0.9790 -0.0204
vn 0.5803 -0.8117 -0.0664
vn 0.5640 -0.8234 -0.0621
vn 0.6150 -0.7856 -0.0681
vn 0.2100 -0.9775 -0.0214
vn 0.2200 -0.9755 -0.0090
vn 0.2568 -0.9664 -0.0081
vn 0.2341 -0.9722 0.0091
vn 0.2100 -0.9774 0.0229
vn 0.6376 -0.7672 0.0696
vn 0.5778 -0.8136 0.0650
vn 0.6147 -0.7857 0.0692
vn 0.2341 -0.9722 0.0086
vn 0.2344 -0.9721 0.0086
vn 0.2278 -0.9733 0.0269
vn 0.2279 -0.9733 0.0255
vn 0.2026 -0.9790 0.0234
vn 0.1644 -0.7621 0.6262
vn 0.1689 -0.7587 0.6292
vn 0.3862 -0.4542 0.8028
vn 0.0513 -0.2350 0.9706
vn 0.1872 -0.2641 0.9462
vn 0.3918 -0.7353 0.5530
vn 0.1334 -0.1639 0.9774
vn 0.3616 -0.5516 0.7517
vn 0.3095 -0.5946 0.7421
vn 0.3949 -0.5944 0.7006
vn 0.2926 -0.6834 0.6688
vn 0.1880 -0.6798 0.7089
vn 0.1527 -0.4940 0.8560
vn 0.0002 -0.5993 0.8005
vn 0.2083 -0.4290 0.8790
vn -0.0956 -0.3607 0.9278
vn 0.0980 -0.3424 0.9344
vn 0.2015 -0.8764 0.4374
vn 0.6388 -0.7654 0.0776
vn 0.6532 -0.7560 0.0421
vn 0.6313 -0.7730 0.0629
vn 0.6576 -0.7534 0.0045
vn 0.6552 -0.7554 0.0027
vn 0.2275 -0.9582 0.1732
vn 0.2404 -0.9566 0.1646
vn 0.2337 -0.9580 0.1663
vn -0.2678 -0.9209 0.2833
vn 0.1450 -0.9354 0.3224
vn 0.1203 -0.9420 0.3133
vn 0.1504 -0.9382 0.3117
vn 0.2210 -0.8850 0.4099
vn -0.4003 -0.4443 0.8015
vn 0.1552 -0.7589 0.6324
vn 0.6993 -0.7081 -0.0979
vn 0.5860 -0.8101 -0.0207
vn 0.6592 -0.7515 -0.0261
vn 0.6231 -0.7820 -0.0140
vn 0.4484 -0.8931 0.0366
vn 0.5167 -0.8448 0.1389
vn 0.3659 -0.8589 0.3583
vn 0.2416 -0.8627 0.4443
vn 0.0997 -0.7874 0.6083
vn 0.2056 -0.6980 0.6859
vn 0.1500 -0.6750 0.7224
vn 0.1164 -0.7005 0.7041
vn 0.5373 -0.6914 0.4830
vn 0.8823 -0.4707 0.0004
vn 0.4918 -0.7096 0.5045
vn 0.5759 -0.7171 0.3925
vn 0.4882 -0.7924 0.3658
vn 0.5476 -0.7825 0.2963
vn 0.4773 -0.8436 0.2459
vn 0.6455 -0.7636 -0.0159
vn 0.6583 -0.7523 -0.0277
vn 0.5995 -0.8004 0.0045
vn 0.6041 -0.7969 0.0045
vn 0.5960 -0.7990 0.0803
vn 0.5970 -0.7985 0.0775
vn 0.4716 -0.8797 -0.0609
vn 0.3666 -0.9246 -0.1033
vn 0.3244 -0.9156 0.2378
vn 0.4719 -0.8795 -0.0609
vn 0.2089 -0.9446 0.2532
vn 0.3330 -0.9355 -0.1178
vn 0.3281 -0.9373 -0.1178
vn 0.0702 -0.1807 0.9810
vn 0.0513 -0.2171 0.9748
vn 0.0501 -0.2081 0.9768
vn 0.1274 -0.1584 0.9791
vn 0.0581 -0.2414 0.9687
vn 0.0448 -0.1865 0.9814
vn 0.1432 -0.5788 0.8028
vn 0.1442 -0.5885 0.7955
vn 0.1706 -0.6969 0.6966
vn 0.2195 -0.5543 0.8028
vn 0.2188 -0.5513 0.8051
vn 0.0717 -0.1802 0.9810
vn 0.0756 -0.1946 0.9780
vn 0.1288 -0.1697 0.9770
vn 0.1235 -0.1608 0.9792
vn 0.1289 -0.1680 0.9773
vn 0.3585 -0.4750 0.8036
vn 0.3599 -0.4764 0.8022
vn 0.5282 -0.6986 0.4827
vn 0.2356 -0.9658 0.1084
vn 0.2366 -0.9716 -0.0000
vn 0.2366 -0.9703 0.0503
vn 0.6041 -0.7969 0.0007
vn 0.5319 -0.7066 0.4667
vn 0.4336 -0.7709 0.4666
vn 0.2918 -0.5189 0.8035
vn 0.2904 -0.5171 0.8052
vn 0.0996 -0.1776 0.9791
vn 0.1024 -0.1816 0.9780
vn 0.2106 -0.8598 0.4652
vn 0.2122 -0.8630 0.4585
vn 0.3274 -0.8263 0.4583
vn 0.3262 -0.8245 0.4623
vn 0.4343 -0.7733 0.4620
vn 0.4901 -0.8715 0.0159
vn 0.4664 -0.8726 0.1449
vn 0.2292 -0.8981 -0.3754
vn 0.3613 -0.8728 -0.3280
vn 0.0665 -0.2396 -0.9686
vn 0.1169 -0.2686 -0.9561
vn 0.1289 -0.2807 -0.9511
vn 0.3138 -0.4940 -0.8109
vn 0.0604 -0.2579 -0.9643
vn 0.0566 -0.2598 -0.9640
vn 0.0581 -0.2642 -0.9627
vn 0.0371 -0.2557 -0.9660
vn 0.2059 -0.8621 -0.4629
vn 0.1733 -0.7373 -0.6530
vn 0.2608 -0.7072 -0.6571
vn 0.2637 -0.7118 -0.6511
vn 0.2495 -0.9684 0.0037
vn 0.2186 -0.9010 -0.3747
vn 0.2118 -0.8595 -0.4652
vn 0.4953 -0.8275 -0.2644
vn 0.4264 -0.6244 -0.6545
vn 0.5401 -0.7264 -0.4250
vn 0.6254 -0.7803 -0.0000
vn 0.1720 -0.6970 -0.6961
vn 0.1439 -0.6290 -0.7640
vn 0.0454 -0.3149 -0.9480
vn 0.0300 -0.2581 -0.9657
vn 0.0852 -0.4104 -0.9079
vn 0.0504 -0.3143 -0.9480
vn 0.5448 -0.7184 -0.4325
vn 0.5309 -0.7177 -0.4506
vn 0.5037 -0.6801 -0.5327
vn 0.4959 -0.8272 -0.2644
vn 0.3503 -0.8777 -0.3271
vn 0.3300 -0.8197 -0.4681
vn 0.1850 -0.9233 -0.3365
vn 0.3652 -0.5482 -0.7524
vn 0.4470 -0.6351 -0.6299
vn 0.3607 -0.5431 -0.7582
vn 0.1316 -0.2836 -0.9499
vn 0.2694 -0.4539 -0.8493
vn 0.2234 -0.4859 -0.8450
vn 0.3515 -0.6762 -0.6475
vn 0.3478 -0.6693 -0.6566
vn 0.4405 -0.7954 -0.4163
vn 0.4248 -0.7444 -0.5151
vn 0.1336 -0.6300 -0.7650
vn 0.1042 -0.5274 -0.8432
vn 0.1664 -0.5066 -0.8460
vn 0.1662 -0.5059 -0.8464
vn 0.2184 -0.4795 -0.8499
vn 0.0797 -0.2607 -0.9621
vn 0.0682 -0.2385 -0.9688
vn 0.2963 -0.5117 -0.8064
vn 0.6839 -0.6862 -0.2477
vn 0.0926 -0.8897 0.4470
vn 0.0693 -0.8831 0.4641
vn 0.1817 -0.9832 0.0192
vn -0.0406 -0.9182 0.3940
vn 0.0504 -0.9571 0.2855
vn 0.1382 -0.9601 0.2431
vn 0.1361 -0.9610 0.2406
vn 0.2636 -0.9390 -0.2210
vn 0.2364 -0.9512 -0.1982
vn -0.0061 -0.9805 -0.1966
vn 0.2373 -0.9513 -0.1969
vn 0.2368 -0.9514 -0.1972
vn 0.2460 -0.8963 -0.3689
vn -0.2846 -0.7918 -0.5404
vn 0.2541 -0.8077 -0.5321
vn 0.1956 -0.6084 -0.7692
vn -0.0480 -0.6370 -0.7694
vn -0.1571 -0.6041 -0.7812
vn 0.2513 -0.8085 -0.5321
vn 0.2512 -0.8089 -0.5316
vn 0.1938 -0.6111 -0.7674
vn 0.0812 -0.4942 -0.8656
vn -0.1887 -0.3735 -0.9082
vn 0.2025 -0.4591 -0.8650
vn 0.2190 -0.4402 -0.8708
vn 0.0671 -0.3357 -0.9396
vn 0.7016 -0.7126 -0.0000
vn 0.6262 -0.7074 -0.3277
vn 0.5898 -0.6782 -0.4384
vn 0.4772 -0.6577 -0.5828
vn 0.5188 -0.6755 -0.5240
vn 0.4860 -0.7232 -0.4907
vn 0.5937 -0.7023 -0.3929
vn 0.6629 -0.6713 -0.3314
vn 0.6214 -0.6808 -0.3877
vn 0.6689 -0.6689 -0.3242
vn 0.6640 -0.6765 -0.3186
vn 0.6356 -0.6747 -0.3752
vn 0.6389 -0.6933 -0.3335
vn 0.7023 -0.6621 -0.2614
vn 0.6919 -0.6557 -0.3023
vn 0.6923 -0.6625 -0.2862
vn 0.6394 -0.7250 -0.2558
vn 0.6373 -0.7383 -0.2208
vn 0.6717 -0.6986 -0.2465
vn 0.6707 -0.6989 -0.2484
vn 0.5228 -0.8468 -0.0979
vn 0.4681 -0.8818 -0.0568
vn 0.4871 -0.8726 -0.0360
vn 0.5069 -0.8175 -0.2736
vn 0.2924 -0.9188 -0.2651
vn 0.3357 -0.9360 -0.1063
vn -0.1561 -0.9803 0.1207
vn 0.1814 -0.9832 0.0187
vn 0.5842 -0.6876 -0.4311
vn 0.3805 -0.5253 -0.7611
vn 0.4886 -0.6449 -0.5877
vn 0.4628 -0.6280 -0.6256
vn 0.3631 -0.5501 -0.7520
vn 0.3830 -0.9093 0.1629
vn 0.5836 -0.7920 -0.1795
vn 0.6272 -0.7308 -0.2694
vn 0.5121 -0.8589 -0.0000
vn 0.5889 -0.7913 -0.1646
vn 0.5808 -0.7946 -0.1770
vn 0.6840 -0.6862 -0.2476
vn 0.6914 -0.6723 -0.2645
vn 0.5185 -0.8106 -0.2721
vn 0.5199 -0.7804 -0.3474
vn 0.6164 -0.7149 -0.3302
vn 0.5968 -0.6988 -0.3945
vn 0.5964 -0.6998 -0.3933
vn 0.1225 -0.8723 0.4733
vn 0.3688 -0.9194 0.1369
vn -0.1275 -0.7626 0.6341
vn 0.3233 -0.9296 0.1770
vn 0.2648 -0.9577 0.1126
vn 0.3392 -0.9386 0.0630
vn 0.2686 -0.9611 -0.0641
vn 0.4852 -0.8587 -0.1648
vn 0.5327 -0.8270 -0.1796
vn 0.6694 -0.7015 -0.2444
vn 0.6847 -0.6855 -0.2476
vn 0.2460 -0.8959 -0.3700
vn 0.3233 -0.8627 -0.3887
vn 0.3220 -0.8321 -0.4516
vn 0.2940 -0.8360 -0.4634
vn 0.3379 -0.7357 -0.5870
vn 0.2737 -0.7240 -0.6331
vn 0.3367 -0.6310 -0.6990
vn 0.2676 -0.5862 -0.7647
vn 0.3184 -0.5292 -0.7865
vn 0.1260 -0.2886 -0.9491
vn 0.0475 -0.8587 0.5103
vn 0.0382 -0.8741 0.4842
vn 0.0450 -0.8910 0.4518
vn 0.0132 -0.8290 0.5591
vn 0.0673 -0.8568 0.5112
vn 0.1277 -0.8695 0.4771
vn -0.0628 -0.7336 0.6766
vn 0.0681 -0.8566 0.5115
vn 0.0843 -0.8671 0.4909
vn 0.0845 -0.8470 0.5248
vn 0.0858 -0.8464 0.5255
vn 0.1255 -0.8727 0.4719
vn 0.3525 -0.9356 -0.0194
vn 0.3490 -0.9371 -0.0087
vn 0.5693 -0.7680 -0.2935
vn 0.5343 -0.8178 -0.2136
vn 0.5324 -0.8196 -0.2117
vn 0.4620 -0.7858 -0.4111
vn 0.3382 -0.8008 -0.4943
vn 0.3376 -0.8010 -0.4944
vn 0.1734 -0.9831 -0.0589
vn 0.4472 -0.8944 -0.0000
vn 0.5402 -0.8148 -0.2106
vn 0.4273 -0.9039 0.0221
vn 0.3640 -0.9195 0.1487
vn 0.2055 -0.9387 -0.2767
vn 0.2491 -0.6847 -0.6850
vn 0.1870 -0.9682 -0.1662
vn 0.1927 -0.9400 -0.2815
vn 0.4634 -0.7841 -0.4129
vn 0.4614 -0.7848 -0.4137
vn 0.4531 -0.8369 -0.3070
vn 0.4058 -0.8912 -0.2028
vn 0.5615 -0.7719 -0.2982
vn 0.1361 -0.9870 0.0858
vn 0.1541 -0.9880 -0.0000
vn 0.1339 -0.9864 0.0956
vn 0.0466 -0.8935 0.4467
vn 0.1103 -0.9670 0.2296
vn 0.1662 -0.9553 0.2445
vn 0.2620 -0.9645 -0.0346
vn 0.2650 -0.9633 -0.0424
vn 0.3653 -0.8062 -0.4655
vn 0.2628 -0.9567 -0.1253
vn 0.3704 -0.9186 0.1381
vn 0.2700 -0.9212 0.2801
vn 0.2244 -0.9407 0.2546
vn 0.2199 -0.9398 0.2617
vn 0.1674 -0.9562 0.2403
vn 0.0630 -0.8719 0.4857
vn 0.0487 -0.8585 0.5106
vn 0.3787 -0.5717 -0.7278
vn 0.2485 -0.6827 -0.6871
vn 0.2297 -0.6911 -0.6853
vn 0.6010 -0.3982 -0.6930
vn 0.5106 -0.6513 -0.5613
vn 0.5110 -0.6511 -0.5612
vn 0.6126 -0.5038 -0.6090
vn 0.0933 0.5825 -0.8075
vn 0.1502 0.5490 -0.8222
vn 0.1321 0.5671 -0.8130
vn 0.1272 0.5724 -0.8100
vn 0.0726 0.5663 -0.8210
vn 0.0761 0.5555 -0.8280
vn 0.0481 0.5554 -0.8302
vn 0.2422 -0.6889 -0.6832
vn 0.2367 -0.6519 -0.7205
vn 0.2105 -0.2885 -0.9341
vn 0.2860 -0.6762 -0.6790
vn 0.2865 -0.6784 -0.6765
vn 0.3271 -0.2623 -0.9078
vn 0.3265 -0.2604 -0.9086
vn 0.3683 -0.6762 -0.6381
vn 0.3803 -0.6727 -0.6347
vn 0.6140 -0.5046 -0.6070
vn 0.6000 -0.4811 -0.6392
vn 0.6029 -0.5255 -0.6003
vn 0.5321 -0.1713 -0.8291
vn 0.0885 0.3142 -0.9452
vn 0.1460 0.1414 -0.9791
vn 0.0442 0.5603 -0.8271
vn 0.0458 0.5549 -0.8307
vn 0.0470 0.5530 -0.8318
vn 0.0521 0.5398 -0.8402
vn 0.3609 0.2273 -0.9045
vn 0.3593 0.2298 -0.9045
vn 0.5287 -0.1555 -0.8345
vn 0.1274 0.5719 -0.8104
vn 0.3559 0.2345 -0.9046
vn 0.2896 0.2036 -0.9352
vn 0.4333 -0.2171 -0.8747
vn 0.4343 -0.2243 -0.8724
vn 0.4873 -0.5476 -0.6802
vn 0.5022 -0.4656 -0.7287
vn 0.2108 -0.2801 -0.9365
vn 0.1429 0.1520 -0.9780
vn 0.2203 0.1695 -0.9606
vn 0.2188 0.1775 -0.9595
vn 0.2906 0.2019 -0.9353
vn 0.1082 0.5518 -0.8269
vn 0.0932 0.5824 -0.8075
vn 0.2237 0.0407 -0.9738
vn 0.2042 -0.7092 -0.6748
vn 0.5111 -0.2838 -0.8113
vn 0.5244 -0.3821 -0.7609
vn 0.4815 -0.4292 -0.7642
vn 0.5172 -0.4987 -0.6956
vn -0.0529 -0.0571 -0.9970
vn -0.0334 -0.0598 -0.9977
vn 0.1495 -0.3341 -0.9306
vn 0.1497 -0.3339 -0.9306
vn 0.0014 -0.4873 -0.8733
vn 0.1356 0.1344 -0.9816
vn 0.1479 0.0875 -0.9851
vn -0.0000 -0.0255 -0.9997
vn 0.2303 0.1539 -0.9609
vn -0.0191 0.4644 -0.8854
vn 0.1039 0.5590 -0.8226
vn 0.3045 0.1916 -0.9330
vn 0.3426 0.1398 -0.9290
vn 0.3140 0.2022 -0.9276
vn 0.1389 -0.2622 -0.9550
vn 0.2083 -0.1722 -0.9628
vn 0.0842 -0.1464 -0.9856
vn 0.2352 0.0201 -0.9717
vn 0.0965 0.1838 -0.9782
vn 0.2431 0.3052 -0.9207
vn 0.0548 0.5250 -0.8494
vn 0.5822 -0.6276 -0.5169
vn 0.6292 -0.5711 -0.5272
vn 0.5869 -0.5749 -0.5701
vn 0.4500 -0.6041 -0.6576
vn 0.5713 -0.6139 -0.5447
vn 0.2327 -0.5600 -0.7951
vn 0.5199 -0.1605 -0.8390
vn 0.5809 -0.2246 -0.7824
vn 0.6412 -0.5052 -0.5776
vn 0.6422 -0.5129 -0.5697
vn 0.6456 -0.4847 -0.5901
vn 0.6464 -0.5762 -0.5001
vn 0.6398 -0.5864 -0.4968
vn 0.6596 -0.5634 -0.4975
vn 0.6427 -0.5290 -0.5542
vn 0.6434 -0.5283 -0.5541
vn 0.6440 -0.5343 -0.5475
vn 0.6536 -0.4978 -0.5701
vn 0.4583 0.0091 -0.8888
vn 0.3382 -0.0909 -0.9367
vn 0.3877 -0.1281 -0.9128
vn 0.2711 -0.2591 -0.9270
vn 0.2677 -0.2586 -0.9282
vn 0.3167 -0.4402 -0.8402
vn 0.2390 -0.5602 -0.7932
vn 0.0401 -0.4726 -0.8804
vn 0.1376 -0.5781 -0.8043
vn 0.6595 -0.5444 -0.5183
vn 0.5795 -0.6204 -0.5285
vn 0.2447 -0.6656 -0.7051
vn 0.2045 -0.6773 -0.7067
vn 0.2092 -0.6761 -0.7065
vn 0.5701 -0.5347 -0.6238
vn 0.2318 -0.6937 -0.6820
vn 0.2318 -0.6939 -0.6818
vn 0.2548 -0.6781 -0.6894
vn 0.2189 -0.6836 -0.6962
vn 0.2189 -0.6834 -0.6964
vn 0.2043 -0.7087 -0.6753
vn 0.2279 -0.7063 -0.6702
vn 0.2092 -0.7074 -0.6751
vn 0.5710 -0.6238 -0.5338
vn 0.2279 -0.7065 -0.6700
vn 0.2329 -0.6936 -0.6817
vn 0.6175 -0.5713 -0.5407
vn 0.6055 -0.5751 -0.5501
vn 0.6352 -0.5901 -0.4982
vn 0.6349 -0.5930 -0.4952
vn 0.6061 -0.6064 -0.5147
vn 0.5845 -0.6154 -0.5288
vn 0.5877 -0.5530 -0.5906
vn 0.6525 -0.5197 -0.5514
vn 0.6807 -0.4950 -0.5399
vn 0.5814 -0.5259 -0.6209
vn 0.5571 -0.5421 -0.6291
vn 0.5567 -0.5423 -0.6293
vn 0.6807 -0.4947 -0.5402
vn 0.5200 -0.6917 -0.5011
vn 0.6989 -0.4324 -0.5698
vn 0.5871 -0.5572 -0.5873
vn 0.6483 -0.5200 -0.5561
vn 0.5771 -0.5757 -0.5792
vn 0.4519 -0.6537 -0.6070
vn 0.1450 -0.9886 0.0396
vn 0.1131 -0.9935 0.0105
vn 0.1007 -0.9045 0.4144
vn 0.1563 -0.8962 0.4151
vn 0.3093 -0.9450 0.1066
vn 0.3947 -0.9156 0.0772
vn 0.2161 -0.9186 -0.3308
vn -0.3987 -0.8821 0.2507
vn 0.1766 -0.9793 -0.0990
vn 0.1549 -0.9833 -0.0957
vn 0.1594 -0.9830 -0.0913
vn 0.2302 -0.7993 -0.5551
vn -0.2722 -0.8503 -0.4503
vn 0.1384 -0.8913 -0.4317
vn 0.2068 -0.9784 -0.0071
vn 0.1000 -0.9869 -0.1265
vn 0.2046 -0.9266 -0.3157
vn 0.1341 -0.8911 -0.4336
vn 0.1473 -0.8894 -0.4328
vn 0.6394 -0.5943 -0.4878
vn 0.6557 -0.5577 -0.5089
vn 0.6461 -0.5699 -0.5077
vn 0.6380 -0.5718 -0.5157
vn 0.6556 -0.5386 -0.5292
vn 0.6601 -0.5382 -0.5241
vn 0.5369 -0.8302 -0.1498
vn 0.8688 -0.3727 -0.3261
vn 0.4929 -0.8575 -0.1472
vn 0.5765 -0.7837 -0.2312
vn 0.4891 -0.8179 -0.3031
vn 0.5497 -0.7603 -0.3460
vn 0.4804 -0.7677 -0.4240
vn 0.6467 -0.5282 -0.5503
vn 0.6516 -0.5219 -0.5505
vn 0.3859 -0.8893 0.2455
vn 0.3630 -0.9204 0.1451
vn 0.1347 -0.8057 0.5768
vn 0.1913 -0.8569 0.4787
vn 0.0499 -0.8536 0.5186
vn 0.2326 -0.7950 -0.5602
vn 0.2448 -0.7911 -0.5605
vn 0.3690 -0.8584 -0.3563
vn 0.2431 -0.9233 -0.2975
vn 0.3930 -0.9102 -0.1307
vn 0.1924 -0.9812 0.0166
vn 0.2883 -0.9575 -0.0118
vn 0.1481 -0.9558 0.2541
vn 0.0304 -0.9856 0.1661
vn 0.5998 -0.5661 -0.5655
vn 0.5980 -0.6174 -0.5111
vn 0.0663 -0.8219 0.5658
vn 0.0507 -0.8396 0.5408
vn 0.2107 -0.7601 0.6146
vn 0.6040 -0.5639 -0.5633
vn 0.5961 -0.6192 -0.5111
vn 0.5947 -0.6224 -0.5088
vn 0.4713 -0.5802 -0.6642
vn 0.3665 -0.5821 -0.7259
vn 0.3235 -0.8182 -0.4753
vn 0.4727 -0.5797 -0.6637
vn 0.2085 -0.8485 -0.4863
vn 0.3321 -0.5818 -0.7425
vn 0.3346 -0.5811 -0.7419
vn 0.0472 -0.8309 0.5545
vn 0.0446 -0.8261 0.5618
vn 0.1442 -0.9775 0.1536
vn 0.1452 -0.9791 0.1426
vn 0.1088 -0.9432 0.3138
vn 0.2207 -0.9603 0.1709
vn 0.2192 -0.9592 0.1788
vn 0.0719 -0.8206 0.5670
vn 0.0766 -0.8303 0.5521
vn 0.1291 -0.8112 0.5704
vn 0.1237 -0.8064 0.5782
vn 0.1287 -0.8094 0.5729
vn 0.3564 -0.9041 0.2357
vn 0.3604 -0.9041 0.2297
vn 0.5290 -0.8345 -0.1545
vn 0.2370 -0.6875 -0.6864
vn 0.2367 -0.6867 -0.6873
vn 0.2367 -0.7213 -0.6509
vn 0.6032 -0.6005 -0.5249
vn 0.5324 -0.8292 -0.1703
vn 0.4336 -0.8748 -0.2160
vn 0.2901 -0.9348 0.2049
vn 0.2910 -0.9349 0.2031
vn 0.1017 -0.8194 0.5641
vn 0.1039 -0.8210 0.5615
vn 0.2111 -0.9368 -0.2789
vn 0.2129 -0.9340 -0.2867
vn 0.3274 -0.9081 -0.2611
vn 0.3268 -0.9088 -0.2592
vn 0.4345 -0.8725 -0.2232
vn 0.4896 -0.6284 -0.6045
vn 0.4670 -0.7167 -0.5179
vn 0.0464 0.4456 -0.8940
vn 0.0675 0.5172 -0.8532
vn 0.1119 0.4916 -0.8636
vn 0.1294 0.4738 -0.8711
vn -0.0640 0.6726 -0.7373
vn 0.0569 0.5031 -0.8623
vn 0.0481 0.4540 -0.8897
vn 0.0546 0.5022 -0.8630
vn 0.0599 0.4882 -0.8707
vn 0.0353 0.4980 -0.8665
vn 0.0314 0.4969 -0.8672
vn 0.0441 0.4622 -0.8857
vn 0.2606 -0.0362 -0.9648
vn 0.2636 -0.0441 -0.9636
vn 0.2124 -0.2814 -0.9358
vn 0.2192 -0.3757 -0.9004
vn 0.2207 -0.3754 -0.9002
vn 0.4955 -0.3987 -0.7717
vn 0.4268 0.0209 -0.9041
vn 0.5397 -0.2118 -0.8148
vn 0.4461 -0.0032 -0.8950
vn 0.1547 -0.0000 -0.9880
vn 0.2067 -0.2905 -0.9343
vn 0.1730 -0.0602 -0.9831
vn 0.1334 0.0941 -0.9866
vn 0.1521 -0.0000 -0.9884
vn 0.5449 -0.2038 -0.8133
vn 0.5316 -0.1911 -0.8251
vn 0.5030 -0.1019 -0.8583
vn 0.4947 -0.3991 -0.7720
vn 0.3591 -0.3866 -0.8494
vn 0.3604 -0.3861 -0.8491
vn 0.3445 -0.3621 -0.8662
vn 0.3296 -0.2481 -0.9110
vn 0.2494 -0.3441 -0.9052
vn 0.3698 0.1367 -0.9190
vn 0.3635 0.1475 -0.9199
vn 0.1273 0.4760 -0.8702
vn 0.2695 0.2788 -0.9218
vn 0.2236 0.2531 -0.9413
vn 0.3515 -0.0209 -0.9359
vn 0.3480 -0.0102 -0.9374
vn 0.4401 -0.2671 -0.8573
vn 0.4237 -0.1581 -0.8919
vn 0.1358 0.0835 -0.9872
vn 0.1096 0.2297 -0.9671
vn 0.1643 0.2445 -0.9556
vn 0.1661 0.2387 -0.9568
vn 0.2191 0.2602 -0.9404
vn 0.0770 0.4995 -0.8629
vn 0.0671 0.5170 -0.8533
vn -0.1275 0.6327 -0.7639
vn 0.6721 -0.3194 -0.6681
vn 0.1807 -0.4514 -0.8738
vn 0.1128 -0.9491 -0.2942
vn -0.1239 -0.9722 -0.1986
vn 0.2257 -0.7157 -0.6609
vn 0.2260 -0.7160 -0.6606
vn 0.2029 -0.7403 -0.6409
vn 0.1998 -0.6026 -0.7726
vn 0.3449 -0.6088 -0.7144
vn 0.0404 -0.4697 -0.8819
vn -0.0038 -0.2327 -0.9725
vn -0.0135 -0.2299 -0.9731
vn -0.0237 -0.2323 -0.9723
vn 0.1794 -0.0653 -0.9816
vn -0.0441 0.0747 -0.9962
vn 0.1823 0.1306 -0.9745
vn 0.1836 0.1325 -0.9740
vn 0.0980 0.2503 -0.9632
vn -0.0788 0.3282 -0.9413
vn 0.1734 0.3256 -0.9295
vn 0.1864 0.3395 -0.9219
vn 0.0728 0.4309 -0.8995
vn 0.4788 -0.0032 -0.8779
vn 0.6257 -0.2659 -0.7334
vn 0.5905 -0.1706 -0.7888
vn 0.4780 -0.0553 -0.8766
vn 0.5175 -0.1068 -0.8490
vn 0.4850 -0.1635 -0.8591
vn 0.6690 -0.2435 -0.7023
vn 0.6139 -0.2043 -0.7625
vn 0.6723 -0.2451 -0.6985
vn 0.6659 -0.2572 -0.7003
vn 0.6326 -0.2084 -0.7459
vn 0.6360 -0.2545 -0.7285
vn 0.4998 -0.3872 -0.7748
vn 0.5264 -0.4626 -0.7134
vn 0.7004 -0.2846 -0.6545
vn 0.6890 -0.2471 -0.6814
vn 0.6894 -0.2663 -0.6737
vn 0.6697 -0.3168 -0.6717
vn 0.6659 -0.3300 -0.6691
vn 0.6782 -0.3123 -0.6652
vn 0.6935 -0.3021 -0.6540
vn 0.6909 -0.3034 -0.6562
vn 0.4699 -0.6242 -0.6242
vn 0.4867 -0.5920 -0.6424
vn 0.3634 -0.7527 -0.5490
vn -0.0633 -0.9157 -0.3968
vn 0.2658 -0.7557 -0.5985
vn 0.3403 -0.7069 -0.6200
vn 0.4674 -0.5836 -0.6640
vn 0.6380 -0.3337 -0.6940
vn 0.6359 -0.3679 -0.6784
vn 0.5237 -0.5282 -0.6684
vn 0.4868 -0.4898 -0.7232
vn 0.2706 -0.6338 -0.7246
vn 0.3373 -0.5862 -0.7366
vn -0.1948 -0.7847 -0.5885
vn 0.1993 -0.6015 -0.7736
vn 0.5836 -0.1803 -0.7918
vn 0.3834 0.1623 -0.9092
vn 0.4897 -0.0424 -0.8709
vn 0.3683 0.1356 -0.9198
vn 0.3801 -0.7617 -0.5248
vn 0.5871 -0.4249 -0.6891
vn 0.6264 -0.3283 -0.7070
vn 0.5895 -0.4402 -0.6772
vn 0.5879 -0.4389 -0.6795
vn 0.6894 -0.2986 -0.6600
vn 0.6929 -0.2881 -0.6610
vn 0.5223 -0.3799 -0.7635
vn 0.5232 -0.3049 -0.7958
vn 0.6157 -0.2721 -0.7395
vn 0.5967 -0.2171 -0.7725
vn 0.5965 -0.2179 -0.7725
vn 0.2051 -0.8423 -0.4984
vn 0.2394 -0.8555 -0.4590
vn 0.3237 -0.7812 -0.5338
vn 0.3010 -0.8083 -0.5060
vn 0.1259 -0.9494 -0.2877
vn 0.1224 0.4724 -0.8728
vn 0.3228 0.1756 -0.9301
vn 0.2730 0.1207 -0.9544
vn 0.3355 0.0498 -0.9407
vn 0.2721 -0.0630 -0.9602
vn 0.3355 -0.1034 -0.9363
vn 0.2908 -0.2633 -0.9198
vn 0.3190 -0.2689 -0.9088
vn 0.3180 -0.4542 -0.8322
vn 0.1807 -0.4764 -0.8605
vn 0.0497 -0.4741 -0.8791
vn 0.5319 -0.4315 -0.7287
vn 0.0505 -0.9668 -0.2506
vn 0.0496 -0.9667 -0.2510
vn 0.0400 -0.9588 -0.2813
vn 0.0466 -0.9476 -0.3160
vn 0.0430 -0.9522 -0.3024
vn 0.0835 -0.9690 -0.2326
vn 0.3481 -0.6574 -0.6683
vn 0.5330 -0.4300 -0.7287
vn 0.3375 -0.2188 -0.9155
vn 0.3340 -0.2187 -0.9169
vn 0.1744 -0.6507 -0.7390
vn 0.0692 -0.9680 -0.2414
vn 0.0641 -0.9590 -0.2761
vn 0.1676 -0.8453 -0.5074
vn 0.5264 -0.4163 -0.7413
vn 0.3611 -0.7589 -0.5418
vn 0.2768 -0.8503 -0.4476
vn 0.4208 -0.6414 -0.6415
vn 0.3561 -0.7515 -0.5554
vn 0.1320 -0.9503 -0.2821
vn 0.0880 -0.9693 -0.2294
vn 0.2921 -0.8061 -0.5147
vn 0.1252 -0.9509 -0.2830
vn 0.2072 -0.4568 -0.8651
vn 0.1565 -0.6982 -0.6986
vn 0.1875 -0.5669 -0.8022
vn 0.1935 -0.4606 -0.8663
vn 0.4621 -0.2650 -0.8463
vn 0.4612 -0.2650 -0.8468
vn 0.4534 -0.3714 -0.8102
vn 0.4068 -0.4827 -0.7756
vn 0.5639 -0.3292 -0.7574
vn 0.1338 -0.7659 -0.6289
vn 0.1538 -0.6997 -0.6977
vn 0.1337 -0.7659 -0.6289
vn 0.0460 -0.9485 -0.3134
vn 0.1096 -0.8474 -0.5195
vn 0.1652 -0.8497 -0.5007
vn 0.2630 -0.6547 -0.7086
vn 0.2643 -0.6521 -0.7106
vn 0.3644 -0.2452 -0.8984
vn 0.2629 -0.5876 -0.7652
vn 0.5710 -0.3297 -0.7518
vn 0.4329 -0.6556 -0.6187
vn 0.3518 -0.6484 -0.6752
vn 0.2238 -0.8456 -0.4846
vn 0.2205 -0.8489 -0.4804
vn 0.0833 -0.9608 -0.2644
vn 0.0672 -0.9678 -0.2424
vn 0.3608 0.3282 -0.8730
vn 0.0660 0.9686 -0.2396
vn 0.1164 0.9562 -0.2686
vn 0.1284 0.9511 -0.2808
vn 0.3142 0.8098 -0.4954
vn 0.0598 0.9643 -0.2580
vn 0.0449 0.9481 -0.3149
vn 0.0730 0.9061 -0.4166
vn 0.0561 0.9640 -0.2598
vn 0.0577 0.9627 -0.2642
vn 0.0366 0.9660 -0.2558
vn 0.0297 0.9657 -0.2581
vn 0.0499 0.9480 -0.3144
vn 0.2603 0.6572 -0.7073
vn 0.2631 0.6512 -0.7118
vn 0.2113 0.4653 -0.8595
vn 0.2181 0.3748 -0.9011
vn 0.2287 0.3755 -0.8982
vn 0.4949 0.2646 -0.8277
vn 0.4258 0.6547 -0.6245
vn 0.5423 0.4182 -0.7287
vn 0.2489 -0.0000 -0.9685
vn 0.2054 0.4628 -0.8623
vn 0.1727 0.6531 -0.7373
vn 0.1330 0.7651 -0.6301
vn 0.1535 0.6985 -0.6990
vn 0.5444 0.4327 -0.7186
vn 0.5304 0.4508 -0.7179
vn 0.5032 0.5329 -0.6803
vn 0.4954 0.2647 -0.8273
vn 0.3498 0.3272 -0.8778
vn 0.3295 0.4683 -0.8198
vn 0.1841 0.3360 -0.9237
vn 0.3647 0.7525 -0.5484
vn 0.4445 0.6326 -0.6342
vn 0.3602 0.7584 -0.5432
vn 0.1311 0.9499 -0.2836
vn 0.2689 0.8494 -0.4541
vn 0.2229 0.8451 -0.4860
vn 0.3510 0.6476 -0.6763
vn 0.3473 0.6567 -0.6695
vn 0.4401 0.4165 -0.7955
vn 0.4243 0.5153 -0.7446
vn 0.1334 0.7642 -0.6311
vn 0.1100 0.8437 -0.5255
vn 0.1659 0.8460 -0.5067
vn 0.1656 0.8465 -0.5060
vn 0.2179 0.8500 -0.4796
vn 0.0793 0.9621 -0.2608
vn 0.0677 0.9688 -0.2385
vn 0.2962 0.8070 -0.5109
vn 0.6835 0.2480 -0.6865
vn 0.1755 0.2964 -0.9388
vn 0.2310 -0.0377 -0.9722
vn 0.2486 -0.0134 -0.9685
vn -0.0641 -0.3673 -0.9279
vn 0.2064 -0.2429 -0.9478
vn 0.2402 -0.2793 -0.9297
vn -0.1234 -0.5466 -0.8282
vn 0.1130 -0.4626 -0.8793
vn 0.1963 0.1205 -0.9731
vn 0.1972 0.1173 -0.9733
vn -0.0110 0.5239 -0.8517
vn -0.0222 0.5268 -0.8497
vn -0.0340 0.5240 -0.8511
vn 0.1736 0.6512 -0.7388
vn -0.0407 0.7558 -0.6535
vn 0.1870 0.7796 -0.5976
vn 0.1873 0.7799 -0.5973
vn 0.1023 0.8558 -0.5071
vn -0.0757 0.8965 -0.4365
vn 0.1681 0.8868 -0.4304
vn 0.1856 0.8929 -0.4101
vn 0.0731 0.9411 -0.3302
vn 0.6258 0.3280 -0.7076
vn 0.5894 0.4386 -0.6784
vn 0.4767 0.5831 -0.6579
vn 0.5183 0.5242 -0.6757
vn 0.4855 0.4909 -0.7234
vn 0.5933 0.3931 -0.7024
vn 0.6625 0.3317 -0.6716
vn 0.6210 0.3879 -0.6811
vn 0.6686 0.3245 -0.6691
vn 0.6636 0.3188 -0.6768
vn 0.6352 0.3754 -0.6749
vn 0.6385 0.3337 -0.6935
vn 0.5064 0.2738 -0.8177
vn 0.7019 0.2617 -0.6624
vn 0.6916 0.3026 -0.6559
vn 0.6919 0.2865 -0.6627
vn 0.6391 0.2561 -0.7253
vn 0.6369 0.2211 -0.7385
vn 0.6713 0.2468 -0.6989
vn 0.6704 0.2486 -0.6991
vn 0.5225 0.0981 -0.8470
vn 0.4677 0.0570 -0.8820
vn 0.4867 0.0362 -0.8728
vn -0.0018 0.3152 -0.9490
vn 0.3434 0.0717 -0.9364
vn 0.3352 0.1065 -0.9361
vn -0.1930 -0.1370 -0.9716
vn 0.2301 -0.0361 -0.9725
vn 0.5867 0.4243 -0.6898
vn 0.3800 0.7612 -0.5255
vn 0.4881 0.5879 -0.6451
vn 0.4625 0.6279 -0.6260
vn 0.3625 0.7522 -0.5503
vn 0.3828 -0.1627 -0.9094
vn 0.5832 0.1798 -0.7922
vn 0.6268 0.2696 -0.7310
vn 0.5121 -0.0000 -0.8589
vn 0.5885 0.1648 -0.7915
vn 0.5804 0.1774 -0.7948
vn 0.6836 0.2478 -0.6865
vn 0.6911 0.2648 -0.6726
vn 0.5182 0.2723 -0.8108
vn 0.5195 0.3476 -0.7806
vn 0.6159 0.3304 -0.7152
vn 0.5963 0.3947 -0.6990
vn 0.5960 0.3935 -0.7000
vn 0.1224 -0.4732 -0.8724
vn 0.3685 -0.1367 -0.9195
vn -0.1282 -0.6359 -0.7610
vn 0.3224 -0.1780 -0.9297
vn 0.2638 -0.1130 -0.9579
vn 0.3390 -0.0629 -0.9387
vn 0.2683 0.0642 -0.9612
vn 0.4848 0.1650 -0.8589
vn 0.5323 0.1798 -0.8273
vn 0.6691 0.2447 -0.7018
vn 0.6843 0.2478 -0.6858
vn 0.1256 0.9491 -0.2887
vn 0.3199 0.7842 -0.5317
vn 0.2703 0.7625 -0.5878
vn 0.3365 0.6994 -0.6306
vn 0.2732 0.6332 -0.7241
vn 0.3374 0.5871 -0.7358
vn 0.2935 0.4635 -0.8361
vn 0.3215 0.4517 -0.8322
vn 0.3211 0.2672 -0.9086
vn 0.1756 0.2716 -0.9462
vn 0.0482 0.2859 -0.9571
vn 0.0474 -0.5102 -0.8587
vn 0.0381 -0.4842 -0.8741
vn 0.0448 -0.4518 -0.8910
vn 0.0132 -0.5581 -0.8296
vn 0.0672 -0.5112 -0.8568
vn 0.1277 -0.4772 -0.8695
vn -0.0642 -0.6738 -0.7361
vn 0.0680 -0.5115 -0.8566
vn 0.0842 -0.4908 -0.8672
vn 0.0843 -0.5248 -0.8471
vn 0.0857 -0.5255 -0.8464
vn 0.1254 -0.4718 -0.8727
vn 0.3521 0.0195 -0.9358
vn 0.3486 0.0088 -0.9372
vn 0.5689 0.2937 -0.7682
vn 0.5339 0.2138 -0.8180
vn 0.5320 0.2119 -0.8198
vn 0.3377 0.4944 -0.8010
vn 0.3371 0.4945 -0.8011
vn 0.4615 0.4112 -0.7861
vn 0.1730 0.0589 -0.9832
vn 0.4489 -0.0000 -0.8936
vn 0.5397 0.2109 -0.8150
vn 0.4269 -0.0219 -0.9040
vn 0.3636 -0.1487 -0.9196
vn 0.2050 0.2770 -0.9387
vn 0.2490 0.6852 -0.6845
vn 0.1866 0.1663 -0.9683
vn 0.1923 0.2816 -0.9401
vn 0.4629 0.4130 -0.7843
vn 0.4609 0.4139 -0.7850
vn 0.4527 0.3072 -0.8371
vn 0.4053 0.2030 -0.8913
vn 0.5610 0.2984 -0.7721
vn 0.1358 -0.0857 -0.9870
vn 0.1538 -0.0000 -0.9881
vn 0.1335 -0.0954 -0.9864
vn 0.0465 -0.4469 -0.8934
vn 0.1100 -0.2295 -0.9671
vn 0.1659 -0.2444 -0.9554
vn 0.2616 0.0347 -0.9646
vn 0.2646 0.0425 -0.9634
vn 0.3648 0.4656 -0.8063
vn 0.2624 0.1254 -0.9568
vn 0.3701 -0.1379 -0.9187
vn 0.2697 -0.2800 -0.9214
vn 0.2241 -0.2545 -0.9407
vn 0.2197 -0.2616 -0.9398
vn 0.1671 -0.2403 -0.9562
vn 0.0629 -0.4857 -0.8719
vn 0.0485 -0.5105 -0.8585
vn 0.0932 0.8075 0.5824
vn 0.1501 0.8222 0.5490
vn 0.1320 0.8131 0.5670
vn 0.1271 0.8101 0.5724
vn 0.0725 0.8210 0.5663
vn 0.0760 0.8280 0.5555
vn 0.0481 0.8302 0.5554
vn 0.3782 0.7280 -0.5719
vn 0.2479 0.6872 -0.6828
vn 0.2292 0.6854 -0.6911
vn 0.6006 0.6932 -0.3985
vn 0.5101 0.5615 -0.6515
vn 0.5106 0.5614 -0.6513
vn 0.6122 0.6093 -0.5040
vn 0.2416 0.6833 -0.6890
vn 0.2361 0.7206 -0.6520
vn 0.2100 0.9341 -0.2886
vn 0.2851 0.6760 -0.6795
vn 0.2859 0.6773 -0.6778
vn 0.3267 0.9080 -0.2625
vn 0.3261 0.9087 -0.2606
vn 0.3677 0.6383 -0.6763
vn 0.3798 0.6348 -0.6728
vn 0.6135 0.6073 -0.5049
vn 0.5996 0.6394 -0.4813
vn 0.6027 0.6002 -0.5258
vn 0.5317 0.8294 -0.1715
vn 0.0888 0.9453 0.3139
vn 0.1456 0.9792 0.1414
vn 0.0441 0.8270 0.5605
vn 0.0457 0.8307 0.5548
vn 0.0463 0.8320 0.5528
vn 0.0520 0.8402 0.5398
vn 0.3606 0.9046 0.2271
vn 0.3591 0.9046 0.2297
vn 0.5283 0.8347 -0.1557
vn 0.1276 0.8107 0.5714
vn 0.3556 0.9048 0.2344
vn 0.2893 0.9354 0.2035
vn 0.4329 0.8749 -0.2173
vn 0.4339 0.8726 -0.2245
vn 0.4868 0.6804 -0.5478
vn 0.5017 0.7289 -0.4658
vn 0.2104 0.9366 -0.2802
vn 0.1426 0.9780 0.1520
vn 0.2200 0.9607 0.1695
vn 0.2184 0.9596 0.1774
vn 0.2903 0.9354 0.2018
vn 0.1081 0.8269 0.5518
vn 0.0931 0.8076 0.5824
vn 0.2234 0.9739 0.0406
vn 0.2036 0.6747 -0.7094
vn 0.2322 0.7952 -0.5601
vn 0.4482 0.6570 -0.6062
vn 0.5168 0.6957 -0.4989
vn 0.4810 0.7644 -0.4294
vn 0.5240 0.7611 -0.3824
vn 0.5107 0.8115 -0.2840
vn -0.0532 0.9969 -0.0571
vn -0.0338 0.9976 -0.0597
vn 0.1490 0.9307 -0.3342
vn 0.1492 0.9307 -0.3341
vn 0.0009 0.8733 -0.4872
vn 0.1353 0.9816 0.1344
vn 0.1475 0.9852 0.0874
vn -0.0018 0.9996 -0.0284
vn 0.2299 0.9610 0.1538
vn -0.0193 0.8854 0.4643
vn 0.1037 0.8231 0.5584
vn 0.3042 0.9332 0.1915
vn 0.3423 0.9291 0.1396
vn 0.3137 0.9278 0.2020
vn 0.1384 0.9550 -0.2623
vn 0.2078 0.9629 -0.1723
vn 0.0837 0.9857 -0.1465
vn 0.2348 0.9718 0.0200
vn 0.0962 0.9782 0.1838
vn 0.2428 0.9208 0.3051
vn 0.0546 0.8493 0.5250
vn 0.5817 0.5172 -0.6278
vn 0.6288 0.5275 -0.5713
vn 0.5865 0.5703 -0.5751
vn 0.5778 0.5768 -0.5775
vn 0.5195 0.8392 -0.1608
vn 0.5805 0.7826 -0.2248
vn 0.6413 0.5774 -0.5053
vn 0.6417 0.5700 -0.5131
vn 0.6452 0.5904 -0.4849
vn 0.6460 0.5004 -0.5764
vn 0.6393 0.4971 -0.5867
vn 0.6592 0.4978 -0.5636
vn 0.6422 0.5544 -0.5293
vn 0.6429 0.5543 -0.5285
vn 0.6436 0.5478 -0.5346
vn 0.6532 0.5703 -0.4981
vn 0.4579 0.8890 0.0090
vn 0.3378 0.9368 -0.0910
vn 0.3873 0.9130 -0.1283
vn 0.2706 0.9271 -0.2593
vn 0.2673 0.9283 -0.2586
vn 0.3162 0.8403 -0.4403
vn 0.2384 0.7933 -0.5603
vn 0.0396 0.8804 -0.4726
vn 0.1371 0.8043 -0.5782
vn -0.0003 0.7072 0.7070
vn -0.0000 0.7080 0.7062
vn -0.0020 0.7042 0.7100
vn 0.0176 0.8178 0.5753
vn 0.0002 -0.7081 -0.7061
vn 0.0003 -0.7077 -0.7065
vn 0.0003 -0.7078 -0.7064
vn 0.0005 -0.7073 -0.7069
vn 0.0004 0.6066 0.7950
vn -0.0002 0.6092 0.7930
vn 0.0003 0.6134 0.7897
vn -0.0002 0.6096 0.7927
vn -0.0004 0.6087 0.7934
vn -0.0003 0.6093 0.7929
vn -0.0002 0.6094 0.7928
vn -0.0003 0.6093 0.7930
vn -0.0008 0.6082 0.7938
vn 0.0001 -0.9909 0.1346
vn 0.0004 -0.9914 0.1308
vn 0.0004 -0.9914 0.1312
vn 0.0018 -0.9922 0.1249
vn 0.0003 -0.9913 0.1317
vn 0.0020 -0.9919 0.1268
vn 0.0004 -0.9914 0.1311
vn 0.0001 -0.9916 0.1294
vn -0.0007 0.9918 0.1279
vn -0.0004 0.9915 0.1300
vn -0.0004 0.9915 0.1299
vn -0.0004 0.9915 0.1297
vn 0.0003 0.9919 0.1268
vn -0.0004 0.9915 0.1298
vn -0.0003 0.9916 0.1295
vn -0.0011 0.9913 0.1316
vn 0.0002 -0.6084 0.7937
vn 0.0002 -0.6086 0.7935
vn 0.0002 -0.6079 0.7940
vn 0.0014 -0.6128 0.7902
vn 0.0002 -0.6083 0.7937
vn 0.0004 -0.6087 0.7934
vn 0.0001 -0.6079 0.7940
vn 0.0003 -0.6083 0.7937
vn 0.0009 -0.6054 0.7959
vn -0.0003 0.7070 -0.7072
vn -0.0000 0.7062 -0.7080
vn -0.0021 0.7100 -0.7042
vn 0.0175 0.5753 -0.8177
vn 0.0002 -0.7061 0.7081
vn 0.0003 -0.7064 0.7079
vn 0.0005 -0.7069 0.7073
vn -0.0004 0.7930 -0.6093
vn -0.0003 0.7928 -0.6094
vn 0.0003 0.7950 -0.6066
vn -0.0009 0.7938 -0.6081
vn -0.0003 0.7927 -0.6096
vn -0.0005 0.7934 -0.6087
vn -0.0004 0.7929 -0.6093
vn 0.0002 0.7897 -0.6134
vn -0.0003 0.7930 -0.6092
vn -0.0001 0.1312 0.9914
vn -0.0004 0.1294 0.9916
vn -0.0001 0.1308 0.9914
vn -0.0004 0.1346 0.9909
vn -0.0000 0.1312 0.9914
vn 0.0013 0.1249 0.9922
vn -0.0002 0.1317 0.9913
vn 0.0015 0.1268 0.9919
vn -0.0000 0.1311 0.9914
vn 0.5840 0.5288 -0.6159
vn 0.5742 0.5349 -0.6198
vn 0.6262 0.5368 -0.5654
vn 0.6104 0.5447 -0.5750
vn 0.6068 0.5476 -0.5761
vn 0.6353 0.4978 -0.5904
vn 0.6426 0.5572 -0.5260
vn 0.6246 0.5684 -0.5355
vn 0.6205 0.4697 -0.6280
vn 0.5810 0.6193 -0.5282
vn 0.6526 0.5511 -0.5199
vn 0.6524 0.5535 -0.5177
vn 0.2184 0.6965 -0.6835
vn 0.2442 0.7051 -0.6657
vn 0.2040 0.7068 -0.6774
vn 0.5813 0.6190 -0.5281
vn 0.5816 0.6189 -0.5280
vn 0.5692 0.6242 -0.5351
vn 0.2086 0.7066 -0.6762
vn 0.2184 0.6963 -0.6837
vn 0.2542 0.6895 -0.6782
vn 0.2312 0.6819 -0.6940
vn 0.2086 0.6752 -0.7075
vn 0.6350 0.4951 -0.5930
vn 0.5791 0.5287 -0.6206
vn 0.5692 0.5344 -0.6248
vn 0.2312 0.6821 -0.6938
vn 0.2323 0.6818 -0.6937
vn 0.2274 0.6701 -0.7066
vn 0.2274 0.6703 -0.7064
vn 0.2038 0.6754 -0.7088
vn 0.5196 0.5013 -0.6919
vn 0.6985 0.5701 -0.4326
vn 0.5866 0.5875 -0.5574
vn 0.6480 0.5564 -0.5202
vn 0.5768 0.5791 -0.5762
vn 0.4514 0.6071 -0.6539
vn 0.1446 -0.0396 -0.9887
vn 0.1128 -0.0104 -0.9936
vn 0.1005 -0.4143 -0.9046
vn 0.1561 -0.4151 -0.8963
vn 0.3089 -0.1064 -0.9451
vn 0.3944 -0.0770 -0.9157
vn 0.2156 0.3309 -0.9187
vn -0.3989 -0.2509 -0.8820
vn 0.1762 0.0991 -0.9794
vn 0.1545 0.0958 -0.9833
vn 0.1590 0.0914 -0.9830
vn 0.2298 0.5552 -0.7993
vn -0.2727 0.4502 -0.8502
vn 0.1378 0.4318 -0.8914
vn 0.2064 0.0072 -0.9784
vn 0.0996 0.1266 -0.9869
vn 0.2041 0.3157 -0.9266
vn 0.1336 0.4336 -0.8911
vn 0.1467 0.4328 -0.8895
vn 0.6390 0.4880 -0.5946
vn 0.6553 0.5092 -0.5579
vn 0.6457 0.5079 -0.5702
vn 0.6376 0.5159 -0.5721
vn 0.6551 0.5295 -0.5389
vn 0.6597 0.5244 -0.5384
vn 0.5366 0.1500 -0.8304
vn 0.8683 0.3266 -0.3734
vn 0.4926 0.1474 -0.8577
vn 0.5761 0.2314 -0.7839
vn 0.4887 0.3032 -0.8181
vn 0.5493 0.3462 -0.7605
vn 0.4799 0.4242 -0.7679
vn 0.6462 0.5506 -0.5284
vn 0.6511 0.5508 -0.5222
vn 0.3857 -0.2454 -0.8894
vn 0.3627 -0.1449 -0.9206
vn 0.1346 -0.5765 -0.8059
vn 0.1911 -0.4786 -0.8570
vn 0.0498 -0.5186 -0.8536
vn 0.2321 0.5603 -0.7951
vn 0.2442 0.5606 -0.7912
vn 0.3685 0.3565 -0.8586
vn 0.2426 0.2976 -0.9234
vn 0.3926 0.1309 -0.9104
vn 0.1921 -0.0164 -0.9812
vn 0.2879 0.0119 -0.9576
vn 0.1478 -0.2540 -0.9558
vn 0.0301 -0.1661 -0.9857
vn 0.5994 0.5657 -0.5663
vn 0.5976 0.5113 -0.6176
vn 0.6035 0.5635 -0.5641
vn 0.5956 0.5114 -0.6195
vn 0.5943 0.5091 -0.6227
vn 0.4708 0.6644 -0.5804
vn 0.3660 0.7260 -0.5822
vn 0.3230 0.4754 -0.8183
vn 0.4722 0.6639 -0.5799
vn 0.2080 0.4864 -0.8486
vn 0.3316 0.7426 -0.5819
vn 0.3341 0.7420 -0.5813
vn 0.0662 -0.5658 -0.8219
vn 0.0506 -0.5408 -0.8397
vn 0.0506 -0.5408 -0.8396
vn 0.2109 -0.6146 -0.7601
vn 0.0464 -0.5542 -0.8311
vn 0.0447 -0.5619 -0.8260
vn 0.1439 -0.1536 -0.9776
vn 0.1449 -0.1426 -0.9791
vn 0.1087 -0.3142 -0.9431
vn 0.2204 -0.1708 -0.9603
vn 0.2189 -0.1787 -0.9592
vn 0.0718 -0.5670 -0.8206
vn 0.0765 -0.5520 -0.8303
vn 0.1290 -0.5703 -0.8112
vn 0.1237 -0.5782 -0.8065
vn 0.1279 -0.5733 -0.8093
vn 0.3561 -0.2355 -0.9043
vn 0.3602 -0.2296 -0.9042
vn 0.5286 0.1547 -0.8347
vn 0.2366 0.6868 -0.6873
vn 0.2356 0.6863 -0.6881
vn 0.2362 0.6510 -0.7214
vn 0.6025 0.5251 -0.6011
vn 0.5320 0.1705 -0.8294
vn 0.4331 0.2162 -0.8750
vn 0.2898 -0.2048 -0.9349
vn 0.2908 -0.2030 -0.9350
vn 0.1016 -0.5641 -0.8194
vn 0.1037 -0.5614 -0.8210
vn 0.2106 0.2789 -0.9369
vn 0.2125 0.2869 -0.9341
vn 0.3269 0.2613 -0.9082
vn 0.3263 0.2594 -0.9090
vn 0.4341 0.2234 -0.8727
vn 0.4891 0.6046 -0.6286
vn 0.4665 0.5181 -0.7169
vn 0.0462 0.8940 0.4457
vn 0.0674 0.8532 0.5171
vn 0.1118 0.8637 0.4915
vn 0.1292 0.8711 0.4738
vn -0.0645 0.7379 0.6719
vn 0.0568 0.8623 0.5031
vn 0.0479 0.8897 0.4539
vn 0.0545 0.8630 0.5022
vn 0.0598 0.8707 0.4882
vn 0.0351 0.8665 0.4979
vn 0.0312 0.8672 0.4969
vn 0.0441 0.8843 0.4649
vn 0.2602 0.9649 -0.0363
vn 0.2632 0.9637 -0.0442
vn 0.2119 0.9359 -0.2815
vn 0.2187 0.9005 -0.3758
vn 0.2203 0.9003 -0.3754
vn 0.4951 0.7719 -0.3989
vn 0.4265 0.9043 0.0207
vn 0.5393 0.8150 -0.2120
vn 0.4468 0.8947 -0.0000
vn 0.1547 0.9880 -0.0000
vn 0.2062 0.9344 -0.2905
vn 0.1726 0.9831 -0.0603
vn 0.1331 0.9866 0.0940
vn 0.1527 0.9883 -0.0000
vn 0.5445 0.8136 -0.2040
vn 0.5312 0.8253 -0.1914
vn 0.5026 0.8585 -0.1021
vn 0.4943 0.7722 -0.3993
vn 0.3586 0.8496 -0.3868
vn 0.3599 0.8493 -0.3863
vn 0.3440 0.8663 -0.3622
vn 0.3291 0.9111 -0.2482
vn 0.2492 0.9048 -0.3454
vn 0.3696 0.9191 0.1365
vn 0.3631 0.9200 0.1475
vn 0.1271 0.8702 0.4760
vn 0.2692 0.9219 0.2787
vn 0.2233 0.9414 0.2530
vn 0.3512 0.9361 -0.0211
vn 0.3476 0.9376 -0.0104
vn 0.4396 0.8575 -0.2673
vn 0.4233 0.8920 -0.1582
vn 0.1354 0.9873 0.0834
vn 0.1093 0.9671 0.2296
vn 0.1640 0.9557 0.2444
vn 0.1658 0.9569 0.2386
vn 0.2188 0.9405 0.2601
vn 0.0769 0.8629 0.4996
vn 0.0670 0.8534 0.5169
vn -0.1289 0.7620 0.6346
vn 0.6717 0.6683 -0.3197
vn 0.1802 0.8739 -0.4516
vn 0.1123 0.2943 -0.9491
vn -0.1243 0.1985 -0.9722
vn 0.2252 0.6610 -0.7158
vn 0.2254 0.6606 -0.7161
vn 0.2024 0.6409 -0.7405
vn 0.1992 0.7727 -0.6027
vn 0.3444 0.7146 -0.6089
vn 0.0402 0.8819 -0.4697
vn -0.0043 0.9725 -0.2328
vn -0.0140 0.9731 -0.2298
vn -0.0242 0.9723 -0.2324
vn 0.1789 0.9817 -0.0654
vn -0.0445 0.9962 0.0747
vn 0.1821 0.9746 0.1305
vn 0.1832 0.9741 0.1324
vn 0.0978 0.9632 0.2502
vn -0.0789 0.9413 0.3282
vn 0.1731 0.9296 0.3255
vn 0.1862 0.9220 0.3394
vn 0.0726 0.8995 0.4309
vn 0.4764 0.8792 -0.0087
vn 0.6253 0.7336 -0.2661
vn 0.5902 0.7890 -0.1709
vn 0.4776 0.8768 -0.0556
vn 0.5171 0.8492 -0.1070
vn 0.4846 0.8593 -0.1637
vn 0.6686 0.7025 -0.2437
vn 0.6135 0.7627 -0.2045
vn 0.6719 0.6988 -0.2455
vn 0.6655 0.7005 -0.2575
vn 0.6322 0.7462 -0.2087
vn 0.6356 0.7288 -0.2547
vn 0.4993 0.7750 -0.3875
vn 0.5259 0.7136 -0.4628
vn 0.7001 0.6548 -0.2848
vn 0.6886 0.6817 -0.2473
vn 0.6889 0.6740 -0.2666
vn 0.6693 0.6719 -0.3170
vn 0.6655 0.6693 -0.3303
vn 0.6778 0.6654 -0.3126
vn 0.6932 0.6543 -0.3024
vn 0.6906 0.6564 -0.3037
vn 0.4697 0.6241 -0.6244
vn 0.4863 0.6426 -0.5922
vn 0.3629 0.5491 -0.7528
vn -0.0639 0.3968 -0.9157
vn 0.2653 0.5986 -0.7558
vn 0.3397 0.6202 -0.7071
vn 0.4669 0.6642 -0.5838
vn 0.6376 0.6942 -0.3339
vn 0.6355 0.6787 -0.3682
vn 0.5233 0.6686 -0.5283
vn 0.4864 0.7234 -0.4900
vn 0.2700 0.7247 -0.6339
vn 0.3368 0.7368 -0.5863
vn -0.1953 0.5884 -0.7846
vn 0.1988 0.7737 -0.6015
vn 0.5833 0.7920 -0.1805
vn 0.3831 0.9094 0.1621
vn 0.4893 0.8710 -0.0426
vn 0.3680 0.9199 0.1355
vn 0.3796 0.5250 -0.7618
vn 0.5867 0.6893 -0.4251
vn 0.6260 0.7073 -0.3286
vn 0.5891 0.6775 -0.4404
vn 0.5875 0.6797 -0.4392
vn 0.6890 0.6603 -0.2988
vn 0.6926 0.6612 -0.2883
vn 0.5218 0.7637 -0.3801
vn 0.5227 0.7960 -0.3051
vn 0.6153 0.7398 -0.2723
vn 0.5964 0.7728 -0.2172
vn 0.5961 0.7727 -0.2182
vn 0.2045 0.4985 -0.8424
vn 0.2389 0.4591 -0.8556
vn 0.3232 0.5339 -0.7813
vn 0.2997 0.5064 -0.8085
vn 0.1255 0.2877 -0.9495
vn 0.1223 0.8729 0.4723
vn 0.3225 0.9302 0.1754
vn 0.2727 0.9545 0.1205
vn 0.3351 0.9409 0.0498
vn 0.2717 0.9603 -0.0631
vn 0.3351 0.9365 -0.1035
vn 0.2904 0.9199 -0.2635
vn 0.3186 0.9089 -0.2691
vn 0.3175 0.8323 -0.4543
vn 0.1801 0.8605 -0.4765
vn 0.0492 0.8791 -0.4741
vn 0.5314 0.7289 -0.4316
vn 0.0491 0.2510 -0.9667
vn 0.0395 0.2813 -0.9588
vn 0.0462 0.3160 -0.9476
vn 0.0424 0.3022 -0.9523
vn 0.0687 0.2414 -0.9680
vn 0.0667 0.2425 -0.9679
vn 0.0829 0.2644 -0.9608
vn 0.0830 0.2327 -0.9690
vn 0.5427 0.7279 -0.4191
vn 0.4263 0.6234 -0.6554
vn 0.3513 0.6753 -0.6485
vn 0.3476 0.6685 -0.6575
vn 0.5706 0.7520 -0.3299
vn 0.5325 0.7289 -0.4302
vn 0.3371 0.9157 -0.2190
vn 0.3336 0.9170 -0.2188
vn 0.1738 0.7391 -0.6508
vn 0.4215 0.6430 -0.6395
vn 0.3555 0.5555 -0.7517
vn 0.1315 0.2822 -0.9503
vn 0.0875 0.2295 -0.9694
vn 0.2914 0.5138 -0.8069
vn 0.1247 0.2830 -0.9510
vn 0.2067 0.8652 -0.4568
vn 0.1551 0.6951 -0.7019
vn 0.1870 0.8023 -0.5669
vn 0.1929 0.8663 -0.4607
vn 0.4616 0.8465 -0.2651
vn 0.4608 0.8470 -0.2651
vn 0.4530 0.8104 -0.3716
vn 0.4063 0.7758 -0.4828
vn 0.5635 0.7576 -0.3295
vn 0.1333 0.6289 -0.7660
vn 0.1533 0.6980 -0.6995
vn 0.1332 0.6290 -0.7659
vn 0.0455 0.3134 -0.9485
vn 0.1090 0.5196 -0.8474
vn 0.1647 0.5008 -0.8497
vn 0.2625 0.7087 -0.6548
vn 0.2637 0.7107 -0.6522
vn 0.3640 0.8985 -0.2453
vn 0.2624 0.7654 -0.5877
vn 0.3606 0.5420 -0.7591
vn 0.2763 0.4477 -0.8504
vn 0.2232 0.4847 -0.8457
vn 0.2199 0.4805 -0.8490
vn 0.1671 0.5074 -0.8453
vn 0.0636 0.2762 -0.9590
vn 0.0500 0.2507 -0.9668
vn 0.0924 0.1566 0.9833
vn 0.1473 0.1895 0.9708
vn 0.1313 0.1724 0.9762
vn 0.1281 0.1686 0.9773
vn 0.0735 0.1817 0.9806
vn 0.0733 0.1818 0.9806
vn 0.0774 0.1963 0.9775
vn 0.0502 0.1979 0.9789
vn 0.3783 0.9196 0.1063
vn 0.2422 0.9702 -0.0055
vn 0.2421 0.9702 -0.0055
vn 0.6005 0.7713 0.2108
vn 0.5099 0.8580 -0.0625
vn 0.5100 0.8579 -0.0625
vn 0.2416 0.9704 -0.0055
vn 0.2359 0.9705 0.0489
vn 0.2098 0.8642 0.4572
vn 0.2859 0.9583 -0.0000
vn 0.2740 0.9559 0.1058
vn 0.3268 0.8272 0.4571
vn 0.3255 0.8255 0.4611
vn 0.3676 0.9295 -0.0318
vn 0.3800 0.9244 -0.0317
vn 0.6121 0.7871 0.0765
vn 0.5995 0.7925 0.1117
vn 0.6035 0.7974 -0.0007
vn 0.5313 0.7077 0.4656
vn 0.1885 0.6957 0.6932
vn 0.1451 0.5895 0.7946
vn 0.0446 0.1880 0.9812
vn 0.0473 0.1988 0.9789
vn 0.0630 0.2425 0.9681
vn 0.0511 0.2093 0.9765
vn 0.3546 0.4729 0.8066
vn 0.3632 0.4827 0.7969
vn 0.5276 0.6997 0.4817
vn 0.1286 0.1693 0.9771
vn 0.3581 0.4765 0.8029
vn 0.2914 0.5204 0.8027
vn 0.4330 0.7719 0.4655
vn 0.4336 0.7743 0.4609
vn 0.4874 0.8687 0.0888
vn 0.5025 0.8454 0.1810
vn 0.2099 0.8606 0.4640
vn 0.1413 0.5805 0.8019
vn 0.2191 0.5557 0.8020
vn 0.2184 0.5527 0.8043
vn 0.2900 0.5185 0.8044
vn 0.1090 0.1961 0.9745
vn 0.0923 0.1566 0.9833
vn 0.2188 0.6554 0.7229
vn 0.2006 0.9791 -0.0322
vn 0.5184 0.7069 0.4813
vn 0.6424 0.7663 -0.0008
vn 0.5795 0.7124 0.3958
vn 0.5110 0.7736 0.3749
vn 0.5243 0.8068 0.2723
vn 0.4788 0.8447 0.2393
vn 0.5160 0.8454 0.1377
vn -0.0332 0.7549 0.6550
vn -0.0477 0.7532 0.6561
vn 0.1487 0.8978 0.4145
vn 0.1572 0.8905 0.4271
vn 0.0092 0.9603 0.2789
vn 0.1357 0.5960 0.7914
vn 0.1509 0.6408 0.7527
vn 0.0252 0.7197 0.6938
vn 0.2334 0.5750 0.7841
vn -0.0202 0.2965 0.9548
vn 0.1055 0.1892 0.9763
vn 0.2994 0.5166 0.8021
vn 0.3394 0.5523 0.7614
vn 0.3180 0.5187 0.7936
vn 0.1370 0.8596 0.4922
vn 0.2059 0.8025 0.5600
vn 0.0838 0.8004 0.5936
vn 0.2346 0.6738 0.7007
vn 0.0952 0.5616 0.8219
vn 0.2428 0.4343 0.8674
vn 0.0559 0.2297 0.9717
vn 0.5806 0.8102 -0.0807
vn 0.6293 0.7765 -0.0317
vn 0.5846 0.8113 -0.0026
vn 0.4497 0.8924 0.0381
vn 0.6121 0.7865 -0.0819
vn 0.2329 0.9584 0.1649
vn 0.6472 0.7603 -0.0554
vn 0.6499 0.7583 -0.0515
vn 0.6575 0.7521 -0.0449
vn 0.6405 0.7677 0.0197
vn 0.6434 0.7652 0.0217
vn 0.6445 0.7646 0.0060
vn 0.6424 0.7663 -0.0024
vn 0.6460 0.7595 0.0765
vn 0.4579 0.6238 0.6334
vn 0.3392 0.7266 0.5975
vn 0.3912 0.7364 0.5519
vn 0.2729 0.8409 0.4674
vn 0.2699 0.8412 0.4685
vn 0.3175 0.9054 0.2819
vn 0.2396 0.9570 0.1633
vn 0.0361 0.9565 0.2896
vn 0.1265 0.9772 0.1707
vn 0.5772 0.8140 -0.0650
vn 0.2468 0.9687 0.0282
vn 0.2021 0.9792 0.0204
vn 0.2092 0.9776 0.0214
vn 0.6153 0.7853 0.0680
vn 0.2333 0.9724 -0.0086
vn 0.2333 0.9724 -0.0091
vn 0.2561 0.9666 0.0081
vn 0.2192 0.9756 0.0091
vn 0.2192 0.9756 0.0089
vn 0.2019 0.9791 -0.0234
vn 0.2272 0.9735 -0.0255
vn 0.2092 0.9776 -0.0229
vn 0.6146 0.7858 -0.0693
vn 0.5833 0.8100 -0.0612
vn 0.6602 0.7511 -0.0000
vn 0.6600 0.7509 -0.0235
vn 0.2336 0.9723 -0.0087
vn 0.2271 0.9735 -0.0267
vn 0.6020 0.7983 -0.0170
vn 0.6370 0.7678 -0.0694
vn 0.6370 0.7677 -0.0696
vn 0.5796 0.8126 -0.0609
vn 0.5961 0.8004 -0.0636
vn 0.5377 0.8408 0.0633
vn 0.5634 0.8239 0.0621
vn 0.5797 0.8121 0.0664
vn 0.5530 0.8309 0.0614
vn 0.6815 0.7312 0.0312
vn 0.6819 0.7310 0.0234
vn 0.5863 0.8096 0.0267
vn 0.6601 0.7509 -0.0192
vn 0.1638 0.7623 -0.6262
vn 0.1684 0.7588 -0.6292
vn 0.3858 0.4545 -0.8028
vn 0.0511 0.2350 -0.9706
vn 0.1870 0.2642 -0.9462
vn 0.3912 0.7356 -0.5530
vn 0.1333 0.1640 -0.9774
vn 0.3611 0.5519 -0.7517
vn 0.3090 0.5948 -0.7421
vn 0.3944 0.5947 -0.7006
vn 0.2920 0.6837 -0.6688
vn 0.1874 0.6799 -0.7090
vn 0.1523 0.4941 -0.8560
vn -0.0004 0.5995 -0.8004
vn 0.2079 0.4292 -0.8790
vn -0.0959 0.3607 -0.9278
vn 0.0977 0.3425 -0.9344
vn 0.2008 0.8766 -0.4373
vn 0.6382 0.7659 -0.0776
vn 0.6526 0.7565 -0.0421
vn 0.6307 0.7735 -0.0629
vn 0.6570 0.7539 -0.0044
vn 0.6546 0.7560 -0.0027
vn 0.2268 0.9584 -0.1732
vn 0.2396 0.9568 -0.1647
vn 0.2329 0.9582 -0.1663
vn -0.2686 0.9206 -0.2834
vn 0.1443 0.9355 -0.3224
vn 0.1195 0.9421 -0.3133
vn 0.1497 0.9383 -0.3117
vn 0.2203 0.8852 -0.4098
vn -0.4006 0.4440 -0.8015
vn 0.1546 0.7591 -0.6324
vn 0.6988 0.7086 0.0979
vn 0.5853 0.8105 0.0206
vn 0.6587 0.7520 0.0261
vn 0.6228 0.7823 0.0138
vn 0.4477 0.8934 -0.0366
vn 0.5160 0.8452 -0.1389
vn 0.3652 0.8592 -0.3584
vn 0.2409 0.8629 -0.4444
vn 0.0991 0.7875 -0.6083
vn 0.2051 0.6982 -0.6859
vn 0.1494 0.6751 -0.7224
vn 0.1159 0.7005 -0.7042
vn 0.5367 0.6918 -0.4830
vn 0.8819 0.4714 -0.0004
vn 0.4913 0.7100 -0.5045
vn 0.5754 0.7175 -0.3925
vn 0.4876 0.7927 -0.3658
vn 0.5470 0.7830 -0.2962
vn 0.4767 0.8440 -0.2458
vn 0.6449 0.7641 0.0158
vn 0.6577 0.7528 0.0276
vn 0.5989 0.8008 -0.0045
vn 0.6035 0.7974 -0.0045
vn 0.5954 0.7994 -0.0804
vn 0.5963 0.7990 -0.0775
vn 0.4709 0.8801 0.0609
vn 0.3658 0.9249 0.1033
vn 0.3236 0.9158 -0.2378
vn 0.4713 0.8799 0.0609
vn 0.2082 0.9447 -0.2533
vn 0.3323 0.9358 0.1178
vn 0.3273 0.9375 0.1179
vn 0.0701 0.1807 -0.9810
vn 0.0512 0.2171 -0.9748
vn 0.0499 0.2081 -0.9768
vn 0.1271 0.1584 -0.9792
vn 0.0580 0.2415 -0.9687
vn 0.0446 0.1866 -0.9814
vn 0.1427 0.5789 -0.8028
vn 0.1438 0.5886 -0.7955
vn 0.1700 0.6971 -0.6966
vn 0.2191 0.5545 -0.8028
vn 0.2184 0.5515 -0.8051
vn 0.0716 0.1802 -0.9810
vn 0.0755 0.1946 -0.9780
vn 0.1287 0.1698 -0.9770
vn 0.1233 0.1609 -0.9792
vn 0.1289 0.1682 -0.9773
vn 0.3581 0.4753 -0.8036
vn 0.3595 0.4767 -0.8022
vn 0.5276 0.6990 -0.4827
vn 0.2348 0.9659 -0.1092
vn 0.2361 0.9717 -0.0000
vn 0.2359 0.9705 -0.0503
vn 0.5313 0.7070 -0.4667
vn 0.4330 0.7712 -0.4666
vn 0.2914 0.5192 -0.8035
vn 0.2900 0.5173 -0.8052
vn 0.0995 0.1776 -0.9791
vn 0.1023 0.1816 -0.9780
vn 0.2099 0.8599 -0.4652
vn 0.2116 0.8631 -0.4585
vn 0.3268 0.8266 -0.4582
vn 0.3255 0.8248 -0.4623
vn 0.4336 0.7736 -0.4620
vn 0.4894 0.8719 -0.0159
vn 0.4658 0.8730 -0.1449
vn 0.2285 0.8982 0.3754
vn 0.3606 0.8731 0.3281
vn 0.0663 0.2397 0.9686
vn 0.1167 0.2687 0.9561
vn 0.1286 0.2808 0.9511
vn 0.3131 0.4944 0.8109
vn 0.0602 0.2580 0.9643
vn 0.0564 0.2598 0.9640
vn 0.0579 0.2642 0.9627
vn 0.0369 0.2558 0.9660
vn 0.2053 0.8624 0.4627
vn 0.1727 0.7374 0.6530
vn 0.2602 0.7075 0.6571
vn 0.2631 0.7119 0.6511
vn 0.2486 0.9686 -0.0000
vn 0.2179 0.9012 0.3747
vn 0.2112 0.8596 0.4652
vn 0.4947 0.8279 0.2644
vn 0.4258 0.6247 0.6545
vn 0.5422 0.7290 0.4179
vn 0.1706 0.6973 0.6962
vn 0.1434 0.6291 0.7640
vn 0.0451 0.3149 0.9480
vn 0.0298 0.2581 0.9657
vn 0.0856 0.4120 0.9071
vn 0.0501 0.3144 0.9480
vn 0.5443 0.7188 0.4325
vn 0.5303 0.7181 0.4506
vn 0.5032 0.6805 0.5327
vn 0.4952 0.8275 0.2644
vn 0.3496 0.8779 0.3271
vn 0.3294 0.8200 0.4681
vn 0.1838 0.9241 0.3349
vn 0.3648 0.5485 0.7523
vn 0.4450 0.6333 0.6331
vn 0.3603 0.5434 0.7582
vn 0.1314 0.2837 0.9499
vn 0.2690 0.4542 0.8493
vn 0.2231 0.4860 0.8450
vn 0.3510 0.6765 0.6475
vn 0.3473 0.6696 0.6565
vn 0.4399 0.7957 0.4163
vn 0.4242 0.7448 0.5151
vn 0.1331 0.6301 0.7651
vn 0.1038 0.5275 0.8432
vn 0.1660 0.5067 0.8460
vn 0.1658 0.5061 0.8464
vn 0.2180 0.4796 0.8499
vn 0.0795 0.2608 0.9621
vn 0.0680 0.2385 0.9688
vn 0.4639 0.6280 0.6248
vn 0.1126 0.8794 -0.4627
vn -0.1239 0.8282 -0.5466
vn 0.2297 0.9726 -0.0362
vn 0.2306 0.9723 -0.0378
vn 0.2483 0.9686 -0.0134
vn 0.1969 0.9734 0.1173
vn 0.3431 0.9366 0.0716
vn -0.0020 0.9489 0.3156
vn -0.0223 0.8497 0.5267
vn -0.0111 0.8517 0.5240
vn 0.1753 0.9388 0.2964
vn -0.0407 0.6535 0.7558
vn 0.1736 0.7388 0.6511
vn -0.0343 0.8511 0.5239
vn 0.1683 0.4305 0.8868
vn -0.0755 0.4365 0.8965
vn 0.1024 0.5072 0.8557
vn 0.1874 0.5974 0.7798
vn 0.1872 0.5977 0.7796
vn 0.5866 0.6900 0.4240
vn 0.6257 0.7079 0.3277
vn 0.5893 0.6786 0.4384
vn 0.3801 0.5256 0.7611
vn 0.4881 0.6453 0.5877
vn 0.4767 0.6581 0.5829
vn 0.5183 0.6759 0.5240
vn 0.4854 0.7236 0.4907
vn 0.5932 0.7027 0.3929
vn 0.6624 0.6719 0.3315
vn 0.6209 0.6813 0.3877
vn 0.6684 0.6694 0.3242
vn 0.6634 0.6771 0.3185
vn 0.6351 0.6752 0.3752
vn 0.6383 0.6938 0.3335
vn 0.5062 0.8179 0.2736
vn 0.5321 0.8275 0.1796
vn 0.7018 0.6627 0.2614
vn 0.6914 0.6561 0.3026
vn 0.6917 0.6630 0.2862
vn 0.6712 0.6991 0.2465
vn 0.6702 0.6994 0.2484
vn 0.6688 0.7021 0.2444
vn 0.6842 0.6860 0.2475
vn 0.6834 0.6867 0.2478
vn 0.3681 0.9197 -0.1368
vn 0.4864 0.8730 0.0359
vn -0.0645 0.9279 -0.3673
vn 0.2634 0.9580 -0.1130
vn 0.3385 0.9389 -0.0630
vn 0.4674 0.8822 0.0568
vn 0.6388 0.7255 0.2559
vn 0.6368 0.7388 0.2208
vn 0.5222 0.8472 0.0979
vn 0.4846 0.8591 0.1648
vn 0.2679 0.9613 0.0641
vn 0.3349 0.9362 0.1063
vn -0.1935 0.9715 -0.1369
vn 0.1960 0.9732 0.1204
vn 0.0733 0.3302 0.9410
vn 0.1858 0.4102 0.8929
vn 0.2958 0.5110 0.8071
vn 0.0915 0.3195 0.9432
vn 0.3823 0.9096 -0.1629
vn 0.5829 0.7924 0.1795
vn 0.6267 0.7312 0.2694
vn 0.5111 0.8595 -0.0000
vn 0.5883 0.7917 0.1645
vn 0.5802 0.7950 0.1771
vn 0.6834 0.6868 0.2476
vn 0.6909 0.6729 0.2645
vn 0.5179 0.8110 0.2721
vn 0.5193 0.7808 0.3474
vn 0.6158 0.7154 0.3302
vn 0.5962 0.6992 0.3945
vn 0.5958 0.7002 0.3933
vn 0.2059 0.9479 -0.2430
vn 0.2396 0.9298 -0.2794
vn 0.3213 0.9302 -0.1773
vn -0.0608 0.7351 -0.6752
vn 0.1218 0.8724 -0.4734
vn 0.3626 0.5504 0.7520
vn 0.3317 0.5178 0.7886
vn 0.2704 0.5879 0.7624
vn 0.3365 0.6307 0.6993
vn 0.2731 0.7243 0.6331
vn 0.3374 0.7360 0.5870
vn 0.2933 0.8362 0.4634
vn 0.3214 0.8323 0.4516
vn 0.3208 0.9087 0.2671
vn 0.1753 0.9463 0.2716
vn 0.0480 0.9571 0.2858
vn 0.1270 0.8695 -0.4773
vn 0.0469 0.8587 -0.5103
vn 0.0376 0.8741 -0.4842
vn 0.0443 0.8910 -0.4518
vn 0.0124 0.8295 -0.5584
vn 0.0667 0.8569 -0.5112
vn 0.1249 0.8728 -0.4718
vn 0.0674 0.8566 -0.5115
vn 0.0836 0.8672 -0.4909
vn 0.0838 0.8471 -0.5248
vn 0.0850 0.8466 -0.5254
vn -0.0479 0.7282 -0.6836
vn 0.3518 0.9359 0.0194
vn 0.3482 0.9374 0.0087
vn 0.5687 0.7684 0.2935
vn 0.5337 0.8182 0.2136
vn 0.5317 0.8200 0.2117
vn 0.3376 0.8011 0.4943
vn 0.3370 0.8012 0.4944
vn 0.4613 0.7862 0.4111
vn 0.1726 0.9832 0.0589
vn 0.4468 0.8946 -0.0000
vn 0.5395 0.8152 0.2107
vn 0.4266 0.9042 -0.0221
vn 0.3632 0.9197 -0.1489
vn 0.2048 0.9388 0.2770
vn 0.2489 0.6859 0.6838
vn 0.1862 0.9683 0.1662
vn 0.1920 0.9402 0.2814
vn 0.4628 0.7845 0.4128
vn 0.4608 0.7852 0.4137
vn 0.4525 0.8373 0.3069
vn 0.4051 0.8915 0.2028
vn 0.5608 0.7724 0.2982
vn 0.1353 0.9871 -0.0858
vn 0.1532 0.9882 -0.0000
vn 0.1331 0.9865 -0.0955
vn 0.0459 0.8934 -0.4468
vn 0.1096 0.9671 -0.2296
vn 0.1654 0.9554 -0.2445
vn 0.2612 0.9647 0.0347
vn 0.2642 0.9635 0.0424
vn 0.3647 0.8065 0.4654
vn 0.2620 0.9569 0.1253
vn 0.3697 0.9189 -0.1379
vn 0.2693 0.9214 -0.2801
vn 0.2236 0.9408 -0.2546
vn 0.2192 0.9399 -0.2617
vn 0.1666 0.9563 -0.2404
vn 0.0624 0.8719 -0.4857
vn 0.0480 0.8585 -0.5106
vn 0.0938 -0.5824 0.8075
vn 0.1506 -0.5489 0.8222
vn 0.1326 -0.5669 0.8130
vn 0.1276 -0.5723 0.8100
vn 0.0730 -0.5663 0.8210
vn 0.0765 -0.5555 0.8280
vn 0.0486 -0.5554 0.8302
vn 0.3783 0.5720 0.7278
vn 0.2480 0.6829 0.6871
vn 0.2291 0.6912 0.6853
vn 0.6007 0.3987 0.6930
vn 0.5101 0.6517 0.5613
vn 0.5105 0.6515 0.5612
vn 0.6122 0.5043 0.6090
vn 0.2416 0.6891 0.6832
vn 0.2362 0.6520 0.7205
vn 0.2103 0.2887 0.9341
vn 0.2853 0.6766 0.6789
vn 0.2860 0.6786 0.6765
vn 0.3269 0.2626 0.9078
vn 0.3263 0.2607 0.9086
vn 0.3677 0.6764 0.6382
vn 0.3798 0.6730 0.6347
vn 0.6135 0.5051 0.6070
vn 0.5996 0.4816 0.6392
vn 0.6027 0.5262 0.5998
vn 0.5320 0.1717 0.8292
vn 0.0889 -0.3135 0.9454
vn 0.1461 -0.1413 0.9791
vn 0.0446 -0.5606 0.8269
vn 0.0463 -0.5548 0.8307
vn 0.0471 -0.5519 0.8326
vn 0.0525 -0.5398 0.8401
vn 0.3611 -0.2270 0.9045
vn 0.3595 -0.2295 0.9045
vn 0.5286 0.1559 0.8345
vn 0.1280 -0.5718 0.8103
vn 0.3561 -0.2342 0.9046
vn 0.2898 -0.2034 0.9352
vn 0.4331 0.2175 0.8747
vn 0.4341 0.2247 0.8724
vn 0.4869 0.5480 0.6802
vn 0.5018 0.4660 0.7287
vn 0.2106 0.2803 0.9365
vn 0.1430 -0.1519 0.9780
vn 0.2204 -0.1694 0.9606
vn 0.2189 -0.1773 0.9595
vn 0.2908 -0.2017 0.9353
vn 0.1087 -0.5517 0.8269
vn 0.0937 -0.5823 0.8075
vn 0.2238 -0.0405 0.9738
vn 0.2037 0.7096 0.6746
vn 0.5109 0.2842 0.8113
vn 0.5242 0.3826 0.7608
vn 0.4811 0.4296 0.7642
vn 0.5168 0.4991 0.6956
vn -0.0529 0.0570 0.9970
vn -0.0334 0.0598 0.9977
vn 0.1493 0.3342 0.9306
vn 0.1493 0.3341 0.9306
vn 0.0011 0.4872 0.8733
vn 0.1358 -0.1343 0.9816
vn 0.1480 -0.0874 0.9851
vn -0.0000 0.0256 0.9997
vn 0.2303 -0.1537 0.9609
vn -0.0187 -0.4644 0.8854
vn 0.1044 -0.5588 0.8227
vn 0.3047 -0.1914 0.9330
vn 0.3427 -0.1395 0.9290
vn 0.3142 -0.2019 0.9276
vn 0.1387 0.2623 0.9550
vn 0.2081 0.1723 0.9628
vn 0.0840 0.1465 0.9856
vn 0.2352 -0.0199 0.9717
vn 0.0967 -0.1837 0.9782
vn 0.2433 -0.3050 0.9208
vn 0.0552 -0.5250 0.8493
vn 0.5817 0.6280 0.5169
vn 0.6287 0.5715 0.5273
vn 0.5864 0.5754 0.5701
vn 0.4495 0.6045 0.6577
vn 0.5715 0.6143 0.5441
vn 0.2323 0.5602 0.7952
vn 0.5198 0.1609 0.8390
vn 0.5807 0.2250 0.7824
vn 0.6410 0.5060 0.5771
vn 0.6418 0.5134 0.5697
vn 0.6453 0.4852 0.5901
vn 0.6460 0.5767 0.5001
vn 0.6393 0.5869 0.4968
vn 0.6592 0.5639 0.4975
vn 0.6423 0.5295 0.5542
vn 0.6429 0.5288 0.5541
vn 0.6436 0.5349 0.5475
vn 0.6532 0.4983 0.5701
vn 0.4582 -0.0087 0.8888
vn 0.3381 0.0911 0.9367
vn 0.3876 0.1284 0.9128
vn 0.2709 0.2594 0.9270
vn 0.2675 0.2588 0.9282
vn 0.3163 0.4404 0.8402
vn 0.2385 0.5603 0.7932
vn 0.0397 0.4726 0.8804
vn 0.1371 0.5782 0.8043
vn 0.6591 0.5449 0.5183
vn 0.5791 0.6208 0.5285
vn 0.2442 0.6658 0.7050
vn 0.2039 0.6775 0.7067
vn 0.2087 0.6762 0.7065
vn 0.5700 0.5352 0.6235
vn 0.2312 0.6938 0.6820
vn 0.2312 0.6940 0.6818
vn 0.2542 0.6783 0.6894
vn 0.2184 0.6838 0.6962
vn 0.2184 0.6836 0.6964
vn 0.2038 0.7088 0.6753
vn 0.2274 0.7065 0.6702
vn 0.2086 0.7076 0.6751
vn 0.5697 0.6248 0.5339
vn 0.2274 0.7067 0.6700
vn 0.2323 0.6937 0.6817
vn 0.6170 0.5718 0.5407
vn 0.6051 0.5756 0.5501
vn 0.6348 0.5906 0.4982
vn 0.6344 0.5935 0.4952
vn 0.6056 0.6069 0.5147
vn 0.5840 0.6159 0.5288
vn 0.5873 0.5535 0.5906
vn 0.6521 0.5202 0.5514
vn 0.6803 0.4956 0.5399
vn 0.5810 0.5263 0.6209
vn 0.5566 0.5426 0.6291
vn 0.5563 0.5427 0.6293
vn 0.6803 0.4953 0.5403
vn 0.0737 0.8415 -0.5351
vn 0.5195 0.6921 0.5011
vn 0.1419 0.8871 0.4393
vn -0.0646 0.9970 -0.0424
vn -0.0563 0.9977 -0.0370
vn 0.2297 0.7994 0.5551
vn -0.2733 0.8501 0.4502
vn 0.1314 0.8882 0.4402
vn 0.0962 0.9869 -0.1299
vn 0.1520 0.9883 -0.0157
vn 0.1629 0.9863 -0.0256
vn 0.1677 0.9855 0.0239
vn 0.1672 0.9856 0.0244
vn 0.6986 0.4329 0.5698
vn 0.5867 0.5577 0.5873
vn 0.6480 0.5205 0.5561
vn 0.5766 0.5763 0.5792
vn 0.4514 0.6541 0.6070
vn 0.1481 0.8915 -0.4282
vn 0.3085 0.9452 -0.1065
vn 0.3940 0.9159 -0.0772
vn 0.2060 0.9785 0.0071
vn 0.0992 0.9870 0.1265
vn 0.2039 0.9267 0.3156
vn 0.1286 0.8880 0.4415
vn 0.1409 0.8866 0.4406
vn 0.6390 0.5948 0.4878
vn 0.6553 0.5581 0.5090
vn 0.6457 0.5704 0.5077
vn 0.6376 0.5723 0.5157
vn 0.6552 0.5391 0.5292
vn 0.6596 0.5388 0.5241
vn 0.5363 0.8306 0.1498
vn 0.8684 0.3732 0.3263
vn 0.4923 0.8579 0.1472
vn 0.5759 0.7842 0.2311
vn 0.4885 0.8183 0.3030
vn 0.5491 0.7607 0.3460
vn 0.4798 0.7681 0.4240
vn 0.6462 0.5287 0.5503
vn 0.6512 0.5224 0.5505
vn 0.3852 0.8896 -0.2455
vn 0.3623 0.9207 -0.1451
vn 0.1340 0.8060 -0.5765
vn 0.1985 0.8634 -0.4638
vn -0.1068 0.8372 -0.5364
vn 0.2320 0.7952 0.5602
vn 0.2441 0.7913 0.5605
vn 0.3683 0.8587 0.3563
vn 0.2424 0.9234 0.2975
vn 0.3923 0.9105 0.1307
vn 0.1917 0.9813 -0.0165
vn 0.2875 0.9577 0.0118
vn 0.1799 0.9639 -0.1965
vn -0.0270 0.9993 -0.0273
vn 0.5994 0.5665 0.5655
vn 0.5975 0.6178 0.5111
vn 0.6035 0.5643 0.5633
vn 0.5956 0.6197 0.5111
vn 0.5942 0.6229 0.5088
vn 0.4708 0.5806 0.6643
vn 0.3660 0.5824 0.7259
vn 0.3229 0.8184 0.4753
vn 0.4722 0.5801 0.6637
vn 0.2078 0.8487 0.4863
vn 0.3317 0.5820 0.7425
vn 0.3341 0.5814 0.7418
vn 0.0657 0.8219 -0.5658
vn 0.0500 0.8397 -0.5408
vn 0.0500 0.8396 -0.5408
vn 0.2103 0.7602 -0.6148
vn 0.0461 0.8314 -0.5537
vn 0.0440 0.8259 -0.5621
vn 0.1435 0.9777 -0.1536
vn 0.1444 0.9792 -0.1426
vn 0.1089 0.9425 -0.3159
vn 0.2200 0.9604 -0.1709
vn 0.2185 0.9593 -0.1788
vn 0.0713 0.8206 -0.5670
vn 0.0760 0.8303 -0.5521
vn 0.1285 0.8113 -0.5704
vn 0.1231 0.8065 -0.5782
vn 0.1279 0.8096 -0.5729
vn 0.3556 0.9044 -0.2357
vn 0.3597 0.9043 -0.2298
vn 0.5283 0.8349 0.1545
vn 0.2365 0.6877 0.6864
vn 0.2363 0.6856 0.6886
vn 0.2361 0.7215 0.6509
vn 0.6025 0.6012 0.5249
vn 0.5317 0.8296 0.1703
vn 0.4329 0.8752 0.2160
vn 0.2893 0.9350 -0.2049
vn 0.2903 0.9351 -0.2031
vn 0.1011 0.8195 -0.5641
vn 0.1032 0.8210 -0.5615
vn 0.2104 0.9370 0.2788
vn 0.2122 0.9342 0.2868
vn 0.3267 0.9083 0.2611
vn 0.3261 0.9091 0.2592
vn 0.4339 0.8729 0.2232
vn 0.4891 0.6288 0.6045
vn 0.4665 0.7170 0.5179
vn 0.2205 0.3756 0.9002
vn 0.0679 -0.5171 0.8532
vn 0.1123 -0.4915 0.8636
vn 0.1297 -0.4738 0.8710
vn -0.0630 -0.6722 0.7377
vn 0.0574 -0.5031 0.8623
vn 0.0550 -0.5021 0.8630
vn 0.0603 -0.4882 0.8706
vn 0.0356 -0.4980 0.8665
vn 0.2065 0.2907 0.9343
vn 0.1730 0.0604 0.9831
vn 0.2605 0.0364 0.9648
vn 0.2636 0.0443 0.9636
vn 0.1547 -0.0000 0.9880
vn 0.2189 0.3759 0.9004
vn 0.2122 0.2816 0.9358
vn 0.4952 0.3990 0.7717
vn 0.4268 -0.0205 0.9041
vn 0.5396 0.2123 0.8147
vn 0.4445 -0.0000 0.8958
vn 0.1713 -0.0000 0.9852
vn 0.1469 -0.0849 0.9855
vn 0.0467 -0.4456 0.8940
vn 0.0318 -0.4969 0.8672
vn 0.0451 -0.4619 0.8858
vn 0.0484 -0.4539 0.8897
vn 0.5448 0.2042 0.8133
vn 0.5314 0.1916 0.8251
vn 0.5029 0.1023 0.8583
vn 0.4944 0.3995 0.7720
vn 0.3588 0.3869 0.8494
vn 0.3601 0.3864 0.8491
vn 0.3442 0.3623 0.8662
vn 0.3294 0.2483 0.9110
vn 0.2473 0.3450 0.9054
vn 0.3699 -0.1364 0.9190
vn 0.3635 -0.1473 0.9199
vn 0.1276 -0.4759 0.8702
vn 0.2697 -0.2786 0.9218
vn 0.2238 -0.2529 0.9413
vn 0.3515 0.0212 0.9359
vn 0.3480 0.0105 0.9374
vn 0.4399 0.2674 0.8573
vn 0.4236 0.1584 0.8919
vn 0.1335 -0.0940 0.9866
vn 0.1028 -0.2277 0.9683
vn 0.1645 -0.2444 0.9556
vn 0.1662 -0.2385 0.9568
vn 0.2192 -0.2600 0.9404
vn 0.0774 -0.4995 0.8628
vn 0.0676 -0.5169 0.8534
vn -0.1257 -0.6347 0.7625
vn 0.6718 0.3199 0.6681
vn 0.1804 0.4517 0.8738
vn 0.1120 0.9491 0.2942
vn -0.1246 0.9721 0.1986
vn 0.2251 0.7159 0.6609
vn 0.2254 0.7161 0.6606
vn 0.2023 0.7404 0.6410
vn 0.1993 0.6028 0.7726
vn 0.3445 0.6090 0.7144
vn 0.0411 0.4696 0.8819
vn -0.0041 0.2327 0.9725
vn -0.0137 0.2298 0.9731
vn -0.0239 0.2323 0.9724
vn 0.1793 0.0654 0.9816
vn -0.0441 -0.0747 0.9962
vn 0.1825 -0.1304 0.9745
vn 0.1837 -0.1324 0.9740
vn 0.0982 -0.2502 0.9632
vn -0.0785 -0.3283 0.9413
vn 0.1736 -0.3255 0.9295
vn 0.1866 -0.3394 0.9220
vn 0.0731 -0.4308 0.8995
vn 0.4798 -0.0000 0.8774
vn 0.6255 0.2664 0.7334
vn 0.5904 0.1711 0.7888
vn 0.4780 0.0557 0.8766
vn 0.5174 0.1072 0.8490
vn 0.4849 0.1638 0.8591
vn 0.6688 0.2440 0.7022
vn 0.6137 0.2048 0.7625
vn 0.6721 0.2457 0.6985
vn 0.6656 0.2577 0.7004
vn 0.6324 0.2089 0.7459
vn 0.6357 0.2550 0.7286
vn 0.4994 0.3877 0.7748
vn 0.5260 0.4630 0.7134
vn 0.7002 0.2851 0.6546
vn 0.6888 0.2477 0.6813
vn 0.6891 0.2668 0.6737
vn 0.6694 0.3173 0.6717
vn 0.6656 0.3305 0.6691
vn 0.6780 0.3128 0.6652
vn 0.6933 0.3027 0.6540
vn 0.6907 0.3039 0.6562
vn 0.4696 0.6243 0.6243
vn 0.4863 0.5924 0.6424
vn 0.3628 0.7530 0.5490
vn -0.0640 0.9157 0.3968
vn 0.2652 0.7559 0.5985
vn 0.3397 0.7072 0.6200
vn 0.4669 0.5840 0.6640
vn 0.6378 0.3341 0.6940
vn 0.6356 0.3684 0.6784
vn 0.5233 0.5285 0.6684
vn 0.4865 0.4902 0.7232
vn 0.2701 0.6340 0.7246
vn 0.3368 0.5865 0.7366
vn -0.1954 0.7845 0.5885
vn 0.1989 0.6016 0.7736
vn 0.5834 0.1808 0.7918
vn 0.3835 -0.1620 0.9092
vn 0.4897 0.0428 0.8709
vn 0.3684 -0.1353 0.9198
vn 0.3795 0.7620 0.5248
vn 0.5868 0.4253 0.6891
vn 0.6261 0.3288 0.7070
vn 0.5892 0.4407 0.6773
vn 0.5876 0.4394 0.6794
vn 0.6891 0.2991 0.6600
vn 0.6927 0.2886 0.6609
vn 0.5219 0.3803 0.7635
vn 0.5229 0.3053 0.7958
vn 0.6155 0.2726 0.7395
vn 0.5966 0.2175 0.7725
vn 0.5963 0.2184 0.7725
vn 0.2044 0.8425 0.4984
vn 0.2387 0.8557 0.4590
vn 0.3231 0.7815 0.5338
vn 0.3006 0.8080 0.5068
vn 0.1252 0.9495 0.2876
vn 0.1229 -0.4724 0.8728
vn 0.3229 -0.1753 0.9301
vn 0.2731 -0.1205 0.9544
vn 0.3355 -0.0496 0.9407
vn 0.2721 0.0632 0.9602
vn 0.3354 0.1036 0.9364
vn 0.2906 0.2636 0.9198
vn 0.3187 0.2692 0.9088
vn 0.3177 0.4544 0.8322
vn 0.1804 0.4765 0.8604
vn 0.0493 0.4742 0.8791
vn 0.5315 0.4319 0.7287
vn 0.0498 0.9668 0.2507
vn 0.0488 0.9668 0.2510
vn 0.0392 0.9588 0.2813
vn 0.0459 0.9477 0.3159
vn 0.0421 0.9522 0.3026
vn 0.0827 0.9690 0.2327
vn 0.3476 0.6576 0.6683
vn 0.5326 0.4304 0.7287
vn 0.3373 0.2190 0.9155
vn 0.3339 0.2189 0.9168
vn 0.1739 0.6508 0.7390
vn 0.0685 0.9680 0.2414
vn 0.0633 0.9590 0.2761
vn 0.1669 0.8454 0.5074
vn 0.5261 0.4168 0.7413
vn 0.3606 0.7592 0.5418
vn 0.2761 0.8505 0.4476
vn 0.4205 0.6414 0.6417
vn 0.3555 0.7518 0.5553
vn 0.1313 0.9504 0.2821
vn 0.0873 0.9694 0.2294
vn 0.2912 0.8064 0.5146
vn 0.1244 0.9510 0.2830
vn 0.2069 0.4570 0.8651
vn 0.1559 0.6982 0.6987
vn 0.1871 0.5671 0.8021
vn 0.1931 0.4607 0.8663
vn 0.4619 0.2654 0.8463
vn 0.4610 0.2653 0.8468
vn 0.4531 0.3717 0.8102
vn 0.4064 0.4830 0.7756
vn 0.5636 0.3297 0.7574
vn 0.1332 0.7660 0.6289
vn 0.1533 0.6994 0.6981
vn 0.1331 0.7660 0.6289
vn 0.0452 0.9485 0.3134
vn 0.1089 0.8475 0.5195
vn 0.1646 0.8498 0.5008
vn 0.2625 0.6549 0.7086
vn 0.2638 0.6523 0.7106
vn 0.3642 0.2455 0.8984
vn 0.2625 0.5878 0.7653
vn 0.5708 0.3301 0.7518
vn 0.4324 0.6560 0.6187
vn 0.3513 0.6486 0.6752
vn 0.2231 0.8458 0.4846
vn 0.2198 0.8491 0.4804
vn 0.0826 0.9609 0.2644
vn 0.0665 0.9679 0.2424
vn 0.2290 -0.3753 0.8982
vn 0.3611 -0.3279 0.8730
vn 0.0667 -0.9686 0.2397
vn 0.1172 -0.9561 0.2686
vn 0.1291 -0.9510 0.2808
vn 0.3150 -0.8099 0.4948
vn 0.0606 -0.9643 0.2580
vn 0.0569 -0.9640 0.2598
vn 0.0584 -0.9627 0.2642
vn 0.0374 -0.9660 0.2557
vn 0.2058 -0.4627 0.8623
vn 0.1732 -0.6529 0.7373
vn 0.2608 -0.6570 0.7074
vn 0.2636 -0.6510 0.7118
vn 0.2491 -0.0000 0.9685
vn 0.2184 -0.3746 0.9011
vn 0.2117 -0.4652 0.8595
vn 0.4951 -0.2642 0.8277
vn 0.4264 -0.6543 0.6245
vn 0.5426 -0.4177 0.7287
vn 0.1718 -0.6962 0.6969
vn 0.1439 -0.7640 0.6290
vn 0.0456 -0.9480 0.3149
vn 0.0303 -0.9656 0.2581
vn 0.0860 -0.9072 0.4119
vn 0.0506 -0.9479 0.3144
vn 0.5447 -0.4323 0.7186
vn 0.5308 -0.4504 0.7179
vn 0.5037 -0.5325 0.6803
vn 0.4956 -0.2643 0.8273
vn 0.3501 -0.3269 0.8778
vn 0.3299 -0.4680 0.8199
vn 0.1855 -0.3359 0.9235
vn 0.3653 -0.7522 0.5484
vn 0.4459 -0.6315 0.6344
vn 0.3608 -0.7581 0.5432
vn 0.1319 -0.9498 0.2837
vn 0.2696 -0.8492 0.4541
vn 0.2236 -0.8449 0.4860
vn 0.3515 -0.6473 0.6763
vn 0.3478 -0.6564 0.6695
vn 0.4404 -0.4162 0.7955
vn 0.4247 -0.5149 0.7446
vn 0.1336 -0.7650 0.6301
vn 0.1044 -0.8431 0.5275
vn 0.1665 -0.8459 0.5067
vn 0.1663 -0.8463 0.5060
vn 0.2186 -0.8498 0.4796
vn 0.0800 -0.9621 0.2608
vn 0.0685 -0.9687 0.2385
vn 0.2967 -0.8081 0.5088
vn 0.6837 -0.2475 0.6865
vn 0.1757 -0.2963 0.9388
vn 0.2310 0.0379 0.9722
vn 0.2486 0.0135 0.9685
vn -0.0643 0.3672 0.9279
vn 0.2062 0.2431 0.9478
vn 0.2399 0.2795 0.9297
vn -0.1238 0.5465 0.8282
vn 0.1127 0.4627 0.8793
vn 0.1965 -0.1204 0.9731
vn 0.1974 -0.1172 0.9733
vn -0.0105 -0.5239 0.8517
vn -0.0218 -0.5268 0.8497
vn -0.0337 -0.5240 0.8511
vn 0.1742 -0.6510 0.7388
vn -0.0401 -0.7558 0.6535
vn 0.1877 -0.7795 0.5976
vn 0.1879 -0.7797 0.5973
vn 0.1030 -0.8557 0.5071
vn -0.0749 -0.8965 0.4366
vn 0.1688 -0.8867 0.4304
vn 0.1863 -0.8928 0.4101
vn 0.0738 -0.9410 0.3302
vn 0.6261 -0.3275 0.7077
vn 0.5897 -0.4381 0.6784
vn 0.4772 -0.5827 0.6579
vn 0.5187 -0.5237 0.6757
vn 0.4859 -0.4905 0.7234
vn 0.5936 -0.3926 0.7025
vn 0.6628 -0.3311 0.6716
vn 0.6213 -0.3874 0.6811
vn 0.6688 -0.3240 0.6691
vn 0.6638 -0.3183 0.6768
vn 0.6355 -0.3749 0.6749
vn 0.6387 -0.3332 0.6935
vn 0.5067 -0.2734 0.8177
vn 0.7021 -0.2612 0.6624
vn 0.6917 -0.3022 0.6559
vn 0.6921 -0.2859 0.6628
vn 0.6392 -0.2556 0.7253
vn 0.6371 -0.2206 0.7385
vn 0.6715 -0.2462 0.6989
vn 0.6705 -0.2481 0.6992
vn 0.5225 -0.0977 0.8470
vn 0.4678 -0.0566 0.8820
vn 0.4868 -0.0358 0.8728
vn -0.0018 -0.3154 0.9489
vn 0.3435 -0.0715 0.9364
vn 0.3353 -0.1062 0.9361
vn -0.1931 0.1368 0.9716
vn 0.2301 0.0363 0.9725
vn 0.5870 -0.4238 0.6898
vn 0.3806 -0.7610 0.5255
vn 0.4886 -0.5875 0.6451
vn 0.4651 -0.6252 0.6268
vn 0.3631 -0.7519 0.5503
vn 0.3826 0.1630 0.9094
vn 0.5833 -0.1793 0.7922
vn 0.6271 -0.2691 0.7310
vn 0.5109 -0.0000 0.8597
vn 0.5887 -0.1643 0.7915
vn 0.5805 -0.1769 0.7948
vn 0.6838 -0.2473 0.6865
vn 0.6913 -0.2642 0.6726
vn 0.5184 -0.2719 0.8108
vn 0.5198 -0.3472 0.7806
vn 0.6162 -0.3299 0.7152
vn 0.5966 -0.3942 0.6990
vn 0.5963 -0.3931 0.7000
vn 0.1220 0.4733 0.8724
vn 0.3684 0.1370 0.9195
vn -0.1303 0.6354 0.7611
vn 0.3222 0.1782 0.9297
vn 0.2638 0.1132 0.9579
vn 0.3388 0.0632 0.9387
vn 0.2683 -0.0640 0.9612
vn 0.4850 -0.1646 0.8589
vn 0.5324 -0.1794 0.8273
vn 0.6692 -0.2442 0.7018
vn 0.6846 -0.2473 0.6857
vn 0.1263 -0.9491 0.2887
vn 0.3205 -0.7840 0.5317
vn 0.2709 -0.7623 0.5878
vn 0.3370 -0.6991 0.6306
vn 0.2737 -0.6330 0.7242
vn 0.3379 -0.5868 0.7358
vn 0.2939 -0.4632 0.8361
vn 0.3219 -0.4514 0.8322
vn 0.3212 -0.2669 0.9086
vn 0.1757 -0.2715 0.9463
vn 0.0484 -0.2858 0.9571
vn 0.0470 0.5103 0.8587
vn 0.0377 0.4842 0.8741
vn 0.0444 0.4519 0.8910
vn 0.0121 0.5584 0.8295
vn 0.0668 0.5112 0.8569
vn 0.1273 0.4772 0.8695
vn -0.0641 0.6741 0.7358
vn 0.0676 0.5115 0.8566
vn 0.0838 0.4909 0.8672
vn 0.0839 0.5248 0.8470
vn 0.0853 0.5256 0.8464
vn 0.1250 0.4719 0.8727
vn 0.3521 -0.0193 0.9358
vn 0.3486 -0.0086 0.9372
vn 0.5691 -0.2933 0.7682
vn 0.5341 -0.2134 0.8180
vn 0.5322 -0.2115 0.8198
vn 0.4617 -0.4108 0.7862
vn 0.3381 -0.4941 0.8010
vn 0.3375 -0.4943 0.8011
vn 0.1731 -0.0588 0.9832
vn 0.4472 -0.0000 0.8944
vn 0.5399 -0.2105 0.8150
vn 0.4270 0.0222 0.9040
vn 0.3635 0.1490 0.9196
vn 0.2052 -0.2769 0.9387
vn 0.2499 -0.6838 0.6855
vn 0.1867 -0.1662 0.9683
vn 0.1925 -0.2814 0.9401
vn 0.4633 -0.4127 0.7843
vn 0.4612 -0.4135 0.7850
vn 0.4529 -0.3068 0.8371
vn 0.4055 -0.2026 0.8914
vn 0.5613 -0.2980 0.7721
vn 0.1357 0.0858 0.9870
vn 0.1537 0.0001 0.9881
vn 0.1335 0.0955 0.9864
vn 0.0461 0.4469 0.8934
vn 0.1099 0.2296 0.9671
vn 0.1657 0.2445 0.9554
vn 0.2616 -0.0345 0.9646
vn 0.2646 -0.0423 0.9634
vn 0.3652 -0.4653 0.8063
vn 0.2625 -0.1252 0.9568
vn 0.3700 0.1381 0.9187
vn 0.2695 0.2802 0.9213
vn 0.2239 0.2547 0.9407
vn 0.2194 0.2618 0.9399
vn 0.1669 0.2404 0.9562
vn 0.0625 0.4857 0.8719
vn 0.0481 0.5106 0.8585
vn 0.0939 -0.8075 -0.5824
vn 0.1507 -0.8221 -0.5490
vn 0.1327 -0.8130 -0.5670
vn 0.1277 -0.8100 -0.5724
vn 0.0731 -0.8210 -0.5663
vn 0.0766 -0.8280 -0.5555
vn 0.0486 -0.8302 -0.5554
vn 0.3788 -0.7277 0.5719
vn 0.2486 -0.6870 0.6829
vn 0.2296 -0.6853 0.6911
vn 0.6011 -0.6927 0.3985
vn 0.5106 -0.5611 0.6515
vn 0.5110 -0.5610 0.6513
vn 0.6127 -0.6088 0.5040
vn 0.2422 -0.6831 0.6890
vn 0.2367 -0.7204 0.6520
vn 0.2107 -0.9340 0.2886
vn 0.2873 -0.6780 0.6766
vn 0.2863 -0.6768 0.6782
vn 0.3274 -0.9077 0.2625
vn 0.3268 -0.9085 0.2606
vn 0.3682 -0.6380 0.6763
vn 0.3803 -0.6346 0.6728
vn 0.6140 -0.6068 0.5048
vn 0.6001 -0.6390 0.4813
vn 0.6031 -0.5998 0.5258
vn 0.5324 -0.8289 0.1715
vn 0.0888 -0.9449 -0.3150
vn 0.1464 -0.9791 -0.1413
vn 0.0447 -0.8267 -0.5608
vn 0.0464 -0.8307 -0.5548
vn 0.0474 -0.8319 -0.5529
vn 0.0526 -0.8401 -0.5398
vn 0.3614 -0.9044 -0.2271
vn 0.3598 -0.9043 -0.2296
vn 0.5289 -0.8343 0.1557
vn 0.1283 -0.8102 -0.5719
vn 0.3563 -0.9045 -0.2343
vn 0.2901 -0.9351 -0.2035
vn 0.4336 -0.8745 0.2173
vn 0.4346 -0.8722 0.2245
vn 0.4874 -0.6800 0.5478
vn 0.5023 -0.7286 0.4658
vn 0.2111 -0.9364 0.2802
vn 0.1434 -0.9779 -0.1520
vn 0.2207 -0.9605 -0.1695
vn 0.2192 -0.9594 -0.1774
vn 0.2910 -0.9352 -0.2018
vn 0.1088 -0.8269 -0.5518
vn 0.0938 -0.8075 -0.5824
vn 0.2242 -0.9737 -0.0406
vn 0.0553 -0.8493 -0.5250
vn 0.2118 -0.9176 0.3362
vn 0.1514 -0.8898 0.4304
vn 0.1606 -0.8902 0.4263
vn 0.1163 -0.9921 0.0468
vn 0.0726 -0.9421 0.3273
vn 0.0742 -0.9427 0.3253
vn 0.1914 -0.9810 0.0323
vn 0.2031 -0.9789 0.0205
vn 0.1693 -0.9853 -0.0221
vn 0.1597 -0.9871 -0.0148
vn 0.2531 -0.9626 -0.0964
vn -0.0356 -0.8915 -0.4516
vn 0.2328 -0.7951 0.5601
vn 0.4487 -0.6567 0.6062
vn 0.5173 -0.6954 0.4989
vn 0.4816 -0.7640 0.4294
vn 0.5246 -0.7606 0.3824
vn 0.5113 -0.8111 0.2840
vn 0.1046 -0.8228 -0.5586
vn 0.3050 -0.9329 -0.1915
vn 0.3430 -0.9289 -0.1396
vn 0.3144 -0.9275 -0.2021
vn 0.2435 -0.9207 -0.3051
vn 0.0970 -0.9782 -0.1838
vn 0.2355 -0.9717 -0.0200
vn 0.1897 -0.9813 0.0318
vn 0.5821 -0.5167 0.6278
vn 0.6292 -0.5270 0.5713
vn 0.5869 -0.5699 0.5751
vn 0.5774 -0.5767 0.5779
vn 0.5202 -0.8388 0.1607
vn 0.5811 -0.7822 0.2248
vn 0.6416 -0.5769 0.5055
vn 0.6422 -0.5695 0.5132
vn 0.6457 -0.5899 0.4849
vn 0.6464 -0.4999 0.5765
vn 0.6398 -0.4965 0.5866
vn 0.6596 -0.4973 0.5636
vn 0.6427 -0.5539 0.5293
vn 0.6434 -0.5539 0.5285
vn 0.6440 -0.5472 0.5346
vn 0.6536 -0.5698 0.4981
vn 0.4586 -0.8886 -0.0089
vn 0.3385 -0.9366 0.0910
vn 0.3880 -0.9127 0.1283
vn 0.2713 -0.9269 0.2592
vn 0.2680 -0.9281 0.2586
vn 0.3168 -0.8401 0.4403
vn 0.2390 -0.7931 0.5603
vn 0.0026 -0.8914 0.4532
vn 0.2120 -0.7107 0.6708
vn 0.5844 -0.5283 0.6159
vn 0.5745 -0.5345 0.6199
vn 0.6266 -0.5363 0.5654
vn 0.6108 -0.5443 0.5750
vn 0.6073 -0.5471 0.5761
vn 0.6357 -0.4973 0.5904
vn 0.6430 -0.5567 0.5260
vn 0.6251 -0.5679 0.5355
vn 0.6211 -0.4697 0.6274
vn 0.5815 -0.6188 0.5282
vn 0.6530 -0.5506 0.5200
vn 0.6529 -0.5530 0.5177
vn 0.2189 -0.6963 0.6835
vn 0.2447 -0.7050 0.6657
vn 0.2046 -0.7066 0.6774
vn 0.5818 -0.6186 0.5281
vn 0.5820 -0.6185 0.5280
vn 0.5709 -0.6229 0.5348
vn 0.2092 -0.7064 0.6762
vn 0.2190 -0.6961 0.6837
vn 0.2548 -0.6893 0.6782
vn 0.2318 -0.6817 0.6940
vn 0.2092 -0.6750 0.7075
vn 0.6354 -0.4946 0.5930
vn 0.5795 -0.5283 0.6206
vn 0.5700 -0.5337 0.6247
vn 0.2318 -0.6819 0.6938
vn 0.2329 -0.6816 0.6936
vn 0.2279 -0.6700 0.7065
vn 0.2279 -0.6701 0.7064
vn 0.2044 -0.6752 0.7088
vn 0.8882 -0.2549 0.3824
vn 0.8882 -0.1471 0.4353
vn 0.8879 0.3827 0.2553
vn 0.8880 0.4511 0.0896
vn 0.8879 0.4590 0.0295
vn 0.8879 0.4591 0.0297
vn 0.8879 0.4357 0.1474
vn 0.8879 0.4357 0.1475
vn 0.8880 0.4127 0.2029
vn 0.8879 0.4128 0.2030
vn 0.8879 0.4128 0.2029
vn 0.8879 0.3462 0.3029
vn 0.8879 0.3463 0.3030
vn 0.8879 0.3038 0.3455
vn 0.8880 0.2562 0.3820
vn 0.8880 0.2560 0.3820
vn 0.8880 0.2039 0.4121
vn 0.8881 0.1484 0.4351
vn 0.8881 0.0906 0.4506
vn 0.8881 0.0305 0.4586
vn 0.8881 0.0307 0.4587
vn 0.8882 0.0308 0.4585
vn 0.8882 -0.0294 0.4585
vn 0.8882 -0.0892 0.4508
vn 0.8882 -0.0890 0.4507
vn 0.8881 -0.0889 0.4509
vn 0.8882 -0.2026 0.4124
vn 0.8882 -0.3025 0.3459
vn 0.8881 -0.3026 0.3459
vn 0.8881 -0.3451 0.3035
vn 0.8882 -0.3817 0.2558
vn 0.8883 -0.3816 0.2557
vn 0.8882 -0.3817 0.2557
vn 0.8883 -0.4118 0.2036
vn 0.8883 -0.4347 0.1481
vn 0.8883 -0.4348 0.1481
vn 0.8883 -0.4504 0.0899
vn 0.8883 -0.4583 0.0302
vn 0.8883 -0.4583 0.0304
vn 0.8884 -0.4581 0.0305
vn 0.8884 -0.4582 -0.0298
vn 0.8883 -0.4584 -0.0297
vn 0.8883 -0.4583 -0.0295
vn 0.8883 -0.4505 -0.0893
vn 0.8884 -0.4504 -0.0893
vn 0.8883 -0.4504 -0.0896
vn 0.8883 -0.4349 -0.1474
vn 0.8883 -0.4350 -0.1474
vn 0.8883 -0.4121 -0.2029
vn 0.8882 -0.4121 -0.2030
vn 0.8882 -0.3820 -0.2551
vn 0.8883 -0.3820 -0.2551
vn 0.8882 -0.3820 -0.2552
vn 0.8882 -0.3455 -0.3029
vn 0.8881 -0.3456 -0.3030
vn 0.8881 -0.3031 -0.3455
vn 0.8882 -0.3030 -0.3454
vn 0.8881 -0.2555 -0.3820
vn 0.8882 -0.2553 -0.3820
vn 0.8882 -0.2032 -0.4121
vn 0.8882 -0.1477 -0.4351
vn 0.8882 -0.0899 -0.4506
vn 0.8882 -0.0896 -0.4506
vn 0.8881 -0.0896 -0.4507
vn 0.8881 -0.0298 -0.4586
vn 0.8881 -0.0301 -0.4587
vn 0.8882 -0.0301 -0.4585
vn 0.8882 0.0301 -0.4585
vn 0.8881 0.0301 -0.4587
vn 0.8881 0.0299 -0.4587
vn 0.8881 0.0896 -0.4509
vn 0.8882 0.0897 -0.4507
vn 0.8881 0.0899 -0.4508
vn 0.8881 0.1478 -0.4353
vn 0.8880 0.2033 -0.4124
vn 0.8880 0.2555 -0.3824
vn 0.8880 0.2554 -0.3823
vn 0.8880 0.2556 -0.3824
vn 0.8879 0.3032 -0.3459
vn 0.8879 0.3033 -0.3459
vn 0.8879 0.3458 -0.3035
vn 0.8879 0.3458 -0.3034
vn 0.8879 0.3823 -0.2558
vn 0.8880 0.3823 -0.2557
vn 0.8879 0.3823 -0.2557
vn 0.8879 0.4125 -0.2036
vn 0.8879 0.4125 -0.2035
vn 0.8880 0.4124 -0.2035
vn 0.8879 0.4355 -0.1481
vn 0.8880 0.4354 -0.1481
vn 0.8880 0.4510 -0.0902
vn 0.8879 0.4511 -0.0899
vn 0.8879 0.4590 -0.0302
vn 0.8879 0.4590 -0.0304
vn 0.8880 0.4588 -0.0305
vn 0.8880 0.4588 0.0298
vn 0.9634 0.2630 0.0526
vn 0.9633 0.2632 0.0521
vn 0.8880 0.4510 0.0893
vn 0.8879 0.4512 0.0893
vn 0.8880 0.4356 0.1474
vn 0.9636 0.2532 0.0856
vn 0.9620 0.2580 0.0893
vn 0.9642 0.2208 0.1471
vn 0.8879 0.3827 0.2551
vn 0.8880 0.3827 0.2551
vn 0.9613 0.2274 0.1556
vn 0.9639 0.2375 0.1199
vn 0.9639 0.2390 0.1174
vn 0.9616 0.2450 0.1234
vn 0.9636 0.2525 0.0874
vn 0.9646 0.1742 0.1979
vn 0.8879 0.3037 0.3454
vn 0.9604 0.1802 0.2124
vn 0.9645 0.1964 0.1767
vn 0.9644 0.1991 0.1740
vn 0.9609 0.2058 0.1855
vn 0.9642 0.2188 0.1497
vn 0.9650 0.1164 0.2348
vn 0.9595 0.1190 0.2554
vn 0.9649 0.1418 0.2209
vn 0.9649 0.1464 0.2182
vn 0.9600 0.1511 0.2358
vn 0.9647 0.1703 0.2010
vn 0.9654 0.0514 0.2557
vn 0.8882 0.0903 0.4506
vn 0.8881 0.0903 0.4507
vn 0.9584 0.0480 0.2812
vn 0.9653 0.0780 0.2491
vn 0.9652 0.0845 0.2474
vn 0.9590 0.0845 0.2706
vn 0.9651 0.1107 0.2372
vn 0.9657 -0.0164 0.2591
vn 0.8881 -0.0294 0.4587
vn 0.8881 -0.0292 0.4587
vn 0.9573 -0.0284 0.2878
vn 0.9656 0.0093 0.2597
vn 0.9655 0.0176 0.2596
vn 0.9579 0.0102 0.2869
vn 0.9655 0.0438 0.2568
vn 0.9660 -0.0826 0.2451
vn 0.9560 -0.1049 0.2738
vn 0.9659 -0.0595 0.2518
vn 0.9658 -0.0500 0.2543
vn 0.9567 -0.0669 0.2833
vn 0.9658 -0.0254 0.2580
vn 0.9662 -0.1428 0.2147
vn 0.8882 -0.2548 0.3824
vn 0.8882 -0.2547 0.3823
vn 0.9547 -0.1761 0.2399
vn 0.9662 -0.1233 0.2262
vn 0.9661 -0.1137 0.2318
vn 0.9554 -0.1415 0.2593
vn 0.9661 -0.0923 0.2412
vn 0.9664 -0.1931 0.1699
vn 0.8882 -0.3451 0.3034
vn 0.9531 -0.2372 0.1878
vn 0.9664 -0.1783 0.1851
vn 0.9663 -0.1694 0.1939
vn 0.9539 -0.2083 0.2160
vn 0.9663 -0.1523 0.2075
vn 0.9664 -0.2302 0.1139
vn 0.8883 -0.4118 0.2035
vn 0.8883 -0.4117 0.2035
vn 0.9515 -0.2830 0.1205
vn 0.9666 -0.2204 0.1310
vn 0.9664 -0.2134 0.1431
vn 0.9523 -0.2623 0.1558
vn 0.9665 -0.2012 0.1594
vn 0.9666 -0.2539 0.0343
vn 0.9665 -0.2518 0.0503
vn 0.8884 -0.4502 0.0900
vn 0.8883 -0.4503 0.0902
vn 0.9495 -0.3110 0.0421
vn 0.9666 -0.2470 0.0680
vn 0.9665 -0.2430 0.0828
vn 0.9505 -0.2996 0.0824
vn 0.9666 -0.2359 0.1004
vn 0.9485 -0.3167 0.0002
vn 0.9665 -0.2561 0.0170
vn 0.9666 -0.2561 0.0002
vn 0.9590 -0.2828 -0.0184
vn 0.9666 -0.2540 -0.0340
vn 0.9590 -0.2781 -0.0552
vn 0.9666 -0.2471 -0.0677
vn 0.9666 -0.2471 -0.0676
vn 0.9590 -0.2683 -0.0910
vn 0.9666 -0.2360 -0.1000
vn 0.9666 -0.2360 -0.1001
vn 0.9591 -0.2539 -0.1251
vn 0.9666 -0.2206 -0.1307
vn 0.9592 -0.2352 -0.1572
vn 0.9665 -0.2015 -0.1591
vn 0.9592 -0.2125 -0.1864
vn 0.9664 -0.1785 -0.1848
vn 0.9664 -0.1786 -0.1847
vn 0.9593 -0.1862 -0.2124
vn 0.9663 -0.1526 -0.2073
vn 0.9594 -0.1567 -0.2346
vn 0.9662 -0.1237 -0.2261
vn 0.9662 -0.1237 -0.2260
vn 0.9595 -0.1245 -0.2528
vn 0.9661 -0.0927 -0.2410
vn 0.9596 -0.0903 -0.2665
vn 0.9659 -0.0599 -0.2518
vn 0.9659 -0.0598 -0.2518
vn 0.9597 -0.0546 -0.2755
vn 0.9658 -0.0258 -0.2579
vn 0.9599 -0.0182 -0.2799
vn 0.9656 0.0089 -0.2597
vn 0.9601 0.0185 -0.2792
vn 0.9655 0.0434 -0.2568
vn 0.9655 0.0435 -0.2568
vn 0.9602 0.0546 -0.2739
vn 0.9653 0.0776 -0.2493
vn 0.9653 0.0775 -0.2493
vn 0.9604 0.0897 -0.2637
vn 0.9651 0.1104 -0.2374
vn 0.9651 0.1103 -0.2374
vn 0.9606 0.1230 -0.2491
vn 0.9649 0.1414 -0.2212
vn 0.9609 0.1540 -0.2303
vn 0.9647 0.1700 -0.2012
vn 0.9647 0.1702 -0.2011
vn 0.9611 0.1822 -0.2077
vn 0.9645 0.1961 -0.1770
vn 0.9645 0.1960 -0.1772
vn 0.9613 0.2071 -0.1815
vn 0.9642 0.2186 -0.1500
vn 0.9616 0.2282 -0.1525
vn 0.9639 0.2374 -0.1203
vn 0.9639 0.2375 -0.1200
vn 0.9618 0.2454 -0.1210
vn 0.9636 0.2524 -0.0878
vn 0.9636 0.2524 -0.0877
vn 0.9621 0.2582 -0.0877
vn 0.9634 0.2630 -0.0530
vn 0.8880 0.4509 -0.0900
vn 0.9624 0.2662 -0.0531
vn 0.9634 0.2628 -0.0535
vn 0.9624 0.2662 0.0538
vn 0.9631 0.2685 0.0198
vn 0.9630 0.2689 0.0174
vn 0.9627 0.2699 0.0178
vn 0.9627 0.2699 -0.0179
vn 0.9630 0.2688 -0.0181
vn 0.9631 0.2685 -0.0203
vn 0.3918 0.9164 -0.0821
vn 0.3077 0.9493 -0.0652
vn 0.2839 0.9578 -0.0457
vn 0.3439 0.9385 -0.0300
vn 0.3226 0.9465 -0.0097
vn 0.2677 0.9634 -0.0158
vn 0.2452 0.9682 0.0505
vn 0.2215 0.9747 0.0312
vn 0.2088 0.9771 0.0403
vn 0.1810 0.9820 0.0549
vn 0.7589 0.6510 -0.0165
vn 0.6372 0.7703 0.0236
vn 0.5720 0.8019 0.1723
vn 0.6004 0.7804 0.1746
vn 0.4492 0.8323 0.3248
vn 0.5354 0.7621 0.3641
vn 0.4393 0.8247 0.3561
vn 0.2704 0.8637 0.4253
vn 0.3451 0.7954 0.4983
vn -0.4351 0.9004 -0.0014
vn -0.3061 0.9463 0.1043
vn 0.4911 0.2312 0.8398
vn 0.7111 0.1726 0.6816
vn 0.7780 0.2359 0.5822
vn 0.1050 0.1989 0.9744
vn 0.7228 -0.0366 0.6900
vn 0.3999 0.2624 0.8782
vn 0.3310 0.2689 0.9045
vn 0.3938 0.2236 0.8916
vn 0.3886 0.2248 0.8936
vn 0.9577 0.2520 0.1388
vn 0.9612 0.1596 0.2251
vn 0.9639 0.1550 0.2165
vn 0.9749 0.1443 0.1695
vn 0.8163 0.0489 0.5755
vn 0.7826 0.2342 0.5768
vn 0.6557 0.2897 0.6972
vn 0.8220 0.2342 0.5191
vn 0.8368 0.2875 0.4659
vn 0.9479 0.2319 0.2184
vn 0.9477 0.2572 0.1890
vn 0.1269 0.1911 0.9733
vn 0.1333 0.2094 0.9687
vn 0.1270 0.1890 0.9737
vn 0.1317 0.3904 0.9112
vn 0.2309 0.8706 0.4344
vn 0.2291 0.8559 0.4636
vn 0.2030 0.5776 0.7906
vn 0.1812 0.5926 0.7848
vn 0.3907 0.5475 0.7400
vn 0.3459 0.5802 0.7374
vn 0.5338 0.5334 0.6561
vn 0.5002 0.5599 0.6606
vn 0.6574 0.5141 0.5510
vn 0.6072 0.5566 0.5671
vn 0.7883 0.4891 0.3733
vn 0.7540 0.5366 0.3790
vn 0.8850 0.4621 0.0567
vn 0.7559 0.6496 0.0814
vn 0.1693 0.9843 0.0490
vn 0.1691 0.9841 0.0547
vn 0.1693 0.9856 -0.0000
vn 0.1694 0.9855 -0.0000
vn 0.1684 0.9797 0.1092
vn 0.1683 0.9796 0.1095
vn 0.1500 0.8726 0.4648
vn 0.0362 0.2111 0.9768
vn 0.0363 0.2119 0.9766
vn 0.0400 0.2337 0.9715
vn 0.0418 0.2439 0.9689
vn 0.0360 0.2098 0.9771
vn 0.0326 0.1904 0.9812
vn 0.1026 0.5978 0.7950
vn 0.1026 0.5975 0.7953
vn 0.0716 0.4173 0.9060
vn 0.1206 0.7018 0.7021
vn 0.1525 0.8869 0.4361
vn 0.1499 0.8725 0.4651
vn 0.0357 0.3180 -0.9474
vn 0.0437 0.3654 -0.9298
vn 0.0441 0.3674 -0.9290
vn 0.1343 0.8072 -0.5748
vn 0.1470 0.8758 -0.4598
vn 0.1084 0.6977 -0.7082
vn 0.1305 0.8026 -0.5821
vn 0.1458 0.8778 -0.4563
vn 0.1293 0.8018 -0.5834
vn 0.0980 0.6359 -0.7655
vn 0.1115 0.7016 -0.7038
vn 0.1338 0.8059 -0.5767
vn 0.0995 0.6355 -0.7657
vn 0.0429 0.3634 -0.9306
vn 0.0341 0.3156 -0.9483
vn 0.0323 0.3057 -0.9516
vn 0.2477 0.8683 -0.4299
vn 0.9141 0.3828 -0.1337
vn 0.9804 0.1706 -0.0981
vn 0.9749 0.2039 -0.0894
vn 0.9749 0.2003 -0.0975
vn 0.9922 0.1189 -0.0383
vn 0.9750 0.2095 -0.0742
vn 0.4738 0.8423 -0.2571
vn 0.4751 0.8416 -0.2569
vn 0.8734 0.4579 -0.1658
vn 0.7626 0.6168 -0.1951
vn 0.8831 0.4489 -0.1368
vn 0.8828 0.4493 -0.1369
vn 0.4786 0.8398 -0.2563
vn 0.3847 0.8816 -0.2734
vn 0.4637 0.8447 -0.2673
vn 0.3824 0.8282 -0.4097
vn 0.9916 0.1186 -0.0516
vn 0.9210 0.3495 -0.1720
vn 0.7637 0.5795 -0.2845
vn 0.9187 0.3622 -0.1576
vn 0.8824 0.4283 -0.1948
vn 0.6510 0.6792 -0.3389
vn 0.6504 0.6796 -0.3391
vn 0.4201 0.8124 -0.4043
vn 0.5197 0.8205 -0.2379
vn 0.5737 0.7978 -0.1855
vn 0.9750 0.2085 -0.0772
vn 0.9625 0.2528 -0.0987
vn 0.7624 0.6026 -0.2356
vn 0.7637 0.6013 -0.2350
vn 0.3848 0.8597 -0.3361
vn 0.3824 0.8605 -0.3366
vn 0.1490 0.9449 -0.2916
vn 0.0260 0.8717 0.4893
vn 0.0344 0.8914 0.4520
vn 0.0332 0.8869 0.4608
vn 0.0499 0.9260 0.3743
vn 0.0241 0.8640 0.5029
vn 0.1569 0.9190 -0.3617
vn 0.1039 0.9856 0.1331
vn 0.1517 0.9399 -0.3058
vn 0.1029 0.9927 0.0626
vn 0.1115 0.9938 -0.0000
vn 0.0362 0.8953 0.4440
vn 0.0985 0.9921 0.0782
vn 0.1002 0.9928 0.0650
vn 0.1105 0.9939 -0.0000
vn 0.1005 0.9929 0.0634
vn 0.0963 0.9914 0.0886
vn 0.1468 0.9427 -0.2996
vn 0.1694 0.6575 -0.7341
vn 0.1693 0.6608 -0.7312
vn 0.1697 0.6970 -0.6967
vn 0.1690 0.6975 -0.6964
vn 0.1690 0.6406 -0.7491
vn 0.1693 0.6964 -0.6973
vn 0.1502 0.2881 -0.9457
vn 0.1502 0.2868 -0.9461
vn 0.0732 -0.3372 -0.9386
vn 0.0771 -0.3156 -0.9457
vn 0.1028 -0.1426 -0.9844
vn 0.1033 -0.1376 -0.9851
vn 0.1029 -0.1407 -0.9847
vn 0.0329 -0.5604 -0.8275
vn 0.0425 -0.5119 -0.8580
vn 0.0343 -0.5554 -0.8309
vn 0.0359 -0.5461 -0.8370
vn 0.0371 -0.5392 -0.8414
vn 0.0377 -0.5363 -0.8432
vn 0.7523 -0.2490 -0.6100
vn 0.3471 -0.5001 -0.7934
vn 0.9731 0.1822 -0.1410
vn 0.9525 0.0370 -0.3023
vn 0.2222 0.6590 -0.7185
vn 0.2191 0.6585 -0.7200
vn 0.2274 0.6493 -0.7258
vn 0.3029 0.6749 -0.6729
vn 0.3008 0.7151 -0.6310
vn 0.3534 0.7098 -0.6093
vn 0.2182 0.6905 -0.6896
vn 0.2300 0.6328 -0.7394
vn 0.2579 0.3080 -0.9157
vn 0.5872 0.4207 -0.6915
vn 0.5797 0.4576 -0.6743
vn 0.6346 0.5282 -0.5641
vn 0.3907 0.7333 -0.5565
vn 0.3551 0.7080 -0.6104
vn 0.3932 0.6897 -0.6081
vn 0.7600 0.4709 -0.4480
vn 0.7474 -0.2620 -0.6106
vn 0.8725 -0.1730 -0.4569
vn 0.7415 -0.3778 -0.5544
vn 0.9531 -0.0089 -0.3025
vn 0.9951 0.0004 -0.0989
vn 0.7637 -0.2406 -0.5990
vn 0.7648 -0.2384 -0.5986
vn 0.7577 -0.0473 -0.6509
vn 0.3081 -0.5475 -0.7780
vn 0.3005 -0.5120 -0.8047
vn 0.2836 -0.5590 -0.7792
vn 0.2587 -0.4257 -0.8671
vn 0.2873 0.2684 -0.9195
vn 0.2291 -0.3758 -0.8979
vn 0.2813 -0.0137 -0.9595
vn 0.3285 -0.1667 -0.9297
vn 0.3189 -0.2275 -0.9201
vn 0.2990 -0.1601 -0.9407
vn 0.2235 -0.5327 -0.8162
vn 0.9384 -0.0278 -0.3444
vn 0.8609 0.2435 -0.4466
vn 0.8099 0.1736 -0.5603
vn 0.7735 0.0451 -0.6322
vn 0.5903 0.0930 -0.8018
vn 0.9510 0.0335 -0.3074
vn 0.9612 0.0389 -0.2732
vn 0.8950 0.2393 -0.3764
vn 0.9681 0.1551 -0.1970
vn 0.7563 0.3994 -0.5182
vn 0.2988 0.6729 -0.6767
vn 0.2713 0.6869 -0.6742
vn 0.4497 0.3569 -0.8188
vn 0.4756 0.3348 -0.8135
vn 0.5398 0.0709 -0.8388
vn 0.5648 0.0239 -0.8249
vn 0.5745 -0.1320 -0.8078
vn 0.5973 -0.1895 -0.7793
vn 0.5854 -0.3182 -0.7457
vn 0.5998 -0.3761 -0.7062
vn 0.5326 -0.5957 -0.6013
vn 0.3282 -0.5014 -0.8005
vn 0.7618 0.4135 -0.4987
vn 0.9720 0.1502 -0.1809
vn 0.7677 0.4090 -0.4933
vn 0.9728 0.1480 -0.1782
vn 0.7643 0.4117 -0.4964
vn 0.7644 0.4557 -0.4560
vn 0.7644 0.4557 -0.4561
vn 0.7644 0.4918 -0.4170
vn 0.7653 0.4910 -0.4162
vn 0.3907 0.7321 -0.5581
vn 0.3934 0.7309 -0.5578
vn 0.3931 0.7012 -0.5948
vn 0.3933 0.7012 -0.5947
vn 0.3934 0.6497 -0.6505
vn 0.3932 0.5867 -0.7080
vn 0.3914 0.5871 -0.7086
vn 0.3947 0.7305 -0.5573
vn 0.7622 0.5147 -0.3925
vn 0.7656 0.5112 -0.3906
vn 0.7680 0.5092 -0.3885
vn 0.9701 0.1932 -0.1472
vn 0.9723 0.1494 -0.1798
vn 0.9723 0.1654 -0.1652
vn 0.9723 0.1784 -0.1510
vn 0.9721 0.1789 -0.1515
vn 0.9722 0.1860 -0.1424
vn 0.9731 0.1833 -0.1395
vn 0.3913 0.5908 -0.7056
vn 0.3135 0.6236 -0.7162
vn 0.2881 0.6446 -0.7081
vn 0.3365 0.6427 -0.6883
vn 0.3171 0.6607 -0.6804
vn 0.2682 0.6673 -0.6948
vn 0.2435 0.7223 -0.6472
vn 0.2220 0.7128 -0.6653
vn 0.1850 0.7312 -0.6566
vn 0.7599 0.4476 -0.4713
vn 0.6375 0.5613 -0.5277
vn 0.5716 0.6908 -0.4428
vn 0.5989 0.6777 -0.4267
vn 0.4515 0.8170 -0.3588
vn 0.5386 0.7947 -0.2800
vn 0.4316 0.8373 -0.3355
vn 0.2697 0.9099 -0.3153
vn 0.3520 0.9133 -0.2049
vn -0.4319 0.6374 -0.6381
vn -0.3461 0.7117 -0.6113
vn 0.4943 0.7537 0.4332
vn 0.7079 0.6052 0.3642
vn 0.7772 0.5792 0.2460
vn 0.0940 0.8324 0.5461
vn 0.7168 0.4715 0.5137
vn 0.3997 0.8062 0.4363
vn 0.3330 0.8287 0.4498
vn 0.3960 0.7870 0.4731
vn 0.3825 0.7929 0.4743
vn 0.9578 0.2769 -0.0771
vn 0.9611 0.2723 0.0453
vn 0.9651 0.2585 0.0412
vn 0.9757 0.2184 0.0161
vn 0.8154 0.4395 0.3768
vn 0.7790 0.5796 0.2394
vn 0.9989 -0.0000 -0.0465
vn 0.6516 0.7002 0.2918
vn 0.8219 0.5323 0.2030
vn 0.8367 0.5323 0.1286
vn 0.9476 0.3193 -0.0065
vn 0.9475 0.3161 -0.0493
vn 0.1240 0.8241 0.5528
vn 0.1819 0.9000 0.3962
vn 0.1168 0.7925 0.5986
vn 0.1325 0.9265 0.3522
vn 0.2348 0.8700 -0.4336
vn 0.2274 0.9335 -0.2773
vn 0.2028 0.9674 0.1514
vn 0.1794 0.9744 0.1357
vn 0.3938 0.9091 0.1359
vn 0.3526 0.9289 0.1129
vn 0.5376 0.8385 0.0886
vn 0.4940 0.8668 0.0684
vn 0.6528 0.7572 0.0238
vn 0.6096 0.7927 0.0076
vn 0.7894 0.6085 -0.0813
vn 0.7508 0.6505 -0.1145
vn 0.8830 0.3701 -0.2888
vn 0.7564 0.5166 -0.4012
vn 0.1694 0.7303 -0.6618
vn 0.1692 0.7333 -0.6586
vn 0.1691 0.6951 -0.6987
vn 0.1695 0.6968 -0.6969
vn 0.1695 0.6965 -0.6973
vn 0.1689 0.7478 -0.6421
vn 0.1498 0.9458 -0.2882
vn 0.0362 0.8408 0.5401
vn 0.0367 0.8421 0.5380
vn 0.0653 0.9220 0.3816
vn 0.0339 0.8328 0.5526
vn 0.0268 0.8104 0.5853
vn 0.0323 0.8283 0.5594
vn 0.1023 0.9848 0.1402
vn 0.1030 0.9853 0.1362
vn 0.0729 0.9386 0.3373
vn 0.0765 0.9461 0.3147
vn 0.1613 0.8821 -0.4425
vn 0.1498 0.9459 -0.2878
vn 0.0348 -0.4504 -0.8922
vn 0.0428 -0.4053 -0.9132
vn 0.0433 -0.4028 -0.9143
vn 0.1346 0.1648 -0.9771
vn 0.1467 0.2886 -0.9461
vn 0.1784 0.6959 -0.6956
vn 0.1311 0.1584 -0.9786
vn 0.1448 0.2861 -0.9472
vn 0.1292 0.1507 -0.9801
vn 0.0986 -0.0902 -0.9910
vn 0.1116 0.0001 -0.9938
vn 0.1349 0.1686 -0.9764
vn 0.1015 -0.0808 -0.9915
vn 0.0435 -0.3992 -0.9158
vn 0.0347 -0.4452 -0.8948
vn 0.0111 -0.5578 -0.8299
vn 0.2651 0.2947 -0.9181
vn 0.9792 0.0693 -0.1907
vn 0.9750 0.0783 -0.2077
vn 0.9750 0.0694 -0.2109
vn 0.9750 0.0895 -0.2036
vn 0.9749 0.0949 -0.2013
vn 0.9920 0.0555 -0.1135
vn 0.4558 0.3970 -0.7967
vn 0.4443 0.3997 -0.8017
vn 0.8733 0.2058 -0.4416
vn 0.7638 0.2843 -0.5794
vn 0.8807 0.2109 -0.4242
vn 0.8800 0.2114 -0.4253
vn 0.4516 0.3979 -0.7985
vn 0.3825 0.4107 -0.8277
vn 0.4463 0.3958 -0.8026
vn 0.9916 0.0489 -0.1199
vn 0.9228 0.1180 -0.3667
vn 0.7638 0.1986 -0.6141
vn 0.9145 0.1511 -0.3752
vn 0.8892 0.1630 -0.4275
vn 0.6628 0.2241 -0.7144
vn 0.6561 0.2257 -0.7201
vn 0.3813 0.2781 -0.8816
vn 0.6433 0.2524 -0.7228
vn 0.6782 0.2449 -0.6929
vn 0.9805 0.0983 -0.1704
vn 0.9446 0.1211 -0.3051
vn 0.7640 0.2376 -0.5999
vn 0.7637 0.2377 -0.6002
vn 0.3827 0.3399 -0.8591
vn 0.3813 0.3400 -0.8596
vn 0.1734 0.0001 -0.9849
vn 0.1568 0.3956 -0.9049
vn 0.0271 0.9608 -0.2760
vn 0.0357 0.9477 -0.3170
vn 0.0569 0.9039 -0.4240
vn 0.0302 0.9573 -0.2874
vn 0.0267 0.9628 -0.2690
vn 0.1506 0.4646 -0.8726
vn 0.1006 0.7576 -0.6449
vn 0.1033 0.7458 -0.6581
vn 0.0359 0.9479 -0.3165
vn 0.0971 0.7639 -0.6380
vn 0.1002 0.7489 -0.6551
vn 0.1105 0.7027 -0.7029
vn 0.1007 0.7467 -0.6575
vn 0.0962 0.7645 -0.6374
vn 0.1461 0.4625 -0.8745
vn 0.0362 -0.9474 -0.3179
vn 0.0442 -0.9298 -0.3654
vn 0.0446 -0.9290 -0.3675
vn 0.1349 -0.5747 -0.8071
vn 0.1475 -0.4598 -0.8757
vn 0.1098 -0.7028 -0.7029
vn 0.1311 -0.5821 -0.8025
vn 0.1463 -0.4562 -0.8778
vn 0.1298 -0.5834 -0.8017
vn 0.0986 -0.7654 -0.6359
vn 0.1123 -0.7041 -0.7012
vn 0.1343 -0.5767 -0.8058
vn 0.1000 -0.7657 -0.6354
vn 0.0434 -0.9306 -0.3634
vn 0.0346 -0.9483 -0.3155
vn 0.0326 -0.9516 -0.3055
vn 0.2478 -0.4296 -0.8684
vn 0.4683 -0.2641 -0.8431
vn 0.4695 -0.2640 -0.8426
vn 0.8741 -0.1642 -0.4572
vn 0.7640 -0.1982 -0.6141
vn 0.8821 -0.1409 -0.4496
vn 0.8818 -0.1411 -0.4501
vn 0.4730 -0.2633 -0.8408
vn 0.3815 -0.2794 -0.8811
vn 0.4597 -0.2724 -0.8453
vn 0.6514 -0.3387 -0.6790
vn 0.6508 -0.3389 -0.6794
vn 0.3829 -0.4114 -0.8271
vn 0.6357 -0.3309 -0.6975
vn 0.7095 -0.2984 -0.6384
vn 0.9917 -0.0512 -0.1182
vn 0.9212 -0.1716 -0.3491
vn 0.7641 -0.2842 -0.5792
vn 0.9189 -0.1572 -0.3618
vn 0.8826 -0.1944 -0.4280
vn 0.9751 -0.0778 -0.2076
vn 0.9751 -0.0736 -0.2091
vn 0.9922 -0.0387 -0.1186
vn 0.9805 -0.0977 -0.1703
vn 0.9750 -0.0890 -0.2035
vn 0.9750 -0.0971 -0.1999
vn 0.9792 -0.0688 -0.1906
vn 0.9447 -0.1208 -0.3050
vn 0.7639 -0.2380 -0.5998
vn 0.7641 -0.2379 -0.5996
vn 0.3815 -0.3411 -0.8591
vn 0.3829 -0.3408 -0.8586
vn 0.1114 -0.0000 -0.9938
vn 0.1573 -0.3616 -0.9190
vn 0.0261 0.4893 -0.8717
vn 0.0346 0.4520 -0.8913
vn 0.0337 0.4583 -0.8882
vn 0.0503 0.3748 -0.9257
vn 0.0243 0.5029 -0.8640
vn 0.1512 -0.2913 -0.9446
vn 0.0906 0.1420 -0.9857
vn 0.1033 0.0628 -0.9927
vn 0.0364 0.4442 -0.8952
vn 0.0988 0.0782 -0.9920
vn 0.1006 0.0650 -0.9928
vn 0.1104 -0.0000 -0.9939
vn 0.1008 0.0636 -0.9929
vn 0.0967 0.0885 -0.9914
vn 0.1473 -0.2995 -0.9427
vn 0.1699 -0.7341 -0.6575
vn 0.1698 -0.7312 -0.6607
vn 0.1702 -0.6975 -0.6961
vn 0.1698 -0.6967 -0.6970
vn 0.1695 -0.7486 -0.6410
vn 0.1699 -0.6977 -0.6960
vn 0.1507 -0.9457 -0.2881
vn 0.1506 -0.9461 -0.2868
vn 0.0736 -0.9380 0.3386
vn 0.0774 -0.9456 0.3160
vn 0.1031 -0.9844 0.1426
vn 0.1037 -0.9850 0.1376
vn 0.1032 -0.9847 0.1406
vn 0.0330 -0.8275 0.5604
vn 0.0427 -0.8580 0.5119
vn 0.0343 -0.8314 0.5546
vn 0.0360 -0.8369 0.5462
vn 0.0372 -0.8414 0.5392
vn 0.0378 -0.8432 0.5363
vn 0.7524 -0.6097 0.2493
vn 0.3475 -0.7932 0.5002
vn 0.9732 -0.1406 -0.1819
vn 0.9526 -0.3019 -0.0367
vn 0.2227 -0.7185 -0.6589
vn 0.2196 -0.7199 -0.6584
vn 0.2279 -0.7257 -0.6492
vn 0.3034 -0.6728 -0.6747
vn 0.3013 -0.6309 -0.7150
vn 0.3539 -0.6092 -0.7097
vn 0.2180 -0.6911 -0.6891
vn 0.2304 -0.7388 -0.6333
vn 0.2584 -0.9156 -0.3079
vn 0.5876 -0.6913 -0.4205
vn 0.5801 -0.6740 -0.4574
vn 0.6351 -0.5639 -0.5280
vn 0.3912 -0.5563 -0.7331
vn 0.3556 -0.6103 -0.7079
vn 0.3936 -0.6080 -0.6895
vn 0.7603 -0.4477 -0.4706
vn 0.8727 -0.4565 0.1733
vn 0.7415 -0.5543 0.3782
vn 0.9532 -0.3021 0.0093
vn 0.9951 -0.0989 -0.0000
vn 0.7490 -0.6142 0.2486
vn 0.7483 -0.6154 0.2477
vn 0.7642 -0.5935 0.2524
vn 0.7580 -0.6506 0.0476
vn 0.3082 -0.7779 0.5476
vn 0.3007 -0.8045 0.5122
vn 0.2837 -0.7791 0.5591
vn 0.2589 -0.8670 0.4257
vn 0.2878 -0.9194 -0.2683
vn 0.2304 -0.8977 0.3755
vn 0.2816 -0.9594 0.0138
vn 0.3288 -0.9295 0.1668
vn 0.3192 -0.9199 0.2277
vn 0.2993 -0.9406 0.1602
vn 0.2236 -0.8160 0.5331
vn 0.9385 -0.3440 0.0281
vn 0.8612 -0.4463 -0.2432
vn 0.8102 -0.5600 -0.1733
vn 0.7737 -0.6319 -0.0448
vn 0.5906 -0.8016 -0.0928
vn 0.9511 -0.3071 -0.0331
vn 0.9613 -0.2728 -0.0386
vn 0.8952 -0.3761 -0.2390
vn 0.9682 -0.1966 -0.1548
vn 0.7566 -0.5179 -0.3991
vn 0.2993 -0.6766 -0.6728
vn 0.2719 -0.6741 -0.6868
vn 0.4502 -0.8186 -0.3567
vn 0.4760 -0.8133 -0.3346
vn 0.5402 -0.8386 -0.0707
vn 0.5651 -0.8247 -0.0237
vn 0.5749 -0.8075 0.1322
vn 0.5975 -0.7791 0.1897
vn 0.5856 -0.7454 0.3184
vn 0.6000 -0.7059 0.3763
vn 0.5326 -0.6011 0.5959
vn 0.3283 -0.8004 0.5015
vn 0.7648 -0.4558 -0.4554
vn 0.9721 -0.1805 -0.1499
vn 0.7622 -0.4983 -0.4131
vn 0.3919 -0.7084 -0.5870
vn 0.9729 -0.1778 -0.1476
vn 0.3921 -0.7083 -0.5870
vn 0.3937 -0.7079 -0.5865
vn 0.3939 -0.6503 -0.6495
vn 0.3908 -0.5881 -0.7081
vn 0.3937 -0.5874 -0.7071
vn 0.7646 -0.4961 -0.4114
vn 0.7680 -0.4930 -0.4087
vn 0.3945 -0.5872 -0.7068
vn 0.7622 -0.4136 -0.4981
vn 0.7646 -0.4118 -0.4958
vn 0.7680 -0.4091 -0.4928
vn 0.9701 -0.1548 -0.1868
vn 0.9724 -0.1795 -0.1490
vn 0.9724 -0.1649 -0.1650
vn 0.9724 -0.1490 -0.1796
vn 0.9732 -0.1468 -0.1771
vn 0.3918 -0.7054 -0.5907
vn 0.3140 -0.7160 -0.6235
vn 0.2887 -0.7080 -0.6445
vn 0.3371 -0.6881 -0.6426
vn 0.3177 -0.6802 -0.6606
vn 0.2687 -0.6947 -0.6672
vn 0.2441 -0.6471 -0.7223
vn 0.2225 -0.6653 -0.7127
vn 0.1855 -0.6565 -0.7312
vn 0.7603 -0.4710 -0.4473
vn 0.6379 -0.5275 -0.5611
vn 0.5720 -0.4426 -0.6906
vn 0.5993 -0.4264 -0.6775
vn 0.4519 -0.3587 -0.8168
vn 0.5391 -0.2798 -0.7944
vn 0.4321 -0.3354 -0.8372
vn 0.2701 -0.3152 -0.9098
vn 0.3524 -0.2048 -0.9132
vn -0.4312 -0.6379 -0.6380
vn -0.3456 -0.6113 -0.7120
vn 0.4944 0.4334 -0.7535
vn 0.7080 0.3645 -0.6049
vn 0.7773 0.2463 -0.5789
vn 0.0940 0.5462 -0.8324
vn 0.7168 0.5139 -0.4712
vn 0.3998 0.4364 -0.8060
vn 0.3331 0.4499 -0.8286
vn 0.3961 0.4732 -0.7868
vn 0.3827 0.4744 -0.7928
vn 0.9579 -0.0767 -0.2766
vn 0.9612 0.0457 -0.2719
vn 0.9652 0.0416 -0.2582
vn 0.9758 0.0164 -0.2181
vn 0.8154 0.3771 -0.4392
vn 0.7791 0.2397 -0.5792
vn 0.9989 -0.0462 -0.0000
vn 0.6518 0.2920 -0.6999
vn 0.8220 0.2033 -0.5319
vn 0.8369 0.1289 -0.5320
vn 0.9478 -0.0062 -0.3189
vn 0.9476 -0.0490 -0.3157
vn 0.1241 0.5528 -0.8240
vn 0.1821 0.3955 -0.9002
vn 0.1168 0.5988 -0.7923
vn 0.1328 0.3523 -0.9264
vn 0.2346 -0.4342 -0.8697
vn 0.2279 -0.2772 -0.9334
vn 0.2031 0.1515 -0.9674
vn 0.1797 0.1358 -0.9743
vn 0.3941 0.1360 -0.9089
vn 0.3530 0.1131 -0.9288
vn 0.5378 0.0888 -0.8384
vn 0.4943 0.0686 -0.8666
vn 0.6531 0.0240 -0.7569
vn 0.6099 0.0078 -0.7925
vn 0.7897 -0.0810 -0.6081
vn 0.7511 -0.1143 -0.6502
vn 0.8832 -0.2885 -0.3697
vn 0.7568 -0.4009 -0.5163
vn 0.1699 -0.6617 -0.7303
vn 0.1697 -0.6585 -0.7332
vn 0.1698 -0.6973 -0.6964
vn 0.1698 -0.6961 -0.6976
vn 0.1700 -0.6974 -0.6962
vn 0.1693 -0.6415 -0.7482
vn 0.1503 -0.2881 -0.9457
vn 0.0363 0.5401 -0.8408
vn 0.0368 0.5380 -0.8421
vn 0.0657 0.3815 -0.9220
vn 0.0337 0.5527 -0.8327
vn 0.0269 0.5854 -0.8103
vn 0.0324 0.5589 -0.8286
vn 0.1026 0.1403 -0.9848
vn 0.1033 0.1362 -0.9853
vn 0.0731 0.3362 -0.9389
vn 0.0768 0.3153 -0.9459
vn 0.1612 -0.4408 -0.8830
vn 0.1503 -0.2877 -0.9458
vn 0.0350 -0.8922 0.4503
vn 0.2152 -0.6912 -0.6899
vn 0.1495 -0.9458 -0.2882
vn 0.1352 -0.9770 -0.1648
vn 0.1440 -0.9544 -0.2615
vn 0.1315 -0.9786 -0.1584
vn 0.1453 -0.9471 -0.2861
vn 0.1296 -0.9801 -0.1504
vn 0.0989 -0.9910 0.0903
vn 0.1129 -0.9936 -0.0000
vn 0.0430 -0.9131 0.4054
vn 0.0435 -0.9143 0.4026
vn 0.0110 -0.8298 0.5579
vn 0.0349 -0.8947 0.4453
vn 0.0402 -0.9079 0.4171
vn 0.0981 -0.9919 0.0803
vn 0.0497 -0.9188 0.3915
vn 0.1353 -0.9763 -0.1686
vn 0.2710 -0.9181 -0.2892
vn 0.9751 -0.2078 -0.0768
vn 0.9752 -0.2108 -0.0680
vn 0.9806 -0.1700 -0.0979
vn 0.8803 -0.4249 -0.2111
vn 0.9751 -0.2032 -0.0891
vn 0.9750 -0.2009 -0.0945
vn 0.9920 -0.1132 -0.0551
vn 0.8809 -0.4238 -0.2106
vn 0.7642 -0.5791 -0.2840
vn 0.8728 -0.4424 -0.2061
vn 0.5981 -0.6200 -0.5078
vn 0.6030 -0.6194 -0.5027
vn 0.6008 -0.6209 -0.5035
vn 0.3822 -0.7781 -0.4985
vn 0.4820 -0.7685 -0.4208
vn 0.7290 -0.6839 -0.0287
vn 0.7641 -0.5797 -0.2830
vn 0.3829 -0.8302 -0.4051
vn 0.3831 -0.8302 -0.4051
vn 0.9915 -0.1197 -0.0503
vn 0.9236 -0.3657 -0.1148
vn 0.7631 -0.6162 -0.1950
vn 0.9135 -0.3758 -0.1560
vn 0.8883 -0.4281 -0.1663
vn 0.6670 -0.7126 -0.2178
vn 0.6602 -0.7183 -0.2193
vn 0.3854 -0.8819 -0.2716
vn 0.6437 -0.7226 -0.2521
vn 0.6779 -0.6930 -0.2454
vn 0.9144 -0.3822 -0.1332
vn 0.9627 -0.2521 -0.0984
vn 0.7642 -0.6009 -0.2342
vn 0.7629 -0.6024 -0.2346
vn 0.3830 -0.8608 -0.3352
vn 0.3854 -0.8598 -0.3349
vn 0.1573 -0.9049 -0.3956
vn 0.0276 -0.2760 -0.9608
vn 0.0361 -0.3170 -0.9477
vn 0.0272 -0.2689 -0.9628
vn 0.0977 -0.6379 -0.7639
vn 0.1007 -0.6551 -0.7488
vn 0.0307 -0.2875 -0.9573
vn 0.0575 -0.4241 -0.9038
vn 0.0364 -0.3165 -0.9479
vn 0.1511 -0.8726 -0.4645
vn 0.1011 -0.6447 -0.7577
vn 0.1825 -0.9832 0.0042
vn 0.1012 -0.6574 -0.7467
vn 0.1118 -0.7043 -0.7010
vn 0.1011 -0.6569 -0.7472
vn 0.0965 -0.6374 -0.7645
vn 0.1508 -0.8737 -0.4626
vn 0.1700 -0.9838 0.0562
vn 0.1699 -0.9842 0.0504
vn 0.1701 -0.9854 0.0024
vn 0.1705 -0.9854 -0.0000
vn 0.1691 -0.9794 0.1103
vn 0.1507 -0.8718 0.4661
vn 0.0719 -0.4145 0.9072
vn 0.1213 -0.7022 0.7016
vn 0.1036 -0.5994 0.7937
vn 0.1031 -0.5962 0.7962
vn 0.1026 -0.5936 0.7982
vn 0.0327 -0.1887 0.9815
vn 0.0374 -0.2159 0.9757
vn 0.0420 -0.2422 0.9693
vn 0.0368 -0.2121 0.9766
vn 0.0365 -0.2105 0.9769
vn 0.0359 -0.2071 0.9777
vn 0.7521 -0.2519 0.6090
vn 0.3246 -0.2076 0.9228
vn 0.9732 -0.2268 -0.0381
vn 0.9528 -0.2401 0.1859
vn 0.2225 -0.9733 0.0561
vn 0.2259 -0.9726 0.0548
vn 0.2170 -0.9751 0.0452
vn 0.2233 -0.9738 0.0425
vn 0.3060 -0.9520 0.0083
vn 0.3036 -0.9508 -0.0615
vn 0.3534 -0.9327 -0.0724
vn 0.2166 -0.9763 -0.0000
vn 0.2332 -0.9664 0.1083
vn 0.2574 -0.8646 0.4315
vn 0.5882 -0.7864 0.1889
vn 0.5817 -0.7985 0.1551
vn 0.6378 -0.7698 0.0248
vn 0.3945 -0.9108 -0.1218
vn 0.3589 -0.9310 -0.0658
vn 0.3876 -0.9200 -0.0573
vn 0.7594 -0.6505 -0.0156
vn 0.7515 -0.2453 0.6124
vn 0.8723 -0.2006 0.4459
vn 0.7266 -0.1186 0.6768
vn 0.9539 -0.2062 0.2180
vn 0.7602 -0.2491 0.6001
vn 0.7655 -0.2554 0.5905
vn 0.7575 -0.4299 0.4912
vn 0.3090 -0.1530 0.9387
vn 0.2997 -0.2073 0.9312
vn 0.2846 -0.1619 0.9449
vn 0.2597 -0.3162 0.9125
vn 0.2863 -0.8397 0.4615
vn 0.2217 -0.3437 0.9125
vn 0.2790 -0.6737 0.6843
vn 0.3269 -0.5441 0.7727
vn 0.3163 -0.4886 0.8131
vn 0.2969 -0.5492 0.7811
vn 0.2144 -0.1717 0.9615
vn 0.9384 -0.2236 0.2636
vn 0.8601 -0.4893 0.1442
vn 0.8107 -0.5193 0.2704
vn 0.7731 -0.4783 0.4165
vn 0.6018 -0.6241 0.4984
vn 0.9493 -0.2428 0.1996
vn 0.9613 -0.2192 0.1669
vn 0.8943 -0.4367 0.0977
vn 0.9689 -0.2456 0.0288
vn 0.7564 -0.6489 0.0824
vn 0.3076 -0.9515 0.0068
vn 0.2721 -0.9622 -0.0084
vn 0.4492 -0.8323 0.3247
vn 0.4791 -0.8099 0.3384
vn 0.5446 -0.6359 0.5468
vn 0.5626 -0.6047 0.5637
vn 0.5728 -0.4822 0.6628
vn 0.5977 -0.4155 0.6857
vn 0.5860 -0.3038 0.7513
vn 0.6002 -0.2364 0.7641
vn 0.5310 0.0005 0.8473
vn 0.3244 -0.2076 0.9229
vn 0.7616 -0.6442 0.0704
vn 0.9723 -0.2324 0.0255
vn 0.7680 -0.6366 0.0697
vn 0.9729 -0.2298 0.0252
vn 0.7641 -0.6412 0.0700
vn 0.7641 -0.6446 0.0238
vn 0.7651 -0.6435 0.0237
vn 0.7651 -0.6436 -0.0228
vn 0.7641 -0.6447 -0.0228
vn 0.3944 -0.9136 -0.0986
vn 0.3941 -0.9138 -0.0986
vn 0.3939 -0.9186 -0.0326
vn 0.3930 -0.9189 -0.0325
vn 0.3930 -0.9189 0.0339
vn 0.3939 -0.9185 0.0338
vn 0.3941 -0.9136 0.0998
vn 0.3928 -0.9142 0.1000
vn 0.3887 -0.9161 -0.0987
vn 0.7616 -0.6443 -0.0695
vn 0.7641 -0.6413 -0.0690
vn 0.7680 -0.6367 -0.0687
vn 0.9707 -0.2388 -0.0258
vn 0.9726 -0.2312 0.0253
vn 0.9726 -0.2324 0.0086
vn 0.9724 -0.2330 0.0086
vn 0.9724 -0.2330 -0.0082
vn 0.9726 -0.2324 -0.0083
vn 0.9726 -0.2313 -0.0249
vn 0.9732 -0.2288 -0.0247
vn 0.3925 -0.9161 0.0821
vn 0.3084 -0.9490 0.0652
vn 0.2847 -0.9575 0.0457
vn 0.3446 -0.9383 0.0300
vn 0.3233 -0.9462 0.0097
vn 0.2685 -0.9632 0.0157
vn 0.2460 -0.9680 -0.0505
vn 0.2222 -0.9745 -0.0312
vn 0.2095 -0.9770 -0.0403
vn 0.1817 -0.9818 -0.0548
vn 0.7594 -0.6504 0.0165
vn 0.6378 -0.7698 -0.0236
vn 0.5726 -0.8015 -0.1723
vn 0.6010 -0.7799 -0.1746
vn 0.4498 -0.8320 -0.3247
vn 0.5360 -0.7617 -0.3641
vn 0.4399 -0.8244 -0.3561
vn 0.2711 -0.8635 -0.4254
vn 0.3458 -0.7951 -0.4982
vn -0.4346 -0.9006 0.0014
vn -0.3053 -0.9464 -0.1056
vn 0.4913 -0.2308 -0.8398
vn 0.7112 -0.1720 -0.6816
vn 0.7782 -0.2353 -0.5823
vn 0.1052 -0.1988 -0.9744
vn 0.7226 0.0372 -0.6903
vn 0.4001 -0.2621 -0.8782
vn 0.3312 -0.2687 -0.9045
vn 0.3939 -0.2232 -0.8916
vn 0.3888 -0.2245 -0.8935
vn 0.9579 -0.2512 -0.1388
vn 0.9613 -0.1588 -0.2250
vn 0.9640 -0.1543 -0.2165
vn 0.9750 -0.1435 -0.1695
vn 0.8163 -0.0482 -0.5756
vn 0.7828 -0.2336 -0.5768
vn 0.6560 -0.2892 -0.6972
vn 0.8222 -0.2335 -0.5191
vn 0.8371 -0.2869 -0.4659
vn 0.9481 -0.2312 -0.2184
vn 0.9479 -0.2564 -0.1891
vn 0.1270 -0.1910 -0.9733
vn 0.1337 -0.2098 -0.9686
vn 0.1270 -0.1887 -0.9738
vn 0.1324 -0.3904 -0.9111
vn 0.2316 -0.8704 -0.4345
vn 0.2298 -0.8557 -0.4636
vn 0.2035 -0.5775 -0.7906
vn 0.1816 -0.5925 -0.7848
vn 0.3911 -0.5472 -0.7400
vn 0.3464 -0.5799 -0.7374
vn 0.5342 -0.5330 -0.6561
vn 0.5006 -0.5595 -0.6606
vn 0.6578 -0.5135 -0.5510
vn 0.6076 -0.5561 -0.5670
vn 0.7887 -0.4885 -0.3733
vn 0.7544 -0.5360 -0.3790
vn 0.8854 -0.4614 -0.0567
vn 0.7564 -0.6490 -0.0815
vn 0.1701 -0.9842 -0.0490
vn 0.1699 -0.9839 -0.0548
vn 0.1702 -0.9854 -0.0000
vn 0.1701 -0.9854 -0.0000
vn 0.1692 -0.9796 -0.1082
vn 0.1691 -0.9797 -0.1079
vn 0.1507 -0.8725 -0.4648
vn 0.0363 -0.2111 -0.9768
vn 0.0365 -0.2119 -0.9766
vn 0.0403 -0.2342 -0.9714
vn 0.0419 -0.2430 -0.9691
vn 0.0362 -0.2098 -0.9771
vn 0.0328 -0.1905 -0.9811
vn 0.1031 -0.5977 -0.7950
vn 0.1030 -0.5974 -0.7953
vn 0.0721 -0.4189 -0.9051
vn 0.1213 -0.7026 -0.7012
vn 0.1529 -0.8850 -0.4397
vn 0.1506 -0.8724 -0.4651
vn 0.0359 -0.3179 0.9474
vn 0.0440 -0.3654 0.9298
vn 0.0444 -0.3674 0.9290
vn 0.1349 -0.8071 0.5748
vn 0.1477 -0.8756 0.4599
vn 0.1100 -0.7035 0.7021
vn 0.1312 -0.8025 0.5821
vn 0.1465 -0.8777 0.4563
vn 0.1299 -0.8016 0.5835
vn 0.0985 -0.6359 0.7654
vn 0.1120 -0.7014 0.7039
vn 0.1344 -0.8059 0.5766
vn 0.1000 -0.6354 0.7657
vn 0.0432 -0.3634 0.9306
vn 0.0343 -0.3155 0.9483
vn 0.0325 -0.3063 0.9514
vn 0.2483 -0.8681 0.4299
vn 0.9144 -0.3820 0.1337
vn 0.9806 -0.1699 0.0981
vn 0.9751 -0.2031 0.0894
vn 0.9750 -0.1996 0.0975
vn 0.9923 -0.1182 0.0383
vn 0.9752 -0.2087 0.0742
vn 0.4745 -0.8419 0.2571
vn 0.4758 -0.8412 0.2569
vn 0.8738 -0.4572 0.1658
vn 0.7631 -0.6162 0.1951
vn 0.8834 -0.4482 0.1368
vn 0.8831 -0.4487 0.1369
vn 0.4793 -0.8394 0.2563
vn 0.3854 -0.8813 0.2734
vn 0.4643 -0.8443 0.2673
vn 0.3831 -0.8279 0.4097
vn 0.9917 -0.1178 0.0516
vn 0.9213 -0.3488 0.1720
vn 0.7642 -0.5789 0.2845
vn 0.9190 -0.3615 0.1576
vn 0.8827 -0.4277 0.1948
vn 0.6515 -0.6787 0.3389
vn 0.6510 -0.6791 0.3391
vn 0.4208 -0.8121 0.4043
vn 0.5204 -0.8202 0.2379
vn 0.5743 -0.7972 0.1859
vn 0.9751 -0.2077 0.0771
vn 0.9627 -0.2520 0.0987
vn 0.7629 -0.6020 0.2356
vn 0.7642 -0.6006 0.2350
vn 0.3854 -0.8594 0.3361
vn 0.3831 -0.8602 0.3366
vn 0.1497 -0.9448 0.2916
vn 0.0267 -0.8717 -0.4892
vn 0.0351 -0.8913 -0.4520
vn 0.0337 -0.8867 -0.4611
vn 0.0508 -0.9256 -0.3750
vn 0.0248 -0.8640 -0.5028
vn 0.1576 -0.9189 0.3617
vn 0.1047 -0.9855 -0.1339
vn 0.1525 -0.9398 0.3060
vn 0.1037 -0.9926 -0.0628
vn 0.1126 -0.9936 -0.0000
vn 0.0369 -0.8952 -0.4442
vn 0.0993 -0.9920 -0.0782
vn 0.1010 -0.9928 -0.0649
vn 0.1105 -0.9939 -0.0000
vn 0.1012 -0.9928 -0.0636
vn 0.0971 -0.9913 -0.0885
vn 0.1475 -0.9426 0.2997
vn 0.1699 -0.6574 0.7341
vn 0.1698 -0.6606 0.7313
vn 0.1702 -0.6966 0.6969
vn 0.1696 -0.6965 0.6972
vn 0.1696 -0.6408 0.7488
vn 0.1698 -0.6959 0.6978
vn 0.1504 -0.2880 0.9457
vn 0.1504 -0.2867 0.9461
vn 0.0731 0.3382 0.9382
vn 0.0767 0.3150 0.9460
vn 0.1026 0.1426 0.9844
vn 0.1032 0.1376 0.9851
vn 0.1028 0.1408 0.9847
vn 0.0324 0.5600 0.8279
vn 0.0422 0.5121 0.8579
vn 0.0337 0.5541 0.8318
vn 0.0354 0.5461 0.8369
vn 0.0367 0.5392 0.8414
vn 0.0373 0.5364 0.8432
vn 0.7521 0.2496 0.6100
vn 0.3466 0.5004 0.7934
vn 0.9732 -0.1814 0.1410
vn 0.9525 -0.0363 0.3023
vn 0.2227 -0.6589 0.7185
vn 0.2196 -0.6583 0.7200
vn 0.2279 -0.6491 0.7258
vn 0.3034 -0.6746 0.6729
vn 0.3013 -0.7149 0.6310
vn 0.3539 -0.7095 0.6094
vn 0.2188 -0.6901 0.6898
vn 0.2304 -0.6327 0.7393
vn 0.2582 -0.3078 0.9157
vn 0.5875 -0.4203 0.6915
vn 0.5800 -0.4571 0.6743
vn 0.6351 -0.5277 0.5641
vn 0.3913 -0.7330 0.5564
vn 0.3556 -0.7077 0.6105
vn 0.3936 -0.6894 0.6081
vn 0.7603 -0.4703 0.4480
vn 0.8724 0.1737 0.4569
vn 0.7412 0.3784 0.5545
vn 0.9531 0.0096 0.3025
vn 0.9949 0.0007 0.1008
vn 0.7487 0.2489 0.6144
vn 0.7480 0.2480 0.6157
vn 0.7639 0.2527 0.5938
vn 0.7577 0.0479 0.6509
vn 0.3077 0.5477 0.7780
vn 0.3002 0.5123 0.8046
vn 0.2832 0.5592 0.7792
vn 0.2584 0.4259 0.8671
vn 0.2875 -0.2682 0.9195
vn 0.2296 0.3776 0.8970
vn 0.2812 0.0139 0.9595
vn 0.3284 0.1669 0.9297
vn 0.3187 0.2278 0.9201
vn 0.2989 0.1604 0.9407
vn 0.2232 0.5330 0.8161
vn 0.9384 0.0285 0.3444
vn 0.8611 -0.2429 0.4466
vn 0.8101 -0.1730 0.5603
vn 0.7735 -0.0445 0.6322
vn 0.5903 -0.0926 0.8018
vn 0.9510 -0.0328 0.3075
vn 0.9612 -0.0382 0.2732
vn 0.8952 -0.2386 0.3764
vn 0.9682 -0.1544 0.1970
vn 0.7566 -0.3988 0.5182
vn 0.2993 -0.6727 0.6767
vn 0.2719 -0.6867 0.6742
vn 0.4500 -0.3566 0.8187
vn 0.4758 -0.3344 0.8135
vn 0.5399 -0.0705 0.8388
vn 0.5648 -0.0235 0.8249
vn 0.5745 0.1325 0.8077
vn 0.5971 0.1899 0.7794
vn 0.5852 0.3187 0.7457
vn 0.5996 0.3766 0.7062
vn 0.5321 0.5961 0.6012
vn 0.3277 0.5017 0.8005
vn 0.7622 -0.4128 0.4987
vn 0.9721 -0.1495 0.1809
vn 0.7680 -0.4084 0.4933
vn 0.9729 -0.1472 0.1781
vn 0.7646 -0.4111 0.4964
vn 0.7648 -0.4551 0.4560
vn 0.7648 -0.4551 0.4561
vn 0.7648 -0.4912 0.4170
vn 0.7657 -0.4904 0.4162
vn 0.3913 -0.7318 0.5581
vn 0.3939 -0.7306 0.5578
vn 0.3936 -0.7009 0.5948
vn 0.3939 -0.7009 0.5947
vn 0.3939 -0.6494 0.6505
vn 0.3936 -0.5864 0.7080
vn 0.3919 -0.5868 0.7086
vn 0.3952 -0.7302 0.5573
vn 0.7626 -0.5141 0.3925
vn 0.7660 -0.5106 0.3906
vn 0.7684 -0.5086 0.3885
vn 0.9702 -0.1924 0.1472
vn 0.9724 -0.1487 0.1798
vn 0.9724 -0.1646 0.1652
vn 0.9724 -0.1777 0.1510
vn 0.9723 -0.1781 0.1515
vn 0.9723 -0.1852 0.1424
vn 0.9733 -0.1825 0.1395
vn 0.1829 -0.9004 -0.3948
vn 0.3918 -0.5905 0.7056
vn 0.3139 -0.6233 0.7162
vn 0.2886 -0.6444 0.7081
vn 0.3370 -0.6424 0.6883
vn 0.3177 -0.6604 0.6804
vn 0.2687 -0.6672 0.6948
vn 0.2441 -0.7221 0.6472
vn 0.2225 -0.7126 0.6653
vn 0.1856 -0.7311 0.6565
vn 0.7603 -0.4471 0.4713
vn 0.6380 -0.5608 0.5277
vn 0.5721 -0.6903 0.4428
vn 0.5995 -0.6772 0.4266
vn 0.4521 -0.8166 0.3588
vn 0.2281 -0.9333 0.2773
vn 0.5393 -0.7942 0.2800
vn 0.4323 -0.8370 0.3355
vn 0.2704 -0.9097 0.3153
vn 0.3527 -0.9130 0.2049
vn -0.4315 -0.6370 0.6388
vn -0.3451 -0.7123 0.6112
vn 0.4949 -0.7533 -0.4332
vn 0.7084 -0.6046 -0.3642
vn 0.7776 -0.5786 -0.2461
vn 0.7172 -0.4710 -0.5137
vn 0.4003 -0.8059 -0.4363
vn 0.3337 -0.8285 -0.4498
vn 0.0946 -0.8323 -0.5461
vn 0.1246 -0.8239 -0.5528
vn 0.3832 -0.7926 -0.4743
vn 0.3966 -0.7867 -0.4731
vn 0.9580 -0.2762 0.0771
vn 0.9614 -0.2715 -0.0453
vn 0.9653 -0.2577 -0.0412
vn 0.9759 -0.2177 -0.0160
vn 0.8157 -0.4389 -0.3768
vn 0.7794 -0.5790 -0.2394
vn 0.9989 0.0007 0.0466
vn 0.6522 -0.6997 -0.2918
vn 0.8223 -0.5317 -0.2030
vn 0.8372 -0.5316 -0.1286
vn 0.9479 -0.3185 0.0065
vn 0.9477 -0.3153 0.0493
vn 0.1776 -0.9728 -0.1487
vn 0.1332 -0.9263 -0.3526
vn 0.2356 -0.8697 0.4337
vn 0.1174 -0.7924 -0.5987
vn 0.2056 -0.9691 -0.1361
vn 0.3945 -0.9088 -0.1359
vn 0.3534 -0.9286 -0.1129
vn 0.5382 -0.8381 -0.0886
vn 0.4947 -0.8664 -0.0684
vn 0.6534 -0.7566 -0.0238
vn 0.6102 -0.7922 -0.0076
vn 0.7899 -0.6078 0.0813
vn 0.7513 -0.6499 0.1146
vn 0.8833 -0.3694 0.2888
vn 0.7569 -0.5160 0.4012
vn 0.1699 -0.7302 0.6618
vn 0.1698 -0.7331 0.6586
vn 0.1704 -0.6967 0.6969
vn 0.1699 -0.6958 0.6978
vn 0.1699 -0.6960 0.6976
vn 0.1695 -0.7481 0.6416
vn 0.1506 -0.9457 0.2882
vn 0.0369 -0.8408 -0.5401
vn 0.0374 -0.8421 -0.5380
vn 0.0664 -0.9223 -0.3807
vn 0.0342 -0.8320 -0.5538
vn 0.0274 -0.8101 -0.5856
vn 0.0330 -0.8283 -0.5593
vn 0.1031 -0.9847 -0.1402
vn 0.1038 -0.9852 -0.1362
vn 0.0738 -0.9385 -0.3373
vn 0.0771 -0.9461 -0.3147
vn 0.1620 -0.8829 0.4408
vn 0.1505 -0.9458 0.2878
vn 0.0345 0.4504 0.8922
vn 0.0425 0.4053 0.9132
vn 0.0429 0.4029 0.9142
vn 0.1347 -0.1647 0.9771
vn 0.1469 -0.2885 0.9461
vn 0.1797 -0.6963 0.6949
vn 0.1312 -0.1583 0.9786
vn 0.1451 -0.2860 0.9472
vn 0.1293 -0.1506 0.9801
vn 0.0985 0.0903 0.9910
vn 0.1118 0.0001 0.9937
vn 0.1350 -0.1685 0.9764
vn 0.1015 0.0809 0.9915
vn 0.0431 0.3993 0.9158
vn 0.0344 0.4452 0.8948
vn 0.0102 0.5573 0.8302
vn 0.2653 -0.2944 0.9181
vn 0.9792 -0.0686 0.1907
vn 0.9751 -0.0775 0.2077
vn 0.9751 -0.0687 0.2109
vn 0.9750 -0.0887 0.2036
vn 0.9750 -0.0941 0.2013
vn 0.9920 -0.0548 0.1135
vn 0.4561 -0.3967 0.7966
vn 0.4447 -0.3994 0.8017
vn 0.8735 -0.2051 0.4415
vn 0.7640 -0.2837 0.5794
vn 0.8809 -0.2102 0.4242
vn 0.8802 -0.2108 0.4253
vn 0.4519 -0.3976 0.7986
vn 0.3828 -0.4104 0.8277
vn 0.4467 -0.3955 0.8026
vn 0.9916 -0.0481 0.1199
vn 0.9229 -0.1172 0.3666
vn 0.7640 -0.1980 0.6141
vn 0.9146 -0.1504 0.3752
vn 0.8894 -0.1622 0.4274
vn 0.6630 -0.2236 0.7144
vn 0.6563 -0.2252 0.7202
vn 0.3816 -0.2778 0.8816
vn 0.6435 -0.2519 0.7228
vn 0.6782 -0.2445 0.6931
vn 0.9805 -0.0975 0.1704
vn 0.9447 -0.1203 0.3051
vn 0.7641 -0.2370 0.5999
vn 0.7639 -0.2371 0.6002
vn 0.3829 -0.3396 0.8591
vn 0.3816 -0.3398 0.8596
vn 0.1571 -0.3955 0.9049
vn 0.0278 -0.9607 0.2761
vn 0.0364 -0.9477 0.3171
vn 0.0275 -0.9628 0.2689
vn 0.0977 -0.7638 0.6380
vn 0.1007 -0.7488 0.6551
vn 0.0310 -0.9573 0.2876
vn 0.0577 -0.9041 0.4234
vn 0.0367 -0.9479 0.3165
vn 0.1510 -0.4645 0.8726
vn 0.1011 -0.7575 0.6449
vn 0.1824 0.0001 0.9832
vn 0.1012 -0.7466 0.6575
vn 0.1116 -0.7025 0.7029
vn 0.1011 -0.7471 0.6570
vn 0.0965 -0.7644 0.6374
vn 0.1506 -0.4624 0.8738
vn 0.0354 0.9475 0.3179
vn 0.0435 0.9298 0.3654
vn 0.0439 0.9290 0.3674
vn 0.1344 0.5748 0.8071
vn 0.1471 0.4599 0.8757
vn 0.1093 0.7036 0.7021
vn 0.1306 0.5822 0.8025
vn 0.1460 0.4563 0.8778
vn 0.1294 0.5835 0.8017
vn 0.0980 0.7655 0.6359
vn 0.1115 0.7032 0.7022
vn 0.1339 0.5768 0.8058
vn 0.0994 0.7657 0.6354
vn 0.0427 0.9306 0.3634
vn 0.0338 0.9483 0.3155
vn 0.0319 0.9518 0.3050
vn 0.2475 0.4297 0.8684
vn 0.9805 0.0985 0.1703
vn 0.9750 0.0898 0.2035
vn 0.9749 0.0979 0.1999
vn 0.9750 0.0786 0.2076
vn 0.9751 0.0743 0.2091
vn 0.9922 0.0394 0.1186
vn 0.4681 0.2645 0.8432
vn 0.4693 0.2643 0.8425
vn 0.8739 0.1649 0.4572
vn 0.7638 0.1988 0.6141
vn 0.8819 0.1416 0.4496
vn 0.8816 0.1418 0.4501
vn 0.4728 0.2637 0.8408
vn 0.3813 0.2797 0.8811
vn 0.4594 0.2727 0.8453
vn 0.9916 0.0520 0.1182
vn 0.9211 0.1724 0.3491
vn 0.7638 0.2848 0.5792
vn 0.9188 0.1579 0.3618
vn 0.8824 0.1952 0.4282
vn 0.6512 0.3392 0.6789
vn 0.6506 0.3394 0.6794
vn 0.3825 0.4117 0.8271
vn 0.6354 0.3314 0.6975
vn 0.7094 0.2990 0.6383
vn 0.9792 0.0696 0.1906
vn 0.9446 0.1215 0.3050
vn 0.7637 0.2386 0.5999
vn 0.7639 0.2385 0.5996
vn 0.3813 0.3414 0.8591
vn 0.3827 0.3411 0.8586
vn 0.1570 0.3617 0.9190
vn 0.0265 -0.4893 0.8717
vn 0.0349 -0.4520 0.8913
vn 0.0246 -0.5029 0.8640
vn 0.0989 -0.0781 0.9920
vn 0.1006 -0.0650 0.9928
vn 0.0505 -0.3749 0.9257
vn 0.0337 -0.4581 0.8883
vn 0.0368 -0.4442 0.8952
vn 0.1509 0.2914 0.9446
vn 0.0909 -0.1419 0.9857
vn 0.1130 -0.0000 0.9936
vn 0.1008 -0.0635 0.9929
vn 0.1107 -0.0000 0.9939
vn 0.1007 -0.0645 0.9928
vn 0.0965 -0.0884 0.9914
vn 0.1512 0.2990 0.9422
vn 0.1693 0.7342 0.6574
vn 0.1692 0.7313 0.6607
vn 0.1691 0.6961 0.6977
vn 0.1694 0.6968 0.6969
vn 0.1690 0.7489 0.6407
vn 0.1694 0.6976 0.6962
vn 0.1500 0.9458 0.2881
vn 0.1499 0.9462 0.2868
vn 0.0727 0.9381 -0.3387
vn 0.0768 0.9456 -0.3160
vn 0.1023 0.9845 -0.1426
vn 0.1029 0.9851 -0.1376
vn 0.1024 0.9847 -0.1407
vn 0.0323 0.8275 -0.5606
vn 0.0420 0.8581 -0.5117
vn 0.0334 0.8309 -0.5554
vn 0.0353 0.8370 -0.5461
vn 0.0366 0.8414 -0.5392
vn 0.0372 0.8432 -0.5364
vn 0.7519 0.6103 -0.2493
vn 0.3467 0.7935 -0.5002
vn 0.9731 0.1413 0.1818
vn 0.9524 0.3026 0.0367
vn 0.2222 0.7187 0.6589
vn 0.2191 0.7201 0.6584
vn 0.2273 0.7259 0.6492
vn 0.3029 0.6730 0.6747
vn 0.3008 0.6311 0.7150
vn 0.3534 0.6095 0.7097
vn 0.2181 0.6908 0.6894
vn 0.2298 0.7392 0.6331
vn 0.2577 0.9158 0.3079
vn 0.5871 0.6917 0.4205
vn 0.5796 0.6745 0.4573
vn 0.6346 0.5644 0.5280
vn 0.3908 0.5566 0.7331
vn 0.3551 0.6106 0.7079
vn 0.3932 0.6083 0.6895
vn 0.7599 0.4483 0.4706
vn 0.7471 0.6108 -0.2623
vn 0.8723 0.4572 -0.1733
vn 0.7410 0.5548 -0.3782
vn 0.9530 0.3029 -0.0093
vn 0.9951 0.0989 -0.0000
vn 0.7634 0.5994 -0.2409
vn 0.7645 0.5989 -0.2387
vn 0.7574 0.6512 -0.0476
vn 0.3076 0.7782 -0.5476
vn 0.3000 0.8048 -0.5122
vn 0.2831 0.7793 -0.5591
vn 0.2582 0.8672 -0.4258
vn 0.2870 0.9196 0.2683
vn 0.2295 0.8975 -0.3765
vn 0.2809 0.9596 -0.0138
vn 0.3281 0.9298 -0.1668
vn 0.3185 0.9202 -0.2276
vn 0.2986 0.9408 -0.1603
vn 0.2230 0.8165 -0.5326
vn 0.9383 0.3448 -0.0281
vn 0.8609 0.4470 0.2432
vn 0.8097 0.5606 0.1732
vn 0.7732 0.6325 0.0448
vn 0.5900 0.8020 0.0928
vn 0.9509 0.3078 0.0331
vn 0.9611 0.2736 0.0386
vn 0.8949 0.3768 0.2390
vn 0.9680 0.1973 0.1548
vn 0.7562 0.5185 0.3991
vn 0.2988 0.6768 0.6728
vn 0.2713 0.6743 0.6868
vn 0.4496 0.8189 0.3567
vn 0.4754 0.8137 0.3346
vn 0.5396 0.8390 0.0706
vn 0.5645 0.8251 0.0237
vn 0.5742 0.8079 -0.1322
vn 0.5969 0.7796 -0.1897
vn 0.5850 0.7459 -0.3184
vn 0.5994 0.7064 -0.3763
vn 0.5321 0.6015 -0.5959
vn 0.3276 0.8007 -0.5016
vn 0.7644 0.4563 0.4554
vn 0.9719 0.1813 0.1499
vn 0.7618 0.4990 0.4131
vn 0.3913 0.7087 0.5870
vn 0.9728 0.1785 0.1476
vn 0.3915 0.7086 0.5870
vn 0.3932 0.7082 0.5865
vn 0.3934 0.6506 0.6495
vn 0.3903 0.5884 0.7081
vn 0.3932 0.5877 0.7071
vn 0.7644 0.4564 0.4554
vn 0.7642 0.4967 0.4114
vn 0.7676 0.4936 0.4087
vn 0.3941 0.5875 0.7068
vn 0.7618 0.4142 0.4981
vn 0.7643 0.4124 0.4958
vn 0.7677 0.4097 0.4927
vn 0.9700 0.1556 0.1868
vn 0.9723 0.1802 0.1490
vn 0.9723 0.1656 0.1650
vn 0.9723 0.1497 0.1796
vn 0.9731 0.1476 0.1771
vn 0.3913 0.7057 0.5907
vn 0.3134 0.7163 0.6235
vn 0.2881 0.7082 0.6445
vn 0.3365 0.6884 0.6426
vn 0.3172 0.6805 0.6605
vn 0.2682 0.6949 0.6673
vn 0.2436 0.6473 0.7223
vn 0.2220 0.6654 0.7127
vn 0.1850 0.6566 0.7312
vn 0.7599 0.4716 0.4473
vn 0.6375 0.5280 0.5611
vn 0.5717 0.4431 0.6906
vn 0.5990 0.4269 0.6774
vn 0.4516 0.3590 0.8168
vn 0.5389 0.2802 0.7944
vn 0.4318 0.3357 0.8372
vn 0.2699 0.3154 0.9098
vn 0.3522 0.2051 0.9132
vn -0.4324 0.6374 0.6378
vn -0.3463 0.6110 0.7119
vn 0.4948 -0.4330 0.7535
vn 0.7083 -0.3640 0.6049
vn 0.7775 -0.2457 0.5789
vn 0.0946 -0.5461 0.8324
vn 0.7172 -0.5134 0.4712
vn 0.4001 -0.4361 0.8060
vn 0.3336 -0.4497 0.8286
vn 0.3965 -0.4729 0.7868
vn 0.3830 -0.4742 0.7928
vn 0.9579 0.0775 0.2766
vn 0.9613 -0.0449 0.2719
vn 0.9652 -0.0408 0.2582
vn 0.9758 -0.0157 0.2181
vn 0.8157 -0.3765 0.4392
vn 0.7793 -0.2391 0.5793
vn 0.9989 0.0468 -0.0000
vn 0.6521 -0.2915 0.6999
vn 0.8222 -0.2027 0.5320
vn 0.8370 -0.1283 0.5320
vn 0.9478 0.0069 0.3189
vn 0.9476 0.0497 0.3157
vn 0.1245 -0.5527 0.8240
vn 0.1822 -0.3952 0.9003
vn 0.1175 -0.5986 0.7924
vn 0.1336 -0.3529 0.9261
vn 0.2342 0.4348 0.8695
vn 0.2277 0.2774 0.9334
vn 0.2032 -0.1514 0.9674
vn 0.1798 -0.1356 0.9743
vn 0.3942 -0.1357 0.9089
vn 0.3530 -0.1128 0.9288
vn 0.5379 -0.0883 0.8384
vn 0.4944 -0.0682 0.8666
vn 0.6531 -0.0235 0.7569
vn 0.6098 -0.0074 0.7925
vn 0.7896 0.0816 0.6081
vn 0.7510 0.1148 0.6502
vn 0.8830 0.2892 0.3697
vn 0.7565 0.4015 0.5163
vn 0.1694 0.6618 0.7303
vn 0.1692 0.6586 0.7332
vn 0.1694 0.6975 0.6963
vn 0.1693 0.6970 0.6968
vn 0.1695 0.6973 0.6965
vn 0.1690 0.6422 0.7477
vn 0.1501 0.2882 0.9457
vn 0.0367 -0.5400 0.8408
vn 0.0372 -0.5380 0.8421
vn 0.0661 -0.3808 0.9223
vn 0.0340 -0.5534 0.8322
vn 0.0274 -0.5852 0.8105
vn 0.0329 -0.5592 0.8284
vn 0.1027 -0.1402 0.9848
vn 0.1034 -0.1361 0.9853
vn 0.0733 -0.3362 0.9389
vn 0.0771 -0.3145 0.9461
vn 0.1616 0.4435 0.8816
vn 0.1501 0.2879 0.9458
vn 0.0343 0.8922 -0.4503
vn 0.2146 0.6914 0.6899
vn 0.1488 0.9459 0.2882
vn 0.1344 0.9771 0.1648
vn 0.1433 0.9545 0.2615
vn 0.1307 0.9787 0.1584
vn 0.1446 0.9473 0.2860
vn 0.1288 0.9802 0.1507
vn 0.0981 0.9911 -0.0903
vn 0.0423 0.9132 -0.4053
vn 0.0427 0.9143 -0.4028
vn 0.0103 0.8298 -0.5579
vn 0.0342 0.8948 -0.4451
vn 0.0395 0.9078 -0.4175
vn 0.0973 0.9920 -0.0803
vn 0.0490 0.9189 -0.3914
vn 0.1346 0.9765 0.1685
vn 0.2703 0.9183 0.2892
vn 0.9750 0.2086 0.0768
vn 0.9750 0.2116 0.0680
vn 0.9804 0.1708 0.0979
vn 0.8799 0.4256 0.2111
vn 0.9749 0.2040 0.0891
vn 0.9749 0.2017 0.0945
vn 0.9920 0.1139 0.0551
vn 0.8806 0.4245 0.2106
vn 0.7637 0.5797 0.2840
vn 0.8725 0.4430 0.2061
vn 0.5976 0.6204 0.5079
vn 0.6025 0.6199 0.5027
vn 0.6004 0.6213 0.5035
vn 0.3816 0.7784 0.4985
vn 0.4814 0.7689 0.4208
vn 0.7285 0.6845 0.0286
vn 0.7636 0.5803 0.2830
vn 0.3822 0.8305 0.4051
vn 0.3825 0.8304 0.4051
vn 0.9914 0.1205 0.0503
vn 0.9233 0.3664 0.1148
vn 0.7626 0.6168 0.1950
vn 0.9132 0.3765 0.1560
vn 0.8879 0.4289 0.1663
vn 0.6664 0.7131 0.2177
vn 0.6596 0.7189 0.2193
vn 0.3847 0.8822 0.2716
vn 0.6432 0.7230 0.2520
vn 0.6775 0.6934 0.2454
vn 0.9141 0.3830 0.1332
vn 0.9625 0.2529 0.0984
vn 0.7637 0.6015 0.2342
vn 0.7624 0.6030 0.2346
vn 0.3824 0.8611 0.3352
vn 0.3848 0.8601 0.3349
vn 0.1566 0.9050 0.3955
vn 0.0274 0.2761 0.9607
vn 0.0359 0.3171 0.9477
vn 0.0270 0.2690 0.9628
vn 0.0972 0.6381 0.7638
vn 0.1002 0.6551 0.7488
vn 0.0305 0.2871 0.9574
vn 0.0572 0.4251 0.9033
vn 0.0362 0.3165 0.9479
vn 0.1504 0.8727 0.4646
vn 0.1006 0.6450 0.7576
vn 0.1820 0.9833 -0.0000
vn 0.1007 0.6575 0.7467
vn 0.1111 0.7046 0.7009
vn 0.1006 0.6570 0.7471
vn 0.0960 0.6374 0.7645
vn 0.1501 0.8739 0.4624
vn 0.5042 0.8465 -0.1708
vn 0.4644 0.8693 0.1693
vn 0.2420 0.9354 0.2577
vn 0.4260 0.8630 0.2717
vn 0.3310 0.2639 0.9060
vn 0.4264 -0.2715 0.8628
vn 0.2129 -0.8000 0.5609
vn 0.5049 -0.8461 0.1708
vn 0.4650 -0.8690 -0.1693
vn 0.2427 -0.9352 -0.2577
vn 0.4267 -0.8626 -0.2716
vn 0.3312 -0.2637 -0.9060
vn 0.4262 0.2718 -0.8628
vn 0.8078 0.5882 0.0387
vn 0.8085 0.5872 0.0381
vn 0.7992 0.6006 -0.0237
vn 0.7838 0.5882 0.1991
vn 0.8039 0.5834 0.1159
vn 0.8037 0.5854 0.1068
vn 0.7904 0.6010 0.1189
vn 0.8004 0.5983 0.0384
vn 0.8066 0.5645 0.1754
vn 0.8067 0.5415 0.2366
vn 0.8037 0.5726 0.1621
vn 0.8039 0.5716 0.1641
vn 0.8109 0.5482 0.2047
vn 0.8029 0.5647 0.1912
vn 0.8034 0.5509 0.2260
vn 0.8031 0.5346 0.2630
vn 0.8200 0.5193 0.2406
vn 0.7901 0.5409 0.2886
vn 0.8089 0.5284 0.2578
vn 0.8089 0.5276 0.2595
vn 0.7672 0.5336 0.3558
vn 0.8259 0.4577 0.3292
vn 0.8087 0.3884 0.4418
vn 0.8252 0.4566 0.3325
vn 0.8123 0.4292 0.3949
vn 0.8124 0.4388 0.3840
vn 0.7994 0.4409 0.4081
vn 0.7994 0.4412 0.4078
vn 0.8083 0.3883 0.4425
vn 0.8082 0.3888 0.4423
vn 0.8078 0.3886 0.4433
vn 0.7898 0.3645 0.4933
vn 0.8104 0.3261 0.4868
vn 0.7836 0.3220 0.5313
vn 0.8090 0.2605 0.5269
vn 0.8090 0.2563 0.5291
vn 0.7917 0.2868 0.5393
vn 0.7924 0.2858 0.5390
vn 0.8085 0.2609 0.5275
vn 0.8034 0.2448 0.5428
vn 0.8035 0.2276 0.5501
vn 0.8032 0.1922 0.5638
vn 0.8109 0.2052 0.5480
vn 0.8029 0.1548 0.5756
vn 0.8070 0.1865 0.5604
vn 0.8070 0.1905 0.5589
vn 0.7885 0.1837 0.5870
vn 0.8041 0.1170 0.5829
vn 0.8041 0.1166 0.5830
vn 0.7920 0.1108 0.6004
vn 0.8006 0.0396 0.5979
vn 0.8005 0.0369 0.5982
vn 0.7959 0.0404 0.6041
vn 0.7960 -0.0358 0.6042
vn 0.8006 -0.0385 0.5979
vn 0.7841 -0.1988 0.5879
vn 0.8042 -0.1156 0.5830
vn 0.8040 -0.1065 0.5851
vn 0.7907 -0.1186 0.6007
vn 0.8006 -0.0381 0.5980
vn 0.8069 -0.1750 0.5642
vn 0.8070 -0.2363 0.5412
vn 0.8040 -0.1618 0.5723
vn 0.8042 -0.1638 0.5713
vn 0.8112 -0.2044 0.5478
vn 0.8031 -0.1909 0.5644
vn 0.8037 -0.2257 0.5506
vn 0.8034 -0.2626 0.5343
vn 0.8203 -0.2403 0.5189
vn 0.7904 -0.2883 0.5405
vn 0.8092 -0.2575 0.5281
vn 0.8092 -0.2591 0.5273
vn 0.7676 -0.3555 0.5333
vn 0.8257 -0.3308 0.4569
vn 0.8255 -0.3316 0.4566
vn 0.8134 -0.3910 0.4307
vn 0.8135 -0.3830 0.4377
vn 0.8039 -0.4010 0.4393
vn 0.8036 -0.4471 0.3930
vn 0.8790 -0.2851 0.3822
vn 0.8096 -0.4364 0.3925
vn 0.8097 -0.4370 0.3918
vn 0.8113 -0.4392 0.3860
vn 0.8161 -0.4285 0.3878
vn 0.7877 -0.4944 0.3674
vn 0.8107 -0.4865 0.3258
vn 0.7839 -0.5310 0.3217
vn 0.8093 -0.5266 0.2602
vn 0.8093 -0.5287 0.2560
vn 0.7921 -0.5390 0.2865
vn 0.7927 -0.5386 0.2855
vn 0.8088 -0.5272 0.2605
vn 0.8037 -0.5425 0.2445
vn 0.8038 -0.5498 0.2272
vn 0.8035 -0.5635 0.1919
vn 0.8112 -0.5477 0.2049
vn 0.8032 -0.5753 0.1545
vn 0.8073 -0.5601 0.1862
vn 0.8073 -0.5586 0.1902
vn 0.7888 -0.5867 0.1834
vn 0.8008 -0.5979 0.0364
vn 0.8008 -0.5976 0.0393
vn 0.7923 -0.6001 0.1105
vn 0.8044 -0.5827 0.1163
vn 0.8044 -0.5826 0.1167
vn 0.7997 -0.6000 0.0231
vn 0.8160 -0.5768 0.0383
vn 0.7900 -0.6069 0.0874
vn 0.7910 -0.6058 0.0854
vn 0.7999 -0.6001 -0.0000
vn 0.7997 -0.6000 0.0237
vn 0.8090 -0.5866 -0.0381
vn 0.8082 -0.5876 -0.0387
vn 0.7843 -0.5876 -0.1991
vn 0.8044 -0.5827 -0.1159
vn 0.8041 -0.5848 -0.1068
vn 0.7908 -0.6003 -0.1189
vn 0.8008 -0.5976 -0.0385
vn 0.8070 -0.5639 -0.1754
vn 0.8071 -0.5409 -0.2366
vn 0.8041 -0.5719 -0.1621
vn 0.8044 -0.5710 -0.1641
vn 0.8114 -0.5475 -0.2047
vn 0.8033 -0.5641 -0.1912
vn 0.8038 -0.5503 -0.2260
vn 0.8035 -0.5340 -0.2630
vn 0.8204 -0.5186 -0.2407
vn 0.7905 -0.5403 -0.2886
vn 0.8093 -0.5278 -0.2578
vn 0.8093 -0.5270 -0.2595
vn 0.7676 -0.5330 -0.3558
vn 0.8263 -0.4570 -0.3292
vn 0.8090 -0.3877 -0.4418
vn 0.8256 -0.4559 -0.3325
vn 0.8127 -0.4285 -0.3949
vn 0.8127 -0.4382 -0.3840
vn 0.7998 -0.4403 -0.4081
vn 0.7998 -0.4405 -0.4078
vn 0.8087 -0.3877 -0.4425
vn 0.8086 -0.3877 -0.4425
vn 0.8085 -0.3881 -0.4423
vn 0.8081 -0.3880 -0.4433
vn 0.7901 -0.3639 -0.4933
vn 0.8106 -0.3255 -0.4868
vn 0.7838 -0.3214 -0.5313
vn 0.8092 -0.2599 -0.5269
vn 0.8092 -0.2557 -0.5291
vn 0.7919 -0.2862 -0.5394
vn 0.7926 -0.2852 -0.5389
vn 0.8087 -0.2602 -0.5275
vn 0.8036 -0.2442 -0.5428
vn 0.8037 -0.2269 -0.5501
vn 0.8034 -0.1916 -0.5638
vn 0.8111 -0.2046 -0.5480
vn 0.8030 -0.1543 -0.5756
vn 0.8071 -0.1859 -0.5604
vn 0.8072 -0.1899 -0.5589
vn 0.7886 -0.1831 -0.5870
vn 0.8042 -0.1164 -0.5829
vn 0.8042 -0.1160 -0.5830
vn 0.7921 -0.1102 -0.6004
vn 0.8006 -0.0390 -0.5979
vn 0.8005 -0.0363 -0.5982
vn 0.7959 -0.0398 -0.6041
vn 0.7960 0.0364 -0.6042
vn 0.8006 0.0392 -0.5979
vn 0.7840 0.1994 -0.5879
vn 0.8041 0.1162 -0.5830
vn 0.8039 0.1071 -0.5851
vn 0.7906 0.1192 -0.6007
vn 0.8006 0.0388 -0.5980
vn 0.8067 0.1757 -0.5642
vn 0.8068 0.2369 -0.5412
vn 0.8038 0.1624 -0.5722
vn 0.8041 0.1645 -0.5713
vn 0.8111 0.2050 -0.5478
vn 0.8030 0.1915 -0.5644
vn 0.8035 0.2264 -0.5506
vn 0.8032 0.2633 -0.5343
vn 0.8201 0.2410 -0.5189
vn 0.7902 0.2889 -0.5405
vn 0.8090 0.2581 -0.5281
vn 0.8090 0.2598 -0.5273
vn 0.7673 0.3561 -0.5333
vn 0.8255 0.3315 -0.4569
vn 0.8253 0.3323 -0.4566
vn 0.8131 0.3916 -0.4307
vn 0.8132 0.3837 -0.4377
vn 0.8036 0.4016 -0.4393
vn 0.8032 0.4477 -0.3930
vn 0.8787 0.2864 -0.3819
vn 0.8093 0.4370 -0.3925
vn 0.8093 0.4376 -0.3918
vn 0.8109 0.4398 -0.3860
vn 0.8158 0.4291 -0.3878
vn 0.7873 0.4950 -0.3674
vn 0.8103 0.4871 -0.3258
vn 0.7835 0.5316 -0.3217
vn 0.8089 0.5272 -0.2602
vn 0.8088 0.5294 -0.2560
vn 0.7916 0.5397 -0.2865
vn 0.7923 0.5392 -0.2855
vn 0.8084 0.5278 -0.2605
vn 0.8033 0.5431 -0.2445
vn 0.8034 0.5505 -0.2271
vn 0.8031 0.5641 -0.1919
vn 0.8108 0.5484 -0.2049
vn 0.8028 0.5759 -0.1545
vn 0.8068 0.5607 -0.1862
vn 0.8069 0.5592 -0.1902
vn 0.7883 0.5873 -0.1834
vn 0.8003 0.5985 -0.0364
vn 0.8004 0.5982 -0.0393
vn 0.7918 0.6007 -0.1105
vn 0.8039 0.5833 -0.1163
vn 0.8039 0.5832 -0.1167
vn 0.7905 0.6065 -0.0854
vn 0.7895 0.6075 -0.0874
vn 0.8155 0.5774 -0.0383
vn 0.7992 0.6006 -0.0231
vn 0.7994 0.6008 -0.0000
vn 0.4365 -0.4099 -0.8009
vn 0.7197 0.3512 -0.5989
vn 0.7203 0.3558 -0.5955
vn 0.7313 0.3772 -0.5683
vn 0.7350 0.3838 -0.5590
vn 0.8000 0.3955 -0.4513
vn 0.7868 0.3753 -0.4900
vn 0.7729 0.3858 -0.5038
vn 0.7412 0.3849 -0.5500
vn 0.5615 0.7958 -0.2267
vn 0.5629 0.7951 -0.2257
vn 0.6615 0.3877 -0.6420
vn 0.8104 0.3255 -0.4872
vn 0.8099 0.3033 -0.5020
vn 0.7141 0.3619 -0.5993
vn 0.6892 0.3656 -0.6255
vn 0.6691 0.3802 -0.6386
vn 0.6037 0.4153 -0.6805
vn 0.5100 0.5609 -0.6521
vn 0.5105 0.5607 -0.6519
vn 0.2263 0.5658 -0.7929
vn 0.2462 0.5630 -0.7889
vn 0.3880 0.5148 -0.7645
vn 0.3642 0.4163 -0.8331
vn 0.3637 0.4154 -0.8338
vn 0.3361 0.4837 -0.8081
vn 0.2385 0.5564 -0.7960
vn 0.2358 0.5658 -0.7901
vn 0.2356 0.5065 -0.8294
vn 0.2330 0.5107 -0.8276
vn 0.2192 0.5083 -0.8328
vn 0.4249 0.2721 -0.8634
vn 0.4249 0.2645 -0.8657
vn 0.4305 0.4665 -0.7727
vn 0.4692 0.4487 -0.7606
vn 0.3876 0.4857 -0.7835
vn 0.3352 0.4838 -0.8084
vn 0.3357 0.4837 -0.8083
vn 0.5781 0.3508 -0.7367
vn 0.5790 0.3505 -0.7361
vn 0.7666 0.2793 -0.5782
vn 0.7669 0.2791 -0.5779
vn 0.7258 0.3082 -0.6150
vn 0.7272 0.3071 -0.6139
vn 0.6874 0.3630 -0.6290
vn 0.6894 0.3600 -0.6286
vn 0.6835 0.3557 -0.6374
vn 0.6443 0.3531 -0.6783
vn 0.6163 0.1527 -0.7725
vn 0.6837 0.1915 -0.7042
vn 0.6859 0.1919 -0.7019
vn 0.7371 0.1970 -0.6465
vn 0.7360 0.1972 -0.6476
vn 0.7761 0.1875 -0.6022
vn 0.7084 0.2836 -0.6464
vn 0.7085 0.2807 -0.6475
vn 0.5069 0.2015 -0.8381
vn 0.1968 0.0614 -0.9785
vn 0.3757 0.2323 -0.8971
vn 0.3763 0.2324 -0.8969
vn 0.4994 0.2442 -0.8313
vn 0.2387 0.2555 -0.9369
vn 0.2360 0.2580 -0.9369
vn 0.2360 0.2575 -0.9370
vn 0.2357 0.1745 -0.9560
vn 0.2358 0.1745 -0.9560
vn 0.2362 -0.2587 -0.9366
vn 0.2358 -0.1757 -0.9558
vn 0.2359 -0.1757 -0.9558
vn 0.2359 -0.0591 -0.9700
vn 0.2356 -0.0594 -0.9700
vn 0.2356 -0.0595 -0.9700
vn 0.2356 0.0582 -0.9701
vn 0.2355 0.0582 -0.9701
vn 0.2358 0.0578 -0.9701
vn 0.2172 -0.2581 -0.9414
vn 0.2344 -0.2462 -0.9405
vn 0.3317 -0.2637 -0.9058
vn 0.3283 -0.2639 -0.9069
vn 0.4639 -0.2527 -0.8491
vn 0.4635 -0.2528 -0.8493
vn 0.5879 -0.2309 -0.7753
vn 0.5882 -0.2309 -0.7751
vn 0.7072 -0.2853 -0.6469
vn 0.7094 -0.2845 -0.6449
vn 0.7102 -0.2097 -0.6721
vn 0.7868 -0.1850 -0.5889
vn 0.7334 -0.1978 -0.6503
vn 0.7371 -0.1972 -0.6464
vn 0.6858 -0.1923 -0.7019
vn 0.6852 -0.1923 -0.7025
vn 0.6856 -0.3666 -0.6290
vn 0.6856 -0.3665 -0.6290
vn 0.7281 -0.3066 -0.6131
vn 0.7284 -0.3063 -0.6128
vn 0.7687 -0.2784 -0.5758
vn 0.5204 -0.5272 -0.6717
vn 0.5197 -0.5290 -0.6708
vn 0.5961 -0.3519 -0.7216
vn 0.3958 -0.6462 -0.6525
vn 0.3968 -0.6421 -0.6559
vn 0.2367 -0.5053 -0.8298
vn 0.2643 -0.5015 -0.8238
vn 0.3325 -0.5994 -0.7281
vn 0.3356 -0.5988 -0.7272
vn 0.3328 -0.5990 -0.7283
vn 0.2421 -0.5065 -0.8275
vn 0.2373 -0.5052 -0.8297
vn 0.2359 -0.5075 -0.8287
vn 0.2359 -0.5041 -0.8308
vn 0.2128 -0.5609 -0.8001
vn 0.3968 -0.6418 -0.6562
vn 0.3924 -0.4763 -0.7869
vn 0.3878 -0.4794 -0.7872
vn 0.3875 -0.4696 -0.7933
vn 0.4121 -0.1918 -0.8907
vn 0.5277 -0.1623 -0.8338
vn 0.4719 -0.6138 -0.6329
vn 0.4720 -0.6138 -0.6329
vn 0.6917 -0.3647 -0.6234
vn 0.6554 -0.3885 -0.6476
vn 0.5895 -0.4230 -0.6882
vn 0.6771 -0.3809 -0.6296
vn 0.4697 -0.8828 -0.0096
vn 0.7657 -0.3859 -0.5146
vn 0.8104 -0.3514 -0.4687
vn 0.7815 -0.3470 -0.5186
vn 0.7386 -0.3850 -0.5534
vn 0.7262 -0.3718 -0.5783
vn 0.7266 -0.3724 -0.5774
vn 0.5953 -0.3522 -0.7222
vn 0.6898 -0.3535 -0.6318
vn 0.6895 -0.3662 -0.6248
vn 0.7130 -0.3630 -0.5999
vn 0.6991 -0.2245 -0.6789
vn 0.7038 -0.2455 -0.6666
vn 0.4366 -0.8009 0.4099
vn 0.7201 -0.5986 -0.3509
vn 0.7207 -0.5952 -0.3555
vn 0.7317 -0.5680 -0.3770
vn 0.7353 -0.5588 -0.3835
vn 0.8000 -0.4513 -0.3954
vn 0.7870 -0.4897 -0.3754
vn 0.7735 -0.5030 -0.3855
vn 0.7415 -0.5497 -0.3846
vn 0.5619 -0.2265 -0.7956
vn 0.5633 -0.2256 -0.7949
vn 0.6618 -0.6418 -0.3874
vn 0.8107 -0.4869 -0.3252
vn 0.8102 -0.5017 -0.3030
vn 0.7144 -0.5990 -0.3617
vn 0.6896 -0.6253 -0.3653
vn 0.6695 -0.6384 -0.3799
vn 0.6041 -0.6803 -0.4151
vn 0.5105 -0.6519 -0.5607
vn 0.5110 -0.6517 -0.5605
vn 0.2268 -0.7928 -0.5657
vn 0.2467 -0.7888 -0.5630
vn 0.3885 -0.7644 -0.5146
vn 0.3647 -0.8329 -0.4162
vn 0.3642 -0.8336 -0.4153
vn 0.3366 -0.8080 -0.4835
vn 0.2390 -0.7959 -0.5563
vn 0.2364 -0.7900 -0.5657
vn 0.2361 -0.8295 -0.5062
vn 0.2207 -0.8292 -0.5135
vn 0.2198 -0.8319 -0.5095
vn 0.4253 -0.8632 -0.2719
vn 0.4254 -0.8656 -0.2643
vn 0.4310 -0.7725 -0.4663
vn 0.4697 -0.7604 -0.4486
vn 0.3881 -0.7833 -0.4856
vn 0.3357 -0.8083 -0.4837
vn 0.3361 -0.8082 -0.4836
vn 0.5785 -0.7365 -0.3506
vn 0.5794 -0.7359 -0.3503
vn 0.7670 -0.5779 -0.2790
vn 0.7673 -0.5776 -0.2788
vn 0.7261 -0.6148 -0.3079
vn 0.7275 -0.6136 -0.3068
vn 0.6878 -0.6288 -0.3627
vn 0.6898 -0.6284 -0.3597
vn 0.6839 -0.6371 -0.3554
vn 0.6447 -0.6781 -0.3529
vn 0.6896 -0.6946 -0.2048
vn 0.6167 -0.7723 -0.1525
vn 0.6840 -0.7039 -0.1912
vn 0.6862 -0.7017 -0.1917
vn 0.7374 -0.6462 -0.1967
vn 0.7363 -0.6474 -0.1969
vn 0.7764 -0.6019 -0.1871
vn 0.7087 -0.6461 -0.2834
vn 0.7088 -0.6472 -0.2804
vn 0.5481 -0.8077 -0.2172
vn 0.5073 -0.8379 -0.2013
vn 0.6039 -0.7646 -0.2251
vn 0.3767 -0.8967 -0.2323
vn 0.4998 -0.8311 -0.2440
vn 0.4993 -0.8314 -0.2441
vn 0.3887 -0.8883 -0.2448
vn 0.1963 -0.9786 -0.0616
vn 0.3761 -0.8970 -0.2322
vn 0.2391 -0.9367 -0.2557
vn 0.3298 -0.9263 -0.1822
vn 0.2364 -0.9368 -0.2579
vn 0.2364 -0.9492 -0.2075
vn 0.2119 -0.9569 -0.1986
vn 0.4659 -0.8685 -0.1692
vn 0.4662 -0.8684 -0.1691
vn 0.3888 -0.8977 -0.2073
vn 0.3288 -0.9266 -0.1824
vn 0.3257 -0.9277 -0.1826
vn 0.8085 -0.5873 -0.0382
vn 0.7961 -0.5980 -0.0925
vn 0.8012 -0.5957 -0.0572
vn 0.6260 -0.7762 -0.0745
vn 0.6267 -0.7666 -0.1400
vn 0.8227 -0.5600 -0.0978
vn 0.7553 -0.6426 -0.1290
vn 0.7253 -0.6731 -0.1445
vn 0.6909 -0.7023 -0.1718
vn 0.6900 -0.7033 -0.1713
vn 0.6893 -0.7038 -0.1718
vn 0.7274 -0.6711 -0.1433
vn 0.6555 -0.7373 -0.1633
vn 0.5915 -0.7907 -0.1579
vn 0.5479 -0.8203 -0.1642
vn 0.5859 -0.7847 -0.2026
vn 0.5869 -0.7838 -0.2030
vn 0.6706 -0.7167 0.1915
vn 0.6900 -0.7043 0.1670
vn 0.7126 -0.6845 0.1538
vn 0.7143 -0.6830 0.1524
vn 0.7483 -0.6500 0.1330
vn 0.7465 -0.6518 0.1340
vn 0.7657 -0.6308 0.1255
vn 0.8050 -0.5835 0.1074
vn 0.5117 -0.8575 0.0529
vn 0.5118 -0.8574 0.0539
vn 0.5044 -0.8464 0.1708
vn 0.5041 -0.8466 0.1707
vn 0.5482 -0.8134 0.1943
vn 0.6080 -0.7776 0.1602
vn 0.6070 -0.7784 0.1604
vn 0.2381 -0.9509 0.1979
vn 0.2382 -0.9509 0.1978
vn 0.3886 -0.9013 0.1915
vn 0.3736 -0.9046 0.2052
vn 0.3729 -0.9048 0.2055
vn 0.2378 -0.9508 0.1988
vn 0.3320 -0.9056 0.2639
vn 0.2364 -0.9513 0.1980
vn 0.2365 -0.9398 0.2466
vn 0.2174 -0.9413 0.2584
vn 0.4637 -0.8491 0.2530
vn 0.4645 -0.8486 0.2531
vn 0.3888 -0.8929 0.2271
vn 0.3315 -0.9058 0.2638
vn 0.3285 -0.9068 0.2641
vn 0.4641 -0.8489 0.2529
vn 0.5482 -0.8089 0.2124
vn 0.5880 -0.7752 0.2310
vn 0.7075 -0.6465 0.2855
vn 0.7094 -0.6447 0.2847
vn 0.7103 -0.6718 0.2100
vn 0.7869 -0.5885 0.1853
vn 0.7336 -0.6500 0.1981
vn 0.7372 -0.6461 0.1975
vn 0.6860 -0.7017 0.1926
vn 0.6854 -0.7022 0.1925
vn 0.6618 -0.7280 0.1793
vn 0.6898 -0.6970 0.1957
vn 0.5881 -0.7751 0.2311
vn 0.5884 -0.7749 0.2311
vn 0.6857 -0.6287 0.3668
vn 0.7282 -0.6128 0.3069
vn 0.7285 -0.6125 0.3066
vn 0.7688 -0.5755 0.2787
vn 0.5205 -0.6715 0.5274
vn 0.5198 -0.6706 0.5293
vn 0.5963 -0.7214 0.3522
vn 0.3959 -0.6524 0.6463
vn 0.3967 -0.6557 0.6424
vn 0.2645 -0.8236 0.5017
vn 0.3326 -0.7280 0.5995
vn 0.3357 -0.7271 0.5989
vn 0.3329 -0.7282 0.5991
vn 0.2360 -0.8307 0.5042
vn 0.2360 -0.8299 0.5055
vn 0.2418 -0.8275 0.5067
vn 0.2295 -0.8669 0.4424
vn 0.2423 -0.8266 0.5080
vn 0.3968 -0.6560 0.6420
vn 0.3925 -0.7867 0.4764
vn 0.3879 -0.7871 0.4796
vn 0.3877 -0.7932 0.4697
vn 0.4123 -0.8906 0.1919
vn 0.5279 -0.8336 0.1625
vn 0.4719 -0.6327 0.6140
vn 0.4720 -0.6327 0.6140
vn 0.6918 -0.6231 0.3650
vn 0.6555 -0.6474 0.3888
vn 0.5896 -0.6879 0.4232
vn 0.6772 -0.6294 0.3812
vn 0.4693 -0.0095 0.8830
vn 0.7691 -0.5093 0.3862
vn 0.8104 -0.4668 0.3540
vn 0.7775 -0.5224 0.3500
vn 0.7387 -0.5531 0.3853
vn 0.7263 -0.5780 0.3721
vn 0.7267 -0.5771 0.3727
vn 0.5954 -0.7220 0.3524
vn 0.6899 -0.6316 0.3538
vn 0.6896 -0.6246 0.3665
vn 0.7131 -0.5996 0.3632
vn 0.6992 -0.6786 0.2248
vn 0.7041 -0.6662 0.2459
vn 0.4364 0.4099 0.8010
vn 0.7200 -0.3507 0.5989
vn 0.7206 -0.3552 0.5955
vn 0.7317 -0.3767 0.5681
vn 0.7353 -0.3832 0.5590
vn 0.8003 -0.3948 0.4513
vn 0.7871 -0.3746 0.4900
vn 0.7732 -0.3852 0.5038
vn 0.7415 -0.3844 0.5500
vn 0.5621 -0.7954 0.2267
vn 0.5636 -0.7946 0.2257
vn 0.6617 -0.3871 0.6420
vn 0.8106 -0.3249 0.4872
vn 0.8101 -0.3027 0.5020
vn 0.7143 -0.3614 0.5993
vn 0.6895 -0.3651 0.6255
vn 0.6694 -0.3796 0.6386
vn 0.6040 -0.4149 0.6805
vn 0.5105 -0.5605 0.6521
vn 0.5110 -0.5603 0.6519
vn 0.2267 -0.5657 0.7929
vn 0.2467 -0.5629 0.7889
vn 0.3884 -0.5145 0.7645
vn 0.3646 -0.4160 0.8331
vn 0.3640 -0.4151 0.8338
vn 0.3365 -0.4834 0.8081
vn 0.2389 -0.5562 0.7960
vn 0.2363 -0.5656 0.7901
vn 0.2359 -0.5063 0.8294
vn 0.2334 -0.5105 0.8276
vn 0.2196 -0.5081 0.8328
vn 0.4251 -0.2718 0.8634
vn 0.4251 -0.2641 0.8657
vn 0.4308 -0.4662 0.7727
vn 0.4695 -0.4484 0.7606
vn 0.3880 -0.4854 0.7835
vn 0.3356 -0.4836 0.8084
vn 0.3361 -0.4835 0.8083
vn 0.5783 -0.3503 0.7367
vn 0.5793 -0.3500 0.7361
vn 0.7668 -0.2787 0.5782
vn 0.7671 -0.2785 0.5779
vn 0.7260 -0.3076 0.6150
vn 0.7274 -0.3065 0.6139
vn 0.6877 -0.3625 0.6291
vn 0.6897 -0.3594 0.6286
vn 0.6838 -0.3551 0.6374
vn 0.6447 -0.3526 0.6783
vn 0.6165 -0.1522 0.7725
vn 0.6838 -0.1910 0.7042
vn 0.6860 -0.1914 0.7019
vn 0.7372 -0.1964 0.6465
vn 0.7361 -0.1966 0.6476
vn 0.7762 -0.1868 0.6022
vn 0.7086 -0.2831 0.6463
vn 0.7088 -0.2801 0.6474
vn 0.5071 -0.2011 0.8381
vn 0.1949 -0.0613 0.9789
vn 0.3759 -0.2320 0.8971
vn 0.3764 -0.2321 0.8969
vn 0.4996 -0.2438 0.8313
vn 0.2389 -0.2553 0.9369
vn 0.2362 -0.2578 0.9369
vn 0.2362 -0.2573 0.9370
vn 0.2358 -0.1743 0.9560
vn 0.2359 -0.1743 0.9560
vn 0.2360 0.2589 0.9366
vn 0.2357 0.1759 0.9558
vn 0.2358 0.1759 0.9558
vn 0.2358 0.0592 0.9700
vn 0.2355 0.0596 0.9700
vn 0.2356 0.0596 0.9700
vn 0.2356 -0.0580 0.9701
vn 0.2355 -0.0580 0.9701
vn 0.2359 -0.0576 0.9701
vn 0.2170 0.2582 0.9414
vn 0.2342 0.2463 0.9405
vn 0.3315 0.2640 0.9058
vn 0.3281 0.2642 0.9069
vn 0.4637 0.2531 0.8491
vn 0.4633 0.2531 0.8493
vn 0.5877 0.2314 0.7753
vn 0.5880 0.2313 0.7751
vn 0.7070 0.2859 0.6468
vn 0.7092 0.2850 0.6449
vn 0.7100 0.2103 0.6721
vn 0.7866 0.1856 0.5889
vn 0.7333 0.1984 0.6503
vn 0.7369 0.1978 0.6464
vn 0.6856 0.1929 0.7019
vn 0.6851 0.1928 0.7025
vn 0.6853 0.3671 0.6290
vn 0.6853 0.3670 0.6290
vn 0.7278 0.3072 0.6131
vn 0.7282 0.3069 0.6128
vn 0.7685 0.2790 0.5758
vn 0.5200 0.5276 0.6717
vn 0.5193 0.5294 0.6708
vn 0.5959 0.3524 0.7216
vn 0.3953 0.6465 0.6525
vn 0.3963 0.6425 0.6559
vn 0.2362 0.5055 0.8299
vn 0.2654 0.5016 0.8234
vn 0.3321 0.5996 0.7281
vn 0.3352 0.5990 0.7272
vn 0.3324 0.5992 0.7283
vn 0.2417 0.5067 0.8275
vn 0.2369 0.5054 0.8297
vn 0.2356 0.5077 0.8287
vn 0.2355 0.5043 0.8308
vn 0.2124 0.5610 0.8001
vn 0.3963 0.6421 0.6562
vn 0.3920 0.4766 0.7869
vn 0.3874 0.4797 0.7872
vn 0.3872 0.4699 0.7933
vn 0.4119 0.1921 0.8907
vn 0.5276 0.1627 0.8338
vn 0.4714 0.6142 0.6329
vn 0.4715 0.6141 0.6329
vn 0.6914 0.3652 0.6234
vn 0.6551 0.3891 0.6476
vn 0.5892 0.4234 0.6882
vn 0.6768 0.3814 0.6296
vn 0.4689 0.8832 0.0096
vn 0.7654 0.3865 0.5146
vn 0.8102 0.3521 0.4687
vn 0.7812 0.3476 0.5186
vn 0.7383 0.3856 0.5534
vn 0.7259 0.3723 0.5783
vn 0.7263 0.3729 0.5774
vn 0.5950 0.3527 0.7222
vn 0.6895 0.3540 0.6318
vn 0.6892 0.3668 0.6248
vn 0.7127 0.3635 0.5999
vn 0.6989 0.2251 0.6789
vn 0.7037 0.2459 0.6666
vn 0.4359 0.8011 -0.4101
vn 0.7196 0.5992 0.3510
vn 0.7202 0.5957 0.3555
vn 0.7312 0.5686 0.3769
vn 0.7349 0.5593 0.3835
vn 0.7996 0.4519 0.3954
vn 0.7866 0.4903 0.3754
vn 0.7732 0.5036 0.3855
vn 0.7411 0.5503 0.3846
vn 0.5617 0.2270 0.7956
vn 0.5631 0.2260 0.7949
vn 0.6613 0.6423 0.3874
vn 0.8103 0.4875 0.3252
vn 0.8098 0.5024 0.3030
vn 0.7140 0.5995 0.3617
vn 0.6891 0.6258 0.3653
vn 0.6690 0.6389 0.3799
vn 0.6036 0.6807 0.4151
vn 0.5100 0.6523 0.5607
vn 0.5105 0.6521 0.5605
vn 0.2261 0.7930 0.5657
vn 0.2462 0.7890 0.5630
vn 0.3879 0.7647 0.5146
vn 0.3641 0.8332 0.4162
vn 0.3635 0.8339 0.4152
vn 0.3360 0.8083 0.4835
vn 0.2384 0.7961 0.5563
vn 0.2357 0.7902 0.5656
vn 0.2354 0.8297 0.5062
vn 0.2200 0.8294 0.5135
vn 0.2192 0.8320 0.5096
vn 0.4247 0.8635 0.2719
vn 0.4247 0.8659 0.2643
vn 0.4304 0.7729 0.4663
vn 0.4691 0.7608 0.4485
vn 0.3875 0.7836 0.4856
vn 0.3351 0.8085 0.4837
vn 0.3355 0.8084 0.4836
vn 0.5779 0.7370 0.3506
vn 0.5789 0.7364 0.3503
vn 0.7665 0.5785 0.2790
vn 0.7668 0.5782 0.2788
vn 0.7256 0.6153 0.3079
vn 0.7271 0.6142 0.3068
vn 0.6873 0.6293 0.3627
vn 0.6893 0.6289 0.3597
vn 0.6834 0.6377 0.3554
vn 0.6442 0.6786 0.3529
vn 0.6891 0.6951 0.2048
vn 0.6161 0.7728 0.1525
vn 0.6835 0.7045 0.1912
vn 0.6857 0.7022 0.1916
vn 0.7369 0.6467 0.1967
vn 0.7358 0.6479 0.1969
vn 0.7759 0.6025 0.1871
vn 0.7082 0.6466 0.2834
vn 0.7084 0.6477 0.2804
vn 0.5475 0.8081 0.2172
vn 0.5067 0.8383 0.2013
vn 0.6033 0.7651 0.2251
vn 0.3760 0.8970 0.2323
vn 0.4992 0.8315 0.2440
vn 0.4986 0.8318 0.2441
vn 0.3880 0.8886 0.2448
vn 0.1948 0.9789 0.0619
vn 0.3754 0.8973 0.2322
vn 0.2384 0.9369 0.2557
vn 0.3291 0.9266 0.1822
vn 0.2357 0.9370 0.2579
vn 0.2357 0.9494 0.2075
vn 0.2111 0.9571 0.1986
vn 0.4652 0.8689 0.1692
vn 0.4655 0.8687 0.1691
vn 0.3881 0.8980 0.2073
vn 0.3280 0.9269 0.1824
vn 0.3249 0.9280 0.1826
vn 0.8080 0.5879 0.0382
vn 0.7957 0.5986 0.0925
vn 0.8007 0.5963 0.0572
vn 0.6255 0.7767 0.0746
vn 0.6261 0.7671 0.1400
vn 0.8223 0.5606 0.0978
vn 0.7548 0.6432 0.1290
vn 0.7248 0.6736 0.1445
vn 0.6903 0.7028 0.1718
vn 0.6894 0.7038 0.1713
vn 0.6887 0.7044 0.1718
vn 0.7269 0.6716 0.1434
vn 0.6549 0.7378 0.1633
vn 0.5909 0.7912 0.1579
vn 0.5472 0.8207 0.1642
vn 0.5853 0.7851 0.2026
vn 0.5863 0.7842 0.2030
vn 0.6701 0.7172 -0.1915
vn 0.6894 0.7049 -0.1670
vn 0.7120 0.6851 -0.1538
vn 0.7138 0.6836 -0.1524
vn 0.7478 0.6505 -0.1329
vn 0.7460 0.6524 -0.1340
vn 0.7651 0.6315 -0.1255
vn 0.8045 0.5841 -0.1074
vn 0.5110 0.8579 -0.0529
vn 0.5111 0.8578 -0.0539
vn 0.5038 0.8468 -0.1708
vn 0.5034 0.8470 -0.1707
vn 0.5476 0.8139 -0.1943
vn 0.6074 0.7781 -0.1602
vn 0.6064 0.7789 -0.1604
vn 0.2374 0.9511 -0.1979
vn 0.2374 0.9510 -0.1979
vn 0.3879 0.9016 -0.1915
vn 0.3729 0.9049 -0.2052
vn 0.3722 0.9051 -0.2055
vn 0.2371 0.9509 -0.1988
vn 0.3313 0.9059 -0.2639
vn 0.2356 0.9515 -0.1980
vn 0.2358 0.9400 -0.2466
vn 0.2167 0.9414 -0.2584
vn 0.4631 0.8495 -0.2530
vn 0.4639 0.8490 -0.2531
vn 0.3881 0.8932 -0.2271
vn 0.3308 0.9061 -0.2638
vn 0.3278 0.9071 -0.2641
vn 0.4635 0.8493 -0.2529
vn 0.5476 0.8094 -0.2124
vn 0.5874 0.7756 -0.2310
vn 0.7069 0.6471 -0.2855
vn 0.7090 0.6452 -0.2848
vn 0.7098 0.6724 -0.2100
vn 0.7865 0.5892 -0.1853
vn 0.7331 0.6506 -0.1981
vn 0.7367 0.6467 -0.1975
vn 0.6854 0.7022 -0.1926
vn 0.6849 0.7027 -0.1925
vn 0.6612 0.7285 -0.1793
vn 0.6893 0.6976 -0.1957
vn 0.5875 0.7755 -0.2311
vn 0.5878 0.7753 -0.2311
vn 0.6852 0.6292 -0.3668
vn 0.7277 0.6134 -0.3069
vn 0.7281 0.6131 -0.3066
vn 0.7684 0.5761 -0.2787
vn 0.5200 0.6719 -0.5274
vn 0.5193 0.6710 -0.5292
vn 0.5957 0.7219 -0.3522
vn 0.3953 0.6527 -0.6463
vn 0.3963 0.6560 -0.6423
vn 0.2362 0.8299 -0.5054
vn 0.2646 0.8236 -0.5016
vn 0.3320 0.7283 -0.5995
vn 0.3351 0.7274 -0.5989
vn 0.3323 0.7285 -0.5991
vn 0.2417 0.8268 -0.5080
vn 0.2411 0.8290 -0.5047
vn 0.2354 0.8289 -0.5074
vn 0.2354 0.8309 -0.5042
vn 0.2123 0.8002 -0.5609
vn 0.3963 0.6563 -0.6420
vn 0.3919 0.7870 -0.4764
vn 0.3873 0.7874 -0.4796
vn 0.3870 0.7934 -0.4697
vn 0.4117 0.8909 -0.1919
vn 0.5273 0.8340 -0.1625
vn 0.4714 0.6331 -0.6140
vn 0.4715 0.6331 -0.6140
vn 0.6913 0.6236 -0.3649
vn 0.6550 0.6479 -0.3888
vn 0.5891 0.6884 -0.4232
vn 0.6767 0.6299 -0.3812
vn 0.4693 0.0099 -0.8830
vn 0.7687 0.5099 -0.3862
vn 0.8101 0.4674 -0.3540
vn 0.7771 0.5230 -0.3500
vn 0.7383 0.5536 -0.3853
vn 0.7259 0.5785 -0.3721
vn 0.7262 0.5777 -0.3727
vn 0.5949 0.7224 -0.3525
vn 0.6894 0.6321 -0.3538
vn 0.6891 0.6251 -0.3665
vn 0.7126 0.6002 -0.3632
vn 0.6987 0.6792 -0.2248
vn 0.7037 0.6667 -0.2456
vn 0.2424 -0.2576 0.9353
vn 0.3884 -0.2446 0.8884
vn 0.3879 -0.1652 0.9068
vn 0.3876 -0.1654 0.9069
vn 0.3876 -0.0550 0.9202
vn 0.3880 -0.0547 0.9200
vn 0.3879 0.0566 0.9200
vn 0.3875 0.0564 0.9201
vn 0.3875 0.1669 0.9066
vn 0.3878 0.1670 0.9065
vn 0.3884 0.2273 0.8930
vn 0.4641 0.2533 0.8488
vn 0.2423 0.2578 -0.9353
vn 0.3882 0.2449 -0.8884
vn 0.3878 0.1655 -0.9068
vn 0.3875 0.1657 -0.9069
vn 0.3875 0.0553 -0.9202
vn 0.3879 0.0550 -0.9200
vn 0.3880 -0.0563 -0.9200
vn 0.3876 -0.0561 -0.9201
vn 0.3876 -0.1666 -0.9066
vn 0.3879 -0.1667 -0.9065
vn 0.3885 -0.2270 -0.8930
vn 0.4643 -0.2529 -0.8488
vn 0.5102 0.6510 0.5621
vn 0.5077 0.8514 0.1315
vn 0.5470 0.7168 0.4325
vn 0.5471 0.7168 0.4324
vn 0.5437 0.6791 0.4932
vn 0.5777 0.7350 0.3550
vn 0.4669 0.2903 0.8353
vn 0.5432 0.2698 0.7951
vn 0.5472 0.4337 0.7159
vn 0.5471 0.4337 0.7160
vn 0.5308 0.2573 0.8075
vn 0.4687 0.8833 0.0098
vn 0.4990 -0.2439 0.8316
vn 0.5479 -0.2169 0.8079
vn 0.5473 -0.1501 0.8234
vn 0.5472 -0.1502 0.8234
vn 0.5472 -0.0496 0.8355
vn 0.5470 -0.0498 0.8357
vn 0.5470 0.0513 0.8356
vn 0.5472 0.0514 0.8355
vn 0.5471 0.1517 0.8232
vn 0.5472 0.1518 0.8231
vn 0.5478 0.2126 0.8091
vn 0.5877 0.2312 0.7754
vn 0.5106 -0.5620 0.6507
vn 0.5081 -0.1313 0.8512
vn 0.5474 -0.4323 0.7166
vn 0.5475 -0.4322 0.7166
vn 0.5441 -0.4930 0.6789
vn 0.5782 -0.3547 0.7348
vn 0.4673 -0.8351 0.2901
vn 0.5436 -0.7949 0.2696
vn 0.5476 -0.7157 0.4335
vn 0.5475 -0.7158 0.4335
vn 0.5312 -0.8073 0.2571
vn 0.4692 -0.0096 0.8831
vn 0.5107 -0.6506 -0.5621
vn 0.5084 -0.8510 -0.1315
vn 0.5475 -0.7164 -0.4325
vn 0.5476 -0.7164 -0.4324
vn 0.5442 -0.6787 -0.4932
vn 0.5783 -0.7346 -0.3549
vn 0.4671 -0.2899 -0.8353
vn 0.5434 -0.2693 -0.7951
vn 0.5475 -0.4333 -0.7159
vn 0.5474 -0.4332 -0.7160
vn 0.5310 -0.2569 -0.8075
vn 0.4694 -0.8829 -0.0097
vn 0.4988 0.2443 -0.8316
vn 0.5477 0.2174 -0.8079
vn 0.5472 0.1505 -0.8234
vn 0.5471 0.1506 -0.8234
vn 0.5472 0.0501 -0.8355
vn 0.5470 0.0502 -0.8357
vn 0.5470 -0.0509 -0.8356
vn 0.5472 -0.0510 -0.8355
vn 0.5472 -0.1513 -0.8232
vn 0.5473 -0.1513 -0.8231
vn 0.5480 -0.2122 -0.8091
vn 0.5878 -0.2307 -0.7754
vn 0.5102 0.5624 -0.6507
vn 0.5080 0.1317 -0.8512
vn 0.5471 0.4327 -0.7166
vn 0.5472 0.4326 -0.7166
vn 0.5438 0.4934 -0.6789
vn 0.5779 0.3552 -0.7348
vn 0.4667 0.8355 -0.2902
vn 0.5430 0.7953 -0.2695
vn 0.5471 0.7161 -0.4335
vn 0.5469 0.7162 -0.4335
vn 0.5306 0.8077 -0.2570
vn 0.4692 0.0100 -0.8831
vn 0.6037 -0.2248 0.7649
vn 0.6894 -0.2046 0.6949
vn 0.6891 -0.1299 0.7129
vn 0.6892 -0.1298 0.7128
vn 0.6892 -0.0430 0.7233
vn 0.6892 -0.0429 0.7233
vn 0.6892 0.0446 0.7232
vn 0.6891 0.0445 0.7233
vn 0.6891 0.1315 0.7126
vn 0.6890 0.1314 0.7127
vn 0.6895 0.1960 0.6973
vn 0.6614 0.1795 0.7283
vn 0.6035 0.2253 -0.7649
vn 0.6893 0.2051 -0.6949
vn 0.6890 0.1305 -0.7129
vn 0.6891 0.1304 -0.7128
vn 0.6891 0.0435 -0.7233
vn 0.6892 0.0435 -0.7233
vn 0.6892 -0.0440 -0.7232
vn 0.6892 -0.0440 -0.7233
vn 0.6892 -0.1309 -0.7126
vn 0.6891 -0.1309 -0.7127
vn 0.6896 -0.1954 -0.6973
vn 0.6616 -0.1790 -0.7282
vn 0.1693 0.9840 -0.0562
vn 0.1691 0.9843 -0.0504
vn 0.1693 0.9856 -0.0024
vn 0.1696 0.9855 -0.0000
vn 0.1684 0.9795 -0.1103
vn 0.1684 0.9797 -0.1087
vn 0.1500 0.8719 -0.4661
vn 0.0716 0.4146 -0.9072
vn 0.1208 0.7031 -0.7008
vn 0.1031 0.5995 -0.7937
vn 0.1026 0.5963 -0.7962
vn 0.1021 0.5936 -0.7982
vn 0.0326 0.1891 -0.9814
vn 0.0372 0.2157 -0.9758
vn 0.0417 0.2414 -0.9695
vn 0.0366 0.2121 -0.9766
vn 0.0364 0.2105 -0.9769
vn 0.0357 0.2072 -0.9776
vn 0.7519 0.2525 -0.6090
vn 0.3244 0.2079 -0.9228
vn 0.9730 0.2276 0.0382
vn 0.9526 0.2408 -0.1859
vn 0.2217 0.9735 -0.0561
vn 0.2252 0.9728 -0.0548
vn 0.2162 0.9753 -0.0452
vn 0.2226 0.9740 -0.0425
vn 0.3053 0.9522 -0.0083
vn 0.3029 0.9510 0.0615
vn 0.3527 0.9329 0.0724
vn 0.2158 0.9764 -0.0000
vn 0.2325 0.9666 -0.1080
vn 0.2567 0.8648 -0.4315
vn 0.5876 0.7868 -0.1889
vn 0.5810 0.7989 -0.1551
vn 0.6372 0.7703 -0.0248
vn 0.3938 0.9111 0.1217
vn 0.3582 0.9313 0.0658
vn 0.3869 0.9204 0.0572
vn 0.7589 0.6511 0.0156
vn 0.7513 0.2459 -0.6124
vn 0.8721 0.2013 -0.4459
vn 0.7265 0.1192 -0.6768
vn 0.9537 0.2070 -0.2180
vn 0.7599 0.2497 -0.6001
vn 0.7654 0.2560 -0.5905
vn 0.7572 0.4305 -0.4912
vn 0.3089 0.1532 -0.9387
vn 0.2995 0.2075 -0.9312
vn 0.2845 0.1621 -0.9449
vn 0.2595 0.3164 -0.9124
vn 0.2856 0.8399 -0.4615
vn 0.2222 0.3449 -0.9119
vn 0.2784 0.6739 -0.6844
vn 0.3265 0.5443 -0.7727
vn 0.3159 0.4889 -0.8132
vn 0.2965 0.5495 -0.7811
vn 0.2140 0.1717 -0.9616
vn 0.9382 0.2243 -0.2636
vn 0.8597 0.4899 -0.1443
vn 0.8102 0.5200 -0.2704
vn 0.7727 0.4790 -0.4165
vn 0.6013 0.6246 -0.4984
vn 0.9491 0.2435 -0.1997
vn 0.9611 0.2199 -0.1669
vn 0.8939 0.4374 -0.0977
vn 0.9688 0.2464 -0.0288
vn 0.7559 0.6495 -0.0824
vn 0.3069 0.9517 -0.0068
vn 0.2713 0.9625 0.0083
vn 0.4486 0.8327 -0.3247
vn 0.4784 0.8103 -0.3384
vn 0.5441 0.6364 -0.5468
vn 0.5621 0.6052 -0.5637
vn 0.5724 0.4827 -0.6628
vn 0.5974 0.4160 -0.6856
vn 0.5857 0.3042 -0.7513
vn 0.6000 0.2369 -0.7641
vn 0.5310 -0.0001 -0.8474
vn 0.3242 0.2079 -0.9228
vn 0.7611 0.6448 -0.0704
vn 0.9721 0.2331 -0.0255
vn 0.7676 0.6372 -0.0697
vn 0.9727 0.2305 -0.0252
vn 0.7636 0.6418 -0.0700
vn 0.7636 0.6452 -0.0238
vn 0.7646 0.6441 -0.0237
vn 0.7646 0.6441 0.0228
vn 0.7636 0.6453 0.0228
vn 0.3937 0.9140 0.0986
vn 0.3933 0.9141 0.0986
vn 0.3932 0.9189 0.0326
vn 0.3923 0.9193 0.0325
vn 0.3923 0.9192 -0.0339
vn 0.3932 0.9188 -0.0338
vn 0.3933 0.9140 -0.0998
vn 0.3921 0.9145 -0.1000
vn 0.3880 0.9164 0.0988
vn 0.7611 0.6449 0.0695
vn 0.7636 0.6419 0.0690
vn 0.7676 0.6373 0.0687
vn 0.9705 0.2396 0.0258
vn 0.9724 0.2320 -0.0253
vn 0.9724 0.2332 -0.0086
vn 0.9723 0.2337 -0.0086
vn 0.9723 0.2337 0.0082
vn 0.9724 0.2332 0.0083
vn 0.9724 0.2320 0.0249
vn 0.9730 0.2296 0.0247
vn 0.1712 0.0586 -0.9835
vn 0.1711 -0.8394 0.5158
vn 0.1704 0.8403 0.5146
vn 0.1704 0.8396 -0.5158
vn 0.1711 -0.8402 -0.5146
vn 0.1693 -0.9508 -0.2595
vn 0.1298 -0.9457 -0.2978
vn 0.1673 -0.9559 -0.2413
vn 0.1677 -0.9186 -0.3578
vn 0.1544 -0.9051 -0.3963
vn 0.0995 -0.8386 -0.5355
vn 0.1708 -0.7587 -0.6286
vn 0.1034 -0.8384 -0.5351
vn 0.1676 -0.8080 -0.5648
vn 0.1455 -0.8357 -0.5295
vn 0.1664 -0.8347 -0.5249
vn 0.1721 -0.8345 -0.5235
vn 0.1603 -0.8405 -0.5176
vn 0.1711 -0.8410 -0.5132
vn 0.1665 -0.7937 -0.5851
vn 0.1582 -0.8329 -0.5304
vn 0.1649 -0.8261 -0.5389
vn 0.1678 -0.8647 -0.4734
vn 0.1677 -0.8860 -0.4323
vn 0.1702 -0.5147 -0.8403
vn 0.1660 -0.5665 -0.8072
vn 0.1668 -0.5615 -0.8105
vn 0.1675 -0.5659 -0.8073
vn 0.1667 -0.5624 -0.8099
vn 0.1636 -0.5781 -0.7994
vn 0.1648 -0.5729 -0.8029
vn 0.1622 -0.5838 -0.7955
vn 0.1614 -0.5867 -0.7936
vn 0.1551 -0.6073 -0.7792
vn 0.1675 -0.6300 -0.7583
vn 0.1672 -0.7259 -0.6672
vn 0.1405 -0.7006 -0.6996
vn 0.1708 -0.7588 -0.6286
vn 0.1588 -0.3213 -0.9336
vn 0.1679 -0.2561 -0.9520
vn 0.1690 -0.2606 -0.9505
vn 0.1711 -0.5144 -0.8403
vn 0.1702 -0.5159 -0.8396
vn 0.1431 -0.4389 -0.8871
vn 0.1671 -0.4698 -0.8668
vn 0.1675 -0.3638 -0.9163
vn 0.1487 -0.3034 -0.9412
vn 0.1612 0.3016 -0.9397
vn 0.1541 0.3202 -0.9347
vn 0.1672 0.3626 -0.9168
vn 0.1707 0.5133 -0.8411
vn 0.1671 0.4360 -0.8843
vn 0.1540 0.4696 -0.8693
vn 0.1698 0.5148 -0.8403
vn 0.1638 0.5744 -0.8020
vn 0.1632 0.5768 -0.8004
vn 0.1647 0.5697 -0.8052
vn 0.1699 0.5408 -0.8239
vn 0.1668 0.5333 -0.8293
vn 0.1592 0.5145 -0.8426
vn 0.1671 0.5649 -0.8081
vn 0.1537 0.7266 -0.6697
vn 0.1671 0.6967 -0.6976
vn 0.1667 0.6051 -0.7785
vn 0.1467 0.6310 -0.7617
vn 0.1612 0.5847 -0.7951
vn 0.0893 0.8926 -0.4420
vn 0.1678 0.8249 -0.5398
vn 0.1683 0.8835 -0.4371
vn 0.1670 0.8073 -0.5660
vn 0.1704 0.8404 -0.5145
vn 0.1596 0.8399 -0.5188
vn 0.1715 0.8338 -0.5247
vn 0.1526 0.8346 -0.5293
vn 0.1543 0.8345 -0.5290
vn 0.1113 0.8372 -0.5355
vn 0.1565 0.8333 -0.5302
vn 0.1638 0.8033 -0.5726
vn 0.1657 0.7942 -0.5847
vn 0.1659 0.7928 -0.5865
vn 0.1671 0.7841 -0.5978
vn 0.1670 0.7519 -0.6378
vn 0.1225 0.9692 -0.2137
vn 0.1635 0.9619 -0.2189
vn 0.1654 0.9616 -0.2192
vn 0.1517 0.9675 -0.2023
vn 0.1685 0.9505 -0.2609
vn 0.1400 0.9221 -0.3607
vn 0.1666 0.9027 -0.3968
vn 0.1671 0.9400 -0.2975
vn 0.1558 0.9574 -0.2431
vn 0.1668 0.9613 -0.2191
vn 0.1667 0.9748 -0.1486
vn 0.1631 0.9808 -0.1073
vn 0.1538 0.9847 -0.0824
vn 0.1670 0.9853 -0.0363
vn 0.1669 0.9738 -0.1542
vn 0.1670 0.9735 -0.1562
vn 0.1671 0.9720 -0.1652
vn 0.1670 0.9739 0.1534
vn 0.1672 0.9710 0.1707
vn 0.1671 0.9732 0.1579
vn 0.1669 0.9740 0.1534
vn 0.1668 0.9747 0.1489
vn 0.1663 0.9757 0.1427
vn 0.1608 0.9837 0.0809
vn 0.1464 0.9835 0.1061
vn 0.1670 0.9853 0.0349
vn 0.1660 0.9656 0.2004
vn 0.1562 0.9637 0.2165
vn 0.1685 0.9509 0.2595
vn 0.1536 0.9642 0.2161
vn 0.1668 0.9616 0.2178
vn 0.1291 0.9458 0.2978
vn 0.1665 0.9561 0.2413
vn 0.1670 0.9187 0.3578
vn 0.1537 0.9052 0.3963
vn 0.0988 0.8387 0.5355
vn 0.1702 0.7589 0.6286
vn 0.1028 0.8385 0.5351
vn 0.1670 0.8082 0.5648
vn 0.1449 0.8358 0.5295
vn 0.1658 0.8349 0.5249
vn 0.1715 0.8346 0.5235
vn 0.1596 0.8406 0.5176
vn 0.1704 0.8412 0.5132
vn 0.1659 0.7938 0.5851
vn 0.1576 0.8330 0.5304
vn 0.1643 0.8262 0.5389
vn 0.1671 0.8648 0.4734
vn 0.1670 0.8861 0.4323
vn 0.1698 0.5148 0.8403
vn 0.1655 0.5666 0.8072
vn 0.1664 0.5617 0.8105
vn 0.1671 0.5660 0.8073
vn 0.1663 0.5626 0.8099
vn 0.1632 0.5782 0.7994
vn 0.1644 0.5730 0.8029
vn 0.1617 0.5839 0.7955
vn 0.1609 0.5868 0.7936
vn 0.1546 0.6075 0.7792
vn 0.1670 0.6301 0.7583
vn 0.1667 0.7260 0.6672
vn 0.1400 0.7007 0.6996
vn 0.1703 0.7589 0.6286
vn 0.1585 0.3214 0.9336
vn 0.1707 0.5145 0.8403
vn 0.1698 0.5161 0.8396
vn 0.1428 0.4390 0.8871
vn 0.1667 0.4699 0.8668
vn 0.1672 0.3639 0.9163
vn 0.1484 0.3035 0.9412
vn 0.1615 -0.3014 0.9397
vn 0.1543 -0.3201 0.9347
vn 0.1675 -0.3624 0.9168
vn 0.1711 -0.5131 0.8411
vn 0.1675 -0.4359 0.8843
vn 0.1543 -0.4695 0.8693
vn 0.1702 -0.5147 0.8403
vn 0.1642 -0.5743 0.8020
vn 0.1637 -0.5767 0.8004
vn 0.1651 -0.5696 0.8052
vn 0.1703 -0.5406 0.8239
vn 0.1672 -0.5330 0.8294
vn 0.1596 -0.5144 0.8426
vn 0.1675 -0.5647 0.8081
vn 0.1543 -0.7265 0.6697
vn 0.1676 -0.6966 0.6976
vn 0.1672 -0.6050 0.7785
vn 0.1472 -0.6309 0.7617
vn 0.1616 -0.5846 0.7951
vn 0.0900 -0.8925 0.4419
vn 0.1685 -0.8248 0.5398
vn 0.1690 -0.8834 0.4371
vn 0.1676 -0.8072 0.5660
vn 0.1711 -0.8403 0.5145
vn 0.1603 -0.8397 0.5188
vn 0.1721 -0.8337 0.5247
vn 0.1532 -0.8345 0.5293
vn 0.1550 -0.8344 0.5290
vn 0.1120 -0.8371 0.5355
vn 0.1571 -0.8332 0.5302
vn 0.1644 -0.8032 0.5726
vn 0.1664 -0.7940 0.5847
vn 0.1666 -0.7927 0.5864
vn 0.1677 -0.7839 0.5978
vn 0.1676 -0.7517 0.6378
vn 0.1233 -0.9691 0.2137
vn 0.1643 -0.9618 0.2189
vn 0.1661 -0.9614 0.2192
vn 0.1524 -0.9674 0.2023
vn 0.1693 -0.9504 0.2609
vn 0.1407 -0.9220 0.3607
vn 0.1673 -0.9026 0.3968
vn 0.1678 -0.9399 0.2975
vn 0.1565 -0.9573 0.2431
vn 0.1676 -0.9612 0.2191
vn 0.1674 -0.9746 0.1486
vn 0.1638 -0.9806 0.1072
vn 0.1546 -0.9845 0.0824
vn 0.1678 -0.9852 0.0363
vn 0.1677 -0.9737 0.1543
vn 0.1677 -0.9734 0.1561
vn 0.1679 -0.9719 0.1652
vn 0.1678 -0.9738 -0.1534
vn 0.1675 -0.9615 -0.2178
vn 0.1543 -0.9641 -0.2161
vn 0.1570 -0.9636 -0.2165
vn 0.1667 -0.9654 -0.2004
vn 0.1679 -0.9708 -0.1711
vn 0.1678 -0.9731 -0.1580
vn 0.1677 -0.9738 -0.1533
vn 0.1675 -0.9746 -0.1489
vn 0.1671 -0.9756 -0.1427
vn 0.1615 -0.9835 -0.0809
vn 0.1472 -0.9834 -0.1061
vn 0.1678 -0.9852 -0.0349
vn 0.1611 0.1632 0.9733
vn 0.1688 0.2607 0.9505
vn 0.1677 0.2562 0.9520
vn 0.1677 0.2626 0.9502
vn 0.1661 0.1785 0.9698
vn 0.1712 -0.0585 0.9835
vn 0.1713 -0.0589 0.9835
vn 0.1588 0.0008 0.9873
vn 0.1712 0.0604 0.9834
vn 0.1712 0.0600 0.9834
vn 0.1596 -0.1771 0.9712
vn 0.1658 -0.1616 0.9728
vn 0.1679 -0.2611 0.9506
vn 0.1679 -0.2547 0.9523
vn 0.1690 -0.2592 0.9509
vn 0.1712 -0.0599 -0.9834
vn 0.1613 -0.1631 -0.9733
vn 0.1662 -0.1783 -0.9698
vn 0.1679 -0.2625 -0.9502
vn 0.1707 -0.0007 -0.9853
vn 0.1458 0.0592 -0.9875
vn 0.1713 -0.0603 -0.9834
vn 0.1595 0.1772 -0.9712
vn 0.1657 0.1617 -0.9728
vn 0.1677 0.2612 -0.9506
vn 0.1677 0.2548 -0.9523
vn 0.1688 0.2593 -0.9509
s 0
usemtl material
f 1//1 2//1 3//1
f 3//1 2//1 4//1
f 1//1 5//1 2//1
f 2//1 5//1 6//1
f 2//1 6//1 7//1
f 8//1 9//1 10//1
f 10//1 9//1 11//1
f 10//1 11//1 12//1
f 12//1 11//1 13//1
f 13//1 11//1 2//1
f 13//1 2//1 7//1
f 14//1 15//1 16//1
f 16//1 15//1 17//1
f 16//1 17//1 18//1
f 8//1 10//1 17//1
f 17//1 10//1 19//1
f 17//1 19//1 18//1
f 20//1 21//1 22//1
f 22//1 21//1 23//1
f 22//1 23//1 24//1
f 25//1 26//1 23//1
f 23//1 26//1 27//1
f 23//1 27//1 24//1
f 28//1 29//1 22//1
f 22//1 29//1 30//1
f 22//1 30//1 20//1
f 14//1 16//1 23//1
f 23//1 16//1 31//1
f 23//1 31//1 25//1
f 32//1 33//1 34//1
f 35//1 28//1 22//1
f 34//1 36//1 32//1
f 32//1 36//1 35//1
f 32//1 35//1 37//1
f 37//1 35//1 22//1
f 38//1 39//1 40//1
f 40//1 41//1 38//1
f 38//1 41//1 42//1
f 38//1 42//1 43//1
f 43//1 42//1 34//1
f 43//1 34//1 33//1
f 44//1 45//1 46//1
f 46//1 45//1 47//1
f 46//1 47//1 48//1
f 49//1 50//1 51//1
f 51//1 50//1 40//1
f 51//1 40//1 39//1
f 44//1 52//1 45//1
f 45//1 52//1 50//1
f 45//1 50//1 53//1
f 53//1 50//1 49//1
f 54//1 48//1 47//1
f 47//1 55//1 54//1
f 54//1 55//1 56//1
f 54//1 56//1 57//1
f 57//1 56//1 58//1
f 57//1 58//1 59//1
f 60//1 59//1 58//1
f 61//1 62//1 63//1
f 58//1 64//1 60//1
f 60//1 64//1 61//1
f 60//1 61//1 65//1
f 65//1 61//1 63//1
f 66//1 63//1 62//1
f 67//1 68//1 66//1
f 67//1 66//1 69//1
f 70//1 71//1 68//1
f 68//1 71//1 72//1
f 68//1 72//1 66//1
f 62//1 73//1 66//1
f 66//1 73//1 74//1
f 66//1 74//1 69//1
f 75//1 76//1 68//1
f 68//1 76//1 77//1
f 68//1 77//1 70//1
f 75//1 78//1 76//1
f 76//1 78//1 79//1
f 76//1 79//1 80//1
f 81//1 82//1 79//1
f 79//1 82//1 83//1
f 79//1 83//1 80//1
f 81//1 84//1 82//1
f 82//1 84//1 85//1
f 82//1 85//1 86//1
f 86//1 85//1 87//1
f 87//1 85//1 88//1
f 87//1 88//1 89//1
f 90//1 88//1 91//1
f 91//1 88//1 92//1
f 90//1 93//1 88//1
f 88//1 93//1 94//1
f 88//1 94//1 89//1
f 93//1 90//1 95//1
f 85//1 84//1 96//1
f 97//1 98//1 25//1
f 99//1 100//1 77//1
f 95//1 90//1 101//1
f 78//1 102//1 79//1
f 79//1 102//1 103//1
f 104//1 105//1 69//1
f 29//1 106//1 30//1
f 30//1 106//1 107//1
f 83//1 108//1 80//1
f 80//1 108//1 99//1
f 80//1 99//1 76//1
f 76//1 99//1 77//1
f 83//1 82//1 108//1
f 108//1 82//1 86//1
f 108//1 86//1 109//1
f 96//1 84//1 103//1
f 103//1 84//1 81//1
f 103//1 81//1 79//1
f 69//1 74//1 104//1
f 104//1 74//1 73//1
f 104//1 73//1 110//1
f 110//1 73//1 62//1
f 29//1 28//1 106//1
f 106//1 28//1 35//1
f 106//1 35//1 111//1
f 112//1 71//1 100//1
f 100//1 71//1 70//1
f 100//1 70//1 77//1
f 90//1 91//1 101//1
f 101//1 91//1 92//1
f 101//1 92//1 96//1
f 96//1 92//1 88//1
f 96//1 88//1 85//1
f 55//1 113//1 56//1
f 56//1 113//1 114//1
f 115//1 43//1 116//1
f 116//1 43//1 33//1
f 33//1 32//1 116//1
f 116//1 32//1 37//1
f 116//1 37//1 117//1
f 117//1 37//1 22//1
f 22//1 24//1 117//1
f 117//1 24//1 27//1
f 117//1 27//1 98//1
f 98//1 27//1 26//1
f 98//1 26//1 25//1
f 25//1 31//1 97//1
f 97//1 31//1 16//1
f 97//1 16//1 118//1
f 65//1 119//1 60//1
f 60//1 119//1 120//1
f 60//1 120//1 59//1
f 86//1 87//1 109//1
f 109//1 87//1 89//1
f 109//1 89//1 95//1
f 95//1 89//1 94//1
f 95//1 94//1 93//1
f 78//1 75//1 102//1
f 102//1 75//1 68//1
f 102//1 68//1 105//1
f 105//1 68//1 67//1
f 105//1 67//1 69//1
f 62//1 61//1 110//1
f 110//1 61//1 64//1
f 110//1 64//1 114//1
f 114//1 64//1 58//1
f 114//1 58//1 56//1
f 16//1 18//1 118//1
f 118//1 18//1 19//1
f 118//1 19//1 121//1
f 121//1 19//1 10//1
f 2//1 11//1 122//1
f 123//1 15//1 124//1
f 124//1 15//1 14//1
f 14//1 23//1 124//1
f 124//1 23//1 21//1
f 124//1 21//1 107//1
f 107//1 21//1 20//1
f 107//1 20//1 30//1
f 50//1 52//1 125//1
f 55//1 47//1 113//1
f 113//1 47//1 45//1
f 113//1 45//1 126//1
f 45//1 53//1 126//1
f 126//1 53//1 49//1
f 126//1 49//1 127//1
f 49//1 51//1 127//1
f 127//1 51//1 39//1
f 127//1 39//1 115//1
f 115//1 39//1 38//1
f 115//1 38//1 43//1
f 122//1 11//1 128//1
f 11//1 9//1 128//1
f 128//1 9//1 8//1
f 128//1 8//1 123//1
f 123//1 8//1 17//1
f 123//1 17//1 15//1
f 35//1 36//1 111//1
f 111//1 36//1 34//1
f 111//1 34//1 129//1
f 125//1 52//1 130//1
f 131//1 54//1 120//1
f 120//1 54//1 57//1
f 120//1 57//1 59//1
f 65//1 63//1 119//1
f 119//1 63//1 66//1
f 119//1 66//1 112//1
f 112//1 66//1 72//1
f 112//1 72//1 71//1
f 132//1 3//1 122//1
f 122//1 3//1 4//1
f 122//1 4//1 2//1
f 52//1 44//1 130//1
f 130//1 44//1 46//1
f 130//1 46//1 131//1
f 131//1 46//1 48//1
f 131//1 48//1 54//1
f 10//1 12//1 121//1
f 121//1 12//1 13//1
f 121//1 13//1 133//1
f 133//1 13//1 7//1
f 7//1 6//1 133//1
f 133//1 6//1 5//1
f 133//1 5//1 132//1
f 132//1 5//1 1//1
f 132//1 1//1 3//1
f 34//1 42//1 129//1
f 129//1 42//1 41//1
f 129//1 41//1 125//1
f 125//1 41//1 40//1
f 125//1 40//1 50//1
f 133//2 132//2 134//2
f 134//3 135//3 133//3
f 133//4 135//4 136//4
f 133//5 136//5 121//5
f 136//6 137//6 121//6
f 121//7 137//7 138//7
f 121//8 138//8 118//8
f 118//9 138//9 139//9
f 118//10 139//10 140//10
f 140//11 141//11 118//11
f 118//12 141//12 142//12
f 118//13 142//13 97//13
f 142//14 143//14 97//14
f 97//15 143//15 144//15
f 97//16 144//16 98//16
f 144//17 145//17 98//17
f 98//18 145//18 146//18
f 98//19 146//19 117//19
f 147//20 116//20 148//20
f 148//20 116//20 117//20
f 148//21 117//21 149//21
f 149//22 117//22 146//22
f 147//23 150//23 116//23
f 116//24 150//24 151//24
f 116//25 151//25 115//25
f 151//26 152//26 115//26
f 115//27 152//27 153//27
f 115//28 153//28 127//28
f 154//29 126//29 155//29
f 155//30 126//30 127//30
f 155//31 127//31 156//31
f 156//32 127//32 153//32
f 157//33 113//33 158//33
f 158//34 113//34 126//34
f 158//35 126//35 159//35
f 159//36 126//36 154//36
f 157//37 160//37 113//37
f 113//38 160//38 161//38
f 113//39 161//39 114//39
f 161//40 162//40 114//40
f 114//41 162//41 163//41
f 114//42 163//42 110//42
f 163//43 164//43 110//43
f 110//44 164//44 165//44
f 110//45 165//45 104//45
f 165//46 166//46 104//46
f 104//47 166//47 167//47
f 104//48 167//48 105//48
f 167//49 168//49 105//49
f 105//50 168//50 169//50
f 105//51 169//51 102//51
f 102//52 169//52 170//52
f 102//53 170//53 171//53
f 171//54 172//54 102//54
f 102//55 172//55 173//55
f 102//56 173//56 103//56
f 173//57 174//57 103//57
f 103//58 174//58 175//58
f 103//59 175//59 96//59
f 175//60 176//60 96//60
f 96//61 176//61 177//61
f 96//62 177//62 101//62
f 178//63 95//63 179//63
f 179//63 95//63 101//63
f 179//64 101//64 180//64
f 180//65 101//65 177//65
f 178//66 181//66 95//66
f 95//67 181//67 182//67
f 95//68 182//68 109//68
f 182//69 183//69 109//69
f 109//70 183//70 184//70
f 109//71 184//71 108//71
f 185//72 99//72 186//72
f 186//73 99//73 108//73
f 186//74 108//74 187//74
f 187//75 108//75 184//75
f 188//76 100//76 189//76
f 189//77 100//77 99//77
f 189//78 99//78 190//78
f 190//79 99//79 185//79
f 188//80 191//80 100//80
f 100//81 191//81 192//81
f 100//82 192//82 112//82
f 192//83 193//83 112//83
f 112//84 193//84 194//84
f 112//85 194//85 119//85
f 194//86 195//86 119//86
f 119//87 195//87 196//87
f 119//88 196//88 120//88
f 196//89 197//89 120//89
f 120//90 197//90 198//90
f 120//91 198//91 131//91
f 198//92 199//92 131//92
f 131//93 199//93 200//93
f 131//94 200//94 130//94
f 130//95 200//95 201//95
f 130//96 201//96 202//96
f 202//97 203//97 130//97
f 130//98 203//98 204//98
f 130//99 204//99 125//99
f 204//100 205//100 125//100
f 125//101 205//101 206//101
f 125//102 206//102 129//102
f 207//103 111//103 208//103
f 208//104 111//104 129//104
f 208//105 129//105 209//105
f 209//106 129//106 206//106
f 207//107 210//107 111//107
f 111//108 210//108 211//108
f 111//108 211//108 106//108
f 211//109 212//109 106//109
f 106//110 212//110 213//110
f 106//111 213//111 107//111
f 213//112 214//112 107//112
f 107//113 214//113 215//113
f 107//114 215//114 124//114
f 216//115 123//115 217//115
f 217//116 123//116 124//116
f 217//117 124//117 218//117
f 218//118 124//118 215//118
f 219//119 128//119 220//119
f 220//120 128//120 123//120
f 220//121 123//121 221//121
f 221//122 123//122 216//122
f 219//123 222//123 128//123
f 128//124 222//124 223//124
f 128//125 223//125 122//125
f 223//126 224//126 122//126
f 122//127 224//127 225//127
f 122//128 225//128 132//128
f 132//129 225//129 226//129
f 132//129 226//129 134//129
f 227//130 228//130 229//130
f 229//130 228//130 230//130
f 229//130 230//130 231//130
f 232//130 233//130 234//130
f 235//130 236//130 232//130
f 232//130 236//130 237//130
f 232//130 237//130 233//130
f 235//130 238//130 236//130
f 236//130 238//130 239//130
f 236//130 239//130 240//130
f 240//130 239//130 241//130
f 240//130 241//130 242//130
f 227//130 243//130 228//130
f 228//130 243//130 232//130
f 228//130 232//130 244//130
f 244//130 232//130 234//130
f 231//130 245//130 229//130
f 229//130 245//130 246//130
f 229//130 246//130 247//130
f 247//130 248//130 229//130
f 229//130 248//130 249//130
f 229//130 249//130 250//130
f 250//130 251//130 229//130
f 229//130 251//130 252//130
f 229//130 252//130 253//130
f 171//131 170//131 254//131
f 140//132 139//132 255//132
f 226//133 225//133 256//133
f 257//134 258//134 259//134
f 260//135 261//135 262//135
f 263//136 264//136 265//136
f 266//137 267//137 268//137
f 269//138 270//138 271//138
f 272//139 273//139 274//139
f 275//140 273//140 276//140
f 276//141 273//141 272//141
f 276//142 272//142 277//142
f 278//143 270//143 279//143
f 279//144 270//144 269//144
f 279//145 269//145 280//145
f 281//146 267//146 282//146
f 282//147 267//147 266//147
f 282//148 266//148 283//148
f 284//149 264//149 285//149
f 285//149 264//149 263//149
f 285//150 263//150 286//150
f 287//151 261//151 288//151
f 288//152 261//152 260//152
f 288//153 260//153 289//153
f 290//154 258//154 291//154
f 291//155 258//155 257//155
f 291//156 257//156 292//156
f 293//157 274//157 294//157
f 294//158 274//158 273//158
f 294//159 273//159 295//159
f 295//160 273//160 275//160
f 295//161 275//161 296//161
f 297//162 271//162 298//162
f 298//163 271//163 270//163
f 298//164 270//164 299//164
f 299//165 270//165 278//165
f 299//166 278//166 300//166
f 301//167 268//167 302//167
f 302//168 268//168 267//168
f 302//169 267//169 303//169
f 303//170 267//170 281//170
f 303//171 281//171 304//171
f 305//172 265//172 306//172
f 306//173 265//173 264//173
f 306//174 264//174 307//174
f 307//175 264//175 284//175
f 307//176 284//176 308//176
f 309//177 262//177 310//177
f 310//178 262//178 261//178
f 310//179 261//179 311//179
f 311//180 261//180 287//180
f 311//181 287//181 312//181
f 313//182 259//182 314//182
f 314//183 259//183 258//183
f 314//184 258//184 315//184
f 315//185 258//185 290//185
f 315//185 290//185 316//185
f 317//186 318//186 319//186
f 320//187 321//187 322//187
f 322//188 321//188 323//188
f 322//189 323//189 324//189
f 324//190 323//190 325//190
f 324//191 325//191 326//191
f 326//192 325//192 327//192
f 321//193 328//193 323//193
f 323//194 328//194 329//194
f 323//195 329//195 325//195
f 325//196 329//196 330//196
f 325//197 330//197 327//197
f 327//198 330//198 331//198
f 327//199 331//199 211//199
f 211//200 331//200 212//200
f 332//201 333//201 334//201
f 221//202 216//202 335//202
f 335//203 216//203 332//203
f 335//204 332//204 336//204
f 336//205 332//205 334//205
f 336//206 334//206 337//206
f 338//207 339//207 340//207
f 340//208 339//208 341//208
f 340//209 341//209 342//209
f 342//210 341//210 343//210
f 342//211 343//211 344//211
f 344//212 343//212 345//212
f 339//213 346//213 341//213
f 341//214 346//214 347//214
f 341//215 347//215 343//215
f 343//216 347//216 348//216
f 343//217 348//217 345//217
f 345//218 348//218 349//218
f 345//219 349//219 223//219
f 223//220 349//220 224//220
f 350//221 351//221 352//221
f 352//222 351//222 353//222
f 352//223 353//223 354//223
f 354//224 353//224 355//224
f 354//225 355//225 356//225
f 356//226 355//226 357//226
f 351//227 358//227 353//227
f 353//228 358//228 359//228
f 353//224 359//224 355//224
f 355//229 359//229 360//229
f 355//230 360//230 357//230
f 357//231 360//231 361//231
f 357//232 361//232 137//232
f 137//233 361//233 138//233
f 362//234 363//234 364//234
f 364//235 363//235 365//235
f 364//236 365//236 366//236
f 366//237 365//237 367//237
f 366//238 367//238 368//238
f 368//239 367//239 369//239
f 370//240 371//240 372//240
f 372//241 371//241 373//241
f 372//242 373//242 374//242
f 374//243 373//243 375//243
f 374//244 375//244 376//244
f 376//245 375//245 377//245
f 371//241 378//241 373//241
f 373//246 378//246 379//246
f 373//247 379//247 375//247
f 375//248 379//248 380//248
f 375//249 380//249 377//249
f 377//250 380//250 381//250
f 377//251 381//251 147//251
f 147//252 381//252 150//252
f 382//253 383//253 384//253
f 159//254 154//254 385//254
f 385//255 154//255 382//255
f 385//256 382//256 386//256
f 386//257 382//257 384//257
f 386//258 384//258 387//258
f 388//259 389//259 390//259
f 390//260 389//260 391//260
f 390//261 391//261 392//261
f 392//262 391//262 393//262
f 392//263 393//263 394//263
f 394//264 393//264 395//264
f 389//265 396//265 391//265
f 391//266 396//266 397//266
f 391//267 397//267 393//267
f 393//268 397//268 398//268
f 393//269 398//269 395//269
f 395//270 398//270 399//270
f 395//271 399//271 161//271
f 161//272 399//272 162//272
f 400//273 401//273 402//273
f 169//274 168//274 403//274
f 403//275 168//275 400//275
f 403//276 400//276 404//276
f 404//277 400//277 402//277
f 404//278 402//278 405//278
f 406//279 407//279 408//279
f 408//280 407//280 409//280
f 408//281 409//281 410//281
f 410//282 409//282 411//282
f 410//283 411//283 412//283
f 412//284 411//284 413//284
f 414//285 415//285 416//285
f 416//286 415//286 417//286
f 416//287 417//287 418//287
f 418//288 417//288 419//288
f 418//289 419//289 420//289
f 420//290 419//290 421//290
f 415//291 422//291 417//291
f 417//292 422//292 423//292
f 417//293 423//293 419//293
f 419//294 423//294 424//294
f 419//295 424//295 421//295
f 421//296 424//296 425//296
f 421//297 425//297 178//297
f 178//298 425//298 181//298
f 426//299 427//299 428//299
f 190//300 185//300 429//300
f 429//301 185//301 426//301
f 429//302 426//302 430//302
f 430//303 426//303 428//303
f 430//304 428//304 431//304
f 432//305 433//305 434//305
f 434//306 433//306 435//306
f 434//307 435//307 436//307
f 436//308 435//308 437//308
f 436//309 437//309 438//309
f 438//310 437//310 439//310
f 433//311 440//311 435//311
f 435//312 440//312 441//312
f 435//313 441//313 437//313
f 437//314 441//314 442//314
f 437//315 442//315 439//315
f 439//316 442//316 443//316
f 439//317 443//317 192//317
f 192//318 443//318 193//318
f 444//319 445//319 446//319
f 200//320 199//320 447//320
f 447//321 199//321 444//321
f 447//322 444//322 448//322
f 448//323 444//323 446//323
f 448//324 446//324 449//324
f 209//325 206//325 450//325
f 450//326 206//326 317//326
f 450//327 317//327 451//327
f 451//328 317//328 319//328
f 451//329 319//329 452//329
f 316//330 320//330 452//330
f 452//331 320//331 322//331
f 452//332 322//332 451//332
f 451//333 322//333 324//333
f 451//334 324//334 450//334
f 450//335 324//335 326//335
f 450//336 326//336 209//336
f 211//337 210//337 327//337
f 327//338 210//338 207//338
f 327//339 207//339 326//339
f 326//340 207//340 208//340
f 326//341 208//341 209//341
f 328//342 277//342 329//342
f 329//343 277//343 272//343
f 329//344 272//344 330//344
f 330//345 272//345 274//345
f 330//346 274//346 331//346
f 331//347 274//347 293//347
f 331//348 293//348 212//348
f 212//349 293//349 213//349
f 296//350 337//350 295//350
f 295//351 337//351 334//351
f 295//352 334//352 294//352
f 294//353 334//353 333//353
f 294//354 333//354 293//354
f 293//355 333//355 214//355
f 293//356 214//356 213//356
f 216//357 217//357 332//357
f 332//358 217//358 218//358
f 332//359 218//359 333//359
f 333//360 218//360 215//360
f 333//361 215//361 214//361
f 296//362 338//362 337//362
f 337//363 338//363 340//363
f 337//364 340//364 336//364
f 336//365 340//365 342//365
f 336//366 342//366 335//366
f 335//367 342//367 344//367
f 335//368 344//368 221//368
f 223//369 222//369 345//369
f 345//370 222//370 219//370
f 345//371 219//371 344//371
f 344//372 219//372 220//372
f 344//373 220//373 221//373
f 346//374 453//374 347//374
f 347//375 453//375 454//375
f 347//376 454//376 348//376
f 348//377 454//377 455//377
f 348//378 455//378 349//378
f 349//379 455//379 256//379
f 349//380 256//380 224//380
f 224//381 256//381 225//381
f 453//382 350//382 454//382
f 454//383 350//383 352//383
f 454//384 352//384 455//384
f 455//385 352//385 354//385
f 455//386 354//386 256//386
f 256//225 354//225 356//225
f 256//133 356//133 226//133
f 137//387 136//387 357//387
f 357//388 136//388 135//388
f 357//389 135//389 356//389
f 356//390 135//390 134//390
f 356//133 134//133 226//133
f 358//228 456//228 359//228
f 359//391 456//391 457//391
f 359//392 457//392 360//392
f 360//393 457//393 458//393
f 360//394 458//394 361//394
f 361//395 458//395 255//395
f 361//396 255//396 138//396
f 138//397 255//397 139//397
f 456//398 362//398 457//398
f 457//399 362//399 364//399
f 457//400 364//400 458//400
f 458//401 364//401 366//401
f 458//402 366//402 255//402
f 255//403 366//403 368//403
f 255//404 368//404 140//404
f 145//405 144//405 459//405
f 459//406 144//406 369//406
f 459//407 369//407 460//407
f 460//408 369//408 367//408
f 460//409 367//409 461//409
f 461//410 367//410 365//410
f 461//411 365//411 462//411
f 462//412 365//412 363//412
f 144//413 143//413 369//413
f 369//414 143//414 142//414
f 369//415 142//415 368//415
f 368//416 142//416 141//416
f 368//417 141//417 140//417
f 462//418 370//418 461//418
f 461//419 370//419 372//419
f 461//420 372//420 460//420
f 460//421 372//421 374//421
f 460//422 374//422 459//422
f 459//423 374//423 376//423
f 459//424 376//424 145//424
f 147//425 148//425 377//425
f 377//426 148//426 149//426
f 377//427 149//427 376//427
f 376//428 149//428 146//428
f 376//429 146//429 145//429
f 378//430 280//430 379//430
f 379//431 280//431 269//431
f 379//432 269//432 380//432
f 380//433 269//433 271//433
f 380//434 271//434 381//434
f 381//435 271//435 297//435
f 381//436 297//436 150//436
f 150//437 297//437 151//437
f 300//438 387//438 299//438
f 299//439 387//439 384//439
f 299//440 384//440 298//440
f 298//441 384//441 383//441
f 298//442 383//442 297//442
f 297//443 383//443 152//443
f 297//444 152//444 151//444
f 154//445 155//445 382//445
f 382//446 155//446 156//446
f 382//447 156//447 383//447
f 383//448 156//448 153//448
f 383//449 153//449 152//449
f 300//450 388//450 387//450
f 387//451 388//451 390//451
f 387//452 390//452 386//452
f 386//453 390//453 392//453
f 386//454 392//454 385//454
f 385//455 392//455 394//455
f 385//456 394//456 159//456
f 161//457 160//457 395//457
f 395//458 160//458 157//458
f 395//459 157//459 394//459
f 394//460 157//460 158//460
f 394//461 158//461 159//461
f 396//462 283//462 397//462
f 397//463 283//463 266//463
f 397//464 266//464 398//464
f 398//465 266//465 268//465
f 398//466 268//466 399//466
f 399//467 268//467 301//467
f 399//468 301//468 162//468
f 162//469 301//469 163//469
f 304//470 405//470 303//470
f 303//471 405//471 402//471
f 303//472 402//472 302//472
f 302//473 402//473 401//473
f 302//474 401//474 301//474
f 301//475 401//475 164//475
f 301//476 164//476 163//476
f 168//477 167//477 400//477
f 400//478 167//478 166//478
f 400//479 166//479 401//479
f 401//480 166//480 165//480
f 401//481 165//481 164//481
f 304//482 463//482 405//482
f 405//483 463//483 464//483
f 405//484 464//484 404//484
f 404//485 464//485 465//485
f 404//486 465//486 403//486
f 403//487 465//487 254//487
f 403//488 254//488 169//488
f 169//489 254//489 170//489
f 463//490 406//490 464//490
f 464//491 406//491 408//491
f 464//492 408//492 465//492
f 465//493 408//493 410//493
f 465//494 410//494 254//494
f 254//495 410//495 412//495
f 254//496 412//496 171//496
f 176//497 175//497 466//497
f 466//498 175//498 413//498
f 466//499 413//499 467//499
f 467//500 413//500 411//500
f 467//501 411//501 468//501
f 468//502 411//502 409//502
f 468//503 409//503 469//503
f 469//504 409//504 407//504
f 175//505 174//505 413//505
f 413//506 174//506 173//506
f 413//507 173//507 412//507
f 412//508 173//508 172//508
f 412//509 172//509 171//509
f 469//510 414//510 468//510
f 468//511 414//511 416//511
f 468//512 416//512 467//512
f 467//513 416//513 418//513
f 467//514 418//514 466//514
f 466//515 418//515 420//515
f 466//516 420//516 176//516
f 178//297 179//297 421//297
f 421//517 179//517 180//517
f 421//518 180//518 420//518
f 420//519 180//519 177//519
f 420//520 177//520 176//520
f 422//521 286//521 423//521
f 423//522 286//522 263//522
f 423//523 263//523 424//523
f 424//136 263//136 265//136
f 424//296 265//296 425//296
f 425//524 265//524 305//524
f 425//525 305//525 181//525
f 181//526 305//526 182//526
f 308//527 431//527 307//527
f 307//528 431//528 428//528
f 307//529 428//529 306//529
f 306//530 428//530 427//530
f 306//531 427//531 305//531
f 305//532 427//532 183//532
f 305//533 183//533 182//533
f 185//534 186//534 426//534
f 426//535 186//535 187//535
f 426//536 187//536 427//536
f 427//537 187//537 184//537
f 427//538 184//538 183//538
f 308//539 432//539 431//539
f 431//540 432//540 434//540
f 431//541 434//541 430//541
f 430//542 434//542 436//542
f 430//543 436//543 429//543
f 429//544 436//544 438//544
f 429//545 438//545 190//545
f 192//546 191//546 439//546
f 439//547 191//547 188//547
f 439//548 188//548 438//548
f 438//549 188//549 189//549
f 438//550 189//550 190//550
f 440//551 289//551 441//551
f 441//153 289//153 260//153
f 441//552 260//552 442//552
f 442//553 260//553 262//553
f 442//554 262//554 443//554
f 443//555 262//555 309//555
f 443//556 309//556 193//556
f 193//557 309//557 194//557
f 312//558 449//558 311//558
f 311//559 449//559 446//559
f 311//560 446//560 310//560
f 310//561 446//561 445//561
f 310//562 445//562 309//562
f 309//563 445//563 195//563
f 309//564 195//564 194//564
f 199//565 198//565 444//565
f 444//566 198//566 197//566
f 444//567 197//567 445//567
f 445//568 197//568 196//568
f 445//569 196//569 195//569
f 312//570 292//570 449//570
f 449//571 292//571 257//571
f 449//572 257//572 448//572
f 448//573 257//573 259//573
f 448//574 259//574 447//574
f 447//575 259//575 313//575
f 447//576 313//576 200//576
f 200//577 313//577 201//577
f 206//578 205//578 317//578
f 317//579 205//579 204//579
f 317//580 204//580 318//580
f 318//581 204//581 203//581
f 318//582 203//582 202//582
f 316//583 452//583 315//583
f 315//584 452//584 319//584
f 315//585 319//585 314//585
f 314//586 319//586 318//586
f 314//587 318//587 313//587
f 313//588 318//588 202//588
f 313//589 202//589 201//589
f 238//590 470//590 239//590
f 239//591 470//591 471//591
f 239//591 471//591 241//591
f 241//592 471//592 472//592
f 241//592 472//592 242//592
f 242//593 472//593 473//593
f 242//593 473//593 240//593
f 240//594 473//594 474//594
f 240//594 474//594 236//594
f 236//595 474//595 475//595
f 236//595 475//595 237//595
f 237//596 475//596 476//596
f 237//596 476//596 233//596
f 233//597 476//597 477//597
f 233//597 477//597 234//597
f 234//598 477//598 478//598
f 234//598 478//598 244//598
f 244//599 478//599 479//599
f 244//599 479//599 228//599
f 228//600 479//600 480//600
f 228//600 480//600 230//600
f 230//601 480//601 481//601
f 230//601 481//601 231//601
f 231//602 481//602 482//602
f 231//602 482//602 245//602
f 245//603 482//603 483//603
f 245//603 483//603 246//603
f 246//604 483//604 484//604
f 246//604 484//604 247//604
f 247//605 484//605 485//605
f 247//605 485//605 248//605
f 248//606 485//606 486//606
f 248//606 486//606 249//606
f 249//607 486//607 487//607
f 249//607 487//607 250//607
f 250//608 487//608 488//608
f 250//608 488//608 251//608
f 251//609 488//609 489//609
f 251//609 489//609 252//609
f 252//610 489//610 490//610
f 252//610 490//610 253//610
f 253//611 490//611 491//611
f 253//611 491//611 229//611
f 229//612 491//612 492//612
f 229//612 492//612 227//612
f 227//613 492//613 493//613
f 227//613 493//613 243//613
f 243//614 493//614 494//614
f 243//614 494//614 232//614
f 232//615 494//615 495//615
f 232//615 495//615 235//615
f 235//616 495//616 496//616
f 235//616 496//616 238//616
f 238//590 496//590 470//590
f 277//130 489//130 488//130
f 351//130 350//130 484//130
f 484//130 350//130 485//130
f 422//130 415//130 471//130
f 471//130 415//130 472//130
f 422//130 471//130 286//130
f 286//130 471//130 470//130
f 286//130 470//130 285//130
f 312//130 493//130 292//130
f 292//130 493//130 492//130
f 292//130 492//130 291//130
f 291//130 492//130 491//130
f 490//130 316//130 491//130
f 491//130 316//130 290//130
f 491//130 290//130 291//130
f 277//130 328//130 489//130
f 489//130 328//130 321//130
f 489//130 321//130 490//130
f 490//130 321//130 320//130
f 490//130 320//130 316//130
f 487//130 275//130 488//130
f 488//130 275//130 276//130
f 488//130 276//130 277//130
f 486//130 338//130 487//130
f 487//130 338//130 296//130
f 487//130 296//130 275//130
f 350//130 453//130 485//130
f 485//130 453//130 346//130
f 485//130 346//130 486//130
f 486//130 346//130 339//130
f 486//130 339//130 338//130
f 351//130 484//130 358//130
f 358//130 484//130 483//130
f 358//130 483//130 456//130
f 456//130 483//130 362//130
f 362//130 483//130 482//130
f 362//130 482//130 363//130
f 363//130 482//130 462//130
f 462//130 482//130 481//130
f 462//130 481//130 370//130
f 370//130 481//130 371//130
f 371//130 481//130 480//130
f 371//130 480//130 378//130
f 378//130 480//130 280//130
f 280//130 480//130 479//130
f 280//130 479//130 279//130
f 279//130 479//130 278//130
f 278//130 479//130 478//130
f 278//130 478//130 300//130
f 285//130 470//130 284//130
f 284//130 470//130 496//130
f 284//130 496//130 308//130
f 495//130 433//130 496//130
f 496//130 433//130 432//130
f 496//130 432//130 308//130
f 312//130 287//130 493//130
f 493//130 287//130 288//130
f 493//130 288//130 494//130
f 494//130 288//130 289//130
f 494//130 289//130 495//130
f 495//130 289//130 440//130
f 495//130 440//130 433//130
f 300//130 478//130 388//130
f 388//130 478//130 477//130
f 388//130 477//130 389//130
f 389//130 477//130 396//130
f 396//130 477//130 476//130
f 396//130 476//130 283//130
f 283//130 476//130 282//130
f 282//130 476//130 475//130
f 282//130 475//130 281//130
f 281//130 475//130 304//130
f 304//130 475//130 474//130
f 304//130 474//130 463//130
f 415//130 414//130 472//130
f 472//130 414//130 469//130
f 472//130 469//130 473//130
f 473//130 469//130 407//130
f 473//130 407//130 474//130
f 474//130 407//130 406//130
f 474//130 406//130 463//130
f 497//1 498//1 499//1
f 499//1 498//1 500//1
f 501//1 502//1 503//1
f 503//1 502//1 499//1
f 503//1 499//1 504//1
f 504//1 499//1 500//1
f 505//1 506//1 507//1
f 507//1 506//1 497//1
f 507//1 497//1 508//1
f 508//1 497//1 499//1
f 509//1 510//1 511//1
f 511//1 510//1 512//1
f 513//1 511//1 514//1
f 514//1 511//1 512//1
f 514//1 512//1 515//1
f 515//1 512//1 516//1
f 517//1 518//1 519//1
f 519//1 518//1 509//1
f 519//1 509//1 520//1
f 520//1 509//1 511//1
f 521//1 522//1 523//1
f 523//1 522//1 524//1
f 523//1 524//1 525//1
f 526//1 527//1 528//1
f 526//1 528//1 524//1
f 524//1 528//1 529//1
f 524//1 529//1 525//1
f 527//1 530//1 528//1
f 528//1 530//1 531//1
f 528//1 531//1 532//1
f 533//1 534//1 535//1
f 536//1 537//1 538//1
f 539//1 540//1 541//1
f 541//1 540//1 533//1
f 541//1 533//1 542//1
f 542//1 533//1 535//1
f 533//1 543//1 534//1
f 534//1 543//1 536//1
f 534//1 536//1 544//1
f 544//1 536//1 538//1
f 545//1 546//1 547//1
f 548//1 549//1 547//1
f 547//1 549//1 550//1
f 551//1 552//1 553//1
f 553//1 552//1 545//1
f 553//1 545//1 554//1
f 554//1 545//1 547//1
f 554//1 547//1 555//1
f 555//1 547//1 550//1
f 555//1 550//1 556//1
f 557//1 558//1 559//1
f 560//1 561//1 557//1
f 557//1 561//1 562//1
f 562//1 563//1 557//1
f 557//1 563//1 564//1
f 557//1 564//1 558//1
f 565//1 566//1 567//1
f 567//1 566//1 557//1
f 567//1 557//1 568//1
f 568//1 557//1 559//1
f 569//1 570//1 571//1
f 572//1 573//1 569//1
f 569//1 573//1 574//1
f 575//1 572//1 576//1
f 576//1 572//1 569//1
f 576//1 569//1 577//1
f 577//1 569//1 571//1
f 574//1 578//1 569//1
f 569//1 578//1 579//1
f 569//1 579//1 580//1
f 581//1 582//1 583//1
f 583//1 582//1 584//1
f 585//1 586//1 583//1
f 583//1 586//1 587//1
f 587//1 588//1 583//1
f 583//1 588//1 589//1
f 583//1 589//1 581//1
f 584//1 590//1 583//1
f 583//1 590//1 591//1
f 583//1 591//1 592//1
f 593//130 594//130 595//130
f 595//130 594//130 596//130
f 593//130 597//130 594//130
f 594//130 597//130 598//130
f 594//130 598//130 599//130
f 600//130 601//130 602//130
f 602//130 601//130 603//130
f 602//130 603//130 604//130
f 604//130 603//130 605//130
f 605//130 603//130 594//130
f 605//130 594//130 599//130
f 606//130 607//130 608//130
f 608//130 607//130 609//130
f 608//130 609//130 610//130
f 600//130 602//130 609//130
f 609//130 602//130 611//130
f 609//130 611//130 610//130
f 612//130 613//130 614//130
f 614//130 613//130 615//130
f 614//130 615//130 616//130
f 616//130 617//130 614//130
f 614//130 617//130 618//130
f 614//130 618//130 619//130
f 620//130 621//130 619//130
f 619//130 621//130 622//130
f 619//130 622//130 614//130
f 606//130 608//130 619//130
f 619//130 608//130 623//130
f 619//130 623//130 620//130
f 624//130 625//130 626//130
f 627//130 613//130 612//130
f 626//130 628//130 624//130
f 624//130 628//130 627//130
f 624//130 627//130 629//130
f 629//130 627//130 612//130
f 630//130 631//130 632//130
f 632//130 633//130 630//130
f 630//130 633//130 634//130
f 630//130 634//130 635//130
f 635//130 634//130 626//130
f 635//130 626//130 625//130
f 636//130 637//130 638//130
f 638//130 637//130 639//130
f 638//130 639//130 640//130
f 641//130 642//130 643//130
f 643//130 642//130 632//130
f 643//130 632//130 631//130
f 636//130 644//130 637//130
f 637//130 644//130 642//130
f 637//130 642//130 645//130
f 645//130 642//130 641//130
f 646//130 640//130 639//130
f 639//130 647//130 646//130
f 646//130 647//130 648//130
f 646//130 648//130 649//130
f 649//130 648//130 650//130
f 649//130 650//130 651//130
f 652//130 651//130 650//130
f 653//130 654//130 655//130
f 650//130 656//130 652//130
f 652//130 656//130 653//130
f 652//130 653//130 657//130
f 657//130 653//130 655//130
f 655//130 654//130 658//130
f 658//130 654//130 659//130
f 658//130 659//130 660//130
f 660//130 661//130 658//130
f 658//130 661//130 662//130
f 658//130 662//130 663//130
f 664//130 665//130 663//130
f 663//130 665//130 666//130
f 663//130 666//130 658//130
f 667//130 668//130 663//130
f 663//130 668//130 669//130
f 663//130 669//130 664//130
f 667//130 670//130 668//130
f 668//130 670//130 671//130
f 668//130 671//130 672//130
f 673//130 674//130 671//130
f 671//130 674//130 675//130
f 671//130 675//130 672//130
f 673//130 676//130 674//130
f 674//130 676//130 677//130
f 674//130 677//130 678//130
f 678//130 677//130 679//130
f 679//130 677//130 680//130
f 679//130 680//130 681//130
f 682//130 680//130 683//130
f 683//130 680//130 684//130
f 682//130 685//130 680//130
f 680//130 685//130 686//130
f 680//130 686//130 681//130
f 687//1 688//1 689//1
f 690//1 691//1 692//1
f 693//1 694//1 695//1
f 695//1 694//1 696//1
f 696//1 697//1 695//1
f 695//1 697//1 698//1
f 695//1 698//1 699//1
f 699//1 698//1 689//1
f 689//1 698//1 700//1
f 689//1 700//1 687//1
f 691//1 701//1 692//1
f 692//1 701//1 702//1
f 692//1 702//1 703//1
f 690//1 692//1 695//1
f 695//1 692//1 704//1
f 695//1 704//1 705//1
f 705//1 706//1 695//1
f 695//1 706//1 707//1
f 695//1 707//1 693//1
f 699//617 689//617 708//617
f 688//618 709//618 689//618
f 689//619 709//619 710//619
f 689//620 710//620 708//620
f 687//621 711//621 688//621
f 688//622 711//622 712//622
f 688//623 712//623 709//623
f 700//624 713//624 687//624
f 687//625 713//625 714//625
f 687//626 714//626 711//626
f 698//627 715//627 700//627
f 700//628 715//628 716//628
f 700//629 716//629 713//629
f 697//630 717//630 698//630
f 698//631 717//631 718//631
f 698//631 718//631 715//631
f 696//632 719//632 697//632
f 697//633 719//633 720//633
f 697//634 720//634 717//634
f 694//635 721//635 696//635
f 696//636 721//636 722//636
f 696//637 722//637 719//637
f 693//638 723//638 694//638
f 694//639 723//639 724//639
f 694//639 724//639 721//639
f 707//640 725//640 693//640
f 693//641 725//641 726//641
f 693//642 726//642 723//642
f 706//643 727//643 707//643
f 707//644 727//644 728//644
f 707//645 728//645 725//645
f 705//646 729//646 706//646
f 706//647 729//647 730//647
f 706//648 730//648 727//648
f 704//649 731//649 705//649
f 705//650 731//650 732//650
f 705//651 732//651 729//651
f 692//652 733//652 704//652
f 704//653 733//653 734//653
f 704//654 734//654 731//654
f 703//655 735//655 692//655
f 692//656 735//656 736//656
f 692//657 736//657 733//657
f 702//658 737//658 703//658
f 703//659 737//659 738//659
f 703//660 738//660 735//660
f 701//661 739//661 702//661
f 702//662 739//662 740//662
f 702//662 740//662 737//662
f 691//663 741//663 701//663
f 701//664 741//664 742//664
f 701//665 742//665 739//665
f 690//666 743//666 691//666
f 691//667 743//667 744//667
f 691//668 744//668 741//668
f 695//669 745//669 690//669
f 690//670 745//670 746//670
f 690//671 746//671 743//671
f 708//672 747//672 699//672
f 699//673 747//673 748//673
f 699//674 748//674 695//674
f 695//675 748//675 749//675
f 695//676 749//676 745//676
f 498//677 750//677 500//677
f 500//678 750//678 751//678
f 500//679 751//679 504//679
f 505//680 752//680 506//680
f 506//681 752//681 753//681
f 506//681 753//681 497//681
f 497//682 753//682 754//682
f 497//683 754//683 498//683
f 498//684 754//684 755//684
f 498//677 755//677 750//677
f 502//685 756//685 499//685
f 499//686 756//686 757//686
f 499//686 757//686 508//686
f 508//687 757//687 758//687
f 508//687 758//687 507//687
f 507//688 758//688 759//688
f 507//689 759//689 505//689
f 505//690 759//690 760//690
f 505//680 760//680 752//680
f 751//691 761//691 504//691
f 504//692 761//692 762//692
f 504//692 762//692 503//692
f 503//693 762//693 763//693
f 503//693 763//693 501//693
f 501//694 763//694 764//694
f 501//695 764//695 502//695
f 502//696 764//696 765//696
f 502//685 765//685 756//685
f 766//692 516//692 767//692
f 767//697 516//697 512//697
f 767//697 512//697 768//697
f 768//677 512//677 510//677
f 768//677 510//677 769//677
f 769//698 510//698 509//698
f 769//698 509//698 770//698
f 770//681 509//681 518//681
f 770//681 518//681 771//681
f 771//680 518//680 517//680
f 771//680 517//680 772//680
f 772//699 517//699 519//699
f 772//699 519//699 773//699
f 773//687 519//687 520//687
f 773//687 520//687 774//687
f 774//686 520//686 511//686
f 774//686 511//686 775//686
f 775//685 511//685 513//685
f 775//685 513//685 776//685
f 776//700 513//700 514//700
f 776//700 514//700 777//700
f 777//693 514//693 515//693
f 777//693 515//693 766//693
f 766//692 515//692 516//692
f 524//698 778//698 526//698
f 526//677 778//677 779//677
f 526//677 779//677 527//677
f 527//701 779//701 780//701
f 527//702 780//702 530//702
f 521//680 781//680 522//680
f 522//703 781//703 782//703
f 522//704 782//704 524//704
f 524//705 782//705 783//705
f 524//698 783//698 778//698
f 529//686 784//686 525//686
f 525//687 784//687 785//687
f 525//687 785//687 523//687
f 523//706 785//706 786//706
f 523//699 786//699 521//699
f 521//707 786//707 787//707
f 521//680 787//680 781//680
f 780//708 788//708 530//708
f 530//692 788//692 789//692
f 530//692 789//692 531//692
f 531//693 789//693 790//693
f 531//693 790//693 532//693
f 532//700 790//700 791//700
f 532//700 791//700 528//700
f 528//709 791//709 792//709
f 528//710 792//710 529//710
f 529//711 792//711 793//711
f 529//686 793//686 784//686
f 544//687 794//687 534//687
f 534//699 794//699 795//699
f 534//699 795//699 535//699
f 535//680 795//680 796//680
f 535//680 796//680 542//680
f 542//681 796//681 797//681
f 542//681 797//681 541//681
f 541//698 797//698 798//698
f 541//698 798//698 539//698
f 539//677 798//677 799//677
f 539//677 799//677 540//677
f 540//697 799//697 800//697
f 540//697 800//697 533//697
f 533//692 800//692 801//692
f 533//692 801//692 543//692
f 543//693 801//693 802//693
f 543//693 802//693 536//693
f 536//700 802//700 803//700
f 536//700 803//700 537//700
f 537//685 803//685 804//685
f 537//685 804//685 538//685
f 538//686 804//686 805//686
f 538//686 805//686 544//686
f 544//687 805//687 794//687
f 551//687 806//687 552//687
f 552//699 806//699 807//699
f 552//699 807//699 545//699
f 545//680 807//680 808//680
f 545//680 808//680 546//680
f 546//681 808//681 809//681
f 546//681 809//681 547//681
f 547//698 809//698 810//698
f 547//698 810//698 548//698
f 548//677 810//677 811//677
f 548//677 811//677 549//677
f 549//697 811//697 812//697
f 549//697 812//697 550//697
f 550//692 812//692 813//692
f 550//692 813//692 556//692
f 556//693 813//693 814//693
f 556//693 814//693 555//693
f 555//700 814//700 815//700
f 555//700 815//700 554//700
f 554//685 815//685 816//685
f 554//685 816//685 553//685
f 553//686 816//686 817//686
f 553//686 817//686 551//686
f 551//687 817//687 806//687
f 818//685 564//685 563//685
f 818//685 819//685 564//685
f 564//686 819//686 820//686
f 564//686 820//686 558//686
f 558//687 820//687 821//687
f 558//687 821//687 559//687
f 559//699 821//699 822//699
f 559//699 822//699 568//699
f 568//680 822//680 823//680
f 568//680 823//680 567//680
f 567//681 823//681 824//681
f 567//681 824//681 565//681
f 565//698 824//698 825//698
f 565//698 825//698 566//698
f 566//677 825//677 826//677
f 566//677 826//677 557//677
f 557//697 826//697 827//697
f 557//697 827//697 560//697
f 560//692 827//692 828//692
f 560//692 828//692 561//692
f 561//693 828//693 829//693
f 561//693 829//693 562//693
f 562//700 829//700 830//700
f 562//700 830//700 563//700
f 563//712 830//712 831//712
f 563//713 831//713 818//713
f 832//714 833//714 731//714
f 832//715 731//715 834//715
f 731//716 734//716 834//716
f 834//717 734//717 733//717
f 834//718 733//718 835//718
f 835//719 733//719 736//719
f 835//720 736//720 836//720
f 836//721 736//721 735//721
f 836//722 735//722 837//722
f 735//723 738//723 837//723
f 837//724 738//724 737//724
f 837//725 737//725 838//725
f 737//725 740//725 838//725
f 838//725 740//725 739//725
f 838//726 739//726 839//726
f 739//726 742//726 839//726
f 839//727 742//727 741//727
f 839//728 741//728 840//728
f 840//729 741//729 744//729
f 840//730 744//730 841//730
f 744//731 743//731 841//731
f 841//732 743//732 746//732
f 841//733 746//733 842//733
f 842//734 746//734 745//734
f 842//735 745//735 843//735
f 843//736 745//736 749//736
f 843//737 749//737 844//737
f 844//738 749//738 748//738
f 844//739 748//739 845//739
f 845//740 748//740 846//740
f 846//741 748//741 747//741
f 846//742 747//742 847//742
f 747//743 708//743 847//743
f 847//744 708//744 710//744
f 847//745 710//745 848//745
f 848//746 710//746 709//746
f 848//747 709//747 849//747
f 849//748 709//748 712//748
f 849//749 712//749 850//749
f 850//750 712//750 711//750
f 850//751 711//751 851//751
f 851//752 711//752 714//752
f 851//753 714//753 852//753
f 714//754 713//754 852//754
f 852//755 713//755 716//755
f 852//756 716//756 853//756
f 716//756 715//756 853//756
f 853//757 715//757 718//757
f 853//757 718//757 854//757
f 718//757 717//757 854//757
f 854//758 717//758 720//758
f 854//759 720//759 855//759
f 855//760 720//760 719//760
f 855//761 719//761 856//761
f 856//762 719//762 722//762
f 856//763 722//763 857//763
f 722//764 721//764 857//764
f 857//765 721//765 724//765
f 857//766 724//766 858//766
f 858//767 724//767 723//767
f 858//768 723//768 859//768
f 859//769 723//769 726//769
f 859//770 726//770 860//770
f 726//771 725//771 860//771
f 860//772 725//772 728//772
f 860//773 728//773 861//773
f 861//774 728//774 727//774
f 861//775 727//775 862//775
f 862//775 727//775 730//775
f 862//775 730//775 863//775
f 863//776 730//776 729//776
f 863//777 729//777 833//777
f 833//778 729//778 732//778
f 833//779 732//779 731//779
f 572//699 864//699 573//699
f 573//680 864//680 865//680
f 573//680 865//680 574//680
f 574//681 865//681 866//681
f 574//681 866//681 578//681
f 578//780 866//780 867//780
f 578//781 867//781 579//781
f 867//782 868//782 579//782
f 579//677 868//677 869//677
f 579//677 869//677 580//677
f 580//697 869//697 870//697
f 580//697 870//697 569//697
f 569//783 870//783 871//783
f 569//784 871//784 570//784
f 871//785 872//785 570//785
f 570//693 872//693 873//693
f 570//693 873//693 571//693
f 571//786 873//786 874//786
f 571//787 874//787 577//787
f 874//788 875//788 577//788
f 577//685 875//685 876//685
f 577//685 876//685 576//685
f 576//686 876//686 877//686
f 576//686 877//686 575//686
f 575//789 877//789 878//789
f 575//790 878//790 572//790
f 572//791 878//791 879//791
f 572//699 879//699 864//699
f 588//699 880//699 589//699
f 589//680 880//680 881//680
f 589//680 881//680 581//680
f 581//792 881//792 882//792
f 581//793 882//793 582//793
f 882//794 883//794 582//794
f 582//698 883//698 884//698
f 582//698 884//698 584//698
f 584//677 884//677 885//677
f 584//677 885//677 590//677
f 590//697 885//697 886//697
f 590//697 886//697 591//697
f 591//795 886//795 887//795
f 591//796 887//796 592//796
f 887//797 888//797 592//797
f 592//693 888//693 889//693
f 592//693 889//693 583//693
f 583//700 889//700 890//700
f 583//700 890//700 585//700
f 585//798 890//798 891//798
f 585//799 891//799 586//799
f 891//800 892//800 586//800
f 586//686 892//686 893//686
f 586//686 893//686 587//686
f 587//801 893//801 894//801
f 587//687 894//687 588//687
f 588//802 894//802 895//802
f 588//699 895//699 880//699
f 895//1 894//1 896//1
f 833//1 832//1 897//1
f 839//1 840//1 898//1
f 848//803 849//803 899//803
f 900//1 901//1 902//1
f 807//1 806//1 903//1
f 904//1 905//1 761//1
f 761//1 905//1 762//1
f 762//1 905//1 906//1
f 762//1 906//1 763//1
f 763//1 906//1 907//1
f 763//1 907//1 764//1
f 764//1 907//1 899//1
f 764//1 899//1 765//1
f 908//1 759//1 758//1
f 765//1 899//1 756//1
f 756//1 899//1 849//1
f 756//1 849//1 757//1
f 757//1 849//1 850//1
f 757//1 850//1 851//1
f 752//1 760//1 909//1
f 910//1 753//1 911//1
f 911//1 753//1 752//1
f 911//1 752//1 912//1
f 912//1 752//1 909//1
f 761//1 751//1 904//1
f 904//1 751//1 750//1
f 904//1 750//1 913//1
f 913//1 750//1 755//1
f 913//1 755//1 910//1
f 910//1 755//1 754//1
f 910//1 754//1 753//1
f 793//1 792//1 914//1
f 914//1 792//1 791//1
f 914//1 791//1 858//1
f 858//1 791//1 790//1
f 858//1 790//1 857//1
f 857//1 790//1 789//1
f 857//1 789//1 856//1
f 856//1 789//1 788//1
f 856//1 788//1 915//1
f 915//1 788//1 780//1
f 916//1 785//1 917//1
f 917//1 785//1 784//1
f 917//1 784//1 793//1
f 780//1 779//1 918//1
f 918//1 779//1 919//1
f 919//1 779//1 778//1
f 919//1 778//1 920//1
f 920//1 778//1 783//1
f 920//1 783//1 921//1
f 921//1 783//1 782//1
f 921//1 782//1 922//1
f 922//1 782//1 781//1
f 922//1 781//1 923//1
f 923//1 781//1 787//1
f 923//1 787//1 916//1
f 916//1 787//1 786//1
f 916//1 786//1 785//1
f 829//1 828//1 924//1
f 924//1 828//1 925//1
f 925//1 828//1 827//1
f 925//1 827//1 926//1
f 926//1 827//1 826//1
f 926//1 826//1 907//1
f 821//1 927//1 822//1
f 822//1 927//1 899//1
f 821//1 820//1 927//1
f 927//1 820//1 819//1
f 927//1 819//1 818//1
f 826//1 825//1 907//1
f 907//1 825//1 824//1
f 907//1 824//1 899//1
f 899//1 824//1 823//1
f 899//1 823//1 822//1
f 766//1 909//1 908//1
f 908//1 909//1 760//1
f 908//1 760//1 759//1
f 780//1 918//1 915//1
f 915//1 918//1 773//1
f 915//1 773//1 774//1
f 774//1 775//1 915//1
f 915//1 775//1 776//1
f 915//1 776//1 908//1
f 908//1 776//1 777//1
f 908//1 777//1 766//1
f 766//1 767//1 909//1
f 909//1 767//1 768//1
f 909//1 768//1 928//1
f 928//1 768//1 769//1
f 928//1 769//1 929//1
f 769//1 770//1 929//1
f 929//1 770//1 771//1
f 929//1 771//1 918//1
f 918//1 771//1 772//1
f 918//1 772//1 773//1
f 930//1 931//1 917//1
f 917//1 931//1 932//1
f 917//1 932//1 916//1
f 916//1 932//1 933//1
f 916//1 933//1 923//1
f 805//1 804//1 934//1
f 935//1 803//1 802//1
f 805//1 934//1 794//1
f 794//1 934//1 936//1
f 794//1 936//1 795//1
f 795//1 936//1 937//1
f 795//1 937//1 796//1
f 796//1 937//1 930//1
f 796//1 930//1 797//1
f 797//1 930//1 917//1
f 797//1 917//1 798//1
f 802//1 801//1 935//1
f 935//1 801//1 800//1
f 935//1 800//1 917//1
f 917//1 800//1 799//1
f 917//1 799//1 798//1
f 804//1 803//1 934//1
f 934//1 803//1 935//1
f 934//1 935//1 938//1
f 938//1 935//1 939//1
f 938//1 939//1 940//1
f 940//1 939//1 941//1
f 942//1 943//1 944//1
f 945//1 946//1 947//1
f 947//1 946//1 948//1
f 947//1 948//1 942//1
f 942//1 948//1 949//1
f 942//1 949//1 943//1
f 950//1 951//1 903//1
f 903//1 951//1 945//1
f 903//1 806//1 950//1
f 950//1 806//1 817//1
f 950//1 817//1 952//1
f 952//1 817//1 816//1
f 952//1 816//1 953//1
f 816//1 815//1 953//1
f 953//1 815//1 814//1
f 953//1 814//1 901//1
f 901//1 814//1 813//1
f 901//1 813//1 902//1
f 902//1 813//1 812//1
f 902//1 812//1 811//1
f 811//1 810//1 902//1
f 902//1 810//1 809//1
f 902//1 809//1 903//1
f 903//1 809//1 808//1
f 903//1 808//1 807//1
f 954//1 955//1 902//1
f 902//1 955//1 956//1
f 902//1 956//1 900//1
f 874//1 957//1 954//1
f 954//1 957//1 958//1
f 954//1 958//1 955//1
f 874//1 873//1 957//1
f 957//1 873//1 872//1
f 957//1 872//1 959//1
f 959//1 872//1 871//1
f 959//1 871//1 960//1
f 960//1 871//1 870//1
f 960//1 870//1 961//1
f 961//1 870//1 869//1
f 961//1 869//1 962//1
f 962//1 869//1 868//1
f 962//1 868//1 963//1
f 858//1 859//1 914//1
f 914//1 859//1 860//1
f 914//1 860//1 964//1
f 852//1 908//1 851//1
f 851//1 908//1 758//1
f 851//1 758//1 757//1
f 852//1 853//1 908//1
f 908//1 853//1 854//1
f 908//1 854//1 915//1
f 915//1 854//1 855//1
f 915//1 855//1 856//1
f 927//1 845//1 846//1
f 927//1 846//1 899//1
f 899//1 846//1 847//1
f 899//1 847//1 848//1
f 844//1 963//1 843//1
f 843//804 963//804 842//804
f 829//1 924//1 830//1
f 830//1 924//1 965//1
f 830//1 965//1 831//1
f 831//1 965//1 962//1
f 831//1 962//1 818//1
f 818//1 962//1 963//1
f 818//1 963//1 927//1
f 927//1 963//1 844//1
f 927//1 844//1 845//1
f 868//1 867//1 963//1
f 963//1 867//1 866//1
f 963//1 866//1 842//1
f 842//1 866//1 865//1
f 842//1 865//1 841//1
f 841//1 865//1 864//1
f 841//1 864//1 840//1
f 840//1 864//1 879//1
f 840//1 879//1 898//1
f 835//1 836//1 966//1
f 966//1 836//1 837//1
f 966//1 837//1 898//1
f 898//1 837//1 838//1
f 898//1 838//1 839//1
f 888//1 887//1 966//1
f 966//1 887//1 886//1
f 966//1 886//1 835//1
f 835//1 886//1 885//1
f 835//1 885//1 834//1
f 834//1 885//1 832//1
f 832//1 885//1 884//1
f 832//1 884//1 897//1
f 897//1 884//1 883//1
f 897//1 883//1 882//1
f 860//1 861//1 964//1
f 964//1 861//1 862//1
f 964//1 862//1 897//1
f 897//1 862//1 863//1
f 897//1 863//1 833//1
f 878//1 877//1 902//1
f 902//1 877//1 876//1
f 902//1 876//1 954//1
f 954//1 876//1 875//1
f 954//1 875//1 874//1
f 895//1 896//1 880//1
f 880//1 896//1 939//1
f 880//1 939//1 881//1
f 945//1 947//1 903//1
f 903//1 947//1 890//1
f 903//1 890//1 889//1
f 894//1 942//1 896//1
f 896//1 942//1 944//1
f 896//1 944//1 939//1
f 939//1 944//1 967//1
f 939//1 967//1 941//1
f 894//1 893//1 942//1
f 942//1 893//1 892//1
f 942//1 892//1 947//1
f 947//1 892//1 891//1
f 947//1 891//1 890//1
f 889//1 888//1 903//1
f 903//1 888//1 966//1
f 903//1 966//1 902//1
f 902//1 966//1 898//1
f 902//1 898//1 878//1
f 878//1 898//1 879//1
f 793//1 914//1 917//1
f 917//1 914//1 964//1
f 917//1 964//1 935//1
f 935//1 964//1 897//1
f 935//1 897//1 939//1
f 939//1 897//1 882//1
f 939//1 882//1 881//1
f 968//805 969//805 925//805
f 933//806 932//806 970//806
f 971//807 972//807 937//807
f 959//808 960//808 973//808
f 974//809 965//809 969//809
f 969//810 965//810 924//810
f 969//811 924//811 925//811
f 973//812 960//812 975//812
f 975//813 960//813 961//813
f 975//814 961//814 974//814
f 974//815 961//815 962//815
f 974//816 962//816 965//816
f 959//817 973//817 957//817
f 957//818 973//818 976//818
f 957//819 976//819 958//819
f 977//820 900//820 978//820
f 978//820 900//820 956//820
f 978//821 956//821 976//821
f 976//822 956//822 955//822
f 976//823 955//823 958//823
f 979//824 950//824 980//824
f 980//825 950//825 952//825
f 980//826 952//826 981//826
f 981//826 952//826 953//826
f 981//827 953//827 977//827
f 977//828 953//828 901//828
f 977//829 901//829 900//829
f 949//830 948//830 982//830
f 982//831 948//831 946//831
f 982//832 946//832 983//832
f 983//832 946//832 945//832
f 983//833 945//833 979//833
f 979//833 945//833 951//833
f 979//834 951//834 950//834
f 984//835 944//835 982//835
f 982//836 944//836 943//836
f 982//837 943//837 949//837
f 985//838 940//838 986//838
f 986//839 940//839 941//839
f 986//840 941//840 984//840
f 984//841 941//841 967//841
f 984//842 967//842 944//842
f 937//843 936//843 971//843
f 971//844 936//844 934//844
f 971//845 934//845 985//845
f 985//846 934//846 938//846
f 985//838 938//838 940//838
f 970//847 932//847 987//847
f 987//848 932//848 931//848
f 987//849 931//849 972//849
f 972//850 931//850 930//850
f 972//851 930//851 937//851
f 933//852 970//852 923//852
f 923//852 970//852 988//852
f 923//853 988//853 922//853
f 989//854 919//854 990//854
f 990//854 919//854 920//854
f 990//855 920//855 988//855
f 988//856 920//856 921//856
f 988//857 921//857 922//857
f 991//858 909//858 992//858
f 992//859 909//859 928//859
f 992//860 928//860 993//860
f 993//860 928//860 929//860
f 993//861 929//861 989//861
f 989//862 929//862 918//862
f 989//863 918//863 919//863
f 994//864 910//864 995//864
f 995//865 910//865 911//865
f 995//866 911//866 991//866
f 991//866 911//866 912//866
f 991//867 912//867 909//867
f 996//868 904//868 994//868
f 994//869 904//869 913//869
f 994//870 913//870 910//870
f 925//871 926//871 968//871
f 968//872 926//872 907//872
f 968//872 907//872 997//872
f 997//873 907//873 906//873
f 997//874 906//874 996//874
f 996//875 906//875 905//875
f 996//876 905//876 904//876
f 998//877 999//877 1000//877
f 1001//878 1002//878 1003//878
f 1004//879 1005//879 1006//879
f 1007//880 1008//880 1009//880
f 1010//881 1011//881 1012//881
f 1013//882 1014//882 1012//882
f 1012//883 1014//883 1015//883
f 1012//884 1015//884 1010//884
f 1012//885 1016//885 1013//885
f 1013//886 1016//886 1017//886
f 1013//887 1017//887 1018//887
f 1019//888 1020//888 1021//888
f 1021//889 1020//889 1022//889
f 1021//890 1022//890 1023//890
f 1023//891 1022//891 1024//891
f 1023//892 1024//892 1025//892
f 1025//892 1024//892 1026//892
f 1026//893 1024//893 1027//893
f 1026//894 1027//894 1028//894
f 1028//895 1027//895 1006//895
f 1028//896 1006//896 1029//896
f 1029//897 1006//897 1005//897
f 1029//898 1005//898 1030//898
f 998//899 1000//899 1031//899
f 1032//900 1033//900 1034//900
f 1034//901 1033//901 1011//901
f 1034//902 1011//902 1035//902
f 1035//903 1011//903 1010//903
f 1032//904 1031//904 1033//904
f 1033//905 1031//905 1000//905
f 1033//906 1000//906 1011//906
f 1011//907 1000//907 1036//907
f 1011//908 1036//908 1012//908
f 1012//909 1036//909 1037//909
f 1012//910 1037//910 1016//910
f 1016//910 1037//910 1038//910
f 1016//911 1038//911 1017//911
f 1017//912 1038//912 1039//912
f 999//877 1001//877 1000//877
f 1000//913 1001//913 1003//913
f 1000//914 1003//914 1036//914
f 1036//915 1003//915 1040//915
f 1036//887 1040//887 1037//887
f 1037//887 1040//887 1041//887
f 1037//916 1041//916 1038//916
f 1038//917 1041//917 1009//917
f 1038//918 1009//918 1039//918
f 1039//919 1009//919 1008//919
f 1002//920 1004//920 1003//920
f 1003//921 1004//921 1006//921
f 1003//922 1006//922 1040//922
f 1040//922 1006//922 1027//922
f 1040//923 1027//923 1041//923
f 1041//924 1027//924 1024//924
f 1041//925 1024//925 1009//925
f 1009//926 1024//926 1022//926
f 1009//927 1022//927 1007//927
f 1007//928 1022//928 1020//928
f 1042//929 1043//929 1044//929
f 1045//930 1046//930 1047//930
f 1048//931 1049//931 1050//931
f 1051//932 1052//932 1053//932
f 1053//933 1052//933 1054//933
f 1045//934 1047//934 1055//934
f 1056//935 1057//935 1058//935
f 1058//936 1057//936 1059//936
f 1060//937 1061//937 1059//937
f 1059//938 1061//938 1062//938
f 1059//939 1062//939 1058//939
f 1063//940 1064//940 1060//940
f 1060//941 1064//941 1065//941
f 1060//942 1065//942 1061//942
f 1060//943 1066//943 1063//943
f 1063//944 1066//944 1067//944
f 1063//693 1067//693 1068//693
f 1069//945 1070//945 1071//945
f 1071//946 1070//946 1072//946
f 1071//947 1072//947 1073//947
f 1073//948 1072//948 1074//948
f 1054//949 1075//949 1053//949
f 1053//950 1075//950 1076//950
f 1053//951 1076//951 1077//951
f 1077//952 1076//952 1078//952
f 1077//953 1078//953 1074//953
f 1074//954 1078//954 1079//954
f 1074//955 1079//955 1073//955
f 1056//956 1055//956 1057//956
f 1057//957 1055//957 1047//957
f 1057//958 1047//958 1059//958
f 1059//958 1047//958 1080//958
f 1059//959 1080//959 1060//959
f 1060//960 1080//960 1081//960
f 1060//961 1081//961 1066//961
f 1066//962 1081//962 1082//962
f 1066//963 1082//963 1067//963
f 1067//964 1082//964 1083//964
f 1046//965 1048//965 1047//965
f 1047//966 1048//966 1050//966
f 1047//967 1050//967 1080//967
f 1080//967 1050//967 1084//967
f 1080//693 1084//693 1081//693
f 1081//693 1084//693 1085//693
f 1081//968 1085//968 1082//968
f 1082//969 1085//969 1044//969
f 1082//970 1044//970 1083//970
f 1083//971 1044//971 1043//971
f 1049//972 1051//972 1050//972
f 1050//973 1051//973 1053//973
f 1050//974 1053//974 1084//974
f 1084//975 1053//975 1077//975
f 1084//976 1077//976 1085//976
f 1085//977 1077//977 1074//977
f 1085//978 1074//978 1044//978
f 1044//978 1074//978 1072//978
f 1044//979 1072//979 1042//979
f 1042//980 1072//980 1070//980
f 1086//981 1087//981 1088//981
f 1089//982 1090//982 1091//982
f 1092//983 1093//983 1094//983
f 1095//984 1096//984 1097//984
f 1098//985 1099//985 1100//985
f 1092//986 1094//986 1101//986
f 1102//987 1103//987 1104//987
f 1104//988 1103//988 1105//988
f 1104//989 1105//989 1106//989
f 1106//989 1105//989 1107//989
f 1107//990 1105//990 1108//990
f 1107//991 1108//991 1109//991
f 1110//992 1111//992 1112//992
f 1112//993 1111//993 1113//993
f 1112//994 1113//994 1108//994
f 1108//995 1113//995 1114//995
f 1108//996 1114//996 1109//996
f 1115//686 1116//686 1117//686
f 1117//997 1116//997 1118//997
f 1117//998 1118//998 1119//998
f 1119//999 1118//999 1120//999
f 1119//1000 1120//1000 1121//1000
f 1121//1001 1120//1001 1122//1001
f 1121//1002 1122//1002 1123//1002
f 1123//1003 1122//1003 1100//1003
f 1123//1004 1100//1004 1124//1004
f 1124//1005 1100//1005 1099//1005
f 1124//1006 1099//1006 1125//1006
f 1102//1007 1101//1007 1103//1007
f 1103//1008 1101//1008 1094//1008
f 1103//1009 1094//1009 1105//1009
f 1105//1009 1094//1009 1126//1009
f 1105//1010 1126//1010 1108//1010
f 1108//1011 1126//1011 1127//1011
f 1108//1012 1127//1012 1112//1012
f 1112//1013 1127//1013 1091//1013
f 1112//1014 1091//1014 1110//1014
f 1110//982 1091//982 1090//982
f 1093//1015 1095//1015 1094//1015
f 1094//1016 1095//1016 1097//1016
f 1094//1017 1097//1017 1126//1017
f 1126//1017 1097//1017 1128//1017
f 1126//686 1128//686 1127//686
f 1127//686 1128//686 1129//686
f 1127//1018 1129//1018 1091//1018
f 1091//1019 1129//1019 1088//1019
f 1091//1020 1088//1020 1089//1020
f 1089//1021 1088//1021 1087//1021
f 1096//1022 1098//1022 1097//1022
f 1097//1023 1098//1023 1100//1023
f 1097//1024 1100//1024 1128//1024
f 1128//1025 1100//1025 1122//1025
f 1128//1026 1122//1026 1129//1026
f 1129//1026 1122//1026 1120//1026
f 1129//1027 1120//1027 1088//1027
f 1088//1027 1120//1027 1118//1027
f 1088//1028 1118//1028 1086//1028
f 1086//1029 1118//1029 1116//1029
f 1130//1030 1131//1030 1132//1030
f 1133//1031 1134//1031 1135//1031
f 1136//1032 1137//1032 1138//1032
f 1139//1033 1140//1033 1141//1033
f 1142//1034 1143//1034 1144//1034
f 1144//1035 1143//1035 1145//1035
f 1146//1036 1147//1036 1148//1036
f 1148//1037 1147//1037 1149//1037
f 1148//1038 1149//1038 1144//1038
f 1144//1039 1149//1039 1150//1039
f 1144//1040 1150//1040 1142//1040
f 1136//1041 1138//1041 1151//1041
f 1152//1042 1153//1042 1154//1042
f 1154//1043 1153//1043 1155//1043
f 1154//1044 1155//1044 1156//1044
f 1156//1044 1155//1044 1157//1044
f 1156//1044 1157//1044 1158//1044
f 1159//1045 1160//1045 1157//1045
f 1157//1046 1160//1046 1161//1046
f 1157//1044 1161//1044 1158//1044
f 1162//1047 1160//1047 1163//1047
f 1163//1048 1160//1048 1159//1048
f 1163//1049 1159//1049 1164//1049
f 1130//1050 1132//1050 1165//1050
f 1166//1051 1167//1051 1168//1051
f 1168//1052 1167//1052 1145//1052
f 1168//1053 1145//1053 1169//1053
f 1169//1053 1145//1053 1143//1053
f 1166//1054 1165//1054 1167//1054
f 1167//1055 1165//1055 1132//1055
f 1167//1056 1132//1056 1145//1056
f 1145//1057 1132//1057 1170//1057
f 1145//1058 1170//1058 1144//1058
f 1144//1058 1170//1058 1171//1058
f 1144//1059 1171//1059 1148//1059
f 1148//1060 1171//1060 1141//1060
f 1148//1061 1141//1061 1146//1061
f 1146//1062 1141//1062 1140//1062
f 1131//1063 1133//1063 1132//1063
f 1132//1064 1133//1064 1135//1064
f 1132//1065 1135//1065 1170//1065
f 1170//1065 1135//1065 1172//1065
f 1170//604 1172//604 1171//604
f 1171//604 1172//604 1173//604
f 1171//1066 1173//1066 1141//1066
f 1141//1066 1173//1066 1138//1066
f 1141//1067 1138//1067 1139//1067
f 1139//1068 1138//1068 1137//1068
f 1134//1069 1164//1069 1135//1069
f 1135//1070 1164//1070 1159//1070
f 1135//1071 1159//1071 1172//1071
f 1172//1072 1159//1072 1157//1072
f 1172//1073 1157//1073 1173//1073
f 1173//1073 1157//1073 1155//1073
f 1173//1074 1155//1074 1138//1074
f 1138//1075 1155//1075 1153//1075
f 1138//1076 1153//1076 1151//1076
f 1151//1077 1153//1077 1152//1077
f 1151//604 1152//604 1174//604
f 1175//1078 1176//1078 1177//1078
f 1178//1079 1179//1079 1180//1079
f 1181//1080 1182//1080 1183//1080
f 1184//1081 1185//1081 1186//1081
f 1187//1082 1188//1082 1189//1082
f 1189//1083 1188//1083 1190//1083
f 1191//1084 1192//1084 1193//1084
f 1193//1085 1192//1085 1194//1085
f 1193//1086 1194//1086 1189//1086
f 1189//1087 1194//1087 1195//1087
f 1189//1088 1195//1088 1187//1088
f 1181//1089 1183//1089 1196//1089
f 1197//1090 1198//1090 1199//1090
f 1199//1091 1198//1091 1200//1091
f 1199//1092 1200//1092 1201//1092
f 1201//1092 1200//1092 1202//1092
f 1201//1092 1202//1092 1203//1092
f 1204//1093 1205//1093 1202//1093
f 1202//1094 1205//1094 1206//1094
f 1202//1092 1206//1092 1203//1092
f 1207//1095 1205//1095 1208//1095
f 1208//1096 1205//1096 1204//1096
f 1208//1097 1204//1097 1209//1097
f 1175//1098 1177//1098 1210//1098
f 1211//1099 1212//1099 1213//1099
f 1213//1100 1212//1100 1190//1100
f 1213//1101 1190//1101 1214//1101
f 1214//1102 1190//1102 1188//1102
f 1211//1103 1210//1103 1212//1103
f 1212//1104 1210//1104 1177//1104
f 1212//1105 1177//1105 1190//1105
f 1190//1106 1177//1106 1215//1106
f 1190//1107 1215//1107 1189//1107
f 1189//1107 1215//1107 1216//1107
f 1189//1108 1216//1108 1193//1108
f 1193//1109 1216//1109 1186//1109
f 1193//1110 1186//1110 1191//1110
f 1191//1111 1186//1111 1185//1111
f 1176//1112 1178//1112 1177//1112
f 1177//1113 1178//1113 1180//1113
f 1177//1114 1180//1114 1215//1114
f 1215//1114 1180//1114 1217//1114
f 1215//680 1217//680 1216//680
f 1216//680 1217//680 1218//680
f 1216//1115 1218//1115 1186//1115
f 1186//1115 1218//1115 1183//1115
f 1186//1116 1183//1116 1184//1116
f 1184//1117 1183//1117 1182//1117
f 1179//1118 1209//1118 1180//1118
f 1180//1119 1209//1119 1204//1119
f 1180//1120 1204//1120 1217//1120
f 1217//1121 1204//1121 1202//1121
f 1217//1122 1202//1122 1218//1122
f 1218//1122 1202//1122 1200//1122
f 1218//1123 1200//1123 1183//1123
f 1183//1124 1200//1124 1198//1124
f 1183//1125 1198//1125 1196//1125
f 1196//1126 1198//1126 1197//1126
f 1196//1127 1197//1127 1219//1127
f 1220//1128 1221//1128 1222//1128
f 1223//1129 1224//1129 1225//1129
f 1226//1130 1227//1130 1228//1130
f 1229//1131 1230//1131 1231//1131
f 1232//1132 1233//1132 1234//1132
f 1234//1133 1233//1133 1235//1133
f 1236//1134 1237//1134 1238//1134
f 1238//1135 1237//1135 1239//1135
f 1238//1136 1239//1136 1234//1136
f 1234//1137 1239//1137 1240//1137
f 1234//1138 1240//1138 1232//1138
f 1226//1139 1228//1139 1241//1139
f 1242//1140 1243//1140 1244//1140
f 1244//1141 1243//1141 1245//1141
f 1244//1142 1245//1142 1246//1142
f 1246//1142 1245//1142 1247//1142
f 1246//1142 1247//1142 1248//1142
f 1249//1143 1250//1143 1247//1143
f 1247//1144 1250//1144 1251//1144
f 1247//1145 1251//1145 1248//1145
f 1252//1146 1250//1146 1253//1146
f 1253//1147 1250//1147 1249//1147
f 1253//1148 1249//1148 1254//1148
f 1220//1149 1222//1149 1255//1149
f 1256//1150 1257//1150 1258//1150
f 1258//1151 1257//1151 1235//1151
f 1258//1152 1235//1152 1259//1152
f 1259//1153 1235//1153 1233//1153
f 1256//1154 1255//1154 1257//1154
f 1257//1155 1255//1155 1222//1155
f 1257//1156 1222//1156 1235//1156
f 1235//1157 1222//1157 1260//1157
f 1235//1158 1260//1158 1234//1158
f 1234//1158 1260//1158 1261//1158
f 1234//1159 1261//1159 1238//1159
f 1238//1160 1261//1160 1231//1160
f 1238//1161 1231//1161 1236//1161
f 1236//1162 1231//1162 1230//1162
f 1221//1163 1223//1163 1222//1163
f 1222//1164 1223//1164 1225//1164
f 1222//1165 1225//1165 1260//1165
f 1260//1165 1225//1165 1262//1165
f 1260//677 1262//677 1261//677
f 1261//677 1262//677 1263//677
f 1261//1166 1263//1166 1231//1166
f 1231//1166 1263//1166 1228//1166
f 1231//1167 1228//1167 1229//1167
f 1229//1168 1228//1168 1227//1168
f 1224//1169 1254//1169 1225//1169
f 1225//1170 1254//1170 1249//1170
f 1225//1171 1249//1171 1262//1171
f 1262//1172 1249//1172 1247//1172
f 1262//1173 1247//1173 1263//1173
f 1263//1173 1247//1173 1245//1173
f 1263//1174 1245//1174 1228//1174
f 1228//1175 1245//1175 1243//1175
f 1228//1176 1243//1176 1241//1176
f 1241//1177 1243//1177 1242//1177
f 1241//1178 1242//1178 1264//1178
f 1265//1179 974//1179 969//1179
f 1266//1180 975//1180 1267//1180
f 1267//1181 975//1181 974//1181
f 1267//1182 974//1182 1268//1182
f 1268//1183 974//1183 1265//1183
f 1266//1184 1269//1184 975//1184
f 975//1185 1269//1185 1270//1185
f 975//1186 1270//1186 973//1186
f 1271//1187 976//1187 1272//1187
f 1272//1188 976//1188 973//1188
f 1272//1189 973//1189 1273//1189
f 1273//1190 973//1190 1270//1190
f 1271//1191 1274//1191 976//1191
f 976//1192 1274//1192 1275//1192
f 976//1193 1275//1193 978//1193
f 1276//1194 977//1194 1277//1194
f 1277//1195 977//1195 978//1195
f 1277//1196 978//1196 1278//1196
f 1278//1197 978//1197 1275//1197
f 1276//1194 1279//1194 977//1194
f 977//1198 1279//1198 1280//1198
f 977//1199 1280//1199 981//1199
f 1280//1200 1281//1200 981//1200
f 981//1201 1281//1201 1282//1201
f 981//1202 1282//1202 980//1202
f 1283//1203 979//1203 1284//1203
f 1284//1204 979//1204 980//1204
f 1284//1205 980//1205 1285//1205
f 1285//1206 980//1206 1282//1206
f 1283//1207 1286//1207 979//1207
f 979//1208 1286//1208 1287//1208
f 979//1209 1287//1209 983//1209
f 1288//1210 982//1210 1289//1210
f 1289//1211 982//1211 983//1211
f 1289//1212 983//1212 1290//1212
f 1290//1212 983//1212 1287//1212
f 1288//1213 1291//1213 982//1213
f 982//1214 1291//1214 1292//1214
f 982//1215 1292//1215 984//1215
f 984//1216 1292//1216 1293//1216
f 984//1217 1293//1217 986//1217
f 986//1218 1293//1218 1294//1218
f 986//1219 1294//1219 1295//1219
f 1295//1220 1296//1220 986//1220
f 986//1221 1296//1221 1297//1221
f 986//1222 1297//1222 985//1222
f 1297//1223 1298//1223 985//1223
f 985//1224 1298//1224 1299//1224
f 985//1225 1299//1225 971//1225
f 1300//1226 972//1226 1301//1226
f 1301//1227 972//1227 971//1227
f 1301//1228 971//1228 1302//1228
f 1302//1229 971//1229 1299//1229
f 1300//1230 1303//1230 972//1230
f 972//1231 1303//1231 1304//1231
f 972//1232 1304//1232 987//1232
f 1305//1233 970//1233 1306//1233
f 1306//1234 970//1234 987//1234
f 1306//1235 987//1235 1307//1235
f 1307//1236 987//1236 1304//1236
f 1305//1237 1308//1237 970//1237
f 970//1238 1308//1238 1309//1238
f 970//1239 1309//1239 988//1239
f 988//1240 1309//1240 1310//1240
f 988//1241 1310//1241 990//1241
f 990//1242 1310//1242 1311//1242
f 990//1243 1311//1243 1312//1243
f 1312//1244 1313//1244 990//1244
f 990//1245 1313//1245 1314//1245
f 990//1246 1314//1246 989//1246
f 1314//1247 1315//1247 989//1247
f 989//1248 1315//1248 1316//1248
f 989//1249 1316//1249 993//1249
f 1317//1250 992//1250 1318//1250
f 1318//1251 992//1251 993//1251
f 1318//1252 993//1252 1319//1252
f 1319//1253 993//1253 1316//1253
f 1317//1254 1320//1254 992//1254
f 992//1255 1320//1255 1321//1255
f 992//1256 1321//1256 991//1256
f 1322//1257 995//1257 1323//1257
f 1323//1258 995//1258 991//1258
f 1323//1259 991//1259 1324//1259
f 1324//1260 991//1260 1321//1260
f 1322//1261 1325//1261 995//1261
f 995//1262 1325//1262 1326//1262
f 995//1263 1326//1263 994//1263
f 994//1264 1326//1264 1327//1264
f 994//1265 1327//1265 996//1265
f 996//1266 1327//1266 1328//1266
f 996//1267 1328//1267 1329//1267
f 1329//1268 1330//1268 996//1268
f 996//1269 1330//1269 1331//1269
f 996//1270 1331//1270 997//1270
f 1331//1271 1332//1271 997//1271
f 997//1272 1332//1272 1333//1272
f 997//1273 1333//1273 968//1273
f 1333//1274 1334//1274 968//1274
f 968//1275 1334//1275 1335//1275
f 968//1276 1335//1276 969//1276
f 969//1277 1335//1277 1336//1277
f 969//1278 1336//1278 1265//1278
f 1337//1 1338//1 1339//1
f 1339//1 1338//1 1340//1
f 1339//1 1340//1 1341//1
f 1341//1 1342//1 1339//1
f 1339//1 1342//1 1343//1
f 1339//1 1343//1 1344//1
f 1345//1 1346//1 1347//1
f 1347//1 1346//1 1338//1
f 1347//1 1338//1 1348//1
f 1348//1 1338//1 1337//1
f 1349//1279 1350//1279 1351//1279
f 1351//1280 1350//1280 1352//1280
f 1353//1281 1349//1281 1354//1281
f 1352//1282 1350//1282 1355//1282
f 1355//1283 1350//1283 1356//1283
f 1355//1284 1356//1284 1357//1284
f 1354//1285 1358//1285 1353//1285
f 1353//1286 1358//1286 1359//1286
f 1353//1287 1359//1287 1360//1287
f 1356//1288 1361//1288 1362//1288
f 1357//1289 1356//1289 1363//1289
f 1363//1290 1356//1290 1362//1290
f 1363//1291 1362//1291 1364//1291
f 1365//1292 1366//1292 1360//1292
f 1360//1293 1366//1293 1367//1293
f 1349//1294 1353//1294 1350//1294
f 1350//1295 1353//1295 1360//1295
f 1350//1296 1360//1296 1356//1296
f 1356//1297 1360//1297 1367//1297
f 1356//1298 1367//1298 1361//1298
f 1368//1299 1365//1299 1369//1299
f 1369//1300 1365//1300 1360//1300
f 1369//1301 1360//1301 1370//1301
f 1370//1302 1360//1302 1359//1302
f 1371//1303 1372//1303 1373//1303
f 1373//1304 1372//1304 1374//1304
f 1375//1305 1371//1305 1376//1305
f 1374//1306 1372//1306 1377//1306
f 1377//1307 1372//1307 1378//1307
f 1377//1308 1378//1308 1379//1308
f 1376//1309 1380//1309 1375//1309
f 1375//1310 1380//1310 1381//1310
f 1375//1311 1381//1311 1382//1311
f 1378//1312 1383//1312 1384//1312
f 1379//1313 1378//1313 1385//1313
f 1385//1314 1378//1314 1384//1314
f 1385//1315 1384//1315 1386//1315
f 1387//1316 1388//1316 1382//1316
f 1382//1317 1388//1317 1389//1317
f 1371//1318 1375//1318 1372//1318
f 1372//1319 1375//1319 1382//1319
f 1372//1320 1382//1320 1378//1320
f 1378//1321 1382//1321 1389//1321
f 1378//1322 1389//1322 1383//1322
f 1390//1323 1387//1323 1391//1323
f 1391//1324 1387//1324 1382//1324
f 1391//1325 1382//1325 1392//1325
f 1392//1326 1382//1326 1381//1326
f 1393//1 1394//1 1395//1
f 1396//1 1397//1 1398//1
f 1399//1 1400//1 1401//1
f 1401//1 1400//1 1402//1
f 1401//1 1402//1 1395//1
f 1398//1 1393//1 1396//1
f 1396//1 1393//1 1395//1
f 1396//1 1395//1 1403//1
f 1403//1 1395//1 1402//1
f 1403//1 1402//1 1404//1
f 1405//1 1406//1 1407//1
f 1408//1 1409//1 1410//1
f 1410//1 1409//1 1405//1
f 1410//1 1405//1 1411//1
f 1412//1 1413//1 1414//1
f 1405//1 1407//1 1411//1
f 1411//1 1407//1 1412//1
f 1411//1 1412//1 1415//1
f 1415//1 1412//1 1414//1
f 1415//1 1414//1 1416//1
f 1417//1327 1418//1327 1419//1327
f 1419//1328 1418//1328 1420//1328
f 1421//1329 1422//1329 1423//1329
f 1423//1330 1422//1330 1424//1330
f 1423//1331 1424//1331 1418//1331
f 1425//1332 1426//1332 1420//1332
f 1420//1333 1426//1333 1427//1333
f 1420//1334 1427//1334 1419//1334
f 1428//1335 1429//1335 1430//1335
f 1430//1336 1429//1336 1424//1336
f 1430//1337 1424//1337 1431//1337
f 1431//1338 1424//1338 1422//1338
f 1432//1339 1433//1339 1425//1339
f 1425//1340 1433//1340 1434//1340
f 1425//1341 1434//1341 1426//1341
f 1418//1342 1424//1342 1420//1342
f 1420//1343 1424//1343 1429//1343
f 1420//1344 1429//1344 1425//1344
f 1425//1345 1429//1345 1432//1345
f 1428//1346 1435//1346 1429//1346
f 1429//1347 1435//1347 1432//1347
f 1436//1348 1437//1348 1438//1348
f 1439//1349 1437//1349 1440//1349
f 1436//1350 1438//1350 1441//1350
f 1441//1351 1438//1351 1442//1351
f 1441//1352 1442//1352 1443//1352
f 1443//1353 1442//1353 1444//1353
f 1443//1354 1444//1354 1445//1354
f 1445//1355 1444//1355 1446//1355
f 1446//1356 1444//1356 1447//1356
f 1446//1357 1447//1357 1448//1357
f 1437//1358 1439//1358 1438//1358
f 1438//1359 1439//1359 1449//1359
f 1438//1360 1449//1360 1442//1360
f 1442//1361 1449//1361 1450//1361
f 1442//1362 1450//1362 1444//1362
f 1444//1363 1450//1363 1451//1363
f 1444//1364 1451//1364 1447//1364
f 1452//1365 1451//1365 1453//1365
f 1453//1365 1451//1365 1450//1365
f 1453//1366 1450//1366 1454//1366
f 1454//1367 1450//1367 1449//1367
f 1454//1368 1449//1368 1455//1368
f 1455//1369 1449//1369 1439//1369
f 1455//1370 1439//1370 1456//1370
f 1456//1371 1439//1371 1440//1371
f 1457//1 1458//1 1459//1
f 1459//1 1458//1 1460//1
f 1459//1 1460//1 1461//1
f 1461//1 1462//1 1459//1
f 1459//1 1462//1 1463//1
f 1459//1 1463//1 1464//1
f 1465//1 1466//1 1467//1
f 1467//1 1466//1 1458//1
f 1467//1 1458//1 1468//1
f 1468//1 1458//1 1457//1
f 1469//1372 1470//1372 1471//1372
f 1469//1373 1471//1373 1472//1373
f 1473//1374 1472//1374 1471//1374
f 1474//1375 1473//1375 1471//1375
f 1475//1376 1474//1376 1471//1376
f 1476//1377 1477//1377 1478//1377
f 1479//1378 1480//1378 1481//1378
f 1482//1379 1483//1379 1484//1379
f 1485//1380 1486//1380 1487//1380
f 1470//1381 1469//1381 1488//1381
f 1488//1382 1469//1382 1489//1382
f 1488//1383 1489//1383 1490//1383
f 1485//1384 1487//1384 1491//1384
f 1491//1385 1487//1385 1492//1385
f 1491//1386 1492//1386 1493//1386
f 1493//1387 1492//1387 1494//1387
f 1493//1388 1494//1388 1495//1388
f 1480//1389 1496//1389 1481//1389
f 1481//1390 1496//1390 1482//1390
f 1481//1391 1482//1391 1497//1391
f 1497//1392 1482//1392 1484//1392
f 1497//1393 1484//1393 1498//1393
f 1499//1394 1500//1394 1501//1394
f 1477//1395 1476//1395 1500//1395
f 1500//1396 1476//1396 1502//1396
f 1500//1397 1502//1397 1501//1397
f 1471//1398 1503//1398 1504//1398
f 1504//1399 1503//1399 1505//1399
f 1475//1400 1471//1400 1504//1400
f 1498//1401 1495//1401 1497//1401
f 1497//1402 1495//1402 1494//1402
f 1497//1403 1494//1403 1481//1403
f 1481//1404 1494//1404 1499//1404
f 1481//1405 1499//1405 1479//1405
f 1479//1406 1499//1406 1501//1406
f 1486//1407 1489//1407 1487//1407
f 1487//1408 1489//1408 1469//1408
f 1487//1409 1469//1409 1492//1409
f 1492//1410 1469//1410 1472//1410
f 1492//1411 1472//1411 1494//1411
f 1494//1412 1472//1412 1473//1412
f 1494//1413 1473//1413 1499//1413
f 1499//1413 1473//1413 1474//1413
f 1499//1414 1474//1414 1500//1414
f 1500//1415 1474//1415 1475//1415
f 1500//1416 1475//1416 1477//1416
f 1477//1417 1475//1417 1504//1417
f 1477//1418 1504//1418 1478//1418
f 1478//1419 1504//1419 1505//1419
f 1478//1420 1505//1420 1506//1420
f 1507//1421 1508//1421 1509//1421
f 1509//1422 1508//1422 1510//1422
f 1509//1423 1510//1423 1511//1423
f 1509//1424 1512//1424 1507//1424
f 1507//1425 1512//1425 1513//1425
f 1507//1426 1513//1426 1514//1426
f 1514//1427 1513//1427 1515//1427
f 1516//1428 1517//1428 1518//1428
f 1519//1429 1520//1429 1521//1429
f 1521//1430 1520//1430 1522//1430
f 1521//1431 1522//1431 1523//1431
f 1524//1432 1525//1432 1523//1432
f 1511//1433 1526//1433 1509//1433
f 1509//1434 1526//1434 1527//1434
f 1509//1435 1527//1435 1512//1435
f 1512//1436 1527//1436 1528//1436
f 1512//1437 1528//1437 1524//1437
f 1524//1438 1528//1438 1529//1438
f 1524//1439 1529//1439 1525//1439
f 1520//1440 1530//1440 1522//1440
f 1522//1441 1530//1441 1531//1441
f 1522//1442 1531//1442 1532//1442
f 1532//1443 1531//1443 1533//1443
f 1532//1444 1533//1444 1516//1444
f 1516//1445 1533//1445 1534//1445
f 1516//1446 1534//1446 1517//1446
f 1517//1447 1534//1447 1535//1447
f 1523//1448 1522//1448 1524//1448
f 1524//1449 1522//1449 1532//1449
f 1524//1450 1532//1450 1512//1450
f 1512//1451 1532//1451 1516//1451
f 1512//1452 1516//1452 1513//1452
f 1513//1453 1516//1453 1518//1453
f 1513//1454 1518//1454 1515//1454
f 1536//1 1537//1 1538//1
f 1536//1 1539//1 1540//1
f 1541//1 1539//1 1542//1
f 1542//1 1539//1 1536//1
f 1542//1 1536//1 1543//1
f 1543//1 1536//1 1538//1
f 1544//1 1545//1 1546//1
f 1546//1 1545//1 1536//1
f 1546//1 1536//1 1547//1
f 1547//1 1536//1 1540//1
f 1548//1455 1010//1455 1015//1455
f 1013//1456 1549//1456 1550//1456
f 1548//1457 1015//1457 1550//1457
f 1550//1458 1015//1458 1014//1458
f 1550//1459 1014//1459 1013//1459
f 1013//1460 1018//1460 1549//1460
f 1549//1461 1018//1461 1017//1461
f 1549//1462 1017//1462 1551//1462
f 1551//1463 1017//1463 1039//1463
f 1551//1464 1039//1464 1552//1464
f 1039//1465 1008//1465 1552//1465
f 1552//1466 1008//1466 1007//1466
f 1552//1467 1007//1467 1553//1467
f 1553//1468 1007//1468 1020//1468
f 1020//1469 1019//1469 1553//1469
f 1553//1470 1019//1470 1021//1470
f 1553//1471 1021//1471 1554//1471
f 1021//1472 1023//1472 1554//1472
f 1554//1 1023//1 1025//1
f 1554//1 1025//1 1555//1
f 1025//1 1026//1 1555//1
f 1555//1473 1026//1473 1028//1473
f 1555//1474 1028//1474 1556//1474
f 1556//1475 1028//1475 1029//1475
f 1029//1476 1030//1476 1556//1476
f 1556//1477 1030//1477 1005//1477
f 1556//1478 1005//1478 1557//1478
f 1005//1479 1004//1479 1557//1479
f 1557//1480 1004//1480 1002//1480
f 1557//1481 1002//1481 1558//1481
f 1002//1482 1001//1482 1558//1482
f 1558//1483 1001//1483 999//1483
f 1558//1484 999//1484 1559//1484
f 999//1485 998//1485 1559//1485
f 1559//1486 998//1486 1031//1486
f 1559//1486 1031//1486 1560//1486
f 1031//1487 1032//1487 1560//1487
f 1560//1488 1032//1488 1034//1488
f 1560//1489 1034//1489 1548//1489
f 1548//1490 1034//1490 1035//1490
f 1548//1491 1035//1491 1010//1491
f 1561//1492 1562//1492 1052//1492
f 1052//1493 1562//1493 1054//1493
f 1052//1494 1051//1494 1561//1494
f 1561//1495 1051//1495 1049//1495
f 1561//1496 1049//1496 1563//1496
f 1049//1497 1048//1497 1563//1497
f 1563//1498 1048//1498 1046//1498
f 1563//1499 1046//1499 1564//1499
f 1046//1499 1045//1499 1564//1499
f 1564//1500 1045//1500 1055//1500
f 1564//1501 1055//1501 1565//1501
f 1055//1502 1056//1502 1565//1502
f 1565//1503 1056//1503 1058//1503
f 1565//1504 1058//1504 1566//1504
f 1566//1505 1058//1505 1062//1505
f 1063//677 1567//677 1568//677
f 1062//1506 1061//1506 1566//1506
f 1566//1507 1061//1507 1065//1507
f 1566//1508 1065//1508 1568//1508
f 1568//1507 1065//1507 1064//1507
f 1568//677 1064//677 1063//677
f 1063//677 1068//677 1567//677
f 1567//1509 1068//1509 1067//1509
f 1567//1510 1067//1510 1569//1510
f 1569//1511 1067//1511 1083//1511
f 1569//1512 1083//1512 1570//1512
f 1083//1513 1043//1513 1570//1513
f 1570//1514 1043//1514 1042//1514
f 1570//1515 1042//1515 1571//1515
f 1571//1516 1042//1516 1070//1516
f 1070//1517 1069//1517 1571//1517
f 1571//1518 1069//1518 1071//1518
f 1571//1519 1071//1519 1572//1519
f 1071//1520 1073//1520 1572//1520
f 1572//1521 1073//1521 1079//1521
f 1572//1522 1079//1522 1573//1522
f 1079//1523 1078//1523 1573//1523
f 1573//1524 1078//1524 1076//1524
f 1573//1525 1076//1525 1562//1525
f 1562//1526 1076//1526 1075//1526
f 1562//1527 1075//1527 1054//1527
f 1574//1528 1575//1528 1576//1528
f 1574//1529 1576//1529 1577//1529
f 1578//1530 1579//1530 1575//1530
f 1580//1531 1581//1531 1582//1531
f 1583//1532 1584//1532 1585//1532
f 1585//1533 1584//1533 1586//1533
f 1584//1534 1587//1534 1586//1534
f 1586//1535 1587//1535 1588//1535
f 1586//1536 1588//1536 1582//1536
f 1589//1537 1580//1537 1590//1537
f 1590//1538 1580//1538 1582//1538
f 1590//1539 1582//1539 1591//1539
f 1591//1540 1582//1540 1588//1540
f 1581//1541 1578//1541 1582//1541
f 1582//1542 1578//1542 1575//1542
f 1582//1543 1575//1543 1586//1543
f 1586//1544 1575//1544 1574//1544
f 1586//1545 1574//1545 1585//1545
f 1585//1546 1574//1546 1577//1546
f 1579//1547 1592//1547 1575//1547
f 1575//1548 1592//1548 1576//1548
f 1593//1549 1594//1549 1595//1549
f 1596//1550 1597//1550 1598//1550
f 1596//1551 1598//1551 1599//1551
f 1599//1552 1598//1552 1600//1552
f 1599//1553 1600//1553 1601//1553
f 1601//1554 1602//1554 1603//1554
f 1603//1555 1602//1555 1593//1555
f 1604//1332 1605//1332 1599//1332
f 1599//1333 1605//1333 1606//1333
f 1599//1556 1606//1556 1596//1556
f 1607//1557 1608//1557 1604//1557
f 1604//1558 1608//1558 1609//1558
f 1604//1559 1609//1559 1605//1559
f 1601//1560 1603//1560 1599//1560
f 1599//1343 1603//1343 1610//1343
f 1599//1344 1610//1344 1604//1344
f 1604//1561 1610//1561 1607//1561
f 1593//1562 1595//1562 1603//1562
f 1603//1563 1595//1563 1611//1563
f 1603//1564 1611//1564 1610//1564
f 1610//1565 1611//1565 1607//1565
f 1612//1 1613//1 1614//1
f 1615//1 1616//1 1617//1
f 1617//1 1616//1 1612//1
f 1617//1 1612//1 1618//1
f 1619//1 1620//1 1621//1
f 1612//1 1614//1 1618//1
f 1618//1 1614//1 1619//1
f 1618//1 1619//1 1622//1
f 1622//1 1619//1 1621//1
f 1622//1 1621//1 1623//1
f 1624//1 1625//1 1626//1
f 1626//1 1625//1 1627//1
f 1626//1 1627//1 1628//1
f 1629//1 1630//1 1631//1
f 1631//1 1630//1 1626//1
f 1631//1 1626//1 1632//1
f 1632//1 1626//1 1628//1
f 1633//1 1634//1 1626//1
f 1626//1 1634//1 1635//1
f 1626//1 1635//1 1624//1
f 1636//1566 1637//1566 1638//1566
f 1636//1567 1639//1567 1640//1567
f 1640//1568 1639//1568 1641//1568
f 1641//1569 1639//1569 1642//1569
f 1642//1570 1639//1570 1643//1570
f 1642//1571 1643//1571 1644//1571
f 1645//1572 1646//1572 1637//1572
f 1637//1573 1646//1573 1647//1573
f 1637//1574 1647//1574 1638//1574
f 1638//1575 1647//1575 1648//1575
f 1644//1576 1643//1576 1649//1576
f 1649//1577 1643//1577 1650//1577
f 1649//1578 1650//1578 1651//1578
f 1648//1579 1652//1579 1653//1579
f 1636//1580 1638//1580 1639//1580
f 1639//1581 1638//1581 1648//1581
f 1639//1582 1648//1582 1643//1582
f 1643//1583 1648//1583 1653//1583
f 1643//1584 1653//1584 1650//1584
f 1645//1585 1637//1585 1636//1585
f 1646//1586 1654//1586 1647//1586
f 1647//1587 1654//1587 1655//1587
f 1647//1588 1655//1588 1656//1588
f 1652//1589 1648//1589 1657//1589
f 1657//1590 1648//1590 1647//1590
f 1657//1591 1647//1591 1658//1591
f 1658//1592 1647//1592 1656//1592
f 1658//1593 1656//1593 1659//1593
f 1660//1594 1661//1594 1662//1594
f 1663//1595 1660//1595 1664//1595
f 1664//1596 1660//1596 1662//1596
f 1664//1597 1662//1597 1665//1597
f 1663//1598 1666//1598 1667//1598
f 1667//1599 1666//1599 1668//1599
f 1669//1600 1670//1600 1671//1600
f 1671//1601 1670//1601 1672//1601
f 1671//1602 1672//1602 1668//1602
f 1673//1603 1674//1603 1675//1603
f 1675//1604 1674//1604 1672//1604
f 1675//1605 1672//1605 1676//1605
f 1676//1606 1672//1606 1670//1606
f 1677//1607 1678//1607 1679//1607
f 1679//1608 1678//1608 1680//1608
f 1679//1609 1680//1609 1660//1609
f 1660//1610 1680//1610 1681//1610
f 1660//1611 1681//1611 1661//1611
f 1663//1612 1667//1612 1660//1612
f 1660//1613 1667//1613 1682//1613
f 1660//1614 1682//1614 1679//1614
f 1679//1615 1682//1615 1677//1615
f 1668//1616 1672//1616 1667//1616
f 1667//1617 1672//1617 1674//1617
f 1667//1618 1674//1618 1682//1618
f 1682//1619 1674//1619 1677//1619
f 1673//1620 1683//1620 1674//1620
f 1674//1621 1683//1621 1677//1621
f 1684//1 1685//1 1686//1
f 1684//1 1687//1 1688//1
f 1689//1 1687//1 1690//1
f 1690//1 1687//1 1684//1
f 1690//1 1684//1 1691//1
f 1691//1 1684//1 1686//1
f 1692//1 1693//1 1694//1
f 1694//1 1693//1 1684//1
f 1694//1 1684//1 1695//1
f 1695//1 1684//1 1688//1
f 1696//1622 1697//1622 1096//1622
f 1096//1623 1095//1623 1696//1623
f 1696//1624 1095//1624 1093//1624
f 1696//1625 1093//1625 1698//1625
f 1093//1626 1092//1626 1698//1626
f 1698//1627 1092//1627 1101//1627
f 1698//1628 1101//1628 1699//1628
f 1101//1629 1102//1629 1699//1629
f 1699//1630 1102//1630 1104//1630
f 1699//1631 1104//1631 1700//1631
f 1700//1632 1104//1632 1106//1632
f 1106//1631 1107//1631 1700//1631
f 1700//1633 1107//1633 1109//1633
f 1700//1634 1109//1634 1701//1634
f 1109//1635 1114//1635 1701//1635
f 1701//1636 1114//1636 1113//1636
f 1701//1637 1113//1637 1702//1637
f 1113//1638 1111//1638 1702//1638
f 1702//1639 1111//1639 1110//1639
f 1702//693 1110//693 1703//693
f 1110//693 1090//693 1703//693
f 1703//693 1090//693 1089//693
f 1703//1640 1089//1640 1704//1640
f 1089//1641 1087//1641 1704//1641
f 1704//1642 1087//1642 1086//1642
f 1704//1643 1086//1643 1705//1643
f 1705//1644 1086//1644 1116//1644
f 1116//1645 1115//1645 1705//1645
f 1705//1646 1115//1646 1117//1646
f 1705//1647 1117//1647 1706//1647
f 1117//1648 1119//1648 1706//1648
f 1706//1649 1119//1649 1121//1649
f 1706//1650 1121//1650 1707//1650
f 1707//1651 1121//1651 1123//1651
f 1707//1652 1123//1652 1708//1652
f 1708//1653 1123//1653 1124//1653
f 1124//1654 1125//1654 1708//1654
f 1708//1655 1125//1655 1099//1655
f 1708//1656 1099//1656 1697//1656
f 1697//1657 1099//1657 1098//1657
f 1697//1658 1098//1658 1096//1658
f 1709//1659 1710//1659 1142//1659
f 1142//1660 1150//1660 1709//1660
f 1709//1661 1150//1661 1149//1661
f 1709//1662 1149//1662 1711//1662
f 1149//1663 1147//1663 1711//1663
f 1711//1664 1147//1664 1146//1664
f 1711//1665 1146//1665 1712//1665
f 1146//1666 1140//1666 1712//1666
f 1712//1667 1140//1667 1139//1667
f 1712//1668 1139//1668 1713//1668
f 1713//1669 1139//1669 1137//1669
f 1137//1670 1136//1670 1713//1670
f 1713//1671 1136//1671 1151//1671
f 1713//1672 1151//1672 1714//1672
f 1151//1673 1174//1673 1714//1673
f 1714//1674 1174//1674 1152//1674
f 1714//1675 1152//1675 1715//1675
f 1152//1676 1154//1676 1715//1676
f 1715//1677 1154//1677 1156//1677
f 1715//1677 1156//1677 1716//1677
f 1156//1677 1158//1677 1716//1677
f 1716//1677 1158//1677 1161//1677
f 1716//1678 1161//1678 1717//1678
f 1717//1679 1161//1679 1160//1679
f 1160//1680 1162//1680 1717//1680
f 1717//1681 1162//1681 1163//1681
f 1717//1682 1163//1682 1718//1682
f 1163//1683 1164//1683 1718//1683
f 1718//1684 1164//1684 1134//1684
f 1718//1685 1134//1685 1719//1685
f 1134//1686 1133//1686 1719//1686
f 1719//1687 1133//1687 1131//1687
f 1719//1688 1131//1688 1720//1688
f 1166//1689 1721//1689 1165//1689
f 1165//1690 1721//1690 1720//1690
f 1165//1691 1720//1691 1130//1691
f 1130//1692 1720//1692 1131//1692
f 1166//1693 1168//1693 1721//1693
f 1721//1694 1168//1694 1169//1694
f 1721//1695 1169//1695 1710//1695
f 1710//1696 1169//1696 1143//1696
f 1710//1697 1143//1697 1142//1697
f 1722//1698 1723//1698 1187//1698
f 1187//1699 1195//1699 1722//1699
f 1722//1700 1195//1700 1194//1700
f 1722//1701 1194//1701 1724//1701
f 1194//1702 1192//1702 1724//1702
f 1724//1703 1192//1703 1191//1703
f 1724//1704 1191//1704 1725//1704
f 1191//1705 1185//1705 1725//1705
f 1725//1706 1185//1706 1184//1706
f 1725//1707 1184//1707 1726//1707
f 1726//1708 1184//1708 1182//1708
f 1182//1709 1181//1709 1726//1709
f 1726//1710 1181//1710 1196//1710
f 1726//1711 1196//1711 1727//1711
f 1196//1712 1219//1712 1727//1712
f 1727//1713 1219//1713 1197//1713
f 1727//1714 1197//1714 1728//1714
f 1197//1715 1199//1715 1728//1715
f 1728//686 1199//686 1201//686
f 1728//686 1201//686 1729//686
f 1201//686 1203//686 1729//686
f 1729//686 1203//686 1206//686
f 1729//1716 1206//1716 1730//1716
f 1730//1717 1206//1717 1205//1717
f 1205//1718 1207//1718 1730//1718
f 1730//1719 1207//1719 1208//1719
f 1730//1720 1208//1720 1731//1720
f 1208//1721 1209//1721 1731//1721
f 1731//1722 1209//1722 1179//1722
f 1731//1723 1179//1723 1732//1723
f 1179//1724 1178//1724 1732//1724
f 1732//1725 1178//1725 1176//1725
f 1732//1726 1176//1726 1733//1726
f 1211//1727 1734//1727 1210//1727
f 1210//1728 1734//1728 1733//1728
f 1210//1729 1733//1729 1175//1729
f 1175//1730 1733//1730 1176//1730
f 1211//1731 1213//1731 1734//1731
f 1734//1732 1213//1732 1214//1732
f 1734//1733 1214//1733 1723//1733
f 1723//1734 1214//1734 1188//1734
f 1723//1735 1188//1735 1187//1735
f 1735//1736 1736//1736 1232//1736
f 1232//1737 1240//1737 1735//1737
f 1735//1738 1240//1738 1239//1738
f 1735//1739 1239//1739 1737//1739
f 1239//1740 1237//1740 1737//1740
f 1737//1741 1237//1741 1236//1741
f 1737//1742 1236//1742 1738//1742
f 1236//1743 1230//1743 1738//1743
f 1738//1744 1230//1744 1229//1744
f 1738//1745 1229//1745 1739//1745
f 1739//1746 1229//1746 1227//1746
f 1227//1747 1226//1747 1739//1747
f 1739//1748 1226//1748 1241//1748
f 1739//1749 1241//1749 1740//1749
f 1241//1750 1264//1750 1740//1750
f 1740//1751 1264//1751 1242//1751
f 1740//1752 1242//1752 1741//1752
f 1242//1753 1244//1753 1741//1753
f 1741//680 1244//680 1246//680
f 1741//680 1246//680 1742//680
f 1246//680 1248//680 1742//680
f 1742//680 1248//680 1251//680
f 1742//1754 1251//1754 1743//1754
f 1743//1755 1251//1755 1250//1755
f 1250//1756 1252//1756 1743//1756
f 1743//1757 1252//1757 1253//1757
f 1743//1758 1253//1758 1744//1758
f 1253//1759 1254//1759 1744//1759
f 1744//1760 1254//1760 1224//1760
f 1744//1761 1224//1761 1745//1761
f 1224//1762 1223//1762 1745//1762
f 1745//1763 1223//1763 1221//1763
f 1745//1764 1221//1764 1746//1764
f 1256//1765 1747//1765 1255//1765
f 1255//1766 1747//1766 1746//1766
f 1255//1767 1746//1767 1220//1767
f 1220//1768 1746//1768 1221//1768
f 1256//1769 1258//1769 1747//1769
f 1747//1770 1258//1770 1259//1770
f 1747//1771 1259//1771 1736//1771
f 1736//1772 1259//1772 1233//1772
f 1736//1773 1233//1773 1232//1773
f 1332//1774 1331//1774 1748//1774
f 1748//1775 1331//1775 1749//1775
f 1750//1776 1751//1776 1326//1776
f 1315//1777 1314//1777 1752//1777
f 1752//1778 1314//1778 1753//1778
f 1754//1779 1755//1779 1309//1779
f 1298//1780 1297//1780 1756//1780
f 1756//1781 1297//1781 1757//1781
f 1758//1782 1759//1782 1292//1782
f 1278//1783 1275//1783 1760//1783
f 1760//1784 1275//1784 1761//1784
f 1762//1785 1763//1785 1764//1785
f 1765//1786 1766//1786 1767//1786
f 1768//1787 1769//1787 1770//1787
f 1771//1788 1772//1788 1773//1788
f 1774//1789 1775//1789 1776//1789
f 1777//1790 1778//1790 1779//1790
f 1780//1791 1781//1791 1782//1791
f 1783//1792 1784//1792 1765//1792
f 1785//1793 1786//1793 1787//1793
f 1788//1794 1789//1794 1790//1794
f 1791//1795 1792//1795 1768//1795
f 1768//1796 1792//1796 1793//1796
f 1768//1797 1793//1797 1769//1797
f 1769//1798 1793//1798 1794//1798
f 1769//1799 1794//1799 1795//1799
f 1795//1800 1796//1800 1797//1800
f 1797//1801 1796//1801 1798//1801
f 1797//1802 1798//1802 1799//1802
f 1799//1803 1798//1803 1800//1803
f 1800//1804 1801//1804 1799//1804
f 1799//1805 1801//1805 1802//1805
f 1799//1806 1802//1806 1803//1806
f 1802//1807 1804//1807 1803//1807
f 1803//1808 1804//1808 1805//1808
f 1803//1809 1805//1809 1806//1809
f 1806//1810 1805//1810 1807//1810
f 1806//1811 1807//1811 1808//1811
f 1808//1812 1809//1812 1810//1812
f 1810//1813 1809//1813 1785//1813
f 1811//1814 1812//1814 1813//1814
f 1813//1815 1812//1815 1814//1815
f 1765//1816 1784//1816 1766//1816
f 1766//1817 1784//1817 1815//1817
f 1766//1818 1815//1818 1816//1818
f 1780//1819 1782//1819 1816//1819
f 1781//1820 1817//1820 1818//1820
f 1818//1821 1817//1821 1819//1821
f 1818//1822 1819//1822 1820//1822
f 1819//1823 1821//1823 1820//1823
f 1820//1824 1821//1824 1822//1824
f 1820//1825 1822//1825 1823//1825
f 1823//1826 1822//1826 1824//1826
f 1824//1827 1825//1827 1823//1827
f 1823//1828 1825//1828 1826//1828
f 1823//1829 1826//1829 1827//1829
f 1826//1830 1828//1830 1827//1830
f 1827//1831 1828//1831 1829//1831
f 1827//1832 1829//1832 1830//1832
f 1831//1833 1832//1833 1833//1833
f 1833//1834 1832//1834 1830//1834
f 1833//1835 1830//1835 1834//1835
f 1834//1835 1830//1835 1829//1835
f 1777//1836 1779//1836 1835//1836
f 1836//1837 1837//1837 1762//1837
f 1762//1838 1837//1838 1838//1838
f 1762//1839 1838//1839 1763//1839
f 1763//1840 1838//1840 1839//1840
f 1763//1841 1839//1841 1835//1841
f 1774//1842 1776//1842 1778//1842
f 1775//1843 1840//1843 1841//1843
f 1841//1844 1840//1844 1842//1844
f 1841//1845 1842//1845 1843//1845
f 1842//1846 1844//1846 1843//1846
f 1843//1847 1844//1847 1845//1847
f 1843//1848 1845//1848 1846//1848
f 1845//1849 1847//1849 1846//1849
f 1846//1850 1847//1850 1848//1850
f 1846//1851 1848//1851 1849//1851
f 1849//1852 1848//1852 1850//1852
f 1850//1853 1851//1853 1849//1853
f 1849//1853 1851//1853 1852//1853
f 1849//1854 1852//1854 1853//1854
f 1852//1855 1854//1855 1853//1855
f 1853//1856 1854//1856 1855//1856
f 1853//1857 1855//1857 1856//1857
f 1855//1858 1857//1858 1856//1858
f 1856//1859 1857//1859 1858//1859
f 1856//1860 1858//1860 1859//1860
f 1858//1861 1860//1861 1859//1861
f 1859//1861 1860//1861 1861//1861
f 1859//1862 1861//1862 1862//1862
f 1771//1863 1773//1863 1863//1863
f 1861//1864 1864//1864 1862//1864
f 1862//1865 1864//1865 1865//1865
f 1862//1866 1865//1866 1866//1866
f 1866//1867 1865//1867 1867//1867
f 1866//1868 1867//1868 1863//1868
f 1772//1869 1868//1869 1869//1869
f 1869//1870 1868//1870 1870//1870
f 1869//1871 1870//1871 1871//1871
f 1870//1872 1872//1872 1871//1872
f 1871//1873 1872//1873 1873//1873
f 1871//1874 1873//1874 1874//1874
f 1873//1875 1875//1875 1874//1875
f 1874//1876 1875//1876 1876//1876
f 1874//1877 1876//1877 1877//1877
f 1876//1878 1878//1878 1877//1878
f 1877//1879 1878//1879 1879//1879
f 1877//1880 1879//1880 1880//1880
f 1880//1881 1879//1881 1881//1881
f 1881//1882 1882//1882 1880//1882
f 1880//1883 1882//1883 1883//1883
f 1880//1884 1883//1884 1884//1884
f 1883//1885 1885//1885 1884//1885
f 1884//1886 1885//1886 1886//1886
f 1884//1887 1886//1887 1887//1887
f 1887//1888 1886//1888 1888//1888
f 1887//1889 1888//1889 1889//1889
f 1889//1890 1890//1890 1891//1890
f 1891//1891 1890//1891 1892//1891
f 1892//1892 1893//1892 1894//1892
f 1894//1893 1893//1893 1895//1893
f 1894//1894 1895//1894 1790//1894
f 1790//1895 1895//1895 1896//1895
f 1790//1896 1896//1896 1788//1896
f 1806//1897 1760//1897 1803//1897
f 1803//1898 1760//1898 1761//1898
f 1803//1899 1761//1899 1799//1899
f 1799//1900 1761//1900 1897//1900
f 1799//1901 1897//1901 1797//1901
f 1797//1902 1897//1902 1898//1902
f 1899//1903 1900//1903 1787//1903
f 1786//1904 1811//1904 1787//1904
f 1787//1905 1811//1905 1813//1905
f 1787//1906 1813//1906 1899//1906
f 1899//1907 1813//1907 1901//1907
f 1902//1908 1818//1908 1903//1908
f 1903//1909 1818//1909 1820//1909
f 1903//1910 1820//1910 1758//1910
f 1758//1911 1820//1911 1823//1911
f 1758//1912 1823//1912 1759//1912
f 1759//1913 1823//1913 1827//1913
f 1759//1914 1827//1914 1904//1914
f 1904//1915 1827//1915 1830//1915
f 1904//1916 1830//1916 1757//1916
f 1757//1917 1830//1917 1832//1917
f 1757//1918 1832//1918 1756//1918
f 1866//1919 1905//1919 1862//1919
f 1862//1920 1905//1920 1906//1920
f 1862//1921 1906//1921 1859//1921
f 1859//1922 1906//1922 1752//1922
f 1859//1923 1752//1923 1856//1923
f 1856//1924 1752//1924 1753//1924
f 1856//1925 1753//1925 1853//1925
f 1853//1926 1753//1926 1907//1926
f 1853//1927 1907//1927 1849//1927
f 1849//1928 1907//1928 1755//1928
f 1849//1929 1755//1929 1846//1929
f 1846//1930 1755//1930 1754//1930
f 1846//1931 1754//1931 1843//1931
f 1843//1932 1754//1932 1908//1932
f 1843//1933 1908//1933 1841//1933
f 1841//1934 1908//1934 1909//1934
f 1887//1935 1748//1935 1884//1935
f 1884//1936 1748//1936 1749//1936
f 1884//1937 1749//1937 1880//1937
f 1880//1938 1749//1938 1910//1938
f 1880//1939 1910//1939 1877//1939
f 1877//1940 1910//1940 1751//1940
f 1877//1941 1751//1941 1874//1941
f 1874//1942 1751//1942 1750//1942
f 1874//1943 1750//1943 1871//1943
f 1871//1944 1750//1944 1911//1944
f 1871//1945 1911//1945 1869//1945
f 1869//1946 1911//1946 1912//1946
f 1913//1947 1894//1947 1914//1947
f 1914//1948 1894//1948 1790//1948
f 1914//1949 1790//1949 1915//1949
f 1915//1950 1790//1950 1789//1950
f 1915//1951 1789//1951 1916//1951
f 1269//1952 1266//1952 1770//1952
f 1770//1953 1266//1953 1916//1953
f 1770//1954 1916//1954 1768//1954
f 1768//1955 1916//1955 1789//1955
f 1768//1956 1789//1956 1791//1956
f 1791//1957 1789//1957 1788//1957
f 1795//1958 1797//1958 1769//1958
f 1769//1959 1797//1959 1898//1959
f 1769//1960 1898//1960 1770//1960
f 1770//1961 1898//1961 1270//1961
f 1770//1962 1270//1962 1269//1962
f 1275//1963 1274//1963 1761//1963
f 1761//1964 1274//1964 1271//1964
f 1761//1965 1271//1965 1897//1965
f 1897//1966 1271//1966 1272//1966
f 1897//1967 1272//1967 1898//1967
f 1898//1968 1272//1968 1273//1968
f 1898//1969 1273//1969 1270//1969
f 1808//1970 1810//1970 1806//1970
f 1806//1971 1810//1971 1917//1971
f 1806//1972 1917//1972 1760//1972
f 1760//1973 1917//1973 1277//1973
f 1760//1974 1277//1974 1278//1974
f 1785//1975 1787//1975 1810//1975
f 1810//1976 1787//1976 1900//1976
f 1810//1977 1900//1977 1917//1977
f 1917//1978 1900//1978 1276//1978
f 1917//1979 1276//1979 1277//1979
f 1285//1980 1282//1980 1901//1980
f 1901//1981 1282//1981 1281//1981
f 1901//1982 1281//1982 1899//1982
f 1899//1983 1281//1983 1280//1983
f 1899//1984 1280//1984 1900//1984
f 1900//1985 1280//1985 1279//1985
f 1900//1978 1279//1978 1276//1978
f 1814//1986 1783//1986 1813//1986
f 1813//1987 1783//1987 1765//1987
f 1813//1988 1765//1988 1901//1988
f 1901//1989 1765//1989 1767//1989
f 1901//1990 1767//1990 1285//1990
f 1285//1991 1767//1991 1284//1991
f 1918//1992 1286//1992 1283//1992
f 1816//1993 1782//1993 1766//1993
f 1766//1994 1782//1994 1918//1994
f 1766//1995 1918//1995 1767//1995
f 1767//1996 1918//1996 1283//1996
f 1767//1997 1283//1997 1284//1997
f 1781//1998 1818//1998 1782//1998
f 1782//1999 1818//1999 1902//1999
f 1782//2000 1902//2000 1918//2000
f 1918//2001 1902//2001 1287//2001
f 1918//2002 1287//2002 1286//2002
f 1292//2003 1291//2003 1758//2003
f 1758//2004 1291//2004 1288//2004
f 1758//2005 1288//2005 1903//2005
f 1903//2006 1288//2006 1289//2006
f 1903//2007 1289//2007 1902//2007
f 1902//2008 1289//2008 1290//2008
f 1902//2009 1290//2009 1287//2009
f 1297//2010 1296//2010 1757//2010
f 1757//2011 1296//2011 1295//2011
f 1757//2012 1295//2012 1904//2012
f 1904//2013 1295//2013 1294//2013
f 1904//2014 1294//2014 1759//2014
f 1759//2015 1294//2015 1293//2015
f 1759//2016 1293//2016 1292//2016
f 1299//2017 1298//2017 1764//2017
f 1764//2018 1298//2018 1756//2018
f 1764//2019 1756//2019 1762//2019
f 1762//2020 1756//2020 1832//2020
f 1762//2021 1832//2021 1836//2021
f 1836//2022 1832//2022 1831//2022
f 1919//2023 1301//2023 1302//2023
f 1835//1836 1779//1836 1763//1836
f 1763//2024 1779//2024 1919//2024
f 1763//2024 1919//2024 1764//2024
f 1764//2025 1919//2025 1302//2025
f 1764//2026 1302//2026 1299//2026
f 1920//2027 1303//2027 1300//2027
f 1778//2028 1776//2028 1779//2028
f 1779//2029 1776//2029 1920//2029
f 1779//2030 1920//2030 1919//2030
f 1919//2031 1920//2031 1300//2031
f 1919//2032 1300//2032 1301//2032
f 1775//2033 1841//2033 1776//2033
f 1776//2034 1841//2034 1909//2034
f 1776//2035 1909//2035 1920//2035
f 1920//2036 1909//2036 1304//2036
f 1920//2037 1304//2037 1303//2037
f 1309//2038 1308//2038 1754//2038
f 1754//2039 1308//2039 1305//2039
f 1754//2040 1305//2040 1908//2040
f 1908//2041 1305//2041 1306//2041
f 1908//2042 1306//2042 1909//2042
f 1909//2043 1306//2043 1307//2043
f 1909//2044 1307//2044 1304//2044
f 1314//2045 1313//2045 1753//2045
f 1753//2046 1313//2046 1312//2046
f 1753//2047 1312//2047 1907//2047
f 1907//2048 1312//2048 1311//2048
f 1907//2049 1311//2049 1755//2049
f 1755//2050 1311//2050 1310//2050
f 1755//2051 1310//2051 1309//2051
f 1315//2052 1752//2052 1316//2052
f 1316//2053 1752//2053 1906//2053
f 1316//2054 1906//2054 1319//2054
f 1319//2055 1906//2055 1905//2055
f 1319//2056 1905//2056 1318//2056
f 1921//2057 1320//2057 1317//2057
f 1863//2058 1773//2058 1866//2058
f 1866//2059 1773//2059 1921//2059
f 1866//2060 1921//2060 1905//2060
f 1905//2061 1921//2061 1317//2061
f 1905//2062 1317//2062 1318//2062
f 1772//2063 1869//2063 1773//2063
f 1773//2064 1869//2064 1912//2064
f 1773//2065 1912//2065 1921//2065
f 1921//2066 1912//2066 1321//2066
f 1921//2067 1321//2067 1320//2067
f 1326//2068 1325//2068 1750//2068
f 1750//2069 1325//2069 1322//2069
f 1750//2070 1322//2070 1911//2070
f 1911//2071 1322//2071 1323//2071
f 1911//2072 1323//2072 1912//2072
f 1912//2073 1323//2073 1324//2073
f 1912//2074 1324//2074 1321//2074
f 1331//2075 1330//2075 1749//2075
f 1749//2076 1330//2076 1329//2076
f 1749//2077 1329//2077 1910//2077
f 1910//2078 1329//2078 1328//2078
f 1910//2079 1328//2079 1751//2079
f 1751//2080 1328//2080 1327//2080
f 1751//2081 1327//2081 1326//2081
f 1889//2082 1891//2082 1887//2082
f 1887//2083 1891//2083 1922//2083
f 1887//2084 1922//2084 1748//2084
f 1748//2085 1922//2085 1333//2085
f 1748//2086 1333//2086 1332//2086
f 1892//2087 1894//2087 1891//2087
f 1891//2088 1894//2088 1913//2088
f 1891//2089 1913//2089 1922//2089
f 1922//2090 1913//2090 1334//2090
f 1922//2091 1334//2091 1333//2091
f 1266//2092 1267//2092 1916//2092
f 1916//2093 1267//2093 1268//2093
f 1916//2094 1268//2094 1915//2094
f 1915//2095 1268//2095 1265//2095
f 1915//2096 1265//2096 1914//2096
f 1914//2097 1265//2097 1336//2097
f 1914//2098 1336//2098 1913//2098
f 1913//2099 1336//2099 1335//2099
f 1913//2100 1335//2100 1334//2100
f 1923//2101 1924//2101 1925//2101
f 1926//2102 1927//2102 1928//2102
f 1929//2103 1930//2103 1931//2103
f 1931//2104 1930//2104 1932//2104
f 1933//2105 1934//2105 1935//2105
f 1935//2106 1934//2106 1936//2106
f 1933//2107 1935//2107 1937//2107
f 1937//2108 1935//2108 1938//2108
f 1937//2109 1938//2109 1939//2109
f 1927//2110 1940//2110 1928//2110
f 1928//2111 1940//2111 1941//2111
f 1928//2112 1941//2112 1942//2112
f 1942//2113 1939//2113 1928//2113
f 1928//2114 1939//2114 1938//2114
f 1928//2115 1938//2115 1926//2115
f 1926//2116 1938//2116 1925//2116
f 1926//2117 1925//2117 1943//2117
f 1943//2118 1925//2118 1924//2118
f 1944//2119 1945//2119 1923//2119
f 1923//2120 1925//2120 1944//2120
f 1944//2121 1925//2121 1938//2121
f 1944//2122 1938//2122 1946//2122
f 1946//2123 1938//2123 1935//2123
f 1946//2124 1935//2124 1932//2124
f 1932//2125 1935//2125 1936//2125
f 1932//2126 1936//2126 1931//2126
f 1947//2127 1945//2127 1948//2127
f 1948//2128 1945//2128 1944//2128
f 1948//2129 1944//2129 1949//2129
f 1949//2130 1944//2130 1946//2130
f 1949//2131 1946//2131 1950//2131
f 1950//2132 1946//2132 1932//2132
f 1950//2133 1932//2133 1951//2133
f 1951//2134 1932//2134 1930//2134
f 1952//2135 1953//2135 1954//2135
f 1952//2136 1955//2136 1956//2136
f 1957//2137 1955//2137 1952//2137
f 1954//2138 1957//2138 1952//2138
f 1958//2139 1959//2139 1960//2139
f 1956//2140 1955//2140 1961//2140
f 1961//2141 1955//2141 1962//2141
f 1961//2142 1962//2142 1963//2142
f 1964//2143 1965//2143 1966//2143
f 1966//2144 1965//2144 1967//2144
f 1966//2145 1967//2145 1968//2145
f 1968//2146 1967//2146 1969//2146
f 1968//2147 1969//2147 1970//2147
f 1966//2148 1971//2148 1964//2148
f 1964//2149 1971//2149 1972//2149
f 1964//2150 1972//2150 1973//2150
f 1973//2151 1972//2151 1974//2151
f 1958//2152 1975//2152 1959//2152
f 1959//2153 1975//2153 1976//2153
f 1959//2154 1976//2154 1977//2154
f 1977//2155 1976//2155 1978//2155
f 1977//2156 1978//2156 1971//2156
f 1971//2157 1978//2157 1979//2157
f 1971//2158 1979//2158 1972//2158
f 1972//2159 1979//2159 1980//2159
f 1972//2160 1980//2160 1974//2160
f 1952//2161 1981//2161 1982//2161
f 1982//2162 1981//2162 1983//2162
f 1953//2163 1952//2163 1982//2163
f 1970//2164 1962//2164 1968//2164
f 1968//2165 1962//2165 1955//2165
f 1968//2166 1955//2166 1966//2166
f 1966//2167 1955//2167 1957//2167
f 1966//2168 1957//2168 1971//2168
f 1971//2169 1957//2169 1954//2169
f 1971//2170 1954//2170 1977//2170
f 1977//2171 1954//2171 1953//2171
f 1977//2172 1953//2172 1959//2172
f 1959//2173 1953//2173 1982//2173
f 1959//2174 1982//2174 1960//2174
f 1960//2175 1982//2175 1983//2175
f 1960//2176 1983//2176 1984//2176
f 1985//2177 1986//2177 1987//2177
f 1987//2178 1986//2178 1988//2178
f 1951//2179 1989//2179 1950//2179
f 1950//2180 1989//2180 1990//2180
f 1950//2181 1990//2181 1949//2181
f 1949//2182 1990//2182 1991//2182
f 1949//2183 1991//2183 1948//2183
f 1948//2184 1991//2184 1992//2184
f 1948//2185 1992//2185 1947//2185
f 1947//2186 1992//2186 1993//2186
f 1947//2187 1993//2187 1994//2187
f 1988//2188 1989//2188 1987//2188
f 1987//2189 1989//2189 1951//2189
f 1987//2190 1951//2190 1985//2190
f 1985//2191 1951//2191 1930//2191
f 1985//2192 1930//2192 1995//2192
f 1995//2193 1930//2193 1929//2193
f 1995//2194 1929//2194 1996//2194
f 1997//2195 1339//2195 1998//2195
f 1998//2196 1339//2196 1344//2196
f 1998//2197 1344//2197 1999//2197
f 1999//2198 1344//2198 2000//2198
f 1997//2199 2001//2199 1339//2199
f 1339//2200 2001//2200 2002//2200
f 1339//2200 2002//2200 1337//2200
f 1337//2201 2002//2201 2003//2201
f 1337//2201 2003//2201 1348//2201
f 1348//2202 2003//2202 2004//2202
f 1348//2202 2004//2202 1347//2202
f 1347//2203 2004//2203 2005//2203
f 1347//2203 2005//2203 1345//2203
f 1345//677 2005//677 2006//677
f 1345//677 2006//677 1346//677
f 1346//2204 2006//2204 2007//2204
f 1346//2204 2007//2204 1338//2204
f 1338//2205 2007//2205 2008//2205
f 1338//2205 2008//2205 1340//2205
f 1340//2206 2008//2206 2009//2206
f 1340//2206 2009//2206 1341//2206
f 1341//2207 2009//2207 2010//2207
f 1341//2207 2010//2207 1342//2207
f 1342//2208 2010//2208 2000//2208
f 1342//2208 2000//2208 1343//2208
f 1343//686 2000//686 1344//686
f 1352//2209 1355//2209 2011//2209
f 2011//2210 2012//2210 1352//2210
f 1352//2211 2012//2211 2013//2211
f 1352//2212 2013//2212 1351//2212
f 1351//2213 2013//2213 2014//2213
f 1351//2214 2014//2214 1349//2214
f 1349//2215 2014//2215 2015//2215
f 1349//2216 2015//2216 2016//2216
f 1364//2217 2017//2217 1363//2217
f 1363//2218 2017//2218 2018//2218
f 2018//2219 2019//2219 1363//2219
f 1363//2220 2019//2220 2020//2220
f 1363//2221 2020//2221 1357//2221
f 1357//2222 2020//2222 2021//2222
f 1357//2223 2021//2223 1355//2223
f 1355//2224 2021//2224 2022//2224
f 1355//2225 2022//2225 2011//2225
f 1349//2226 1371//2226 1373//2226
f 1385//2227 1386//2227 1369//2227
f 1369//2227 1386//2227 1368//2227
f 1385//2228 1369//2228 1379//2228
f 1379//2228 1369//2228 1370//2228
f 1379//2229 1370//2229 1377//2229
f 1377//2229 1370//2229 1359//2229
f 1377//2230 1359//2230 1374//2230
f 1374//2230 1359//2230 1358//2230
f 1374//2231 1358//2231 1373//2231
f 1373//2231 1358//2231 1354//2231
f 1373//2226 1354//2226 1349//2226
f 2023//2232 1365//2232 2024//2232
f 2024//2233 1365//2233 1368//2233
f 2024//2234 1368//2234 2025//2234
f 2025//2235 1368//2235 2026//2235
f 2027//2236 2028//2236 1364//2236
f 1364//2237 1362//2237 2027//2237
f 2027//2238 1362//2238 1361//2238
f 2027//2239 1361//2239 2029//2239
f 2029//2240 1361//2240 1367//2240
f 2029//2241 1367//2241 2030//2241
f 2023//2242 2031//2242 1365//2242
f 1365//2243 2031//2243 2032//2243
f 1365//2244 2032//2244 1366//2244
f 1366//2245 2032//2245 2033//2245
f 1366//2246 2033//2246 1367//2246
f 1367//2247 2033//2247 2034//2247
f 1367//2248 2034//2248 2030//2248
f 2035//2247 2036//2247 1389//2247
f 1386//2249 1384//2249 2037//2249
f 2037//2250 1384//2250 2038//2250
f 1389//2251 2036//2251 1383//2251
f 1383//2252 2036//2252 2039//2252
f 1383//2253 2039//2253 1384//2253
f 1384//2254 2039//2254 2040//2254
f 1384//2255 2040//2255 2038//2255
f 1390//2256 2041//2256 1387//2256
f 1387//2257 2041//2257 2042//2257
f 2042//2258 2043//2258 1387//2258
f 1387//2259 2043//2259 2044//2259
f 1387//2260 2044//2260 1388//2260
f 1388//2261 2044//2261 2045//2261
f 1388//2262 2045//2262 1389//2262
f 1389//2263 2045//2263 2046//2263
f 1389//2264 2046//2264 2035//2264
f 2047//2265 2048//2265 1390//2265
f 2047//2266 1390//2266 2049//2266
f 1390//2267 1391//2267 2049//2267
f 2049//2268 1391//2268 1392//2268
f 2049//2269 1392//2269 2050//2269
f 2050//2270 1392//2270 1381//2270
f 2051//2271 2052//2271 2053//2271
f 2053//2272 2052//2272 2054//2272
f 1380//2273 2055//2273 1381//2273
f 1381//2274 2055//2274 2056//2274
f 1381//2275 2056//2275 2050//2275
f 2054//2276 2055//2276 2053//2276
f 2053//2277 2055//2277 1380//2277
f 2053//2278 1380//2278 2051//2278
f 2051//2279 1380//2279 1376//2279
f 2051//2280 1376//2280 2057//2280
f 2057//2281 1376//2281 1371//2281
f 2057//2282 1371//2282 2058//2282
f 1397//2283 1396//2283 2059//2283
f 2059//2284 2060//2284 1397//2284
f 1397//2196 2060//2196 2061//2196
f 1397//2196 2061//2196 1398//2196
f 1398//2200 2061//2200 2062//2200
f 1398//2200 2062//2200 1393//2200
f 1393//2201 2062//2201 2063//2201
f 1393//2201 2063//2201 1394//2201
f 1394//2202 2063//2202 2064//2202
f 1394//2202 2064//2202 1395//2202
f 1395//2203 2064//2203 2065//2203
f 1395//2203 2065//2203 1401//2203
f 1401//677 2065//677 2066//677
f 1401//677 2066//677 1399//677
f 1399//2204 2066//2204 2067//2204
f 1399//2204 2067//2204 1400//2204
f 1400//2205 2067//2205 2068//2205
f 1400//2205 2068//2205 1402//2205
f 1402//2206 2068//2206 2069//2206
f 1402//2206 2069//2206 1404//2206
f 1404//2207 2069//2207 2070//2207
f 1404//2207 2070//2207 1403//2207
f 1403//2285 2070//2285 2071//2285
f 1403//2286 2071//2286 1396//2286
f 1396//2287 2071//2287 2072//2287
f 1396//2288 2072//2288 2059//2288
f 2073//2289 1407//2289 2074//2289
f 2074//2207 1407//2207 1406//2207
f 2074//2290 1406//2290 2075//2290
f 2075//2291 1406//2291 2076//2291
f 2073//2292 2077//2292 1407//2292
f 1407//2208 2077//2208 2078//2208
f 1407//2208 2078//2208 1412//2208
f 1412//2293 2078//2293 2079//2293
f 1412//2293 2079//2293 1413//2293
f 1413//2294 2079//2294 2080//2294
f 1413//2294 2080//2294 1414//2294
f 1414//2295 2080//2295 2081//2295
f 1414//2295 2081//2295 1416//2295
f 1416//680 2081//680 2082//680
f 1416//680 2082//680 1415//680
f 1415//2202 2082//2202 2083//2202
f 1415//2202 2083//2202 1411//2202
f 1411//2203 2083//2203 2084//2203
f 1411//2203 2084//2203 1410//2203
f 1410//2296 2084//2296 2085//2296
f 1410//2296 2085//2296 1408//2296
f 1408//2297 2085//2297 2086//2297
f 1408//2297 2086//2297 1409//2297
f 1409//2298 2086//2298 2076//2298
f 1409//2298 2076//2298 1405//2298
f 1405//693 2076//693 1406//693
f 1432//2299 2087//2299 1433//2299
f 1433//2300 2087//2300 2088//2300
f 1427//2301 1426//2301 2089//2301
f 2089//2302 2090//2302 1427//2302
f 1427//2303 2090//2303 2091//2303
f 1427//2304 2091//2304 1419//2304
f 1419//2305 2091//2305 2092//2305
f 1419//2306 2092//2306 1417//2306
f 1417//2307 2092//2307 2093//2307
f 1417//2308 2093//2308 2094//2308
f 2088//2309 2095//2309 1433//2309
f 1433//2310 2095//2310 2096//2310
f 1433//2311 2096//2311 1434//2311
f 1434//2312 2096//2312 2097//2312
f 1434//2313 2097//2313 1426//2313
f 1426//2314 2097//2314 2098//2314
f 1426//2315 2098//2315 2089//2315
f 1452//2316 1421//2316 1423//2316
f 1452//2316 1423//2316 1451//2316
f 1451//2317 1423//2317 1418//2317
f 1451//2317 1418//2317 1447//2317
f 1447//2318 1418//2318 1417//2318
f 1447//2318 1417//2318 1448//2318
f 2099//2319 1432//2319 2100//2319
f 2100//2320 1432//2320 1435//2320
f 2100//2321 1435//2321 2101//2321
f 2101//2322 1435//2322 1428//2322
f 2101//2323 1428//2323 2102//2323
f 2102//2324 1428//2324 1430//2324
f 2102//2325 1430//2325 2103//2325
f 1431//2326 2104//2326 1430//2326
f 1430//2327 2104//2327 2105//2327
f 1430//2328 2105//2328 2103//2328
f 2106//2329 2107//2329 1421//2329
f 1421//2330 2107//2330 2108//2330
f 1421//2331 2108//2331 1422//2331
f 1422//2332 2108//2332 2109//2332
f 1422//2333 2109//2333 1431//2333
f 1431//2334 2109//2334 2110//2334
f 1431//2335 2110//2335 2104//2335
f 2111//2336 1452//2336 1453//2336
f 2112//2337 2113//2337 1455//2337
f 1455//2338 2113//2338 2114//2338
f 1455//2339 2114//2339 1454//2339
f 1454//2340 2114//2340 2115//2340
f 1454//2341 2115//2341 1453//2341
f 1453//2342 2115//2342 2116//2342
f 1453//2343 2116//2343 2111//2343
f 1437//2344 2117//2344 1440//2344
f 1440//2345 2117//2345 2118//2345
f 2118//2346 2119//2346 1440//2346
f 1440//2347 2119//2347 2120//2347
f 1440//2348 2120//2348 1456//2348
f 1456//2349 2120//2349 2121//2349
f 1456//2350 2121//2350 1455//2350
f 1455//2351 2121//2351 2122//2351
f 1455//2352 2122//2352 2112//2352
f 1448//2353 2123//2353 2124//2353
f 2125//2354 2126//2354 1437//2354
f 2127//2355 2128//2355 2129//2355
f 2129//2356 2128//2356 2130//2356
f 1448//2357 2124//2357 1446//2357
f 1446//2358 2124//2358 2131//2358
f 1446//2359 2131//2359 1445//2359
f 2125//2360 1437//2360 2132//2360
f 2132//2361 1437//2361 1436//2361
f 2132//2362 1436//2362 2133//2362
f 2133//2363 1436//2363 1441//2363
f 2133//2364 1441//2364 2134//2364
f 2134//2365 1441//2365 1443//2365
f 2134//2366 1443//2366 2130//2366
f 2130//2367 1443//2367 1445//2367
f 2130//2368 1445//2368 2129//2368
f 2129//2369 1445//2369 2131//2369
f 2129//2370 2131//2370 2127//2370
f 1461//2207 2135//2207 1462//2207
f 1462//2208 2135//2208 2136//2208
f 1462//2208 2136//2208 1463//2208
f 1463//2293 2136//2293 2137//2293
f 1463//2293 2137//2293 1464//2293
f 1464//2294 2137//2294 2138//2294
f 1464//2294 2138//2294 1459//2294
f 1459//2295 2138//2295 2139//2295
f 1459//2295 2139//2295 1457//2295
f 1457//680 2139//680 2140//680
f 1457//680 2140//680 1468//680
f 1468//2202 2140//2202 2141//2202
f 1468//2202 2141//2202 1467//2202
f 1467//2203 2141//2203 2142//2203
f 1467//2203 2142//2203 1465//2203
f 1465//2296 2142//2296 2143//2296
f 1465//2296 2143//2296 1466//2296
f 1466//2297 2143//2297 2144//2297
f 1466//2297 2144//2297 1458//2297
f 1458//2371 2144//2371 2145//2371
f 1458//2372 2145//2372 1460//2372
f 2145//2373 2146//2373 1460//2373
f 1460//2374 2146//2374 2147//2374
f 1460//2375 2147//2375 1461//2375
f 1461//2376 2147//2376 2148//2376
f 1461//2207 2148//2207 2135//2207
f 1505//2377 2149//2377 1506//2377
f 1506//2378 2149//2378 2150//2378
f 1506//2379 2150//2379 2151//2379
f 2152//2380 2153//2380 1505//2380
f 1505//2381 2153//2381 2154//2381
f 1505//2382 2154//2382 2149//2382
f 2155//2383 1471//2383 2156//2383
f 2156//2384 1471//2384 1470//2384
f 2156//2385 1470//2385 1488//2385
f 1505//2386 1503//2386 2152//2386
f 2152//2387 1503//2387 1471//2387
f 2152//2388 1471//2388 2157//2388
f 2157//2389 1471//2389 2155//2389
f 1490//2390 2158//2390 1488//2390
f 1488//2391 2158//2391 2159//2391
f 2159//2392 2160//2392 1488//2392
f 1488//2393 2160//2393 2161//2393
f 1488//2394 2161//2394 2156//2394
f 1511//2395 1483//2395 1482//2395
f 1511//2396 1482//2396 1526//2396
f 1526//2397 1482//2397 1496//2397
f 1526//2398 1496//2398 1527//2398
f 1527//2399 1496//2399 1528//2399
f 1528//2400 1496//2400 1480//2400
f 1528//2401 1480//2401 1529//2401
f 1529//2402 1480//2402 1479//2402
f 1529//2403 1479//2403 1525//2403
f 1525//2404 1479//2404 1501//2404
f 1525//2405 1501//2405 1523//2405
f 1523//2406 1501//2406 1502//2406
f 1523//2407 1502//2407 1521//2407
f 1506//2408 1519//2408 1478//2408
f 1478//2409 1519//2409 1521//2409
f 1478//2410 1521//2410 1476//2410
f 1476//2411 1521//2411 1502//2411
f 1484//2412 1483//2412 2162//2412
f 2162//2413 2163//2413 1484//2413
f 1484//2414 2163//2414 2164//2414
f 1484//2415 2164//2415 1498//2415
f 2165//2416 1490//2416 2166//2416
f 2166//2417 1490//2417 1489//2417
f 1489//2418 1486//2418 2166//2418
f 2166//2419 1486//2419 1485//2419
f 2166//2420 1485//2420 2167//2420
f 2167//2421 1485//2421 1491//2421
f 2167//2422 1491//2422 2168//2422
f 2168//2423 1491//2423 1493//2423
f 2168//2424 1493//2424 2169//2424
f 2164//2425 2170//2425 1498//2425
f 1498//2426 2170//2426 2171//2426
f 1498//2427 2171//2427 1495//2427
f 1495//2428 2171//2428 2172//2428
f 1495//2429 2172//2429 1493//2429
f 1493//2430 2172//2430 2169//2430
f 2173//2431 2174//2431 1535//2431
f 2175//2432 2176//2432 1520//2432
f 2173//2433 1535//2433 2177//2433
f 2177//2434 1535//2434 1534//2434
f 2177//2435 1534//2435 2178//2435
f 2178//2436 1534//2436 1533//2436
f 2178//2437 1533//2437 2179//2437
f 2179//2438 1533//2438 1531//2438
f 2179//2439 1531//2439 2176//2439
f 2176//2440 1531//2440 1530//2440
f 2176//2441 1530//2441 1520//2441
f 2180//2442 2175//2442 2181//2442
f 2181//2443 2175//2443 1520//2443
f 2181//2444 1520//2444 2182//2444
f 2182//2445 1520//2445 1519//2445
f 2182//2446 1519//2446 2183//2446
f 1511//2447 1510//2447 2184//2447
f 2184//2448 1510//2448 2185//2448
f 2185//2449 1510//2449 2186//2449
f 2186//2450 1510//2450 1508//2450
f 2186//2451 1508//2451 2187//2451
f 2187//2452 1508//2452 1507//2452
f 2187//2453 1507//2453 2188//2453
f 2188//2454 1507//2454 1514//2454
f 1535//2455 2189//2455 1517//2455
f 1517//2456 2189//2456 2190//2456
f 1517//2457 2190//2457 1518//2457
f 2190//2458 2191//2458 1518//2458
f 1518//2459 2191//2459 2192//2459
f 1518//2460 2192//2460 1515//2460
f 1515//2461 2192//2461 2193//2461
f 1515//2462 2193//2462 1514//2462
f 1514//2463 2193//2463 2194//2463
f 1514//2464 2194//2464 2188//2464
f 1545//677 1544//677 2195//677
f 2195//2465 1544//2465 1546//2465
f 2195//2465 1546//2465 2196//2465
f 2196//2466 1546//2466 1547//2466
f 2196//2466 1547//2466 2197//2466
f 2197//2467 1547//2467 1540//2467
f 2197//2467 1540//2467 2198//2467
f 2198//2295 1540//2295 1539//2295
f 2198//2295 1539//2295 2199//2295
f 2199//2294 1539//2294 1541//2294
f 2199//2294 1541//2294 2200//2294
f 2200//686 1541//686 1542//686
f 2200//686 1542//686 2201//686
f 2201//2468 1542//2468 1543//2468
f 2201//2468 1543//2468 2202//2468
f 2202//2469 1543//2469 1538//2469
f 2202//2469 1538//2469 2203//2469
f 2203//2470 1538//2470 1537//2470
f 2203//2470 1537//2470 2204//2470
f 2204//2298 1537//2298 1536//2298
f 2204//2298 1536//2298 2205//2298
f 2195//2471 2206//2471 1545//2471
f 1545//2472 2206//2472 2207//2472
f 1545//2297 2207//2297 1536//2297
f 1536//2473 2207//2473 2208//2473
f 1536//2474 2208//2474 2205//2474
f 2209//2475 2210//2475 2211//2475
f 2212//2476 2213//2476 2214//2476
f 2214//2477 2213//2477 2215//2477
f 2214//2478 2215//2478 2216//2478
f 2217//2479 2218//2479 2219//2479
f 2219//2480 2218//2480 2220//2480
f 2219//2481 2220//2481 2221//2481
f 2210//2482 2222//2482 2211//2482
f 2211//2483 2222//2483 2223//2483
f 2211//2484 2223//2484 2224//2484
f 2224//2485 2225//2485 2211//2485
f 2211//2486 2225//2486 2226//2486
f 2211//2487 2226//2487 2220//2487
f 2220//2488 2226//2488 2227//2488
f 2220//2489 2227//2489 2221//2489
f 2228//2490 2229//2490 2230//2490
f 2228//2491 2230//2491 2211//2491
f 2211//2492 2230//2492 2231//2492
f 2211//2493 2231//2493 2209//2493
f 2232//2494 2233//2494 2228//2494
f 2228//2495 2233//2495 2234//2495
f 2228//2496 2234//2496 2229//2496
f 2216//2497 2235//2497 2214//2497
f 2214//2498 2235//2498 2236//2498
f 2214//2499 2236//2499 2228//2499
f 2228//2500 2236//2500 2237//2500
f 2228//2501 2237//2501 2232//2501
f 2151//887 1558//887 1506//887
f 1506//887 1558//887 1559//887
f 1559//887 1560//887 1506//887
f 1506//887 1560//887 1548//887
f 1506//887 1548//887 1519//887
f 1519//887 1548//887 1550//887
f 2238//887 1555//887 2239//887
f 2239//887 1555//887 1556//887
f 2239//887 1556//887 2151//887
f 2151//887 1556//887 1557//887
f 2151//887 1557//887 1558//887
f 1550//887 1549//887 1519//887
f 1519//887 1549//887 1551//887
f 1519//887 1551//887 2183//887
f 2183//887 1551//887 1552//887
f 2183//887 1552//887 1553//887
f 2238//887 2240//887 1555//887
f 1555//888 2240//888 2241//888
f 1555//887 2241//887 1554//887
f 1554//887 2241//887 2242//887
f 1554//887 2242//887 1553//887
f 1553//2502 2242//2502 2243//2502
f 1553//887 2243//887 2183//887
f 2244//2503 2245//2503 2246//2503
f 2246//2504 2245//2504 2247//2504
f 2248//2505 2249//2505 2250//2505
f 2250//2506 2249//2506 2251//2506
f 2250//2507 2251//2507 2252//2507
f 2253//2508 2254//2508 2255//2508
f 2255//2509 2256//2509 2253//2509
f 2253//2510 2256//2510 2257//2510
f 2253//2511 2257//2511 2251//2511
f 2251//2512 2257//2512 2258//2512
f 2251//2513 2258//2513 2252//2513
f 2259//2514 2260//2514 2261//2514
f 2261//2515 2262//2515 2259//2515
f 2259//2516 2262//2516 2263//2516
f 2259//2517 2263//2517 2253//2517
f 2253//2518 2263//2518 2264//2518
f 2253//2519 2264//2519 2254//2519
f 2247//2520 2265//2520 2246//2520
f 2246//2521 2265//2521 2266//2521
f 2246//2522 2266//2522 2259//2522
f 2266//2523 2267//2523 2259//2523
f 2259//2524 2267//2524 2268//2524
f 2259//2525 2268//2525 2269//2525
f 2269//2526 2270//2526 2259//2526
f 2259//2527 2270//2527 2271//2527
f 2259//2528 2271//2528 2260//2528
f 1448//693 1565//693 1566//693
f 1565//693 1448//693 1564//693
f 1564//693 1448//693 1417//693
f 1564//693 1417//693 1563//693
f 1572//693 1573//693 2094//693
f 2094//693 1573//693 1562//693
f 2094//693 1562//693 1417//693
f 1417//693 1562//693 1561//693
f 1417//693 1561//693 1563//693
f 1566//693 1568//693 1448//693
f 1448//693 1568//693 1567//693
f 1448//693 1567//693 2123//693
f 2123//693 1567//693 1569//693
f 2123//693 1569//693 2272//693
f 2272//693 1569//693 1570//693
f 1571//2529 2273//2529 1570//2529
f 1570//2530 2273//2530 2274//2530
f 1570//693 2274//693 2272//693
f 2094//693 2275//693 1572//693
f 1572//693 2275//693 2276//693
f 1572//693 2276//693 1571//693
f 1571//2531 2276//2531 2277//2531
f 1571//2532 2277//2532 2273//2532
f 2278//2533 2279//2533 2280//2533
f 2280//2534 2279//2534 2281//2534
f 2280//2535 2281//2535 2282//2535
f 2283//2536 2284//2536 2285//2536
f 2285//2537 2284//2537 2286//2537
f 2286//2538 2287//2538 2285//2538
f 2285//2539 2287//2539 2288//2539
f 2285//2540 2288//2540 2281//2540
f 2281//2541 2288//2541 2289//2541
f 2281//2542 2289//2542 2282//2542
f 2290//2543 2291//2543 2292//2543
f 2291//2544 2293//2544 2292//2544
f 2292//2545 2293//2545 2294//2545
f 2292//2546 2294//2546 2285//2546
f 2285//2547 2294//2547 2295//2547
f 2285//2548 2295//2548 2283//2548
f 2296//2549 2297//2549 2298//2549
f 2298//2550 2297//2550 2299//2550
f 2298//2551 2299//2551 2300//2551
f 2300//2552 2301//2552 2298//2552
f 2298//2553 2301//2553 2302//2553
f 2298//2554 2302//2554 2292//2554
f 2292//2555 2302//2555 2303//2555
f 2292//2556 2303//2556 2290//2556
f 2304//2557 2305//2557 2306//2557
f 2306//2558 2305//2558 2307//2558
f 2306//2559 2307//2559 2308//2559
f 2309//2560 2310//2560 2311//2560
f 2311//2561 2310//2561 2312//2561
f 2312//2562 2313//2562 2311//2562
f 2311//2563 2313//2563 2314//2563
f 2311//2564 2314//2564 2307//2564
f 2307//2565 2314//2565 2315//2565
f 2307//2566 2315//2566 2308//2566
f 2316//2567 2317//2567 2318//2567
f 2317//2568 2319//2568 2318//2568
f 2318//2569 2319//2569 2320//2569
f 2318//2570 2320//2570 2311//2570
f 2311//2571 2320//2571 2321//2571
f 2311//2572 2321//2572 2309//2572
f 2322//2573 2323//2573 2324//2573
f 2324//2574 2323//2574 2325//2574
f 2324//2575 2325//2575 2326//2575
f 2326//2576 2327//2576 2324//2576
f 2324//2577 2327//2577 2328//2577
f 2324//2578 2328//2578 2318//2578
f 2318//2579 2328//2579 2329//2579
f 2318//2580 2329//2580 2316//2580
f 1579//2581 1578//2581 2330//2581
f 2330//2582 2331//2582 1579//2582
f 1579//2583 2331//2583 2332//2583
f 1579//2584 2332//2584 1592//2584
f 1592//2585 2332//2585 2333//2585
f 1592//2586 2333//2586 1576//2586
f 1576//2587 2333//2587 2334//2587
f 1576//2588 2334//2588 2335//2588
f 1589//2589 2336//2589 1580//2589
f 1580//2590 2336//2590 2337//2590
f 2337//2591 2338//2591 1580//2591
f 1580//2592 2338//2592 2339//2592
f 1580//2593 2339//2593 1581//2593
f 1581//2594 2339//2594 2340//2594
f 1581//2595 2340//2595 1578//2595
f 1578//2596 2340//2596 2341//2596
f 1578//2597 2341//2597 2330//2597
f 1594//2598 1583//2598 1585//2598
f 1594//2598 1585//2598 1595//2598
f 1595//2599 1585//2599 1577//2599
f 1595//2599 1577//2599 1611//2599
f 1611//2600 1577//2600 1576//2600
f 1611//2601 1576//2601 1607//2601
f 2342//2602 1589//2602 2343//2602
f 2343//2603 1589//2603 1590//2603
f 2343//2604 1590//2604 2344//2604
f 2344//2605 1590//2605 1591//2605
f 2344//2606 1591//2606 2345//2606
f 2345//2607 1591//2607 1588//2607
f 2345//2608 1588//2608 2346//2608
f 1587//2609 2347//2609 1588//2609
f 1588//2610 2347//2610 2348//2610
f 1588//2611 2348//2611 2346//2611
f 2349//2612 2350//2612 1583//2612
f 1583//2613 2350//2613 2351//2613
f 1583//2614 2351//2614 1584//2614
f 1584//2615 2351//2615 2352//2615
f 1584//2616 2352//2616 1587//2616
f 1587//2617 2352//2617 2353//2617
f 1587//2618 2353//2618 2347//2618
f 2354//2619 2355//2619 1601//2619
f 1594//2620 1593//2620 2356//2620
f 2356//2621 1593//2621 2357//2621
f 1601//2622 2355//2622 1602//2622
f 1602//2623 2355//2623 2358//2623
f 1602//2624 2358//2624 1593//2624
f 1593//2625 2358//2625 2359//2625
f 1593//2626 2359//2626 2357//2626
f 1597//2627 2360//2627 1598//2627
f 1598//2628 2360//2628 2361//2628
f 2361//2629 2362//2629 1598//2629
f 1598//2630 2362//2630 2363//2630
f 1598//2631 2363//2631 1600//2631
f 1600//2632 2363//2632 2364//2632
f 1600//2633 2364//2633 1601//2633
f 1601//2634 2364//2634 2365//2634
f 1601//2634 2365//2634 2354//2634
f 2366//2635 1609//2635 2367//2635
f 2367//2636 1609//2636 1608//2636
f 2367//2637 1608//2637 2368//2637
f 2368//2638 1608//2638 1607//2638
f 2368//2639 1607//2639 2369//2639
f 1596//2640 2370//2640 1597//2640
f 1597//2641 2370//2641 2371//2641
f 2366//2642 2372//2642 1609//2642
f 1609//2643 2372//2643 2373//2643
f 1609//2644 2373//2644 1605//2644
f 1605//2644 2373//2644 1606//2644
f 1606//2645 2373//2645 2374//2645
f 1606//2646 2374//2646 1596//2646
f 1596//2647 2374//2647 2375//2647
f 1596//2648 2375//2648 2370//2648
f 1615//2297 2376//2297 1616//2297
f 1616//2298 2376//2298 2377//2298
f 1616//2298 2377//2298 1612//2298
f 1612//2470 2377//2470 2378//2470
f 1612//2470 2378//2470 1613//2470
f 1613//2469 2378//2469 2379//2469
f 1613//2469 2379//2469 1614//2469
f 1614//2468 2379//2468 2380//2468
f 1614//2468 2380//2468 1619//2468
f 1619//686 2380//686 2381//686
f 1619//686 2381//686 1620//686
f 1620//2294 2381//2294 2382//2294
f 1620//2294 2382//2294 1621//2294
f 1621//2295 2382//2295 2383//2295
f 1621//2295 2383//2295 1623//2295
f 1623//2467 2383//2467 2384//2467
f 1623//2467 2384//2467 1622//2467
f 1622//2466 2384//2466 2385//2466
f 1622//2466 2385//2466 1618//2466
f 1618//2649 2385//2649 2386//2649
f 1618//2650 2386//2650 1617//2650
f 2386//2651 2387//2651 1617//2651
f 1617//2652 2387//2652 2388//2652
f 1617//2653 2388//2653 1615//2653
f 1615//2654 2388//2654 2389//2654
f 1615//2297 2389//2297 2376//2297
f 1626//680 1630//680 2390//680
f 2390//2200 1630//2200 1629//2200
f 2390//2200 1629//2200 2391//2200
f 2391//2196 1629//2196 1631//2196
f 2391//2196 1631//2196 2392//2196
f 2392//2655 1631//2655 1632//2655
f 2392//2655 1632//2655 2393//2655
f 2393//2468 1632//2468 1628//2468
f 2393//2468 1628//2468 2394//2468
f 2394//2469 1628//2469 1627//2469
f 2394//2469 1627//2469 2395//2469
f 2395//693 1627//693 1625//693
f 2395//693 1625//693 2396//693
f 2396//2205 1625//2205 1624//2205
f 2396//2205 1624//2205 2397//2205
f 2397//2204 1624//2204 1635//2204
f 2397//2204 1635//2204 2398//2204
f 2398//2656 1635//2656 1634//2656
f 2398//2656 1634//2656 2399//2656
f 2399//2465 1634//2465 1633//2465
f 2399//2465 1633//2465 2400//2465
f 2390//2657 2401//2657 1626//2657
f 1626//2658 2401//2658 2402//2658
f 1626//2466 2402//2466 1633//2466
f 1633//2659 2402//2659 2403//2659
f 1633//2660 2403//2660 2400//2660
f 2404//2661 2405//2661 1659//2661
f 2404//2662 1659//2662 2406//2662
f 2406//2663 1659//2663 1656//2663
f 2406//2664 1656//2664 2407//2664
f 2407//2665 1656//2665 1655//2665
f 2407//2666 1655//2666 2408//2666
f 1654//2667 2409//2667 1655//2667
f 1655//2668 2409//2668 2408//2668
f 1636//2669 2410//2669 1645//2669
f 1645//2670 2410//2670 2411//2670
f 1645//2671 2411//2671 2412//2671
f 2412//2672 2413//2672 1645//2672
f 1645//2673 2413//2673 2414//2673
f 1645//2674 2414//2674 1646//2674
f 1646//2675 2414//2675 2415//2675
f 1646//2676 2415//2676 1654//2676
f 1654//2677 2415//2677 2416//2677
f 1654//2678 2416//2678 2409//2678
f 1665//2679 1651//2679 1664//2679
f 1664//2679 1651//2679 1650//2679
f 1664//2680 1650//2680 1663//2680
f 1663//2680 1650//2680 1653//2680
f 1663//2681 1653//2681 1666//2681
f 1666//2681 1653//2681 1652//2681
f 1666//2682 1652//2682 1668//2682
f 1668//2683 1652//2683 1657//2683
f 1668//2684 1657//2684 1671//2684
f 1671//2685 1657//2685 1658//2685
f 1671//2686 1658//2686 1669//2686
f 1669//2686 1658//2686 1659//2686
f 2417//2687 1649//2687 2418//2687
f 2418//2688 1649//2688 1651//2688
f 2418//2689 1651//2689 2419//2689
f 2419//2690 1651//2690 2420//2690
f 2421//2691 1636//2691 2422//2691
f 2422//2692 1636//2692 1640//2692
f 2422//2693 1640//2693 2423//2693
f 2423//2694 1640//2694 1641//2694
f 2423//2695 1641//2695 2424//2695
f 2424//2696 1641//2696 1642//2696
f 2417//2697 2425//2697 1649//2697
f 1649//2698 2425//2698 2426//2698
f 1649//2699 2426//2699 1644//2699
f 1644//2700 2426//2700 2427//2700
f 1644//2701 2427//2701 1642//2701
f 1642//2702 2427//2702 2428//2702
f 1642//2703 2428//2703 2424//2703
f 2429//2704 2430//2704 1677//2704
f 2429//2705 1677//2705 2431//2705
f 1677//2706 1683//2706 2431//2706
f 2431//2707 1683//2707 1673//2707
f 2431//2708 1673//2708 2432//2708
f 2432//2709 1673//2709 1675//2709
f 2432//2710 1675//2710 2433//2710
f 2433//2711 1675//2711 2434//2711
f 2434//2712 1675//2712 1676//2712
f 2434//2713 1676//2713 2435//2713
f 2435//2714 1676//2714 2436//2714
f 2436//2715 1676//2715 1670//2715
f 2436//2716 1670//2716 2437//2716
f 2437//2717 1670//2717 2438//2717
f 2438//2718 1670//2718 1669//2718
f 2438//2719 1669//2719 2439//2719
f 2440//2720 1665//2720 2441//2720
f 2441//2721 1665//2721 1662//2721
f 2441//2722 1662//2722 2442//2722
f 2442//2723 1662//2723 1661//2723
f 2442//2724 1661//2724 2443//2724
f 2443//2725 1661//2725 2444//2725
f 2444//2726 1661//2726 1681//2726
f 2444//2727 1681//2727 2445//2727
f 1677//2728 2446//2728 1678//2728
f 1678//2729 2446//2729 2447//2729
f 2447//2730 2448//2730 1678//2730
f 1678//2731 2448//2731 2449//2731
f 1678//2732 2449//2732 1680//2732
f 1680//2733 2449//2733 2450//2733
f 1680//2734 2450//2734 1681//2734
f 1681//2735 2450//2735 2451//2735
f 1681//2735 2451//2735 2445//2735
f 1695//2736 1688//2736 2452//2736
f 2452//2737 2453//2737 1695//2737
f 1695//2466 2453//2466 2454//2466
f 1695//2466 2454//2466 1694//2466
f 1694//2465 2454//2465 2455//2465
f 1694//2465 2455//2465 1692//2465
f 1692//2656 2455//2656 2456//2656
f 1692//2656 2456//2656 1693//2656
f 1693//2204 2456//2204 2457//2204
f 1693//2204 2457//2204 1684//2204
f 1684//2205 2457//2205 2458//2205
f 1684//2205 2458//2205 1685//2205
f 1685//693 2458//693 2459//693
f 1685//693 2459//693 1686//693
f 1686//2469 2459//2469 2460//2469
f 1686//2469 2460//2469 1691//2469
f 1691//2468 2460//2468 2461//2468
f 1691//2468 2461//2468 1690//2468
f 1690//2655 2461//2655 2462//2655
f 1690//2655 2462//2655 1689//2655
f 1689//2196 2462//2196 2463//2196
f 1689//2196 2463//2196 1687//2196
f 1687//2738 2463//2738 2464//2738
f 1687//2739 2464//2739 1688//2739
f 1688//2740 2464//2740 2465//2740
f 1688//2741 2465//2741 2452//2741
f 1707//686 1708//686 2016//686
f 2016//686 1708//686 1697//686
f 2016//686 1697//686 1349//686
f 1349//686 1697//686 1696//686
f 1705//2742 1706//2742 2466//2742
f 2016//686 2467//686 1707//686
f 1707//686 2467//686 2468//686
f 1707//686 2468//686 1706//686
f 1706//2743 2468//2743 2469//2743
f 1706//2744 2469//2744 2466//2744
f 1696//686 1698//686 1349//686
f 1349//686 1698//686 1699//686
f 1349//686 1699//686 1371//686
f 1371//686 1699//686 1700//686
f 1371//686 1700//686 1701//686
f 1701//686 1702//686 1371//686
f 1371//686 1702//686 1703//686
f 1371//686 1703//686 2058//686
f 2058//686 1703//686 1704//686
f 2058//686 1704//686 2470//686
f 2470//686 1704//686 1705//686
f 2470//686 1705//686 2471//686
f 2471//2745 1705//2745 2466//2745
f 2472//2746 2473//2746 2474//2746
f 2474//2747 2473//2747 2475//2747
f 2474//2748 2475//2748 2476//2748
f 2477//2749 2478//2749 2479//2749
f 2479//2750 2478//2750 2480//2750
f 2480//2751 2481//2751 2479//2751
f 2479//2752 2481//2752 2482//2752
f 2479//2753 2482//2753 2475//2753
f 2475//2754 2482//2754 2483//2754
f 2475//2755 2483//2755 2476//2755
f 2484//2756 2485//2756 2486//2756
f 2485//2757 2487//2757 2486//2757
f 2486//2758 2487//2758 2488//2758
f 2486//2759 2488//2759 2479//2759
f 2479//2760 2488//2760 2489//2760
f 2479//2761 2489//2761 2477//2761
f 2490//2762 2491//2762 2492//2762
f 2492//2763 2491//2763 2493//2763
f 2492//2764 2493//2764 2494//2764
f 2494//2765 2495//2765 2492//2765
f 2492//2766 2495//2766 2496//2766
f 2492//2767 2496//2767 2486//2767
f 2486//2768 2496//2768 2497//2768
f 2486//2769 2497//2769 2484//2769
f 1720//604 1721//604 2498//604
f 2498//604 1721//604 1710//604
f 2498//604 1710//604 1984//604
f 1984//604 1710//604 1709//604
f 1709//604 1711//604 1984//604
f 1984//604 1711//604 1712//604
f 1984//604 1712//604 1929//604
f 1929//604 1712//604 1713//604
f 1929//604 1713//604 1714//604
f 1714//604 1715//604 1929//604
f 1929//604 1715//604 1716//604
f 1929//604 1716//604 1996//604
f 1996//604 1716//604 1717//604
f 1996//604 1717//604 2499//604
f 2499//604 1717//604 1718//604
f 1719//604 2500//604 1718//604
f 1718//604 2500//604 2501//604
f 1718//604 2501//604 2499//604
f 2498//604 2502//604 1720//604
f 1720//604 2502//604 2503//604
f 1720//604 2503//604 1719//604
f 1719//604 2503//604 2504//604
f 1719//604 2504//604 2500//604
f 2505//2770 2506//2770 2507//2770
f 2507//2771 2506//2771 2508//2771
f 2507//2772 2508//2772 2509//2772
f 2510//2773 2511//2773 2512//2773
f 2512//2774 2511//2774 2513//2774
f 2513//2775 2514//2775 2512//2775
f 2512//2776 2514//2776 2515//2776
f 2512//2777 2515//2777 2508//2777
f 2508//2778 2515//2778 2516//2778
f 2508//2779 2516//2779 2509//2779
f 2517//2780 2518//2780 2519//2780
f 2518//2781 2520//2781 2519//2781
f 2519//2782 2520//2782 2521//2782
f 2519//2783 2521//2783 2512//2783
f 2512//2784 2521//2784 2522//2784
f 2512//2785 2522//2785 2510//2785
f 2523//2786 2524//2786 2525//2786
f 2525//2787 2524//2787 2526//2787
f 2525//2788 2526//2788 2527//2788
f 2527//2789 2528//2789 2525//2789
f 2525//2790 2528//2790 2529//2790
f 2525//2791 2529//2791 2519//2791
f 2519//2792 2529//2792 2530//2792
f 2519//2793 2530//2793 2517//2793
f 1733//680 1734//680 2405//680
f 2405//680 1734//680 1723//680
f 2405//680 1723//680 1659//680
f 1659//680 1723//680 1722//680
f 1722//680 1724//680 1659//680
f 1659//680 1724//680 1725//680
f 1659//680 1725//680 1669//680
f 1669//680 1725//680 1726//680
f 1669//680 1726//680 1727//680
f 1731//2794 1732//2794 2531//2794
f 2405//680 2532//680 1733//680
f 1733//680 2532//680 2533//680
f 1733//680 2533//680 1732//680
f 1732//2795 2533//2795 2534//2795
f 1732//2796 2534//2796 2531//2796
f 1727//680 1728//680 1669//680
f 1669//680 1728//680 1729//680
f 1669//680 1729//680 2439//680
f 2439//680 1729//680 1730//680
f 2439//680 1730//680 2535//680
f 2535//680 1730//680 1731//680
f 2535//2797 1731//2797 2536//2797
f 2536//2798 1731//2798 2531//2798
f 2537//2799 2538//2799 2539//2799
f 2539//2800 2538//2800 2540//2800
f 2539//2801 2540//2801 2541//2801
f 2542//2802 2543//2802 2544//2802
f 2544//2803 2543//2803 2545//2803
f 2545//2804 2546//2804 2544//2804
f 2544//2805 2546//2805 2547//2805
f 2544//2806 2547//2806 2540//2806
f 2540//2807 2547//2807 2548//2807
f 2540//2808 2548//2808 2541//2808
f 2549//2809 2550//2809 2551//2809
f 2550//2810 2552//2810 2551//2810
f 2551//2811 2552//2811 2553//2811
f 2551//2812 2553//2812 2544//2812
f 2544//2813 2553//2813 2554//2813
f 2544//2814 2554//2814 2542//2814
f 2555//2815 2556//2815 2557//2815
f 2557//2816 2556//2816 2558//2816
f 2557//2817 2558//2817 2559//2817
f 2559//2818 2560//2818 2557//2818
f 2557//2819 2560//2819 2561//2819
f 2557//2820 2561//2820 2551//2820
f 2551//2821 2561//2821 2562//2821
f 2551//2822 2562//2822 2549//2822
f 2563//2823 2564//2823 2565//2823
f 2565//2824 2564//2824 2566//2824
f 2565//2825 2566//2825 2567//2825
f 2568//2826 2569//2826 2570//2826
f 2570//2827 2569//2827 2571//2827
f 2571//2828 2572//2828 2570//2828
f 2570//2829 2572//2829 2573//2829
f 2570//2830 2573//2830 2566//2830
f 2566//2831 2573//2831 2574//2831
f 2566//2832 2574//2832 2567//2832
f 2575//2833 2576//2833 2577//2833
f 2576//2834 2578//2834 2577//2834
f 2577//2835 2578//2835 2579//2835
f 2577//2836 2579//2836 2570//2836
f 2570//2837 2579//2837 2580//2837
f 2570//2838 2580//2838 2568//2838
f 2581//2839 2582//2839 2583//2839
f 2583//2840 2582//2840 2584//2840
f 2583//2841 2584//2841 2585//2841
f 2585//2842 2586//2842 2583//2842
f 2583//2843 2586//2843 2587//2843
f 2583//2844 2587//2844 2577//2844
f 2577//2845 2587//2845 2588//2845
f 2577//2846 2588//2846 2575//2846
f 1746//677 1747//677 2335//677
f 2335//677 1747//677 1736//677
f 2335//677 1736//677 1576//677
f 1576//677 1736//677 1735//677
f 1735//677 1737//677 1576//677
f 1576//677 1737//677 1738//677
f 1576//677 1738//677 1607//677
f 1607//677 1738//677 1739//677
f 1607//677 1739//677 1740//677
f 1744//2847 1745//2847 2589//2847
f 2335//677 2590//677 1746//677
f 1746//677 2590//677 2591//677
f 1746//677 2591//677 1745//677
f 1745//2848 2591//2848 2592//2848
f 1745//2849 2592//2849 2589//2849
f 1740//677 1741//677 1607//677
f 1607//677 1741//677 1742//677
f 1607//677 1742//677 2369//677
f 2369//677 1742//677 1743//677
f 2369//677 1743//677 2593//677
f 2593//677 1743//677 1744//677
f 2593//2850 1744//2850 2594//2850
f 2594//2851 1744//2851 2589//2851
f 2595//2852 2596//2852 2597//2852
f 2598//2853 2599//2853 2600//2853
f 2601//2854 2602//2854 2603//2854
f 2604//2855 2605//2855 2606//2855
f 2607//2856 2608//2856 2609//2856
f 2610//2857 2611//2857 2612//2857
f 2613//2858 2614//2858 2615//2858
f 2616//2859 2617//2859 2618//2859
f 2619//2860 2620//2860 2621//2860
f 2622//2861 2623//2861 2624//2861
f 2625//2862 2626//2862 2627//2862
f 2628//2863 2629//2863 2630//2863
f 2631//2864 2632//2864 2633//2864
f 2634//2865 2635//2865 2636//2865
f 1851//2866 1850//2866 2637//2866
f 1819//2867 1817//2867 2597//2867
f 1781//2868 1780//2868 2600//2868
f 1816//2869 1815//2869 2603//2869
f 1812//2870 1811//2870 2612//2870
f 1786//2871 1785//2871 2615//2871
f 1809//2872 1808//2872 2618//2872
f 1807//2873 1805//2873 2621//2873
f 1798//2874 1796//2874 2630//2874
f 1795//2875 1794//2875 2633//2875
f 1793//2876 1792//2876 2636//2876
f 1791//2877 1788//2877 2638//2877
f 1798//2874 2630//2874 1800//2874
f 1802//2878 1801//2878 2627//2878
f 1783//2879 1814//2879 2609//2879
f 2639//2880 1824//2880 2640//2880
f 2640//2880 1824//2880 1822//2880
f 2640//2880 1822//2880 1821//2880
f 1834//2881 1829//2881 2641//2881
f 2641//2882 1829//2882 1828//2882
f 2641//2883 1828//2883 2642//2883
f 2642//2883 1828//2883 1826//2883
f 2642//2884 1826//2884 2639//2884
f 2639//2884 1826//2884 1825//2884
f 2639//2885 1825//2885 1824//2885
f 1833//2886 2643//2886 1831//2886
f 1831//2886 2643//2886 2644//2886
f 1831//2886 2644//2886 1836//2886
f 1836//2887 2644//2887 1837//2887
f 1838//2888 2645//2888 1839//2888
f 1839//2888 2645//2888 2646//2888
f 1839//2888 2646//2888 1835//2888
f 1835//2889 2646//2889 1777//2889
f 1775//2890 1774//2890 2647//2890
f 2647//2891 1774//2891 1778//2891
f 2647//2891 1778//2891 2648//2891
f 1840//2892 2649//2892 1842//2892
f 1842//2892 2649//2892 2650//2892
f 1842//2892 2650//2892 1844//2892
f 1844//2893 2650//2893 1845//2893
f 2637//2894 1850//2894 2651//2894
f 2651//2894 1850//2894 1848//2894
f 2651//2895 1848//2895 1847//2895
f 1852//2896 2652//2896 1854//2896
f 1854//2897 2652//2897 2653//2897
f 1854//2897 2653//2897 1855//2897
f 1855//2898 2653//2898 1857//2898
f 1858//2899 2654//2899 1860//2899
f 1860//2899 2654//2899 2655//2899
f 1860//2899 2655//2899 1861//2899
f 1861//2900 2655//2900 1864//2900
f 1865//2901 2656//2901 1867//2901
f 1867//2901 2656//2901 2657//2901
f 1867//2902 2657//2902 1863//2902
f 1863//2903 2657//2903 1771//2903
f 1870//2904 1868//2904 2658//2904
f 2658//2905 1868//2905 1772//2905
f 2658//2906 1772//2906 2659//2906
f 1872//2907 2660//2907 1873//2907
f 1873//2907 2660//2907 2661//2907
f 1878//2908 1876//2908 2661//2908
f 2661//2908 1876//2908 1875//2908
f 2661//2907 1875//2907 1873//2907
f 1879//2909 2662//2909 1881//2909
f 1881//2909 2662//2909 2663//2909
f 1881//2910 2663//2910 1882//2910
f 1883//2911 2664//2911 1885//2911
f 1885//2911 2664//2911 2665//2911
f 1885//2911 2665//2911 1886//2911
f 1886//2912 2665//2912 1888//2912
f 1889//2913 2666//2913 1890//2913
f 1890//2914 2666//2914 2667//2914
f 1890//2914 2667//2914 1892//2914
f 1892//2915 2667//2915 1893//2915
f 1895//2916 2668//2916 1896//2916
f 1896//2916 2668//2916 2669//2916
f 1896//2917 2669//2917 1788//2917
f 1788//2917 2669//2917 2638//2917
f 2638//2918 2669//2918 2670//2918
f 2638//2919 2670//2919 2671//2919
f 2671//2920 2634//2920 2638//2920
f 2638//2920 2634//2920 2636//2920
f 2638//2921 2636//2921 1791//2921
f 1791//2921 2636//2921 1792//2921
f 2635//2922 2631//2922 2636//2922
f 2636//2922 2631//2922 2633//2922
f 2636//2876 2633//2876 1793//2876
f 1793//2923 2633//2923 1794//2923
f 2632//2924 2628//2924 2633//2924
f 2633//2925 2628//2925 2630//2925
f 2633//2875 2630//2875 1795//2875
f 1795//2875 2630//2875 1796//2875
f 2629//2862 2625//2862 2630//2862
f 2630//2862 2625//2862 2627//2862
f 2630//2874 2627//2874 1800//2874
f 1800//2926 2627//2926 1801//2926
f 2626//2927 2622//2927 2627//2927
f 2627//2927 2622//2927 2624//2927
f 2627//2878 2624//2878 1802//2878
f 1802//2928 2624//2928 1804//2928
f 2623//2929 2619//2929 2624//2929
f 2624//2930 2619//2930 2621//2930
f 2624//2928 2621//2928 1804//2928
f 1804//2931 2621//2931 1805//2931
f 2620//2859 2616//2859 2621//2859
f 2621//2859 2616//2859 2618//2859
f 2621//2932 2618//2932 1807//2932
f 1807//2932 2618//2932 1808//2932
f 2617//2933 2613//2933 2618//2933
f 2618//2933 2613//2933 2615//2933
f 2618//2872 2615//2872 1809//2872
f 1809//2872 2615//2872 1785//2872
f 2614//2934 2610//2934 2615//2934
f 2615//2934 2610//2934 2612//2934
f 2615//2871 2612//2871 1786//2871
f 1786//2935 2612//2935 1811//2935
f 2611//2936 2607//2936 2612//2936
f 2612//2936 2607//2936 2609//2936
f 2612//2870 2609//2870 1812//2870
f 1812//2937 2609//2937 1814//2937
f 2608//2855 2604//2855 2609//2855
f 2609//2855 2604//2855 2606//2855
f 2609//2879 2606//2879 1783//2879
f 1783//2938 2606//2938 1784//2938
f 2605//2939 2601//2939 2606//2939
f 2606//2939 2601//2939 2603//2939
f 2606//2940 2603//2940 1784//2940
f 1784//2938 2603//2938 1815//2938
f 2602//2941 2598//2941 2603//2941
f 2603//2941 2598//2941 2600//2941
f 2603//2942 2600//2942 1816//2942
f 1816//2942 2600//2942 1780//2942
f 2599//2852 2595//2852 2600//2852
f 2600//2852 2595//2852 2597//2852
f 2600//2868 2597//2868 1781//2868
f 1781//2943 2597//2943 1817//2943
f 2596//2944 2672//2944 2597//2944
f 2597//2944 2672//2944 2640//2944
f 2597//2945 2640//2945 1819//2945
f 1819//2945 2640//2945 1821//2945
f 2672//2944 2673//2944 2640//2944
f 2640//2946 2673//2946 2674//2946
f 2640//2946 2674//2946 2639//2946
f 2639//2946 2674//2946 2675//2946
f 2639//2947 2675//2947 2642//2947
f 2675//2948 2676//2948 2642//2948
f 2642//2948 2676//2948 2677//2948
f 2642//2949 2677//2949 2641//2949
f 2641//2950 2677//2950 2678//2950
f 2678//2950 2679//2950 2641//2950
f 2641//2951 2679//2951 2643//2951
f 2641//2881 2643//2881 1834//2881
f 1834//2881 2643//2881 1833//2881
f 2679//2951 2680//2951 2643//2951
f 2643//2951 2680//2951 2681//2951
f 2643//2952 2681//2952 2644//2952
f 2644//2952 2681//2952 2682//2952
f 2682//2952 2683//2952 2644//2952
f 2644//2953 2683//2953 2645//2953
f 2644//2887 2645//2887 1837//2887
f 1837//2954 2645//2954 1838//2954
f 2683//2953 2684//2953 2645//2953
f 2645//2953 2684//2953 2685//2953
f 2645//2955 2685//2955 2646//2955
f 2646//2955 2685//2955 2686//2955
f 2646//2955 2686//2955 2687//2955
f 2687//2956 2688//2956 2646//2956
f 2646//2956 2688//2956 2648//2956
f 2646//2889 2648//2889 1777//2889
f 1777//2891 2648//2891 1778//2891
f 2689//2957 2647//2957 2690//2957
f 2690//2957 2647//2957 2648//2957
f 2690//2958 2648//2958 2691//2958
f 2691//2956 2648//2956 2688//2956
f 2689//2959 2692//2959 2647//2959
f 2647//2960 2692//2960 2649//2960
f 2647//2961 2649//2961 1775//2961
f 1775//2961 2649//2961 1840//2961
f 2693//2962 2650//2962 2694//2962
f 2694//2963 2650//2963 2649//2963
f 2694//2963 2649//2963 2695//2963
f 2695//2960 2649//2960 2692//2960
f 2693//2964 2696//2964 2650//2964
f 2650//2964 2696//2964 2651//2964
f 2650//2965 2651//2965 1845//2965
f 1845//2965 2651//2965 1847//2965
f 2697//2966 2637//2966 2698//2966
f 2698//2967 2637//2967 2651//2967
f 2698//2967 2651//2967 2699//2967
f 2699//2964 2651//2964 2696//2964
f 2697//2968 2700//2968 2637//2968
f 2637//2968 2700//2968 2652//2968
f 2637//2866 2652//2866 1851//2866
f 1851//2866 2652//2866 1852//2866
f 2701//2969 2653//2969 2702//2969
f 2702//2970 2653//2970 2652//2970
f 2702//2970 2652//2970 2703//2970
f 2703//2971 2652//2971 2700//2971
f 2701//2972 2704//2972 2653//2972
f 2653//2972 2704//2972 2654//2972
f 2653//2973 2654//2973 1857//2973
f 1857//2974 2654//2974 1858//2974
f 2705//2975 2655//2975 2706//2975
f 2706//2975 2655//2975 2654//2975
f 2706//2975 2654//2975 2707//2975
f 2707//2972 2654//2972 2704//2972
f 2705//2976 2708//2976 2655//2976
f 2655//2977 2708//2977 2656//2977
f 2655//2900 2656//2900 1864//2900
f 1864//2978 2656//2978 1865//2978
f 2709//2979 2657//2979 2710//2979
f 2710//2979 2657//2979 2656//2979
f 2710//2980 2656//2980 2711//2980
f 2711//2977 2656//2977 2708//2977
f 2709//2981 2712//2981 2657//2981
f 2657//2981 2712//2981 2659//2981
f 2657//2903 2659//2903 1771//2903
f 1771//2982 2659//2982 1772//2982
f 2713//2983 2658//2983 2714//2983
f 2714//2983 2658//2983 2659//2983
f 2714//2984 2659//2984 2715//2984
f 2715//2981 2659//2981 2712//2981
f 2713//2985 2716//2985 2658//2985
f 2658//2986 2716//2986 2660//2986
f 2658//2987 2660//2987 1870//2987
f 1870//2987 2660//2987 1872//2987
f 2717//2988 2661//2988 2718//2988
f 2718//2989 2661//2989 2660//2989
f 2718//2989 2660//2989 2719//2989
f 2719//2986 2660//2986 2716//2986
f 2717//2990 2720//2990 2661//2990
f 2661//2990 2720//2990 2662//2990
f 2661//2991 2662//2991 1878//2991
f 1878//2909 2662//2909 1879//2909
f 2721//2992 2663//2992 2722//2992
f 2722//2993 2663//2993 2662//2993
f 2722//2994 2662//2994 2723//2994
f 2723//2995 2662//2995 2720//2995
f 2721//2996 2724//2996 2663//2996
f 2663//2997 2724//2997 2664//2997
f 2663//2998 2664//2998 1882//2998
f 1882//2998 2664//2998 1883//2998
f 2725//2999 2665//2999 2726//2999
f 2726//2999 2665//2999 2664//2999
f 2726//2999 2664//2999 2727//2999
f 2727//2997 2664//2997 2724//2997
f 2725//3000 2728//3000 2665//3000
f 2665//3001 2728//3001 2666//3001
f 2665//2912 2666//2912 1888//2912
f 1888//2912 2666//2912 1889//2912
f 2729//3002 2667//3002 2730//3002
f 2730//3002 2667//3002 2666//3002
f 2730//3003 2666//3003 2731//3003
f 2731//3004 2666//3004 2728//3004
f 2729//3005 2732//3005 2667//3005
f 2667//3006 2732//3006 2668//3006
f 2667//2915 2668//2915 1893//2915
f 1893//3007 2668//3007 1895//3007
f 2732//3006 2733//3006 2668//3006
f 2668//3008 2733//3008 2734//3008
f 2668//3009 2734//3009 2669//3009
f 2669//3009 2734//3009 2735//3009
f 2669//2918 2735//2918 2670//2918
f 2736//3010 2737//3010 1952//3010
f 2738//3011 2739//3011 1983//3011
f 1983//3012 2739//3012 1984//3012
f 1984//3013 2739//3013 2740//3013
f 1984//3014 2740//3014 2498//3014
f 1952//3015 2737//3015 1981//3015
f 1981//3016 2737//3016 1983//3016
f 1983//3017 2737//3017 2741//3017
f 1983//3018 2741//3018 2738//3018
f 1956//3019 1961//3019 2742//3019
f 1956//3020 2742//3020 1952//3020
f 1952//3021 2742//3021 2743//3021
f 1952//3022 2743//3022 2736//3022
f 1963//3023 2744//3023 1961//3023
f 1961//3024 2744//3024 2745//3024
f 2745//3025 2746//3025 1961//3025
f 1961//3026 2746//3026 2747//3026
f 1961//3027 2747//3027 2742//3027
f 2748//3028 1941//3028 2749//3028
f 2749//3029 1941//3029 1940//3029
f 2749//3030 1940//3030 2750//3030
f 2750//3031 1940//3031 1927//3031
f 2750//3032 1927//3032 2751//3032
f 2751//3033 1927//3033 1926//3033
f 2751//3034 1926//3034 2752//3034
f 2752//3035 1926//3035 1943//3035
f 1947//3036 2753//3036 1945//3036
f 1945//3037 2753//3037 2754//3037
f 1945//3038 2754//3038 1923//3038
f 2754//3039 2755//3039 1923//3039
f 1923//3040 2755//3040 2756//3040
f 1923//3041 2756//3041 1924//3041
f 1924//3042 2756//3042 2757//3042
f 1924//3043 2757//3043 1943//3043
f 1943//3044 2757//3044 2758//3044
f 1943//3045 2758//3045 2752//3045
f 1942//3046 1941//3046 1980//3046
f 1980//3046 1941//3046 1974//3046
f 1933//3047 1937//3047 1979//3047
f 1979//3048 1937//3048 1980//3048
f 1980//3049 1937//3049 1939//3049
f 1980//3050 1939//3050 1942//3050
f 1979//3050 1978//3050 1933//3050
f 1933//3051 1978//3051 1976//3051
f 1933//3052 1976//3052 1934//3052
f 1934//3053 1976//3053 1975//3053
f 1934//3054 1975//3054 1936//3054
f 1936//3055 1975//3055 1931//3055
f 1931//3056 1975//3056 1958//3056
f 1931//3057 1958//3057 1929//3057
f 1929//3058 1958//3058 1960//3058
f 1929//3059 1960//3059 1984//3059
f 2759//3060 1973//3060 2760//3060
f 2760//3061 1973//3061 1974//3061
f 2760//3062 1974//3062 2761//3062
f 2761//3063 1974//3063 2762//3063
f 2763//3064 2764//3064 1963//3064
f 1963//3065 1962//3065 2763//3065
f 2763//3066 1962//3066 1970//3066
f 2763//3067 1970//3067 2765//3067
f 2765//3068 1970//3068 1969//3068
f 2765//3069 1969//3069 2766//3069
f 2766//3070 1969//3070 1967//3070
f 2766//3071 1967//3071 2767//3071
f 1965//3072 2768//3072 1967//3072
f 1967//3073 2768//3073 2767//3073
f 2759//3074 2769//3074 1973//3074
f 1973//3075 2769//3075 2768//3075
f 1973//3076 2768//3076 1964//3076
f 1964//3077 2768//3077 1965//3077
f 2770//3078 2753//3078 1947//3078
f 1947//3078 1994//3078 2771//3078
f 2771//3078 2772//3078 1947//3078
f 1947//3078 2772//3078 2773//3078
f 1947//3078 2773//3078 2774//3078
f 2774//3078 2775//3078 1947//3078
f 1947//3078 2775//3078 2776//3078
f 1947//3078 2776//3078 2770//3078
f 2777//3079 2490//3079 2778//3079
f 2778//3080 2490//3080 2779//3080
f 2778//3081 2779//3081 2780//3081
f 2777//3082 2781//3082 2490//3082
f 2490//3083 2781//3083 2782//3083
f 2490//3084 2782//3084 2783//3084
f 2783//3085 2784//3085 2490//3085
f 2490//3085 2784//3085 2785//3085
f 2490//3086 2785//3086 2491//3086
f 1997//1 2786//1 2001//1
f 2001//1 2786//1 2002//1
f 1999//1 2000//1 2787//1
f 2787//1 2000//1 2788//1
f 2007//1 2475//1 2008//1
f 2008//1 2475//1 2473//1
f 2008//1 2473//1 2009//1
f 2009//1 2473//1 2788//1
f 2009//1 2788//1 2010//1
f 2010//1 2788//1 2000//1
f 2002//1 2786//1 2003//1
f 2003//1 2786//1 2779//1
f 2003//1 2779//1 2004//1
f 2004//1 2779//1 2490//1
f 2004//1 2490//1 2005//1
f 2005//1 2490//1 2492//1
f 2005//1 2492//1 2006//1
f 2006//1 2492//1 2486//1
f 2006//1 2486//1 2007//1
f 2007//1 2486//1 2479//1
f 2007//1 2479//1 2475//1
f 2789//3087 2473//3087 2790//3087
f 2790//3088 2473//3088 2472//3088
f 2789//3089 2791//3089 2473//3089
f 2473//3090 2791//3090 2792//3090
f 2473//3087 2792//3087 2793//3087
f 2793//3091 2794//3091 2473//3091
f 2473//3092 2794//3092 2795//3092
f 2473//3087 2795//3087 2788//3087
f 2788//3093 2795//3093 2796//3093
f 2797//3094 2017//3094 1364//3094
f 2028//693 2798//693 1364//693
f 1364//3095 2798//3095 2799//3095
f 1364//3096 2799//3096 2800//3096
f 2800//693 2801//693 1364//693
f 1364//693 2801//693 2802//693
f 1364//3097 2802//3097 2797//3097
f 2803//1 2026//1 1368//1
f 2803//1 1368//1 2804//1
f 2804//1 1368//1 2805//1
f 2805//1 1368//1 1386//1
f 2805//1 1386//1 2037//1
f 2806//680 1390//680 2807//680
f 2807//680 1390//680 2048//680
f 2806//3098 2808//3098 1390//3098
f 1390//3099 2808//3099 2809//3099
f 1390//3099 2809//3099 2810//3099
f 2810//3100 2811//3100 1390//3100
f 1390//3101 2811//3101 2812//3101
f 1390//680 2812//680 2041//680
f 2813//3102 2322//3102 2814//3102
f 2814//3103 2322//3103 2815//3103
f 2814//3104 2815//3104 2816//3104
f 2813//3105 2817//3105 2322//3105
f 2322//3106 2817//3106 2818//3106
f 2322//3107 2818//3107 2819//3107
f 2819//3108 2820//3108 2322//3108
f 2322//3109 2820//3109 2821//3109
f 2322//3110 2821//3110 2323//3110
f 2067//1 2305//1 2822//1
f 2071//1 2070//1 2823//1
f 2823//1 2070//1 2069//1
f 2823//1 2069//1 2822//1
f 2822//1 2069//1 2068//1
f 2822//1 2068//1 2067//1
f 2815//1 2060//1 2824//1
f 2824//1 2060//1 2059//1
f 2305//1 2067//1 2307//1
f 2307//1 2067//1 2066//1
f 2307//1 2066//1 2311//1
f 2311//1 2066//1 2065//1
f 2311//1 2065//1 2318//1
f 2318//1 2065//1 2064//1
f 2318//1 2064//1 2324//1
f 2324//1 2064//1 2063//1
f 2324//1 2063//1 2322//1
f 2322//1 2063//1 2062//1
f 2322//1 2062//1 2815//1
f 2815//1 2062//1 2061//1
f 2815//1 2061//1 2060//1
f 2825//3111 2305//3111 2826//3111
f 2826//3112 2305//3112 2304//3112
f 2825//3113 2827//3113 2305//3113
f 2305//3114 2827//3114 2828//3114
f 2305//3115 2828//3115 2829//3115
f 2829//3116 2830//3116 2305//3116
f 2305//3117 2830//3117 2831//3117
f 2305//3113 2831//3113 2822//3113
f 2822//3118 2831//3118 2832//3118
f 2833//3119 2296//3119 2834//3119
f 2834//3120 2296//3120 2835//3120
f 2834//3121 2835//3121 2836//3121
f 2833//3122 2837//3122 2296//3122
f 2296//3123 2837//3123 2838//3123
f 2296//3124 2838//3124 2839//3124
f 2839//3125 2840//3125 2296//3125
f 2296//3125 2840//3125 2841//3125
f 2296//3126 2841//3126 2297//3126
f 2075//1 2076//1 2842//1
f 2842//1 2076//1 2843//1
f 2835//1 2296//1 2080//1
f 2080//1 2296//1 2081//1
f 2081//1 2296//1 2298//1
f 2081//1 2298//1 2082//1
f 2082//1 2298//1 2292//1
f 2082//1 2292//1 2083//1
f 2080//1 2079//1 2835//1
f 2835//1 2079//1 2078//1
f 2835//1 2078//1 2844//1
f 2844//1 2078//1 2077//1
f 2844//1 2077//1 2073//1
f 2292//1 2285//1 2083//1
f 2083//1 2285//1 2281//1
f 2083//1 2281//1 2084//1
f 2084//1 2281//1 2279//1
f 2084//1 2279//1 2085//1
f 2085//1 2279//1 2843//1
f 2085//1 2843//1 2086//1
f 2086//1 2843//1 2076//1
f 2845//3127 2279//3127 2846//3127
f 2846//3128 2279//3128 2278//3128
f 2845//3129 2847//3129 2279//3129
f 2279//3130 2847//3130 2848//3130
f 2279//3131 2848//3131 2849//3131
f 2849//3132 2850//3132 2279//3132
f 2279//3133 2850//3133 2851//3133
f 2279//3131 2851//3131 2843//3131
f 2843//3134 2851//3134 2852//3134
f 2853//3135 2087//3135 1432//3135
f 2099//677 2854//677 1432//677
f 1432//3136 2854//3136 2855//3136
f 1432//3137 2855//3137 2856//3137
f 2856//677 2857//677 1432//677
f 1432//677 2857//677 2858//677
f 1432//3138 2858//3138 2853//3138
f 2859//1 2106//1 1421//1
f 2859//1 1421//1 2860//1
f 2860//1 1421//1 1452//1
f 2860//1 1452//1 2111//1
f 2861//686 1437//686 2862//686
f 2862//686 1437//686 2126//686
f 2861//3139 2863//3139 1437//3139
f 1437//3140 2863//3140 2864//3140
f 1437//3140 2864//3140 2865//3140
f 2865//3141 2866//3141 1437//3141
f 1437//3142 2866//3142 2867//3142
f 1437//686 2867//686 2117//686
f 2868//3143 2244//3143 2869//3143
f 2869//3144 2244//3144 2870//3144
f 2869//3145 2870//3145 2871//3145
f 2868//3146 2872//3146 2244//3146
f 2244//3147 2872//3147 2873//3147
f 2244//3148 2873//3148 2874//3148
f 2874//3149 2875//3149 2244//3149
f 2244//3150 2875//3150 2876//3150
f 2244//3151 2876//3151 2245//3151
f 2145//1 2144//1 2877//1
f 2877//1 2144//1 2143//1
f 2877//1 2143//1 2878//1
f 2878//1 2143//1 2142//1
f 2878//1 2142//1 2141//1
f 2147//1 2879//1 2148//1
f 2148//1 2879//1 2870//1
f 2148//1 2870//1 2135//1
f 2135//1 2870//1 2136//1
f 2136//1 2870//1 2244//1
f 2136//1 2244//1 2137//1
f 2137//1 2244//1 2246//1
f 2137//1 2246//1 2138//1
f 2138//1 2246//1 2259//1
f 2138//1 2259//1 2139//1
f 2139//1 2259//1 2253//1
f 2139//1 2253//1 2140//1
f 2140//1 2253//1 2251//1
f 2140//1 2251//1 2141//1
f 2141//1 2251//1 2249//1
f 2141//1 2249//1 2878//1
f 2249//3152 2880//3152 2878//3152
f 2878//3153 2880//3153 2881//3153
f 2249//3154 2248//3154 2882//3154
f 2882//3155 2883//3155 2249//3155
f 2249//3156 2883//3156 2884//3156
f 2249//3157 2884//3157 2885//3157
f 2885//3158 2886//3158 2249//3158
f 2249//3159 2886//3159 2887//3159
f 2249//3160 2887//3160 2880//3160
f 2888//3078 2158//3078 1490//3078
f 2165//3078 2889//3078 1490//3078
f 1490//3078 2889//3078 2890//3078
f 1490//3078 2890//3078 2891//3078
f 2891//3078 2892//3078 1490//3078
f 1490//3078 2892//3078 2893//3078
f 1490//3078 2893//3078 2888//3078
f 2162//1 1483//1 2894//1
f 2894//1 1483//1 2895//1
f 2895//1 1483//1 2896//1
f 2896//1 1483//1 1511//1
f 2896//1 1511//1 2184//1
f 2897//1677 2898//1677 1535//1677
f 1535//1677 2898//1677 2899//1677
f 1535//1677 2899//1677 2189//1677
f 2900//1677 1535//1677 2901//1677
f 2901//1677 1535//1677 2174//1677
f 2900//1677 2902//1677 1535//1677
f 1535//1677 2902//1677 2903//1677
f 1535//1677 2903//1677 2897//1677
f 2904//3161 2212//3161 2905//3161
f 2905//3162 2212//3162 2906//3162
f 2905//3163 2906//3163 2907//3163
f 2904//3164 2908//3164 2212//3164
f 2212//3165 2908//3165 2909//3165
f 2212//3166 2909//3166 2910//3166
f 2910//3167 2911//3167 2212//3167
f 2212//3167 2911//3167 2912//3167
f 2212//3168 2912//3168 2213//3168
f 2206//1 2195//1 2913//1
f 2913//1 2195//1 2914//1
f 2208//1 2915//1 2205//1
f 2205//1 2915//1 2204//1
f 2199//1 2220//1 2198//1
f 2198//1 2220//1 2218//1
f 2198//1 2218//1 2197//1
f 2197//1 2218//1 2914//1
f 2197//1 2914//1 2196//1
f 2196//1 2914//1 2195//1
f 2204//1 2915//1 2203//1
f 2203//1 2915//1 2906//1
f 2203//1 2906//1 2202//1
f 2202//1 2906//1 2212//1
f 2202//1 2212//1 2201//1
f 2201//1 2212//1 2214//1
f 2201//1 2214//1 2200//1
f 2200//1 2214//1 2228//1
f 2200//1 2228//1 2199//1
f 2199//1 2228//1 2211//1
f 2199//1 2211//1 2220//1
f 2916//3169 2218//3169 2917//3169
f 2917//3170 2218//3170 2217//3170
f 2916//3171 2918//3171 2218//3171
f 2218//3172 2918//3172 2919//3172
f 2218//3173 2919//3173 2920//3173
f 2920//3174 2921//3174 2218//3174
f 2218//3175 2921//3175 2922//3175
f 2218//3173 2922//3173 2914//3173
f 2914//3176 2922//3176 2923//3176
f 2924//3177 2925//3177 2926//3177
f 2927//3178 2928//3178 2929//3178
f 2929//3179 2928//3179 2930//3179
f 2929//3180 2930//3180 2924//3180
f 2924//3181 2930//3181 2931//3181
f 2924//3182 2931//3182 2925//3182
f 2932//3183 2340//3183 2933//3183
f 2933//3184 2340//3184 2339//3184
f 2338//3185 2337//3185 2934//3185
f 2338//3186 2934//3186 2935//3186
f 2935//3187 2934//3187 2936//3187
f 2935//3188 2936//3188 2937//3188
f 2938//3189 2332//3189 2932//3189
f 2932//3190 2332//3190 2331//3190
f 2331//3191 2330//3191 2932//3191
f 2932//3192 2330//3192 2341//3192
f 2932//3193 2341//3193 2340//3193
f 2939//3194 2335//3194 2940//3194
f 2940//3195 2335//3195 2334//3195
f 2940//3196 2334//3196 2333//3196
f 2933//3197 2941//3197 2932//3197
f 2932//3198 2941//3198 2940//3198
f 2932//3199 2940//3199 2938//3199
f 2938//3200 2940//3200 2333//3200
f 2938//3201 2333//3201 2332//3201
f 2942//3202 2943//3202 2944//3202
f 2944//3203 2945//3203 2942//3203
f 2942//3204 2945//3204 2946//3204
f 2942//3205 2946//3205 2947//3205
f 2947//3206 2946//3206 2948//3206
f 2947//3207 2948//3207 2949//3207
f 2950//3208 2951//3208 2936//3208
f 2936//3209 2951//3209 2943//3209
f 2936//3210 2943//3210 2937//3210
f 2937//3211 2943//3211 2942//3211
f 2937//3212 2942//3212 2926//3212
f 2926//3213 2942//3213 2947//3213
f 2926//3214 2947//3214 2924//3214
f 2924//3215 2947//3215 2949//3215
f 2924//3216 2949//3216 2929//3216
f 2950//3217 2936//3217 2952//3217
f 2952//3218 2936//3218 2934//3218
f 2952//3219 2934//3219 2953//3219
f 2953//3220 2934//3220 2337//3220
f 2953//3221 2337//3221 2336//3221
f 2931//3222 2939//3222 2925//3222
f 2925//3223 2939//3223 2940//3223
f 2925//3224 2940//3224 2926//3224
f 2926//3225 2940//3225 2941//3225
f 2926//3226 2941//3226 2937//3226
f 2937//3227 2941//3227 2933//3227
f 2937//3228 2933//3228 2935//3228
f 2935//3229 2933//3229 2339//3229
f 2935//3230 2339//3230 2338//3230
f 2954//3231 2955//3231 2956//3231
f 2957//3232 2944//3232 2943//3232
f 2956//3233 2955//3233 2943//3233
f 2943//3234 2955//3234 2958//3234
f 2943//3235 2958//3235 2957//3235
f 2959//3236 2960//3236 2961//3236
f 2962//3237 2963//3237 2959//3237
f 2959//3238 2963//3238 2964//3238
f 2959//3239 2964//3239 2960//3239
f 2965//3240 2966//3240 2962//3240
f 2962//3241 2966//3241 2967//3241
f 2962//3242 2967//3242 2963//3242
f 2968//3243 2969//3243 2970//3243
f 2970//3244 2969//3244 2971//3244
f 2970//3244 2971//3244 2972//3244
f 2973//3245 2974//3245 2975//3245
f 2972//3246 2976//3246 2970//3246
f 2970//3247 2976//3247 2977//3247
f 2970//3248 2977//3248 2978//3248
f 2978//3249 2977//3249 2979//3249
f 2978//3250 2979//3250 2980//3250
f 2978//3251 2981//3251 2970//3251
f 2970//3252 2981//3252 2982//3252
f 2970//3253 2982//3253 2968//3253
f 2968//3254 2982//3254 2983//3254
f 2336//3255 2974//3255 2953//3255
f 2953//3256 2974//3256 2973//3256
f 2953//3257 2973//3257 2952//3257
f 2952//3258 2973//3258 2984//3258
f 2952//3259 2984//3259 2950//3259
f 2950//3260 2984//3260 2951//3260
f 2985//3261 2986//3261 2962//3261
f 2962//3262 2986//3262 2987//3262
f 2962//3263 2987//3263 2965//3263
f 2943//3264 2951//3264 2956//3264
f 2956//3265 2951//3265 2984//3265
f 2956//3266 2984//3266 2981//3266
f 2981//3267 2984//3267 2973//3267
f 2981//3268 2973//3268 2982//3268
f 2982//3269 2973//3269 2975//3269
f 2982//3270 2975//3270 2983//3270
f 2980//3271 2985//3271 2978//3271
f 2978//3272 2985//3272 2962//3272
f 2978//3273 2962//3273 2981//3273
f 2981//3274 2962//3274 2959//3274
f 2981//3275 2959//3275 2956//3275
f 2956//3276 2959//3276 2961//3276
f 2956//3277 2961//3277 2954//3277
f 2988//3278 2989//3278 2990//3278
f 2991//3279 2916//3279 2917//3279
f 2917//3280 2217//3280 2991//3280
f 2991//3281 2217//3281 2992//3281
f 2991//3282 2992//3282 2993//3282
f 2994//3283 2919//3283 2918//3283
f 2995//3284 2922//3284 2921//3284
f 2919//3285 2994//3285 2920//3285
f 2920//3286 2994//3286 2990//3286
f 2920//3287 2990//3287 2921//3287
f 2921//3288 2990//3288 2989//3288
f 2921//3289 2989//3289 2995//3289
f 2996//3290 2997//3290 2998//3290
f 2998//3291 2997//3291 2999//3291
f 3000//3292 3001//3292 3002//3292
f 3002//3293 3001//3293 2998//3293
f 3002//3294 2998//3294 3003//3294
f 3004//3295 3005//3295 3006//3295
f 3007//3296 3008//3296 3004//3296
f 3004//3297 3008//3297 3009//3297
f 3004//3298 3009//3298 3010//3298
f 3001//3299 3011//3299 2998//3299
f 2998//3300 3011//3300 3012//3300
f 2998//3301 3012//3301 2996//3301
f 2996//3302 3012//3302 3013//3302
f 2996//3303 3013//3303 3014//3303
f 3010//3304 3015//3304 3016//3304
f 3010//3305 3016//3305 3004//3305
f 3004//3306 3016//3306 3017//3306
f 3004//3307 3017//3307 3005//3307
f 3018//3308 3019//3308 2999//3308
f 2999//3309 3019//3309 3020//3309
f 2999//3310 3020//3310 2998//3310
f 2998//3311 3020//3311 3021//3311
f 2998//3312 3021//3312 3003//3312
f 3022//3313 3023//3313 3007//3313
f 3007//3314 3023//3314 3008//3314
f 2993//3315 3022//3315 2991//3315
f 2991//3316 3022//3316 3007//3316
f 2991//3317 3007//3317 2997//3317
f 2997//3318 3007//3318 3004//3318
f 2997//3319 3004//3319 2999//3319
f 2999//3320 3004//3320 3006//3320
f 2999//3321 3006//3321 3018//3321
f 3014//3322 2988//3322 2996//3322
f 2996//3323 2988//3323 2990//3323
f 2996//3324 2990//3324 2997//3324
f 2997//3325 2990//3325 2994//3325
f 2997//3326 2994//3326 2991//3326
f 2991//3327 2994//3327 2918//3327
f 2991//3328 2918//3328 2916//3328
f 2993//3329 2992//3329 3024//3329
f 3025//3330 3026//3330 3027//3330
f 2215//3331 2213//3331 3028//3331
f 2215//3332 3028//3332 2216//3332
f 2232//3333 2237//3333 3029//3333
f 3029//3334 2237//3334 2236//3334
f 3029//3335 2236//3335 2235//3335
f 3030//3336 2234//3336 2233//3336
f 2222//3337 2210//3337 3031//3337
f 3031//3338 2210//3338 2209//3338
f 3031//3339 2209//3339 3032//3339
f 3032//3340 2209//3340 2231//3340
f 3032//3341 2231//3341 2230//3341
f 2226//3342 2225//3342 3033//3342
f 3033//3343 2225//3343 2224//3343
f 3033//3344 2224//3344 3031//3344
f 3031//3345 2224//3345 2223//3345
f 3031//3346 2223//3346 2222//3346
f 2226//3347 3033//3347 2227//3347
f 2227//3348 3033//3348 3024//3348
f 2227//3349 3024//3349 2221//3349
f 2221//3350 3024//3350 2219//3350
f 2219//3351 3024//3351 2992//3351
f 2219//3352 2992//3352 2217//3352
f 3009//3353 3034//3353 3010//3353
f 3010//3354 3034//3354 3035//3354
f 3010//3355 3035//3355 3015//3355
f 3034//3356 3036//3356 3037//3356
f 3037//3357 3036//3357 3038//3357
f 3037//3358 3038//3358 3039//3358
f 3040//3359 3041//3359 3042//3359
f 3039//3360 3040//3360 3037//3360
f 3037//3361 3040//3361 3042//3361
f 3037//3362 3042//3362 3034//3362
f 3034//3363 3042//3363 3043//3363
f 3034//3364 3043//3364 3035//3364
f 3044//3365 3045//3365 3046//3365
f 3046//3366 3045//3366 3027//3366
f 3047//3367 3048//3367 3049//3367
f 3049//3368 3048//3368 3050//3368
f 3049//3369 3050//3369 3051//3369
f 3026//3370 3052//3370 3027//3370
f 3027//3371 3052//3371 3053//3371
f 3027//3372 3053//3372 3046//3372
f 3046//3373 3053//3373 3054//3373
f 3046//3374 3054//3374 3055//3374
f 3056//3375 3057//3375 3058//3375
f 3058//3376 3057//3376 3059//3376
f 3058//3377 3059//3377 3060//3377
f 2235//3378 3061//3378 3029//3378
f 3029//3379 3061//3379 3059//3379
f 3029//3380 3059//3380 3062//3380
f 3062//3381 3059//3381 3057//3381
f 3063//3382 3025//3382 3057//3382
f 3057//3383 3025//3383 3027//3383
f 3057//3384 3027//3384 3062//3384
f 3062//3385 3027//3385 3045//3385
f 3062//3386 3045//3386 3029//3386
f 3029//3387 3045//3387 3030//3387
f 3029//3388 3030//3388 2232//3388
f 2232//3389 3030//3389 2233//3389
f 3009//3390 3008//3390 3034//3390
f 3034//3391 3008//3391 3023//3391
f 3034//3392 3023//3392 3036//3392
f 3036//3393 3023//3393 3022//3393
f 3056//3394 3064//3394 3057//3394
f 3057//3395 3064//3395 3065//3395
f 3057//3396 3065//3396 3063//3396
f 3063//3397 3065//3397 3066//3397
f 3066//3398 3065//3398 3067//3398
f 3055//3399 3047//3399 3046//3399
f 3046//3400 3047//3400 3049//3400
f 3046//3401 3049//3401 3044//3401
f 3044//3402 3049//3402 3051//3402
f 3044//3403 3051//3403 3039//3403
f 3039//3404 3051//3404 3068//3404
f 3039//3405 3068//3405 3040//3405
f 2235//3406 2216//3406 3061//3406
f 3061//3407 2216//3407 3028//3407
f 3061//3408 3028//3408 3059//3408
f 3059//3409 3028//3409 3069//3409
f 3059//3410 3069//3410 3060//3410
f 3022//3411 2993//3411 3036//3411
f 3036//3412 2993//3412 3024//3412
f 3036//3413 3024//3413 3038//3413
f 3038//3414 3024//3414 3033//3414
f 3038//3415 3033//3415 3039//3415
f 3039//3416 3033//3416 3031//3416
f 3039//3417 3031//3417 3044//3417
f 3044//3418 3031//3418 3032//3418
f 3044//3419 3032//3419 3045//3419
f 3045//3420 3032//3420 2230//3420
f 3045//3421 2230//3421 3030//3421
f 3030//3422 2230//3422 2229//3422
f 3030//3423 2229//3423 2234//3423
f 3070//3424 3067//3424 3065//3424
f 2909//3425 2908//3425 3071//3425
f 3071//3426 2908//3426 2904//3426
f 2904//3427 2905//3427 3071//3427
f 3071//3428 2905//3428 3072//3428
f 3071//3429 3072//3429 3073//3429
f 3074//3430 2912//3430 2911//3430
f 3076//3431 3077//3431 3078//3431
f 3070//3432 3065//3432 3079//3432
f 3080//3433 3081//3433 3082//3433
f 3082//3434 3081//3434 3083//3434
f 3084//3435 3082//3435 3085//3435
f 2910//3436 2909//3436 3086//3436
f 3086//3437 2909//3437 3071//3437
f 3086//3438 3071//3438 3076//3438
f 3065//3439 3064//3439 3075//3439
f 3075//3440 3064//3440 3056//3440
f 3075//3441 3056//3441 3074//3441
f 3074//3442 3056//3442 3058//3442
f 3058//3443 3060//3443 3074//3443
f 3074//3444 3060//3444 3069//3444
f 3074//3445 3069//3445 2912//3445
f 2912//3446 3069//3446 3028//3446
f 2912//3447 3028//3447 2213//3447
f 3084//3448 3087//3448 3082//3448
f 3082//3449 3087//3449 3088//3449
f 3082//3450 3088//3450 3080//3450
f 3080//3451 3088//3451 3089//3451
f 3090//3452 3091//3452 3077//3452
f 3077//3453 3091//3453 3092//3453
f 3077//3454 3092//3454 3078//3454
f 3078//3455 3092//3455 3093//3455
f 3078//3456 3093//3456 3079//3456
f 3094//3457 3095//3457 3085//3457
f 3085//3458 3095//3458 3096//3458
f 3085//3459 3096//3459 3084//3459
f 3073//3460 3094//3460 3071//3460
f 3071//3461 3094//3461 3085//3461
f 3071//3462 3085//3462 3076//3462
f 3076//3463 3085//3463 3082//3463
f 3076//3464 3082//3464 3077//3464
f 3077//3465 3082//3465 3083//3465
f 3077//3466 3083//3466 3090//3466
f 3079//3467 3065//3467 3078//3467
f 3078//3468 3065//3468 3075//3468
f 3078//3469 3075//3469 3076//3469
f 3076//3470 3075//3470 3074//3470
f 3076//3471 3074//3471 3086//3471
f 3086//3472 3074//3472 2911//3472
f 3086//3473 2911//3473 2910//3473
f 3097//3474 2900//3474 2901//3474
f 2901//3475 2174//3475 3097//3475
f 3097//3476 2174//3476 3098//3476
f 3097//3477 3098//3477 3099//3477
f 3100//3478 2903//3478 2902//3478
f 2903//3479 3100//3479 2897//3479
f 2897//3480 3100//3480 3101//3480
f 2897//3481 3101//3481 2898//3481
f 3102//3482 3103//3482 3104//3482
f 3104//3483 3103//3483 3105//3483
f 3104//3484 3105//3484 3106//3484
f 3107//3485 3108//3485 3109//3485
f 3109//3486 3108//3486 3110//3486
f 3109//3487 3110//3487 3111//3487
f 3106//3488 3112//3488 3104//3488
f 3104//3489 3112//3489 3113//3489
f 3104//3490 3113//3490 3114//3490
f 3114//3491 3113//3491 3115//3491
f 3114//3492 3115//3492 3116//3492
f 3114//3493 3117//3493 3104//3493
f 3104//3494 3117//3494 3118//3494
f 3104//3495 3118//3495 3102//3495
f 3102//3496 3118//3496 3119//3496
f 3120//3497 3107//3497 3121//3497
f 3121//3498 3107//3498 3109//3498
f 3121//3499 3109//3499 3122//3499
f 3122//3500 3109//3500 3123//3500
f 3124//3501 3125//3501 3101//3501
f 3125//3502 3126//3502 3101//3502
f 3101//3503 3126//3503 3127//3503
f 3101//3504 3127//3504 2898//3504
f 2898//3505 3127//3505 3128//3505
f 2898//3506 3128//3506 2899//3506
f 3129//3507 3130//3507 3123//3507
f 3123//3508 3130//3508 3131//3508
f 3123//3509 3131//3509 3122//3509
f 3099//3510 3129//3510 3097//3510
f 3097//3511 3129//3511 3123//3511
f 3097//3512 3123//3512 3117//3512
f 3117//3513 3123//3513 3109//3513
f 3117//3514 3109//3514 3118//3514
f 3118//3515 3109//3515 3111//3515
f 3118//3516 3111//3516 3119//3516
f 3116//3517 3124//3517 3114//3517
f 3114//3518 3124//3518 3101//3518
f 3114//3519 3101//3519 3117//3519
f 3117//3520 3101//3520 3100//3520
f 3117//3521 3100//3521 3097//3521
f 3097//3522 3100//3522 2902//3522
f 3097//3523 2902//3523 2900//3523
f 3132//3524 3133//3524 3134//3524
f 2182//3525 2183//3525 3135//3525
f 3122//3526 3131//3526 3136//3526
f 3135//3527 3137//3527 3138//3527
f 3138//3528 3137//3528 3139//3528
f 3138//3529 3139//3529 3140//3529
f 3140//3530 3139//3530 3141//3530
f 3140//3531 3141//3531 3136//3531
f 3136//3532 3141//3532 3142//3532
f 3136//3533 3142//3533 3122//3533
f 3122//3534 3142//3534 3121//3534
f 2176//3535 3143//3535 2179//3535
f 2179//3536 3143//3536 2178//3536
f 2176//3537 2175//3537 3144//3537
f 3144//3538 2175//3538 2180//3538
f 3144//3539 2180//3539 2181//3539
f 2178//3540 3143//3540 2177//3540
f 2177//3541 3143//3541 3145//3541
f 2177//3542 3145//3542 2173//3542
f 2173//3543 3145//3543 3098//3543
f 2173//3544 3098//3544 2174//3544
f 3133//3545 3129//3545 3099//3545
f 3129//3546 3133//3546 3130//3546
f 3130//3547 3133//3547 3132//3547
f 3130//3548 3132//3548 3131//3548
f 3144//3549 3146//3549 2176//3549
f 2176//3550 3146//3550 3134//3550
f 2176//3551 3134//3551 3143//3551
f 3143//3552 3134//3552 3133//3552
f 3143//3553 3133//3553 3145//3553
f 3145//3554 3133//3554 3099//3554
f 3145//3555 3099//3555 3098//3555
f 3147//3556 3148//3556 3149//3556
f 3149//3557 3148//3557 3139//3557
f 3149//3558 3139//3558 3150//3558
f 3150//3559 3139//3559 3137//3559
f 3148//3560 3151//3560 3139//3560
f 3139//3561 3151//3561 3152//3561
f 3139//3562 3152//3562 3141//3562
f 3141//3563 3152//3563 3153//3563
f 3141//3564 3153//3564 3142//3564
f 3142//3565 3153//3565 3154//3565
f 3142//3566 3154//3566 3121//3566
f 3121//3567 3154//3567 3120//3567
f 3131//3568 3132//3568 3136//3568
f 3136//3569 3132//3569 3134//3569
f 3136//3570 3134//3570 3140//3570
f 3140//3571 3134//3571 3146//3571
f 3140//3572 3146//3572 3138//3572
f 3138//3573 3146//3573 3144//3573
f 3138//3574 3144//3574 3135//3574
f 3135//3575 3144//3575 2181//3575
f 3135//3576 2181//3576 2182//3576
f 3155//3577 3156//3577 3149//3577
f 3149//3578 3156//3578 3157//3578
f 3149//3579 3157//3579 3147//3579
f 3158//3580 3159//3580 3160//3580
f 3158//3581 3160//3581 3161//3581
f 3161//3582 3160//3582 3162//3582
f 3161//3583 3162//3583 3155//3583
f 3163//3584 3164//3584 3165//3584
f 3164//3585 3166//3585 3165//3585
f 3165//3586 3166//3586 3167//3586
f 3165//3587 3167//3587 3158//3587
f 3158//3588 3167//3588 3168//3588
f 3158//3589 3168//3589 3159//3589
f 2238//3590 2239//3590 3165//3590
f 3165//3591 2239//3591 2151//3591
f 3165//3592 2151//3592 3169//3592
f 3170//3593 3163//3593 3171//3593
f 3171//3594 3163//3594 3165//3594
f 3171//3595 3165//3595 3172//3595
f 3172//3596 3165//3596 3169//3596
f 2238//3597 3165//3597 2240//3597
f 2240//3598 3165//3598 3158//3598
f 2240//3599 3158//3599 2241//3599
f 3137//3600 3135//3600 3161//3600
f 3155//3601 3149//3601 3161//3601
f 3161//3602 3149//3602 3150//3602
f 3161//3603 3150//3603 3137//3603
f 2241//3604 3158//3604 2242//3604
f 2242//3605 3158//3605 3161//3605
f 2242//3606 3161//3606 2243//3606
f 2243//3607 3161//3607 3135//3607
f 2243//3608 3135//3608 2183//3608
f 3173//3609 2157//3609 2155//3609
f 2157//3610 3173//3610 2152//3610
f 3174//3611 3175//3611 3176//3611
f 2158//3612 3177//3612 2159//3612
f 2159//3613 3177//3613 3178//3613
f 3179//3614 3180//3614 3181//3614
f 3177//3615 3174//3615 3178//3615
f 3178//3616 3174//3616 3176//3616
f 3178//3617 3176//3617 3182//3617
f 3182//3618 3176//3618 3179//3618
f 3182//3619 3179//3619 3183//3619
f 3183//3620 3179//3620 3181//3620
f 3183//3621 2156//3621 3182//3621
f 3182//3622 2156//3622 2161//3622
f 3182//3623 2161//3623 3178//3623
f 3178//3624 2161//3624 2160//3624
f 3178//3625 2160//3625 2159//3625
f 3184//3626 3185//3626 3173//3626
f 3186//3627 3187//3627 3188//3627
f 3188//3628 3187//3628 3189//3628
f 3188//3629 3189//3629 3190//3629
f 3190//3630 3189//3630 3191//3630
f 3190//3631 3191//3631 3192//3631
f 2151//3632 3184//3632 3169//3632
f 3169//3633 3184//3633 3193//3633
f 3169//3634 3193//3634 3172//3634
f 2151//3635 2150//3635 3184//3635
f 3184//3636 2150//3636 2149//3636
f 3184//3637 2149//3637 3185//3637
f 3185//3638 2149//3638 2154//3638
f 3185//3639 2154//3639 3173//3639
f 3173//3640 2154//3640 2153//3640
f 3173//3641 2153//3641 2152//3641
f 3194//3642 3170//3642 3195//3642
f 3195//3643 3170//3643 3171//3643
f 3195//3644 3171//3644 3196//3644
f 3171//3645 3172//3645 3196//3645
f 3196//3646 3172//3646 3193//3646
f 3196//3647 3193//3647 3180//3647
f 3180//3648 3193//3648 3184//3648
f 3180//3649 3184//3649 3181//3649
f 3181//3650 3184//3650 3173//3650
f 3181//3651 3173//3651 3183//3651
f 3183//3652 3173//3652 2155//3652
f 3183//3653 2155//3653 2156//3653
f 3175//3654 3197//3654 3176//3654
f 3176//3655 3197//3655 3186//3655
f 3176//3656 3186//3656 3179//3656
f 3179//3657 3186//3657 3188//3657
f 3179//3658 3188//3658 3180//3658
f 3180//3659 3188//3659 3190//3659
f 3180//3660 3190//3660 3196//3660
f 3196//3661 3190//3661 3192//3661
f 3196//3662 3192//3662 3195//3662
f 3198//3663 3199//3663 3200//3663
f 3200//3664 3199//3664 3186//3664
f 3186//3665 3199//3665 3201//3665
f 3186//3666 3201//3666 3187//3666
f 3202//3667 3203//3667 3204//3667
f 3205//3668 3206//3668 3202//3668
f 3202//3669 3206//3669 3207//3669
f 3202//3670 3207//3670 3203//3670
f 3208//3671 3209//3671 3205//3671
f 3205//3672 3209//3672 3210//3672
f 3205//3673 3210//3673 3206//3673
f 2891//3674 2890//3674 3211//3674
f 3211//3675 2890//3675 2889//3675
f 3211//3676 2889//3676 3212//3676
f 3213//3677 2888//3677 2893//3677
f 3212//3678 3214//3678 3211//3678
f 3211//3679 3214//3679 3215//3679
f 3211//3680 3215//3680 3216//3680
f 3216//3681 3215//3681 3217//3681
f 3216//3682 3217//3682 3218//3682
f 3216//3683 3219//3683 3211//3683
f 3211//3684 3219//3684 3220//3684
f 3211//3685 3220//3685 2891//3685
f 2891//3686 3220//3686 2892//3686
f 2158//3687 2888//3687 3177//3687
f 3177//3688 2888//3688 3213//3688
f 3177//3689 3213//3689 3174//3689
f 3174//3690 3213//3690 3221//3690
f 3174//3691 3221//3691 3175//3691
f 3175//3692 3221//3692 3197//3692
f 3222//3693 3223//3693 3205//3693
f 3205//3694 3223//3694 3224//3694
f 3205//3695 3224//3695 3208//3695
f 3186//3696 3197//3696 3200//3696
f 3200//3697 3197//3697 3221//3697
f 3200//3698 3221//3698 3219//3698
f 3219//3699 3221//3699 3213//3699
f 3219//3700 3213//3700 3220//3700
f 3220//3701 3213//3701 2893//3701
f 3220//3702 2893//3702 2892//3702
f 3218//3703 3222//3703 3216//3703
f 3216//3704 3222//3704 3205//3704
f 3216//3705 3205//3705 3219//3705
f 3219//3706 3205//3706 3202//3706
f 3219//3707 3202//3707 3200//3707
f 3200//3708 3202//3708 3204//3708
f 3200//3709 3204//3709 3198//3709
f 3225//3710 3226//3710 3227//3710
f 3228//3711 3229//3711 3230//3711
f 3231//3712 2883//3712 2882//3712
f 2882//3713 2248//3713 3231//3713
f 3231//3714 2248//3714 3232//3714
f 3231//3715 3232//3715 3233//3715
f 3234//3716 2885//3716 2884//3716
f 2885//3717 3234//3717 2886//3717
f 2886//3718 3234//3718 3235//3718
f 2886//3719 3235//3719 2887//3719
f 3227//3720 3236//3720 3237//3720
f 3237//3721 3238//3721 3227//3721
f 3227//3722 3238//3722 3239//3722
f 3227//3723 3239//3723 3230//3723
f 3236//3724 3227//3724 3240//3724
f 3240//3725 3227//3725 3226//3725
f 3240//3726 3226//3726 3241//3726
f 3242//3727 3243//3727 3244//3727
f 3245//3728 3246//3728 3242//3728
f 3242//3729 3246//3729 3247//3729
f 3242//3730 3247//3730 3248//3730
f 3249//3731 3250//3731 3235//3731
f 3250//3732 3251//3732 3235//3732
f 3235//3733 3251//3733 3252//3733
f 3235//3734 3252//3734 2887//3734
f 2887//3735 3252//3735 3253//3735
f 2887//3736 3253//3736 2880//3736
f 3248//3737 3254//3737 3255//3737
f 3248//3738 3255//3738 3242//3738
f 3242//3739 3255//3739 3256//3739
f 3242//3740 3256//3740 3243//3740
f 3230//3741 3229//3741 3227//3741
f 3227//3742 3229//3742 3257//3742
f 3227//3743 3257//3743 3225//3743
f 3258//3744 3259//3744 3245//3744
f 3245//3745 3259//3745 3260//3745
f 3245//3746 3260//3746 3246//3746
f 3233//3747 3258//3747 3231//3747
f 3231//3748 3258//3748 3245//3748
f 3231//3749 3245//3749 3239//3749
f 3239//3750 3245//3750 3242//3750
f 3239//3751 3242//3751 3230//3751
f 3230//3752 3242//3752 3244//3752
f 3230//3753 3244//3753 3228//3753
f 3237//3754 3249//3754 3238//3754
f 3238//3755 3249//3755 3235//3755
f 3238//3756 3235//3756 3239//3756
f 3239//3757 3235//3757 3234//3757
f 3239//3758 3234//3758 3231//3758
f 3231//3759 3234//3759 2884//3759
f 3231//3760 2884//3760 2883//3760
f 3233//3761 3232//3761 3261//3761
f 3262//3762 3263//3762 3264//3762
f 2245//3763 3265//3763 2247//3763
f 2247//3764 3265//3764 3266//3764
f 2268//3765 2267//3765 3267//3765
f 3267//3766 2267//3766 2266//3766
f 3267//3767 2266//3767 3266//3767
f 3266//3768 2266//3768 2265//3768
f 3266//3769 2265//3769 2247//3769
f 2269//3770 3268//3770 2270//3770
f 2270//3771 3268//3771 2271//3771
f 3269//3772 2261//3772 3268//3772
f 3268//3773 2261//3773 2260//3773
f 3268//3774 2260//3774 2271//3774
f 2262//3775 3270//3775 2263//3775
f 2263//3776 3270//3776 3271//3776
f 2263//3777 3271//3777 2264//3777
f 2257//3778 2256//3778 3272//3778
f 3272//3779 2256//3779 2255//3779
f 3272//3780 2255//3780 3271//3780
f 3271//3781 2255//3781 2254//3781
f 3271//3782 2254//3782 2264//3782
f 2257//3783 3272//3783 2258//3783
f 2258//3784 3272//3784 3261//3784
f 2258//3785 3261//3785 2252//3785
f 2252//3786 3261//3786 2250//3786
f 2250//3787 3261//3787 3232//3787
f 2250//3788 3232//3788 2248//3788
f 3247//3789 3273//3789 3248//3789
f 3248//3790 3273//3790 3274//3790
f 3248//3791 3274//3791 3254//3791
f 3273//3792 3275//3792 3276//3792
f 3276//3793 3275//3793 3277//3793
f 3276//3794 3277//3794 3278//3794
f 3279//3795 3280//3795 3278//3795
f 3280//3796 3281//3796 3282//3796
f 3278//3797 3280//3797 3276//3797
f 3276//3798 3280//3798 3282//3798
f 3276//3799 3282//3799 3273//3799
f 3273//3800 3282//3800 3283//3800
f 3273//3801 3283//3801 3274//3801
f 3284//3802 3285//3802 3286//3802
f 3286//3803 3285//3803 3287//3803
f 3286//3804 3287//3804 3288//3804
f 3289//3805 3290//3805 3291//3805
f 3289//3806 3291//3806 3292//3806
f 3292//3807 3291//3807 3293//3807
f 3292//3808 3293//3808 3294//3808
f 3292//3809 3295//3809 3289//3809
f 3289//3810 3295//3810 3296//3810
f 3289//3811 3296//3811 3297//3811
f 3264//3812 3269//3812 3298//3812
f 3298//3813 3269//3813 3268//3813
f 3298//3814 3268//3814 3267//3814
f 3267//3815 3268//3815 2269//3815
f 3267//3816 2269//3816 2268//3816
f 3247//3817 3246//3817 3273//3817
f 3273//3818 3246//3818 3260//3818
f 3273//3819 3260//3819 3275//3819
f 3275//3820 3260//3820 3259//3820
f 3275//3821 3259//3821 3258//3821
f 3297//3822 3299//3822 3289//3822
f 3289//3823 3299//3823 3300//3823
f 3289//3824 3300//3824 3290//3824
f 3290//3825 3300//3825 3301//3825
f 3290//3826 3301//3826 3302//3826
f 3302//3827 3301//3827 3303//3827
f 3263//3828 3284//3828 3264//3828
f 3264//3829 3284//3829 3286//3829
f 3264//3830 3286//3830 3269//3830
f 3269//3831 3286//3831 3288//3831
f 3269//3832 3288//3832 3278//3832
f 3278//3833 3288//3833 3304//3833
f 3278//3834 3304//3834 3279//3834
f 3305//3835 3306//3835 3296//3835
f 3296//3836 3306//3836 3297//3836
f 3265//3837 3305//3837 3266//3837
f 3266//3838 3305//3838 3296//3838
f 3266//3839 3296//3839 3267//3839
f 3267//3840 3296//3840 3295//3840
f 3267//3841 3295//3841 3298//3841
f 3298//3842 3295//3842 3292//3842
f 3298//3843 3292//3843 3264//3843
f 3264//3844 3292//3844 3294//3844
f 3264//3845 3294//3845 3262//3845
f 2262//3846 2261//3846 3270//3846
f 3270//3847 2261//3847 3269//3847
f 3270//3848 3269//3848 3271//3848
f 3271//3849 3269//3849 3278//3849
f 3271//3850 3278//3850 3272//3850
f 3272//3851 3278//3851 3277//3851
f 3272//3852 3277//3852 3261//3852
f 3261//3853 3277//3853 3275//3853
f 3261//3854 3275//3854 3233//3854
f 3233//3855 3275//3855 3258//3855
f 3307//3856 2872//3856 2868//3856
f 2868//3857 2869//3857 3307//3857
f 3307//3858 2869//3858 3308//3858
f 3307//3859 3308//3859 3309//3859
f 3310//3860 2874//3860 2873//3860
f 3306//3861 3305//3861 3311//3861
f 3311//3862 3305//3862 3265//3862
f 2874//3863 3310//3863 2875//3863
f 2875//3864 3310//3864 3311//3864
f 2875//3865 3311//3865 2876//3865
f 2876//3866 3311//3866 3265//3866
f 2876//3867 3265//3867 2245//3867
f 3312//3868 3313//3868 3314//3868
f 3314//3869 3313//3869 3315//3869
f 3314//3870 3316//3870 3301//3870
f 3301//3871 3316//3871 3317//3871
f 3301//3872 3317//3872 3303//3872
f 3318//3873 3319//3873 3315//3873
f 3320//3874 3321//3874 3322//3874
f 3322//3875 3321//3875 3323//3875
f 3324//3876 3322//3876 3325//3876
f 3301//3877 3300//3877 3314//3877
f 3314//3878 3300//3878 3299//3878
f 3314//3879 3299//3879 3312//3879
f 3312//3880 3299//3880 3297//3880
f 3324//3881 3326//3881 3322//3881
f 3322//3882 3326//3882 3327//3882
f 3322//3883 3327//3883 3320//3883
f 3320//3884 3327//3884 3328//3884
f 3319//3885 3329//3885 3315//3885
f 3315//3886 3329//3886 3330//3886
f 3315//3887 3330//3887 3314//3887
f 3314//3888 3330//3888 3331//3888
f 3314//3889 3331//3889 3316//3889
f 3332//3890 3333//3890 3325//3890
f 3325//3891 3333//3891 3334//3891
f 3325//3892 3334//3892 3324//3892
f 3309//3893 3332//3893 3307//3893
f 3307//3894 3332//3894 3325//3894
f 3307//3895 3325//3895 3313//3895
f 3313//3896 3325//3896 3322//3896
f 3313//3897 3322//3897 3315//3897
f 3315//3898 3322//3898 3323//3898
f 3315//3899 3323//3899 3318//3899
f 3297//3900 3306//3900 3312//3900
f 3312//3901 3306//3901 3311//3901
f 3312//3902 3311//3902 3313//3902
f 3313//3903 3311//3903 3310//3903
f 3313//3904 3310//3904 3307//3904
f 3307//3905 3310//3905 2873//3905
f 3307//3906 2873//3906 2872//3906
f 3335//3907 3336//3907 3337//3907
f 3337//3908 3336//3908 3338//3908
f 3337//3909 3338//3909 3339//3909
f 3340//3910 3341//3910 3342//3910
f 3342//3911 3341//3911 3343//3911
f 3342//3912 3343//3912 3344//3912
f 3345//3913 3346//3913 3347//3913
f 3348//3914 2861//3914 2862//3914
f 2862//3915 2126//3915 3348//3915
f 3348//3916 2126//3916 3349//3916
f 3348//3917 3349//3917 3350//3917
f 3351//3918 2864//3918 2863//3918
f 2864//3918 3351//3918 2865//3918
f 2865//3919 3351//3919 3352//3919
f 2865//3920 3352//3920 2866//3920
f 3339//3921 3353//3921 3337//3921
f 3337//3922 3353//3922 3354//3922
f 3337//3923 3354//3923 3355//3923
f 3355//3924 3354//3924 3356//3924
f 3355//3925 3356//3925 3357//3925
f 3355//3926 3358//3926 3337//3926
f 3337//3927 3358//3927 3359//3927
f 3337//3928 3359//3928 3335//3928
f 3335//3929 3359//3929 3360//3929
f 3347//3930 3340//3930 3345//3930
f 3345//3931 3340//3931 3342//3931
f 3345//3932 3342//3932 3361//3932
f 3361//3933 3342//3933 3362//3933
f 3363//3934 3364//3934 3352//3934
f 3364//3935 3365//3935 3352//3935
f 3352//3936 3365//3936 3366//3936
f 3352//3937 3366//3937 2866//3937
f 2866//3938 3366//3938 3367//3938
f 2866//3939 3367//3939 2867//3939
f 3368//3940 3369//3940 3362//3940
f 3362//3941 3369//3941 3370//3941
f 3362//3942 3370//3942 3361//3942
f 3350//3943 3368//3943 3348//3943
f 3348//3944 3368//3944 3362//3944
f 3348//3945 3362//3945 3358//3945
f 3358//3946 3362//3946 3342//3946
f 3358//3947 3342//3947 3359//3947
f 3359//3948 3342//3948 3344//3948
f 3359//3949 3344//3949 3360//3949
f 3357//3950 3363//3950 3355//3950
f 3355//3951 3363//3951 3352//3951
f 3355//3952 3352//3952 3358//3952
f 3358//3953 3352//3953 3351//3953
f 3358//3954 3351//3954 3348//3954
f 3348//3955 3351//3955 2863//3955
f 3348//3956 2863//3956 2861//3956
f 3371//3957 3372//3957 3373//3957
f 2124//3958 2123//3958 3374//3958
f 3375//3959 3376//3959 3377//3959
f 3377//3960 3376//3960 3378//3960
f 3377//3961 3378//3961 3379//3961
f 3379//3962 3378//3962 3380//3962
f 2130//3963 3381//3963 2134//3963
f 2134//3964 3381//3964 2133//3964
f 2130//3965 2128//3965 3382//3965
f 3382//3966 2128//3966 2127//3966
f 3382//3967 2127//3967 2131//3967
f 2133//3968 3381//3968 2132//3968
f 2132//3969 3381//3969 3383//3969
f 2132//3970 3383//3970 2125//3970
f 2125//3971 3383//3971 3349//3971
f 2125//3972 3349//3972 2126//3972
f 3372//3973 3368//3973 3350//3973
f 3368//3974 3372//3974 3369//3974
f 3369//3975 3372//3975 3371//3975
f 3369//3976 3371//3976 3370//3976
f 3382//3977 3384//3977 2130//3977
f 2130//3978 3384//3978 3373//3978
f 2130//3979 3373//3979 3381//3979
f 3381//3980 3373//3980 3372//3980
f 3381//3981 3372//3981 3383//3981
f 3383//3982 3372//3982 3350//3982
f 3383//3983 3350//3983 3349//3983
f 3385//3984 3386//3984 3387//3984
f 3387//3985 3386//3985 3379//3985
f 3387//3986 3379//3986 3388//3986
f 3388//3987 3379//3987 3380//3987
f 3388//3988 3380//3988 3389//3988
f 3389//3989 3380//3989 3374//3989
f 3370//3990 3376//3990 3361//3990
f 3361//3991 3376//3991 3375//3991
f 3361//3992 3375//3992 3345//3992
f 3345//3993 3375//3993 3390//3993
f 3345//3994 3390//3994 3346//3994
f 3386//3995 3391//3995 3379//3995
f 3379//3996 3391//3996 3392//3996
f 3379//3997 3392//3997 3377//3997
f 3377//3998 3392//3998 3393//3998
f 3377//3999 3393//3999 3375//3999
f 3375//4000 3393//4000 3394//4000
f 3375//4001 3394//4001 3390//4001
f 3370//4002 3371//4002 3376//4002
f 3376//4003 3371//4003 3373//4003
f 3376//4004 3373//4004 3378//4004
f 3378//4005 3373//4005 3384//4005
f 3378//4006 3384//4006 3380//4006
f 3380//4007 3384//4007 3382//4007
f 3380//4008 3382//4008 3374//4008
f 3374//4009 3382//4009 2131//4009
f 3374//4010 2131//4010 2124//4010
f 3395//4011 3396//4011 3397//4011
f 3387//4012 3388//4012 3398//4012
f 3399//4013 2275//4013 2094//4013
f 2094//4014 3400//4014 3399//4014
f 3399//4015 3400//4015 3401//4015
f 3399//4016 3401//4016 3402//4016
f 2274//4017 2273//4017 3397//4017
f 3397//4018 2273//4018 2277//4018
f 3397//4019 2277//4019 3399//4019
f 3399//4020 2277//4020 2276//4020
f 3399//4021 2276//4021 2275//4021
f 2123//4022 2272//4022 3374//4022
f 3374//4023 2272//4023 3398//4023
f 3374//4024 3398//4024 3389//4024
f 3389//4025 3398//4025 3388//4025
f 2272//4026 2274//4026 3398//4026
f 3398//4027 2274//4027 3397//4027
f 3398//4028 3397//4028 3403//4028
f 3403//4011 3397//4011 3396//4011
f 3403//4029 3404//4029 3398//4029
f 3398//4030 3404//4030 3405//4030
f 3398//4031 3405//4031 3387//4031
f 3387//4032 3405//4032 3406//4032
f 3387//4033 3406//4033 3385//4033
f 3395//4034 3397//4034 3407//4034
f 3407//4035 3397//4035 3399//4035
f 3407//4036 3399//4036 3408//4036
f 3402//4037 3409//4037 3410//4037
f 3402//4038 3410//4038 3399//4038
f 3399//4039 3410//4039 3411//4039
f 3399//4040 3411//4040 3408//4040
f 3412//4041 3413//4041 3414//4041
f 3415//4042 3409//4042 3416//4042
f 3416//4043 3409//4043 3402//4043
f 3416//4044 3402//4044 3412//4044
f 3412//4045 3402//4045 3401//4045
f 3412//4046 3401//4046 3413//4046
f 3417//4047 2097//4047 3418//4047
f 3418//4048 2097//4048 2096//4048
f 2095//4049 2088//4049 3419//4049
f 2095//4050 3419//4050 3420//4050
f 3420//4051 3419//4051 3421//4051
f 3420//4052 3421//4052 3422//4052
f 3423//4053 2091//4053 3417//4053
f 3417//4054 2091//4054 2090//4054
f 2090//4055 2089//4055 3417//4055
f 3417//4056 2089//4056 2098//4056
f 3417//4057 2098//4057 2097//4057
f 3400//4058 2094//4058 3424//4058
f 3424//4059 2094//4059 2093//4059
f 3424//4060 2093//4060 2092//4060
f 3418//4061 3425//4061 3417//4061
f 3417//4062 3425//4062 3424//4062
f 3417//4063 3424//4063 3423//4063
f 3423//4064 3424//4064 2092//4064
f 3423//4065 2092//4065 2091//4065
f 3426//4066 3427//4066 3428//4066
f 3428//4067 3429//4067 3426//4067
f 3426//4068 3429//4068 3430//4068
f 3426//4069 3430//4069 3431//4069
f 3431//4070 3430//4070 3432//4070
f 3431//4071 3432//4071 3433//4071
f 3434//4072 3435//4072 3421//4072
f 3421//4073 3435//4073 3427//4073
f 3421//4074 3427//4074 3422//4074
f 3422//4075 3427//4075 3426//4075
f 3422//4076 3426//4076 3414//4076
f 3414//4077 3426//4077 3431//4077
f 3414//4078 3431//4078 3412//4078
f 3412//4079 3431//4079 3433//4079
f 3412//4080 3433//4080 3416//4080
f 3434//4081 3421//4081 3436//4081
f 3436//4082 3421//4082 3419//4082
f 3436//4083 3419//4083 3437//4083
f 3437//4084 3419//4084 2088//4084
f 3437//4085 2088//4085 2087//4085
f 3401//4086 3400//4086 3413//4086
f 3413//4087 3400//4087 3424//4087
f 3413//4088 3424//4088 3414//4088
f 3414//4089 3424//4089 3425//4089
f 3414//4090 3425//4090 3422//4090
f 3422//4091 3425//4091 3418//4091
f 3422//4092 3418//4092 3420//4092
f 3420//4093 3418//4093 2096//4093
f 3420//4094 2096//4094 2095//4094
f 3438//4095 3439//4095 3440//4095
f 3441//4096 3428//4096 3427//4096
f 2856//4097 2855//4097 3442//4097
f 3442//4098 2855//4098 2854//4098
f 3442//4098 2854//4098 3443//4098
f 3444//4099 2853//4099 2858//4099
f 3440//4100 3439//4100 3427//4100
f 3427//4101 3439//4101 3445//4101
f 3427//4102 3445//4102 3441//4102
f 3446//4103 3447//4103 3448//4103
f 3449//4104 3450//4104 3446//4104
f 3446//4105 3450//4105 3451//4105
f 3446//4106 3451//4106 3447//4106
f 3452//4107 3453//4107 3449//4107
f 3449//4108 3453//4108 3454//4108
f 3449//4109 3454//4109 3450//4109
f 3443//4110 3455//4110 3442//4110
f 3442//4111 3455//4111 3456//4111
f 3442//4112 3456//4112 3457//4112
f 3457//4113 3456//4113 3458//4113
f 3457//4114 3458//4114 3459//4114
f 3457//4115 3460//4115 3442//4115
f 3442//4116 3460//4116 3461//4116
f 3442//4117 3461//4117 2856//4117
f 2856//4118 3461//4118 2857//4118
f 2087//4119 2853//4119 3437//4119
f 3437//4120 2853//4120 3444//4120
f 3437//4121 3444//4121 3436//4121
f 3436//4122 3444//4122 3462//4122
f 3436//4123 3462//4123 3434//4123
f 3434//4124 3462//4124 3435//4124
f 3463//4125 3464//4125 3449//4125
f 3449//4126 3464//4126 3465//4126
f 3449//4127 3465//4127 3452//4127
f 3427//4128 3435//4128 3440//4128
f 3440//4129 3435//4129 3462//4129
f 3440//4130 3462//4130 3460//4130
f 3460//4131 3462//4131 3444//4131
f 3460//4132 3444//4132 3461//4132
f 3461//4133 3444//4133 2858//4133
f 3461//4134 2858//4134 2857//4134
f 3459//4135 3463//4135 3457//4135
f 3457//4136 3463//4136 3449//4136
f 3457//4137 3449//4137 3460//4137
f 3460//4138 3449//4138 3446//4138
f 3460//4139 3446//4139 3440//4139
f 3440//4140 3446//4140 3448//4140
f 3440//4141 3448//4141 3438//4141
f 3466//4142 3467//4142 3468//4142
f 3469//4143 2845//4143 2846//4143
f 2846//4144 2278//4144 3469//4144
f 3469//4145 2278//4145 3470//4145
f 3469//4146 3470//4146 3471//4146
f 3472//4147 2848//4147 2847//4147
f 3473//4148 2851//4148 2850//4148
f 2848//4149 3472//4149 2849//4149
f 2849//4150 3472//4150 3468//4150
f 2849//4151 3468//4151 2850//4151
f 2850//4152 3468//4152 3467//4152
f 2850//4153 3467//4153 3473//4153
f 3474//4154 3475//4154 3476//4154
f 3476//4155 3475//4155 3477//4155
f 3478//4156 3479//4156 3480//4156
f 3480//4157 3479//4157 3476//4157
f 3480//4158 3476//4158 3481//4158
f 3482//4159 3483//4159 3484//4159
f 3485//4160 3486//4160 3482//4160
f 3482//4161 3486//4161 3487//4161
f 3482//4162 3487//4162 3488//4162
f 3479//4163 3489//4163 3476//4163
f 3476//4164 3489//4164 3490//4164
f 3476//4165 3490//4165 3474//4165
f 3474//4166 3490//4166 3491//4166
f 3474//4167 3491//4167 3492//4167
f 3488//4168 3493//4168 3494//4168
f 3488//4169 3494//4169 3482//4169
f 3482//4170 3494//4170 3495//4170
f 3482//4171 3495//4171 3483//4171
f 3496//4172 3497//4172 3477//4172
f 3477//4173 3497//4173 3498//4173
f 3477//4174 3498//4174 3476//4174
f 3476//4175 3498//4175 3499//4175
f 3476//4176 3499//4176 3481//4176
f 3500//4177 3501//4177 3485//4177
f 3485//4178 3501//4178 3486//4178
f 3471//4179 3500//4179 3469//4179
f 3469//4180 3500//4180 3485//4180
f 3469//4181 3485//4181 3475//4181
f 3475//4182 3485//4182 3482//4182
f 3475//4183 3482//4183 3477//4183
f 3477//4184 3482//4184 3484//4184
f 3477//4185 3484//4185 3496//4185
f 3492//4186 3466//4186 3474//4186
f 3474//4187 3466//4187 3468//4187
f 3474//4188 3468//4188 3475//4188
f 3475//4189 3468//4189 3472//4189
f 3475//4190 3472//4190 3469//4190
f 3469//4191 3472//4191 2847//4191
f 3469//4192 2847//4192 2845//4192
f 3471//4193 3470//4193 3502//4193
f 3503//4194 3504//4194 3505//4194
f 2283//4195 2295//4195 3506//4195
f 2299//4196 2297//4196 3507//4196
f 2299//4197 3507//4197 2300//4197
f 2290//4198 2303//4198 3508//4198
f 3508//4199 2303//4199 2302//4199
f 3508//4200 2302//4200 2301//4200
f 2291//4201 3509//4201 2293//4201
f 2293//4202 3509//4202 3510//4202
f 2293//4203 3510//4203 2294//4203
f 2283//4204 3506//4204 2284//4204
f 2284//4205 3506//4205 3511//4205
f 2284//4206 3511//4206 2286//4206
f 2286//4207 3511//4207 2287//4207
f 2287//4208 3511//4208 3512//4208
f 2287//4209 3512//4209 2288//4209
f 2288//4210 3512//4210 2289//4210
f 2289//4211 3512//4211 3502//4211
f 2289//4212 3502//4212 2282//4212
f 2282//4213 3502//4213 2280//4213
f 2280//4214 3502//4214 3470//4214
f 2280//4215 3470//4215 2278//4215
f 3487//4216 3513//4216 3488//4216
f 3488//4217 3513//4217 3514//4217
f 3488//4218 3514//4218 3493//4218
f 3513//4219 3515//4219 3516//4219
f 3516//4220 3515//4220 3517//4220
f 3516//4221 3517//4221 3518//4221
f 3519//4222 3520//4222 3521//4222
f 3518//4223 3519//4223 3516//4223
f 3516//4224 3519//4224 3521//4224
f 3516//4225 3521//4225 3513//4225
f 3513//4226 3521//4226 3522//4226
f 3513//4227 3522//4227 3514//4227
f 3523//4228 3510//4228 3524//4228
f 3524//4229 3510//4229 3505//4229
f 3525//4230 3526//4230 3527//4230
f 3527//4231 3526//4231 3528//4231
f 3527//4232 3528//4232 3529//4232
f 3504//4233 3530//4233 3505//4233
f 3505//4234 3530//4234 3531//4234
f 3505//4235 3531//4235 3524//4235
f 3524//4236 3531//4236 3532//4236
f 3524//4237 3532//4237 3533//4237
f 3534//4238 3535//4238 3536//4238
f 3536//4239 3535//4239 3537//4239
f 3536//4240 3537//4240 3538//4240
f 2301//4241 3539//4241 3508//4241
f 3508//4242 3539//4242 3537//4242
f 3508//4243 3537//4243 3540//4243
f 3540//4244 3537//4244 3535//4244
f 3541//4245 3503//4245 3535//4245
f 3535//4246 3503//4246 3505//4246
f 3535//4247 3505//4247 3540//4247
f 3540//4248 3505//4248 3510//4248
f 3540//4249 3510//4249 3508//4249
f 3508//4250 3510//4250 3509//4250
f 3508//4251 3509//4251 2290//4251
f 2290//4252 3509//4252 2291//4252
f 3487//4253 3486//4253 3513//4253
f 3513//4254 3486//4254 3501//4254
f 3513//4255 3501//4255 3515//4255
f 3515//4256 3501//4256 3500//4256
f 3534//4257 3542//4257 3535//4257
f 3535//4258 3542//4258 3543//4258
f 3535//4259 3543//4259 3541//4259
f 3541//4260 3543//4260 3544//4260
f 3544//4261 3543//4261 3545//4261
f 3533//4262 3525//4262 3524//4262
f 3524//4263 3525//4263 3527//4263
f 3524//4264 3527//4264 3523//4264
f 3523//4265 3527//4265 3529//4265
f 3523//4266 3529//4266 3518//4266
f 3518//4267 3529//4267 3546//4267
f 3518//4268 3546//4268 3519//4268
f 2301//4269 2300//4269 3539//4269
f 3539//4270 2300//4270 3507//4270
f 3539//4271 3507//4271 3537//4271
f 3537//4272 3507//4272 3547//4272
f 3537//4273 3547//4273 3538//4273
f 3500//4274 3471//4274 3515//4274
f 3515//4275 3471//4275 3502//4275
f 3515//4276 3502//4276 3517//4276
f 3517//4277 3502//4277 3512//4277
f 3517//4278 3512//4278 3518//4278
f 3518//4279 3512//4279 3511//4279
f 3518//4280 3511//4280 3523//4280
f 3523//4281 3511//4281 3506//4281
f 3523//4282 3506//4282 3510//4282
f 3510//4283 3506//4283 2295//4283
f 3510//4284 2295//4284 2294//4284
f 3548//4285 3545//4285 3543//4285
f 2838//4286 2837//4286 3549//4286
f 3549//4287 2837//4287 2833//4287
f 2833//4288 2834//4288 3549//4288
f 3549//4289 2834//4289 3550//4289
f 3549//4290 3550//4290 3551//4290
f 3552//4291 2841//4291 2840//4291
f 3554//4292 3555//4292 3556//4292
f 3548//4293 3543//4293 3557//4293
f 3558//4294 3559//4294 3560//4294
f 3560//4295 3559//4295 3561//4295
f 3562//4296 3560//4296 3563//4296
f 2839//4297 2838//4297 3564//4297
f 3564//4298 2838//4298 3549//4298
f 3564//4299 3549//4299 3554//4299
f 3543//4300 3542//4300 3553//4300
f 3553//4301 3542//4301 3534//4301
f 3553//4302 3534//4302 3552//4302
f 3552//4303 3534//4303 3536//4303
f 3536//4304 3538//4304 3552//4304
f 3552//4305 3538//4305 3547//4305
f 3552//4306 3547//4306 2841//4306
f 2841//4307 3547//4307 3507//4307
f 2841//4308 3507//4308 2297//4308
f 3562//4309 3565//4309 3560//4309
f 3560//4310 3565//4310 3566//4310
f 3560//4311 3566//4311 3558//4311
f 3558//4312 3566//4312 3567//4312
f 3568//4313 3569//4313 3555//4313
f 3555//4314 3569//4314 3570//4314
f 3555//4315 3570//4315 3556//4315
f 3556//4316 3570//4316 3571//4316
f 3556//4317 3571//4317 3557//4317
f 3572//4318 3573//4318 3563//4318
f 3563//4319 3573//4319 3574//4319
f 3563//4320 3574//4320 3562//4320
f 3551//4321 3572//4321 3549//4321
f 3549//4322 3572//4322 3563//4322
f 3549//4323 3563//4323 3554//4323
f 3554//4324 3563//4324 3560//4324
f 3554//4325 3560//4325 3555//4325
f 3555//4326 3560//4326 3561//4326
f 3555//4327 3561//4327 3568//4327
f 3557//4328 3543//4328 3556//4328
f 3556//4329 3543//4329 3553//4329
f 3556//4330 3553//4330 3554//4330
f 3554//4331 3553//4331 3552//4331
f 3554//4332 3552//4332 3564//4332
f 3564//4333 3552//4333 2840//4333
f 3564//4334 2840//4334 2839//4334
f 3575//4335 3576//4335 3577//4335
f 3578//4336 2825//4336 2826//4336
f 2826//4337 2304//4337 3578//4337
f 3578//4338 2304//4338 3579//4338
f 3578//4339 3579//4339 3580//4339
f 3581//4340 2828//4340 2827//4340
f 3582//4341 3583//4341 3584//4341
f 3584//4342 3583//4342 3585//4342
f 2828//4343 3581//4343 2829//4343
f 2829//4344 3581//4344 3584//4344
f 2829//4345 3584//4345 2830//4345
f 2830//4346 3584//4346 3585//4346
f 2830//4347 3585//4347 2831//4347
f 3586//4348 3587//4348 3588//4348
f 3588//4349 3587//4349 3577//4349
f 3589//4350 3590//4350 3591//4350
f 3591//4351 3590//4351 3588//4351
f 3591//4352 3588//4352 3592//4352
f 3593//4353 3594//4353 3595//4353
f 3596//4354 3597//4354 3593//4354
f 3593//4355 3597//4355 3598//4355
f 3590//4356 3599//4356 3588//4356
f 3588//4357 3599//4357 3600//4357
f 3588//4358 3600//4358 3586//4358
f 3586//4359 3600//4359 3601//4359
f 3586//4360 3601//4360 3602//4360
f 3598//4361 3603//4361 3604//4361
f 3598//4362 3604//4362 3593//4362
f 3593//4363 3604//4363 3605//4363
f 3593//4364 3605//4364 3594//4364
f 3577//4365 3576//4365 3588//4365
f 3588//4366 3576//4366 3606//4366
f 3588//4367 3606//4367 3592//4367
f 3607//4368 3608//4368 3596//4368
f 3596//4369 3608//4369 3609//4369
f 3596//4370 3609//4370 3597//4370
f 3580//4371 3607//4371 3578//4371
f 3578//4372 3607//4372 3596//4372
f 3578//4373 3596//4373 3587//4373
f 3587//4374 3596//4374 3593//4374
f 3587//4375 3593//4375 3577//4375
f 3577//4376 3593//4376 3595//4376
f 3577//4377 3595//4377 3575//4377
f 3602//4378 3582//4378 3586//4378
f 3586//4379 3582//4379 3584//4379
f 3586//4380 3584//4380 3587//4380
f 3587//4381 3584//4381 3581//4381
f 3587//4382 3581//4382 3578//4382
f 3578//4383 3581//4383 2827//4383
f 3578//4384 2827//4384 2825//4384
f 3580//4385 3579//4385 3610//4385
f 3611//4386 3612//4386 3613//4386
f 2309//4387 2321//4387 3614//4387
f 2329//4388 2328//4388 3615//4388
f 3615//4389 2328//4389 2327//4389
f 3615//4390 2327//4390 3616//4390
f 3616//4391 2327//4391 2326//4391
f 3616//4392 2326//4392 3617//4392
f 3617//4393 2326//4393 2325//4393
f 3617//4394 2325//4394 2323//4394
f 3618//4395 2317//4395 2316//4395
f 2317//4396 3618//4396 2319//4396
f 2309//4397 3614//4397 2310//4397
f 2310//4398 3614//4398 3619//4398
f 2310//4399 3619//4399 2312//4399
f 2312//4400 3619//4400 2313//4400
f 2313//4401 3619//4401 3620//4401
f 2313//4402 3620//4402 2314//4402
f 2314//4403 3620//4403 2315//4403
f 2315//4404 3620//4404 3610//4404
f 2315//4405 3610//4405 2308//4405
f 2308//4406 3610//4406 2306//4406
f 2306//4407 3610//4407 3579//4407
f 2306//4408 3579//4408 2304//4408
f 3598//4409 3621//4409 3622//4409
f 3598//4410 3622//4410 3603//4410
f 3621//4411 3623//4411 3624//4411
f 3624//4412 3623//4412 3625//4412
f 3624//4413 3625//4413 3626//4413
f 3627//4414 3628//4414 3626//4414
f 3628//4415 3629//4415 3630//4415
f 3626//4416 3628//4416 3624//4416
f 3624//4417 3628//4417 3630//4417
f 3624//4418 3630//4418 3621//4418
f 3621//4419 3630//4419 3631//4419
f 3621//4420 3631//4420 3622//4420
f 3632//4421 3633//4421 3613//4421
f 3634//4422 3635//4422 3636//4422
f 3636//4423 3635//4423 3637//4423
f 3636//4424 3637//4424 3638//4424
f 3639//4425 3640//4425 3641//4425
f 3639//4426 3641//4426 3642//4426
f 3642//4427 3641//4427 3643//4427
f 3642//4428 3643//4428 3644//4428
f 3642//4429 3645//4429 3639//4429
f 3639//4430 3645//4430 3646//4430
f 3639//4431 3646//4431 3647//4431
f 2320//4432 2319//4432 3633//4432
f 3633//4433 2319//4433 3618//4433
f 3633//4434 3618//4434 3615//4434
f 3615//4435 3618//4435 2316//4435
f 3615//4436 2316//4436 2329//4436
f 3598//4437 3597//4437 3621//4437
f 3621//4438 3597//4438 3609//4438
f 3621//4439 3609//4439 3623//4439
f 3623//4440 3609//4440 3608//4440
f 3623//4441 3608//4441 3607//4441
f 3647//4442 3648//4442 3639//4442
f 3639//4443 3648//4443 3649//4443
f 3639//4444 3649//4444 3640//4444
f 3640//4445 3649//4445 3650//4445
f 3640//4446 3650//4446 3651//4446
f 3651//4447 3650//4447 3652//4447
f 3612//4448 3634//4448 3613//4448
f 3613//4449 3634//4449 3636//4449
f 3613//4450 3636//4450 3632//4450
f 3632//4451 3636//4451 3638//4451
f 3632//4452 3638//4452 3626//4452
f 3626//4453 3638//4453 3653//4453
f 3626//4454 3653//4454 3627//4454
f 3654//4455 3655//4455 3646//4455
f 3646//4456 3655//4456 3647//4456
f 3617//4457 3654//4457 3616//4457
f 3616//4458 3654//4458 3646//4458
f 3616//4459 3646//4459 3615//4459
f 3615//4460 3646//4460 3645//4460
f 3615//4461 3645//4461 3633//4461
f 3633//4462 3645//4462 3642//4462
f 3633//4463 3642//4463 3613//4463
f 3613//4464 3642//4464 3644//4464
f 3613//4465 3644//4465 3611//4465
f 3607//4466 3580//4466 3623//4466
f 3623//4467 3580//4467 3610//4467
f 3623//4468 3610//4468 3625//4468
f 3625//4469 3610//4469 3620//4469
f 3625//4470 3620//4470 3626//4470
f 3626//4471 3620//4471 3619//4471
f 3626//4472 3619//4472 3632//4472
f 3632//4473 3619//4473 3614//4473
f 3632//4474 3614//4474 3633//4474
f 3633//4475 3614//4475 2321//4475
f 3633//4476 2321//4476 2320//4476
f 3656//4477 2817//4477 2813//4477
f 2813//4478 2814//4478 3656//4478
f 3656//4479 2814//4479 3657//4479
f 3656//4480 3657//4480 3658//4480
f 3659//4481 2819//4481 2818//4481
f 3655//4482 3654//4482 3660//4482
f 3660//4483 3654//4483 3617//4483
f 2819//4484 3659//4484 2820//4484
f 2820//4485 3659//4485 3660//4485
f 2820//4486 3660//4486 2821//4486
f 2821//4487 3660//4487 3617//4487
f 2821//4488 3617//4488 2323//4488
f 3661//4489 3662//4489 3663//4489
f 3663//4490 3662//4490 3664//4490
f 3663//4491 3665//4491 3650//4491
f 3650//4492 3665//4492 3666//4492
f 3650//4493 3666//4493 3652//4493
f 3667//4494 3668//4494 3669//4494
f 3669//4495 3668//4495 3670//4495
f 3671//4496 3672//4496 3664//4496
f 3673//4497 3669//4497 3674//4497
f 3650//4498 3649//4498 3663//4498
f 3663//4499 3649//4499 3648//4499
f 3663//4500 3648//4500 3661//4500
f 3661//4501 3648//4501 3647//4501
f 3673//4502 3675//4502 3669//4502
f 3669//4503 3675//4503 3676//4503
f 3669//4504 3676//4504 3667//4504
f 3667//4505 3676//4505 3677//4505
f 3672//4506 3678//4506 3664//4506
f 3664//4507 3678//4507 3679//4507
f 3664//4508 3679//4508 3663//4508
f 3663//4509 3679//4509 3680//4509
f 3663//4510 3680//4510 3665//4510
f 3681//4511 3682//4511 3674//4511
f 3674//4512 3682//4512 3683//4512
f 3674//4513 3683//4513 3673//4513
f 3658//4514 3681//4514 3656//4514
f 3656//4515 3681//4515 3674//4515
f 3656//4516 3674//4516 3662//4516
f 3662//4517 3674//4517 3669//4517
f 3662//4518 3669//4518 3664//4518
f 3664//4519 3669//4519 3670//4519
f 3664//4520 3670//4520 3671//4520
f 3647//4521 3655//4521 3661//4521
f 3661//4522 3655//4522 3660//4522
f 3661//4523 3660//4523 3662//4523
f 3662//4524 3660//4524 3659//4524
f 3662//4525 3659//4525 3656//4525
f 3656//4526 3659//4526 2818//4526
f 3656//4527 2818//4527 2817//4527
f 3684//4528 2806//4528 2807//4528
f 2807//4529 2048//4529 3684//4529
f 3684//4530 2048//4530 3685//4530
f 3684//4531 3685//4531 3686//4531
f 3687//4532 2809//4532 2808//4532
f 2809//4532 3687//4532 2810//4532
f 2810//4533 3687//4533 3688//4533
f 2810//4534 3688//4534 2811//4534
f 3689//4535 3690//4535 3691//4535
f 3691//4536 3690//4536 3692//4536
f 3691//4537 3692//4537 3693//4537
f 3694//4538 3695//4538 3696//4538
f 3696//4539 3695//4539 3697//4539
f 3696//4540 3697//4540 3698//4540
f 3699//4541 3700//4541 3701//4541
f 3693//4542 3702//4542 3691//4542
f 3691//4543 3702//4543 3703//4543
f 3691//4544 3703//4544 3704//4544
f 3704//4545 3703//4545 3705//4545
f 3704//4546 3705//4546 3706//4546
f 3704//4547 3707//4547 3691//4547
f 3691//4548 3707//4548 3708//4548
f 3691//4549 3708//4549 3689//4549
f 3689//4550 3708//4550 3709//4550
f 3701//4551 3694//4551 3699//4551
f 3699//4552 3694//4552 3696//4552
f 3699//4553 3696//4553 3710//4553
f 3710//4554 3696//4554 3711//4554
f 3712//4555 3713//4555 3688//4555
f 3713//4556 3714//4556 3688//4556
f 3688//4557 3714//4557 3715//4557
f 3688//4558 3715//4558 2811//4558
f 2811//4559 3715//4559 3716//4559
f 2811//4560 3716//4560 2812//4560
f 3717//4561 3718//4561 3711//4561
f 3711//4562 3718//4562 3719//4562
f 3711//4563 3719//4563 3710//4563
f 3686//4564 3717//4564 3684//4564
f 3684//4565 3717//4565 3711//4565
f 3684//4566 3711//4566 3707//4566
f 3707//4567 3711//4567 3696//4567
f 3707//4568 3696//4568 3708//4568
f 3708//4569 3696//4569 3698//4569
f 3708//4570 3698//4570 3709//4570
f 3706//4571 3712//4571 3704//4571
f 3704//4572 3712//4572 3688//4572
f 3704//4573 3688//4573 3707//4573
f 3707//4574 3688//4574 3687//4574
f 3707//4575 3687//4575 3684//4575
f 3684//4576 3687//4576 2808//4576
f 3684//4577 2808//4577 2806//4577
f 3720//4578 3721//4578 3722//4578
f 2057//4579 2058//4579 3723//4579
f 3723//4580 3724//4580 3725//4580
f 3725//4581 3724//4581 3726//4581
f 3725//4582 3726//4582 3727//4582
f 3727//4583 3726//4583 3728//4583
f 3727//4584 3728//4584 3729//4584
f 3729//4585 3728//4585 3730//4585
f 2055//4586 3731//4586 2056//4586
f 2056//4587 3731//4587 2050//4587
f 2055//4588 2054//4588 3732//4588
f 3732//4589 2054//4589 2052//4589
f 3732//4590 2052//4590 2051//4590
f 2050//4591 3731//4591 2049//4591
f 2049//4592 3731//4592 3733//4592
f 2049//4593 3733//4593 2047//4593
f 2047//4594 3733//4594 3685//4594
f 2047//4595 3685//4595 2048//4595
f 3721//4596 3717//4596 3686//4596
f 3717//4597 3721//4597 3718//4597
f 3718//4598 3721//4598 3720//4598
f 3718//4599 3720//4599 3719//4599
f 3732//4600 3734//4600 2055//4600
f 2055//4601 3734//4601 3722//4601
f 2055//4602 3722//4602 3731//4602
f 3731//4603 3722//4603 3721//4603
f 3731//4604 3721//4604 3733//4604
f 3733//4605 3721//4605 3686//4605
f 3733//4606 3686//4606 3685//4606
f 3735//4607 3736//4607 3737//4607
f 3737//4608 3736//4608 3726//4608
f 3737//4609 3726//4609 3738//4609
f 3738//4610 3726//4610 3724//4610
f 3719//4611 3729//4611 3710//4611
f 3710//4612 3729//4612 3730//4612
f 3710//4613 3730//4613 3699//4613
f 3699//4614 3730//4614 3739//4614
f 3699//4615 3739//4615 3700//4615
f 3736//4616 3740//4616 3726//4616
f 3726//4617 3740//4617 3741//4617
f 3726//4618 3741//4618 3728//4618
f 3728//4619 3741//4619 3742//4619
f 3728//4620 3742//4620 3730//4620
f 3730//4621 3742//4621 3743//4621
f 3730//4622 3743//4622 3739//4622
f 3719//4623 3720//4623 3729//4623
f 3729//4624 3720//4624 3722//4624
f 3729//4625 3722//4625 3727//4625
f 3727//4626 3722//4626 3734//4626
f 3727//4627 3734//4627 3725//4627
f 3725//4628 3734//4628 3732//4628
f 3725//4629 3732//4629 3723//4629
f 3723//4630 3732//4630 2051//4630
f 3723//4631 2051//4631 2057//4631
f 2974//4632 2336//4632 1589//4632
f 2342//680 2971//680 1589//680
f 1589//4633 2971//4633 2969//4633
f 1589//4634 2969//4634 2968//4634
f 2968//680 2983//680 1589//680
f 1589//680 2983//680 2975//680
f 1589//4635 2975//4635 2974//4635
f 3744//1 2349//1 1583//1
f 3744//1 1583//1 3745//1
f 3745//1 1583//1 3746//1
f 3746//1 1583//1 1594//1
f 3746//1 1594//1 2356//1
f 3747//693 1597//693 3748//693
f 3748//693 1597//693 2371//693
f 3747//4636 3749//4636 1597//4636
f 1597//4637 3749//4637 3750//4637
f 1597//4637 3750//4637 3751//4637
f 3751//4638 3752//4638 1597//4638
f 1597//4639 3752//4639 3753//4639
f 1597//693 3753//693 2360//693
f 3754//4640 3755//4640 3756//4640
f 3757//4641 2582//4641 2581//4641
f 3757//4642 2581//4642 3758//4642
f 3759//4643 3760//4643 2581//4643
f 2581//4644 3760//4644 3761//4644
f 2581//4645 3761//4645 3758//4645
f 3754//4646 3756//4646 2581//4646
f 2581//4647 3756//4647 3762//4647
f 2581//4648 3762//4648 3759//4648
f 2382//1 2564//1 3763//1
f 3754//1 2389//1 3764//1
f 3764//1 2389//1 2388//1
f 2386//1 2385//1 3765//1
f 3765//1 2385//1 2384//1
f 3765//1 2384//1 3763//1
f 3763//1 2384//1 2383//1
f 3763//1 2383//1 2382//1
f 2564//1 2382//1 2566//1
f 2566//1 2382//1 2381//1
f 2566//1 2381//1 2570//1
f 2570//1 2381//1 2380//1
f 2570//1 2380//1 2577//1
f 2577//1 2380//1 2379//1
f 2577//1 2379//1 2583//1
f 2583//1 2379//1 2378//1
f 2583//1 2378//1 2581//1
f 2581//1 2378//1 2377//1
f 2581//1 2377//1 3754//1
f 3754//1 2377//1 2376//1
f 3754//1 2376//1 2389//1
f 3766//4649 2564//4649 3767//4649
f 3767//4650 2564//4650 2563//4650
f 3766//4651 3768//4651 2564//4651
f 2564//4652 3768//4652 3769//4652
f 2564//4653 3769//4653 3770//4653
f 3770//4654 3771//4654 2564//4654
f 2564//4655 3771//4655 3772//4655
f 2564//4651 3772//4651 3763//4651
f 3763//4656 3772//4656 3773//4656
f 3774//4657 3775//4657 3776//4657
f 3777//4658 2556//4658 2555//4658
f 3777//4659 2555//4659 3778//4659
f 3779//4660 3780//4660 2555//4660
f 2555//4661 3780//4661 3781//4661
f 2555//4659 3781//4659 3778//4659
f 3774//4662 3776//4662 2555//4662
f 2555//4663 3776//4663 3782//4663
f 2555//4664 3782//4664 3779//4664
f 2398//1 2399//1 3774//1
f 2401//1 2390//1 3783//1
f 3783//1 2390//1 3784//1
f 2394//1 2540//1 2393//1
f 2393//1 2540//1 2538//1
f 2393//1 2538//1 2392//1
f 2392//1 2538//1 3784//1
f 2392//1 3784//1 2391//1
f 2391//1 3784//1 2390//1
f 3774//1 2399//1 3785//1
f 3785//1 2399//1 2400//1
f 3785//1 2400//1 2403//1
f 2398//1 3774//1 2397//1
f 2397//1 3774//1 2555//1
f 2397//1 2555//1 2396//1
f 2396//1 2555//1 2557//1
f 2396//1 2557//1 2395//1
f 2395//1 2557//1 2551//1
f 2395//1 2551//1 2394//1
f 2394//1 2551//1 2544//1
f 2394//1 2544//1 2540//1
f 3786//4665 2538//4665 3787//4665
f 3787//4666 2538//4666 2537//4666
f 3786//4667 3788//4667 2538//4667
f 2538//4668 3788//4668 3789//4668
f 2538//4669 3789//4669 3790//4669
f 3790//4670 3791//4670 2538//4670
f 2538//4671 3791//4671 3792//4671
f 2538//4672 3792//4672 3784//4672
f 3784//4673 3792//4673 3793//4673
f 3794//4674 2410//4674 1636//4674
f 2421//686 3795//686 1636//686
f 1636//4675 3795//4675 3796//4675
f 1636//4676 3796//4676 3797//4676
f 3797//686 3798//686 1636//686
f 1636//686 3798//686 3799//686
f 1636//4677 3799//4677 3794//4677
f 1665//1 2440//1 3800//1
f 1665//1 3800//1 1651//1
f 1651//1 3800//1 3801//1
f 1651//1 3801//1 2420//1
f 3802//677 1677//677 3803//677
f 3803//677 1677//677 2430//677
f 3802//4678 3804//4678 1677//4678
f 1677//2850 3804//2850 3805//2850
f 1677//2850 3805//2850 3806//2850
f 3806//4679 3807//4679 1677//4679
f 1677//4680 3807//4680 3808//4680
f 1677//677 3808//677 2446//677
f 3809//4681 2523//4681 3810//4681
f 3810//4682 2523//4682 3811//4682
f 3810//4683 3811//4683 3812//4683
f 3809//4684 3813//4684 2523//4684
f 2523//4685 3813//4685 3814//4685
f 2523//4686 3814//4686 3815//4686
f 3815//4687 3816//4687 2523//4687
f 2523//4688 3816//4688 3817//4688
f 2523//4689 3817//4689 2524//4689
f 2460//1 2506//1 3818//1
f 2464//1 2463//1 3819//1
f 3819//1 2463//1 2462//1
f 3819//1 2462//1 3818//1
f 3818//1 2462//1 2461//1
f 3818//1 2461//1 2460//1
f 2506//1 2460//1 2508//1
f 2508//1 2460//1 2459//1
f 2508//1 2459//1 2512//1
f 2512//1 2459//1 2458//1
f 2512//1 2458//1 2519//1
f 2519//1 2458//1 2457//1
f 2519//1 2457//1 2525//1
f 2525//1 2457//1 2456//1
f 2525//1 2456//1 2523//1
f 2523//1 2456//1 2455//1
f 2523//1 2455//1 3811//1
f 2455//1 2454//1 3811//1
f 3811//1 2454//1 2453//1
f 3811//1 2453//1 3820//1
f 3820//1 2453//1 2452//1
f 2506//4690 3821//4690 3818//4690
f 3818//4691 3821//4691 3822//4691
f 2506//4692 2505//4692 3823//4692
f 3823//4693 3824//4693 2506//4693
f 2506//4694 3824//4694 3825//4694
f 2506//4695 3825//4695 3826//4695
f 3826//4696 3827//4696 2506//4696
f 2506//4697 3827//4697 3828//4697
f 2506//4698 3828//4698 3821//4698
f 3735//4699 3737//4699 3829//4699
f 3829//4700 3737//4700 3830//4700
f 3831//4701 3832//4701 3833//4701
f 3831//4702 3833//4702 3834//4702
f 3834//4703 3833//4703 3835//4703
f 3834//4704 3835//4704 3830//4704
f 3836//4705 3837//4705 3831//4705
f 3831//4706 3837//4706 3838//4706
f 3831//4707 3838//4707 3832//4707
f 3839//4708 3840//4708 3836//4708
f 3836//4709 3840//4709 3841//4709
f 3836//4710 3841//4710 3837//4710
f 2468//4711 2467//4711 3836//4711
f 3836//4712 2467//4712 2016//4712
f 3836//4713 2016//4713 3842//4713
f 3843//4714 3839//4714 3844//4714
f 3844//4715 3839//4715 3836//4715
f 3844//4716 3836//4716 3845//4716
f 3845//4717 3836//4717 3842//4717
f 2468//4718 3836//4718 2469//4718
f 2469//4719 3836//4719 3831//4719
f 2469//4720 3831//4720 2466//4720
f 3724//4721 3723//4721 3834//4721
f 3830//4722 3737//4722 3834//4722
f 3834//4723 3737//4723 3738//4723
f 3834//4724 3738//4724 3724//4724
f 2466//4725 3831//4725 2471//4725
f 2471//4726 3831//4726 3834//4726
f 2471//4727 3834//4727 2470//4727
f 2470//4728 3834//4728 3723//4728
f 2470//4729 3723//4729 2058//4729
f 3846//4730 3847//4730 3848//4730
f 3849//4731 3843//4731 3850//4731
f 3850//4732 3843//4732 3844//4732
f 3850//4733 3844//4733 3846//4733
f 3846//4734 3844//4734 3845//4734
f 3846//4735 3845//4735 3847//4735
f 3851//4736 2021//4736 3852//4736
f 3852//4737 2021//4737 2020//4737
f 2019//4738 2018//4738 3853//4738
f 2019//4739 3853//4739 3854//4739
f 3854//4740 3853//4740 3855//4740
f 3854//4741 3855//4741 3856//4741
f 3857//4742 2013//4742 3851//4742
f 3851//4743 2013//4743 2012//4743
f 2012//4744 2011//4744 3851//4744
f 3851//4745 2011//4745 2022//4745
f 3851//4746 2022//4746 2021//4746
f 3842//4747 2016//4747 3858//4747
f 3858//4748 2016//4748 2015//4748
f 3858//4749 2015//4749 2014//4749
f 3852//4750 3859//4750 3851//4750
f 3851//4751 3859//4751 3858//4751
f 3851//4752 3858//4752 3857//4752
f 3857//4753 3858//4753 2014//4753
f 3857//4754 2014//4754 2013//4754
f 3860//4755 3861//4755 3862//4755
f 3862//4756 3863//4756 3860//4756
f 3860//4757 3863//4757 3864//4757
f 3860//4758 3864//4758 3865//4758
f 3865//4759 3864//4759 3866//4759
f 3865//4760 3866//4760 3867//4760
f 3868//4761 3869//4761 3855//4761
f 3855//4762 3869//4762 3861//4762
f 3855//4763 3861//4763 3856//4763
f 3856//4764 3861//4764 3860//4764
f 3856//4765 3860//4765 3848//4765
f 3848//4766 3860//4766 3865//4766
f 3848//4767 3865//4767 3846//4767
f 3846//4768 3865//4768 3867//4768
f 3846//4769 3867//4769 3850//4769
f 3868//4770 3855//4770 3870//4770
f 3870//4771 3855//4771 3853//4771
f 3870//4772 3853//4772 3871//4772
f 3871//4773 3853//4773 2018//4773
f 3871//4774 2018//4774 2017//4774
f 3845//4775 3842//4775 3847//4775
f 3847//4776 3842//4776 3858//4776
f 3847//4777 3858//4777 3848//4777
f 3848//4778 3858//4778 3859//4778
f 3848//4779 3859//4779 3856//4779
f 3856//4780 3859//4780 3852//4780
f 3856//4781 3852//4781 3854//4781
f 3854//4782 3852//4782 2020//4782
f 3854//4783 2020//4783 2019//4783
f 3872//4784 3873//4784 3874//4784
f 3875//4785 3862//4785 3861//4785
f 3874//4786 3873//4786 3861//4786
f 3861//4787 3873//4787 3876//4787
f 3861//4788 3876//4788 3875//4788
f 3877//4789 3878//4789 3879//4789
f 3880//4790 3881//4790 3877//4790
f 3877//4791 3881//4791 3882//4791
f 3877//4792 3882//4792 3878//4792
f 3883//4793 3884//4793 3880//4793
f 3880//4794 3884//4794 3885//4794
f 3880//4795 3885//4795 3881//4795
f 2800//4796 2799//4796 3886//4796
f 3886//4797 2799//4797 2798//4797
f 3886//4798 2798//4798 3887//4798
f 3888//4799 2797//4799 2802//4799
f 3887//4800 3889//4800 3886//4800
f 3886//4801 3889//4801 3890//4801
f 3886//4802 3890//4802 3891//4802
f 3891//4803 3890//4803 3892//4803
f 3891//4804 3892//4804 3893//4804
f 3891//4805 3894//4805 3886//4805
f 3886//4806 3894//4806 3895//4806
f 3886//4807 3895//4807 2800//4807
f 2800//4808 3895//4808 2801//4808
f 2017//4809 2797//4809 3871//4809
f 3871//4810 2797//4810 3888//4810
f 3871//4811 3888//4811 3870//4811
f 3870//4812 3888//4812 3896//4812
f 3870//4813 3896//4813 3868//4813
f 3868//4814 3896//4814 3869//4814
f 3897//4815 3898//4815 3880//4815
f 3880//4816 3898//4816 3899//4816
f 3880//4817 3899//4817 3883//4817
f 3861//4818 3869//4818 3874//4818
f 3874//4819 3869//4819 3896//4819
f 3874//4820 3896//4820 3894//4820
f 3894//4821 3896//4821 3888//4821
f 3894//4822 3888//4822 3895//4822
f 3895//4823 3888//4823 2802//4823
f 3895//4824 2802//4824 2801//4824
f 3893//4825 3897//4825 3891//4825
f 3891//4826 3897//4826 3880//4826
f 3891//4827 3880//4827 3894//4827
f 3894//4828 3880//4828 3877//4828
f 3894//4829 3877//4829 3874//4829
f 3874//4830 3877//4830 3879//4830
f 3874//4831 3879//4831 3872//4831
f 3900//4832 3901//4832 3902//4832
f 3903//4833 2789//4833 2790//4833
f 2790//4834 2472//4834 3903//4834
f 3903//4835 2472//4835 3904//4835
f 3903//4836 3904//4836 3905//4836
f 3906//4837 2792//4837 2791//4837
f 3907//4838 2795//4838 2794//4838
f 2792//4839 3906//4839 2793//4839
f 2793//4840 3906//4840 3902//4840
f 2793//4841 3902//4841 2794//4841
f 2794//4842 3902//4842 3901//4842
f 2794//4843 3901//4843 3907//4843
f 3908//4844 3909//4844 3910//4844
f 3910//4845 3909//4845 3911//4845
f 3912//4846 3913//4846 3914//4846
f 3914//4847 3913//4847 3910//4847
f 3914//4848 3910//4848 3915//4848
f 3916//4849 3917//4849 3918//4849
f 3919//4850 3920//4850 3916//4850
f 3916//4851 3920//4851 3921//4851
f 3916//4852 3921//4852 3922//4852
f 3913//4853 3923//4853 3910//4853
f 3910//4854 3923//4854 3924//4854
f 3910//4855 3924//4855 3908//4855
f 3908//4856 3924//4856 3925//4856
f 3908//4857 3925//4857 3926//4857
f 3922//4858 3927//4858 3928//4858
f 3922//4859 3928//4859 3916//4859
f 3916//4860 3928//4860 3929//4860
f 3916//4861 3929//4861 3917//4861
f 3930//4862 3931//4862 3911//4862
f 3911//4863 3931//4863 3932//4863
f 3911//4864 3932//4864 3910//4864
f 3910//4865 3932//4865 3933//4865
f 3910//4866 3933//4866 3915//4866
f 3934//4867 3935//4867 3919//4867
f 3919//4868 3935//4868 3920//4868
f 3905//4869 3934//4869 3903//4869
f 3903//4870 3934//4870 3919//4870
f 3903//4871 3919//4871 3909//4871
f 3909//4872 3919//4872 3916//4872
f 3909//4873 3916//4873 3911//4873
f 3911//4874 3916//4874 3918//4874
f 3911//4875 3918//4875 3930//4875
f 3926//4876 3900//4876 3908//4876
f 3908//4877 3900//4877 3902//4877
f 3908//4878 3902//4878 3909//4878
f 3909//4879 3902//4879 3906//4879
f 3909//4880 3906//4880 3903//4880
f 3903//4881 3906//4881 2791//4881
f 3903//4882 2791//4882 2789//4882
f 3905//4883 3904//4883 3936//4883
f 3937//4884 3938//4884 3939//4884
f 2477//4885 2489//4885 3940//4885
f 2493//4886 2491//4886 3941//4886
f 2493//4887 3941//4887 2494//4887
f 2484//4888 2497//4888 3942//4888
f 3942//4889 2497//4889 2496//4889
f 3942//4890 2496//4890 2495//4890
f 2485//4891 3943//4891 2487//4891
f 2487//4892 3943//4892 3944//4892
f 2487//4893 3944//4893 2488//4893
f 2477//4894 3940//4894 2478//4894
f 2478//4895 3940//4895 3945//4895
f 2478//4896 3945//4896 2480//4896
f 2480//4897 3945//4897 2481//4897
f 2481//4898 3945//4898 3946//4898
f 2481//4899 3946//4899 2482//4899
f 2482//4900 3946//4900 2483//4900
f 2483//4901 3946//4901 3936//4901
f 2483//4902 3936//4902 2476//4902
f 2476//4903 3936//4903 2474//4903
f 2474//4904 3936//4904 3904//4904
f 2474//4905 3904//4905 2472//4905
f 3921//4906 3947//4906 3922//4906
f 3922//4907 3947//4907 3948//4907
f 3922//4908 3948//4908 3927//4908
f 3947//4909 3949//4909 3950//4909
f 3950//4910 3949//4910 3951//4910
f 3950//4911 3951//4911 3952//4911
f 3953//4912 3954//4912 3955//4912
f 3952//4913 3953//4913 3950//4913
f 3950//4914 3953//4914 3955//4914
f 3950//4915 3955//4915 3947//4915
f 3947//4916 3955//4916 3956//4916
f 3947//4917 3956//4917 3948//4917
f 3957//4918 3944//4918 3958//4918
f 3958//4919 3944//4919 3939//4919
f 3959//4920 3960//4920 3961//4920
f 3961//4921 3960//4921 3962//4921
f 3961//4922 3962//4922 3963//4922
f 3938//4923 3964//4923 3939//4923
f 3939//4924 3964//4924 3965//4924
f 3939//4925 3965//4925 3958//4925
f 3958//4926 3965//4926 3966//4926
f 3958//4927 3966//4927 3967//4927
f 3968//4928 3969//4928 3970//4928
f 3970//4929 3969//4929 3971//4929
f 3970//4930 3971//4930 3972//4930
f 2495//4931 3973//4931 3942//4931
f 3942//4932 3973//4932 3971//4932
f 3942//4933 3971//4933 3974//4933
f 3974//4934 3971//4934 3969//4934
f 3975//4935 3937//4935 3969//4935
f 3969//4936 3937//4936 3939//4936
f 3969//4937 3939//4937 3974//4937
f 3974//4938 3939//4938 3944//4938
f 3974//4939 3944//4939 3942//4939
f 3942//4940 3944//4940 3943//4940
f 3942//4941 3943//4941 2484//4941
f 2484//4942 3943//4942 2485//4942
f 3921//4943 3920//4943 3947//4943
f 3947//4944 3920//4944 3935//4944
f 3947//4945 3935//4945 3949//4945
f 3949//4946 3935//4946 3934//4946
f 3968//4947 3976//4947 3969//4947
f 3969//4948 3976//4948 3977//4948
f 3969//4949 3977//4949 3975//4949
f 3975//4950 3977//4950 3978//4950
f 3978//4951 3977//4951 3979//4951
f 3967//4952 3959//4952 3958//4952
f 3958//4953 3959//4953 3961//4953
f 3958//4954 3961//4954 3957//4954
f 3957//4955 3961//4955 3963//4955
f 3957//4956 3963//4956 3952//4956
f 3952//4957 3963//4957 3980//4957
f 3952//4958 3980//4958 3953//4958
f 2495//4959 2494//4959 3973//4959
f 3973//4960 2494//4960 3941//4960
f 3973//4961 3941//4961 3971//4961
f 3971//4962 3941//4962 3981//4962
f 3971//4963 3981//4963 3972//4963
f 3934//4964 3905//4964 3949//4964
f 3949//4965 3905//4965 3936//4965
f 3949//4966 3936//4966 3951//4966
f 3951//4967 3936//4967 3946//4967
f 3951//4968 3946//4968 3952//4968
f 3952//4969 3946//4969 3945//4969
f 3952//4970 3945//4970 3957//4970
f 3957//4971 3945//4971 3940//4971
f 3957//4972 3940//4972 3944//4972
f 3944//4973 3940//4973 2489//4973
f 3944//4974 2489//4974 2488//4974
f 3982//4975 3979//4975 3977//4975
f 3983//4976 2781//4976 2777//4976
f 2777//4977 2778//4977 3983//4977
f 3983//4978 2778//4978 3984//4978
f 3983//4979 3984//4979 3985//4979
f 3986//4980 2783//4980 2782//4980
f 2783//4981 3986//4981 2784//4981
f 2784//4982 3986//4982 3987//4982
f 2784//4983 3987//4983 2785//4983
f 3988//4984 3977//4984 3976//4984
f 3976//4985 3989//4985 3988//4985
f 3988//4986 3989//4986 3990//4986
f 3988//4987 3990//4987 3991//4987
f 3977//4988 3988//4988 3992//4988
f 3977//4989 3992//4989 3982//4989
f 3993//4990 3994//4990 3995//4990
f 3995//4991 3994//4991 3996//4991
f 3997//4992 3995//4992 3998//4992
f 3968//4993 3970//4993 3987//4993
f 3970//4994 3972//4994 3987//4994
f 3987//4995 3972//4995 3981//4995
f 3987//4996 3981//4996 2785//4996
f 2785//4997 3981//4997 3941//4997
f 2785//4998 3941//4998 2491//4998
f 3997//4999 3999//4999 3995//4999
f 3995//5000 3999//5000 4000//5000
f 3995//5001 4000//5001 3993//5001
f 3993//5002 4000//5002 4001//5002
f 4002//5003 4003//5003 3991//5003
f 3991//5004 4003//5004 4004//5004
f 3991//5005 4004//5005 3988//5005
f 3988//5006 4004//5006 4005//5006
f 3988//5007 4005//5007 3992//5007
f 4006//5008 4007//5008 3998//5008
f 3998//5009 4007//5009 4008//5009
f 3998//5010 4008//5010 3997//5010
f 3985//5011 4006//5011 3983//5011
f 3983//5012 4006//5012 3998//5012
f 3983//5013 3998//5013 3990//5013
f 3990//5014 3998//5014 3995//5014
f 3990//5015 3995//5015 3991//5015
f 3991//5016 3995//5016 3996//5016
f 3991//5017 3996//5017 4002//5017
f 3976//5018 3968//5018 3989//5018
f 3989//5019 3968//5019 3987//5019
f 3989//5020 3987//5020 3990//5020
f 3990//5021 3987//5021 3986//5021
f 3990//5022 3986//5022 3983//5022
f 3983//5023 3986//5023 2782//5023
f 3983//5024 2782//5024 2781//5024
f 4009//5025 2772//5025 2771//5025
f 2771//5026 1994//5026 4009//5026
f 4009//5027 1994//5027 4010//5027
f 4009//5028 4010//5028 4011//5028
f 4012//5029 2774//5029 2773//5029
f 2774//5030 4012//5030 2775//5030
f 2775//5031 4012//5031 4013//5031
f 2775//5032 4013//5032 2776//5032
f 4014//5033 4015//5033 4016//5033
f 4016//5034 4015//5034 4017//5034
f 4016//5035 4017//5035 4018//5035
f 4019//5036 4020//5036 4021//5036
f 4021//5037 4020//5037 4022//5037
f 4021//5038 4022//5038 4023//5038
f 4018//5039 4024//5039 4016//5039
f 4016//5040 4024//5040 4025//5040
f 4016//5041 4025//5041 4026//5041
f 4026//5042 4025//5042 4027//5042
f 4026//5043 4027//5043 4028//5043
f 4026//5044 4029//5044 4016//5044
f 4016//5045 4029//5045 4030//5045
f 4016//5046 4030//5046 4014//5046
f 4014//5047 4030//5047 4031//5047
f 4032//5048 4019//5048 4033//5048
f 4033//5049 4019//5049 4021//5049
f 4033//5050 4021//5050 4034//5050
f 4034//5051 4021//5051 4035//5051
f 4036//5052 4037//5052 4013//5052
f 4037//5053 4038//5053 4013//5053
f 4013//5054 4038//5054 4039//5054
f 4013//5055 4039//5055 2776//5055
f 2776//5056 4039//5056 4040//5056
f 2776//5057 4040//5057 2770//5057
f 4041//5058 4042//5058 4035//5058
f 4035//5059 4042//5059 4043//5059
f 4035//5060 4043//5060 4034//5060
f 4011//5061 4041//5061 4009//5061
f 4009//5062 4041//5062 4035//5062
f 4009//5063 4035//5063 4029//5063
f 4029//5064 4035//5064 4021//5064
f 4029//5065 4021//5065 4030//5065
f 4030//5066 4021//5066 4023//5066
f 4030//5067 4023//5067 4031//5067
f 4028//5068 4036//5068 4026//5068
f 4026//5069 4036//5069 4013//5069
f 4026//5070 4013//5070 4029//5070
f 4029//5071 4013//5071 4012//5071
f 4029//5072 4012//5072 4009//5072
f 4009//5073 4012//5073 2773//5073
f 4009//5074 2773//5074 2772//5074
f 4044//5075 4045//5075 4046//5075
f 1995//5076 1996//5076 4047//5076
f 4034//5077 4043//5077 4048//5077
f 4033//5078 4034//5078 4049//5078
f 4049//5079 4034//5079 4048//5079
f 4049//5080 4048//5080 4050//5080
f 4050//5081 4048//5081 4051//5081
f 4050//5082 4051//5082 4052//5082
f 4052//5083 4051//5083 4053//5083
f 1989//5084 4054//5084 1990//5084
f 1990//5085 4054//5085 1991//5085
f 1989//5086 1988//5086 4055//5086
f 4055//5087 1988//5087 1986//5087
f 4055//5088 1986//5088 1985//5088
f 1991//5089 4054//5089 1992//5089
f 1992//5090 4054//5090 4056//5090
f 1992//5091 4056//5091 1993//5091
f 1993//5092 4056//5092 4010//5092
f 1993//5093 4010//5093 1994//5093
f 4045//5094 4041//5094 4011//5094
f 4041//5095 4045//5095 4042//5095
f 4042//5096 4045//5096 4044//5096
f 4042//5097 4044//5097 4043//5097
f 4055//5098 4057//5098 1989//5098
f 1989//5099 4057//5099 4046//5099
f 1989//5100 4046//5100 4054//5100
f 4054//5101 4046//5101 4045//5101
f 4054//5102 4045//5102 4056//5102
f 4056//5103 4045//5103 4011//5103
f 4056//5104 4011//5104 4010//5104
f 4058//5105 4059//5105 4060//5105
f 4060//5106 4059//5106 4052//5106
f 4060//5107 4052//5107 4061//5107
f 4061//5108 4052//5108 4053//5108
f 4061//5109 4053//5109 4062//5109
f 4062//5110 4053//5110 4047//5110
f 4059//5111 4063//5111 4052//5111
f 4052//5112 4063//5112 4064//5112
f 4052//5113 4064//5113 4050//5113
f 4050//5114 4064//5114 4065//5114
f 4050//5115 4065//5115 4049//5115
f 4049//5116 4065//5116 4066//5116
f 4049//5117 4066//5117 4033//5117
f 4033//5118 4066//5118 4032//5118
f 4043//5119 4044//5119 4048//5119
f 4048//5120 4044//5120 4046//5120
f 4048//5121 4046//5121 4051//5121
f 4051//5122 4046//5122 4057//5122
f 4051//5123 4057//5123 4053//5123
f 4053//5124 4057//5124 4055//5124
f 4053//5125 4055//5125 4047//5125
f 4047//5126 4055//5126 1985//5126
f 4047//5127 1985//5127 1995//5127
f 4060//5128 4061//5128 4067//5128
f 4068//5129 2502//5129 2498//5129
f 2498//5130 4069//5130 4068//5130
f 4068//5131 4069//5131 4070//5131
f 4068//5132 4070//5132 4071//5132
f 2501//5133 2500//5133 4072//5133
f 4072//5134 2500//5134 2504//5134
f 4072//5135 2504//5135 4068//5135
f 4068//5136 2504//5136 2503//5136
f 4068//5137 2503//5137 2502//5137
f 1996//5138 2499//5138 4047//5138
f 4047//5139 2499//5139 4067//5139
f 4047//5140 4067//5140 4062//5140
f 4062//5141 4067//5141 4061//5141
f 4073//5142 4058//5142 4060//5142
f 4074//5143 4075//5143 4072//5143
f 4072//5144 4075//5144 4067//5144
f 4072//5145 4067//5145 2501//5145
f 2501//5146 4067//5146 2499//5146
f 4075//5147 4076//5147 4067//5147
f 4067//5148 4076//5148 4077//5148
f 4067//5149 4077//5149 4060//5149
f 4060//5150 4077//5150 4078//5150
f 4060//5151 4078//5151 4073//5151
f 4079//5152 4068//5152 4080//5152
f 4080//5153 4068//5153 4071//5153
f 4080//5154 4071//5154 4081//5154
f 4079//5155 4082//5155 4068//5155
f 4068//5156 4082//5156 4083//5156
f 4068//5157 4083//5157 4072//5157
f 4072//5158 4083//5158 4084//5158
f 4072//5159 4084//5159 4074//5159
f 4085//5160 2736//5160 2743//5160
f 2736//5161 4085//5161 2737//5161
f 4086//5162 4087//5162 4088//5162
f 2744//5163 4089//5163 2745//5163
f 2745//5164 4089//5164 4090//5164
f 4091//5165 4092//5165 4093//5165
f 4089//5166 4086//5166 4090//5166
f 4090//5167 4086//5167 4088//5167
f 4090//5168 4088//5168 4094//5168
f 4094//5169 4088//5169 4091//5169
f 4094//5170 4091//5170 4095//5170
f 4095//5171 4091//5171 4093//5171
f 4095//5172 2742//5172 4094//5172
f 4094//5173 2742//5173 2747//5173
f 4094//5174 2747//5174 4090//5174
f 4090//5175 2747//5175 2746//5175
f 4090//5176 2746//5176 2745//5176
f 4096//5177 4097//5177 4085//5177
f 4098//5178 4099//5178 4100//5178
f 4100//5179 4099//5179 4101//5179
f 4100//5180 4101//5180 4102//5180
f 4102//5181 4101//5181 4103//5181
f 4102//5182 4103//5182 4104//5182
f 2498//5183 4096//5183 4069//5183
f 4069//5184 4096//5184 4105//5184
f 4069//5185 4105//5185 4070//5185
f 2498//5186 2740//5186 4096//5186
f 4096//5187 2740//5187 2739//5187
f 4096//5188 2739//5188 4097//5188
f 4097//5189 2739//5189 2738//5189
f 4097//5190 2738//5190 4085//5190
f 4085//5191 2738//5191 2741//5191
f 4085//5192 2741//5192 2737//5192
f 4106//5193 4081//5193 4107//5193
f 4107//5194 4081//5194 4071//5194
f 4107//5195 4071//5195 4108//5195
f 4071//5196 4070//5196 4108//5196
f 4108//5197 4070//5197 4105//5197
f 4108//5198 4105//5198 4092//5198
f 4092//5199 4105//5199 4096//5199
f 4092//5200 4096//5200 4093//5200
f 4093//5201 4096//5201 4085//5201
f 4093//5202 4085//5202 4095//5202
f 4095//5203 4085//5203 2743//5203
f 4095//5204 2743//5204 2742//5204
f 4087//5205 4109//5205 4088//5205
f 4088//5206 4109//5206 4098//5206
f 4088//5207 4098//5207 4091//5207
f 4091//5208 4098//5208 4100//5208
f 4091//5209 4100//5209 4092//5209
f 4092//5210 4100//5210 4102//5210
f 4092//5211 4102//5211 4108//5211
f 4108//5212 4102//5212 4104//5212
f 4108//5213 4104//5213 4107//5213
f 4110//5214 4111//5214 4112//5214
f 4112//5215 4111//5215 4098//5215
f 4098//5216 4111//5216 4113//5216
f 4098//5217 4113//5217 4099//5217
f 4114//5218 4115//5218 4116//5218
f 4117//5219 4118//5219 4114//5219
f 4114//5220 4118//5220 4119//5220
f 4114//5221 4119//5221 4115//5221
f 4120//5222 4121//5222 4117//5222
f 4117//5223 4121//5223 4122//5223
f 4117//5224 4122//5224 4118//5224
f 4123//5225 4124//5225 4125//5225
f 4125//5226 4124//5226 4126//5226
f 4125//5227 4126//5227 4127//5227
f 4128//5228 4129//5228 4130//5228
f 4127//5229 4131//5229 4125//5229
f 4125//5230 4131//5230 4132//5230
f 4125//5231 4132//5231 4133//5231
f 4133//5232 4132//5232 4134//5232
f 4133//5233 4134//5233 4135//5233
f 4133//5234 4136//5234 4125//5234
f 4125//5235 4136//5235 4137//5235
f 4125//5236 4137//5236 4123//5236
f 4123//5237 4137//5237 4138//5237
f 2744//5238 4129//5238 4089//5238
f 4089//5239 4129//5239 4128//5239
f 4089//5240 4128//5240 4086//5240
f 4086//5241 4128//5241 4139//5241
f 4086//5242 4139//5242 4087//5242
f 4087//5243 4139//5243 4109//5243
f 4140//5244 4141//5244 4117//5244
f 4117//5245 4141//5245 4142//5245
f 4117//5246 4142//5246 4120//5246
f 4098//5050 4109//5050 4112//5050
f 4112//5247 4109//5247 4139//5247
f 4112//5248 4139//5248 4136//5248
f 4136//5249 4139//5249 4128//5249
f 4136//5250 4128//5250 4137//5250
f 4137//5251 4128//5251 4130//5251
f 4137//5252 4130//5252 4138//5252
f 4135//5253 4140//5253 4133//5253
f 4133//5254 4140//5254 4117//5254
f 4133//5255 4117//5255 4136//5255
f 4136//5256 4117//5256 4114//5256
f 4136//5257 4114//5257 4112//5257
f 4112//5258 4114//5258 4116//5258
f 4112//5259 4116//5259 4110//5259
f 4143//5260 4144//5260 4145//5260
f 4146//5261 4147//5261 4148//5261
f 4149//5262 3824//5262 3823//5262
f 3823//5263 2505//5263 4149//5263
f 4149//5264 2505//5264 4150//5264
f 4149//5265 4150//5265 4151//5265
f 4152//5266 3826//5266 3825//5266
f 3826//5267 4152//5267 3827//5267
f 3827//5268 4152//5268 4153//5268
f 3827//5269 4153//5269 3828//5269
f 4145//5270 4154//5270 4155//5270
f 4155//5271 4156//5271 4145//5271
f 4145//5272 4156//5272 4157//5272
f 4145//5273 4157//5273 4148//5273
f 4154//5274 4145//5274 4158//5274
f 4158//5275 4145//5275 4144//5275
f 4158//5276 4144//5276 4159//5276
f 4160//5277 4161//5277 4162//5277
f 4163//5278 4164//5278 4160//5278
f 4160//5279 4164//5279 4165//5279
f 4166//5280 4167//5280 4153//5280
f 4167//5281 4168//5281 4153//5281
f 4153//5282 4168//5282 4169//5282
f 4153//5283 4169//5283 3828//5283
f 3828//5284 4169//5284 4170//5284
f 3828//5285 4170//5285 3821//5285
f 4165//5286 4171//5286 4172//5286
f 4165//5287 4172//5287 4160//5287
f 4160//5288 4172//5288 4173//5288
f 4160//5289 4173//5289 4161//5289
f 4148//5290 4147//5290 4145//5290
f 4145//5291 4147//5291 4174//5291
f 4145//5292 4174//5292 4143//5292
f 4175//5293 4176//5293 4163//5293
f 4163//5294 4176//5294 4177//5294
f 4163//5295 4177//5295 4164//5295
f 4151//5296 4175//5296 4149//5296
f 4149//5297 4175//5297 4163//5297
f 4149//5298 4163//5298 4157//5298
f 4157//5299 4163//5299 4160//5299
f 4157//5300 4160//5300 4148//5300
f 4148//5301 4160//5301 4162//5301
f 4148//5302 4162//5302 4146//5302
f 4155//5303 4166//5303 4156//5303
f 4156//5304 4166//5304 4153//5304
f 4156//5305 4153//5305 4157//5305
f 4157//5306 4153//5306 4152//5306
f 4157//5307 4152//5307 4149//5307
f 4149//5308 4152//5308 3825//5308
f 4149//5309 3825//5309 3824//5309
f 4177//5310 4176//5310 4178//5310
f 2526//5311 2524//5311 4179//5311
f 2526//5312 4179//5312 2527//5312
f 2517//5313 2530//5313 4180//5313
f 4180//5314 2530//5314 2529//5314
f 4180//5315 2529//5315 2528//5315
f 2518//5316 4181//5316 2520//5316
f 2520//5317 4181//5317 4182//5317
f 2520//5318 4182//5318 2521//5318
f 4183//5319 2511//5319 4184//5319
f 4184//5320 2511//5320 2510//5320
f 4184//5321 2510//5321 2522//5321
f 4185//5322 2514//5322 4183//5322
f 4183//5323 2514//5323 2513//5323
f 4183//5324 2513//5324 2511//5324
f 2507//5325 2509//5325 4186//5325
f 4186//5326 2509//5326 2516//5326
f 4186//5327 2516//5327 4185//5327
f 4185//5328 2516//5328 2515//5328
f 4185//5329 2515//5329 2514//5329
f 4187//5330 4165//5330 4164//5330
f 4165//5331 4187//5331 4188//5331
f 4165//5332 4188//5332 4171//5332
f 4164//5333 4177//5333 4187//5333
f 4187//5334 4177//5334 4178//5334
f 4187//5335 4178//5335 4189//5335
f 4189//5336 4178//5336 4190//5336
f 4189//5337 4190//5337 4191//5337
f 4192//5338 4193//5338 4191//5338
f 4193//5339 4194//5339 4195//5339
f 4191//5340 4193//5340 4189//5340
f 4189//5341 4193//5341 4195//5341
f 4189//5342 4195//5342 4187//5342
f 4187//5343 4195//5343 4196//5343
f 4187//5344 4196//5344 4188//5344
f 4197//5345 4182//5345 4198//5345
f 4198//5346 4182//5346 4199//5346
f 4200//5347 4201//5347 4202//5347
f 4202//5348 4201//5348 4203//5348
f 4202//5349 4203//5349 4204//5349
f 4205//5350 4206//5350 4199//5350
f 4199//5351 4206//5351 4207//5351
f 4199//5352 4207//5352 4198//5352
f 4198//5353 4207//5353 4208//5353
f 4198//5354 4208//5354 4209//5354
f 4210//5355 4211//5355 4212//5355
f 4212//5356 4211//5356 4213//5356
f 2528//5357 4214//5357 4180//5357
f 4180//5358 4214//5358 4212//5358
f 4180//5359 4212//5359 4215//5359
f 4215//5360 4212//5360 4213//5360
f 4216//5361 4205//5361 4213//5361
f 4213//5362 4205//5362 4199//5362
f 4213//5363 4199//5363 4215//5363
f 4215//5364 4199//5364 4182//5364
f 4215//5365 4182//5365 4180//5365
f 4180//5366 4182//5366 4181//5366
f 4180//5367 4181//5367 2517//5367
f 2517//5368 4181//5368 2518//5368
f 2505//5369 2507//5369 4150//5369
f 4150//5370 2507//5370 4186//5370
f 4150//5371 4186//5371 4151//5371
f 4151//5372 4186//5372 4175//5372
f 4211//5373 4217//5373 4213//5373
f 4213//5374 4217//5374 4218//5374
f 4213//5375 4218//5375 4216//5375
f 4216//5376 4218//5376 4219//5376
f 4216//5377 4219//5377 4220//5377
f 4220//5378 4219//5378 4221//5378
f 4209//5379 4200//5379 4198//5379
f 4198//5380 4200//5380 4202//5380
f 4198//5381 4202//5381 4197//5381
f 4197//5382 4202//5382 4204//5382
f 4197//5383 4204//5383 4191//5383
f 4191//5384 4204//5384 4222//5384
f 4191//5385 4222//5385 4192//5385
f 2528//5386 2527//5386 4214//5386
f 4214//5387 2527//5387 4179//5387
f 4214//5388 4179//5388 4212//5388
f 4212//5389 4179//5389 4223//5389
f 4212//5390 4223//5390 4210//5390
f 4176//5391 4175//5391 4178//5391
f 4178//5392 4175//5392 4186//5392
f 4178//5393 4186//5393 4190//5393
f 4190//5394 4186//5394 4185//5394
f 4190//5395 4185//5395 4191//5395
f 4191//5396 4185//5396 4183//5396
f 4191//5397 4183//5397 4197//5397
f 4197//5398 4183//5398 4184//5398
f 4197//5399 4184//5399 4182//5399
f 4182//5400 4184//5400 2522//5400
f 4182//5401 2522//5401 2521//5401
f 4210//5402 4223//5402 4224//5402
f 4225//5403 3813//5403 3809//5403
f 3809//5404 3810//5404 4225//5404
f 4225//5405 3810//5405 4226//5405
f 4225//5406 4226//5406 4227//5406
f 4228//5407 3815//5407 3814//5407
f 4179//5408 2524//5408 3817//5408
f 3815//5409 4228//5409 3816//5409
f 3816//5410 4228//5410 4224//5410
f 3816//5411 4224//5411 3817//5411
f 3817//5412 4224//5412 4223//5412
f 3817//5413 4223//5413 4179//5413
f 4229//5414 4230//5414 4231//5414
f 4231//5415 4230//5415 4232//5415
f 4231//5416 4233//5416 4219//5416
f 4219//5417 4233//5417 4234//5417
f 4219//5418 4234//5418 4221//5418
f 4235//5419 4236//5419 4237//5419
f 4237//5420 4236//5420 4238//5420
f 4239//5421 4240//5421 4232//5421
f 4241//5422 4237//5422 4242//5422
f 4219//5423 4218//5423 4231//5423
f 4231//5424 4218//5424 4217//5424
f 4231//5425 4217//5425 4229//5425
f 4229//5426 4217//5426 4211//5426
f 4241//5427 4243//5427 4237//5427
f 4237//5428 4243//5428 4244//5428
f 4237//5429 4244//5429 4235//5429
f 4235//5430 4244//5430 4245//5430
f 4240//5431 4246//5431 4232//5431
f 4232//5432 4246//5432 4247//5432
f 4232//5433 4247//5433 4231//5433
f 4231//5434 4247//5434 4248//5434
f 4231//5435 4248//5435 4233//5435
f 4249//5436 4250//5436 4242//5436
f 4242//5437 4250//5437 4251//5437
f 4242//5438 4251//5438 4241//5438
f 4227//5439 4249//5439 4225//5439
f 4225//5440 4249//5440 4242//5440
f 4225//5441 4242//5441 4230//5441
f 4230//5442 4242//5442 4237//5442
f 4230//5443 4237//5443 4232//5443
f 4232//5444 4237//5444 4238//5444
f 4232//5445 4238//5445 4239//5445
f 4211//5446 4210//5446 4229//5446
f 4229//5447 4210//5447 4224//5447
f 4229//5448 4224//5448 4230//5448
f 4230//5449 4224//5449 4228//5449
f 4230//5450 4228//5450 4225//5450
f 4225//5451 4228//5451 3814//5451
f 4225//5452 3814//5452 3813//5452
f 4252//5453 3802//5453 3803//5453
f 3803//5454 2430//5454 4252//5454
f 4252//5455 2430//5455 4253//5455
f 4252//5456 4253//5456 4254//5456
f 4255//5457 3805//5457 3804//5457
f 3805//5457 4255//5457 3806//5457
f 3806//5458 4255//5458 4256//5458
f 3806//5459 4256//5459 3807//5459
f 4257//5460 4258//5460 4259//5460
f 4259//5461 4258//5461 4260//5461
f 4259//5462 4260//5462 4261//5462
f 4262//5463 4263//5463 4264//5463
f 4264//5464 4263//5464 4265//5464
f 4264//5465 4265//5465 4266//5465
f 4267//5466 4268//5466 4269//5466
f 4261//5467 4270//5467 4259//5467
f 4259//5468 4270//5468 4271//5468
f 4259//5469 4271//5469 4272//5469
f 4272//5470 4271//5470 4273//5470
f 4272//5471 4273//5471 4274//5471
f 4272//5472 4275//5472 4259//5472
f 4259//5473 4275//5473 4276//5473
f 4259//5474 4276//5474 4257//5474
f 4257//5475 4276//5475 4277//5475
f 4269//5476 4262//5476 4267//5476
f 4267//5477 4262//5477 4264//5477
f 4267//5478 4264//5478 4278//5478
f 4278//5479 4264//5479 4279//5479
f 4280//5480 4281//5480 4256//5480
f 4281//5481 4282//5481 4256//5481
f 4256//5482 4282//5482 4283//5482
f 4256//5483 4283//5483 3807//5483
f 3807//5484 4283//5484 4284//5484
f 3807//5485 4284//5485 3808//5485
f 4285//5486 4286//5486 4279//5486
f 4279//5487 4286//5487 4287//5487
f 4279//5488 4287//5488 4278//5488
f 4254//5489 4285//5489 4252//5489
f 4252//5490 4285//5490 4279//5490
f 4252//5491 4279//5491 4275//5491
f 4275//5492 4279//5492 4264//5492
f 4275//5493 4264//5493 4276//5493
f 4276//5494 4264//5494 4266//5494
f 4276//5495 4266//5495 4277//5495
f 4274//5496 4280//5496 4272//5496
f 4272//5497 4280//5497 4256//5497
f 4272//5498 4256//5498 4275//5498
f 4275//5499 4256//5499 4255//5499
f 4275//5500 4255//5500 4252//5500
f 4252//5501 4255//5501 3804//5501
f 4252//5502 3804//5502 3802//5502
f 4288//5503 4289//5503 4290//5503
f 2438//5504 2439//5504 4291//5504
f 4292//5505 4293//5505 4294//5505
f 4294//5506 4293//5506 4295//5506
f 4294//5507 4295//5507 4296//5507
f 4296//5508 4295//5508 4297//5508
f 2434//5509 4298//5509 2433//5509
f 2433//5510 4298//5510 2432//5510
f 2434//5511 2435//5511 4299//5511
f 4299//5512 2435//5512 2436//5512
f 4299//5513 2436//5513 2437//5513
f 2432//5514 4298//5514 2431//5514
f 2431//5515 4298//5515 4300//5515
f 2431//5516 4300//5516 2429//5516
f 2429//5517 4300//5517 4253//5517
f 2429//5518 4253//5518 2430//5518
f 4289//5519 4285//5519 4254//5519
f 4285//5520 4289//5520 4286//5520
f 4286//5521 4289//5521 4288//5521
f 4286//5522 4288//5522 4287//5522
f 4299//5523 4301//5523 2434//5523
f 2434//5524 4301//5524 4290//5524
f 2434//5525 4290//5525 4298//5525
f 4298//5526 4290//5526 4289//5526
f 4298//5527 4289//5527 4300//5527
f 4300//5528 4289//5528 4254//5528
f 4300//5529 4254//5529 4253//5529
f 4302//5530 4303//5530 4304//5530
f 4304//5531 4303//5531 4296//5531
f 4304//5532 4296//5532 4305//5532
f 4305//5533 4296//5533 4297//5533
f 4305//5534 4297//5534 4306//5534
f 4306//5535 4297//5535 4291//5535
f 4287//5536 4293//5536 4278//5536
f 4278//5537 4293//5537 4292//5537
f 4278//5538 4292//5538 4267//5538
f 4267//5539 4292//5539 4307//5539
f 4267//5540 4307//5540 4268//5540
f 4303//5541 4308//5541 4296//5541
f 4296//5542 4308//5542 4309//5542
f 4296//5543 4309//5543 4294//5543
f 4294//5544 4309//5544 4310//5544
f 4294//5545 4310//5545 4292//5545
f 4292//5546 4310//5546 4311//5546
f 4292//5547 4311//5547 4307//5547
f 4287//5548 4288//5548 4293//5548
f 4293//5549 4288//5549 4290//5549
f 4293//5550 4290//5550 4295//5550
f 4295//5551 4290//5551 4301//5551
f 4295//5552 4301//5552 4297//5552
f 4297//5553 4301//5553 4299//5553
f 4297//5554 4299//5554 4291//5554
f 4291//5555 4299//5555 2437//5555
f 4291//5556 2437//5556 2438//5556
f 4312//5557 4313//5557 4314//5557
f 4304//5558 4305//5558 4315//5558
f 4316//5559 2532//5559 2405//5559
f 2405//5560 4317//5560 4316//5560
f 4316//5561 4317//5561 4318//5561
f 4316//5562 4318//5562 4319//5562
f 2536//5563 2531//5563 4314//5563
f 4314//5564 2531//5564 2534//5564
f 4314//5565 2534//5565 4316//5565
f 4316//5566 2534//5566 2533//5566
f 4316//5567 2533//5567 2532//5567
f 2439//5568 2535//5568 4291//5568
f 4291//5569 2535//5569 4315//5569
f 4291//5570 4315//5570 4306//5570
f 4306//5571 4315//5571 4305//5571
f 2535//5572 2536//5572 4315//5572
f 4315//5573 2536//5573 4314//5573
f 4315//5574 4314//5574 4320//5574
f 4320//5557 4314//5557 4313//5557
f 4320//5575 4321//5575 4315//5575
f 4315//5576 4321//5576 4322//5576
f 4315//5577 4322//5577 4304//5577
f 4304//5578 4322//5578 4323//5578
f 4304//5579 4323//5579 4302//5579
f 4312//5580 4314//5580 4324//5580
f 4324//5581 4314//5581 4316//5581
f 4324//5582 4316//5582 4325//5582
f 4319//5583 4326//5583 4327//5583
f 4319//5584 4327//5584 4316//5584
f 4316//5585 4327//5585 4328//5585
f 4316//5586 4328//5586 4325//5586
f 2411//5587 2410//5587 4329//5587
f 4330//5588 4331//5588 4332//5588
f 4333//5589 2407//5589 2408//5589
f 4333//5590 2408//5590 4334//5590
f 4334//5591 2408//5591 2409//5591
f 4317//5592 2405//5592 4335//5592
f 4335//5593 2405//5593 2404//5593
f 4335//5594 2404//5594 2406//5594
f 4336//5595 2413//5595 2412//5595
f 2414//5596 4337//5596 2415//5596
f 2415//5597 4337//5597 4334//5597
f 2415//5598 4334//5598 2416//5598
f 2416//5599 4334//5599 2409//5599
f 4338//5600 4326//5600 4339//5600
f 4339//5601 4326//5601 4319//5601
f 4339//5602 4319//5602 4330//5602
f 4330//5603 4319//5603 4318//5603
f 4330//5604 4318//5604 4331//5604
f 2412//5605 4340//5605 4336//5605
f 4336//5606 4340//5606 4341//5606
f 4336//5607 4341//5607 4342//5607
f 4337//5608 4343//5608 4334//5608
f 4334//5609 4343//5609 4335//5609
f 4334//5610 4335//5610 4333//5610
f 4333//5611 4335//5611 2406//5611
f 4333//5612 2406//5612 2407//5612
f 4344//5613 4345//5613 4346//5613
f 4346//5614 4347//5614 4344//5614
f 4344//5615 4347//5615 4348//5615
f 4344//5616 4348//5616 4349//5616
f 4349//5617 4348//5617 4350//5617
f 4349//5618 4350//5618 4351//5618
f 4352//5619 4353//5619 4341//5619
f 4341//5620 4353//5620 4345//5620
f 4341//5621 4345//5621 4342//5621
f 4342//5622 4345//5622 4344//5622
f 4342//5623 4344//5623 4332//5623
f 4332//5624 4344//5624 4349//5624
f 4332//5625 4349//5625 4330//5625
f 4330//5626 4349//5626 4351//5626
f 4330//5627 4351//5627 4339//5627
f 4352//5628 4341//5628 4354//5628
f 4354//5629 4341//5629 4340//5629
f 4354//5630 4340//5630 4329//5630
f 4329//5631 4340//5631 2412//5631
f 4329//5632 2412//5632 2411//5632
f 4318//5633 4317//5633 4331//5633
f 4331//5634 4317//5634 4335//5634
f 4331//5635 4335//5635 4332//5635
f 4332//5636 4335//5636 4343//5636
f 4332//5637 4343//5637 4342//5637
f 4342//5638 4343//5638 4337//5638
f 4342//5639 4337//5639 4336//5639
f 4336//5640 4337//5640 2414//5640
f 4336//5641 2414//5641 2413//5641
f 4355//5642 4356//5642 4357//5642
f 4358//5643 4346//5643 4345//5643
f 4357//5644 4356//5644 4345//5644
f 4345//5645 4356//5645 4359//5645
f 4345//5646 4359//5646 4358//5646
f 4360//5647 4361//5647 4362//5647
f 4363//5648 4364//5648 4360//5648
f 4360//5649 4364//5649 4365//5649
f 4360//5650 4365//5650 4361//5650
f 4366//5651 4367//5651 4363//5651
f 4363//5652 4367//5652 4368//5652
f 4363//5653 4368//5653 4364//5653
f 3797//5654 3796//5654 4369//5654
f 4369//5655 3796//5655 3795//5655
f 4369//5656 3795//5656 4370//5656
f 4371//5657 3794//5657 3799//5657
f 4370//5658 4372//5658 4369//5658
f 4369//5659 4372//5659 4373//5659
f 4369//5660 4373//5660 4374//5660
f 4374//5661 4373//5661 4375//5661
f 4374//5662 4375//5662 4376//5662
f 4374//5663 4377//5663 4369//5663
f 4369//5664 4377//5664 4378//5664
f 4369//5665 4378//5665 3797//5665
f 3797//5666 4378//5666 3798//5666
f 2410//5667 3794//5667 4329//5667
f 4329//5668 3794//5668 4371//5668
f 4329//5669 4371//5669 4354//5669
f 4354//5670 4371//5670 4379//5670
f 4354//5671 4379//5671 4352//5671
f 4352//5672 4379//5672 4353//5672
f 4380//5673 4381//5673 4363//5673
f 4363//5674 4381//5674 4382//5674
f 4363//5675 4382//5675 4366//5675
f 4345//5676 4353//5676 4357//5676
f 4357//5677 4353//5677 4379//5677
f 4357//5678 4379//5678 4377//5678
f 4377//5679 4379//5679 4371//5679
f 4377//5680 4371//5680 4378//5680
f 4378//5681 4371//5681 3799//5681
f 4378//5682 3799//5682 3798//5682
f 4376//5683 4380//5683 4374//5683
f 4374//5684 4380//5684 4363//5684
f 4374//5685 4363//5685 4377//5685
f 4377//5686 4363//5686 4360//5686
f 4377//5687 4360//5687 4357//5687
f 4357//5688 4360//5688 4362//5688
f 4357//5689 4362//5689 4355//5689
f 4383//5690 4384//5690 4385//5690
f 4386//5691 3786//5691 3787//5691
f 3787//5692 2537//5692 4386//5692
f 4386//5693 2537//5693 4387//5693
f 4386//5694 4387//5694 4388//5694
f 4389//5695 3789//5695 3788//5695
f 3789//5696 4389//5696 3790//5696
f 3790//5697 4389//5697 4390//5697
f 3790//5698 4390//5698 3791//5698
f 4385//5699 4391//5699 4392//5699
f 4392//5700 4393//5700 4385//5700
f 4385//5701 4393//5701 4394//5701
f 4385//5702 4394//5702 4395//5702
f 4391//5703 4385//5703 4396//5703
f 4396//5704 4385//5704 4384//5704
f 4396//5705 4384//5705 4397//5705
f 4398//5706 4399//5706 4400//5706
f 4401//5707 4402//5707 4398//5707
f 4398//5708 4402//5708 4403//5708
f 4398//5709 4403//5709 4404//5709
f 4405//5710 4406//5710 4390//5710
f 4406//5711 4407//5711 4390//5711
f 4390//5712 4407//5712 4408//5712
f 4390//5713 4408//5713 3791//5713
f 3791//5714 4408//5714 4409//5714
f 3791//5715 4409//5715 3792//5715
f 4404//5716 4410//5716 4411//5716
f 4404//5717 4411//5717 4398//5717
f 4398//5718 4411//5718 4412//5718
f 4398//5719 4412//5719 4399//5719
f 4413//5720 4414//5720 4395//5720
f 4395//5721 4414//5721 4415//5721
f 4395//5722 4415//5722 4385//5722
f 4385//5723 4415//5723 4416//5723
f 4385//5724 4416//5724 4383//5724
f 4417//5725 4418//5725 4401//5725
f 4401//5726 4418//5726 4402//5726
f 4388//5727 4417//5727 4386//5727
f 4386//5728 4417//5728 4401//5728
f 4386//5729 4401//5729 4394//5729
f 4394//5730 4401//5730 4398//5730
f 4394//5731 4398//5731 4395//5731
f 4395//5732 4398//5732 4400//5732
f 4395//5733 4400//5733 4413//5733
f 4392//5734 4405//5734 4393//5734
f 4393//5735 4405//5735 4390//5735
f 4393//5736 4390//5736 4394//5736
f 4394//5737 4390//5737 4389//5737
f 4394//5738 4389//5738 4386//5738
f 4386//5739 4389//5739 3788//5739
f 4386//5740 3788//5740 3786//5740
f 4388//5741 4387//5741 4419//5741
f 4420//5742 4421//5742 4422//5742
f 2542//5743 2554//5743 4423//5743
f 2558//5744 2556//5744 4424//5744
f 2558//5745 4424//5745 2559//5745
f 2549//5746 2562//5746 4425//5746
f 4425//5747 2562//5747 2561//5747
f 4425//5748 2561//5748 2560//5748
f 2550//5749 4426//5749 2552//5749
f 2552//5750 4426//5750 4427//5750
f 2552//5751 4427//5751 2553//5751
f 2542//5752 4423//5752 2543//5752
f 2543//5753 4423//5753 4428//5753
f 2543//5754 4428//5754 2545//5754
f 2545//5755 4428//5755 2546//5755
f 2546//5756 4428//5756 4429//5756
f 2546//5757 4429//5757 2547//5757
f 2547//5758 4429//5758 2548//5758
f 2548//5759 4429//5759 4419//5759
f 2548//5760 4419//5760 2541//5760
f 2541//5761 4419//5761 2539//5761
f 2539//5762 4419//5762 4387//5762
f 2539//5763 4387//5763 2537//5763
f 4403//5764 4430//5764 4404//5764
f 4404//5765 4430//5765 4431//5765
f 4404//5766 4431//5766 4410//5766
f 4430//5767 4432//5767 4433//5767
f 4433//5768 4432//5768 4434//5768
f 4433//5769 4434//5769 4435//5769
f 4436//5770 4437//5770 4438//5770
f 4435//5771 4436//5771 4433//5771
f 4433//5772 4436//5772 4438//5772
f 4433//5773 4438//5773 4430//5773
f 4430//5774 4438//5774 4439//5774
f 4430//5775 4439//5775 4431//5775
f 4440//5776 4427//5776 4441//5776
f 4441//5777 4427//5777 4422//5777
f 4442//5778 4443//5778 4444//5778
f 4444//5779 4443//5779 4445//5779
f 4444//5780 4445//5780 4446//5780
f 4421//5781 4447//5781 4422//5781
f 4422//5782 4447//5782 4448//5782
f 4422//5783 4448//5783 4441//5783
f 4441//5784 4448//5784 4449//5784
f 4441//5785 4449//5785 4450//5785
f 4451//5786 4452//5786 4453//5786
f 4453//5787 4452//5787 4454//5787
f 4453//5788 4454//5788 4455//5788
f 2560//5789 4456//5789 4425//5789
f 4425//5790 4456//5790 4454//5790
f 4425//5791 4454//5791 4457//5791
f 4457//5792 4454//5792 4452//5792
f 4458//5793 4420//5793 4452//5793
f 4452//5794 4420//5794 4422//5794
f 4452//5795 4422//5795 4457//5795
f 4457//5796 4422//5796 4427//5796
f 4457//5797 4427//5797 4425//5797
f 4425//5798 4427//5798 4426//5798
f 4425//5799 4426//5799 2549//5799
f 2549//5800 4426//5800 2550//5800
f 4403//5801 4402//5801 4430//5801
f 4430//5802 4402//5802 4418//5802
f 4430//5803 4418//5803 4432//5803
f 4432//5804 4418//5804 4417//5804
f 4451//5805 4459//5805 4452//5805
f 4452//5806 4459//5806 4460//5806
f 4452//5807 4460//5807 4458//5807
f 4458//5808 4460//5808 4461//5808
f 4461//5809 4460//5809 4462//5809
f 4450//5810 4442//5810 4441//5810
f 4441//5811 4442//5811 4444//5811
f 4441//5812 4444//5812 4440//5812
f 4440//5813 4444//5813 4446//5813
f 4440//5814 4446//5814 4435//5814
f 4435//5815 4446//5815 4463//5815
f 4435//5816 4463//5816 4436//5816
f 2560//5817 2559//5817 4456//5817
f 4456//5818 2559//5818 4424//5818
f 4456//5819 4424//5819 4454//5819
f 4454//5820 4424//5820 4464//5820
f 4454//5821 4464//5821 4455//5821
f 4417//5822 4388//5822 4432//5822
f 4432//5823 4388//5823 4419//5823
f 4432//5824 4419//5824 4434//5824
f 4434//5825 4419//5825 4429//5825
f 4434//5826 4429//5826 4435//5826
f 4435//5827 4429//5827 4428//5827
f 4435//5828 4428//5828 4440//5828
f 4440//5829 4428//5829 4423//5829
f 4440//5830 4423//5830 4427//5830
f 4427//5831 4423//5831 2554//5831
f 4427//5832 2554//5832 2553//5832
f 4465//5833 4462//5833 4460//5833
f 3780//5834 3779//5834 4466//5834
f 4466//5835 3779//5835 3782//5835
f 3782//5836 3776//5836 4466//5836
f 4466//5837 3776//5837 4467//5837
f 4466//5838 4467//5838 4468//5838
f 4469//5839 3777//5839 3778//5839
f 4471//5840 4472//5840 4473//5840
f 4465//5841 4460//5841 4474//5841
f 4475//5842 4476//5842 4477//5842
f 4477//5843 4476//5843 4478//5843
f 4479//5844 4477//5844 4480//5844
f 3781//5845 3780//5845 4481//5845
f 4481//5846 3780//5846 4466//5846
f 4481//5847 4466//5847 4471//5847
f 4460//5848 4459//5848 4470//5848
f 4470//5849 4459//5849 4451//5849
f 4470//5850 4451//5850 4469//5850
f 4469//5851 4451//5851 4453//5851
f 4453//5852 4455//5852 4469//5852
f 4469//5853 4455//5853 4464//5853
f 4469//5854 4464//5854 3777//5854
f 3777//5855 4464//5855 4424//5855
f 3777//5856 4424//5856 2556//5856
f 4479//5857 4482//5857 4477//5857
f 4477//5858 4482//5858 4483//5858
f 4477//5859 4483//5859 4475//5859
f 4475//5860 4483//5860 4484//5860
f 4485//5861 4486//5861 4472//5861
f 4472//5862 4486//5862 4487//5862
f 4472//5863 4487//5863 4473//5863
f 4473//5864 4487//5864 4488//5864
f 4473//5865 4488//5865 4474//5865
f 4489//5866 4490//5866 4480//5866
f 4480//5867 4490//5867 4491//5867
f 4480//5868 4491//5868 4479//5868
f 4468//5869 4489//5869 4466//5869
f 4466//5870 4489//5870 4480//5870
f 4466//5871 4480//5871 4471//5871
f 4471//5872 4480//5872 4477//5872
f 4471//5873 4477//5873 4472//5873
f 4472//5874 4477//5874 4478//5874
f 4472//5875 4478//5875 4485//5875
f 4474//5876 4460//5876 4473//5876
f 4473//5877 4460//5877 4470//5877
f 4473//5878 4470//5878 4471//5878
f 4471//5879 4470//5879 4469//5879
f 4471//5880 4469//5880 4481//5880
f 4481//5881 4469//5881 3778//5881
f 4481//5882 3778//5882 3781//5882
f 4492//5883 4493//5883 4494//5883
f 4495//5884 4496//5884 4497//5884
f 4498//5885 3766//5885 3767//5885
f 3767//5886 2563//5886 4498//5886
f 4498//5887 2563//5887 4499//5887
f 4498//5888 4499//5888 4500//5888
f 4501//5889 3769//5889 3768//5889
f 3769//5890 4501//5890 3770//5890
f 3770//5891 4501//5891 4502//5891
f 3770//5892 4502//5892 3771//5892
f 4494//5893 4503//5893 4504//5893
f 4504//5894 4505//5894 4494//5894
f 4494//5895 4505//5895 4506//5895
f 4494//5896 4506//5896 4497//5896
f 4503//5897 4494//5897 4507//5897
f 4507//5898 4494//5898 4493//5898
f 4507//5899 4493//5899 4508//5899
f 4509//5900 4510//5900 4511//5900
f 4512//5901 4513//5901 4509//5901
f 4509//5902 4513//5902 4514//5902
f 4515//5903 4516//5903 4502//5903
f 4516//5904 4517//5904 4502//5904
f 4502//5905 4517//5905 4518//5905
f 4502//5906 4518//5906 3771//5906
f 3771//5907 4518//5907 4519//5907
f 3771//5908 4519//5908 3772//5908
f 4514//5909 4520//5909 4521//5909
f 4514//5910 4521//5910 4509//5910
f 4509//5911 4521//5911 4522//5911
f 4509//5912 4522//5912 4510//5912
f 4497//5913 4496//5913 4494//5913
f 4494//5914 4496//5914 4523//5914
f 4494//5915 4523//5915 4492//5915
f 4524//5916 4525//5916 4512//5916
f 4512//5917 4525//5917 4526//5917
f 4512//5918 4526//5918 4513//5918
f 4500//5919 4524//5919 4498//5919
f 4498//5920 4524//5920 4512//5920
f 4498//5921 4512//5921 4506//5921
f 4506//5922 4512//5922 4509//5922
f 4506//5923 4509//5923 4497//5923
f 4497//5924 4509//5924 4511//5924
f 4497//5925 4511//5925 4495//5925
f 4504//5926 4515//5926 4505//5926
f 4505//5927 4515//5927 4502//5927
f 4505//5928 4502//5928 4506//5928
f 4506//5929 4502//5929 4501//5929
f 4506//5930 4501//5930 4498//5930
f 4498//5931 4501//5931 3768//5931
f 4498//5932 3768//5932 3766//5932
f 4500//5933 4499//5933 4527//5933
f 4528//5934 4529//5934 4530//5934
f 2568//5935 2580//5935 4531//5935
f 2588//5936 2587//5936 4532//5936
f 4532//5937 2587//5937 2586//5937
f 4532//5938 2586//5938 4533//5938
f 4533//5939 2586//5939 2585//5939
f 4533//5940 2585//5940 4534//5940
f 4534//5941 2585//5941 2584//5941
f 4534//5942 2584//5942 2582//5942
f 4535//5943 2576//5943 2575//5943
f 2576//5944 4535//5944 2578//5944
f 2568//5945 4531//5945 2569//5945
f 2569//5946 4531//5946 4536//5946
f 2569//5947 4536//5947 2571//5947
f 2571//5948 4536//5948 2572//5948
f 2572//5949 4536//5949 4537//5949
f 2572//5950 4537//5950 2573//5950
f 2573//5951 4537//5951 2574//5951
f 2574//5952 4537//5952 4527//5952
f 2574//5953 4527//5953 2567//5953
f 2567//5954 4527//5954 2565//5954
f 2565//5955 4527//5955 4499//5955
f 2565//5956 4499//5956 2563//5956
f 4514//5957 4538//5957 4539//5957
f 4514//5958 4539//5958 4520//5958
f 4538//5959 4540//5959 4541//5959
f 4541//5960 4540//5960 4542//5960
f 4541//5961 4542//5961 4543//5961
f 4544//5962 4545//5962 4543//5962
f 4545//5963 4546//5963 4547//5963
f 4543//5964 4545//5964 4541//5964
f 4541//5965 4545//5965 4547//5965
f 4541//5966 4547//5966 4538//5966
f 4538//5967 4547//5967 4548//5967
f 4538//5968 4548//5968 4539//5968
f 4549//5969 4550//5969 4530//5969
f 4551//5970 4552//5970 4553//5970
f 4553//5971 4552//5971 4554//5971
f 4553//5972 4554//5972 4555//5972
f 4556//5973 4557//5973 4558//5973
f 4556//5974 4558//5974 4559//5974
f 4559//5975 4558//5975 4560//5975
f 4559//5976 4560//5976 4561//5976
f 4559//5977 4562//5977 4556//5977
f 4556//5978 4562//5978 4563//5978
f 4556//5979 4563//5979 4564//5979
f 2579//5980 2578//5980 4550//5980
f 4550//5981 2578//5981 4535//5981
f 4550//5982 4535//5982 4532//5982
f 4532//5983 4535//5983 2575//5983
f 4532//5984 2575//5984 2588//5984
f 4514//5985 4513//5985 4538//5985
f 4538//5986 4513//5986 4526//5986
f 4538//5987 4526//5987 4540//5987
f 4540//5988 4526//5988 4525//5988
f 4540//5989 4525//5989 4524//5989
f 4564//5990 4565//5990 4556//5990
f 4556//5991 4565//5991 4566//5991
f 4556//5992 4566//5992 4557//5992
f 4557//5993 4566//5993 4567//5993
f 4557//5994 4567//5994 4568//5994
f 4568//5995 4567//5995 4569//5995
f 4529//5996 4551//5996 4530//5996
f 4530//5997 4551//5997 4553//5997
f 4530//5998 4553//5998 4549//5998
f 4549//5999 4553//5999 4555//5999
f 4549//6000 4555//6000 4543//6000
f 4543//6001 4555//6001 4570//6001
f 4543//6002 4570//6002 4544//6002
f 4571//6003 4572//6003 4563//6003
f 4563//6004 4572//6004 4564//6004
f 4534//6005 4571//6005 4533//6005
f 4533//6006 4571//6006 4563//6006
f 4533//6007 4563//6007 4532//6007
f 4532//6008 4563//6008 4562//6008
f 4532//6009 4562//6009 4550//6009
f 4550//6010 4562//6010 4559//6010
f 4550//6011 4559//6011 4530//6011
f 4530//6012 4559//6012 4561//6012
f 4530//6013 4561//6013 4528//6013
f 4524//6014 4500//6014 4540//6014
f 4540//6015 4500//6015 4527//6015
f 4540//6016 4527//6016 4542//6016
f 4542//6017 4527//6017 4537//6017
f 4542//6018 4537//6018 4543//6018
f 4543//6019 4537//6019 4536//6019
f 4543//6020 4536//6020 4549//6020
f 4549//6021 4536//6021 4531//6021
f 4549//6022 4531//6022 4550//6022
f 4550//6023 4531//6023 2580//6023
f 4550//6024 2580//6024 2579//6024
f 4573//6025 3759//6025 3762//6025
f 3762//6026 3756//6026 4573//6026
f 4573//6027 3756//6027 4574//6027
f 4573//6028 4574//6028 4575//6028
f 4576//6029 3761//6029 3760//6029
f 4572//6030 4571//6030 4577//6030
f 4577//6031 4571//6031 4534//6031
f 3761//6032 4576//6032 3758//6032
f 3758//6033 4576//6033 4577//6033
f 3758//6034 4577//6034 3757//6034
f 3757//6035 4577//6035 4534//6035
f 3757//6036 4534//6036 2582//6036
f 4578//6037 4579//6037 4580//6037
f 4580//6038 4579//6038 4581//6038
f 4580//6039 4582//6039 4567//6039
f 4567//6040 4582//6040 4583//6040
f 4567//6041 4583//6041 4569//6041
f 4584//6042 4585//6042 4581//6042
f 4586//6043 4587//6043 4588//6043
f 4588//6044 4587//6044 4589//6044
f 4590//6045 4588//6045 4591//6045
f 4567//6046 4566//6046 4580//6046
f 4580//6047 4566//6047 4565//6047
f 4580//6048 4565//6048 4578//6048
f 4578//6049 4565//6049 4564//6049
f 4590//6050 4592//6050 4588//6050
f 4588//6051 4592//6051 4593//6051
f 4588//6052 4593//6052 4586//6052
f 4586//6053 4593//6053 4594//6053
f 4585//6054 4595//6054 4581//6054
f 4581//6055 4595//6055 4596//6055
f 4581//6056 4596//6056 4580//6056
f 4580//6057 4596//6057 4597//6057
f 4580//6058 4597//6058 4582//6058
f 4598//6059 4599//6059 4591//6059
f 4591//6060 4599//6060 4600//6060
f 4591//6061 4600//6061 4590//6061
f 4575//6062 4598//6062 4573//6062
f 4573//6063 4598//6063 4591//6063
f 4573//6064 4591//6064 4579//6064
f 4579//6065 4591//6065 4588//6065
f 4579//6066 4588//6066 4581//6066
f 4581//6067 4588//6067 4589//6067
f 4581//6068 4589//6068 4584//6068
f 4564//6069 4572//6069 4578//6069
f 4578//6070 4572//6070 4577//6070
f 4578//6071 4577//6071 4579//6071
f 4579//6072 4577//6072 4576//6072
f 4579//6073 4576//6073 4573//6073
f 4573//6074 4576//6074 3760//6074
f 4573//6075 3760//6075 3759//6075
f 4601//6076 3747//6076 3748//6076
f 3748//6077 2371//6077 4601//6077
f 4601//6078 2371//6078 4602//6078
f 4601//6079 4602//6079 4603//6079
f 4604//6080 3750//6080 3749//6080
f 3750//6080 4604//6080 3751//6080
f 3751//6081 4604//6081 4605//6081
f 3751//6082 4605//6082 3752//6082
f 4606//6083 4607//6083 4608//6083
f 4608//6084 4607//6084 4609//6084
f 4608//6085 4609//6085 4610//6085
f 4611//6086 4612//6086 4613//6086
f 4613//6087 4612//6087 4614//6087
f 4613//6088 4614//6088 4615//6088
f 4616//6089 4617//6089 4618//6089
f 4610//6090 4619//6090 4608//6090
f 4608//6091 4619//6091 4620//6091
f 4608//6092 4620//6092 4621//6092
f 4621//6093 4620//6093 4622//6093
f 4621//6094 4622//6094 4623//6094
f 4621//6095 4624//6095 4608//6095
f 4608//6096 4624//6096 4625//6096
f 4608//6097 4625//6097 4606//6097
f 4606//6098 4625//6098 4626//6098
f 4618//6099 4611//6099 4616//6099
f 4616//6100 4611//6100 4613//6100
f 4616//6101 4613//6101 4627//6101
f 4627//6102 4613//6102 4628//6102
f 4629//6103 4630//6103 4605//6103
f 4630//6104 4631//6104 4605//6104
f 4605//6105 4631//6105 4632//6105
f 4605//6106 4632//6106 3752//6106
f 3752//6107 4632//6107 4633//6107
f 3752//6108 4633//6108 3753//6108
f 4634//6109 4635//6109 4628//6109
f 4628//6110 4635//6110 4636//6110
f 4628//6111 4636//6111 4627//6111
f 4603//6112 4634//6112 4601//6112
f 4601//6113 4634//6113 4628//6113
f 4601//6114 4628//6114 4624//6114
f 4624//6115 4628//6115 4613//6115
f 4624//6116 4613//6116 4625//6116
f 4625//6117 4613//6117 4615//6117
f 4625//6118 4615//6118 4626//6118
f 4623//6119 4629//6119 4621//6119
f 4621//6120 4629//6120 4605//6120
f 4621//6121 4605//6121 4624//6121
f 4624//6122 4605//6122 4604//6122
f 4624//6123 4604//6123 4601//6123
f 4601//6124 4604//6124 3749//6124
f 4601//6125 3749//6125 3747//6125
f 4637//6126 4638//6126 4639//6126
f 4603//6127 4602//6127 4640//6127
f 4641//6128 2366//6128 4642//6128
f 4642//6129 2366//6129 2367//6129
f 4642//6130 2367//6130 2368//6130
f 4639//6131 2373//6131 4641//6131
f 4641//6132 2373//6132 2372//6132
f 4641//6133 2372//6133 2366//6133
f 2373//6134 4643//6134 2374//6134
f 2374//6135 4643//6135 4640//6135
f 2374//6136 4640//6136 2375//6136
f 2375//6137 4640//6137 2370//6137
f 2370//6138 4640//6138 4602//6138
f 2370//6139 4602//6139 2371//6139
f 4644//6140 4645//6140 4646//6140
f 4646//6141 4645//6141 4647//6141
f 4646//6142 4647//6142 4648//6142
f 4648//6143 4647//6143 4649//6143
f 4648//6144 4649//6144 4650//6144
f 4650//6145 4649//6145 4651//6145
f 4638//6146 4634//6146 4603//6146
f 4634//6147 4638//6147 4635//6147
f 4635//6148 4638//6148 4637//6148
f 4635//6149 4637//6149 4636//6149
f 4603//6150 4640//6150 4638//6150
f 4638//6151 4640//6151 4643//6151
f 4638//6152 4643//6152 4639//6152
f 4639//6153 4643//6153 2373//6153
f 4652//6154 4653//6154 4654//6154
f 4654//6155 4653//6155 4647//6155
f 4654//6156 4647//6156 4655//6156
f 4655//6157 4647//6157 4645//6157
f 4636//6158 4650//6158 4627//6158
f 4627//6159 4650//6159 4651//6159
f 4627//6160 4651//6160 4616//6160
f 4616//6161 4651//6161 4656//6161
f 4616//6162 4656//6162 4617//6162
f 4653//6163 4657//6163 4647//6163
f 4647//6164 4657//6164 4658//6164
f 4647//6165 4658//6165 4649//6165
f 4649//6166 4658//6166 4659//6166
f 4649//6167 4659//6167 4651//6167
f 4651//6168 4659//6168 4660//6168
f 4651//6169 4660//6169 4656//6169
f 4636//6170 4637//6170 4650//6170
f 4650//6171 4637//6171 4639//6171
f 4650//6172 4639//6172 4648//6172
f 4648//6173 4639//6173 4641//6173
f 4648//6174 4641//6174 4646//6174
f 4646//6175 4641//6175 4642//6175
f 4646//6176 4642//6176 4644//6176
f 4644//6177 4642//6177 2368//6177
f 4644//6178 2368//6178 2369//6178
f 4652//6179 4654//6179 4661//6179
f 4661//6180 4654//6180 4662//6180
f 4663//6181 4664//6181 4665//6181
f 4663//6182 4665//6182 4666//6182
f 4666//6183 4665//6183 4667//6183
f 4666//6184 4667//6184 4662//6184
f 4668//6185 4669//6185 4663//6185
f 4663//6186 4669//6186 4670//6186
f 4663//6187 4670//6187 4664//6187
f 4671//6188 4672//6188 4668//6188
f 4668//6189 4672//6189 4673//6189
f 4668//6190 4673//6190 4669//6190
f 2591//6191 2590//6191 4668//6191
f 4668//6192 2590//6192 2335//6192
f 4668//6193 2335//6193 2939//6193
f 2928//6194 4671//6194 2930//6194
f 2930//6195 4671//6195 4668//6195
f 2930//6196 4668//6196 2931//6196
f 2931//6197 4668//6197 2939//6197
f 2591//6198 4668//6198 2592//6198
f 2592//6199 4668//6199 4663//6199
f 2592//6200 4663//6200 2589//6200
f 4645//6201 4644//6201 4666//6201
f 4662//6202 4654//6202 4666//6202
f 4666//6203 4654//6203 4655//6203
f 4666//6204 4655//6204 4645//6204
f 2589//6205 4663//6205 2594//6205
f 2594//6206 4663//6206 4666//6206
f 2594//6207 4666//6207 2593//6207
f 2593//6208 4666//6208 4644//6208
f 2593//6209 4644//6209 2369//6209
f 4674//6210 4675//6210 4676//6210
f 4677//6211 4678//6211 4679//6211
f 4680//6212 4681//6212 4682//6212
f 4683//6213 4684//6213 4685//6213
f 4686//6214 4687//6214 4688//6214
f 4688//6215 4687//6215 4689//6215
f 4684//6216 4690//6216 4691//6216
f 4691//6217 4690//6217 4692//6217
f 4691//6218 4692//6218 4693//6218
f 4693//6219 4692//6219 4694//6219
f 4693//6220 4694//6220 4695//6220
f 4682//6221 4681//6221 4696//6221
f 4681//6221 4697//6221 4696//6221
f 4696//6222 4697//6222 4698//6222
f 4696//6223 4698//6223 4699//6223
f 4700//6224 4701//6224 4702//6224
f 4700//6225 4702//6225 4703//6225
f 4703//6225 4702//6225 4704//6225
f 4703//6226 4704//6226 4705//6226
f 4706//6227 4707//6227 4708//6227
f 4706//6227 4708//6227 4709//6227
f 4709//6227 4708//6227 4710//6227
f 4709//6228 4710//6228 4711//6228
f 4712//6229 4713//6229 4714//6229
f 4712//6230 4714//6230 4715//6230
f 4715//6231 4714//6231 4716//6231
f 4715//6232 4716//6232 4717//6232
f 4718//6233 4719//6233 4720//6233
f 4720//6234 4719//6234 4721//6234
f 4720//6235 4721//6235 4722//6235
f 4679//6236 4678//6236 4723//6236
f 4723//6236 4678//6236 4724//6236
f 4723//6236 4724//6236 4725//6236
f 4676//6237 4675//6237 4726//6237
f 4675//6237 4727//6237 4726//6237
f 4726//6238 4727//6238 4728//6238
f 4726//6239 4728//6239 4729//6239
f 4730//6240 4731//6240 4732//6240
f 4730//6241 4732//6241 4733//6241
f 4733//6242 4732//6242 4734//6242
f 4733//6243 4734//6243 4735//6243
f 4736//6244 4737//6244 4738//6244
f 4738//6245 4737//6245 4739//6245
f 4738//6245 4739//6245 4740//6245
f 4741//6246 4742//6246 4743//6246
f 4743//6247 4742//6247 4744//6247
f 4743//6248 4744//6248 4745//6248
f 4744//6249 4746//6249 4745//6249
f 4745//6250 4746//6250 4747//6250
f 4745//6251 4747//6251 4748//6251
f 4747//6252 4749//6252 4748//6252
f 4748//6253 4749//6253 4750//6253
f 4748//6254 4750//6254 4751//6254
f 4751//6255 4750//6255 4752//6255
f 4751//6256 4752//6256 4753//6256
f 4752//6257 4754//6257 4753//6257
f 4753//6257 4754//6257 4755//6257
f 4753//6258 4755//6258 4756//6258
f 4755//6259 4757//6259 4756//6259
f 4756//6258 4757//6258 4758//6258
f 4756//6260 4758//6260 4759//6260
f 4758//6261 4760//6261 4759//6261
f 4759//6262 4760//6262 4761//6262
f 4759//6263 4761//6263 4762//6263
f 4762//6263 4761//6263 4763//6263
f 4763//6264 4764//6264 4762//6264
f 4762//6265 4764//6265 4765//6265
f 4762//6266 4765//6266 4766//6266
f 4765//6266 4767//6266 4766//6266
f 4766//6267 4767//6267 4768//6267
f 4766//6268 4768//6268 4769//6268
f 4768//6268 4770//6268 4769//6268
f 4769//6269 4770//6269 4771//6269
f 4769//6269 4771//6269 4772//6269
f 4771//6269 4773//6269 4772//6269
f 4772//6270 4773//6270 4774//6270
f 4772//6270 4774//6270 4775//6270
f 4774//6270 4776//6270 4775//6270
f 4775//6271 4776//6271 4777//6271
f 4775//6272 4777//6272 4778//6272
f 4777//6273 4779//6273 4778//6273
f 4778//6274 4779//6274 4780//6274
f 4778//6275 4780//6275 4781//6275
f 4780//6276 4782//6276 4781//6276
f 4781//6277 4782//6277 4783//6277
f 4781//6278 4783//6278 4784//6278
f 4783//6279 4785//6279 4784//6279
f 4784//6280 4785//6280 4786//6280
f 4784//6281 4786//6281 4787//6281
f 4787//6282 4786//6282 4788//6282
f 4787//6283 4788//6283 4789//6283
f 4788//6283 4790//6283 4789//6283
f 4789//6283 4790//6283 4791//6283
f 4789//6284 4791//6284 4792//6284
f 4791//6284 4793//6284 4792//6284
f 4792//6284 4793//6284 4794//6284
f 4792//6285 4794//6285 4795//6285
f 4794//6286 4796//6286 4795//6286
f 4795//6287 4796//6287 4797//6287
f 4795//6288 4797//6288 4798//6288
f 4798//6288 4797//6288 4799//6288
f 4799//6289 4800//6289 4798//6289
f 4798//6290 4800//6290 4801//6290
f 4798//6291 4801//6291 4802//6291
f 4801//6291 4803//6291 4802//6291
f 4802//6292 4803//6292 4804//6292
f 4802//6293 4804//6293 4805//6293
f 4804//6294 4806//6294 4805//6294
f 4805//6295 4806//6295 4807//6295
f 4805//6296 4807//6296 4808//6296
f 4807//6297 4809//6297 4808//6297
f 4808//6298 4809//6298 4810//6298
f 4808//6299 4810//6299 4811//6299
f 4811//6299 4810//6299 4812//6299
f 4811//6300 4812//6300 4813//6300
f 4813//6301 4814//6301 4815//6301
f 4815//6302 4814//6302 4816//6302
f 4815//6303 4816//6303 4689//6303
f 4689//6304 4816//6304 4817//6304
f 4689//6305 4817//6305 4688//6305
f 2635//6306 2634//6306 4685//6306
f 4685//6307 2634//6307 4687//6307
f 4685//6308 4687//6308 4683//6308
f 4683//6309 4687//6309 4686//6309
f 4684//6310 4691//6310 4685//6310
f 4685//6311 4691//6311 2631//6311
f 4685//6312 2631//6312 2635//6312
f 2625//6313 4693//6313 4682//6313
f 4682//6314 4693//6314 4695//6314
f 4682//6315 4695//6315 4680//6315
f 2625//6316 2629//6316 4693//6316
f 4693//6317 2629//6317 2628//6317
f 4693//6318 2628//6318 4691//6318
f 4691//6319 2628//6319 2632//6319
f 4691//6320 2632//6320 2631//6320
f 2619//6321 4696//6321 4700//6321
f 4700//6322 4696//6322 4699//6322
f 4700//6322 4699//6322 4701//6322
f 2619//6323 2623//6323 4696//6323
f 4696//6324 2623//6324 2622//6324
f 4696//6325 2622//6325 4682//6325
f 4682//6326 2622//6326 2626//6326
f 4682//6327 2626//6327 2625//6327
f 2613//6328 4703//6328 4706//6328
f 4706//6226 4703//6226 4705//6226
f 4706//6226 4705//6226 4707//6226
f 2613//6329 2617//6329 4703//6329
f 4703//6330 2617//6330 2616//6330
f 4703//6331 2616//6331 4700//6331
f 4700//6332 2616//6332 2620//6332
f 4700//6333 2620//6333 2619//6333
f 2607//6334 4709//6334 4712//6334
f 4712//6335 4709//6335 4711//6335
f 4712//6336 4711//6336 4713//6336
f 2607//6337 2611//6337 4709//6337
f 4709//6338 2611//6338 2610//6338
f 4709//6339 2610//6339 4706//6339
f 4706//6340 2610//6340 2614//6340
f 4706//6341 2614//6341 2613//6341
f 2601//6342 4715//6342 4721//6342
f 4721//6343 4715//6343 4717//6343
f 4721//6344 4717//6344 4722//6344
f 2601//6345 2605//6345 4715//6345
f 4715//6346 2605//6346 2604//6346
f 4715//6347 2604//6347 4712//6347
f 4712//6348 2604//6348 2608//6348
f 4712//6349 2608//6349 2607//6349
f 2595//6350 4719//6350 4679//6350
f 4679//6211 4719//6211 4718//6211
f 4679//6211 4718//6211 4677//6211
f 2595//6351 2599//6351 4719//6351
f 4719//6352 2599//6352 2598//6352
f 4719//6353 2598//6353 4721//6353
f 4721//6354 2598//6354 2602//6354
f 4721//6355 2602//6355 2601//6355
f 2674//6356 4723//6356 4676//6356
f 4676//6357 4723//6357 4725//6357
f 4676//6358 4725//6358 4674//6358
f 2674//6359 2673//6359 4723//6359
f 4723//6360 2673//6360 2672//6360
f 4723//6361 2672//6361 4679//6361
f 4679//6362 2672//6362 2596//6362
f 4679//6363 2596//6363 2595//6363
f 2678//6364 4726//6364 4730//6364
f 4730//6365 4726//6365 4729//6365
f 4730//6365 4729//6365 4731//6365
f 2678//6366 2677//6366 4726//6366
f 4726//6367 2677//6367 2676//6367
f 4726//6368 2676//6368 4676//6368
f 4676//6369 2676//6369 2675//6369
f 4676//6370 2675//6370 2674//6370
f 2682//6371 4733//6371 4739//6371
f 4739//6372 4733//6372 4735//6372
f 4739//6373 4735//6373 4740//6373
f 2682//6374 2681//6374 4733//6374
f 4733//6375 2681//6375 2680//6375
f 4733//6376 2680//6376 4730//6376
f 4730//6377 2680//6377 2679//6377
f 4730//6378 2679//6378 2678//6378
f 2687//6379 2686//6379 4743//6379
f 4743//6380 2686//6380 4737//6380
f 4743//6381 4737//6381 4741//6381
f 4741//6382 4737//6382 4736//6382
f 2686//6383 2685//6383 4737//6383
f 4737//6384 2685//6384 2684//6384
f 4737//6385 2684//6385 4739//6385
f 4739//6386 2684//6386 2683//6386
f 4739//6387 2683//6387 2682//6387
f 2687//6388 4743//6388 2688//6388
f 2688//6389 4743//6389 4745//6389
f 2688//6390 4745//6390 2691//6390
f 2691//6391 4745//6391 4748//6391
f 2691//6392 4748//6392 2690//6392
f 2690//6392 4748//6392 2689//6392
f 2689//6393 4748//6393 4751//6393
f 2689//6394 4751//6394 2692//6394
f 2692//6395 4751//6395 2695//6395
f 2695//6396 4751//6396 4753//6396
f 2695//6397 4753//6397 2694//6397
f 2694//6398 4753//6398 2693//6398
f 2693//6399 4753//6399 4756//6399
f 2693//6400 4756//6400 2696//6400
f 2696//6400 4756//6400 2699//6400
f 2699//6401 4756//6401 4759//6401
f 2699//6402 4759//6402 2698//6402
f 2698//6402 4759//6402 2697//6402
f 2697//6403 4759//6403 4762//6403
f 2697//6404 4762//6404 2700//6404
f 2700//6405 4762//6405 2703//6405
f 2703//6406 4762//6406 4766//6406
f 2703//6407 4766//6407 2702//6407
f 2702//6407 4766//6407 2701//6407
f 2701//6408 4766//6408 4769//6408
f 2701//6409 4769//6409 2704//6409
f 2704//6410 4769//6410 2707//6410
f 2707//6411 4769//6411 4772//6411
f 2707//6412 4772//6412 2706//6412
f 2706//6412 4772//6412 2705//6412
f 2705//6413 4772//6413 4775//6413
f 2705//6414 4775//6414 2708//6414
f 2708//6415 4775//6415 2711//6415
f 2711//6416 4775//6416 4778//6416
f 2711//6417 4778//6417 2710//6417
f 2710//6417 4778//6417 2709//6417
f 2709//6418 4778//6418 4781//6418
f 2709//6419 4781//6419 2712//6419
f 2712//6419 4781//6419 2715//6419
f 2715//6420 4781//6420 4784//6420
f 2715//6421 4784//6421 2714//6421
f 2714//6422 4784//6422 2713//6422
f 2713//6423 4784//6423 4787//6423
f 2713//6424 4787//6424 2716//6424
f 2716//6425 4787//6425 2719//6425
f 2719//6426 4787//6426 4789//6426
f 2719//6427 4789//6427 2718//6427
f 2718//6428 4789//6428 2717//6428
f 2717//6429 4789//6429 4792//6429
f 2717//6430 4792//6430 2720//6430
f 2720//6430 4792//6430 2723//6430
f 2723//6431 4792//6431 4795//6431
f 2723//6432 4795//6432 2722//6432
f 2722//6433 4795//6433 2721//6433
f 2721//6434 4795//6434 4798//6434
f 2721//6435 4798//6435 2724//6435
f 2724//6436 4798//6436 2727//6436
f 2727//6437 4798//6437 4802//6437
f 2727//6438 4802//6438 2726//6438
f 2726//6438 4802//6438 2725//6438
f 2725//6439 4802//6439 4805//6439
f 2725//6440 4805//6440 2728//6440
f 2728//6441 4805//6441 2731//6441
f 2731//6442 4805//6442 4808//6442
f 2731//6443 4808//6443 2730//6443
f 2730//6444 4808//6444 2729//6444
f 2729//6445 4808//6445 4811//6445
f 2729//6446 4811//6446 2732//6446
f 4813//6447 4815//6447 4811//6447
f 4811//6448 4815//6448 2733//6448
f 4811//6449 2733//6449 2732//6449
f 2634//6450 2671//6450 4687//6450
f 4687//6451 2671//6451 2670//6451
f 4687//6452 2670//6452 4689//6452
f 4689//6453 2670//6453 2735//6453
f 4689//6454 2735//6454 4815//6454
f 4815//6455 2735//6455 2734//6455
f 4815//6456 2734//6456 2733//6456
f 4129//1677 2744//1677 1963//1677
f 2764//1677 4126//1677 1963//1677
f 1963//1677 4126//1677 4124//1677
f 1963//1677 4124//1677 4123//1677
f 4123//1677 4138//1677 1963//1677
f 1963//1677 4138//1677 4130//1677
f 1963//1677 4130//1677 4129//1677
f 2748//1 4818//1 1941//1
f 1941//1 4818//1 4819//1
f 1941//1 4819//1 1974//1
f 1974//1 4819//1 4820//1
f 1974//1 4820//1 2762//1
f 4821//6457 4822//6457 4823//6457
f 4823//6458 4822//6458 4824//6458
f 4823//6459 4824//6459 4825//6459
f 4825//6460 4824//6460 4826//6460
f 4825//6461 4826//6461 4827//6461
f 4827//6462 4826//6462 4828//6462
f 4827//6463 4828//6463 4829//6463
f 4829//6464 4828//6464 4830//6464
f 4829//6465 4830//6465 4831//6465
f 4831//6466 4830//6466 4832//6466
f 4822//6467 4833//6467 4824//6467
f 4824//6468 4833//6468 4834//6468
f 4824//6469 4834//6469 4826//6469
f 4826//6470 4834//6470 4835//6470
f 4826//6471 4835//6471 4828//6471
f 4835//6472 4836//6472 4828//6472
f 4828//6473 4836//6473 4837//6473
f 4828//6474 4837//6474 4830//6474
f 4830//6475 4837//6475 4838//6475
f 4830//6476 4838//6476 4839//6476
f 4839//6477 4838//6477 4840//6477
f 4841//6478 4842//6478 2758//6478
f 2758//6479 4842//6479 4843//6479
f 2758//6480 4843//6480 2752//6480
f 2754//6481 2753//6481 4844//6481
f 2758//6482 2757//6482 4841//6482
f 4841//6483 2757//6483 2756//6483
f 4841//6484 2756//6484 4845//6484
f 4845//6485 2756//6485 2755//6485
f 4845//6486 2755//6486 2754//6486
f 2748//6487 2749//6487 4846//6487
f 4846//6488 2749//6488 4847//6488
f 2749//6489 2750//6489 4847//6489
f 4847//6490 2750//6490 2751//6490
f 4847//6491 2751//6491 4843//6491
f 4843//6492 2751//6492 2752//6492
f 4842//6493 4848//6493 4843//6493
f 4843//6494 4848//6494 4849//6494
f 4843//6495 4849//6495 4847//6495
f 4847//6496 4849//6496 4850//6496
f 4847//6497 4850//6497 4846//6497
f 2754//6498 4844//6498 4845//6498
f 4845//6499 4844//6499 4851//6499
f 4845//6500 4851//6500 4852//6500
f 4853//6501 4854//6501 4838//6501
f 4838//6502 4854//6502 4855//6502
f 4838//6503 4855//6503 4840//6503
f 4852//6504 4853//6504 4845//6504
f 4845//6505 4853//6505 4838//6505
f 4845//6506 4838//6506 4841//6506
f 4841//6507 4838//6507 4837//6507
f 4841//6508 4837//6508 4842//6508
f 4842//6509 4837//6509 4836//6509
f 4842//6510 4836//6510 4848//6510
f 4848//6511 4836//6511 4835//6511
f 4848//6512 4835//6512 4849//6512
f 4849//6513 4835//6513 4834//6513
f 4849//6514 4834//6514 4850//6514
f 4850//6515 4834//6515 4833//6515
f 4024//6516 4832//6516 4025//6516
f 4025//6517 4832//6517 4830//6517
f 4025//6518 4830//6518 4027//6518
f 4027//6519 4830//6519 4839//6519
f 4027//6520 4839//6520 4028//6520
f 4028//6521 4839//6521 4840//6521
f 4028//6522 4840//6522 4036//6522
f 2753//6523 2770//6523 4844//6523
f 4844//6524 2770//6524 4040//6524
f 4844//6525 4040//6525 4851//6525
f 4851//6526 4040//6526 4039//6526
f 4851//6527 4039//6527 4852//6527
f 4852//6528 4039//6528 4038//6528
f 4852//6529 4038//6529 4853//6529
f 4853//6530 4038//6530 4037//6530
f 4853//6531 4037//6531 4854//6531
f 4854//6532 4037//6532 4036//6532
f 4854//6533 4036//6533 4855//6533
f 4855//6534 4036//6534 4840//6534
f 2778//6535 2780//6535 3984//6535
f 3984//6536 2780//6536 4856//6536
f 3984//6537 4856//6537 4857//6537
f 4858//6538 4859//6538 4001//6538
f 4001//6539 4000//6539 4858//6539
f 4858//6540 4000//6540 3999//6540
f 4858//6541 3999//6541 4860//6541
f 4860//6542 3999//6542 3997//6542
f 4860//6543 3997//6543 4861//6543
f 3997//6544 4008//6544 4861//6544
f 4861//6545 4008//6545 4007//6545
f 4861//6546 4007//6546 4862//6546
f 4862//6547 4007//6547 4006//6547
f 4862//6548 4006//6548 4857//6548
f 4857//6549 4006//6549 3985//6549
f 4857//6550 3985//6550 3984//6550
f 4863//6551 4864//6551 4865//6551
f 1997//6552 1998//6552 4866//6552
f 1998//6553 1999//6553 4866//6553
f 4866//6554 1999//6554 2787//6554
f 4866//6555 2787//6555 2788//6555
f 2779//6556 2786//6556 2780//6556
f 2780//6557 2786//6557 4867//6557
f 4868//6558 4860//6558 4861//6558
f 4861//6559 4862//6559 4868//6559
f 4868//6560 4862//6560 4857//6560
f 4868//6561 4857//6561 4867//6561
f 4867//6562 4857//6562 4856//6562
f 4867//6563 4856//6563 2780//6563
f 4860//6564 4868//6564 4858//6564
f 4858//6565 4868//6565 4869//6565
f 4858//6566 4869//6566 4859//6566
f 4865//6567 4870//6567 4871//6567
f 2788//6568 2796//6568 4866//6568
f 4866//6569 2796//6569 4872//6569
f 4866//6570 4872//6570 4871//6570
f 4871//6571 4872//6571 4873//6571
f 4871//6572 4873//6572 4874//6572
f 4874//6573 4875//6573 4871//6573
f 4871//6574 4875//6574 4876//6574
f 4871//6575 4876//6575 4865//6575
f 4865//6576 4876//6576 4877//6576
f 4865//6577 4877//6577 4863//6577
f 2786//6578 1997//6578 4867//6578
f 4867//6579 1997//6579 4866//6579
f 4867//6580 4866//6580 4868//6580
f 4868//6581 4866//6581 4871//6581
f 4868//6582 4871//6582 4869//6582
f 4869//6583 4871//6583 4870//6583
f 3913//6584 3912//6584 4878//6584
f 2796//6585 2795//6585 4872//6585
f 4872//6586 2795//6586 3907//6586
f 3901//6587 4874//6587 3907//6587
f 3907//6588 4874//6588 4873//6588
f 3907//6589 4873//6589 4872//6589
f 4864//6590 4863//6590 4878//6590
f 4878//6591 4863//6591 4877//6591
f 4878//6592 4877//6592 3913//6592
f 3913//6593 4877//6593 4876//6593
f 3913//6594 4876//6594 3923//6594
f 3901//6595 3900//6595 4874//6595
f 4874//6596 3900//6596 3926//6596
f 4874//6597 3926//6597 4875//6597
f 4875//6598 3926//6598 3925//6598
f 4875//6599 3925//6599 4876//6599
f 4876//6600 3925//6600 3924//6600
f 4876//6601 3924//6601 3923//6601
f 4879//6602 3883//6602 4880//6602
f 4880//6603 3883//6603 3899//6603
f 4880//6604 3899//6604 4881//6604
f 4881//6605 3899//6605 3898//6605
f 4881//6606 3898//6606 4882//6606
f 4882//6607 3898//6607 3897//6607
f 4882//6608 3897//6608 4883//6608
f 4883//6609 3897//6609 3893//6609
f 4883//6610 3893//6610 4884//6610
f 4884//6611 3893//6611 3892//6611
f 4884//6612 3892//6612 4885//6612
f 4885//6613 3892//6613 3890//6613
f 4885//6614 3890//6614 4886//6614
f 4886//6615 3890//6615 3889//6615
f 4886//6616 3889//6616 4887//6616
f 4887//6617 3889//6617 3887//6617
f 4887//6618 3887//6618 4888//6618
f 4888//6619 3887//6619 2798//6619
f 4888//6620 2798//6620 2028//6620
f 2030//6621 2034//6621 4889//6621
f 2027//6622 2029//6622 4890//6622
f 2025//6623 2026//6623 4891//6623
f 2023//6624 2024//6624 4892//6624
f 4893//6625 4894//6625 4895//6625
f 4895//6626 4894//6626 4879//6626
f 4895//6627 4879//6627 4880//6627
f 4896//6628 4897//6628 4898//6628
f 4898//6629 4897//6629 4899//6629
f 4898//6630 4899//6630 4900//6630
f 4880//6631 4881//6631 4895//6631
f 4895//6632 4881//6632 4882//6632
f 4895//6633 4882//6633 4901//6633
f 4897//6634 4902//6634 4899//6634
f 4899//6635 4902//6635 4903//6635
f 4899//6636 4903//6636 4904//6636
f 4905//6637 4900//6637 4906//6637
f 4906//6638 4900//6638 4899//6638
f 4906//6639 4899//6639 4907//6639
f 4907//6640 4899//6640 4904//6640
f 2033//6641 2032//6641 4908//6641
f 4908//6642 2032//6642 4909//6642
f 4909//6643 2032//6643 2031//6643
f 4909//6644 2031//6644 2023//6644
f 2034//6645 2033//6645 4889//6645
f 4889//6646 2033//6646 4908//6646
f 4889//6647 4908//6647 4910//6647
f 4910//6648 4908//6648 4911//6648
f 2028//6649 2027//6649 4888//6649
f 4888//6650 2027//6650 4890//6650
f 4888//6651 4890//6651 4887//6651
f 4887//6652 4890//6652 4912//6652
f 4882//6653 4883//6653 4901//6653
f 4901//6654 4883//6654 4884//6654
f 4901//6655 4884//6655 4913//6655
f 4913//6656 4884//6656 4885//6656
f 4913//6657 4885//6657 4912//6657
f 4912//6658 4885//6658 4886//6658
f 4912//6659 4886//6659 4887//6659
f 2023//6660 4892//6660 4909//6660
f 4909//6661 4892//6661 4903//6661
f 4909//6662 4903//6662 4908//6662
f 4908//6663 4903//6663 4902//6663
f 4908//6664 4902//6664 4911//6664
f 2024//6665 2025//6665 4892//6665
f 4892//6666 2025//6666 4891//6666
f 4892//6667 4891//6667 4903//6667
f 4903//6668 4891//6668 4914//6668
f 4903//6669 4914//6669 4904//6669
f 4896//6670 4893//6670 4897//6670
f 4897//6671 4893//6671 4895//6671
f 4897//6672 4895//6672 4902//6672
f 4902//6673 4895//6673 4901//6673
f 4902//6674 4901//6674 4911//6674
f 4911//6675 4901//6675 4913//6675
f 4911//6676 4913//6676 4910//6676
f 4910//6677 4913//6677 4912//6677
f 4910//6678 4912//6678 4889//6678
f 4889//6679 4912//6679 4890//6679
f 4889//6680 4890//6680 2030//6680
f 2030//6681 4890//6681 2029//6681
f 4915//6682 4916//6682 4917//6682
f 4918//6683 4919//6683 4920//6683
f 4920//6684 4919//6684 4915//6684
f 2805//6685 2037//6685 4918//6685
f 4915//6686 4917//6686 4920//6686
f 4920//6687 4917//6687 4921//6687
f 4920//6688 4921//6688 4922//6688
f 4922//6689 4921//6689 4923//6689
f 4922//6690 4923//6690 4924//6690
f 4925//6691 4905//6691 4906//6691
f 4906//6692 4923//6692 4925//6692
f 4925//6693 4923//6693 4921//6693
f 4925//6694 4921//6694 4926//6694
f 4926//6695 4921//6695 4917//6695
f 4926//6695 4917//6695 4927//6695
f 4927//6696 4917//6696 4916//6696
f 4927//6697 4916//6697 4928//6697
f 4906//6698 4907//6698 4923//6698
f 4923//6699 4907//6699 4904//6699
f 4923//6700 4904//6700 4924//6700
f 4924//6701 4904//6701 4914//6701
f 4924//6702 4914//6702 4891//6702
f 4918//6703 4920//6703 2805//6703
f 2805//6704 4920//6704 4922//6704
f 2805//6704 4922//6704 2804//6704
f 2804//6705 4922//6705 4924//6705
f 2804//6706 4924//6706 2803//6706
f 2803//6707 4924//6707 4891//6707
f 2803//6708 4891//6708 2026//6708
f 4928//6709 4916//6709 4929//6709
f 4929//6710 4916//6710 4930//6710
f 4929//6711 4930//6711 4931//6711
f 4931//6712 4930//6712 4932//6712
f 4931//6713 4932//6713 4933//6713
f 4933//6714 4932//6714 4934//6714
f 4933//6715 4934//6715 4935//6715
f 4935//6716 4934//6716 4936//6716
f 4935//6717 4936//6717 4937//6717
f 4916//6718 4915//6718 4930//6718
f 4930//6719 4915//6719 4938//6719
f 4930//6720 4938//6720 4932//6720
f 4932//6721 4938//6721 4939//6721
f 4932//6722 4939//6722 4934//6722
f 4939//6723 4940//6723 4934//6723
f 4934//6724 4940//6724 4941//6724
f 4934//6725 4941//6725 4936//6725
f 4936//6726 4941//6726 4942//6726
f 4936//6727 4942//6727 4943//6727
f 4943//6728 4942//6728 4944//6728
f 4945//6729 4946//6729 2046//6729
f 2046//6730 4946//6730 4947//6730
f 2046//6731 4947//6731 2035//6731
f 2042//6732 2041//6732 4948//6732
f 2046//6733 2045//6733 4945//6733
f 4945//6734 2045//6734 2044//6734
f 4945//6735 2044//6735 4949//6735
f 4949//6736 2044//6736 2043//6736
f 4949//6737 2043//6737 2042//6737
f 2037//6738 2038//6738 4918//6738
f 4918//6739 2038//6739 4950//6739
f 2038//6740 2040//6740 4950//6740
f 4950//6741 2040//6741 2039//6741
f 4950//6742 2039//6742 4947//6742
f 4947//6743 2039//6743 2036//6743
f 4947//6744 2036//6744 2035//6744
f 4946//6745 4951//6745 4947//6745
f 4947//6746 4951//6746 4952//6746
f 4947//6747 4952//6747 4950//6747
f 4950//6748 4952//6748 4919//6748
f 4950//6749 4919//6749 4918//6749
f 2042//6750 4948//6750 4949//6750
f 4949//6751 4948//6751 4953//6751
f 4949//6752 4953//6752 4954//6752
f 4955//6753 4956//6753 4942//6753
f 4942//6754 4956//6754 4957//6754
f 4942//6755 4957//6755 4944//6755
f 4954//6756 4955//6756 4949//6756
f 4949//6757 4955//6757 4942//6757
f 4949//6758 4942//6758 4945//6758
f 4945//6759 4942//6759 4941//6759
f 4945//6760 4941//6760 4946//6760
f 4946//6761 4941//6761 4940//6761
f 4946//6762 4940//6762 4951//6762
f 4951//6763 4940//6763 4939//6763
f 4951//6764 4939//6764 4952//6764
f 4952//6765 4939//6765 4938//6765
f 4952//6766 4938//6766 4919//6766
f 4919//6767 4938//6767 4915//6767
f 3702//6768 4937//6768 3703//6768
f 3703//6769 4937//6769 4936//6769
f 3703//6770 4936//6770 3705//6770
f 3705//6771 4936//6771 4943//6771
f 3705//6772 4943//6772 3706//6772
f 3706//6773 4943//6773 4944//6773
f 3706//6774 4944//6774 3712//6774
f 2041//6775 2812//6775 4948//6775
f 4948//6776 2812//6776 3716//6776
f 4948//6777 3716//6777 4953//6777
f 4953//6778 3716//6778 3715//6778
f 4953//6779 3715//6779 4954//6779
f 4954//6780 3715//6780 3714//6780
f 4954//6781 3714//6781 4955//6781
f 4955//6782 3714//6782 3713//6782
f 4955//6783 3713//6783 4956//6783
f 4956//6784 3713//6784 3712//6784
f 4956//6785 3712//6785 4957//6785
f 4957//6786 3712//6786 4944//6786
f 2814//6787 2816//6787 3657//6787
f 3657//6788 2816//6788 4958//6788
f 3657//6789 4958//6789 4959//6789
f 4960//6790 4961//6790 3677//6790
f 3677//6791 3676//6791 4960//6791
f 4960//6792 3676//6792 3675//6792
f 4960//6793 3675//6793 4962//6793
f 4962//6794 3675//6794 3673//6794
f 4962//6795 3673//6795 4963//6795
f 3673//6796 3683//6796 4963//6796
f 4963//6797 3683//6797 3682//6797
f 4963//6798 3682//6798 4964//6798
f 4964//6799 3682//6799 3681//6799
f 4964//6800 3681//6800 4959//6800
f 4959//6801 3681//6801 3658//6801
f 4959//6802 3658//6802 3657//6802
f 4965//6803 4966//6803 4967//6803
f 2072//6804 2071//6804 4968//6804
f 4968//6805 2071//6805 2823//6805
f 4968//6806 2823//6806 2822//6806
f 2059//6807 4969//6807 2824//6807
f 2824//6808 4969//6808 2816//6808
f 2824//6809 2816//6809 2815//6809
f 4970//6810 4962//6810 4963//6810
f 4963//6811 4964//6811 4970//6811
f 4970//6812 4964//6812 4959//6812
f 4970//6813 4959//6813 4969//6813
f 4969//6814 4959//6814 4958//6814
f 4969//6815 4958//6815 2816//6815
f 4962//6816 4970//6816 4960//6816
f 4960//6817 4970//6817 4971//6817
f 4960//6818 4971//6818 4961//6818
f 2822//6819 2832//6819 4968//6819
f 4968//6820 2832//6820 4972//6820
f 4968//6821 4972//6821 4973//6821
f 4973//6822 4972//6822 4974//6822
f 4973//6823 4974//6823 4975//6823
f 4975//6824 4976//6824 4973//6824
f 4973//6825 4976//6825 4977//6825
f 4973//6826 4977//6826 4967//6826
f 4967//6827 4977//6827 4978//6827
f 4967//6828 4978//6828 4965//6828
f 2059//6829 2072//6829 4969//6829
f 4969//6830 2072//6830 4968//6830
f 4969//6831 4968//6831 4970//6831
f 4970//6832 4968//6832 4973//6832
f 4970//6833 4973//6833 4971//6833
f 4971//6834 4973//6834 4967//6834
f 3599//6835 3590//6835 4977//6835
f 3589//6836 4966//6836 4965//6836
f 2832//6837 2831//6837 4972//6837
f 4972//6838 2831//6838 3585//6838
f 3583//6839 4975//6839 3585//6839
f 3585//6840 4975//6840 4974//6840
f 3585//6841 4974//6841 4972//6841
f 3589//6842 4965//6842 3590//6842
f 3590//6843 4965//6843 4978//6843
f 3590//6844 4978//6844 4977//6844
f 3583//6845 3582//6845 4975//6845
f 4975//6846 3582//6846 3602//6846
f 4975//6847 3602//6847 4976//6847
f 4976//6848 3602//6848 3601//6848
f 4976//6849 3601//6849 4977//6849
f 4977//6850 3601//6850 3600//6850
f 4977//6851 3600//6851 3599//6851
f 2834//6852 2836//6852 3550//6852
f 3550//6853 2836//6853 4979//6853
f 3550//6854 4979//6854 4980//6854
f 4981//6855 4982//6855 3567//6855
f 3567//6856 3566//6856 4981//6856
f 4981//6857 3566//6857 3565//6857
f 4981//6858 3565//6858 4983//6858
f 4983//6859 3565//6859 3562//6859
f 4983//6860 3562//6860 4984//6860
f 3562//6861 3574//6861 4984//6861
f 4984//6862 3574//6862 3573//6862
f 4984//6863 3573//6863 4985//6863
f 4985//6864 3573//6864 3572//6864
f 4985//6865 3572//6865 4980//6865
f 4980//6866 3572//6866 3551//6866
f 4980//6867 3551//6867 3550//6867
f 4986//6868 4987//6868 4988//6868
f 4989//6869 4983//6869 4984//6869
f 4984//6870 4985//6870 4989//6870
f 4989//6871 4985//6871 4980//6871
f 4989//6872 4980//6872 4990//6872
f 4990//6873 4980//6873 4979//6873
f 4990//6874 4979//6874 2836//6874
f 4983//6875 4989//6875 4981//6875
f 4981//6876 4989//6876 4991//6876
f 4981//6877 4991//6877 4982//6877
f 4992//6878 4993//6878 4994//6878
f 4994//6879 4993//6879 4995//6879
f 4994//6880 4995//6880 4988//6880
f 4988//6881 4995//6881 4996//6881
f 4988//6882 4996//6882 4986//6882
f 2843//6883 2852//6883 4997//6883
f 4997//6884 2852//6884 4998//6884
f 4997//6885 4998//6885 4994//6885
f 4994//6886 4998//6886 4999//6886
f 4994//6887 4999//6887 4992//6887
f 2073//6888 4990//6888 2844//6888
f 2844//6889 4990//6889 2836//6889
f 2844//6890 2836//6890 2835//6890
f 2074//6891 2075//6891 4997//6891
f 4997//6892 2075//6892 2842//6892
f 4997//6893 2842//6893 2843//6893
f 2073//6894 2074//6894 4990//6894
f 4990//6895 2074//6895 4997//6895
f 4990//6896 4997//6896 4989//6896
f 4989//6897 4997//6897 4994//6897
f 4989//6898 4994//6898 4991//6898
f 4991//6899 4994//6899 4988//6899
f 3489//6900 3479//6900 4995//6900
f 3478//6901 4987//6901 4986//6901
f 2852//6902 2851//6902 4998//6902
f 4998//6903 2851//6903 3473//6903
f 3467//6904 4992//6904 3473//6904
f 3473//6905 4992//6905 4999//6905
f 3473//6906 4999//6906 4998//6906
f 3478//6907 4986//6907 3479//6907
f 3479//6908 4986//6908 4996//6908
f 3479//6909 4996//6909 4995//6909
f 3467//6910 3466//6910 4992//6910
f 4992//6911 3466//6911 3492//6911
f 4992//6912 3492//6912 4993//6912
f 4993//6913 3492//6913 3491//6913
f 4993//6914 3491//6914 4995//6914
f 4995//6915 3491//6915 3490//6915
f 4995//6916 3490//6916 3489//6916
f 5000//6917 3452//6917 5001//6917
f 5001//6918 3452//6918 3465//6918
f 5001//6919 3465//6919 5002//6919
f 5002//6920 3465//6920 3464//6920
f 5002//6921 3464//6921 5003//6921
f 5003//6922 3464//6922 3463//6922
f 5003//6923 3463//6923 5004//6923
f 5004//6924 3463//6924 3459//6924
f 5004//6925 3459//6925 5005//6925
f 5005//6926 3459//6926 3458//6926
f 5005//6927 3458//6927 5006//6927
f 5006//6928 3458//6928 3456//6928
f 5006//6929 3456//6929 5007//6929
f 5007//6930 3456//6930 3455//6930
f 5007//6931 3455//6931 5008//6931
f 5008//6932 3455//6932 3443//6932
f 5008//6933 3443//6933 5009//6933
f 5009//6934 3443//6934 2854//6934
f 5009//6935 2854//6935 2099//6935
f 2102//6936 2103//6936 5010//6936
f 2100//6937 2101//6937 5011//6937
f 2107//6938 2106//6938 5012//6938
f 2109//6939 2108//6939 5013//6939
f 5014//6940 5015//6940 5016//6940
f 5016//6941 5015//6941 5000//6941
f 5016//6942 5000//6942 5001//6942
f 5017//6943 5018//6943 5019//6943
f 5019//6944 5018//6944 5020//6944
f 5019//6945 5020//6945 5021//6945
f 5001//6946 5002//6946 5016//6946
f 5016//6947 5002//6947 5003//6947
f 5016//6948 5003//6948 5022//6948
f 5018//6949 5023//6949 5020//6949
f 5020//6950 5023//6950 5024//6950
f 5020//6951 5024//6951 5025//6951
f 5026//6952 5021//6952 5027//6952
f 5027//6953 5021//6953 5020//6953
f 5027//6954 5020//6954 5028//6954
f 5028//6955 5020//6955 5025//6955
f 5029//6956 2104//6956 5030//6956
f 5030//6957 2104//6957 2110//6957
f 5030//6958 2110//6958 2109//6958
f 2103//6959 2105//6959 5010//6959
f 5010//6960 2105//6960 2104//6960
f 5010//6961 2104//6961 5031//6961
f 5031//6962 2104//6962 5029//6962
f 5031//6963 5029//6963 5032//6963
f 2099//6964 2100//6964 5009//6964
f 5009//6965 2100//6965 5011//6965
f 5009//6966 5011//6966 5008//6966
f 5008//6967 5011//6967 5033//6967
f 5003//6968 5004//6968 5022//6968
f 5022//6969 5004//6969 5005//6969
f 5022//6970 5005//6970 5034//6970
f 5034//6971 5005//6971 5006//6971
f 5034//6972 5006//6972 5033//6972
f 5033//6973 5006//6973 5007//6973
f 5033//6974 5007//6974 5008//6974
f 2109//6975 5013//6975 5030//6975
f 5030//6976 5013//6976 5024//6976
f 5030//6977 5024//6977 5029//6977
f 5029//6978 5024//6978 5023//6978
f 5029//6979 5023//6979 5032//6979
f 2108//6980 2107//6980 5013//6980
f 5013//6981 2107//6981 5012//6981
f 5013//6982 5012//6982 5024//6982
f 5024//6983 5012//6983 5035//6983
f 5024//6984 5035//6984 5025//6984
f 5017//6985 5014//6985 5018//6985
f 5018//6986 5014//6986 5016//6986
f 5018//6987 5016//6987 5023//6987
f 5023//6988 5016//6988 5022//6988
f 5023//6989 5022//6989 5032//6989
f 5032//6990 5022//6990 5034//6990
f 5032//6991 5034//6991 5031//6991
f 5031//6992 5034//6992 5033//6992
f 5031//6993 5033//6993 5010//6993
f 5010//6994 5033//6994 5011//6994
f 5010//6995 5011//6995 2102//6995
f 2102//6996 5011//6996 2101//6996
f 5036//6997 5037//6997 5038//6997
f 5039//6998 5040//6998 5038//6998
f 5041//6999 5042//6999 5043//6999
f 5042//7000 5044//7000 5045//7000
f 2860//7001 2111//7001 5039//7001
f 5042//7002 5045//7002 5043//7002
f 5043//7003 5045//7003 5046//7003
f 5043//7004 5046//7004 5047//7004
f 5026//7005 5027//7005 5047//7005
f 5047//7006 5027//7006 5036//7006
f 5047//7004 5036//7004 5043//7004
f 5043//6997 5036//6997 5038//6997
f 5043//7007 5038//7007 5041//7007
f 5041//7008 5038//7008 5040//7008
f 5027//7009 5028//7009 5036//7009
f 5036//7010 5028//7010 5025//7010
f 5036//7011 5025//7011 5037//7011
f 5037//7012 5025//7012 5035//7012
f 5037//7013 5035//7013 5012//7013
f 5039//7014 5038//7014 2860//7014
f 2860//7015 5038//7015 5037//7015
f 2860//7015 5037//7015 2859//7015
f 2859//7016 5037//7016 5012//7016
f 2859//7017 5012//7017 2106//7017
f 5044//7018 5042//7018 5048//7018
f 5048//7019 5042//7019 5049//7019
f 5048//7020 5049//7020 5050//7020
f 5050//7021 5049//7021 5051//7021
f 5050//7022 5051//7022 5052//7022
f 5052//7023 5051//7023 5053//7023
f 5052//7024 5053//7024 5054//7024
f 5054//7025 5053//7025 5055//7025
f 5054//7026 5055//7026 5056//7026
f 5042//7027 5041//7027 5049//7027
f 5049//7028 5041//7028 5057//7028
f 5049//7029 5057//7029 5051//7029
f 5051//7030 5057//7030 5058//7030
f 5051//7031 5058//7031 5053//7031
f 5058//7032 5059//7032 5053//7032
f 5053//7033 5059//7033 5060//7033
f 5053//7034 5060//7034 5055//7034
f 5055//7035 5060//7035 5061//7035
f 5055//7036 5061//7036 5062//7036
f 5062//7037 5061//7037 5063//7037
f 5064//7038 5065//7038 2122//7038
f 2122//7039 5065//7039 5066//7039
f 2122//7040 5066//7040 2112//7040
f 2118//7041 2117//7041 5067//7041
f 2122//7042 2121//7042 5064//7042
f 5064//7043 2121//7043 2120//7043
f 5064//7044 2120//7044 5068//7044
f 5068//7045 2120//7045 2119//7045
f 5068//7046 2119//7046 2118//7046
f 2111//7047 2116//7047 5039//7047
f 5039//7048 2116//7048 5069//7048
f 2116//7049 2115//7049 5069//7049
f 5069//7050 2115//7050 2114//7050
f 5069//7051 2114//7051 5066//7051
f 5066//7052 2114//7052 2113//7052
f 5066//7053 2113//7053 2112//7053
f 5065//7054 5070//7054 5066//7054
f 5066//7055 5070//7055 5071//7055
f 5066//7056 5071//7056 5069//7056
f 5069//7057 5071//7057 5040//7057
f 5069//7058 5040//7058 5039//7058
f 2118//7059 5067//7059 5068//7059
f 5068//7060 5067//7060 5072//7060
f 5068//7061 5072//7061 5073//7061
f 5074//7062 5075//7062 5061//7062
f 5061//7063 5075//7063 5076//7063
f 5061//7064 5076//7064 5063//7064
f 5073//7065 5074//7065 5068//7065
f 5068//7066 5074//7066 5061//7066
f 5068//7067 5061//7067 5064//7067
f 5064//7068 5061//7068 5060//7068
f 5064//7069 5060//7069 5065//7069
f 5065//7070 5060//7070 5059//7070
f 5065//7071 5059//7071 5070//7071
f 5070//7072 5059//7072 5058//7072
f 5070//7073 5058//7073 5071//7073
f 5071//7074 5058//7074 5057//7074
f 5071//7075 5057//7075 5040//7075
f 5040//7076 5057//7076 5041//7076
f 3353//7077 5056//7077 3354//7077
f 3354//7078 5056//7078 5055//7078
f 3354//7079 5055//7079 3356//7079
f 3356//7080 5055//7080 5062//7080
f 3356//7081 5062//7081 3357//7081
f 3357//7082 5062//7082 5063//7082
f 3357//7083 5063//7083 3363//7083
f 2117//7084 2867//7084 5067//7084
f 5067//7085 2867//7085 3367//7085
f 5067//7086 3367//7086 5072//7086
f 5072//7087 3367//7087 3366//7087
f 5072//7088 3366//7088 5073//7088
f 5073//7089 3366//7089 3365//7089
f 5073//7090 3365//7090 5074//7090
f 5074//7091 3365//7091 3364//7091
f 5074//7092 3364//7092 5075//7092
f 5075//7093 3364//7093 3363//7093
f 5075//7094 3363//7094 5076//7094
f 5076//7095 3363//7095 5063//7095
f 3308//7096 2869//7096 2871//7096
f 3326//7097 5077//7097 3327//7097
f 3327//7098 5077//7098 3328//7098
f 5078//7099 5077//7099 5079//7099
f 5079//7100 5077//7100 3326//7100
f 5079//7101 3326//7101 5080//7101
f 5080//7102 3326//7102 3324//7102
f 5080//7103 3324//7103 5081//7103
f 5081//7104 3324//7104 3334//7104
f 5081//7105 3334//7105 3333//7105
f 2871//7106 5082//7106 3308//7106
f 3308//7107 5082//7107 5083//7107
f 3308//7108 5083//7108 3309//7108
f 3309//7109 5083//7109 3332//7109
f 3332//7110 5083//7110 5084//7110
f 3332//7111 5084//7111 3333//7111
f 3333//7112 5084//7112 5085//7112
f 3333//7113 5085//7113 5081//7113
f 5086//7114 5087//7114 5088//7114
f 2145//7115 2877//7115 5089//7115
f 5089//7116 2877//7116 2878//7116
f 2147//7117 2146//7117 5090//7117
f 5090//7118 5082//7118 2871//7118
f 2147//7119 5090//7119 2879//7119
f 2879//7120 5090//7120 2871//7120
f 2879//7121 2871//7121 2870//7121
f 5082//7122 5090//7122 5083//7122
f 5083//7123 5090//7123 5091//7123
f 5083//7124 5091//7124 5084//7124
f 5085//7125 5092//7125 5081//7125
f 5081//7126 5092//7126 5080//7126
f 5080//7127 5092//7127 5079//7127
f 5079//7128 5092//7128 5093//7128
f 5079//7129 5093//7129 5078//7129
f 5085//7130 5084//7130 5092//7130
f 5092//7131 5084//7131 5091//7131
f 5092//7132 5091//7132 5093//7132
f 5093//7133 5091//7133 5094//7133
f 2878//7134 2881//7134 5089//7134
f 5089//7135 2881//7135 5095//7135
f 5089//7136 5095//7136 5096//7136
f 5096//7137 5095//7137 5097//7137
f 5096//7138 5097//7138 5098//7138
f 5098//7139 5099//7139 5096//7139
f 5096//7140 5099//7140 5100//7140
f 5096//7141 5100//7141 5088//7141
f 5088//7142 5100//7142 5101//7142
f 5088//7143 5101//7143 5086//7143
f 2146//7144 2145//7144 5090//7144
f 5090//7145 2145//7145 5089//7145
f 5090//7146 5089//7146 5091//7146
f 5091//7147 5089//7147 5096//7147
f 5091//7148 5096//7148 5094//7148
f 5094//7149 5096//7149 5088//7149
f 3241//7150 5087//7150 5086//7150
f 2881//7151 2880//7151 5095//7151
f 5095//7152 2880//7152 3253//7152
f 5095//7153 3253//7153 5097//7153
f 3251//7154 3250//7154 5098//7154
f 5098//7155 3250//7155 5099//7155
f 5097//7156 3253//7156 5098//7156
f 5098//7157 3253//7157 3252//7157
f 5098//7158 3252//7158 3251//7158
f 3241//7159 5086//7159 3240//7159
f 3240//7160 5086//7160 5101//7160
f 3240//7161 5101//7161 3236//7161
f 5099//7162 3250//7162 5100//7162
f 5100//7163 3250//7163 3249//7163
f 5100//7164 3249//7164 5101//7164
f 5101//7165 3249//7165 3237//7165
f 5101//7166 3237//7166 3236//7166
f 5102//7167 3208//7167 5103//7167
f 5103//7168 3208//7168 3224//7168
f 5103//7169 3224//7169 5104//7169
f 5104//7170 3224//7170 3223//7170
f 5104//7171 3223//7171 5105//7171
f 5105//7171 3223//7171 3222//7171
f 5105//7172 3222//7172 5106//7172
f 5106//7172 3222//7172 3218//7172
f 5106//7173 3218//7173 5107//7173
f 5107//7174 3218//7174 3217//7174
f 5107//7175 3217//7175 5108//7175
f 5108//7176 3217//7176 3215//7176
f 5108//7177 3215//7177 5109//7177
f 5109//7178 3215//7178 3214//7178
f 5109//7179 3214//7179 5110//7179
f 5110//7180 3214//7180 3212//7180
f 5110//7181 3212//7181 5111//7181
f 5111//7182 3212//7182 2889//7182
f 5111//7183 2889//7183 2165//7183
f 2168//7184 2169//7184 5112//7184
f 2166//7185 2167//7185 5113//7185
f 2163//7186 2162//7186 5114//7186
f 2170//7187 2164//7187 5115//7187
f 5102//7188 5103//7188 5116//7188
f 5116//7189 5103//7189 5117//7189
f 5116//7190 5117//7190 5118//7190
f 5118//7191 5117//7191 5119//7191
f 5120//7192 5121//7192 5122//7192
f 5122//7193 5121//7193 5123//7193
f 5122//7194 5123//7194 5124//7194
f 5103//7195 5104//7195 5117//7195
f 5117//7196 5104//7196 5105//7196
f 5117//7197 5105//7197 5125//7197
f 5121//7198 5126//7198 5123//7198
f 5123//7199 5126//7199 5127//7199
f 5123//7200 5127//7200 5128//7200
f 5129//7201 5124//7201 5130//7201
f 5130//7202 5124//7202 5123//7202
f 5130//7203 5123//7203 5131//7203
f 5131//7204 5123//7204 5128//7204
f 2169//7205 2172//7205 5132//7205
f 5132//7206 2172//7206 5133//7206
f 5133//7207 2172//7207 2171//7207
f 5133//7208 2171//7208 2170//7208
f 5112//7209 2169//7209 5132//7209
f 5112//7210 5132//7210 5134//7210
f 5134//7211 5132//7211 5135//7211
f 2165//7212 2166//7212 5111//7212
f 5111//7213 2166//7213 5113//7213
f 5111//7214 5113//7214 5110//7214
f 5110//7215 5113//7215 5136//7215
f 5105//7216 5106//7216 5125//7216
f 5125//7217 5106//7217 5107//7217
f 5125//7218 5107//7218 5137//7218
f 5137//7219 5107//7219 5108//7219
f 5137//7220 5108//7220 5136//7220
f 5136//7221 5108//7221 5109//7221
f 5136//7222 5109//7222 5110//7222
f 2170//7223 5115//7223 5133//7223
f 5133//7224 5115//7224 5127//7224
f 5133//7225 5127//7225 5132//7225
f 5132//7226 5127//7226 5126//7226
f 5132//7227 5126//7227 5135//7227
f 2164//7228 2163//7228 5115//7228
f 5115//7229 2163//7229 5114//7229
f 5115//7230 5114//7230 5127//7230
f 5127//7231 5114//7231 5138//7231
f 5127//7232 5138//7232 5128//7232
f 5120//7233 5119//7233 5121//7233
f 5121//7234 5119//7234 5117//7234
f 5121//7235 5117//7235 5126//7235
f 5126//7236 5117//7236 5125//7236
f 5126//7237 5125//7237 5135//7237
f 5135//7238 5125//7238 5137//7238
f 5135//7239 5137//7239 5134//7239
f 5134//7240 5137//7240 5136//7240
f 5134//7241 5136//7241 5112//7241
f 5112//7242 5136//7242 5113//7242
f 5112//7243 5113//7243 2168//7243
f 2168//7244 5113//7244 2167//7244
f 5139//7245 5140//7245 5141//7245
f 5142//7246 5143//7246 5144//7246
f 5144//7247 5143//7247 5139//7247
f 2896//7248 2184//7248 5142//7248
f 5139//7249 5141//7249 5144//7249
f 5144//7250 5141//7250 5145//7250
f 5144//7251 5145//7251 5146//7251
f 5146//7252 5145//7252 5147//7252
f 5146//7253 5147//7253 5148//7253
f 5149//7254 5129//7254 5130//7254
f 5130//7255 5147//7255 5149//7255
f 5149//7256 5147//7256 5145//7256
f 5149//7257 5145//7257 5150//7257
f 5150//7258 5145//7258 5141//7258
f 5150//7259 5141//7259 5151//7259
f 5151//7260 5141//7260 5140//7260
f 5151//7261 5140//7261 5152//7261
f 5130//7262 5131//7262 5147//7262
f 5147//7263 5131//7263 5128//7263
f 5147//7264 5128//7264 5148//7264
f 5148//7265 5128//7265 5138//7265
f 5148//7266 5138//7266 5114//7266
f 5142//7267 5144//7267 2896//7267
f 2896//7268 5144//7268 5146//7268
f 2896//7269 5146//7269 2895//7269
f 2895//7270 5146//7270 5148//7270
f 2895//7271 5148//7271 2894//7271
f 2894//7272 5148//7272 5114//7272
f 2894//7273 5114//7273 2162//7273
f 5152//7274 5140//7274 5153//7274
f 5153//7275 5140//7275 5154//7275
f 5153//7276 5154//7276 5155//7276
f 5155//7277 5154//7277 5156//7277
f 5155//7278 5156//7278 5157//7278
f 5157//7279 5156//7279 5158//7279
f 5157//7280 5158//7280 5159//7280
f 5159//7281 5158//7281 5160//7281
f 5159//7282 5160//7282 5161//7282
f 5161//7283 5160//7283 5162//7283
f 5140//7284 5139//7284 5154//7284
f 5154//7285 5139//7285 5163//7285
f 5154//7286 5163//7286 5156//7286
f 5156//7287 5163//7287 5164//7287
f 5156//7288 5164//7288 5158//7288
f 5164//7289 5165//7289 5158//7289
f 5158//7290 5165//7290 5166//7290
f 5158//7291 5166//7291 5160//7291
f 5160//7292 5166//7292 5167//7292
f 5160//7293 5167//7293 5168//7293
f 5168//7294 5167//7294 5169//7294
f 5170//7295 5171//7295 2194//7295
f 2194//7296 5171//7296 5172//7296
f 2194//7297 5172//7297 2188//7297
f 2190//7298 2189//7298 5173//7298
f 2194//7299 2193//7299 5170//7299
f 5170//7300 2193//7300 2192//7300
f 5170//7301 2192//7301 5174//7301
f 5174//7302 2192//7302 2191//7302
f 5174//7303 2191//7303 2190//7303
f 2184//7304 2185//7304 5142//7304
f 5142//7305 2185//7305 5175//7305
f 2185//7306 2186//7306 5175//7306
f 5175//7307 2186//7307 2187//7307
f 5175//7308 2187//7308 5172//7308
f 5172//7309 2187//7309 2188//7309
f 5171//7310 5176//7310 5172//7310
f 5172//7311 5176//7311 5177//7311
f 5172//7312 5177//7312 5175//7312
f 5175//7313 5177//7313 5143//7313
f 5175//7314 5143//7314 5142//7314
f 2190//7315 5173//7315 5174//7315
f 5174//7316 5173//7316 5178//7316
f 5174//7317 5178//7317 5179//7317
f 5180//7318 5181//7318 5167//7318
f 5167//7319 5181//7319 5182//7319
f 5167//7320 5182//7320 5169//7320
f 5179//7321 5180//7321 5174//7321
f 5174//7322 5180//7322 5167//7322
f 5174//7323 5167//7323 5170//7323
f 5170//7324 5167//7324 5166//7324
f 5170//7325 5166//7325 5171//7325
f 5171//7326 5166//7326 5165//7326
f 5171//7327 5165//7327 5176//7327
f 5176//7328 5165//7328 5164//7328
f 5176//7329 5164//7329 5177//7329
f 5177//7330 5164//7330 5163//7330
f 5177//7331 5163//7331 5143//7331
f 5143//7332 5163//7332 5139//7332
f 3112//7333 5162//7333 3113//7333
f 3113//7334 5162//7334 5160//7334
f 3113//7335 5160//7335 3115//7335
f 3115//7336 5160//7336 5168//7336
f 3115//7337 5168//7337 3116//7337
f 3116//7338 5168//7338 5169//7338
f 3116//7339 5169//7339 3124//7339
f 2189//7340 2899//7340 5173//7340
f 5173//7341 2899//7341 3128//7341
f 5173//7342 3128//7342 5178//7342
f 5178//7343 3128//7343 3127//7343
f 5178//7344 3127//7344 5179//7344
f 5179//7345 3127//7345 3126//7345
f 5179//7346 3126//7346 5180//7346
f 5180//7347 3126//7347 3125//7347
f 5180//7348 3125//7348 5181//7348
f 5181//7349 3125//7349 3124//7349
f 5181//7350 3124//7350 5182//7350
f 5182//7351 3124//7351 5169//7351
f 2905//7352 2907//7352 3072//7352
f 3072//7353 2907//7353 5183//7353
f 3072//7354 5183//7354 5184//7354
f 5185//7355 5186//7355 3089//7355
f 3089//7356 3088//7356 5185//7356
f 5185//7357 3088//7357 3087//7357
f 5185//7358 3087//7358 5187//7358
f 5187//7359 3087//7359 3084//7359
f 5187//7360 3084//7360 5188//7360
f 3084//7361 3096//7361 5188//7361
f 5188//7362 3096//7362 3095//7362
f 5188//7363 3095//7363 5189//7363
f 5189//7364 3095//7364 3094//7364
f 5189//7365 3094//7365 5184//7365
f 5184//7366 3094//7366 3073//7366
f 5184//7367 3073//7367 3072//7367
f 5190//7368 5191//7368 5192//7368
f 2208//7369 2207//7369 5193//7369
f 2207//7370 2206//7370 5193//7370
f 5193//7371 2206//7371 2913//7371
f 5193//7372 2913//7372 2914//7372
f 2906//7373 2915//7373 2907//7373
f 2907//7374 2915//7374 5194//7374
f 5195//7375 5187//7375 5188//7375
f 5188//7376 5189//7376 5195//7376
f 5195//7377 5189//7377 5184//7377
f 5195//7378 5184//7378 5194//7378
f 5194//7379 5184//7379 5183//7379
f 5194//7380 5183//7380 2907//7380
f 5187//7381 5195//7381 5185//7381
f 5185//7382 5195//7382 5196//7382
f 5185//7383 5196//7383 5186//7383
f 5192//7384 5197//7384 5198//7384
f 2914//7385 2923//7385 5193//7385
f 5193//7386 2923//7386 5199//7386
f 5193//7387 5199//7387 5198//7387
f 5198//7388 5199//7388 5200//7388
f 5198//7389 5200//7389 5201//7389
f 5201//7390 5202//7390 5198//7390
f 5198//7391 5202//7391 5203//7391
f 5198//7392 5203//7392 5192//7392
f 5192//7393 5203//7393 5204//7393
f 5192//7394 5204//7394 5190//7394
f 2915//7395 2208//7395 5194//7395
f 5194//7396 2208//7396 5193//7396
f 5194//7397 5193//7397 5195//7397
f 5195//7398 5193//7398 5198//7398
f 5195//7399 5198//7399 5196//7399
f 5196//7400 5198//7400 5197//7400
f 3001//7401 3000//7401 5205//7401
f 2923//7402 2922//7402 5199//7402
f 5199//7403 2922//7403 2995//7403
f 2989//7404 5201//7404 2995//7404
f 2995//7405 5201//7405 5200//7405
f 2995//7406 5200//7406 5199//7406
f 5191//7407 5190//7407 5205//7407
f 5205//7408 5190//7408 5204//7408
f 5205//7409 5204//7409 3001//7409
f 3001//7410 5204//7410 5203//7410
f 3001//7411 5203//7411 3011//7411
f 2989//7412 2988//7412 5201//7412
f 5201//7413 2988//7413 3014//7413
f 5201//7414 3014//7414 5202//7414
f 5202//7415 3014//7415 3013//7415
f 5202//7416 3013//7416 5203//7416
f 5203//7417 3013//7417 3012//7417
f 5203//7418 3012//7418 3011//7418
f 5206//7419 2965//7419 5207//7419
f 5207//7420 2965//7420 2987//7420
f 5207//7421 2987//7421 5208//7421
f 5208//7422 2987//7422 2986//7422
f 5208//7423 2986//7423 5209//7423
f 5209//7424 2986//7424 2985//7424
f 5209//7425 2985//7425 5210//7425
f 5210//7426 2985//7426 2980//7426
f 5210//7427 2980//7427 5211//7427
f 5211//7428 2980//7428 2979//7428
f 5211//7429 2979//7429 5212//7429
f 5212//7430 2979//7430 2977//7430
f 5212//7431 2977//7431 5213//7431
f 5213//7432 2977//7432 2976//7432
f 5213//7433 2976//7433 5214//7433
f 5214//7434 2976//7434 2972//7434
f 5214//7435 2972//7435 5215//7435
f 5215//7436 2972//7436 2971//7436
f 5215//7437 2971//7437 2342//7437
f 2345//7438 2346//7438 5216//7438
f 2343//7439 2344//7439 5217//7439
f 2350//7440 2349//7440 5218//7440
f 2352//7441 2351//7441 5219//7441
f 5220//7442 5221//7442 5222//7442
f 5222//7443 5221//7443 5206//7443
f 5222//7444 5206//7444 5207//7444
f 5223//7445 5224//7445 5225//7445
f 5225//7446 5224//7446 5226//7446
f 5225//7447 5226//7447 5227//7447
f 5207//7448 5208//7448 5222//7448
f 5222//7449 5208//7449 5209//7449
f 5222//7450 5209//7450 5228//7450
f 5224//7451 5229//7451 5226//7451
f 5226//7452 5229//7452 5230//7452
f 5226//7453 5230//7453 5231//7453
f 5232//7454 5227//7454 5233//7454
f 5233//7455 5227//7455 5226//7455
f 5233//7456 5226//7456 5234//7456
f 5234//7457 5226//7457 5231//7457
f 5235//7458 2347//7458 5236//7458
f 5236//7459 2347//7459 2353//7459
f 5236//7460 2353//7460 2352//7460
f 2346//7461 2348//7461 5216//7461
f 5216//7462 2348//7462 2347//7462
f 5216//7463 2347//7463 5237//7463
f 5237//7464 2347//7464 5235//7464
f 5237//7465 5235//7465 5238//7465
f 2342//7466 2343//7466 5215//7466
f 5215//7467 2343//7467 5217//7467
f 5215//7468 5217//7468 5214//7468
f 5214//7469 5217//7469 5239//7469
f 5209//7470 5210//7470 5228//7470
f 5228//7471 5210//7471 5211//7471
f 5228//7472 5211//7472 5240//7472
f 5240//7473 5211//7473 5212//7473
f 5240//7474 5212//7474 5239//7474
f 5239//7475 5212//7475 5213//7475
f 5239//7476 5213//7476 5214//7476
f 2352//7477 5219//7477 5236//7477
f 5236//7478 5219//7478 5230//7478
f 5236//7479 5230//7479 5235//7479
f 5235//7480 5230//7480 5229//7480
f 5235//7481 5229//7481 5238//7481
f 2351//7482 2350//7482 5219//7482
f 5219//7483 2350//7483 5218//7483
f 5219//7484 5218//7484 5230//7484
f 5230//7485 5218//7485 5241//7485
f 5230//7486 5241//7486 5231//7486
f 5223//7487 5220//7487 5224//7487
f 5224//7488 5220//7488 5222//7488
f 5224//7489 5222//7489 5229//7489
f 5229//7490 5222//7490 5228//7490
f 5229//7491 5228//7491 5238//7491
f 5238//7492 5228//7492 5240//7492
f 5238//7493 5240//7493 5237//7493
f 5237//7494 5240//7494 5239//7494
f 5237//7495 5239//7495 5216//7495
f 5216//7496 5239//7496 5217//7496
f 5216//7497 5217//7497 2345//7497
f 2345//7498 5217//7498 2344//7498
f 5242//7499 5243//7499 5244//7499
f 5245//7500 5246//7500 5247//7500
f 5247//7501 5246//7501 5242//7501
f 3746//7502 2356//7502 5245//7502
f 5242//7503 5244//7503 5247//7503
f 5247//7504 5244//7504 5248//7504
f 5247//7505 5248//7505 5249//7505
f 5249//7506 5248//7506 5250//7506
f 5249//7507 5250//7507 5251//7507
f 5252//7508 5232//7508 5233//7508
f 5233//7509 5250//7509 5252//7509
f 5252//7510 5250//7510 5248//7510
f 5252//7511 5248//7511 5253//7511
f 5253//7512 5248//7512 5244//7512
f 5253//7512 5244//7512 5254//7512
f 5254//7513 5244//7513 5243//7513
f 5254//7514 5243//7514 5255//7514
f 5233//7515 5234//7515 5250//7515
f 5250//7516 5234//7516 5231//7516
f 5250//7517 5231//7517 5251//7517
f 5251//7518 5231//7518 5241//7518
f 5251//7519 5241//7519 5218//7519
f 5245//7520 5247//7520 3746//7520
f 3746//7521 5247//7521 5249//7521
f 3746//7521 5249//7521 3745//7521
f 3745//7522 5249//7522 5251//7522
f 3745//7523 5251//7523 3744//7523
f 3744//7524 5251//7524 5218//7524
f 3744//7525 5218//7525 2349//7525
f 5256//7526 5257//7526 5258//7526
f 5255//7527 5243//7527 5259//7527
f 5259//7528 5243//7528 5260//7528
f 5259//7529 5260//7529 5261//7529
f 5261//7530 5260//7530 5262//7530
f 5261//7531 5262//7531 5263//7531
f 5263//7532 5262//7532 5264//7532
f 5263//7533 5264//7533 5265//7533
f 5265//7534 5264//7534 5266//7534
f 5265//7535 5266//7535 5267//7535
f 5243//7536 5242//7536 5260//7536
f 5260//7537 5242//7537 5268//7537
f 5260//7538 5268//7538 5262//7538
f 5262//7539 5268//7539 5269//7539
f 5262//7540 5269//7540 5264//7540
f 5270//7541 5271//7541 5272//7541
f 5269//7542 5273//7542 5264//7542
f 5264//7543 5273//7543 5274//7543
f 5264//7544 5274//7544 5266//7544
f 5266//7545 5274//7545 5270//7545
f 5266//7546 5270//7546 5275//7546
f 5275//7547 5270//7547 5272//7547
f 5276//7548 5277//7548 2365//7548
f 2365//7549 5277//7549 5278//7549
f 2365//7550 5278//7550 2354//7550
f 2365//7551 2364//7551 5276//7551
f 5276//7552 2364//7552 2363//7552
f 5276//7553 2363//7553 5258//7553
f 2360//7554 5256//7554 2361//7554
f 2361//7555 5256//7555 5258//7555
f 2361//7556 5258//7556 2362//7556
f 2362//7557 5258//7557 2363//7557
f 2356//7558 2357//7558 5245//7558
f 5245//7559 2357//7559 5279//7559
f 2357//7560 2359//7560 5279//7560
f 5279//7561 2359//7561 2358//7561
f 5279//7562 2358//7562 5278//7562
f 5278//7563 2358//7563 2355//7563
f 5278//7564 2355//7564 2354//7564
f 5277//7565 5280//7565 5278//7565
f 5278//7566 5280//7566 5281//7566
f 5278//7567 5281//7567 5279//7567
f 5279//7568 5281//7568 5246//7568
f 5279//7569 5246//7569 5245//7569
f 5282//7570 5283//7570 5270//7570
f 5270//7571 5283//7571 5284//7571
f 5270//7572 5284//7572 5271//7572
f 5257//7573 5282//7573 5258//7573
f 5258//7574 5282//7574 5270//7574
f 5258//7575 5270//7575 5276//7575
f 5276//7576 5270//7576 5274//7576
f 5276//7577 5274//7577 5277//7577
f 5277//7578 5274//7578 5273//7578
f 5277//7579 5273//7579 5280//7579
f 5280//7580 5273//7580 5269//7580
f 5280//7581 5269//7581 5281//7581
f 5281//7582 5269//7582 5268//7582
f 5281//7583 5268//7583 5246//7583
f 5246//7584 5268//7584 5242//7584
f 4619//7585 5267//7585 4620//7585
f 4620//7586 5267//7586 5266//7586
f 4620//7587 5266//7587 4622//7587
f 4622//7588 5266//7588 5275//7588
f 4622//7589 5275//7589 4623//7589
f 4623//7590 5275//7590 5272//7590
f 4623//7591 5272//7591 4629//7591
f 2360//7592 3753//7592 5256//7592
f 5256//7593 3753//7593 4633//7593
f 5256//7594 4633//7594 5257//7594
f 5257//7595 4633//7595 4632//7595
f 5257//7596 4632//7596 5282//7596
f 5282//7597 4632//7597 4631//7597
f 5282//7598 4631//7598 5283//7598
f 5283//7599 4631//7599 4630//7599
f 5283//7600 4630//7600 5284//7600
f 5284//7601 4630//7601 4629//7601
f 5284//7602 4629//7602 5271//7602
f 5271//7603 4629//7603 5272//7603
f 3756//7604 3755//7604 4574//7604
f 4574//7605 3755//7605 5285//7605
f 4574//7606 5285//7606 5286//7606
f 5287//7607 5288//7607 4594//7607
f 4594//7608 4593//7608 5287//7608
f 5287//7609 4593//7609 4592//7609
f 5287//7610 4592//7610 5289//7610
f 5289//7611 4592//7611 4590//7611
f 5289//7612 4590//7612 5290//7612
f 4590//7613 4600//7613 5290//7613
f 5290//7614 4600//7614 4599//7614
f 5290//7615 4599//7615 5291//7615
f 5291//7616 4599//7616 4598//7616
f 5291//7617 4598//7617 5286//7617
f 5286//7618 4598//7618 4575//7618
f 5286//7619 4575//7619 4574//7619
f 5292//7620 5293//7620 5294//7620
f 2387//7621 2386//7621 5295//7621
f 5295//7622 2386//7622 3765//7622
f 5295//7623 3765//7623 3763//7623
f 2388//7624 5296//7624 3764//7624
f 3764//7625 5296//7625 3755//7625
f 3764//7626 3755//7626 3754//7626
f 5297//7627 5289//7627 5290//7627
f 5290//7628 5291//7628 5297//7628
f 5297//7629 5291//7629 5286//7629
f 5297//7630 5286//7630 5296//7630
f 5296//7631 5286//7631 5285//7631
f 5296//7632 5285//7632 3755//7632
f 5289//7633 5297//7633 5287//7633
f 5287//7634 5297//7634 5298//7634
f 5287//7635 5298//7635 5288//7635
f 3763//7636 3773//7636 5295//7636
f 5295//7637 3773//7637 5299//7637
f 5295//7638 5299//7638 5300//7638
f 5300//7639 5299//7639 5301//7639
f 5300//7640 5301//7640 5302//7640
f 5302//7641 5303//7641 5300//7641
f 5300//7642 5303//7642 5304//7642
f 5300//7643 5304//7643 5294//7643
f 5294//7644 5304//7644 5305//7644
f 5294//7645 5305//7645 5292//7645
f 2388//7646 2387//7646 5296//7646
f 5296//7647 2387//7647 5295//7647
f 5296//7648 5295//7648 5297//7648
f 5297//7649 5295//7649 5300//7649
f 5297//7650 5300//7650 5298//7650
f 5298//7651 5300//7651 5294//7651
f 4508//7652 5293//7652 5292//7652
f 3773//7653 3772//7653 5299//7653
f 5299//7654 3772//7654 4519//7654
f 5299//7655 4519//7655 5301//7655
f 4517//7656 4516//7656 5302//7656
f 5302//7657 4516//7657 5303//7657
f 5301//7658 4519//7658 5302//7658
f 5302//7659 4519//7659 4518//7659
f 5302//7660 4518//7660 4517//7660
f 4508//7661 5292//7661 4507//7661
f 4507//7662 5292//7662 5305//7662
f 4507//7663 5305//7663 4503//7663
f 5303//7664 4516//7664 5304//7664
f 5304//7665 4516//7665 4515//7665
f 5304//7666 4515//7666 5305//7666
f 5305//7667 4515//7667 4504//7667
f 5305//7668 4504//7668 4503//7668
f 3776//7669 3775//7669 4467//7669
f 4467//7670 3775//7670 5306//7670
f 4467//7671 5306//7671 5307//7671
f 5308//7672 5309//7672 4484//7672
f 4484//7673 4483//7673 5308//7673
f 5308//7674 4483//7674 4482//7674
f 5308//7675 4482//7675 5310//7675
f 5310//7676 4482//7676 4479//7676
f 5310//7677 4479//7677 5311//7677
f 4479//7678 4491//7678 5311//7678
f 5311//7679 4491//7679 4490//7679
f 5311//7680 4490//7680 5312//7680
f 5312//7681 4490//7681 4489//7681
f 5312//7682 4489//7682 5307//7682
f 5307//7683 4489//7683 4468//7683
f 5307//7684 4468//7684 4467//7684
f 5313//7685 5314//7685 5315//7685
f 2402//7686 2401//7686 5316//7686
f 5316//7687 2401//7687 3783//7687
f 5316//7688 3783//7688 3784//7688
f 2403//7689 5317//7689 3785//7689
f 3785//7690 5317//7690 3775//7690
f 3785//7691 3775//7691 3774//7691
f 5318//7692 5310//7692 5311//7692
f 5311//7693 5312//7693 5318//7693
f 5318//7694 5312//7694 5307//7694
f 5318//7695 5307//7695 5317//7695
f 5317//7696 5307//7696 5306//7696
f 5317//7697 5306//7697 3775//7697
f 5310//7698 5318//7698 5308//7698
f 5308//7699 5318//7699 5319//7699
f 5308//7700 5319//7700 5309//7700
f 3784//7701 3793//7701 5316//7701
f 5316//7702 3793//7702 5320//7702
f 5316//7703 5320//7703 5321//7703
f 5321//7704 5320//7704 5322//7704
f 5321//7705 5322//7705 5323//7705
f 5323//7706 5324//7706 5321//7706
f 5321//7707 5324//7707 5325//7707
f 5321//7708 5325//7708 5315//7708
f 5315//7709 5325//7709 5326//7709
f 5315//7710 5326//7710 5313//7710
f 2403//7711 2402//7711 5317//7711
f 5317//7712 2402//7712 5316//7712
f 5317//7713 5316//7713 5318//7713
f 5318//7714 5316//7714 5321//7714
f 5318//7715 5321//7715 5319//7715
f 5319//7716 5321//7716 5315//7716
f 4397//7717 5314//7717 5313//7717
f 3793//7718 3792//7718 5320//7718
f 5320//7719 3792//7719 4409//7719
f 5320//7720 4409//7720 5322//7720
f 4407//7721 4406//7721 5323//7721
f 5323//7722 4406//7722 5324//7722
f 5322//7723 4409//7723 5323//7723
f 5323//7724 4409//7724 4408//7724
f 5323//7725 4408//7725 4407//7725
f 4397//7726 5313//7726 4396//7726
f 4396//7727 5313//7727 5326//7727
f 4396//7728 5326//7728 4391//7728
f 5324//7729 4406//7729 5325//7729
f 5325//7730 4406//7730 4405//7730
f 5325//7731 4405//7731 5326//7731
f 5326//7732 4405//7732 4392//7732
f 5326//7733 4392//7733 4391//7733
f 5327//7734 4366//7734 5328//7734
f 5328//7735 4366//7735 4382//7735
f 5328//7736 4382//7736 5329//7736
f 5329//7737 4382//7737 4381//7737
f 5329//7738 4381//7738 5330//7738
f 5330//7739 4381//7739 4380//7739
f 5330//7740 4380//7740 5331//7740
f 5331//7741 4380//7741 4376//7741
f 5331//7742 4376//7742 5332//7742
f 5332//7743 4376//7743 4375//7743
f 5332//7744 4375//7744 5333//7744
f 5333//7745 4375//7745 4373//7745
f 5333//7746 4373//7746 5334//7746
f 5334//7747 4373//7747 4372//7747
f 5334//7748 4372//7748 5335//7748
f 5335//7749 4372//7749 4370//7749
f 5335//7750 4370//7750 5336//7750
f 5336//7751 4370//7751 3795//7751
f 5336//7752 3795//7752 2421//7752
f 2424//7753 2428//7753 5337//7753
f 2422//7754 2423//7754 5338//7754
f 2419//7755 2420//7755 5339//7755
f 2417//7756 2418//7756 5340//7756
f 5341//7757 5342//7757 5343//7757
f 5343//7758 5342//7758 5327//7758
f 5343//7759 5327//7759 5328//7759
f 5344//7760 5345//7760 5346//7760
f 5346//7761 5345//7761 5347//7761
f 5346//7762 5347//7762 5348//7762
f 5328//7763 5329//7763 5343//7763
f 5343//7764 5329//7764 5330//7764
f 5343//7765 5330//7765 5349//7765
f 5345//7766 5350//7766 5347//7766
f 5347//7767 5350//7767 5351//7767
f 5347//7768 5351//7768 5352//7768
f 5353//7769 5348//7769 5354//7769
f 5354//7770 5348//7770 5347//7770
f 5354//7771 5347//7771 5355//7771
f 5355//7772 5347//7772 5352//7772
f 2427//7773 2426//7773 5356//7773
f 5356//7774 2426//7774 5357//7774
f 5357//7775 2426//7775 2425//7775
f 5357//7776 2425//7776 2417//7776
f 2428//7777 2427//7777 5337//7777
f 5337//7778 2427//7778 5356//7778
f 5337//7779 5356//7779 5358//7779
f 5358//7780 5356//7780 5359//7780
f 2421//7781 2422//7781 5336//7781
f 5336//7782 2422//7782 5338//7782
f 5336//7783 5338//7783 5335//7783
f 5335//7784 5338//7784 5360//7784
f 5330//7785 5331//7785 5349//7785
f 5349//7786 5331//7786 5332//7786
f 5349//7787 5332//7787 5361//7787
f 5361//7788 5332//7788 5333//7788
f 5361//7789 5333//7789 5360//7789
f 5360//7790 5333//7790 5334//7790
f 5360//7791 5334//7791 5335//7791
f 2417//7792 5340//7792 5357//7792
f 5357//7793 5340//7793 5351//7793
f 5357//7794 5351//7794 5356//7794
f 5356//7795 5351//7795 5350//7795
f 5356//7796 5350//7796 5359//7796
f 2418//7797 2419//7797 5340//7797
f 5340//7798 2419//7798 5339//7798
f 5340//7799 5339//7799 5351//7799
f 5351//7800 5339//7800 5362//7800
f 5351//7801 5362//7801 5352//7801
f 5344//7802 5341//7802 5345//7802
f 5345//7803 5341//7803 5343//7803
f 5345//7804 5343//7804 5350//7804
f 5350//7805 5343//7805 5349//7805
f 5350//7806 5349//7806 5359//7806
f 5359//7807 5349//7807 5361//7807
f 5359//7808 5361//7808 5358//7808
f 5358//7809 5361//7809 5360//7809
f 5358//7810 5360//7810 5337//7810
f 5337//7811 5360//7811 5338//7811
f 5337//7812 5338//7812 2424//7812
f 2424//7813 5338//7813 2423//7813
f 5363//7814 5364//7814 5365//7814
f 5366//7815 5367//7815 5365//7815
f 5368//7816 5369//7816 5370//7816
f 5369//7817 5371//7817 5372//7817
f 3800//7818 2440//7818 5366//7818
f 5369//7819 5372//7819 5370//7819
f 5370//7820 5372//7820 5373//7820
f 5370//7821 5373//7821 5374//7821
f 5353//7822 5354//7822 5374//7822
f 5374//7823 5354//7823 5363//7823
f 5374//7821 5363//7821 5370//7821
f 5370//7824 5363//7824 5365//7824
f 5370//7825 5365//7825 5368//7825
f 5368//7826 5365//7826 5367//7826
f 5354//7827 5355//7827 5363//7827
f 5363//7828 5355//7828 5352//7828
f 5363//7829 5352//7829 5364//7829
f 5364//7830 5352//7830 5362//7830
f 5364//7831 5362//7831 5339//7831
f 5366//7832 5365//7832 3800//7832
f 3800//7833 5365//7833 5364//7833
f 3800//7833 5364//7833 3801//7833
f 3801//7834 5364//7834 5339//7834
f 3801//7835 5339//7835 2420//7835
f 5371//7836 5369//7836 5375//7836
f 5375//7837 5369//7837 5376//7837
f 5375//7838 5376//7838 5377//7838
f 5377//7839 5376//7839 5378//7839
f 5377//7840 5378//7840 5379//7840
f 5379//7841 5378//7841 5380//7841
f 5379//7842 5380//7842 5381//7842
f 5381//7843 5380//7843 5382//7843
f 5381//7844 5382//7844 5383//7844
f 5369//7845 5368//7845 5376//7845
f 5376//7846 5368//7846 5384//7846
f 5376//7847 5384//7847 5378//7847
f 5378//7848 5384//7848 5385//7848
f 5378//7849 5385//7849 5380//7849
f 5385//7850 5386//7850 5380//7850
f 5380//7851 5386//7851 5387//7851
f 5380//7852 5387//7852 5382//7852
f 5382//7853 5387//7853 5388//7853
f 5382//7854 5388//7854 5389//7854
f 5389//7855 5388//7855 5390//7855
f 5391//7856 5392//7856 2451//7856
f 2451//7857 5392//7857 5393//7857
f 2451//7858 5393//7858 2445//7858
f 2447//7859 2446//7859 5394//7859
f 2451//7860 2450//7860 5391//7860
f 5391//7861 2450//7861 2449//7861
f 5391//7862 2449//7862 5395//7862
f 5395//7863 2449//7863 2448//7863
f 5395//7864 2448//7864 2447//7864
f 2440//7865 2441//7865 5366//7865
f 5366//7866 2441//7866 5396//7866
f 2441//7867 2442//7867 5396//7867
f 5396//7868 2442//7868 2443//7868
f 5396//7869 2443//7869 5393//7869
f 5393//7870 2443//7870 2444//7870
f 5393//7871 2444//7871 2445//7871
f 5392//7872 5397//7872 5393//7872
f 5393//7873 5397//7873 5398//7873
f 5393//7874 5398//7874 5396//7874
f 5396//7875 5398//7875 5367//7875
f 5396//7876 5367//7876 5366//7876
f 2447//7877 5394//7877 5395//7877
f 5395//7878 5394//7878 5399//7878
f 5395//7879 5399//7879 5400//7879
f 5401//7880 5402//7880 5388//7880
f 5388//7881 5402//7881 5403//7881
f 5388//7882 5403//7882 5390//7882
f 5400//7883 5401//7883 5395//7883
f 5395//7884 5401//7884 5388//7884
f 5395//7885 5388//7885 5391//7885
f 5391//7886 5388//7886 5387//7886
f 5391//7887 5387//7887 5392//7887
f 5392//7888 5387//7888 5386//7888
f 5392//7889 5386//7889 5397//7889
f 5397//7890 5386//7890 5385//7890
f 5397//7891 5385//7891 5398//7891
f 5398//7892 5385//7892 5384//7892
f 5398//7893 5384//7893 5367//7893
f 5367//7894 5384//7894 5368//7894
f 4270//7895 5383//7895 4271//7895
f 4271//7896 5383//7896 5382//7896
f 4271//7897 5382//7897 4273//7897
f 4273//7898 5382//7898 5389//7898
f 4273//7899 5389//7899 4274//7899
f 4274//7900 5389//7900 5390//7900
f 4274//7901 5390//7901 4280//7901
f 2446//7902 3808//7902 5394//7902
f 5394//7903 3808//7903 4284//7903
f 5394//7904 4284//7904 5399//7904
f 5399//7905 4284//7905 4283//7905
f 5399//7906 4283//7906 5400//7906
f 5400//7907 4283//7907 4282//7907
f 5400//7908 4282//7908 5401//7908
f 5401//7909 4282//7909 4281//7909
f 5401//7910 4281//7910 5402//7910
f 5402//7911 4281//7911 4280//7911
f 5402//7912 4280//7912 5403//7912
f 5403//7913 4280//7913 5390//7913
f 4226//7914 3810//7914 3812//7914
f 4243//7915 5404//7915 4244//7915
f 4244//7916 5404//7916 4245//7916
f 5405//7917 5404//7917 5406//7917
f 5406//7918 5404//7918 4243//7918
f 5406//7919 4243//7919 5407//7919
f 5407//7920 4243//7920 4241//7920
f 5407//7921 4241//7921 5408//7921
f 5408//7922 4241//7922 4251//7922
f 5408//6594 4251//6594 4250//6594
f 3812//7923 5409//7923 4226//7923
f 4226//7924 5409//7924 5410//7924
f 4226//7925 5410//7925 4227//7925
f 4227//7926 5410//7926 4249//7926
f 4249//7927 5410//7927 5411//7927
f 4249//7928 5411//7928 4250//7928
f 4250//7929 5411//7929 5412//7929
f 4250//7930 5412//7930 5408//7930
f 5413//7931 5414//7931 5415//7931
f 2464//7932 3819//7932 5416//7932
f 5416//7933 3819//7933 3818//7933
f 2452//7934 2465//7934 5417//7934
f 5417//7935 5409//7935 3812//7935
f 2452//7936 5417//7936 3820//7936
f 3820//7937 5417//7937 3812//7937
f 3820//7938 3812//7938 3811//7938
f 5409//7939 5417//7939 5410//7939
f 5410//7940 5417//7940 5418//7940
f 5410//7941 5418//7941 5411//7941
f 5412//7942 5419//7942 5408//7942
f 5408//7943 5419//7943 5407//7943
f 5407//7944 5419//7944 5406//7944
f 5406//7945 5419//7945 5420//7945
f 5406//7946 5420//7946 5405//7946
f 5412//7947 5411//7947 5419//7947
f 5419//7948 5411//7948 5418//7948
f 5419//7949 5418//7949 5420//7949
f 5420//7950 5418//7950 5421//7950
f 3818//7951 3822//7951 5416//7951
f 5416//7952 3822//7952 5422//7952
f 5416//7953 5422//7953 5423//7953
f 5423//7954 5422//7954 5424//7954
f 5423//7955 5424//7955 5425//7955
f 5425//7956 5426//7956 5423//7956
f 5423//7957 5426//7957 5427//7957
f 5423//7958 5427//7958 5415//7958
f 5415//7959 5427//7959 5428//7959
f 5415//7960 5428//7960 5413//7960
f 2465//7961 2464//7961 5417//7961
f 5417//7962 2464//7962 5416//7962
f 5417//7963 5416//7963 5418//7963
f 5418//7964 5416//7964 5423//7964
f 5418//7965 5423//7965 5421//7965
f 5421//7966 5423//7966 5415//7966
f 4159//7967 5414//7967 5413//7967
f 3822//7968 3821//7968 5422//7968
f 5422//7969 3821//7969 4170//7969
f 5422//7970 4170//7970 5424//7970
f 4168//7971 4167//7971 5425//7971
f 5425//7972 4167//7972 5426//7972
f 5424//7973 4170//7973 5425//7973
f 5425//7974 4170//7974 4169//7974
f 5425//7975 4169//7975 4168//7975
f 4159//7976 5413//7976 4158//7976
f 4158//7977 5413//7977 5428//7977
f 4158//7978 5428//7978 4154//7978
f 5426//7979 4167//7979 5427//7979
f 5427//7980 4167//7980 4166//7980
f 5427//7981 4166//7981 5428//7981
f 5428//7982 4166//7982 4155//7982
f 5428//7983 4155//7983 4154//7983
f 4031//7984 4023//7984 5429//7984
f 4110//7985 4116//7985 5430//7985
f 4144//7986 4143//7986 5431//7986
f 4248//7987 4247//7987 5432//7987
f 4485//7988 4478//7988 5433//7988
f 4597//7989 4596//7989 5434//7989
f 2966//7990 2965//7990 5435//7990
f 3119//7991 3111//7991 5436//7991
f 3198//7992 3204//7992 5437//7992
f 3226//7993 3225//7993 5438//7993
f 3331//7994 3330//7994 5439//7994
f 3568//7995 3561//7995 5440//7995
f 3680//7996 3679//7996 5441//7996
f 4083//7997 4688//7997 4084//7997
f 4084//7998 4688//7998 4817//7998
f 4084//7999 4817//7999 4074//7999
f 4690//8000 4684//8000 5442//8000
f 5442//8001 4684//8001 4683//8001
f 5442//8002 4683//8002 5443//8002
f 5443//8003 4683//8003 4686//8003
f 5443//8004 4686//8004 4688//8004
f 5442//8005 5444//8005 4690//8005
f 4690//8006 5444//8006 4192//8006
f 4690//8007 4192//8007 4222//8007
f 4222//8008 4204//8008 4690//8008
f 4690//8009 4204//8009 4203//8009
f 4690//8010 4203//8010 4692//8010
f 4692//8011 4203//8011 4201//8011
f 4692//8012 4201//8012 4694//8012
f 4694//8013 4201//8013 4200//8013
f 4200//8014 4209//8014 4694//8014
f 4694//8015 4209//8015 5445//8015
f 4694//8016 5445//8016 4695//8016
f 4695//8017 5445//8017 4680//8017
f 4323//8018 4322//8018 4697//8018
f 4699//8019 4698//8019 4312//8019
f 4322//8020 4321//8020 4697//8020
f 4697//8021 4321//8021 4320//8021
f 4697//8022 4320//8022 4698//8022
f 4698//8023 4320//8023 4313//8023
f 4698//8024 4313//8024 4312//8024
f 4312//8025 4324//8025 4699//8025
f 4699//8025 4324//8025 4325//8025
f 4699//8026 4325//8026 4701//8026
f 4701//8027 4325//8027 4328//8027
f 4701//8028 4328//8028 4327//8028
f 4702//8029 5446//8029 4704//8029
f 4704//8030 5446//8030 5447//8030
f 4704//8031 5447//8031 4705//8031
f 4705//8032 5447//8032 4436//8032
f 4436//8033 4463//8033 4705//8033
f 4705//8034 4463//8034 4446//8034
f 4705//8035 4446//8035 4707//8035
f 4446//8036 4445//8036 4707//8036
f 4707//8037 4445//8037 4443//8037
f 4707//8038 4443//8038 4708//8038
f 4708//8039 4443//8039 4442//8039
f 4442//8040 4450//8040 4708//8040
f 4708//8041 4450//8041 5448//8041
f 4708//8042 5448//8042 4710//8042
f 4710//8043 5448//8043 5449//8043
f 4710//8044 5449//8044 4711//8044
f 4711//8045 5449//8045 4713//8045
f 4713//8046 5449//8046 5450//8046
f 4713//8047 5450//8047 4714//8047
f 4714//8048 5450//8048 5451//8048
f 4714//8049 5451//8049 4716//8049
f 4716//8050 5451//8050 5452//8050
f 4716//8051 5452//8051 4717//8051
f 4677//8052 4718//8052 5453//8052
f 5453//8053 4718//8053 4720//8053
f 5453//8054 4720//8054 5452//8054
f 5452//8055 4720//8055 4722//8055
f 5452//8056 4722//8056 4717//8056
f 5453//8057 5454//8057 4677//8057
f 4677//8058 5454//8058 4544//8058
f 4677//8059 4544//8059 4570//8059
f 4570//8060 4555//8060 4677//8060
f 4677//8061 4555//8061 4554//8061
f 4677//8062 4554//8062 4678//8062
f 4678//8063 4554//8063 4552//8063
f 4678//8064 4552//8064 4724//8064
f 4724//8065 4552//8065 4551//8065
f 4551//8066 4529//8066 4724//8066
f 4724//8067 4529//8067 5455//8067
f 4724//8068 5455//8068 4725//8068
f 4725//8069 5455//8069 4674//8069
f 4661//8070 4662//8070 4727//8070
f 4662//8071 4667//8071 4727//8071
f 4727//8072 4667//8072 4665//8072
f 4727//8073 4665//8073 4728//8073
f 4728//8074 4665//8074 4664//8074
f 4728//8075 4664//8075 4729//8075
f 4729//8076 4664//8076 4670//8076
f 4670//8077 4669//8077 4729//8077
f 4729//8078 4669//8078 4673//8078
f 4729//8079 4673//8079 4731//8079
f 4731//8080 4673//8080 4672//8080
f 4731//8081 4672//8081 4671//8081
f 4732//8082 5456//8082 4734//8082
f 4734//8083 5456//8083 5457//8083
f 4734//8084 5457//8084 4735//8084
f 4735//8085 5457//8085 3040//8085
f 3040//8086 3068//8086 4735//8086
f 4735//8087 3068//8087 3051//8087
f 4735//8088 3051//8088 4740//8088
f 3051//8089 3050//8089 4740//8089
f 4740//8090 3050//8090 3048//8090
f 4740//8091 3048//8091 4738//8091
f 4738//8092 3048//8092 3047//8092
f 3047//8093 3055//8093 4738//8093
f 4738//8094 3055//8094 5458//8094
f 4738//8095 5458//8095 4736//8095
f 4736//8096 5458//8096 5459//8096
f 3156//8097 4744//8097 5460//8097
f 5460//8098 4744//8098 4742//8098
f 5460//8099 4742//8099 5459//8099
f 5459//8100 4742//8100 4741//8100
f 5459//8101 4741//8101 4736//8101
f 3160//8102 4746//8102 3162//8102
f 3162//8103 4746//8103 4744//8103
f 3162//8104 4744//8104 3155//8104
f 3155//8105 4744//8105 3156//8105
f 3160//8106 3159//8106 4746//8106
f 4746//8107 3159//8107 3168//8107
f 4746//8108 3168//8108 4747//8108
f 4747//8109 3168//8109 3167//8109
f 4754//8110 4752//8110 5461//8110
f 5461//8111 4752//8111 4750//8111
f 5461//8112 4750//8112 5462//8112
f 5462//8113 4750//8113 4749//8113
f 5462//8114 4749//8114 4747//8114
f 5461//8115 5463//8115 4754//8115
f 4754//8116 5463//8116 3279//8116
f 4754//8117 3279//8117 3304//8117
f 3304//8118 3288//8118 4754//8118
f 4754//8119 3288//8119 3287//8119
f 4754//8120 3287//8120 4755//8120
f 4755//8121 3287//8121 3285//8121
f 4755//8122 3285//8122 4757//8122
f 4757//8123 3285//8123 3284//8123
f 3284//8124 3263//8124 4757//8124
f 4757//8125 3263//8125 5464//8125
f 4757//8126 5464//8126 4758//8126
f 4758//8127 5464//8127 4760//8127
f 3406//8128 3405//8128 4763//8128
f 4765//8129 4764//8129 3395//8129
f 3405//8130 3404//8130 4763//8130
f 4763//8131 3404//8131 3403//8131
f 4763//8132 3403//8132 4764//8132
f 4764//8133 3403//8133 3396//8133
f 4764//8134 3396//8134 3395//8134
f 3395//8135 3407//8135 4765//8135
f 4765//8136 3407//8136 3408//8136
f 4765//8137 3408//8137 4767//8137
f 4767//8138 3408//8138 3411//8138
f 4767//8139 3411//8139 3410//8139
f 4768//8140 5465//8140 4770//8140
f 4770//8141 5465//8141 5466//8141
f 4770//8142 5466//8142 4771//8142
f 4771//8143 5466//8143 3519//8143
f 3519//8144 3546//8144 4771//8144
f 4771//8145 3546//8145 3529//8145
f 4771//8146 3529//8146 4773//8146
f 3529//8147 3528//8147 4773//8147
f 4773//8148 3528//8148 3526//8148
f 4773//8149 3526//8149 4774//8149
f 4774//8150 3526//8150 3525//8150
f 3525//8151 3533//8151 4774//8151
f 4774//8152 3533//8152 5467//8152
f 4774//8153 5467//8153 4776//8153
f 4776//8154 5467//8154 5468//8154
f 4776//8155 5468//8155 4777//8155
f 4777//8156 5468//8156 4779//8156
f 4779//8157 5468//8157 5469//8157
f 4779//8158 5469//8158 4780//8158
f 4780//8159 5469//8159 5470//8159
f 4780//8160 5470//8160 4782//8160
f 4782//8161 5470//8161 5471//8161
f 4782//8162 5471//8162 4783//8162
f 4790//8163 4788//8163 5472//8163
f 5472//8164 4788//8164 4786//8164
f 5472//8165 4786//8165 5471//8165
f 5471//8166 4786//8166 4785//8166
f 5471//8167 4785//8167 4783//8167
f 5472//8168 5473//8168 4790//8168
f 4790//8169 5473//8169 3627//8169
f 4790//8170 3627//8170 3653//8170
f 3653//8171 3638//8171 4790//8171
f 4790//8172 3638//8172 3637//8172
f 4790//8173 3637//8173 4791//8173
f 4791//8174 3637//8174 3635//8174
f 4791//8175 3635//8175 4793//8175
f 4793//8176 3635//8176 3634//8176
f 3634//8177 3612//8177 4793//8177
f 4793//8178 3612//8178 5474//8178
f 4793//8179 5474//8179 4794//8179
f 4794//8180 5474//8180 4796//8180
f 3829//8181 3830//8181 4799//8181
f 3830//8182 3835//8182 4799//8182
f 4799//8183 3835//8183 3833//8183
f 4799//8184 3833//8184 4800//8184
f 4800//8185 3833//8185 3832//8185
f 4800//8186 3832//8186 4801//8186
f 4801//8187 3832//8187 3838//8187
f 3838//8188 3837//8188 4801//8188
f 4801//8189 3837//8189 3841//8189
f 4801//8190 3841//8190 4803//8190
f 4803//8191 3841//8191 3840//8191
f 4803//8192 3840//8192 3839//8192
f 4804//8193 5475//8193 4806//8193
f 4806//8194 5475//8194 5476//8194
f 4806//8195 5476//8195 4807//8195
f 4807//8196 5476//8196 3953//8196
f 3953//8197 3980//8197 4807//8197
f 4807//8198 3980//8198 3963//8198
f 4807//8199 3963//8199 4809//8199
f 3963//8200 3962//8200 4809//8200
f 4809//8201 3962//8201 3960//8201
f 4809//8202 3960//8202 4810//8202
f 4810//8203 3960//8203 3959//8203
f 3959//8204 3967//8204 4810//8204
f 4810//8205 3967//8205 5477//8205
f 4810//8206 5477//8206 4812//8206
f 4812//8207 5477//8207 5478//8207
f 4078//8208 4816//8208 5479//8208
f 5479//8209 4816//8209 4814//8209
f 5479//8210 4814//8210 5478//8210
f 5478//8211 4814//8211 4813//8211
f 5478//8212 4813//8212 4812//8212
f 4078//8213 4077//8213 4816//8213
f 4816//8214 4077//8214 4076//8214
f 4816//8215 4076//8215 4817//8215
f 4817//8216 4076//8216 4075//8216
f 4817//8217 4075//8217 4074//8217
f 3739//8218 3743//8218 5480//8218
f 5480//8219 3743//8219 3742//8219
f 3742//8220 3741//8220 5480//8220
f 5480//8221 3741//8221 3740//8221
f 5480//8222 3740//8222 3736//8222
f 4799//8223 4797//8223 3829//8223
f 3829//8224 4797//8224 5480//8224
f 3829//8225 5480//8225 3735//8225
f 3735//8226 5480//8226 3736//8226
f 3695//8227 3694//8227 5481//8227
f 5481//8228 3694//8228 3701//8228
f 5481//8229 3701//8229 5482//8229
f 4797//8230 4796//8230 5480//8230
f 5480//8231 4796//8231 5474//8231
f 5480//8232 5474//8232 3739//8232
f 3739//8233 5474//8233 5482//8233
f 3739//8234 5482//8234 3700//8234
f 3700//8235 5482//8235 3701//8235
f 3709//8236 3698//8236 5483//8236
f 5483//8237 3698//8237 3697//8237
f 3693//8238 3692//8238 5484//8238
f 5484//8239 3692//8239 3690//8239
f 5484//8240 3690//8240 5483//8240
f 5483//8241 3690//8241 3689//8241
f 5483//8242 3689//8242 3709//8242
f 3668//8243 3667//8243 5484//8243
f 3702//8244 3693//8244 5485//8244
f 5485//8245 3693//8245 5484//8245
f 5485//8246 5484//8246 5486//8246
f 5486//8247 5484//8247 3667//8247
f 5486//8248 3667//8248 3677//8248
f 3679//8249 3678//8249 5441//8249
f 5441//8250 3678//8250 3672//8250
f 5441//8251 3672//8251 5483//8251
f 5483//8252 3672//8252 3671//8252
f 5483//8253 3671//8253 5484//8253
f 5484//8254 3671//8254 3670//8254
f 5484//8255 3670//8255 3668//8255
f 3652//8256 3666//8256 5482//8256
f 5482//8257 3666//8257 3665//8257
f 3612//8258 3611//8258 5474//8258
f 5474//8259 3611//8259 3644//8259
f 5474//8260 3644//8260 3643//8260
f 3643//8261 3641//8261 5474//8261
f 5474//8262 3641//8262 3640//8262
f 5474//8263 3640//8263 5482//8263
f 5482//8264 3640//8264 3651//8264
f 5482//8265 3651//8265 3652//8265
f 3604//8266 3603//8266 5472//8266
f 5472//8267 3603//8267 3622//8267
f 5472//8268 3622//8268 3631//8268
f 3631//8269 3630//8269 5472//8269
f 5472//8270 3630//8270 3629//8270
f 5472//8271 3629//8271 5473//8271
f 5473//8272 3629//8272 3628//8272
f 5473//8273 3628//8273 3627//8273
f 3594//8274 3605//8274 5487//8274
f 3592//8275 3606//8275 5488//8275
f 3606//8276 3576//8276 5488//8276
f 5488//8277 3576//8277 3575//8277
f 5488//8278 3575//8278 3595//8278
f 3589//8279 3591//8279 5489//8279
f 5489//8280 3591//8280 5490//8280
f 5489//8281 5490//8281 5491//8281
f 5491//8282 5490//8282 5492//8282
f 5491//8283 5492//8283 5493//8283
f 5494//8284 5495//8284 5440//8284
f 5440//8285 5495//8285 5496//8285
f 5440//8286 5496//8286 5497//8286
f 5497//8287 5496//8287 5498//8287
f 5497//8288 5498//8288 5499//8288
f 5499//8289 5498//8289 5500//8289
f 5499//8290 5500//8290 5492//8290
f 5492//8291 5500//8291 5501//8291
f 5492//8292 5501//8292 5493//8292
f 3567//8293 5494//8293 3558//8293
f 3558//8294 5494//8294 5440//8294
f 3558//8295 5440//8295 3559//8295
f 3559//8296 5440//8296 3561//8296
f 3571//8297 3570//8297 5502//8297
f 5502//8298 3570//8298 3569//8298
f 3545//8299 3548//8299 5503//8299
f 5503//8300 3548//8300 3557//8300
f 3533//8301 3532//8301 5467//8301
f 5467//8302 3532//8302 3531//8302
f 5467//8303 3531//8303 5468//8303
f 5468//8304 3531//8304 3530//8304
f 5468//8305 3530//8305 3504//8305
f 3504//8306 3503//8306 5468//8306
f 5468//8307 3503//8307 3541//8307
f 5468//8308 3541//8308 3544//8308
f 3514//8309 3522//8309 5466//8309
f 3514//8310 5466//8310 3493//8310
f 3522//8311 3521//8311 5466//8311
f 5466//8312 3521//8312 3520//8312
f 5466//8313 3520//8313 3519//8313
f 3484//8314 3483//8314 5504//8314
f 5504//8315 3483//8315 3495//8315
f 5504//8316 3495//8316 3494//8316
f 3496//8317 5505//8317 3497//8317
f 3497//8318 5505//8318 3498//8318
f 3480//8319 3481//8319 5506//8319
f 5506//8320 3481//8320 3499//8320
f 3451//8321 3450//8321 5506//8321
f 5506//8322 3450//8322 3454//8322
f 5506//8323 3454//8323 3453//8323
f 3478//8324 3480//8324 5507//8324
f 5507//8325 3480//8325 5506//8325
f 5507//8326 5506//8326 5508//8326
f 5508//8327 5506//8327 3453//8327
f 5508//8328 3453//8328 3452//8328
f 3498//8329 5505//8329 3499//8329
f 3499//8330 5505//8330 5509//8330
f 3499//8331 5509//8331 5506//8331
f 5506//8332 5509//8332 3447//8332
f 5506//8333 3447//8333 3451//8333
f 3439//8334 3438//8334 5509//8334
f 5509//8335 3438//8335 3448//8335
f 5509//8336 3448//8336 3447//8336
f 3430//8337 3429//8337 5504//8337
f 3429//8338 3428//8338 5504//8338
f 5504//8339 3428//8339 3441//8339
f 5504//8340 3441//8340 5510//8340
f 5510//8341 3441//8341 3445//8341
f 3409//8342 5465//8342 3410//8342
f 3410//8343 5465//8343 4768//8343
f 3410//8344 4768//8344 4767//8344
f 3409//8345 3415//8345 5465//8345
f 5465//8346 3415//8346 3416//8346
f 5465//8347 3416//8347 3433//8347
f 3494//8348 3493//8348 5504//8348
f 5504//8349 3493//8349 5466//8349
f 5504//8350 5466//8350 3430//8350
f 3430//8351 5466//8351 5465//8351
f 3430//8352 5465//8352 3432//8352
f 3432//8353 5465//8353 3433//8353
f 3390//8354 3394//8354 5511//8354
f 5511//8355 3394//8355 3393//8355
f 3393//8356 3392//8356 5511//8356
f 5511//8357 3392//8357 3391//8357
f 5511//8358 3391//8358 3386//8358
f 4763//8359 4761//8359 3406//8359
f 3406//8360 4761//8360 5511//8360
f 3406//8361 5511//8361 3385//8361
f 3385//8362 5511//8362 3386//8362
f 3341//8363 3340//8363 5512//8363
f 5512//8364 3340//8364 3347//8364
f 5512//8365 3347//8365 5513//8365
f 4761//8366 4760//8366 5511//8366
f 5511//8367 4760//8367 5464//8367
f 5511//8368 5464//8368 3390//8368
f 3390//8369 5464//8369 5513//8369
f 3390//8370 5513//8370 3346//8370
f 3346//8371 5513//8371 3347//8371
f 3360//8372 3344//8372 5514//8372
f 5514//8373 3344//8373 3343//8373
f 3339//8374 3338//8374 5515//8374
f 5515//8375 3338//8375 3336//8375
f 5515//8376 3336//8376 5514//8376
f 5514//8377 3336//8377 3335//8377
f 5514//8378 3335//8378 3360//8378
f 3321//8379 3320//8379 5515//8379
f 3353//8380 3339//8380 5516//8380
f 5516//8381 3339//8381 5515//8381
f 5516//8382 5515//8382 5517//8382
f 5517//8383 5515//8383 3320//8383
f 5517//8384 3320//8384 3328//8384
f 3330//8385 3329//8385 5439//8385
f 5439//8386 3329//8386 3319//8386
f 5439//8387 3319//8387 5514//8387
f 5514//8388 3319//8388 3318//8388
f 5514//8389 3318//8389 5515//8389
f 5515//8390 3318//8390 3323//8390
f 5515//8391 3323//8391 3321//8391
f 3303//8392 3317//8392 5513//8392
f 5513//8393 3317//8393 3316//8393
f 3263//8394 3262//8394 5464//8394
f 5464//8395 3262//8395 3294//8395
f 5464//8396 3294//8396 3293//8396
f 3293//8397 3291//8397 5464//8397
f 5464//8398 3291//8398 3290//8398
f 5464//8399 3290//8399 5513//8399
f 5513//8400 3290//8400 3302//8400
f 5513//8401 3302//8401 3303//8401
f 5461//8402 5518//8402 3255//8402
f 3255//8403 3254//8403 5461//8403
f 5461//8404 3254//8404 3274//8404
f 5461//8405 3274//8405 3283//8405
f 3283//8406 3282//8406 5461//8406
f 5461//8407 3282//8407 3281//8407
f 5461//8408 3281//8408 5463//8408
f 5463//8409 3281//8409 3280//8409
f 5463//8410 3280//8410 3279//8410
f 5437//8411 3243//8411 5518//8411
f 5518//8412 3243//8412 3256//8412
f 5518//8413 3256//8413 3255//8413
f 3229//8414 3228//8414 5437//8414
f 5437//8415 3228//8415 3244//8415
f 5437//8416 3244//8416 3243//8416
f 5438//8417 3225//8417 5437//8417
f 5437//8418 3225//8418 3257//8418
f 5437//8419 3257//8419 3229//8419
f 5519//8420 3241//8420 3226//8420
f 5438//8421 3210//8421 3209//8421
f 3226//8422 5438//8422 5519//8422
f 5519//8423 5438//8423 3209//8423
f 5519//8424 3209//8424 3208//8424
f 3204//8425 3203//8425 5437//8425
f 5437//8426 3203//8426 3207//8426
f 5437//8427 3207//8427 5438//8427
f 5438//8428 3207//8428 3206//8428
f 5438//8429 3206//8429 3210//8429
f 3167//8430 3166//8430 4747//8430
f 4747//8431 3166//8431 3164//8431
f 4747//8432 3164//8432 5462//8432
f 5462//8433 3164//8433 3163//8433
f 5462//8434 3163//8434 5461//8434
f 3163//8435 3170//8435 5461//8435
f 5461//8436 3170//8436 3194//8436
f 5461//8437 3194//8437 3195//8437
f 3189//8438 5518//8438 3191//8438
f 3191//8439 5518//8439 5461//8439
f 3191//8440 5461//8440 3192//8440
f 3192//8441 5461//8441 3195//8441
f 3189//8442 3187//8442 5518//8442
f 5518//8443 3187//8443 3201//8443
f 5518//8444 3201//8444 5437//8444
f 5437//8445 3201//8445 3199//8445
f 5437//8446 3199//8446 3198//8446
f 3154//8447 5459//8447 3120//8447
f 3120//8448 5459//8448 5520//8448
f 3154//8449 3153//8449 5459//8449
f 5459//8450 3153//8450 3152//8450
f 5459//8451 3152//8451 3151//8451
f 3151//8452 3148//8452 5459//8452
f 5459//8453 3148//8453 3147//8453
f 5459//8454 3147//8454 5460//8454
f 5460//8455 3147//8455 3157//8455
f 5460//8456 3157//8456 3156//8456
f 3111//8457 3110//8457 5436//8457
f 5436//8458 3110//8458 3108//8458
f 5436//8459 3108//8459 5520//8459
f 5520//8460 3108//8460 3107//8460
f 5520//8461 3107//8461 3120//8461
f 3106//8462 3105//8462 5521//8462
f 5521//8463 3105//8463 3103//8463
f 5521//8464 3103//8464 5436//8464
f 5436//8465 3103//8465 3102//8465
f 5436//8466 3102//8466 3119//8466
f 5522//8467 3112//8467 3106//8467
f 3081//8468 3080//8468 5521//8468
f 3106//8469 5521//8469 5522//8469
f 5522//8470 5521//8470 3080//8470
f 5522//8471 3080//8471 3089//8471
f 3092//8472 3091//8472 5436//8472
f 5436//8473 3091//8473 3090//8473
f 5436//8474 3090//8474 5521//8474
f 5521//8475 3090//8475 3083//8475
f 5521//8476 3083//8476 3081//8476
f 3092//8477 5436//8477 3093//8477
f 3093//8478 5436//8478 5520//8478
f 3093//8479 5520//8479 3079//8479
f 3055//8480 3054//8480 5458//8480
f 5458//8481 3054//8481 3053//8481
f 5458//8482 3053//8482 5459//8482
f 5459//8483 3053//8483 3052//8483
f 3052//8484 3026//8484 5459//8484
f 5459//8485 3026//8485 3025//8485
f 5459//8486 3025//8486 3063//8486
f 3063//8487 3066//8487 5459//8487
f 5459//8488 3066//8488 3067//8488
f 5459//8489 3067//8489 5520//8489
f 5520//8490 3067//8490 3070//8490
f 5520//8491 3070//8491 3079//8491
f 3035//8492 3043//8492 5457//8492
f 3035//8492 5457//8492 3015//8492
f 3043//8493 3042//8493 5457//8493
f 5457//8494 3042//8494 3041//8494
f 5457//8495 3041//8495 3040//8495
f 3006//8496 3005//8496 5523//8496
f 5523//8497 3005//8497 3017//8497
f 5523//8498 3017//8498 3016//8498
f 3018//8499 5524//8499 3019//8499
f 3019//8500 5524//8500 3020//8500
f 5525//8501 3003//8501 3021//8501
f 2964//8502 2963//8502 5525//8502
f 5525//8503 2963//8503 2967//8503
f 2967//8504 2966//8504 5525//8504
f 5525//8505 2966//8505 5435//8505
f 5525//8506 5435//8506 3003//8506
f 3003//8507 5435//8507 5526//8507
f 3003//8508 5526//8508 3002//8508
f 3002//8509 5526//8509 3000//8509
f 3020//8510 5524//8510 3021//8510
f 3021//8511 5524//8511 5527//8511
f 3021//8512 5527//8512 5525//8512
f 5525//8513 5527//8513 2960//8513
f 5525//8514 2960//8514 2964//8514
f 2955//8515 2954//8515 5527//8515
f 5527//8516 2954//8516 2961//8516
f 5527//8517 2961//8517 2960//8517
f 2946//8518 2945//8518 5523//8518
f 2945//8519 2944//8519 5523//8519
f 5523//8520 2944//8520 2957//8520
f 5523//8521 2957//8521 5528//8521
f 5528//8522 2957//8522 2958//8522
f 2928//8523 5456//8523 4671//8523
f 4671//8524 5456//8524 4732//8524
f 4671//8525 4732//8525 4731//8525
f 2928//8526 2927//8526 5456//8526
f 5456//8527 2927//8527 2929//8527
f 5456//8528 2929//8528 2949//8528
f 3016//8529 3015//8529 5523//8529
f 5523//8530 3015//8530 5457//8530
f 5523//8531 5457//8531 2946//8531
f 2946//8532 5457//8532 5456//8532
f 2946//8533 5456//8533 2948//8533
f 2948//8534 5456//8534 2949//8534
f 4656//8535 4660//8535 5529//8535
f 5529//8536 4660//8536 4659//8536
f 4659//8537 4658//8537 5529//8537
f 5529//8538 4658//8538 4657//8538
f 5529//8539 4657//8539 4653//8539
f 4727//8540 4675//8540 4661//8540
f 4661//8541 4675//8541 5529//8541
f 4661//8542 5529//8542 4652//8542
f 4652//8543 5529//8543 4653//8543
f 4612//8544 4611//8544 5530//8544
f 5530//8545 4611//8545 4618//8545
f 5530//8546 4618//8546 5531//8546
f 4675//8547 4674//8547 5529//8547
f 5529//8548 4674//8548 5455//8548
f 5529//8549 5455//8549 4656//8549
f 4656//8550 5455//8550 5531//8550
f 4656//8551 5531//8551 4617//8551
f 4617//8552 5531//8552 4618//8552
f 4626//8553 4615//8553 5532//8553
f 5532//8554 4615//8554 4614//8554
f 4610//8555 4609//8555 5533//8555
f 5533//8556 4609//8556 4607//8556
f 5533//8557 4607//8557 5532//8557
f 5532//8558 4607//8558 4606//8558
f 5532//8559 4606//8559 4626//8559
f 4587//8560 4586//8560 5533//8560
f 4619//8561 4610//8561 5534//8561
f 5534//8562 4610//8562 5533//8562
f 5534//8563 5533//8563 5535//8563
f 5535//8564 5533//8564 4586//8564
f 5535//8565 4586//8565 4594//8565
f 4596//8566 4595//8566 5434//8566
f 5434//8567 4595//8567 4585//8567
f 5434//8568 4585//8568 5532//8568
f 5532//8569 4585//8569 4584//8569
f 5532//8570 4584//8570 5533//8570
f 5533//8571 4584//8571 4589//8571
f 5533//8572 4589//8572 4587//8572
f 4569//8573 4583//8573 5531//8573
f 5531//8574 4583//8574 4582//8574
f 4529//8575 4528//8575 5455//8575
f 5455//8576 4528//8576 4561//8576
f 5455//8577 4561//8577 4560//8577
f 4560//8578 4558//8578 5455//8578
f 5455//8579 4558//8579 4557//8579
f 5455//8580 4557//8580 5531//8580
f 5531//8581 4557//8581 4568//8581
f 5531//8582 4568//8582 4569//8582
f 4521//8583 4520//8583 5453//8583
f 5453//8584 4520//8584 4539//8584
f 5453//8585 4539//8585 4548//8585
f 4548//8586 4547//8586 5453//8586
f 5453//8587 4547//8587 4546//8587
f 5453//8588 4546//8588 5454//8588
f 5454//8589 4546//8589 4545//8589
f 5454//8590 4545//8590 4544//8590
f 4510//8591 4522//8591 5536//8591
f 4492//8592 4523//8592 5537//8592
f 4523//8593 4496//8593 5537//8593
f 5537//8594 4496//8594 4495//8594
f 5537//8595 4495//8595 4511//8595
f 4508//8596 4493//8596 5538//8596
f 5538//8597 4493//8597 5539//8597
f 5538//8598 5539//8598 5540//8598
f 5540//8599 5539//8599 5541//8599
f 5540//8600 5541//8600 5542//8600
f 5543//8601 5544//8601 5433//8601
f 5433//8602 5544//8602 5545//8602
f 5433//8603 5545//8603 5546//8603
f 5546//8604 5545//8604 5547//8604
f 5546//8605 5547//8605 5548//8605
f 5548//8606 5547//8606 5549//8606
f 5548//8607 5549//8607 5541//8607
f 5541//8608 5549//8608 5550//8608
f 5541//8609 5550//8609 5542//8609
f 4484//8610 5543//8610 4475//8610
f 4475//8611 5543//8611 5433//8611
f 4475//8612 5433//8612 4476//8612
f 4476//8613 5433//8613 4478//8613
f 4488//8614 4487//8614 5551//8614
f 5551//8615 4487//8615 4486//8615
f 4462//8616 4465//8616 5552//8616
f 5552//8617 4465//8617 4474//8617
f 4450//8618 4449//8618 5448//8618
f 5448//8619 4449//8619 4448//8619
f 5448//8620 4448//8620 5449//8620
f 5449//8621 4448//8621 4447//8621
f 5449//8622 4447//8622 4421//8622
f 4421//8623 4420//8623 5449//8623
f 5449//8624 4420//8624 4458//8624
f 5449//8625 4458//8625 4461//8625
f 4431//8626 4439//8626 5447//8626
f 4431//8627 5447//8627 4410//8627
f 4439//8628 4438//8628 5447//8628
f 5447//8629 4438//8629 4437//8629
f 5447//8630 4437//8630 4436//8630
f 4400//8631 4399//8631 5553//8631
f 5553//8632 4399//8632 4412//8632
f 5553//8633 4412//8633 4411//8633
f 4413//8634 5554//8634 4414//8634
f 4414//8635 5554//8635 4415//8635
f 4384//8636 4383//8636 5555//8636
f 5555//8637 4383//8637 4416//8637
f 4365//8638 4364//8638 5555//8638
f 5555//8639 4364//8639 4368//8639
f 5555//8640 4368//8640 4367//8640
f 4397//8641 4384//8641 5556//8641
f 5556//8642 4384//8642 5555//8642
f 5556//8643 5555//8643 5557//8643
f 5557//8644 5555//8644 4367//8644
f 5557//8645 4367//8645 4366//8645
f 4415//8646 5554//8646 4416//8646
f 4416//8647 5554//8647 5558//8647
f 4416//8648 5558//8648 5555//8648
f 5555//8649 5558//8649 4361//8649
f 5555//8650 4361//8650 4365//8650
f 4356//8651 4355//8651 5558//8651
f 5558//8652 4355//8652 4362//8652
f 5558//8653 4362//8653 4361//8653
f 4348//8654 4347//8654 5553//8654
f 4347//8655 4346//8655 5553//8655
f 5553//8656 4346//8656 4358//8656
f 5553//8657 4358//8657 5559//8657
f 5559//8658 4358//8658 4359//8658
f 4326//8659 5446//8659 4327//8659
f 4327//8660 5446//8660 4702//8660
f 4327//8661 4702//8661 4701//8661
f 4326//8662 4338//8662 5446//8662
f 5446//8663 4338//8663 4339//8663
f 5446//8664 4339//8664 4351//8664
f 4411//8665 4410//8665 5553//8665
f 5553//8666 4410//8666 5447//8666
f 5553//8667 5447//8667 4348//8667
f 4348//8668 5447//8668 5446//8668
f 4348//8669 5446//8669 4350//8669
f 4350//8670 5446//8670 4351//8670
f 4307//8671 4311//8671 5560//8671
f 5560//8672 4311//8672 4310//8672
f 4310//8673 4309//8673 5560//8673
f 5560//8674 4309//8674 4308//8674
f 5560//8675 4308//8675 4303//8675
f 4697//8676 4681//8676 4323//8676
f 4323//8677 4681//8677 5560//8677
f 4323//8678 5560//8678 4302//8678
f 4302//8679 5560//8679 4303//8679
f 4263//8680 4262//8680 5561//8680
f 5561//8681 4262//8681 4269//8681
f 5561//8682 4269//8682 5562//8682
f 4681//8683 4680//8683 5560//8683
f 5560//8684 4680//8684 5445//8684
f 5560//8685 5445//8685 4307//8685
f 4307//8686 5445//8686 5562//8686
f 4307//8687 5562//8687 4268//8687
f 4268//8688 5562//8688 4269//8688
f 4277//8689 4266//8689 5563//8689
f 5563//8690 4266//8690 4265//8690
f 4261//8691 4260//8691 5564//8691
f 5564//8692 4260//8692 4258//8692
f 5564//8693 4258//8693 5563//8693
f 5563//8694 4258//8694 4257//8694
f 5563//8695 4257//8695 4277//8695
f 4236//8696 4235//8696 5564//8696
f 4270//8697 4261//8697 5565//8697
f 5565//8698 4261//8698 5564//8698
f 5565//8699 5564//8699 5566//8699
f 5566//8700 5564//8700 4235//8700
f 5566//8701 4235//8701 4245//8701
f 4247//8702 4246//8702 5432//8702
f 5432//8703 4246//8703 4240//8703
f 5432//8704 4240//8704 5563//8704
f 5563//8705 4240//8705 4239//8705
f 5563//8706 4239//8706 5564//8706
f 5564//8707 4239//8707 4238//8707
f 5564//8708 4238//8708 4236//8708
f 4221//8709 4234//8709 5562//8709
f 5562//8710 4234//8710 4233//8710
f 4209//8711 4208//8711 5445//8711
f 5445//8712 4208//8712 4207//8712
f 5445//8713 4207//8713 4206//8713
f 4206//8714 4205//8714 5445//8714
f 5445//8715 4205//8715 4216//8715
f 5445//8716 4216//8716 5562//8716
f 5562//8717 4216//8717 4220//8717
f 5562//8718 4220//8718 4221//8718
f 5442//8719 5567//8719 4172//8719
f 4172//8720 4171//8720 5442//8720
f 5442//8721 4171//8721 4188//8721
f 5442//8722 4188//8722 4196//8722
f 4196//8723 4195//8723 5442//8723
f 5442//8724 4195//8724 4194//8724
f 5442//8725 4194//8725 5444//8725
f 5444//8726 4194//8726 4193//8726
f 5444//8727 4193//8727 4192//8727
f 5430//8728 4161//8728 5567//8728
f 5567//8729 4161//8729 4173//8729
f 5567//8730 4173//8730 4172//8730
f 4147//8731 4146//8731 5430//8731
f 5430//8732 4146//8732 4162//8732
f 5430//8733 4162//8733 4161//8733
f 5431//8734 4143//8734 5430//8734
f 5430//8735 4143//8735 4174//8735
f 5430//8736 4174//8736 4147//8736
f 5568//8737 4159//8737 4144//8737
f 5431//8738 4122//8738 4121//8738
f 4144//8739 5431//8739 5568//8739
f 5568//8740 5431//8740 4121//8740
f 5568//8741 4121//8741 4120//8741
f 4116//8742 4115//8742 5430//8742
f 5430//8743 4115//8743 4119//8743
f 5430//8744 4119//8744 5431//8744
f 5431//8745 4119//8745 4118//8745
f 5431//8746 4118//8746 4122//8746
f 4083//8747 4082//8747 4688//8747
f 4688//8748 4082//8748 4079//8748
f 4688//8749 4079//8749 5443//8749
f 5443//8750 4079//8750 4080//8750
f 5443//8751 4080//8751 5442//8751
f 4080//8752 4081//8752 5442//8752
f 5442//8753 4081//8753 4106//8753
f 5442//8754 4106//8754 4107//8754
f 4101//8755 5567//8755 4103//8755
f 4103//8756 5567//8756 5442//8756
f 4103//8757 5442//8757 4104//8757
f 4104//8758 5442//8758 4107//8758
f 4101//8759 4099//8759 5567//8759
f 5567//8760 4099//8760 4113//8760
f 5567//8761 4113//8761 5430//8761
f 5430//8762 4113//8762 4111//8762
f 5430//8763 4111//8763 4110//8763
f 4066//8764 5478//8764 4032//8764
f 4032//8765 5478//8765 5569//8765
f 4066//8766 4065//8766 5478//8766
f 5478//8767 4065//8767 4064//8767
f 5478//8768 4064//8768 4063//8768
f 4063//8769 4059//8769 5478//8769
f 5478//8770 4059//8770 4058//8770
f 5478//8771 4058//8771 5479//8771
f 5479//8772 4058//8772 4073//8772
f 5479//8773 4073//8773 4078//8773
f 4023//8774 4022//8774 5429//8774
f 5429//8775 4022//8775 4020//8775
f 5429//8776 4020//8776 5569//8776
f 5569//8777 4020//8777 4019//8777
f 5569//8778 4019//8778 4032//8778
f 4018//8779 4017//8779 5570//8779
f 5570//8780 4017//8780 4015//8780
f 5570//8781 4015//8781 5429//8781
f 5429//8782 4015//8782 4014//8782
f 5429//8783 4014//8783 4031//8783
f 5571//8784 4024//8784 4018//8784
f 3994//8785 3993//8785 5570//8785
f 4018//8786 5570//8786 5571//8786
f 5571//8787 5570//8787 3993//8787
f 5571//8788 3993//8788 4001//8788
f 4004//8789 4003//8789 5429//8789
f 5429//8790 4003//8790 4002//8790
f 5429//8791 4002//8791 5570//8791
f 5570//8792 4002//8792 3996//8792
f 5570//8793 3996//8793 3994//8793
f 4004//8794 5429//8794 4005//8794
f 4005//8795 5429//8795 5569//8795
f 4005//8796 5569//8796 3992//8796
f 3967//8797 3966//8797 5477//8797
f 5477//8798 3966//8798 3965//8798
f 5477//8799 3965//8799 5478//8799
f 5478//8800 3965//8800 3964//8800
f 3964//8801 3938//8801 5478//8801
f 5478//8802 3938//8802 3937//8802
f 5478//8803 3937//8803 3975//8803
f 3975//8804 3978//8804 5478//8804
f 5478//8805 3978//8805 3979//8805
f 5478//8806 3979//8806 5569//8806
f 5569//8807 3979//8807 3982//8807
f 5569//8808 3982//8808 3992//8808
f 3948//8809 3956//8809 5476//8809
f 3948//8809 5476//8809 3927//8809
f 3956//8810 3955//8810 5476//8810
f 5476//8811 3955//8811 3954//8811
f 5476//8812 3954//8812 3953//8812
f 3918//8813 3917//8813 5572//8813
f 5572//8814 3917//8814 3929//8814
f 5572//8815 3929//8815 3928//8815
f 3930//8816 5573//8816 3931//8816
f 3931//8817 5573//8817 3932//8817
f 3914//8818 3915//8818 5574//8818
f 5574//8819 3915//8819 3933//8819
f 3882//8820 3881//8820 5574//8820
f 5574//8821 3881//8821 3885//8821
f 5574//8822 3885//8822 3884//8822
f 3912//8823 3914//8823 5575//8823
f 5575//8824 3914//8824 5574//8824
f 5575//8825 5574//8825 5576//8825
f 5576//8826 5574//8826 3884//8826
f 5576//8827 3884//8827 3883//8827
f 3932//8828 5573//8828 3933//8828
f 3933//8829 5573//8829 5577//8829
f 3933//8830 5577//8830 5574//8830
f 5574//8831 5577//8831 3878//8831
f 5574//8832 3878//8832 3882//8832
f 3873//8833 3872//8833 5577//8833
f 5577//8834 3872//8834 3879//8834
f 5577//8835 3879//8835 3878//8835
f 3864//8836 3863//8836 5572//8836
f 3863//8837 3862//8837 5572//8837
f 5572//8838 3862//8838 3875//8838
f 5572//8839 3875//8839 5578//8839
f 5578//8840 3875//8840 3876//8840
f 3843//8841 5475//8841 3839//8841
f 3839//8842 5475//8842 4804//8842
f 3839//8843 4804//8843 4803//8843
f 3843//8844 3849//8844 5475//8844
f 5475//8845 3849//8845 3850//8845
f 5475//8846 3850//8846 3867//8846
f 3928//8847 3927//8847 5572//8847
f 5572//8848 3927//8848 5476//8848
f 5572//8849 5476//8849 3864//8849
f 3864//8850 5476//8850 5475//8850
f 3864//8851 5475//8851 3866//8851
f 3866//8852 5475//8852 3867//8852
f 4493//8853 4492//8853 5539//8853
f 5539//8854 4492//8854 5537//8854
f 5539//8855 5537//8855 5541//8855
f 5541//8856 5537//8856 5579//8856
f 5541//8857 5579//8857 5548//8857
f 5548//8858 5579//8858 5580//8858
f 5548//8859 5580//8859 5546//8859
f 5546//8860 5580//8860 5581//8860
f 5546//8861 5581//8861 5433//8861
f 5433//8862 5581//8862 5551//8862
f 5433//8863 5551//8863 4485//8863
f 4485//8864 5551//8864 4486//8864
f 3591//8865 3592//8865 5490//8865
f 5490//8866 3592//8866 5488//8866
f 5490//8867 5488//8867 5492//8867
f 5492//8868 5488//8868 5582//8868
f 5492//8869 5582//8869 5499//8869
f 5499//8870 5582//8870 5583//8870
f 5499//8871 5583//8871 5497//8871
f 5497//8872 5583//8872 5584//8872
f 5497//8873 5584//8873 5440//8873
f 5440//8874 5584//8874 5502//8874
f 5440//8875 5502//8875 3568//8875
f 3568//8876 5502//8876 3569//8876
f 4265//8877 4263//8877 5563//8877
f 5563//8878 4263//8878 5561//8878
f 5563//8879 5561//8879 5432//8879
f 5432//8880 5561//8880 5562//8880
f 5432//8881 5562//8881 4248//8881
f 4248//8882 5562//8882 4233//8882
f 4413//8883 4400//8883 5554//8883
f 5554//8884 4400//8884 5553//8884
f 5554//8885 5553//8885 5558//8885
f 5558//8886 5553//8886 5559//8886
f 5558//8887 5559//8887 4356//8887
f 4356//8888 5559//8888 4359//8888
f 4511//8889 4510//8889 5537//8889
f 5537//8890 4510//8890 5536//8890
f 5537//8891 5536//8891 5579//8891
f 5579//8892 5536//8892 5585//8892
f 5579//8893 5585//8893 5580//8893
f 5580//8894 5585//8894 5586//8894
f 5580//8895 5586//8895 5581//8895
f 5581//8896 5586//8896 5587//8896
f 5581//8897 5587//8897 5551//8897
f 5551//8898 5587//8898 5552//8898
f 5551//8899 5552//8899 4488//8899
f 4488//8900 5552//8900 4474//8900
f 4614//8901 4612//8901 5532//8901
f 5532//8902 4612//8902 5530//8902
f 5532//8903 5530//8903 5434//8903
f 5434//8904 5530//8904 5531//8904
f 5434//8905 5531//8905 4597//8905
f 4597//8906 5531//8906 4582//8906
f 3018//8907 3006//8907 5524//8907
f 5524//8908 3006//8908 5523//8908
f 5524//8909 5523//8909 5527//8909
f 5527//8910 5523//8910 5528//8910
f 5527//8911 5528//8911 2955//8911
f 2955//8912 5528//8912 2958//8912
f 3343//8913 3341//8913 5514//8913
f 5514//8914 3341//8914 5512//8914
f 5514//8915 5512//8915 5439//8915
f 5439//8916 5512//8916 5513//8916
f 5439//8917 5513//8917 3331//8917
f 3331//8918 5513//8918 3316//8918
f 3496//8919 3484//8919 5505//8919
f 5505//8920 3484//8920 5504//8920
f 5505//8921 5504//8921 5509//8921
f 5509//8922 5504//8922 5510//8922
f 5509//8923 5510//8923 3439//8923
f 3439//8924 5510//8924 3445//8924
f 3595//8925 3594//8925 5488//8925
f 5488//8926 3594//8926 5487//8926
f 5488//8927 5487//8927 5582//8927
f 5582//8928 5487//8928 5588//8928
f 5582//8929 5588//8929 5583//8929
f 5583//8930 5588//8930 5589//8930
f 5583//8931 5589//8931 5584//8931
f 5584//8932 5589//8932 5590//8932
f 5584//8933 5590//8933 5502//8933
f 5502//8934 5590//8934 5503//8934
f 5502//8935 5503//8935 3571//8935
f 3571//8936 5503//8936 3557//8936
f 3697//8937 3695//8937 5483//8937
f 5483//8938 3695//8938 5481//8938
f 5483//8939 5481//8939 5441//8939
f 5441//8940 5481//8940 5482//8940
f 5441//8941 5482//8941 3680//8941
f 3680//8942 5482//8942 3665//8942
f 3930//8943 3918//8943 5573//8943
f 5573//8944 3918//8944 5572//8944
f 5573//8945 5572//8945 5577//8945
f 5577//8946 5572//8946 5578//8946
f 5577//8947 5578//8947 3873//8947
f 3873//8948 5578//8948 3876//8948
f 4522//8949 4521//8949 5536//8949
f 5536//8950 4521//8950 5453//8950
f 5536//8951 5453//8951 5585//8951
f 5585//8952 5453//8952 5452//8952
f 5585//8953 5452//8953 5586//8953
f 5586//8954 5452//8954 5451//8954
f 5586//8955 5451//8955 5587//8955
f 5587//8956 5451//8956 5450//8956
f 5587//8957 5450//8957 5552//8957
f 5552//8958 5450//8958 5449//8958
f 5552//8959 5449//8959 4462//8959
f 4462//8960 5449//8960 4461//8960
f 3605//8961 3604//8961 5487//8961
f 5487//8962 3604//8962 5472//8962
f 5487//8963 5472//8963 5588//8963
f 5588//8964 5472//8964 5471//8964
f 5588//8965 5471//8965 5589//8965
f 5589//8966 5471//8966 5470//8966
f 5589//8967 5470//8967 5590//8967
f 5590//8968 5470//8968 5469//8968
f 5590//8969 5469//8969 5503//8969
f 5503//8970 5469//8970 5468//8970
f 5503//8971 5468//8971 3545//8971
f 3545//8972 5468//8972 3544//8972
f 5591//8973 4120//8973 5592//8973
f 5592//8974 4120//8974 4142//8974
f 5592//8975 4142//8975 5593//8975
f 5593//8976 4142//8976 4141//8976
f 5593//8977 4141//8977 5594//8977
f 5594//8978 4141//8978 4140//8978
f 5594//8979 4140//8979 5595//8979
f 5595//8979 4140//8979 4135//8979
f 5595//8980 4135//8980 5596//8980
f 5596//8981 4135//8981 4134//8981
f 5596//8982 4134//8982 5597//8982
f 5597//8983 4134//8983 4132//8983
f 5597//8984 4132//8984 5598//8984
f 5598//8985 4132//8985 4131//8985
f 5598//8986 4131//8986 5599//8986
f 5599//8987 4131//8987 4127//8987
f 5599//8988 4127//8988 5600//8988
f 5600//8989 4127//8989 4126//8989
f 5600//8990 4126//8990 2764//8990
f 2766//8991 2767//8991 5601//8991
f 2763//8992 2765//8992 5602//8992
f 2761//8993 2762//8993 5603//8993
f 2759//8994 2760//8994 5604//8994
f 5591//8995 5592//8995 5605//8995
f 5605//8996 5592//8996 5606//8996
f 5605//8997 5606//8997 5607//8997
f 5607//8998 5606//8998 5608//8998
f 5609//8999 5610//8999 5611//8999
f 5611//9000 5610//9000 5612//9000
f 5611//9001 5612//9001 5613//9001
f 5592//9002 5593//9002 5606//9002
f 5606//9003 5593//9003 5594//9003
f 5606//9004 5594//9004 5614//9004
f 5610//9005 5615//9005 5612//9005
f 5612//9006 5615//9006 5616//9006
f 5612//9007 5616//9007 5617//9007
f 5618//9008 5613//9008 5619//9008
f 5619//9009 5613//9009 5612//9009
f 5619//9010 5612//9010 5620//9010
f 5620//9011 5612//9011 5617//9011
f 2767//9012 2768//9012 5621//9012
f 5621//9013 2768//9013 5622//9013
f 5622//9014 2768//9014 2769//9014
f 5622//9015 2769//9015 2759//9015
f 5601//9016 2767//9016 5621//9016
f 5601//9017 5621//9017 5623//9017
f 5623//9018 5621//9018 5624//9018
f 2764//9019 2763//9019 5600//9019
f 5600//9020 2763//9020 5602//9020
f 5600//9021 5602//9021 5599//9021
f 5599//9022 5602//9022 5625//9022
f 5594//9023 5595//9023 5614//9023
f 5614//9024 5595//9024 5596//9024
f 5614//9025 5596//9025 5626//9025
f 5626//9026 5596//9026 5597//9026
f 5626//9027 5597//9027 5625//9027
f 5625//9028 5597//9028 5598//9028
f 5625//9029 5598//9029 5599//9029
f 2759//9030 5604//9030 5622//9030
f 5622//9031 5604//9031 5616//9031
f 5622//9032 5616//9032 5621//9032
f 5621//9033 5616//9033 5615//9033
f 5621//9034 5615//9034 5624//9034
f 2760//9035 2761//9035 5604//9035
f 5604//9036 2761//9036 5603//9036
f 5604//9037 5603//9037 5616//9037
f 5616//9038 5603//9038 5627//9038
f 5616//9039 5627//9039 5617//9039
f 5609//9040 5608//9040 5610//9040
f 5610//9041 5608//9041 5606//9041
f 5610//9042 5606//9042 5615//9042
f 5615//9043 5606//9043 5614//9043
f 5615//9044 5614//9044 5624//9044
f 5624//9045 5614//9045 5626//9045
f 5624//9046 5626//9046 5623//9046
f 5623//9047 5626//9047 5625//9047
f 5623//9048 5625//9048 5601//9048
f 5601//9049 5625//9049 5602//9049
f 5601//9050 5602//9050 2766//9050
f 2766//9051 5602//9051 2765//9051
f 4833//9052 4822//9052 5628//9052
f 4846//9053 4850//9053 5629//9053
f 5629//9054 4850//9054 4833//9054
f 4818//9055 2748//9055 4846//9055
f 4833//9056 5628//9056 5629//9056
f 5629//9057 5628//9057 5630//9057
f 5629//9058 5630//9058 5631//9058
f 5631//9059 5630//9059 5632//9059
f 5631//9060 5632//9060 5633//9060
f 5634//9061 5618//9061 5619//9061
f 5619//9062 5632//9062 5634//9062
f 5634//9063 5632//9063 5630//9063
f 5634//9064 5630//9064 5635//9064
f 5635//9065 5630//9065 5628//9065
f 5635//9066 5628//9066 5636//9066
f 5636//9067 5628//9067 4822//9067
f 5636//9068 4822//9068 4821//9068
f 5619//9069 5620//9069 5632//9069
f 5632//9070 5620//9070 5617//9070
f 5632//9071 5617//9071 5633//9071
f 5633//9072 5617//9072 5627//9072
f 5633//9073 5627//9073 5603//9073
f 4846//9074 5629//9074 4818//9074
f 4818//9075 5629//9075 5631//9075
f 4818//9076 5631//9076 4819//9076
f 4819//9077 5631//9077 5633//9077
f 4819//9078 5633//9078 4820//9078
f 4820//9079 5633//9079 5603//9079
f 4820//9080 5603//9080 2762//9080
f 630//130 635//130 5637//130
f 5638//130 5639//130 662//130
f 659//130 5640//130 660//130
f 660//130 5640//130 5638//130
f 660//130 5638//130 661//130
f 661//130 5638//130 662//130
f 656//130 5641//130 653//130
f 653//130 5641//130 5640//130
f 653//130 5640//130 654//130
f 654//130 5640//130 659//130
f 5642//130 621//130 5643//130
f 5643//130 621//130 620//130
f 5644//130 607//130 606//130
f 615//130 5645//130 616//130
f 616//130 5645//130 5646//130
f 646//130 649//130 5647//130
f 684//130 5648//130 683//130
f 683//130 5648//130 5649//130
f 683//130 5649//130 682//130
f 684//130 680//130 5648//130
f 5648//130 680//130 677//130
f 5648//130 677//130 5650//130
f 671//130 5651//130 673//130
f 673//130 5651//130 5650//130
f 673//130 5650//130 676//130
f 676//130 5650//130 677//130
f 629//130 5652//130 624//130
f 624//130 5652//130 5653//130
f 620//130 623//130 5643//130
f 5643//130 623//130 608//130
f 5643//130 608//130 5654//130
f 5644//130 606//130 5655//130
f 628//130 5656//130 627//130
f 627//130 5656//130 5645//130
f 627//130 5645//130 613//130
f 613//130 5645//130 615//130
f 5657//130 665//130 5658//130
f 5658//130 665//130 664//130
f 664//130 669//130 5658//130
f 5658//130 669//130 668//130
f 5658//130 668//130 5659//130
f 671//130 670//130 5651//130
f 5651//130 670//130 667//130
f 5651//130 667//130 5639//130
f 5639//130 667//130 663//130
f 5639//130 663//130 662//130
f 656//130 650//130 5641//130
f 5641//130 650//130 648//130
f 5641//130 648//130 5660//130
f 5637//130 635//130 5653//130
f 5653//130 635//130 625//130
f 5653//130 625//130 624//130
f 629//130 612//130 5652//130
f 5652//130 612//130 614//130
f 5652//130 614//130 5642//130
f 5642//130 614//130 622//130
f 5642//130 622//130 621//130
f 608//130 610//130 5654//130
f 5654//130 610//130 611//130
f 5654//130 611//130 5661//130
f 5661//130 611//130 602//130
f 594//130 603//130 5662//130
f 606//130 619//130 5655//130
f 5655//130 619//130 618//130
f 5655//130 618//130 5646//130
f 5646//130 618//130 617//130
f 5646//130 617//130 616//130
f 657//130 5663//130 652//130
f 652//130 5663//130 5664//130
f 668//130 672//130 5659//130
f 5659//130 672//130 675//130
f 5659//130 675//130 5665//130
f 5665//130 675//130 674//130
f 5666//130 686//130 5649//130
f 5649//130 686//130 685//130
f 5649//130 685//130 682//130
f 5667//130 5668//130 645//130
f 5662//130 603//130 5669//130
f 603//130 601//130 5669//130
f 5669//130 601//130 600//130
f 5669//130 600//130 5644//130
f 5644//130 600//130 609//130
f 5644//130 609//130 607//130
f 628//130 626//130 5656//130
f 5656//130 626//130 634//130
f 5656//130 634//130 5670//130
f 5647//130 649//130 5664//130
f 5664//130 649//130 651//130
f 5664//130 651//130 652//130
f 657//130 655//130 5663//130
f 5663//130 655//130 658//130
f 5663//130 658//130 5657//130
f 5657//130 658//130 666//130
f 5657//130 666//130 665//130
f 674//130 678//130 5665//130
f 5665//130 678//130 679//130
f 5665//130 679//130 5666//130
f 5666//130 679//130 681//130
f 5666//130 681//130 686//130
f 645//130 641//130 5667//130
f 5667//130 641//130 643//130
f 5667//130 643//130 5637//130
f 5637//130 643//130 631//130
f 5637//130 631//130 630//130
f 597//130 5671//130 598//130
f 598//130 5671//130 5672//130
f 597//130 593//130 5671//130
f 5671//130 593//130 595//130
f 5671//130 595//130 5662//130
f 5662//130 595//130 596//130
f 5662//130 596//130 594//130
f 5673//130 5674//130 644//130
f 648//130 647//130 5660//130
f 5660//130 647//130 639//130
f 5660//130 639//130 5668//130
f 5668//130 639//130 637//130
f 5668//130 637//130 645//130
f 602//130 604//130 5661//130
f 5661//130 604//130 605//130
f 5661//130 605//130 5672//130
f 5672//130 605//130 599//130
f 5672//130 599//130 598//130
f 644//130 636//130 5673//130
f 5673//130 636//130 638//130
f 5673//130 638//130 5647//130
f 5647//130 638//130 640//130
f 5647//130 640//130 646//130
f 634//130 633//130 5670//130
f 5670//130 633//130 632//130
f 5670//130 632//130 5674//130
f 5674//130 632//130 642//130
f 5674//130 642//130 644//130
f 5493//9081 5501//9081 5673//9081
f 3000//9082 5526//9082 5205//9082
f 5404//9083 5566//9083 4245//9083
f 3912//9084 5575//9084 4878//9084
f 5077//9085 5517//9085 3328//9085
f 5087//9086 3241//9086 5519//9086
f 5087//9087 5662//9087 5088//9087
f 5088//9088 5662//9088 5669//9088
f 5088//9089 5669//9089 5094//9089
f 5094//9090 5669//9090 5644//9090
f 5050//9091 5052//9091 5078//9091
f 5655//9092 5045//9092 5044//9092
f 5050//9093 5078//9093 5048//9093
f 5056//9094 3353//9094 5516//9094
f 5052//9095 5054//9095 5078//9095
f 5078//9096 5054//9096 5056//9096
f 5078//9097 5056//9097 5077//9097
f 5077//9098 5056//9098 5516//9098
f 5077//9099 5516//9099 5517//9099
f 5044//9100 5048//9100 5655//9100
f 5655//9101 5048//9101 5078//9101
f 5655//9102 5078//9102 5644//9102
f 5644//9103 5078//9103 5093//9103
f 5644//9104 5093//9104 5094//9104
f 5645//9105 5507//9105 5508//9105
f 5015//9106 5645//9106 5000//9106
f 5000//9107 5645//9107 5508//9107
f 5000//9108 5508//9108 3452//9108
f 5015//9109 5014//9109 5645//9109
f 5645//9110 5014//9110 5017//9110
f 5645//9111 5017//9111 5019//9111
f 5019//9112 5021//9112 5645//9112
f 5645//9113 5021//9113 5026//9113
f 5645//9114 5026//9114 5646//9114
f 5646//9115 5026//9115 5047//9115
f 5646//9116 5047//9116 5655//9116
f 5655//9117 5047//9117 5046//9117
f 5655//9118 5046//9118 5045//9118
f 5656//9119 5670//9119 4982//9119
f 4982//9120 5670//9120 5494//9120
f 4982//9121 5494//9121 3567//9121
f 3478//9122 5507//9122 4987//9122
f 4987//9123 5507//9123 5645//9123
f 4987//9124 5645//9124 4988//9124
f 4988//9125 5645//9125 5656//9125
f 4988//9126 5656//9126 4991//9126
f 4991//9127 5656//9127 4982//9127
f 4966//9128 5647//9128 4967//9128
f 4967//9129 5647//9129 5664//9129
f 4967//9130 5664//9130 4971//9130
f 5486//9131 3677//9131 4961//9131
f 4971//9132 5664//9132 4961//9132
f 4961//9133 5664//9133 5663//9133
f 4961//9134 5663//9134 5486//9134
f 5663//9135 4929//9135 4931//9135
f 4931//9136 4933//9136 5663//9136
f 5663//9137 4933//9137 4935//9137
f 5663//9138 4935//9138 5486//9138
f 5486//9139 4935//9139 4937//9139
f 5486//9140 4937//9140 5485//9140
f 5485//9141 4937//9141 3702//9141
f 5658//9142 4926//9142 5657//9142
f 5657//9143 4926//9143 4927//9143
f 5657//9144 4927//9144 5663//9144
f 5663//9145 4927//9145 4928//9145
f 5663//9146 4928//9146 4929//9146
f 4864//9147 5658//9147 4865//9147
f 4865//9148 5658//9148 5659//9148
f 4865//9149 5659//9149 4870//9149
f 5576//9150 3883//9150 4879//9150
f 5575//9151 5576//9151 4878//9151
f 4878//9152 5576//9152 4879//9152
f 4878//9153 4879//9153 4864//9153
f 4864//9154 4879//9154 4894//9154
f 4894//9155 4893//9155 4864//9155
f 4864//9156 4893//9156 4896//9156
f 4864//9157 4896//9157 5658//9157
f 5658//9158 4896//9158 4898//9158
f 5658//9159 4898//9159 4900//9159
f 4900//9160 4905//9160 5658//9160
f 5658//9161 4905//9161 4925//9161
f 5658//9162 4925//9162 4926//9162
f 4829//9163 4831//9163 4859//9163
f 4859//9164 4831//9164 4832//9164
f 4832//9165 4024//9165 4859//9165
f 4859//9166 4024//9166 5571//9166
f 4859//9167 5571//9167 4001//9167
f 4870//9168 5659//9168 4869//9168
f 4869//9169 5659//9169 5665//9169
f 4869//9170 5665//9170 4859//9170
f 4859//9171 5665//9171 5666//9171
f 4859//9172 5666//9172 4829//9172
f 4821//9173 4823//9173 5666//9173
f 4821//9174 5666//9174 5636//9174
f 5636//9175 5666//9175 5649//9175
f 5636//9176 5649//9176 5635//9176
f 4823//9177 4825//9177 5666//9177
f 5666//9178 4825//9178 4827//9178
f 5666//9179 4827//9179 4829//9179
f 5648//9180 5605//9180 5607//9180
f 5607//9181 5608//9181 5648//9181
f 5648//9182 5608//9182 5609//9182
f 5648//9183 5609//9183 5611//9183
f 5611//9184 5613//9184 5648//9184
f 5648//9185 5613//9185 5618//9185
f 5648//9186 5618//9186 5649//9186
f 5649//9187 5618//9187 5634//9187
f 5649//9188 5634//9188 5635//9188
f 4120//9189 5591//9189 5568//9189
f 5568//9190 5591//9190 5414//9190
f 5568//9191 5414//9191 4159//9191
f 5591//9192 5605//9192 5414//9192
f 5414//9193 5605//9193 5648//9193
f 5414//9194 5648//9194 5415//9194
f 5415//9195 5648//9195 5650//9195
f 5415//9196 5650//9196 5421//9196
f 5421//9197 5650//9197 5651//9197
f 5377//9198 5379//9198 5405//9198
f 5639//9199 5372//9199 5371//9199
f 5377//9200 5405//9200 5375//9200
f 5383//9201 4270//9201 5565//9201
f 5379//9202 5381//9202 5405//9202
f 5405//9203 5381//9203 5383//9203
f 5405//9204 5383//9204 5404//9204
f 5404//9205 5383//9205 5565//9205
f 5404//9206 5565//9206 5566//9206
f 5371//9207 5375//9207 5639//9207
f 5639//9208 5375//9208 5405//9208
f 5639//9209 5405//9209 5651//9209
f 5651//9210 5405//9210 5420//9210
f 5651//9211 5420//9211 5421//9211
f 5640//9212 5556//9212 5557//9212
f 5342//9213 5640//9213 5327//9213
f 5327//9214 5640//9214 5557//9214
f 5327//9215 5557//9215 4366//9215
f 5342//9216 5341//9216 5640//9216
f 5640//9217 5341//9217 5344//9217
f 5640//9218 5344//9218 5346//9218
f 5346//9219 5348//9219 5640//9219
f 5640//9220 5348//9220 5353//9220
f 5640//9221 5353//9221 5638//9221
f 5638//9222 5353//9222 5374//9222
f 5638//9223 5374//9223 5639//9223
f 5639//9224 5374//9224 5373//9224
f 5639//9225 5373//9225 5372//9225
f 5641//9226 5660//9226 5309//9226
f 4397//9227 5556//9227 5314//9227
f 5314//9228 5556//9228 5640//9228
f 5314//9229 5640//9229 5315//9229
f 5315//9230 5640//9230 5641//9230
f 5315//9231 5641//9231 5319//9231
f 5319//9232 5641//9232 5309//9232
f 5293//9233 5637//9233 5294//9233
f 5294//9234 5637//9234 5653//9234
f 5294//9235 5653//9235 5298//9235
f 5535//9236 4594//9236 5288//9236
f 5298//9237 5653//9237 5288//9237
f 5288//9238 5653//9238 5652//9238
f 5288//9239 5652//9239 5535//9239
f 5652//9240 5259//9240 5261//9240
f 5261//9241 5263//9241 5652//9241
f 5652//9242 5263//9242 5265//9242
f 5652//9243 5265//9243 5535//9243
f 5535//9244 5265//9244 5267//9244
f 5535//9245 5267//9245 5534//9245
f 5534//9246 5267//9246 4619//9246
f 5643//9247 5253//9247 5642//9247
f 5642//9248 5253//9248 5254//9248
f 5642//9249 5254//9249 5652//9249
f 5652//9250 5254//9250 5255//9250
f 5652//9251 5255//9251 5259//9251
f 5191//9252 5643//9252 5192//9252
f 5192//9253 5643//9253 5654//9253
f 5192//9254 5654//9254 5197//9254
f 5435//9255 2965//9255 5206//9255
f 5526//9256 5435//9256 5205//9256
f 5205//9257 5435//9257 5206//9257
f 5205//9258 5206//9258 5191//9258
f 5191//9259 5206//9259 5221//9259
f 5221//9260 5220//9260 5191//9260
f 5191//9261 5220//9261 5223//9261
f 5191//9262 5223//9262 5643//9262
f 5643//9263 5223//9263 5225//9263
f 5643//9264 5225//9264 5227//9264
f 5227//9265 5232//9265 5643//9265
f 5643//9266 5232//9266 5252//9266
f 5643//9267 5252//9267 5253//9267
f 5159//9268 5161//9268 5186//9268
f 5186//9269 5161//9269 5162//9269
f 5162//9270 3112//9270 5186//9270
f 5186//9271 3112//9271 5522//9271
f 5186//9272 5522//9272 3089//9272
f 5197//9273 5654//9273 5196//9273
f 5196//9274 5654//9274 5661//9274
f 5196//9275 5661//9275 5186//9275
f 5186//9276 5661//9276 5672//9276
f 5186//9277 5672//9277 5159//9277
f 5152//9278 5153//9278 5672//9278
f 5152//9279 5672//9279 5151//9279
f 5151//9280 5672//9280 5671//9280
f 5151//9281 5671//9281 5150//9281
f 5153//9282 5155//9282 5672//9282
f 5672//9283 5155//9283 5157//9283
f 5672//9284 5157//9284 5159//9284
f 5118//9285 5662//9285 5116//9285
f 5116//9286 5662//9286 5087//9286
f 5116//9287 5087//9287 5102//9287
f 5102//9288 5087//9288 5519//9288
f 5102//9289 5519//9289 3208//9289
f 5118//9290 5119//9290 5662//9290
f 5662//9291 5119//9291 5120//9291
f 5662//9292 5120//9292 5122//9292
f 5122//9293 5124//9293 5662//9293
f 5662//9294 5124//9294 5129//9294
f 5662//9295 5129//9295 5671//9295
f 5671//9296 5129//9296 5149//9296
f 5671//9297 5149//9297 5150//9297
f 5660//9298 5668//9298 5545//9298
f 4484//9299 5309//9299 5543//9299
f 5543//9300 5309//9300 5660//9300
f 5543//9301 5660//9301 5544//9301
f 5544//9302 5660//9302 5545//9302
f 5542//9303 5550//9303 5667//9303
f 5667//9304 5550//9304 5549//9304
f 5667//9305 5549//9305 5668//9305
f 5668//9306 5549//9306 5547//9306
f 5668//9307 5547//9307 5545//9307
f 5542//9308 5667//9308 5540//9308
f 5540//9309 5667//9309 5637//9309
f 5540//9310 5637//9310 5538//9310
f 5538//9311 5637//9311 5293//9311
f 5538//9312 5293//9312 4508//9312
f 5674//9313 5498//9313 5496//9313
f 5674//9314 5496//9314 5670//9314
f 5670//9315 5496//9315 5495//9315
f 5670//9316 5495//9316 5494//9316
f 5673//9317 5501//9317 5674//9317
f 5674//9318 5501//9318 5500//9318
f 5674//9319 5500//9319 5498//9319
f 5493//9320 5673//9320 5491//9320
f 5491//9321 5673//9321 5647//9321
f 5491//9322 5647//9322 5489//9322
f 5489//9323 5647//9323 4966//9323
f 5489//9324 4966//9324 3589//9324
