# Blender 4.5.10 LTS
# www.blender.org
mtllib iiwa_link_vis_2.mtl
o node
v 0.069346 -0.090348 -0.036949
v 0.075983 -0.100010 -0.073221
v 0.077642 -0.092262 -0.056938
v 0.075983 -0.100010 -0.073221
v 0.080411 -0.093382 -0.064855
v 0.079028 -0.092822 -0.060895
v 0.079028 -0.092822 -0.060895
v 0.077642 -0.092262 -0.056938
v 0.075983 -0.100010 -0.073221
v 0.077642 -0.092262 -0.056938
v 0.072481 -0.088961 -0.039114
v 0.069346 -0.090348 -0.036949
v 0.075983 -0.100010 -0.073221
v 0.081115 -0.093403 -0.066239
v 0.080411 -0.093382 -0.064855
v 0.075983 -0.100010 -0.073221
v 0.083426 -0.092409 -0.068318
v 0.082108 -0.093091 -0.067391
v 0.082108 -0.093091 -0.067391
v 0.081115 -0.093403 -0.066239
v 0.075983 -0.100010 -0.073221
v 0.095208 -0.083480 -0.073221
v 0.094822 -0.081919 -0.068785
v 0.085182 -0.091133 -0.068785
v 0.085182 -0.091133 -0.068785
v 0.075983 -0.100010 -0.073221
v 0.095208 -0.083480 -0.073221
v 0.095208 -0.083480 -0.073221
v 0.095876 -0.082906 -0.073221
v 0.094822 -0.081919 -0.068785
v 0.085182 -0.091133 -0.068785
v 0.084891 -0.091376 -0.068771
v 0.075983 -0.100010 -0.073221
v 0.084891 -0.091376 -0.068771
v 0.083426 -0.092409 -0.068318
v 0.075983 -0.100010 -0.073221
v 0.095876 -0.082906 -0.073221
v 0.111125 -0.062593 -0.073221
v 0.099427 -0.076564 -0.068513
v 0.099427 -0.076564 -0.068513
v 0.098425 -0.077890 -0.068785
v 0.095876 -0.082906 -0.073221
v 0.111125 -0.062593 -0.073221
v 0.100179 -0.075266 -0.067769
v 0.099427 -0.076564 -0.068513
v 0.111125 -0.062593 -0.073221
v 0.100651 -0.074027 -0.066523
v 0.100179 -0.075266 -0.067769
v 0.100712 -0.073249 -0.065192
v 0.100651 -0.074027 -0.066523
v 0.111125 -0.062593 -0.073221
v 0.111627 -0.061924 -0.073221
v 0.099554 -0.070350 -0.056938
v 0.100114 -0.071736 -0.060895
v 0.111627 -0.061924 -0.073221
v 0.101547 -0.055941 -0.036949
v 0.098001 -0.067399 -0.047625
v 0.098001 -0.067399 -0.047625
v 0.099554 -0.070350 -0.056938
v 0.111627 -0.061924 -0.073221
v 0.100114 -0.071736 -0.060895
v 0.100674 -0.073119 -0.064855
v 0.111627 -0.061924 -0.073221
v 0.101547 -0.055941 -0.036949
v 0.095622 -0.064948 -0.036938
v 0.098001 -0.067399 -0.047625
v 0.100674 -0.073119 -0.064855
v 0.100712 -0.073249 -0.065192
v 0.111627 -0.061924 -0.073221
v 0.111125 -0.062593 -0.073221
v 0.111627 -0.061924 -0.073221
v 0.100712 -0.073249 -0.065192
v 0.098425 -0.077890 -0.068785
v 0.094822 -0.081919 -0.068785
v 0.095876 -0.082906 -0.073221
v 0.075168 -0.100449 -0.073221
v 0.075983 -0.100010 -0.073221
v 0.069346 -0.090348 -0.036949
v 0.097060 -0.070119 -0.057375
v 0.097627 -0.071497 -0.061334
v 0.100114 -0.071736 -0.060895
v 0.097627 -0.071497 -0.061334
v 0.098192 -0.072873 -0.065294
v 0.100674 -0.073119 -0.064855
v 0.100674 -0.073119 -0.064855
v 0.100114 -0.071736 -0.060895
v 0.097627 -0.071497 -0.061334
v 0.100114 -0.071736 -0.060895
v 0.099554 -0.070350 -0.056938
v 0.097060 -0.070119 -0.057375
v 0.099427 -0.076564 -0.068513
v 0.097837 -0.075883 -0.067580
v 0.097341 -0.076964 -0.067750
v 0.100179 -0.075266 -0.067769
v 0.098165 -0.074790 -0.067115
v 0.097837 -0.075883 -0.067580
v 0.100651 -0.074027 -0.066523
v 0.098309 -0.073712 -0.066336
v 0.098165 -0.074790 -0.067115
v 0.100712 -0.073249 -0.065192
v 0.098236 -0.073000 -0.065504
v 0.098309 -0.073712 -0.066336
v 0.100674 -0.073119 -0.064855
v 0.098192 -0.072873 -0.065294
v 0.098236 -0.073000 -0.065504
v 0.098236 -0.073000 -0.065504
v 0.100712 -0.073249 -0.065192
v 0.100674 -0.073119 -0.064855
v 0.098309 -0.073712 -0.066336
v 0.100651 -0.074027 -0.066523
v 0.100712 -0.073249 -0.065192
v 0.098165 -0.074790 -0.067115
v 0.100179 -0.075266 -0.067769
v 0.100651 -0.074027 -0.066523
v 0.097837 -0.075883 -0.067580
v 0.099427 -0.076564 -0.068513
v 0.100179 -0.075266 -0.067769
v 0.097341 -0.076964 -0.067750
v 0.098425 -0.077890 -0.068785
v 0.099427 -0.076564 -0.068513
v 0.077642 -0.092262 -0.056938
v 0.077411 -0.089768 -0.057375
v 0.072722 -0.086774 -0.039540
v 0.095652 -0.067443 -0.048059
v 0.098001 -0.067399 -0.047625
v 0.095622 -0.064948 -0.036938
v 0.099554 -0.070350 -0.056938
v 0.098001 -0.067399 -0.047625
v 0.095652 -0.067443 -0.048059
v 0.095652 -0.067443 -0.048059
v 0.097060 -0.070119 -0.057375
v 0.099554 -0.070350 -0.056938
v 0.072722 -0.086774 -0.039540
v 0.072481 -0.088961 -0.039114
v 0.077642 -0.092262 -0.056938
v 0.096935 -0.070177 -0.065294
v 0.098192 -0.072873 -0.065294
v 0.097627 -0.071497 -0.061334
v 0.097627 -0.071497 -0.061334
v 0.097060 -0.070119 -0.057375
v 0.096935 -0.070177 -0.065294
v 0.078789 -0.090335 -0.061334
v 0.079028 -0.092822 -0.060895
v 0.080411 -0.093382 -0.064855
v 0.077411 -0.089768 -0.057375
v 0.077642 -0.092262 -0.056938
v 0.079028 -0.092822 -0.060895
v 0.079028 -0.092822 -0.060895
v 0.078789 -0.090335 -0.061334
v 0.077411 -0.089768 -0.057375
v 0.080411 -0.093382 -0.064855
v 0.080165 -0.090900 -0.065294
v 0.078789 -0.090335 -0.061334
v 0.090611 -0.063475 -0.065294
v 0.096935 -0.070177 -0.065294
v 0.097060 -0.070119 -0.057375
v 0.095652 -0.067443 -0.048059
v 0.088826 -0.063160 -0.065294
v 0.090611 -0.063475 -0.065294
v 0.097060 -0.070119 -0.057375
v 0.095652 -0.067443 -0.048059
v 0.090611 -0.063475 -0.065294
v 0.095652 -0.067443 -0.048059
v 0.091747 -0.063396 -0.028719
v 0.088826 -0.063160 -0.065294
v 0.081537 -0.061875 -0.065294
v 0.088826 -0.063160 -0.065294
v 0.089090 -0.062132 -0.017975
v 0.069416 -0.081808 -0.017993
v 0.070452 -0.081534 -0.065294
v 0.069167 -0.074245 -0.065294
v 0.070767 -0.083319 -0.065294
v 0.072722 -0.086774 -0.039540
v 0.077411 -0.089768 -0.057375
v 0.077411 -0.089768 -0.057375
v 0.077469 -0.089643 -0.065294
v 0.070767 -0.083319 -0.065294
v 0.070452 -0.081534 -0.065294
v 0.070379 -0.084006 -0.026761
v 0.072722 -0.086774 -0.039540
v 0.070767 -0.083319 -0.065294
v 0.070452 -0.081534 -0.065294
v 0.072722 -0.086774 -0.039540
v 0.094669 -0.071234 -0.067750
v 0.098236 -0.073000 -0.065504
v 0.098192 -0.072873 -0.065294
v 0.094669 -0.071234 -0.067750
v 0.098309 -0.073712 -0.066336
v 0.098236 -0.073000 -0.065504
v 0.094669 -0.071234 -0.067750
v 0.097341 -0.076964 -0.067750
v 0.097837 -0.075883 -0.067580
v 0.097837 -0.075883 -0.067580
v 0.098165 -0.074790 -0.067115
v 0.094669 -0.071234 -0.067750
v 0.098165 -0.074790 -0.067115
v 0.098309 -0.073712 -0.066336
v 0.094669 -0.071234 -0.067750
v 0.098192 -0.072873 -0.065294
v 0.096935 -0.070177 -0.065294
v 0.094669 -0.071234 -0.067750
v 0.085182 -0.091133 -0.068785
v 0.089019 -0.086190 -0.067784
v 0.087673 -0.087012 -0.067750
v 0.094822 -0.081919 -0.068785
v 0.092046 -0.083575 -0.067863
v 0.089019 -0.086190 -0.067784
v 0.089019 -0.086190 -0.067784
v 0.085182 -0.091133 -0.068785
v 0.094822 -0.081919 -0.068785
v 0.098425 -0.077890 -0.068785
v 0.097341 -0.076964 -0.067750
v 0.094304 -0.080381 -0.067750
v 0.094304 -0.080381 -0.067750
v 0.094822 -0.081919 -0.068785
v 0.098425 -0.077890 -0.068785
v 0.094304 -0.080381 -0.067750
v 0.092046 -0.083575 -0.067863
v 0.094822 -0.081919 -0.068785
v 0.087673 -0.087012 -0.067750
v 0.084256 -0.090049 -0.067750
v 0.085182 -0.091133 -0.068785
v 0.090611 -0.063475 -0.065294
v 0.089425 -0.065675 -0.067750
v 0.094669 -0.071234 -0.067750
v 0.081899 -0.064348 -0.067750
v 0.089425 -0.065675 -0.067750
v 0.088826 -0.063160 -0.065294
v 0.089425 -0.065675 -0.067750
v 0.090611 -0.063475 -0.065294
v 0.088826 -0.063160 -0.065294
v 0.075070 -0.067778 -0.067750
v 0.081899 -0.064348 -0.067750
v 0.078256 -0.063522 -0.065294
v 0.081899 -0.064348 -0.067750
v 0.081537 -0.061875 -0.065294
v 0.078256 -0.063522 -0.065294
v 0.075070 -0.067778 -0.067750
v 0.073302 -0.066010 -0.065294
v 0.070814 -0.070964 -0.065294
v 0.070814 -0.070964 -0.065294
v 0.071640 -0.074607 -0.067750
v 0.075070 -0.067778 -0.067750
v 0.071640 -0.074607 -0.067750
v 0.069167 -0.074245 -0.065294
v 0.070452 -0.081534 -0.065294
v 0.070452 -0.081534 -0.065294
v 0.072967 -0.082133 -0.067750
v 0.071640 -0.074607 -0.067750
v 0.077469 -0.089643 -0.065294
v 0.078526 -0.087377 -0.067750
v 0.072967 -0.082133 -0.067750
v 0.072967 -0.082133 -0.067750
v 0.070767 -0.083319 -0.065294
v 0.077469 -0.089643 -0.065294
v 0.070452 -0.081534 -0.065294
v 0.070767 -0.083319 -0.065294
v 0.072967 -0.082133 -0.067750
v 0.070814 -0.070964 -0.065294
v 0.069167 -0.074245 -0.065294
v 0.071640 -0.074607 -0.067750
v 0.078256 -0.063522 -0.065294
v 0.073302 -0.066010 -0.065294
v 0.075070 -0.067778 -0.067750
v 0.088826 -0.063160 -0.065294
v 0.081537 -0.061875 -0.065294
v 0.081899 -0.064348 -0.067750
v 0.094669 -0.071234 -0.067750
v 0.096935 -0.070177 -0.065294
v 0.090611 -0.063475 -0.065294
v 0.078526 -0.087377 -0.067750
v 0.081695 -0.090948 -0.066879
v 0.082816 -0.090671 -0.067458
v 0.078526 -0.087377 -0.067750
v 0.080821 -0.091017 -0.066159
v 0.081695 -0.090948 -0.066879
v 0.082816 -0.090671 -0.067458
v 0.084021 -0.090174 -0.067741
v 0.078526 -0.087377 -0.067750
v 0.078526 -0.087377 -0.067750
v 0.077469 -0.089643 -0.065294
v 0.080165 -0.090900 -0.065294
v 0.080165 -0.090900 -0.065294
v 0.080821 -0.091017 -0.066159
v 0.078526 -0.087377 -0.067750
v 0.084021 -0.090174 -0.067741
v 0.084256 -0.090049 -0.067750
v 0.078526 -0.087377 -0.067750
v 0.080411 -0.093382 -0.064855
v 0.081115 -0.093403 -0.066239
v 0.080821 -0.091017 -0.066159
v 0.081115 -0.093403 -0.066239
v 0.082108 -0.093091 -0.067391
v 0.081695 -0.090948 -0.066879
v 0.082108 -0.093091 -0.067391
v 0.083426 -0.092409 -0.068318
v 0.082816 -0.090671 -0.067458
v 0.083426 -0.092409 -0.068318
v 0.084891 -0.091376 -0.068771
v 0.084021 -0.090174 -0.067741
v 0.084891 -0.091376 -0.068771
v 0.085182 -0.091133 -0.068785
v 0.084256 -0.090049 -0.067750
v 0.084256 -0.090049 -0.067750
v 0.084021 -0.090174 -0.067741
v 0.084891 -0.091376 -0.068771
v 0.084021 -0.090174 -0.067741
v 0.082816 -0.090671 -0.067458
v 0.083426 -0.092409 -0.068318
v 0.082816 -0.090671 -0.067458
v 0.081695 -0.090948 -0.066879
v 0.082108 -0.093091 -0.067391
v 0.081695 -0.090948 -0.066879
v 0.080821 -0.091017 -0.066159
v 0.081115 -0.093403 -0.066239
v 0.080821 -0.091017 -0.066159
v 0.080165 -0.090900 -0.065294
v 0.080411 -0.093382 -0.064855
v 0.077469 -0.089643 -0.065294
v 0.077411 -0.089768 -0.057375
v 0.078789 -0.090335 -0.061334
v 0.078789 -0.090335 -0.061334
v 0.080165 -0.090900 -0.065294
v 0.077469 -0.089643 -0.065294
v 0.078526 -0.087377 -0.067750
v 0.080095 -0.087171 -0.067750
v 0.074099 -0.082535 -0.067750
v 0.084256 -0.090049 -0.067750
v 0.087673 -0.087012 -0.067750
v 0.080095 -0.087171 -0.067750
v 0.097341 -0.076964 -0.067750
v 0.094669 -0.071234 -0.067750
v 0.094463 -0.072804 -0.067750
v 0.094669 -0.071234 -0.067750
v 0.089425 -0.065675 -0.067750
v 0.089827 -0.066808 -0.067750
v 0.081899 -0.064348 -0.067750
v 0.075070 -0.067778 -0.067750
v 0.075615 -0.068323 -0.067750
v 0.071640 -0.074607 -0.067750
v 0.072347 -0.075162 -0.067750
v 0.075615 -0.068323 -0.067750
v 0.072967 -0.082133 -0.067750
v 0.074099 -0.082535 -0.067750
v 0.072347 -0.075162 -0.067750
v 0.080095 -0.087171 -0.067750
v 0.078526 -0.087377 -0.067750
v 0.084256 -0.090049 -0.067750
v 0.089827 -0.066808 -0.067750
v 0.094463 -0.072804 -0.067750
v 0.094669 -0.071234 -0.067750
v 0.089425 -0.065675 -0.067750
v 0.081899 -0.064348 -0.067750
v 0.082454 -0.065055 -0.067750
v 0.075615 -0.068323 -0.067750
v 0.075070 -0.067778 -0.067750
v 0.071640 -0.074607 -0.067750
v 0.074099 -0.082535 -0.067750
v 0.072967 -0.082133 -0.067750
v 0.078526 -0.087377 -0.067750
v 0.082454 -0.065055 -0.067750
v 0.089827 -0.066808 -0.067750
v 0.089425 -0.065675 -0.067750
v 0.072347 -0.075162 -0.067750
v 0.071640 -0.074607 -0.067750
v 0.072967 -0.082133 -0.067750
v 0.075615 -0.068323 -0.067750
v 0.082454 -0.065055 -0.067750
v 0.081899 -0.064348 -0.067750
v 0.094463 -0.072804 -0.067750
v 0.094304 -0.080381 -0.067750
v 0.097341 -0.076964 -0.067750
v 0.094304 -0.080381 -0.067750
v 0.094463 -0.072804 -0.067750
v 0.093492 -0.076355 -0.067059
v 0.094463 -0.072804 -0.067750
v 0.093560 -0.073102 -0.067059
v 0.093492 -0.076355 -0.067059
v 0.094463 -0.072804 -0.067750
v 0.089827 -0.066808 -0.067750
v 0.089312 -0.067607 -0.067059
v 0.082454 -0.065055 -0.067750
v 0.082554 -0.066001 -0.067059
v 0.088834 -0.067494 -0.067059
v 0.088834 -0.067494 -0.067059
v 0.089827 -0.066808 -0.067750
v 0.082454 -0.065055 -0.067750
v 0.082454 -0.065055 -0.067750
v 0.075615 -0.068323 -0.067750
v 0.078690 -0.067848 -0.067059
v 0.075615 -0.068323 -0.067750
v 0.076288 -0.068996 -0.067059
v 0.078690 -0.067848 -0.067059
v 0.075615 -0.068323 -0.067750
v 0.072347 -0.075162 -0.067750
v 0.073293 -0.075262 -0.067059
v 0.074099 -0.082535 -0.067750
v 0.074899 -0.082020 -0.067059
v 0.073538 -0.076295 -0.067059
v 0.073538 -0.076295 -0.067059
v 0.072347 -0.075162 -0.067750
v 0.074099 -0.082535 -0.067750
v 0.074099 -0.082535 -0.067750
v 0.080095 -0.087171 -0.067750
v 0.078753 -0.085000 -0.067059
v 0.080095 -0.087171 -0.067750
v 0.080394 -0.086268 -0.067059
v 0.078753 -0.085000 -0.067059
v 0.087673 -0.087012 -0.067750
v 0.087338 -0.086122 -0.067059
v 0.080394 -0.086268 -0.067059
v 0.080394 -0.086268 -0.067059
v 0.080095 -0.087171 -0.067750
v 0.087673 -0.087012 -0.067750
v 0.078753 -0.085000 -0.067059
v 0.074899 -0.082020 -0.067059
v 0.074099 -0.082535 -0.067750
v 0.073538 -0.076295 -0.067059
v 0.073293 -0.075262 -0.067059
v 0.072347 -0.075162 -0.067750
v 0.073293 -0.075262 -0.067059
v 0.076288 -0.068996 -0.067059
v 0.075615 -0.068323 -0.067750
v 0.078690 -0.067848 -0.067059
v 0.082554 -0.066001 -0.067059
v 0.082454 -0.065055 -0.067750
v 0.088834 -0.067494 -0.067059
v 0.089312 -0.067607 -0.067059
v 0.089827 -0.066808 -0.067750
v 0.089312 -0.067607 -0.067059
v 0.093560 -0.073102 -0.067059
v 0.094463 -0.072804 -0.067750
v 0.093492 -0.076355 -0.067059
v 0.093414 -0.080046 -0.067059
v 0.094304 -0.080381 -0.067750
v 0.094304 -0.080381 -0.067750
v 0.093414 -0.080046 -0.067059
v 0.091597 -0.083221 -0.067247
v 0.092046 -0.083575 -0.067863
v 0.091597 -0.083221 -0.067247
v 0.088862 -0.085388 -0.067123
v 0.088862 -0.085388 -0.067123
v 0.089019 -0.086190 -0.067784
v 0.092046 -0.083575 -0.067863
v 0.087338 -0.086122 -0.067059
v 0.087673 -0.087012 -0.067750
v 0.089019 -0.086190 -0.067784
v 0.089019 -0.086190 -0.067784
v 0.088706 -0.085511 -0.067116
v 0.087338 -0.086122 -0.067059
v 0.088862 -0.085388 -0.067123
v 0.088706 -0.085511 -0.067116
v 0.089019 -0.086190 -0.067784
v 0.091597 -0.083221 -0.067247
v 0.092046 -0.083575 -0.067863
v 0.094304 -0.080381 -0.067750
v 0.093162 -0.076368 -0.066095
v 0.093492 -0.076355 -0.067059
v 0.093560 -0.073102 -0.067059
v 0.089312 -0.067607 -0.067059
v 0.088716 -0.067610 -0.066095
v 0.093161 -0.072909 -0.066095
v 0.093161 -0.072909 -0.066095
v 0.093560 -0.073102 -0.067059
v 0.089312 -0.067607 -0.067059
v 0.089312 -0.067607 -0.067059
v 0.088834 -0.067494 -0.067059
v 0.088716 -0.067610 -0.066095
v 0.088716 -0.067610 -0.066095
v 0.088834 -0.067494 -0.067059
v 0.082554 -0.066001 -0.067059
v 0.078690 -0.067848 -0.067059
v 0.078908 -0.068138 -0.066095
v 0.081904 -0.066409 -0.066095
v 0.081904 -0.066409 -0.066095
v 0.082554 -0.066001 -0.067059
v 0.078690 -0.067848 -0.067059
v 0.078908 -0.068138 -0.066095
v 0.078690 -0.067848 -0.067059
v 0.076288 -0.068996 -0.067059
v 0.073293 -0.075262 -0.067059
v 0.073547 -0.076368 -0.066095
v 0.075912 -0.069867 -0.066095
v 0.075912 -0.069867 -0.066095
v 0.076288 -0.068996 -0.067059
v 0.073293 -0.075262 -0.067059
v 0.073293 -0.075262 -0.067059
v 0.073538 -0.076295 -0.067059
v 0.073547 -0.076368 -0.066095
v 0.073547 -0.076368 -0.066095
v 0.073538 -0.076295 -0.067059
v 0.074899 -0.082020 -0.067059
v 0.078753 -0.085000 -0.067059
v 0.078907 -0.084597 -0.066095
v 0.075913 -0.082868 -0.066095
v 0.075913 -0.082868 -0.066095
v 0.074899 -0.082020 -0.067059
v 0.078753 -0.085000 -0.067059
v 0.078907 -0.084597 -0.066095
v 0.078753 -0.085000 -0.067059
v 0.080394 -0.086268 -0.067059
v 0.087338 -0.086122 -0.067059
v 0.088716 -0.085125 -0.066095
v 0.081904 -0.086326 -0.066095
v 0.081904 -0.086326 -0.066095
v 0.080394 -0.086268 -0.067059
v 0.087338 -0.086122 -0.067059
v 0.087338 -0.086122 -0.067059
v 0.088706 -0.085511 -0.067116
v 0.088716 -0.085125 -0.066095
v 0.088706 -0.085511 -0.067116
v 0.088862 -0.085388 -0.067123
v 0.088716 -0.085125 -0.066095
v 0.093162 -0.079826 -0.066095
v 0.088716 -0.085125 -0.066095
v 0.091597 -0.083221 -0.067247
v 0.088716 -0.085125 -0.066095
v 0.088862 -0.085388 -0.067123
v 0.091597 -0.083221 -0.067247
v 0.093492 -0.076355 -0.067059
v 0.093162 -0.076368 -0.066095
v 0.093162 -0.079826 -0.066095
v 0.093162 -0.079826 -0.066095
v 0.093414 -0.080046 -0.067059
v 0.093492 -0.076355 -0.067059
v 0.091597 -0.083221 -0.067247
v 0.093414 -0.080046 -0.067059
v 0.093162 -0.079826 -0.066095
v 0.080394 -0.086268 -0.067059
v 0.081904 -0.086326 -0.066095
v 0.078907 -0.084597 -0.066095
v 0.074899 -0.082020 -0.067059
v 0.075913 -0.082868 -0.066095
v 0.073547 -0.076368 -0.066095
v 0.076288 -0.068996 -0.067059
v 0.075912 -0.069867 -0.066095
v 0.078908 -0.068138 -0.066095
v 0.082554 -0.066001 -0.067059
v 0.081904 -0.066409 -0.066095
v 0.088716 -0.067610 -0.066095
v 0.093560 -0.073102 -0.067059
v 0.093161 -0.072909 -0.066095
v 0.093162 -0.076368 -0.066095
v 0.073547 -0.076368 -0.066095
v 0.074023 -0.076368 -0.065750
v 0.076277 -0.070173 -0.065750
v 0.081986 -0.066877 -0.065750
v 0.081904 -0.066409 -0.066095
v 0.078908 -0.068138 -0.066095
v 0.078908 -0.068138 -0.066095
v 0.076277 -0.070173 -0.065750
v 0.081986 -0.066877 -0.065750
v 0.081904 -0.066409 -0.066095
v 0.081986 -0.066877 -0.065750
v 0.088478 -0.068022 -0.065750
v 0.088716 -0.067610 -0.066095
v 0.088478 -0.068022 -0.065750
v 0.092715 -0.073072 -0.065750
v 0.092715 -0.073072 -0.065750
v 0.092714 -0.079663 -0.065750
v 0.093162 -0.076368 -0.066095
v 0.092714 -0.079663 -0.065750
v 0.093162 -0.079826 -0.066095
v 0.093162 -0.076368 -0.066095
v 0.088716 -0.085125 -0.066095
v 0.093162 -0.079826 -0.066095
v 0.092714 -0.079663 -0.065750
v 0.088716 -0.085125 -0.066095
v 0.088478 -0.084713 -0.065750
v 0.081986 -0.085858 -0.065750
v 0.076277 -0.082562 -0.065750
v 0.075913 -0.082868 -0.066095
v 0.078907 -0.084597 -0.066095
v 0.078907 -0.084597 -0.066095
v 0.081986 -0.085858 -0.065750
v 0.076277 -0.082562 -0.065750
v 0.075913 -0.082868 -0.066095
v 0.076277 -0.082562 -0.065750
v 0.074023 -0.076368 -0.065750
v 0.074023 -0.076368 -0.065750
v 0.073547 -0.076368 -0.066095
v 0.075913 -0.082868 -0.066095
v 0.078907 -0.084597 -0.066095
v 0.081904 -0.086326 -0.066095
v 0.081986 -0.085858 -0.065750
v 0.081986 -0.085858 -0.065750
v 0.081904 -0.086326 -0.066095
v 0.088716 -0.085125 -0.066095
v 0.092714 -0.079663 -0.065750
v 0.088478 -0.084713 -0.065750
v 0.088716 -0.085125 -0.066095
v 0.093162 -0.076368 -0.066095
v 0.093161 -0.072909 -0.066095
v 0.092715 -0.073072 -0.065750
v 0.092715 -0.073072 -0.065750
v 0.093161 -0.072909 -0.066095
v 0.088716 -0.067610 -0.066095
v 0.088478 -0.068022 -0.065750
v 0.088716 -0.067610 -0.066095
v 0.081904 -0.066409 -0.066095
v 0.078908 -0.068138 -0.066095
v 0.075912 -0.069867 -0.066095
v 0.076277 -0.070173 -0.065750
v 0.076277 -0.070173 -0.065750
v 0.075912 -0.069867 -0.066095
v 0.073547 -0.076368 -0.066095
v 0.088478 -0.084713 -0.065750
v 0.088109 -0.079600 -0.065750
v 0.081960 -0.081598 -0.065750
v 0.088478 -0.068022 -0.065750
v 0.081986 -0.066877 -0.065750
v 0.081960 -0.071137 -0.065750
v 0.076277 -0.070173 -0.065750
v 0.074023 -0.076368 -0.065750
v 0.078160 -0.076368 -0.065750
v 0.076277 -0.082562 -0.065750
v 0.081960 -0.081598 -0.065750
v 0.078160 -0.076368 -0.065750
v 0.088478 -0.084713 -0.065750
v 0.092714 -0.079663 -0.065750
v 0.088109 -0.079600 -0.065750
v 0.092714 -0.079663 -0.065750
v 0.092715 -0.073072 -0.065750
v 0.088109 -0.073135 -0.065750
v 0.081960 -0.071137 -0.065750
v 0.088109 -0.073135 -0.065750
v 0.088478 -0.068022 -0.065750
v 0.078160 -0.076368 -0.065750
v 0.081960 -0.071137 -0.065750
v 0.076277 -0.070173 -0.065750
v 0.076277 -0.082562 -0.065750
v 0.081986 -0.085858 -0.065750
v 0.081960 -0.081598 -0.065750
v 0.088109 -0.073135 -0.065750
v 0.088109 -0.079600 -0.065750
v 0.092714 -0.079663 -0.065750
v 0.081960 -0.071137 -0.065750
v 0.081986 -0.066877 -0.065750
v 0.076277 -0.070173 -0.065750
v 0.081960 -0.081598 -0.065750
v 0.081986 -0.085858 -0.065750
v 0.088478 -0.084713 -0.065750
v 0.078160 -0.076368 -0.065750
v 0.074023 -0.076368 -0.065750
v 0.076277 -0.082562 -0.065750
v 0.088109 -0.073135 -0.065750
v 0.092715 -0.073072 -0.065750
v 0.088478 -0.068022 -0.065750
v 0.081960 -0.081598 -0.065750
v 0.081960 -0.081598 -0.078750
v 0.078160 -0.076368 -0.078750
v 0.088109 -0.079600 -0.065750
v 0.088109 -0.079600 -0.078750
v 0.081960 -0.081598 -0.078750
v 0.088109 -0.073135 -0.065750
v 0.088109 -0.073135 -0.078750
v 0.089160 -0.076368 -0.078750
v 0.089160 -0.076368 -0.078750
v 0.088109 -0.079600 -0.065750
v 0.088109 -0.073135 -0.065750
v 0.081960 -0.071137 -0.065750
v 0.081960 -0.071137 -0.078750
v 0.088109 -0.073135 -0.078750
v 0.078160 -0.076368 -0.065750
v 0.078160 -0.076368 -0.078750
v 0.081960 -0.071137 -0.078750
v 0.081960 -0.071137 -0.078750
v 0.081960 -0.071137 -0.065750
v 0.078160 -0.076368 -0.065750
v 0.088109 -0.073135 -0.078750
v 0.088109 -0.073135 -0.065750
v 0.081960 -0.071137 -0.065750
v 0.089160 -0.076368 -0.078750
v 0.088109 -0.079600 -0.078750
v 0.088109 -0.079600 -0.065750
v 0.081960 -0.081598 -0.078750
v 0.081960 -0.081598 -0.065750
v 0.088109 -0.079600 -0.065750
v 0.078160 -0.076368 -0.078750
v 0.078160 -0.076368 -0.065750
v 0.081960 -0.081598 -0.065750
v 0.075294 -0.100652 -0.074305
v 0.075168 -0.100449 -0.073221
v 0.052878 -0.112439 -0.073221
v 0.095208 -0.083480 -0.073221
v 0.075983 -0.100010 -0.073221
v 0.081474 -0.095418 -0.074305
v 0.075983 -0.100010 -0.073221
v 0.075294 -0.100652 -0.074305
v 0.081474 -0.095418 -0.074305
v 0.081474 -0.095418 -0.074305
v 0.095372 -0.083648 -0.074305
v 0.095208 -0.083480 -0.073221
v 0.095876 -0.082906 -0.073221
v 0.095372 -0.083648 -0.074305
v 0.106626 -0.068878 -0.074305
v 0.106626 -0.068878 -0.074305
v 0.111125 -0.062593 -0.073221
v 0.095876 -0.082906 -0.073221
v 0.106626 -0.068878 -0.074305
v 0.111318 -0.062720 -0.074305
v 0.111125 -0.062593 -0.073221
v 0.111627 -0.061924 -0.073221
v 0.111125 -0.062593 -0.073221
v 0.111318 -0.062720 -0.074305
v 0.095876 -0.082906 -0.073221
v 0.095208 -0.083480 -0.073221
v 0.095372 -0.083648 -0.074305
v 0.075983 -0.100010 -0.073221
v 0.075168 -0.100449 -0.073221
v 0.075294 -0.100652 -0.074305
v 0.075465 -0.098657 -0.076750
v 0.076316 -0.099889 -0.075329
v 0.057735 -0.110443 -0.075329
v 0.079697 -0.097274 -0.078267
v 0.079125 -0.097782 -0.076958
v 0.077341 -0.097302 -0.077836
v 0.078221 -0.098504 -0.075974
v 0.076744 -0.097776 -0.077181
v 0.077341 -0.097302 -0.077836
v 0.077082 -0.099349 -0.075424
v 0.075982 -0.098317 -0.076814
v 0.076744 -0.097776 -0.077181
v 0.076316 -0.099889 -0.075329
v 0.075465 -0.098657 -0.076750
v 0.075982 -0.098317 -0.076814
v 0.077861 -0.097097 -0.078750
v 0.079697 -0.097274 -0.078267
v 0.077709 -0.096958 -0.078709
v 0.077861 -0.097097 -0.078750
v 0.079802 -0.097165 -0.078750
v 0.079697 -0.097274 -0.078267
v 0.075982 -0.098317 -0.076814
v 0.077082 -0.099349 -0.075424
v 0.076316 -0.099889 -0.075329
v 0.076744 -0.097776 -0.077181
v 0.078221 -0.098504 -0.075974
v 0.077082 -0.099349 -0.075424
v 0.077341 -0.097302 -0.077836
v 0.079125 -0.097782 -0.076958
v 0.078221 -0.098504 -0.075974
v 0.077341 -0.097302 -0.077836
v 0.077709 -0.096958 -0.078709
v 0.079697 -0.097274 -0.078267
v 0.070007 -0.087423 -0.078750
v 0.076744 -0.097776 -0.077181
v 0.075982 -0.098317 -0.076814
v 0.070007 -0.087423 -0.078750
v 0.077341 -0.097302 -0.077836
v 0.076744 -0.097776 -0.077181
v 0.075982 -0.098317 -0.076814
v 0.067809 -0.089203 -0.076750
v 0.070007 -0.087423 -0.078750
v 0.070007 -0.087423 -0.078750
v 0.077709 -0.096958 -0.078709
v 0.077341 -0.097302 -0.077836
v 0.075982 -0.098317 -0.076814
v 0.075465 -0.098657 -0.076750
v 0.067809 -0.089203 -0.076750
v 0.096495 -0.060517 -0.076750
v 0.094715 -0.062715 -0.078750
v 0.087012 -0.059123 -0.078750
v 0.069238 -0.061946 -0.076750
v 0.071238 -0.063946 -0.078750
v 0.066860 -0.071231 -0.078750
v 0.064155 -0.070404 -0.076750
v 0.066860 -0.071231 -0.078750
v 0.066415 -0.079720 -0.078750
v 0.067809 -0.089203 -0.076750
v 0.063639 -0.080259 -0.076750
v 0.066415 -0.079720 -0.078750
v 0.066415 -0.079720 -0.078750
v 0.070007 -0.087423 -0.078750
v 0.067809 -0.089203 -0.076750
v 0.066860 -0.071231 -0.078750
v 0.064155 -0.070404 -0.076750
v 0.069238 -0.061946 -0.076750
v 0.071238 -0.063946 -0.078750
v 0.069238 -0.061946 -0.076750
v 0.077695 -0.056863 -0.076750
v 0.089160 -0.076368 -0.078750
v 0.104239 -0.070427 -0.078750
v 0.104629 -0.072219 -0.078750
v 0.104239 -0.070427 -0.078750
v 0.089160 -0.076368 -0.078750
v 0.088109 -0.073135 -0.078750
v 0.087012 -0.059123 -0.078750
v 0.094715 -0.062715 -0.078750
v 0.088109 -0.073135 -0.078750
v 0.088109 -0.073135 -0.078750
v 0.094715 -0.062715 -0.078750
v 0.104239 -0.070427 -0.078750
v 0.104456 -0.072510 -0.078750
v 0.081725 -0.095699 -0.078750
v 0.088109 -0.079600 -0.078750
v 0.081960 -0.081598 -0.078750
v 0.079802 -0.097165 -0.078750
v 0.077861 -0.097097 -0.078750
v 0.081960 -0.071137 -0.078750
v 0.078523 -0.059568 -0.078750
v 0.087012 -0.059123 -0.078750
v 0.088109 -0.079600 -0.078750
v 0.089160 -0.076368 -0.078750
v 0.104456 -0.072510 -0.078750
v 0.081960 -0.081598 -0.078750
v 0.081725 -0.095699 -0.078750
v 0.079802 -0.097165 -0.078750
v 0.071238 -0.063946 -0.078750
v 0.081960 -0.071137 -0.078750
v 0.078160 -0.076368 -0.078750
v 0.104629 -0.072219 -0.078750
v 0.104456 -0.072510 -0.078750
v 0.089160 -0.076368 -0.078750
v 0.081960 -0.081598 -0.078750
v 0.088109 -0.079600 -0.078750
v 0.081725 -0.095699 -0.078750
v 0.078160 -0.076368 -0.078750
v 0.066860 -0.071231 -0.078750
v 0.071238 -0.063946 -0.078750
v 0.077861 -0.097097 -0.078750
v 0.077709 -0.096958 -0.078709
v 0.081960 -0.081598 -0.078750
v 0.070007 -0.087423 -0.078750
v 0.066415 -0.079720 -0.078750
v 0.078160 -0.076368 -0.078750
v 0.088109 -0.073135 -0.078750
v 0.081960 -0.071137 -0.078750
v 0.087012 -0.059123 -0.078750
v 0.081960 -0.081598 -0.078750
v 0.077709 -0.096958 -0.078709
v 0.070007 -0.087423 -0.078750
v 0.078160 -0.076368 -0.078750
v 0.081960 -0.081598 -0.078750
v 0.070007 -0.087423 -0.078750
v 0.071238 -0.063946 -0.078750
v 0.078523 -0.059568 -0.078750
v 0.081960 -0.071137 -0.078750
v 0.078160 -0.076368 -0.078750
v 0.066415 -0.079720 -0.078750
v 0.066860 -0.071231 -0.078750
v 0.096495 -0.060517 -0.076750
v 0.105949 -0.068173 -0.076750
v 0.105397 -0.068998 -0.076918
v 0.105397 -0.068998 -0.076918
v 0.094715 -0.062715 -0.078750
v 0.096495 -0.060517 -0.076750
v 0.105397 -0.068998 -0.076918
v 0.104873 -0.069706 -0.077403
v 0.094715 -0.062715 -0.078750
v 0.104873 -0.069706 -0.077403
v 0.104444 -0.070220 -0.078150
v 0.094715 -0.062715 -0.078750
v 0.104444 -0.070220 -0.078150
v 0.104239 -0.070427 -0.078750
v 0.094715 -0.062715 -0.078750
v 0.107052 -0.069206 -0.075366
v 0.106307 -0.070249 -0.075580
v 0.105397 -0.068998 -0.076918
v 0.105949 -0.068173 -0.076750
v 0.107181 -0.069024 -0.075329
v 0.107052 -0.069206 -0.075366
v 0.106307 -0.070249 -0.075580
v 0.105497 -0.071313 -0.076308
v 0.104873 -0.069706 -0.077403
v 0.104850 -0.072096 -0.077429
v 0.104444 -0.070220 -0.078150
v 0.104873 -0.069706 -0.077403
v 0.104850 -0.072096 -0.077429
v 0.104629 -0.072219 -0.078750
v 0.104239 -0.070427 -0.078750
v 0.104850 -0.072096 -0.077429
v 0.104456 -0.072510 -0.078750
v 0.104629 -0.072219 -0.078750
v 0.104239 -0.070427 -0.078750
v 0.104444 -0.070220 -0.078150
v 0.104850 -0.072096 -0.077429
v 0.104873 -0.069706 -0.077403
v 0.105497 -0.071313 -0.076308
v 0.104850 -0.072096 -0.077429
v 0.104873 -0.069706 -0.077403
v 0.105397 -0.068998 -0.076918
v 0.106307 -0.070249 -0.075580
v 0.105397 -0.068998 -0.076918
v 0.105949 -0.068173 -0.076750
v 0.107052 -0.069206 -0.075366
v 0.118977 -0.047630 -0.075329
v 0.107181 -0.069024 -0.075329
v 0.105949 -0.068173 -0.076750
v 0.111318 -0.062720 -0.074305
v 0.106626 -0.068878 -0.074305
v 0.107181 -0.069024 -0.075329
v 0.106626 -0.068878 -0.074305
v 0.107052 -0.069206 -0.075366
v 0.107181 -0.069024 -0.075329
v 0.095372 -0.083648 -0.074305
v 0.105497 -0.071313 -0.076308
v 0.106307 -0.070249 -0.075580
v 0.106307 -0.070249 -0.075580
v 0.106626 -0.068878 -0.074305
v 0.095372 -0.083648 -0.074305
v 0.104456 -0.072510 -0.078750
v 0.104850 -0.072096 -0.077429
v 0.095372 -0.083648 -0.074305
v 0.095372 -0.083648 -0.074305
v 0.081725 -0.095699 -0.078750
v 0.104456 -0.072510 -0.078750
v 0.095372 -0.083648 -0.074305
v 0.081474 -0.095418 -0.074305
v 0.081725 -0.095699 -0.078750
v 0.104850 -0.072096 -0.077429
v 0.105497 -0.071313 -0.076308
v 0.095372 -0.083648 -0.074305
v 0.081725 -0.095699 -0.078750
v 0.081474 -0.095418 -0.074305
v 0.079697 -0.097274 -0.078267
v 0.081474 -0.095418 -0.074305
v 0.079125 -0.097782 -0.076958
v 0.079697 -0.097274 -0.078267
v 0.075294 -0.100652 -0.074305
v 0.076316 -0.099889 -0.075329
v 0.077082 -0.099349 -0.075424
v 0.057735 -0.110443 -0.075329
v 0.076316 -0.099889 -0.075329
v 0.075294 -0.100652 -0.074305
v 0.077082 -0.099349 -0.075424
v 0.081474 -0.095418 -0.074305
v 0.075294 -0.100652 -0.074305
v 0.077082 -0.099349 -0.075424
v 0.078221 -0.098504 -0.075974
v 0.081474 -0.095418 -0.074305
v 0.078221 -0.098504 -0.075974
v 0.079125 -0.097782 -0.076958
v 0.081474 -0.095418 -0.074305
v 0.079697 -0.097274 -0.078267
v 0.079802 -0.097165 -0.078750
v 0.081725 -0.095699 -0.078750
v 0.106307 -0.070249 -0.075580
v 0.107052 -0.069206 -0.075366
v 0.106626 -0.068878 -0.074305
v 0.001453 -0.121187 -0.073221
v 0.007529 -0.116991 -0.059911
v 0.007292 -0.116996 -0.059926
v 0.026629 -0.119670 -0.073221
v 0.007829 -0.116951 -0.059794
v 0.007529 -0.116991 -0.059911
v 0.008899 -0.116533 -0.058539
v 0.008272 -0.116836 -0.059447
v 0.026629 -0.119670 -0.073221
v 0.027641 -0.119609 -0.073221
v 0.025675 -0.108053 -0.036949
v 0.010131 -0.113985 -0.050759
v 0.025675 -0.108053 -0.036949
v 0.010218 -0.113336 -0.048763
v 0.010131 -0.113985 -0.050759
v 0.025675 -0.108053 -0.036949
v 0.010052 -0.112825 -0.047163
v 0.010218 -0.113336 -0.048763
v 0.025675 -0.108053 -0.036949
v 0.008845 -0.111433 -0.042747
v 0.010052 -0.112825 -0.047163
v 0.010131 -0.113985 -0.050759
v 0.009940 -0.115409 -0.055143
v 0.027641 -0.119609 -0.073221
v 0.009940 -0.115409 -0.055143
v 0.008899 -0.116533 -0.058539
v 0.027641 -0.119609 -0.073221
v 0.026629 -0.119670 -0.073221
v 0.027641 -0.119609 -0.073221
v 0.008899 -0.116533 -0.058539
v 0.008272 -0.116836 -0.059447
v 0.007829 -0.116951 -0.059794
v 0.026629 -0.119670 -0.073221
v 0.007529 -0.116991 -0.059911
v 0.001453 -0.121187 -0.073221
v 0.026629 -0.119670 -0.073221
v 0.025675 -0.108053 -0.036949
v 0.007877 -0.111058 -0.041539
v 0.008186 -0.111136 -0.041793
v 0.025675 -0.108053 -0.036949
v 0.007502 -0.111007 -0.041377
v 0.007877 -0.111058 -0.041539
v 0.008186 -0.111136 -0.041793
v 0.008845 -0.111433 -0.042747
v 0.025675 -0.108053 -0.036949
v 0.001453 -0.121187 -0.073221
v 0.004942 -0.115865 -0.056526
v 0.004292 -0.114000 -0.050823
v 0.004292 -0.114000 -0.050823
v 0.002017 -0.109479 -0.036949
v 0.001453 -0.121187 -0.073221
v 0.004292 -0.114000 -0.050823
v 0.005035 -0.112024 -0.044632
v 0.002017 -0.109479 -0.036949
v 0.001453 -0.121187 -0.073221
v 0.006091 -0.116749 -0.059188
v 0.004942 -0.115865 -0.056526
v 0.005035 -0.112024 -0.044632
v 0.005996 -0.111295 -0.042302
v 0.002017 -0.109479 -0.036949
v 0.005996 -0.111295 -0.042302
v 0.006525 -0.111100 -0.041675
v 0.002017 -0.109479 -0.036949
v 0.006525 -0.111100 -0.041675
v 0.006904 -0.111025 -0.041434
v 0.002017 -0.109479 -0.036949
v 0.001453 -0.121187 -0.073221
v 0.006854 -0.116968 -0.059843
v 0.006429 -0.116873 -0.059559
v 0.006429 -0.116873 -0.059559
v 0.006091 -0.116749 -0.059188
v 0.001453 -0.121187 -0.073221
v 0.001453 -0.121187 -0.073221
v 0.007185 -0.116998 -0.059933
v 0.006854 -0.116968 -0.059843
v 0.007292 -0.116996 -0.059926
v 0.007185 -0.116998 -0.059933
v 0.001453 -0.121187 -0.073221
v 0.051945 -0.112704 -0.073221
v 0.048473 -0.101575 -0.036949
v 0.025675 -0.108053 -0.036949
v 0.025675 -0.108053 -0.036949
v 0.027641 -0.119609 -0.073221
v 0.051945 -0.112704 -0.073221
v 0.075168 -0.100449 -0.073221
v 0.069346 -0.090348 -0.036949
v 0.048473 -0.101575 -0.036949
v 0.048473 -0.101575 -0.036949
v 0.052878 -0.112439 -0.073221
v 0.075168 -0.100449 -0.073221
v 0.051945 -0.112704 -0.073221
v 0.052878 -0.112439 -0.073221
v 0.048473 -0.101575 -0.036949
v 0.007292 -0.117000 -0.078750
v 0.004292 -0.114000 -0.078750
v 0.007185 -0.116998 -0.059933
v 0.004292 -0.114000 -0.078750
v 0.006091 -0.116749 -0.059188
v 0.006429 -0.116873 -0.059559
v 0.004292 -0.114000 -0.078750
v 0.004292 -0.114000 -0.050823
v 0.004942 -0.115865 -0.056526
v 0.004942 -0.115865 -0.056526
v 0.006091 -0.116749 -0.059188
v 0.004292 -0.114000 -0.078750
v 0.006429 -0.116873 -0.059559
v 0.006854 -0.116968 -0.059843
v 0.004292 -0.114000 -0.078750
v 0.006854 -0.116968 -0.059843
v 0.007185 -0.116998 -0.059933
v 0.004292 -0.114000 -0.078750
v 0.010292 -0.114000 -0.078750
v 0.008899 -0.116533 -0.058539
v 0.009940 -0.115409 -0.055143
v 0.010292 -0.114000 -0.078750
v 0.008272 -0.116836 -0.059447
v 0.008899 -0.116533 -0.058539
v 0.010292 -0.114000 -0.078750
v 0.007829 -0.116951 -0.059794
v 0.008272 -0.116836 -0.059447
v 0.010292 -0.114000 -0.078750
v 0.007529 -0.116991 -0.059911
v 0.007829 -0.116951 -0.059794
v 0.007292 -0.117000 -0.078750
v 0.007292 -0.116996 -0.059926
v 0.007529 -0.116991 -0.059911
v 0.007529 -0.116991 -0.059911
v 0.010292 -0.114000 -0.078750
v 0.007292 -0.117000 -0.078750
v 0.007292 -0.111000 -0.078750
v 0.007877 -0.111058 -0.041539
v 0.007502 -0.111007 -0.041377
v 0.007292 -0.111000 -0.078750
v 0.008186 -0.111136 -0.041793
v 0.007877 -0.111058 -0.041539
v 0.007292 -0.111000 -0.078750
v 0.010052 -0.112825 -0.047163
v 0.008845 -0.111433 -0.042747
v 0.008845 -0.111433 -0.042747
v 0.008186 -0.111136 -0.041793
v 0.007292 -0.111000 -0.078750
v 0.007292 -0.111000 -0.078750
v 0.010218 -0.113336 -0.048763
v 0.010052 -0.112825 -0.047163
v 0.007292 -0.111000 -0.078750
v 0.010292 -0.114000 -0.078750
v 0.010131 -0.113985 -0.050759
v 0.010131 -0.113985 -0.050759
v 0.010218 -0.113336 -0.048763
v 0.007292 -0.111000 -0.078750
v 0.007292 -0.111000 -0.078750
v 0.005035 -0.112024 -0.044632
v 0.004292 -0.114000 -0.050823
v 0.007292 -0.111000 -0.078750
v 0.006525 -0.111100 -0.041675
v 0.005996 -0.111295 -0.042302
v 0.007292 -0.111003 -0.041364
v 0.006904 -0.111025 -0.041434
v 0.007292 -0.111000 -0.078750
v 0.006904 -0.111025 -0.041434
v 0.006525 -0.111100 -0.041675
v 0.007292 -0.111000 -0.078750
v 0.005996 -0.111295 -0.042302
v 0.005035 -0.112024 -0.044632
v 0.007292 -0.111000 -0.078750
v 0.004292 -0.114000 -0.050823
v 0.004292 -0.114000 -0.078750
v 0.007292 -0.111000 -0.078750
v 0.007502 -0.111007 -0.041377
v 0.007292 -0.111003 -0.041364
v 0.007292 -0.111000 -0.078750
v 0.009940 -0.115409 -0.055143
v 0.010131 -0.113985 -0.050759
v 0.010292 -0.114000 -0.078750
v 0.007185 -0.116998 -0.059933
v 0.007292 -0.116996 -0.059926
v 0.007292 -0.117000 -0.078750
v 0.026629 -0.119670 -0.073221
v 0.001453 -0.121187 -0.073221
v 0.013877 -0.120577 -0.074305
v 0.001453 -0.121187 -0.073221
v 0.000382 -0.121274 -0.074305
v 0.013877 -0.120577 -0.074305
v 0.013877 -0.120577 -0.074305
v 0.026658 -0.119917 -0.074305
v 0.026629 -0.119670 -0.073221
v 0.027641 -0.119609 -0.073221
v 0.026658 -0.119917 -0.074305
v 0.049770 -0.113555 -0.074305
v 0.049770 -0.113555 -0.074305
v 0.051945 -0.112704 -0.073221
v 0.027641 -0.119609 -0.073221
v 0.049770 -0.113555 -0.074305
v 0.052026 -0.112934 -0.074305
v 0.051945 -0.112704 -0.073221
v 0.052878 -0.112439 -0.073221
v 0.052026 -0.112934 -0.074305
v 0.075294 -0.100652 -0.074305
v 0.052878 -0.112439 -0.073221
v 0.051945 -0.112704 -0.073221
v 0.052026 -0.112934 -0.074305
v 0.027641 -0.119609 -0.073221
v 0.026629 -0.119670 -0.073221
v 0.026658 -0.119917 -0.074305
v 0.015371 -0.114000 -0.078750
v 0.011331 -0.107004 -0.078750
v 0.013023 -0.108269 -0.077724
v 0.011331 -0.107004 -0.078750
v 0.011135 -0.107486 -0.077724
v 0.013023 -0.108269 -0.077724
v 0.003253 -0.107004 -0.078750
v 0.003449 -0.107486 -0.077724
v 0.007292 -0.105895 -0.077724
v 0.007292 -0.105895 -0.077724
v 0.011331 -0.107004 -0.078750
v 0.003253 -0.107004 -0.078750
v 0.001561 -0.108269 -0.077724
v 0.003449 -0.107486 -0.077724
v 0.003253 -0.107004 -0.078750
v 0.007292 -0.105895 -0.077724
v 0.011135 -0.107486 -0.077724
v 0.011331 -0.107004 -0.078750
v 0.013023 -0.108269 -0.077724
v 0.015397 -0.114000 -0.077724
v 0.015371 -0.114000 -0.078750
v 0.013901 -0.121058 -0.078750
v 0.007292 -0.117000 -0.078750
v 0.010292 -0.114000 -0.078750
v 0.013901 -0.121058 -0.078750
v 0.015371 -0.114000 -0.078750
v 0.015371 -0.119557 -0.078750
v 0.007292 -0.117000 -0.078750
v 0.000630 -0.121055 -0.078750
v -0.000766 -0.119807 -0.078750
v 0.011331 -0.107004 -0.078750
v 0.015371 -0.114000 -0.078750
v 0.010292 -0.114000 -0.078750
v 0.015371 -0.119557 -0.078750
v 0.014200 -0.121021 -0.078750
v 0.013901 -0.121058 -0.078750
v 0.003253 -0.107004 -0.078750
v 0.007292 -0.111000 -0.078750
v 0.004292 -0.114000 -0.078750
v 0.010292 -0.114000 -0.078750
v 0.015371 -0.114000 -0.078750
v 0.013901 -0.121058 -0.078750
v 0.004292 -0.114000 -0.078750
v 0.007292 -0.117000 -0.078750
v -0.000787 -0.119557 -0.078750
v 0.003253 -0.107004 -0.078750
v 0.011331 -0.107004 -0.078750
v 0.007292 -0.111000 -0.078750
v 0.007292 -0.117000 -0.078750
v 0.013901 -0.121058 -0.078750
v 0.000630 -0.121055 -0.078750
v 0.010292 -0.114000 -0.078750
v 0.007292 -0.111000 -0.078750
v 0.011331 -0.107004 -0.078750
v 0.004292 -0.114000 -0.078750
v -0.000787 -0.114000 -0.078750
v 0.003253 -0.107004 -0.078750
v 0.015397 -0.114000 -0.077724
v 0.015397 -0.119609 -0.077724
v 0.015371 -0.119557 -0.078750
v 0.015371 -0.119557 -0.078750
v 0.015371 -0.114000 -0.078750
v 0.015397 -0.114000 -0.077724
v 0.016397 -0.114000 -0.076750
v 0.015397 -0.114000 -0.077724
v 0.013023 -0.108269 -0.077724
v 0.007292 -0.104895 -0.076750
v 0.013730 -0.107562 -0.076750
v 0.011135 -0.107486 -0.077724
v 0.013730 -0.107562 -0.076750
v 0.013023 -0.108269 -0.077724
v 0.011135 -0.107486 -0.077724
v 0.007292 -0.104895 -0.076750
v 0.007292 -0.105895 -0.077724
v 0.003449 -0.107486 -0.077724
v 0.003449 -0.107486 -0.077724
v 0.000854 -0.107562 -0.076750
v 0.007292 -0.104895 -0.076750
v 0.011135 -0.107486 -0.077724
v 0.007292 -0.105895 -0.077724
v 0.007292 -0.104895 -0.076750
v 0.013023 -0.108269 -0.077724
v 0.013730 -0.107562 -0.076750
v 0.016397 -0.114000 -0.076750
v 0.016397 -0.114000 -0.076750
v 0.015422 -0.119632 -0.077527
v 0.015397 -0.119609 -0.077724
v 0.016397 -0.114000 -0.076750
v 0.015773 -0.119653 -0.076968
v 0.015550 -0.119654 -0.077218
v 0.016397 -0.114000 -0.076750
v 0.016397 -0.119573 -0.076750
v 0.016067 -0.119626 -0.076806
v 0.016067 -0.119626 -0.076806
v 0.015773 -0.119653 -0.076968
v 0.016397 -0.114000 -0.076750
v 0.015550 -0.119654 -0.077218
v 0.015422 -0.119632 -0.077527
v 0.016397 -0.114000 -0.076750
v 0.015397 -0.119609 -0.077724
v 0.015397 -0.114000 -0.077724
v 0.016397 -0.114000 -0.076750
v 0.015397 -0.119609 -0.077724
v 0.013981 -0.121105 -0.077763
v 0.014200 -0.121021 -0.078750
v 0.013981 -0.121105 -0.077763
v 0.013901 -0.121058 -0.078750
v 0.014200 -0.121021 -0.078750
v 0.014200 -0.121021 -0.078750
v 0.015371 -0.119557 -0.078750
v 0.015397 -0.119609 -0.077724
v 0.016511 -0.121067 -0.075329
v 0.015675 -0.121120 -0.075469
v 0.016067 -0.119626 -0.076806
v 0.015675 -0.121120 -0.075469
v 0.014932 -0.121148 -0.075874
v 0.015773 -0.119653 -0.076968
v 0.014932 -0.121148 -0.075874
v 0.014368 -0.121150 -0.076498
v 0.015550 -0.119654 -0.077218
v 0.014044 -0.121127 -0.077271
v 0.015422 -0.119632 -0.077527
v 0.015550 -0.119654 -0.077218
v 0.013981 -0.121105 -0.077763
v 0.015397 -0.119609 -0.077724
v 0.015422 -0.119632 -0.077527
v 0.015422 -0.119632 -0.077527
v 0.014044 -0.121127 -0.077271
v 0.013981 -0.121105 -0.077763
v 0.015550 -0.119654 -0.077218
v 0.014368 -0.121150 -0.076498
v 0.014044 -0.121127 -0.077271
v 0.015550 -0.119654 -0.077218
v 0.015773 -0.119653 -0.076968
v 0.014932 -0.121148 -0.075874
v 0.015773 -0.119653 -0.076968
v 0.016067 -0.119626 -0.076806
v 0.015675 -0.121120 -0.075469
v 0.016067 -0.119626 -0.076806
v 0.016397 -0.119573 -0.076750
v 0.016511 -0.121067 -0.075329
v 0.037592 -0.117576 -0.075329
v 0.016511 -0.121067 -0.075329
v 0.016397 -0.119573 -0.076750
v 0.037219 -0.116125 -0.076750
v 0.057113 -0.109080 -0.076750
v 0.049662 -0.113302 -0.075329
v 0.057113 -0.109080 -0.076750
v 0.057735 -0.110443 -0.075329
v 0.049662 -0.113302 -0.075329
v 0.057735 -0.110443 -0.075329
v 0.057113 -0.109080 -0.076750
v 0.075465 -0.098657 -0.076750
v 0.049662 -0.113302 -0.075329
v 0.037592 -0.117576 -0.075329
v 0.037219 -0.116125 -0.076750
v 0.016397 -0.119573 -0.076750
v 0.037219 -0.116125 -0.076750
v 0.037592 -0.117576 -0.075329
v 0.066415 -0.079720 -0.078750
v 0.063639 -0.080259 -0.076750
v 0.064155 -0.070404 -0.076750
v 0.013901 -0.121058 -0.078750
v 0.013877 -0.120577 -0.074305
v 0.000603 -0.121105 -0.077763
v 0.013877 -0.120577 -0.074305
v 0.000440 -0.121139 -0.076941
v 0.000603 -0.121105 -0.077763
v 0.000009 -0.121152 -0.076218
v 0.013877 -0.120577 -0.074305
v 0.000382 -0.121274 -0.074305
v 0.000009 -0.121152 -0.076218
v 0.000440 -0.121139 -0.076941
v 0.013877 -0.120577 -0.074305
v 0.049770 -0.113555 -0.074305
v 0.026658 -0.119917 -0.074305
v 0.037592 -0.117576 -0.075329
v 0.016511 -0.121067 -0.075329
v 0.037592 -0.117576 -0.075329
v 0.026658 -0.119917 -0.074305
v 0.026658 -0.119917 -0.074305
v 0.013877 -0.120577 -0.074305
v 0.016511 -0.121067 -0.075329
v 0.013877 -0.120577 -0.074305
v 0.015675 -0.121120 -0.075469
v 0.016511 -0.121067 -0.075329
v 0.013877 -0.120577 -0.074305
v 0.014932 -0.121148 -0.075874
v 0.015675 -0.121120 -0.075469
v 0.013877 -0.120577 -0.074305
v 0.014368 -0.121150 -0.076498
v 0.014932 -0.121148 -0.075874
v 0.013981 -0.121105 -0.077763
v 0.013877 -0.120577 -0.074305
v 0.013901 -0.121058 -0.078750
v 0.013981 -0.121105 -0.077763
v 0.014044 -0.121127 -0.077271
v 0.013877 -0.120577 -0.074305
v 0.014044 -0.121127 -0.077271
v 0.014368 -0.121150 -0.076498
v 0.013877 -0.120577 -0.074305
v 0.075294 -0.100652 -0.074305
v 0.052026 -0.112934 -0.074305
v 0.057735 -0.110443 -0.075329
v 0.049662 -0.113302 -0.075329
v 0.057735 -0.110443 -0.075329
v 0.052026 -0.112934 -0.074305
v 0.052026 -0.112934 -0.074305
v 0.049770 -0.113555 -0.074305
v 0.049662 -0.113302 -0.075329
v 0.037592 -0.117576 -0.075329
v 0.049662 -0.113302 -0.075329
v 0.049770 -0.113555 -0.074305
v 0.000603 -0.121105 -0.077763
v 0.000630 -0.121055 -0.078750
v 0.013901 -0.121058 -0.078750
v 0.067809 -0.089203 -0.076750
v 0.016397 -0.114000 -0.076750
v 0.013730 -0.107562 -0.076750
v 0.016397 -0.114000 -0.076750
v 0.057113 -0.109080 -0.076750
v 0.037219 -0.116125 -0.076750
v 0.013730 -0.107562 -0.076750
v 0.063639 -0.080259 -0.076750
v 0.067809 -0.089203 -0.076750
v 0.016397 -0.114000 -0.076750
v 0.075465 -0.098657 -0.076750
v 0.057113 -0.109080 -0.076750
v 0.037219 -0.116125 -0.076750
v 0.016397 -0.119573 -0.076750
v 0.016397 -0.114000 -0.076750
v 0.013730 -0.107562 -0.076750
v 0.064155 -0.070404 -0.076750
v 0.063639 -0.080259 -0.076750
v 0.069238 -0.061946 -0.076750
v 0.064155 -0.070404 -0.076750
v 0.013730 -0.107562 -0.076750
v 0.067809 -0.089203 -0.076750
v 0.075465 -0.098657 -0.076750
v 0.016397 -0.114000 -0.076750
v 0.122172 -0.038769 -0.073221
v 0.111369 -0.034372 -0.036949
v 0.101547 -0.055941 -0.036949
v 0.101547 -0.055941 -0.036949
v 0.111627 -0.061924 -0.073221
v 0.122172 -0.038769 -0.073221
v 0.127829 -0.013123 -0.073221
v 0.116325 -0.011194 -0.036949
v 0.111369 -0.034372 -0.036949
v 0.111369 -0.034372 -0.036949
v 0.122500 -0.038048 -0.073221
v 0.127829 -0.013123 -0.073221
v 0.116325 -0.011194 -0.036949
v 0.127985 -0.012392 -0.073221
v 0.127832 0.013140 -0.073221
v 0.127829 -0.013123 -0.073221
v 0.127985 -0.012392 -0.073221
v 0.116325 -0.011194 -0.036949
v 0.122172 -0.038769 -0.073221
v 0.122500 -0.038048 -0.073221
v 0.111369 -0.034372 -0.036949
v 0.122383 -0.038849 -0.074305
v 0.122172 -0.038769 -0.073221
v 0.111627 -0.061924 -0.073221
v 0.111627 -0.061924 -0.073221
v 0.111318 -0.062720 -0.074305
v 0.122383 -0.038849 -0.074305
v 0.127829 -0.013123 -0.073221
v 0.122500 -0.038048 -0.073221
v 0.122963 -0.036217 -0.074305
v 0.122500 -0.038048 -0.073221
v 0.122383 -0.038849 -0.074305
v 0.122963 -0.036217 -0.074305
v 0.122963 -0.036217 -0.074305
v 0.128048 -0.013155 -0.074305
v 0.127829 -0.013123 -0.073221
v 0.127985 -0.012392 -0.073221
v 0.128048 -0.013155 -0.074305
v 0.128047 -0.000000 -0.074305
v 0.127985 -0.012392 -0.073221
v 0.127829 -0.013123 -0.073221
v 0.128048 -0.013155 -0.074305
v 0.122500 -0.038048 -0.073221
v 0.122172 -0.038769 -0.073221
v 0.122383 -0.038849 -0.074305
v 0.077695 -0.056863 -0.076750
v 0.087551 -0.056347 -0.076750
v 0.087012 -0.059123 -0.078750
v 0.077695 -0.056863 -0.076750
v 0.078523 -0.059568 -0.078750
v 0.071238 -0.063946 -0.078750
v 0.087012 -0.059123 -0.078750
v 0.078523 -0.059568 -0.078750
v 0.077695 -0.056863 -0.076750
v 0.087012 -0.059123 -0.078750
v 0.087551 -0.056347 -0.076750
v 0.096495 -0.060517 -0.076750
v 0.124783 -0.024007 -0.076750
v 0.126251 -0.024307 -0.075329
v 0.122581 -0.036075 -0.075329
v 0.122581 -0.036075 -0.075329
v 0.117599 -0.047042 -0.076750
v 0.124783 -0.024007 -0.076750
v 0.126251 -0.024307 -0.075329
v 0.124783 -0.024007 -0.076750
v 0.127210 0.000000 -0.076750
v 0.127210 0.000000 -0.076750
v 0.128708 -0.000000 -0.075329
v 0.126251 -0.024307 -0.075329
v 0.122581 -0.036075 -0.075329
v 0.118977 -0.047630 -0.075329
v 0.117599 -0.047042 -0.076750
v 0.105949 -0.068173 -0.076750
v 0.117599 -0.047042 -0.076750
v 0.118977 -0.047630 -0.075329
v 0.128708 -0.000000 -0.075329
v 0.128047 -0.000000 -0.074305
v 0.128048 -0.013155 -0.074305
v 0.122963 -0.036217 -0.074305
v 0.122581 -0.036075 -0.075329
v 0.126251 -0.024307 -0.075329
v 0.126251 -0.024307 -0.075329
v 0.128048 -0.013155 -0.074305
v 0.122963 -0.036217 -0.074305
v 0.122581 -0.036075 -0.075329
v 0.122963 -0.036217 -0.074305
v 0.122383 -0.038849 -0.074305
v 0.111318 -0.062720 -0.074305
v 0.107181 -0.069024 -0.075329
v 0.118977 -0.047630 -0.075329
v 0.118977 -0.047630 -0.075329
v 0.122383 -0.038849 -0.074305
v 0.111318 -0.062720 -0.074305
v 0.122383 -0.038849 -0.074305
v 0.118977 -0.047630 -0.075329
v 0.122581 -0.036075 -0.075329
v 0.128048 -0.013155 -0.074305
v 0.126251 -0.024307 -0.075329
v 0.128708 -0.000000 -0.075329
v 0.096495 -0.060517 -0.076750
v 0.127210 0.000000 -0.076750
v 0.124783 -0.024007 -0.076750
v 0.127210 0.000000 -0.076750
v 0.077695 -0.056863 -0.076750
v 0.069238 -0.061946 -0.076750
v 0.124783 -0.024007 -0.076750
v 0.117599 -0.047042 -0.076750
v 0.096495 -0.060517 -0.076750
v 0.069238 -0.061946 -0.076750
v 0.013730 -0.107562 -0.076750
v 0.127210 0.000000 -0.076750
v 0.117599 -0.047042 -0.076750
v 0.105949 -0.068173 -0.076750
v 0.096495 -0.060517 -0.076750
v 0.096495 -0.060517 -0.076750
v 0.087551 -0.056347 -0.076750
v 0.127210 0.000000 -0.076750
v 0.087551 -0.056347 -0.076750
v 0.077695 -0.056863 -0.076750
v 0.127210 0.000000 -0.076750
v 0.007292 0.104895 -0.076750
v 0.007292 -0.104895 -0.076750
v 0.000854 -0.107562 -0.076750
v 0.013730 0.107562 -0.076750
v 0.127210 0.000000 -0.076750
v 0.013730 -0.107562 -0.076750
v 0.013730 -0.107562 -0.076750
v 0.007292 -0.104895 -0.076750
v 0.013730 0.107562 -0.076750
v 0.061572 -0.079029 0.011332
v 0.069346 -0.090348 -0.036949
v 0.069924 -0.085913 -0.026350
v 0.069346 -0.090348 -0.036949
v 0.072047 -0.088444 -0.036946
v 0.069924 -0.085913 -0.026350
v 0.069924 -0.085913 -0.026350
v 0.067639 -0.080567 -0.006988
v 0.061572 -0.079029 0.011332
v 0.093700 -0.062968 -0.028305
v 0.095622 -0.064948 -0.036938
v 0.101547 -0.055941 -0.036949
v 0.072481 -0.088961 -0.039114
v 0.072047 -0.088444 -0.036946
v 0.069346 -0.090348 -0.036949
v 0.070379 -0.084006 -0.026761
v 0.069924 -0.085913 -0.026350
v 0.072047 -0.088444 -0.036946
v 0.072047 -0.088444 -0.036946
v 0.072722 -0.086774 -0.039540
v 0.070379 -0.084006 -0.026761
v 0.067639 -0.080567 -0.006988
v 0.069924 -0.085913 -0.026350
v 0.069416 -0.081808 -0.017993
v 0.069924 -0.085913 -0.026350
v 0.070379 -0.084006 -0.026761
v 0.069416 -0.081808 -0.017993
v 0.067639 -0.080567 -0.006988
v 0.068249 -0.079144 -0.007363
v 0.067875 -0.073888 0.010929
v 0.088310 -0.060459 -0.008522
v 0.086847 -0.061064 -0.008901
v 0.089090 -0.062132 -0.017975
v 0.089090 -0.062132 -0.017975
v 0.093700 -0.062968 -0.028305
v 0.088310 -0.060459 -0.008522
v 0.095622 -0.064948 -0.036938
v 0.091747 -0.063396 -0.028719
v 0.095652 -0.067443 -0.048059
v 0.095622 -0.064948 -0.036938
v 0.093700 -0.062968 -0.028305
v 0.091747 -0.063396 -0.028719
v 0.089090 -0.062132 -0.017975
v 0.091747 -0.063396 -0.028719
v 0.093700 -0.062968 -0.028305
v 0.069416 -0.081808 -0.017993
v 0.068249 -0.079144 -0.007363
v 0.067639 -0.080567 -0.006988
v 0.072047 -0.088444 -0.036946
v 0.072481 -0.088961 -0.039114
v 0.072722 -0.086774 -0.039540
v 0.089090 -0.062132 -0.017975
v 0.086847 -0.061064 -0.008901
v 0.081537 -0.061875 -0.065294
v 0.078256 -0.063522 -0.065294
v 0.081537 -0.061875 -0.065294
v 0.081093 -0.060592 0.011208
v 0.081093 -0.060592 0.011208
v 0.079450 -0.060857 0.016277
v 0.078256 -0.063522 -0.065294
v 0.079450 -0.060857 0.016277
v 0.077379 -0.061598 0.021618
v 0.078256 -0.063522 -0.065294
v 0.073302 -0.066010 -0.065294
v 0.073895 -0.063325 0.028935
v 0.072997 -0.064029 0.029813
v 0.073302 -0.066010 -0.065294
v 0.075782 -0.062170 0.025737
v 0.073895 -0.063325 0.028935
v 0.073302 -0.066010 -0.065294
v 0.078256 -0.063522 -0.065294
v 0.077379 -0.061598 0.021618
v 0.077379 -0.061598 0.021618
v 0.075782 -0.062170 0.025737
v 0.073302 -0.066010 -0.065294
v 0.073302 -0.066010 -0.065294
v 0.069021 -0.069429 0.023640
v 0.068793 -0.070055 0.022028
v 0.073302 -0.066010 -0.065294
v 0.072407 -0.064557 0.030090
v 0.071819 -0.065147 0.030082
v 0.071819 -0.065147 0.030082
v 0.071122 -0.065945 0.029628
v 0.073302 -0.066010 -0.065294
v 0.071122 -0.065945 0.029628
v 0.070582 -0.066652 0.028874
v 0.073302 -0.066010 -0.065294
v 0.070582 -0.066652 0.028874
v 0.069614 -0.068202 0.026322
v 0.073302 -0.066010 -0.065294
v 0.069614 -0.068202 0.026322
v 0.069021 -0.069429 0.023640
v 0.073302 -0.066010 -0.065294
v 0.068793 -0.070055 0.022028
v 0.070814 -0.070964 -0.065294
v 0.073302 -0.066010 -0.065294
v 0.070814 -0.070964 -0.065294
v 0.067983 -0.073046 0.013585
v 0.067875 -0.073888 0.010929
v 0.070814 -0.070964 -0.065294
v 0.068793 -0.070055 0.022028
v 0.068455 -0.070981 0.019646
v 0.068455 -0.070981 0.019646
v 0.067983 -0.073046 0.013585
v 0.070814 -0.070964 -0.065294
v 0.069167 -0.074245 -0.065294
v 0.068249 -0.079144 -0.007363
v 0.069416 -0.081808 -0.017993
v 0.069167 -0.074245 -0.065294
v 0.067875 -0.073888 0.010929
v 0.068249 -0.079144 -0.007363
v 0.070452 -0.081534 -0.065294
v 0.069416 -0.081808 -0.017993
v 0.070379 -0.084006 -0.026761
v 0.067875 -0.073888 0.010929
v 0.069167 -0.074245 -0.065294
v 0.070814 -0.070964 -0.065294
v 0.072997 -0.064029 0.029813
v 0.072407 -0.064557 0.030090
v 0.073302 -0.066010 -0.065294
v 0.086847 -0.061064 -0.008901
v 0.081093 -0.060592 0.011208
v 0.081537 -0.061875 -0.065294
v 0.091747 -0.063396 -0.028719
v 0.089090 -0.062132 -0.017975
v 0.088826 -0.063160 -0.065294
v 0.002017 -0.109479 -0.036949
v 0.025675 -0.108053 -0.036949
v 0.023372 -0.094517 0.011332
v 0.002017 -0.109479 -0.036949
v 0.007292 -0.111003 -0.041364
v 0.007502 -0.111007 -0.041377
v 0.006904 -0.111025 -0.041434
v 0.007292 -0.111003 -0.041364
v 0.002017 -0.109479 -0.036949
v 0.007502 -0.111007 -0.041377
v 0.025675 -0.108053 -0.036949
v 0.002017 -0.109479 -0.036949
v 0.023372 -0.094517 0.011332
v 0.002678 -0.095764 0.011332
v 0.002017 -0.109479 -0.036949
v 0.025675 -0.108053 -0.036949
v 0.048473 -0.101575 -0.036949
v 0.043314 -0.088850 0.011332
v 0.048473 -0.101575 -0.036949
v 0.069346 -0.090348 -0.036949
v 0.061572 -0.079029 0.011332
v 0.061572 -0.079029 0.011332
v 0.043314 -0.088850 0.011332
v 0.048473 -0.101575 -0.036949
v 0.043314 -0.088850 0.011332
v 0.023372 -0.094517 0.011332
v 0.025675 -0.108053 -0.036949
v 0.101547 -0.055941 -0.036949
v 0.111369 -0.034372 -0.036949
v 0.098331 -0.030066 0.011332
v 0.111369 -0.034372 -0.036949
v 0.116325 -0.011194 -0.036949
v 0.102666 -0.009792 0.011332
v 0.101547 -0.055941 -0.036949
v 0.089739 -0.048933 0.011332
v 0.088310 -0.060459 -0.008522
v 0.088310 -0.060459 -0.008522
v 0.093700 -0.062968 -0.028305
v 0.101547 -0.055941 -0.036949
v 0.102541 0.010939 0.011332
v 0.102666 -0.009792 0.011332
v 0.116325 -0.011194 -0.036949
v 0.102666 -0.009792 0.011332
v 0.098331 -0.030066 0.011332
v 0.111369 -0.034372 -0.036949
v 0.098331 -0.030066 0.011332
v 0.089739 -0.048933 0.011332
v 0.101547 -0.055941 -0.036949
v 0.086847 -0.061064 -0.008901
v 0.088310 -0.060459 -0.008522
v 0.082052 -0.060029 0.011333
v -0.025489 -0.116697 -0.073221
v -0.021395 -0.105785 -0.036949
v -0.043465 -0.097145 -0.036949
v -0.043465 -0.097145 -0.036949
v -0.048893 -0.107535 -0.073221
v -0.025489 -0.116697 -0.073221
v 0.000408 -0.121023 -0.073221
v 0.002017 -0.109479 -0.036949
v -0.021395 -0.105785 -0.036949
v -0.021395 -0.105785 -0.036949
v -0.024463 -0.117099 -0.073221
v 0.000408 -0.121023 -0.073221
v -0.065944 -0.093417 -0.065160
v -0.066878 -0.093321 -0.066705
v -0.049846 -0.106897 -0.073221
v -0.048893 -0.107535 -0.073221
v -0.063058 -0.092262 -0.056938
v -0.064444 -0.092822 -0.060895
v -0.048893 -0.107535 -0.073221
v -0.061036 -0.091281 -0.050768
v -0.063058 -0.092262 -0.056938
v -0.064444 -0.092822 -0.060895
v -0.065828 -0.093382 -0.064855
v -0.048893 -0.107535 -0.073221
v -0.043465 -0.097145 -0.036949
v -0.057549 -0.088388 -0.036943
v -0.061036 -0.091281 -0.050768
v -0.061036 -0.091281 -0.050768
v -0.048893 -0.107535 -0.073221
v -0.043465 -0.097145 -0.036949
v -0.065828 -0.093382 -0.064855
v -0.065944 -0.093417 -0.065160
v -0.048893 -0.107535 -0.073221
v -0.049846 -0.106897 -0.073221
v -0.048893 -0.107535 -0.073221
v -0.065944 -0.093417 -0.065160
v 0.000408 -0.121023 -0.073221
v 0.001453 -0.121187 -0.073221
v 0.002017 -0.109479 -0.036949
v -0.025489 -0.116697 -0.073221
v -0.024463 -0.117099 -0.073221
v -0.021395 -0.105785 -0.036949
v -0.060995 -0.088878 -0.051203
v -0.061036 -0.091281 -0.050768
v -0.057549 -0.088388 -0.036943
v -0.057549 -0.088388 -0.036943
v -0.056953 -0.085539 -0.033605
v -0.060995 -0.088878 -0.051203
v -0.056183 -0.083319 -0.065294
v -0.062885 -0.089643 -0.065294
v -0.062827 -0.089768 -0.057375
v -0.060995 -0.088878 -0.051203
v -0.055868 -0.081534 -0.065294
v -0.056183 -0.083319 -0.065294
v -0.062827 -0.089768 -0.057375
v -0.060995 -0.088878 -0.051203
v -0.056183 -0.083319 -0.065294
v -0.060995 -0.088878 -0.051203
v -0.056953 -0.085539 -0.033605
v -0.055868 -0.081534 -0.065294
v -0.054583 -0.074245 -0.065294
v -0.055868 -0.081534 -0.065294
v -0.054730 -0.081849 -0.017998
v -0.060486 -0.067778 -0.067750
v -0.058718 -0.066010 -0.065294
v -0.063672 -0.063522 -0.065294
v -0.060486 -0.067778 -0.067750
v -0.057056 -0.074607 -0.067750
v -0.056230 -0.070964 -0.065294
v -0.057056 -0.074607 -0.067750
v -0.054583 -0.074245 -0.065294
v -0.056230 -0.070964 -0.065294
v -0.057056 -0.074607 -0.067750
v -0.058383 -0.082133 -0.067750
v -0.055868 -0.081534 -0.065294
v -0.058383 -0.082133 -0.067750
v -0.056183 -0.083319 -0.065294
v -0.055868 -0.081534 -0.065294
v -0.056183 -0.083319 -0.065294
v -0.058383 -0.082133 -0.067750
v -0.063942 -0.087377 -0.067750
v -0.063942 -0.087377 -0.067750
v -0.062885 -0.089643 -0.065294
v -0.056183 -0.083319 -0.065294
v -0.055868 -0.081534 -0.065294
v -0.054583 -0.074245 -0.065294
v -0.057056 -0.074607 -0.067750
v -0.056230 -0.070964 -0.065294
v -0.058718 -0.066010 -0.065294
v -0.060486 -0.067778 -0.067750
v -0.063942 -0.087377 -0.067750
v -0.058383 -0.082133 -0.067750
v -0.059499 -0.082508 -0.067750
v -0.058383 -0.082133 -0.067750
v -0.057056 -0.074607 -0.067750
v -0.057770 -0.075101 -0.067750
v -0.057770 -0.075101 -0.067750
v -0.059499 -0.082508 -0.067750
v -0.058383 -0.082133 -0.067750
v -0.057056 -0.074607 -0.067750
v -0.060486 -0.067778 -0.067750
v -0.061095 -0.068260 -0.067750
v -0.061095 -0.068260 -0.067750
v -0.057770 -0.075101 -0.067750
v -0.057056 -0.074607 -0.067750
v -0.057770 -0.075101 -0.067750
v -0.061095 -0.068260 -0.067750
v -0.061762 -0.068938 -0.067059
v -0.059499 -0.082508 -0.067750
v -0.057770 -0.075101 -0.067750
v -0.058969 -0.076293 -0.067059
v -0.057770 -0.075101 -0.067750
v -0.058715 -0.075207 -0.067059
v -0.058969 -0.076293 -0.067059
v -0.058969 -0.076293 -0.067059
v -0.060299 -0.081995 -0.067059
v -0.059499 -0.082508 -0.067750
v -0.061762 -0.068938 -0.067059
v -0.058715 -0.075207 -0.067059
v -0.057770 -0.075101 -0.067750
v -0.058969 -0.076293 -0.067059
v -0.059573 -0.076368 -0.066095
v -0.059573 -0.079826 -0.066095
v -0.059573 -0.079826 -0.066095
v -0.060299 -0.081995 -0.067059
v -0.058969 -0.076293 -0.067059
v -0.059573 -0.076368 -0.066095
v -0.058969 -0.076293 -0.067059
v -0.058715 -0.075207 -0.067059
v -0.059573 -0.072909 -0.066095
v -0.058715 -0.075207 -0.067059
v -0.061762 -0.068938 -0.067059
v -0.058715 -0.075207 -0.067059
v -0.059573 -0.072909 -0.066095
v -0.059573 -0.076368 -0.066095
v -0.060020 -0.073072 -0.065750
v -0.060021 -0.079663 -0.065750
v -0.059573 -0.076368 -0.066095
v -0.060021 -0.079663 -0.065750
v -0.059573 -0.079826 -0.066095
v -0.059573 -0.076368 -0.066095
v -0.059573 -0.076368 -0.066095
v -0.059573 -0.072909 -0.066095
v -0.060020 -0.073072 -0.065750
v -0.056099 -0.102984 -0.074305
v -0.049846 -0.106897 -0.073221
v -0.070696 -0.092943 -0.073221
v -0.025569 -0.116942 -0.074305
v -0.025489 -0.116697 -0.073221
v -0.048893 -0.107535 -0.073221
v -0.048893 -0.107535 -0.073221
v -0.049979 -0.107122 -0.074305
v -0.025569 -0.116942 -0.074305
v 0.000408 -0.121023 -0.073221
v -0.024463 -0.117099 -0.073221
v -0.022560 -0.117444 -0.074305
v -0.024463 -0.117099 -0.073221
v -0.025569 -0.116942 -0.074305
v -0.022560 -0.117444 -0.074305
v -0.022560 -0.117444 -0.074305
v 0.000382 -0.121274 -0.074305
v 0.000408 -0.121023 -0.073221
v 0.001453 -0.121187 -0.073221
v 0.000408 -0.121023 -0.073221
v 0.000382 -0.121274 -0.074305
v -0.024463 -0.117099 -0.073221
v -0.025489 -0.116697 -0.073221
v -0.025569 -0.116942 -0.074305
v -0.048893 -0.107535 -0.073221
v -0.049846 -0.106897 -0.073221
v -0.049979 -0.107122 -0.074305
v -0.056099 -0.102984 -0.074305
v -0.049979 -0.107122 -0.074305
v -0.049846 -0.106897 -0.073221
v -0.053225 -0.089203 -0.076750
v -0.055423 -0.087423 -0.078750
v -0.051832 -0.079720 -0.078750
v -0.049572 -0.070404 -0.076750
v -0.049055 -0.080259 -0.076750
v -0.051832 -0.079720 -0.078750
v -0.049572 -0.070404 -0.076750
v -0.052276 -0.071231 -0.078750
v -0.056654 -0.063946 -0.078750
v -0.056654 -0.063946 -0.078750
v -0.054654 -0.061946 -0.076750
v -0.049572 -0.070404 -0.076750
v -0.051832 -0.079720 -0.078750
v -0.052276 -0.071231 -0.078750
v -0.049572 -0.070404 -0.076750
v -0.051832 -0.079720 -0.078750
v -0.049055 -0.080259 -0.076750
v -0.053225 -0.089203 -0.076750
v -0.052276 -0.071231 -0.078750
v -0.063576 -0.076368 -0.078750
v -0.064626 -0.073135 -0.078750
v -0.064626 -0.073135 -0.078750
v -0.056654 -0.063946 -0.078750
v -0.052276 -0.071231 -0.078750
v -0.051832 -0.079720 -0.078750
v -0.055423 -0.087423 -0.078750
v -0.064626 -0.079600 -0.078750
v -0.064626 -0.079600 -0.078750
v -0.063576 -0.076368 -0.078750
v -0.051832 -0.079720 -0.078750
v -0.052276 -0.071231 -0.078750
v -0.051832 -0.079720 -0.078750
v -0.063576 -0.076368 -0.078750
v -0.053225 -0.089203 -0.076750
v -0.060881 -0.098657 -0.076750
v -0.061707 -0.098105 -0.076918
v -0.061707 -0.098105 -0.076918
v -0.055423 -0.087423 -0.078750
v -0.053225 -0.089203 -0.076750
v -0.061707 -0.098105 -0.076918
v -0.062414 -0.097581 -0.077403
v -0.055423 -0.087423 -0.078750
v -0.062414 -0.097581 -0.077403
v -0.062929 -0.097152 -0.078150
v -0.055423 -0.087423 -0.078750
v -0.062929 -0.097152 -0.078150
v -0.063135 -0.096947 -0.078750
v -0.055423 -0.087423 -0.078750
v -0.042529 -0.109080 -0.076750
v -0.043151 -0.110443 -0.075329
v -0.056179 -0.103043 -0.075329
v -0.056179 -0.103043 -0.075329
v -0.060881 -0.098657 -0.076750
v -0.042529 -0.109080 -0.076750
v -0.023008 -0.117576 -0.075329
v -0.043151 -0.110443 -0.075329
v -0.042529 -0.109080 -0.076750
v -0.001813 -0.119573 -0.076750
v -0.001927 -0.121067 -0.075329
v -0.022589 -0.117645 -0.075329
v -0.022589 -0.117645 -0.075329
v -0.022635 -0.116125 -0.076750
v -0.001813 -0.119573 -0.076750
v -0.022589 -0.117645 -0.075329
v -0.023008 -0.117576 -0.075329
v -0.022635 -0.116125 -0.076750
v -0.042529 -0.109080 -0.076750
v -0.022635 -0.116125 -0.076750
v -0.023008 -0.117576 -0.075329
v -0.056179 -0.103043 -0.075329
v -0.061732 -0.099889 -0.075329
v -0.060881 -0.098657 -0.076750
v 0.000603 -0.121105 -0.077763
v 0.000440 -0.121139 -0.076941
v -0.000878 -0.119644 -0.077395
v 0.000440 -0.121139 -0.076941
v 0.000009 -0.121152 -0.076218
v -0.001048 -0.119657 -0.077106
v -0.000637 -0.121140 -0.075677
v -0.001304 -0.119645 -0.076890
v -0.001048 -0.119657 -0.077106
v -0.001426 -0.121101 -0.075378
v -0.001615 -0.119607 -0.076770
v -0.001304 -0.119645 -0.076890
v -0.001927 -0.121067 -0.075329
v -0.001813 -0.119573 -0.076750
v -0.001615 -0.119607 -0.076770
v -0.001615 -0.119607 -0.076770
v -0.001426 -0.121101 -0.075378
v -0.001927 -0.121067 -0.075329
v -0.001304 -0.119645 -0.076890
v -0.000637 -0.121140 -0.075677
v -0.001426 -0.121101 -0.075378
v -0.001048 -0.119657 -0.077106
v 0.000009 -0.121152 -0.076218
v -0.000637 -0.121140 -0.075677
v -0.001048 -0.119657 -0.077106
v -0.000878 -0.119644 -0.077395
v 0.000440 -0.121139 -0.076941
v -0.000878 -0.119644 -0.077395
v -0.000813 -0.119609 -0.077724
v 0.000603 -0.121105 -0.077763
v 0.000603 -0.121105 -0.077763
v -0.000813 -0.119609 -0.077724
v -0.000766 -0.119807 -0.078750
v -0.000813 -0.119609 -0.077724
v -0.000787 -0.119557 -0.078750
v -0.000766 -0.119807 -0.078750
v -0.000766 -0.119807 -0.078750
v 0.000630 -0.121055 -0.078750
v 0.000603 -0.121105 -0.077763
v -0.000813 -0.114000 -0.077724
v -0.000787 -0.114000 -0.078750
v -0.000787 -0.119557 -0.078750
v -0.000787 -0.119557 -0.078750
v -0.000813 -0.119609 -0.077724
v -0.000813 -0.114000 -0.077724
v -0.000813 -0.114000 -0.077724
v -0.001615 -0.119607 -0.076770
v -0.001813 -0.119573 -0.076750
v -0.000813 -0.114000 -0.077724
v -0.001048 -0.119657 -0.077106
v -0.001304 -0.119645 -0.076890
v -0.001304 -0.119645 -0.076890
v -0.001615 -0.119607 -0.076770
v -0.000813 -0.114000 -0.077724
v -0.000813 -0.114000 -0.077724
v -0.000813 -0.119609 -0.077724
v -0.000878 -0.119644 -0.077395
v -0.000878 -0.119644 -0.077395
v -0.001048 -0.119657 -0.077106
v -0.000813 -0.114000 -0.077724
v -0.001813 -0.119573 -0.076750
v -0.001814 -0.114000 -0.076750
v -0.000813 -0.114000 -0.077724
v -0.000787 -0.114000 -0.078750
v -0.000813 -0.114000 -0.077724
v 0.001561 -0.108269 -0.077724
v 0.001561 -0.108269 -0.077724
v 0.003253 -0.107004 -0.078750
v -0.000787 -0.114000 -0.078750
v -0.000787 -0.119557 -0.078750
v -0.000787 -0.114000 -0.078750
v 0.004292 -0.114000 -0.078750
v -0.000766 -0.119807 -0.078750
v -0.000787 -0.119557 -0.078750
v 0.007292 -0.117000 -0.078750
v -0.001814 -0.114000 -0.076750
v 0.000854 -0.107562 -0.076750
v 0.001561 -0.108269 -0.077724
v 0.001561 -0.108269 -0.077724
v -0.000813 -0.114000 -0.077724
v -0.001814 -0.114000 -0.076750
v 0.003449 -0.107486 -0.077724
v 0.001561 -0.108269 -0.077724
v 0.000854 -0.107562 -0.076750
v -0.025569 -0.116942 -0.074305
v -0.049979 -0.107122 -0.074305
v -0.043151 -0.110443 -0.075329
v -0.023008 -0.117576 -0.075329
v -0.022560 -0.117444 -0.074305
v -0.025569 -0.116942 -0.074305
v -0.056179 -0.103043 -0.075329
v -0.043151 -0.110443 -0.075329
v -0.049979 -0.107122 -0.074305
v -0.049979 -0.107122 -0.074305
v -0.056099 -0.102984 -0.074305
v -0.056179 -0.103043 -0.075329
v -0.043151 -0.110443 -0.075329
v -0.023008 -0.117576 -0.075329
v -0.025569 -0.116942 -0.074305
v 0.000382 -0.121274 -0.074305
v -0.000637 -0.121140 -0.075677
v 0.000009 -0.121152 -0.076218
v -0.022560 -0.117444 -0.074305
v -0.022589 -0.117645 -0.075329
v -0.001927 -0.121067 -0.075329
v -0.001927 -0.121067 -0.075329
v 0.000382 -0.121274 -0.074305
v -0.022560 -0.117444 -0.074305
v -0.001927 -0.121067 -0.075329
v -0.001426 -0.121101 -0.075378
v 0.000382 -0.121274 -0.074305
v -0.001426 -0.121101 -0.075378
v -0.000637 -0.121140 -0.075677
v 0.000382 -0.121274 -0.074305
v -0.023008 -0.117576 -0.075329
v -0.022589 -0.117645 -0.075329
v -0.022560 -0.117444 -0.074305
v -0.061732 -0.099889 -0.075329
v -0.056179 -0.103043 -0.075329
v -0.056099 -0.102984 -0.074305
v -0.001814 -0.114000 -0.076750
v -0.001813 -0.119573 -0.076750
v -0.022635 -0.116125 -0.076750
v -0.053225 -0.089203 -0.076750
v -0.049055 -0.080259 -0.076750
v 0.000854 -0.107562 -0.076750
v -0.022635 -0.116125 -0.076750
v -0.042529 -0.109080 -0.076750
v -0.001814 -0.114000 -0.076750
v -0.001814 -0.114000 -0.076750
v -0.060881 -0.098657 -0.076750
v -0.053225 -0.089203 -0.076750
v 0.000854 -0.107562 -0.076750
v -0.001814 -0.114000 -0.076750
v -0.053225 -0.089203 -0.076750
v -0.042529 -0.109080 -0.076750
v -0.060881 -0.098657 -0.076750
v -0.001814 -0.114000 -0.076750
v -0.049055 -0.080259 -0.076750
v -0.049572 -0.070404 -0.076750
v 0.000854 -0.107562 -0.076750
v -0.049572 -0.070404 -0.076750
v -0.054654 -0.061946 -0.076750
v 0.000854 -0.107562 -0.076750
v -0.070696 -0.092943 -0.073221
v -0.049846 -0.106897 -0.073221
v -0.068126 -0.092811 -0.067881
v -0.049846 -0.106897 -0.073221
v -0.066878 -0.093321 -0.066705
v -0.068126 -0.092811 -0.067881
v -0.068126 -0.092811 -0.067881
v -0.069744 -0.091807 -0.068668
v -0.070696 -0.092943 -0.073221
v -0.062827 -0.089768 -0.057375
v -0.064205 -0.090335 -0.061334
v -0.064444 -0.092822 -0.060895
v -0.064205 -0.090335 -0.061334
v -0.065581 -0.090900 -0.065294
v -0.065828 -0.093382 -0.064855
v -0.065828 -0.093382 -0.064855
v -0.064444 -0.092822 -0.060895
v -0.064205 -0.090335 -0.061334
v -0.064444 -0.092822 -0.060895
v -0.063058 -0.092262 -0.056938
v -0.062827 -0.089768 -0.057375
v -0.063058 -0.092262 -0.056938
v -0.061036 -0.091281 -0.050768
v -0.060995 -0.088878 -0.051203
v -0.060995 -0.088878 -0.051203
v -0.062827 -0.089768 -0.057375
v -0.063058 -0.092262 -0.056938
v -0.084865 -0.070525 -0.053196
v -0.082536 -0.070091 -0.053583
v -0.079579 -0.065339 -0.031925
v -0.062885 -0.089643 -0.065294
v -0.065581 -0.090900 -0.065294
v -0.064205 -0.090335 -0.061334
v -0.064205 -0.090335 -0.061334
v -0.062827 -0.089768 -0.057375
v -0.062885 -0.089643 -0.065294
v -0.068126 -0.092811 -0.067881
v -0.067628 -0.090843 -0.067185
v -0.068979 -0.090389 -0.067677
v -0.066878 -0.093321 -0.066705
v -0.066547 -0.091012 -0.066450
v -0.067628 -0.090843 -0.067185
v -0.065944 -0.093417 -0.065160
v -0.065695 -0.090941 -0.065484
v -0.066547 -0.091012 -0.066450
v -0.065828 -0.093382 -0.064855
v -0.065581 -0.090900 -0.065294
v -0.065695 -0.090941 -0.065484
v -0.065695 -0.090941 -0.065484
v -0.065944 -0.093417 -0.065160
v -0.065828 -0.093382 -0.064855
v -0.066547 -0.091012 -0.066450
v -0.066878 -0.093321 -0.066705
v -0.065944 -0.093417 -0.065160
v -0.067628 -0.090843 -0.067185
v -0.068126 -0.092811 -0.067881
v -0.066878 -0.093321 -0.066705
v -0.068979 -0.090389 -0.067677
v -0.069744 -0.091807 -0.068668
v -0.068126 -0.092811 -0.067881
v -0.069744 -0.091807 -0.068668
v -0.068979 -0.090389 -0.067677
v -0.069672 -0.090049 -0.067750
v -0.069672 -0.090049 -0.067750
v -0.070598 -0.091134 -0.068785
v -0.069744 -0.091807 -0.068668
v -0.076027 -0.063475 -0.065294
v -0.079579 -0.065339 -0.031925
v -0.082536 -0.070091 -0.053583
v -0.076027 -0.063475 -0.065294
v -0.077872 -0.063734 -0.022531
v -0.079579 -0.065339 -0.031925
v -0.082536 -0.070091 -0.053583
v -0.082351 -0.070177 -0.065294
v -0.076027 -0.063475 -0.065294
v -0.063942 -0.087377 -0.067750
v -0.065695 -0.090941 -0.065484
v -0.065581 -0.090900 -0.065294
v -0.063942 -0.087377 -0.067750
v -0.066547 -0.091012 -0.066450
v -0.065695 -0.090941 -0.065484
v -0.063942 -0.087377 -0.067750
v -0.068979 -0.090389 -0.067677
v -0.067628 -0.090843 -0.067185
v -0.063942 -0.087377 -0.067750
v -0.069672 -0.090049 -0.067750
v -0.068979 -0.090389 -0.067677
v -0.067628 -0.090843 -0.067185
v -0.066547 -0.091012 -0.066450
v -0.063942 -0.087377 -0.067750
v -0.065581 -0.090900 -0.065294
v -0.062885 -0.089643 -0.065294
v -0.063942 -0.087377 -0.067750
v -0.082351 -0.070177 -0.065294
v -0.080085 -0.071234 -0.067750
v -0.074841 -0.065675 -0.067750
v -0.067315 -0.064348 -0.067750
v -0.066953 -0.061875 -0.065294
v -0.074242 -0.063160 -0.065294
v -0.074242 -0.063160 -0.065294
v -0.074841 -0.065675 -0.067750
v -0.067315 -0.064348 -0.067750
v -0.063672 -0.063522 -0.065294
v -0.067315 -0.064348 -0.067750
v -0.060486 -0.067778 -0.067750
v -0.063672 -0.063522 -0.065294
v -0.066953 -0.061875 -0.065294
v -0.067315 -0.064348 -0.067750
v -0.074242 -0.063160 -0.065294
v -0.076027 -0.063475 -0.065294
v -0.074841 -0.065675 -0.067750
v -0.074841 -0.065675 -0.067750
v -0.076027 -0.063475 -0.065294
v -0.082351 -0.070177 -0.065294
v -0.082351 -0.070177 -0.065294
v -0.082536 -0.070091 -0.053583
v -0.083206 -0.071769 -0.059442
v -0.083206 -0.071769 -0.059442
v -0.083885 -0.073467 -0.065294
v -0.082351 -0.070177 -0.065294
v -0.069672 -0.090049 -0.067750
v -0.063942 -0.087377 -0.067750
v -0.065509 -0.087170 -0.067750
v -0.059499 -0.082508 -0.067750
v -0.065509 -0.087170 -0.067750
v -0.063942 -0.087377 -0.067750
v -0.067315 -0.064348 -0.067750
v -0.067988 -0.065043 -0.067750
v -0.061095 -0.068260 -0.067750
v -0.074841 -0.065675 -0.067750
v -0.075367 -0.066889 -0.067750
v -0.067988 -0.065043 -0.067750
v -0.067988 -0.065043 -0.067750
v -0.067315 -0.064348 -0.067750
v -0.074841 -0.065675 -0.067750
v -0.080085 -0.071234 -0.067750
v -0.079934 -0.072973 -0.067750
v -0.075367 -0.066889 -0.067750
v -0.082824 -0.077107 -0.067750
v -0.079646 -0.080574 -0.067750
v -0.079934 -0.072973 -0.067750
v -0.061095 -0.068260 -0.067750
v -0.060486 -0.067778 -0.067750
v -0.067315 -0.064348 -0.067750
v -0.079934 -0.072973 -0.067750
v -0.080085 -0.071234 -0.067750
v -0.082824 -0.077107 -0.067750
v -0.075367 -0.066889 -0.067750
v -0.074841 -0.065675 -0.067750
v -0.080085 -0.071234 -0.067750
v -0.065509 -0.087170 -0.067750
v -0.073113 -0.087003 -0.067750
v -0.069672 -0.090049 -0.067750
v -0.080085 -0.071234 -0.067750
v -0.083507 -0.075713 -0.067439
v -0.083012 -0.076773 -0.067731
v -0.080085 -0.071234 -0.067750
v -0.082351 -0.070177 -0.065294
v -0.083885 -0.073467 -0.065294
v -0.083885 -0.073467 -0.065294
v -0.083954 -0.074012 -0.066152
v -0.080085 -0.071234 -0.067750
v -0.083954 -0.074012 -0.066152
v -0.083826 -0.074763 -0.066877
v -0.080085 -0.071234 -0.067750
v -0.083826 -0.074763 -0.066877
v -0.083507 -0.075713 -0.067439
v -0.080085 -0.071234 -0.067750
v -0.083012 -0.076773 -0.067731
v -0.082824 -0.077107 -0.067750
v -0.080085 -0.071234 -0.067750
v -0.083885 -0.073467 -0.065294
v -0.083206 -0.071769 -0.059442
v -0.085559 -0.072178 -0.059053
v -0.083206 -0.071769 -0.059442
v -0.082536 -0.070091 -0.053583
v -0.084865 -0.070525 -0.053196
v -0.084865 -0.070525 -0.053196
v -0.085559 -0.072178 -0.059053
v -0.083206 -0.071769 -0.059442
v -0.085559 -0.072178 -0.059053
v -0.086262 -0.073853 -0.064903
v -0.083885 -0.073467 -0.065294
v -0.086262 -0.073853 -0.064903
v -0.086249 -0.074431 -0.066275
v -0.083954 -0.074012 -0.066152
v -0.086249 -0.074431 -0.066275
v -0.085900 -0.075275 -0.067433
v -0.083826 -0.074763 -0.066877
v -0.085900 -0.075275 -0.067433
v -0.085223 -0.076382 -0.068329
v -0.083507 -0.075713 -0.067439
v -0.085223 -0.076382 -0.068329
v -0.084252 -0.077654 -0.068792
v -0.083012 -0.076773 -0.067731
v -0.084252 -0.077654 -0.068792
v -0.083897 -0.078065 -0.068821
v -0.082824 -0.077107 -0.067750
v -0.082824 -0.077107 -0.067750
v -0.083012 -0.076773 -0.067731
v -0.084252 -0.077654 -0.068792
v -0.083012 -0.076773 -0.067731
v -0.083507 -0.075713 -0.067439
v -0.085223 -0.076382 -0.068329
v -0.083507 -0.075713 -0.067439
v -0.083826 -0.074763 -0.066877
v -0.085900 -0.075275 -0.067433
v -0.083826 -0.074763 -0.066877
v -0.083954 -0.074012 -0.066152
v -0.086249 -0.074431 -0.066275
v -0.083954 -0.074012 -0.066152
v -0.083885 -0.073467 -0.065294
v -0.086262 -0.073853 -0.064903
v -0.077477 -0.084825 -0.068794
v -0.070598 -0.091134 -0.068785
v -0.073113 -0.087003 -0.067750
v -0.070598 -0.091134 -0.068785
v -0.069672 -0.090049 -0.067750
v -0.073113 -0.087003 -0.067750
v -0.073113 -0.087003 -0.067750
v -0.076309 -0.084742 -0.067855
v -0.077477 -0.084825 -0.068794
v -0.082824 -0.077107 -0.067750
v -0.083897 -0.078065 -0.068821
v -0.082118 -0.079938 -0.068814
v -0.082118 -0.079938 -0.068814
v -0.078926 -0.081724 -0.067776
v -0.079646 -0.080574 -0.067750
v -0.077477 -0.084825 -0.068794
v -0.076817 -0.084157 -0.067840
v -0.078926 -0.081724 -0.067776
v -0.078926 -0.081724 -0.067776
v -0.082118 -0.079938 -0.068814
v -0.077477 -0.084825 -0.068794
v -0.082118 -0.079938 -0.068814
v -0.079646 -0.080574 -0.067750
v -0.082824 -0.077107 -0.067750
v -0.076309 -0.084742 -0.067855
v -0.076817 -0.084157 -0.067840
v -0.077477 -0.084825 -0.068794
v -0.079646 -0.080574 -0.067750
v -0.078762 -0.080222 -0.067059
v -0.078909 -0.076345 -0.067059
v -0.078909 -0.076345 -0.067059
v -0.079934 -0.072973 -0.067750
v -0.079646 -0.080574 -0.067750
v -0.079934 -0.072973 -0.067750
v -0.079026 -0.073256 -0.067059
v -0.074841 -0.067682 -0.067059
v -0.067988 -0.065043 -0.067750
v -0.075367 -0.066889 -0.067750
v -0.074240 -0.067531 -0.067059
v -0.075367 -0.066889 -0.067750
v -0.074841 -0.067682 -0.067059
v -0.074240 -0.067531 -0.067059
v -0.067988 -0.065043 -0.067750
v -0.068079 -0.065990 -0.067059
v -0.064100 -0.067847 -0.067059
v -0.064100 -0.067847 -0.067059
v -0.061095 -0.068260 -0.067750
v -0.067988 -0.065043 -0.067750
v -0.059499 -0.082508 -0.067750
v -0.060299 -0.081995 -0.067059
v -0.064171 -0.084998 -0.067059
v -0.064171 -0.084998 -0.067059
v -0.065509 -0.087170 -0.067750
v -0.059499 -0.082508 -0.067750
v -0.073113 -0.087003 -0.067750
v -0.065509 -0.087170 -0.067750
v -0.065807 -0.086267 -0.067059
v -0.065807 -0.086267 -0.067059
v -0.072776 -0.086114 -0.067059
v -0.073113 -0.087003 -0.067750
v -0.064171 -0.084998 -0.067059
v -0.065807 -0.086267 -0.067059
v -0.065509 -0.087170 -0.067750
v -0.064100 -0.067847 -0.067059
v -0.061762 -0.068938 -0.067059
v -0.061095 -0.068260 -0.067750
v -0.074240 -0.067531 -0.067059
v -0.068079 -0.065990 -0.067059
v -0.067988 -0.065043 -0.067750
v -0.074841 -0.067682 -0.067059
v -0.075367 -0.066889 -0.067750
v -0.079934 -0.072973 -0.067750
v -0.078909 -0.076345 -0.067059
v -0.079026 -0.073256 -0.067059
v -0.079934 -0.072973 -0.067750
v -0.076309 -0.084742 -0.067855
v -0.073113 -0.087003 -0.067750
v -0.074221 -0.085280 -0.067139
v -0.073113 -0.087003 -0.067750
v -0.072776 -0.086114 -0.067059
v -0.074221 -0.085280 -0.067139
v -0.078225 -0.081394 -0.067102
v -0.078926 -0.081724 -0.067776
v -0.076817 -0.084157 -0.067840
v -0.076817 -0.084157 -0.067840
v -0.075943 -0.084287 -0.067235
v -0.078225 -0.081394 -0.067102
v -0.078762 -0.080222 -0.067059
v -0.079646 -0.080574 -0.067750
v -0.078926 -0.081724 -0.067776
v -0.078926 -0.081724 -0.067776
v -0.078225 -0.081394 -0.067102
v -0.078762 -0.080222 -0.067059
v -0.076817 -0.084157 -0.067840
v -0.076309 -0.084742 -0.067855
v -0.075943 -0.084287 -0.067235
v -0.074221 -0.085280 -0.067139
v -0.075943 -0.084287 -0.067235
v -0.076309 -0.084742 -0.067855
v -0.064019 -0.085125 -0.066095
v -0.064171 -0.084998 -0.067059
v -0.060299 -0.081995 -0.067059
v -0.061762 -0.068938 -0.067059
v -0.064019 -0.067610 -0.066095
v -0.059573 -0.072909 -0.066095
v -0.061762 -0.068938 -0.067059
v -0.064100 -0.067847 -0.067059
v -0.064019 -0.067610 -0.066095
v -0.064019 -0.067610 -0.066095
v -0.064100 -0.067847 -0.067059
v -0.068079 -0.065990 -0.067059
v -0.074240 -0.067531 -0.067059
v -0.073827 -0.068138 -0.066095
v -0.070832 -0.066409 -0.066095
v -0.070832 -0.066409 -0.066095
v -0.068079 -0.065990 -0.067059
v -0.074240 -0.067531 -0.067059
v -0.073827 -0.068138 -0.066095
v -0.074240 -0.067531 -0.067059
v -0.074841 -0.067682 -0.067059
v -0.079188 -0.076368 -0.066095
v -0.076822 -0.069867 -0.066095
v -0.079026 -0.073256 -0.067059
v -0.079026 -0.073256 -0.067059
v -0.078909 -0.076345 -0.067059
v -0.079188 -0.076368 -0.066095
v -0.076822 -0.069867 -0.066095
v -0.074841 -0.067682 -0.067059
v -0.079026 -0.073256 -0.067059
v -0.079188 -0.076368 -0.066095
v -0.078909 -0.076345 -0.067059
v -0.078762 -0.080222 -0.067059
v -0.078762 -0.080222 -0.067059
v -0.076822 -0.082868 -0.066095
v -0.079188 -0.076368 -0.066095
v -0.078762 -0.080222 -0.067059
v -0.078225 -0.081394 -0.067102
v -0.076822 -0.082868 -0.066095
v -0.073827 -0.084597 -0.066095
v -0.076822 -0.082868 -0.066095
v -0.075943 -0.084287 -0.067235
v -0.075943 -0.084287 -0.067235
v -0.074221 -0.085280 -0.067139
v -0.073827 -0.084597 -0.066095
v -0.073827 -0.084597 -0.066095
v -0.074221 -0.085280 -0.067139
v -0.072776 -0.086114 -0.067059
v -0.065807 -0.086267 -0.067059
v -0.064019 -0.085125 -0.066095
v -0.070832 -0.086326 -0.066095
v -0.070832 -0.086326 -0.066095
v -0.072776 -0.086114 -0.067059
v -0.065807 -0.086267 -0.067059
v -0.065807 -0.086267 -0.067059
v -0.064171 -0.084998 -0.067059
v -0.064019 -0.085125 -0.066095
v -0.072776 -0.086114 -0.067059
v -0.070832 -0.086326 -0.066095
v -0.073827 -0.084597 -0.066095
v -0.078225 -0.081394 -0.067102
v -0.075943 -0.084287 -0.067235
v -0.076822 -0.082868 -0.066095
v -0.074841 -0.067682 -0.067059
v -0.076822 -0.069867 -0.066095
v -0.073827 -0.068138 -0.066095
v -0.068079 -0.065990 -0.067059
v -0.070832 -0.066409 -0.066095
v -0.064019 -0.067610 -0.066095
v -0.060299 -0.081995 -0.067059
v -0.059573 -0.079826 -0.066095
v -0.064019 -0.085125 -0.066095
v -0.079188 -0.076368 -0.066095
v -0.078713 -0.076368 -0.065750
v -0.076458 -0.070173 -0.065750
v -0.070749 -0.066877 -0.065750
v -0.070832 -0.066409 -0.066095
v -0.073827 -0.068138 -0.066095
v -0.073827 -0.068138 -0.066095
v -0.076458 -0.070173 -0.065750
v -0.070749 -0.066877 -0.065750
v -0.070832 -0.066409 -0.066095
v -0.070749 -0.066877 -0.065750
v -0.064257 -0.068022 -0.065750
v -0.064019 -0.067610 -0.066095
v -0.064257 -0.068022 -0.065750
v -0.060020 -0.073072 -0.065750
v -0.064019 -0.085125 -0.066095
v -0.059573 -0.079826 -0.066095
v -0.060021 -0.079663 -0.065750
v -0.064019 -0.085125 -0.066095
v -0.064258 -0.084713 -0.065750
v -0.070749 -0.085858 -0.065750
v -0.076458 -0.082562 -0.065750
v -0.076822 -0.082868 -0.066095
v -0.073827 -0.084597 -0.066095
v -0.073827 -0.084597 -0.066095
v -0.070749 -0.085858 -0.065750
v -0.076458 -0.082562 -0.065750
v -0.076822 -0.082868 -0.066095
v -0.076458 -0.082562 -0.065750
v -0.078713 -0.076368 -0.065750
v -0.078713 -0.076368 -0.065750
v -0.079188 -0.076368 -0.066095
v -0.076822 -0.082868 -0.066095
v -0.073827 -0.084597 -0.066095
v -0.070832 -0.086326 -0.066095
v -0.070749 -0.085858 -0.065750
v -0.070749 -0.085858 -0.065750
v -0.070832 -0.086326 -0.066095
v -0.064019 -0.085125 -0.066095
v -0.060021 -0.079663 -0.065750
v -0.064258 -0.084713 -0.065750
v -0.064019 -0.085125 -0.066095
v -0.060020 -0.073072 -0.065750
v -0.059573 -0.072909 -0.066095
v -0.064019 -0.067610 -0.066095
v -0.064257 -0.068022 -0.065750
v -0.064019 -0.067610 -0.066095
v -0.070832 -0.066409 -0.066095
v -0.073827 -0.068138 -0.066095
v -0.076822 -0.069867 -0.066095
v -0.076458 -0.070173 -0.065750
v -0.076458 -0.070173 -0.065750
v -0.076822 -0.069867 -0.066095
v -0.079188 -0.076368 -0.066095
v -0.064258 -0.084713 -0.065750
v -0.064626 -0.079600 -0.065750
v -0.070775 -0.081598 -0.065750
v -0.064257 -0.068022 -0.065750
v -0.070749 -0.066877 -0.065750
v -0.070775 -0.071137 -0.065750
v -0.076458 -0.070173 -0.065750
v -0.078713 -0.076368 -0.065750
v -0.074576 -0.076368 -0.065750
v -0.076458 -0.082562 -0.065750
v -0.070775 -0.081598 -0.065750
v -0.074576 -0.076368 -0.065750
v -0.064258 -0.084713 -0.065750
v -0.060021 -0.079663 -0.065750
v -0.064626 -0.079600 -0.065750
v -0.060021 -0.079663 -0.065750
v -0.060020 -0.073072 -0.065750
v -0.064626 -0.073135 -0.065750
v -0.070775 -0.071137 -0.065750
v -0.064626 -0.073135 -0.065750
v -0.064257 -0.068022 -0.065750
v -0.074576 -0.076368 -0.065750
v -0.070775 -0.071137 -0.065750
v -0.076458 -0.070173 -0.065750
v -0.076458 -0.082562 -0.065750
v -0.070749 -0.085858 -0.065750
v -0.070775 -0.081598 -0.065750
v -0.064626 -0.073135 -0.065750
v -0.064626 -0.079600 -0.065750
v -0.060021 -0.079663 -0.065750
v -0.070775 -0.071137 -0.065750
v -0.070749 -0.066877 -0.065750
v -0.076458 -0.070173 -0.065750
v -0.070775 -0.081598 -0.065750
v -0.070749 -0.085858 -0.065750
v -0.064258 -0.084713 -0.065750
v -0.074576 -0.076368 -0.065750
v -0.078713 -0.076368 -0.065750
v -0.076458 -0.082562 -0.065750
v -0.064626 -0.073135 -0.065750
v -0.060020 -0.073072 -0.065750
v -0.064257 -0.068022 -0.065750
v -0.070775 -0.081598 -0.065750
v -0.070775 -0.081598 -0.078750
v -0.074576 -0.076368 -0.078750
v -0.064626 -0.079600 -0.065750
v -0.064626 -0.079600 -0.078750
v -0.070775 -0.081598 -0.078750
v -0.064626 -0.073135 -0.065750
v -0.064626 -0.073135 -0.078750
v -0.063576 -0.076368 -0.078750
v -0.063576 -0.076368 -0.078750
v -0.064626 -0.079600 -0.065750
v -0.064626 -0.073135 -0.065750
v -0.070775 -0.071137 -0.065750
v -0.070775 -0.071137 -0.078750
v -0.064626 -0.073135 -0.078750
v -0.074576 -0.076368 -0.065750
v -0.074576 -0.076368 -0.078750
v -0.070775 -0.071137 -0.078750
v -0.070775 -0.071137 -0.078750
v -0.070775 -0.071137 -0.065750
v -0.074576 -0.076368 -0.065750
v -0.064626 -0.073135 -0.078750
v -0.064626 -0.073135 -0.065750
v -0.070775 -0.071137 -0.065750
v -0.063576 -0.076368 -0.078750
v -0.064626 -0.079600 -0.078750
v -0.064626 -0.079600 -0.065750
v -0.070775 -0.081598 -0.078750
v -0.070775 -0.081598 -0.065750
v -0.064626 -0.079600 -0.065750
v -0.074576 -0.076368 -0.078750
v -0.074576 -0.076368 -0.065750
v -0.070775 -0.081598 -0.065750
v -0.103521 -0.065929 -0.073314
v -0.095504 -0.069458 -0.073290
v -0.091507 -0.061808 -0.040267
v -0.090881 -0.072809 -0.073277
v -0.079414 -0.059003 -0.006615
v -0.091507 -0.061808 -0.040267
v -0.091507 -0.061808 -0.040267
v -0.095283 -0.069618 -0.073289
v -0.090881 -0.072809 -0.073277
v -0.082877 -0.081114 -0.073247
v -0.077750 -0.086542 -0.073228
v -0.077477 -0.084825 -0.068794
v -0.077750 -0.086542 -0.073228
v -0.070696 -0.092943 -0.073221
v -0.070598 -0.091134 -0.068785
v -0.070598 -0.091134 -0.068785
v -0.077477 -0.084825 -0.068794
v -0.077750 -0.086542 -0.073228
v -0.070696 -0.092943 -0.073221
v -0.069744 -0.091807 -0.068668
v -0.070598 -0.091134 -0.068785
v -0.079414 -0.059003 -0.006615
v -0.088763 -0.074997 -0.073269
v -0.084865 -0.070525 -0.053196
v -0.088763 -0.074997 -0.073269
v -0.086262 -0.073853 -0.064903
v -0.085559 -0.072178 -0.059053
v -0.085559 -0.072178 -0.059053
v -0.084865 -0.070525 -0.053196
v -0.088763 -0.074997 -0.073269
v -0.088763 -0.074997 -0.073269
v -0.086249 -0.074431 -0.066275
v -0.086262 -0.073853 -0.064903
v -0.088763 -0.074997 -0.073269
v -0.085223 -0.076382 -0.068329
v -0.085900 -0.075275 -0.067433
v -0.085900 -0.075275 -0.067433
v -0.086249 -0.074431 -0.066275
v -0.088763 -0.074997 -0.073269
v -0.088763 -0.074997 -0.073269
v -0.084289 -0.079619 -0.073252
v -0.084252 -0.077654 -0.068792
v -0.082118 -0.079938 -0.068814
v -0.083897 -0.078065 -0.068821
v -0.084289 -0.079619 -0.073252
v -0.084289 -0.079619 -0.073252
v -0.082877 -0.081114 -0.073247
v -0.082118 -0.079938 -0.068814
v -0.083897 -0.078065 -0.068821
v -0.084252 -0.077654 -0.068792
v -0.084289 -0.079619 -0.073252
v -0.084252 -0.077654 -0.068792
v -0.085223 -0.076382 -0.068329
v -0.088763 -0.074997 -0.073269
v -0.077477 -0.084825 -0.068794
v -0.082118 -0.079938 -0.068814
v -0.082877 -0.081114 -0.073247
v -0.090881 -0.072809 -0.073277
v -0.088763 -0.074997 -0.073269
v -0.079414 -0.059003 -0.006615
v -0.095504 -0.069458 -0.073290
v -0.095283 -0.069618 -0.073289
v -0.091507 -0.061808 -0.040267
v -0.070788 -0.093052 -0.074305
v -0.070696 -0.092943 -0.073221
v -0.077750 -0.086542 -0.073228
v -0.077848 -0.086639 -0.074298
v -0.077750 -0.086542 -0.073228
v -0.082877 -0.081114 -0.073247
v -0.082877 -0.081114 -0.073247
v -0.084385 -0.079693 -0.074268
v -0.077848 -0.086639 -0.074298
v -0.082877 -0.081114 -0.073247
v -0.084289 -0.079619 -0.073252
v -0.084385 -0.079693 -0.074268
v -0.077750 -0.086542 -0.073228
v -0.077848 -0.086639 -0.074298
v -0.070788 -0.093052 -0.074305
v -0.070696 -0.092943 -0.073221
v -0.070788 -0.093052 -0.074305
v -0.056099 -0.102984 -0.074305
v -0.084385 -0.079693 -0.074268
v -0.084289 -0.079619 -0.073252
v -0.088763 -0.074997 -0.073269
v -0.088763 -0.074997 -0.073269
v -0.090953 -0.072889 -0.074245
v -0.084385 -0.079693 -0.074268
v -0.095283 -0.069618 -0.073289
v -0.095557 -0.069542 -0.074229
v -0.092048 -0.072093 -0.074241
v -0.092048 -0.072093 -0.074241
v -0.090881 -0.072809 -0.073277
v -0.095283 -0.069618 -0.073289
v -0.095283 -0.069618 -0.073289
v -0.095504 -0.069458 -0.073290
v -0.095557 -0.069542 -0.074229
v -0.095504 -0.069458 -0.073290
v -0.103521 -0.065929 -0.073314
v -0.101541 -0.066897 -0.074207
v -0.103521 -0.065929 -0.073314
v -0.103549 -0.066010 -0.074200
v -0.101541 -0.066897 -0.074207
v -0.109822 -0.064481 -0.073336
v -0.109836 -0.064558 -0.074189
v -0.103549 -0.066010 -0.074200
v -0.109836 -0.064558 -0.074189
v -0.109822 -0.064481 -0.073336
v -0.111279 -0.064371 -0.073336
v -0.123709 -0.063439 -0.073334
v -0.123615 -0.063512 -0.074157
v -0.112530 -0.064353 -0.074182
v -0.112530 -0.064353 -0.074182
v -0.111279 -0.064371 -0.073336
v -0.123709 -0.063439 -0.073334
v -0.111279 -0.064371 -0.073336
v -0.112530 -0.064353 -0.074182
v -0.109836 -0.064558 -0.074189
v -0.103549 -0.066010 -0.074200
v -0.103521 -0.065929 -0.073314
v -0.109822 -0.064481 -0.073336
v -0.101541 -0.066897 -0.074207
v -0.095557 -0.069542 -0.074229
v -0.095504 -0.069458 -0.073290
v -0.092048 -0.072093 -0.074241
v -0.090953 -0.072889 -0.074245
v -0.090881 -0.072809 -0.073277
v -0.088763 -0.074997 -0.073269
v -0.090881 -0.072809 -0.073277
v -0.090953 -0.072889 -0.074245
v -0.084385 -0.079693 -0.074268
v -0.090370 -0.073117 -0.078273
v -0.090243 -0.073196 -0.078750
v -0.084385 -0.079693 -0.074268
v -0.090971 -0.072685 -0.076976
v -0.090370 -0.073117 -0.078273
v -0.090971 -0.072685 -0.076976
v -0.084385 -0.079693 -0.074268
v -0.090953 -0.072889 -0.074245
v -0.090953 -0.072889 -0.074245
v -0.091862 -0.072015 -0.075994
v -0.090971 -0.072685 -0.076976
v -0.090953 -0.072889 -0.074245
v -0.092048 -0.072093 -0.074241
v -0.091943 -0.071955 -0.075953
v -0.091943 -0.071955 -0.075953
v -0.091862 -0.072015 -0.075994
v -0.090953 -0.072889 -0.074245
v -0.095557 -0.069542 -0.074229
v -0.101541 -0.066897 -0.074207
v -0.098703 -0.067799 -0.075329
v -0.101541 -0.066897 -0.074207
v -0.101456 -0.066700 -0.075329
v -0.098703 -0.067799 -0.075329
v -0.093753 -0.070644 -0.075329
v -0.092048 -0.072093 -0.074241
v -0.095557 -0.069542 -0.074229
v -0.098703 -0.067799 -0.075329
v -0.093753 -0.070644 -0.075329
v -0.095557 -0.069542 -0.074229
v -0.093753 -0.070644 -0.075329
v -0.092972 -0.071197 -0.075433
v -0.092048 -0.072093 -0.074241
v -0.112530 -0.064353 -0.074182
v -0.112511 -0.064147 -0.075329
v -0.111996 -0.064179 -0.075329
v -0.102470 -0.066296 -0.075329
v -0.103549 -0.066010 -0.074200
v -0.109836 -0.064558 -0.074189
v -0.101541 -0.066897 -0.074207
v -0.103549 -0.066010 -0.074200
v -0.102470 -0.066296 -0.075329
v -0.102470 -0.066296 -0.075329
v -0.101456 -0.066700 -0.075329
v -0.101541 -0.066897 -0.074207
v -0.109836 -0.064558 -0.074189
v -0.111996 -0.064179 -0.075329
v -0.102470 -0.066296 -0.075329
v -0.112511 -0.064147 -0.075329
v -0.112530 -0.064353 -0.074182
v -0.123615 -0.063512 -0.074157
v -0.123615 -0.063512 -0.074157
v -0.123709 -0.063449 -0.075329
v -0.112511 -0.064147 -0.075329
v -0.111996 -0.064179 -0.075329
v -0.109836 -0.064558 -0.074189
v -0.112530 -0.064353 -0.074182
v -0.092972 -0.071197 -0.075433
v -0.091943 -0.071955 -0.075953
v -0.092048 -0.072093 -0.074241
v -0.090243 -0.073196 -0.078750
v -0.084207 -0.079539 -0.078750
v -0.084385 -0.079693 -0.074268
v -0.111803 -0.062694 -0.076750
v -0.101990 -0.064876 -0.076750
v -0.102470 -0.066296 -0.075329
v -0.098070 -0.066442 -0.076750
v -0.098703 -0.067799 -0.075329
v -0.101456 -0.066700 -0.075329
v -0.101456 -0.066700 -0.075329
v -0.101990 -0.064876 -0.076750
v -0.098070 -0.066442 -0.076750
v -0.098070 -0.066442 -0.076750
v -0.092898 -0.069414 -0.076750
v -0.093753 -0.070644 -0.075329
v -0.111803 -0.062694 -0.076750
v -0.111996 -0.064179 -0.075329
v -0.123709 -0.063414 -0.075579
v -0.123709 -0.063414 -0.075579
v -0.111996 -0.064179 -0.075329
v -0.112511 -0.064147 -0.075329
v -0.112511 -0.064147 -0.075329
v -0.123709 -0.063449 -0.075329
v -0.123709 -0.063414 -0.075579
v -0.093753 -0.070644 -0.075329
v -0.098703 -0.067799 -0.075329
v -0.098070 -0.066442 -0.076750
v -0.101456 -0.066700 -0.075329
v -0.102470 -0.066296 -0.075329
v -0.101990 -0.064876 -0.076750
v -0.102470 -0.066296 -0.075329
v -0.111996 -0.064179 -0.075329
v -0.111803 -0.062694 -0.076750
v -0.090370 -0.073117 -0.078273
v -0.090971 -0.072685 -0.076976
v -0.090729 -0.070643 -0.077848
v -0.090971 -0.072685 -0.076976
v -0.091862 -0.072015 -0.075994
v -0.091419 -0.070236 -0.077193
v -0.091943 -0.071955 -0.075953
v -0.092972 -0.071197 -0.075433
v -0.092284 -0.069743 -0.076819
v -0.091419 -0.070236 -0.077193
v -0.091862 -0.072015 -0.075994
v -0.091943 -0.071955 -0.075953
v -0.092972 -0.071197 -0.075433
v -0.093753 -0.070644 -0.075329
v -0.092898 -0.069414 -0.076750
v -0.090566 -0.071271 -0.078750
v -0.090370 -0.073117 -0.078273
v -0.090263 -0.070902 -0.078713
v -0.090566 -0.071271 -0.078750
v -0.090243 -0.073196 -0.078750
v -0.090370 -0.073117 -0.078273
v -0.092898 -0.069414 -0.076750
v -0.092284 -0.069743 -0.076819
v -0.092972 -0.071197 -0.075433
v -0.092284 -0.069743 -0.076819
v -0.091419 -0.070236 -0.077193
v -0.091943 -0.071955 -0.075953
v -0.091419 -0.070236 -0.077193
v -0.090729 -0.070643 -0.077848
v -0.090971 -0.072685 -0.076976
v -0.090729 -0.070643 -0.077848
v -0.090263 -0.070902 -0.078713
v -0.090370 -0.073117 -0.078273
v -0.081912 -0.060517 -0.076750
v -0.080132 -0.062715 -0.078750
v -0.090263 -0.070902 -0.078713
v -0.090263 -0.070902 -0.078713
v -0.090729 -0.070643 -0.077848
v -0.081912 -0.060517 -0.076750
v -0.090729 -0.070643 -0.077848
v -0.091419 -0.070236 -0.077193
v -0.081912 -0.060517 -0.076750
v -0.091419 -0.070236 -0.077193
v -0.092284 -0.069743 -0.076819
v -0.081912 -0.060517 -0.076750
v -0.092284 -0.069743 -0.076819
v -0.092898 -0.069414 -0.076750
v -0.081912 -0.060517 -0.076750
v -0.063940 -0.059568 -0.078750
v -0.056654 -0.063946 -0.078750
v -0.064626 -0.073135 -0.078750
v -0.080132 -0.062715 -0.078750
v -0.072428 -0.059123 -0.078750
v -0.070775 -0.071137 -0.078750
v -0.070775 -0.071137 -0.078750
v -0.072428 -0.059123 -0.078750
v -0.063940 -0.059568 -0.078750
v -0.063135 -0.096947 -0.078750
v -0.064927 -0.097337 -0.078750
v -0.065218 -0.097165 -0.078750
v -0.063135 -0.096947 -0.078750
v -0.070775 -0.081598 -0.078750
v -0.064626 -0.079600 -0.078750
v -0.074576 -0.076368 -0.078750
v -0.090263 -0.070902 -0.078713
v -0.080132 -0.062715 -0.078750
v -0.064626 -0.079600 -0.078750
v -0.055423 -0.087423 -0.078750
v -0.063135 -0.096947 -0.078750
v -0.074576 -0.076368 -0.078750
v -0.090566 -0.071271 -0.078750
v -0.090263 -0.070902 -0.078713
v -0.065218 -0.097165 -0.078750
v -0.070775 -0.081598 -0.078750
v -0.063135 -0.096947 -0.078750
v -0.084207 -0.079539 -0.078750
v -0.074576 -0.076368 -0.078750
v -0.070775 -0.081598 -0.078750
v -0.064626 -0.073135 -0.078750
v -0.070775 -0.071137 -0.078750
v -0.063940 -0.059568 -0.078750
v -0.070775 -0.081598 -0.078750
v -0.065218 -0.097165 -0.078750
v -0.084207 -0.079539 -0.078750
v -0.084207 -0.079539 -0.078750
v -0.090243 -0.073196 -0.078750
v -0.074576 -0.076368 -0.078750
v -0.070775 -0.071137 -0.078750
v -0.074576 -0.076368 -0.078750
v -0.080132 -0.062715 -0.078750
v -0.074576 -0.076368 -0.078750
v -0.090243 -0.073196 -0.078750
v -0.090566 -0.071271 -0.078750
v -0.061732 -0.099889 -0.075329
v -0.062957 -0.099015 -0.075580
v -0.061707 -0.098105 -0.076918
v -0.062957 -0.099015 -0.075580
v -0.064021 -0.098205 -0.076308
v -0.062414 -0.097581 -0.077403
v -0.064804 -0.097558 -0.077429
v -0.062929 -0.097152 -0.078150
v -0.062414 -0.097581 -0.077403
v -0.064804 -0.097558 -0.077429
v -0.064927 -0.097337 -0.078750
v -0.063135 -0.096947 -0.078750
v -0.064804 -0.097558 -0.077429
v -0.065218 -0.097165 -0.078750
v -0.064927 -0.097337 -0.078750
v -0.063135 -0.096947 -0.078750
v -0.062929 -0.097152 -0.078150
v -0.064804 -0.097558 -0.077429
v -0.062414 -0.097581 -0.077403
v -0.064021 -0.098205 -0.076308
v -0.064804 -0.097558 -0.077429
v -0.062414 -0.097581 -0.077403
v -0.061707 -0.098105 -0.076918
v -0.062957 -0.099015 -0.075580
v -0.061707 -0.098105 -0.076918
v -0.060881 -0.098657 -0.076750
v -0.061732 -0.099889 -0.075329
v -0.056099 -0.102984 -0.074305
v -0.070788 -0.093052 -0.074305
v -0.061732 -0.099889 -0.075329
v -0.070788 -0.093052 -0.074305
v -0.062957 -0.099015 -0.075580
v -0.061732 -0.099889 -0.075329
v -0.070788 -0.093052 -0.074305
v -0.064021 -0.098205 -0.076308
v -0.062957 -0.099015 -0.075580
v -0.065218 -0.097165 -0.078750
v -0.064804 -0.097558 -0.077429
v -0.070788 -0.093052 -0.074305
v -0.070788 -0.093052 -0.074305
v -0.084207 -0.079539 -0.078750
v -0.065218 -0.097165 -0.078750
v -0.070788 -0.093052 -0.074305
v -0.077848 -0.086639 -0.074298
v -0.084207 -0.079539 -0.078750
v -0.077848 -0.086639 -0.074298
v -0.084385 -0.079693 -0.074268
v -0.084207 -0.079539 -0.078750
v -0.064804 -0.097558 -0.077429
v -0.064021 -0.098205 -0.076308
v -0.070788 -0.093052 -0.074305
v -0.081912 -0.060517 -0.076750
v -0.092898 -0.069414 -0.076750
v -0.098070 -0.066442 -0.076750
v -0.123708 -0.063083 -0.073024
v -0.124208 -0.063570 -0.072910
v -0.124208 -0.062839 -0.073830
v -0.123708 -0.062109 -0.074250
v -0.123615 -0.063512 -0.074157
v -0.123709 -0.063439 -0.073334
v -0.123708 -0.062109 -0.074250
v -0.123709 -0.063449 -0.075329
v -0.123615 -0.063512 -0.074157
v -0.123708 -0.062109 -0.074250
v -0.123709 -0.063414 -0.075579
v -0.123709 -0.063449 -0.075329
v -0.054654 -0.061946 -0.076750
v -0.056654 -0.063946 -0.078750
v -0.063940 -0.059568 -0.078750
v -0.063940 -0.059568 -0.078750
v -0.063112 -0.056863 -0.076750
v -0.054654 -0.061946 -0.076750
v 0.007292 0.104895 -0.076750
v -0.054654 -0.061946 -0.076750
v -0.063112 -0.056863 -0.076750
v 0.000854 -0.107562 -0.076750
v -0.054654 -0.061946 -0.076750
v 0.007292 0.104895 -0.076750
v -0.074631 -0.061840 -0.007835
v -0.074242 -0.063160 -0.065294
v -0.066953 -0.061875 -0.065294
v -0.076027 -0.063475 -0.065294
v -0.074242 -0.063160 -0.065294
v -0.074631 -0.061840 -0.007835
v -0.111279 -0.064371 -0.073336
v -0.108967 -0.057298 -0.040175
v -0.123709 -0.059658 -0.055830
v -0.108967 -0.057298 -0.040175
v -0.123709 -0.056272 -0.038246
v -0.123709 -0.059658 -0.055830
v -0.123709 -0.059658 -0.055830
v -0.123709 -0.063439 -0.073334
v -0.111279 -0.064371 -0.073336
v -0.091507 -0.061808 -0.040267
v -0.108967 -0.057298 -0.040175
v -0.103521 -0.065929 -0.073314
v -0.108967 -0.057298 -0.040175
v -0.111279 -0.064371 -0.073336
v -0.109822 -0.064481 -0.073336
v -0.109822 -0.064481 -0.073336
v -0.103521 -0.065929 -0.073314
v -0.108967 -0.057298 -0.040175
v -0.123709 -0.063414 -0.075579
v -0.123708 -0.061951 -0.076750
v -0.111803 -0.062694 -0.076750
v -0.063112 -0.056863 -0.076750
v -0.063940 -0.059568 -0.078750
v -0.072428 -0.059123 -0.078750
v -0.072968 -0.056347 -0.076750
v -0.072428 -0.059123 -0.078750
v -0.080132 -0.062715 -0.078750
v -0.080132 -0.062715 -0.078750
v -0.081912 -0.060517 -0.076750
v -0.072968 -0.056347 -0.076750
v -0.072428 -0.059123 -0.078750
v -0.072968 -0.056347 -0.076750
v -0.063112 -0.056863 -0.076750
v -0.098070 -0.066442 -0.076750
v -0.079511 0.058591 -0.076750
v -0.081912 -0.060517 -0.076750
v -0.079511 0.058591 -0.076750
v -0.101990 -0.064876 -0.076750
v -0.111803 -0.062694 -0.076750
v -0.063112 -0.056863 -0.076750
v -0.072968 -0.056347 -0.076750
v -0.069704 0.055981 -0.076750
v -0.098070 -0.066442 -0.076750
v -0.101990 -0.064876 -0.076750
v -0.079511 0.058591 -0.076750
v -0.079511 0.058591 -0.076750
v -0.072968 -0.056347 -0.076750
v -0.081912 -0.060517 -0.076750
v -0.111803 -0.062694 -0.076750
v -0.123708 -0.061951 -0.076750
v -0.079511 0.058591 -0.076750
v -0.123708 -0.062109 -0.074250
v -0.123708 -0.063083 -0.073024
v -0.124208 -0.062839 -0.073830
v -0.124208 -0.062839 -0.073830
v -0.124208 -0.062109 -0.074750
v -0.123708 -0.062109 -0.074250
v -0.124208 -0.063570 -0.072910
v -0.123708 -0.063083 -0.073024
v -0.123709 -0.056102 -0.039781
v -0.123709 -0.056102 -0.039781
v -0.123709 -0.059658 -0.055830
v -0.123709 -0.056272 -0.038246
v -0.123708 -0.063083 -0.073024
v -0.123709 -0.063439 -0.073334
v -0.123709 -0.059658 -0.055830
v -0.123709 -0.059658 -0.055830
v -0.123709 -0.056102 -0.039781
v -0.123708 -0.063083 -0.073024
v -0.123709 0.061951 -0.076750
v -0.123708 -0.061951 -0.076750
v -0.123708 -0.062109 -0.074250
v -0.123709 -0.063439 -0.073334
v -0.123708 -0.063083 -0.073024
v -0.123708 -0.062109 -0.074250
v -0.123708 -0.061951 -0.076750
v -0.123709 -0.063414 -0.075579
v -0.123708 -0.062109 -0.074250
v -0.123708 -0.062109 -0.074250
v -0.124208 -0.062109 -0.074750
v -0.124209 0.062109 -0.074750
v -0.043465 -0.097145 -0.036949
v -0.021395 -0.105785 -0.036949
v -0.017801 -0.092533 0.011332
v -0.021395 -0.105785 -0.036949
v 0.002017 -0.109479 -0.036949
v 0.002678 -0.095764 0.011332
v -0.043465 -0.097145 -0.036949
v -0.037106 -0.084975 0.011332
v -0.053728 -0.082757 -0.014592
v -0.037106 -0.084975 0.011332
v -0.052660 -0.078000 0.001451
v -0.053728 -0.082757 -0.014592
v -0.053728 -0.082757 -0.014592
v -0.056601 -0.087601 -0.033185
v -0.043465 -0.097145 -0.036949
v -0.056601 -0.087601 -0.033185
v -0.057549 -0.088388 -0.036943
v -0.043465 -0.097145 -0.036949
v 0.002678 -0.095764 0.011332
v -0.017801 -0.092533 0.011332
v -0.021395 -0.105785 -0.036949
v -0.017801 -0.092533 0.011332
v -0.037106 -0.084975 0.011332
v -0.043465 -0.097145 -0.036949
v -0.053728 -0.082757 -0.014592
v -0.052660 -0.078000 0.001451
v -0.053275 -0.076808 0.001095
v -0.056601 -0.087601 -0.033185
v -0.053728 -0.082757 -0.014592
v -0.054730 -0.081849 -0.017998
v -0.053728 -0.082757 -0.014592
v -0.054300 -0.081137 -0.014984
v -0.054730 -0.081849 -0.017998
v -0.057549 -0.088388 -0.036943
v -0.056601 -0.087601 -0.033185
v -0.056953 -0.085539 -0.033605
v -0.054730 -0.081849 -0.017998
v -0.056953 -0.085539 -0.033605
v -0.056601 -0.087601 -0.033185
v -0.053275 -0.076808 0.001095
v -0.054300 -0.081137 -0.014984
v -0.053728 -0.082757 -0.014592
v -0.054583 -0.074245 -0.065294
v -0.054300 -0.081137 -0.014984
v -0.053275 -0.076808 0.001095
v -0.054730 -0.081849 -0.017998
v -0.054300 -0.081137 -0.014984
v -0.054583 -0.074245 -0.065294
v -0.056230 -0.070964 -0.065294
v -0.053730 -0.071476 0.018259
v -0.053894 -0.070908 0.019853
v -0.056230 -0.070964 -0.065294
v -0.054583 -0.074245 -0.065294
v -0.053730 -0.071476 0.018259
v -0.053894 -0.070908 0.019853
v -0.054267 -0.070079 0.021864
v -0.056230 -0.070964 -0.065294
v -0.058718 -0.066010 -0.065294
v -0.055442 -0.067471 0.028191
v -0.056842 -0.065542 0.031378
v -0.058718 -0.066010 -0.065294
v -0.056230 -0.070964 -0.065294
v -0.054267 -0.070079 0.021864
v -0.054267 -0.070079 0.021864
v -0.055442 -0.067471 0.028191
v -0.058718 -0.066010 -0.065294
v -0.058718 -0.066010 -0.065294
v -0.061231 -0.062049 0.030885
v -0.062723 -0.061403 0.028515
v -0.060287 -0.062588 0.031880
v -0.061231 -0.062049 0.030885
v -0.058718 -0.066010 -0.065294
v -0.056842 -0.065542 0.031378
v -0.057729 -0.064594 0.032297
v -0.058718 -0.066010 -0.065294
v -0.053275 -0.076808 0.001095
v -0.053730 -0.071476 0.018259
v -0.054583 -0.074245 -0.065294
v -0.056953 -0.085539 -0.033605
v -0.054730 -0.081849 -0.017998
v -0.055868 -0.081534 -0.065294
v -0.081511 -0.065388 -0.031556
v -0.079579 -0.065339 -0.031925
v -0.077872 -0.063734 -0.022531
v -0.079609 -0.063655 -0.022172
v -0.077872 -0.063734 -0.022531
v -0.074631 -0.061840 -0.007835
v -0.077872 -0.063734 -0.022531
v -0.079609 -0.063655 -0.022172
v -0.081511 -0.065388 -0.031556
v -0.079579 -0.065339 -0.031925
v -0.081511 -0.065388 -0.031556
v -0.084865 -0.070525 -0.053196
v -0.062723 -0.061403 0.028515
v -0.063672 -0.063522 -0.065294
v -0.058718 -0.066010 -0.065294
v -0.076027 -0.063475 -0.065294
v -0.074631 -0.061840 -0.007835
v -0.077872 -0.063734 -0.022531
v -0.084865 -0.070525 -0.053196
v -0.081511 -0.065388 -0.031556
v -0.079414 -0.059003 -0.006615
v -0.124208 -0.051050 -0.006199
v -0.124208 -0.063570 -0.072910
v -0.123709 -0.056102 -0.039781
v -0.073932 -0.061431 -0.004663
v -0.075268 -0.061171 -0.004328
v -0.075832 -0.061494 -0.006647
v -0.074631 -0.061840 -0.007835
v -0.075832 -0.061494 -0.006647
v -0.079609 -0.063655 -0.022172
v -0.075832 -0.061494 -0.006647
v -0.074631 -0.061840 -0.007835
v -0.073932 -0.061431 -0.004663
v -0.063672 -0.063522 -0.065294
v -0.064802 -0.060728 0.024406
v -0.066843 -0.060399 0.019271
v -0.063672 -0.063522 -0.065294
v -0.062723 -0.061403 0.028515
v -0.063235 -0.061181 0.027701
v -0.063235 -0.061181 0.027701
v -0.064802 -0.060728 0.024406
v -0.063672 -0.063522 -0.065294
v -0.066953 -0.061875 -0.065294
v -0.073932 -0.061431 -0.004663
v -0.074631 -0.061840 -0.007835
v -0.066953 -0.061875 -0.065294
v -0.066843 -0.060399 0.019271
v -0.069415 -0.060380 0.011648
v -0.069415 -0.060380 0.011648
v -0.073932 -0.061431 -0.004663
v -0.066953 -0.061875 -0.065294
v -0.066843 -0.060399 0.019271
v -0.066953 -0.061875 -0.065294
v -0.063672 -0.063522 -0.065294
v -0.106745 -0.051567 -0.006325
v -0.108967 -0.057298 -0.040175
v -0.091507 -0.061808 -0.040267
v -0.106745 -0.051567 -0.006325
v -0.123708 -0.051282 -0.006141
v -0.123709 -0.055553 -0.034214
v -0.123709 -0.055553 -0.034214
v -0.108967 -0.057298 -0.040175
v -0.106745 -0.051567 -0.006325
v -0.123709 -0.055553 -0.034214
v -0.123709 -0.056272 -0.038246
v -0.108967 -0.057298 -0.040175
v -0.079414 -0.059003 -0.006615
v -0.087899 -0.054963 -0.006525
v -0.091507 -0.061808 -0.040267
v -0.079414 -0.059003 -0.006615
v -0.081511 -0.065388 -0.031556
v -0.079609 -0.063655 -0.022172
v -0.079414 -0.059003 -0.006615
v -0.075832 -0.061494 -0.006647
v -0.075268 -0.061171 -0.004328
v -0.123709 -0.050193 0.001013
v -0.123708 -0.051282 -0.006141
v -0.106745 -0.051567 -0.006325
v -0.079609 -0.063655 -0.022172
v -0.075832 -0.061494 -0.006647
v -0.079414 -0.059003 -0.006615
v -0.091507 -0.061808 -0.040267
v -0.087899 -0.054963 -0.006525
v -0.106745 -0.051567 -0.006325
v -0.123709 -0.056102 -0.039781
v -0.123709 -0.050555 -0.006270
v -0.124208 -0.051050 -0.006199
v -0.123709 -0.050555 -0.006270
v -0.123709 -0.056102 -0.039781
v -0.123709 -0.055553 -0.034214
v -0.123709 -0.055553 -0.034214
v -0.123708 -0.051282 -0.006141
v -0.123709 -0.050555 -0.006270
v -0.123709 -0.056272 -0.038246
v -0.123709 -0.055553 -0.034214
v -0.123709 -0.056102 -0.039781
v -0.123708 -0.051282 -0.006141
v -0.123709 -0.050193 0.001013
v -0.123709 -0.050555 -0.006270
v 0.127832 0.013140 -0.073221
v 0.116182 0.012506 -0.036949
v 0.116325 -0.011194 -0.036949
v 0.122179 0.038788 -0.073221
v 0.110948 0.035622 -0.036949
v 0.116182 0.012506 -0.036949
v 0.116182 0.012506 -0.036949
v 0.127828 0.013844 -0.073221
v 0.122179 0.038788 -0.073221
v 0.111136 0.062619 -0.073221
v 0.100867 0.057072 -0.036949
v 0.110948 0.035622 -0.036949
v 0.110948 0.035622 -0.036949
v 0.122034 0.039432 -0.073221
v 0.111136 0.062619 -0.073221
v 0.122179 0.038788 -0.073221
v 0.122034 0.039432 -0.073221
v 0.110948 0.035622 -0.036949
v 0.127832 0.013140 -0.073221
v 0.127828 0.013844 -0.073221
v 0.116182 0.012506 -0.036949
v 0.127832 0.013140 -0.073221
v 0.127985 -0.012392 -0.073221
v 0.128047 -0.000000 -0.074305
v 0.128047 -0.000000 -0.074305
v 0.128047 0.013155 -0.074305
v 0.127832 0.013140 -0.073221
v 0.127828 0.013844 -0.073221
v 0.128047 0.013155 -0.074305
v 0.122963 0.036217 -0.074305
v 0.122963 0.036217 -0.074305
v 0.122179 0.038788 -0.073221
v 0.127828 0.013844 -0.073221
v 0.122963 0.036217 -0.074305
v 0.122383 0.038849 -0.074305
v 0.122179 0.038788 -0.073221
v 0.111318 0.062720 -0.074305
v 0.111136 0.062619 -0.073221
v 0.122034 0.039432 -0.073221
v 0.122034 0.039432 -0.073221
v 0.122383 0.038849 -0.074305
v 0.111318 0.062720 -0.074305
v 0.122034 0.039432 -0.073221
v 0.122179 0.038788 -0.073221
v 0.122383 0.038849 -0.074305
v 0.127828 0.013844 -0.073221
v 0.127832 0.013140 -0.073221
v 0.128047 0.013155 -0.074305
v 0.126250 0.024307 -0.075329
v 0.128708 -0.000000 -0.075329
v 0.127210 0.000000 -0.076750
v 0.124784 0.024007 -0.076750
v 0.117598 0.047042 -0.076750
v 0.122580 0.036075 -0.075329
v 0.117598 0.047042 -0.076750
v 0.118977 0.047630 -0.075329
v 0.122580 0.036075 -0.075329
v 0.118977 0.047630 -0.075329
v 0.117598 0.047042 -0.076750
v 0.105949 0.068173 -0.076750
v 0.122580 0.036075 -0.075329
v 0.126250 0.024307 -0.075329
v 0.124784 0.024007 -0.076750
v 0.127210 0.000000 -0.076750
v 0.124784 0.024007 -0.076750
v 0.126250 0.024307 -0.075329
v 0.087551 0.056347 -0.076750
v 0.077696 0.056863 -0.076750
v 0.078523 0.059568 -0.078750
v 0.096495 0.060517 -0.076750
v 0.087551 0.056347 -0.076750
v 0.087012 0.059123 -0.078750
v 0.078523 0.059568 -0.078750
v 0.087012 0.059123 -0.078750
v 0.087551 0.056347 -0.076750
v 0.071238 0.063946 -0.078750
v 0.078523 0.059568 -0.078750
v 0.077696 0.056863 -0.076750
v 0.111318 0.062720 -0.074305
v 0.122383 0.038849 -0.074305
v 0.118977 0.047630 -0.075329
v 0.122580 0.036075 -0.075329
v 0.118977 0.047630 -0.075329
v 0.122383 0.038849 -0.074305
v 0.122383 0.038849 -0.074305
v 0.122963 0.036217 -0.074305
v 0.122580 0.036075 -0.075329
v 0.118977 0.047630 -0.075329
v 0.107180 0.069024 -0.075329
v 0.111318 0.062720 -0.074305
v 0.122963 0.036217 -0.074305
v 0.128047 0.013155 -0.074305
v 0.126250 0.024307 -0.075329
v 0.128708 -0.000000 -0.075329
v 0.126250 0.024307 -0.075329
v 0.128047 0.013155 -0.074305
v 0.128047 0.013155 -0.074305
v 0.128047 -0.000000 -0.074305
v 0.128708 -0.000000 -0.075329
v 0.126250 0.024307 -0.075329
v 0.122580 0.036075 -0.075329
v 0.122963 0.036217 -0.074305
v 0.096495 0.060517 -0.076750
v 0.117598 0.047042 -0.076750
v 0.124784 0.024007 -0.076750
v 0.096495 0.060517 -0.076750
v 0.105949 0.068173 -0.076750
v 0.117598 0.047042 -0.076750
v 0.127210 0.000000 -0.076750
v 0.087551 0.056347 -0.076750
v 0.096495 0.060517 -0.076750
v 0.127210 0.000000 -0.076750
v 0.013730 0.107562 -0.076750
v 0.069238 0.061946 -0.076750
v 0.127210 0.000000 -0.076750
v 0.077696 0.056863 -0.076750
v 0.087551 0.056347 -0.076750
v 0.069238 0.061946 -0.076750
v 0.077696 0.056863 -0.076750
v 0.127210 0.000000 -0.076750
v 0.124784 0.024007 -0.076750
v 0.127210 0.000000 -0.076750
v 0.096495 0.060517 -0.076750
v 0.007292 -0.104895 -0.076750
v 0.007292 0.104895 -0.076750
v 0.013730 0.107562 -0.076750
v 0.100867 0.057072 -0.036949
v 0.110874 0.063176 -0.073221
v 0.099554 0.070350 -0.056938
v 0.110874 0.063176 -0.073221
v 0.100674 0.073119 -0.064855
v 0.100114 0.071736 -0.060895
v 0.100114 0.071736 -0.060895
v 0.099554 0.070350 -0.056938
v 0.110874 0.063176 -0.073221
v 0.099554 0.070350 -0.056938
v 0.096253 0.065189 -0.039114
v 0.100867 0.057072 -0.036949
v 0.110874 0.063176 -0.073221
v 0.100695 0.073823 -0.066239
v 0.100674 0.073119 -0.064855
v 0.110874 0.063176 -0.073221
v 0.099701 0.076134 -0.068318
v 0.100383 0.074816 -0.067391
v 0.100383 0.074816 -0.067391
v 0.100695 0.073823 -0.066239
v 0.110874 0.063176 -0.073221
v 0.110874 0.063176 -0.073221
v 0.095220 0.083513 -0.073221
v 0.098668 0.077599 -0.068771
v 0.093830 0.082967 -0.068785
v 0.098425 0.077890 -0.068785
v 0.095220 0.083513 -0.073221
v 0.095220 0.083513 -0.073221
v 0.094872 0.083966 -0.073221
v 0.093830 0.082967 -0.068785
v 0.098425 0.077890 -0.068785
v 0.098668 0.077599 -0.068771
v 0.095220 0.083513 -0.073221
v 0.098668 0.077599 -0.068771
v 0.099701 0.076134 -0.068318
v 0.110874 0.063176 -0.073221
v 0.094872 0.083966 -0.073221
v 0.075178 0.100491 -0.073221
v 0.085182 0.091133 -0.068785
v 0.075178 0.100491 -0.073221
v 0.083856 0.092135 -0.068513
v 0.085182 0.091133 -0.068785
v 0.075178 0.100491 -0.073221
v 0.082558 0.092887 -0.067769
v 0.083856 0.092135 -0.068513
v 0.081319 0.093359 -0.066523
v 0.082558 0.092887 -0.067769
v 0.075178 0.100491 -0.073221
v 0.075178 0.100491 -0.073221
v 0.074774 0.100830 -0.073221
v 0.081319 0.093359 -0.066523
v 0.074774 0.100830 -0.073221
v 0.077642 0.092262 -0.056938
v 0.079028 0.092822 -0.060895
v 0.074774 0.100830 -0.073221
v 0.068254 0.091088 -0.036949
v 0.074691 0.090709 -0.047625
v 0.074691 0.090709 -0.047625
v 0.077642 0.092262 -0.056938
v 0.074774 0.100830 -0.073221
v 0.079028 0.092822 -0.060895
v 0.080411 0.093382 -0.064855
v 0.074774 0.100830 -0.073221
v 0.068254 0.091088 -0.036949
v 0.072240 0.088330 -0.036938
v 0.074691 0.090709 -0.047625
v 0.080411 0.093382 -0.064855
v 0.080541 0.093420 -0.065192
v 0.074774 0.100830 -0.073221
v 0.080541 0.093420 -0.065192
v 0.081319 0.093359 -0.066523
v 0.074774 0.100830 -0.073221
v 0.085182 0.091133 -0.068785
v 0.093830 0.082967 -0.068785
v 0.094872 0.083966 -0.073221
v 0.111136 0.062619 -0.073221
v 0.110874 0.063176 -0.073221
v 0.100867 0.057072 -0.036949
v 0.077411 0.089768 -0.057375
v 0.078789 0.090335 -0.061334
v 0.079028 0.092822 -0.060895
v 0.078789 0.090335 -0.061334
v 0.080165 0.090900 -0.065294
v 0.080411 0.093382 -0.064855
v 0.080411 0.093382 -0.064855
v 0.079028 0.092822 -0.060895
v 0.078789 0.090335 -0.061334
v 0.079028 0.092822 -0.060895
v 0.077642 0.092262 -0.056938
v 0.077411 0.089768 -0.057375
v 0.083856 0.092135 -0.068513
v 0.083175 0.090545 -0.067580
v 0.084256 0.090049 -0.067750
v 0.082558 0.092887 -0.067769
v 0.082082 0.090873 -0.067115
v 0.083175 0.090545 -0.067580
v 0.081319 0.093359 -0.066523
v 0.081004 0.091017 -0.066336
v 0.082082 0.090873 -0.067115
v 0.080541 0.093420 -0.065192
v 0.080292 0.090945 -0.065504
v 0.081004 0.091017 -0.066336
v 0.080411 0.093382 -0.064855
v 0.080165 0.090900 -0.065294
v 0.080292 0.090945 -0.065504
v 0.080292 0.090945 -0.065504
v 0.080541 0.093420 -0.065192
v 0.080411 0.093382 -0.064855
v 0.081004 0.091017 -0.066336
v 0.081319 0.093359 -0.066523
v 0.080541 0.093420 -0.065192
v 0.082082 0.090873 -0.067115
v 0.082558 0.092887 -0.067769
v 0.081319 0.093359 -0.066523
v 0.083175 0.090545 -0.067580
v 0.083856 0.092135 -0.068513
v 0.082558 0.092887 -0.067769
v 0.084256 0.090049 -0.067750
v 0.085182 0.091133 -0.068785
v 0.083856 0.092135 -0.068513
v 0.099554 0.070350 -0.056938
v 0.097060 0.070119 -0.057375
v 0.094066 0.065430 -0.039540
v 0.074735 0.088360 -0.048059
v 0.074691 0.090709 -0.047625
v 0.072240 0.088330 -0.036938
v 0.077642 0.092262 -0.056938
v 0.074691 0.090709 -0.047625
v 0.074735 0.088360 -0.048059
v 0.074735 0.088360 -0.048059
v 0.077411 0.089768 -0.057375
v 0.077642 0.092262 -0.056938
v 0.094066 0.065430 -0.039540
v 0.096253 0.065189 -0.039114
v 0.099554 0.070350 -0.056938
v 0.077469 0.089643 -0.065294
v 0.080165 0.090900 -0.065294
v 0.078789 0.090335 -0.061334
v 0.078789 0.090335 -0.061334
v 0.077411 0.089768 -0.057375
v 0.077469 0.089643 -0.065294
v 0.097627 0.071497 -0.061334
v 0.100114 0.071736 -0.060895
v 0.100674 0.073119 -0.064855
v 0.097060 0.070119 -0.057375
v 0.099554 0.070350 -0.056938
v 0.100114 0.071736 -0.060895
v 0.100114 0.071736 -0.060895
v 0.097627 0.071497 -0.061334
v 0.097060 0.070119 -0.057375
v 0.100674 0.073119 -0.064855
v 0.098192 0.072873 -0.065294
v 0.097627 0.071497 -0.061334
v 0.070767 0.083319 -0.065294
v 0.077469 0.089643 -0.065294
v 0.077411 0.089768 -0.057375
v 0.074735 0.088360 -0.048059
v 0.070452 0.081534 -0.065294
v 0.070767 0.083319 -0.065294
v 0.077411 0.089768 -0.057375
v 0.074735 0.088360 -0.048059
v 0.070767 0.083319 -0.065294
v 0.074735 0.088360 -0.048059
v 0.070688 0.084455 -0.028719
v 0.070452 0.081534 -0.065294
v 0.069167 0.074245 -0.065294
v 0.070452 0.081534 -0.065294
v 0.069424 0.081798 -0.017975
v 0.089100 0.062124 -0.017993
v 0.088826 0.063160 -0.065294
v 0.081537 0.061875 -0.065294
v 0.090611 0.063475 -0.065294
v 0.094066 0.065430 -0.039540
v 0.097060 0.070119 -0.057375
v 0.097060 0.070119 -0.057375
v 0.096935 0.070177 -0.065294
v 0.090611 0.063475 -0.065294
v 0.088826 0.063160 -0.065294
v 0.091298 0.063087 -0.026761
v 0.094066 0.065430 -0.039540
v 0.090611 0.063475 -0.065294
v 0.088826 0.063160 -0.065294
v 0.094066 0.065430 -0.039540
v 0.078526 0.087377 -0.067750
v 0.080292 0.090945 -0.065504
v 0.080165 0.090900 -0.065294
v 0.078526 0.087377 -0.067750
v 0.081004 0.091017 -0.066336
v 0.080292 0.090945 -0.065504
v 0.078526 0.087377 -0.067750
v 0.084256 0.090049 -0.067750
v 0.083175 0.090545 -0.067580
v 0.083175 0.090545 -0.067580
v 0.082082 0.090873 -0.067115
v 0.078526 0.087377 -0.067750
v 0.082082 0.090873 -0.067115
v 0.081004 0.091017 -0.066336
v 0.078526 0.087377 -0.067750
v 0.080165 0.090900 -0.065294
v 0.077469 0.089643 -0.065294
v 0.078526 0.087377 -0.067750
v 0.098425 0.077890 -0.068785
v 0.093830 0.082967 -0.068785
v 0.094304 0.080381 -0.067750
v 0.093830 0.082967 -0.068785
v 0.093482 0.081727 -0.067784
v 0.094304 0.080381 -0.067750
v 0.093830 0.082967 -0.068785
v 0.090867 0.084754 -0.067863
v 0.093482 0.081727 -0.067784
v 0.085182 0.091133 -0.068785
v 0.087673 0.087012 -0.067750
v 0.090867 0.084754 -0.067863
v 0.085182 0.091133 -0.068785
v 0.084256 0.090049 -0.067750
v 0.087673 0.087012 -0.067750
v 0.090867 0.084754 -0.067863
v 0.093830 0.082967 -0.068785
v 0.085182 0.091133 -0.068785
v 0.094304 0.080381 -0.067750
v 0.097341 0.076964 -0.067750
v 0.098425 0.077890 -0.068785
v 0.096935 0.070177 -0.065294
v 0.094669 0.071234 -0.067750
v 0.089425 0.065675 -0.067750
v 0.081899 0.064348 -0.067750
v 0.081537 0.061875 -0.065294
v 0.088826 0.063160 -0.065294
v 0.088826 0.063160 -0.065294
v 0.089425 0.065675 -0.067750
v 0.081899 0.064348 -0.067750
v 0.075070 0.067778 -0.067750
v 0.073302 0.066010 -0.065294
v 0.078256 0.063522 -0.065294
v 0.078256 0.063522 -0.065294
v 0.081899 0.064348 -0.067750
v 0.075070 0.067778 -0.067750
v 0.075070 0.067778 -0.067750
v 0.071640 0.074607 -0.067750
v 0.070814 0.070964 -0.065294
v 0.071640 0.074607 -0.067750
v 0.069167 0.074245 -0.065294
v 0.070814 0.070964 -0.065294
v 0.071640 0.074607 -0.067750
v 0.072967 0.082133 -0.067750
v 0.070452 0.081534 -0.065294
v 0.072967 0.082133 -0.067750
v 0.070767 0.083319 -0.065294
v 0.070452 0.081534 -0.065294
v 0.070767 0.083319 -0.065294
v 0.072967 0.082133 -0.067750
v 0.078526 0.087377 -0.067750
v 0.078526 0.087377 -0.067750
v 0.077469 0.089643 -0.065294
v 0.070767 0.083319 -0.065294
v 0.070452 0.081534 -0.065294
v 0.069167 0.074245 -0.065294
v 0.071640 0.074607 -0.067750
v 0.070814 0.070964 -0.065294
v 0.073302 0.066010 -0.065294
v 0.075070 0.067778 -0.067750
v 0.078256 0.063522 -0.065294
v 0.081537 0.061875 -0.065294
v 0.081899 0.064348 -0.067750
v 0.088826 0.063160 -0.065294
v 0.090611 0.063475 -0.065294
v 0.089425 0.065675 -0.067750
v 0.089425 0.065675 -0.067750
v 0.090611 0.063475 -0.065294
v 0.096935 0.070177 -0.065294
v 0.094669 0.071234 -0.067750
v 0.098240 0.074403 -0.066879
v 0.097963 0.075524 -0.067458
v 0.094669 0.071234 -0.067750
v 0.098309 0.073529 -0.066159
v 0.098240 0.074403 -0.066879
v 0.097963 0.075524 -0.067458
v 0.097466 0.076729 -0.067741
v 0.094669 0.071234 -0.067750
v 0.094669 0.071234 -0.067750
v 0.096935 0.070177 -0.065294
v 0.098192 0.072873 -0.065294
v 0.098192 0.072873 -0.065294
v 0.098309 0.073529 -0.066159
v 0.094669 0.071234 -0.067750
v 0.097466 0.076729 -0.067741
v 0.097341 0.076964 -0.067750
v 0.094669 0.071234 -0.067750
v 0.100674 0.073119 -0.064855
v 0.100695 0.073823 -0.066239
v 0.098309 0.073529 -0.066159
v 0.100695 0.073823 -0.066239
v 0.100383 0.074816 -0.067391
v 0.098240 0.074403 -0.066879
v 0.100383 0.074816 -0.067391
v 0.099701 0.076134 -0.068318
v 0.097963 0.075524 -0.067458
v 0.099701 0.076134 -0.068318
v 0.098668 0.077599 -0.068771
v 0.097466 0.076729 -0.067741
v 0.098668 0.077599 -0.068771
v 0.098425 0.077890 -0.068785
v 0.097341 0.076964 -0.067750
v 0.097341 0.076964 -0.067750
v 0.097466 0.076729 -0.067741
v 0.098668 0.077599 -0.068771
v 0.097466 0.076729 -0.067741
v 0.097963 0.075524 -0.067458
v 0.099701 0.076134 -0.068318
v 0.097963 0.075524 -0.067458
v 0.098240 0.074403 -0.066879
v 0.100383 0.074816 -0.067391
v 0.098240 0.074403 -0.066879
v 0.098309 0.073529 -0.066159
v 0.100695 0.073823 -0.066239
v 0.098309 0.073529 -0.066159
v 0.098192 0.072873 -0.065294
v 0.100674 0.073119 -0.064855
v 0.096935 0.070177 -0.065294
v 0.097060 0.070119 -0.057375
v 0.097627 0.071497 -0.061334
v 0.097627 0.071497 -0.061334
v 0.098192 0.072873 -0.065294
v 0.096935 0.070177 -0.065294
v 0.094669 0.071234 -0.067750
v 0.094463 0.072804 -0.067750
v 0.089827 0.066808 -0.067750
v 0.097341 0.076964 -0.067750
v 0.094304 0.080381 -0.067750
v 0.094463 0.072804 -0.067750
v 0.084256 0.090049 -0.067750
v 0.078526 0.087377 -0.067750
v 0.080096 0.087171 -0.067750
v 0.078526 0.087377 -0.067750
v 0.072967 0.082133 -0.067750
v 0.074100 0.082535 -0.067750
v 0.071640 0.074607 -0.067750
v 0.075070 0.067778 -0.067750
v 0.075615 0.068323 -0.067750
v 0.081899 0.064348 -0.067750
v 0.082454 0.065055 -0.067750
v 0.075615 0.068323 -0.067750
v 0.089425 0.065675 -0.067750
v 0.089827 0.066808 -0.067750
v 0.082454 0.065055 -0.067750
v 0.094463 0.072804 -0.067750
v 0.094669 0.071234 -0.067750
v 0.097341 0.076964 -0.067750
v 0.074100 0.082535 -0.067750
v 0.080096 0.087171 -0.067750
v 0.078526 0.087377 -0.067750
v 0.072967 0.082133 -0.067750
v 0.071640 0.074607 -0.067750
v 0.072347 0.075162 -0.067750
v 0.075615 0.068323 -0.067750
v 0.075070 0.067778 -0.067750
v 0.081899 0.064348 -0.067750
v 0.089827 0.066808 -0.067750
v 0.089425 0.065675 -0.067750
v 0.094669 0.071234 -0.067750
v 0.072347 0.075162 -0.067750
v 0.074100 0.082535 -0.067750
v 0.072967 0.082133 -0.067750
v 0.082454 0.065055 -0.067750
v 0.081899 0.064348 -0.067750
v 0.089425 0.065675 -0.067750
v 0.075615 0.068323 -0.067750
v 0.072347 0.075162 -0.067750
v 0.071640 0.074607 -0.067750
v 0.080096 0.087171 -0.067750
v 0.087673 0.087012 -0.067750
v 0.084256 0.090049 -0.067750
v 0.094304 0.080381 -0.067750
v 0.093414 0.080046 -0.067059
v 0.093492 0.076355 -0.067059
v 0.093492 0.076355 -0.067059
v 0.094463 0.072804 -0.067750
v 0.094304 0.080381 -0.067750
v 0.089827 0.066808 -0.067750
v 0.094463 0.072804 -0.067750
v 0.093560 0.073102 -0.067059
v 0.082454 0.065055 -0.067750
v 0.089827 0.066808 -0.067750
v 0.088835 0.067494 -0.067059
v 0.089827 0.066808 -0.067750
v 0.089312 0.067607 -0.067059
v 0.088835 0.067494 -0.067059
v 0.082454 0.065055 -0.067750
v 0.082554 0.066001 -0.067059
v 0.078690 0.067848 -0.067059
v 0.078690 0.067848 -0.067059
v 0.075615 0.068323 -0.067750
v 0.082454 0.065055 -0.067750
v 0.072347 0.075162 -0.067750
v 0.075615 0.068323 -0.067750
v 0.076288 0.068996 -0.067059
v 0.074100 0.082535 -0.067750
v 0.072347 0.075162 -0.067750
v 0.073538 0.076295 -0.067059
v 0.072347 0.075162 -0.067750
v 0.073293 0.075262 -0.067059
v 0.073538 0.076295 -0.067059
v 0.074100 0.082535 -0.067750
v 0.074899 0.082020 -0.067059
v 0.078753 0.085000 -0.067059
v 0.078753 0.085000 -0.067059
v 0.080096 0.087171 -0.067750
v 0.074100 0.082535 -0.067750
v 0.080096 0.087171 -0.067750
v 0.080394 0.086268 -0.067059
v 0.087338 0.086122 -0.067059
v 0.087338 0.086122 -0.067059
v 0.087673 0.087012 -0.067750
v 0.080096 0.087171 -0.067750
v 0.078753 0.085000 -0.067059
v 0.080394 0.086268 -0.067059
v 0.080096 0.087171 -0.067750
v 0.073538 0.076295 -0.067059
v 0.074899 0.082020 -0.067059
v 0.074100 0.082535 -0.067750
v 0.076288 0.068996 -0.067059
v 0.073293 0.075262 -0.067059
v 0.072347 0.075162 -0.067750
v 0.078690 0.067848 -0.067059
v 0.076288 0.068996 -0.067059
v 0.075615 0.068323 -0.067750
v 0.088835 0.067494 -0.067059
v 0.082554 0.066001 -0.067059
v 0.082454 0.065055 -0.067750
v 0.093560 0.073102 -0.067059
v 0.089312 0.067607 -0.067059
v 0.089827 0.066808 -0.067750
v 0.093492 0.076355 -0.067059
v 0.093560 0.073102 -0.067059
v 0.094463 0.072804 -0.067750
v 0.090867 0.084754 -0.067863
v 0.087673 0.087012 -0.067750
v 0.088807 0.085282 -0.067146
v 0.087673 0.087012 -0.067750
v 0.087338 0.086122 -0.067059
v 0.088807 0.085282 -0.067146
v 0.093482 0.081727 -0.067784
v 0.090867 0.084754 -0.067863
v 0.090513 0.084305 -0.067247
v 0.093414 0.080046 -0.067059
v 0.094304 0.080381 -0.067750
v 0.093482 0.081727 -0.067784
v 0.093482 0.081727 -0.067784
v 0.092803 0.081414 -0.067116
v 0.093414 0.080046 -0.067059
v 0.090513 0.084305 -0.067247
v 0.092803 0.081414 -0.067116
v 0.093482 0.081727 -0.067784
v 0.088807 0.085282 -0.067146
v 0.090513 0.084305 -0.067247
v 0.090867 0.084754 -0.067863
v 0.078603 0.085125 -0.066095
v 0.078753 0.085000 -0.067059
v 0.074899 0.082020 -0.067059
v 0.073538 0.076295 -0.067059
v 0.073547 0.076368 -0.066095
v 0.074157 0.079826 -0.066095
v 0.074157 0.079826 -0.066095
v 0.074899 0.082020 -0.067059
v 0.073538 0.076295 -0.067059
v 0.073547 0.076368 -0.066095
v 0.073538 0.076295 -0.067059
v 0.073293 0.075262 -0.067059
v 0.076288 0.068996 -0.067059
v 0.078603 0.067610 -0.066095
v 0.074157 0.072909 -0.066095
v 0.074157 0.072909 -0.066095
v 0.073293 0.075262 -0.067059
v 0.076288 0.068996 -0.067059
v 0.076288 0.068996 -0.067059
v 0.078690 0.067848 -0.067059
v 0.078603 0.067610 -0.066095
v 0.078603 0.067610 -0.066095
v 0.078690 0.067848 -0.067059
v 0.082554 0.066001 -0.067059
v 0.088835 0.067494 -0.067059
v 0.088411 0.068138 -0.066095
v 0.085416 0.066409 -0.066095
v 0.085416 0.066409 -0.066095
v 0.082554 0.066001 -0.067059
v 0.088835 0.067494 -0.067059
v 0.088411 0.068138 -0.066095
v 0.088835 0.067494 -0.067059
v 0.089312 0.067607 -0.067059
v 0.093772 0.076368 -0.066095
v 0.091406 0.069867 -0.066095
v 0.093560 0.073102 -0.067059
v 0.093560 0.073102 -0.067059
v 0.093492 0.076355 -0.067059
v 0.093772 0.076368 -0.066095
v 0.091406 0.069867 -0.066095
v 0.089312 0.067607 -0.067059
v 0.093560 0.073102 -0.067059
v 0.093772 0.076368 -0.066095
v 0.093492 0.076355 -0.067059
v 0.093414 0.080046 -0.067059
v 0.093414 0.080046 -0.067059
v 0.091406 0.082868 -0.066095
v 0.093772 0.076368 -0.066095
v 0.093414 0.080046 -0.067059
v 0.092803 0.081414 -0.067116
v 0.091406 0.082868 -0.066095
v 0.088411 0.084597 -0.066095
v 0.091406 0.082868 -0.066095
v 0.090513 0.084305 -0.067247
v 0.090513 0.084305 -0.067247
v 0.088807 0.085282 -0.067146
v 0.088411 0.084597 -0.066095
v 0.088411 0.084597 -0.066095
v 0.088807 0.085282 -0.067146
v 0.087338 0.086122 -0.067059
v 0.080394 0.086268 -0.067059
v 0.078603 0.085125 -0.066095
v 0.085416 0.086326 -0.066095
v 0.085416 0.086326 -0.066095
v 0.087338 0.086122 -0.067059
v 0.080394 0.086268 -0.067059
v 0.080394 0.086268 -0.067059
v 0.078753 0.085000 -0.067059
v 0.078603 0.085125 -0.066095
v 0.087338 0.086122 -0.067059
v 0.085416 0.086326 -0.066095
v 0.088411 0.084597 -0.066095
v 0.092803 0.081414 -0.067116
v 0.090513 0.084305 -0.067247
v 0.091406 0.082868 -0.066095
v 0.089312 0.067607 -0.067059
v 0.091406 0.069867 -0.066095
v 0.088411 0.068138 -0.066095
v 0.082554 0.066001 -0.067059
v 0.085416 0.066409 -0.066095
v 0.078603 0.067610 -0.066095
v 0.073293 0.075262 -0.067059
v 0.074157 0.072909 -0.066095
v 0.073547 0.076368 -0.066095
v 0.074899 0.082020 -0.067059
v 0.074157 0.079826 -0.066095
v 0.078603 0.085125 -0.066095
v 0.093772 0.076368 -0.066095
v 0.091406 0.082868 -0.066095
v 0.091042 0.082562 -0.065750
v 0.091042 0.082562 -0.065750
v 0.091406 0.082868 -0.066095
v 0.088411 0.084597 -0.066095
v 0.088411 0.084597 -0.066095
v 0.085333 0.085858 -0.065750
v 0.091042 0.082562 -0.065750
v 0.078603 0.085125 -0.066095
v 0.078841 0.084713 -0.065750
v 0.085333 0.085858 -0.065750
v 0.074157 0.079826 -0.066095
v 0.074604 0.079663 -0.065750
v 0.078841 0.084713 -0.065750
v 0.074604 0.079663 -0.065750
v 0.074157 0.079826 -0.066095
v 0.073547 0.076368 -0.066095
v 0.073547 0.076368 -0.066095
v 0.074604 0.073072 -0.065750
v 0.074604 0.079663 -0.065750
v 0.074157 0.072909 -0.066095
v 0.078603 0.067610 -0.066095
v 0.078841 0.068022 -0.065750
v 0.078603 0.067610 -0.066095
v 0.085416 0.066409 -0.066095
v 0.085333 0.066877 -0.065750
v 0.085333 0.066877 -0.065750
v 0.085416 0.066409 -0.066095
v 0.088411 0.068138 -0.066095
v 0.088411 0.068138 -0.066095
v 0.091042 0.070173 -0.065750
v 0.085333 0.066877 -0.065750
v 0.091406 0.069867 -0.066095
v 0.093772 0.076368 -0.066095
v 0.093296 0.076368 -0.065750
v 0.093296 0.076368 -0.065750
v 0.091042 0.070173 -0.065750
v 0.091406 0.069867 -0.066095
v 0.088411 0.068138 -0.066095
v 0.091406 0.069867 -0.066095
v 0.091042 0.070173 -0.065750
v 0.085333 0.066877 -0.065750
v 0.078841 0.068022 -0.065750
v 0.078603 0.067610 -0.066095
v 0.078841 0.068022 -0.065750
v 0.074604 0.073072 -0.065750
v 0.074157 0.072909 -0.066095
v 0.073547 0.076368 -0.066095
v 0.074157 0.072909 -0.066095
v 0.074604 0.073072 -0.065750
v 0.078841 0.084713 -0.065750
v 0.078603 0.085125 -0.066095
v 0.074157 0.079826 -0.066095
v 0.085333 0.085858 -0.065750
v 0.085416 0.086326 -0.066095
v 0.078603 0.085125 -0.066095
v 0.088411 0.084597 -0.066095
v 0.085416 0.086326 -0.066095
v 0.085333 0.085858 -0.065750
v 0.091042 0.082562 -0.065750
v 0.093296 0.076368 -0.065750
v 0.093772 0.076368 -0.066095
v 0.085333 0.085858 -0.065750
v 0.081960 0.081598 -0.065750
v 0.088109 0.079600 -0.065750
v 0.085333 0.066877 -0.065750
v 0.091042 0.070173 -0.065750
v 0.088109 0.073135 -0.065750
v 0.093296 0.076368 -0.065750
v 0.091042 0.082562 -0.065750
v 0.088109 0.079600 -0.065750
v 0.085333 0.085858 -0.065750
v 0.078841 0.084713 -0.065750
v 0.081960 0.081598 -0.065750
v 0.074604 0.079663 -0.065750
v 0.078160 0.076368 -0.065750
v 0.081960 0.081598 -0.065750
v 0.088109 0.073135 -0.065750
v 0.081960 0.071137 -0.065750
v 0.085333 0.066877 -0.065750
v 0.093296 0.076368 -0.065750
v 0.089160 0.076368 -0.065750
v 0.088109 0.073135 -0.065750
v 0.088109 0.079600 -0.065750
v 0.091042 0.082562 -0.065750
v 0.085333 0.085858 -0.065750
v 0.074604 0.079663 -0.065750
v 0.074604 0.073072 -0.065750
v 0.078160 0.076368 -0.065750
v 0.074604 0.073072 -0.065750
v 0.078841 0.068022 -0.065750
v 0.081960 0.071137 -0.065750
v 0.088109 0.073135 -0.065750
v 0.091042 0.070173 -0.065750
v 0.093296 0.076368 -0.065750
v 0.081960 0.081598 -0.065750
v 0.078841 0.084713 -0.065750
v 0.074604 0.079663 -0.065750
v 0.081960 0.071137 -0.065750
v 0.078841 0.068022 -0.065750
v 0.085333 0.066877 -0.065750
v 0.081960 0.071137 -0.065750
v 0.078160 0.076368 -0.065750
v 0.074604 0.073072 -0.065750
v 0.088109 0.079600 -0.065750
v 0.089160 0.076368 -0.065750
v 0.093296 0.076368 -0.065750
v 0.081960 0.071137 -0.065750
v 0.081960 0.071137 -0.078750
v 0.078160 0.076368 -0.078750
v 0.088109 0.073135 -0.065750
v 0.088109 0.073135 -0.078750
v 0.081960 0.071137 -0.078750
v 0.088109 0.079600 -0.078750
v 0.089160 0.076368 -0.078750
v 0.089160 0.076368 -0.065750
v 0.088109 0.073135 -0.065750
v 0.089160 0.076368 -0.065750
v 0.089160 0.076368 -0.078750
v 0.089160 0.076368 -0.078750
v 0.088109 0.073135 -0.078750
v 0.088109 0.073135 -0.065750
v 0.081960 0.081598 -0.065750
v 0.081960 0.081598 -0.078750
v 0.088109 0.079600 -0.078750
v 0.078160 0.076368 -0.065750
v 0.078160 0.076368 -0.078750
v 0.081960 0.081598 -0.078750
v 0.081960 0.081598 -0.078750
v 0.081960 0.081598 -0.065750
v 0.078160 0.076368 -0.065750
v 0.088109 0.079600 -0.078750
v 0.088109 0.079600 -0.065750
v 0.081960 0.081598 -0.065750
v 0.089160 0.076368 -0.065750
v 0.088109 0.079600 -0.065750
v 0.088109 0.079600 -0.078750
v 0.081960 0.071137 -0.078750
v 0.081960 0.071137 -0.065750
v 0.088109 0.073135 -0.065750
v 0.078160 0.076368 -0.078750
v 0.078160 0.076368 -0.065750
v 0.081960 0.071137 -0.065750
v 0.095220 0.083513 -0.073221
v 0.110874 0.063176 -0.073221
v 0.106626 0.068878 -0.074305
v 0.110874 0.063176 -0.073221
v 0.111318 0.062720 -0.074305
v 0.106626 0.068878 -0.074305
v 0.106626 0.068878 -0.074305
v 0.095372 0.083648 -0.074305
v 0.095220 0.083513 -0.073221
v 0.094872 0.083966 -0.073221
v 0.095372 0.083648 -0.074305
v 0.081473 0.095418 -0.074305
v 0.081473 0.095418 -0.074305
v 0.075178 0.100491 -0.073221
v 0.094872 0.083966 -0.073221
v 0.081473 0.095418 -0.074305
v 0.075294 0.100652 -0.074305
v 0.075178 0.100491 -0.073221
v 0.074774 0.100830 -0.073221
v 0.075294 0.100652 -0.074305
v 0.052026 0.112934 -0.074305
v 0.074774 0.100830 -0.073221
v 0.075178 0.100491 -0.073221
v 0.075294 0.100652 -0.074305
v 0.094872 0.083966 -0.073221
v 0.095220 0.083513 -0.073221
v 0.095372 0.083648 -0.074305
v 0.110874 0.063176 -0.073221
v 0.111136 0.062619 -0.073221
v 0.111318 0.062720 -0.074305
v 0.105949 0.068173 -0.076750
v 0.107180 0.069024 -0.075329
v 0.118977 0.047630 -0.075329
v 0.104566 0.072405 -0.078267
v 0.105074 0.071833 -0.076958
v 0.104594 0.070049 -0.077836
v 0.105796 0.070929 -0.075974
v 0.105068 0.069452 -0.077181
v 0.104594 0.070049 -0.077836
v 0.106641 0.069790 -0.075424
v 0.105609 0.068690 -0.076814
v 0.105068 0.069452 -0.077181
v 0.107053 0.069206 -0.075351
v 0.105949 0.068173 -0.076750
v 0.105609 0.068690 -0.076814
v 0.105609 0.068690 -0.076814
v 0.106641 0.069790 -0.075424
v 0.107053 0.069206 -0.075351
v 0.104389 0.070569 -0.078750
v 0.104566 0.072405 -0.078267
v 0.104250 0.070417 -0.078709
v 0.104389 0.070569 -0.078750
v 0.104456 0.072510 -0.078750
v 0.104566 0.072405 -0.078267
v 0.107053 0.069206 -0.075351
v 0.107180 0.069024 -0.075329
v 0.105949 0.068173 -0.076750
v 0.105068 0.069452 -0.077181
v 0.105796 0.070929 -0.075974
v 0.106641 0.069790 -0.075424
v 0.104594 0.070049 -0.077836
v 0.105074 0.071833 -0.076958
v 0.105796 0.070929 -0.075974
v 0.104594 0.070049 -0.077836
v 0.104250 0.070417 -0.078709
v 0.104566 0.072405 -0.078267
v 0.094715 0.062715 -0.078750
v 0.105068 0.069452 -0.077181
v 0.105609 0.068690 -0.076814
v 0.094715 0.062715 -0.078750
v 0.104594 0.070049 -0.077836
v 0.105068 0.069452 -0.077181
v 0.105609 0.068690 -0.076814
v 0.096495 0.060517 -0.076750
v 0.094715 0.062715 -0.078750
v 0.094715 0.062715 -0.078750
v 0.104250 0.070417 -0.078709
v 0.104594 0.070049 -0.077836
v 0.105609 0.068690 -0.076814
v 0.105949 0.068173 -0.076750
v 0.096495 0.060517 -0.076750
v 0.063639 0.080259 -0.076750
v 0.067809 0.089203 -0.076750
v 0.070007 0.087423 -0.078750
v 0.069238 0.061946 -0.076750
v 0.064155 0.070404 -0.076750
v 0.066860 0.071231 -0.078750
v 0.077696 0.056863 -0.076750
v 0.069238 0.061946 -0.076750
v 0.071238 0.063946 -0.078750
v 0.087012 0.059123 -0.078750
v 0.094715 0.062715 -0.078750
v 0.096495 0.060517 -0.076750
v 0.066860 0.071231 -0.078750
v 0.071238 0.063946 -0.078750
v 0.069238 0.061946 -0.076750
v 0.066415 0.079720 -0.078750
v 0.066860 0.071231 -0.078750
v 0.064155 0.070404 -0.076750
v 0.070007 0.087423 -0.078750
v 0.066415 0.079720 -0.078750
v 0.063639 0.080259 -0.076750
v 0.104250 0.070417 -0.078709
v 0.094715 0.062715 -0.078750
v 0.088109 0.073135 -0.078750
v 0.089160 0.076368 -0.078750
v 0.104456 0.072510 -0.078750
v 0.104389 0.070569 -0.078750
v 0.081960 0.081598 -0.078750
v 0.079802 0.097165 -0.078750
v 0.081725 0.095699 -0.078750
v 0.081960 0.081598 -0.078750
v 0.077719 0.096947 -0.078750
v 0.079511 0.097337 -0.078750
v 0.104456 0.072510 -0.078750
v 0.089160 0.076368 -0.078750
v 0.088109 0.079600 -0.078750
v 0.104389 0.070569 -0.078750
v 0.104250 0.070417 -0.078709
v 0.089160 0.076368 -0.078750
v 0.079511 0.097337 -0.078750
v 0.079802 0.097165 -0.078750
v 0.081960 0.081598 -0.078750
v 0.088109 0.073135 -0.078750
v 0.089160 0.076368 -0.078750
v 0.104250 0.070417 -0.078709
v 0.087012 0.059123 -0.078750
v 0.081960 0.071137 -0.078750
v 0.088109 0.073135 -0.078750
v 0.088109 0.079600 -0.078750
v 0.081725 0.095699 -0.078750
v 0.104456 0.072510 -0.078750
v 0.088109 0.073135 -0.078750
v 0.094715 0.062715 -0.078750
v 0.087012 0.059123 -0.078750
v 0.071238 0.063946 -0.078750
v 0.066860 0.071231 -0.078750
v 0.078160 0.076368 -0.078750
v 0.070007 0.087423 -0.078750
v 0.077719 0.096947 -0.078750
v 0.081960 0.081598 -0.078750
v 0.087012 0.059123 -0.078750
v 0.078523 0.059568 -0.078750
v 0.081960 0.071137 -0.078750
v 0.081960 0.071137 -0.078750
v 0.078523 0.059568 -0.078750
v 0.071238 0.063946 -0.078750
v 0.081725 0.095699 -0.078750
v 0.088109 0.079600 -0.078750
v 0.081960 0.081598 -0.078750
v 0.078160 0.076368 -0.078750
v 0.081960 0.071137 -0.078750
v 0.071238 0.063946 -0.078750
v 0.066860 0.071231 -0.078750
v 0.066415 0.079720 -0.078750
v 0.078160 0.076368 -0.078750
v 0.081960 0.081598 -0.078750
v 0.078160 0.076368 -0.078750
v 0.070007 0.087423 -0.078750
v 0.078160 0.076368 -0.078750
v 0.066415 0.079720 -0.078750
v 0.070007 0.087423 -0.078750
v 0.067809 0.089203 -0.076750
v 0.075465 0.098657 -0.076750
v 0.076290 0.098105 -0.076918
v 0.076290 0.098105 -0.076918
v 0.070007 0.087423 -0.078750
v 0.067809 0.089203 -0.076750
v 0.076290 0.098105 -0.076918
v 0.076998 0.097581 -0.077403
v 0.070007 0.087423 -0.078750
v 0.076998 0.097581 -0.077403
v 0.077512 0.097152 -0.078150
v 0.070007 0.087423 -0.078750
v 0.077512 0.097152 -0.078150
v 0.077719 0.096947 -0.078750
v 0.070007 0.087423 -0.078750
v 0.076316 0.099889 -0.075329
v 0.077541 0.099015 -0.075580
v 0.076290 0.098105 -0.076918
v 0.077541 0.099015 -0.075580
v 0.078605 0.098205 -0.076308
v 0.076998 0.097581 -0.077403
v 0.079388 0.097558 -0.077429
v 0.077512 0.097152 -0.078150
v 0.076998 0.097581 -0.077403
v 0.079388 0.097558 -0.077429
v 0.079511 0.097337 -0.078750
v 0.077719 0.096947 -0.078750
v 0.079388 0.097558 -0.077429
v 0.079802 0.097165 -0.078750
v 0.079511 0.097337 -0.078750
v 0.077719 0.096947 -0.078750
v 0.077512 0.097152 -0.078150
v 0.079388 0.097558 -0.077429
v 0.076998 0.097581 -0.077403
v 0.078605 0.098205 -0.076308
v 0.079388 0.097558 -0.077429
v 0.076998 0.097581 -0.077403
v 0.076290 0.098105 -0.076918
v 0.077541 0.099015 -0.075580
v 0.076290 0.098105 -0.076918
v 0.075465 0.098657 -0.076750
v 0.076316 0.099889 -0.075329
v 0.057735 0.110443 -0.075329
v 0.076316 0.099889 -0.075329
v 0.075465 0.098657 -0.076750
v 0.075294 0.100652 -0.074305
v 0.076316 0.099889 -0.075329
v 0.057735 0.110443 -0.075329
v 0.075294 0.100652 -0.074305
v 0.081473 0.095418 -0.074305
v 0.077541 0.099015 -0.075580
v 0.077541 0.099015 -0.075580
v 0.076316 0.099889 -0.075329
v 0.075294 0.100652 -0.074305
v 0.081473 0.095418 -0.074305
v 0.078605 0.098205 -0.076308
v 0.077541 0.099015 -0.075580
v 0.081473 0.095418 -0.074305
v 0.081725 0.095699 -0.078750
v 0.079802 0.097165 -0.078750
v 0.079802 0.097165 -0.078750
v 0.079388 0.097558 -0.077429
v 0.081473 0.095418 -0.074305
v 0.079388 0.097558 -0.077429
v 0.078605 0.098205 -0.076308
v 0.081473 0.095418 -0.074305
v 0.104456 0.072510 -0.078750
v 0.081725 0.095699 -0.078750
v 0.095372 0.083648 -0.074305
v 0.081725 0.095699 -0.078750
v 0.081473 0.095418 -0.074305
v 0.095372 0.083648 -0.074305
v 0.095372 0.083648 -0.074305
v 0.105074 0.071833 -0.076958
v 0.104566 0.072405 -0.078267
v 0.106626 0.068878 -0.074305
v 0.106641 0.069790 -0.075424
v 0.105796 0.070929 -0.075974
v 0.106626 0.068878 -0.074305
v 0.107053 0.069206 -0.075351
v 0.106641 0.069790 -0.075424
v 0.105796 0.070929 -0.075974
v 0.095372 0.083648 -0.074305
v 0.106626 0.068878 -0.074305
v 0.105796 0.070929 -0.075974
v 0.105074 0.071833 -0.076958
v 0.095372 0.083648 -0.074305
v 0.107180 0.069024 -0.075329
v 0.106626 0.068878 -0.074305
v 0.111318 0.062720 -0.074305
v 0.107180 0.069024 -0.075329
v 0.107053 0.069206 -0.075351
v 0.106626 0.068878 -0.074305
v 0.095372 0.083648 -0.074305
v 0.104566 0.072405 -0.078267
v 0.104456 0.072510 -0.078750
v 0.024373 0.108267 -0.036949
v 0.008845 0.111433 -0.042747
v 0.008186 0.111136 -0.041793
v 0.008186 0.111136 -0.041793
v 0.007877 0.111058 -0.041539
v 0.024373 0.108267 -0.036949
v 0.026200 0.119846 -0.073221
v 0.009940 0.115409 -0.055143
v 0.010131 0.113985 -0.050759
v 0.010131 0.113985 -0.050759
v 0.024373 0.108267 -0.036949
v 0.026200 0.119846 -0.073221
v 0.010131 0.113985 -0.050759
v 0.010218 0.113336 -0.048763
v 0.024373 0.108267 -0.036949
v 0.010218 0.113336 -0.048763
v 0.010052 0.112825 -0.047163
v 0.024373 0.108267 -0.036949
v 0.026200 0.119846 -0.073221
v 0.008899 0.116533 -0.058539
v 0.009940 0.115409 -0.055143
v 0.026200 0.119846 -0.073221
v 0.008272 0.116836 -0.059447
v 0.008899 0.116533 -0.058539
v 0.026200 0.119846 -0.073221
v 0.007829 0.116951 -0.059794
v 0.008272 0.116836 -0.059447
v 0.026200 0.119846 -0.073221
v 0.000389 0.121089 -0.073221
v 0.007529 0.116991 -0.059911
v 0.007529 0.116991 -0.059911
v 0.007829 0.116951 -0.059794
v 0.026200 0.119846 -0.073221
v 0.000389 0.121089 -0.073221
v 0.007185 0.116998 -0.059933
v 0.007292 0.116996 -0.059926
v 0.007292 0.116996 -0.059926
v 0.007529 0.116991 -0.059911
v 0.000389 0.121089 -0.073221
v 0.010052 0.112825 -0.047163
v 0.008845 0.111433 -0.042747
v 0.024373 0.108267 -0.036949
v 0.006854 0.116968 -0.059843
v 0.007185 0.116998 -0.059933
v 0.000389 0.121089 -0.073221
v -0.000006 0.121108 -0.073221
v 0.006091 0.116749 -0.059188
v 0.006429 0.116873 -0.059559
v 0.000699 0.109407 -0.036949
v 0.005035 0.112024 -0.044632
v 0.004292 0.114000 -0.050823
v 0.000699 0.109407 -0.036949
v 0.005996 0.111295 -0.042302
v 0.005035 0.112024 -0.044632
v 0.004292 0.114000 -0.050823
v 0.004942 0.115865 -0.056526
v -0.000006 0.121108 -0.073221
v 0.000699 0.109407 -0.036949
v 0.006525 0.111100 -0.041675
v 0.005996 0.111295 -0.042302
v 0.000699 0.109407 -0.036949
v 0.006904 0.111025 -0.041434
v 0.006525 0.111100 -0.041675
v 0.004942 0.115865 -0.056526
v 0.006091 0.116749 -0.059188
v -0.000006 0.121108 -0.073221
v 0.006429 0.116873 -0.059559
v 0.006854 0.116968 -0.059843
v -0.000006 0.121108 -0.073221
v 0.000389 0.121089 -0.073221
v -0.000006 0.121108 -0.073221
v 0.006854 0.116968 -0.059843
v 0.007877 0.111058 -0.041539
v 0.007502 0.111007 -0.041377
v 0.024373 0.108267 -0.036949
v 0.051949 0.112756 -0.073221
v 0.047248 0.102064 -0.036949
v 0.068254 0.091088 -0.036949
v 0.068254 0.091088 -0.036949
v 0.074774 0.100830 -0.073221
v 0.051949 0.112756 -0.073221
v 0.026623 0.119731 -0.073221
v 0.024373 0.108267 -0.036949
v 0.047248 0.102064 -0.036949
v 0.047248 0.102064 -0.036949
v 0.051521 0.112979 -0.073221
v 0.026623 0.119731 -0.073221
v 0.026623 0.119731 -0.073221
v 0.026200 0.119846 -0.073221
v 0.024373 0.108267 -0.036949
v 0.051949 0.112756 -0.073221
v 0.051521 0.112979 -0.073221
v 0.047248 0.102064 -0.036949
v 0.007292 0.111000 -0.078750
v 0.006904 0.111025 -0.041434
v 0.007292 0.111003 -0.041364
v 0.007292 0.111000 -0.078750
v 0.006525 0.111100 -0.041675
v 0.006904 0.111025 -0.041434
v 0.007292 0.111000 -0.078750
v 0.005035 0.112024 -0.044632
v 0.005996 0.111295 -0.042302
v 0.005996 0.111295 -0.042302
v 0.006525 0.111100 -0.041675
v 0.007292 0.111000 -0.078750
v 0.007292 0.111000 -0.078750
v 0.004292 0.114000 -0.078750
v 0.004292 0.114000 -0.050823
v 0.004292 0.114000 -0.050823
v 0.005035 0.112024 -0.044632
v 0.007292 0.111000 -0.078750
v 0.007292 0.111000 -0.078750
v 0.010218 0.113336 -0.048763
v 0.010131 0.113985 -0.050759
v 0.007292 0.111000 -0.078750
v 0.008186 0.111136 -0.041793
v 0.008845 0.111433 -0.042747
v 0.007292 0.111000 -0.078750
v 0.007292 0.111003 -0.041364
v 0.007502 0.111007 -0.041377
v 0.007502 0.111007 -0.041377
v 0.007877 0.111058 -0.041539
v 0.007292 0.111000 -0.078750
v 0.007877 0.111058 -0.041539
v 0.008186 0.111136 -0.041793
v 0.007292 0.111000 -0.078750
v 0.008845 0.111433 -0.042747
v 0.010052 0.112825 -0.047163
v 0.007292 0.111000 -0.078750
v 0.010052 0.112825 -0.047163
v 0.010218 0.113336 -0.048763
v 0.007292 0.111000 -0.078750
v 0.007292 0.117000 -0.078750
v 0.010292 0.114000 -0.078750
v 0.007529 0.116991 -0.059911
v 0.010292 0.114000 -0.078750
v 0.010131 0.113985 -0.050759
v 0.009940 0.115409 -0.055143
v 0.009940 0.115409 -0.055143
v 0.008899 0.116533 -0.058539
v 0.010292 0.114000 -0.078750
v 0.008899 0.116533 -0.058539
v 0.008272 0.116836 -0.059447
v 0.010292 0.114000 -0.078750
v 0.008272 0.116836 -0.059447
v 0.007829 0.116951 -0.059794
v 0.010292 0.114000 -0.078750
v 0.007829 0.116951 -0.059794
v 0.007529 0.116991 -0.059911
v 0.010292 0.114000 -0.078750
v 0.004292 0.114000 -0.078750
v 0.006091 0.116749 -0.059188
v 0.004942 0.115865 -0.056526
v 0.004292 0.114000 -0.078750
v 0.006854 0.116968 -0.059843
v 0.006429 0.116873 -0.059559
v 0.006429 0.116873 -0.059559
v 0.006091 0.116749 -0.059188
v 0.004292 0.114000 -0.078750
v 0.004292 0.114000 -0.078750
v 0.007185 0.116998 -0.059933
v 0.006854 0.116968 -0.059843
v 0.007292 0.117000 -0.078750
v 0.007292 0.116996 -0.059926
v 0.007185 0.116998 -0.059933
v 0.007185 0.116998 -0.059933
v 0.004292 0.114000 -0.078750
v 0.007292 0.117000 -0.078750
v 0.004942 0.115865 -0.056526
v 0.004292 0.114000 -0.050823
v 0.004292 0.114000 -0.078750
v 0.007529 0.116991 -0.059911
v 0.007292 0.116996 -0.059926
v 0.007292 0.117000 -0.078750
v 0.010131 0.113985 -0.050759
v 0.010292 0.114000 -0.078750
v 0.007292 0.111000 -0.078750
v 0.052026 0.112934 -0.074305
v 0.051949 0.112756 -0.073221
v 0.074774 0.100830 -0.073221
v 0.026623 0.119731 -0.073221
v 0.051521 0.112979 -0.073221
v 0.049770 0.113555 -0.074305
v 0.051521 0.112979 -0.073221
v 0.052026 0.112934 -0.074305
v 0.049770 0.113555 -0.074305
v 0.049770 0.113555 -0.074305
v 0.026658 0.119917 -0.074305
v 0.026623 0.119731 -0.073221
v 0.000389 0.121089 -0.073221
v 0.026200 0.119846 -0.073221
v 0.013877 0.120577 -0.074305
v 0.026200 0.119846 -0.073221
v 0.026658 0.119917 -0.074305
v 0.013877 0.120577 -0.074305
v 0.013877 0.120577 -0.074305
v 0.000382 0.121274 -0.074305
v 0.000389 0.121089 -0.073221
v 0.026200 0.119846 -0.073221
v 0.026623 0.119731 -0.073221
v 0.026658 0.119917 -0.074305
v 0.051521 0.112979 -0.073221
v 0.051949 0.112756 -0.073221
v 0.052026 0.112934 -0.074305
v 0.064155 0.070404 -0.076750
v 0.063639 0.080259 -0.076750
v 0.066415 0.079720 -0.078750
v 0.037219 0.116125 -0.076750
v 0.037592 0.117576 -0.075329
v 0.049662 0.113302 -0.075329
v 0.049662 0.113302 -0.075329
v 0.057113 0.109080 -0.076750
v 0.037219 0.116125 -0.076750
v 0.037592 0.117576 -0.075329
v 0.037219 0.116125 -0.076750
v 0.016397 0.119573 -0.076750
v 0.016397 0.119573 -0.076750
v 0.016511 0.121067 -0.075329
v 0.037592 0.117576 -0.075329
v 0.049662 0.113302 -0.075329
v 0.057735 0.110443 -0.075329
v 0.057113 0.109080 -0.076750
v 0.075465 0.098657 -0.076750
v 0.057113 0.109080 -0.076750
v 0.057735 0.110443 -0.075329
v 0.000382 0.121274 -0.074305
v 0.013877 0.120577 -0.074305
v 0.000216 0.121150 -0.076498
v 0.013877 0.120577 -0.074305
v 0.013901 0.121058 -0.078750
v 0.000603 0.121105 -0.077763
v 0.013901 0.121058 -0.078750
v 0.000630 0.121055 -0.078750
v 0.000603 0.121105 -0.077763
v 0.000603 0.121105 -0.077763
v 0.000540 0.121127 -0.077271
v 0.013877 0.120577 -0.074305
v 0.000540 0.121127 -0.077271
v 0.000216 0.121150 -0.076498
v 0.013877 0.120577 -0.074305
v 0.013901 0.121058 -0.078750
v 0.013877 0.120577 -0.074305
v 0.013981 0.121105 -0.077763
v 0.013877 0.120577 -0.074305
v 0.014144 0.121139 -0.076941
v 0.013981 0.121105 -0.077763
v 0.016511 0.121067 -0.075329
v 0.013877 0.120577 -0.074305
v 0.026658 0.119917 -0.074305
v 0.049770 0.113555 -0.074305
v 0.049662 0.113302 -0.075329
v 0.037592 0.117576 -0.075329
v 0.037592 0.117576 -0.075329
v 0.026658 0.119917 -0.074305
v 0.049770 0.113555 -0.074305
v 0.026658 0.119917 -0.074305
v 0.037592 0.117576 -0.075329
v 0.016511 0.121067 -0.075329
v 0.016511 0.121067 -0.075329
v 0.016010 0.121101 -0.075378
v 0.013877 0.120577 -0.074305
v 0.016010 0.121101 -0.075378
v 0.015221 0.121140 -0.075677
v 0.013877 0.120577 -0.074305
v 0.015221 0.121140 -0.075677
v 0.014575 0.121152 -0.076218
v 0.013877 0.120577 -0.074305
v 0.014575 0.121152 -0.076218
v 0.014144 0.121139 -0.076941
v 0.013877 0.120577 -0.074305
v 0.049662 0.113302 -0.075329
v 0.049770 0.113555 -0.074305
v 0.052026 0.112934 -0.074305
v 0.057735 0.110443 -0.075329
v 0.052026 0.112934 -0.074305
v 0.075294 0.100652 -0.074305
v 0.052026 0.112934 -0.074305
v 0.057735 0.110443 -0.075329
v 0.049662 0.113302 -0.075329
v 0.013981 0.121105 -0.077763
v 0.014144 0.121139 -0.076941
v 0.015462 0.119644 -0.077395
v 0.014144 0.121139 -0.076941
v 0.014575 0.121152 -0.076218
v 0.015632 0.119657 -0.077106
v 0.015221 0.121140 -0.075677
v 0.015888 0.119645 -0.076890
v 0.015632 0.119657 -0.077106
v 0.016010 0.121101 -0.075378
v 0.016199 0.119607 -0.076770
v 0.015888 0.119645 -0.076890
v 0.016511 0.121067 -0.075329
v 0.016397 0.119573 -0.076750
v 0.016199 0.119607 -0.076770
v 0.016199 0.119607 -0.076770
v 0.016010 0.121101 -0.075378
v 0.016511 0.121067 -0.075329
v 0.015888 0.119645 -0.076890
v 0.015221 0.121140 -0.075677
v 0.016010 0.121101 -0.075378
v 0.015632 0.119657 -0.077106
v 0.014575 0.121152 -0.076218
v 0.015221 0.121140 -0.075677
v 0.015632 0.119657 -0.077106
v 0.015462 0.119644 -0.077395
v 0.014144 0.121139 -0.076941
v 0.015462 0.119644 -0.077395
v 0.015397 0.119609 -0.077724
v 0.013981 0.121105 -0.077763
v 0.013981 0.121105 -0.077763
v 0.015397 0.119609 -0.077724
v 0.015349 0.119807 -0.078750
v 0.015397 0.119609 -0.077724
v 0.015371 0.119557 -0.078750
v 0.015349 0.119807 -0.078750
v 0.015349 0.119807 -0.078750
v 0.013901 0.121058 -0.078750
v 0.013981 0.121105 -0.077763
v 0.015397 0.114000 -0.077724
v 0.015371 0.114000 -0.078750
v 0.015371 0.119557 -0.078750
v 0.015371 0.119557 -0.078750
v 0.015397 0.119609 -0.077724
v 0.015397 0.114000 -0.077724
v 0.015371 0.119557 -0.078750
v 0.015371 0.114000 -0.078750
v 0.010292 0.114000 -0.078750
v 0.015371 0.119557 -0.078750
v 0.007292 0.117000 -0.078750
v 0.013901 0.121058 -0.078750
v -0.000787 0.119557 -0.078750
v 0.007292 0.117000 -0.078750
v 0.004292 0.114000 -0.078750
v 0.013901 0.121058 -0.078750
v 0.015349 0.119807 -0.078750
v 0.015371 0.119557 -0.078750
v 0.011331 0.107004 -0.078750
v 0.007292 0.111000 -0.078750
v 0.010292 0.114000 -0.078750
v 0.003253 0.107004 -0.078750
v -0.000787 0.114000 -0.078750
v 0.004292 0.114000 -0.078750
v 0.010292 0.114000 -0.078750
v 0.015371 0.114000 -0.078750
v 0.011331 0.107004 -0.078750
v 0.004292 0.114000 -0.078750
v 0.007292 0.111000 -0.078750
v 0.003253 0.107004 -0.078750
v 0.000630 0.121055 -0.078750
v 0.013901 0.121058 -0.078750
v 0.007292 0.117000 -0.078750
v 0.007292 0.111000 -0.078750
v 0.011331 0.107004 -0.078750
v 0.003253 0.107004 -0.078750
v 0.010292 0.114000 -0.078750
v 0.007292 0.117000 -0.078750
v 0.015371 0.119557 -0.078750
v 0.000630 0.121055 -0.078750
v 0.007292 0.117000 -0.078750
v -0.000787 0.119557 -0.078750
v 0.003253 0.107004 -0.078750
v 0.003449 0.107486 -0.077724
v 0.001561 0.108269 -0.077724
v 0.011331 0.107004 -0.078750
v 0.011135 0.107486 -0.077724
v 0.007292 0.105895 -0.077724
v 0.007292 0.105895 -0.077724
v 0.003253 0.107004 -0.078750
v 0.011331 0.107004 -0.078750
v 0.015371 0.114000 -0.078750
v 0.015397 0.114000 -0.077724
v 0.013023 0.108269 -0.077724
v 0.013023 0.108269 -0.077724
v 0.011331 0.107004 -0.078750
v 0.015371 0.114000 -0.078750
v 0.013023 0.108269 -0.077724
v 0.011135 0.107486 -0.077724
v 0.011331 0.107004 -0.078750
v 0.007292 0.105895 -0.077724
v 0.003449 0.107486 -0.077724
v 0.003253 0.107004 -0.078750
v 0.015397 0.114000 -0.077724
v 0.016199 0.119607 -0.076770
v 0.016397 0.119573 -0.076750
v 0.015397 0.114000 -0.077724
v 0.015632 0.119657 -0.077106
v 0.015888 0.119645 -0.076890
v 0.015888 0.119645 -0.076890
v 0.016199 0.119607 -0.076770
v 0.015397 0.114000 -0.077724
v 0.015397 0.114000 -0.077724
v 0.015397 0.119609 -0.077724
v 0.015462 0.119644 -0.077395
v 0.015462 0.119644 -0.077395
v 0.015632 0.119657 -0.077106
v 0.015397 0.114000 -0.077724
v 0.016397 0.119573 -0.076750
v 0.016397 0.114000 -0.076750
v 0.015397 0.114000 -0.077724
v 0.013730 0.107562 -0.076750
v 0.064155 0.070404 -0.076750
v 0.069238 0.061946 -0.076750
v 0.016397 0.114000 -0.076750
v 0.016397 0.119573 -0.076750
v 0.037219 0.116125 -0.076750
v 0.067809 0.089203 -0.076750
v 0.063639 0.080259 -0.076750
v 0.013730 0.107562 -0.076750
v 0.037219 0.116125 -0.076750
v 0.057113 0.109080 -0.076750
v 0.016397 0.114000 -0.076750
v 0.016397 0.114000 -0.076750
v 0.075465 0.098657 -0.076750
v 0.067809 0.089203 -0.076750
v 0.013730 0.107562 -0.076750
v 0.063639 0.080259 -0.076750
v 0.064155 0.070404 -0.076750
v 0.013730 0.107562 -0.076750
v 0.016397 0.114000 -0.076750
v 0.067809 0.089203 -0.076750
v 0.057113 0.109080 -0.076750
v 0.075465 0.098657 -0.076750
v 0.016397 0.114000 -0.076750
v 0.007292 0.104895 -0.076750
v 0.000854 0.107562 -0.076750
v 0.003449 0.107486 -0.077724
v 0.007292 0.104895 -0.076750
v 0.007292 0.105895 -0.077724
v 0.011135 0.107486 -0.077724
v 0.011135 0.107486 -0.077724
v 0.013730 0.107562 -0.076750
v 0.007292 0.104895 -0.076750
v 0.016397 0.114000 -0.076750
v 0.013730 0.107562 -0.076750
v 0.013023 0.108269 -0.077724
v 0.013023 0.108269 -0.077724
v 0.015397 0.114000 -0.077724
v 0.016397 0.114000 -0.076750
v 0.011135 0.107486 -0.077724
v 0.013023 0.108269 -0.077724
v 0.013730 0.107562 -0.076750
v 0.003449 0.107486 -0.077724
v 0.007292 0.105895 -0.077724
v 0.007292 0.104895 -0.076750
v 0.116325 -0.011194 -0.036949
v 0.116182 0.012506 -0.036949
v 0.102541 0.010939 0.011332
v 0.116182 0.012506 -0.036949
v 0.110948 0.035622 -0.036949
v 0.097962 0.031159 0.011332
v 0.110948 0.035622 -0.036949
v 0.100867 0.057072 -0.036949
v 0.089144 0.049922 0.011332
v 0.100867 0.057072 -0.036949
v 0.093205 0.062632 -0.026350
v 0.087859 0.060347 -0.006988
v 0.087859 0.060347 -0.006988
v 0.089144 0.049922 0.011332
v 0.100867 0.057072 -0.036949
v 0.089144 0.049922 0.011332
v 0.097962 0.031159 0.011332
v 0.110948 0.035622 -0.036949
v 0.097962 0.031159 0.011332
v 0.102541 0.010939 0.011332
v 0.116182 0.012506 -0.036949
v 0.087859 0.060347 -0.006988
v 0.086436 0.060957 -0.007363
v 0.081180 0.060583 0.010929
v 0.100867 0.057072 -0.036949
v 0.095736 0.064755 -0.036946
v 0.093205 0.062632 -0.026350
v 0.068254 0.091088 -0.036949
v 0.060617 0.079677 0.011332
v 0.067751 0.081018 -0.008522
v 0.067751 0.081018 -0.008522
v 0.070260 0.086408 -0.028305
v 0.068254 0.091088 -0.036949
v 0.070260 0.086408 -0.028305
v 0.072240 0.088330 -0.036938
v 0.068254 0.091088 -0.036949
v 0.096253 0.065189 -0.039114
v 0.095736 0.064755 -0.036946
v 0.100867 0.057072 -0.036949
v 0.091298 0.063087 -0.026761
v 0.093205 0.062632 -0.026350
v 0.095736 0.064755 -0.036946
v 0.095736 0.064755 -0.036946
v 0.094066 0.065430 -0.039540
v 0.091298 0.063087 -0.026761
v 0.087859 0.060347 -0.006988
v 0.093205 0.062632 -0.026350
v 0.089100 0.062124 -0.017993
v 0.093205 0.062632 -0.026350
v 0.091298 0.063087 -0.026761
v 0.089100 0.062124 -0.017993
v 0.068356 0.079555 -0.008901
v 0.067751 0.081018 -0.008522
v 0.067321 0.074760 0.011333
v 0.067751 0.081018 -0.008522
v 0.068356 0.079555 -0.008901
v 0.069424 0.081798 -0.017975
v 0.069424 0.081798 -0.017975
v 0.070260 0.086408 -0.028305
v 0.067751 0.081018 -0.008522
v 0.072240 0.088330 -0.036938
v 0.070688 0.084455 -0.028719
v 0.074735 0.088360 -0.048059
v 0.072240 0.088330 -0.036938
v 0.070260 0.086408 -0.028305
v 0.070688 0.084455 -0.028719
v 0.069424 0.081798 -0.017975
v 0.070688 0.084455 -0.028719
v 0.070260 0.086408 -0.028305
v 0.089100 0.062124 -0.017993
v 0.086436 0.060957 -0.007363
v 0.087859 0.060347 -0.006988
v 0.095736 0.064755 -0.036946
v 0.096253 0.065189 -0.039114
v 0.094066 0.065430 -0.039540
v 0.069424 0.081798 -0.017975
v 0.068356 0.079555 -0.008901
v 0.069167 0.074245 -0.065294
v 0.070814 0.070964 -0.065294
v 0.069167 0.074245 -0.065294
v 0.067884 0.073801 0.011208
v 0.067884 0.073801 0.011208
v 0.068149 0.072158 0.016277
v 0.070814 0.070964 -0.065294
v 0.068149 0.072158 0.016277
v 0.068890 0.070087 0.021618
v 0.070814 0.070964 -0.065294
v 0.073302 0.066010 -0.065294
v 0.070617 0.066603 0.028935
v 0.071321 0.065705 0.029813
v 0.073302 0.066010 -0.065294
v 0.069462 0.068490 0.025737
v 0.070617 0.066603 0.028935
v 0.073302 0.066010 -0.065294
v 0.070814 0.070964 -0.065294
v 0.068890 0.070087 0.021618
v 0.068890 0.070087 0.021618
v 0.069462 0.068490 0.025737
v 0.073302 0.066010 -0.065294
v 0.073302 0.066010 -0.065294
v 0.076721 0.061729 0.023640
v 0.077347 0.061501 0.022028
v 0.073302 0.066010 -0.065294
v 0.071849 0.065115 0.030090
v 0.072439 0.064527 0.030082
v 0.072439 0.064527 0.030082
v 0.073237 0.063830 0.029628
v 0.073302 0.066010 -0.065294
v 0.073237 0.063830 0.029628
v 0.073944 0.063290 0.028874
v 0.073302 0.066010 -0.065294
v 0.073944 0.063290 0.028874
v 0.075494 0.062322 0.026322
v 0.073302 0.066010 -0.065294
v 0.075494 0.062322 0.026322
v 0.076721 0.061729 0.023640
v 0.073302 0.066010 -0.065294
v 0.077347 0.061501 0.022028
v 0.078256 0.063522 -0.065294
v 0.073302 0.066010 -0.065294
v 0.078256 0.063522 -0.065294
v 0.080338 0.060691 0.013585
v 0.081180 0.060583 0.010929
v 0.078256 0.063522 -0.065294
v 0.077347 0.061501 0.022028
v 0.078273 0.061163 0.019646
v 0.078273 0.061163 0.019646
v 0.080338 0.060691 0.013585
v 0.078256 0.063522 -0.065294
v 0.081537 0.061875 -0.065294
v 0.086436 0.060957 -0.007363
v 0.089100 0.062124 -0.017993
v 0.081537 0.061875 -0.065294
v 0.081180 0.060583 0.010929
v 0.086436 0.060957 -0.007363
v 0.088826 0.063160 -0.065294
v 0.089100 0.062124 -0.017993
v 0.091298 0.063087 -0.026761
v 0.081180 0.060583 0.010929
v 0.081537 0.061875 -0.065294
v 0.078256 0.063522 -0.065294
v 0.071321 0.065705 0.029813
v 0.071849 0.065115 0.030090
v 0.073302 0.066010 -0.065294
v 0.068356 0.079555 -0.008901
v 0.067884 0.073801 0.011208
v 0.069167 0.074245 -0.065294
v 0.070688 0.084455 -0.028719
v 0.069424 0.081798 -0.017975
v 0.070452 0.081534 -0.065294
v 0.024373 0.108267 -0.036949
v 0.000699 0.109407 -0.036949
v 0.001525 0.095701 0.011332
v 0.000699 0.109407 -0.036949
v 0.024373 0.108267 -0.036949
v 0.007502 0.111007 -0.041377
v 0.007502 0.111007 -0.041377
v 0.007292 0.111003 -0.041364
v 0.000699 0.109407 -0.036949
v 0.000699 0.109407 -0.036949
v 0.007292 0.111003 -0.041364
v 0.006904 0.111025 -0.041434
v 0.001525 0.095701 0.011332
v 0.022233 0.094704 0.011332
v 0.024373 0.108267 -0.036949
v 0.068254 0.091088 -0.036949
v 0.047248 0.102064 -0.036949
v 0.042242 0.089277 0.011332
v 0.047248 0.102064 -0.036949
v 0.024373 0.108267 -0.036949
v 0.022233 0.094704 0.011332
v 0.022233 0.094704 0.011332
v 0.042242 0.089277 0.011332
v 0.047248 0.102064 -0.036949
v 0.042242 0.089277 0.011332
v 0.060617 0.079677 0.011332
v 0.068254 0.091088 -0.036949
v -0.060486 0.067778 -0.067750
v -0.058718 0.066010 -0.065294
v -0.056230 0.070964 -0.065294
v -0.063672 0.063522 -0.065294
v -0.058718 0.066010 -0.065294
v -0.060486 0.067778 -0.067750
v -0.053328 0.063405 -0.076750
v -0.060654 0.057792 -0.076750
v -0.061822 0.060368 -0.078750
v -0.049227 0.071673 -0.076750
v -0.053328 0.063405 -0.076750
v -0.055512 0.065203 -0.078750
v -0.055512 0.065203 -0.078750
v -0.051980 0.072324 -0.078750
v -0.049227 0.071673 -0.076750
v -0.061822 0.060368 -0.078750
v -0.055512 0.065203 -0.078750
v -0.053328 0.063405 -0.076750
v -0.064626 0.073135 -0.078750
v -0.055512 0.065203 -0.078750
v -0.061822 0.060368 -0.078750
v -0.063112 -0.056863 -0.076750
v -0.060654 0.057792 -0.076750
v -0.053328 0.063405 -0.076750
v -0.053328 0.063405 -0.076750
v 0.000854 0.107562 -0.076750
v -0.063112 -0.056863 -0.076750
v -0.063112 -0.056863 -0.076750
v 0.000854 0.107562 -0.076750
v 0.007292 0.104895 -0.076750
v -0.095557 0.069542 -0.074229
v -0.095504 0.069458 -0.073290
v -0.095283 0.069618 -0.073289
v -0.095504 0.069458 -0.073290
v -0.095557 0.069542 -0.074229
v -0.101541 0.066897 -0.074207
v -0.101541 0.066897 -0.074207
v -0.103521 0.065929 -0.073314
v -0.095504 0.069458 -0.073290
v -0.109822 0.064481 -0.073336
v -0.103521 0.065929 -0.073314
v -0.103549 0.066010 -0.074200
v -0.123614 0.063441 -0.073334
v -0.111279 0.064371 -0.073336
v -0.112530 0.064353 -0.074182
v -0.109836 0.064558 -0.074189
v -0.112530 0.064353 -0.074182
v -0.111279 0.064371 -0.073336
v -0.111279 0.064371 -0.073336
v -0.109822 0.064481 -0.073336
v -0.109836 0.064558 -0.074189
v -0.112530 0.064353 -0.074182
v -0.123616 0.063512 -0.074157
v -0.123614 0.063441 -0.073334
v -0.103549 0.066010 -0.074200
v -0.109836 0.064558 -0.074189
v -0.109822 0.064481 -0.073336
v -0.101541 0.066897 -0.074207
v -0.103549 0.066010 -0.074200
v -0.103521 0.065929 -0.073314
v -0.084865 0.070525 -0.053196
v -0.083142 0.067394 -0.040883
v -0.081029 0.067196 -0.041262
v -0.081029 0.067196 -0.041262
v -0.082536 0.070091 -0.053583
v -0.084865 0.070525 -0.053196
v -0.090881 0.072809 -0.073277
v -0.095283 0.069618 -0.073289
v -0.091506 0.061807 -0.040260
v -0.091506 0.061807 -0.040260
v -0.079412 0.059000 -0.006601
v -0.090881 0.072809 -0.073277
v -0.079412 0.059000 -0.006601
v -0.088763 0.074997 -0.073269
v -0.090881 0.072809 -0.073277
v -0.108966 0.057297 -0.040169
v -0.103521 0.065929 -0.073314
v -0.109822 0.064481 -0.073336
v -0.091506 0.061807 -0.040260
v -0.095504 0.069458 -0.073290
v -0.103521 0.065929 -0.073314
v -0.103521 0.065929 -0.073314
v -0.108966 0.057297 -0.040169
v -0.091506 0.061807 -0.040260
v -0.091506 0.061807 -0.040260
v -0.095283 0.069618 -0.073289
v -0.095504 0.069458 -0.073290
v -0.123614 0.063441 -0.073334
v -0.123709 0.056272 -0.038246
v -0.123709 0.055553 -0.034214
v -0.123709 0.059658 -0.055830
v -0.123709 0.056272 -0.038246
v -0.123614 0.063441 -0.073334
v -0.123614 0.063441 -0.073334
v -0.123709 0.051280 -0.006127
v -0.108966 0.057297 -0.040169
v -0.108966 0.057297 -0.040169
v -0.111279 0.064371 -0.073336
v -0.123614 0.063441 -0.073334
v -0.088763 0.074997 -0.073269
v -0.079412 0.059000 -0.006601
v -0.083142 0.067394 -0.040883
v -0.109822 0.064481 -0.073336
v -0.111279 0.064371 -0.073336
v -0.108966 0.057297 -0.040169
v -0.076027 0.063475 -0.065294
v -0.081029 0.067196 -0.041262
v -0.077253 0.063261 -0.019422
v -0.076027 0.063475 -0.065294
v -0.082351 0.070177 -0.065294
v -0.082536 0.070091 -0.053583
v -0.082536 0.070091 -0.053583
v -0.081029 0.067196 -0.041262
v -0.076027 0.063475 -0.065294
v -0.074242 0.063160 -0.065294
v -0.076027 0.063475 -0.065294
v -0.076157 0.062536 -0.014228
v -0.066953 0.061875 -0.065294
v -0.074242 0.063160 -0.065294
v -0.074595 0.061945 -0.007994
v -0.060486 0.067778 -0.067750
v -0.067315 0.064348 -0.067750
v -0.063672 0.063522 -0.065294
v -0.067315 0.064348 -0.067750
v -0.066953 0.061875 -0.065294
v -0.063672 0.063522 -0.065294
v -0.067315 0.064348 -0.067750
v -0.074841 0.065675 -0.067750
v -0.074242 0.063160 -0.065294
v -0.074841 0.065675 -0.067750
v -0.076027 0.063475 -0.065294
v -0.074242 0.063160 -0.065294
v -0.082351 0.070177 -0.065294
v -0.076027 0.063475 -0.065294
v -0.074841 0.065675 -0.067750
v -0.074841 0.065675 -0.067750
v -0.080085 0.071234 -0.067750
v -0.082351 0.070177 -0.065294
v -0.074242 0.063160 -0.065294
v -0.066953 0.061875 -0.065294
v -0.067315 0.064348 -0.067750
v -0.080085 0.071234 -0.067750
v -0.074841 0.065675 -0.067750
v -0.075367 0.066889 -0.067750
v -0.074841 0.065675 -0.067750
v -0.067315 0.064348 -0.067750
v -0.067988 0.065043 -0.067750
v -0.067988 0.065043 -0.067750
v -0.075367 0.066889 -0.067750
v -0.074841 0.065675 -0.067750
v -0.067315 0.064348 -0.067750
v -0.060486 0.067778 -0.067750
v -0.061095 0.068260 -0.067750
v -0.061095 0.068260 -0.067750
v -0.067988 0.065043 -0.067750
v -0.067315 0.064348 -0.067750
v -0.067988 0.065043 -0.067750
v -0.061095 0.068260 -0.067750
v -0.064100 0.067847 -0.067059
v -0.061095 0.068260 -0.067750
v -0.061762 0.068938 -0.067059
v -0.064100 0.067847 -0.067059
v -0.067988 0.065043 -0.067750
v -0.068079 0.065990 -0.067059
v -0.074240 0.067531 -0.067059
v -0.074240 0.067531 -0.067059
v -0.075367 0.066889 -0.067750
v -0.067988 0.065043 -0.067750
v -0.075367 0.066889 -0.067750
v -0.074841 0.067682 -0.067059
v -0.079026 0.073256 -0.067059
v -0.074240 0.067531 -0.067059
v -0.074841 0.067682 -0.067059
v -0.075367 0.066889 -0.067750
v -0.064100 0.067847 -0.067059
v -0.068079 0.065990 -0.067059
v -0.067988 0.065043 -0.067750
v -0.073827 0.068138 -0.066095
v -0.076822 0.069867 -0.066095
v -0.074841 0.067682 -0.067059
v -0.074841 0.067682 -0.067059
v -0.074240 0.067531 -0.067059
v -0.073827 0.068138 -0.066095
v -0.074240 0.067531 -0.067059
v -0.068079 0.065990 -0.067059
v -0.070832 0.066409 -0.066095
v -0.064019 0.067610 -0.066095
v -0.070832 0.066409 -0.066095
v -0.068079 0.065990 -0.067059
v -0.068079 0.065990 -0.067059
v -0.064100 0.067847 -0.067059
v -0.064019 0.067610 -0.066095
v -0.064019 0.067610 -0.066095
v -0.064100 0.067847 -0.067059
v -0.061762 0.068938 -0.067059
v -0.059573 0.072909 -0.066095
v -0.064019 0.067610 -0.066095
v -0.061762 0.068938 -0.067059
v -0.070832 0.066409 -0.066095
v -0.073827 0.068138 -0.066095
v -0.074240 0.067531 -0.067059
v -0.064019 0.067610 -0.066095
v -0.064258 0.068022 -0.065750
v -0.070749 0.066877 -0.065750
v -0.076458 0.070173 -0.065750
v -0.076822 0.069867 -0.066095
v -0.073827 0.068138 -0.066095
v -0.073827 0.068138 -0.066095
v -0.070749 0.066877 -0.065750
v -0.076458 0.070173 -0.065750
v -0.073827 0.068138 -0.066095
v -0.070832 0.066409 -0.066095
v -0.070749 0.066877 -0.065750
v -0.070749 0.066877 -0.065750
v -0.070832 0.066409 -0.066095
v -0.064019 0.067610 -0.066095
v -0.060020 0.073072 -0.065750
v -0.064258 0.068022 -0.065750
v -0.064019 0.067610 -0.066095
v -0.076458 0.070173 -0.065750
v -0.070749 0.066877 -0.065750
v -0.070775 0.071137 -0.065750
v -0.070775 0.071137 -0.065750
v -0.070749 0.066877 -0.065750
v -0.064258 0.068022 -0.065750
v -0.101444 0.066669 -0.075329
v -0.101541 0.066897 -0.074207
v -0.095557 0.069542 -0.074229
v -0.095557 0.069542 -0.074229
v -0.093753 0.070644 -0.075329
v -0.101444 0.066669 -0.075329
v -0.101444 0.066669 -0.075329
v -0.104244 0.065741 -0.075329
v -0.103549 0.066010 -0.074200
v -0.104244 0.065741 -0.075329
v -0.112540 0.064294 -0.075329
v -0.109836 0.064558 -0.074189
v -0.109836 0.064558 -0.074189
v -0.103549 0.066010 -0.074200
v -0.104244 0.065741 -0.075329
v -0.112540 0.064294 -0.075329
v -0.112530 0.064353 -0.074182
v -0.109836 0.064558 -0.074189
v -0.123616 0.063512 -0.074157
v -0.112530 0.064353 -0.074182
v -0.117103 0.063694 -0.075329
v -0.112530 0.064353 -0.074182
v -0.112540 0.064294 -0.075329
v -0.115120 0.063844 -0.075329
v -0.115120 0.063844 -0.075329
v -0.117103 0.063694 -0.075329
v -0.112530 0.064353 -0.074182
v -0.117103 0.063694 -0.075329
v -0.123709 0.063449 -0.075329
v -0.123616 0.063512 -0.074157
v -0.103549 0.066010 -0.074200
v -0.101541 0.066897 -0.074207
v -0.101444 0.066669 -0.075329
v -0.092898 0.069414 -0.076750
v -0.101002 0.065225 -0.076750
v -0.101444 0.066669 -0.075329
v -0.103829 0.064302 -0.076750
v -0.104244 0.065741 -0.075329
v -0.101444 0.066669 -0.075329
v -0.103829 0.064302 -0.076750
v -0.114990 0.062351 -0.076750
v -0.112540 0.064294 -0.075329
v -0.114990 0.062351 -0.076750
v -0.115120 0.063844 -0.075329
v -0.112540 0.064294 -0.075329
v -0.117006 0.062199 -0.076750
v -0.117103 0.063694 -0.075329
v -0.115120 0.063844 -0.075329
v -0.117006 0.062199 -0.076750
v -0.123709 0.062203 -0.076729
v -0.123709 0.063449 -0.075329
v -0.117006 0.062199 -0.076750
v -0.123709 0.061951 -0.076750
v -0.123709 0.062203 -0.076729
v -0.123709 0.063449 -0.075329
v -0.117103 0.063694 -0.075329
v -0.117006 0.062199 -0.076750
v -0.115120 0.063844 -0.075329
v -0.114990 0.062351 -0.076750
v -0.117006 0.062199 -0.076750
v -0.112540 0.064294 -0.075329
v -0.104244 0.065741 -0.075329
v -0.103829 0.064302 -0.076750
v -0.101444 0.066669 -0.075329
v -0.101002 0.065225 -0.076750
v -0.103829 0.064302 -0.076750
v -0.101444 0.066669 -0.075329
v -0.093753 0.070644 -0.075329
v -0.092898 0.069414 -0.076750
v -0.090483 0.070785 -0.078228
v -0.090249 0.070909 -0.078750
v -0.078312 0.061242 -0.078750
v -0.078312 0.061242 -0.078750
v -0.078884 0.059979 -0.077797
v -0.090483 0.070785 -0.078228
v -0.079511 0.058591 -0.076750
v -0.091099 0.070425 -0.077443
v -0.090483 0.070785 -0.078228
v -0.079511 0.058591 -0.076750
v -0.091935 0.069938 -0.076926
v -0.091099 0.070425 -0.077443
v -0.079511 0.058591 -0.076750
v -0.092898 0.069414 -0.076750
v -0.091935 0.069938 -0.076926
v -0.078884 0.059979 -0.077797
v -0.079511 0.058591 -0.076750
v -0.090483 0.070785 -0.078228
v -0.077873 0.061102 -0.078750
v -0.078625 0.058346 -0.076750
v -0.078884 0.059979 -0.077797
v -0.078625 0.058346 -0.076750
v -0.079263 0.058556 -0.076750
v -0.078884 0.059979 -0.077797
v -0.078884 0.059979 -0.077797
v -0.078312 0.061242 -0.078750
v -0.077873 0.061102 -0.078750
v -0.077873 0.061102 -0.078750
v -0.077301 0.060845 -0.078750
v -0.078625 0.058346 -0.076750
v -0.079511 0.058591 -0.076750
v -0.078884 0.059979 -0.077797
v -0.079263 0.058556 -0.076750
v -0.069704 0.055981 -0.076750
v -0.078625 0.058346 -0.076750
v -0.077301 0.060845 -0.078750
v -0.060654 0.057792 -0.076750
v -0.069704 0.055981 -0.076750
v -0.069617 0.058809 -0.078750
v -0.069617 0.058809 -0.078750
v -0.061822 0.060368 -0.078750
v -0.060654 0.057792 -0.076750
v -0.077301 0.060845 -0.078750
v -0.069617 0.058809 -0.078750
v -0.069704 0.055981 -0.076750
v -0.061822 0.060368 -0.078750
v -0.069617 0.058809 -0.078750
v -0.070775 0.071137 -0.078750
v -0.090344 0.073098 -0.078750
v -0.078312 0.061242 -0.078750
v -0.090249 0.070909 -0.078750
v -0.070775 0.071137 -0.078750
v -0.064626 0.073135 -0.078750
v -0.061822 0.060368 -0.078750
v -0.074576 0.076368 -0.078750
v -0.077873 0.061102 -0.078750
v -0.078312 0.061242 -0.078750
v -0.069617 0.058809 -0.078750
v -0.077301 0.060845 -0.078750
v -0.070775 0.071137 -0.078750
v -0.090344 0.073098 -0.078750
v -0.090243 0.073196 -0.078750
v -0.078312 0.061242 -0.078750
v -0.077873 0.061102 -0.078750
v -0.074576 0.076368 -0.078750
v -0.070775 0.071137 -0.078750
v -0.070775 0.071137 -0.078750
v -0.077301 0.060845 -0.078750
v -0.077873 0.061102 -0.078750
v -0.072968 -0.056347 -0.076750
v -0.079511 0.058591 -0.076750
v -0.079263 0.058556 -0.076750
v -0.079263 0.058556 -0.076750
v -0.078625 0.058346 -0.076750
v -0.072968 -0.056347 -0.076750
v -0.078625 0.058346 -0.076750
v -0.069704 0.055981 -0.076750
v -0.072968 -0.056347 -0.076750
v -0.123708 -0.061951 -0.076750
v -0.123709 0.061951 -0.076750
v -0.117006 0.062199 -0.076750
v -0.069704 0.055981 -0.076750
v -0.060654 0.057792 -0.076750
v -0.063112 -0.056863 -0.076750
v -0.117006 0.062199 -0.076750
v -0.114990 0.062351 -0.076750
v -0.123708 -0.061951 -0.076750
v -0.079511 0.058591 -0.076750
v -0.123708 -0.061951 -0.076750
v -0.101002 0.065225 -0.076750
v -0.114990 0.062351 -0.076750
v -0.103829 0.064302 -0.076750
v -0.123708 -0.061951 -0.076750
v -0.103829 0.064302 -0.076750
v -0.101002 0.065225 -0.076750
v -0.123708 -0.061951 -0.076750
v -0.101002 0.065225 -0.076750
v -0.092898 0.069414 -0.076750
v -0.079511 0.058591 -0.076750
v -0.123709 0.063083 -0.073024
v -0.123709 0.056102 -0.039781
v -0.123709 0.059658 -0.055830
v -0.123709 0.056272 -0.038246
v -0.123709 0.059658 -0.055830
v -0.123709 0.056102 -0.039781
v -0.123708 -0.062109 -0.074250
v -0.123709 0.062109 -0.074250
v -0.123709 0.061951 -0.076750
v -0.123709 0.059658 -0.055830
v -0.123614 0.063441 -0.073334
v -0.123709 0.063083 -0.073024
v -0.123709 0.062109 -0.074250
v -0.123616 0.063512 -0.074157
v -0.123709 0.063449 -0.075329
v -0.123709 0.062109 -0.074250
v -0.123709 0.063083 -0.073024
v -0.123614 0.063441 -0.073334
v -0.123614 0.063441 -0.073334
v -0.123616 0.063512 -0.074157
v -0.123709 0.062109 -0.074250
v -0.123709 0.062109 -0.074250
v -0.123709 0.062203 -0.076729
v -0.123709 0.061951 -0.076750
v -0.123709 0.063449 -0.075329
v -0.123709 0.062203 -0.076729
v -0.123709 0.062109 -0.074250
v -0.123709 0.063083 -0.073024
v -0.123709 0.062109 -0.074250
v -0.124209 0.062839 -0.073830
v -0.123709 0.062109 -0.074250
v -0.124209 0.062109 -0.074750
v -0.124209 0.062839 -0.073830
v -0.124209 0.062839 -0.073830
v -0.124209 0.063570 -0.072910
v -0.123709 0.063083 -0.073024
v -0.123709 0.056102 -0.039781
v -0.123709 0.063083 -0.073024
v -0.124209 0.063570 -0.072910
v -0.124209 0.062109 -0.074750
v -0.123709 0.062109 -0.074250
v -0.123708 -0.062109 -0.074250
v -0.000006 0.121108 -0.073221
v 0.000699 0.109407 -0.036949
v 0.004292 0.114000 -0.050823
v -0.025524 0.116767 -0.073221
v -0.022666 0.105432 -0.036949
v 0.000699 0.109407 -0.036949
v 0.000699 0.109407 -0.036949
v -0.000006 0.121108 -0.073221
v -0.025524 0.116767 -0.073221
v -0.049899 0.106966 -0.073221
v -0.044630 0.096527 -0.036949
v -0.022666 0.105432 -0.036949
v -0.022666 0.105432 -0.036949
v -0.025870 0.116708 -0.073221
v -0.049899 0.106966 -0.073221
v -0.044630 0.096527 -0.036949
v -0.050183 0.106851 -0.073221
v -0.063058 0.092262 -0.056938
v -0.050183 0.106851 -0.073221
v -0.065827 0.093382 -0.064855
v -0.064444 0.092822 -0.060895
v -0.064444 0.092822 -0.060895
v -0.063058 0.092262 -0.056938
v -0.050183 0.106851 -0.073221
v -0.063058 0.092262 -0.056938
v -0.057897 0.088961 -0.039114
v -0.044630 0.096527 -0.036949
v -0.050183 0.106851 -0.073221
v -0.066531 0.093403 -0.066239
v -0.065827 0.093382 -0.064855
v -0.049899 0.106966 -0.073221
v -0.050183 0.106851 -0.073221
v -0.044630 0.096527 -0.036949
v -0.025524 0.116767 -0.073221
v -0.025870 0.116708 -0.073221
v -0.022666 0.105432 -0.036949
v -0.000006 0.121108 -0.073221
v 0.000382 0.121274 -0.074305
v -0.022560 0.117444 -0.074305
v -0.022560 0.117444 -0.074305
v -0.025524 0.116767 -0.073221
v -0.000006 0.121108 -0.073221
v -0.022560 0.117444 -0.074305
v -0.025569 0.116942 -0.074305
v -0.025524 0.116767 -0.073221
v -0.049979 0.107122 -0.074305
v -0.049899 0.106966 -0.073221
v -0.025870 0.116708 -0.073221
v -0.025870 0.116708 -0.073221
v -0.025569 0.116942 -0.074305
v -0.049979 0.107122 -0.074305
v -0.070696 0.092943 -0.073221
v -0.050183 0.106851 -0.073221
v -0.056099 0.102984 -0.074305
v -0.050183 0.106851 -0.073221
v -0.049979 0.107122 -0.074305
v -0.056099 0.102984 -0.074305
v -0.050183 0.106851 -0.073221
v -0.049899 0.106966 -0.073221
v -0.049979 0.107122 -0.074305
v -0.025870 0.116708 -0.073221
v -0.025524 0.116767 -0.073221
v -0.025569 0.116942 -0.074305
v -0.000006 0.121108 -0.073221
v 0.000389 0.121089 -0.073221
v 0.000382 0.121274 -0.074305
v -0.058138 0.086774 -0.039540
v -0.057897 0.088961 -0.039114
v -0.063058 0.092262 -0.056938
v -0.054808 0.081819 -0.017996
v -0.055868 0.081534 -0.065294
v -0.054583 0.074245 -0.065294
v -0.056183 0.083319 -0.065294
v -0.058138 0.086774 -0.039540
v -0.062827 0.089768 -0.057375
v -0.062827 0.089768 -0.057375
v -0.062885 0.089643 -0.065294
v -0.056183 0.083319 -0.065294
v -0.055868 0.081534 -0.065294
v -0.055795 0.084006 -0.026761
v -0.058138 0.086774 -0.039540
v -0.056183 0.083319 -0.065294
v -0.055868 0.081534 -0.065294
v -0.058138 0.086774 -0.039540
v -0.053231 0.074698 0.008293
v -0.054583 0.074245 -0.065294
v -0.056230 0.070964 -0.065294
v -0.057056 0.074607 -0.067750
v -0.054583 0.074245 -0.065294
v -0.055868 0.081534 -0.065294
v -0.055868 0.081534 -0.065294
v -0.058383 0.082133 -0.067750
v -0.057056 0.074607 -0.067750
v -0.056230 0.070964 -0.065294
v -0.057056 0.074607 -0.067750
v -0.060486 0.067778 -0.067750
v -0.056230 0.070964 -0.065294
v -0.054583 0.074245 -0.065294
v -0.057056 0.074607 -0.067750
v -0.055868 0.081534 -0.065294
v -0.056183 0.083319 -0.065294
v -0.058383 0.082133 -0.067750
v -0.058383 0.082133 -0.067750
v -0.056183 0.083319 -0.065294
v -0.062885 0.089643 -0.065294
v -0.057056 0.074607 -0.067750
v -0.057770 0.075101 -0.067750
v -0.061095 0.068260 -0.067750
v -0.058383 0.082133 -0.067750
v -0.059499 0.082508 -0.067750
v -0.057770 0.075101 -0.067750
v -0.057770 0.075101 -0.067750
v -0.057056 0.074607 -0.067750
v -0.058383 0.082133 -0.067750
v -0.059499 0.082508 -0.067750
v -0.058383 0.082133 -0.067750
v -0.063942 0.087377 -0.067750
v -0.061095 0.068260 -0.067750
v -0.060486 0.067778 -0.067750
v -0.057056 0.074607 -0.067750
v -0.059499 0.082508 -0.067750
v -0.060299 0.081995 -0.067059
v -0.058969 0.076293 -0.067059
v -0.058969 0.076293 -0.067059
v -0.057770 0.075101 -0.067750
v -0.059499 0.082508 -0.067750
v -0.057770 0.075101 -0.067750
v -0.058715 0.075207 -0.067059
v -0.061762 0.068938 -0.067059
v -0.061762 0.068938 -0.067059
v -0.061095 0.068260 -0.067750
v -0.057770 0.075101 -0.067750
v -0.058969 0.076293 -0.067059
v -0.058715 0.075207 -0.067059
v -0.057770 0.075101 -0.067750
v -0.061762 0.068938 -0.067059
v -0.058715 0.075207 -0.067059
v -0.059573 0.072909 -0.066095
v -0.059573 0.076368 -0.066095
v -0.059573 0.072909 -0.066095
v -0.058715 0.075207 -0.067059
v -0.058715 0.075207 -0.067059
v -0.058969 0.076293 -0.067059
v -0.059573 0.076368 -0.066095
v -0.058969 0.076293 -0.067059
v -0.060299 0.081995 -0.067059
v -0.059573 0.079826 -0.066095
v -0.059573 0.079826 -0.066095
v -0.059573 0.076368 -0.066095
v -0.058969 0.076293 -0.067059
v -0.060020 0.079663 -0.065750
v -0.060020 0.073072 -0.065750
v -0.059573 0.076368 -0.066095
v -0.060020 0.073072 -0.065750
v -0.059573 0.072909 -0.066095
v -0.059573 0.076368 -0.066095
v -0.059573 0.076368 -0.066095
v -0.059573 0.079826 -0.066095
v -0.060020 0.079663 -0.065750
v -0.049190 0.080902 -0.076750
v -0.049227 0.071673 -0.076750
v -0.051980 0.072324 -0.078750
v -0.049190 0.080902 -0.076750
v -0.051948 0.080274 -0.078750
v -0.055423 0.087423 -0.078750
v -0.055423 0.087423 -0.078750
v -0.053225 0.089203 -0.076750
v -0.049190 0.080902 -0.076750
v -0.051980 0.072324 -0.078750
v -0.051948 0.080274 -0.078750
v -0.049190 0.080902 -0.076750
v -0.051980 0.072324 -0.078750
v -0.055512 0.065203 -0.078750
v -0.064626 0.073135 -0.078750
v -0.051948 0.080274 -0.078750
v -0.063576 0.076368 -0.078750
v -0.064626 0.079600 -0.078750
v -0.063576 0.076368 -0.078750
v -0.051948 0.080274 -0.078750
v -0.051980 0.072324 -0.078750
v -0.064626 0.073135 -0.078750
v -0.063576 0.076368 -0.078750
v -0.051980 0.072324 -0.078750
v -0.064626 0.079600 -0.078750
v -0.055423 0.087423 -0.078750
v -0.051948 0.080274 -0.078750
v -0.055423 0.087423 -0.078750
v -0.062160 0.097776 -0.077181
v -0.061398 0.098317 -0.076814
v -0.055423 0.087423 -0.078750
v -0.062757 0.097302 -0.077836
v -0.062160 0.097776 -0.077181
v -0.061398 0.098317 -0.076814
v -0.053225 0.089203 -0.076750
v -0.055423 0.087423 -0.078750
v -0.055423 0.087423 -0.078750
v -0.063135 0.096947 -0.078750
v -0.062757 0.097302 -0.077836
v -0.061398 0.098317 -0.076814
v -0.060881 0.098657 -0.076750
v -0.053225 0.089203 -0.076750
v -0.001813 0.119573 -0.076750
v -0.022635 0.116125 -0.076750
v -0.022589 0.117645 -0.075329
v -0.022635 0.116125 -0.076750
v -0.023008 0.117576 -0.075329
v -0.022589 0.117645 -0.075329
v -0.043151 0.110443 -0.075329
v -0.023008 0.117576 -0.075329
v -0.022635 0.116125 -0.076750
v -0.042529 0.109080 -0.076750
v -0.060881 0.098657 -0.076750
v -0.056179 0.103043 -0.075329
v -0.060881 0.098657 -0.076750
v -0.061732 0.099889 -0.075329
v -0.056179 0.103043 -0.075329
v -0.056179 0.103043 -0.075329
v -0.043151 0.110443 -0.075329
v -0.042529 0.109080 -0.076750
v -0.022635 0.116125 -0.076750
v -0.042529 0.109080 -0.076750
v -0.043151 0.110443 -0.075329
v -0.022589 0.117645 -0.075329
v -0.001927 0.121067 -0.075329
v -0.001813 0.119573 -0.076750
v -0.056099 0.102984 -0.074305
v -0.056179 0.103043 -0.075329
v -0.061732 0.099889 -0.075329
v -0.056179 0.103043 -0.075329
v -0.056099 0.102984 -0.074305
v -0.049979 0.107122 -0.074305
v -0.025569 0.116942 -0.074305
v -0.023008 0.117576 -0.075329
v -0.043151 0.110443 -0.075329
v -0.043151 0.110443 -0.075329
v -0.049979 0.107122 -0.074305
v -0.025569 0.116942 -0.074305
v -0.025569 0.116942 -0.074305
v -0.022560 0.117444 -0.074305
v -0.023008 0.117576 -0.075329
v -0.022560 0.117444 -0.074305
v -0.022589 0.117645 -0.075329
v -0.023008 0.117576 -0.075329
v -0.022560 0.117444 -0.074305
v 0.000382 0.121274 -0.074305
v -0.001927 0.121067 -0.075329
v 0.000382 0.121274 -0.074305
v -0.001091 0.121120 -0.075469
v -0.001927 0.121067 -0.075329
v 0.000382 0.121274 -0.074305
v -0.000348 0.121148 -0.075874
v -0.001091 0.121120 -0.075469
v 0.000216 0.121150 -0.076498
v -0.000348 0.121148 -0.075874
v 0.000382 0.121274 -0.074305
v -0.001927 0.121067 -0.075329
v -0.022589 0.117645 -0.075329
v -0.022560 0.117444 -0.074305
v -0.049979 0.107122 -0.074305
v -0.043151 0.110443 -0.075329
v -0.056179 0.103043 -0.075329
v -0.000787 0.119557 -0.078750
v 0.000384 0.121021 -0.078750
v 0.000630 0.121055 -0.078750
v 0.004292 0.114000 -0.078750
v -0.000787 0.114000 -0.078750
v -0.000787 0.119557 -0.078750
v -0.000813 0.119609 -0.077724
v 0.000603 0.121105 -0.077763
v 0.000384 0.121021 -0.078750
v 0.000603 0.121105 -0.077763
v 0.000630 0.121055 -0.078750
v 0.000384 0.121021 -0.078750
v 0.000384 0.121021 -0.078750
v -0.000787 0.119557 -0.078750
v -0.000813 0.119609 -0.077724
v -0.000787 0.114000 -0.078750
v 0.003253 0.107004 -0.078750
v 0.001561 0.108269 -0.077724
v 0.001561 0.108269 -0.077724
v -0.000813 0.114000 -0.077724
v -0.000787 0.114000 -0.078750
v -0.053225 0.089203 -0.076750
v -0.001813 0.114000 -0.076750
v 0.000854 0.107562 -0.076750
v -0.001813 0.114000 -0.076750
v -0.042529 0.109080 -0.076750
v -0.022635 0.116125 -0.076750
v 0.000854 0.107562 -0.076750
v -0.049190 0.080902 -0.076750
v -0.053225 0.089203 -0.076750
v -0.001813 0.114000 -0.076750
v -0.060881 0.098657 -0.076750
v -0.042529 0.109080 -0.076750
v -0.022635 0.116125 -0.076750
v -0.001813 0.119573 -0.076750
v -0.001813 0.114000 -0.076750
v 0.000854 0.107562 -0.076750
v -0.049227 0.071673 -0.076750
v -0.049190 0.080902 -0.076750
v 0.000854 0.107562 -0.076750
v -0.053328 0.063405 -0.076750
v -0.049227 0.071673 -0.076750
v -0.053225 0.089203 -0.076750
v -0.060881 0.098657 -0.076750
v -0.001813 0.114000 -0.076750
v -0.000813 0.114000 -0.077724
v -0.000813 0.119609 -0.077724
v -0.000787 0.119557 -0.078750
v -0.000787 0.119557 -0.078750
v -0.000787 0.114000 -0.078750
v -0.000813 0.114000 -0.077724
v -0.001813 0.114000 -0.076750
v -0.000813 0.114000 -0.077724
v 0.001561 0.108269 -0.077724
v 0.000854 0.107562 -0.076750
v 0.001561 0.108269 -0.077724
v 0.003449 0.107486 -0.077724
v 0.001561 0.108269 -0.077724
v 0.000854 0.107562 -0.076750
v -0.001813 0.114000 -0.076750
v -0.001813 0.114000 -0.076750
v -0.000838 0.119632 -0.077527
v -0.000813 0.119609 -0.077724
v -0.001813 0.114000 -0.076750
v -0.001190 0.119653 -0.076968
v -0.000967 0.119654 -0.077218
v -0.001813 0.114000 -0.076750
v -0.001813 0.119573 -0.076750
v -0.001483 0.119626 -0.076806
v -0.001483 0.119626 -0.076806
v -0.001190 0.119653 -0.076968
v -0.001813 0.114000 -0.076750
v -0.000967 0.119654 -0.077218
v -0.000838 0.119632 -0.077527
v -0.001813 0.114000 -0.076750
v -0.000813 0.119609 -0.077724
v -0.000813 0.114000 -0.077724
v -0.001813 0.114000 -0.076750
v -0.001927 0.121067 -0.075329
v -0.001091 0.121120 -0.075469
v -0.001483 0.119626 -0.076806
v -0.001091 0.121120 -0.075469
v -0.000348 0.121148 -0.075874
v -0.001190 0.119653 -0.076968
v -0.000348 0.121148 -0.075874
v 0.000216 0.121150 -0.076498
v -0.000967 0.119654 -0.077218
v 0.000540 0.121127 -0.077271
v -0.000838 0.119632 -0.077527
v -0.000967 0.119654 -0.077218
v 0.000603 0.121105 -0.077763
v -0.000813 0.119609 -0.077724
v -0.000838 0.119632 -0.077527
v -0.000838 0.119632 -0.077527
v 0.000540 0.121127 -0.077271
v 0.000603 0.121105 -0.077763
v -0.000967 0.119654 -0.077218
v 0.000216 0.121150 -0.076498
v 0.000540 0.121127 -0.077271
v -0.000967 0.119654 -0.077218
v -0.001190 0.119653 -0.076968
v -0.000348 0.121148 -0.075874
v -0.001190 0.119653 -0.076968
v -0.001483 0.119626 -0.076806
v -0.001091 0.121120 -0.075469
v -0.001483 0.119626 -0.076806
v -0.001813 0.119573 -0.076750
v -0.001927 0.121067 -0.075329
v -0.050183 0.106851 -0.073221
v -0.070696 0.092943 -0.073221
v -0.068842 0.092409 -0.068318
v -0.068842 0.092409 -0.068318
v -0.070696 0.092943 -0.073221
v -0.070220 0.092375 -0.070944
v -0.070220 0.092375 -0.070944
v -0.069744 0.091807 -0.068668
v -0.068842 0.092409 -0.068318
v -0.068842 0.092409 -0.068318
v -0.067524 0.093091 -0.067391
v -0.050183 0.106851 -0.073221
v -0.067524 0.093091 -0.067391
v -0.066531 0.093403 -0.066239
v -0.050183 0.106851 -0.073221
v -0.064205 0.090335 -0.061334
v -0.064444 0.092822 -0.060895
v -0.065827 0.093382 -0.064855
v -0.062827 0.089768 -0.057375
v -0.063058 0.092262 -0.056938
v -0.064444 0.092822 -0.060895
v -0.064444 0.092822 -0.060895
v -0.064205 0.090335 -0.061334
v -0.062827 0.089768 -0.057375
v -0.065827 0.093382 -0.064855
v -0.065581 0.090900 -0.065294
v -0.064205 0.090335 -0.061334
v -0.056099 0.102984 -0.074305
v -0.070788 0.093052 -0.074305
v -0.070696 0.092943 -0.073221
v -0.070788 0.093052 -0.074305
v -0.077848 0.086639 -0.074298
v -0.077750 0.086542 -0.073228
v -0.077848 0.086639 -0.074298
v -0.084385 0.079693 -0.074268
v -0.082877 0.081114 -0.073247
v -0.084385 0.079693 -0.074268
v -0.084289 0.079619 -0.073252
v -0.082877 0.081114 -0.073247
v -0.082877 0.081114 -0.073247
v -0.077750 0.086542 -0.073228
v -0.077848 0.086639 -0.074298
v -0.077750 0.086542 -0.073228
v -0.070696 0.092943 -0.073221
v -0.070788 0.093052 -0.074305
v -0.084385 0.079693 -0.074268
v -0.090953 0.072889 -0.074245
v -0.088763 0.074997 -0.073269
v -0.090953 0.072889 -0.074245
v -0.090881 0.072809 -0.073277
v -0.088763 0.074997 -0.073269
v -0.095283 0.069618 -0.073289
v -0.090881 0.072809 -0.073277
v -0.092048 0.072093 -0.074241
v -0.090881 0.072809 -0.073277
v -0.090953 0.072889 -0.074245
v -0.092048 0.072093 -0.074241
v -0.092048 0.072093 -0.074241
v -0.095557 0.069542 -0.074229
v -0.095283 0.069618 -0.073289
v -0.088763 0.074997 -0.073269
v -0.084289 0.079619 -0.073252
v -0.084385 0.079693 -0.074268
v -0.063058 0.092262 -0.056938
v -0.062827 0.089768 -0.057375
v -0.058138 0.086774 -0.039540
v -0.062885 0.089643 -0.065294
v -0.062827 0.089768 -0.057375
v -0.064205 0.090335 -0.061334
v -0.064205 0.090335 -0.061334
v -0.065581 0.090900 -0.065294
v -0.062885 0.089643 -0.065294
v -0.065827 0.093382 -0.064855
v -0.066531 0.093403 -0.066239
v -0.066237 0.091017 -0.066159
v -0.066531 0.093403 -0.066239
v -0.067524 0.093091 -0.067391
v -0.067111 0.090948 -0.066879
v -0.067524 0.093091 -0.067391
v -0.068842 0.092409 -0.068318
v -0.068232 0.090671 -0.067458
v -0.068842 0.092409 -0.068318
v -0.069744 0.091807 -0.068668
v -0.068979 0.090389 -0.067677
v -0.068979 0.090389 -0.067677
v -0.068232 0.090671 -0.067458
v -0.068842 0.092409 -0.068318
v -0.068232 0.090671 -0.067458
v -0.067111 0.090948 -0.066879
v -0.067524 0.093091 -0.067391
v -0.067111 0.090948 -0.066879
v -0.066237 0.091017 -0.066159
v -0.066531 0.093403 -0.066239
v -0.066237 0.091017 -0.066159
v -0.065581 0.090900 -0.065294
v -0.065827 0.093382 -0.064855
v -0.069744 0.091807 -0.068668
v -0.070598 0.091134 -0.068785
v -0.069672 0.090049 -0.067750
v -0.069672 0.090049 -0.067750
v -0.068979 0.090389 -0.067677
v -0.069744 0.091807 -0.068668
v -0.070598 0.091134 -0.068785
v -0.069744 0.091807 -0.068668
v -0.070220 0.092375 -0.070944
v -0.077750 0.086542 -0.073228
v -0.077477 0.084825 -0.068794
v -0.070598 0.091134 -0.068785
v -0.082877 0.081114 -0.073247
v -0.082118 0.079938 -0.068814
v -0.077477 0.084825 -0.068794
v -0.077477 0.084825 -0.068794
v -0.077750 0.086542 -0.073228
v -0.082877 0.081114 -0.073247
v -0.070598 0.091134 -0.068785
v -0.070696 0.092943 -0.073221
v -0.077750 0.086542 -0.073228
v -0.082118 0.079938 -0.068814
v -0.082877 0.081114 -0.073247
v -0.084289 0.079619 -0.073252
v -0.084289 0.079619 -0.073252
v -0.084252 0.077654 -0.068792
v -0.083897 0.078065 -0.068821
v -0.088763 0.074997 -0.073269
v -0.085223 0.076382 -0.068329
v -0.084252 0.077654 -0.068792
v -0.084252 0.077654 -0.068792
v -0.084289 0.079619 -0.073252
v -0.088763 0.074997 -0.073269
v -0.088763 0.074997 -0.073269
v -0.086249 0.074431 -0.066275
v -0.085900 0.075275 -0.067433
v -0.088763 0.074997 -0.073269
v -0.084865 0.070525 -0.053196
v -0.085559 0.072178 -0.059053
v -0.083142 0.067394 -0.040883
v -0.084865 0.070525 -0.053196
v -0.088763 0.074997 -0.073269
v -0.085559 0.072178 -0.059053
v -0.086262 0.073853 -0.064903
v -0.088763 0.074997 -0.073269
v -0.086262 0.073853 -0.064903
v -0.086249 0.074431 -0.066275
v -0.088763 0.074997 -0.073269
v -0.085900 0.075275 -0.067433
v -0.085223 0.076382 -0.068329
v -0.088763 0.074997 -0.073269
v -0.084289 0.079619 -0.073252
v -0.083897 0.078065 -0.068821
v -0.082118 0.079938 -0.068814
v -0.070220 0.092375 -0.070944
v -0.070696 0.092943 -0.073221
v -0.070598 0.091134 -0.068785
v -0.083206 0.071769 -0.059442
v -0.085559 0.072178 -0.059053
v -0.084865 0.070525 -0.053196
v -0.083885 0.073467 -0.065294
v -0.086262 0.073853 -0.064903
v -0.085559 0.072178 -0.059053
v -0.085559 0.072178 -0.059053
v -0.083206 0.071769 -0.059442
v -0.083885 0.073467 -0.065294
v -0.084865 0.070525 -0.053196
v -0.082536 0.070091 -0.053583
v -0.083206 0.071769 -0.059442
v -0.063942 0.087377 -0.067750
v -0.067111 0.090948 -0.066879
v -0.068232 0.090671 -0.067458
v -0.063942 0.087377 -0.067750
v -0.066237 0.091017 -0.066159
v -0.067111 0.090948 -0.066879
v -0.068232 0.090671 -0.067458
v -0.068979 0.090389 -0.067677
v -0.063942 0.087377 -0.067750
v -0.063942 0.087377 -0.067750
v -0.062885 0.089643 -0.065294
v -0.065581 0.090900 -0.065294
v -0.065581 0.090900 -0.065294
v -0.066237 0.091017 -0.066159
v -0.063942 0.087377 -0.067750
v -0.068979 0.090389 -0.067677
v -0.069672 0.090049 -0.067750
v -0.063942 0.087377 -0.067750
v -0.082824 0.077107 -0.067750
v -0.079646 0.080574 -0.067750
v -0.082118 0.079938 -0.068814
v -0.077477 0.084825 -0.068794
v -0.082118 0.079938 -0.068814
v -0.079646 0.080574 -0.067750
v -0.079646 0.080574 -0.067750
v -0.077334 0.083733 -0.067855
v -0.077477 0.084825 -0.068794
v -0.082118 0.079938 -0.068814
v -0.083897 0.078065 -0.068821
v -0.082824 0.077107 -0.067750
v -0.070598 0.091134 -0.068785
v -0.074276 0.086301 -0.067776
v -0.073113 0.087003 -0.067750
v -0.077477 0.084825 -0.068794
v -0.076824 0.084162 -0.067842
v -0.074276 0.086301 -0.067776
v -0.074276 0.086301 -0.067776
v -0.070598 0.091134 -0.068785
v -0.077477 0.084825 -0.068794
v -0.073113 0.087003 -0.067750
v -0.069672 0.090049 -0.067750
v -0.070598 0.091134 -0.068785
v -0.077334 0.083733 -0.067855
v -0.076824 0.084162 -0.067842
v -0.077477 0.084825 -0.068794
v -0.062885 0.089643 -0.065294
v -0.063942 0.087377 -0.067750
v -0.058383 0.082133 -0.067750
v -0.080085 0.071234 -0.067750
v -0.083954 0.074012 -0.066152
v -0.083885 0.073467 -0.065294
v -0.080085 0.071234 -0.067750
v -0.083826 0.074763 -0.066877
v -0.083954 0.074012 -0.066152
v -0.080085 0.071234 -0.067750
v -0.083507 0.075713 -0.067439
v -0.083826 0.074763 -0.066877
v -0.080085 0.071234 -0.067750
v -0.082824 0.077107 -0.067750
v -0.083012 0.076773 -0.067731
v -0.083012 0.076773 -0.067731
v -0.083507 0.075713 -0.067439
v -0.080085 0.071234 -0.067750
v -0.083885 0.073467 -0.065294
v -0.082351 0.070177 -0.065294
v -0.080085 0.071234 -0.067750
v -0.086262 0.073853 -0.064903
v -0.083885 0.073467 -0.065294
v -0.083954 0.074012 -0.066152
v -0.086249 0.074431 -0.066275
v -0.083954 0.074012 -0.066152
v -0.083826 0.074763 -0.066877
v -0.085900 0.075275 -0.067433
v -0.083826 0.074763 -0.066877
v -0.083507 0.075713 -0.067439
v -0.085223 0.076382 -0.068329
v -0.083507 0.075713 -0.067439
v -0.083012 0.076773 -0.067731
v -0.084252 0.077654 -0.068792
v -0.083012 0.076773 -0.067731
v -0.082824 0.077107 -0.067750
v -0.082824 0.077107 -0.067750
v -0.083897 0.078065 -0.068821
v -0.084252 0.077654 -0.068792
v -0.083012 0.076773 -0.067731
v -0.084252 0.077654 -0.068792
v -0.085223 0.076382 -0.068329
v -0.083507 0.075713 -0.067439
v -0.085223 0.076382 -0.068329
v -0.085900 0.075275 -0.067433
v -0.083826 0.074763 -0.066877
v -0.085900 0.075275 -0.067433
v -0.086249 0.074431 -0.066275
v -0.083954 0.074012 -0.066152
v -0.086249 0.074431 -0.066275
v -0.086262 0.073853 -0.064903
v -0.082351 0.070177 -0.065294
v -0.083885 0.073467 -0.065294
v -0.083206 0.071769 -0.059442
v -0.083206 0.071769 -0.059442
v -0.082536 0.070091 -0.053583
v -0.082351 0.070177 -0.065294
v -0.082824 0.077107 -0.067750
v -0.080085 0.071234 -0.067750
v -0.079934 0.072973 -0.067750
v -0.075367 0.066889 -0.067750
v -0.079934 0.072973 -0.067750
v -0.080085 0.071234 -0.067750
v -0.063942 0.087377 -0.067750
v -0.065509 0.087170 -0.067750
v -0.059499 0.082508 -0.067750
v -0.069672 0.090049 -0.067750
v -0.073113 0.087003 -0.067750
v -0.065509 0.087170 -0.067750
v -0.065509 0.087170 -0.067750
v -0.063942 0.087377 -0.067750
v -0.069672 0.090049 -0.067750
v -0.079934 0.072973 -0.067750
v -0.079646 0.080574 -0.067750
v -0.082824 0.077107 -0.067750
v -0.073113 0.087003 -0.067750
v -0.072776 0.086114 -0.067059
v -0.065807 0.086267 -0.067059
v -0.059499 0.082508 -0.067750
v -0.065509 0.087170 -0.067750
v -0.064171 0.084998 -0.067059
v -0.065509 0.087170 -0.067750
v -0.065807 0.086267 -0.067059
v -0.064171 0.084998 -0.067059
v -0.079646 0.080574 -0.067750
v -0.079934 0.072973 -0.067750
v -0.078909 0.076345 -0.067059
v -0.079934 0.072973 -0.067750
v -0.079026 0.073256 -0.067059
v -0.078909 0.076345 -0.067059
v -0.078909 0.076345 -0.067059
v -0.078762 0.080222 -0.067059
v -0.079646 0.080574 -0.067750
v -0.079026 0.073256 -0.067059
v -0.079934 0.072973 -0.067750
v -0.075367 0.066889 -0.067750
v -0.064171 0.084998 -0.067059
v -0.060299 0.081995 -0.067059
v -0.059499 0.082508 -0.067750
v -0.065807 0.086267 -0.067059
v -0.065509 0.087170 -0.067750
v -0.073113 0.087003 -0.067750
v -0.079646 0.080574 -0.067750
v -0.078762 0.080222 -0.067059
v -0.076885 0.083360 -0.067235
v -0.074260 0.085364 -0.067115
v -0.074276 0.086301 -0.067776
v -0.076824 0.084162 -0.067842
v -0.076824 0.084162 -0.067842
v -0.076885 0.083360 -0.067235
v -0.074260 0.085364 -0.067115
v -0.074260 0.085364 -0.067115
v -0.073957 0.085595 -0.067102
v -0.074276 0.086301 -0.067776
v -0.072776 0.086114 -0.067059
v -0.073113 0.087003 -0.067750
v -0.074276 0.086301 -0.067776
v -0.074276 0.086301 -0.067776
v -0.073957 0.085595 -0.067102
v -0.072776 0.086114 -0.067059
v -0.076824 0.084162 -0.067842
v -0.077334 0.083733 -0.067855
v -0.076885 0.083360 -0.067235
v -0.076885 0.083360 -0.067235
v -0.077334 0.083733 -0.067855
v -0.079646 0.080574 -0.067750
v -0.079188 0.076368 -0.066095
v -0.078909 0.076345 -0.067059
v -0.079026 0.073256 -0.067059
v -0.079026 0.073256 -0.067059
v -0.074841 0.067682 -0.067059
v -0.076822 0.069867 -0.066095
v -0.064019 0.085125 -0.066095
v -0.059573 0.079826 -0.066095
v -0.060299 0.081995 -0.067059
v -0.060299 0.081995 -0.067059
v -0.064171 0.084998 -0.067059
v -0.064019 0.085125 -0.066095
v -0.065807 0.086267 -0.067059
v -0.072776 0.086114 -0.067059
v -0.070832 0.086326 -0.066095
v -0.064019 0.085125 -0.066095
v -0.064171 0.084998 -0.067059
v -0.065807 0.086267 -0.067059
v -0.073827 0.084597 -0.066095
v -0.070832 0.086326 -0.066095
v -0.072776 0.086114 -0.067059
v -0.072776 0.086114 -0.067059
v -0.073957 0.085595 -0.067102
v -0.073827 0.084597 -0.066095
v -0.073957 0.085595 -0.067102
v -0.074260 0.085364 -0.067115
v -0.073827 0.084597 -0.066095
v -0.073827 0.084597 -0.066095
v -0.074260 0.085364 -0.067115
v -0.076885 0.083360 -0.067235
v -0.079188 0.076368 -0.066095
v -0.076822 0.082868 -0.066095
v -0.078762 0.080222 -0.067059
v -0.076822 0.082868 -0.066095
v -0.076885 0.083360 -0.067235
v -0.078762 0.080222 -0.067059
v -0.078762 0.080222 -0.067059
v -0.078909 0.076345 -0.067059
v -0.079188 0.076368 -0.066095
v -0.076885 0.083360 -0.067235
v -0.076822 0.082868 -0.066095
v -0.073827 0.084597 -0.066095
v -0.070832 0.086326 -0.066095
v -0.064019 0.085125 -0.066095
v -0.065807 0.086267 -0.067059
v -0.079026 0.073256 -0.067059
v -0.076822 0.069867 -0.066095
v -0.079188 0.076368 -0.066095
v -0.079188 0.076368 -0.066095
v -0.078712 0.076368 -0.065750
v -0.076458 0.082562 -0.065750
v -0.070749 0.085858 -0.065750
v -0.070832 0.086326 -0.066095
v -0.073827 0.084597 -0.066095
v -0.073827 0.084597 -0.066095
v -0.076458 0.082562 -0.065750
v -0.070749 0.085858 -0.065750
v -0.070832 0.086326 -0.066095
v -0.070749 0.085858 -0.065750
v -0.064257 0.084713 -0.065750
v -0.064019 0.085125 -0.066095
v -0.064257 0.084713 -0.065750
v -0.060020 0.079663 -0.065750
v -0.064019 0.067610 -0.066095
v -0.059573 0.072909 -0.066095
v -0.060020 0.073072 -0.065750
v -0.076822 0.069867 -0.066095
v -0.076458 0.070173 -0.065750
v -0.078712 0.076368 -0.065750
v -0.078712 0.076368 -0.065750
v -0.079188 0.076368 -0.066095
v -0.076822 0.069867 -0.066095
v -0.060020 0.079663 -0.065750
v -0.059573 0.079826 -0.066095
v -0.064019 0.085125 -0.066095
v -0.064257 0.084713 -0.065750
v -0.064019 0.085125 -0.066095
v -0.070832 0.086326 -0.066095
v -0.073827 0.084597 -0.066095
v -0.076822 0.082868 -0.066095
v -0.076458 0.082562 -0.065750
v -0.076458 0.082562 -0.065750
v -0.076822 0.082868 -0.066095
v -0.079188 0.076368 -0.066095
v -0.064258 0.068022 -0.065750
v -0.064626 0.073135 -0.065750
v -0.070775 0.071137 -0.065750
v -0.064257 0.084713 -0.065750
v -0.070749 0.085858 -0.065750
v -0.070775 0.081598 -0.065750
v -0.076458 0.082562 -0.065750
v -0.078712 0.076368 -0.065750
v -0.074576 0.076368 -0.065750
v -0.076458 0.070173 -0.065750
v -0.070775 0.071137 -0.065750
v -0.074576 0.076368 -0.065750
v -0.064258 0.068022 -0.065750
v -0.060020 0.073072 -0.065750
v -0.064626 0.073135 -0.065750
v -0.060020 0.073072 -0.065750
v -0.060020 0.079663 -0.065750
v -0.064626 0.079600 -0.065750
v -0.070775 0.081598 -0.065750
v -0.064626 0.079600 -0.065750
v -0.064257 0.084713 -0.065750
v -0.074576 0.076368 -0.065750
v -0.070775 0.081598 -0.065750
v -0.076458 0.082562 -0.065750
v -0.064626 0.079600 -0.065750
v -0.064626 0.073135 -0.065750
v -0.060020 0.073072 -0.065750
v -0.070775 0.081598 -0.065750
v -0.070749 0.085858 -0.065750
v -0.076458 0.082562 -0.065750
v -0.074576 0.076368 -0.065750
v -0.078712 0.076368 -0.065750
v -0.076458 0.070173 -0.065750
v -0.064626 0.079600 -0.065750
v -0.060020 0.079663 -0.065750
v -0.064257 0.084713 -0.065750
v -0.070775 0.071137 -0.065750
v -0.070775 0.071137 -0.078750
v -0.074576 0.076368 -0.078750
v -0.064626 0.073135 -0.065750
v -0.064626 0.073135 -0.078750
v -0.070775 0.071137 -0.078750
v -0.064626 0.079600 -0.065750
v -0.064626 0.079600 -0.078750
v -0.063576 0.076368 -0.078750
v -0.063576 0.076368 -0.078750
v -0.064626 0.073135 -0.065750
v -0.064626 0.079600 -0.065750
v -0.070775 0.081598 -0.065750
v -0.070775 0.081598 -0.078750
v -0.064626 0.079600 -0.078750
v -0.074576 0.076368 -0.065750
v -0.074576 0.076368 -0.078750
v -0.070775 0.081598 -0.078750
v -0.070775 0.081598 -0.078750
v -0.070775 0.081598 -0.065750
v -0.074576 0.076368 -0.065750
v -0.064626 0.079600 -0.078750
v -0.064626 0.079600 -0.065750
v -0.070775 0.081598 -0.065750
v -0.063576 0.076368 -0.078750
v -0.064626 0.073135 -0.078750
v -0.064626 0.073135 -0.065750
v -0.070775 0.071137 -0.078750
v -0.070775 0.071137 -0.065750
v -0.064626 0.073135 -0.065750
v -0.074576 0.076368 -0.078750
v -0.074576 0.076368 -0.065750
v -0.070775 0.071137 -0.065750
v -0.090953 0.072889 -0.074245
v -0.091449 0.072325 -0.076368
v -0.091943 0.071956 -0.076012
v -0.084385 0.079693 -0.074268
v -0.090653 0.072919 -0.077545
v -0.091449 0.072325 -0.076368
v -0.090653 0.072919 -0.077545
v -0.084385 0.079693 -0.074268
v -0.087166 0.076223 -0.078750
v -0.084385 0.079693 -0.074268
v -0.084207 0.079539 -0.078750
v -0.087166 0.076223 -0.078750
v -0.087166 0.076223 -0.078750
v -0.090243 0.073196 -0.078750
v -0.090653 0.072919 -0.077545
v -0.091449 0.072325 -0.076368
v -0.090953 0.072889 -0.074245
v -0.084385 0.079693 -0.074268
v -0.092048 0.072093 -0.074241
v -0.092525 0.071522 -0.075593
v -0.093753 0.070644 -0.075329
v -0.092048 0.072093 -0.074241
v -0.091943 0.071956 -0.076012
v -0.092525 0.071522 -0.075593
v -0.095557 0.069542 -0.074229
v -0.092048 0.072093 -0.074241
v -0.093753 0.070644 -0.075329
v -0.091943 0.071956 -0.076012
v -0.092048 0.072093 -0.074241
v -0.090953 0.072889 -0.074245
v -0.092525 0.071522 -0.075593
v -0.091935 0.069938 -0.076926
v -0.092898 0.069414 -0.076750
v -0.091935 0.069938 -0.076926
v -0.092525 0.071522 -0.075593
v -0.091943 0.071956 -0.076012
v -0.091943 0.071956 -0.076012
v -0.091099 0.070425 -0.077443
v -0.091935 0.069938 -0.076926
v -0.090653 0.072919 -0.077545
v -0.090483 0.070785 -0.078228
v -0.091099 0.070425 -0.077443
v -0.090483 0.070785 -0.078228
v -0.090653 0.072919 -0.077545
v -0.090636 0.072662 -0.078750
v -0.090653 0.072919 -0.077545
v -0.090243 0.073196 -0.078750
v -0.090344 0.073098 -0.078750
v -0.090344 0.073098 -0.078750
v -0.090636 0.072662 -0.078750
v -0.090653 0.072919 -0.077545
v -0.090636 0.072662 -0.078750
v -0.090249 0.070909 -0.078750
v -0.090483 0.070785 -0.078228
v -0.091099 0.070425 -0.077443
v -0.091449 0.072325 -0.076368
v -0.090653 0.072919 -0.077545
v -0.091943 0.071956 -0.076012
v -0.091449 0.072325 -0.076368
v -0.091099 0.070425 -0.077443
v -0.092898 0.069414 -0.076750
v -0.093753 0.070644 -0.075329
v -0.092525 0.071522 -0.075593
v -0.063135 0.096947 -0.078750
v -0.055423 0.087423 -0.078750
v -0.064626 0.079600 -0.078750
v -0.070775 0.081598 -0.078750
v -0.065218 0.097165 -0.078750
v -0.063277 0.097097 -0.078750
v -0.063277 0.097097 -0.078750
v -0.063135 0.096947 -0.078750
v -0.070775 0.081598 -0.078750
v -0.078312 0.061242 -0.078750
v -0.090243 0.073196 -0.078750
v -0.087166 0.076223 -0.078750
v -0.090249 0.070909 -0.078750
v -0.090636 0.072662 -0.078750
v -0.090344 0.073098 -0.078750
v -0.084207 0.079539 -0.078750
v -0.065218 0.097165 -0.078750
v -0.070775 0.081598 -0.078750
v -0.064626 0.079600 -0.078750
v -0.070775 0.081598 -0.078750
v -0.063135 0.096947 -0.078750
v -0.087166 0.076223 -0.078750
v -0.074576 0.076368 -0.078750
v -0.078312 0.061242 -0.078750
v -0.070775 0.081598 -0.078750
v -0.074576 0.076368 -0.078750
v -0.084207 0.079539 -0.078750
v -0.074576 0.076368 -0.078750
v -0.087166 0.076223 -0.078750
v -0.084207 0.079539 -0.078750
v -0.065113 0.097274 -0.078267
v -0.064541 0.097782 -0.076958
v -0.062757 0.097302 -0.077836
v -0.063637 0.098504 -0.075974
v -0.062160 0.097776 -0.077181
v -0.062757 0.097302 -0.077836
v -0.062498 0.099349 -0.075424
v -0.061398 0.098317 -0.076814
v -0.062160 0.097776 -0.077181
v -0.061732 0.099889 -0.075329
v -0.060881 0.098657 -0.076750
v -0.061398 0.098317 -0.076814
v -0.063277 0.097097 -0.078750
v -0.065113 0.097274 -0.078267
v -0.063135 0.096947 -0.078750
v -0.063277 0.097097 -0.078750
v -0.065218 0.097165 -0.078750
v -0.065113 0.097274 -0.078267
v -0.061398 0.098317 -0.076814
v -0.062498 0.099349 -0.075424
v -0.061732 0.099889 -0.075329
v -0.062160 0.097776 -0.077181
v -0.063637 0.098504 -0.075974
v -0.062498 0.099349 -0.075424
v -0.062757 0.097302 -0.077836
v -0.064541 0.097782 -0.076958
v -0.063637 0.098504 -0.075974
v -0.062757 0.097302 -0.077836
v -0.063135 0.096947 -0.078750
v -0.065113 0.097274 -0.078267
v -0.065218 0.097165 -0.078750
v -0.077848 0.086639 -0.074298
v -0.070788 0.093052 -0.074305
v -0.065218 0.097165 -0.078750
v -0.084207 0.079539 -0.078750
v -0.077848 0.086639 -0.074298
v -0.084207 0.079539 -0.078750
v -0.084385 0.079693 -0.074268
v -0.077848 0.086639 -0.074298
v -0.070788 0.093052 -0.074305
v -0.064541 0.097782 -0.076958
v -0.065113 0.097274 -0.078267
v -0.061732 0.099889 -0.075329
v -0.070788 0.093052 -0.074305
v -0.056099 0.102984 -0.074305
v -0.061732 0.099889 -0.075329
v -0.062498 0.099349 -0.075424
v -0.070788 0.093052 -0.074305
v -0.062498 0.099349 -0.075424
v -0.063637 0.098504 -0.075974
v -0.070788 0.093052 -0.074305
v -0.063637 0.098504 -0.075974
v -0.064541 0.097782 -0.076958
v -0.070788 0.093052 -0.074305
v -0.070788 0.093052 -0.074305
v -0.065113 0.097274 -0.078267
v -0.065218 0.097165 -0.078750
v -0.062728 0.061428 0.028418
v -0.059498 0.063150 0.030673
v -0.058718 0.066010 -0.065294
v -0.059498 0.063150 0.030673
v -0.057162 0.065181 0.031790
v -0.058718 0.066010 -0.065294
v -0.058718 0.066010 -0.065294
v -0.054601 0.069052 0.024677
v -0.054237 0.070064 0.021997
v -0.058718 0.066010 -0.065294
v -0.057162 0.065181 0.031790
v -0.056394 0.066092 0.030627
v -0.056394 0.066092 0.030627
v -0.054601 0.069052 0.024677
v -0.058718 0.066010 -0.065294
v -0.054237 0.070064 0.021997
v -0.056230 0.070964 -0.065294
v -0.058718 0.066010 -0.065294
v -0.071009 0.060588 0.006318
v -0.074595 0.061945 -0.007994
v -0.075719 0.061621 -0.006630
v -0.077713 0.062362 -0.013879
v -0.075719 0.061621 -0.006630
v -0.074595 0.061945 -0.007994
v -0.074595 0.061945 -0.007994
v -0.076157 0.062536 -0.014228
v -0.077713 0.062362 -0.013879
v -0.078923 0.063144 -0.019066
v -0.077713 0.062362 -0.013879
v -0.076157 0.062536 -0.014228
v -0.083142 0.067394 -0.040883
v -0.078923 0.063144 -0.019066
v -0.077253 0.063261 -0.019422
v -0.077253 0.063261 -0.019422
v -0.081029 0.067196 -0.041262
v -0.083142 0.067394 -0.040883
v -0.076157 0.062536 -0.014228
v -0.077253 0.063261 -0.019422
v -0.078923 0.063144 -0.019066
v -0.106744 0.051565 -0.006311
v -0.087897 0.054960 -0.006512
v -0.091506 0.061807 -0.040260
v -0.123709 0.051280 -0.006127
v -0.106744 0.051565 -0.006311
v -0.108966 0.057297 -0.040169
v -0.106744 0.051565 -0.006311
v -0.123709 0.051280 -0.006127
v -0.123709 0.050193 0.001013
v -0.079412 0.059000 -0.006601
v -0.077713 0.062362 -0.013879
v -0.078923 0.063144 -0.019066
v -0.079412 0.059000 -0.006601
v -0.075719 0.061621 -0.006630
v -0.077713 0.062362 -0.013879
v -0.078923 0.063144 -0.019066
v -0.083142 0.067394 -0.040883
v -0.079412 0.059000 -0.006601
v -0.072072 0.060264 0.006634
v -0.075719 0.061621 -0.006630
v -0.079412 0.059000 -0.006601
v -0.123709 0.055553 -0.034214
v -0.123709 0.051280 -0.006127
v -0.123614 0.063441 -0.073334
v -0.091506 0.061807 -0.040260
v -0.087897 0.054960 -0.006512
v -0.079412 0.059000 -0.006601
v -0.091506 0.061807 -0.040260
v -0.108966 0.057297 -0.040169
v -0.106744 0.051565 -0.006311
v -0.076157 0.062536 -0.014228
v -0.074595 0.061945 -0.007994
v -0.074242 0.063160 -0.065294
v -0.074595 0.061945 -0.007994
v -0.071009 0.060588 0.006318
v -0.066953 0.061875 -0.065294
v -0.063672 0.063522 -0.065294
v -0.066953 0.061875 -0.065294
v -0.066248 0.060466 0.020857
v -0.066248 0.060466 0.020857
v -0.065475 0.060588 0.022809
v -0.063672 0.063522 -0.065294
v -0.065475 0.060588 0.022809
v -0.062728 0.061428 0.028418
v -0.063672 0.063522 -0.065294
v -0.058718 0.066010 -0.065294
v -0.063672 0.063522 -0.065294
v -0.062728 0.061428 0.028418
v -0.071009 0.060588 0.006318
v -0.066248 0.060466 0.020857
v -0.066953 0.061875 -0.065294
v -0.077253 0.063261 -0.019422
v -0.076157 0.062536 -0.014228
v -0.076027 0.063475 -0.065294
v -0.123709 0.056102 -0.039781
v -0.123709 0.055553 -0.034214
v -0.123709 0.056272 -0.038246
v -0.123709 0.050555 -0.006270
v -0.123709 0.051280 -0.006127
v -0.123709 0.055553 -0.034214
v -0.123709 0.050555 -0.006270
v -0.123709 0.050193 0.001013
v -0.123709 0.051280 -0.006127
v -0.123709 0.055553 -0.034214
v -0.123709 0.056102 -0.039781
v -0.123709 0.050555 -0.006270
v -0.124209 0.063570 -0.072910
v -0.124208 0.051050 -0.006199
v -0.123709 0.056102 -0.039781
v -0.124208 0.051050 -0.006199
v -0.123709 0.050555 -0.006270
v -0.123709 0.056102 -0.039781
v 0.000699 0.109407 -0.036949
v -0.022666 0.105432 -0.036949
v -0.018913 0.092224 0.011332
v -0.022666 0.105432 -0.036949
v -0.044630 0.096527 -0.036949
v -0.038126 0.084435 0.011332
v -0.044630 0.096527 -0.036949
v -0.055340 0.085913 -0.026350
v -0.053145 0.080930 -0.008222
v -0.044630 0.096527 -0.036949
v -0.057463 0.088444 -0.036946
v -0.055340 0.085913 -0.026350
v -0.053145 0.080930 -0.008222
v -0.038126 0.084435 0.011332
v -0.044630 0.096527 -0.036949
v -0.057897 0.088961 -0.039114
v -0.057463 0.088444 -0.036946
v -0.044630 0.096527 -0.036949
v -0.038126 0.084435 0.011332
v -0.018913 0.092224 0.011332
v -0.022666 0.105432 -0.036949
v -0.018913 0.092224 0.011332
v 0.001525 0.095701 0.011332
v 0.000699 0.109407 -0.036949
v -0.055795 0.084006 -0.026761
v -0.055340 0.085913 -0.026350
v -0.057463 0.088444 -0.036946
v -0.057463 0.088444 -0.036946
v -0.058138 0.086774 -0.039540
v -0.055795 0.084006 -0.026761
v -0.053145 0.080930 -0.008222
v -0.055340 0.085913 -0.026350
v -0.054808 0.081819 -0.017996
v -0.055340 0.085913 -0.026350
v -0.055795 0.084006 -0.026761
v -0.054808 0.081819 -0.017996
v -0.053145 0.080930 -0.008222
v -0.053750 0.079475 -0.008600
v -0.053231 0.074698 0.008293
v -0.054808 0.081819 -0.017996
v -0.053750 0.079475 -0.008600
v -0.053145 0.080930 -0.008222
v -0.057463 0.088444 -0.036946
v -0.057897 0.088961 -0.039114
v -0.058138 0.086774 -0.039540
v -0.056230 0.070964 -0.065294
v -0.053730 0.071476 0.018259
v -0.053231 0.074698 0.008293
v -0.056230 0.070964 -0.065294
v -0.054237 0.070064 0.021997
v -0.053730 0.071476 0.018259
v -0.054583 0.074245 -0.065294
v -0.053750 0.079475 -0.008600
v -0.054808 0.081819 -0.017996
v -0.054583 0.074245 -0.065294
v -0.053231 0.074698 0.008293
v -0.053750 0.079475 -0.008600
v -0.055868 0.081534 -0.065294
v -0.054808 0.081819 -0.017996
v -0.055795 0.084006 -0.026761
v 0.003006 -0.088945 0.045084
v 0.022227 -0.087787 0.045084
v 0.021648 -0.084386 0.078750
v 0.002678 -0.095764 0.011332
v 0.023372 -0.094517 0.011332
v 0.022227 -0.087787 0.045084
v 0.022227 -0.087787 0.045084
v 0.003006 -0.088945 0.045084
v 0.002678 -0.095764 0.011332
v 0.021648 -0.084386 0.078750
v 0.003172 -0.085500 0.078750
v 0.003006 -0.088945 0.045084
v 0.022227 -0.087787 0.045084
v 0.040749 -0.082524 0.045084
v 0.039453 -0.079327 0.078750
v 0.040749 -0.082524 0.045084
v 0.057707 -0.073402 0.045084
v 0.055755 -0.070559 0.078750
v 0.057707 -0.073402 0.045084
v 0.072308 -0.060848 0.045084
v 0.069790 -0.058491 0.078750
v 0.072308 -0.060848 0.045084
v 0.083869 -0.045449 0.045084
v 0.080902 -0.043689 0.078750
v 0.083869 -0.045449 0.045084
v 0.091848 -0.027925 0.045084
v 0.088573 -0.026843 0.078750
v 0.091848 -0.027925 0.045084
v 0.095875 -0.009095 0.045084
v 0.092443 -0.008743 0.078750
v 0.023372 -0.094517 0.011332
v 0.043314 -0.088850 0.011332
v 0.040749 -0.082524 0.045084
v 0.043314 -0.088850 0.011332
v 0.061572 -0.079029 0.011332
v 0.057707 -0.073402 0.045084
v 0.089739 -0.048933 0.011332
v 0.098331 -0.030066 0.011332
v 0.091848 -0.027925 0.045084
v 0.098331 -0.030066 0.011332
v 0.102666 -0.009792 0.011332
v 0.095875 -0.009095 0.045084
v 0.061572 -0.079029 0.011332
v 0.067639 -0.080567 -0.006988
v 0.067306 -0.074792 0.011257
v 0.072308 -0.060848 0.045084
v 0.072418 -0.064507 0.030355
v 0.073071 -0.063919 0.030079
v 0.072308 -0.060848 0.045084
v 0.071765 -0.065162 0.030347
v 0.072418 -0.064507 0.030355
v 0.073071 -0.063919 0.030079
v 0.074065 -0.063135 0.029204
v 0.072308 -0.060848 0.045084
v 0.057707 -0.073402 0.045084
v 0.070990 -0.066045 0.029895
v 0.071765 -0.065162 0.030347
v 0.061572 -0.079029 0.011332
v 0.067437 -0.073867 0.013905
v 0.067988 -0.071596 0.019948
v 0.061572 -0.079029 0.011332
v 0.067306 -0.074792 0.011257
v 0.067437 -0.073867 0.013905
v 0.067988 -0.071596 0.019948
v 0.057707 -0.073402 0.045084
v 0.061572 -0.079029 0.011332
v 0.067988 -0.071596 0.019948
v 0.068633 -0.069889 0.023928
v 0.057707 -0.073402 0.045084
v 0.068633 -0.069889 0.023928
v 0.069303 -0.068537 0.026600
v 0.057707 -0.073402 0.045084
v 0.069303 -0.068537 0.026600
v 0.070388 -0.066827 0.029143
v 0.057707 -0.073402 0.045084
v 0.070388 -0.066827 0.029143
v 0.070990 -0.066045 0.029895
v 0.057707 -0.073402 0.045084
v 0.071765 -0.065162 0.030347
v 0.072308 -0.060848 0.045084
v 0.057707 -0.073402 0.045084
v 0.089739 -0.048933 0.011332
v 0.080183 -0.060342 0.016589
v 0.081988 -0.060025 0.011535
v 0.083869 -0.045449 0.045084
v 0.076147 -0.061840 0.026018
v 0.080183 -0.060342 0.016589
v 0.080183 -0.060342 0.016589
v 0.089739 -0.048933 0.011332
v 0.083869 -0.045449 0.045084
v 0.083869 -0.045449 0.045084
v 0.072308 -0.060848 0.045084
v 0.074478 -0.062877 0.028570
v 0.074478 -0.062877 0.028570
v 0.076147 -0.061840 0.026018
v 0.083869 -0.045449 0.045084
v 0.089739 -0.048933 0.011332
v 0.082052 -0.060029 0.011333
v 0.088310 -0.060459 -0.008522
v 0.081988 -0.060025 0.011535
v 0.082052 -0.060029 0.011333
v 0.089739 -0.048933 0.011332
v 0.074065 -0.063135 0.029204
v 0.074478 -0.062877 0.028570
v 0.072308 -0.060848 0.045084
v 0.095759 0.010160 0.045084
v 0.095875 -0.009095 0.045084
v 0.102666 -0.009792 0.011332
v 0.095875 -0.009095 0.045084
v 0.091848 -0.027925 0.045084
v 0.098331 -0.030066 0.011332
v 0.091848 -0.027925 0.045084
v 0.083869 -0.045449 0.045084
v 0.089739 -0.048933 0.011332
v 0.057707 -0.073402 0.045084
v 0.040749 -0.082524 0.045084
v 0.043314 -0.088850 0.011332
v 0.040749 -0.082524 0.045084
v 0.022227 -0.087787 0.045084
v 0.023372 -0.094517 0.011332
v 0.092891 0.000000 0.078750
v 0.092443 -0.008743 0.078750
v 0.095875 -0.009095 0.045084
v 0.092443 -0.008743 0.078750
v 0.088573 -0.026843 0.078750
v 0.091848 -0.027925 0.045084
v 0.088573 -0.026843 0.078750
v 0.080902 -0.043689 0.078750
v 0.083869 -0.045449 0.045084
v 0.080902 -0.043689 0.078750
v 0.069790 -0.058491 0.078750
v 0.072308 -0.060848 0.045084
v 0.069790 -0.058491 0.078750
v 0.055755 -0.070559 0.078750
v 0.057707 -0.073402 0.045084
v 0.055755 -0.070559 0.078750
v 0.039453 -0.079327 0.078750
v 0.040749 -0.082524 0.045084
v 0.039453 -0.079327 0.078750
v 0.021648 -0.084386 0.078750
v 0.022227 -0.087787 0.045084
v 0.067983 -0.073046 0.013585
v 0.067437 -0.073867 0.013905
v 0.067306 -0.074792 0.011257
v 0.067306 -0.074792 0.011257
v 0.067875 -0.073888 0.010929
v 0.067983 -0.073046 0.013585
v 0.067437 -0.073867 0.013905
v 0.067983 -0.073046 0.013585
v 0.068455 -0.070981 0.019646
v 0.067988 -0.071596 0.019948
v 0.068455 -0.070981 0.019646
v 0.068793 -0.070055 0.022028
v 0.068793 -0.070055 0.022028
v 0.068633 -0.069889 0.023928
v 0.067988 -0.071596 0.019948
v 0.068633 -0.069889 0.023928
v 0.069021 -0.069429 0.023640
v 0.069614 -0.068202 0.026322
v 0.069303 -0.068537 0.026600
v 0.069614 -0.068202 0.026322
v 0.070582 -0.066652 0.028874
v 0.070388 -0.066827 0.029143
v 0.070582 -0.066652 0.028874
v 0.071122 -0.065945 0.029628
v 0.070990 -0.066045 0.029895
v 0.071122 -0.065945 0.029628
v 0.071819 -0.065147 0.030082
v 0.071765 -0.065162 0.030347
v 0.071819 -0.065147 0.030082
v 0.072407 -0.064557 0.030090
v 0.073071 -0.063919 0.030079
v 0.072418 -0.064507 0.030355
v 0.072407 -0.064557 0.030090
v 0.074065 -0.063135 0.029204
v 0.073071 -0.063919 0.030079
v 0.072997 -0.064029 0.029813
v 0.075782 -0.062170 0.025737
v 0.076147 -0.061840 0.026018
v 0.074478 -0.062877 0.028570
v 0.074478 -0.062877 0.028570
v 0.073895 -0.063325 0.028935
v 0.075782 -0.062170 0.025737
v 0.076147 -0.061840 0.026018
v 0.075782 -0.062170 0.025737
v 0.077379 -0.061598 0.021618
v 0.077379 -0.061598 0.021618
v 0.080183 -0.060342 0.016589
v 0.076147 -0.061840 0.026018
v 0.081988 -0.060025 0.011535
v 0.080183 -0.060342 0.016589
v 0.079450 -0.060857 0.016277
v 0.082052 -0.060029 0.011333
v 0.081093 -0.060592 0.011208
v 0.086847 -0.061064 -0.008901
v 0.082052 -0.060029 0.011333
v 0.081988 -0.060025 0.011535
v 0.081093 -0.060592 0.011208
v 0.079450 -0.060857 0.016277
v 0.081093 -0.060592 0.011208
v 0.081988 -0.060025 0.011535
v 0.077379 -0.061598 0.021618
v 0.079450 -0.060857 0.016277
v 0.080183 -0.060342 0.016589
v 0.074478 -0.062877 0.028570
v 0.074065 -0.063135 0.029204
v 0.073895 -0.063325 0.028935
v 0.072997 -0.064029 0.029813
v 0.073895 -0.063325 0.028935
v 0.074065 -0.063135 0.029204
v 0.072407 -0.064557 0.030090
v 0.072997 -0.064029 0.029813
v 0.073071 -0.063919 0.030079
v 0.072407 -0.064557 0.030090
v 0.072418 -0.064507 0.030355
v 0.071765 -0.065162 0.030347
v 0.071819 -0.065147 0.030082
v 0.071765 -0.065162 0.030347
v 0.070990 -0.066045 0.029895
v 0.071122 -0.065945 0.029628
v 0.070990 -0.066045 0.029895
v 0.070388 -0.066827 0.029143
v 0.070582 -0.066652 0.028874
v 0.070388 -0.066827 0.029143
v 0.069303 -0.068537 0.026600
v 0.069614 -0.068202 0.026322
v 0.069303 -0.068537 0.026600
v 0.068633 -0.069889 0.023928
v 0.068793 -0.070055 0.022028
v 0.069021 -0.069429 0.023640
v 0.068633 -0.069889 0.023928
v 0.068455 -0.070981 0.019646
v 0.067988 -0.071596 0.019948
v 0.067437 -0.073867 0.013905
v 0.067875 -0.073888 0.010929
v 0.067306 -0.074792 0.011257
v 0.067639 -0.080567 -0.006988
v -0.058718 -0.066010 -0.065294
v -0.058434 -0.063947 0.032582
v -0.059207 -0.063326 0.032518
v -0.058718 -0.066010 -0.065294
v -0.057729 -0.064594 0.032297
v -0.058434 -0.063947 0.032582
v -0.059207 -0.063326 0.032518
v -0.060287 -0.062588 0.031880
v -0.058718 -0.066010 -0.065294
v -0.033945 -0.078925 0.045084
v -0.016014 -0.085944 0.045084
v -0.015111 -0.082615 0.078750
v -0.016014 -0.085944 0.045084
v 0.003006 -0.088945 0.045084
v 0.003172 -0.085500 0.078750
v -0.037106 -0.084975 0.011332
v -0.017801 -0.092533 0.011332
v -0.016014 -0.085944 0.045084
v -0.017801 -0.092533 0.011332
v 0.002678 -0.095764 0.011332
v 0.003006 -0.088945 0.045084
v -0.076193 -0.018904 0.078750
v -0.077282 -0.014163 0.075691
v -0.076416 -0.018721 0.075249
v -0.078305 -0.000515 0.078750
v -0.078424 -0.000752 0.076285
v -0.077282 -0.014163 0.075691
v -0.077282 -0.014163 0.075691
v -0.076193 -0.018904 0.078750
v -0.078305 -0.000515 0.078750
v -0.078305 -0.000515 0.078750
v -0.078408 -0.000517 0.076277
v -0.078424 -0.000752 0.076285
v -0.076193 -0.018904 0.078750
v -0.076351 -0.018939 0.075217
v -0.072546 -0.031673 0.073346
v -0.072546 -0.031673 0.073346
v -0.070178 -0.036409 0.078750
v -0.076193 -0.018904 0.078750
v -0.060540 -0.052211 0.078750
v -0.066713 -0.043963 0.070623
v -0.063134 -0.049764 0.068606
v -0.070178 -0.036409 0.078750
v -0.070277 -0.036455 0.072287
v -0.066713 -0.043963 0.070623
v -0.066713 -0.043963 0.070623
v -0.060540 -0.052211 0.078750
v -0.070178 -0.036409 0.078750
v -0.047730 -0.065573 0.078750
v -0.049510 -0.065874 0.060666
v -0.048828 -0.066505 0.060317
v -0.047730 -0.065573 0.078750
v -0.056090 -0.059035 0.064262
v -0.052168 -0.063283 0.062070
v -0.047730 -0.065573 0.078750
v -0.060540 -0.052211 0.078750
v -0.061002 -0.052570 0.067291
v -0.061002 -0.052570 0.067291
v -0.056090 -0.059035 0.064262
v -0.047730 -0.065573 0.078750
v -0.052168 -0.063283 0.062070
v -0.049510 -0.065874 0.060666
v -0.047730 -0.065573 0.078750
v -0.033945 -0.078925 0.045084
v -0.032347 -0.075868 0.078750
v -0.048649 -0.066668 0.060231
v -0.048649 -0.066668 0.060231
v -0.032347 -0.075868 0.078750
v -0.047730 -0.065573 0.078750
v -0.037106 -0.084975 0.011332
v -0.052149 -0.070838 0.027364
v -0.053242 -0.072141 0.018566
v -0.033945 -0.078925 0.045084
v -0.049947 -0.068215 0.045084
v -0.052149 -0.070838 0.027364
v -0.052149 -0.070838 0.027364
v -0.037106 -0.084975 0.011332
v -0.033945 -0.078925 0.045084
v -0.037106 -0.084975 0.011332
v -0.052997 -0.074610 0.011354
v -0.052660 -0.078000 0.001451
v -0.053242 -0.072141 0.018566
v -0.052997 -0.074610 0.011354
v -0.037106 -0.084975 0.011332
v -0.048649 -0.066668 0.060231
v -0.049947 -0.068215 0.045084
v -0.033945 -0.078925 0.045084
v -0.048828 -0.066505 0.060317
v -0.048649 -0.066668 0.060231
v -0.047730 -0.065573 0.078750
v -0.063134 -0.049764 0.068606
v -0.061002 -0.052570 0.067291
v -0.060540 -0.052211 0.078750
v -0.072546 -0.031673 0.073346
v -0.070277 -0.036455 0.072287
v -0.070178 -0.036409 0.078750
v -0.076416 -0.018721 0.075249
v -0.076351 -0.018939 0.075217
v -0.076193 -0.018904 0.078750
v 0.003006 -0.088945 0.045084
v -0.016014 -0.085944 0.045084
v -0.017801 -0.092533 0.011332
v -0.016014 -0.085944 0.045084
v -0.033945 -0.078925 0.045084
v -0.037106 -0.084975 0.011332
v 0.003172 -0.085500 0.078750
v -0.015111 -0.082615 0.078750
v -0.016014 -0.085944 0.045084
v -0.015111 -0.082615 0.078750
v -0.032347 -0.075868 0.078750
v -0.033945 -0.078925 0.045084
v -0.072833 -0.037074 0.069568
v -0.069060 -0.044673 0.067966
v -0.066713 -0.043963 0.070623
v -0.072833 -0.037074 0.069568
v -0.070277 -0.036455 0.072287
v -0.072546 -0.031673 0.073346
v -0.072546 -0.031673 0.073346
v -0.075241 -0.032225 0.070590
v -0.072833 -0.037074 0.069568
v -0.072546 -0.031673 0.073346
v -0.076351 -0.018939 0.075217
v -0.077387 -0.025257 0.071567
v -0.079297 -0.019051 0.072438
v -0.077387 -0.025257 0.071567
v -0.076351 -0.018939 0.075217
v -0.076351 -0.018939 0.075217
v -0.076416 -0.018721 0.075249
v -0.079297 -0.019051 0.072438
v -0.080203 -0.014413 0.072867
v -0.079297 -0.019051 0.072438
v -0.076416 -0.018721 0.075249
v -0.078424 -0.000752 0.076285
v -0.081256 -0.002403 0.073375
v -0.080357 -0.012663 0.072941
v -0.080357 -0.012663 0.072941
v -0.077282 -0.014163 0.075691
v -0.078424 -0.000752 0.076285
v -0.078424 -0.000752 0.076285
v -0.081399 -0.000766 0.073445
v -0.081256 -0.002403 0.073375
v -0.081399 -0.000766 0.073445
v -0.078424 -0.000752 0.076285
v -0.078408 -0.000517 0.076277
v -0.081346 0.000005 0.073419
v -0.081399 -0.000766 0.073445
v -0.078408 -0.000517 0.076277
v -0.080357 -0.012663 0.072941
v -0.080203 -0.014413 0.072867
v -0.077282 -0.014163 0.075691
v -0.076416 -0.018721 0.075249
v -0.077282 -0.014163 0.075691
v -0.080203 -0.014413 0.072867
v -0.077387 -0.025257 0.071567
v -0.075241 -0.032225 0.070590
v -0.072546 -0.031673 0.073346
v -0.066713 -0.043963 0.070623
v -0.070277 -0.036455 0.072287
v -0.072833 -0.037074 0.069568
v -0.049510 -0.065874 0.060666
v -0.049553 -0.065858 0.060547
v -0.048828 -0.066505 0.060317
v -0.052168 -0.063283 0.062070
v -0.052370 -0.063229 0.061574
v -0.049553 -0.065858 0.060547
v -0.056090 -0.059035 0.064262
v -0.056620 -0.058975 0.063181
v -0.052370 -0.063229 0.061574
v -0.056090 -0.059035 0.064262
v -0.061002 -0.052570 0.067291
v -0.060908 -0.054198 0.064894
v -0.064202 -0.050529 0.066210
v -0.060908 -0.054198 0.064894
v -0.061002 -0.052570 0.067291
v -0.061002 -0.052570 0.067291
v -0.063134 -0.049764 0.068606
v -0.064202 -0.050529 0.066210
v -0.063134 -0.049764 0.068606
v -0.064724 -0.049947 0.066419
v -0.064202 -0.050529 0.066210
v -0.066713 -0.043963 0.070623
v -0.069060 -0.044673 0.067966
v -0.064724 -0.049947 0.066419
v -0.064724 -0.049947 0.066419
v -0.063134 -0.049764 0.068606
v -0.066713 -0.043963 0.070623
v -0.060908 -0.054198 0.064894
v -0.056620 -0.058975 0.063181
v -0.056090 -0.059035 0.064262
v -0.052370 -0.063229 0.061574
v -0.052168 -0.063283 0.062070
v -0.056090 -0.059035 0.064262
v -0.049553 -0.065858 0.060547
v -0.049510 -0.065874 0.060666
v -0.052168 -0.063283 0.062070
v -0.064864 -0.051474 0.065142
v -0.073203 -0.047167 0.065494
v -0.073364 -0.049107 0.061113
v -0.073203 -0.047167 0.065494
v -0.074040 -0.048749 0.061148
v -0.073364 -0.049107 0.061113
v -0.078918 -0.041303 0.068332
v -0.079845 -0.045129 0.065691
v -0.073203 -0.047167 0.065494
v -0.079845 -0.045129 0.065691
v -0.080309 -0.046817 0.061286
v -0.074040 -0.048749 0.061148
v -0.092178 -0.039477 0.068324
v -0.092407 -0.043471 0.065627
v -0.079845 -0.045129 0.065691
v -0.092407 -0.043471 0.065627
v -0.092460 -0.045194 0.061121
v -0.083110 -0.046443 0.061248
v -0.083110 -0.046443 0.061248
v -0.079845 -0.045129 0.065691
v -0.092407 -0.043471 0.065627
v -0.101851 -0.043112 0.065455
v -0.092407 -0.043471 0.065627
v -0.096000 -0.039319 0.068263
v -0.092407 -0.043471 0.065627
v -0.092178 -0.039477 0.068324
v -0.096000 -0.039319 0.068263
v -0.101851 -0.043112 0.065455
v -0.101801 -0.044830 0.060908
v -0.092460 -0.045194 0.061121
v -0.101851 -0.043112 0.065455
v -0.101825 -0.039079 0.068169
v -0.123708 -0.040697 0.067216
v -0.101825 -0.039079 0.068169
v -0.123709 -0.038966 0.067927
v -0.123708 -0.040697 0.067216
v -0.123708 -0.040697 0.067216
v -0.123709 -0.042794 0.065537
v -0.101851 -0.043112 0.065455
v -0.123709 -0.042943 0.065175
v -0.123708 -0.044805 0.060638
v -0.103572 -0.044828 0.060886
v -0.103572 -0.044828 0.060886
v -0.101851 -0.043112 0.065455
v -0.123709 -0.042943 0.065175
v -0.062162 -0.055712 0.060555
v -0.049553 -0.065858 0.060547
v -0.052370 -0.063229 0.061574
v -0.052370 -0.063229 0.061574
v -0.056620 -0.058975 0.063181
v -0.062162 -0.055712 0.060555
v -0.062162 -0.055712 0.060555
v -0.048649 -0.066668 0.060231
v -0.048828 -0.066505 0.060317
v -0.048828 -0.066505 0.060317
v -0.049553 -0.065858 0.060547
v -0.062162 -0.055712 0.060555
v -0.056620 -0.058975 0.063181
v -0.060908 -0.054198 0.064894
v -0.062162 -0.055712 0.060555
v -0.060908 -0.054198 0.064894
v -0.064864 -0.051474 0.065142
v -0.064544 -0.054042 0.060660
v -0.064864 -0.051474 0.065142
v -0.066074 -0.052969 0.060728
v -0.064544 -0.054042 0.060660
v -0.073203 -0.047167 0.065494
v -0.064864 -0.051474 0.065142
v -0.064724 -0.049947 0.066419
v -0.064724 -0.049947 0.066419
v -0.069060 -0.044673 0.067966
v -0.073203 -0.047167 0.065494
v -0.064864 -0.051474 0.065142
v -0.064202 -0.050529 0.066210
v -0.064724 -0.049947 0.066419
v -0.069060 -0.044673 0.067966
v -0.071647 -0.043574 0.068092
v -0.073203 -0.047167 0.065494
v -0.064202 -0.050529 0.066210
v -0.064864 -0.051474 0.065142
v -0.060908 -0.054198 0.064894
v -0.064544 -0.054042 0.060660
v -0.062162 -0.055712 0.060555
v -0.060908 -0.054198 0.064894
v -0.103572 -0.044828 0.060886
v -0.101801 -0.044830 0.060908
v -0.101851 -0.043112 0.065455
v -0.123709 -0.042794 0.065537
v -0.123709 -0.042943 0.065175
v -0.101851 -0.043112 0.065455
v -0.092460 -0.045194 0.061121
v -0.092407 -0.043471 0.065627
v -0.101851 -0.043112 0.065455
v -0.096000 -0.039319 0.068263
v -0.101825 -0.039079 0.068169
v -0.101851 -0.043112 0.065455
v -0.083110 -0.046443 0.061248
v -0.080309 -0.046817 0.061286
v -0.079845 -0.045129 0.065691
v -0.079845 -0.045129 0.065691
v -0.078918 -0.041303 0.068332
v -0.092178 -0.039477 0.068324
v -0.074040 -0.048749 0.061148
v -0.073203 -0.047167 0.065494
v -0.079845 -0.045129 0.065691
v -0.073203 -0.047167 0.065494
v -0.071647 -0.043574 0.068092
v -0.078918 -0.041303 0.068332
v -0.073364 -0.049107 0.061113
v -0.066074 -0.052969 0.060728
v -0.064864 -0.051474 0.065142
v -0.053730 -0.071476 0.018259
v -0.053275 -0.076808 0.001095
v -0.052997 -0.074610 0.011354
v -0.053275 -0.076808 0.001095
v -0.052660 -0.078000 0.001451
v -0.052997 -0.074610 0.011354
v -0.052997 -0.074610 0.011354
v -0.053242 -0.072141 0.018566
v -0.053730 -0.071476 0.018259
v -0.075268 -0.061171 -0.004328
v -0.073932 -0.061431 -0.004663
v -0.069415 -0.060380 0.011648
v -0.069415 -0.060380 0.011648
v -0.066843 -0.060399 0.019271
v -0.068686 -0.060064 0.016420
v -0.066843 -0.060399 0.019271
v -0.067530 -0.060076 0.019559
v -0.068686 -0.060064 0.016420
v -0.067530 -0.060076 0.019559
v -0.066843 -0.060399 0.019271
v -0.064802 -0.060728 0.024406
v -0.064802 -0.060728 0.024406
v -0.063235 -0.061181 0.027701
v -0.063911 -0.060846 0.027389
v -0.063235 -0.061181 0.027701
v -0.063611 -0.060934 0.027967
v -0.063911 -0.060846 0.027389
v -0.061436 -0.061880 0.031142
v -0.063611 -0.060934 0.027967
v -0.062723 -0.061403 0.028515
v -0.063611 -0.060934 0.027967
v -0.063235 -0.061181 0.027701
v -0.062723 -0.061403 0.028515
v -0.061436 -0.061880 0.031142
v -0.061231 -0.062049 0.030885
v -0.060287 -0.062588 0.031880
v -0.060410 -0.062467 0.032134
v -0.060287 -0.062588 0.031880
v -0.059207 -0.063326 0.032518
v -0.059236 -0.063269 0.032771
v -0.059207 -0.063326 0.032518
v -0.058434 -0.063947 0.032582
v -0.057628 -0.064649 0.032552
v -0.058396 -0.063945 0.032835
v -0.058434 -0.063947 0.032582
v -0.056661 -0.065680 0.031637
v -0.057628 -0.064649 0.032552
v -0.057729 -0.064594 0.032297
v -0.055130 -0.067779 0.028463
v -0.056661 -0.065680 0.031637
v -0.056842 -0.065542 0.031378
v -0.054898 -0.068287 0.027335
v -0.055442 -0.067471 0.028191
v -0.054267 -0.070079 0.021864
v -0.054267 -0.070079 0.021864
v -0.053423 -0.071522 0.020154
v -0.054898 -0.068287 0.027335
v -0.054898 -0.068287 0.027335
v -0.055130 -0.067779 0.028463
v -0.055442 -0.067471 0.028191
v -0.053242 -0.072141 0.018566
v -0.053423 -0.071522 0.020154
v -0.053894 -0.070908 0.019853
v -0.053894 -0.070908 0.019853
v -0.053730 -0.071476 0.018259
v -0.053242 -0.072141 0.018566
v -0.054267 -0.070079 0.021864
v -0.053894 -0.070908 0.019853
v -0.053423 -0.071522 0.020154
v -0.056842 -0.065542 0.031378
v -0.055442 -0.067471 0.028191
v -0.055130 -0.067779 0.028463
v -0.057729 -0.064594 0.032297
v -0.056842 -0.065542 0.031378
v -0.056661 -0.065680 0.031637
v -0.058434 -0.063947 0.032582
v -0.057729 -0.064594 0.032297
v -0.057628 -0.064649 0.032552
v -0.058434 -0.063947 0.032582
v -0.058396 -0.063945 0.032835
v -0.059236 -0.063269 0.032771
v -0.059207 -0.063326 0.032518
v -0.059236 -0.063269 0.032771
v -0.060410 -0.062467 0.032134
v -0.060287 -0.062588 0.031880
v -0.060410 -0.062467 0.032134
v -0.061436 -0.061880 0.031142
v -0.062723 -0.061403 0.028515
v -0.061231 -0.062049 0.030885
v -0.061436 -0.061880 0.031142
v -0.063911 -0.060846 0.027389
v -0.065312 -0.060438 0.024681
v -0.064802 -0.060728 0.024406
v -0.064802 -0.060728 0.024406
v -0.065312 -0.060438 0.024681
v -0.067530 -0.060076 0.019559
v -0.068686 -0.060064 0.016420
v -0.070331 -0.060046 0.011953
v -0.069415 -0.060380 0.011648
v -0.069415 -0.060380 0.011648
v -0.070331 -0.060046 0.011953
v -0.075268 -0.061171 -0.004328
v -0.079414 -0.059003 -0.006615
v -0.075677 -0.052936 0.027502
v -0.084926 -0.049605 0.027601
v -0.104854 -0.047322 0.027818
v -0.106745 -0.051567 -0.006325
v -0.087899 -0.054963 -0.006525
v -0.075677 -0.052936 0.027502
v -0.070331 -0.060046 0.011953
v -0.068686 -0.060064 0.016420
v -0.079414 -0.059003 -0.006615
v -0.075268 -0.061171 -0.004328
v -0.070331 -0.060046 0.011953
v -0.070331 -0.060046 0.011953
v -0.075677 -0.052936 0.027502
v -0.079414 -0.059003 -0.006615
v -0.067379 -0.058175 0.027419
v -0.068686 -0.060064 0.016420
v -0.067530 -0.060076 0.019559
v -0.067530 -0.060076 0.019559
v -0.065312 -0.060438 0.024681
v -0.067379 -0.058175 0.027419
v -0.052149 -0.070838 0.027364
v -0.053423 -0.071522 0.020154
v -0.053242 -0.072141 0.018566
v -0.052149 -0.070838 0.027364
v -0.054898 -0.068287 0.027335
v -0.053423 -0.071522 0.020154
v -0.052149 -0.070838 0.027364
v -0.049947 -0.068215 0.045084
v -0.055130 -0.067779 0.028463
v -0.049947 -0.068215 0.045084
v -0.056661 -0.065680 0.031637
v -0.055130 -0.067779 0.028463
v -0.057628 -0.064649 0.032552
v -0.056661 -0.065680 0.031637
v -0.049947 -0.068215 0.045084
v -0.048649 -0.066668 0.060231
v -0.058396 -0.063945 0.032835
v -0.057628 -0.064649 0.032552
v -0.049947 -0.068215 0.045084
v -0.048649 -0.066668 0.060231
v -0.057628 -0.064649 0.032552
v -0.062162 -0.055712 0.060555
v -0.059236 -0.063269 0.032771
v -0.058396 -0.063945 0.032835
v -0.058396 -0.063945 0.032835
v -0.048649 -0.066668 0.060231
v -0.062162 -0.055712 0.060555
v -0.060410 -0.062467 0.032134
v -0.059236 -0.063269 0.032771
v -0.062162 -0.055712 0.060555
v -0.064544 -0.054042 0.060660
v -0.067379 -0.058175 0.027419
v -0.063611 -0.060934 0.027967
v -0.067379 -0.058175 0.027419
v -0.063911 -0.060846 0.027389
v -0.063611 -0.060934 0.027967
v -0.063611 -0.060934 0.027967
v -0.061436 -0.061880 0.031142
v -0.064544 -0.054042 0.060660
v -0.061436 -0.061880 0.031142
v -0.060410 -0.062467 0.032134
v -0.064544 -0.054042 0.060660
v -0.062162 -0.055712 0.060555
v -0.064544 -0.054042 0.060660
v -0.060410 -0.062467 0.032134
v -0.075677 -0.052936 0.027502
v -0.067379 -0.058175 0.027419
v -0.066074 -0.052969 0.060728
v -0.067379 -0.058175 0.027419
v -0.064544 -0.054042 0.060660
v -0.066074 -0.052969 0.060728
v -0.075677 -0.052936 0.027502
v -0.074040 -0.048749 0.061148
v -0.080309 -0.046817 0.061286
v -0.080309 -0.046817 0.061286
v -0.084926 -0.049605 0.027601
v -0.075677 -0.052936 0.027502
v -0.075677 -0.052936 0.027502
v -0.073364 -0.049107 0.061113
v -0.074040 -0.048749 0.061148
v -0.104854 -0.047322 0.027818
v -0.084926 -0.049605 0.027601
v -0.092460 -0.045194 0.061121
v -0.084926 -0.049605 0.027601
v -0.083110 -0.046443 0.061248
v -0.092460 -0.045194 0.061121
v -0.092460 -0.045194 0.061121
v -0.101801 -0.044830 0.060908
v -0.104854 -0.047322 0.027818
v -0.106745 -0.051567 -0.006325
v -0.123709 -0.049606 0.005679
v -0.123709 -0.050193 0.001013
v -0.104854 -0.047322 0.027818
v -0.123709 -0.046061 0.041173
v -0.123709 -0.049606 0.005679
v -0.103572 -0.044828 0.060886
v -0.123708 -0.044805 0.060638
v -0.123709 -0.046061 0.041173
v -0.123709 -0.046061 0.041173
v -0.104854 -0.047322 0.027818
v -0.103572 -0.044828 0.060886
v -0.123709 -0.049606 0.005679
v -0.106745 -0.051567 -0.006325
v -0.104854 -0.047322 0.027818
v -0.101801 -0.044830 0.060908
v -0.103572 -0.044828 0.060886
v -0.104854 -0.047322 0.027818
v -0.080309 -0.046817 0.061286
v -0.083110 -0.046443 0.061248
v -0.084926 -0.049605 0.027601
v -0.066074 -0.052969 0.060728
v -0.073364 -0.049107 0.061113
v -0.075677 -0.052936 0.027502
v -0.055130 -0.067779 0.028463
v -0.054898 -0.068287 0.027335
v -0.052149 -0.070838 0.027364
v -0.065312 -0.060438 0.024681
v -0.063911 -0.060846 0.027389
v -0.067379 -0.058175 0.027419
v -0.068686 -0.060064 0.016420
v -0.067379 -0.058175 0.027419
v -0.075677 -0.052936 0.027502
v -0.087899 -0.054963 -0.006525
v -0.084926 -0.049605 0.027601
v -0.104854 -0.047322 0.027818
v -0.084926 -0.049605 0.027601
v -0.087899 -0.054963 -0.006525
v -0.079414 -0.059003 -0.006615
v -0.072833 -0.037074 0.069568
v -0.078918 -0.041303 0.068332
v -0.071647 -0.043574 0.068092
v -0.091480 -0.033872 0.069780
v -0.092178 -0.039477 0.068324
v -0.078918 -0.041303 0.068332
v -0.091480 -0.033872 0.069780
v -0.096000 -0.039319 0.068263
v -0.092178 -0.039477 0.068324
v -0.078918 -0.041303 0.068332
v -0.072833 -0.037074 0.069568
v -0.091480 -0.033872 0.069780
v -0.091480 -0.033872 0.069780
v -0.075241 -0.032225 0.070590
v -0.077387 -0.025257 0.071567
v -0.091480 -0.033872 0.069780
v -0.072833 -0.037074 0.069568
v -0.075241 -0.032225 0.070590
v -0.085955 -0.024076 0.071696
v -0.079297 -0.019051 0.072438
v -0.080203 -0.014413 0.072867
v -0.085955 -0.024076 0.071696
v -0.077387 -0.025257 0.071567
v -0.079297 -0.019051 0.072438
v -0.080203 -0.014413 0.072867
v -0.082317 -0.012519 0.072991
v -0.085955 -0.024076 0.071696
v -0.081256 -0.002403 0.073375
v -0.123709 0.000003 0.073115
v -0.123708 -0.010064 0.072902
v -0.123708 -0.010064 0.072902
v -0.082317 -0.012519 0.072991
v -0.081256 -0.002403 0.073375
v -0.081256 -0.002403 0.073375
v -0.081399 -0.000766 0.073445
v -0.123709 0.000003 0.073115
v -0.123708 -0.014174 0.072473
v -0.123708 -0.020096 0.071855
v -0.085955 -0.024076 0.071696
v -0.082317 -0.012519 0.072991
v -0.123708 -0.010064 0.072902
v -0.123708 -0.014174 0.072473
v -0.091480 -0.033872 0.069780
v -0.123708 -0.028910 0.070347
v -0.123708 -0.029888 0.070145
v -0.091480 -0.033872 0.069780
v -0.123708 -0.024982 0.071088
v -0.123708 -0.025474 0.071002
v -0.091480 -0.033872 0.069780
v -0.123708 -0.024490 0.071173
v -0.123708 -0.024982 0.071088
v -0.091480 -0.033872 0.069780
v -0.123708 -0.023997 0.071257
v -0.123708 -0.024490 0.071173
v -0.091480 -0.033872 0.069780
v -0.123708 -0.023503 0.071339
v -0.123708 -0.023997 0.071257
v -0.091480 -0.033872 0.069780
v -0.123709 -0.023010 0.071419
v -0.123708 -0.023503 0.071339
v -0.123708 -0.025474 0.071002
v -0.123708 -0.025966 0.070913
v -0.091480 -0.033872 0.069780
v -0.123708 -0.025966 0.070913
v -0.123708 -0.026949 0.070731
v -0.091480 -0.033872 0.069780
v -0.123708 -0.026949 0.070731
v -0.123708 -0.028910 0.070347
v -0.091480 -0.033872 0.069780
v -0.091480 -0.033872 0.069780
v -0.123708 -0.020096 0.071855
v -0.123709 -0.023010 0.071419
v -0.123708 -0.020096 0.071855
v -0.091480 -0.033872 0.069780
v -0.085955 -0.024076 0.071696
v -0.123708 -0.036693 0.068541
v -0.123708 -0.038624 0.068022
v -0.101825 -0.039079 0.068169
v -0.101825 -0.039079 0.068169
v -0.091480 -0.033872 0.069780
v -0.123708 -0.036693 0.068541
v -0.091480 -0.033872 0.069780
v -0.123708 -0.029888 0.070145
v -0.123708 -0.030864 0.069936
v -0.123708 -0.030864 0.069936
v -0.123708 -0.031840 0.069720
v -0.091480 -0.033872 0.069780
v -0.123708 -0.031840 0.069720
v -0.123708 -0.032813 0.069498
v -0.091480 -0.033872 0.069780
v -0.123708 -0.032813 0.069498
v -0.123708 -0.033785 0.069269
v -0.091480 -0.033872 0.069780
v -0.123708 -0.033785 0.069269
v -0.123708 -0.034756 0.069033
v -0.091480 -0.033872 0.069780
v -0.123708 -0.034756 0.069033
v -0.123708 -0.036693 0.068541
v -0.091480 -0.033872 0.069780
v -0.123708 -0.038624 0.068022
v -0.123709 -0.038966 0.067927
v -0.101825 -0.039079 0.068169
v -0.101825 -0.039079 0.068169
v -0.096000 -0.039319 0.068263
v -0.091480 -0.033872 0.069780
v -0.085955 -0.024076 0.071696
v -0.082317 -0.012519 0.072991
v -0.123708 -0.014174 0.072473
v -0.081399 -0.000766 0.073445
v -0.081346 0.000005 0.073419
v -0.123709 0.000003 0.073115
v -0.081256 -0.002403 0.073375
v -0.082317 -0.012519 0.072991
v -0.080357 -0.012663 0.072941
v -0.080203 -0.014413 0.072867
v -0.080357 -0.012663 0.072941
v -0.082317 -0.012519 0.072991
v -0.077387 -0.025257 0.071567
v -0.085955 -0.024076 0.071696
v -0.091480 -0.033872 0.069780
v -0.071647 -0.043574 0.068092
v -0.069060 -0.044673 0.067966
v -0.072833 -0.037074 0.069568
v -0.123708 -0.024686 0.071140
v -0.123708 -0.025258 0.071041
v -0.123708 -0.024982 0.071088
v -0.123708 -0.025258 0.071041
v -0.123708 -0.025830 0.070939
v -0.123708 -0.025474 0.071002
v -0.123708 -0.024114 0.071238
v -0.123708 -0.024686 0.071140
v -0.123708 -0.024490 0.071173
v -0.123708 -0.025474 0.071002
v -0.123708 -0.024982 0.071088
v -0.123708 -0.025258 0.071041
v -0.123708 -0.030387 0.070041
v -0.123708 -0.031522 0.069794
v -0.123708 -0.030864 0.069936
v -0.123708 -0.023503 0.071339
v -0.123708 -0.024114 0.071238
v -0.123708 -0.023997 0.071257
v -0.123708 -0.024982 0.071088
v -0.123708 -0.024490 0.071173
v -0.123708 -0.024686 0.071140
v -0.123708 -0.029251 0.070279
v -0.123708 -0.030387 0.070041
v -0.123708 -0.029888 0.070145
v -0.123708 -0.029888 0.070145
v -0.123708 -0.028910 0.070347
v -0.123708 -0.029251 0.070279
v -0.123708 -0.030864 0.069936
v -0.123708 -0.029888 0.070145
v -0.123708 -0.030387 0.070041
v -0.123708 -0.024490 0.071173
v -0.123708 -0.023997 0.071257
v -0.123708 -0.024114 0.071238
v -0.123708 -0.025830 0.070939
v -0.123708 -0.026949 0.070731
v -0.123708 -0.025966 0.070913
v -0.123708 -0.031522 0.069794
v -0.123708 -0.031840 0.069720
v -0.123708 -0.030864 0.069936
v -0.123708 -0.032655 0.069538
v -0.123708 -0.032813 0.069498
v -0.123708 -0.031840 0.069720
v -0.123708 -0.025966 0.070913
v -0.123708 -0.025474 0.071002
v -0.123708 -0.025830 0.070939
v -0.123708 -0.028112 0.070508
v -0.123708 -0.029251 0.070279
v -0.123708 -0.028910 0.070347
v -0.123708 -0.031840 0.069720
v -0.123708 -0.031522 0.069794
v -0.123708 -0.032655 0.069538
v -0.123708 -0.028910 0.070347
v -0.123708 -0.026949 0.070731
v -0.123708 -0.028112 0.070508
v -0.123708 -0.032813 0.069498
v -0.123708 -0.032655 0.069538
v -0.123708 -0.033785 0.069269
v -0.123708 -0.033785 0.069269
v -0.123709 -0.036040 0.068716
v -0.123708 -0.034756 0.069033
v -0.123709 -0.036040 0.068716
v -0.123709 -0.038285 0.068123
v -0.123708 -0.036693 0.068541
v -0.123708 -0.036693 0.068541
v -0.123708 -0.034756 0.069033
v -0.123709 -0.036040 0.068716
v -0.123709 -0.038285 0.068123
v -0.123708 -0.038624 0.068022
v -0.123708 -0.036693 0.068541
v -0.123709 -0.023010 0.071419
v -0.123708 -0.020096 0.071855
v -0.123708 -0.022394 0.071516
v -0.124209 0.000000 0.073055
v -0.124208 -0.014231 0.073055
v -0.123708 -0.010064 0.072902
v -0.123708 -0.010064 0.072902
v -0.123709 0.000003 0.073115
v -0.124209 0.000000 0.073055
v -0.124208 -0.014231 0.073055
v -0.123708 -0.014174 0.072473
v -0.123708 -0.010064 0.072902
v -0.124208 -0.014231 0.073055
v -0.123708 -0.023503 0.071339
v -0.123709 -0.023010 0.071419
v -0.124208 -0.014231 0.073055
v -0.123708 -0.024686 0.071140
v -0.123708 -0.024114 0.071238
v -0.123708 -0.024114 0.071238
v -0.123708 -0.023503 0.071339
v -0.124208 -0.014231 0.073055
v -0.123709 -0.023010 0.071419
v -0.123708 -0.022394 0.071516
v -0.124208 -0.014231 0.073055
v -0.124208 -0.014231 0.073055
v -0.123708 -0.025830 0.070939
v -0.123708 -0.025258 0.071041
v -0.124208 -0.014231 0.073055
v -0.123708 -0.026949 0.070731
v -0.123708 -0.025830 0.070939
v -0.123708 -0.025258 0.071041
v -0.123708 -0.024686 0.071140
v -0.124208 -0.014231 0.073055
v -0.124209 -0.038417 0.068605
v -0.123708 -0.028112 0.070508
v -0.123708 -0.026949 0.070731
v -0.123708 -0.026949 0.070731
v -0.124208 -0.014231 0.073055
v -0.124209 -0.038417 0.068605
v -0.124209 -0.038417 0.068605
v -0.123708 -0.029251 0.070279
v -0.123708 -0.028112 0.070508
v -0.124209 -0.038417 0.068605
v -0.123708 -0.030387 0.070041
v -0.123708 -0.029251 0.070279
v -0.124209 -0.038417 0.068605
v -0.123708 -0.031522 0.069794
v -0.123708 -0.030387 0.070041
v -0.124209 -0.038417 0.068605
v -0.123708 -0.032655 0.069538
v -0.123708 -0.031522 0.069794
v -0.124209 -0.038417 0.068605
v -0.123708 -0.033785 0.069269
v -0.123708 -0.032655 0.069538
v -0.124209 -0.038417 0.068605
v -0.123709 -0.036040 0.068716
v -0.123708 -0.033785 0.069269
v -0.124209 -0.038417 0.068605
v -0.123709 -0.038285 0.068123
v -0.123709 -0.036040 0.068716
v -0.123708 -0.022394 0.071516
v -0.123708 -0.020096 0.071855
v -0.124208 -0.014231 0.073055
v -0.123708 -0.020096 0.071855
v -0.123708 -0.014174 0.072473
v -0.124208 -0.014231 0.073055
v -0.124208 -0.044299 0.061340
v -0.123709 -0.043800 0.061312
v -0.123709 -0.042141 0.065606
v -0.124208 -0.042529 0.065921
v -0.123709 -0.042141 0.065606
v -0.123708 -0.038624 0.068022
v -0.123708 -0.038624 0.068022
v -0.124209 -0.038417 0.068605
v -0.124208 -0.042529 0.065921
v -0.123708 -0.038624 0.068022
v -0.123709 -0.038285 0.068123
v -0.124209 -0.038417 0.068605
v -0.123709 -0.042141 0.065606
v -0.124208 -0.042529 0.065921
v -0.124208 -0.044299 0.061340
v -0.123709 -0.050555 -0.006270
v -0.123709 -0.043800 0.061312
v -0.124208 -0.044299 0.061340
v -0.124208 -0.044299 0.061340
v -0.124208 -0.051050 -0.006199
v -0.123709 -0.050555 -0.006270
v -0.123709 -0.050555 -0.006270
v -0.123709 -0.049606 0.005679
v -0.123709 -0.046061 0.041173
v -0.123709 -0.050193 0.001013
v -0.123709 -0.049606 0.005679
v -0.123709 -0.050555 -0.006270
v -0.123709 -0.042943 0.065175
v -0.123709 -0.042141 0.065606
v -0.123709 -0.043800 0.061312
v -0.123709 -0.046061 0.041173
v -0.123709 -0.043800 0.061312
v -0.123709 -0.050555 -0.006270
v -0.123709 -0.043800 0.061312
v -0.123708 -0.044805 0.060638
v -0.123709 -0.042943 0.065175
v -0.123709 -0.042141 0.065606
v -0.123709 -0.042794 0.065537
v -0.123708 -0.040697 0.067216
v -0.123709 -0.042943 0.065175
v -0.123709 -0.042794 0.065537
v -0.123709 -0.042141 0.065606
v -0.123708 -0.040697 0.067216
v -0.123709 -0.038966 0.067927
v -0.123709 -0.042141 0.065606
v -0.123709 -0.038966 0.067927
v -0.123708 -0.038624 0.068022
v -0.123709 -0.042141 0.065606
v -0.123709 -0.046061 0.041173
v -0.123708 -0.044805 0.060638
v -0.123709 -0.043800 0.061312
v 0.021169 0.087960 0.045084
v 0.001936 0.088887 0.045084
v 0.002143 0.085444 0.078750
v 0.022233 0.094704 0.011332
v 0.001525 0.095701 0.011332
v 0.001936 0.088887 0.045084
v 0.001936 0.088887 0.045084
v 0.021169 0.087960 0.045084
v 0.022233 0.094704 0.011332
v 0.002143 0.085444 0.078750
v 0.020632 0.084553 0.078750
v 0.021169 0.087960 0.045084
v 0.095759 0.010160 0.045084
v 0.092332 0.009767 0.078750
v 0.092891 0.000000 0.078750
v 0.092891 0.000000 0.078750
v 0.095875 -0.009095 0.045084
v 0.095759 0.010160 0.045084
v 0.095759 0.010160 0.045084
v 0.091506 0.028941 0.045084
v 0.088244 0.027820 0.078750
v 0.091506 0.028941 0.045084
v 0.083316 0.046368 0.045084
v 0.080371 0.044571 0.078750
v 0.083316 0.046368 0.045084
v 0.071571 0.061626 0.045084
v 0.069081 0.059239 0.078750
v 0.071571 0.061626 0.045084
v 0.056820 0.074004 0.045084
v 0.054902 0.071137 0.078750
v 0.056820 0.074004 0.045084
v 0.039754 0.082921 0.045084
v 0.038496 0.079709 0.078750
v 0.039754 0.082921 0.045084
v 0.021169 0.087960 0.045084
v 0.020632 0.084553 0.078750
v 0.102666 -0.009792 0.011332
v 0.102541 0.010939 0.011332
v 0.095759 0.010160 0.045084
v 0.102541 0.010939 0.011332
v 0.097962 0.031159 0.011332
v 0.091506 0.028941 0.045084
v 0.097962 0.031159 0.011332
v 0.089144 0.049922 0.011332
v 0.083316 0.046368 0.045084
v 0.060617 0.079677 0.011332
v 0.042242 0.089277 0.011332
v 0.039754 0.082921 0.045084
v 0.042242 0.089277 0.011332
v 0.022233 0.094704 0.011332
v 0.021169 0.087960 0.045084
v 0.089144 0.049922 0.011332
v 0.087859 0.060347 -0.006988
v 0.082084 0.060014 0.011257
v 0.083316 0.046368 0.045084
v 0.074119 0.063096 0.029143
v 0.073556 0.063529 0.029685
v 0.089144 0.049922 0.011332
v 0.081159 0.060145 0.013905
v 0.078888 0.060696 0.019948
v 0.089144 0.049922 0.011332
v 0.082084 0.060014 0.011257
v 0.081159 0.060145 0.013905
v 0.078888 0.060696 0.019948
v 0.083316 0.046368 0.045084
v 0.089144 0.049922 0.011332
v 0.078888 0.060696 0.019948
v 0.077181 0.061341 0.023928
v 0.083316 0.046368 0.045084
v 0.077181 0.061341 0.023928
v 0.075829 0.062011 0.026600
v 0.083316 0.046368 0.045084
v 0.075829 0.062011 0.026600
v 0.074119 0.063096 0.029143
v 0.083316 0.046368 0.045084
v 0.060617 0.079677 0.011332
v 0.067634 0.072891 0.016589
v 0.067317 0.074696 0.011535
v 0.056820 0.074004 0.045084
v 0.069132 0.068855 0.026018
v 0.067634 0.072891 0.016589
v 0.067634 0.072891 0.016589
v 0.060617 0.079677 0.011332
v 0.056820 0.074004 0.045084
v 0.056820 0.074004 0.045084
v 0.070427 0.066773 0.029204
v 0.069132 0.068855 0.026018
v 0.071571 0.061626 0.045084
v 0.071799 0.065126 0.030355
v 0.071211 0.065779 0.030079
v 0.071211 0.065779 0.030079
v 0.056820 0.074004 0.045084
v 0.071571 0.061626 0.045084
v 0.071571 0.061626 0.045084
v 0.072454 0.064473 0.030347
v 0.071799 0.065126 0.030355
v 0.071211 0.065779 0.030079
v 0.070427 0.066773 0.029204
v 0.056820 0.074004 0.045084
v 0.071571 0.061626 0.045084
v 0.073556 0.063529 0.029685
v 0.073337 0.063698 0.029895
v 0.073337 0.063698 0.029895
v 0.072454 0.064473 0.030347
v 0.071571 0.061626 0.045084
v 0.060617 0.079677 0.011332
v 0.067321 0.074760 0.011333
v 0.067751 0.081018 -0.008522
v 0.067317 0.074696 0.011535
v 0.067321 0.074760 0.011333
v 0.060617 0.079677 0.011332
v 0.073556 0.063529 0.029685
v 0.071571 0.061626 0.045084
v 0.083316 0.046368 0.045084
v 0.021169 0.087960 0.045084
v 0.039754 0.082921 0.045084
v 0.042242 0.089277 0.011332
v 0.039754 0.082921 0.045084
v 0.056820 0.074004 0.045084
v 0.060617 0.079677 0.011332
v 0.083316 0.046368 0.045084
v 0.091506 0.028941 0.045084
v 0.097962 0.031159 0.011332
v 0.091506 0.028941 0.045084
v 0.095759 0.010160 0.045084
v 0.102541 0.010939 0.011332
v 0.020632 0.084553 0.078750
v 0.038496 0.079709 0.078750
v 0.039754 0.082921 0.045084
v 0.038496 0.079709 0.078750
v 0.054902 0.071137 0.078750
v 0.056820 0.074004 0.045084
v 0.054902 0.071137 0.078750
v 0.069081 0.059239 0.078750
v 0.071571 0.061626 0.045084
v 0.069081 0.059239 0.078750
v 0.080371 0.044571 0.078750
v 0.083316 0.046368 0.045084
v 0.080371 0.044571 0.078750
v 0.088244 0.027820 0.078750
v 0.091506 0.028941 0.045084
v 0.088244 0.027820 0.078750
v 0.092332 0.009767 0.078750
v 0.095759 0.010160 0.045084
v 0.080338 0.060691 0.013585
v 0.081159 0.060145 0.013905
v 0.082084 0.060014 0.011257
v 0.082084 0.060014 0.011257
v 0.081180 0.060583 0.010929
v 0.080338 0.060691 0.013585
v 0.081159 0.060145 0.013905
v 0.080338 0.060691 0.013585
v 0.078273 0.061163 0.019646
v 0.078888 0.060696 0.019948
v 0.078273 0.061163 0.019646
v 0.077347 0.061501 0.022028
v 0.077347 0.061501 0.022028
v 0.077181 0.061341 0.023928
v 0.078888 0.060696 0.019948
v 0.077181 0.061341 0.023928
v 0.076721 0.061729 0.023640
v 0.075494 0.062322 0.026322
v 0.075829 0.062011 0.026600
v 0.075494 0.062322 0.026322
v 0.073944 0.063290 0.028874
v 0.073944 0.063290 0.028874
v 0.073237 0.063830 0.029628
v 0.073556 0.063529 0.029685
v 0.073237 0.063830 0.029628
v 0.073337 0.063698 0.029895
v 0.073556 0.063529 0.029685
v 0.073337 0.063698 0.029895
v 0.073237 0.063830 0.029628
v 0.072439 0.064527 0.030082
v 0.072454 0.064473 0.030347
v 0.072439 0.064527 0.030082
v 0.071849 0.065115 0.030090
v 0.071211 0.065779 0.030079
v 0.071799 0.065126 0.030355
v 0.071849 0.065115 0.030090
v 0.070427 0.066773 0.029204
v 0.071211 0.065779 0.030079
v 0.071321 0.065705 0.029813
v 0.069132 0.068855 0.026018
v 0.070427 0.066773 0.029204
v 0.070617 0.066603 0.028935
v 0.069132 0.068855 0.026018
v 0.069462 0.068490 0.025737
v 0.068890 0.070087 0.021618
v 0.068890 0.070087 0.021618
v 0.067634 0.072891 0.016589
v 0.069132 0.068855 0.026018
v 0.067317 0.074696 0.011535
v 0.067634 0.072891 0.016589
v 0.068149 0.072158 0.016277
v 0.067321 0.074760 0.011333
v 0.067884 0.073801 0.011208
v 0.068356 0.079555 -0.008901
v 0.067321 0.074760 0.011333
v 0.067317 0.074696 0.011535
v 0.067884 0.073801 0.011208
v 0.068149 0.072158 0.016277
v 0.067884 0.073801 0.011208
v 0.067317 0.074696 0.011535
v 0.068890 0.070087 0.021618
v 0.068149 0.072158 0.016277
v 0.067634 0.072891 0.016589
v 0.070617 0.066603 0.028935
v 0.069462 0.068490 0.025737
v 0.069132 0.068855 0.026018
v 0.071321 0.065705 0.029813
v 0.070617 0.066603 0.028935
v 0.070427 0.066773 0.029204
v 0.071849 0.065115 0.030090
v 0.071321 0.065705 0.029813
v 0.071211 0.065779 0.030079
v 0.071849 0.065115 0.030090
v 0.071799 0.065126 0.030355
v 0.072454 0.064473 0.030347
v 0.072439 0.064527 0.030082
v 0.072454 0.064473 0.030347
v 0.073337 0.063698 0.029895
v 0.073556 0.063529 0.029685
v 0.074119 0.063096 0.029143
v 0.073944 0.063290 0.028874
v 0.073944 0.063290 0.028874
v 0.074119 0.063096 0.029143
v 0.075829 0.062011 0.026600
v 0.075494 0.062322 0.026322
v 0.075829 0.062011 0.026600
v 0.077181 0.061341 0.023928
v 0.077347 0.061501 0.022028
v 0.076721 0.061729 0.023640
v 0.077181 0.061341 0.023928
v 0.078273 0.061163 0.019646
v 0.078888 0.060696 0.019948
v 0.081159 0.060145 0.013905
v 0.081180 0.060583 0.010929
v 0.082084 0.060014 0.011257
v 0.087859 0.060347 -0.006988
v 0.001525 0.095701 0.011332
v -0.018913 0.092224 0.011332
v -0.017047 0.085658 0.045084
v -0.018913 0.092224 0.011332
v -0.038126 0.084435 0.011332
v -0.034892 0.078423 0.045084
v -0.053145 0.080930 -0.008222
v -0.052643 0.075681 0.008630
v -0.038126 0.084435 0.011332
v -0.034892 0.078423 0.045084
v -0.038126 0.084435 0.011332
v -0.052103 0.070784 0.027373
v -0.038126 0.084435 0.011332
v -0.052806 0.074716 0.011338
v -0.053242 0.072141 0.018566
v -0.053242 0.072141 0.018566
v -0.052103 0.070784 0.027373
v -0.038126 0.084435 0.011332
v -0.052103 0.070784 0.027373
v -0.050562 0.068948 0.039293
v -0.034892 0.078423 0.045084
v -0.052643 0.075681 0.008630
v -0.052806 0.074716 0.011338
v -0.038126 0.084435 0.011332
v -0.034892 0.078423 0.045084
v -0.017047 0.085658 0.045084
v -0.018913 0.092224 0.011332
v -0.017047 0.085658 0.045084
v 0.001936 0.088887 0.045084
v 0.001525 0.095701 0.011332
v -0.053730 0.071476 0.018259
v -0.053242 0.072141 0.018566
v -0.052806 0.074716 0.011338
v -0.052806 0.074716 0.011338
v -0.053231 0.074698 0.008293
v -0.053730 0.071476 0.018259
v -0.052806 0.074716 0.011338
v -0.052643 0.075681 0.008630
v -0.053231 0.074698 0.008293
v -0.053231 0.074698 0.008293
v -0.052643 0.075681 0.008630
v -0.053145 0.080930 -0.008222
v -0.056394 0.066092 0.030627
v -0.056172 0.066278 0.030889
v -0.055001 0.068198 0.027356
v -0.055001 0.068198 0.027356
v -0.054601 0.069052 0.024677
v -0.056394 0.066092 0.030627
v -0.056172 0.066278 0.030889
v -0.056394 0.066092 0.030627
v -0.057162 0.065181 0.031790
v -0.057010 0.065287 0.032047
v -0.057162 0.065181 0.031790
v -0.057993 0.064342 0.032446
v -0.057916 0.064375 0.032700
v -0.057993 0.064342 0.032446
v -0.058742 0.063689 0.032600
v -0.059585 0.063015 0.032644
v -0.058731 0.063664 0.032853
v -0.058742 0.063689 0.032600
v -0.060702 0.062290 0.031890
v -0.059585 0.063015 0.032644
v -0.059527 0.063092 0.032391
v -0.062456 0.061389 0.029816
v -0.060702 0.062290 0.031890
v -0.060555 0.062425 0.031635
v -0.053242 0.072141 0.018566
v -0.053730 0.071476 0.018259
v -0.054237 0.070064 0.021997
v -0.054237 0.070064 0.021997
v -0.054206 0.069499 0.024961
v -0.053242 0.072141 0.018566
v -0.054237 0.070064 0.021997
v -0.054601 0.069052 0.024677
v -0.054206 0.069499 0.024961
v -0.060555 0.062425 0.031635
v -0.062171 0.061599 0.029555
v -0.062456 0.061389 0.029816
v -0.059527 0.063092 0.032391
v -0.060555 0.062425 0.031635
v -0.060702 0.062290 0.031890
v -0.058742 0.063689 0.032600
v -0.059527 0.063092 0.032391
v -0.059585 0.063015 0.032644
v -0.058742 0.063689 0.032600
v -0.058731 0.063664 0.032853
v -0.057916 0.064375 0.032700
v -0.057993 0.064342 0.032446
v -0.057916 0.064375 0.032700
v -0.057010 0.065287 0.032047
v -0.057162 0.065181 0.031790
v -0.057010 0.065287 0.032047
v -0.056172 0.066278 0.030889
v -0.055001 0.068198 0.027356
v -0.054206 0.069499 0.024961
v -0.054601 0.069052 0.024677
v -0.053242 0.072141 0.018566
v -0.054206 0.069499 0.024961
v -0.052103 0.070784 0.027373
v -0.057010 0.065287 0.032047
v -0.050031 0.068315 0.045102
v -0.050562 0.068948 0.039293
v -0.050562 0.068948 0.039293
v -0.056172 0.066278 0.030889
v -0.057010 0.065287 0.032047
v -0.050562 0.068948 0.039293
v -0.052103 0.070784 0.027373
v -0.055001 0.068198 0.027356
v -0.055001 0.068198 0.027356
v -0.056172 0.066278 0.030889
v -0.050562 0.068948 0.039293
v -0.050031 0.068315 0.045102
v -0.057010 0.065287 0.032047
v -0.057916 0.064375 0.032700
v -0.054206 0.069499 0.024961
v -0.055001 0.068198 0.027356
v -0.052103 0.070784 0.027373
v -0.059498 0.063150 0.030673
v -0.062171 0.061599 0.029555
v -0.060555 0.062425 0.031635
v -0.059498 0.063150 0.030673
v -0.059527 0.063092 0.032391
v -0.058742 0.063689 0.032600
v -0.058742 0.063689 0.032600
v -0.057993 0.064342 0.032446
v -0.059498 0.063150 0.030673
v -0.057993 0.064342 0.032446
v -0.057162 0.065181 0.031790
v -0.059498 0.063150 0.030673
v -0.062728 0.061428 0.028418
v -0.062171 0.061599 0.029555
v -0.059498 0.063150 0.030673
v -0.060555 0.062425 0.031635
v -0.059527 0.063092 0.032391
v -0.059498 0.063150 0.030673
v -0.065475 0.060588 0.022809
v -0.066043 0.060284 0.023088
v -0.063740 0.060994 0.027408
v -0.062456 0.061389 0.029816
v -0.062171 0.061599 0.029555
v -0.062728 0.061428 0.028418
v -0.062728 0.061428 0.028418
v -0.063740 0.060994 0.027408
v -0.062456 0.061389 0.029816
v -0.066883 0.060150 0.021141
v -0.066043 0.060284 0.023088
v -0.065475 0.060588 0.022809
v -0.071009 0.060588 0.006318
v -0.072072 0.060264 0.006634
v -0.068760 0.060191 0.015893
v -0.068760 0.060191 0.015893
v -0.066248 0.060466 0.020857
v -0.071009 0.060588 0.006318
v -0.075719 0.061621 -0.006630
v -0.072072 0.060264 0.006634
v -0.071009 0.060588 0.006318
v -0.068760 0.060191 0.015893
v -0.066883 0.060150 0.021141
v -0.066248 0.060466 0.020857
v -0.065475 0.060588 0.022809
v -0.066248 0.060466 0.020857
v -0.066883 0.060150 0.021141
v -0.063740 0.060994 0.027408
v -0.062728 0.061428 0.028418
v -0.065475 0.060588 0.022809
v -0.079412 0.059000 -0.006601
v -0.087897 0.054960 -0.006512
v -0.084925 0.049603 0.027622
v -0.104853 0.047320 0.027839
v -0.084925 0.049603 0.027622
v -0.087897 0.054960 -0.006512
v -0.104853 0.047320 0.027839
v -0.106744 0.051565 -0.006311
v -0.123709 0.049606 0.005679
v -0.123709 0.049606 0.005679
v -0.123709 0.046061 0.041173
v -0.104853 0.047320 0.027839
v -0.123709 0.050193 0.001013
v -0.123709 0.049606 0.005679
v -0.106744 0.051565 -0.006311
v -0.089508 0.045425 0.061185
v -0.084925 0.049603 0.027622
v -0.104853 0.047320 0.027839
v -0.075675 0.052933 0.027523
v -0.084925 0.049603 0.027622
v -0.079303 0.047059 0.061279
v -0.067376 0.058171 0.027440
v -0.064585 0.054111 0.060670
v -0.062456 0.061389 0.029816
v -0.067376 0.058171 0.027440
v -0.066043 0.060284 0.023088
v -0.066883 0.060150 0.021141
v -0.067376 0.058171 0.027440
v -0.063740 0.060994 0.027408
v -0.066043 0.060284 0.023088
v -0.079412 0.059000 -0.006601
v -0.075675 0.052933 0.027523
v -0.072072 0.060264 0.006634
v -0.075675 0.052933 0.027523
v -0.067376 0.058171 0.027440
v -0.068760 0.060191 0.015893
v -0.068760 0.060191 0.015893
v -0.072072 0.060264 0.006634
v -0.075675 0.052933 0.027523
v -0.066883 0.060150 0.021141
v -0.068760 0.060191 0.015893
v -0.067376 0.058171 0.027440
v -0.062456 0.061389 0.029816
v -0.063740 0.060994 0.027408
v -0.067376 0.058171 0.027440
v -0.064585 0.054111 0.060670
v -0.067376 0.058171 0.027440
v -0.075675 0.052933 0.027523
v -0.087897 0.054960 -0.006512
v -0.106744 0.051565 -0.006311
v -0.104853 0.047320 0.027839
v -0.084925 0.049603 0.027622
v -0.075675 0.052933 0.027523
v -0.079412 0.059000 -0.006601
v -0.123709 0.050555 -0.006270
v -0.123709 0.049606 0.005679
v -0.123709 0.050193 0.001013
v -0.123709 0.050555 -0.006270
v -0.123708 0.043800 0.061312
v -0.123709 0.046061 0.041173
v -0.123709 0.046061 0.041173
v -0.123709 0.049606 0.005679
v -0.123709 0.050555 -0.006270
v -0.123708 0.043800 0.061312
v -0.123709 0.050555 -0.006270
v -0.124208 0.051050 -0.006199
v -0.124208 0.051050 -0.006199
v -0.124208 0.044299 0.061340
v -0.123708 0.043800 0.061312
v -0.061163 0.051391 0.078750
v -0.066714 0.043962 0.070623
v -0.069052 0.039596 0.071693
v -0.069052 0.039596 0.071693
v -0.070610 0.035474 0.078750
v -0.061163 0.051391 0.078750
v -0.076415 0.017898 0.078750
v -0.070610 0.035474 0.078750
v -0.073921 0.027832 0.074011
v -0.070610 0.035474 0.078750
v -0.070732 0.035537 0.072492
v -0.073921 0.027832 0.074011
v -0.078305 -0.000515 0.078750
v -0.076415 0.017898 0.078750
v -0.077526 0.012570 0.075817
v -0.076415 0.017898 0.078750
v -0.076391 0.017886 0.075245
v -0.077214 0.014570 0.075656
v -0.077214 0.014570 0.075656
v -0.077526 0.012570 0.075817
v -0.076415 0.017898 0.078750
v -0.077526 0.012570 0.075817
v -0.078408 -0.000517 0.076277
v -0.078305 -0.000515 0.078750
v -0.073921 0.027832 0.074011
v -0.076391 0.017886 0.075245
v -0.076415 0.017898 0.078750
v -0.069052 0.039596 0.071693
v -0.070732 0.035537 0.072492
v -0.070610 0.035474 0.078750
v -0.078408 -0.000517 0.076277
v -0.081256 0.001308 0.073375
v -0.081346 0.000005 0.073419
v -0.077526 0.012570 0.075817
v -0.080470 0.012634 0.072995
v -0.081256 0.001308 0.073375
v -0.081256 0.001308 0.073375
v -0.078408 -0.000517 0.076277
v -0.077526 0.012570 0.075817
v -0.077526 0.012570 0.075817
v -0.080459 0.012792 0.072989
v -0.080470 0.012634 0.072995
v -0.080459 0.012792 0.072989
v -0.077526 0.012570 0.075817
v -0.077214 0.014570 0.075656
v -0.077490 0.025163 0.071609
v -0.080133 0.014827 0.072833
v -0.076391 0.017886 0.075245
v -0.080133 0.014827 0.072833
v -0.077214 0.014570 0.075656
v -0.076391 0.017886 0.075245
v -0.073921 0.027832 0.074011
v -0.076683 0.028322 0.071234
v -0.077490 0.025163 0.071609
v -0.076683 0.028322 0.071234
v -0.073921 0.027832 0.074011
v -0.070732 0.035537 0.072492
v -0.069052 0.039596 0.071693
v -0.071561 0.040249 0.068994
v -0.073010 0.036874 0.069628
v -0.073010 0.036874 0.069628
v -0.070732 0.035537 0.072492
v -0.069052 0.039596 0.071693
v -0.071561 0.040249 0.068994
v -0.069052 0.039596 0.071693
v -0.066714 0.043962 0.070623
v -0.066714 0.043962 0.070623
v -0.069061 0.044672 0.067966
v -0.071561 0.040249 0.068994
v -0.070732 0.035537 0.072492
v -0.073010 0.036874 0.069628
v -0.076683 0.028322 0.071234
v -0.076391 0.017886 0.075245
v -0.073921 0.027832 0.074011
v -0.077490 0.025163 0.071609
v -0.077214 0.014570 0.075656
v -0.080133 0.014827 0.072833
v -0.080459 0.012792 0.072989
v -0.068291 0.045619 0.067701
v -0.069061 0.044672 0.067966
v -0.066714 0.043962 0.070623
v -0.103226 0.043090 0.065431
v -0.103216 0.039052 0.068145
v -0.096042 0.039394 0.068254
v -0.096042 0.039394 0.068254
v -0.089392 0.043701 0.065673
v -0.103226 0.043090 0.065431
v -0.103226 0.043090 0.065431
v -0.089392 0.043701 0.065673
v -0.089508 0.045425 0.061185
v -0.089051 0.039727 0.068360
v -0.077765 0.041587 0.068308
v -0.078783 0.045383 0.065673
v -0.089392 0.043701 0.065673
v -0.078783 0.045383 0.065673
v -0.083116 0.046448 0.061244
v -0.103226 0.043090 0.065431
v -0.103169 0.044808 0.060879
v -0.123709 0.044489 0.062482
v -0.123709 0.044489 0.062482
v -0.103169 0.044808 0.060879
v -0.103572 0.044808 0.060874
v -0.103572 0.044808 0.060874
v -0.123708 0.044805 0.060638
v -0.123709 0.044489 0.062482
v -0.123709 0.044489 0.062482
v -0.123708 0.043308 0.064895
v -0.103226 0.043090 0.065431
v -0.123709 0.038966 0.067927
v -0.103216 0.039052 0.068145
v -0.103226 0.043090 0.065431
v -0.078783 0.045383 0.065673
v -0.077765 0.041587 0.068308
v -0.069061 0.044672 0.067966
v -0.103226 0.043090 0.065431
v -0.123708 0.042987 0.065119
v -0.123709 0.038966 0.067927
v -0.123708 0.043308 0.064895
v -0.123708 0.042987 0.065119
v -0.103226 0.043090 0.065431
v -0.083116 0.046448 0.061244
v -0.089508 0.045425 0.061185
v -0.089392 0.043701 0.065673
v -0.078783 0.045383 0.065673
v -0.089392 0.043701 0.065673
v -0.089051 0.039727 0.068360
v -0.089508 0.045425 0.061185
v -0.103169 0.044808 0.060879
v -0.103226 0.043090 0.065431
v -0.096042 0.039394 0.068254
v -0.089051 0.039727 0.068360
v -0.089392 0.043701 0.065673
v -0.104853 0.047320 0.027839
v -0.103572 0.044808 0.060874
v -0.103169 0.044808 0.060879
v -0.123709 0.046061 0.041173
v -0.123708 0.044805 0.060638
v -0.103572 0.044808 0.060874
v -0.082317 0.012520 0.072991
v -0.080459 0.012792 0.072989
v -0.080133 0.014827 0.072833
v -0.082317 0.012520 0.072991
v -0.080470 0.012634 0.072995
v -0.080459 0.012792 0.072989
v -0.080133 0.014827 0.072833
v -0.085955 0.024077 0.071696
v -0.082317 0.012520 0.072991
v -0.076683 0.028322 0.071234
v -0.091480 0.033872 0.069780
v -0.085955 0.024077 0.071696
v -0.085955 0.024077 0.071696
v -0.077490 0.025163 0.071609
v -0.076683 0.028322 0.071234
v -0.091480 0.033872 0.069780
v -0.073010 0.036874 0.069628
v -0.077765 0.041587 0.068308
v -0.077765 0.041587 0.068308
v -0.089051 0.039727 0.068360
v -0.091480 0.033872 0.069780
v -0.077765 0.041587 0.068308
v -0.073010 0.036874 0.069628
v -0.071561 0.040249 0.068994
v -0.071561 0.040249 0.068994
v -0.069061 0.044672 0.067966
v -0.077765 0.041587 0.068308
v -0.091480 0.033872 0.069780
v -0.123708 0.032033 0.069677
v -0.123708 0.030374 0.070042
v -0.123708 0.032033 0.069677
v -0.091480 0.033872 0.069780
v -0.103216 0.039052 0.068145
v -0.103216 0.039052 0.068145
v -0.123709 0.038966 0.067927
v -0.123708 0.038624 0.068022
v -0.103216 0.039052 0.068145
v -0.123708 0.038624 0.068022
v -0.123708 0.032033 0.069677
v -0.091480 0.033872 0.069780
v -0.096042 0.039394 0.068254
v -0.103216 0.039052 0.068145
v -0.123708 0.020440 0.071807
v -0.123708 0.020276 0.071830
v -0.085955 0.024077 0.071696
v -0.123708 0.020276 0.071830
v -0.123708 0.020111 0.071853
v -0.085955 0.024077 0.071696
v -0.085955 0.024077 0.071696
v -0.123708 0.020770 0.071760
v -0.123708 0.020605 0.071784
v -0.123708 0.020605 0.071784
v -0.123708 0.020440 0.071807
v -0.085955 0.024077 0.071696
v -0.085955 0.024077 0.071696
v -0.123708 0.021099 0.071712
v -0.123708 0.020770 0.071760
v -0.085955 0.024077 0.071696
v -0.123708 0.021428 0.071663
v -0.123708 0.021263 0.071688
v -0.123708 0.021263 0.071688
v -0.123708 0.021099 0.071712
v -0.085955 0.024077 0.071696
v -0.085955 0.024077 0.071696
v -0.123708 0.021757 0.071614
v -0.123708 0.021428 0.071663
v -0.085955 0.024077 0.071696
v -0.123708 0.022086 0.071564
v -0.123708 0.021757 0.071614
v -0.085955 0.024077 0.071696
v -0.123708 0.022415 0.071513
v -0.123708 0.022086 0.071564
v -0.085955 0.024077 0.071696
v -0.123708 0.022744 0.071461
v -0.123708 0.022415 0.071513
v -0.085955 0.024077 0.071696
v -0.123708 0.023401 0.071355
v -0.123708 0.022744 0.071461
v -0.085955 0.024077 0.071696
v -0.123708 0.024714 0.071135
v -0.123708 0.024386 0.071191
v -0.085955 0.024077 0.071696
v -0.123708 0.025370 0.071020
v -0.123708 0.024714 0.071135
v -0.123708 0.024386 0.071191
v -0.123709 0.024058 0.071247
v -0.085955 0.024077 0.071696
v -0.123709 0.024058 0.071247
v -0.123708 0.023401 0.071355
v -0.085955 0.024077 0.071696
v -0.085955 0.024077 0.071696
v -0.123708 0.027043 0.070713
v -0.123708 0.025370 0.071020
v -0.123708 0.029127 0.070303
v -0.085955 0.024077 0.071696
v -0.091480 0.033872 0.069780
v -0.091480 0.033872 0.069780
v -0.123708 0.029543 0.070217
v -0.123708 0.029127 0.070303
v -0.091480 0.033872 0.069780
v -0.123708 0.029918 0.070138
v -0.123708 0.029543 0.070217
v -0.123708 0.029127 0.070303
v -0.123708 0.028711 0.070387
v -0.085955 0.024077 0.071696
v -0.123708 0.028711 0.070387
v -0.123708 0.027043 0.070713
v -0.085955 0.024077 0.071696
v -0.123708 0.014165 0.072347
v -0.082317 0.012520 0.072991
v -0.085955 0.024077 0.071696
v -0.085955 0.024077 0.071696
v -0.123708 0.020111 0.071853
v -0.123708 0.014165 0.072347
v -0.123708 0.003926 0.073198
v -0.123709 0.000003 0.073115
v -0.081346 0.000005 0.073419
v -0.082317 0.012520 0.072991
v -0.123708 0.010076 0.072687
v -0.123708 0.003926 0.073198
v -0.123708 0.003926 0.073198
v -0.081256 0.001308 0.073375
v -0.082317 0.012520 0.072991
v -0.081346 0.000005 0.073419
v -0.081256 0.001308 0.073375
v -0.123708 0.003926 0.073198
v -0.123708 0.014165 0.072347
v -0.123708 0.010076 0.072687
v -0.082317 0.012520 0.072991
v -0.123708 0.030374 0.070042
v -0.123708 0.029918 0.070138
v -0.091480 0.033872 0.069780
v -0.089051 0.039727 0.068360
v -0.096042 0.039394 0.068254
v -0.091480 0.033872 0.069780
v -0.076683 0.028322 0.071234
v -0.073010 0.036874 0.069628
v -0.091480 0.033872 0.069780
v -0.080133 0.014827 0.072833
v -0.077490 0.025163 0.071609
v -0.085955 0.024077 0.071696
v -0.080470 0.012634 0.072995
v -0.082317 0.012520 0.072991
v -0.081256 0.001308 0.073375
v -0.123708 0.020770 0.071760
v -0.123708 0.021099 0.071712
v -0.123708 0.020972 0.071731
v -0.123708 0.021546 0.071646
v -0.123708 0.021263 0.071688
v -0.123708 0.021428 0.071663
v -0.123708 0.021428 0.071663
v -0.123708 0.021757 0.071614
v -0.123708 0.021546 0.071646
v -0.123708 0.024714 0.071135
v -0.123709 0.024058 0.071247
v -0.123708 0.024386 0.071191
v -0.123708 0.030374 0.070042
v -0.123708 0.029258 0.070278
v -0.123708 0.029543 0.070217
v -0.123708 0.029258 0.070278
v -0.123708 0.028120 0.070507
v -0.123708 0.028711 0.070387
v -0.123708 0.028711 0.070387
v -0.123708 0.029127 0.070303
v -0.123708 0.029258 0.070278
v -0.123708 0.024714 0.071135
v -0.123708 0.025370 0.071020
v -0.123708 0.025268 0.071039
v -0.123708 0.023552 0.071331
v -0.123708 0.022980 0.071424
v -0.123708 0.023401 0.071355
v -0.123708 0.023401 0.071355
v -0.123709 0.024058 0.071247
v -0.123708 0.023552 0.071331
v -0.123708 0.022980 0.071424
v -0.123708 0.022415 0.071513
v -0.123708 0.022744 0.071461
v -0.123708 0.022744 0.071461
v -0.123708 0.023401 0.071355
v -0.123708 0.022980 0.071424
v -0.123708 0.029127 0.070303
v -0.123708 0.029543 0.070217
v -0.123708 0.029258 0.070278
v -0.123708 0.027043 0.070713
v -0.123708 0.028711 0.070387
v -0.123708 0.028120 0.070507
v -0.123708 0.030374 0.070042
v -0.123708 0.032033 0.069677
v -0.123708 0.031527 0.069793
v -0.123708 0.025840 0.070937
v -0.123708 0.025268 0.071039
v -0.123708 0.025370 0.071020
v -0.123708 0.033789 0.069272
v -0.123708 0.031527 0.069793
v -0.123708 0.032033 0.069677
v -0.123708 0.032033 0.069677
v -0.123708 0.038624 0.068022
v -0.123708 0.033789 0.069272
v -0.123708 0.038624 0.068022
v -0.123708 0.038285 0.068123
v -0.123708 0.033789 0.069272
v -0.123708 0.025840 0.070937
v -0.123708 0.025370 0.071020
v -0.123708 0.027043 0.070713
v -0.124208 0.014231 0.073055
v -0.123708 0.003926 0.073198
v -0.123708 0.010076 0.072687
v -0.124209 0.000000 0.073055
v -0.123709 0.000003 0.073115
v -0.123708 0.003926 0.073198
v -0.123708 0.003926 0.073198
v -0.124208 0.014231 0.073055
v -0.124209 0.000000 0.073055
v -0.124208 0.038417 0.068605
v -0.124208 0.014231 0.073055
v -0.123708 0.025840 0.070937
v -0.124208 0.014231 0.073055
v -0.123708 0.020111 0.071853
v -0.123708 0.020276 0.071830
v -0.123708 0.020276 0.071830
v -0.123708 0.020440 0.071807
v -0.124208 0.014231 0.073055
v -0.123708 0.020440 0.071807
v -0.123708 0.020605 0.071784
v -0.124208 0.014231 0.073055
v -0.123708 0.020605 0.071784
v -0.123708 0.020770 0.071760
v -0.124208 0.014231 0.073055
v -0.123708 0.020770 0.071760
v -0.123708 0.020972 0.071731
v -0.124208 0.014231 0.073055
v -0.123708 0.020972 0.071731
v -0.123708 0.021263 0.071688
v -0.124208 0.014231 0.073055
v -0.123708 0.021263 0.071688
v -0.123708 0.021546 0.071646
v -0.124208 0.014231 0.073055
v -0.123708 0.021546 0.071646
v -0.123708 0.021757 0.071614
v -0.124208 0.014231 0.073055
v -0.123708 0.021757 0.071614
v -0.123708 0.022086 0.071564
v -0.124208 0.014231 0.073055
v -0.123708 0.022086 0.071564
v -0.123708 0.022415 0.071513
v -0.124208 0.014231 0.073055
v -0.123708 0.022415 0.071513
v -0.123708 0.022980 0.071424
v -0.124208 0.014231 0.073055
v -0.123708 0.022980 0.071424
v -0.123708 0.023552 0.071331
v -0.124208 0.014231 0.073055
v -0.123708 0.023552 0.071331
v -0.123709 0.024058 0.071247
v -0.124208 0.014231 0.073055
v -0.123709 0.024058 0.071247
v -0.123708 0.024714 0.071135
v -0.124208 0.014231 0.073055
v -0.123708 0.024714 0.071135
v -0.123708 0.025268 0.071039
v -0.124208 0.014231 0.073055
v -0.123708 0.025268 0.071039
v -0.123708 0.025840 0.070937
v -0.124208 0.014231 0.073055
v -0.123708 0.025840 0.070937
v -0.123708 0.027043 0.070713
v -0.124208 0.038417 0.068605
v -0.123708 0.027043 0.070713
v -0.123708 0.028120 0.070507
v -0.124208 0.038417 0.068605
v -0.123708 0.028120 0.070507
v -0.123708 0.029258 0.070278
v -0.124208 0.038417 0.068605
v -0.123708 0.029258 0.070278
v -0.123708 0.030374 0.070042
v -0.124208 0.038417 0.068605
v -0.123708 0.030374 0.070042
v -0.123708 0.031527 0.069793
v -0.124208 0.038417 0.068605
v -0.123708 0.031527 0.069793
v -0.123708 0.033789 0.069272
v -0.124208 0.038417 0.068605
v -0.124208 0.014231 0.073055
v -0.123708 0.014165 0.072347
v -0.123708 0.020111 0.071853
v -0.123708 0.033789 0.069272
v -0.123708 0.038285 0.068123
v -0.124208 0.038417 0.068605
v -0.123708 0.010076 0.072687
v -0.123708 0.014165 0.072347
v -0.124208 0.014231 0.073055
v -0.124208 0.042529 0.065921
v -0.124208 0.038417 0.068605
v -0.123708 0.038624 0.068022
v -0.124208 0.038417 0.068605
v -0.123708 0.038285 0.068123
v -0.123708 0.038624 0.068022
v -0.124208 0.042529 0.065921
v -0.123708 0.042141 0.065606
v -0.123708 0.043800 0.061312
v -0.123708 0.043800 0.061312
v -0.124208 0.044299 0.061340
v -0.124208 0.042529 0.065921
v -0.123708 0.038624 0.068022
v -0.123708 0.042141 0.065606
v -0.124208 0.042529 0.065921
v -0.123708 0.043800 0.061312
v -0.123708 0.042987 0.065119
v -0.123708 0.043308 0.064895
v -0.123708 0.043800 0.061312
v -0.123709 0.044489 0.062482
v -0.123708 0.044805 0.060638
v -0.123708 0.043800 0.061312
v -0.123708 0.042141 0.065606
v -0.123708 0.042987 0.065119
v -0.123708 0.044805 0.060638
v -0.123709 0.046061 0.041173
v -0.123708 0.043800 0.061312
v -0.123709 0.038966 0.067927
v -0.123708 0.042987 0.065119
v -0.123708 0.042141 0.065606
v -0.123708 0.043308 0.064895
v -0.123709 0.044489 0.062482
v -0.123708 0.043800 0.061312
v -0.123708 0.042141 0.065606
v -0.123708 0.038624 0.068022
v -0.123709 0.038966 0.067927
v 0.001936 0.088887 0.045084
v -0.017047 0.085658 0.045084
v -0.016104 0.082340 0.078750
v -0.017047 0.085658 0.045084
v -0.034892 0.078423 0.045084
v -0.033258 0.075385 0.078750
v -0.048515 0.064906 0.078750
v -0.033258 0.075385 0.078750
v -0.048649 0.066668 0.060231
v -0.048649 0.066668 0.060231
v -0.048813 0.066520 0.060309
v -0.048515 0.064906 0.078750
v -0.034892 0.078423 0.045084
v -0.050031 0.068315 0.045102
v -0.048649 0.066668 0.060231
v -0.048649 0.066668 0.060231
v -0.033258 0.075385 0.078750
v -0.034892 0.078423 0.045084
v -0.048515 0.064906 0.078750
v -0.057490 0.057379 0.065085
v -0.061596 0.051721 0.067645
v -0.048515 0.064906 0.078750
v -0.049437 0.065943 0.060628
v -0.051877 0.063577 0.061913
v -0.051877 0.063577 0.061913
v -0.057490 0.057379 0.065085
v -0.048515 0.064906 0.078750
v -0.061596 0.051721 0.067645
v -0.061163 0.051391 0.078750
v -0.048515 0.064906 0.078750
v -0.048813 0.066520 0.060309
v -0.049437 0.065943 0.060628
v -0.048515 0.064906 0.078750
v -0.050562 0.068948 0.039293
v -0.050031 0.068315 0.045102
v -0.034892 0.078423 0.045084
v -0.033258 0.075385 0.078750
v -0.016104 0.082340 0.078750
v -0.017047 0.085658 0.045084
v -0.016104 0.082340 0.078750
v 0.002143 0.085444 0.078750
v 0.001936 0.088887 0.045084
v -0.048813 0.066520 0.060309
v -0.049477 0.065927 0.060519
v -0.049437 0.065943 0.060628
v -0.051877 0.063577 0.061913
v -0.049437 0.065943 0.060628
v -0.049477 0.065927 0.060519
v -0.057490 0.057379 0.065085
v -0.051877 0.063577 0.061913
v -0.052060 0.063527 0.061459
v -0.057490 0.057379 0.065085
v -0.058174 0.057332 0.063788
v -0.060979 0.054143 0.064910
v -0.060979 0.054143 0.064910
v -0.061596 0.051721 0.067645
v -0.057490 0.057379 0.065085
v -0.060979 0.054143 0.064910
v -0.061584 0.053456 0.065152
v -0.061596 0.051721 0.067645
v -0.052060 0.063527 0.061459
v -0.058174 0.057332 0.063788
v -0.057490 0.057379 0.065085
v -0.049477 0.065927 0.060519
v -0.052060 0.063527 0.061459
v -0.051877 0.063577 0.061913
v -0.062947 0.055134 0.060586
v -0.052060 0.063527 0.061459
v -0.049477 0.065927 0.060519
v -0.062947 0.055134 0.060586
v -0.058174 0.057332 0.063788
v -0.052060 0.063527 0.061459
v -0.060979 0.054143 0.064910
v -0.058174 0.057332 0.063788
v -0.062947 0.055134 0.060586
v -0.049477 0.065927 0.060519
v -0.048813 0.066520 0.060309
v -0.062947 0.055134 0.060586
v -0.048813 0.066520 0.060309
v -0.048649 0.066668 0.060231
v -0.062947 0.055134 0.060586
v -0.060979 0.054143 0.064910
v -0.061660 0.053625 0.065055
v -0.061584 0.053456 0.065152
v -0.064585 0.054111 0.060670
v -0.059585 0.063015 0.032644
v -0.060702 0.062290 0.031890
v -0.062947 0.055134 0.060586
v -0.058731 0.063664 0.032853
v -0.059585 0.063015 0.032644
v -0.048649 0.066668 0.060231
v -0.057916 0.064375 0.032700
v -0.058731 0.063664 0.032853
v -0.057916 0.064375 0.032700
v -0.048649 0.066668 0.060231
v -0.050031 0.068315 0.045102
v -0.058731 0.063664 0.032853
v -0.062947 0.055134 0.060586
v -0.048649 0.066668 0.060231
v -0.061163 0.051391 0.078750
v -0.064160 0.048189 0.069243
v -0.066714 0.043962 0.070623
v -0.061163 0.051391 0.078750
v -0.061596 0.051721 0.067645
v -0.064160 0.048189 0.069243
v -0.065967 0.048474 0.066904
v -0.064160 0.048189 0.069243
v -0.061596 0.051721 0.067645
v -0.064160 0.048189 0.069243
v -0.065967 0.048474 0.066904
v -0.068291 0.045619 0.067701
v -0.068291 0.045619 0.067701
v -0.066714 0.043962 0.070623
v -0.064160 0.048189 0.069243
v -0.061596 0.051721 0.067645
v -0.061584 0.053456 0.065152
v -0.065967 0.048474 0.066904
v -0.078783 0.045383 0.065673
v -0.079303 0.047059 0.061279
v -0.083116 0.046448 0.061244
v -0.078783 0.045383 0.065673
v -0.069915 0.048627 0.065342
v -0.073402 0.049235 0.061080
v -0.069915 0.048627 0.065342
v -0.070930 0.050147 0.060996
v -0.073402 0.049235 0.061080
v -0.069915 0.048627 0.065342
v -0.061660 0.053625 0.065055
v -0.064585 0.054111 0.060670
v -0.061660 0.053625 0.065055
v -0.062947 0.055134 0.060586
v -0.064585 0.054111 0.060670
v -0.069061 0.044672 0.067966
v -0.069915 0.048627 0.065342
v -0.078783 0.045383 0.065673
v -0.069915 0.048627 0.065342
v -0.065967 0.048474 0.066904
v -0.061584 0.053456 0.065152
v -0.069915 0.048627 0.065342
v -0.068291 0.045619 0.067701
v -0.065967 0.048474 0.066904
v -0.062947 0.055134 0.060586
v -0.061660 0.053625 0.065055
v -0.060979 0.054143 0.064910
v -0.061584 0.053456 0.065152
v -0.061660 0.053625 0.065055
v -0.069915 0.048627 0.065342
v -0.069061 0.044672 0.067966
v -0.068291 0.045619 0.067701
v -0.069915 0.048627 0.065342
v -0.064585 0.054111 0.060670
v -0.070930 0.050147 0.060996
v -0.069915 0.048627 0.065342
v -0.073402 0.049235 0.061080
v -0.079303 0.047059 0.061279
v -0.078783 0.045383 0.065673
v -0.103572 0.044808 0.060874
v -0.104853 0.047320 0.027839
v -0.123709 0.046061 0.041173
v -0.104853 0.047320 0.027839
v -0.103169 0.044808 0.060879
v -0.089508 0.045425 0.061185
v -0.084925 0.049603 0.027622
v -0.083116 0.046448 0.061244
v -0.079303 0.047059 0.061279
v -0.075675 0.052933 0.027523
v -0.070930 0.050147 0.060996
v -0.064585 0.054111 0.060670
v -0.075675 0.052933 0.027523
v -0.073402 0.049235 0.061080
v -0.070930 0.050147 0.060996
v -0.064585 0.054111 0.060670
v -0.060702 0.062290 0.031890
v -0.062456 0.061389 0.029816
v -0.059585 0.063015 0.032644
v -0.064585 0.054111 0.060670
v -0.062947 0.055134 0.060586
v -0.079303 0.047059 0.061279
v -0.073402 0.049235 0.061080
v -0.075675 0.052933 0.027523
v -0.089508 0.045425 0.061185
v -0.083116 0.046448 0.061244
v -0.084925 0.049603 0.027622
vn 0.5637 -0.7666 0.3074
vn 0.5667 -0.7650 0.3061
vn 0.5659 -0.7654 0.3065
vn 0.5530 -0.7758 0.3038
vn 0.5713 -0.7631 0.3022
vn 0.5892 -0.7578 0.2803
vn 0.5794 -0.7603 0.2936
vn 0.6591 -0.6896 0.3000
vn 0.6432 -0.7481 0.1632
vn 0.6201 -0.7216 0.3079
vn 0.6350 -0.7502 0.1844
vn 0.6083 -0.7545 0.2463
vn 0.7834 -0.5881 0.2013
vn 0.7408 -0.6151 0.2699
vn 0.7831 -0.5809 0.2219
vn 0.7832 -0.5632 0.2633
vn 0.7841 -0.5508 0.2860
vn 0.7844 -0.5423 0.3010
vn 0.7900 -0.5306 0.3071
vn 0.7850 -0.5407 0.3022
vn 0.7843 -0.5428 0.3005
vn 0.7977 -0.5244 0.2978
vn 0.7841 -0.5442 0.2984
vn 0.7776 -0.5836 0.2341
vn 0.7088 -0.6339 0.3094
vn 0.4515 -0.8382 0.3059
vn -0.1445 -0.9408 0.3067
vn -0.1473 -0.9406 0.3058
vn -0.1447 -0.9403 0.3079
vn -0.1413 -0.9404 0.3094
vn 0.3785 -0.3108 0.8719
vn 0.1848 -0.4311 0.8831
vn -0.0138 -0.5845 0.8113
vn -0.1561 -0.7571 0.6344
vn -0.1706 -0.8588 0.4830
vn -0.1367 -0.9293 0.3431
vn -0.0752 -0.8594 0.5058
vn 0.0554 -0.7184 0.6934
vn 0.2155 -0.5766 0.7881
vn 0.3816 -0.4535 0.8054
vn 0.9641 0.1299 0.2317
vn -0.0222 -0.9755 0.2188
vn -0.0369 -0.9544 0.2963
vn -0.1334 -0.9577 0.2550
vn 0.9569 -0.0497 0.2863
vn -0.9062 -0.4225 0.0175
vn -0.9061 -0.4228 0.0174
vn 0.9403 0.1447 0.3079
vn 0.9404 0.1413 0.3094
vn 0.9408 0.1446 0.3067
vn 0.9406 0.1473 0.3058
vn -0.7272 -0.6862 0.0165
vn -0.1712 -0.9699 -0.1732
vn -0.7572 -0.6492 0.0720
vn -0.6073 -0.7933 0.0434
vn -0.1736 -0.9846 0.0224
vn 0.9846 0.1736 0.0226
vn 0.6646 0.7456 0.0496
vn 0.6862 0.7272 0.0165
vn 0.8393 0.5424 0.0364
vn 0.9835 0.1735 -0.0514
vn -0.5770 -0.7477 0.3287
vn -0.6132 -0.6256 0.4823
vn -0.1671 -0.0779 0.9829
vn -0.4125 -0.2490 0.8763
vn -0.5665 -0.4316 0.7020
vn -0.6351 -0.2961 0.7134
vn 0.2524 -0.3764 0.8914
vn 0.5553 -0.6262 0.5472
vn 0.5082 -0.5317 0.6775
vn 0.4392 -0.3903 0.8092
vn 0.4408 -0.3942 0.8064
vn 0.4842 -0.3703 0.7927
vn 0.3903 -0.4392 0.8092
vn -0.5232 -0.4935 0.6948
vn -0.1249 -0.7083 0.6948
vn -0.1250 -0.7083 0.6948
vn 0.3228 -0.6426 0.6949
vn 0.3227 -0.6428 0.6948
vn 0.6426 -0.3227 0.6949
vn 0.6426 -0.3228 0.6949
vn 0.7083 0.1249 0.6948
vn 0.4934 0.5231 0.6949
vn 0.4936 0.5231 0.6948
vn 0.7083 0.1250 0.6948
vn 0.6428 -0.3227 0.6948
vn 0.3227 -0.6426 0.6949
vn -0.5230 -0.4935 0.6949
vn 0.3084 0.4748 0.8243
vn 0.4858 0.5887 0.6461
vn 0.1240 0.2467 0.9611
vn 0.2961 0.6351 0.7134
vn 0.6698 0.6084 0.4257
vn 0.0178 0.0381 0.9991
vn 0.8879 0.0943 0.4502
vn 0.7587 -0.0094 0.6514
vn 0.6221 -0.1608 0.7662
vn 0.4871 -0.3376 0.8054
vn 0.3990 -0.4316 0.8090
vn 0.2924 -0.4914 0.8204
vn 0.3393 -0.3188 0.8850
vn 0.4783 -0.1158 0.8705
vn 0.6325 0.0520 0.7728
vn 0.7952 0.1812 0.5786
vn 0.4228 0.9060 0.0174
vn 0.4225 0.9062 0.0175
vn -0.0000 -0.0000 1.0000
vn -0.0000 -0.0001 1.0000
vn 0.0001 -0.0000 1.0000
vn 0.6105 -0.0128 0.7919
vn 0.6103 -0.0128 0.7920
vn 0.4831 0.3735 0.7919
vn 0.1411 0.5937 0.7922
vn 0.1412 0.5938 0.7922
vn -0.2631 0.5506 0.7923
vn -0.2631 0.5504 0.7923
vn -0.5508 0.2632 0.7921
vn -0.5940 -0.1412 0.7920
vn -0.5939 -0.1412 0.7921
vn -0.3735 -0.4831 0.7919
vn -0.3732 -0.4830 0.7921
vn 0.0128 -0.6102 0.7921
vn 0.0128 -0.6103 0.7920
vn -0.5936 -0.1408 0.7923
vn -0.5504 0.2631 0.7923
vn -0.2633 0.5508 0.7920
vn 0.1407 0.5942 0.7919
vn 0.4829 0.3734 0.7921
vn 0.6101 -0.0129 0.7922
vn 0.4973 -0.3320 0.8015
vn 0.4779 -0.5647 0.6729
vn 0.4593 -0.5097 0.7275
vn 0.3258 -0.5003 0.8023
vn 0.2974 -0.5963 0.7456
vn 0.4409 -0.5178 0.7331
vn 0.5870 -0.4390 0.6802
vn 0.9460 -0.0198 0.3236
vn 0.6918 0.5804 0.4295
vn 0.7751 0.5992 0.2001
vn 0.2282 0.9629 0.1441
vn 0.2288 0.9627 0.1442
vn -0.4682 0.8113 0.3500
vn -0.4295 0.8985 0.0907
vn -0.4046 0.8465 0.3462
vn -0.7915 0.2881 0.5390
vn -0.9016 0.4309 0.0386
vn -0.9730 -0.2308 -0.0084
vn -0.9729 -0.2313 -0.0084
vn -0.4572 -0.7920 0.4046
vn -0.6109 -0.7900 -0.0524
vn -0.5619 -0.7272 0.3943
vn 0.1375 -0.7801 0.6103
vn 0.0209 -0.9955 -0.0927
vn 0.3974 -0.8596 0.3211
vn 0.6024 -0.7485 0.2771
vn 0.5827 -0.4889 0.6492
vn 0.6044 -0.7470 0.2770
vn 0.9461 -0.0000 0.3239
vn 0.9661 -0.0204 0.2572
vn 0.8130 -0.4844 0.3230
vn -0.4036 -0.6993 0.5900
vn -0.7743 -0.2819 0.5666
vn -0.4310 0.7466 0.5069
vn 0.1532 0.8687 0.4710
vn 0.9243 -0.0000 0.3817
vn -0.5738 0.2088 0.7919
vn -0.3057 0.5296 0.7912
vn -0.3055 0.5292 0.7916
vn 0.1062 0.6020 0.7914
vn 0.4680 0.3926 0.7917
vn 0.6109 -0.0000 0.7917
vn 0.4679 -0.3926 0.7918
vn 0.1061 -0.6017 0.7917
vn -0.3055 -0.5292 0.7915
vn -0.3055 -0.5292 0.7916
vn -0.5745 -0.2090 0.7914
vn -0.5738 -0.2089 0.7919
vn -0.3057 -0.5296 0.7912
vn 0.1061 -0.6019 0.7915
vn 0.4680 -0.3926 0.7917
vn 0.6110 -0.0000 0.7916
vn 0.4679 0.3926 0.7918
vn 0.1061 0.6016 0.7917
vn -0.3054 0.5291 0.7917
vn -0.5743 0.2090 0.7915
vn 0.8090 0.5878 -0.0000
vn -0.3090 0.9511 -0.0000
vn -0.9510 -0.3092 -0.0000
vn -0.9967 -0.0000 -0.0806
vn -0.3090 -0.9511 -0.0000
vn 0.8091 -0.5877 -0.0000
vn -0.9510 0.3092 -0.0000
vn 0.4627 -0.8601 0.2148
vn 0.6493 -0.7552 0.0901
vn 0.6457 -0.7625 0.0411
vn 0.6317 -0.7459 0.2112
vn 0.7946 -0.6054 0.0450
vn 0.7895 -0.5927 0.1596
vn 0.7780 -0.5928 0.2080
vn 0.7823 -0.5871 0.2080
vn 0.6370 -0.7413 0.2113
vn 0.4632 -0.8598 0.2148
vn 0.3407 -0.5998 -0.7240
vn -0.0592 -0.9216 -0.3836
vn 0.0468 -0.8290 -0.5573
vn 0.1824 -0.7148 -0.6751
vn 0.3153 -0.6154 -0.7224
vn -0.2634 -0.5265 0.8083
vn -0.0341 -0.9733 -0.2271
vn 0.3388 -0.6071 -0.7188
vn 0.2012 -0.7103 -0.6746
vn 0.0524 -0.8275 -0.5590
vn -0.0600 -0.9198 -0.3877
vn -0.2369 -0.2945 -0.9258
vn -0.4882 -0.4326 -0.7580
vn -0.4329 -0.3825 -0.8162
vn -0.6732 -0.5459 -0.4988
vn -0.0803 -0.0650 -0.9946
vn 0.2489 0.5338 -0.8082
vn -0.5048 0.3034 -0.8082
vn -0.5881 0.0308 -0.8082
vn -0.5339 -0.2489 -0.8081
vn -0.5338 -0.2489 -0.8082
vn -0.3034 0.5048 -0.8082
vn -0.0000 -0.0000 -1.0000
vn -0.2119 0.0560 -0.9757
vn 0.0015 -0.0031 -1.0000
vn 0.1054 0.1302 -0.9859
vn 0.3906 0.4262 -0.8160
vn 0.3495 0.3395 -0.8733
vn 0.4802 0.5692 -0.6674
vn 0.5666 0.6998 -0.4351
vn 0.6310 -0.3043 -0.7136
vn 0.6262 -0.2972 -0.7208
vn 0.7575 -0.1404 -0.6376
vn 0.8680 -0.0030 -0.4965
vn 0.9611 0.2092 -0.1803
vn 0.8568 -0.5065 -0.0962
vn 0.9363 0.0703 -0.3442
vn 0.8670 -0.0029 -0.4984
vn 0.7608 -0.1272 -0.6364
vn 0.6376 -0.2805 -0.7175
vn 0.6044 -0.3333 -0.7236
vn 0.7064 -0.5382 0.4596
vn 0.6821 -0.5751 0.4517
vn 0.7761 -0.6282 0.0546
vn 0.7246 -0.5521 0.4124
vn 0.7690 -0.6386 -0.0287
vn 0.6850 -0.6715 -0.2826
vn 0.6440 -0.7604 0.0844
vn 0.7727 -0.6347 -0.0027
vn 0.6236 -0.7771 0.0843
vn 0.6950 -0.7185 0.0248
vn 0.5725 -0.8190 -0.0388
vn 0.4881 -0.8593 -0.1532
vn 0.6397 -0.7553 0.1426
vn 0.6362 -0.7554 0.1569
vn 0.6676 -0.7413 0.0694
vn 0.6056 -0.7944 -0.0476
vn 0.6796 -0.5781 0.4516
vn 0.0011 -0.9539 0.3002
vn 0.0340 -0.9692 0.2439
vn 0.0606 -0.9586 0.2781
vn 0.0891 -0.9476 0.3067
vn 0.0915 -0.9482 0.3043
vn 0.0857 -0.9465 0.3112
vn 0.0796 -0.9443 0.3194
vn 0.0858 -0.9487 0.3044
vn 0.0731 -0.9533 0.2931
vn 0.0578 -0.9597 0.2749
vn 0.0465 -0.9644 0.2604
vn 0.0578 -0.9594 0.2761
vn 0.0635 -0.9297 0.3627
vn 0.0501 -0.9136 0.4036
vn 0.0709 -0.9375 0.3408
vn -0.0243 -0.9510 0.3082
vn -0.0163 -0.9515 0.3074
vn -0.0224 -0.9516 0.3064
vn -0.0198 -0.9514 0.3074
vn -0.0217 -0.9516 0.3067
vn -0.0169 -0.9506 0.3099
vn -0.0119 -0.9493 0.3142
vn -0.0097 -0.9525 0.3043
vn -0.0136 -0.9521 0.3056
vn -0.0043 -0.9532 0.3023
vn -0.0018 -0.9535 0.3013
vn 0.2602 -0.9158 0.3059
vn 0.4510 -0.8385 0.3059
vn 0.2601 -0.9159 0.3059
vn 0.7071 0.7071 0.0039
vn 0.4260 0.9005 0.0874
vn 0.9443 0.3291 -0.0000
vn 0.6694 0.7416 0.0427
vn 0.2867 0.9516 0.1105
vn 0.1264 0.9825 0.1371
vn -0.7719 0.6352 0.0264
vn -0.5160 0.8536 0.0714
vn -0.3256 0.9398 0.1040
vn -0.1800 0.9752 0.1285
vn -0.0210 0.9998 -0.0002
vn -0.7071 0.7071 0.0086
vn -0.1345 -0.9909 0.0006
vn -0.2429 -0.9700 0.0023
vn -0.7187 -0.6950 0.0226
vn -0.4031 -0.9151 0.0064
vn -0.8908 -0.4515 0.0517
vn -0.7071 -0.7071 -0.0037
vn -0.9875 -0.1322 0.0861
vn 0.8816 -0.4700 0.0442
vn 0.3411 -0.9400 0.0045
vn 0.0566 -0.9984 -0.0001
vn 0.1933 -0.9811 0.0014
vn 0.5824 -0.8128 0.0141
vn 0.7071 -0.7071 -0.0000
vn -0.0192 -0.9998 -0.0001
vn -0.9886 0.1504 -0.0058
vn -0.0189 0.9998 -0.0002
vn 0.0597 -0.9901 0.1267
vn 0.0516 -0.9982 0.0292
vn 0.0503 -0.9735 0.2232
vn 0.2652 -0.9636 0.0332
vn 0.2676 -0.9420 0.2025
vn 0.2590 -0.9407 0.2190
vn 0.4665 -0.8838 0.0369
vn 0.2665 -0.9386 0.2191
vn 0.0586 -0.9730 0.2232
vn 0.6724 0.3883 -0.6301
vn 0.3417 0.8238 0.4523
vn -0.3412 0.8240 0.4523
vn -0.0000 0.6791 -0.7341
vn -0.3417 0.8238 0.4523
vn 0.3412 0.8240 0.4523
vn 0.9236 0.3826 -0.0234
vn 0.9997 -0.0000 -0.0253
vn 0.6703 0.2777 -0.6882
vn 0.2778 0.6706 -0.6878
vn 0.2779 0.6702 -0.6882
vn -0.2775 0.6703 -0.6882
vn -0.2778 0.6706 -0.6878
vn 0.2775 0.6703 -0.6882
vn 0.9785 -0.1498 -0.1419
vn 0.7453 -0.0567 -0.6643
vn 0.1673 -0.0000 -0.9859
vn 0.4838 -0.0197 -0.8750
vn 0.9160 -0.1052 -0.3871
vn 0.6977 -0.0000 -0.7164
vn 0.7212 -0.6852 0.1017
vn 0.1226 -0.9908 -0.0572
vn 0.7799 -0.6238 -0.0513
vn 0.1627 -0.6813 -0.7136
vn 0.3724 -0.6753 -0.6366
vn 0.5500 -0.6727 -0.4949
vn 0.6672 -0.6706 -0.3242
vn 0.7179 -0.6750 -0.1702
vn 0.7192 -0.6839 -0.1227
vn 0.6720 -0.6762 -0.3018
vn 0.5544 -0.6716 -0.4916
vn 0.4057 -0.6663 -0.6256
vn 0.2276 -0.6619 -0.7142
vn 0.1127 -0.6803 -0.7243
vn 0.2302 -0.6500 -0.7243
vn 0.2302 -0.6500 -0.7242
vn 0.3406 -0.5996 -0.7242
vn 0.2302 -0.6501 -0.7242
vn 0.1127 -0.6803 -0.7242
vn -0.5882 0.0308 -0.8081
vn 0.0115 -0.9941 0.1076
vn 0.0480 -0.9983 -0.0317
vn 0.0514 -0.9960 -0.0736
vn 0.0406 -0.9992 0.0062
vn 0.2246 -0.8159 0.5328
vn 0.1455 -0.8785 -0.4550
vn 0.0440 -0.8524 0.5210
vn -0.0106 -0.9124 0.4091
vn -0.1124 -0.9557 0.2722
vn -0.2185 -0.9550 0.2006
vn -0.8735 -0.4844 0.0477
vn -0.7784 -0.6237 0.0718
vn -0.4080 -0.9015 0.1442
vn 0.4255 -0.8061 0.4113
vn 0.3065 -0.8654 -0.3965
vn 0.2565 -0.9317 -0.2572
vn 0.3224 -0.9105 -0.2589
vn -0.0002 -0.9987 -0.0506
vn 0.8665 -0.3946 0.3059
vn 0.9310 -0.1991 0.3059
vn 0.9521 0.0057 0.3059
vn 0.9309 -0.1998 0.3059
vn 0.8666 -0.3942 0.3059
vn 0.8911 -0.4058 0.2034
vn 0.9061 -0.4200 0.0501
vn 0.9759 -0.2086 0.0644
vn 0.9752 -0.2149 0.0536
vn 0.9569 -0.2110 0.1996
vn 0.9984 -0.0000 0.0572
vn 0.9580 -0.2057 0.1997
vn 0.8913 -0.4053 0.2034
vn -0.0308 0.5882 -0.8081
vn -0.0308 0.5881 -0.8082
vn 0.2489 0.5339 -0.8081
vn 0.6589 -0.2055 -0.7236
vn 0.6588 -0.2055 -0.7238
vn 0.6867 -0.0694 -0.7236
vn 0.6866 -0.0694 -0.7238
vn 0.6587 -0.2055 -0.7238
vn 0.6042 -0.3331 -0.7238
vn 0.8402 -0.0000 0.5423
vn 0.8871 -0.2767 -0.3694
vn 0.8258 -0.1821 0.5338
vn 0.9085 -0.2002 -0.3667
vn 0.7623 -0.4203 -0.4922
vn 0.7819 -0.3624 0.5072
vn 0.8106 -0.2528 -0.5282
vn 0.8341 -0.0843 -0.5452
vn 0.6247 -0.7319 0.2722
vn 0.5500 -0.7807 0.2967
vn 0.6441 -0.7145 0.2733
vn 0.7977 -0.5244 0.2979
vn 0.5501 -0.7808 0.2963
vn 0.9559 -0.1776 0.2340
vn 0.9763 -0.0872 0.1979
vn 0.9503 -0.2528 0.1819
vn 0.9679 -0.1974 0.1558
vn 0.9235 -0.3634 0.1233
vn 0.3325 -0.9236 0.1909
vn 0.2507 -0.9495 0.1887
vn 0.0737 -0.9730 0.2185
vn 0.1555 -0.9547 0.2536
vn 0.1792 -0.9710 0.1585
vn 0.9198 -0.3449 0.1874
vn 0.9752 -0.0663 0.2111
vn -0.2895 -0.9563 0.0410
vn 0.4486 -0.8936 0.0176
vn 0.2431 -0.9696 0.0281
vn 0.3918 -0.9197 0.0243
vn 0.6278 -0.7782 0.0182
vn 0.5469 -0.8369 0.0204
vn 0.4487 -0.8934 0.0243
vn 0.3997 -0.9162 0.0278
vn 0.9135 -0.4058 0.0284
vn 0.7081 -0.7059 0.0174
vn 0.7481 -0.6634 0.0176
vn 0.7850 -0.6192 0.0185
vn 0.8327 -0.5534 0.0203
vn 0.8786 -0.4770 0.0240
vn 0.8933 -0.4487 0.0253
vn 0.9756 -0.2175 0.0293
vn 0.9163 -0.3997 0.0254
vn 0.9548 -0.2959 0.0265
vn 0.9622 0.2697 0.0381
vn 0.9998 0.0124 0.0169
vn 0.9457 0.3242 0.0226
vn 0.8936 -0.4486 0.0172
vn 0.6713 -0.7409 0.0176
vn -0.0239 -0.9996 0.0166
vn -0.3546 -0.9348 0.0223
vn 0.0579 -0.9605 0.2721
vn 0.0022 -0.9445 0.3286
vn -0.0043 -0.9469 0.3216
vn 0.0555 -0.9206 0.3864
vn 0.2630 -0.9256 0.2721
vn 0.4558 -0.8475 0.2721
vn 0.8758 -0.3988 0.2721
vn 0.9410 -0.2012 0.2721
vn 0.7782 -0.5658 0.2725
vn 0.7942 -0.5369 0.2845
vn 0.9623 0.0058 0.2721
vn 0.8757 -0.3988 0.2721
vn 0.3499 -0.9277 0.1304
vn -0.3471 -0.8866 0.3059
vn -0.1484 -0.9404 0.3059
vn -0.5337 -0.8005 0.2729
vn -0.5221 -0.7999 0.2961
vn -0.5205 -0.8002 0.2978
vn -0.5224 -0.7998 0.2956
vn -0.5041 -0.8110 0.2969
vn -0.5094 -0.8041 0.3066
vn -0.5240 -0.7999 0.2927
vn -0.5358 -0.8005 0.2685
vn -0.1476 -0.9405 0.3059
vn -0.3473 -0.8865 0.3059
vn -0.9708 0.0587 0.2326
vn -0.9687 -0.0746 0.2367
vn -0.6862 0.7272 0.0165
vn -0.9513 0.1679 -0.2586
vn -0.6428 0.7617 0.0810
vn -0.7665 0.6399 0.0546
vn -0.9845 0.1736 0.0248
vn -0.3227 -0.6426 0.6949
vn -0.6426 -0.3228 0.6949
vn -0.6428 -0.3227 0.6948
vn -0.7083 0.1249 0.6948
vn -0.7083 0.1250 0.6948
vn -0.4935 0.5232 0.6948
vn -0.4935 0.5230 0.6949
vn -0.6426 -0.3227 0.6949
vn 0.5491 0.2669 0.7920
vn 0.5944 -0.1388 0.7921
vn 0.5946 -0.1391 0.7919
vn 0.5949 -0.1388 0.7917
vn 0.8474 -0.0000 0.5309
vn 0.9506 -0.2217 -0.2170
vn 0.8378 -0.1959 0.5097
vn 0.8742 0.4249 -0.2348
vn 0.7470 -0.0000 0.6648
vn -0.5445 -0.8136 0.2041
vn -0.3547 -0.9060 0.2309
vn -0.3731 -0.9275 0.0205
vn -0.1557 -0.9870 0.0408
vn -0.1645 -0.9861 0.0250
vn -0.1604 -0.9607 0.2264
vn -0.1510 -0.9622 0.2265
vn -0.3550 -0.9059 0.2310
vn -0.5408 -0.8079 0.2340
vn -0.5446 -0.8054 0.2340
vn 0.5338 -0.2489 -0.8082
vn 0.5882 0.0308 -0.8081
vn 0.5048 0.3034 -0.8082
vn 0.5881 0.0308 -0.8082
vn 0.5339 -0.2489 -0.8081
vn 0.1302 -0.1055 -0.9859
vn 0.4262 -0.3906 -0.8160
vn 0.3396 -0.3495 -0.8732
vn 0.5691 -0.4802 -0.6675
vn 0.6998 -0.5667 -0.4349
vn -0.3406 -0.5996 -0.7242
vn -0.3406 -0.5998 -0.7241
vn -0.2302 -0.6500 -0.7242
vn -0.1127 -0.6803 -0.7243
vn -0.1127 -0.6804 -0.7241
vn -0.1121 -0.6804 -0.7242
vn -0.3407 -0.5998 -0.7240
vn -0.7131 -0.6802 -0.1695
vn -0.6288 -0.6744 -0.3869
vn -0.4971 -0.6696 -0.5519
vn -0.3383 -0.6640 -0.6668
vn -0.1877 -0.6694 -0.7188
vn -0.1169 -0.6849 -0.7192
vn -0.2896 -0.6776 -0.6760
vn -0.4818 -0.6736 -0.5605
vn -0.6249 -0.6718 -0.3978
vn -0.7125 -0.6688 -0.2121
vn -0.7214 -0.6854 0.0992
vn -0.9961 -0.0836 -0.0295
vn -0.6655 -0.7443 -0.0559
vn -0.9997 -0.0000 -0.0253
vn -0.1247 -0.1491 -0.9809
vn -0.6454 -0.0564 -0.7618
vn -0.3691 -0.1043 -0.9235
vn -0.9810 -0.0000 -0.1938
vn -0.8614 -0.0197 -0.5076
vn -0.6977 -0.0000 -0.7164
vn -0.9236 0.3826 -0.0234
vn -0.6724 0.3883 -0.6301
vn -0.6703 0.2777 -0.6882
vn -0.2779 0.6702 -0.6882
vn -0.3311 -0.8231 0.4614
vn -0.1614 -0.9674 0.1952
vn -0.4464 -0.7859 -0.4278
vn -0.5578 -0.8250 0.0911
vn -0.3237 -0.9142 -0.2437
vn -0.0617 -0.9968 -0.0516
vn -0.1603 -0.9677 0.1945
vn -0.1623 -0.9721 0.1694
vn -0.0716 -0.9966 -0.0400
vn -0.0672 -0.9966 -0.0475
vn -0.1595 -0.9679 0.1945
vn -0.4920 -0.8661 0.0883
vn -0.5344 -0.7985 0.2770
vn -0.5492 -0.8019 0.2351
vn -0.6055 -0.7332 0.3095
vn -0.9408 0.1446 0.3067
vn -0.9406 0.1473 0.3058
vn -0.9403 0.1447 0.3079
vn -0.9404 0.1413 0.3094
vn -0.9512 0.0706 0.3005
vn -0.9551 0.1347 0.2641
vn 0.2093 -0.9607 0.1822
vn -0.4225 0.9062 0.0175
vn -0.4228 0.9060 0.0174
vn -0.3972 -0.2150 0.8922
vn -0.5634 -0.0105 0.8261
vn -0.7462 0.1596 0.6464
vn -0.8608 0.1702 0.4797
vn -0.9299 0.1381 0.3408
vn -0.8522 0.0648 0.5192
vn -0.6998 -0.0742 0.7105
vn -0.5480 -0.2600 0.7951
vn -0.3013 -0.4316 0.8502
vn -0.4292 -0.4042 0.8077
vn 0.7490 -0.6612 0.0428
vn 0.6182 -0.7857 0.0219
vn 0.7272 -0.6862 0.0165
vn -0.7499 0.5759 0.3255
vn -0.6126 0.6161 0.4951
vn -0.2067 0.3676 0.9067
vn -0.0509 0.1092 0.9927
vn -0.4079 0.5523 0.7270
vn -0.2961 0.6351 0.7134
vn 0.5231 -0.4934 0.6949
vn 0.1249 -0.7083 0.6948
vn -0.3228 -0.6426 0.6949
vn -0.3227 -0.6428 0.6948
vn 0.1250 -0.7083 0.6948
vn 0.5231 -0.4936 0.6948
vn 0.9061 -0.4226 0.0174
vn 0.9062 -0.4225 0.0175
vn 0.2672 -0.1379 0.9537
vn 0.6351 -0.2961 0.7134
vn 0.6379 -0.6723 0.3757
vn 0.6104 -0.4938 0.6193
vn 0.4886 -0.3168 0.8129
vn 0.0552 -0.0258 0.9981
vn 0.2058 -0.9460 0.2506
vn 0.2169 -0.9448 0.2458
vn 0.2050 -0.9480 0.2433
vn 0.1949 -0.9489 0.2483
vn 0.1457 -0.9112 0.3853
vn 0.0382 -0.8020 0.5960
vn -0.1204 -0.6680 0.7343
vn -0.3075 -0.5239 0.7943
vn -0.4233 -0.4222 0.8016
vn -0.4775 -0.3155 0.8200
vn -0.3037 -0.3822 0.8728
vn -0.0950 -0.5303 0.8425
vn 0.0861 -0.6843 0.7241
vn 0.2190 -0.8315 0.5105
vn -0.4140 -0.4503 0.7911
vn -0.3893 -0.4398 0.8093
vn -0.4622 -0.6240 0.6301
vn -0.4346 -0.4098 0.8020
vn -0.4408 -0.2951 0.8477
vn -0.5297 -0.4776 0.7009
vn -0.5002 -0.4720 0.7259
vn -0.4476 -0.4103 0.7946
vn -0.5295 -0.4778 0.7009
vn -0.6099 -0.0231 0.7921
vn -0.6100 -0.0231 0.7921
vn -0.4884 0.3667 0.7919
vn -0.1482 0.5923 0.7920
vn -0.1487 0.5917 0.7923
vn 0.2582 0.5532 0.7921
vn 0.3744 -0.4827 0.7917
vn 0.3743 -0.4825 0.7919
vn -0.0134 -0.6104 0.7920
vn -0.0134 -0.6105 0.7919
vn 0.3742 -0.4825 0.7919
vn 0.2582 0.5532 0.7920
vn -0.1481 0.5922 0.7921
vn -0.4882 0.3664 0.7921
vn -0.3939 -0.5217 0.7567
vn -0.3315 -0.4975 0.8016
vn -0.4986 -0.4517 0.7398
vn -0.5495 -0.4654 0.6939
vn -0.4967 -0.3291 0.8031
vn -0.5859 -0.2961 0.7544
vn -0.5442 -0.4900 0.6809
vn -0.3929 -0.6152 0.6835
vn 0.6009 -0.7747 -0.1968
vn 0.5671 0.4758 0.6723
vn 0.4094 0.8774 -0.2501
vn 0.4095 0.8774 -0.2502
vn -0.3981 0.6896 0.6049
vn -0.2342 0.9363 -0.2618
vn -0.1983 0.7889 0.5817
vn -0.6826 0.2484 0.6873
vn -0.9597 -0.0364 -0.2786
vn -0.7696 0.5778 -0.2718
vn -0.6805 -0.2477 0.6896
vn -0.7661 -0.3703 0.5253
vn -0.4110 -0.7120 0.5693
vn -0.4237 -0.6764 0.6024
vn -0.4238 -0.6764 0.6024
vn 0.1326 -0.7523 0.6453
vn -0.0216 -0.9847 -0.1730
vn -0.3870 -0.6704 0.6331
vn -0.7696 -0.6150 0.1720
vn -0.3651 0.6324 0.6832
vn 0.1275 0.7234 0.6786
vn 0.5782 -0.4851 0.6560
vn -0.5740 0.2088 0.7918
vn -0.3056 0.5293 0.7915
vn -0.3055 0.5293 0.7915
vn 0.1062 0.6022 0.7913
vn 0.1061 -0.6017 0.7916
vn -0.5744 -0.2090 0.7914
vn -0.5739 -0.2089 0.7918
vn -0.3056 -0.5293 0.7915
vn 0.1061 -0.6022 0.7913
vn -0.5744 0.2091 0.7914
vn 0.8089 0.5879 -0.0000
vn -0.9511 -0.3089 -0.0000
vn -0.9968 -0.0000 -0.0805
vn 0.8090 -0.5878 -0.0000
vn -0.9511 0.3090 -0.0000
vn -0.3905 -0.8853 0.2524
vn -0.5324 -0.8060 0.2585
vn -0.5687 -0.7835 0.2503
vn -0.6948 -0.6552 0.2965
vn -0.6408 -0.7058 0.3020
vn -0.6427 -0.7003 0.3108
vn -0.6144 -0.7257 0.3095
vn -0.2928 -0.9197 0.2617
vn -0.6152 -0.7353 0.2845
vn -0.5923 -0.7544 0.2831
vn -0.6489 -0.7034 0.2902
vn -0.6835 -0.6638 0.3037
vn -0.6688 -0.6822 0.2956
vn -0.6864 -0.6633 0.2980
vn -0.6940 -0.6580 0.2922
vn -0.6955 -0.6560 0.2931
vn -0.7149 -0.6377 0.2869
vn -0.6948 -0.6457 0.3168
vn -0.6938 -0.6577 0.2933
vn -0.6946 -0.6714 0.2585
vn -0.5685 -0.7837 0.2504
vn -0.6663 -0.7342 0.1304
vn -0.7212 -0.6808 0.1278
vn -0.7227 -0.6807 0.1201
vn -0.7221 -0.6817 0.1179
vn -0.6668 -0.7342 0.1276
vn -0.5554 -0.8214 0.1298
vn -0.7137 -0.6904 0.1177
vn -0.7147 -0.6903 0.1128
vn -0.5845 -0.8045 0.1053
vn -0.5836 -0.8047 0.1088
vn -0.5835 -0.8053 0.1049
vn -0.4012 -0.9108 0.0977
vn -0.4019 -0.9106 0.0959
vn -0.2239 -0.9703 0.0912
vn -0.0750 -0.9930 0.0908
vn -0.0752 -0.9940 0.0796
vn -0.0745 -0.9933 0.0889
vn -0.0753 -0.9931 0.0902
vn -0.2233 -0.9700 0.0957
vn -0.4018 -0.9098 0.1040
vn -0.5842 -0.8041 0.1099
vn -0.7143 -0.6911 0.1102
vn -0.7143 -0.6958 -0.0750
vn -0.7071 -0.7009 -0.0942
vn -0.7188 -0.6937 -0.0471
vn -0.6370 -0.7690 -0.0533
vn -0.5853 -0.8045 -0.1007
vn -0.6167 -0.7839 -0.0711
vn -0.3892 -0.8781 -0.2784
vn -0.3642 -0.9122 -0.1878
vn -0.5814 -0.7991 -0.1530
vn -0.4976 -0.8659 0.0513
vn -0.5845 -0.7980 -0.1467
vn -0.0609 -0.9823 -0.1773
vn -0.2249 -0.9739 0.0319
vn -0.3998 -0.9038 -0.1530
vn -0.3634 -0.9125 -0.1878
vn -0.2161 -0.9725 0.0863
vn -0.0748 -0.9813 -0.1774
vn -0.0621 -0.9969 -0.0486
vn -0.0751 -0.9801 -0.1836
vn -0.6226 -0.7761 -0.1007
vn -0.7234 -0.6884 -0.0524
vn -0.1498 -0.6736 -0.7238
vn -0.2554 -0.6398 -0.7248
vn -0.2555 -0.6396 -0.7250
vn -0.3436 -0.5979 -0.7242
vn -0.0296 -0.6891 -0.7241
vn -0.0612 -0.9865 -0.1517
vn -0.0616 -0.9884 -0.1386
vn -0.3437 -0.5980 -0.7241
vn -0.2548 -0.6396 -0.7253
vn -0.1496 -0.6734 -0.7240
vn -0.9134 -0.0635 -0.4021
vn -0.7891 -0.1959 -0.5822
vn -0.6205 -0.3670 -0.6930
vn -0.6103 -0.3326 -0.7189
vn -0.4608 -0.5149 -0.7229
vn -0.3526 0.1988 0.9144
vn -0.9600 -0.1611 -0.2290
vn -0.3744 -0.5408 -0.7532
vn -0.5403 -0.3777 -0.7519
vn -0.7329 -0.1919 -0.6527
vn -0.8849 -0.0489 -0.4631
vn -0.3647 0.4476 -0.8165
vn -0.6193 0.5949 -0.5125
vn -0.4455 0.4705 -0.7617
vn -0.2424 0.2795 -0.9290
vn -0.0672 0.0830 -0.9943
vn -0.0027 -0.0011 -1.0000
vn 0.0252 0.0791 -0.9965
vn -0.3041 -0.6311 -0.7136
vn -0.1403 -0.7574 -0.6376
vn -0.0029 -0.8680 -0.4965
vn 0.2091 -0.9611 -0.1803
vn -0.5066 -0.8568 -0.0962
vn 0.0704 -0.9363 -0.3441
vn -0.0029 -0.8670 -0.4984
vn -0.1271 -0.7608 -0.6364
vn -0.2794 -0.6364 -0.7190
vn -0.4851 -0.7174 0.5000
vn -0.5917 -0.7994 0.1044
vn -0.6058 -0.7956 0.0002
vn -0.6148 -0.7876 -0.0417
vn -0.6702 -0.7220 -0.1717
vn -0.6568 -0.7229 -0.2146
vn -0.7273 -0.6843 -0.0524
vn -0.6111 -0.7910 -0.0297
vn 0.5275 -0.6651 -0.5285
vn -0.9917 -0.0728 -0.1057
vn -0.9953 -0.0610 0.0757
vn -1.0000 -0.0000 -0.0000
vn 0.3034 0.5048 -0.8082
vn 0.1736 -0.9845 0.0238
vn 0.1737 -0.9845 0.0238
vn -0.0699 -0.9746 0.2127
vn -0.0436 -0.9810 0.1889
vn -0.0731 -0.9748 0.2106
vn -0.2437 -0.9476 0.2067
vn -0.0736 -0.9743 0.2129
vn -0.2196 -0.9523 0.2119
vn -0.0390 -0.6244 -0.7801
vn 0.0308 0.5881 -0.8082
vn -0.2489 0.5339 -0.8081
vn -0.2489 0.5338 -0.8082
vn 0.0308 0.5882 -0.8081
vn 0.5274 -0.6653 -0.5285
vn 0.5279 -0.6653 -0.5279
vn 0.7072 -0.6919 0.1453
vn 0.7071 -0.0000 -0.7071
vn -0.3508 -0.8961 0.2721
vn -0.1500 -0.9505 0.2721
vn -0.5315 -0.8021 0.2722
vn -0.5327 -0.8011 0.2730
vn -0.5068 -0.8119 0.2898
vn -0.5041 -0.8110 0.2970
vn -0.8950 -0.4079 0.1805
vn -0.9448 -0.2504 0.2112
vn -0.9380 -0.2827 0.2006
vn -0.9581 -0.1097 0.2647
vn -0.9765 -0.1320 0.1703
vn -0.9438 -0.2992 0.1407
vn -0.9896 0.1416 0.0250
vn -0.9374 0.3442 0.0524
vn -0.9386 -0.3439 0.0260
vn -0.8935 -0.4485 0.0240
vn -0.8879 -0.4593 0.0247
vn -0.7945 -0.6069 0.0184
vn -0.8934 -0.4487 0.0247
vn -0.8884 -0.4584 0.0240
vn -0.4315 -0.9017 0.0259
vn -0.5130 -0.8581 0.0219
vn -0.7216 -0.6921 0.0174
vn -0.9913 -0.1312 0.0145
vn -0.8988 0.4377 0.0245
vn 0.0552 -0.9858 0.1584
vn -0.0179 -0.9911 0.1317
vn -0.0069 -0.9831 0.1830
vn 0.0668 -0.9731 0.2206
vn -0.4487 -0.8934 0.0247
vn 0.4555 -0.8901 0.0143
vn -0.2452 -0.9340 0.2597
vn 0.9263 -0.3704 0.0695
vn -0.1466 -0.9742 0.1714
vn -0.1187 -0.9791 0.1652
vn -0.1291 -0.9795 0.1547
vn -0.2261 -0.9737 0.0275
vn -0.4304 -0.9023 0.0247
vn -0.3264 -0.9449 0.0253
vn 0.3404 -0.9391 0.0461
vn -0.0592 -0.9981 0.0175
vn 0.1441 -0.9893 0.0238
vn -0.4486 -0.8936 0.0162
vn -0.2453 -0.9531 0.1775
vn -0.0150 -0.9885 0.1504
vn -0.0479 -0.9843 0.1698
vn -0.0455 -0.9834 0.1754
vn -0.4171 -0.8810 0.2233
vn -0.4984 -0.8289 0.2541
vn -0.5520 -0.7969 0.2453
vn -0.0150 -0.9885 0.1505
vn -0.5520 -0.7970 0.2452
vn -0.1711 -0.9619 0.2134
vn 0.7071 -0.6976 0.1155
vn -1.0000 -0.0001 -0.0000
vn 0.9286 0.2102 0.3059
vn 0.9286 0.2103 0.3059
vn 0.8617 0.4050 0.3059
vn 0.8616 0.4050 0.3059
vn 0.9288 0.2091 0.3059
vn 0.9521 0.0054 0.3059
vn 0.9921 0.0060 0.1251
vn 0.9807 -0.0000 0.1954
vn 0.9747 0.2149 0.0612
vn 0.9596 0.2173 0.1786
vn 0.9584 0.2112 0.1923
vn 0.8889 0.4178 0.1882
vn 0.9053 0.4196 0.0658
vn 0.9574 0.2155 0.1923
vn 0.9807 0.0056 0.1955
vn 0.6866 0.0694 -0.7238
vn 0.6588 0.2055 -0.7238
vn 0.6587 0.2055 -0.7238
vn 0.6042 0.3331 -0.7238
vn 0.6589 0.2055 -0.7236
vn 0.6867 0.0694 -0.7236
vn -0.0308 -0.5881 -0.8082
vn 0.2489 -0.5339 -0.8081
vn -0.0308 -0.5882 -0.8081
vn -0.3034 -0.5048 -0.8082
vn 0.7819 0.3624 0.5072
vn 0.8106 0.2528 -0.5282
vn 0.9085 0.2002 -0.3667
vn 0.7623 0.4203 -0.4922
vn 0.8258 0.1821 0.5338
vn 0.8341 0.0843 -0.5451
vn 0.8872 0.2767 -0.3693
vn 0.7838 0.5398 0.3071
vn 0.7808 0.5473 0.3015
vn 0.7809 0.5467 0.3020
vn 0.7926 0.5307 0.3004
vn 0.7797 0.5532 0.2932
vn 0.7781 0.5771 0.2480
vn 0.7786 0.5639 0.2752
vn 0.7775 0.5985 0.1929
vn 0.7072 0.6400 0.3004
vn 0.7545 0.5797 0.3078
vn 0.7343 0.6259 0.2628
vn 0.7775 0.6032 0.1777
vn 0.6341 0.7557 0.1642
vn 0.6165 0.7588 0.2103
vn 0.5918 0.7623 0.2620
vn 0.5778 0.7649 0.2848
vn 0.6269 0.7471 0.2207
vn 0.5618 0.7688 0.3056
vn 0.5553 0.7728 0.3074
vn 0.5609 0.7693 0.3060
vn 0.5625 0.7684 0.3051
vn 0.5424 0.7851 0.2992
vn 0.5636 0.7680 0.3040
vn 0.5696 0.7660 0.2979
vn 0.6529 0.6915 0.3091
vn 0.8615 0.4053 0.3059
vn 0.9408 -0.1446 0.3067
vn 0.9406 -0.1473 0.3058
vn 0.9403 -0.1447 0.3079
vn 0.9404 -0.1413 0.3094
vn 0.3108 0.3785 0.8719
vn 0.4312 0.1849 0.8831
vn 0.5844 -0.0138 0.8113
vn 0.7571 -0.1561 0.6344
vn 0.8589 -0.1706 0.4829
vn 0.9293 -0.1367 0.3430
vn 0.8594 -0.0752 0.5058
vn 0.7184 0.0554 0.6934
vn 0.5766 0.2155 0.7881
vn 0.4535 0.3816 0.8054
vn -0.1299 0.9641 0.2317
vn 0.9755 -0.0222 0.2188
vn 0.9544 -0.0369 0.2963
vn 0.9577 -0.1334 0.2549
vn 0.0497 0.9569 0.2863
vn 0.4225 -0.9062 0.0175
vn 0.4228 -0.9060 0.0174
vn -0.1447 0.9403 0.3079
vn -0.1413 0.9404 0.3094
vn -0.1446 0.9408 0.3067
vn -0.1473 0.9406 0.3058
vn 0.6862 -0.7272 0.0165
vn 0.9699 -0.1712 -0.1732
vn 0.6492 -0.7572 0.0720
vn 0.7933 -0.6073 0.0434
vn 0.9846 -0.1736 0.0224
vn -0.1736 0.9846 0.0226
vn -0.7456 0.6646 0.0496
vn -0.7272 0.6862 0.0165
vn -0.5424 0.8393 0.0364
vn -0.1736 0.9835 -0.0514
vn 0.7478 -0.5770 0.3286
vn 0.6256 -0.6132 0.4823
vn 0.0779 -0.1671 0.9829
vn 0.2490 -0.4125 0.8763
vn 0.4316 -0.5665 0.7020
vn 0.2961 -0.6351 0.7134
vn 0.4441 0.4019 0.8008
vn 0.6077 0.3886 0.6926
vn 0.5025 0.4533 0.7362
vn 0.3183 0.4074 0.8560
vn 0.3903 0.4392 0.8092
vn 0.5369 0.5685 0.6233
vn 0.4392 0.3903 0.8092
vn -0.5231 0.4934 0.6949
vn -0.1249 0.7083 0.6948
vn 0.3227 0.6426 0.6949
vn 0.3228 0.6426 0.6949
vn 0.6426 0.3228 0.6949
vn 0.6428 0.3227 0.6948
vn 0.7083 -0.1249 0.6948
vn 0.7083 -0.1250 0.6948
vn 0.4935 -0.5232 0.6948
vn 0.4935 -0.5230 0.6949
vn 0.6426 0.3227 0.6949
vn 0.3227 0.6428 0.6948
vn -0.1250 0.7083 0.6948
vn -0.5231 0.4936 0.6948
vn -0.4748 0.3084 0.8243
vn -0.5887 0.4858 0.6461
vn -0.2467 0.1240 0.9611
vn -0.6351 0.2961 0.7134
vn -0.6084 0.6698 0.4257
vn -0.0384 0.0179 0.9991
vn -0.0943 0.8879 0.4502
vn 0.0094 0.7586 0.6514
vn 0.1608 0.6222 0.7662
vn 0.3376 0.4871 0.8054
vn 0.4314 0.3992 0.8090
vn 0.4912 0.2927 0.8204
vn 0.3188 0.3393 0.8850
vn 0.1158 0.4783 0.8705
vn -0.0520 0.6325 0.7728
vn -0.1811 0.7953 0.5786
vn -0.9061 0.4228 0.0174
vn -0.9062 0.4225 0.0175
vn -0.0001 -0.0000 1.0000
vn 0.6102 0.0129 0.7922
vn 0.6104 0.0128 0.7920
vn 0.4829 -0.3734 0.7921
vn 0.1412 -0.5938 0.7922
vn 0.1407 -0.5942 0.7919
vn -0.2633 -0.5507 0.7921
vn -0.2631 -0.5506 0.7923
vn -0.5505 -0.2630 0.7923
vn -0.5939 0.1412 0.7921
vn -0.5936 0.1408 0.7923
vn -0.3735 0.4831 0.7919
vn 0.0128 0.6103 0.7920
vn 0.0128 0.6102 0.7922
vn -0.3732 0.4830 0.7921
vn -0.5939 0.1412 0.7920
vn -0.5507 -0.2632 0.7921
vn -0.2631 -0.5504 0.7923
vn 0.1411 -0.5936 0.7923
vn 0.4831 -0.3735 0.7919
vn 0.6103 0.0128 0.7920
vn 0.3966 0.5233 0.7542
vn 0.3319 0.4974 0.8015
vn 0.5496 0.4924 0.6748
vn 0.5003 0.3258 0.8023
vn 0.5964 0.2974 0.7456
vn 0.5169 0.4426 0.7328
vn 0.3949 0.6194 0.6785
vn -0.6001 0.7761 -0.1940
vn -0.9848 0.1737 -0.0040
vn -0.9497 0.2258 -0.2171
vn -0.9730 0.2308 -0.0084
vn -0.5650 -0.4741 0.6753
vn -0.8765 -0.4190 -0.2370
vn -0.4172 -0.8729 -0.2532
vn -0.4172 -0.8728 -0.2532
vn 0.3907 -0.6768 0.6239
vn 0.2230 -0.9381 -0.2650
vn 0.1842 -0.7780 0.6007
vn 0.6806 -0.2477 0.6895
vn 0.9600 0.0201 -0.2791
vn 0.7609 -0.5882 -0.2738
vn 0.9600 0.0203 -0.2791
vn 0.6792 0.2472 0.6911
vn 0.7661 0.3642 0.5295
vn 0.4110 0.7119 0.5694
vn 0.4236 0.6775 0.6012
vn 0.4232 0.6778 0.6012
vn -0.1326 0.7521 0.6455
vn 0.0207 0.9857 -0.1672
vn -0.5998 0.7763 -0.1940
vn 0.3878 0.6718 0.6311
vn 0.7682 0.6163 0.1733
vn 0.3635 -0.6297 0.6866
vn -0.1270 -0.7204 0.6819
vn -0.8951 -0.1579 0.4170
vn -0.5770 0.4841 0.6578
vn 0.5744 0.2091 0.7914
vn 0.3055 0.5291 0.7917
vn 0.3055 0.5292 0.7916
vn -0.1061 0.6016 0.7917
vn -0.4679 0.3926 0.7918
vn -0.5839 0.1030 0.8052
vn -0.3103 -0.0000 0.9506
vn -0.4680 -0.3926 0.7917
vn -0.1061 -0.6022 0.7913
vn 0.3056 -0.5293 0.7915
vn 0.3055 -0.5292 0.7916
vn 0.5739 -0.2089 0.7918
vn 0.5744 -0.2090 0.7914
vn 0.3055 -0.5291 0.7916
vn -0.1061 -0.6016 0.7917
vn -0.4679 -0.3926 0.7918
vn -0.5840 -0.1030 0.8052
vn -0.1061 0.6021 0.7913
vn 0.3055 0.5292 0.7915
vn 0.5739 0.2088 0.7919
vn 0.8091 0.5877 -0.0000
vn -0.9510 -0.3093 -0.0000
vn 0.7883 0.6067 0.1025
vn 0.7934 0.6045 0.0707
vn 0.7819 0.5957 0.1838
vn 0.6445 0.7610 0.0740
vn 0.6358 0.7578 0.1466
vn 0.6358 0.7507 0.1796
vn 0.4654 0.8816 0.0785
vn 0.6324 0.7536 0.1796
vn 0.7795 0.5988 0.1838
vn 0.8887 0.4180 0.1882
vn 0.6044 0.3333 -0.7236
vn 0.9216 -0.0592 -0.3835
vn 0.8290 0.0468 -0.5573
vn 0.7149 0.1824 -0.6751
vn 0.6169 0.3165 -0.7206
vn 0.6072 0.3386 -0.7188
vn 0.5265 -0.2634 0.8083
vn 0.9733 -0.0341 -0.2271
vn 0.6027 0.3360 -0.7238
vn 0.7103 0.2012 -0.6746
vn 0.8275 0.0524 -0.5590
vn 0.9198 -0.0600 -0.3877
vn 0.2944 -0.2369 -0.9258
vn 0.4326 -0.4882 -0.7580
vn 0.3825 -0.4329 -0.8162
vn 0.5459 -0.6732 -0.4989
vn 0.0650 -0.0803 -0.9946
vn -0.5338 0.2489 -0.8082
vn -0.5048 -0.3034 -0.8082
vn 0.2489 -0.5338 -0.8082
vn -0.5881 -0.0308 -0.8082
vn -0.5339 0.2489 -0.8081
vn 0.0028 0.0018 -1.0000
vn -0.0745 -0.1957 -0.9778
vn 0.0024 -0.0008 -1.0000
vn -0.1302 0.1054 -0.9859
vn -0.4262 0.3906 -0.8160
vn -0.3395 0.3495 -0.8733
vn -0.5692 0.4802 -0.6674
vn -0.6998 0.5666 -0.4351
vn 0.3041 0.6311 -0.7136
vn 0.1403 0.7574 -0.6376
vn 0.0029 0.8681 -0.4964
vn -0.2091 0.9611 -0.1803
vn 0.5064 0.8569 -0.0962
vn -0.0703 0.9363 -0.3442
vn 0.0029 0.8670 -0.4984
vn 0.1272 0.7608 -0.6364
vn 0.2794 0.6363 -0.7190
vn 0.3407 0.5998 -0.7240
vn 0.4881 0.8593 -0.1532
vn 0.6383 0.7536 0.1572
vn 0.5759 0.8168 -0.0339
vn 0.6501 0.7512 0.1142
vn 0.6041 0.7924 0.0842
vn 0.7076 0.7066 0.0116
vn 0.6778 0.7336 0.0500
vn 0.6850 0.6715 -0.2826
vn 0.6440 0.7604 0.0845
vn 0.7704 0.6372 -0.0205
vn 0.5299 0.6539 0.5401
vn 0.6985 0.5501 0.4577
vn 0.7509 0.5722 0.3297
vn 0.7742 0.6328 0.0132
vn 0.7064 0.5383 0.4596
vn 0.7005 0.5475 0.4577
vn 0.7677 0.6399 -0.0341
vn 0.0654 0.9390 0.3376
vn 0.0583 0.9322 0.3573
vn 0.0799 0.9491 0.3048
vn 0.0831 0.9481 0.3069
vn 0.0853 0.9486 0.3048
vn 0.0798 0.9471 0.3108
vn 0.0676 0.9532 0.2948
vn 0.0554 0.9580 0.2814
vn 0.0422 0.9632 0.2654
vn 0.0463 0.9614 0.2712
vn 0.0311 0.9674 0.2512
vn -0.0010 0.9556 0.2946
vn 0.0011 0.9559 0.2937
vn 0.0739 0.9452 0.3181
vn -0.0056 0.9549 0.2969
vn -0.0167 0.9528 0.3032
vn -0.0298 0.9512 0.3072
vn -0.0270 0.9508 0.3086
vn -0.0301 0.9510 0.3076
vn -0.0216 0.9494 0.3134
vn -0.0159 0.9473 0.3198
vn -0.0236 0.9518 0.3059
vn -0.0119 0.9535 0.3012
vn 0.0463 0.9607 0.2736
vn 0.0456 0.9179 0.3941
vn 0.4409 0.8438 0.3059
vn 0.2492 0.9189 0.3059
vn 0.2497 0.9187 0.3059
vn 0.4400 0.8443 0.3059
vn 0.0566 0.9984 -0.0001
vn 0.1933 0.9811 0.0014
vn 0.5824 0.8128 0.0141
vn 0.3411 0.9400 0.0045
vn 0.7071 0.7071 -0.0000
vn 0.8815 0.4700 0.0442
vn -0.9875 0.1322 0.0861
vn -0.4032 0.9151 0.0064
vn -0.0192 0.9998 -0.0001
vn -0.1343 0.9909 0.0006
vn -0.2431 0.9700 0.0023
vn -0.7187 0.6950 0.0226
vn -0.8908 0.4514 0.0518
vn -0.7071 -0.7071 0.0086
vn -0.9886 -0.1503 -0.0058
vn -0.7719 -0.6352 0.0264
vn -0.5160 -0.8536 0.0714
vn -0.3254 -0.9398 0.1040
vn -0.1802 -0.9752 0.1284
vn 0.6694 -0.7417 0.0427
vn 0.2866 -0.9517 0.1106
vn 0.4262 -0.9004 0.0873
vn 0.1261 -0.9825 0.1371
vn -0.0190 -0.9998 -0.0002
vn 0.7071 -0.7071 0.0039
vn 0.9443 -0.3291 -0.0000
vn -0.0206 -0.9998 -0.0002
vn -0.7071 0.7071 -0.0037
vn 0.4559 0.8725 0.1757
vn 0.2607 0.9613 0.0897
vn 0.2645 0.9608 0.0833
vn 0.2615 0.9499 0.1714
vn 0.0477 0.9909 0.1258
vn 0.0514 0.9949 0.0869
vn 0.0508 0.9845 0.1677
vn 0.2584 0.9507 0.1715
vn 0.4549 0.8730 0.1757
vn -0.5882 -0.0308 -0.8081
vn 0.2302 0.6501 -0.7242
vn 0.2302 0.6500 -0.7243
vn 0.1127 0.6803 -0.7242
vn 0.1127 0.6803 -0.7243
vn 0.2302 0.6500 -0.7242
vn 0.3406 0.5996 -0.7242
vn 0.0515 0.9969 -0.0603
vn 0.0115 0.9941 0.1076
vn -0.0002 0.9987 -0.0506
vn 0.0497 0.9980 -0.0383
vn 0.0437 0.9990 -0.0114
vn -0.8733 0.4848 0.0478
vn -0.6445 0.7585 0.0964
vn 0.0440 0.8524 0.5210
vn 0.3224 0.9105 -0.2589
vn 0.2246 0.8159 0.5328
vn 0.1455 0.8785 -0.4550
vn 0.0150 0.8864 0.4626
vn -0.0732 0.9458 0.3163
vn -0.1713 0.9590 0.2257
vn -0.3101 0.9357 0.1681
vn 0.2565 0.9317 -0.2572
vn 0.4255 0.8061 0.4113
vn 0.3065 0.8654 -0.3965
vn 0.7131 0.6802 -0.1695
vn 0.6288 0.6744 -0.3870
vn 0.4970 0.6696 -0.5520
vn 0.3384 0.6640 -0.6667
vn 0.1877 0.6694 -0.7188
vn 0.1170 0.6849 -0.7192
vn 0.2896 0.6777 -0.6759
vn 0.4818 0.6736 -0.5605
vn 0.6249 0.6718 -0.3978
vn 0.7125 0.6689 -0.2119
vn 0.7214 0.6854 0.0992
vn 0.9961 0.0837 -0.0295
vn 0.6509 0.7539 -0.0887
vn -0.3417 -0.8238 0.4523
vn 0.3412 -0.8240 0.4523
vn -0.0000 -0.6791 -0.7341
vn 0.9236 -0.3826 -0.0234
vn 0.6724 -0.3883 -0.6301
vn 0.3417 -0.8238 0.4523
vn -0.3412 -0.8240 0.4523
vn 0.1247 0.1491 -0.9809
vn 0.6453 0.0564 -0.7618
vn 0.3691 0.1043 -0.9235
vn 0.9810 -0.0000 -0.1938
vn 0.8614 0.0197 -0.5076
vn 0.6977 -0.0000 -0.7163
vn -0.2778 -0.6706 -0.6878
vn 0.2775 -0.6703 -0.6882
vn 0.2778 -0.6706 -0.6878
vn 0.6703 -0.2777 -0.6882
vn 0.2779 -0.6702 -0.6882
vn -0.2775 -0.6703 -0.6882
vn 0.9385 0.2125 0.2721
vn 0.8709 0.4093 0.2721
vn 0.7877 0.5477 0.2821
vn 0.7722 0.5740 0.2725
vn 0.3633 0.9235 0.1233
vn 0.7944 0.5304 0.2960
vn 0.6186 0.7371 0.2721
vn 0.5753 0.7677 0.2821
vn 0.7945 0.5305 0.2956
vn 0.1776 0.9559 0.2339
vn 0.0872 0.9763 0.1979
vn 0.2528 0.9503 0.1819
vn 0.1973 0.9679 0.1558
vn 0.9277 0.3498 0.1304
vn 0.9236 0.3325 0.1909
vn 0.9495 0.2507 0.1887
vn 0.9730 0.0737 0.2185
vn 0.9547 0.1555 0.2536
vn 0.9710 0.1792 0.1585
vn 0.3449 0.9198 0.1874
vn 0.0664 0.9752 0.2110
vn 0.9563 -0.2895 0.0410
vn 0.8936 0.4486 0.0176
vn 0.9696 0.2431 0.0281
vn 0.9197 0.3918 0.0243
vn 0.7781 0.6278 0.0182
vn 0.8370 0.5469 0.0204
vn 0.8934 0.4487 0.0243
vn 0.9162 0.3997 0.0278
vn 0.4058 0.9135 0.0284
vn 0.7059 0.7081 0.0174
vn 0.6634 0.7480 0.0176
vn 0.6192 0.7850 0.0185
vn 0.5534 0.8327 0.0203
vn 0.4770 0.8786 0.0240
vn 0.4486 0.8934 0.0253
vn 0.2175 0.9756 0.0293
vn 0.3997 0.9163 0.0254
vn 0.2959 0.9549 0.0265
vn -0.2697 0.9622 0.0381
vn -0.0124 0.9998 0.0169
vn -0.3242 0.9457 0.0226
vn 0.4486 0.8936 0.0172
vn 0.7409 0.6714 0.0176
vn 0.9996 -0.0239 0.0166
vn 0.9348 -0.3546 0.0223
vn 0.0463 0.9612 0.2721
vn 0.0441 0.9160 0.3988
vn 0.0032 0.9389 0.3442
vn -0.0063 0.9434 0.3316
vn 0.4456 0.8529 0.2721
vn 0.2518 0.9287 0.2721
vn 0.2519 0.9287 0.2721
vn -0.6426 0.3227 0.6949
vn -0.3227 0.6426 0.6949
vn 0.3573 -0.4663 -0.8093
vn 0.5262 -0.2610 -0.8093
vn 0.3573 -0.4662 -0.8093
vn -0.5836 0.8052 0.1050
vn -0.4018 0.9098 0.1041
vn -0.4012 0.9108 0.0977
vn -0.2232 0.9700 0.0958
vn -0.0749 0.9932 0.0896
vn -0.0753 0.9931 0.0903
vn -0.0750 0.9930 0.0909
vn -0.0752 0.9935 0.0858
vn -0.2240 0.9703 0.0912
vn -0.4019 0.9106 0.0961
vn 0.1312 0.9650 0.2270
vn 0.2114 0.9569 0.1990
vn -0.5687 0.7835 0.2503
vn -0.5324 0.8061 0.2585
vn -0.6946 0.6714 0.2585
vn -0.2196 0.9523 0.2119
vn -0.3905 0.8853 0.2523
vn -0.2437 0.9476 0.2067
vn -0.5686 0.7836 0.2503
vn -0.9944 0.1036 0.0185
vn -0.9736 0.2243 0.0432
vn 0.0096 0.9840 0.1781
vn -0.0734 0.9743 0.2129
vn -0.1490 0.9566 0.2504
vn -0.0736 0.9743 0.2129
vn 0.6601 0.7508 0.0211
vn 0.7272 0.6862 0.0165
vn 0.7615 0.6455 0.0585
vn 0.1738 0.9846 0.0185
vn 0.1736 0.9846 0.0219
vn -0.3228 0.6426 0.6949
vn -0.3227 0.6428 0.6948
vn 0.1249 0.7083 0.6948
vn 0.1250 0.7083 0.6948
vn 0.5231 0.4936 0.6948
vn 0.5231 0.4934 0.6949
vn -0.0000 0.0001 1.0000
vn 0.2582 -0.5532 0.7921
vn 0.2582 -0.5532 0.7920
vn -0.1481 -0.5922 0.7921
vn -0.1482 -0.5923 0.7920
vn -0.4881 -0.3665 0.7921
vn -0.1487 -0.5917 0.7923
vn -0.3651 -0.6324 0.6832
vn -0.1983 -0.7889 0.5817
vn -0.2342 -0.9363 -0.2618
vn 0.1275 -0.7234 0.6786
vn 0.4095 -0.8774 -0.2501
vn 0.4094 -0.8774 -0.2501
vn 0.5671 -0.4758 0.6723
vn -0.3981 -0.6896 0.6049
vn -0.3954 0.8928 -0.2156
vn -0.4549 0.8801 0.1357
vn -0.3144 0.9487 -0.0326
vn -0.1691 0.9696 0.1766
vn -0.2242 0.9701 -0.0932
vn -0.0759 0.9958 -0.0506
vn -0.0736 0.9629 -0.2596
vn -0.1716 0.9839 -0.0491
vn -0.0728 0.9622 -0.2625
vn -0.0370 0.9980 -0.0508
vn -0.3952 0.8929 -0.2156
vn -0.3174 0.6140 -0.7227
vn -0.2166 0.6536 -0.7251
vn -0.1188 0.6793 -0.7241
vn -0.1184 0.6791 -0.7244
vn -0.0519 0.6862 -0.7255
vn -0.0016 0.7470 -0.6648
vn -0.0031 0.0830 -0.9965
vn -0.0255 0.6879 -0.7254
vn -0.0517 0.6861 -0.7256
vn -0.1186 0.6802 -0.7234
vn -0.2127 0.6515 -0.7282
vn -0.3174 0.6141 -0.7226
vn -0.5703 -0.7042 -0.4229
vn -0.3806 -0.4409 -0.8128
vn -0.5187 -0.5464 -0.6576
vn -0.3242 -0.3685 -0.8713
vn -0.1076 -0.1331 -0.9852
vn -0.3807 -0.4411 -0.8127
vn -0.1606 -0.5507 -0.8191
vn -0.1813 -0.5510 -0.8146
vn -0.1730 -0.5421 -0.8223
vn -0.2369 -0.5275 -0.8159
vn -0.0813 -0.5765 -0.8130
vn -0.1505 -0.5679 -0.8092
vn 0.1152 -0.5759 -0.8093
vn 0.1152 -0.5761 -0.8092
vn -0.1504 -0.5678 -0.8093
vn -0.0001 -0.0000 -1.0000
vn 0.0001 -0.0000 -1.0000
vn -1.0000 0.0001 -0.0000
vn -0.9505 0.3047 0.0607
vn -0.9953 0.0610 0.0757
vn -0.9804 0.1541 -0.1224
vn -0.9978 0.0656 0.0081
vn 0.5273 0.6653 -0.5285
vn 0.5279 0.6653 -0.5279
vn 0.5274 0.6652 -0.5285
vn 0.7072 0.6920 0.1453
vn -0.0289 0.9511 0.3074
vn -0.1597 0.9386 0.3059
vn -0.3577 0.8823 0.3059
vn -0.5175 0.7989 0.3066
vn -0.5270 0.7964 0.2967
vn -0.5266 0.7965 0.2972
vn -0.5091 0.8078 0.2970
vn -0.5340 0.7965 0.2837
vn -0.3572 0.8825 0.3059
vn -0.1600 0.9385 0.3059
vn -0.1640 0.9822 0.0917
vn -0.1657 0.9739 0.1552
vn -0.1623 0.9730 0.1638
vn -0.3709 0.9149 0.1591
vn -0.3715 0.9234 0.0962
vn -0.5578 0.8227 0.1093
vn -0.5573 0.8242 0.1012
vn -0.3704 0.9151 0.1591
vn -0.1658 0.9724 0.1639
vn 0.0475 0.9847 0.1678
vn -0.9569 0.0497 0.2863
vn -0.9846 -0.1736 0.0231
vn -0.6646 -0.7456 0.0496
vn -0.6862 -0.7272 0.0165
vn -0.8393 -0.5424 0.0364
vn -0.9835 -0.1736 -0.0514
vn -0.8936 0.4486 0.0137
vn -0.7083 -0.1249 0.6948
vn -0.6426 0.3228 0.6949
vn -0.6428 0.3227 0.6948
vn -0.7083 -0.1250 0.6948
vn -0.4936 -0.5231 0.6948
vn 0.5949 0.1388 0.7917
vn 0.5944 0.1388 0.7921
vn 0.5491 -0.2669 0.7920
vn 0.5946 0.1391 0.7919
vn 0.8742 -0.4249 -0.2348
vn 0.8378 0.1959 0.5097
vn 0.9506 0.2217 -0.2170
vn 0.5874 -0.0024 -0.8093
vn 0.5284 0.2568 -0.8092
vn 0.2369 0.2944 -0.9259
vn 0.4882 0.4326 -0.7580
vn 0.4329 0.3825 -0.8162
vn 0.6764 0.5477 -0.4924
vn 0.0803 0.0651 -0.9946
vn -0.1127 0.6804 -0.7241
vn -0.1121 0.6804 -0.7242
vn -0.2302 0.6501 -0.7242
vn -0.3406 0.5998 -0.7240
vn -0.3406 0.5996 -0.7242
vn -0.2302 0.6500 -0.7242
vn -0.1127 0.6803 -0.7243
vn -0.4919 0.8661 0.0884
vn -0.5578 0.8250 0.0911
vn -0.3237 0.9142 -0.2437
vn -0.3311 0.8231 0.4614
vn -0.1614 0.9674 0.1953
vn -0.1595 0.9678 0.1945
vn -0.1623 0.9721 0.1694
vn -0.0704 0.9966 -0.0428
vn -0.0647 0.9967 -0.0499
vn -0.0608 0.9968 -0.0518
vn -0.1603 0.9677 0.1945
vn -0.4464 0.7859 -0.4278
vn 0.0001 -0.0001 -1.0000
vn -0.7212 0.6853 0.1017
vn -0.1369 0.9891 -0.0538
vn -0.7799 0.6238 -0.0514
vn -0.6724 -0.3883 -0.6301
vn -0.9236 -0.3826 -0.0234
vn -0.6703 -0.2777 -0.6882
vn -0.2779 -0.6702 -0.6882
vn -0.9785 0.1499 -0.1415
vn -0.7451 0.0566 -0.6645
vn -0.1673 -0.0000 -0.9859
vn -0.4840 0.0197 -0.8749
vn -0.9160 0.1052 -0.3871
vn -0.1627 0.6813 -0.7136
vn -0.3724 0.6754 -0.6366
vn -0.5500 0.6727 -0.4949
vn -0.6672 0.6706 -0.3243
vn -0.7179 0.6751 -0.1697
vn -0.7192 0.6839 -0.1227
vn -0.6720 0.6762 -0.3018
vn -0.5541 0.6716 -0.4918
vn -0.4061 0.6663 -0.6255
vn -0.2275 0.6619 -0.7142
vn -0.5372 0.7923 0.2894
vn -0.6078 0.7313 0.3095
vn -0.6080 0.7311 0.3096
vn -0.5627 0.7990 0.2122
vn -0.5468 0.7973 0.2554
vn -0.9403 -0.1447 0.3079
vn -0.9404 -0.1413 0.3094
vn -0.9408 -0.1445 0.3067
vn -0.9406 -0.1473 0.3058
vn -0.5554 0.8214 0.1298
vn -0.6668 0.7342 0.1277
vn -0.7227 0.6807 0.1201
vn -0.7221 0.6817 0.1179
vn -0.7212 0.6808 0.1278
vn -0.6663 0.7342 0.1304
vn -0.7147 0.6903 0.1127
vn -0.7143 0.6911 0.1102
vn -0.5836 0.8047 0.1088
vn -0.5842 0.8042 0.1099
vn -0.5845 0.8045 0.1053
vn -0.7137 0.6905 0.1177
vn -0.9641 -0.1299 0.2317
vn -0.4228 -0.9060 0.0174
vn -0.4225 -0.9062 0.0175
vn -0.8879 -0.0943 0.4502
vn -0.7587 0.0094 0.6514
vn -0.6221 0.1608 0.7662
vn -0.5089 0.2915 0.8100
vn -0.3718 0.3036 0.8773
vn -0.4783 0.1158 0.8705
vn -0.6325 -0.0520 0.7728
vn -0.7952 -0.1811 0.5786
vn -0.4292 0.4042 0.8077
vn -0.3014 0.4316 0.8502
vn -0.6144 0.7258 0.3096
vn -0.6427 0.7003 0.3107
vn -0.6938 0.6577 0.2933
vn -0.6948 0.6552 0.2965
vn -0.6408 0.7058 0.3020
vn -0.6955 0.6560 0.2931
vn -0.7149 0.6377 0.2869
vn -0.6948 0.6457 0.3168
vn -0.6864 0.6634 0.2980
vn -0.6688 0.6821 0.2956
vn -0.5923 0.7544 0.2831
vn -0.4822 0.8306 0.2787
vn -0.6152 0.7353 0.2845
vn -0.6489 0.7034 0.2902
vn -0.6835 0.6638 0.3037
vn -0.6940 0.6581 0.2922
vn -0.6146 0.7256 0.3095
vn 0.2050 0.9480 0.2433
vn 0.1949 0.9489 0.2483
vn 0.2059 0.9460 0.2506
vn 0.2169 0.9447 0.2458
vn -0.3084 -0.4748 0.8243
vn -0.4858 -0.5887 0.6461
vn -0.1638 -0.2967 0.9408
vn -0.2961 -0.6351 0.7134
vn -0.6698 -0.6084 0.4257
vn -0.0510 -0.1093 0.9927
vn -0.4475 0.4102 0.7946
vn -0.4478 0.4221 0.7882
vn -0.6112 0.4685 0.6379
vn -0.4346 0.4098 0.8020
vn -0.2455 0.3736 0.8945
vn -0.4707 0.5392 0.6984
vn -0.4643 0.5052 0.7275
vn -0.3893 0.4398 0.8093
vn -0.4711 0.5388 0.6984
vn -0.4934 -0.5231 0.6949
vn 0.6379 0.6723 0.3757
vn 0.6104 0.4938 0.6193
vn 0.4886 0.3169 0.8129
vn 0.0552 0.0257 0.9981
vn 0.2672 0.1379 0.9537
vn 0.6351 0.2961 0.7134
vn 0.2190 0.8315 0.5105
vn 0.0861 0.6843 0.7241
vn -0.0949 0.5303 0.8425
vn -0.3036 0.3822 0.8728
vn -0.4775 0.3155 0.8200
vn -0.4233 0.4221 0.8017
vn -0.3075 0.5239 0.7943
vn -0.1204 0.6680 0.7343
vn 0.0382 0.8020 0.5961
vn 0.1457 0.9112 0.3853
vn 0.9062 0.4225 0.0175
vn 0.9061 0.4226 0.0174
vn -0.0134 0.6105 0.7919
vn 0.3743 0.4825 0.7919
vn 0.3742 0.4825 0.7919
vn -0.6100 0.0231 0.7921
vn -0.4884 -0.3666 0.7919
vn 0.3743 0.4827 0.7918
vn -0.0134 0.6104 0.7919
vn -0.4918 0.3392 0.8019
vn -0.4475 0.5104 0.7343
vn -0.4579 0.5583 0.6918
vn -0.4257 0.5168 0.7428
vn -0.3212 0.5023 0.8028
vn -0.2870 0.5905 0.7543
vn -0.4817 0.5518 0.6808
vn -0.5767 0.4448 0.6852
vn -0.9597 0.0364 -0.2786
vn -0.7696 -0.5778 -0.2718
vn 0.5782 0.4851 0.6560
vn 0.6009 0.7747 -0.1968
vn -0.0216 0.9847 -0.1729
vn -0.3870 0.6704 0.6330
vn -0.3126 0.6542 0.6887
vn -0.4790 0.5918 0.6483
vn -0.4806 0.5907 0.6482
vn -0.6805 0.2477 0.6896
vn -0.8212 0.5060 0.2637
vn -0.4640 0.8037 0.3725
vn 0.1326 0.7523 0.6453
vn -0.6826 -0.2484 0.6873
vn -0.5739 0.2088 0.7919
vn -0.3055 0.5291 0.7916
vn 0.1062 0.6021 0.7913
vn 0.4680 0.3927 0.7917
vn -0.5739 -0.2089 0.7919
vn 0.1061 0.6017 0.7916
vn -0.9511 -0.3090 -0.0000
vn 0.8089 -0.5879 -0.0000
vn -0.9511 0.3089 -0.0000
vn -0.6251 0.7782 -0.0607
vn -0.6998 0.7045 -0.1177
vn -0.7032 0.7028 -0.1078
vn -0.7451 0.6649 -0.0524
vn -0.6993 0.7109 -0.0745
vn -0.7194 0.6944 -0.0164
vn -0.5947 0.7941 -0.1255
vn -0.6388 0.7632 -0.0969
vn -0.5814 0.7991 -0.1530
vn -0.5855 0.8049 -0.0970
vn -0.4089 0.4936 -0.7676
vn -0.6933 0.2950 -0.6575
vn -0.6261 0.3197 -0.7112
vn -0.8071 0.1207 -0.5780
vn -0.9968 -0.0804 0.0031
vn -0.6947 0.7157 -0.0719
vn -0.8239 0.5518 -0.1293
vn -0.8773 -0.1936 -0.4392
vn -0.8507 0.1313 -0.5090
vn -0.6846 0.2593 -0.6812
vn -0.4999 0.4830 -0.7189
vn 0.0592 0.9216 -0.3836
vn -0.0468 0.8290 -0.5573
vn -0.1824 0.7148 -0.6751
vn -0.3153 0.6154 -0.7224
vn 0.2689 0.2545 0.9289
vn 0.0341 0.9733 -0.2270
vn -0.3388 0.6070 -0.7188
vn -0.2012 0.7103 -0.6746
vn -0.0524 0.8275 -0.5590
vn 0.0590 0.9221 -0.3825
vn -0.6642 0.7311 -0.1559
vn -0.6675 0.7191 -0.1934
vn -0.7273 0.6843 -0.0524
vn -0.6134 0.7888 -0.0381
vn -0.4851 0.7174 0.5001
vn -0.5819 0.7958 0.1677
vn -0.6028 0.7976 0.0229
vn -0.6094 0.7926 -0.0217
vn -0.6158 0.7867 -0.0437
vn -0.4823 0.8757 0.0222
vn -0.6607 0.7505 0.0170
vn -0.9145 0.4036 0.0282
vn -0.7532 0.6576 0.0177
vn -0.8370 0.5468 0.0198
vn -0.8934 0.4487 0.0250
vn -0.1306 0.9834 0.1260
vn -0.1211 0.9836 0.1339
vn -0.0849 0.9897 0.1151
vn -0.0729 0.9835 0.1653
vn -0.0269 0.9802 0.1961
vn 0.1198 0.9805 0.1559
vn -0.0381 0.9885 0.1460
vn -0.1710 0.9619 0.2134
vn -0.0147 0.9857 0.1678
vn -0.0150 0.9885 0.1505
vn -0.5376 0.8063 0.2470
vn -0.5613 0.7934 0.2355
vn -0.4921 0.8317 0.2572
vn -0.9988 0.0490 0.0075
vn -0.4171 0.8810 0.2233
vn -0.2453 0.9531 0.1774
vn 0.2755 0.9610 0.0221
vn 0.2426 0.9696 0.0312
vn -0.4486 0.8936 0.0183
vn -0.2242 0.9742 0.0279
vn -0.3376 0.9410 0.0244
vn -0.4487 0.8934 0.0245
vn -0.0249 0.9996 0.0166
vn 0.4935 0.8696 0.0172
vn 0.9263 0.3704 0.0695
vn 0.7071 0.6976 0.1155
vn -0.1614 0.9486 0.2721
vn -0.3616 0.8918 0.2721
vn -0.5180 0.8067 0.2845
vn -0.5092 0.8085 0.2951
vn -0.5402 0.7963 0.2722
vn -0.5092 0.8086 0.2948
vn -0.3615 0.8918 0.2721
vn -0.9559 0.1776 0.2339
vn -0.9763 0.0872 0.1979
vn -0.9496 0.2533 0.1846
vn -0.9676 0.1968 0.1581
vn -0.9271 0.3522 0.1281
vn -0.9233 0.3352 0.1876
vn -0.9752 0.0664 0.2111
vn -0.9714 0.2359 0.0276
vn -0.9180 0.3959 0.0250
vn -0.9606 -0.2752 0.0395
vn -0.9989 -0.0427 0.0186
vn -0.9427 -0.3327 0.0231
vn 0.0598 -0.9931 0.1013
vn 0.0590 -0.9786 0.1971
vn 0.0599 -0.9931 0.1013
vn 0.2719 -0.9570 0.1013
vn 0.4713 -0.8761 0.1013
vn 0.6486 -0.7544 0.1013
vn 0.7956 -0.5973 0.1013
vn 0.9054 -0.4123 0.1013
vn 0.9729 -0.2081 0.1014
vn 0.2680 -0.9430 0.1971
vn 0.4644 -0.8634 0.1971
vn 0.8922 -0.4063 0.1971
vn 0.9587 -0.2050 0.1971
vn 0.5766 -0.7758 0.2561
vn 0.6989 -0.6929 0.1774
vn 0.6958 -0.6959 0.1781
vn 0.7009 -0.6910 0.1771
vn 0.6656 -0.7068 0.2397
vn 0.5800 -0.7785 0.2397
vn 0.5785 -0.7786 0.2434
vn 0.6170 -0.7617 0.1976
vn 0.6445 -0.7350 0.2108
vn 0.6441 -0.7354 0.2106
vn 0.6484 -0.7304 0.2145
vn 0.6558 -0.7208 0.2244
vn 0.6395 -0.7438 0.1942
vn 0.7959 -0.5516 0.2496
vn 0.7543 -0.6169 0.2248
vn 0.7944 -0.5744 0.1975
vn 0.7872 -0.5910 0.1761
vn 0.7458 -0.6237 0.2341
vn 0.7933 -0.5496 0.2619
vn 0.7933 -0.5495 0.2622
vn 0.7015 -0.6903 0.1770
vn 0.9804 0.0059 0.1971
vn 0.9935 -0.0509 0.1018
vn 0.9729 -0.2080 0.1013
vn 0.6486 -0.7543 0.1013
vn 0.4712 -0.8762 0.1013
vn 0.8486 -0.5111 0.1366
vn 0.8594 -0.4965 0.1224
vn 0.8470 -0.5199 0.1112
vn 0.8162 -0.5682 0.1051
vn 0.8054 -0.5807 0.1186
vn 0.7908 -0.6036 0.1013
vn 0.7674 -0.6342 0.0941
vn 0.7379 -0.6678 0.0978
vn 0.7208 -0.6860 0.0992
vn 0.7038 -0.7028 0.1035
vn 0.6898 -0.7161 0.1064
vn 0.6750 -0.7290 0.1135
vn 0.6264 -0.7737 0.0950
vn 0.6473 -0.7544 0.1095
vn 0.6093 -0.7826 0.1276
vn 0.5706 -0.8131 0.1151
vn 0.5299 -0.8370 0.1367
vn 0.4844 -0.8603 0.1588
vn 0.4824 -0.8594 0.1698
vn 0.5005 -0.8578 0.1174
vn 0.5447 -0.8332 0.0956
vn 0.6502 -0.7503 0.1192
vn 0.6705 -0.7357 0.0960
vn 0.6900 -0.7163 0.1041
vn 0.7038 -0.7029 0.1033
vn 0.7193 -0.6864 0.1076
vn 0.7331 -0.6710 0.1109
vn 0.7501 -0.6508 0.1176
vn 0.7751 -0.6204 0.1195
vn 0.7944 -0.5956 0.1189
vn 0.8198 -0.5566 0.1344
vn 0.8606 -0.4808 0.1679
vn -0.6271 -0.7787 0.0182
vn -0.6722 -0.7402 0.0176
vn -0.5720 -0.8200 0.0196
vn -0.3626 -0.9264 0.1013
vn -0.1551 -0.9827 0.1013
vn -0.3574 -0.9129 0.1971
vn -0.1528 -0.9684 0.1971
vn -0.9801 -0.1913 0.0524
vn -0.9946 -0.0872 0.0564
vn -0.9783 -0.1124 0.1741
vn -0.9967 0.0692 0.0415
vn -0.9553 -0.2921 0.0456
vn -0.9379 -0.3223 0.1285
vn -0.8351 -0.5439 0.0824
vn -0.9018 -0.4318 0.0169
vn -0.8477 -0.5170 0.1191
vn -0.6556 -0.7512 0.0770
vn -0.7075 -0.7007 0.0920
vn -0.7209 -0.6911 0.0507
vn -0.7537 -0.6409 0.1457
vn -0.6743 -0.7343 0.0786
vn -0.5736 -0.8129 0.1010
vn -0.5546 -0.8286 0.0765
vn -0.5580 -0.8081 0.1890
vn -0.5462 -0.8161 0.1887
vn -0.5517 -0.8104 0.1969
vn -0.5274 -0.8092 0.2590
vn -0.5274 -0.8091 0.2591
vn -0.5514 -0.8238 0.1314
vn -0.6508 -0.7553 0.0770
vn -0.7836 -0.6192 0.0510
vn -0.9019 -0.4317 0.0169
vn -0.9555 -0.2915 0.0456
vn -0.6106 -0.4417 0.6573
vn -0.6047 -0.4347 0.6674
vn -0.5972 -0.4382 0.6718
vn -0.6506 -0.2971 0.6989
vn -0.6490 -0.2980 0.7000
vn -0.6494 -0.2964 0.7003
vn -0.6729 -0.1974 0.7129
vn -0.6875 -0.0907 0.7205
vn -0.6881 -0.0905 0.7200
vn -0.6874 -0.0909 0.7205
vn -0.6889 0.0714 0.7213
vn -0.6889 0.0717 0.7213
vn -0.6882 -0.0910 0.7198
vn -0.6727 -0.1970 0.7132
vn -0.6518 -0.2985 0.6972
vn -0.6046 -0.4349 0.6673
vn -0.6373 -0.7598 0.1282
vn -0.6362 -0.7509 0.1773
vn -0.6293 -0.7297 0.2675
vn -0.6118 -0.6653 0.4279
vn -0.5838 -0.6821 0.4404
vn -0.5819 -0.6629 0.4711
vn -0.5672 -0.6770 0.4690
vn -0.5124 -0.6011 0.6132
vn -0.6394 -0.5728 0.5128
vn -0.6604 -0.6949 0.2846
vn -0.6688 -0.7177 0.1942
vn -0.6537 -0.7444 0.1362
vn -0.4114 -0.8277 0.3816
vn -0.4172 -0.8252 0.3807
vn -0.1408 -0.5391 0.8304
vn -0.2663 -0.8904 0.3692
vn -0.0775 -0.5549 0.8283
vn -0.1285 -0.9258 0.3555
vn -0.1237 -0.9232 0.3639
vn -0.0363 -0.5578 0.8292
vn -0.0445 -0.9347 0.3527
vn 0.0052 -0.5583 0.8296
vn -0.0122 -0.3799 0.9249
vn -0.0062 -0.6250 0.7806
vn -0.0057 -0.9251 0.3797
vn -0.0118 -0.9346 0.3555
vn -0.6043 -0.7512 0.2655
vn -0.5929 -0.7248 0.3509
vn -0.6184 -0.7677 0.1678
vn -0.6127 -0.7617 0.2108
vn -0.5993 -0.6860 0.4126
vn -0.5018 -0.7655 0.4028
vn -0.5147 -0.7592 0.3983
vn -0.2787 -0.6009 0.7491
vn -0.2415 -0.4506 0.8594
vn -0.3539 -0.5807 0.7332
vn -0.1817 -0.5233 0.8326
vn -0.5111 -0.7549 0.4111
vn -0.0054 -0.9355 0.3534
vn -0.0120 -0.9247 0.3805
vn -0.0420 -0.9331 0.3573
vn -0.0364 -0.5578 0.8292
vn -0.1280 -0.9215 0.3666
vn -0.0768 -0.5537 0.8291
vn -0.2619 -0.8896 0.3743
vn -0.1410 -0.5393 0.8303
vn -0.4145 -0.8214 0.3918
vn -0.8669 -0.4821 0.1268
vn -0.8964 -0.4279 0.1160
vn -0.8293 -0.5367 0.1556
vn -0.1636 -0.9805 0.1085
vn -0.3465 -0.9310 0.1146
vn -0.3749 -0.9173 0.1346
vn -0.3901 -0.9157 0.0964
vn -0.4815 -0.8696 0.1094
vn -0.4847 -0.8665 0.1197
vn -0.5099 -0.8550 0.0946
vn -0.5052 -0.8589 0.0836
vn -0.5638 -0.8210 0.0902
vn -0.5976 -0.7967 0.0900
vn -0.6281 -0.7714 0.1018
vn -0.6510 -0.7519 0.1036
vn -0.6745 -0.7301 0.1098
vn -0.7057 -0.6981 0.1213
vn -0.7634 -0.6347 0.1198
vn -0.8027 -0.5880 0.1000
vn -0.7532 -0.6438 0.1350
vn -0.8161 -0.5639 0.1268
vn -0.8251 -0.5536 0.1124
vn -0.8108 -0.5787 0.0882
vn -0.7360 -0.6719 0.0834
vn -0.6821 -0.7256 0.0901
vn -0.6517 -0.7524 0.0960
vn -0.6284 -0.7714 0.1003
vn -0.6005 -0.7921 0.1096
vn -0.5718 -0.8130 0.1103
vn -0.5424 -0.8322 0.1146
vn -0.4507 -0.8871 0.0995
vn -0.4378 -0.8901 0.1267
vn -0.3080 -0.9450 0.1096
vn -0.2928 -0.9437 0.1540
vn -0.3301 -0.9225 0.2002
vn -0.1745 -0.9759 0.1310
vn -0.5335 -0.8235 0.1931
vn -0.5449 -0.8088 0.2211
vn -0.5136 -0.8333 0.2044
vn -0.5634 -0.8005 0.2044
vn -0.5904 -0.7818 0.2004
vn -0.6993 -0.6894 0.1890
vn -0.6693 -0.7192 0.1865
vn -0.6683 -0.7194 0.1895
vn -0.6437 -0.7435 0.1812
vn -0.6355 -0.7519 0.1756
vn -0.6370 -0.7559 0.1515
vn -0.5863 -0.7993 0.1319
vn -0.6272 -0.7658 0.1422
vn -0.6211 -0.7703 0.1444
vn -0.6111 -0.7777 0.1472
vn -0.5982 -0.7874 0.1489
vn -0.5978 -0.7784 0.1918
vn -0.5737 -0.8046 0.1532
vn -0.5946 -0.7904 0.1473
vn -0.5621 -0.8118 0.1583
vn -0.5266 -0.8365 0.1514
vn -0.5633 -0.8127 0.1491
vn -0.2893 -0.9481 0.1321
vn -0.3351 -0.9341 0.1232
vn -0.4585 -0.8789 0.1317
vn -0.1121 -0.9882 0.1048
vn -0.1331 -0.9861 0.0998
vn -0.0406 -0.9961 0.0788
vn -0.0264 -0.9918 0.1248
vn 0.0038 -0.9950 0.0994
vn -0.0019 -0.9979 0.0644
vn -0.0131 -0.9970 0.0757
vn -0.0020 -0.9972 0.0753
vn -0.1330 -0.9861 0.0998
vn -0.4586 -0.8788 0.1317
vn -0.6694 -0.7192 0.1862
vn -0.5978 -0.7783 0.1920
vn -0.5211 -0.8287 0.2042
vn -0.1105 -0.9803 0.1635
vn -0.4216 -0.8895 0.1764
vn -0.0391 -0.2280 0.9729
vn -0.0346 -0.2472 0.9683
vn -0.0257 -0.2483 0.9683
vn -0.0302 -0.2401 0.9703
vn -0.0342 -0.1491 0.9882
vn -0.0265 -0.2187 0.9754
vn -0.0361 -0.0990 0.9944
vn -0.0044 -0.1403 0.9901
vn -0.0324 -0.1012 0.9943
vn -0.0073 -0.0212 0.9997
vn -0.0044 -0.0375 0.9993
vn -0.0086 -0.0435 0.9990
vn -0.0068 -0.1038 0.9946
vn -0.0083 -0.1038 0.9946
vn -0.0139 -0.2023 0.9792
vn -0.0075 -0.1720 0.9851
vn -0.0070 -0.1703 0.9854
vn -0.0063 -0.1680 0.9858
vn -0.0049 -0.1637 0.9865
vn -0.0038 -0.1603 0.9871
vn -0.0091 -0.1780 0.9840
vn -0.0101 -0.1820 0.9832
vn -0.0123 -0.1922 0.9813
vn 0.0004 -0.1480 0.9890
vn -0.0152 -0.1837 0.9829
vn -0.0119 -0.2595 0.9657
vn -0.0132 -0.2714 0.9624
vn -0.0148 -0.2094 0.9777
vn -0.0154 -0.2160 0.9763
vn -0.0158 -0.2224 0.9748
vn -0.0161 -0.2293 0.9732
vn -0.0160 -0.2361 0.9716
vn -0.0157 -0.2462 0.9691
vn -0.0120 -0.2676 0.9635
vn -0.0259 -0.2482 0.9684
vn -0.0081 -0.1088 0.9940
vn -0.0072 0.0342 0.9994
vn 0.0225 -0.0403 0.9989
vn -0.0108 -0.1860 0.9825
vn -0.0503 -0.2299 0.9719
vn 0.9996 -0.0038 0.0270
vn 1.0000 0.0068 -0.0000
vn 1.0000 -0.0000 -0.0000
vn 1.0000 -0.0015 0.0077
vn 0.9999 0.0026 -0.0122
vn 1.0000 0.0064 -0.0000
vn 1.0000 -0.0000 0.0098
vn 0.9999 -0.0000 0.0111
vn 1.0000 -0.0008 0.0021
vn 1.0000 0.0006 -0.0026
vn 1.0000 -0.0029 -0.0000
vn 0.9998 0.0045 -0.0208
vn 1.0000 0.0010 -0.0041
vn 1.0000 0.0010 -0.0048
vn 1.0000 0.0027 -0.0078
vn 0.9999 0.0027 0.0113
vn 1.0000 0.0030 -0.0051
vn 1.0000 -0.0008 0.0028
vn 1.0000 0.0027 -0.0095
vn -0.9999 -0.0060 0.0149
vn 0.9995 -0.0076 0.0292
vn 1.0000 -0.0016 0.0081
vn 1.0000 -0.0023 0.0088
vn 1.0000 0.0005 -0.0049
vn 0.2927 -0.0000 0.9562
vn -0.1190 -0.0210 0.9927
vn 0.7600 -0.0675 0.6464
vn 0.3846 -0.1479 0.9112
vn 0.2366 -0.1641 0.9577
vn 0.3414 -0.1533 0.9273
vn 0.4477 -0.1392 0.8833
vn 0.0935 -0.1746 0.9802
vn -0.0775 -0.1822 0.9802
vn 0.2038 -0.1671 0.9647
vn 0.1421 -0.1864 0.9721
vn -0.0315 -0.1809 0.9830
vn 0.3141 -0.1871 0.9308
vn 0.4345 -0.1847 0.8815
vn 0.5200 -0.1816 0.8346
vn 0.5842 -0.1789 0.7916
vn 0.6492 -0.1762 0.7399
vn 0.6758 -0.1756 0.7159
vn 0.7069 -0.1806 0.6838
vn 0.5523 -0.1216 0.8247
vn 0.6891 -0.6759 0.2611
vn 0.6920 -0.4088 0.5950
vn 0.6001 -0.4372 0.6699
vn 0.7069 -0.2019 0.6779
vn 0.6891 -0.6760 0.2612
vn 0.7066 -0.7041 0.0704
vn 0.7069 -0.7038 0.0704
vn -1.0000 -0.0000 0.0001
vn -1.0000 0.0002 -0.0004
vn 0.0479 0.9937 0.1013
vn 0.0471 0.9792 0.1971
vn 0.0472 0.9792 0.1971
vn 0.9932 0.0568 0.1018
vn 0.9962 0.0060 0.0867
vn 0.9703 0.2197 0.1013
vn 0.9004 0.4231 0.1013
vn 0.7883 0.6068 0.1013
vn 0.6395 0.7621 0.1013
vn 0.4607 0.8817 0.1013
vn 0.2603 0.9602 0.1013
vn 0.9562 0.2165 0.1971
vn 0.8873 0.4170 0.1971
vn 0.4540 0.8689 0.1971
vn 0.2566 0.9462 0.1971
vn 0.7903 0.5548 0.2603
vn 0.7294 0.6375 0.2482
vn 0.7928 0.5571 0.2472
vn 0.7926 0.5564 0.2494
vn 0.7840 0.5885 0.1973
vn 0.7516 0.6212 0.2217
vn 0.7499 0.6227 0.2233
vn 0.7426 0.6286 0.2312
vn 0.5739 0.7819 0.2433
vn 0.6401 0.7378 0.2141
vn 0.6008 0.7745 0.1978
vn 0.6438 0.7335 0.2177
vn 0.6931 0.6988 0.1768
vn 0.6307 0.7516 0.1929
vn 0.6961 0.6960 0.1762
vn 0.6538 0.7201 0.2323
vn 0.7013 0.6909 0.1758
vn 0.6987 0.6935 0.1758
vn 0.5714 0.7791 0.2579
vn 0.5714 0.7791 0.2580
vn 0.7802 0.6006 0.1748
vn 0.2604 0.9602 0.1013
vn 0.7884 0.6068 0.1014
vn 0.9004 0.4232 0.1013
vn 0.5111 0.8486 0.1366
vn 0.4965 0.8594 0.1224
vn 0.5199 0.8469 0.1112
vn 0.5682 0.8162 0.1051
vn 0.5808 0.8054 0.1186
vn 0.6036 0.7908 0.1013
vn 0.6342 0.7675 0.0941
vn 0.6722 0.7328 0.1056
vn 0.6714 0.7328 0.1109
vn 0.6861 0.7207 0.0994
vn 0.7028 0.7038 0.1036
vn 0.7161 0.6898 0.1064
vn 0.7290 0.6750 0.1136
vn 0.7507 0.6498 0.1195
vn 0.7827 0.6092 0.1275
vn 0.8132 0.5705 0.1150
vn 0.8370 0.5298 0.1367
vn 0.8603 0.4844 0.1588
vn 0.8594 0.4824 0.1697
vn 0.8578 0.5005 0.1174
vn 0.8332 0.5447 0.0956
vn 0.7728 0.6280 0.0915
vn 0.7357 0.6705 0.0958
vn 0.7163 0.6900 0.1042
vn 0.7029 0.7038 0.1033
vn 0.6864 0.7192 0.1076
vn 0.6656 0.7396 0.1004
vn 0.6508 0.7501 0.1176
vn 0.6203 0.7752 0.1195
vn 0.5956 0.7944 0.1189
vn 0.5565 0.8199 0.1344
vn 0.4808 0.8606 0.1679
vn -0.1644 0.9665 0.1971
vn -0.3683 0.9086 0.1971
vn -0.5336 0.8028 0.2660
vn -0.5599 0.8048 0.1970
vn -0.5337 0.8063 0.2550
vn -0.5604 0.8046 0.1965
vn -0.5595 0.8053 0.1964
vn -0.5337 0.8063 0.2552
vn -0.3684 0.9085 0.1971
vn -0.8283 0.5417 0.1430
vn -0.8605 0.4957 0.1172
vn -0.8695 0.4795 0.1185
vn -0.8703 0.4623 0.1699
vn -0.7223 0.6793 0.1297
vn -0.7584 0.6452 0.0924
vn -0.7008 0.7075 0.0914
vn -0.6702 0.7364 0.0927
vn -0.6428 0.7600 0.0962
vn -0.6178 0.7795 0.1039
vn -0.5914 0.7992 0.1075
vn -0.5573 0.8225 0.1140
vn -0.8236 0.5585 0.0993
vn -0.8040 0.5825 0.1194
vn -0.7815 0.6113 0.1247
vn -0.5388 0.8380 0.0858
vn -0.5868 0.8050 0.0877
vn -0.6186 0.7799 0.0955
vn -0.6428 0.7590 0.1030
vn -0.6663 0.7380 0.1062
vn -0.6897 0.7152 0.1130
vn -0.7728 0.6289 0.0851
vn -0.6657 0.7197 0.1970
vn -0.6036 0.7847 0.1407
vn -0.6337 0.7513 0.1844
vn -0.6534 0.7309 0.1971
vn -0.6408 0.7434 0.1916
vn -0.6374 0.7523 0.1663
vn -0.6554 0.7333 0.1808
vn -0.5217 0.8504 0.0676
vn -0.6081 0.7937 0.0165
vn -0.6514 0.7575 0.0437
vn -0.6758 0.7327 0.0810
vn -0.5400 0.8299 0.1398
vn -0.5539 0.8324 0.0188
vn -0.4371 0.8953 0.0859
vn -0.5128 0.8496 0.1235
vn -0.4896 0.8638 0.1194
vn -0.4220 0.8986 0.1202
vn -0.2623 0.9596 0.1014
vn -0.3340 0.9352 0.1172
vn -0.2425 0.9561 0.1645
vn -0.3877 0.9102 0.1458
vn -0.4055 0.9082 0.1038
vn -0.4771 0.8728 0.1029
vn -0.4217 0.8895 0.1763
vn -0.1105 0.9803 0.1635
vn -0.0264 0.9918 0.1248
vn 0.0038 0.9950 0.0994
vn -0.0263 0.9918 0.1248
vn -0.1120 0.9879 0.1077
vn -0.3348 0.9338 0.1265
vn -0.5901 0.7939 0.1466
vn -0.5886 0.7833 0.2000
vn -0.6007 0.7759 0.1927
vn -0.5122 0.8342 0.2044
vn -0.5207 0.8282 0.2073
vn -0.5326 0.8231 0.1970
vn -0.5625 0.8004 0.2074
vn -0.6007 0.7758 0.1930
vn -0.5269 0.8372 0.1465
vn -0.1744 0.9759 0.1310
vn -0.3300 0.9225 0.2002
vn 0.7069 0.7038 0.0704
vn 0.7066 0.7041 0.0704
vn -0.8592 0.4934 0.1358
vn -0.8549 0.5074 0.1076
vn -0.9380 0.3098 0.1558
vn -0.9222 0.3860 0.0219
vn -0.9771 0.1003 0.1879
vn -0.9707 0.2400 -0.0075
vn -0.9837 0.1601 0.0819
vn -0.9968 0.0686 0.0415
vn -0.9707 0.2401 -0.0075
vn -0.6889 0.0720 0.7213
vn -0.6894 0.0720 0.7208
vn -0.6889 0.0718 0.7213
vn -0.6892 0.0756 0.7207
vn -0.6783 0.1635 0.7163
vn -0.6617 0.2528 0.7059
vn -0.6613 0.2517 0.7067
vn -0.6633 0.2531 0.7043
vn -0.6175 0.3902 0.6830
vn -0.6235 0.3945 0.6750
vn -0.6226 0.3911 0.6778
vn -0.5846 0.4744 0.6582
vn -0.5881 0.4832 0.6486
vn -0.6209 0.3939 0.6777
vn -0.6630 0.2521 0.7049
vn -0.6784 0.1636 0.7163
vn -0.5177 0.5938 0.6159
vn -0.0392 0.5573 0.8294
vn -0.0391 0.5574 0.8293
vn -0.0474 0.9320 0.3593
vn -0.0872 0.5522 0.8292
vn -0.1459 0.9199 0.3639
vn 0.0130 0.9355 0.3532
vn -0.0021 0.9856 0.1691
vn -0.0021 0.9856 0.1690
vn -0.0019 0.8982 0.4396
vn -0.0112 0.5578 0.8299
vn -0.1568 0.5345 0.8305
vn -0.0154 0.5725 0.8198
vn -0.0154 0.5722 0.8200
vn -0.1508 0.9215 0.3579
vn -0.0876 0.5528 0.8287
vn -0.0501 0.9346 0.3521
vn -0.0009 0.9971 0.0759
vn -0.0009 0.9979 0.0644
vn -0.0104 0.0781 0.9969
vn -0.0046 0.0385 0.9992
vn -0.0344 0.1006 0.9943
vn -0.0311 0.1750 0.9841
vn -0.0051 0.1192 0.9929
vn -0.0311 0.2404 0.9702
vn -0.0367 0.2499 0.9676
vn -0.0626 0.2101 0.9757
vn -0.0520 0.2539 0.9658
vn -0.0154 0.2149 0.9765
vn -0.0181 0.2634 0.9645
vn -0.0114 0.2676 0.9635
vn -0.0109 0.2435 0.9698
vn -0.0264 0.2459 0.9689
vn -0.0105 0.1387 0.9903
vn -0.0104 0.1381 0.9904
vn -0.0109 0.1438 0.9896
vn -0.0104 0.1382 0.9903
vn -0.0110 0.1445 0.9894
vn -0.0114 0.1498 0.9887
vn -0.0110 0.1447 0.9894
vn -0.0112 0.1472 0.9890
vn -0.0114 0.1504 0.9886
vn -0.0115 0.1531 0.9881
vn -0.0117 0.1561 0.9877
vn -0.0118 0.1593 0.9872
vn -0.0118 0.1682 0.9857
vn -0.0117 0.1727 0.9849
vn -0.0118 0.1684 0.9857
vn -0.0118 0.1622 0.9867
vn -0.0114 0.1805 0.9835
vn -0.0114 0.1858 0.9825
vn -0.0139 0.2023 0.9792
vn -0.0144 0.2061 0.9784
vn -0.0097 0.1979 0.9802
vn -0.0105 0.1918 0.9814
vn -0.0112 0.1079 0.9941
vn -0.0046 0.0828 0.9966
vn -0.0072 -0.0211 0.9998
vn -0.0122 0.0828 0.9965
vn -0.0021 0.0340 0.9994
vn -0.0021 0.0339 0.9994
vn -0.0144 0.2059 0.9785
vn -0.0235 0.1943 0.9807
vn -0.0050 0.1189 0.9929
vn -0.0043 0.0338 0.9994
vn 0.9995 -0.0086 -0.0299
vn 1.0000 -0.0031 -0.0012
vn 1.0000 -0.0000 -0.0065
vn 0.7416 0.0927 0.6644
vn 1.0000 0.0034 -0.0000
vn 0.9994 -0.0067 -0.0334
vn 0.9996 -0.0062 -0.0283
vn 0.9976 -0.0170 -0.0664
vn 0.9986 -0.0067 -0.0517
vn 0.9959 0.0184 0.0891
vn 0.9999 -0.0026 -0.0124
vn 0.9999 -0.0032 -0.0123
vn 1.0000 0.0005 0.0013
vn 0.9989 -0.0099 -0.0465
vn -0.9994 0.0086 0.0326
vn 1.0000 0.0002 0.0008
vn 1.0000 0.0004 0.0021
vn 1.0000 -0.0013 -0.0083
vn 0.8179 0.0476 0.5733
vn -0.2749 -0.0000 0.9615
vn -0.0352 0.1808 0.9829
vn 0.6016 0.1107 0.7911
vn 0.6007 0.1107 0.7918
vn 0.6022 0.1103 0.7907
vn 0.5634 0.1189 0.8176
vn 0.5773 0.1161 0.8083
vn 0.5441 0.1226 0.8300
vn 0.5442 0.1226 0.8300
vn 0.5391 0.1237 0.8331
vn 0.5100 0.1289 0.8505
vn 0.5055 0.1299 0.8530
vn 0.4755 0.1347 0.8694
vn 0.4478 0.1391 0.8832
vn 0.3804 0.1484 0.9128
vn 0.3293 0.1547 0.9315
vn 0.2491 0.1629 0.9547
vn 0.1993 0.1674 0.9655
vn 0.0941 0.1745 0.9801
vn 0.0192 0.1830 0.9829
vn 0.1318 0.1863 0.9736
vn 0.3166 0.1871 0.9299
vn 0.4581 0.1838 0.8697
vn 0.5063 0.1821 0.8429
vn 0.6139 0.1772 0.7692
vn 0.8180 0.0476 0.5733
vn 0.7069 0.1751 0.6853
vn 0.8180 0.0477 0.5733
vn 0.6001 0.4373 0.6699
vn 0.7068 0.2019 0.6779
vn 0.6891 0.6760 0.2612
vn 0.6892 0.6759 0.2612
vn 0.6920 0.4088 0.5950
vn -1.0000 -0.0003 -0.0004
vn -1.0000 -0.0004 -0.0006
vn -0.1668 0.9808 0.1013
vn -0.3738 0.9220 0.1013
vn -0.5642 0.8215 0.0822
vn -0.6476 0.7581 0.0768
vn -0.5497 0.8236 0.1399
vn -0.5796 0.8086 0.1011
vn -0.7641 0.6256 0.1572
vn -0.6731 0.7356 0.0763
vn -0.7155 0.6931 0.0882
vn -0.7293 0.6825 0.0487
vn -0.6556 0.7513 0.0763
vn -0.5497 0.8236 0.1400
vn -0.6409 0.7585 0.1181
vn -0.6558 0.7444 0.1256
vn -0.6762 0.7110 0.1929
vn -0.6530 0.6869 0.3190
vn -0.6241 0.6495 0.4343
vn -0.5769 0.6717 0.4647
vn -0.6200 0.7248 0.3003
vn -0.6361 0.7521 0.1723
vn -0.6015 0.7525 0.2682
vn -0.5841 0.7185 0.3777
vn -0.5987 0.6773 0.4277
vn -0.6083 0.7606 0.2270
vn -0.6169 0.7698 0.1637
vn -0.1475 0.4417 0.8850
vn -0.6043 0.7841 0.1413
vn -0.6208 0.7709 0.1427
vn -0.6338 0.7588 0.1501
vn -0.6106 0.7793 0.1406
vn -0.6192 0.7720 0.1433
vn -0.8404 0.5354 0.0846
vn -0.7976 0.6012 0.0490
vn -0.5656 0.6438 0.5154
vn -0.5822 0.6204 0.5254
vn -0.5690 0.5449 0.6159
vn -0.5775 0.6714 0.4645
vn -0.1504 0.9177 0.3678
vn -0.3061 0.8749 0.3752
vn -0.3092 0.8729 0.3775
vn -0.4650 0.7909 0.3978
vn -0.4704 0.7861 0.4009
vn -0.1595 0.5216 0.8381
vn -0.2926 0.5359 0.7920
vn -0.3068 0.4792 0.8224
vn -0.4983 0.7678 0.4027
vn -0.2177 0.4104 0.8855
vn -0.3063 0.4795 0.8224
vn -0.4741 0.7907 0.3873
vn -0.3103 0.8754 0.3706
vn -0.0126 0.9970 0.0763
vn -0.0467 0.9959 0.0781
vn -0.1583 0.9822 0.1007
vn -0.5190 0.8426 0.1437
vn -0.3396 0.9321 0.1257
vn -0.5846 0.7977 0.1478
vn -0.5151 0.8391 0.1747
vn -0.3395 0.9322 0.1257
vn -0.1581 0.9823 0.1007
s 1
usemtl material_0
f 1//1 2//1 3//1
f 4//2 5//2 6//2
f 7//3 8//3 9//3
f 10//4 11//4 12//4
f 13//5 14//5 15//5
f 16//6 17//6 18//6
f 19//7 20//7 21//7
f 22//8 23//8 24//8
f 25//9 26//9 27//9
f 28//10 29//10 30//10
f 31//11 32//11 33//11
f 34//12 35//12 36//12
f 37//13 38//13 39//13
f 40//14 41//14 42//14
f 43//15 44//15 45//15
f 46//16 47//16 48//16
f 49//17 50//17 51//17
f 52//18 53//18 54//18
f 55//19 56//19 57//19
f 58//20 59//20 60//20
f 61//21 62//21 63//21
f 64//22 65//22 66//22
f 67//23 68//23 69//23
f 70//24 71//24 72//24
f 73//25 74//25 75//25
f 76//26 77//26 78//26
f 79//27 80//27 81//27
f 82//28 83//28 84//28
f 85//29 86//29 87//29
f 88//30 89//30 90//30
f 91//31 92//31 93//31
f 94//32 95//32 96//32
f 97//33 98//33 99//33
f 100//34 101//34 102//34
f 103//35 104//35 105//35
f 106//36 107//36 108//36
f 109//37 110//37 111//37
f 112//38 113//38 114//38
f 115//39 116//39 117//39
f 118//40 119//40 120//40
f 121//41 122//41 123//41
f 124//42 125//42 126//42
f 127//43 128//43 129//43
f 130//44 131//44 132//44
f 133//45 134//45 135//45
f 136//46 137//46 138//46
f 139//47 140//47 141//47
f 142//48 143//48 144//48
f 145//49 146//49 147//49
f 148//50 149//50 150//50
f 151//51 152//51 153//51
f 154//52 155//52 156//52
f 157//53 158//53 159//53
f 160//54 161//54 162//54
f 163//55 164//55 165//55
f 166//56 167//56 168//56
f 169//57 170//57 171//57
f 172//58 173//58 174//58
f 175//59 176//59 177//59
f 178//60 179//60 180//60
f 181//61 182//61 183//61
f 184//62 185//62 186//62
f 187//63 188//63 189//63
f 190//64 191//64 192//64
f 193//65 194//65 195//65
f 196//66 197//66 198//66
f 199//67 200//67 201//67
f 202//68 203//68 204//68
f 205//69 206//69 207//69
f 208//70 209//70 210//70
f 211//71 212//71 213//71
f 214//72 215//72 216//72
f 217//73 218//73 219//73
f 220//74 221//74 222//74
f 223//75 224//75 225//75
f 226//76 227//76 228//76
f 229//77 230//77 231//77
f 232//78 233//78 234//78
f 235//79 236//79 237//79
f 238//80 239//80 240//80
f 241//81 242//81 243//81
f 244//82 245//82 246//82
f 247//82 248//82 249//82
f 250//83 251//83 252//83
f 253//84 254//84 255//84
f 256//85 257//85 258//85
f 259//86 260//86 261//86
f 262//87 263//87 264//87
f 265//76 266//76 267//76
f 268//88 269//88 270//88
f 271//89 272//89 273//89
f 274//90 275//90 276//90
f 277//91 278//91 279//91
f 280//92 281//92 282//92
f 283//93 284//93 285//93
f 286//94 287//94 288//94
f 289//95 290//95 291//95
f 292//96 293//96 294//96
f 295//97 296//97 297//97
f 298//98 299//98 300//98
f 301//99 302//99 303//99
f 304//100 305//100 306//100
f 307//101 308//101 309//101
f 310//102 311//102 312//102
f 313//103 314//103 315//103
f 316//104 317//104 318//104
f 319//105 320//105 321//105
f 322//106 323//106 324//106
f 325//107 326//107 327//107
f 328//107 329//107 330//107
f 331//107 332//107 333//107
f 334//107 335//107 336//107
f 337//107 338//107 339//107
f 340//107 341//107 342//107
f 343//107 344//107 345//107
f 346//107 347//107 348//107
f 349//107 350//107 351//107
f 352//108 353//108 354//108
f 355//107 356//107 357//107
f 358//107 359//107 360//107
f 361//107 362//107 363//107
f 364//109 365//109 366//109
f 367//107 368//107 369//107
f 370//107 371//107 372//107
f 373//110 374//110 375//110
f 376//111 377//111 378//111
f 379//112 380//112 381//112
f 382//113 383//113 384//113
f 385//114 386//114 387//114
f 388//115 389//115 390//115
f 391//116 392//116 393//116
f 394//117 395//117 396//117
f 397//118 398//118 399//118
f 400//119 401//119 402//119
f 403//120 404//120 405//120
f 406//121 407//121 408//121
f 409//122 410//122 411//122
f 412//123 413//123 414//123
f 415//120 416//120 417//120
f 418//124 419//124 420//124
f 421//125 422//125 423//125
f 424//126 425//126 426//126
f 427//127 428//127 429//127
f 430//128 431//128 432//128
f 433//129 434//129 435//129
f 436//130 437//130 438//130
f 439//131 440//131 441//131
f 442//132 443//132 444//132
f 445//133 446//133 447//133
f 448//134 449//134 450//134
f 451//135 452//135 453//135
f 454//136 455//136 456//136
f 457//137 458//137 459//137
f 460//138 461//138 462//138
f 463//139 464//139 465//139
f 466//140 467//140 468//140
f 469//141 470//141 471//141
f 472//142 473//142 474//142
f 475//143 476//143 477//143
f 478//144 479//144 480//144
f 481//145 482//145 483//145
f 484//146 485//146 486//146
f 487//147 488//147 489//147
f 490//148 491//148 492//148
f 493//149 494//149 495//149
f 496//150 497//150 498//150
f 499//151 500//151 501//151
f 502//152 503//152 504//152
f 505//153 506//153 507//153
f 508//154 509//154 510//154
f 511//155 512//155 513//155
f 514//156 515//156 516//156
f 517//157 518//157 519//157
f 520//158 521//158 522//158
f 523//159 524//159 525//159
f 526//160 527//160 528//160
f 529//161 530//161 531//161
f 532//162 533//162 534//162
f 535//163 536//163 537//163
f 538//164 539//164 540//164
f 541//165 542//165 543//165
f 544//166 545//166 546//166
f 547//167 548//167 549//167
f 550//168 551//168 552//168
f 553//169 554//169 555//169
f 556//170 557//170 558//170
f 559//171 560//171 561//171
f 562//171 563//171 564//171
f 565//172 566//172 567//172
f 568//173 569//173 570//173
f 571//174 572//174 573//174
f 574//175 575//175 576//175
f 577//176 578//176 579//176
f 580//177 581//177 582//177
f 583//178 584//178 585//178
f 586//179 587//179 588//179
f 589//180 590//180 591//180
f 592//181 593//181 594//181
f 595//182 596//182 597//182
f 598//183 599//183 600//183
f 601//184 602//184 603//184
f 604//185 605//185 606//185
f 607//107 608//107 609//107
f 610//107 611//107 612//107
f 613//107 614//107 615//107
f 616//107 617//107 618//107
f 619//107 620//107 621//107
f 622//107 623//107 624//107
f 625//107 626//107 627//107
f 628//107 629//107 630//107
f 631//107 632//107 633//107
f 634//107 635//107 636//107
f 637//107 638//107 639//107
f 640//107 641//107 642//107
f 643//107 644//107 645//107
f 646//107 647//107 648//107
f 649//186 650//186 651//186
f 652//187 653//187 654//187
f 655//188 656//188 657//188
f 658//189 659//189 660//189
f 661//190 662//190 663//190
f 664//191 665//191 666//191
f 667//191 668//191 669//191
f 670//190 671//190 672//190
f 673//192 674//192 675//192
f 676//187 677//187 678//187
f 679//186 680//186 681//186
f 682//193 683//193 684//193
f 685//194 686//194 687//194
f 688//195 689//195 690//195
f 691//196 692//196 693//196
f 694//197 695//197 696//197
f 697//198 698//198 699//198
f 700//199 701//199 702//199
f 703//200 704//200 705//200
f 706//201 707//201 708//201
f 709//202 710//202 711//202
f 712//203 713//203 714//203
f 715//204 716//204 717//204
f 718//205 719//205 720//205
f 721//206 722//206 723//206
f 724//207 725//207 726//207
f 727//208 728//208 729//208
f 730//209 731//209 732//209
f 733//210 734//210 735//210
f 736//211 737//211 738//211
f 739//212 740//212 741//212
f 742//213 743//213 744//213
f 745//214 746//214 747//214
f 748//215 749//215 750//215
f 751//216 752//216 753//216
f 754//217 755//217 756//217
f 757//218 758//218 759//218
f 760//219 761//219 762//219
f 763//220 764//220 765//220
f 766//221 767//221 768//221
f 769//222 770//222 771//222
f 772//223 773//223 774//223
f 775//220 776//220 777//220
f 778//224 779//224 780//224
f 781//225 782//225 783//225
f 784//225 785//225 786//225
f 787//225 788//225 789//225
f 790//225 791//225 792//225
f 793//225 794//225 795//225
f 796//225 797//225 798//225
f 799//225 800//225 801//225
f 802//225 803//225 804//225
f 805//225 806//225 807//225
f 808//225 809//225 810//225
f 811//225 812//225 813//225
f 814//225 815//225 816//225
f 817//225 818//225 819//225
f 820//226 821//226 822//226
f 823//225 824//225 825//225
f 826//225 827//225 828//225
f 829//227 830//227 831//227
f 832//225 833//225 834//225
f 835//225 836//225 837//225
f 838//225 839//225 840//225
f 841//228 842//228 843//228
f 844//229 845//229 846//229
f 847//230 848//230 849//230
f 850//231 851//231 852//231
f 853//232 854//232 855//232
f 856//233 857//233 858//233
f 859//234 860//234 861//234
f 862//235 863//235 864//235
f 865//236 866//236 867//236
f 868//237 869//237 870//237
f 871//238 872//238 873//238
f 874//239 875//239 876//239
f 877//240 878//240 879//240
f 880//241 881//241 882//241
f 883//242 884//242 885//242
f 886//243 887//243 888//243
f 889//244 890//244 891//244
f 892//245 893//245 894//245
f 895//246 896//246 897//246
f 898//247 899//247 900//247
f 901//248 902//248 903//248
f 904//249 905//249 906//249
f 907//250 908//250 909//250
f 910//251 911//251 912//251
f 913//252 914//252 915//252
f 916//253 917//253 918//253
f 919//254 920//254 921//254
f 922//255 923//255 924//255
f 925//256 926//256 927//256
f 928//257 929//257 930//257
f 931//258 932//258 933//258
f 934//259 935//259 936//259
f 937//260 938//260 939//260
f 940//261 941//261 942//261
f 943//262 944//262 945//262
f 946//263 947//263 948//263
f 949//264 950//264 951//264
f 952//265 953//265 954//265
f 955//266 956//266 957//266
f 958//267 959//267 960//267
f 961//268 962//268 963//268
f 964//269 965//269 966//269
f 967//270 968//270 969//270
f 970//271 971//271 972//271
f 973//272 974//272 975//272
f 976//273 977//273 978//273
f 979//274 980//274 981//274
f 982//275 983//275 984//275
f 985//276 986//276 987//276
f 988//277 989//277 990//277
f 991//278 992//278 993//278
f 994//279 995//279 996//279
f 997//280 998//280 999//280
f 1000//281 1001//281 1002//281
f 1003//282 1004//282 1005//282
f 1006//283 1007//283 1008//283
f 1009//284 1010//284 1011//284
f 1012//285 1013//285 1014//285
f 1015//286 1016//286 1017//286
f 1018//287 1019//287 1020//287
f 1021//287 1022//287 1023//287
f 1024//288 1025//288 1026//288
f 1027//288 1028//288 1029//288
f 1030//289 1031//289 1032//289
f 1033//290 1034//290 1035//290
f 1036//291 1037//291 1038//291
f 1039//292 1040//292 1041//292
f 1042//293 1043//293 1044//293
f 1045//294 1046//294 1047//294
f 1048//295 1049//295 1050//295
f 1051//296 1052//296 1053//296
f 1054//297 1055//297 1056//297
f 1057//298 1058//298 1059//298
f 1060//299 1061//299 1062//299
f 1063//300 1064//300 1065//300
f 1066//301 1067//301 1068//301
f 1069//302 1070//302 1071//302
f 1072//303 1073//303 1074//303
f 1075//304 1076//304 1077//304
f 1078//305 1079//305 1080//305
f 1081//306 1082//306 1083//306
f 1084//307 1085//307 1086//307
f 1087//308 1088//308 1089//308
f 1090//309 1091//309 1092//309
f 1093//310 1094//310 1095//310
f 1096//311 1097//311 1098//311
f 1099//312 1100//312 1101//312
f 1102//313 1103//313 1104//313
f 1105//314 1106//314 1107//314
f 1108//315 1109//315 1110//315
f 1111//316 1112//316 1113//316
f 1114//317 1115//317 1116//317
f 1117//318 1118//318 1119//318
f 1120//319 1121//319 1122//319
f 1123//320 1124//320 1125//320
f 1126//321 1127//321 1128//321
f 1129//322 1130//322 1131//322
f 1132//323 1133//323 1134//323
f 1135//324 1136//324 1137//324
f 1138//325 1139//325 1140//325
f 1141//326 1142//326 1143//326
f 1144//327 1145//327 1146//327
f 1147//328 1148//328 1149//328
f 1150//329 1151//329 1152//329
f 1153//330 1154//330 1155//330
f 1156//331 1157//331 1158//331
f 1159//332 1160//332 1161//332
f 1162//333 1163//333 1164//333
f 1165//225 1166//225 1167//225
f 1168//225 1169//225 1170//225
f 1171//225 1172//225 1173//225
f 1174//225 1175//225 1176//225
f 1177//225 1178//225 1179//225
f 1180//225 1181//225 1182//225
f 1183//225 1184//225 1185//225
f 1186//225 1187//225 1188//225
f 1189//225 1190//225 1191//225
f 1192//225 1193//225 1194//225
f 1195//225 1196//225 1197//225
f 1198//225 1199//225 1200//225
f 1201//334 1202//334 1203//334
f 1204//334 1205//334 1206//334
f 1207//335 1208//335 1209//335
f 1210//336 1211//336 1212//336
f 1213//337 1214//337 1215//337
f 1216//338 1217//338 1218//338
f 1219//339 1220//339 1221//339
f 1222//340 1223//340 1224//340
f 1225//335 1226//335 1227//335
f 1228//341 1229//341 1230//341
f 1231//342 1232//342 1233//342
f 1234//343 1235//343 1236//343
f 1237//344 1238//344 1239//344
f 1240//345 1241//345 1242//345
f 1243//346 1244//346 1245//346
f 1246//347 1247//347 1248//347
f 1249//348 1250//348 1251//348
f 1252//349 1253//349 1254//349
f 1255//350 1256//350 1257//350
f 1258//351 1259//351 1260//351
f 1261//352 1262//352 1263//352
f 1264//353 1265//353 1266//353
f 1267//354 1268//354 1269//354
f 1270//355 1271//355 1272//355
f 1273//356 1274//356 1275//356
f 1276//357 1277//357 1278//357
f 1279//358 1280//358 1281//358
f 1282//359 1283//359 1284//359
f 1285//360 1286//360 1287//360
f 1288//361 1289//361 1290//361
f 1291//362 1292//362 1293//362
f 1294//363 1295//363 1296//363
f 1297//364 1298//364 1299//364
f 1300//365 1301//365 1302//365
f 1303//366 1304//366 1305//366
f 1306//367 1307//367 1308//367
f 1309//368 1310//368 1311//368
f 1312//369 1313//369 1314//369
f 1315//370 1316//370 1317//370
f 1318//371 1319//371 1320//371
f 1321//372 1322//372 1323//372
f 1324//373 1325//373 1326//373
f 1327//374 1328//374 1329//374
f 1330//375 1331//375 1332//375
f 1333//376 1334//376 1335//376
f 1336//377 1337//377 1338//377
f 1339//378 1340//378 1341//378
f 1342//379 1343//379 1344//379
f 1345//380 1346//380 1347//380
f 1348//381 1349//381 1350//381
f 1351//382 1352//382 1353//382
f 1354//383 1355//383 1356//383
f 1357//384 1358//384 1359//384
f 1360//225 1361//225 1362//225
f 1363//225 1364//225 1365//225
f 1366//225 1367//225 1368//225
f 1369//225 1370//225 1371//225
f 1372//225 1373//225 1374//225
f 1375//225 1376//225 1377//225
f 1378//225 1379//225 1380//225
f 1381//225 1382//225 1383//225
f 1384//385 1385//385 1386//385
f 1387//385 1388//385 1389//385
f 1390//386 1391//386 1392//386
f 1393//386 1394//386 1395//386
f 1396//387 1397//387 1398//387
f 1399//388 1400//388 1401//388
f 1402//389 1403//389 1404//389
f 1405//390 1406//390 1407//390
f 1408//391 1409//391 1410//391
f 1411//392 1412//392 1413//392
f 1414//393 1415//393 1416//393
f 1417//394 1418//394 1419//394
f 1420//395 1421//395 1422//395
f 1423//396 1424//396 1425//396
f 1426//397 1427//397 1428//397
f 1429//398 1430//398 1431//398
f 1432//224 1433//224 1434//224
f 1435//399 1436//399 1437//399
f 1438//400 1439//400 1440//400
f 1441//401 1442//401 1443//401
f 1444//402 1445//402 1446//402
f 1447//403 1448//403 1449//403
f 1450//404 1451//404 1452//404
f 1453//405 1454//405 1455//405
f 1456//406 1457//406 1458//406
f 1459//407 1460//407 1461//407
f 1462//408 1463//408 1464//408
f 1465//409 1466//409 1467//409
f 1468//410 1469//410 1470//410
f 1471//411 1472//411 1473//411
f 1474//412 1475//412 1476//412
f 1477//413 1478//413 1479//413
f 1480//414 1481//414 1482//414
f 1483//225 1484//225 1485//225
f 1486//225 1487//225 1488//225
f 1489//225 1490//225 1491//225
f 1492//225 1493//225 1494//225
f 1495//225 1496//225 1497//225
f 1498//225 1499//225 1500//225
f 1501//225 1502//225 1503//225
f 1504//225 1505//225 1506//225
f 1507//225 1508//225 1509//225
f 1510//225 1511//225 1512//225
f 1513//415 1514//415 1515//415
f 1516//416 1517//416 1518//416
f 1519//417 1520//417 1521//417
f 1522//418 1523//418 1524//418
f 1525//419 1526//419 1527//419
f 1528//420 1529//420 1530//420
f 1531//421 1532//421 1533//421
f 1534//422 1535//422 1536//422
f 1537//423 1538//423 1539//423
f 1540//424 1541//424 1542//424
f 1543//425 1544//425 1545//425
f 1546//426 1547//426 1548//426
f 1549//427 1550//427 1551//427
f 1552//428 1553//428 1554//428
f 1555//429 1556//429 1557//429
f 1558//430 1559//430 1560//430
f 1561//431 1562//431 1563//431
f 1564//432 1565//432 1566//432
f 1567//433 1568//433 1569//433
f 1570//434 1571//434 1572//434
f 1573//435 1574//435 1575//435
f 1576//436 1577//436 1578//436
f 1579//437 1580//437 1581//437
f 1582//438 1583//438 1584//438
f 1585//439 1586//439 1587//439
f 1588//440 1589//440 1590//440
f 1591//441 1592//441 1593//441
f 1594//442 1595//442 1596//442
f 1597//443 1598//443 1599//443
f 1600//444 1601//444 1602//444
f 1603//445 1604//445 1605//445
f 1606//446 1607//446 1608//446
f 1609//447 1610//447 1611//447
f 1612//448 1613//448 1614//448
f 1615//449 1616//449 1617//449
f 1618//450 1619//450 1620//450
f 1621//451 1622//451 1623//451
f 1624//452 1625//452 1626//452
f 1627//453 1628//453 1629//453
f 1630//454 1631//454 1632//454
f 1633//455 1634//455 1635//455
f 1636//456 1637//456 1638//456
f 1639//457 1640//457 1641//457
f 1642//458 1643//458 1644//458
f 1645//459 1646//459 1647//459
f 1648//460 1649//460 1650//460
f 1651//457 1652//457 1653//457
f 1654//461 1655//461 1656//461
f 1657//462 1658//462 1659//462
f 1660//462 1661//462 1662//462
f 1663//461 1664//461 1665//461
f 1666//463 1667//463 1668//463
f 1669//464 1670//464 1671//464
f 1672//465 1673//465 1674//465
f 1675//466 1676//466 1677//466
f 1678//467 1679//467 1680//467
f 1681//464 1682//464 1683//464
f 1684//468 1685//468 1686//468
f 1687//469 1688//469 1689//469
f 1690//470 1691//470 1692//470
f 1693//470 1694//470 1695//470
f 1696//471 1697//471 1698//471
f 1699//471 1700//471 1701//471
f 1702//472 1703//472 1704//472
f 1705//473 1706//473 1707//473
f 1708//474 1709//474 1710//474
f 1711//475 1712//475 1713//475
f 1714//476 1715//476 1716//476
f 1717//477 1718//477 1719//477
f 1720//478 1721//478 1722//478
f 1723//479 1724//479 1725//479
f 1726//480 1727//480 1728//480
f 1729//481 1730//481 1731//481
f 1732//482 1733//482 1734//482
f 1735//483 1736//483 1737//483
f 1738//484 1739//484 1740//484
f 1741//485 1742//485 1743//485
f 1744//486 1745//486 1746//486
f 1747//487 1748//487 1749//487
f 1750//488 1751//488 1752//488
f 1753//489 1754//489 1755//489
f 1756//490 1757//490 1758//490
f 1759//491 1760//491 1761//491
f 1762//492 1763//492 1764//492
f 1765//493 1766//493 1767//493
f 1768//494 1769//494 1770//494
f 1771//495 1772//495 1773//495
f 1774//492 1775//492 1776//492
f 1777//496 1778//496 1779//496
f 1780//107 1781//107 1782//107
f 1783//107 1784//107 1785//107
f 1786//107 1787//107 1788//107
f 1789//107 1790//107 1791//107
f 1792//107 1793//107 1794//107
f 1795//497 1796//497 1797//497
f 1798//498 1799//498 1800//498
f 1801//499 1802//499 1803//499
f 1804//500 1805//500 1806//500
f 1807//497 1808//497 1809//497
f 1810//501 1811//501 1812//501
f 1813//502 1814//502 1815//502
f 1816//503 1817//503 1818//503
f 1819//504 1820//504 1821//504
f 1822//505 1823//505 1824//505
f 1825//181 1826//181 1827//181
f 1828//181 1829//181 1830//181
f 1831//181 1832//181 1833//181
f 1834//506 1835//506 1836//506
f 1837//507 1838//507 1839//507
f 1840//508 1841//508 1842//508
f 1843//509 1844//509 1845//509
f 1846//510 1847//510 1848//510
f 1849//511 1850//511 1851//511
f 1852//512 1853//512 1854//512
f 1855//513 1856//513 1857//513
f 1858//514 1859//514 1860//514
f 1861//515 1862//515 1863//515
f 1864//516 1865//516 1866//516
f 1867//517 1868//517 1869//517
f 1870//518 1871//518 1872//518
f 1873//518 1874//518 1875//518
f 1876//519 1877//519 1878//519
f 1879//520 1880//520 1881//520
f 1882//225 1883//225 1884//225
f 1885//225 1886//225 1887//225
f 1888//225 1889//225 1890//225
f 1891//225 1892//225 1893//225
f 1894//225 1895//225 1896//225
f 1897//521 1898//521 1899//521
f 1900//522 1901//522 1902//522
f 1903//523 1904//523 1905//523
f 1906//524 1907//524 1908//524
f 1909//525 1910//525 1911//525
f 1912//526 1913//526 1914//526
f 1915//527 1916//527 1917//527
f 1918//528 1919//528 1920//528
f 1921//529 1922//529 1923//529
f 1924//530 1925//530 1926//530
f 1927//531 1928//531 1929//531
f 1930//528 1931//528 1932//528
f 1933//532 1934//532 1935//532
f 1936//533 1937//533 1938//533
f 1939//534 1940//534 1941//534
f 1942//535 1943//535 1944//535
f 1945//536 1946//536 1947//536
f 1948//537 1949//537 1950//537
f 1951//538 1952//538 1953//538
f 1954//539 1955//539 1956//539
f 1957//540 1958//540 1959//540
f 1960//541 1961//541 1962//541
f 1963//542 1964//542 1965//542
f 1966//543 1967//543 1968//543
f 1969//544 1970//544 1971//544
f 1972//545 1973//545 1974//545
f 1975//546 1976//546 1977//546
f 1978//546 1979//546 1980//546
f 1981//547 1982//547 1983//547
f 1984//548 1985//548 1986//548
f 1987//549 1988//549 1989//549
f 1990//550 1991//550 1992//550
f 1993//551 1994//551 1995//551
f 1996//552 1997//552 1998//552
f 1999//553 2000//553 2001//553
f 2002//554 2003//554 2004//554
f 2005//225 2006//225 2007//225
f 2008//225 2009//225 2010//225
f 2011//555 2012//555 2013//555
f 2014//555 2015//555 2016//555
f 2017//556 2018//556 2019//556
f 2020//557 2021//557 2022//557
f 2023//558 2024//558 2025//558
f 2026//559 2027//559 2028//559
f 2029//560 2030//560 2031//560
f 2032//561 2033//561 2034//561
f 2035//562 2036//562 2037//562
f 2038//563 2039//563 2040//563
f 2041//564 2042//564 2043//564
f 2044//565 2045//565 2046//565
f 2047//566 2048//566 2049//566
f 2050//567 2051//567 2052//567
f 2053//568 2054//568 2055//568
f 2056//225 2057//225 2058//225
f 2059//225 2060//225 2061//225
f 2062//225 2063//225 2064//225
f 2065//225 2066//225 2067//225
f 2068//225 2069//225 2070//225
f 2071//225 2072//225 2073//225
f 2074//225 2075//225 2076//225
f 2077//225 2078//225 2079//225
f 2080//569 2081//569 2082//569
f 2083//570 2084//570 2085//570
f 2086//571 2087//571 2088//571
f 2089//572 2090//572 2091//572
f 2092//573 2093//573 2094//573
f 2095//574 2096//574 2097//574
f 2098//575 2099//575 2100//575
f 2101//576 2102//576 2103//576
f 2104//577 2105//577 2106//577
f 2107//578 2108//578 2109//578
f 2110//579 2111//579 2112//579
f 2113//580 2114//580 2115//580
f 2116//581 2117//581 2118//581
f 2119//582 2120//582 2121//582
f 2122//583 2123//583 2124//583
f 2125//584 2126//584 2127//584
f 2128//585 2129//585 2130//585
f 2131//586 2132//586 2133//586
f 2134//587 2135//587 2136//587
f 2137//588 2138//588 2139//588
f 2140//589 2141//589 2142//589
f 2143//590 2144//590 2145//590
f 2146//591 2147//591 2148//591
f 2149//592 2150//592 2151//592
f 2152//593 2153//593 2154//593
f 2155//594 2156//594 2157//594
f 2158//595 2159//595 2160//595
f 2161//596 2162//596 2163//596
f 2164//597 2165//597 2166//597
f 2167//598 2168//598 2169//598
f 2170//599 2171//599 2172//599
f 2173//600 2174//600 2175//600
f 2176//601 2177//601 2178//601
f 2179//601 2180//601 2181//601
f 2182//602 2183//602 2184//602
f 2185//603 2186//603 2187//603
f 2188//604 2189//604 2190//604
f 2191//605 2192//605 2193//605
f 2194//606 2195//606 2196//606
f 2197//607 2198//607 2199//607
f 2200//107 2201//107 2202//107
f 2203//107 2204//107 2205//107
f 2206//107 2207//107 2208//107
f 2209//107 2210//107 2211//107
f 2212//107 2213//107 2214//107
f 2215//107 2216//107 2217//107
f 2218//107 2219//107 2220//107
f 2221//107 2222//107 2223//107
f 2224//107 2225//107 2226//107
f 2227//107 2228//107 2229//107
f 2230//107 2231//107 2232//107
f 2233//608 2234//608 2235//608
f 2236//609 2237//609 2238//609
f 2239//610 2240//610 2241//610
f 2242//611 2243//611 2244//611
f 2245//612 2246//612 2247//612
f 2248//613 2249//613 2250//613
f 2251//614 2252//614 2253//614
f 2254//615 2255//615 2256//615
f 2257//616 2258//616 2259//616
f 2260//617 2261//617 2262//617
f 2263//618 2264//618 2265//618
f 2266//619 2267//619 2268//619
f 2269//620 2270//620 2271//620
f 2272//621 2273//621 2274//621
f 2275//622 2276//622 2277//622
f 2278//623 2279//623 2280//623
f 2281//624 2282//624 2283//624
f 2284//625 2285//625 2286//625
f 2287//626 2288//626 2289//626
f 2290//627 2291//627 2292//627
f 2293//628 2294//628 2295//628
f 2296//629 2297//629 2298//629
f 2299//630 2300//630 2301//630
f 2302//631 2303//631 2304//631
f 2305//632 2306//632 2307//632
f 2308//633 2309//633 2310//633
f 2311//634 2312//634 2313//634
f 2314//635 2315//635 2316//635
f 2317//636 2318//636 2319//636
f 2320//637 2321//637 2322//637
f 2323//638 2324//638 2325//638
f 2326//639 2327//639 2328//639
f 2329//640 2330//640 2331//640
f 2332//641 2333//641 2334//641
f 2335//642 2336//642 2337//642
f 2338//642 2339//642 2340//642
f 2341//643 2342//643 2343//643
f 2344//644 2345//644 2346//644
f 2347//645 2348//645 2349//645
f 2350//646 2351//646 2352//646
f 2353//647 2354//647 2355//647
f 2356//648 2357//648 2358//648
f 2359//649 2360//649 2361//649
f 2362//650 2363//650 2364//650
f 2365//638 2366//638 2367//638
f 2368//651 2369//651 2370//651
f 2371//652 2372//652 2373//652
f 2374//653 2375//653 2376//653
f 2377//654 2378//654 2379//654
f 2380//655 2381//655 2382//655
f 2383//656 2384//656 2385//656
f 2386//657 2387//657 2388//657
f 2389//658 2390//658 2391//658
f 2392//659 2393//659 2394//659
f 2395//660 2396//660 2397//660
f 2398//661 2399//661 2400//661
f 2401//662 2402//662 2403//662
f 2404//663 2405//663 2406//663
f 2407//664 2408//664 2409//664
f 2410//665 2411//665 2412//665
f 2413//666 2414//666 2415//666
f 2416//667 2417//667 2418//667
f 2419//668 2420//668 2421//668
f 2422//667 2423//667 2424//667
f 2425//669 2426//669 2427//669
f 2428//670 2429//670 2430//670
f 2431//671 2432//671 2433//671
f 2434//672 2435//672 2436//672
f 2437//673 2438//673 2439//673
f 2440//674 2441//674 2442//674
f 2443//675 2444//675 2445//675
f 2446//659 2447//659 2448//659
f 2449//676 2450//676 2451//676
f 2452//677 2453//677 2454//677
f 2455//678 2456//678 2457//678
f 2458//679 2459//679 2460//679
f 2461//680 2462//680 2463//680
f 2464//681 2465//681 2466//681
f 2467//682 2468//682 2469//682
f 2470//683 2471//683 2472//683
f 2473//684 2474//684 2475//684
f 2476//170 2477//170 2478//170
f 2479//172 2480//172 2481//172
f 2482//685 2483//685 2484//685
f 2485//175 2486//175 2487//175
f 2488//175 2489//175 2490//175
f 2491//686 2492//686 2493//686
f 2494//687 2495//687 2496//687
f 2497//688 2498//688 2499//688
f 2500//689 2501//689 2502//689
f 2503//180 2504//180 2505//180
f 2506//182 2507//182 2508//182
f 2509//183 2510//183 2511//183
f 2512//168 2513//168 2514//168
f 2515//690 2516//690 2517//690
f 2518//107 2519//107 2520//107
f 2521//107 2522//107 2523//107
f 2524//107 2525//107 2526//107
f 2527//107 2528//107 2529//107
f 2530//107 2531//107 2532//107
f 2533//107 2534//107 2535//107
f 2536//107 2537//107 2538//107
f 2539//107 2540//107 2541//107
f 2542//107 2543//107 2544//107
f 2545//107 2546//107 2547//107
f 2548//107 2549//107 2550//107
f 2551//107 2552//107 2553//107
f 2554//107 2555//107 2556//107
f 2557//107 2558//107 2559//107
f 2560//691 2561//691 2562//691
f 2563//187 2564//187 2565//187
f 2566//692 2567//692 2568//692
f 2569//693 2570//693 2571//693
f 2572//190 2573//190 2574//190
f 2575//694 2576//694 2577//694
f 2578//694 2579//694 2580//694
f 2581//190 2582//190 2583//190
f 2584//695 2585//695 2586//695
f 2587//187 2588//187 2589//187
f 2590//691 2591//691 2592//691
f 2593//696 2594//696 2595//696
f 2596//697 2597//697 2598//697
f 2599//698 2600//698 2601//698
f 2602//699 2603//699 2604//699
f 2605//700 2606//700 2607//700
f 2608//701 2609//701 2610//701
f 2611//702 2612//702 2613//702
f 2614//703 2615//703 2616//703
f 2617//704 2618//704 2619//704
f 2620//705 2621//705 2622//705
f 2623//706 2624//706 2625//706
f 2626//707 2627//707 2628//707
f 2629//708 2630//708 2631//708
f 2632//709 2633//709 2634//709
f 2635//710 2636//710 2637//710
f 2638//711 2639//711 2640//711
f 2641//712 2642//712 2643//712
f 2644//713 2645//713 2646//713
f 2647//714 2648//714 2649//714
f 2650//715 2651//715 2652//715
f 2653//716 2654//716 2655//716
f 2656//717 2657//717 2658//717
f 2659//718 2660//718 2661//718
f 2662//719 2663//719 2664//719
f 2665//720 2666//720 2667//720
f 2668//721 2669//721 2670//721
f 2671//722 2672//722 2673//722
f 2674//723 2675//723 2676//723
f 2677//724 2678//724 2679//724
f 2680//725 2681//725 2682//725
f 2683//726 2684//726 2685//726
f 2686//727 2687//727 2688//727
f 2689//728 2690//728 2691//728
f 2692//729 2693//729 2694//729
f 2695//730 2696//730 2697//730
f 2698//731 2699//731 2700//731
f 2701//732 2702//732 2703//732
f 2704//733 2705//733 2706//733
f 2707//734 2708//734 2709//734
f 2710//735 2711//735 2712//735
f 2713//736 2714//736 2715//736
f 2716//737 2717//737 2718//737
f 2719//738 2720//738 2721//738
f 2722//739 2723//739 2724//739
f 2725//740 2726//740 2727//740
f 2728//741 2729//741 2730//741
f 2731//742 2732//742 2733//742
f 2734//743 2735//743 2736//743
f 2737//744 2738//744 2739//744
f 2740//745 2741//745 2742//745
f 2743//746 2744//746 2745//746
f 2746//747 2747//747 2748//747
f 2749//748 2750//748 2751//748
f 2752//749 2753//749 2754//749
f 2755//750 2756//750 2757//750
f 2758//751 2759//751 2760//751
f 2761//752 2762//752 2763//752
f 2764//753 2765//753 2766//753
f 2767//754 2768//754 2769//754
f 2770//755 2771//755 2772//755
f 2773//756 2774//756 2775//756
f 2776//757 2777//757 2778//757
f 2779//758 2780//758 2781//758
f 2782//759 2783//759 2784//759
f 2785//760 2786//760 2787//760
f 2788//761 2789//761 2790//761
f 2791//762 2792//762 2793//762
f 2794//763 2795//763 2796//763
f 2797//764 2798//764 2799//764
f 2800//765 2801//765 2802//765
f 2803//766 2804//766 2805//766
f 2806//767 2807//767 2808//767
f 2809//768 2810//768 2811//768
f 2812//769 2813//769 2814//769
f 2815//770 2816//770 2817//770
f 2818//771 2819//771 2820//771
f 2821//772 2822//772 2823//772
f 2824//773 2825//773 2826//773
f 2827//774 2828//774 2829//774
f 2830//775 2831//775 2832//775
f 2833//776 2834//776 2835//776
f 2836//777 2837//777 2838//777
f 2839//778 2840//778 2841//778
f 2842//779 2843//779 2844//779
f 2845//780 2846//780 2847//780
f 2848//781 2849//781 2850//781
f 2851//782 2852//782 2853//782
f 2854//783 2855//783 2856//783
f 2857//784 2858//784 2859//784
f 2860//785 2861//785 2862//785
f 2863//225 2864//225 2865//225
f 2866//225 2867//225 2868//225
f 2869//225 2870//225 2871//225
f 2872//225 2873//225 2874//225
f 2875//225 2876//225 2877//225
f 2878//786 2879//786 2880//786
f 2881//225 2882//225 2883//225
f 2884//787 2885//787 2886//787
f 2887//225 2888//225 2889//225
f 2890//225 2891//225 2892//225
f 2893//225 2894//225 2895//225
f 2896//225 2897//225 2898//225
f 2899//225 2900//225 2901//225
f 2902//225 2903//225 2904//225
f 2905//225 2906//225 2907//225
f 2908//788 2909//788 2910//788
f 2911//789 2912//789 2913//789
f 2914//790 2915//790 2916//790
f 2917//791 2918//791 2919//791
f 2920//792 2921//792 2922//792
f 2923//793 2924//793 2925//793
f 2926//794 2927//794 2928//794
f 2929//795 2930//795 2931//795
f 2932//796 2933//796 2934//796
f 2935//797 2936//797 2937//797
f 2938//798 2939//798 2940//798
f 2941//799 2942//799 2943//799
f 2944//800 2945//800 2946//800
f 2947//801 2948//801 2949//801
f 2950//802 2951//802 2952//802
f 2953//803 2954//803 2955//803
f 2956//804 2957//804 2958//804
f 2959//225 2960//225 2961//225
f 2962//805 2963//805 2964//805
f 2965//806 2966//806 2967//806
f 2968//807 2969//807 2970//807
f 2971//808 2972//808 2973//808
f 2974//809 2975//809 2976//809
f 2977//809 2978//809 2979//809
f 2980//225 2981//225 2982//225
f 2983//225 2984//225 2985//225
f 2986//810 2987//810 2988//810
f 2989//811 2990//811 2991//811
f 2992//812 2993//812 2994//812
f 2995//813 2996//813 2997//813
f 2998//814 2999//814 3000//814
f 3001//815 3002//815 3003//815
f 3004//816 3005//816 3006//816
f 3007//817 3008//817 3009//817
f 3010//818 3011//818 3012//818
f 3013//819 3014//819 3015//819
f 3016//820 3017//820 3018//820
f 3019//821 3020//821 3021//821
f 3022//822 3023//822 3024//822
f 3025//225 3026//225 3027//225
f 3028//225 3029//225 3030//225
f 3031//225 3032//225 3033//225
f 3034//225 3035//225 3036//225
f 3037//225 3038//225 3039//225
f 3040//225 3041//225 3042//225
f 3043//823 3044//823 3045//823
f 3046//824 3047//824 3048//824
f 3049//825 3050//825 3051//825
f 3052//808 3053//808 3054//808
f 3055//808 3056//808 3057//808
f 3058//808 3059//808 3060//808
f 3061//808 3062//808 3063//808
f 3064//808 3065//808 3066//808
f 3067//808 3068//808 3069//808
f 3070//826 3071//826 3072//826
f 3073//827 3074//827 3075//827
f 3076//828 3077//828 3078//828
f 3079//829 3080//829 3081//829
f 3082//830 3083//830 3084//830
f 3085//831 3086//831 3087//831
f 3088//832 3089//832 3090//832
f 3091//828 3092//828 3093//828
f 3094//827 3095//827 3096//827
f 3097//833 3098//833 3099//833
f 3100//834 3101//834 3102//834
f 3103//835 3104//835 3105//835
f 3106//836 3107//836 3108//836
f 3109//837 3110//837 3111//837
f 3112//838 3113//838 3114//838
f 3115//839 3116//839 3117//839
f 3118//840 3119//840 3120//840
f 3121//841 3122//841 3123//841
f 3124//842 3125//842 3126//842
f 3127//843 3128//843 3129//843
f 3130//844 3131//844 3132//844
f 3133//845 3134//845 3135//845
f 3136//846 3137//846 3138//846
f 3139//847 3140//847 3141//847
f 3142//848 3143//848 3144//848
f 3145//849 3146//849 3147//849
f 3148//850 3149//850 3150//850
f 3151//851 3152//851 3153//851
f 3154//852 3155//852 3156//852
f 3157//853 3158//853 3159//853
f 3160//854 3161//854 3162//854
f 3163//855 3164//855 3165//855
f 3166//856 3167//856 3168//856
f 3169//857 3170//857 3171//857
f 3172//858 3173//858 3174//858
f 3175//859 3176//859 3177//859
f 3178//860 3179//860 3180//860
f 3181//861 3182//861 3183//861
f 3184//862 3185//862 3186//862
f 3187//863 3188//863 3189//863
f 3190//864 3191//864 3192//864
f 3193//865 3194//865 3195//865
f 3196//866 3197//866 3198//866
f 3199//867 3200//867 3201//867
f 3202//868 3203//868 3204//868
f 3205//869 3206//869 3207//869
f 3208//870 3209//870 3210//870
f 3211//871 3212//871 3213//871
f 3214//872 3215//872 3216//872
f 3217//873 3218//873 3219//873
f 3220//874 3221//874 3222//874
f 3223//875 3224//875 3225//875
f 3226//876 3227//876 3228//876
f 3229//877 3230//877 3231//877
f 3232//878 3233//878 3234//878
f 3235//879 3236//879 3237//879
f 3238//880 3239//880 3240//880
f 3241//808 3242//808 3243//808
f 3244//808 3245//808 3246//808
f 3247//881 3248//881 3249//881
f 3250//808 3251//808 3252//808
f 3253//387 3254//387 3255//387
f 3256//882 3257//882 3258//882
f 3259//883 3260//883 3261//883
f 3262//884 3263//884 3264//884
f 3265//885 3266//885 3267//885
f 3268//886 3269//886 3270//886
f 3271//887 3272//887 3273//887
f 3274//888 3275//888 3276//888
f 3277//889 3278//889 3279//889
f 3280//890 3281//890 3282//890
f 3283//891 3284//891 3285//891
f 3286//892 3287//892 3288//892
f 3289//893 3290//893 3291//893
f 3292//894 3293//894 3294//894
f 3295//895 3296//895 3297//895
f 3298//896 3299//896 3300//896
f 3301//897 3302//897 3303//897
f 3304//898 3305//898 3306//898
f 3307//899 3308//899 3309//899
f 3310//900 3311//900 3312//900
f 3313//901 3314//901 3315//901
f 3316//902 3317//902 3318//902
f 3319//903 3320//903 3321//903
f 3322//904 3323//904 3324//904
f 3325//905 3326//905 3327//905
f 3328//906 3329//906 3330//906
f 3331//907 3332//907 3333//907
f 3334//908 3335//908 3336//908
f 3337//909 3338//909 3339//909
f 3340//910 3341//910 3342//910
f 3343//911 3344//911 3345//911
f 3346//912 3347//912 3348//912
f 3349//407 3350//407 3351//407
f 3352//913 3353//913 3354//913
f 3355//225 3356//225 3357//225
f 3358//225 3359//225 3360//225
f 3361//225 3362//225 3363//225
f 3364//225 3365//225 3366//225
f 3367//225 3368//225 3369//225
f 3370//225 3371//225 3372//225
f 3373//225 3374//225 3375//225
f 3376//225 3377//225 3378//225
f 3379//914 3380//914 3381//914
f 3382//915 3383//915 3384//915
f 3385//916 3386//916 3387//916
f 3388//917 3389//917 3390//917
f 3391//918 3392//918 3393//918
f 3394//919 3395//919 3396//919
f 3397//920 3398//920 3399//920
f 3400//921 3401//921 3402//921
f 3403//922 3404//922 3405//922
f 3406//923 3407//923 3408//923
f 3409//924 3410//924 3411//924
f 3412//925 3413//925 3414//925
f 3415//926 3416//926 3417//926
f 3418//927 3419//927 3420//927
f 3421//928 3422//928 3423//928
f 3424//929 3425//929 3426//929
f 3427//930 3428//930 3429//930
f 3430//931 3431//931 3432//931
f 3433//932 3434//932 3435//932
f 3436//933 3437//933 3438//933
f 3439//934 3440//934 3441//934
f 3442//935 3443//935 3444//935
f 3445//936 3446//936 3447//936
f 3448//937 3449//937 3450//937
f 3451//938 3452//938 3453//938
f 3454//939 3455//939 3456//939
f 3457//940 3458//940 3459//940
f 3460//941 3461//941 3462//941
f 3463//942 3464//942 3465//942
f 3466//943 3467//943 3468//943
f 3469//944 3470//944 3471//944
f 3472//945 3473//945 3474//945
f 3475//946 3476//946 3477//946
f 3478//947 3479//947 3480//947
f 3481//948 3482//948 3483//948
f 3484//949 3485//949 3486//949
f 3487//950 3488//950 3489//950
f 3490//951 3491//951 3492//951
f 3493//952 3494//952 3495//952
f 3496//953 3497//953 3498//953
f 3499//954 3500//954 3501//954
f 3502//955 3503//955 3504//955
f 3505//956 3506//956 3507//956
f 3508//957 3509//957 3510//957
f 3511//958 3512//958 3513//958
f 3514//959 3515//959 3516//959
f 3517//960 3518//960 3519//960
f 3520//961 3521//961 3522//961
f 3523//962 3524//962 3525//962
f 3526//963 3527//963 3528//963
f 3529//964 3530//964 3531//964
f 3532//965 3533//965 3534//965
f 3535//966 3536//966 3537//966
f 3538//967 3539//967 3540//967
f 3541//968 3542//968 3543//968
f 3544//969 3545//969 3546//969
f 3547//970 3548//970 3549//970
f 3550//971 3551//971 3552//971
f 3553//972 3554//972 3555//972
f 3556//973 3557//973 3558//973
f 3559//974 3560//974 3561//974
f 3562//975 3563//975 3564//975
f 3565//976 3566//976 3567//976
f 3568//977 3569//977 3570//977
f 3571//978 3572//978 3573//978
f 3574//979 3575//979 3576//979
f 3577//980 3578//980 3579//980
f 3580//981 3581//981 3582//981
f 3583//982 3584//982 3585//982
f 3586//983 3587//983 3588//983
f 3589//984 3590//984 3591//984
f 3592//985 3593//985 3594//985
f 3595//986 3596//986 3597//986
f 3598//987 3599//987 3600//987
f 3601//988 3602//988 3603//988
f 3604//989 3605//989 3606//989
f 3607//989 3608//989 3609//989
f 3610//990 3611//990 3612//990
f 3613//991 3614//991 3615//991
f 3616//992 3617//992 3618//992
f 3619//993 3620//993 3621//993
f 3622//994 3623//994 3624//994
f 3625//995 3626//995 3627//995
f 3628//996 3629//996 3630//996
f 3631//997 3632//997 3633//997
f 3634//994 3635//994 3636//994
f 3637//998 3638//998 3639//998
f 3640//999 3641//999 3642//999
f 3643//1000 3644//1000 3645//1000
f 3646//1001 3647//1001 3648//1001
f 3649//1002 3650//1002 3651//1002
f 3652//1003 3653//1003 3654//1003
f 3655//1004 3656//1004 3657//1004
f 3658//1005 3659//1005 3660//1005
f 3661//1006 3662//1006 3663//1006
f 3664//1007 3665//1007 3666//1007
f 3667//1008 3668//1008 3669//1008
f 3670//1009 3671//1009 3672//1009
f 3673//1010 3674//1010 3675//1010
f 3676//1011 3677//1011 3678//1011
f 3679//1012 3680//1012 3681//1012
f 3682//1013 3683//1013 3684//1013
f 3685//1014 3686//1014 3687//1014
f 3688//1015 3689//1015 3690//1015
f 3691//1016 3692//1016 3693//1016
f 3694//1017 3695//1017 3696//1017
f 3697//1018 3698//1018 3699//1018
f 3700//1019 3701//1019 3702//1019
f 3703//107 3704//107 3705//107
f 3706//107 3707//107 3708//107
f 3709//107 3710//107 3711//107
f 3712//1020 3713//1020 3714//1020
f 3715//107 3716//107 3717//107
f 3718//107 3719//107 3720//107
f 3721//107 3722//107 3723//107
f 3724//107 3725//107 3726//107
f 3727//107 3728//107 3729//107
f 3730//107 3731//107 3732//107
f 3733//107 3734//107 3735//107
f 3736//107 3737//107 3738//107
f 3739//107 3740//107 3741//107
f 3742//107 3743//107 3744//107
f 3745//107 3746//107 3747//107
f 3748//107 3749//107 3750//107
f 3751//1021 3752//1021 3753//1021
f 3754//1022 3755//1022 3756//1022
f 3757//1023 3758//1023 3759//1023
f 3760//1024 3761//1024 3762//1024
f 3763//1025 3764//1025 3765//1025
f 3766//1026 3767//1026 3768//1026
f 3769//1027 3770//1027 3771//1027
f 3772//1028 3773//1028 3774//1028
f 3775//1029 3776//1029 3777//1029
f 3778//1030 3779//1030 3780//1030
f 3781//1031 3782//1031 3783//1031
f 3784//1031 3785//1031 3786//1031
f 3787//1032 3788//1032 3789//1032
f 3790//1033 3791//1033 3792//1033
f 3793//1034 3794//1034 3795//1034
f 3796//1035 3797//1035 3798//1035
f 3799//1036 3800//1036 3801//1036
f 3802//1037 3803//1037 3804//1037
f 3805//1038 3806//1038 3807//1038
f 3808//1039 3809//1039 3810//1039
f 3811//1040 3812//1040 3813//1040
f 3814//1041 3815//1041 3816//1041
f 3817//1042 3818//1042 3819//1042
f 3820//1043 3821//1043 3822//1043
f 3823//1044 3824//1044 3825//1044
f 3826//1045 3827//1045 3828//1045
f 3829//1046 3830//1046 3831//1046
f 3832//1047 3833//1047 3834//1047
f 3835//1048 3836//1048 3837//1048
f 3838//1049 3839//1049 3840//1049
f 3841//1050 3842//1050 3843//1050
f 3844//1051 3845//1051 3846//1051
f 3847//1052 3848//1052 3849//1052
f 3850//1053 3851//1053 3852//1053
f 3853//1054 3854//1054 3855//1054
f 3856//1055 3857//1055 3858//1055
f 3859//1056 3860//1056 3861//1056
f 3862//1057 3863//1057 3864//1057
f 3865//1058 3866//1058 3867//1058
f 3868//1059 3869//1059 3870//1059
f 3871//1060 3872//1060 3873//1060
f 3874//1061 3875//1061 3876//1061
f 3877//1062 3878//1062 3879//1062
f 3880//1063 3881//1063 3882//1063
f 3883//1064 3884//1064 3885//1064
f 3886//1065 3887//1065 3888//1065
f 3889//1066 3890//1066 3891//1066
f 3892//1067 3893//1067 3894//1067
f 3895//1068 3896//1068 3897//1068
f 3898//1069 3899//1069 3900//1069
f 3901//1070 3902//1070 3903//1070
f 3904//1071 3905//1071 3906//1071
f 3907//1072 3908//1072 3909//1072
f 3910//1073 3911//1073 3912//1073
f 3913//1074 3914//1074 3915//1074
f 3916//1075 3917//1075 3918//1075
f 3919//1076 3920//1076 3921//1076
f 3922//1077 3923//1077 3924//1077
f 3925//1078 3926//1078 3927//1078
f 3928//1079 3929//1079 3930//1079
f 3931//1080 3932//1080 3933//1080
f 3934//1081 3935//1081 3936//1081
f 3937//1082 3938//1082 3939//1082
f 3940//1083 3941//1083 3942//1083
f 3943//1084 3944//1084 3945//1084
f 3946//1085 3947//1085 3948//1085
f 3949//1086 3950//1086 3951//1086
f 3952//1087 3953//1087 3954//1087
f 3955//1088 3956//1088 3957//1088
f 3958//1089 3959//1089 3960//1089
f 3961//1090 3962//1090 3963//1090
f 3964//1091 3965//1091 3966//1091
f 3967//1092 3968//1092 3969//1092
f 3970//1093 3971//1093 3972//1093
f 3973//1081 3974//1081 3975//1081
f 3976//1094 3977//1094 3978//1094
f 3979//1095 3980//1095 3981//1095
f 3982//1096 3983//1096 3984//1096
f 3985//107 3986//107 3987//107
f 3988//107 3989//107 3990//107
f 3991//107 3992//107 3993//107
f 3994//107 3995//107 3996//107
f 3997//107 3998//107 3999//107
f 4000//107 4001//107 4002//107
f 4003//107 4004//107 4005//107
f 4006//107 4007//107 4008//107
f 4009//107 4010//107 4011//107
f 4012//107 4013//107 4014//107
f 4015//107 4016//107 4017//107
f 4018//107 4019//107 4020//107
f 4021//107 4022//107 4023//107
f 4024//107 4025//107 4026//107
f 4027//107 4028//107 4029//107
f 4030//1097 4031//1097 4032//1097
f 4033//187 4034//187 4035//187
f 4036//188 4037//188 4038//188
f 4039//192 4040//192 4041//192
f 4042//192 4043//192 4044//192
f 4045//190 4046//190 4047//190
f 4048//694 4049//694 4050//694
f 4051//694 4052//694 4053//694
f 4054//190 4055//190 4056//190
f 4057//1098 4058//1098 4059//1098
f 4060//187 4061//187 4062//187
f 4063//1097 4064//1097 4065//1097
f 4066//1099 4067//1099 4068//1099
f 4069//1100 4070//1100 4071//1100
f 4072//1101 4073//1101 4074//1101
f 4075//1102 4076//1102 4077//1102
f 4078//1103 4079//1103 4080//1103
f 4081//1104 4082//1104 4083//1104
f 4084//1105 4085//1105 4086//1105
f 4087//1106 4088//1106 4089//1106
f 4090//1107 4091//1107 4092//1107
f 4093//1108 4094//1108 4095//1108
f 4096//1109 4097//1109 4098//1109
f 4099//1110 4100//1110 4101//1110
f 4102//1111 4103//1111 4104//1111
f 4105//1112 4106//1112 4107//1112
f 4108//1113 4109//1113 4110//1113
f 4111//1114 4112//1114 4113//1114
f 4114//1115 4115//1115 4116//1115
f 4117//1116 4118//1116 4119//1116
f 4120//1117 4121//1117 4122//1117
f 4123//1118 4124//1118 4125//1118
f 4126//1119 4127//1119 4128//1119
f 4129//1120 4130//1120 4131//1120
f 4132//1121 4133//1121 4134//1121
f 4135//1122 4136//1122 4137//1122
f 4138//1123 4139//1123 4140//1123
f 4141//1124 4142//1124 4143//1124
f 4144//1125 4145//1125 4146//1125
f 4147//1126 4148//1126 4149//1126
f 4150//1127 4151//1127 4152//1127
f 4153//906 4154//906 4155//906
f 4156//1128 4157//1128 4158//1128
f 4159//1127 4160//1127 4161//1127
f 4162//1129 4163//1129 4164//1129
f 4165//1130 4166//1130 4167//1130
f 4168//1131 4169//1131 4170//1131
f 4171//225 4172//225 4173//225
f 4174//225 4175//225 4176//225
f 4177//225 4178//225 4179//225
f 4180//225 4181//225 4182//225
f 4183//1132 4184//1132 4185//1132
f 4186//225 4187//225 4188//225
f 4189//1133 4190//1133 4191//1133
f 4192//225 4193//225 4194//225
f 4195//225 4196//225 4197//225
f 4198//225 4199//225 4200//225
f 4201//225 4202//225 4203//225
f 4204//225 4205//225 4206//225
f 4207//225 4208//225 4209//225
f 4210//225 4211//225 4212//225
f 4213//225 4214//225 4215//225
f 4216//225 4217//225 4218//225
f 4219//225 4220//225 4221//225
f 4222//225 4223//225 4224//225
f 4225//225 4226//225 4227//225
f 4228//1134 4229//1134 4230//1134
f 4231//1135 4232//1135 4233//1135
f 4234//1136 4235//1136 4236//1136
f 4237//1137 4238//1137 4239//1137
f 4240//1138 4241//1138 4242//1138
f 4243//1139 4244//1139 4245//1139
f 4246//1140 4247//1140 4248//1140
f 4249//1141 4250//1141 4251//1141
f 4252//1142 4253//1142 4254//1142
f 4255//1143 4256//1143 4257//1143
f 4258//1144 4259//1144 4260//1144
f 4261//1145 4262//1145 4263//1145
f 4264//1146 4265//1146 4266//1146
f 4267//1147 4268//1147 4269//1147
f 4270//1148 4271//1148 4272//1148
f 4273//1149 4274//1149 4275//1149
f 4276//1150 4277//1150 4278//1150
f 4279//1151 4280//1151 4281//1151
f 4282//1152 4283//1152 4284//1152
f 4285//1153 4286//1153 4287//1153
f 4288//1154 4289//1154 4290//1154
f 4291//1155 4292//1155 4293//1155
f 4294//1156 4295//1156 4296//1156
f 4297//1157 4298//1157 4299//1157
f 4300//1158 4301//1158 4302//1158
f 4303//1159 4304//1159 4305//1159
f 4306//1160 4307//1160 4308//1160
f 4309//1161 4310//1161 4311//1161
f 4312//1162 4313//1162 4314//1162
f 4315//1163 4316//1163 4317//1163
f 4318//1164 4319//1164 4320//1164
f 4321//1165 4322//1165 4323//1165
f 4324//1166 4325//1166 4326//1166
f 4327//1167 4328//1167 4329//1167
f 4330//1168 4331//1168 4332//1168
f 4333//1169 4334//1169 4335//1169
f 4336//1170 4337//1170 4338//1170
f 4339//1171 4340//1171 4341//1171
f 4342//1172 4343//1172 4344//1172
f 4345//1173 4346//1173 4347//1173
f 4348//1174 4349//1174 4350//1174
f 4351//1175 4352//1175 4353//1175
f 4354//1176 4355//1176 4356//1176
f 4357//1177 4358//1177 4359//1177
f 4360//1178 4361//1178 4362//1178
f 4363//1179 4364//1179 4365//1179
f 4366//1180 4367//1180 4368//1180
f 4369//1181 4370//1181 4371//1181
f 4372//1182 4373//1182 4374//1182
f 4375//1183 4376//1183 4377//1183
f 4378//1184 4379//1184 4380//1184
f 4381//1185 4382//1185 4383//1185
f 4384//1186 4385//1186 4386//1186
f 4387//1187 4388//1187 4389//1187
f 4390//1188 4391//1188 4392//1188
f 4393//1189 4394//1189 4395//1189
f 4396//1190 4397//1190 4398//1190
f 4399//1191 4400//1191 4401//1191
f 4402//1191 4403//1191 4404//1191
f 4405//1192 4406//1192 4407//1192
f 4408//1192 4409//1192 4410//1192
f 4411//1193 4412//1193 4413//1193
f 4414//1194 4415//1194 4416//1194
f 4417//1195 4418//1195 4419//1195
f 4420//1196 4421//1196 4422//1196
f 4423//1197 4424//1197 4425//1197
f 4426//1198 4427//1198 4428//1198
f 4429//1199 4430//1199 4431//1199
f 4432//1200 4433//1200 4434//1200
f 4435//1201 4436//1201 4437//1201
f 4438//1202 4439//1202 4440//1202
f 4441//1203 4442//1203 4443//1203
f 4444//1204 4445//1204 4446//1204
f 4447//1205 4448//1205 4449//1205
f 4450//1206 4451//1206 4452//1206
f 4453//1207 4454//1207 4455//1207
f 4456//1208 4457//1208 4458//1208
f 4459//1209 4460//1209 4461//1209
f 4462//1210 4463//1210 4464//1210
f 4465//1211 4466//1211 4467//1211
f 4468//1212 4469//1212 4470//1212
f 4471//1213 4472//1213 4473//1213
f 4474//1214 4475//1214 4476//1214
f 4477//1215 4478//1215 4479//1215
f 4480//1216 4481//1216 4482//1216
f 4483//1217 4484//1217 4485//1217
f 4486//1218 4487//1218 4488//1218
f 4489//1219 4490//1219 4491//1219
f 4492//1220 4493//1220 4494//1220
f 4495//1221 4496//1221 4497//1221
f 4498//1222 4499//1222 4500//1222
f 4501//1223 4502//1223 4503//1223
f 4504//1224 4505//1224 4506//1224
f 4507//1225 4508//1225 4509//1225
f 4510//1226 4511//1226 4512//1226
f 4513//1227 4514//1227 4515//1227
f 4516//1228 4517//1228 4518//1228
f 4519//1229 4520//1229 4521//1229
f 4522//1230 4523//1230 4524//1230
f 4525//1231 4526//1231 4527//1231
f 4528//1232 4529//1232 4530//1232
f 4531//1233 4532//1233 4533//1233
f 4534//1234 4535//1234 4536//1234
f 4537//1235 4538//1235 4539//1235
f 4540//1236 4541//1236 4542//1236
f 4543//1237 4544//1237 4545//1237
f 4546//1238 4547//1238 4548//1238
f 4549//1239 4550//1239 4551//1239
f 4552//1240 4553//1240 4554//1240
f 4555//1241 4556//1241 4557//1241
f 4558//1242 4559//1242 4560//1242
f 4561//1243 4562//1243 4563//1243
f 4564//1244 4565//1244 4566//1244
f 4567//1245 4568//1245 4569//1245
f 4570//1246 4571//1246 4572//1246
f 4573//1247 4574//1247 4575//1247
f 4576//1248 4577//1248 4578//1248
f 4579//1249 4580//1249 4581//1249
f 4582//1250 4583//1250 4584//1250
f 4585//1251 4586//1251 4587//1251
f 4588//1252 4589//1252 4590//1252
f 4591//1253 4592//1253 4593//1253
f 4594//1254 4595//1254 4596//1254
f 4597//1255 4598//1255 4599//1255
f 4600//1256 4601//1256 4602//1256
f 4603//1257 4604//1257 4605//1257
f 4606//1258 4607//1258 4608//1258
f 4609//1259 4610//1259 4611//1259
f 4612//1260 4613//1260 4614//1260
f 4615//1261 4616//1261 4617//1261
f 4618//1262 4619//1262 4620//1262
f 4621//1263 4622//1263 4623//1263
f 4624//1264 4625//1264 4626//1264
f 4627//1265 4628//1265 4629//1265
f 4630//1266 4631//1266 4632//1266
f 4633//1267 4634//1267 4635//1267
f 4636//1268 4637//1268 4638//1268
f 4639//1269 4640//1269 4641//1269
f 4642//334 4643//334 4644//334
f 4645//334 4646//334 4647//334
f 4648//225 4649//225 4650//225
f 4651//225 4652//225 4653//225
f 4654//225 4655//225 4656//225
f 4657//225 4658//225 4659//225
f 4660//225 4661//225 4662//225
f 4663//225 4664//225 4665//225
f 4666//225 4667//225 4668//225
f 4669//225 4670//225 4671//225
f 4672//225 4673//225 4674//225
f 4675//225 4676//225 4677//225
f 4678//225 4679//225 4680//225
f 4681//225 4682//225 4683//225
f 4684//1270 4685//1270 4686//1270
f 4687//1271 4688//1271 4689//1271
f 4690//1272 4691//1272 4692//1272
f 4693//1273 4694//1273 4695//1273
f 4696//1274 4697//1274 4698//1274
f 4699//1275 4700//1275 4701//1275
f 4702//1276 4703//1276 4704//1276
f 4705//1277 4706//1277 4707//1277
f 4708//1278 4709//1278 4710//1278
f 4711//1279 4712//1279 4713//1279
f 4714//1280 4715//1280 4716//1280
f 4717//1281 4718//1281 4719//1281
f 4720//1282 4721//1282 4722//1282
f 4723//225 4724//225 4725//225
f 4726//225 4727//225 4728//225
f 4729//225 4730//225 4731//225
f 4732//225 4733//225 4734//225
f 4735//225 4736//225 4737//225
f 4738//225 4739//225 4740//225
f 4741//225 4742//225 4743//225
f 4744//225 4745//225 4746//225
f 4747//1283 4748//1283 4749//1283
f 4750//1284 4751//1284 4752//1284
f 4753//1285 4754//1285 4755//1285
f 4756//1286 4757//1286 4758//1286
f 4759//1286 4760//1286 4761//1286
f 4762//1287 4763//1287 4764//1287
f 4765//1288 4766//1288 4767//1288
f 4768//467 4769//467 4770//467
f 4771//1289 4772//1289 4773//1289
f 4774//1290 4775//1290 4776//1290
f 4777//1291 4778//1291 4779//1291
f 4780//1292 4781//1292 4782//1292
f 4783//1290 4784//1290 4785//1290
f 4786//1289 4787//1289 4788//1289
f 4789//1293 4790//1293 4791//1293
f 4792//1294 4793//1294 4794//1294
f 4795//1295 4796//1295 4797//1295
f 4798//1296 4799//1296 4800//1296
f 4801//935 4802//935 4803//935
f 4804//1297 4805//1297 4806//1297
f 4807//1298 4808//1298 4809//1298
f 4810//1299 4811//1299 4812//1299
f 4813//1300 4814//1300 4815//1300
f 4816//1301 4817//1301 4818//1301
f 4819//1302 4820//1302 4821//1302
f 4822//1303 4823//1303 4824//1303
f 4825//1304 4826//1304 4827//1304
f 4828//1305 4829//1305 4830//1305
f 4831//1306 4832//1306 4833//1306
f 4834//1307 4835//1307 4836//1307
f 4837//1308 4838//1308 4839//1308
f 4840//1309 4841//1309 4842//1309
f 4843//1310 4844//1310 4845//1310
f 4846//1311 4847//1311 4848//1311
f 4849//1312 4850//1312 4851//1312
f 4852//1313 4853//1313 4854//1313
f 4855//1314 4856//1314 4857//1314
f 4858//1315 4859//1315 4860//1315
f 4861//1316 4862//1316 4863//1316
f 4864//1317 4865//1317 4866//1317
f 4867//1318 4868//1318 4869//1318
f 4870//1319 4871//1319 4872//1319
f 4873//1320 4874//1320 4875//1320
f 4876//1321 4877//1321 4878//1321
f 4879//1322 4880//1322 4881//1322
f 4882//1323 4883//1323 4884//1323
f 4885//1324 4886//1324 4887//1324
f 4888//1325 4889//1325 4890//1325
f 4891//1326 4892//1326 4893//1326
f 4894//1327 4895//1327 4896//1327
f 4897//1328 4898//1328 4899//1328
f 4900//1329 4901//1329 4902//1329
f 4903//1330 4904//1330 4905//1330
f 4906//1331 4907//1331 4908//1331
f 4909//1332 4910//1332 4911//1332
f 4912//1333 4913//1333 4914//1333
f 4915//1334 4916//1334 4917//1334
f 4918//1335 4919//1335 4920//1335
f 4921//1336 4922//1336 4923//1336
f 4924//1337 4925//1337 4926//1337
f 4927//1338 4928//1338 4929//1338
f 4930//1335 4931//1335 4932//1335
f 4933//1339 4934//1339 4935//1339
f 4936//1340 4937//1340 4938//1340
f 4939//1341 4940//1341 4941//1341
f 4942//1339 4943//1339 4944//1339
f 4945//1342 4946//1342 4947//1342
f 4948//1343 4949//1343 4950//1343
f 4951//1344 4952//1344 4953//1344
f 4954//1345 4955//1345 4956//1345
f 4957//1345 4958//1345 4959//1345
f 4960//1346 4961//1346 4962//1346
f 4963//225 4964//225 4965//225
f 4966//225 4967//225 4968//225
f 4969//225 4970//225 4971//225
f 4972//225 4973//225 4974//225
f 4975//1347 4976//1347 4977//1347
f 4978//1348 4979//1348 4980//1348
f 4981//1349 4982//1349 4983//1349
f 4984//1350 4985//1350 4986//1350
f 4987//1351 4988//1351 4989//1351
f 4990//1352 4991//1352 4992//1352
f 4993//1353 4994//1353 4995//1353
f 4996//1354 4997//1354 4998//1354
f 4999//1355 5000//1355 5001//1355
f 5002//1356 5003//1356 5004//1356
f 5005//1357 5006//1357 5007//1357
f 5008//1358 5009//1358 5010//1358
f 5011//1359 5012//1359 5013//1359
f 5014//1360 5015//1360 5016//1360
f 5017//1361 5018//1361 5019//1361
f 5020//1362 5021//1362 5022//1362
f 5023//1363 5024//1363 5025//1363
f 5026//1364 5027//1364 5028//1364
f 5029//1365 5030//1365 5031//1365
f 5032//1366 5033//1366 5034//1366
f 5035//1367 5036//1367 5037//1367
f 5038//1368 5039//1368 5040//1368
f 5041//1369 5042//1369 5043//1369
f 5044//1370 5045//1370 5046//1370
f 5047//1371 5048//1371 5049//1371
f 5050//1372 5051//1372 5052//1372
f 5053//1373 5054//1373 5055//1373
f 5056//1374 5057//1374 5058//1374
f 5059//1375 5060//1375 5061//1375
f 5062//1376 5063//1376 5064//1376
f 5065//1377 5066//1377 5067//1377
f 5068//1378 5069//1378 5070//1378
f 5071//1379 5072//1379 5073//1379
f 5074//1380 5075//1380 5076//1380
f 5077//1381 5078//1381 5079//1381
f 5080//1382 5081//1382 5082//1382
f 5083//1379 5084//1379 5085//1379
f 5086//1383 5087//1383 5088//1383
f 5089//107 5090//107 5091//107
f 5092//107 5093//107 5094//107
f 5095//107 5096//107 5097//107
f 5098//107 5099//107 5100//107
f 5101//1384 5102//1384 5103//1384
f 5104//1385 5105//1385 5106//1385
f 5107//1386 5108//1386 5109//1386
f 5110//1387 5111//1387 5112//1387
f 5113//1388 5114//1388 5115//1388
f 5116//1389 5117//1389 5118//1389
f 5119//1384 5120//1384 5121//1384
f 5122//1390 5123//1390 5124//1390
f 5125//1391 5126//1391 5127//1391
f 5128//1392 5129//1392 5130//1392
f 5131//1393 5132//1393 5133//1393
f 5134//1394 5135//1394 5136//1394
f 5137//1395 5138//1395 5139//1395
f 5140//1396 5141//1396 5142//1396
f 5143//1397 5144//1397 5145//1397
f 5146//173 5147//173 5148//173
f 5149//175 5150//175 5151//175
f 5152//174 5153//174 5154//174
f 5155//688 5156//688 5157//688
f 5158//689 5159//689 5160//689
f 5161//180 5162//180 5163//180
f 5164//107 5165//107 5166//107
f 5167//107 5168//107 5169//107
f 5170//1398 5171//1398 5172//1398
f 5173//1399 5174//1399 5175//1399
f 5176//1400 5177//1400 5178//1400
f 5179//1401 5180//1401 5181//1401
f 5182//1402 5183//1402 5184//1402
f 5185//1403 5186//1403 5187//1403
f 5188//1404 5189//1404 5190//1404
f 5191//1405 5192//1405 5193//1405
f 5194//1406 5195//1406 5196//1406
f 5197//1407 5198//1407 5199//1407
f 5200//1408 5201//1408 5202//1408
f 5203//1409 5204//1409 5205//1409
f 5206//1410 5207//1410 5208//1410
f 5209//1411 5210//1411 5211//1411
f 5212//1412 5213//1412 5214//1412
f 5215//1413 5216//1413 5217//1413
f 5218//1414 5219//1414 5220//1414
f 5221//1415 5222//1415 5223//1415
f 5224//1416 5225//1416 5226//1416
f 5227//1417 5228//1417 5229//1417
f 5230//1418 5231//1418 5232//1418
f 5233//1419 5234//1419 5235//1419
f 5236//1420 5237//1420 5238//1420
f 5239//1421 5240//1421 5241//1421
f 5242//1422 5243//1422 5244//1422
f 5245//1423 5246//1423 5247//1423
f 5248//1424 5249//1424 5250//1424
f 5251//1425 5252//1425 5253//1425
f 5254//1426 5255//1426 5256//1426
f 5257//1427 5258//1427 5259//1427
f 5260//1428 5261//1428 5262//1428
f 5263//1429 5264//1429 5265//1429
f 5266//1430 5267//1430 5268//1430
f 5269//1431 5270//1431 5271//1431
f 5272//1432 5273//1432 5274//1432
f 5275//1433 5276//1433 5277//1433
f 5278//1434 5279//1434 5280//1434
f 5281//1435 5282//1435 5283//1435
f 5284//225 5285//225 5286//225
f 5287//225 5288//225 5289//225
f 5290//225 5291//225 5292//225
f 5293//1436 5294//1436 5295//1436
f 5296//225 5297//225 5298//225
f 5299//225 5300//225 5301//225
f 5302//225 5303//225 5304//225
f 5305//225 5306//225 5307//225
f 5308//225 5309//225 5310//225
f 5311//1437 5312//1437 5313//1437
f 5314//225 5315//225 5316//225
f 5317//225 5318//225 5319//225
f 5320//225 5321//225 5322//225
f 5323//225 5324//225 5325//225
f 5326//225 5327//225 5328//225
f 5329//225 5330//225 5331//225
f 5332//225 5333//225 5334//225
f 5335//225 5336//225 5337//225
f 5338//1438 5339//1438 5340//1438
f 5341//881 5342//881 5343//881
f 5344//808 5345//808 5346//808
f 5347//1439 5348//1439 5349//1439
f 5350//1440 5351//1440 5352//1440
f 5353//1441 5354//1441 5355//1441
f 5356//1442 5357//1442 5358//1442
f 5359//881 5360//881 5361//881
f 5362//808 5363//808 5364//808
f 5365//1443 5366//1443 5367//1443
f 5368//1444 5369//1444 5370//1444
f 5371//1445 5372//1445 5373//1445
f 5374//1446 5375//1446 5376//1446
f 5377//826 5378//826 5379//826
f 5380//1447 5381//1447 5382//1447
f 5383//1448 5384//1448 5385//1448
f 5386//1448 5387//1448 5388//1448
f 5389//1449 5390//1449 5391//1449
f 5392//1449 5393//1449 5394//1449
f 5395//1450 5396//1450 5397//1450
f 5398//1451 5399//1451 5400//1451
f 5401//1452 5402//1452 5403//1452
f 5404//1453 5405//1453 5406//1453
f 5407//1454 5408//1454 5409//1454
f 5410//1455 5411//1455 5412//1455
f 5413//1456 5414//1456 5415//1456
f 5416//1457 5417//1457 5418//1457
f 5419//1458 5420//1458 5421//1458
f 5422//1459 5423//1459 5424//1459
f 5425//1460 5426//1460 5427//1460
f 5428//1461 5429//1461 5430//1461
f 5431//1462 5432//1462 5433//1462
f 5434//1463 5435//1463 5436//1463
f 5437//1464 5438//1464 5439//1464
f 5440//1465 5441//1465 5442//1465
f 5443//1466 5444//1466 5445//1466
f 5446//1467 5447//1467 5448//1467
f 5449//1468 5450//1468 5451//1468
f 5452//1469 5453//1469 5454//1469
f 5455//1470 5456//1470 5457//1470
f 5458//1471 5459//1471 5460//1471
f 5461//1472 5462//1472 5463//1472
f 5464//1473 5465//1473 5466//1473
f 5467//1474 5468//1474 5469//1474
f 5470//1474 5471//1474 5472//1474
f 5473//1475 5474//1475 5475//1475
f 5476//1476 5477//1476 5478//1476
f 5479//1477 5480//1477 5481//1477
f 5482//1478 5483//1478 5484//1478
f 5485//107 5486//107 5487//107
f 5488//107 5489//107 5490//107
f 5491//107 5492//107 5493//107
f 5494//107 5495//107 5496//107
f 5497//107 5498//107 5499//107
f 5500//1479 5501//1479 5502//1479
f 5503//1480 5504//1480 5505//1480
f 5506//1481 5507//1481 5508//1481
f 5509//1481 5510//1481 5511//1481
f 5512//1482 5513//1482 5514//1482
f 5515//1483 5516//1483 5517//1483
f 5518//505 5519//505 5520//505
f 5521//1484 5522//1484 5523//1484
f 5524//1485 5525//1485 5526//1485
f 5527//501 5528//501 5529//501
f 5530//181 5531//181 5532//181
f 5533//181 5534//181 5535//181
f 5536//181 5537//181 5538//181
f 5539//1486 5540//1486 5541//1486
f 5542//1487 5543//1487 5544//1487
f 5545//1487 5546//1487 5547//1487
f 5548//1486 5549//1486 5550//1486
f 5551//225 5552//225 5553//225
f 5554//225 5555//225 5556//225
f 5557//225 5558//225 5559//225
f 5560//225 5561//225 5562//225
f 5563//225 5564//225 5565//225
f 5566//1488 5567//1488 5568//1488
f 5569//1489 5570//1489 5571//1489
f 5572//1490 5573//1490 5574//1490
f 5575//1491 5576//1491 5577//1491
f 5578//1492 5579//1492 5580//1492
f 5581//1493 5582//1493 5583//1493
f 5584//1494 5585//1494 5586//1494
f 5587//1495 5588//1495 5589//1495
f 5590//1496 5591//1496 5592//1496
f 5593//1496 5594//1496 5595//1496
f 5596//1497 5597//1497 5598//1497
f 5599//1498 5600//1498 5601//1498
f 5602//1499 5603//1499 5604//1499
f 5605//1500 5606//1500 5607//1500
f 5608//1501 5609//1501 5610//1501
f 5611//1502 5612//1502 5613//1502
f 5614//1503 5615//1503 5616//1503
f 5617//1504 5618//1504 5619//1504
f 5620//1505 5621//1505 5622//1505
f 5623//1506 5624//1506 5625//1506
f 5626//1507 5627//1507 5628//1507
f 5629//1508 5630//1508 5631//1508
f 5632//1509 5633//1509 5634//1509
f 5635//1510 5636//1510 5637//1510
f 5638//1511 5639//1511 5640//1511
f 5641//1512 5642//1512 5643//1512
f 5644//225 5645//225 5646//225
f 5647//1513 5648//1513 5649//1513
f 5650//1514 5651//1514 5652//1514
f 5653//1515 5654//1515 5655//1515
f 5656//1516 5657//1516 5658//1516
f 5659//1517 5660//1517 5661//1517
f 5662//225 5663//225 5664//225
f 5665//225 5666//225 5667//225
f 5668//225 5669//225 5670//225
f 5671//225 5672//225 5673//225
f 5674//225 5675//225 5676//225
f 5677//225 5678//225 5679//225
f 5680//225 5681//225 5682//225
f 5683//225 5684//225 5685//225
f 5686//546 5687//546 5688//546
f 5689//546 5690//546 5691//546
f 5692//1518 5693//1518 5694//1518
f 5695//1519 5696//1519 5697//1519
f 5698//1518 5699//1518 5700//1518
f 5701//1520 5702//1520 5703//1520
f 5704//1521 5705//1521 5706//1521
f 5707//1522 5708//1522 5709//1522
f 5710//1523 5711//1523 5712//1523
f 5713//1524 5714//1524 5715//1524
f 5716//552 5717//552 5718//552
f 5719//1525 5720//1525 5721//1525
f 5722//1526 5723//1526 5724//1526
f 5725//1527 5726//1527 5727//1527
f 5728//1528 5729//1528 5730//1528
f 5731//1529 5732//1529 5733//1529
f 5734//1530 5735//1530 5736//1530
f 5737//1531 5738//1531 5739//1531
f 5740//1532 5741//1532 5742//1532
f 5743//1533 5744//1533 5745//1533
f 5746//1534 5747//1534 5748//1534
f 5749//1535 5750//1535 5751//1535
f 5752//1536 5753//1536 5754//1536
f 5755//1537 5756//1537 5757//1537
f 5758//1538 5759//1538 5760//1538
f 5761//1539 5762//1539 5763//1539
f 5764//1540 5765//1540 5766//1540
f 5767//1541 5768//1541 5769//1541
f 5770//1542 5771//1542 5772//1542
f 5773//1543 5774//1543 5775//1543
f 5776//1544 5777//1544 5778//1544
f 5779//1545 5780//1545 5781//1545
f 5782//1546 5783//1546 5784//1546
f 5785//1547 5786//1547 5787//1547
f 5788//1548 5789//1548 5790//1548
f 5791//1549 5792//1549 5793//1549
f 5794//1550 5795//1550 5796//1550
f 5797//1551 5798//1551 5799//1551
f 5800//1552 5801//1552 5802//1552
f 5803//1553 5804//1553 5805//1553
f 5806//1554 5807//1554 5808//1554
f 5809//1555 5810//1555 5811//1555
f 5812//1556 5813//1556 5814//1556
f 5815//1557 5816//1557 5817//1557
f 5818//1558 5819//1558 5820//1558
f 5821//1559 5822//1559 5823//1559
f 5824//1560 5825//1560 5826//1560
f 5827//1561 5828//1561 5829//1561
f 5830//1562 5831//1562 5832//1562
f 5833//1563 5834//1563 5835//1563
f 5836//1564 5837//1564 5838//1564
f 5839//1565 5840//1565 5841//1565
f 5842//1566 5843//1566 5844//1566
f 5845//1567 5846//1567 5847//1567
f 5848//1568 5849//1568 5850//1568
f 5851//1569 5852//1569 5853//1569
f 5854//1570 5855//1570 5856//1570
f 5857//1571 5858//1571 5859//1571
f 5860//1572 5861//1572 5862//1572
f 5863//1573 5864//1573 5865//1573
f 5866//1574 5867//1574 5868//1574
f 5869//1575 5870//1575 5871//1575
f 5872//1576 5873//1576 5874//1576
f 5875//1577 5876//1577 5877//1577
f 5878//1578 5879//1578 5880//1578
f 5881//1579 5882//1579 5883//1579
f 5884//1580 5885//1580 5886//1580
f 5887//1581 5888//1581 5889//1581
f 5890//1582 5891//1582 5892//1582
f 5893//1583 5894//1583 5895//1583
f 5896//1584 5897//1584 5898//1584
f 5899//1585 5900//1585 5901//1585
f 5902//1586 5903//1586 5904//1586
f 5905//1587 5906//1587 5907//1587
f 5908//1588 5909//1588 5910//1588
f 5911//1589 5912//1589 5913//1589
f 5914//1590 5915//1590 5916//1590
f 5917//1591 5918//1591 5919//1591
f 5920//1592 5921//1592 5922//1592
f 5923//1593 5924//1593 5925//1593
f 5926//1594 5927//1594 5928//1594
f 5929//1595 5930//1595 5931//1595
f 5932//1596 5933//1596 5934//1596
f 5935//1597 5936//1597 5937//1597
f 5938//1598 5939//1598 5940//1598
f 5941//1599 5942//1599 5943//1599
f 5944//1600 5945//1600 5946//1600
f 5947//1601 5948//1601 5949//1601
f 5950//1602 5951//1602 5952//1602
f 5953//1603 5954//1603 5955//1603
f 5956//1604 5957//1604 5958//1604
f 5959//1605 5960//1605 5961//1605
f 5962//1606 5963//1606 5964//1606
f 5965//1607 5966//1607 5967//1607
f 5968//1608 5969//1608 5970//1608
f 5971//1609 5972//1609 5973//1609
f 5974//1610 5975//1610 5976//1610
f 5977//1611 5978//1611 5979//1611
f 5980//1612 5981//1612 5982//1612
f 5983//1613 5984//1613 5985//1613
f 5986//1614 5987//1614 5988//1614
f 5989//1615 5990//1615 5991//1615
f 5992//1616 5993//1616 5994//1616
f 5995//1617 5996//1617 5997//1617
f 5998//1618 5999//1618 6000//1618
f 6001//1619 6002//1619 6003//1619
f 6004//1620 6005//1620 6006//1620
f 6007//1621 6008//1621 6009//1621
f 6010//1622 6011//1622 6012//1622
f 6013//1623 6014//1623 6015//1623
f 6016//107 6017//107 6018//107
f 6019//107 6020//107 6021//107
f 6022//107 6023//107 6024//107
f 6025//107 6026//107 6027//107
f 6028//107 6029//107 6030//107
f 6031//107 6032//107 6033//107
f 6034//1624 6035//1624 6036//1624
f 6037//1625 6038//1625 6039//1625
f 6040//1626 6041//1626 6042//1626
f 6043//1627 6044//1627 6045//1627
f 6046//1627 6047//1627 6048//1627
f 6049//1627 6050//1627 6051//1627
f 6052//1628 6053//1628 6054//1628
f 6055//1629 6056//1629 6057//1629
f 6058//1630 6059//1630 6060//1630
f 6061//1631 6062//1631 6063//1631
f 6064//1632 6065//1632 6066//1632
f 6067//1633 6068//1633 6069//1633
f 6070//1634 6071//1634 6072//1634
f 6073//1635 6074//1635 6075//1635
f 6076//1636 6077//1636 6078//1636
f 6079//1637 6080//1637 6081//1637
f 6082//1638 6083//1638 6084//1638
f 6085//1639 6086//1639 6087//1639
f 6088//1640 6089//1640 6090//1640
f 6091//1641 6092//1641 6093//1641
f 6094//1642 6095//1642 6096//1642
f 6097//1643 6098//1643 6099//1643
f 6100//1642 6101//1642 6102//1642
f 6103//1644 6104//1644 6105//1644
f 6106//1645 6107//1645 6108//1645
f 6109//1646 6110//1646 6111//1646
f 6112//1647 6113//1647 6114//1647
f 6115//1648 6116//1648 6117//1648
f 6118//1649 6119//1649 6120//1649
f 6121//1639 6122//1639 6123//1639
f 6124//1650 6125//1650 6126//1650
f 6127//1651 6128//1651 6129//1651
f 6130//1652 6131//1652 6132//1652
f 6133//1653 6134//1653 6135//1653
f 6136//683 6137//683 6138//683
f 6139//1654 6140//1654 6141//1654
f 6142//1655 6143//1655 6144//1655
f 6145//1656 6146//1656 6147//1656
f 6148//180 6149//180 6150//180
f 6151//686 6152//686 6153//686
f 6154//1657 6155//1657 6156//1657
f 6157//182 6158//182 6159//182
f 6160//1658 6161//1658 6162//1658
f 6163//184 6164//184 6165//184
f 6166//185 6167//185 6168//185
f 6169//107 6170//107 6171//107
f 6172//107 6173//107 6174//107
f 6175//107 6176//107 6177//107
f 6178//107 6179//107 6180//107
f 6181//107 6182//107 6183//107
f 6184//107 6185//107 6186//107
f 6187//107 6188//107 6189//107
f 6190//107 6191//107 6192//107
f 6193//107 6194//107 6195//107
f 6196//107 6197//107 6198//107
f 6199//107 6200//107 6201//107
f 6202//107 6203//107 6204//107
f 6205//186 6206//186 6207//186
f 6208//187 6209//187 6210//187
f 6211//1659 6212//1659 6213//1659
f 6214//693 6215//693 6216//693
f 6217//190 6218//190 6219//190
f 6220//1660 6221//1660 6222//1660
f 6223//1660 6224//1660 6225//1660
f 6226//190 6227//190 6228//190
f 6229//1661 6230//1661 6231//1661
f 6232//187 6233//187 6234//187
f 6235//186 6236//186 6237//186
f 6238//1662 6239//1662 6240//1662
f 6241//1663 6242//1663 6243//1663
f 6244//1664 6245//1664 6246//1664
f 6247//1665 6248//1665 6249//1665
f 6250//1666 6251//1666 6252//1666
f 6253//1667 6254//1667 6255//1667
f 6256//1668 6257//1668 6258//1668
f 6259//1669 6260//1669 6261//1669
f 6262//1670 6263//1670 6264//1670
f 6265//1671 6266//1671 6267//1671
f 6268//1672 6269//1672 6270//1672
f 6271//1673 6272//1673 6273//1673
f 6274//1674 6275//1674 6276//1674
f 6277//1675 6278//1675 6279//1675
f 6280//1676 6281//1676 6282//1676
f 6283//1677 6284//1677 6285//1677
f 6286//1678 6287//1678 6288//1678
f 6289//1679 6290//1679 6291//1679
f 6292//1680 6293//1680 6294//1680
f 6295//1681 6296//1681 6297//1681
f 6298//1682 6299//1682 6300//1682
f 6301//225 6302//225 6303//225
f 6304//225 6305//225 6306//225
f 6307//1437 6308//1437 6309//1437
f 6310//225 6311//225 6312//225
f 6313//1436 6314//1436 6315//1436
f 6316//225 6317//225 6318//225
f 6319//225 6320//225 6321//225
f 6322//225 6323//225 6324//225
f 6325//225 6326//225 6327//225
f 6328//225 6329//225 6330//225
f 6331//1683 6332//1683 6333//1683
f 6334//1684 6335//1684 6336//1684
f 6337//1685 6338//1685 6339//1685
f 6340//1686 6341//1686 6342//1686
f 6343//1687 6344//1687 6345//1687
f 6346//1688 6347//1688 6348//1688
f 6349//1689 6350//1689 6351//1689
f 6352//1690 6353//1690 6354//1690
f 6355//1691 6356//1691 6357//1691
f 6358//1692 6359//1692 6360//1692
f 6361//1693 6362//1693 6363//1693
f 6364//1694 6365//1694 6366//1694
f 6367//1695 6368//1695 6369//1695
f 6370//1696 6371//1696 6372//1696
f 6373//1697 6374//1697 6375//1697
f 6376//1698 6377//1698 6378//1698
f 6379//1699 6380//1699 6381//1699
f 6382//1700 6383//1700 6384//1700
f 6385//1701 6386//1701 6387//1701
f 6388//1702 6389//1702 6390//1702
f 6391//1703 6392//1703 6393//1703
f 6394//1704 6395//1704 6396//1704
f 6397//1705 6398//1705 6399//1705
f 6400//1706 6401//1706 6402//1706
f 6403//1707 6404//1707 6405//1707
f 6406//1708 6407//1708 6408//1708
f 6409//1709 6410//1709 6411//1709
f 6412//1710 6413//1710 6414//1710
f 6415//1711 6416//1711 6417//1711
f 6418//1712 6419//1712 6420//1712
f 6421//1713 6422//1713 6423//1713
f 6424//1714 6425//1714 6426//1714
f 6427//1715 6428//1715 6429//1715
f 6430//1716 6431//1716 6432//1716
f 6433//1717 6434//1717 6435//1717
f 6436//1718 6437//1718 6438//1718
f 6439//1719 6440//1719 6441//1719
f 6442//1720 6443//1720 6444//1720
f 6445//1719 6446//1719 6447//1719
f 6448//1721 6449//1721 6450//1721
f 6451//1722 6452//1722 6453//1722
f 6454//1723 6455//1723 6456//1723
f 6457//1724 6458//1724 6459//1724
f 6460//1725 6461//1725 6462//1725
f 6463//1726 6464//1726 6465//1726
f 6466//1727 6467//1727 6468//1727
f 6469//1728 6470//1728 6471//1728
f 6472//1729 6473//1729 6474//1729
f 6475//1730 6476//1730 6477//1730
f 6478//1731 6479//1731 6480//1731
f 6481//808 6482//808 6483//808
f 6484//808 6485//808 6486//808
f 6487//808 6488//808 6489//808
f 6490//808 6491//808 6492//808
f 6493//1732 6494//1732 6495//1732
f 6496//1733 6497//1733 6498//1733
f 6499//1734 6500//1734 6501//1734
f 6502//1735 6503//1735 6504//1735
f 6505//1736 6506//1736 6507//1736
f 6508//1737 6509//1737 6510//1737
f 6511//1738 6512//1738 6513//1738
f 6514//1739 6515//1739 6516//1739
f 6517//1740 6518//1740 6519//1740
f 6520//1734 6521//1734 6522//1734
f 6523//1741 6524//1741 6525//1741
f 6526//1742 6527//1742 6528//1742
f 6529//1743 6530//1743 6531//1743
f 6532//1744 6533//1744 6534//1744
f 6535//1745 6536//1745 6537//1745
f 6538//1746 6539//1746 6540//1746
f 6541//1747 6542//1747 6543//1747
f 6544//1748 6545//1748 6546//1748
f 6547//1749 6548//1749 6549//1749
f 6550//1750 6551//1750 6552//1750
f 6553//1751 6554//1751 6555//1751
f 6556//1752 6557//1752 6558//1752
f 6559//1753 6560//1753 6561//1753
f 6562//1754 6563//1754 6564//1754
f 6565//1754 6566//1754 6567//1754
f 6568//1755 6569//1755 6570//1755
f 6571//1756 6572//1756 6573//1756
f 6574//1757 6575//1757 6576//1757
f 6577//1758 6578//1758 6579//1758
f 6580//1759 6581//1759 6582//1759
f 6583//1760 6584//1760 6585//1760
f 6586//1761 6587//1761 6588//1761
f 6589//1762 6590//1762 6591//1762
f 6592//1763 6593//1763 6594//1763
f 6595//1764 6596//1764 6597//1764
f 6598//1765 6599//1765 6600//1765
f 6601//1766 6602//1766 6603//1766
f 6604//1767 6605//1767 6606//1767
f 6607//1768 6608//1768 6609//1768
f 6610//1769 6611//1769 6612//1769
f 6613//1770 6614//1770 6615//1770
f 6616//1771 6617//1771 6618//1771
f 6619//1772 6620//1772 6621//1772
f 6622//1773 6623//1773 6624//1773
f 6625//1774 6626//1774 6627//1774
f 6628//1775 6629//1775 6630//1775
f 6631//1776 6632//1776 6633//1776
f 6634//1777 6635//1777 6636//1777
f 6637//1778 6638//1778 6639//1778
f 6640//1779 6641//1779 6642//1779
f 6643//1780 6644//1780 6645//1780
f 6646//1781 6647//1781 6648//1781
f 6649//1782 6650//1782 6651//1782
f 6652//1783 6653//1783 6654//1783
f 6655//1784 6656//1784 6657//1784
f 6658//1785 6659//1785 6660//1785
f 6661//1786 6662//1786 6663//1786
f 6664//1787 6665//1787 6666//1787
f 6667//1765 6668//1765 6669//1765
f 6670//1764 6671//1764 6672//1764
f 6673//1763 6674//1763 6675//1763
f 6676//1762 6677//1762 6678//1762
f 6679//1788 6680//1788 6681//1788
f 6682//1789 6683//1789 6684//1789
f 6685//1760 6686//1760 6687//1760
f 6688//1759 6689//1759 6690//1759
f 6691//1790 6692//1790 6693//1790
f 6694//1791 6695//1791 6696//1791
f 6697//1756 6698//1756 6699//1756
f 6700//1792 6701//1792 6702//1792
f 6703//1793 6704//1793 6705//1793
f 6706//1794 6707//1794 6708//1794
f 6709//1795 6710//1795 6711//1795
f 6712//1796 6713//1796 6714//1796
f 6715//1797 6716//1797 6717//1797
f 6718//1798 6719//1798 6720//1798
f 6721//1799 6722//1799 6723//1799
f 6724//1800 6725//1800 6726//1800
f 6727//1801 6728//1801 6729//1801
f 6730//1802 6731//1802 6732//1802
f 6733//1803 6734//1803 6735//1803
f 6736//1804 6737//1804 6738//1804
f 6739//1805 6740//1805 6741//1805
f 6742//1806 6743//1806 6744//1806
f 6745//1807 6746//1807 6747//1807
f 6748//1808 6749//1808 6750//1808
f 6751//1809 6752//1809 6753//1809
f 6754//1810 6755//1810 6756//1810
f 6757//1811 6758//1811 6759//1811
f 6760//1812 6761//1812 6762//1812
f 6763//1813 6764//1813 6765//1813
f 6766//1814 6767//1814 6768//1814
f 6769//1815 6770//1815 6771//1815
f 6772//1816 6773//1816 6774//1816
f 6775//1817 6776//1817 6777//1817
f 6778//1818 6779//1818 6780//1818
f 6781//1819 6782//1819 6783//1819
f 6784//1820 6785//1820 6786//1820
f 6787//1821 6788//1821 6789//1821
f 6790//1822 6791//1822 6792//1822
f 6793//1823 6794//1823 6795//1823
f 6796//1824 6797//1824 6798//1824
f 6799//1825 6800//1825 6801//1825
f 6802//1826 6803//1826 6804//1826
f 6805//1827 6806//1827 6807//1827
f 6808//1828 6809//1828 6810//1828
f 6811//1829 6812//1829 6813//1829
f 6814//1830 6815//1830 6816//1830
f 6817//1831 6818//1831 6819//1831
f 6820//1832 6821//1832 6822//1832
f 6823//1833 6824//1833 6825//1833
f 6826//1834 6827//1834 6828//1834
f 6829//1835 6830//1835 6831//1835
f 6832//1836 6833//1836 6834//1836
f 6835//1837 6836//1837 6837//1837
f 6838//1838 6839//1838 6840//1838
f 6841//1839 6842//1839 6843//1839
f 6844//1840 6845//1840 6846//1840
f 6847//1841 6848//1841 6849//1841
f 6850//1842 6851//1842 6852//1842
f 6853//1843 6854//1843 6855//1843
f 6856//1844 6857//1844 6858//1844
f 6859//1845 6860//1845 6861//1845
f 6862//1846 6863//1846 6864//1846
f 6865//1847 6866//1847 6867//1847
f 6868//1848 6869//1848 6870//1848
f 6871//1849 6872//1849 6873//1849
f 6874//1850 6875//1850 6876//1850
f 6877//1851 6878//1851 6879//1851
f 6880//1852 6881//1852 6882//1852
f 6883//1853 6884//1853 6885//1853
f 6886//1854 6887//1854 6888//1854
f 6889//1855 6890//1855 6891//1855
f 6892//1856 6893//1856 6894//1856
f 6895//1830 6896//1830 6897//1830
f 6898//1829 6899//1829 6900//1829
f 6901//1828 6902//1828 6903//1828
f 6904//1827 6905//1827 6906//1827
f 6907//1857 6908//1857 6909//1857
f 6910//1858 6911//1858 6912//1858
f 6913//1859 6914//1859 6915//1859
f 6916//1860 6917//1860 6918//1860
f 6919//1861 6920//1861 6921//1861
f 6922//1862 6923//1862 6924//1862
f 6925//1863 6926//1863 6927//1863
f 6928//1864 6929//1864 6930//1864
f 6931//1865 6932//1865 6933//1865
f 6934//1866 6935//1866 6936//1866
f 6937//1867 6938//1867 6939//1867
f 6940//1868 6941//1868 6942//1868
f 6943//1869 6944//1869 6945//1869
f 6946//1870 6947//1870 6948//1870
f 6949//1871 6950//1871 6951//1871
f 6952//1872 6953//1872 6954//1872
f 6955//1873 6956//1873 6957//1873
f 6958//1874 6959//1874 6960//1874
f 6961//1875 6962//1875 6963//1875
f 6964//1876 6965//1876 6966//1876
f 6967//1877 6968//1877 6969//1877
f 6970//1878 6971//1878 6972//1878
f 6973//1879 6974//1879 6975//1879
f 6976//1880 6977//1880 6978//1880
f 6979//1881 6980//1881 6981//1881
f 6982//1882 6983//1882 6984//1882
f 6985//1883 6986//1883 6987//1883
f 6988//1884 6989//1884 6990//1884
f 6991//1885 6992//1885 6993//1885
f 6994//1886 6995//1886 6996//1886
f 6997//1887 6998//1887 6999//1887
f 7000//1888 7001//1888 7002//1888
f 7003//1889 7004//1889 7005//1889
f 7006//1890 7007//1890 7008//1890
f 7009//1891 7010//1891 7011//1891
f 7012//1892 7013//1892 7014//1892
f 7015//1892 7016//1892 7017//1892
f 7018//1893 7019//1893 7020//1893
f 7021//1894 7022//1894 7023//1894
f 7024//1895 7025//1895 7026//1895
f 7027//1896 7028//1896 7029//1896
f 7030//1897 7031//1897 7032//1897
f 7033//1898 7034//1898 7035//1898
f 7036//1899 7037//1899 7038//1899
f 7039//1900 7040//1900 7041//1900
f 7042//1901 7043//1901 7044//1901
f 7045//1902 7046//1902 7047//1902
f 7048//1903 7049//1903 7050//1903
f 7051//1904 7052//1904 7053//1904
f 7054//1905 7055//1905 7056//1905
f 7057//1906 7058//1906 7059//1906
f 7060//1907 7061//1907 7062//1907
f 7063//1908 7064//1908 7065//1908
f 7066//1909 7067//1909 7068//1909
f 7069//1908 7070//1908 7071//1908
f 7072//1910 7073//1910 7074//1910
f 7075//1911 7076//1911 7077//1911
f 7078//1912 7079//1912 7080//1912
f 7081//1913 7082//1913 7083//1913
f 7084//1914 7085//1914 7086//1914
f 7087//1915 7088//1915 7089//1915
f 7090//1916 7091//1916 7092//1916
f 7093//1917 7094//1917 7095//1917
f 7096//1918 7097//1918 7098//1918
f 7099//1919 7100//1919 7101//1919
f 7102//1920 7103//1920 7104//1920
f 7105//1921 7106//1921 7107//1921
f 7108//1922 7109//1922 7110//1922
f 7111//1923 7112//1923 7113//1923
f 7114//1924 7115//1924 7116//1924
f 7117//1925 7118//1925 7119//1925
f 7120//1926 7121//1926 7122//1926
f 7123//1927 7124//1927 7125//1927
f 7126//1928 7127//1928 7128//1928
f 7129//1929 7130//1929 7131//1929
f 7132//1930 7133//1930 7134//1930
f 7135//1931 7136//1931 7137//1931
f 7138//1932 7139//1932 7140//1932
f 7141//1933 7142//1933 7143//1933
f 7144//1934 7145//1934 7146//1934
f 7147//1935 7148//1935 7149//1935
f 7150//1936 7151//1936 7152//1936
f 7153//1937 7154//1937 7155//1937
f 7156//1938 7157//1938 7158//1938
f 7159//1939 7160//1939 7161//1939
f 7162//1940 7163//1940 7164//1940
f 7165//1941 7166//1941 7167//1941
f 7168//1942 7169//1942 7170//1942
f 7171//1943 7172//1943 7173//1943
f 7174//1944 7175//1944 7176//1944
f 7177//1945 7178//1945 7179//1945
f 7180//1946 7181//1946 7182//1946
f 7183//1947 7184//1947 7185//1947
f 7186//1948 7187//1948 7188//1948
f 7189//1949 7190//1949 7191//1949
f 7192//1950 7193//1950 7194//1950
f 7195//1951 7196//1951 7197//1951
f 7198//1952 7199//1952 7200//1952
f 7201//1953 7202//1953 7203//1953
f 7204//1954 7205//1954 7206//1954
f 7207//1955 7208//1955 7209//1955
f 7210//1956 7211//1956 7212//1956
f 7213//1957 7214//1957 7215//1957
f 7216//1958 7217//1958 7218//1958
f 7219//1959 7220//1959 7221//1959
f 7222//1960 7223//1960 7224//1960
f 7225//1961 7226//1961 7227//1961
f 7228//1962 7229//1962 7230//1962
f 7231//1963 7232//1963 7233//1963
f 7234//1964 7235//1964 7236//1964
f 7237//1965 7238//1965 7239//1965
f 7240//1966 7241//1966 7242//1966
f 7243//1967 7244//1967 7245//1967
f 7246//1968 7247//1968 7248//1968
f 7249//1969 7250//1969 7251//1969
f 7252//1970 7253//1970 7254//1970
f 7255//1971 7256//1971 7257//1971
f 7258//1972 7259//1972 7260//1972
f 7261//1973 7262//1973 7263//1973
f 7264//1974 7265//1974 7266//1974
f 7267//1975 7268//1975 7269//1975
f 7270//1976 7271//1976 7272//1976
f 7273//1977 7274//1977 7275//1977
f 7276//1978 7277//1978 7278//1978
f 7279//1979 7280//1979 7281//1979
f 7282//1980 7283//1980 7284//1980
f 7285//1981 7286//1981 7287//1981
f 7288//1982 7289//1982 7290//1982
f 7291//1983 7292//1983 7293//1983
f 7294//1984 7295//1984 7296//1984
f 7297//1985 7298//1985 7299//1985
f 7300//1986 7301//1986 7302//1986
f 7303//1987 7304//1987 7305//1987
f 7306//1984 7307//1984 7308//1984
f 7309//1988 7310//1988 7311//1988
f 7312//1989 7313//1989 7314//1989
f 7315//1990 7316//1990 7317//1990
f 7318//1991 7319//1991 7320//1991
f 7321//1992 7322//1992 7323//1992
f 7324//1993 7325//1993 7326//1993
f 7327//1994 7328//1994 7329//1994
f 7330//1995 7331//1995 7332//1995
f 7333//1996 7334//1996 7335//1996
f 7336//1997 7337//1997 7338//1997
f 7339//1998 7340//1998 7341//1998
f 7342//1999 7343//1999 7344//1999
f 7345//2000 7346//2000 7347//2000
f 7348//2001 7349//2001 7350//2001
f 7351//2002 7352//2002 7353//2002
f 7354//2003 7355//2003 7356//2003
f 7357//2004 7358//2004 7359//2004
f 7360//2005 7361//2005 7362//2005
f 7363//2006 7364//2006 7365//2006
f 7366//2007 7367//2007 7368//2007
f 7369//2008 7370//2008 7371//2008
f 7372//2009 7373//2009 7374//2009
f 7375//2010 7376//2010 7377//2010
f 7378//2011 7379//2011 7380//2011
f 7381//2012 7382//2012 7383//2012
f 7384//2013 7385//2013 7386//2013
f 7387//2014 7388//2014 7389//2014
f 7390//2015 7391//2015 7392//2015
f 7393//2016 7394//2016 7395//2016
f 7396//2017 7397//2017 7398//2017
f 7399//2018 7400//2018 7401//2018
f 7402//2019 7403//2019 7404//2019
f 7405//2020 7406//2020 7407//2020
f 7408//2021 7409//2021 7410//2021
f 7411//2022 7412//2022 7413//2022
f 7414//2023 7415//2023 7416//2023
f 7417//2024 7418//2024 7419//2024
f 7420//2025 7421//2025 7422//2025
f 7423//2026 7424//2026 7425//2026
f 7426//2027 7427//2027 7428//2027
f 7429//2028 7430//2028 7431//2028
f 7432//2029 7433//2029 7434//2029
f 7435//2030 7436//2030 7437//2030
f 7438//2031 7439//2031 7440//2031
f 7441//2032 7442//2032 7443//2032
f 7444//2033 7445//2033 7446//2033
f 7447//2033 7448//2033 7449//2033
f 7450//2034 7451//2034 7452//2034
f 7453//2035 7454//2035 7455//2035
f 7456//2036 7457//2036 7458//2036
f 7459//2037 7460//2037 7461//2037
f 7462//2038 7463//2038 7464//2038
f 7465//2039 7466//2039 7467//2039
f 7468//2040 7469//2040 7470//2040
f 7471//2041 7472//2041 7473//2041
f 7474//2042 7475//2042 7476//2042
f 7477//2043 7478//2043 7479//2043
f 7480//2044 7481//2044 7482//2044
f 7483//2045 7484//2045 7485//2045
f 7486//2046 7487//2046 7488//2046
f 7489//2047 7490//2047 7491//2047
f 7492//2048 7493//2048 7494//2048
f 7495//2049 7496//2049 7497//2049
f 7498//2050 7499//2050 7500//2050
f 7501//2051 7502//2051 7503//2051
f 7504//2052 7505//2052 7506//2052
f 7507//2053 7508//2053 7509//2053
f 7510//2054 7511//2054 7512//2054
f 7513//2055 7514//2055 7515//2055
f 7516//2056 7517//2056 7518//2056
f 7519//2057 7520//2057 7521//2057
f 7522//2058 7523//2058 7524//2058
f 7525//2059 7526//2059 7527//2059
f 7528//2060 7529//2060 7530//2060
f 7531//2061 7532//2061 7533//2061
f 7534//2062 7535//2062 7536//2062
f 7537//2063 7538//2063 7539//2063
f 7540//2064 7541//2064 7542//2064
f 7543//2065 7544//2065 7545//2065
f 7546//2066 7547//2066 7548//2066
f 7549//2067 7550//2067 7551//2067
f 7552//2068 7553//2068 7554//2068
f 7555//2069 7556//2069 7557//2069
f 7558//2070 7559//2070 7560//2070
f 7561//2071 7562//2071 7563//2071
f 7564//2072 7565//2072 7566//2072
f 7567//2073 7568//2073 7569//2073
f 7570//2074 7571//2074 7572//2074
f 7573//2075 7574//2075 7575//2075
f 7576//2076 7577//2076 7578//2076
f 7579//2077 7580//2077 7581//2077
f 7582//2078 7583//2078 7584//2078
f 7585//2079 7586//2079 7587//2079
f 7588//2062 7589//2062 7590//2062
f 7591//2080 7592//2080 7593//2080
f 7594//2081 7595//2081 7596//2081
f 7597//2082 7598//2082 7599//2082
f 7600//2083 7601//2083 7602//2083
f 7603//2084 7604//2084 7605//2084
f 7606//2085 7607//2085 7608//2085
f 7609//2086 7610//2086 7611//2086
f 7612//1438 7613//1438 7614//1438
f 7615//808 7616//808 7617//808
f 7618//808 7619//808 7620//808
f 7621//808 7622//808 7623//808
f 7624//808 7625//808 7626//808
f 7627//808 7628//808 7629//808
f 7630//808 7631//808 7632//808
f 7633//2087 7634//2087 7635//2087
f 7636//2088 7637//2088 7638//2088
f 7639//808 7640//808 7641//808
f 7642//2089 7643//2089 7644//2089
f 7645//2090 7646//2090 7647//2090
f 7648//2091 7649//2091 7650//2091
f 7651//2089 7652//2089 7653//2089
f 7654//2092 7655//2092 7656//2092
f 7657//2093 7658//2093 7659//2093
f 7660//2094 7661//2094 7662//2094
f 7663//2095 7664//2095 7665//2095
f 7666//2096 7667//2096 7668//2096
f 7669//2097 7670//2097 7671//2097
f 7672//2098 7673//2098 7674//2098
f 7675//2099 7676//2099 7677//2099
f 7678//1787 7679//1787 7680//1787
f 7681//2100 7682//2100 7683//2100
f 7684//2101 7685//2101 7686//2101
f 7687//2102 7688//2102 7689//2102
f 7690//2103 7691//2103 7692//2103
f 7693//2104 7694//2104 7695//2104
f 7696//2105 7697//2105 7698//2105
f 7699//2106 7700//2106 7701//2106
f 7702//2107 7703//2107 7704//2107
f 7705//2108 7706//2108 7707//2108
f 7708//2109 7709//2109 7710//2109
f 7711//2110 7712//2110 7713//2110
f 7714//2111 7715//2111 7716//2111
f 7717//2112 7718//2112 7719//2112
f 7720//2113 7721//2113 7722//2113
f 7723//2114 7724//2114 7725//2114
f 7726//2115 7727//2115 7728//2115
f 7729//2116 7730//2116 7731//2116
f 7732//2117 7733//2117 7734//2117
f 7735//2118 7736//2118 7737//2118
f 7738//2119 7739//2119 7740//2119
f 7741//2120 7742//2120 7743//2120
f 7744//2121 7745//2121 7746//2121
f 7747//2122 7748//2122 7749//2122
f 7750//2123 7751//2123 7752//2123
f 7753//2124 7754//2124 7755//2124
f 7756//2103 7757//2103 7758//2103
f 7759//2102 7760//2102 7761//2102
f 7762//2101 7763//2101 7764//2101
f 7765//2100 7766//2100 7767//2100
f 7768//2125 7769//2125 7770//2125
f 7771//2098 7772//2098 7773//2098
f 7774//2097 7775//2097 7776//2097
f 7777//2126 7778//2126 7779//2126
f 7780//2127 7781//2127 7782//2127
f 7783//2094 7784//2094 7785//2094
f 7786//2128 7787//2128 7788//2128
f 7789//2129 7790//2129 7791//2129
f 7792//2130 7793//2130 7794//2130
f 7795//2131 7796//2131 7797//2131
f 7798//2132 7799//2132 7800//2132
f 7801//2133 7802//2133 7803//2133
f 7804//2134 7805//2134 7806//2134
f 7807//2135 7808//2135 7809//2135
f 7810//2136 7811//2136 7812//2136
f 7813//2137 7814//2137 7815//2137
f 7816//2138 7817//2138 7818//2138
f 7819//2139 7820//2139 7821//2139
f 7822//2140 7823//2140 7824//2140
f 7825//2141 7826//2141 7827//2141
f 7828//2142 7829//2142 7830//2142
f 7831//2143 7832//2143 7833//2143
f 7834//2144 7835//2144 7836//2144
f 7837//2145 7838//2145 7839//2145
f 7840//2146 7841//2146 7842//2146
f 7843//2147 7844//2147 7845//2147
f 7846//2148 7847//2148 7848//2148
f 7849//2149 7850//2149 7851//2149
f 7852//2150 7853//2150 7854//2150
f 7855//2151 7856//2151 7857//2151
f 7858//2152 7859//2152 7860//2152
f 7861//2153 7862//2153 7863//2153
f 7864//2154 7865//2154 7866//2154
f 7867//2155 7868//2155 7869//2155
f 7870//2156 7871//2156 7872//2156
f 7873//2157 7874//2157 7875//2157
f 7876//2158 7877//2158 7878//2158
f 7879//2159 7880//2159 7881//2159
f 7882//2160 7883//2160 7884//2160
f 7885//2161 7886//2161 7887//2161
f 7888//2162 7889//2162 7890//2162
f 7891//2163 7892//2163 7893//2163
f 7894//2164 7895//2164 7896//2164
f 7897//2165 7898//2165 7899//2165
f 7900//2166 7901//2166 7902//2166
f 7903//2167 7904//2167 7905//2167
f 7906//2168 7907//2168 7908//2168
f 7909//2160 7910//2160 7911//2160
f 7912//2169 7913//2169 7914//2169
f 7915//2170 7916//2170 7917//2170
f 7918//2171 7919//2171 7920//2171
f 7921//2172 7922//2172 7923//2172
f 7924//2173 7925//2173 7926//2173
f 7927//2174 7928//2174 7929//2174
f 7930//2175 7931//2175 7932//2175
f 7933//2176 7934//2176 7935//2176
f 7936//2177 7937//2177 7938//2177
f 7939//2178 7940//2178 7941//2178
f 7942//2179 7943//2179 7944//2179
f 7945//2180 7946//2180 7947//2180
f 7948//2181 7949//2181 7950//2181
f 7951//2182 7952//2182 7953//2182
f 7954//2183 7955//2183 7956//2183
f 7957//2184 7958//2184 7959//2184
f 7960//2185 7961//2185 7962//2185
f 7963//2186 7964//2186 7965//2186
f 7966//2187 7967//2187 7968//2187
f 7969//2188 7970//2188 7971//2188
f 7972//2189 7973//2189 7974//2189
f 7975//2190 7976//2190 7977//2190
f 7978//2191 7979//2191 7980//2191
f 7981//2192 7982//2192 7983//2192
f 7984//2193 7985//2193 7986//2193
f 7987//2194 7988//2194 7989//2194
f 7990//2195 7991//2195 7992//2195
f 7993//2196 7994//2196 7995//2196
f 7996//2197 7997//2197 7998//2197
f 7999//2198 8000//2198 8001//2198
f 8002//2199 8003//2199 8004//2199
f 8005//2200 8006//2200 8007//2200
f 8008//2201 8009//2201 8010//2201
f 8011//2202 8012//2202 8013//2202
f 8014//2203 8015//2203 8016//2203
f 8017//2204 8018//2204 8019//2204
f 8020//2205 8021//2205 8022//2205
f 8023//2206 8024//2206 8025//2206
f 8026//2207 8027//2207 8028//2207
f 8029//2208 8030//2208 8031//2208
f 8032//2209 8033//2209 8034//2209
f 8035//2210 8036//2210 8037//2210
f 8038//2211 8039//2211 8040//2211
f 8041//2212 8042//2212 8043//2212
f 8044//2213 8045//2213 8046//2213
f 8047//2214 8048//2214 8049//2214
f 8050//2215 8051//2215 8052//2215
f 8053//2216 8054//2216 8055//2216
f 8056//2217 8057//2217 8058//2217
f 8059//2218 8060//2218 8061//2218
f 8062//2219 8063//2219 8064//2219
f 8065//2220 8066//2220 8067//2220
f 8068//2221 8069//2221 8070//2221
f 8071//2222 8072//2222 8073//2222
f 8074//2223 8075//2223 8076//2223
f 8077//2224 8078//2224 8079//2224
f 8080//2225 8081//2225 8082//2225
f 8083//2226 8084//2226 8085//2226
f 8086//2227 8087//2227 8088//2227
f 8089//2228 8090//2228 8091//2228
f 8092//2229 8093//2229 8094//2229
f 8095//2230 8096//2230 8097//2230
f 8098//2231 8099//2231 8100//2231
f 8101//808 8102//808 8103//808
f 8104//808 8105//808 8106//808
f 8107//808 8108//808 8109//808
f 8110//2232 8111//2232 8112//2232
f 8113//2233 8114//2233 8115//2233
f 8116//2234 8117//2234 8118//2234
f 8119//2235 8120//2235 8121//2235
f 8122//2236 8123//2236 8124//2236
f 8125//2237 8126//2237 8127//2237
f 8128//2238 8129//2238 8130//2238
f 8131//2239 8132//2239 8133//2239
f 8134//2240 8135//2240 8136//2240
f 8137//2241 8138//2241 8139//2241
f 8140//2242 8141//2242 8142//2242
f 8143//2237 8144//2237 8145//2237
f 8146//2243 8147//2243 8148//2243
f 8149//2244 8150//2244 8151//2244
f 8152//2245 8153//2245 8154//2245
f 8155//2246 8156//2246 8157//2246
f 8158//2247 8159//2247 8160//2247
f 8161//2248 8162//2248 8163//2248
f 8164//2249 8165//2249 8166//2249
f 8167//2250 8168//2250 8169//2250
f 8170//2251 8171//2251 8172//2251
f 8173//2252 8174//2252 8175//2252
f 8176//2253 8177//2253 8178//2253
f 8179//2254 8180//2254 8181//2254
f 8182//2255 8183//2255 8184//2255
f 8185//2256 8186//2256 8187//2256
f 8188//2257 8189//2257 8190//2257
f 8191//2258 8192//2258 8193//2258
f 8194//2259 8195//2259 8196//2259
f 8197//2260 8198//2260 8199//2260
f 8200//2261 8201//2261 8202//2261
f 8203//2262 8204//2262 8205//2262
f 8206//2263 8207//2263 8208//2263
f 8209//2264 8210//2264 8211//2264
f 8212//2265 8213//2265 8214//2265
f 8215//2266 8216//2266 8217//2266
f 8218//2267 8219//2267 8220//2267
f 8221//2268 8222//2268 8223//2268
f 8224//2269 8225//2269 8226//2269
f 8227//2270 8228//2270 8229//2270
f 8230//2271 8231//2271 8232//2271
f 8233//2272 8234//2272 8235//2272
f 8236//2273 8237//2273 8238//2273
f 8239//2274 8240//2274 8241//2274
f 8242//2275 8243//2275 8244//2275
f 8245//2261 8246//2261 8247//2261
f 8248//2276 8249//2276 8250//2276
f 8251//2277 8252//2277 8253//2277
f 8254//2278 8255//2278 8256//2278
f 8257//2279 8258//2279 8259//2279
f 8260//2280 8261//2280 8262//2280
f 8263//2281 8264//2281 8265//2281
f 8266//2282 8267//2282 8268//2282
f 8269//2283 8270//2283 8271//2283
f 8272//2284 8273//2284 8274//2284
f 8275//2285 8276//2285 8277//2285
f 8278//2286 8279//2286 8280//2286
f 8281//2287 8282//2287 8283//2287
f 8284//2288 8285//2288 8286//2288
f 8287//2289 8288//2289 8289//2289
f 8290//2290 8291//2290 8292//2290
f 8293//2291 8294//2291 8295//2291
f 8296//2292 8297//2292 8298//2292
f 8299//2293 8300//2293 8301//2293
f 8302//2294 8303//2294 8304//2294
f 8305//2295 8306//2295 8307//2295
f 8308//2296 8309//2296 8310//2296
f 8311//2297 8312//2297 8313//2297
f 8314//2298 8315//2298 8316//2298
f 8317//2299 8318//2299 8319//2299
f 8320//2300 8321//2300 8322//2300
f 8323//2301 8324//2301 8325//2301
f 8326//2302 8327//2302 8328//2302
f 8329//2303 8330//2303 8331//2303
f 8332//2304 8333//2304 8334//2304
f 8335//2305 8336//2305 8337//2305
f 8338//2306 8339//2306 8340//2306
f 8341//2307 8342//2307 8343//2307
f 8344//2308 8345//2308 8346//2308
f 8347//2309 8348//2309 8349//2309
f 8350//2310 8351//2310 8352//2310
f 8353//2311 8354//2311 8355//2311
f 8356//2312 8357//2312 8358//2312
f 8359//2313 8360//2313 8361//2313
f 8362//2314 8363//2314 8364//2314
f 8365//2315 8366//2315 8367//2315
f 8368//2316 8369//2316 8370//2316
f 8371//2317 8372//2317 8373//2317
f 8374//2318 8375//2318 8376//2318
f 8377//2319 8378//2319 8379//2319
f 8380//2317 8381//2317 8382//2317
f 8383//2320 8384//2320 8385//2320
f 8386//2291 8387//2291 8388//2291
f 8389//2321 8390//2321 8391//2321
f 8392//2322 8393//2322 8394//2322
f 8395//2323 8396//2323 8397//2323
f 8398//2324 8399//2324 8400//2324
f 8401//2325 8402//2325 8403//2325
f 8404//2326 8405//2326 8406//2326
f 8407//2327 8408//2327 8409//2327
f 8410//2328 8411//2328 8412//2328
f 8413//2038 8414//2038 8415//2038
f 8416//2329 8417//2329 8418//2329
f 8419//2330 8420//2330 8421//2330
f 8422//2331 8423//2331 8424//2331
f 8425//2332 8426//2332 8427//2332
f 8428//2333 8429//2333 8430//2333
f 8431//2334 8432//2334 8433//2334
f 8434//2335 8435//2335 8436//2335
f 8437//2038 8438//2038 8439//2038
f 8440//2336 8441//2336 8442//2336
f 8443//2337 8444//2337 8445//2337
f 8446//2338 8447//2338 8448//2338
f 8449//2339 8450//2339 8451//2339
f 8452//2340 8453//2340 8454//2340
f 8455//2341 8456//2341 8457//2341
f 8458//2342 8459//2342 8460//2342
f 8461//2061 8462//2061 8463//2061
f 8464//2343 8465//2343 8466//2343
f 8467//2344 8468//2344 8469//2344
f 8470//2345 8471//2345 8472//2345
f 8473//2346 8474//2346 8475//2346
f 8476//2347 8477//2347 8478//2347
f 8479//2348 8480//2348 8481//2348
f 8482//2349 8483//2349 8484//2349
f 8485//2350 8486//2351 8487//2351
f 8488//2352 8489//2352 8490//2352
f 8491//2353 8492//2353 8493//2353
f 8494//2354 8495//2354 8496//2354
f 8497//2355 8498//2355 8499//2355
f 8500//2356 8501//2356 8502//2356
f 8503//2357 8504//2357 8505//2357
f 8506//2358 8507//2358 8508//2358
f 8509//2359 8510//2359 8511//2359
f 8512//2360 8513//2360 8514//2360
f 8515//2361 8516//2361 8517//2361
f 8518//2362 8519//2362 8520//2362
f 8521//2363 8522//2363 8523//2363
f 8524//2364 8525//2364 8526//2364
f 8527//2365 8528//2365 8529//2365
f 8530//2366 8531//2366 8532//2366
f 8533//2367 8534//2367 8535//2367
f 8536//2368 8537//2368 8538//2368
f 8539//2369 8540//2369 8541//2369
f 8542//2370 8543//2370 8544//2370
f 8545//2371 8546//2371 8547//2371
f 8548//2372 8549//2372 8550//2372
f 8551//2373 8552//2373 8553//2373
f 8554//2374 8555//2374 8556//2374
f 8557//2375 8558//2375 8559//2375
f 8560//1438 8561//1438 8562//1438
f 8563//808 8564//808 8565//808
f 8566//808 8567//808 8568//808
f 8569//808 8570//808 8571//808
f 8572//2376 8573//2376 8574//2376
f 8575//808 8576//808 8577//808
f 8578//2377 8579//2377 8580//2377
f 8581//2378 8582//2378 8583//2378
f 8584//2379 8585//2379 8586//2379
f 8587//2380 8588//2380 8589//2380
f 8590//2381 8591//2381 8592//2381
f 8593//2382 8594//2382 8595//2382
f 8596//2383 8597//2383 8598//2383
f 8599//2384 8600//2384 8601//2384
f 8602//2385 8603//2385 8604//2385
f 8605//2386 8606//2386 8607//2386
f 8608//2387 8609//2387 8610//2387
f 8611//2388 8612//2388 8613//2388
f 8614//2389 8615//2389 8616//2389
f 8617//2379 8618//2379 8619//2379
f 8620//2378 8621//2378 8622//2378
f 8623//2390 8624//2390 8625//2390
f 8626//2391 8627//2391 8628//2391
f 8629//2392 8630//2392 8631//2392
f 8632//2393 8633//2393 8634//2393
f 8635//2394 8636//2394 8637//2394
f 8638//2395 8639//2395 8640//2395
f 8641//2396 8642//2396 8643//2396
f 8644//2397 8645//2397 8646//2397
f 8647//2398 8648//2398 8649//2398
f 8650//2399 8651//2399 8652//2399
f 8653//2400 8654//2400 8655//2400
f 8656//2401 8657//2401 8658//2401
f 8659//2402 8660//2402 8661//2402
f 8662//2403 8663//2403 8664//2403
f 8665//2404 8666//2404 8667//2404
f 8668//2405 8669//2405 8670//2405
f 8671//2406 8672//2406 8673//2406
f 8674//2407 8675//2407 8676//2407
f 8677//2408 8678//2408 8679//2408
f 8680//2409 8681//2409 8682//2409
f 8683//2410 8684//2410 8685//2410
f 8686//2411 8687//2411 8688//2411
f 8689//2412 8690//2412 8691//2412
f 8692//2413 8693//2413 8694//2413
f 8695//2414 8696//2414 8697//2414
f 8698//2415 8699//2415 8700//2415
f 8701//2416 8702//2416 8703//2416
f 8704//2417 8705//2417 8706//2417
f 8707//2418 8708//2418 8709//2418
f 8710//2419 8711//2419 8712//2419
f 8713//2420 8714//2420 8715//2420
f 8716//2421 8717//2421 8718//2421
f 8719//2422 8720//2422 8721//2422
f 8722//2423 8723//2423 8724//2423
f 8725//2424 8726//2424 8727//2424
f 8728//2425 8729//2425 8730//2425
f 8731//2426 8732//2426 8733//2426
f 8734//2427 8735//2427 8736//2427
f 8737//2428 8738//2428 8739//2428
f 8740//2429 8741//2429 8742//2429
f 8743//2430 8744//2430 8745//2430
f 8746//2431 8747//2431 8748//2431
f 8749//2432 8750//2432 8751//2432
f 8752//2433 8753//2433 8754//2433
f 8755//2434 8756//2434 8757//2434
f 8758//2435 8759//2435 8760//2435
f 8761//2436 8762//2436 8763//2436
