# Blender 4.5.10 LTS
# www.blender.org
mtllib iiwa_link_3_vis_2.mtl
o node
v 0.036441 -0.005229 -0.137043
v 0.046828 -0.003747 -0.131512
v 0.046933 -0.029999 -0.132039
v 0.046933 -0.029999 -0.132039
v 0.036001 -0.032054 -0.137621
v 0.036441 -0.005229 -0.137043
v 0.036001 -0.032054 -0.137621
v 0.024541 -0.032054 -0.141654
v 0.025414 -0.006323 -0.141127
v 0.024541 -0.032054 -0.141654
v 0.024383 -0.032054 -0.141689
v 0.024370 -0.006397 -0.141403
v 0.024370 -0.006397 -0.141403
v 0.025414 -0.006323 -0.141127
v 0.024541 -0.032054 -0.141654
v 0.025414 -0.006323 -0.141127
v 0.036441 -0.005229 -0.137043
v 0.036001 -0.032054 -0.137621
v 0.020366 -0.006681 -0.142462
v 0.024383 -0.032054 -0.141689
v 0.014032 -0.032054 -0.143925
v 0.014032 -0.032054 -0.143925
v 0.008625 -0.007197 -0.144388
v 0.020366 -0.006681 -0.142462
v -0.000000 -0.007308 -0.144802
v 0.014032 -0.032054 -0.143925
v 0.001830 -0.032054 -0.144991
v -0.000000 -0.007308 -0.144802
v 0.008625 -0.007197 -0.144388
v 0.014032 -0.032054 -0.143925
v 0.020366 -0.006681 -0.142462
v 0.024370 -0.006397 -0.141403
v 0.024383 -0.032054 -0.141689
v 0.046933 -0.029999 -0.132039
v 0.046930 -0.032054 -0.132043
v 0.036001 -0.032054 -0.137621
v 0.079353 0.004417 -0.029224
v 0.075247 -0.001808 -0.013719
v 0.077696 -0.009916 -0.022064
v 0.082043 -0.006125 -0.037977
v 0.077696 -0.009916 -0.022064
v 0.079036 -0.020951 -0.026543
v 0.075247 -0.001808 -0.013719
v 0.068308 -0.007968 0.000809
v 0.070388 -0.013646 -0.007074
v 0.077696 -0.009916 -0.022064
v 0.070388 -0.013646 -0.007074
v 0.071434 -0.022522 -0.011556
v 0.072103 0.002351 -0.002544
v 0.065572 -0.006052 0.011011
v 0.068308 -0.007968 0.000809
v 0.068308 -0.007968 0.000809
v 0.058567 -0.013880 0.014044
v 0.060232 -0.017180 0.006553
v 0.070388 -0.013646 -0.007074
v 0.060232 -0.017180 0.006553
v 0.060991 -0.023910 0.001829
v 0.057970 -0.032054 0.003341
v 0.060991 -0.023910 0.001829
v 0.048006 -0.028882 0.011595
v 0.060991 -0.023910 0.001829
v 0.061706 -0.032054 -0.000323
v 0.069288 -0.032054 -0.009414
v 0.060991 -0.023910 0.001829
v 0.060857 -0.032054 0.000509
v 0.061706 -0.032054 -0.000323
v 0.069288 -0.032054 -0.009414
v 0.071434 -0.022522 -0.011556
v 0.060991 -0.023910 0.001829
v 0.071434 -0.022522 -0.011556
v 0.071313 -0.032054 -0.012666
v 0.075502 -0.032054 -0.019393
v 0.075502 -0.032054 -0.019393
v 0.079036 -0.020951 -0.026543
v 0.071434 -0.022522 -0.011556
v 0.075502 -0.032054 -0.019393
v 0.077807 -0.032054 -0.024071
v 0.079036 -0.020951 -0.026543
v 0.079036 -0.020951 -0.026543
v 0.079100 -0.032054 -0.027527
v 0.081954 -0.032054 -0.035158
v 0.081954 -0.032054 -0.035158
v 0.083599 -0.019285 -0.042582
v 0.079036 -0.020951 -0.026543
v 0.083599 -0.019285 -0.042582
v 0.084519 -0.032054 -0.046637
v 0.085147 -0.032054 -0.051828
v 0.083599 -0.019285 -0.042582
v 0.083843 -0.032054 -0.043612
v 0.084519 -0.032054 -0.046637
v 0.085147 -0.032054 -0.051828
v 0.085056 -0.020768 -0.058381
v 0.083599 -0.019285 -0.042582
v 0.085147 -0.032054 -0.051828
v 0.085493 -0.032054 -0.059498
v 0.085056 -0.020768 -0.058381
v 0.082043 -0.006125 -0.037977
v 0.083599 -0.019285 -0.042582
v 0.083931 -0.007631 -0.055137
v 0.083599 -0.019285 -0.042582
v 0.084938 -0.017717 -0.058080
v 0.084828 -0.014855 -0.057796
v 0.084828 -0.014855 -0.057796
v 0.083931 -0.007631 -0.055137
v 0.083599 -0.019285 -0.042582
v 0.082043 -0.006125 -0.037977
v 0.081976 0.004214 -0.048957
v 0.080605 0.009976 -0.044368
v 0.082043 -0.006125 -0.037977
v 0.083320 -0.002709 -0.053325
v 0.082987 -0.000032 -0.052340
v 0.082987 -0.000032 -0.052340
v 0.081976 0.004214 -0.048957
v 0.082043 -0.006125 -0.037977
v 0.080605 0.009976 -0.044368
v 0.079353 0.004417 -0.029224
v 0.082043 -0.006125 -0.037977
v 0.083931 -0.007631 -0.055137
v 0.083320 -0.002709 -0.053325
v 0.082043 -0.006125 -0.037977
v 0.085056 -0.020768 -0.058381
v 0.084938 -0.017717 -0.058080
v 0.083599 -0.019285 -0.042582
v 0.081954 -0.032054 -0.035158
v 0.083843 -0.032054 -0.043612
v 0.083599 -0.019285 -0.042582
v 0.077807 -0.032054 -0.024071
v 0.079100 -0.032054 -0.027527
v 0.079036 -0.020951 -0.026543
v 0.069288 -0.032054 -0.009414
v 0.071313 -0.032054 -0.012666
v 0.071434 -0.022522 -0.011556
v 0.057970 -0.032054 0.003341
v 0.060857 -0.032054 0.000509
v 0.060991 -0.023910 0.001829
v 0.058567 -0.013880 0.014044
v 0.068308 -0.007968 0.000809
v 0.065572 -0.006052 0.011011
v 0.060991 -0.023910 0.001829
v 0.071434 -0.022522 -0.011556
v 0.070388 -0.013646 -0.007074
v 0.060232 -0.017180 0.006553
v 0.070388 -0.013646 -0.007074
v 0.068308 -0.007968 0.000809
v 0.068308 -0.007968 0.000809
v 0.075247 -0.001808 -0.013719
v 0.072103 0.002351 -0.002544
v 0.071434 -0.022522 -0.011556
v 0.079036 -0.020951 -0.026543
v 0.077696 -0.009916 -0.022064
v 0.070388 -0.013646 -0.007074
v 0.077696 -0.009916 -0.022064
v 0.075247 -0.001808 -0.013719
v 0.079036 -0.020951 -0.026543
v 0.083599 -0.019285 -0.042582
v 0.082043 -0.006125 -0.037977
v 0.077696 -0.009916 -0.022064
v 0.082043 -0.006125 -0.037977
v 0.079353 0.004417 -0.029224
v 0.048049 -0.025039 0.013068
v 0.060991 -0.023910 0.001829
v 0.060232 -0.017180 0.006553
v 0.074289 0.000899 -0.097533
v 0.081605 -0.003207 -0.077096
v 0.082644 -0.018613 -0.079924
v 0.081605 -0.003207 -0.077096
v 0.079795 0.011158 -0.071395
v 0.083320 -0.002709 -0.053325
v 0.079795 0.011158 -0.071395
v 0.082987 -0.000032 -0.052340
v 0.083320 -0.002709 -0.053325
v 0.079795 0.011158 -0.071395
v 0.081976 0.004214 -0.048957
v 0.082987 -0.000032 -0.052340
v 0.075102 -0.016561 -0.099930
v 0.066797 0.001890 -0.110473
v 0.068708 0.002826 -0.106980
v 0.075102 -0.016561 -0.099930
v 0.062961 -0.014609 -0.117601
v 0.064203 0.000878 -0.114251
v 0.064203 0.000878 -0.114251
v 0.066797 0.001890 -0.110473
v 0.075102 -0.016561 -0.099930
v 0.062961 -0.014609 -0.117601
v 0.062509 0.000342 -0.116250
v 0.064203 0.000878 -0.114251
v 0.074289 0.000899 -0.097533
v 0.068708 0.002826 -0.106980
v 0.072140 0.004508 -0.100703
v 0.081605 -0.003207 -0.077096
v 0.078894 0.010825 -0.077128
v 0.079151 0.011730 -0.073749
v 0.081605 -0.003207 -0.077096
v 0.076083 0.007324 -0.090196
v 0.076526 0.007736 -0.088658
v 0.074289 0.000899 -0.097533
v 0.073790 0.005686 -0.096308
v 0.076083 0.007324 -0.090196
v 0.076083 0.007324 -0.090196
v 0.081605 -0.003207 -0.077096
v 0.074289 0.000899 -0.097533
v 0.076526 0.007736 -0.088658
v 0.078894 0.010825 -0.077128
v 0.081605 -0.003207 -0.077096
v 0.081976 0.004214 -0.048957
v 0.079795 0.011158 -0.071395
v 0.079405 0.012622 -0.070423
v 0.079405 0.012622 -0.070423
v 0.079805 0.014029 -0.065169
v 0.081976 0.004214 -0.048957
v 0.082644 -0.018613 -0.079924
v 0.081605 -0.003207 -0.077096
v 0.084828 -0.014855 -0.057796
v 0.084828 -0.014855 -0.057796
v 0.084938 -0.017717 -0.058080
v 0.082644 -0.018613 -0.079924
v 0.081605 -0.003207 -0.077096
v 0.083931 -0.007631 -0.055137
v 0.084828 -0.014855 -0.057796
v 0.085056 -0.020768 -0.058381
v 0.085493 -0.032054 -0.059498
v 0.084679 -0.032054 -0.071408
v 0.084679 -0.032054 -0.071408
v 0.082644 -0.018613 -0.079924
v 0.085056 -0.020768 -0.058381
v 0.082644 -0.018613 -0.079924
v 0.082720 -0.032054 -0.081361
v 0.078942 -0.032054 -0.092727
v 0.078942 -0.032054 -0.092727
v 0.075102 -0.016561 -0.099930
v 0.082644 -0.018613 -0.079924
v 0.082644 -0.018613 -0.079924
v 0.082867 -0.032054 -0.080615
v 0.082720 -0.032054 -0.081361
v 0.062961 -0.014609 -0.117601
v 0.075102 -0.016561 -0.099930
v 0.070711 -0.032054 -0.108177
v 0.070711 -0.032054 -0.108177
v 0.063385 -0.032054 -0.117651
v 0.062961 -0.014609 -0.117601
v 0.075102 -0.016561 -0.099930
v 0.075142 -0.032054 -0.100450
v 0.073688 -0.032054 -0.103402
v 0.073688 -0.032054 -0.103402
v 0.070711 -0.032054 -0.108177
v 0.075102 -0.016561 -0.099930
v 0.056955 -0.001412 -0.122799
v 0.062509 0.000342 -0.116250
v 0.062961 -0.014609 -0.117601
v 0.056955 -0.001412 -0.122799
v 0.063053 -0.032054 -0.117977
v 0.054895 -0.032054 -0.125984
v 0.048556 -0.003405 -0.130234
v 0.050500 -0.032054 -0.129507
v 0.047075 -0.030000 -0.131948
v 0.050500 -0.032054 -0.129507
v 0.047072 -0.032054 -0.131953
v 0.047075 -0.030000 -0.131948
v 0.048556 -0.003405 -0.130234
v 0.054895 -0.032054 -0.125984
v 0.050500 -0.032054 -0.129507
v 0.047075 -0.030000 -0.131948
v 0.047007 -0.003715 -0.131392
v 0.048556 -0.003405 -0.130234
v 0.054895 -0.032054 -0.125984
v 0.048556 -0.003405 -0.130234
v 0.056955 -0.001412 -0.122799
v 0.062961 -0.014609 -0.117601
v 0.063053 -0.032054 -0.117977
v 0.056955 -0.001412 -0.122799
v 0.063385 -0.032054 -0.117651
v 0.063053 -0.032054 -0.117977
v 0.062961 -0.014609 -0.117601
v 0.078942 -0.032054 -0.092727
v 0.075142 -0.032054 -0.100450
v 0.075102 -0.016561 -0.099930
v 0.084679 -0.032054 -0.071408
v 0.082867 -0.032054 -0.080615
v 0.082644 -0.018613 -0.079924
v 0.084938 -0.017717 -0.058080
v 0.085056 -0.020768 -0.058381
v 0.082644 -0.018613 -0.079924
v 0.079405 0.012622 -0.070423
v 0.079795 0.011158 -0.071395
v 0.079151 0.011730 -0.073749
v 0.079151 0.011730 -0.073749
v 0.079795 0.011158 -0.071395
v 0.081605 -0.003207 -0.077096
v 0.072140 0.004508 -0.100703
v 0.073790 0.005686 -0.096308
v 0.074289 0.000899 -0.097533
v 0.068708 0.002826 -0.106980
v 0.074289 0.000899 -0.097533
v 0.075102 -0.016561 -0.099930
v 0.083320 -0.002709 -0.053325
v 0.083931 -0.007631 -0.055137
v 0.081605 -0.003207 -0.077096
v 0.082644 -0.018613 -0.079924
v 0.075102 -0.016561 -0.099930
v 0.074289 0.000899 -0.097533
v 0.047075 -0.030000 -0.131948
v 0.046933 -0.029999 -0.132039
v 0.046828 -0.003747 -0.131512
v 0.046933 -0.029999 -0.132039
v 0.047075 -0.030000 -0.131948
v 0.047072 -0.032054 -0.131953
v 0.047072 -0.032054 -0.131953
v 0.046930 -0.032054 -0.132043
v 0.046933 -0.029999 -0.132039
v 0.046828 -0.003747 -0.131512
v 0.047007 -0.003715 -0.131392
v 0.047075 -0.030000 -0.131948
v 0.048379 -0.048570 0.080193
v 0.038331 -0.059490 0.084669
v 0.039254 -0.044601 0.067564
v 0.026359 -0.068370 0.088554
v 0.013248 -0.074793 0.091814
v 0.013554 -0.060227 0.077704
v 0.048375 -0.075430 0.122705
v 0.038124 -0.085013 0.124174
v 0.038107 -0.074340 0.103223
v 0.038331 -0.059490 0.084669
v 0.026359 -0.068370 0.088554
v 0.026991 -0.053440 0.073150
v 0.048177 -0.063740 0.100437
v 0.038107 -0.074340 0.103223
v 0.038331 -0.059490 0.084669
v 0.038107 -0.074340 0.103223
v 0.026215 -0.082645 0.105607
v 0.026359 -0.068370 0.088554
v 0.038124 -0.085013 0.124174
v 0.026216 -0.092266 0.125322
v 0.026215 -0.082645 0.105607
v 0.026216 -0.092266 0.125322
v 0.013265 -0.096775 0.126121
v 0.013215 -0.088174 0.107585
v 0.013248 -0.074793 0.091814
v 0.000000 -0.078442 0.094643
v -0.000000 -0.064659 0.081478
v 0.026215 -0.082645 0.105607
v 0.013215 -0.088174 0.107585
v 0.013248 -0.074793 0.091814
v 0.013215 -0.088174 0.107585
v -0.000000 -0.090360 0.109444
v 0.000000 -0.080758 0.096855
v 0.000000 -0.080758 0.096855
v 0.013248 -0.074793 0.091814
v 0.013215 -0.088174 0.107585
v 0.013265 -0.096775 0.126121
v -0.000000 -0.098207 0.126597
v 0.000000 -0.092787 0.112625
v 0.000000 -0.092787 0.112625
v 0.013215 -0.088174 0.107585
v 0.013265 -0.096775 0.126121
v 0.054029 -0.017139 0.032963
v 0.042770 -0.025718 0.042632
v 0.044538 -0.021339 0.033999
v 0.058567 -0.013880 0.014044
v 0.046248 -0.019361 0.025600
v 0.047510 -0.020390 0.018342
v 0.060232 -0.017180 0.006553
v 0.047510 -0.020390 0.018342
v 0.048049 -0.025039 0.013068
v 0.047510 -0.020390 0.018342
v 0.032724 -0.023159 0.027849
v 0.033111 -0.025838 0.021674
v 0.048049 -0.025039 0.013068
v 0.033111 -0.025838 0.021674
v 0.033081 -0.029237 0.019734
v 0.046248 -0.019361 0.025600
v 0.031839 -0.024241 0.035108
v 0.032724 -0.023159 0.027849
v 0.056330 -0.014020 0.023285
v 0.044538 -0.021339 0.033999
v 0.046248 -0.019361 0.025600
v 0.031839 -0.024241 0.035108
v 0.046248 -0.019361 0.025600
v 0.044538 -0.021339 0.033999
v 0.016595 -0.025375 0.034761
v 0.032724 -0.023159 0.027849
v 0.031839 -0.024241 0.035108
v 0.032724 -0.023159 0.027849
v 0.016595 -0.025375 0.034761
v 0.016838 -0.026238 0.027284
v 0.033111 -0.025838 0.021674
v 0.016838 -0.026238 0.027284
v 0.016843 -0.029440 0.024759
v 0.016838 -0.026238 0.027284
v 0.016595 -0.025375 0.034761
v -0.000000 -0.025653 0.031601
v 0.016595 -0.025375 0.034761
v -0.000000 -0.026990 0.038950
v -0.000000 -0.026688 0.038388
v -0.000000 -0.026688 0.038388
v -0.000000 -0.025653 0.031601
v 0.016595 -0.025375 0.034761
v 0.016838 -0.026238 0.027284
v -0.000000 -0.026648 0.030029
v 0.000000 -0.028657 0.026857
v 0.000000 -0.028657 0.026857
v 0.016843 -0.029440 0.024759
v 0.016838 -0.026238 0.027284
v 0.016106 -0.028365 0.042331
v 0.015483 -0.033242 0.049750
v -0.000000 -0.031030 0.046468
v -0.000000 -0.026990 0.038950
v 0.016595 -0.025375 0.034761
v 0.016106 -0.028365 0.042331
v 0.015483 -0.033242 0.049750
v -0.000000 -0.037513 0.054734
v -0.000000 -0.031030 0.046468
v 0.016106 -0.028365 0.042331
v 0.031839 -0.024241 0.035108
v 0.030660 -0.027805 0.042870
v 0.015483 -0.033242 0.049750
v 0.029446 -0.033159 0.050676
v 0.028399 -0.039472 0.058234
v 0.015483 -0.033242 0.049750
v 0.030660 -0.027805 0.042870
v 0.029446 -0.033159 0.050676
v 0.049531 -0.034009 0.061043
v 0.039254 -0.044601 0.067564
v 0.041264 -0.031391 0.050978
v 0.030660 -0.027805 0.042870
v 0.044538 -0.021339 0.033999
v 0.042770 -0.025718 0.042632
v 0.052089 -0.021920 0.042335
v 0.041264 -0.031391 0.050978
v 0.042770 -0.025718 0.042632
v 0.029446 -0.033159 0.050676
v 0.042770 -0.025718 0.042632
v 0.041264 -0.031391 0.050978
v 0.039254 -0.044601 0.067564
v 0.026991 -0.053440 0.073150
v 0.028399 -0.039472 0.058234
v 0.014297 -0.045981 0.063990
v 0.028399 -0.039472 0.058234
v 0.026991 -0.053440 0.073150
v 0.000000 -0.037608 0.054856
v 0.015483 -0.033242 0.049750
v 0.014297 -0.045981 0.063990
v 0.014297 -0.045981 0.063990
v -0.000000 -0.050986 0.068206
v 0.000000 -0.037608 0.054856
v 0.014297 -0.045981 0.063990
v 0.013554 -0.060227 0.077704
v -0.000000 -0.055944 0.073154
v 0.013554 -0.060227 0.077704
v -0.000000 -0.064659 0.081478
v -0.000000 -0.055944 0.073154
v 0.065572 -0.006052 0.011011
v 0.056330 -0.014020 0.023285
v 0.058567 -0.013880 0.014044
v 0.062782 -0.007631 0.021899
v 0.054029 -0.017139 0.032963
v 0.056330 -0.014020 0.023285
v 0.062758 -0.009136 0.045921
v 0.057388 -0.022056 0.053771
v 0.060443 -0.011301 0.032531
v 0.057388 -0.022056 0.053771
v 0.049531 -0.034009 0.061043
v 0.052089 -0.021920 0.042335
v 0.060443 -0.011301 0.032531
v 0.052089 -0.021920 0.042335
v 0.054029 -0.017139 0.032963
v 0.061327 -0.022745 0.069826
v 0.056074 -0.036142 0.075216
v 0.057388 -0.022056 0.053771
v 0.064528 -0.024252 0.089985
v 0.061433 -0.038110 0.093789
v 0.061327 -0.022745 0.069826
v 0.061433 -0.038110 0.093789
v 0.056000 -0.051455 0.097280
v 0.056074 -0.036142 0.075216
v 0.056074 -0.036142 0.075216
v 0.048379 -0.048570 0.080193
v 0.049531 -0.034009 0.061043
v 0.056000 -0.051455 0.097280
v 0.048177 -0.063740 0.100437
v 0.048379 -0.048570 0.080193
v 0.062392 -0.051451 0.118952
v 0.056541 -0.064053 0.120950
v 0.056000 -0.051455 0.097280
v 0.065847 -0.038160 0.116758
v 0.062392 -0.051451 0.118952
v 0.061433 -0.038110 0.093789
v 0.066521 -0.042835 0.130882
v 0.062881 -0.055755 0.132072
v 0.062392 -0.051451 0.118952
v 0.062881 -0.055755 0.132072
v 0.056810 -0.067837 0.133155
v 0.056541 -0.064053 0.120950
v 0.056541 -0.064053 0.120950
v 0.048375 -0.075430 0.122705
v 0.048177 -0.063740 0.100437
v 0.066521 -0.042835 0.130882
v 0.067563 -0.029601 0.127310
v 0.067565 -0.029616 0.127416
v 0.067563 -0.029601 0.127310
v 0.066521 -0.042835 0.130882
v 0.065847 -0.038160 0.116758
v 0.067999 -0.032052 0.144991
v 0.067182 -0.042564 0.144991
v 0.066521 -0.042835 0.130882
v 0.062881 -0.055755 0.132072
v 0.064764 -0.052775 0.144991
v 0.064277 -0.054241 0.144991
v 0.066521 -0.042835 0.130882
v 0.066670 -0.044727 0.144991
v 0.064764 -0.052775 0.144991
v 0.064764 -0.052775 0.144991
v 0.062881 -0.055755 0.132072
v 0.066521 -0.042835 0.130882
v 0.062881 -0.055755 0.132072
v 0.062844 -0.057539 0.144991
v 0.060073 -0.063912 0.144991
v 0.060073 -0.063912 0.144991
v 0.056810 -0.067837 0.133155
v 0.062881 -0.055755 0.132072
v 0.054455 -0.072777 0.144991
v 0.048375 -0.075430 0.122705
v 0.056810 -0.067837 0.133155
v 0.056810 -0.067837 0.133155
v 0.056612 -0.069373 0.144991
v 0.054455 -0.072777 0.144991
v 0.054455 -0.072777 0.144991
v 0.053502 -0.074022 0.144991
v 0.048375 -0.075430 0.122705
v 0.048375 -0.075430 0.122705
v 0.056541 -0.064053 0.120950
v 0.056810 -0.067837 0.133155
v 0.038124 -0.085013 0.124174
v 0.048375 -0.075430 0.122705
v 0.046383 -0.081777 0.144991
v 0.046383 -0.081777 0.144991
v 0.039975 -0.087061 0.144991
v 0.038124 -0.085013 0.124174
v 0.048375 -0.075430 0.122705
v 0.048212 -0.079785 0.144991
v 0.046383 -0.081777 0.144991
v 0.038124 -0.085013 0.124174
v 0.037919 -0.088324 0.144991
v 0.030987 -0.092581 0.144991
v 0.030987 -0.092581 0.144991
v 0.026216 -0.092266 0.125322
v 0.038124 -0.085013 0.124174
v 0.026216 -0.092266 0.125322
v 0.021306 -0.096629 0.144991
v 0.019511 -0.097193 0.144991
v 0.019511 -0.097193 0.144991
v 0.013265 -0.096775 0.126121
v 0.026216 -0.092266 0.125322
v 0.026216 -0.092266 0.125322
v 0.026102 -0.094624 0.144991
v 0.021306 -0.096629 0.144991
v 0.000000 -0.098515 0.127390
v 0.013265 -0.096775 0.126121
v 0.009170 -0.099432 0.144991
v 0.009170 -0.099432 0.144991
v -0.000000 -0.100053 0.144991
v 0.000000 -0.098515 0.127390
v 0.013265 -0.096775 0.126121
v 0.013305 -0.098537 0.144991
v 0.009170 -0.099432 0.144991
v -0.000000 -0.029508 0.026640
v -0.000000 -0.032054 0.025991
v 0.011753 -0.032054 0.025179
v 0.011753 -0.032054 0.025179
v 0.016843 -0.029440 0.024759
v -0.000000 -0.029508 0.026640
v 0.011753 -0.032054 0.025179
v 0.013201 -0.032054 0.024966
v 0.016843 -0.029440 0.024759
v 0.016843 -0.029440 0.024759
v 0.016781 -0.032054 0.024150
v 0.024729 -0.032054 0.022337
v 0.024729 -0.032054 0.022337
v 0.033081 -0.029237 0.019734
v 0.016843 -0.029440 0.024759
v 0.048006 -0.028882 0.011595
v 0.033081 -0.029237 0.019734
v 0.038642 -0.032054 0.016763
v 0.033081 -0.029237 0.019734
v 0.035729 -0.032054 0.018170
v 0.038642 -0.032054 0.016763
v 0.033081 -0.029237 0.019734
v 0.032953 -0.032054 0.019222
v 0.035729 -0.032054 0.018170
v 0.048006 -0.028882 0.011595
v 0.048803 -0.032054 0.010698
v 0.057970 -0.032054 0.003341
v 0.048006 -0.028882 0.011595
v 0.047857 -0.032054 0.011263
v 0.048803 -0.032054 0.010698
v 0.060991 -0.023910 0.001829
v 0.048049 -0.025039 0.013068
v 0.048006 -0.028882 0.011595
v 0.038642 -0.032054 0.016763
v 0.047857 -0.032054 0.011263
v 0.048006 -0.028882 0.011595
v 0.024729 -0.032054 0.022337
v 0.032953 -0.032054 0.019222
v 0.033081 -0.029237 0.019734
v 0.013201 -0.032054 0.024966
v 0.016781 -0.032054 0.024150
v 0.016843 -0.029440 0.024759
v 0.000000 -0.098515 0.127390
v -0.000000 -0.098207 0.126597
v 0.013265 -0.096775 0.126121
v 0.019511 -0.097193 0.144991
v 0.013305 -0.098537 0.144991
v 0.013265 -0.096775 0.126121
v 0.030987 -0.092581 0.144991
v 0.026102 -0.094624 0.144991
v 0.026216 -0.092266 0.125322
v 0.039975 -0.087061 0.144991
v 0.037919 -0.088324 0.144991
v 0.038124 -0.085013 0.124174
v 0.053502 -0.074022 0.144991
v 0.048212 -0.079785 0.144991
v 0.048375 -0.075430 0.122705
v 0.060073 -0.063912 0.144991
v 0.056612 -0.069373 0.144991
v 0.056810 -0.067837 0.133155
v 0.064277 -0.054241 0.144991
v 0.062844 -0.057539 0.144991
v 0.062881 -0.055755 0.132072
v 0.067182 -0.042564 0.144991
v 0.066670 -0.044727 0.144991
v 0.066521 -0.042835 0.130882
v 0.067565 -0.029616 0.127416
v 0.067622 -0.029935 0.129717
v 0.066521 -0.042835 0.130882
v 0.048177 -0.063740 0.100437
v 0.056000 -0.051455 0.097280
v 0.056541 -0.064053 0.120950
v 0.056541 -0.064053 0.120950
v 0.062392 -0.051451 0.118952
v 0.062881 -0.055755 0.132072
v 0.062392 -0.051451 0.118952
v 0.065847 -0.038160 0.116758
v 0.066521 -0.042835 0.130882
v 0.061433 -0.038110 0.093789
v 0.064528 -0.024252 0.089985
v 0.065847 -0.038160 0.116758
v 0.056000 -0.051455 0.097280
v 0.061433 -0.038110 0.093789
v 0.062392 -0.051451 0.118952
v 0.048379 -0.048570 0.080193
v 0.056074 -0.036142 0.075216
v 0.056000 -0.051455 0.097280
v 0.049531 -0.034009 0.061043
v 0.057388 -0.022056 0.053771
v 0.056074 -0.036142 0.075216
v 0.056074 -0.036142 0.075216
v 0.061327 -0.022745 0.069826
v 0.061433 -0.038110 0.093789
v 0.057388 -0.022056 0.053771
v 0.062758 -0.009136 0.045921
v 0.061327 -0.022745 0.069826
v 0.054029 -0.017139 0.032963
v 0.062782 -0.007631 0.021899
v 0.060443 -0.011301 0.032531
v 0.052089 -0.021920 0.042335
v 0.060443 -0.011301 0.032531
v 0.057388 -0.022056 0.053771
v 0.056330 -0.014020 0.023285
v 0.065572 -0.006052 0.011011
v 0.062782 -0.007631 0.021899
v -0.000000 -0.055944 0.073154
v -0.000000 -0.050986 0.068206
v 0.014297 -0.045981 0.063990
v 0.000000 -0.037608 0.054856
v -0.000000 -0.037513 0.054734
v 0.015483 -0.033242 0.049750
v 0.026991 -0.053440 0.073150
v 0.013554 -0.060227 0.077704
v 0.014297 -0.045981 0.063990
v 0.028399 -0.039472 0.058234
v 0.041264 -0.031391 0.050978
v 0.039254 -0.044601 0.067564
v 0.041264 -0.031391 0.050978
v 0.028399 -0.039472 0.058234
v 0.029446 -0.033159 0.050676
v 0.042770 -0.025718 0.042632
v 0.054029 -0.017139 0.032963
v 0.052089 -0.021920 0.042335
v 0.042770 -0.025718 0.042632
v 0.029446 -0.033159 0.050676
v 0.030660 -0.027805 0.042870
v 0.041264 -0.031391 0.050978
v 0.052089 -0.021920 0.042335
v 0.049531 -0.034009 0.061043
v 0.028399 -0.039472 0.058234
v 0.014297 -0.045981 0.063990
v 0.015483 -0.033242 0.049750
v 0.030660 -0.027805 0.042870
v 0.015483 -0.033242 0.049750
v 0.016106 -0.028365 0.042331
v -0.000000 -0.031030 0.046468
v -0.000000 -0.026990 0.038950
v 0.016106 -0.028365 0.042331
v 0.000000 -0.028657 0.026857
v -0.000000 -0.029508 0.026640
v 0.016843 -0.029440 0.024759
v -0.000000 -0.025653 0.031601
v -0.000000 -0.026648 0.030029
v 0.016838 -0.026238 0.027284
v 0.016843 -0.029440 0.024759
v 0.033081 -0.029237 0.019734
v 0.033111 -0.025838 0.021674
v 0.016838 -0.026238 0.027284
v 0.033111 -0.025838 0.021674
v 0.032724 -0.023159 0.027849
v 0.031839 -0.024241 0.035108
v 0.016106 -0.028365 0.042331
v 0.016595 -0.025375 0.034761
v 0.044538 -0.021339 0.033999
v 0.030660 -0.027805 0.042870
v 0.031839 -0.024241 0.035108
v 0.046248 -0.019361 0.025600
v 0.058567 -0.013880 0.014044
v 0.056330 -0.014020 0.023285
v 0.032724 -0.023159 0.027849
v 0.047510 -0.020390 0.018342
v 0.046248 -0.019361 0.025600
v 0.033081 -0.029237 0.019734
v 0.048006 -0.028882 0.011595
v 0.048049 -0.025039 0.013068
v 0.033111 -0.025838 0.021674
v 0.048049 -0.025039 0.013068
v 0.047510 -0.020390 0.018342
v 0.047510 -0.020390 0.018342
v 0.060232 -0.017180 0.006553
v 0.058567 -0.013880 0.014044
v 0.044538 -0.021339 0.033999
v 0.056330 -0.014020 0.023285
v 0.054029 -0.017139 0.032963
v 0.000000 -0.092787 0.112625
v -0.000000 -0.090360 0.109444
v 0.013215 -0.088174 0.107585
v 0.000000 -0.080758 0.096855
v 0.000000 -0.078442 0.094643
v 0.013248 -0.074793 0.091814
v 0.013248 -0.074793 0.091814
v 0.026359 -0.068370 0.088554
v 0.026215 -0.082645 0.105607
v -0.000000 -0.064659 0.081478
v 0.013554 -0.060227 0.077704
v 0.013248 -0.074793 0.091814
v 0.013215 -0.088174 0.107585
v 0.026215 -0.082645 0.105607
v 0.026216 -0.092266 0.125322
v 0.026215 -0.082645 0.105607
v 0.038107 -0.074340 0.103223
v 0.038124 -0.085013 0.124174
v 0.026359 -0.068370 0.088554
v 0.038331 -0.059490 0.084669
v 0.038107 -0.074340 0.103223
v 0.038331 -0.059490 0.084669
v 0.048379 -0.048570 0.080193
v 0.048177 -0.063740 0.100437
v 0.026991 -0.053440 0.073150
v 0.039254 -0.044601 0.067564
v 0.038331 -0.059490 0.084669
v 0.038107 -0.074340 0.103223
v 0.048177 -0.063740 0.100437
v 0.048375 -0.075430 0.122705
v 0.013554 -0.060227 0.077704
v 0.026991 -0.053440 0.073150
v 0.026359 -0.068370 0.088554
v 0.039254 -0.044601 0.067564
v 0.049531 -0.034009 0.061043
v 0.048379 -0.048570 0.080193
v -0.013248 -0.074793 0.091814
v -0.013555 -0.060227 0.077704
v -0.000000 -0.064659 0.081478
v -0.013216 -0.088174 0.107585
v -0.013248 -0.074793 0.091814
v 0.000000 -0.080758 0.096855
v -0.013248 -0.074793 0.091814
v 0.000000 -0.078442 0.094643
v 0.000000 -0.080758 0.096855
v -0.013265 -0.096775 0.126121
v -0.013216 -0.088174 0.107585
v 0.000000 -0.092787 0.112625
v -0.013216 -0.088174 0.107585
v -0.000000 -0.090360 0.109444
v 0.000000 -0.092787 0.112625
v 0.000000 -0.037608 0.054856
v -0.000000 -0.050986 0.068206
v -0.014297 -0.045981 0.063990
v -0.015483 -0.033242 0.049750
v -0.000000 -0.037513 0.054734
v 0.000000 -0.037608 0.054856
v -0.014297 -0.045981 0.063990
v -0.000000 -0.050986 0.068206
v -0.000000 -0.055944 0.073154
v -0.013265 -0.096775 0.126121
v -0.010464 -0.099243 0.144991
v -0.013056 -0.098788 0.144991
v 0.000000 -0.098515 0.127390
v -0.000000 -0.100053 0.144991
v -0.010464 -0.099243 0.144991
v -0.013265 -0.096775 0.126121
v -0.000000 -0.098207 0.126597
v 0.000000 -0.098515 0.127390
v -0.010464 -0.099243 0.144991
v -0.013265 -0.096775 0.126121
v 0.000000 -0.098515 0.127390
v -0.007917 -0.032054 0.025623
v -0.000000 -0.032054 0.025991
v -0.000000 -0.029508 0.026640
v -0.013056 -0.098788 0.144991
v -0.013341 -0.098709 0.144991
v -0.013265 -0.096775 0.126121
v -0.000000 -0.055944 0.073154
v -0.000000 -0.064659 0.081478
v -0.013555 -0.060227 0.077704
v -0.000000 -0.031030 0.046468
v -0.000000 -0.037513 0.054734
v -0.015483 -0.033242 0.049750
v 0.000000 -0.092787 0.112625
v -0.000000 -0.098207 0.126597
v -0.013265 -0.096775 0.126121
v 0.000000 -0.080758 0.096855
v -0.000000 -0.090360 0.109444
v -0.013216 -0.088174 0.107585
v -0.000000 -0.064659 0.081478
v 0.000000 -0.078442 0.094643
v -0.013248 -0.074793 0.091814
v -0.024327 -0.006357 -0.141253
v -0.024338 -0.032054 -0.141516
v -0.028504 -0.032054 -0.140452
v -0.039769 -0.032054 -0.135905
v -0.036572 -0.005213 -0.136984
v -0.031479 -0.005777 -0.139088
v -0.036572 -0.005213 -0.136984
v -0.039769 -0.032054 -0.135905
v -0.046933 -0.030077 -0.132039
v -0.039769 -0.032054 -0.135905
v -0.046930 -0.032054 -0.132043
v -0.046933 -0.030077 -0.132039
v -0.046933 -0.030077 -0.132039
v -0.046829 -0.003747 -0.131512
v -0.036572 -0.005213 -0.136984
v -0.031479 -0.005777 -0.139088
v -0.028504 -0.032054 -0.140452
v -0.039769 -0.032054 -0.135905
v 0.000005 -0.032054 -0.144906
v -0.010309 -0.032054 -0.144425
v -0.008476 -0.007201 -0.144403
v -0.008476 -0.007201 -0.144403
v -0.010309 -0.032054 -0.144425
v -0.016635 -0.032054 -0.143482
v -0.016635 -0.032054 -0.143482
v -0.020209 -0.006691 -0.142499
v -0.008476 -0.007201 -0.144403
v -0.016635 -0.032054 -0.143482
v -0.024338 -0.032054 -0.141516
v -0.020209 -0.006691 -0.142499
v -0.024338 -0.032054 -0.141516
v -0.024327 -0.006357 -0.141253
v -0.020209 -0.006691 -0.142499
v -0.000000 -0.007308 -0.144802
v 0.001830 -0.032054 -0.144991
v 0.000005 -0.032054 -0.144906
v -0.008476 -0.007201 -0.144403
v -0.000000 -0.007308 -0.144802
v 0.000005 -0.032054 -0.144906
v -0.028504 -0.032054 -0.140452
v -0.031479 -0.005777 -0.139088
v -0.024327 -0.006357 -0.141253
v -0.079353 0.004417 -0.029224
v -0.082044 -0.006125 -0.037977
v -0.077697 -0.009916 -0.022064
v -0.082044 -0.006125 -0.037977
v -0.083599 -0.019285 -0.042582
v -0.079036 -0.020951 -0.026543
v -0.075967 0.010983 -0.017182
v -0.079353 0.004417 -0.029224
v -0.075248 -0.001808 -0.013719
v -0.068922 0.002583 0.009664
v -0.072103 0.002351 -0.002544
v -0.065573 -0.006052 0.011011
v -0.075248 -0.001808 -0.013719
v -0.077697 -0.009916 -0.022064
v -0.070388 -0.013646 -0.007074
v -0.077697 -0.009916 -0.022064
v -0.079036 -0.020951 -0.026543
v -0.071434 -0.022522 -0.011556
v -0.072103 0.002351 -0.002544
v -0.075248 -0.001808 -0.013719
v -0.068308 -0.007968 0.000809
v -0.068308 -0.007968 0.000809
v -0.070388 -0.013646 -0.007074
v -0.060233 -0.017180 0.006553
v -0.070388 -0.013646 -0.007074
v -0.071434 -0.022522 -0.011556
v -0.060992 -0.023910 0.001829
v -0.079353 0.004417 -0.029224
v -0.079379 0.014140 -0.040031
v -0.079695 0.013400 -0.041240
v -0.079353 0.004417 -0.029224
v -0.075967 0.010983 -0.017182
v -0.077270 0.019082 -0.031951
v -0.077270 0.019082 -0.031951
v -0.079379 0.014140 -0.040031
v -0.079353 0.004417 -0.029224
v -0.082044 -0.006125 -0.037977
v -0.081989 0.004231 -0.049003
v -0.082814 0.000935 -0.051794
v -0.082044 -0.006125 -0.037977
v -0.079353 0.004417 -0.029224
v -0.080583 0.009850 -0.044246
v -0.080583 0.009850 -0.044246
v -0.081989 0.004231 -0.049003
v -0.082044 -0.006125 -0.037977
v -0.083599 -0.019285 -0.042582
v -0.083943 -0.007631 -0.055173
v -0.084714 -0.013477 -0.057480
v -0.082044 -0.006125 -0.037977
v -0.083300 -0.002751 -0.053248
v -0.083943 -0.007631 -0.055173
v -0.083943 -0.007631 -0.055173
v -0.083599 -0.019285 -0.042582
v -0.082044 -0.006125 -0.037977
v -0.085021 -0.020785 -0.058274
v -0.085493 -0.032054 -0.059498
v -0.084674 -0.032054 -0.047698
v -0.084674 -0.032054 -0.047698
v -0.083599 -0.019285 -0.042582
v -0.085021 -0.020785 -0.058274
v -0.083599 -0.019285 -0.042582
v -0.084893 -0.017737 -0.057943
v -0.085021 -0.020785 -0.058274
v -0.083599 -0.019285 -0.042582
v -0.082254 -0.032054 -0.036190
v -0.080933 -0.032054 -0.031951
v -0.080933 -0.032054 -0.031951
v -0.079036 -0.020951 -0.026543
v -0.083599 -0.019285 -0.042582
v -0.083599 -0.019285 -0.042582
v -0.083816 -0.032054 -0.043616
v -0.082254 -0.032054 -0.036190
v -0.071434 -0.022522 -0.011556
v -0.079036 -0.020951 -0.026543
v -0.076353 -0.032054 -0.021036
v -0.079036 -0.020951 -0.026543
v -0.079083 -0.032054 -0.027541
v -0.076353 -0.032054 -0.021036
v -0.060992 -0.023910 0.001829
v -0.071434 -0.022522 -0.011556
v -0.067248 -0.032054 -0.006706
v -0.071434 -0.022522 -0.011556
v -0.070355 -0.032054 -0.010924
v -0.067248 -0.032054 -0.006706
v -0.071434 -0.022522 -0.011556
v -0.071367 -0.032054 -0.012630
v -0.070355 -0.032054 -0.010924
v -0.067248 -0.032054 -0.006706
v -0.060786 -0.032054 0.000446
v -0.060992 -0.023910 0.001829
v -0.076353 -0.032054 -0.021036
v -0.071367 -0.032054 -0.012630
v -0.071434 -0.022522 -0.011556
v -0.080933 -0.032054 -0.031951
v -0.079083 -0.032054 -0.027541
v -0.079036 -0.020951 -0.026543
v -0.084674 -0.032054 -0.047698
v -0.083816 -0.032054 -0.043616
v -0.083599 -0.019285 -0.042582
v -0.084714 -0.013477 -0.057480
v -0.084893 -0.017737 -0.057943
v -0.083599 -0.019285 -0.042582
v -0.082814 0.000935 -0.051794
v -0.083300 -0.002751 -0.053248
v -0.082044 -0.006125 -0.037977
v -0.079695 0.013400 -0.041240
v -0.080583 0.009850 -0.044246
v -0.079353 0.004417 -0.029224
v -0.060992 -0.023910 0.001829
v -0.060233 -0.017180 0.006553
v -0.070388 -0.013646 -0.007074
v -0.068308 -0.007968 0.000809
v -0.065573 -0.006052 0.011011
v -0.072103 0.002351 -0.002544
v -0.071434 -0.022522 -0.011556
v -0.070388 -0.013646 -0.007074
v -0.077697 -0.009916 -0.022064
v -0.070388 -0.013646 -0.007074
v -0.068308 -0.007968 0.000809
v -0.075248 -0.001808 -0.013719
v -0.075248 -0.001808 -0.013719
v -0.072103 0.002351 -0.002544
v -0.075967 0.010983 -0.017182
v -0.079036 -0.020951 -0.026543
v -0.077697 -0.009916 -0.022064
v -0.082044 -0.006125 -0.037977
v -0.077697 -0.009916 -0.022064
v -0.075248 -0.001808 -0.013719
v -0.079353 0.004417 -0.029224
v -0.074290 0.000899 -0.097533
v -0.075103 -0.016561 -0.099930
v -0.082644 -0.018613 -0.079924
v -0.081606 -0.003207 -0.077096
v -0.083943 -0.007631 -0.055173
v -0.083300 -0.002751 -0.053248
v -0.083300 -0.002751 -0.053248
v -0.079796 0.011158 -0.071395
v -0.081606 -0.003207 -0.077096
v -0.083300 -0.002751 -0.053248
v -0.082814 0.000935 -0.051794
v -0.079796 0.011158 -0.071395
v -0.081989 0.004231 -0.049003
v -0.079824 0.014512 -0.063368
v -0.079379 0.012632 -0.070386
v -0.080583 0.009850 -0.044246
v -0.079695 0.013400 -0.041240
v -0.078969 0.018033 -0.050227
v -0.079563 0.016713 -0.055156
v -0.081989 0.004231 -0.049003
v -0.080583 0.009850 -0.044246
v -0.078969 0.018033 -0.050227
v -0.079563 0.016713 -0.055156
v -0.080583 0.009850 -0.044246
v -0.079563 0.016713 -0.055156
v -0.079824 0.014512 -0.063368
v -0.081989 0.004231 -0.049003
v -0.079379 0.012632 -0.070386
v -0.079796 0.011158 -0.071395
v -0.081989 0.004231 -0.049003
v -0.074290 0.000899 -0.097533
v -0.081606 -0.003207 -0.077096
v -0.075483 0.006807 -0.092124
v -0.081606 -0.003207 -0.077096
v -0.076572 0.007780 -0.088492
v -0.075483 0.006807 -0.092124
v -0.081606 -0.003207 -0.077096
v -0.079002 0.011041 -0.076321
v -0.076572 0.007780 -0.088492
v -0.081606 -0.003207 -0.077096
v -0.079796 0.011158 -0.071395
v -0.079166 0.011734 -0.073737
v -0.079166 0.011734 -0.073737
v -0.079002 0.011041 -0.076321
v -0.081606 -0.003207 -0.077096
v -0.074290 0.000899 -0.097533
v -0.073789 0.005687 -0.096304
v -0.071229 0.003993 -0.102626
v -0.062961 -0.014609 -0.117601
v -0.075103 -0.016561 -0.099930
v -0.065528 0.001379 -0.112382
v -0.075103 -0.016561 -0.099930
v -0.074290 0.000899 -0.097533
v -0.068683 0.002826 -0.106983
v -0.068683 0.002826 -0.106983
v -0.065528 0.001379 -0.112382
v -0.075103 -0.016561 -0.099930
v -0.065528 0.001379 -0.112382
v -0.063057 0.000468 -0.115780
v -0.062961 -0.014609 -0.117601
v -0.056474 -0.032054 -0.124600
v -0.055638 -0.001764 -0.124113
v -0.047008 -0.003715 -0.131391
v -0.047008 -0.003715 -0.131391
v -0.047075 -0.030077 -0.131948
v -0.056474 -0.032054 -0.124600
v -0.047075 -0.030077 -0.131948
v -0.047072 -0.032054 -0.131953
v -0.056474 -0.032054 -0.124600
v -0.055638 -0.001764 -0.124113
v -0.063050 -0.032054 -0.117974
v -0.062961 -0.014609 -0.117601
v -0.062961 -0.014609 -0.117601
v -0.062578 0.000324 -0.116319
v -0.055638 -0.001764 -0.124113
v -0.062961 -0.014609 -0.117601
v -0.063516 -0.032054 -0.117503
v -0.070821 -0.032054 -0.108012
v -0.070821 -0.032054 -0.108012
v -0.075103 -0.016561 -0.099930
v -0.062961 -0.014609 -0.117601
v -0.062961 -0.014609 -0.117601
v -0.063050 -0.032054 -0.117974
v -0.063516 -0.032054 -0.117503
v -0.082644 -0.018613 -0.079924
v -0.075103 -0.016561 -0.099930
v -0.079017 -0.032054 -0.092546
v -0.079017 -0.032054 -0.092546
v -0.082769 -0.032054 -0.081172
v -0.082644 -0.018613 -0.079924
v -0.075103 -0.016561 -0.099930
v -0.075150 -0.032054 -0.100442
v -0.076727 -0.032054 -0.097684
v -0.076727 -0.032054 -0.097684
v -0.079017 -0.032054 -0.092546
v -0.075103 -0.016561 -0.099930
v -0.085021 -0.020785 -0.058274
v -0.082644 -0.018613 -0.079924
v -0.084924 -0.032054 -0.069470
v -0.082644 -0.018613 -0.079924
v -0.082871 -0.032054 -0.080616
v -0.084924 -0.032054 -0.069470
v -0.084924 -0.032054 -0.069470
v -0.085384 -0.032054 -0.063862
v -0.085021 -0.020785 -0.058274
v -0.082644 -0.018613 -0.079924
v -0.084893 -0.017737 -0.057943
v -0.084714 -0.013477 -0.057480
v -0.082644 -0.018613 -0.079924
v -0.085021 -0.020785 -0.058274
v -0.084893 -0.017737 -0.057943
v -0.084714 -0.013477 -0.057480
v -0.081606 -0.003207 -0.077096
v -0.082644 -0.018613 -0.079924
v -0.084714 -0.013477 -0.057480
v -0.083943 -0.007631 -0.055173
v -0.081606 -0.003207 -0.077096
v -0.085384 -0.032054 -0.063862
v -0.085493 -0.032054 -0.059498
v -0.085021 -0.020785 -0.058274
v -0.082769 -0.032054 -0.081172
v -0.082871 -0.032054 -0.080616
v -0.082644 -0.018613 -0.079924
v -0.070821 -0.032054 -0.108012
v -0.075150 -0.032054 -0.100442
v -0.075103 -0.016561 -0.099930
v -0.056474 -0.032054 -0.124600
v -0.063050 -0.032054 -0.117974
v -0.055638 -0.001764 -0.124113
v -0.063057 0.000468 -0.115780
v -0.062578 0.000324 -0.116319
v -0.062961 -0.014609 -0.117601
v -0.071229 0.003993 -0.102626
v -0.068683 0.002826 -0.106983
v -0.074290 0.000899 -0.097533
v -0.075483 0.006807 -0.092124
v -0.073789 0.005687 -0.096304
v -0.074290 0.000899 -0.097533
v -0.079166 0.011734 -0.073737
v -0.079796 0.011158 -0.071395
v -0.079379 0.012632 -0.070386
v -0.079695 0.013400 -0.041240
v -0.079379 0.014140 -0.040031
v -0.078969 0.018033 -0.050227
v -0.082814 0.000935 -0.051794
v -0.081989 0.004231 -0.049003
v -0.079796 0.011158 -0.071395
v -0.082644 -0.018613 -0.079924
v -0.081606 -0.003207 -0.077096
v -0.074290 0.000899 -0.097533
v -0.047075 -0.030077 -0.131948
v -0.047008 -0.003715 -0.131391
v -0.046829 -0.003747 -0.131512
v -0.046933 -0.030077 -0.132039
v -0.046930 -0.032054 -0.132043
v -0.047072 -0.032054 -0.131953
v -0.047072 -0.032054 -0.131953
v -0.047075 -0.030077 -0.131948
v -0.046933 -0.030077 -0.132039
v -0.046829 -0.003747 -0.131512
v -0.046933 -0.030077 -0.132039
v -0.047075 -0.030077 -0.131948
v -0.067623 -0.029935 0.129717
v -0.068000 -0.032052 0.144991
v -0.067849 -0.027481 0.144991
v -0.066654 -0.021335 0.110491
v -0.066671 -0.023588 0.110491
v -0.066890 -0.025061 0.114611
v -0.048379 -0.048570 0.080193
v -0.049531 -0.034009 0.061043
v -0.039255 -0.044601 0.067564
v -0.026360 -0.068370 0.088554
v -0.026991 -0.053440 0.073150
v -0.013555 -0.060227 0.077704
v -0.048375 -0.075430 0.122705
v -0.048178 -0.063740 0.100437
v -0.038107 -0.074340 0.103223
v -0.038331 -0.059490 0.084669
v -0.039255 -0.044601 0.067564
v -0.026991 -0.053440 0.073150
v -0.048178 -0.063740 0.100437
v -0.048379 -0.048570 0.080193
v -0.038331 -0.059490 0.084669
v -0.038107 -0.074340 0.103223
v -0.038331 -0.059490 0.084669
v -0.026360 -0.068370 0.088554
v -0.038125 -0.085013 0.124174
v -0.038107 -0.074340 0.103223
v -0.026215 -0.082645 0.105607
v -0.026217 -0.092266 0.125322
v -0.026215 -0.082645 0.105607
v -0.013216 -0.088174 0.107585
v -0.026215 -0.082645 0.105607
v -0.026360 -0.068370 0.088554
v -0.013248 -0.074793 0.091814
v -0.054030 -0.017139 0.032963
v -0.056331 -0.014020 0.023285
v -0.044538 -0.021339 0.033999
v -0.058568 -0.013880 0.014044
v -0.060233 -0.017180 0.006553
v -0.047511 -0.020390 0.018342
v -0.060233 -0.017180 0.006553
v -0.060992 -0.023910 0.001829
v -0.048049 -0.025039 0.013068
v -0.047511 -0.020390 0.018342
v -0.048049 -0.025039 0.013068
v -0.033111 -0.025838 0.021674
v -0.048049 -0.025039 0.013068
v -0.048006 -0.028882 0.011595
v -0.033082 -0.029237 0.019734
v -0.046248 -0.019361 0.025600
v -0.047511 -0.020390 0.018342
v -0.032724 -0.023159 0.027849
v -0.056331 -0.014020 0.023285
v -0.058568 -0.013880 0.014044
v -0.046248 -0.019361 0.025600
v -0.031840 -0.024241 0.035108
v -0.030661 -0.027805 0.042870
v -0.044538 -0.021339 0.033999
v -0.016596 -0.025375 0.034761
v -0.016107 -0.028365 0.042331
v -0.031840 -0.024241 0.035108
v -0.032724 -0.023159 0.027849
v -0.033111 -0.025838 0.021674
v -0.016839 -0.026238 0.027284
v -0.033111 -0.025838 0.021674
v -0.033082 -0.029237 0.019734
v -0.016844 -0.029440 0.024759
v -0.016596 -0.025375 0.034761
v -0.000000 -0.025653 0.031601
v -0.000000 -0.026688 0.038388
v -0.016839 -0.026238 0.027284
v -0.000000 -0.026648 0.030029
v -0.000000 -0.025653 0.031601
v -0.000000 -0.025653 0.031601
v -0.016596 -0.025375 0.034761
v -0.016839 -0.026238 0.027284
v -0.016839 -0.026238 0.027284
v -0.016844 -0.029440 0.024759
v 0.000000 -0.028657 0.026857
v -0.016844 -0.029440 0.024759
v -0.000000 -0.029508 0.026640
v 0.000000 -0.028657 0.026857
v -0.016107 -0.028365 0.042331
v -0.000000 -0.026990 0.038950
v -0.000000 -0.031030 0.046468
v -0.000000 -0.031030 0.046468
v -0.015483 -0.033242 0.049750
v -0.016107 -0.028365 0.042331
v -0.016107 -0.028365 0.042331
v -0.016596 -0.025375 0.034761
v -0.000000 -0.026990 0.038950
v -0.016107 -0.028365 0.042331
v -0.015483 -0.033242 0.049750
v -0.030661 -0.027805 0.042870
v -0.015483 -0.033242 0.049750
v -0.014297 -0.045981 0.063990
v -0.028399 -0.039472 0.058234
v -0.028399 -0.039472 0.058234
v -0.029446 -0.033159 0.050676
v -0.015483 -0.033242 0.049750
v -0.049531 -0.034009 0.061043
v -0.052089 -0.021920 0.042335
v -0.041264 -0.031391 0.050978
v -0.030661 -0.027805 0.042870
v -0.029446 -0.033159 0.050676
v -0.042770 -0.025718 0.042632
v -0.052089 -0.021920 0.042335
v -0.054030 -0.017139 0.032963
v -0.042770 -0.025718 0.042632
v -0.029446 -0.033159 0.050676
v -0.028399 -0.039472 0.058234
v -0.041264 -0.031391 0.050978
v -0.039255 -0.044601 0.067564
v -0.041264 -0.031391 0.050978
v -0.028399 -0.039472 0.058234
v -0.014297 -0.045981 0.063990
v -0.013555 -0.060227 0.077704
v -0.026991 -0.053440 0.073150
v -0.000000 -0.055944 0.073154
v -0.013555 -0.060227 0.077704
v -0.014297 -0.045981 0.063990
v -0.065573 -0.006052 0.011011
v -0.068308 -0.007968 0.000809
v -0.058568 -0.013880 0.014044
v -0.062783 -0.007631 0.021899
v -0.065573 -0.006052 0.011011
v -0.056331 -0.014020 0.023285
v -0.062759 -0.009136 0.045921
v -0.066249 0.000216 0.021780
v -0.060444 -0.011301 0.032531
v -0.066249 0.000216 0.021780
v -0.068922 0.002583 0.009664
v -0.062783 -0.007631 0.021899
v -0.057388 -0.022056 0.053771
v -0.060444 -0.011301 0.032531
v -0.052089 -0.021920 0.042335
v -0.060444 -0.011301 0.032531
v -0.062783 -0.007631 0.021899
v -0.054030 -0.017139 0.032963
v -0.061328 -0.022745 0.069826
v -0.062759 -0.009136 0.045921
v -0.057388 -0.022056 0.053771
v -0.064529 -0.024252 0.089985
v -0.064275 -0.008833 0.064064
v -0.061328 -0.022745 0.069826
v -0.061433 -0.038110 0.093789
v -0.061328 -0.022745 0.069826
v -0.056074 -0.036142 0.075216
v -0.056074 -0.036142 0.075216
v -0.057388 -0.022056 0.053771
v -0.049531 -0.034009 0.061043
v -0.056000 -0.051455 0.097280
v -0.056074 -0.036142 0.075216
v -0.048379 -0.048570 0.080193
v -0.062393 -0.051451 0.118952
v -0.061433 -0.038110 0.093789
v -0.056000 -0.051455 0.097280
v -0.065847 -0.038160 0.116758
v -0.064529 -0.024252 0.089985
v -0.061433 -0.038110 0.093789
v -0.066522 -0.042835 0.130882
v -0.065847 -0.038160 0.116758
v -0.062393 -0.051451 0.118952
v -0.062881 -0.055755 0.132072
v -0.062393 -0.051451 0.118952
v -0.056541 -0.064053 0.120950
v -0.056541 -0.064053 0.120950
v -0.056000 -0.051455 0.097280
v -0.048178 -0.063740 0.100437
v -0.013265 -0.096775 0.126121
v -0.013341 -0.098709 0.144991
v -0.023220 -0.095966 0.144991
v -0.023220 -0.095966 0.144991
v -0.026217 -0.092266 0.125322
v -0.013265 -0.096775 0.126121
v -0.038125 -0.085013 0.124174
v -0.026217 -0.092266 0.125322
v -0.032774 -0.091633 0.144991
v -0.026217 -0.092266 0.125322
v -0.026110 -0.094655 0.144991
v -0.032774 -0.091633 0.144991
v -0.032774 -0.091633 0.144991
v -0.034408 -0.090705 0.144991
v -0.038125 -0.085013 0.124174
v -0.038125 -0.085013 0.124174
v -0.042233 -0.085347 0.144991
v -0.048230 -0.079785 0.144991
v -0.038125 -0.085013 0.124174
v -0.037903 -0.088312 0.144991
v -0.042233 -0.085347 0.144991
v -0.049965 -0.078176 0.144991
v -0.056467 -0.069939 0.144991
v -0.056811 -0.067837 0.133155
v -0.048375 -0.075430 0.122705
v -0.048230 -0.079785 0.144991
v -0.049965 -0.078176 0.144991
v -0.056811 -0.067837 0.133155
v -0.048375 -0.075430 0.122705
v -0.049965 -0.078176 0.144991
v -0.056467 -0.069939 0.144991
v -0.056771 -0.069474 0.144991
v -0.056811 -0.067837 0.133155
v -0.056811 -0.067837 0.133155
v -0.057326 -0.068626 0.144991
v -0.062294 -0.059318 0.144991
v -0.062294 -0.059318 0.144991
v -0.062881 -0.055755 0.132072
v -0.056811 -0.067837 0.133155
v -0.056811 -0.067837 0.133155
v -0.056771 -0.069474 0.144991
v -0.057326 -0.068626 0.144991
v -0.066522 -0.042835 0.130882
v -0.065747 -0.049410 0.144991
v -0.066201 -0.047589 0.144991
v -0.062881 -0.055755 0.132072
v -0.062902 -0.057573 0.144991
v -0.065747 -0.049410 0.144991
v -0.065747 -0.049410 0.144991
v -0.066522 -0.042835 0.130882
v -0.062881 -0.055755 0.132072
v -0.067623 -0.029935 0.129717
v -0.066522 -0.042835 0.130882
v -0.067806 -0.037180 0.144991
v -0.066522 -0.042835 0.130882
v -0.066641 -0.044733 0.144991
v -0.067806 -0.037180 0.144991
v -0.065847 -0.038160 0.116758
v -0.066522 -0.042835 0.130882
v -0.067563 -0.029601 0.127310
v -0.066522 -0.042835 0.130882
v -0.067623 -0.029935 0.129717
v -0.067566 -0.029616 0.127416
v -0.067566 -0.029616 0.127416
v -0.067563 -0.029601 0.127310
v -0.066522 -0.042835 0.130882
v -0.064529 -0.024252 0.089985
v -0.065847 -0.038160 0.116758
v -0.066671 -0.023588 0.110491
v -0.066671 -0.023588 0.110491
v -0.065711 -0.014826 0.092987
v -0.064529 -0.024252 0.089985
v -0.065847 -0.038160 0.116758
v -0.066890 -0.025061 0.114611
v -0.066671 -0.023588 0.110491
v -0.064275 -0.008833 0.064064
v -0.064529 -0.024252 0.089985
v -0.065623 -0.011007 0.086095
v -0.062759 -0.009136 0.045921
v -0.061328 -0.022745 0.069826
v -0.064275 -0.008833 0.064064
v -0.060992 -0.023910 0.001829
v -0.059316 -0.032054 0.002073
v -0.050311 -0.032054 0.009626
v -0.050311 -0.032054 0.009626
v -0.048006 -0.028882 0.011595
v -0.060992 -0.023910 0.001829
v -0.060992 -0.023910 0.001829
v -0.060786 -0.032054 0.000446
v -0.059316 -0.032054 0.002073
v -0.050311 -0.032054 0.009626
v -0.047871 -0.032054 0.011290
v -0.048006 -0.028882 0.011595
v -0.048006 -0.028882 0.011595
v -0.045988 -0.032054 0.012574
v -0.035590 -0.032054 0.018234
v -0.048006 -0.028882 0.011595
v -0.047871 -0.032054 0.011290
v -0.045988 -0.032054 0.012574
v -0.035590 -0.032054 0.018234
v -0.033082 -0.029237 0.019734
v -0.048006 -0.028882 0.011595
v -0.033082 -0.029237 0.019734
v -0.032956 -0.032054 0.019227
v -0.024589 -0.032054 0.022380
v -0.024589 -0.032054 0.022380
v -0.016844 -0.029440 0.024759
v -0.033082 -0.029237 0.019734
v -0.024589 -0.032054 0.022380
v -0.019555 -0.032054 0.023725
v -0.016844 -0.029440 0.024759
v -0.016844 -0.029440 0.024759
v -0.016797 -0.032054 0.024175
v -0.007917 -0.032054 0.025623
v -0.007917 -0.032054 0.025623
v -0.000000 -0.029508 0.026640
v -0.016844 -0.029440 0.024759
v -0.019555 -0.032054 0.023725
v -0.016797 -0.032054 0.024175
v -0.016844 -0.029440 0.024759
v -0.035590 -0.032054 0.018234
v -0.032956 -0.032054 0.019227
v -0.033082 -0.029237 0.019734
v -0.048006 -0.028882 0.011595
v -0.048049 -0.025039 0.013068
v -0.060992 -0.023910 0.001829
v -0.067563 -0.029601 0.127310
v -0.066890 -0.025061 0.114611
v -0.065847 -0.038160 0.116758
v -0.067806 -0.037180 0.144991
v -0.068000 -0.032052 0.144991
v -0.067623 -0.029935 0.129717
v -0.066201 -0.047589 0.144991
v -0.066641 -0.044733 0.144991
v -0.066522 -0.042835 0.130882
v -0.062294 -0.059318 0.144991
v -0.062902 -0.057573 0.144991
v -0.062881 -0.055755 0.132072
v -0.056811 -0.067837 0.133155
v -0.056541 -0.064053 0.120950
v -0.048375 -0.075430 0.122705
v -0.048230 -0.079785 0.144991
v -0.048375 -0.075430 0.122705
v -0.038125 -0.085013 0.124174
v -0.034408 -0.090705 0.144991
v -0.037903 -0.088312 0.144991
v -0.038125 -0.085013 0.124174
v -0.023220 -0.095966 0.144991
v -0.026110 -0.094655 0.144991
v -0.026217 -0.092266 0.125322
v -0.048178 -0.063740 0.100437
v -0.048375 -0.075430 0.122705
v -0.056541 -0.064053 0.120950
v -0.056541 -0.064053 0.120950
v -0.056811 -0.067837 0.133155
v -0.062881 -0.055755 0.132072
v -0.062393 -0.051451 0.118952
v -0.062881 -0.055755 0.132072
v -0.066522 -0.042835 0.130882
v -0.061433 -0.038110 0.093789
v -0.062393 -0.051451 0.118952
v -0.065847 -0.038160 0.116758
v -0.056000 -0.051455 0.097280
v -0.056541 -0.064053 0.120950
v -0.062393 -0.051451 0.118952
v -0.048379 -0.048570 0.080193
v -0.048178 -0.063740 0.100437
v -0.056000 -0.051455 0.097280
v -0.049531 -0.034009 0.061043
v -0.048379 -0.048570 0.080193
v -0.056074 -0.036142 0.075216
v -0.056074 -0.036142 0.075216
v -0.056000 -0.051455 0.097280
v -0.061433 -0.038110 0.093789
v -0.061328 -0.022745 0.069826
v -0.061433 -0.038110 0.093789
v -0.064529 -0.024252 0.089985
v -0.057388 -0.022056 0.053771
v -0.056074 -0.036142 0.075216
v -0.061328 -0.022745 0.069826
v -0.054030 -0.017139 0.032963
v -0.052089 -0.021920 0.042335
v -0.060444 -0.011301 0.032531
v -0.052089 -0.021920 0.042335
v -0.049531 -0.034009 0.061043
v -0.057388 -0.022056 0.053771
v -0.062783 -0.007631 0.021899
v -0.060444 -0.011301 0.032531
v -0.066249 0.000216 0.021780
v -0.060444 -0.011301 0.032531
v -0.057388 -0.022056 0.053771
v -0.062759 -0.009136 0.045921
v -0.056331 -0.014020 0.023285
v -0.054030 -0.017139 0.032963
v -0.062783 -0.007631 0.021899
v -0.058568 -0.013880 0.014044
v -0.056331 -0.014020 0.023285
v -0.065573 -0.006052 0.011011
v -0.060233 -0.017180 0.006553
v -0.058568 -0.013880 0.014044
v -0.068308 -0.007968 0.000809
v -0.065573 -0.006052 0.011011
v -0.062783 -0.007631 0.021899
v -0.068922 0.002583 0.009664
v -0.014297 -0.045981 0.063990
v -0.015483 -0.033242 0.049750
v 0.000000 -0.037608 0.054856
v -0.026991 -0.053440 0.073150
v -0.028399 -0.039472 0.058234
v -0.014297 -0.045981 0.063990
v -0.028399 -0.039472 0.058234
v -0.026991 -0.053440 0.073150
v -0.039255 -0.044601 0.067564
v -0.041264 -0.031391 0.050978
v -0.042770 -0.025718 0.042632
v -0.029446 -0.033159 0.050676
v -0.042770 -0.025718 0.042632
v -0.041264 -0.031391 0.050978
v -0.052089 -0.021920 0.042335
v -0.042770 -0.025718 0.042632
v -0.044538 -0.021339 0.033999
v -0.030661 -0.027805 0.042870
v -0.041264 -0.031391 0.050978
v -0.039255 -0.044601 0.067564
v -0.049531 -0.034009 0.061043
v -0.029446 -0.033159 0.050676
v -0.030661 -0.027805 0.042870
v -0.015483 -0.033242 0.049750
v -0.030661 -0.027805 0.042870
v -0.031840 -0.024241 0.035108
v -0.016107 -0.028365 0.042331
v 0.000000 -0.028657 0.026857
v -0.000000 -0.026648 0.030029
v -0.016839 -0.026238 0.027284
v -0.000000 -0.026688 0.038388
v -0.000000 -0.026990 0.038950
v -0.016596 -0.025375 0.034761
v -0.016844 -0.029440 0.024759
v -0.016839 -0.026238 0.027284
v -0.033111 -0.025838 0.021674
v -0.016839 -0.026238 0.027284
v -0.016596 -0.025375 0.034761
v -0.032724 -0.023159 0.027849
v -0.031840 -0.024241 0.035108
v -0.032724 -0.023159 0.027849
v -0.016596 -0.025375 0.034761
v -0.044538 -0.021339 0.033999
v -0.046248 -0.019361 0.025600
v -0.031840 -0.024241 0.035108
v -0.046248 -0.019361 0.025600
v -0.044538 -0.021339 0.033999
v -0.056331 -0.014020 0.023285
v -0.032724 -0.023159 0.027849
v -0.031840 -0.024241 0.035108
v -0.046248 -0.019361 0.025600
v -0.033082 -0.029237 0.019734
v -0.033111 -0.025838 0.021674
v -0.048049 -0.025039 0.013068
v -0.033111 -0.025838 0.021674
v -0.032724 -0.023159 0.027849
v -0.047511 -0.020390 0.018342
v -0.048049 -0.025039 0.013068
v -0.047511 -0.020390 0.018342
v -0.060233 -0.017180 0.006553
v -0.047511 -0.020390 0.018342
v -0.046248 -0.019361 0.025600
v -0.058568 -0.013880 0.014044
v -0.044538 -0.021339 0.033999
v -0.042770 -0.025718 0.042632
v -0.054030 -0.017139 0.032963
v -0.013248 -0.074793 0.091814
v -0.013216 -0.088174 0.107585
v -0.026215 -0.082645 0.105607
v -0.013216 -0.088174 0.107585
v -0.013265 -0.096775 0.126121
v -0.026217 -0.092266 0.125322
v -0.026215 -0.082645 0.105607
v -0.026217 -0.092266 0.125322
v -0.038125 -0.085013 0.124174
v -0.026360 -0.068370 0.088554
v -0.026215 -0.082645 0.105607
v -0.038107 -0.074340 0.103223
v -0.038331 -0.059490 0.084669
v -0.038107 -0.074340 0.103223
v -0.048178 -0.063740 0.100437
v -0.026991 -0.053440 0.073150
v -0.026360 -0.068370 0.088554
v -0.038331 -0.059490 0.084669
v -0.038107 -0.074340 0.103223
v -0.038125 -0.085013 0.124174
v -0.048375 -0.075430 0.122705
v -0.013555 -0.060227 0.077704
v -0.013248 -0.074793 0.091814
v -0.026360 -0.068370 0.088554
v -0.039255 -0.044601 0.067564
v -0.038331 -0.059490 0.084669
v -0.048379 -0.048570 0.080193
v 0.075967 0.010983 -0.017182
v 0.072103 0.002351 -0.002544
v 0.075247 -0.001808 -0.013719
v 0.072558 0.013307 -0.003612
v 0.068921 0.002583 0.009664
v 0.072103 0.002351 -0.002544
v 0.069655 0.012420 0.010204
v 0.066249 0.000216 0.021780
v 0.068921 0.002583 0.009664
v 0.079353 0.004417 -0.029224
v 0.079368 0.013924 -0.039901
v 0.077261 0.018871 -0.031824
v 0.079353 0.004417 -0.029224
v 0.080605 0.009976 -0.044368
v 0.080042 0.012341 -0.042484
v 0.080042 0.012341 -0.042484
v 0.079368 0.013924 -0.039901
v 0.079353 0.004417 -0.029224
v 0.075967 0.010983 -0.017182
v 0.076399 0.020752 -0.028439
v 0.073891 0.023463 -0.017118
v 0.075967 0.010983 -0.017182
v 0.077261 0.018871 -0.031824
v 0.076513 0.020628 -0.028956
v 0.076513 0.020628 -0.028956
v 0.076399 0.020752 -0.028439
v 0.075967 0.010983 -0.017182
v 0.072558 0.013307 -0.003612
v 0.071033 0.024054 -0.001988
v 0.070961 0.024043 -0.001588
v 0.072558 0.013307 -0.003612
v 0.073512 0.023874 -0.015405
v 0.073067 0.024355 -0.013394
v 0.073067 0.024355 -0.013394
v 0.071033 0.024054 -0.001988
v 0.072558 0.013307 -0.003612
v 0.072558 0.013307 -0.003612
v 0.073891 0.023463 -0.017118
v 0.073512 0.023874 -0.015405
v 0.069655 0.012420 0.010204
v 0.068961 0.022354 0.011371
v 0.068637 0.021740 0.013899
v 0.069655 0.012420 0.010204
v 0.070961 0.024043 -0.001588
v 0.069758 0.023865 0.005159
v 0.069758 0.023865 0.005159
v 0.068961 0.022354 0.011371
v 0.069655 0.012420 0.010204
v 0.068637 0.021740 0.013899
v 0.067415 0.009285 0.023976
v 0.069655 0.012420 0.010204
v 0.070961 0.024043 -0.001588
v 0.069655 0.012420 0.010204
v 0.072558 0.013307 -0.003612
v 0.073891 0.023463 -0.017118
v 0.072558 0.013307 -0.003612
v 0.075967 0.010983 -0.017182
v 0.077261 0.018871 -0.031824
v 0.075967 0.010983 -0.017182
v 0.079353 0.004417 -0.029224
v 0.065572 -0.006052 0.011011
v 0.072103 0.002351 -0.002544
v 0.068921 0.002583 0.009664
v 0.068921 0.002583 0.009664
v 0.072558 0.013307 -0.003612
v 0.069655 0.012420 0.010204
v 0.072103 0.002351 -0.002544
v 0.075967 0.010983 -0.017182
v 0.072558 0.013307 -0.003612
v 0.075247 -0.001808 -0.013719
v 0.079353 0.004417 -0.029224
v 0.075967 0.010983 -0.017182
v 0.080605 0.009976 -0.044368
v 0.079389 0.017350 -0.052776
v 0.079044 0.018130 -0.049865
v 0.079044 0.018130 -0.049865
v 0.080042 0.012341 -0.042484
v 0.080605 0.009976 -0.044368
v 0.081976 0.004214 -0.048957
v 0.079805 0.014029 -0.065169
v 0.079389 0.017350 -0.052776
v 0.079044 0.018130 -0.049865
v 0.079368 0.013924 -0.039901
v 0.080042 0.012341 -0.042484
v 0.078053 0.020371 -0.041501
v 0.076419 0.022683 -0.032875
v 0.077261 0.018871 -0.031824
v 0.076419 0.022683 -0.032875
v 0.076513 0.020628 -0.028956
v 0.077261 0.018871 -0.031824
v 0.079368 0.013924 -0.039901
v 0.079044 0.018130 -0.049865
v 0.078053 0.020371 -0.041501
v 0.076419 0.022683 -0.032875
v 0.076399 0.020752 -0.028439
v 0.076513 0.020628 -0.028956
v 0.073891 0.023463 -0.017118
v 0.076399 0.020752 -0.028439
v 0.074848 0.024905 -0.024581
v 0.073724 0.026220 -0.019674
v 0.073512 0.023874 -0.015405
v 0.073891 0.023463 -0.017118
v 0.076399 0.020752 -0.028439
v 0.076419 0.022683 -0.032875
v 0.074848 0.024905 -0.024581
v 0.073724 0.026220 -0.019674
v 0.071217 0.029153 -0.008726
v 0.073067 0.024355 -0.013394
v 0.071217 0.029153 -0.008726
v 0.071033 0.024054 -0.001988
v 0.073067 0.024355 -0.013394
v 0.069185 0.031530 0.000143
v 0.070961 0.024043 -0.001588
v 0.071033 0.024054 -0.001988
v 0.069185 0.031530 0.000143
v 0.069758 0.023865 0.005159
v 0.070961 0.024043 -0.001588
v 0.071033 0.024054 -0.001988
v 0.071217 0.029153 -0.008726
v 0.069185 0.031530 0.000143
v 0.068748 0.031963 0.001758
v 0.068961 0.022354 0.011371
v 0.069758 0.023865 0.005159
v 0.066096 0.034590 0.011564
v 0.068637 0.021740 0.013899
v 0.068961 0.022354 0.011371
v 0.068637 0.021740 0.013899
v 0.066096 0.034590 0.011564
v 0.064880 0.031060 0.024780
v 0.064880 0.031060 0.024780
v 0.066096 0.034590 0.011564
v 0.064015 0.036652 0.019259
v 0.064015 0.036652 0.019259
v 0.063676 0.036913 0.020235
v 0.064880 0.031060 0.024780
v 0.068961 0.022354 0.011371
v 0.068748 0.031963 0.001758
v 0.066096 0.034590 0.011564
v 0.069185 0.031530 0.000143
v 0.068748 0.031963 0.001758
v 0.069758 0.023865 0.005159
v 0.073067 0.024355 -0.013394
v 0.073512 0.023874 -0.015405
v 0.073724 0.026220 -0.019674
v 0.074848 0.024905 -0.024581
v 0.073724 0.026220 -0.019674
v 0.073891 0.023463 -0.017118
v 0.077261 0.018871 -0.031824
v 0.079368 0.013924 -0.039901
v 0.078053 0.020371 -0.041501
v 0.080605 0.009976 -0.044368
v 0.081976 0.004214 -0.048957
v 0.079389 0.017350 -0.052776
v 0.066249 0.000216 0.021780
v 0.067415 0.009285 0.023976
v 0.065809 0.004422 0.037589
v 0.066249 0.000216 0.021780
v 0.069655 0.012420 0.010204
v 0.067415 0.009285 0.023976
v 0.068921 0.002583 0.009664
v 0.062782 -0.007631 0.021899
v 0.065572 -0.006052 0.011011
v 0.066249 0.000216 0.021780
v 0.060443 -0.011301 0.032531
v 0.062782 -0.007631 0.021899
v 0.065847 -0.038160 0.116758
v 0.066889 -0.025061 0.114611
v 0.067563 -0.029601 0.127310
v 0.066521 -0.042835 0.130882
v 0.067622 -0.029935 0.129717
v 0.067999 -0.032052 0.144991
v 0.067415 0.009285 0.023976
v 0.067043 0.018718 0.026325
v 0.066844 0.017541 0.029129
v 0.067415 0.009285 0.023976
v 0.068637 0.021740 0.013899
v 0.067043 0.018718 0.026325
v 0.065809 0.004422 0.037589
v 0.066844 0.017541 0.029129
v 0.066262 0.014102 0.037319
v 0.062758 -0.009136 0.045921
v 0.065809 0.004422 0.037589
v 0.065365 0.008798 0.049953
v 0.065365 0.008798 0.049953
v 0.065338 0.004364 0.058086
v 0.062758 -0.009136 0.045921
v 0.065338 0.004364 0.058086
v 0.064274 -0.008833 0.064064
v 0.062758 -0.009136 0.045921
v 0.064274 -0.008833 0.064064
v 0.061327 -0.022745 0.069826
v 0.062758 -0.009136 0.045921
v 0.064274 -0.008833 0.064064
v 0.065325 0.002223 0.062014
v 0.065261 -0.008497 0.081679
v 0.064274 -0.008833 0.064064
v 0.065338 0.004364 0.058086
v 0.065325 0.002223 0.062014
v 0.065261 -0.008497 0.081679
v 0.064528 -0.024252 0.089985
v 0.064274 -0.008833 0.064064
v 0.065479 -0.010833 0.086138
v 0.065847 -0.038160 0.116758
v 0.064528 -0.024252 0.089985
v 0.065479 -0.010833 0.086138
v 0.066671 -0.023588 0.110491
v 0.065847 -0.038160 0.116758
v 0.066671 -0.023588 0.110491
v 0.066889 -0.025061 0.114611
v 0.065847 -0.038160 0.116758
v 0.065261 -0.008497 0.081679
v 0.065479 -0.010833 0.086138
v 0.064528 -0.024252 0.089985
v 0.066262 0.014102 0.037319
v 0.065365 0.008798 0.049953
v 0.065809 0.004422 0.037589
v 0.066844 0.017541 0.029129
v 0.065809 0.004422 0.037589
v 0.067415 0.009285 0.023976
v 0.061327 -0.022745 0.069826
v 0.064274 -0.008833 0.064064
v 0.064528 -0.024252 0.089985
v 0.062782 -0.007631 0.021899
v 0.068921 0.002583 0.009664
v 0.066249 0.000216 0.021780
v 0.060443 -0.011301 0.032531
v 0.066249 0.000216 0.021780
v 0.062758 -0.009136 0.045921
v 0.065809 0.004422 0.037589
v 0.062758 -0.009136 0.045921
v 0.066249 0.000216 0.021780
v 0.059208 0.018232 0.077603
v 0.063844 0.003974 0.081833
v 0.063585 0.018370 0.053694
v 0.059621 0.004307 0.110491
v 0.063848 -0.004485 0.110491
v 0.063844 0.003974 0.081833
v 0.063844 0.003974 0.081833
v 0.059208 0.018232 0.077603
v 0.059621 0.004307 0.110491
v 0.063585 0.018370 0.053694
v 0.065365 0.008798 0.049953
v 0.066262 0.014102 0.037319
v 0.063585 0.018370 0.053694
v 0.065325 0.002223 0.062014
v 0.065338 0.004364 0.058086
v 0.065338 0.004364 0.058086
v 0.065365 0.008798 0.049953
v 0.063585 0.018370 0.053694
v 0.051734 0.016353 0.110491
v 0.056387 0.011032 0.110491
v 0.059208 0.018232 0.077603
v 0.059208 0.018232 0.077603
v 0.051840 0.031182 0.073768
v 0.051734 0.016353 0.110491
v 0.064880 0.031060 0.024780
v 0.067043 0.018718 0.026325
v 0.068637 0.021740 0.013899
v 0.064880 0.031060 0.024780
v 0.066262 0.014102 0.037319
v 0.066844 0.017541 0.029129
v 0.066844 0.017541 0.029129
v 0.067043 0.018718 0.026325
v 0.064880 0.031060 0.024780
v 0.061225 0.038801 0.027278
v 0.059635 0.039753 0.030831
v 0.059193 0.033647 0.045416
v 0.061225 0.038801 0.027278
v 0.063585 0.018370 0.053694
v 0.064880 0.031060 0.024780
v 0.064880 0.031060 0.024780
v 0.063676 0.036913 0.020235
v 0.061225 0.038801 0.027278
v 0.059193 0.033647 0.045416
v 0.059635 0.039753 0.030831
v 0.055416 0.042278 0.040255
v 0.059193 0.033647 0.045416
v 0.051986 0.043906 0.046330
v 0.051840 0.031182 0.073768
v 0.051840 0.031182 0.073768
v 0.059208 0.018232 0.077603
v 0.059193 0.033647 0.045416
v 0.051221 0.044269 0.047686
v 0.042986 0.047508 0.059775
v 0.042911 0.045355 0.064390
v 0.042911 0.045355 0.064390
v 0.051840 0.031182 0.073768
v 0.051221 0.044269 0.047686
v 0.051840 0.031182 0.073768
v 0.051986 0.043906 0.046330
v 0.051221 0.044269 0.047686
v 0.051734 0.016353 0.110491
v 0.051840 0.031182 0.073768
v 0.042557 0.035044 0.087842
v 0.051840 0.031182 0.073768
v 0.042814 0.042510 0.070860
v 0.042557 0.035044 0.087842
v 0.064633 -0.009199 0.110491
v 0.066653 -0.021335 0.110491
v 0.065479 -0.010833 0.086138
v 0.065479 -0.010833 0.086138
v 0.063844 0.003974 0.081833
v 0.064633 -0.009199 0.110491
v 0.065085 -0.004129 0.074158
v 0.065479 -0.010833 0.086138
v 0.065261 -0.008497 0.081679
v 0.063844 0.003974 0.081833
v 0.065085 -0.004129 0.074158
v 0.065325 0.002223 0.062014
v 0.065479 -0.010833 0.086138
v 0.065085 -0.004129 0.074158
v 0.063844 0.003974 0.081833
v 0.065325 0.002223 0.062014
v 0.063585 0.018370 0.053694
v 0.063844 0.003974 0.081833
v 0.065261 -0.008497 0.081679
v 0.065325 0.002223 0.062014
v 0.065085 -0.004129 0.074158
v 0.066653 -0.021335 0.110491
v 0.066671 -0.023588 0.110491
v 0.065479 -0.010833 0.086138
v 0.042557 0.035044 0.087842
v 0.042260 0.027189 0.110491
v 0.051734 0.016353 0.110491
v 0.042911 0.045355 0.064390
v 0.042814 0.042510 0.070860
v 0.051840 0.031182 0.073768
v 0.059193 0.033647 0.045416
v 0.055150 0.042404 0.040727
v 0.051986 0.043906 0.046330
v 0.055416 0.042278 0.040255
v 0.055150 0.042404 0.040727
v 0.059193 0.033647 0.045416
v 0.059193 0.033647 0.045416
v 0.063585 0.018370 0.053694
v 0.061225 0.038801 0.027278
v 0.056387 0.011032 0.110491
v 0.059621 0.004307 0.110491
v 0.059208 0.018232 0.077603
v 0.066262 0.014102 0.037319
v 0.064880 0.031060 0.024780
v 0.063585 0.018370 0.053694
v 0.063848 -0.004485 0.110491
v 0.064633 -0.009199 0.110491
v 0.063844 0.003974 0.081833
v 0.063585 0.018370 0.053694
v 0.059193 0.033647 0.045416
v 0.059208 0.018232 0.077603
v 0.060841 -0.000185 0.127547
v 0.065921 -0.014523 0.127480
v 0.064633 -0.009199 0.110491
v 0.064633 -0.009199 0.110491
v 0.063848 -0.004485 0.110491
v 0.060841 -0.000185 0.127547
v 0.052673 0.012655 0.127610
v 0.060841 -0.000185 0.127547
v 0.059621 0.004307 0.110491
v 0.059621 0.004307 0.110491
v 0.056387 0.011032 0.110491
v 0.052673 0.012655 0.127610
v 0.060841 -0.000185 0.127547
v 0.052673 0.012655 0.127610
v 0.054094 0.009654 0.144991
v 0.052673 0.012655 0.127610
v 0.052934 0.011152 0.144991
v 0.054094 0.009654 0.144991
v 0.054094 0.009654 0.144991
v 0.059794 0.000708 0.144991
v 0.060841 -0.000185 0.127547
v 0.065921 -0.014523 0.127480
v 0.064084 -0.009056 0.144991
v 0.064764 -0.011094 0.144991
v 0.060841 -0.000185 0.127547
v 0.061011 -0.002062 0.144991
v 0.064084 -0.009056 0.144991
v 0.064084 -0.009056 0.144991
v 0.065921 -0.014523 0.127480
v 0.060841 -0.000185 0.127547
v 0.067622 -0.029935 0.129717
v 0.065921 -0.014523 0.127480
v 0.067181 -0.021419 0.144991
v 0.065921 -0.014523 0.127480
v 0.066073 -0.016686 0.144991
v 0.067181 -0.021419 0.144991
v 0.067181 -0.021419 0.144991
v 0.067999 -0.032052 0.144991
v 0.067622 -0.029935 0.129717
v 0.066653 -0.021335 0.110491
v 0.065921 -0.014523 0.127480
v 0.066889 -0.025061 0.114611
v 0.065921 -0.014523 0.127480
v 0.067565 -0.029616 0.127416
v 0.067563 -0.029601 0.127310
v 0.067563 -0.029601 0.127310
v 0.066889 -0.025061 0.114611
v 0.065921 -0.014523 0.127480
v 0.066889 -0.025061 0.114611
v 0.066671 -0.023588 0.110491
v 0.066653 -0.021335 0.110491
v 0.052673 0.012655 0.127610
v 0.051734 0.016353 0.110491
v 0.042180 0.024905 0.119682
v 0.051734 0.016353 0.110491
v 0.042260 0.027189 0.110491
v 0.042180 0.024905 0.119682
v 0.042056 0.022289 0.139021
v 0.045523 0.019124 0.144991
v 0.052776 0.011356 0.144991
v 0.042056 0.022289 0.139021
v 0.042050 0.022110 0.144991
v 0.045523 0.019124 0.144991
v 0.052673 0.012655 0.127610
v 0.042108 0.023261 0.128987
v 0.042056 0.022289 0.139021
v 0.042056 0.022289 0.139021
v 0.052934 0.011152 0.144991
v 0.052673 0.012655 0.127610
v 0.052673 0.012655 0.127610
v 0.042118 0.023492 0.127682
v 0.042108 0.023261 0.128987
v 0.052776 0.011356 0.144991
v 0.052934 0.011152 0.144991
v 0.042056 0.022289 0.139021
v 0.042180 0.024905 0.119682
v 0.042118 0.023492 0.127682
v 0.052673 0.012655 0.127610
v 0.066653 -0.021335 0.110491
v 0.064633 -0.009199 0.110491
v 0.065921 -0.014523 0.127480
v 0.067622 -0.029935 0.129717
v 0.067565 -0.029616 0.127416
v 0.065921 -0.014523 0.127480
v 0.064764 -0.011094 0.144991
v 0.066073 -0.016686 0.144991
v 0.065921 -0.014523 0.127480
v 0.059794 0.000708 0.144991
v 0.061011 -0.002062 0.144991
v 0.060841 -0.000185 0.127547
v 0.056387 0.011032 0.110491
v 0.051734 0.016353 0.110491
v 0.052673 0.012655 0.127610
v 0.063848 -0.004485 0.110491
v 0.059621 0.004307 0.110491
v 0.060841 -0.000185 0.127547
v -0.000000 0.038136 0.121717
v 0.022119 0.034595 0.122068
v 0.022186 0.040554 0.099297
v -0.000000 0.038136 0.121717
v 0.002906 0.035887 0.144991
v 0.013592 0.034629 0.144991
v -0.000000 0.038136 0.121717
v 0.000477 0.035945 0.144991
v 0.002906 0.035887 0.144991
v 0.013592 0.034629 0.144991
v 0.022119 0.034595 0.122068
v -0.000000 0.038136 0.121717
v 0.035807 0.026228 0.144991
v 0.041942 0.022377 0.139026
v 0.041944 0.023387 0.129004
v 0.035807 0.026228 0.144991
v 0.041947 0.022189 0.144991
v 0.041942 0.022377 0.139026
v 0.022119 0.034595 0.122068
v 0.026161 0.030938 0.144991
v 0.035807 0.026228 0.144991
v 0.022119 0.034595 0.122068
v 0.023899 0.031793 0.144991
v 0.026161 0.030938 0.144991
v 0.022119 0.034595 0.122068
v 0.022072 0.032296 0.144991
v 0.023899 0.031793 0.144991
v 0.035807 0.026228 0.144991
v 0.041950 0.024459 0.123113
v 0.022119 0.034595 0.122068
v 0.022186 0.040554 0.099297
v 0.022119 0.034595 0.122068
v 0.041978 0.027397 0.110547
v 0.022119 0.034595 0.122068
v 0.041953 0.025077 0.119718
v 0.041978 0.027397 0.110547
v 0.022119 0.034595 0.122068
v 0.041950 0.024459 0.123113
v 0.041953 0.025077 0.119718
v 0.042052 0.030580 0.101460
v 0.024138 0.050800 0.072060
v 0.022320 0.050973 0.072707
v 0.024138 0.050800 0.072060
v 0.042052 0.030580 0.101460
v 0.042163 0.035314 0.087946
v 0.031305 0.049807 0.068353
v 0.042163 0.035314 0.087946
v 0.042421 0.045681 0.064535
v 0.042421 0.045681 0.064535
v 0.042476 0.047656 0.060325
v 0.040373 0.048124 0.062073
v 0.042421 0.045681 0.064535
v 0.040373 0.048124 0.062073
v 0.031305 0.049807 0.068353
v 0.042163 0.035314 0.087946
v 0.031305 0.049807 0.068353
v 0.024138 0.050800 0.072060
v -0.000000 0.044126 0.098593
v 0.022186 0.040554 0.099297
v 0.009491 0.052009 0.076572
v 0.022186 0.040554 0.099297
v 0.022320 0.050973 0.072707
v 0.014629 0.051706 0.075442
v 0.014629 0.051706 0.075442
v 0.009491 0.052009 0.076572
v 0.022186 0.040554 0.099297
v 0.009491 0.052009 0.076572
v 0.000176 0.052229 0.077393
v -0.000000 0.044126 0.098593
v 0.000176 0.052229 0.077393
v -0.000000 0.052227 0.077386
v -0.000000 0.044126 0.098593
v 0.022320 0.050973 0.072707
v 0.022186 0.040554 0.099297
v 0.042052 0.030580 0.101460
v 0.041978 0.027397 0.110547
v 0.042052 0.030580 0.101460
v 0.022186 0.040554 0.099297
v 0.041944 0.023387 0.129004
v 0.041950 0.024459 0.123113
v 0.035807 0.026228 0.144991
v 0.013592 0.034629 0.144991
v 0.022072 0.032296 0.144991
v 0.022119 0.034595 0.122068
v -0.010187 0.035209 0.144991
v 0.000477 0.035945 0.144991
v -0.000000 0.038136 0.121717
v 0.022186 0.040554 0.099297
v -0.000000 0.044126 0.098593
v -0.000000 0.038136 0.121717
v 0.042557 0.035044 0.087842
v 0.042163 0.035314 0.087946
v 0.042052 0.030580 0.101460
v 0.042052 0.030580 0.101460
v 0.042260 0.027189 0.110491
v 0.042557 0.035044 0.087842
v 0.042163 0.035314 0.087946
v 0.042557 0.035044 0.087842
v 0.042814 0.042510 0.070860
v 0.042814 0.042510 0.070860
v 0.042421 0.045681 0.064535
v 0.042163 0.035314 0.087946
v 0.042911 0.045355 0.064390
v 0.042986 0.047508 0.059775
v 0.042476 0.047656 0.060325
v 0.042476 0.047656 0.060325
v 0.042421 0.045681 0.064535
v 0.042911 0.045355 0.064390
v 0.042814 0.042510 0.070860
v 0.042911 0.045355 0.064390
v 0.042421 0.045681 0.064535
v 0.042052 0.030580 0.101460
v 0.041978 0.027397 0.110547
v 0.042260 0.027189 0.110491
v 0.042260 0.027189 0.110491
v 0.041978 0.027397 0.110547
v 0.041953 0.025077 0.119718
v 0.042118 0.023492 0.127682
v 0.042180 0.024905 0.119682
v 0.041950 0.024459 0.123113
v 0.042180 0.024905 0.119682
v 0.041953 0.025077 0.119718
v 0.041950 0.024459 0.123113
v 0.041944 0.023387 0.129004
v 0.042108 0.023261 0.128987
v 0.042118 0.023492 0.127682
v 0.042108 0.023261 0.128987
v 0.041944 0.023387 0.129004
v 0.041942 0.022377 0.139026
v 0.042056 0.022289 0.139021
v 0.041942 0.022377 0.139026
v 0.041947 0.022189 0.144991
v 0.041947 0.022189 0.144991
v 0.042050 0.022110 0.144991
v 0.042056 0.022289 0.139021
v 0.041942 0.022377 0.139026
v 0.042056 0.022289 0.139021
v 0.042108 0.023261 0.128987
v 0.041950 0.024459 0.123113
v 0.041944 0.023387 0.129004
v 0.042118 0.023492 0.127682
v 0.041953 0.025077 0.119718
v 0.042180 0.024905 0.119682
v 0.042260 0.027189 0.110491
v -0.072558 0.013307 -0.003612
v -0.075967 0.010983 -0.017182
v -0.072103 0.002351 -0.002544
v -0.069655 0.012420 0.010204
v -0.072558 0.013307 -0.003612
v -0.068922 0.002583 0.009664
v -0.069655 0.012420 0.010204
v -0.068990 0.022257 0.011353
v -0.069942 0.024020 0.003992
v -0.072558 0.013307 -0.003612
v -0.071029 0.024057 -0.001978
v -0.073450 0.024139 -0.015270
v -0.073450 0.024139 -0.015270
v -0.073493 0.024087 -0.015460
v -0.072558 0.013307 -0.003612
v -0.072558 0.013307 -0.003612
v -0.069655 0.012420 0.010204
v -0.070956 0.024055 -0.001578
v -0.070956 0.024055 -0.001578
v -0.071029 0.024057 -0.001978
v -0.072558 0.013307 -0.003612
v -0.075967 0.010983 -0.017182
v -0.076411 0.020561 -0.028382
v -0.076881 0.019993 -0.030462
v -0.073875 0.023625 -0.017152
v -0.076411 0.020561 -0.028382
v -0.075967 0.010983 -0.017182
v -0.075967 0.010983 -0.017182
v -0.072558 0.013307 -0.003612
v -0.073875 0.023625 -0.017152
v -0.076881 0.019993 -0.030462
v -0.077270 0.019082 -0.031951
v -0.075967 0.010983 -0.017182
v -0.073493 0.024087 -0.015460
v -0.073875 0.023625 -0.017152
v -0.072558 0.013307 -0.003612
v -0.069942 0.024020 0.003992
v -0.070956 0.024055 -0.001578
v -0.069655 0.012420 0.010204
v -0.072103 0.002351 -0.002544
v -0.068922 0.002583 0.009664
v -0.072558 0.013307 -0.003612
v -0.065975 0.034889 0.012680
v -0.067797 0.033047 0.005805
v -0.068990 0.022257 0.011353
v -0.068990 0.022257 0.011353
v -0.068664 0.021652 0.013883
v -0.065975 0.034889 0.012680
v -0.065873 0.034974 0.012996
v -0.065975 0.034889 0.012680
v -0.068664 0.021652 0.013883
v -0.067797 0.033047 0.005805
v -0.068820 0.031874 0.001429
v -0.068990 0.022257 0.011353
v -0.068820 0.031874 0.001429
v -0.071262 0.029073 -0.009025
v -0.071029 0.024057 -0.001978
v -0.071029 0.024057 -0.001978
v -0.070956 0.024055 -0.001578
v -0.068820 0.031874 0.001429
v -0.070956 0.024055 -0.001578
v -0.069942 0.024020 0.003992
v -0.068820 0.031874 0.001429
v -0.071262 0.029073 -0.009025
v -0.073647 0.026338 -0.019232
v -0.073450 0.024139 -0.015270
v -0.073647 0.026338 -0.019232
v -0.073493 0.024087 -0.015460
v -0.073450 0.024139 -0.015270
v -0.074043 0.025884 -0.020926
v -0.076440 0.022698 -0.032816
v -0.076411 0.020561 -0.028382
v -0.073875 0.023625 -0.017152
v -0.073493 0.024087 -0.015460
v -0.073647 0.026338 -0.019232
v -0.073647 0.026338 -0.019232
v -0.074043 0.025884 -0.020926
v -0.073875 0.023625 -0.017152
v -0.077270 0.019082 -0.031951
v -0.076440 0.022698 -0.032816
v -0.077510 0.021276 -0.038125
v -0.077510 0.021276 -0.038125
v -0.079379 0.014140 -0.040031
v -0.077270 0.019082 -0.031951
v -0.077270 0.019082 -0.031951
v -0.076881 0.019993 -0.030462
v -0.076440 0.022698 -0.032816
v -0.077510 0.021276 -0.038125
v -0.078969 0.018033 -0.050227
v -0.079379 0.014140 -0.040031
v -0.076881 0.019993 -0.030462
v -0.076411 0.020561 -0.028382
v -0.076440 0.022698 -0.032816
v -0.076411 0.020561 -0.028382
v -0.073875 0.023625 -0.017152
v -0.074043 0.025884 -0.020926
v -0.073450 0.024139 -0.015270
v -0.071029 0.024057 -0.001978
v -0.071262 0.029073 -0.009025
v -0.069942 0.024020 0.003992
v -0.068990 0.022257 0.011353
v -0.068820 0.031874 0.001429
v -0.000000 0.038136 0.121717
v -0.000000 0.044126 0.098593
v -0.022186 0.040554 0.099297
v -0.022186 0.040554 0.099297
v -0.000000 0.044126 0.098593
v -0.004679 0.052175 0.077193
v -0.000000 0.044126 0.098593
v -0.000000 0.052227 0.077386
v -0.004679 0.052175 0.077193
v -0.004679 0.052175 0.077193
v -0.014289 0.051730 0.075532
v -0.022186 0.040554 0.099297
v -0.033910 0.049375 0.066742
v -0.042475 0.047656 0.060328
v -0.042420 0.045682 0.064535
v -0.024702 0.050732 0.071806
v -0.033910 0.049375 0.066742
v -0.042164 0.035313 0.087947
v -0.042053 0.030580 0.101460
v -0.023353 0.050892 0.072405
v -0.024702 0.050732 0.071806
v -0.042053 0.030580 0.101460
v -0.022186 0.040554 0.099297
v -0.022320 0.050988 0.072761
v -0.022320 0.050988 0.072761
v -0.023353 0.050892 0.072405
v -0.042053 0.030580 0.101460
v -0.042164 0.035313 0.087947
v -0.042053 0.030580 0.101460
v -0.024702 0.050732 0.071806
v -0.022186 0.040554 0.099297
v -0.042053 0.030580 0.101460
v -0.041978 0.027397 0.110547
v -0.041978 0.027397 0.110547
v -0.022119 0.034595 0.122068
v -0.022186 0.040554 0.099297
v -0.041978 0.027397 0.110547
v -0.041954 0.025077 0.119718
v -0.022119 0.034595 0.122068
v -0.022119 0.034595 0.122068
v -0.041951 0.024459 0.123113
v -0.032815 0.027885 0.144991
v -0.032815 0.027885 0.144991
v -0.022993 0.032111 0.144991
v -0.022119 0.034595 0.122068
v -0.032815 0.027885 0.144991
v -0.041951 0.024459 0.123113
v -0.041946 0.023386 0.129004
v -0.041946 0.023386 0.129004
v -0.041943 0.022377 0.139021
v -0.032815 0.027885 0.144991
v -0.041943 0.022377 0.139021
v -0.041948 0.022189 0.144991
v -0.032815 0.027885 0.144991
v -0.022119 0.034595 0.122068
v -0.020687 0.032858 0.144991
v -0.010187 0.035209 0.144991
v -0.022119 0.034595 0.122068
v -0.022101 0.032400 0.144991
v -0.020687 0.032858 0.144991
v -0.010187 0.035209 0.144991
v -0.000000 0.038136 0.121717
v -0.022119 0.034595 0.122068
v -0.022993 0.032111 0.144991
v -0.022101 0.032400 0.144991
v -0.022119 0.034595 0.122068
v -0.041954 0.025077 0.119718
v -0.041951 0.024459 0.123113
v -0.022119 0.034595 0.122068
v -0.042420 0.045682 0.064535
v -0.042164 0.035313 0.087947
v -0.033910 0.049375 0.066742
v -0.014289 0.051730 0.075532
v -0.022320 0.050988 0.072761
v -0.022186 0.040554 0.099297
v -0.022186 0.040554 0.099297
v -0.022119 0.034595 0.122068
v -0.000000 0.038136 0.121717
v -0.060842 -0.000185 0.127547
v -0.063849 -0.004485 0.110491
v -0.064634 -0.009199 0.110491
v -0.060842 -0.000185 0.127547
v -0.059622 0.004307 0.110491
v -0.063849 -0.004485 0.110491
v -0.052673 0.012655 0.127610
v -0.056388 0.011032 0.110491
v -0.059622 0.004307 0.110491
v -0.052673 0.012655 0.127610
v -0.051735 0.016353 0.110491
v -0.056388 0.011032 0.110491
v -0.065921 -0.014523 0.127480
v -0.067623 -0.029935 0.129717
v -0.067849 -0.027481 0.144991
v -0.067849 -0.027481 0.144991
v -0.066342 -0.016962 0.144991
v -0.065921 -0.014523 0.127480
v -0.065921 -0.014523 0.127480
v -0.067566 -0.029616 0.127416
v -0.067623 -0.029935 0.129717
v -0.065921 -0.014523 0.127480
v -0.065841 -0.014864 0.144991
v -0.062441 -0.004816 0.144991
v -0.065921 -0.014523 0.127480
v -0.066265 -0.016641 0.144991
v -0.065841 -0.014864 0.144991
v -0.062441 -0.004816 0.144991
v -0.060842 -0.000185 0.127547
v -0.065921 -0.014523 0.127480
v -0.060842 -0.000185 0.127547
v -0.057521 0.004645 0.144991
v -0.056357 0.006454 0.144991
v -0.056357 0.006454 0.144991
v -0.052673 0.012655 0.127610
v -0.060842 -0.000185 0.127547
v -0.060842 -0.000185 0.127547
v -0.061014 -0.002073 0.144991
v -0.057521 0.004645 0.144991
v -0.052673 0.012655 0.127610
v -0.052779 0.011030 0.144991
v -0.042057 0.022289 0.139016
v -0.042057 0.022289 0.139016
v -0.052779 0.011030 0.144991
v -0.049825 0.014808 0.144991
v -0.049825 0.014808 0.144991
v -0.042051 0.022110 0.144991
v -0.042057 0.022289 0.139016
v -0.042057 0.022289 0.139016
v -0.042109 0.023261 0.128987
v -0.052673 0.012655 0.127610
v -0.052673 0.012655 0.127610
v -0.042119 0.023491 0.127682
v -0.042181 0.024905 0.119682
v -0.042181 0.024905 0.119682
v -0.051735 0.016353 0.110491
v -0.052673 0.012655 0.127610
v -0.065921 -0.014523 0.127480
v -0.066890 -0.025061 0.114611
v -0.067563 -0.029601 0.127310
v -0.066890 -0.025061 0.114611
v -0.065921 -0.014523 0.127480
v -0.066654 -0.021335 0.110491
v -0.065921 -0.014523 0.127480
v -0.064634 -0.009199 0.110491
v -0.066654 -0.021335 0.110491
v -0.067563 -0.029601 0.127310
v -0.067566 -0.029616 0.127416
v -0.065921 -0.014523 0.127480
v -0.042181 0.024905 0.119682
v -0.042261 0.027189 0.110491
v -0.051735 0.016353 0.110491
v -0.042109 0.023261 0.128987
v -0.042119 0.023491 0.127682
v -0.052673 0.012655 0.127610
v -0.056357 0.006454 0.144991
v -0.052779 0.011030 0.144991
v -0.052673 0.012655 0.127610
v -0.062441 -0.004816 0.144991
v -0.061014 -0.002073 0.144991
v -0.060842 -0.000185 0.127547
v -0.066342 -0.016962 0.144991
v -0.066265 -0.016641 0.144991
v -0.065921 -0.014523 0.127480
v -0.059622 0.004307 0.110491
v -0.060842 -0.000185 0.127547
v -0.052673 0.012655 0.127610
v -0.064634 -0.009199 0.110491
v -0.065921 -0.014523 0.127480
v -0.060842 -0.000185 0.127547
v -0.066249 0.000216 0.021780
v -0.062759 -0.009136 0.045921
v -0.065809 0.004422 0.037589
v -0.065809 0.004422 0.037589
v -0.067415 0.009285 0.023976
v -0.066249 0.000216 0.021780
v -0.064529 -0.024252 0.089985
v -0.065711 -0.014826 0.092987
v -0.065623 -0.011007 0.086095
v -0.065623 -0.011007 0.086095
v -0.065318 0.002311 0.062056
v -0.064275 -0.008833 0.064064
v -0.062759 -0.009136 0.045921
v -0.064275 -0.008833 0.064064
v -0.065268 0.004478 0.058145
v -0.065268 0.004478 0.058145
v -0.065217 0.006711 0.054114
v -0.062759 -0.009136 0.045921
v -0.065809 0.004422 0.037589
v -0.065217 0.006711 0.054114
v -0.066314 0.014013 0.037276
v -0.066314 0.014013 0.037276
v -0.066844 0.017546 0.029128
v -0.065809 0.004422 0.037589
v -0.067415 0.009285 0.023976
v -0.065809 0.004422 0.037589
v -0.066844 0.017546 0.029128
v -0.066844 0.017546 0.029128
v -0.066997 0.018563 0.026781
v -0.067415 0.009285 0.023976
v -0.069655 0.012420 0.010204
v -0.067415 0.009285 0.023976
v -0.068664 0.021652 0.013883
v -0.068664 0.021652 0.013883
v -0.068990 0.022257 0.011353
v -0.069655 0.012420 0.010204
v -0.066997 0.018563 0.026781
v -0.068664 0.021652 0.013883
v -0.067415 0.009285 0.023976
v -0.065217 0.006711 0.054114
v -0.065809 0.004422 0.037589
v -0.062759 -0.009136 0.045921
v -0.065318 0.002311 0.062056
v -0.065268 0.004478 0.058145
v -0.064275 -0.008833 0.064064
v -0.068922 0.002583 0.009664
v -0.066249 0.000216 0.021780
v -0.069655 0.012420 0.010204
v -0.067415 0.009285 0.023976
v -0.069655 0.012420 0.010204
v -0.066249 0.000216 0.021780
v -0.059208 0.018232 0.077603
v -0.059194 0.033647 0.045416
v -0.063586 0.018370 0.053694
v -0.059622 0.004307 0.110491
v -0.059208 0.018232 0.077603
v -0.063845 0.003974 0.081833
v -0.063845 0.003974 0.081833
v -0.064634 -0.009199 0.110491
v -0.063849 -0.004485 0.110491
v -0.063845 0.003974 0.081833
v -0.063586 0.018370 0.053694
v -0.065318 0.002311 0.062056
v -0.065318 0.002311 0.062056
v -0.065623 -0.011007 0.086095
v -0.063845 0.003974 0.081833
v -0.063586 0.018370 0.053694
v -0.065217 0.006711 0.054114
v -0.065268 0.004478 0.058145
v -0.063586 0.018370 0.053694
v -0.064880 0.031060 0.024780
v -0.066314 0.014013 0.037276
v -0.066314 0.014013 0.037276
v -0.065217 0.006711 0.054114
v -0.063586 0.018370 0.053694
v -0.051735 0.016353 0.110491
v -0.051841 0.031182 0.073768
v -0.059208 0.018232 0.077603
v -0.059208 0.018232 0.077603
v -0.059622 0.004307 0.110491
v -0.056388 0.011032 0.110491
v -0.059194 0.033647 0.045416
v -0.059208 0.018232 0.077603
v -0.051841 0.031182 0.073768
v -0.052011 0.043829 0.046043
v -0.055009 0.042387 0.040664
v -0.059194 0.033647 0.045416
v -0.059194 0.033647 0.045416
v -0.055009 0.042387 0.040664
v -0.057011 0.041426 0.037075
v -0.064880 0.031060 0.024780
v -0.059194 0.033647 0.045416
v -0.059626 0.039784 0.030949
v -0.064880 0.031060 0.024780
v -0.063586 0.018370 0.053694
v -0.059194 0.033647 0.045416
v -0.059626 0.039784 0.030949
v -0.061471 0.038627 0.026630
v -0.064880 0.031060 0.024780
v -0.064880 0.031060 0.024780
v -0.066997 0.018563 0.026781
v -0.066844 0.017546 0.029128
v -0.068664 0.021652 0.013883
v -0.066997 0.018563 0.026781
v -0.064880 0.031060 0.024780
v -0.064880 0.031060 0.024780
v -0.065873 0.034974 0.012996
v -0.068664 0.021652 0.013883
v -0.064634 -0.009199 0.110491
v -0.063845 0.003974 0.081833
v -0.065623 -0.011007 0.086095
v -0.065623 -0.011007 0.086095
v -0.065711 -0.014826 0.092987
v -0.064634 -0.009199 0.110491
v -0.065711 -0.014826 0.092987
v -0.066671 -0.023588 0.110491
v -0.066654 -0.021335 0.110491
v -0.051735 0.016353 0.110491
v -0.042261 0.027189 0.110491
v -0.042559 0.035043 0.087842
v -0.042559 0.035043 0.087842
v -0.051841 0.031182 0.073768
v -0.051735 0.016353 0.110491
v -0.049988 0.044801 0.049671
v -0.051841 0.031182 0.073768
v -0.042910 0.045356 0.064390
v -0.051841 0.031182 0.073768
v -0.042813 0.042511 0.070860
v -0.042910 0.045356 0.064390
v -0.042910 0.045356 0.064390
v -0.042985 0.047509 0.059778
v -0.049988 0.044801 0.049671
v -0.049988 0.044801 0.049671
v -0.052011 0.043829 0.046043
v -0.051841 0.031182 0.073768
v -0.042559 0.035043 0.087842
v -0.042813 0.042511 0.070860
v -0.051841 0.031182 0.073768
v -0.065711 -0.014826 0.092987
v -0.066654 -0.021335 0.110491
v -0.064634 -0.009199 0.110491
v -0.066844 0.017546 0.029128
v -0.066314 0.014013 0.037276
v -0.064880 0.031060 0.024780
v -0.065873 0.034974 0.012996
v -0.064880 0.031060 0.024780
v -0.063595 0.036864 0.020052
v -0.061471 0.038627 0.026630
v -0.063595 0.036864 0.020052
v -0.064880 0.031060 0.024780
v -0.057011 0.041426 0.037075
v -0.059626 0.039784 0.030949
v -0.059194 0.033647 0.045416
v -0.051841 0.031182 0.073768
v -0.052011 0.043829 0.046043
v -0.059194 0.033647 0.045416
v -0.059208 0.018232 0.077603
v -0.056388 0.011032 0.110491
v -0.051735 0.016353 0.110491
v -0.065268 0.004478 0.058145
v -0.065318 0.002311 0.062056
v -0.063586 0.018370 0.053694
v -0.063845 0.003974 0.081833
v -0.063849 -0.004485 0.110491
v -0.059622 0.004307 0.110491
v -0.063586 0.018370 0.053694
v -0.063845 0.003974 0.081833
v -0.059208 0.018232 0.077603
v -0.042559 0.035043 0.087842
v -0.042261 0.027189 0.110491
v -0.042053 0.030580 0.101460
v -0.042261 0.027189 0.110491
v -0.041978 0.027397 0.110547
v -0.042053 0.030580 0.101460
v -0.042164 0.035313 0.087947
v -0.042420 0.045682 0.064535
v -0.042813 0.042511 0.070860
v -0.042420 0.045682 0.064535
v -0.042910 0.045356 0.064390
v -0.042813 0.042511 0.070860
v -0.042910 0.045356 0.064390
v -0.042420 0.045682 0.064535
v -0.042475 0.047656 0.060328
v -0.042475 0.047656 0.060328
v -0.042985 0.047509 0.059778
v -0.042910 0.045356 0.064390
v -0.042813 0.042511 0.070860
v -0.042559 0.035043 0.087842
v -0.042164 0.035313 0.087947
v -0.042053 0.030580 0.101460
v -0.042164 0.035313 0.087947
v -0.042559 0.035043 0.087842
v -0.042261 0.027189 0.110491
v -0.042181 0.024905 0.119682
v -0.041954 0.025077 0.119718
v -0.042119 0.023491 0.127682
v -0.041946 0.023386 0.129004
v -0.041951 0.024459 0.123113
v -0.041951 0.024459 0.123113
v -0.042181 0.024905 0.119682
v -0.042119 0.023491 0.127682
v -0.042119 0.023491 0.127682
v -0.042109 0.023261 0.128987
v -0.041946 0.023386 0.129004
v -0.042109 0.023261 0.128987
v -0.042057 0.022289 0.139016
v -0.041943 0.022377 0.139021
v -0.042057 0.022289 0.139016
v -0.042051 0.022110 0.144991
v -0.041948 0.022189 0.144991
v -0.041948 0.022189 0.144991
v -0.041943 0.022377 0.139021
v -0.042057 0.022289 0.139016
v -0.041943 0.022377 0.139021
v -0.041946 0.023386 0.129004
v -0.042109 0.023261 0.128987
v -0.041951 0.024459 0.123113
v -0.041954 0.025077 0.119718
v -0.042181 0.024905 0.119682
v -0.041954 0.025077 0.119718
v -0.041978 0.027397 0.110547
v -0.042261 0.027189 0.110491
vn 0.4677 0.0196 -0.8836
vn 0.4530 0.0118 -0.8914
vn 0.3319 0.0081 -0.9433
vn 0.2170 0.0110 -0.9761
vn 0.2548 0.0112 -0.9669
vn 0.3460 0.0145 -0.9381
vn 0.2111 0.0036 -0.9774
vn 0.1611 0.0167 -0.9868
vn 0.0870 0.0140 -0.9961
vn 0.0480 -0.0082 -0.9988
vn 0.2550 0.0109 -0.9669
vn 0.4546 0.0011 -0.8907
vn 0.9645 0.0201 0.2635
vn 0.9640 0.0093 0.2656
vn 0.9153 -0.1710 0.3647
vn 0.9039 -0.1031 0.4150
vn 0.9241 -0.2444 0.2937
vn 0.7998 -0.4631 0.3818
vn 0.8032 -0.2789 0.5263
vn 0.6195 -0.0849 0.7804
vn 0.7640 -0.1013 0.6372
vn 0.6943 -0.1263 0.7085
vn 0.7898 -0.0403 0.6120
vn 0.8467 -0.0721 0.5272
vn 0.8915 0.0080 0.4530
vn 0.8970 -0.0009 0.4420
vn 0.9363 -0.0256 0.3502
vn 0.9601 0.0374 0.2770
vn 0.9922 0.0334 0.1200
vn 0.9759 0.0011 0.2181
vn 0.9946 0.0581 0.0863
vn 0.9984 0.0342 0.0450
vn 0.9914 0.0816 0.1019
vn 0.9956 0.0294 0.0890
vn 0.9909 0.0845 0.1047
vn 0.9831 0.1364 0.1224
vn 0.9911 0.0859 0.1016
vn 0.9830 0.1365 0.1225
vn 0.9812 0.1403 0.1326
vn 0.9911 0.0857 0.1015
vn 0.9956 0.0297 0.0890
vn 0.9363 -0.0256 0.3503
vn 0.6947 -0.1262 0.7082
vn 0.7649 -0.5640 0.3111
vn 0.7819 -0.2051 0.5887
vn 0.7849 -0.3857 0.4849
vn 0.9129 -0.2251 0.3406
vn 0.8925 -0.0723 0.4451
vn 0.9032 -0.1436 0.4046
vn 0.9612 0.0173 0.2753
vn 0.9630 0.0228 0.2685
vn 0.6199 -0.4028 0.6734
vn 0.9420 0.1210 -0.3129
vn 0.9853 0.1536 -0.0743
vn 0.9856 0.1508 -0.0766
vn 0.9693 0.2454 -0.0183
vn 0.8608 0.1026 -0.4985
vn 0.8258 0.0552 -0.5613
vn 0.8185 0.0410 -0.5730
vn 0.7494 0.0820 -0.6570
vn 0.8653 0.0807 -0.4947
vn 0.9743 0.1879 -0.1244
vn 0.9454 0.1178 -0.3038
vn 0.9004 0.1936 -0.3897
vn 0.9430 0.0994 -0.3176
vn 0.9521 0.1834 -0.2447
vn 0.9643 0.2647 -0.0118
vn 0.9935 0.0657 -0.0932
vn 0.9898 0.0874 -0.1125
vn 0.9931 0.0487 -0.1063
vn 0.9859 0.1498 -0.0743
vn 0.9966 0.0453 -0.0681
vn 0.9911 0.0851 -0.1024
vn 0.9482 0.0391 -0.3152
vn 0.9357 0.0713 -0.3454
vn 0.9808 0.0262 -0.1933
vn 0.8258 0.0642 -0.5603
vn 0.7909 0.0210 -0.6116
vn 0.8970 0.0171 -0.4418
vn 0.8479 0.0411 -0.5286
vn 0.7492 0.0820 -0.6573
vn 0.7002 0.0271 -0.7134
vn 0.5879 0.0194 -0.8087
vn 0.5808 0.0012 -0.8140
vn 0.6253 0.0226 -0.7801
vn 0.5963 0.0185 -0.8025
vn 0.6579 0.0340 -0.7523
vn 0.6783 0.0194 -0.7345
vn 0.7004 0.0191 -0.7135
vn 0.8971 0.0171 -0.4414
vn 0.9808 0.0262 -0.1930
vn 0.9931 0.0489 -0.1063
vn 0.9201 0.3550 -0.1655
vn 0.9557 0.2045 -0.2118
vn 0.9003 0.1936 -0.3899
vn 0.8654 0.1075 -0.4894
vn 0.9859 0.1497 -0.0743
vn 0.9349 0.0906 -0.3431
vn 0.5395 0.0191 -0.8418
vn 0.5394 0.0013 -0.8421
vn 0.5353 0.0009 -0.8447
vn 0.5544 0.0190 -0.8321
vn 0.4824 -0.6735 -0.5602
vn 0.1614 -0.6884 -0.7071
vn 0.6089 -0.7066 -0.3605
vn 0.2993 -0.6913 -0.6577
vn 0.5475 -0.6565 -0.5188
vn 0.3781 -0.7114 -0.5924
vn 0.4508 -0.8022 -0.3915
vn 0.2783 -0.8710 -0.4049
vn 0.0358 -0.6903 -0.7227
vn 0.2205 -0.7440 -0.6308
vn 0.0462 -0.7943 -0.6058
vn 0.0968 -0.7590 -0.6438
vn 0.0873 -0.9287 -0.3603
vn 0.1541 -0.8961 -0.4162
vn 0.3423 -0.8644 -0.3683
vn 0.5555 -0.8044 0.2106
vn 0.6406 -0.5424 0.5436
vn 0.4032 -0.8300 0.3854
vn 0.4655 -0.4418 0.7669
vn 0.2512 -0.9613 -0.1127
vn 0.4433 -0.8884 -0.1190
vn 0.2036 -0.9614 -0.1850
vn 0.0766 -0.9875 -0.1379
vn 0.1849 -0.9756 0.1186
vn 0.2750 -0.5951 0.7552
vn -0.0052 -0.9934 0.1145
vn -0.0337 -0.8804 -0.4731
vn 0.0452 -0.9876 -0.1506
vn 0.1072 -0.8399 0.5320
vn 0.0689 -0.6177 0.7834
vn -0.0029 -0.8355 -0.5495
vn -0.0023 -0.9300 -0.3675
vn 0.0184 -0.7867 -0.6170
vn 0.0502 -0.9105 -0.4104
vn 0.0468 -0.7698 -0.6365
vn 0.0421 -0.8270 -0.5607
vn 0.4180 -0.7346 -0.5344
vn 0.1458 -0.8940 -0.4236
vn 0.3146 -0.8105 -0.4941
vn 0.1380 -0.8305 -0.5396
vn 0.2220 -0.7221 -0.6552
vn 0.0604 -0.7314 -0.6792
vn -0.0100 -0.7448 -0.6672
vn 0.0385 -0.7058 -0.7073
vn 0.0223 -0.6940 -0.7197
vn 0.0245 -0.6905 -0.7229
vn 0.7665 -0.6176 0.1762
vn 0.6950 -0.7160 -0.0655
vn 0.9002 -0.4268 -0.0866
vn 0.6868 -0.6497 -0.3259
vn 0.6452 -0.7264 -0.2370
vn 0.8702 -0.4346 -0.2321
vn 0.9507 -0.2591 -0.1703
vn 0.8566 -0.4252 -0.2922
vn 0.6933 -0.5932 -0.4093
vn 0.7158 -0.5622 -0.4142
vn 0.8613 -0.4401 -0.2539
vn 0.9439 -0.2754 -0.1820
vn 0.9516 -0.2798 -0.1273
vn 0.8762 -0.4546 -0.1603
vn 0.7478 -0.5851 -0.3138
vn 0.9957 -0.0869 -0.0313
vn 0.9918 -0.0998 -0.0803
vn 0.9960 -0.0774 -0.0452
vn 0.9470 -0.3146 -0.0655
vn 0.9723 -0.2303 -0.0411
vn 0.9579 -0.2769 -0.0758
vn 0.9158 -0.3982 -0.0524
vn 0.8862 -0.4537 -0.0939
vn 0.7450 -0.6552 -0.1252
vn 0.8434 -0.5344 -0.0552
vn 0.7859 -0.6016 -0.1428
vn 0.7810 -0.5915 -0.2006
vn 0.6637 -0.7329 -0.1494
vn 0.6307 -0.7648 -0.1313
vn 0.7308 -0.6709 -0.1258
vn 0.5189 -0.8450 -0.1293
vn 0.5057 -0.8519 -0.1363
vn 0.2970 -0.9452 -0.1355
vn 0.3192 -0.9392 -0.1265
vn 0.3835 -0.9173 -0.1077
vn 0.1186 -0.9865 -0.1132
vn 0.0673 -0.9939 -0.0868
vn 0.2107 -0.9733 -0.0913
vn 0.0668 -0.2464 0.9669
vn 0.1110 -0.0568 0.9922
vn 0.1445 -0.1235 0.9818
vn 0.2166 -0.2264 0.9496
vn 0.2955 0.0065 0.9553
vn 0.4783 0.0183 0.8780
vn 0.4331 -0.0907 0.8968
vn 0.3484 -0.1829 0.9193
vn 0.6247 -0.0632 0.7783
vn 0.5095 -0.1132 0.8530
vn 0.6432 -0.2803 0.7125
vn 0.5092 -0.1132 0.8532
vn 0.3482 -0.1829 0.9194
vn 0.2165 -0.2264 0.9497
vn 0.0873 -0.9286 -0.3607
vn 0.2108 -0.9733 -0.0913
vn 0.3836 -0.9172 -0.1077
vn 0.5190 -0.8449 -0.1293
vn 0.8434 -0.5345 -0.0553
vn 0.9159 -0.3980 -0.0523
vn 0.9723 -0.2301 -0.0411
vn 0.9954 -0.0883 -0.0369
vn 0.7603 -0.5660 -0.3186
vn 0.8818 -0.4374 -0.1763
vn 0.9533 -0.2701 -0.1349
vn 0.9477 -0.2618 -0.1827
vn 0.8699 -0.4213 -0.2565
vn 0.6932 -0.5932 -0.4093
vn 0.6392 -0.6602 -0.3945
vn 0.8450 -0.4485 -0.2913
vn 0.8424 -0.4884 -0.2276
vn 0.6651 -0.7388 -0.1087
vn 0.6045 -0.7423 -0.2889
vn 0.7100 -0.6996 0.0805
vn 0.0385 -0.7059 -0.7073
vn 0.0196 -0.7885 -0.6147
vn 0.1079 -0.6924 -0.7134
vn 0.1502 -0.7821 -0.6047
vn 0.1311 -0.7697 -0.6248
vn 0.3404 -0.8642 -0.3704
vn 0.1318 -0.8269 -0.5467
vn 0.3277 -0.8133 -0.4807
vn 0.0745 -0.7463 -0.6614
vn 0.0524 -0.8365 -0.5455
vn 0.0242 -0.8806 -0.4732
vn 0.1086 -0.2456 0.9633
vn 0.1071 -0.8401 0.5318
vn 0.2649 -0.4797 0.8365
vn 0.1605 -0.9018 0.4013
vn 0.0773 -0.9290 -0.3619
vn 0.1728 -0.9048 -0.3892
vn 0.4841 -0.8688 0.1040
vn 0.2940 -0.9379 0.1841
vn 0.4591 -0.3224 0.8278
vn 0.3982 -0.6676 0.6291
vn 0.5764 -0.6928 0.4333
vn 0.3779 -0.9037 -0.2014
vn 0.0461 -0.7942 -0.6059
vn 0.2118 -0.7503 -0.6263
vn 0.0277 -0.6958 -0.7177
vn 0.3009 -0.8570 -0.4183
vn 0.4690 -0.7868 -0.4012
vn 0.3543 -0.7322 -0.5817
vn 0.5192 -0.6864 -0.5092
vn 0.2453 -0.7378 -0.6289
vn 0.6241 -0.6895 -0.3675
vn 0.1280 -0.7148 -0.6875
vn 0.4188 -0.7348 -0.5335
vn -0.0277 -0.6958 -0.7177
vn -0.0968 -0.7590 -0.6438
vn -0.0358 -0.6903 -0.7227
vn -0.1541 -0.8961 -0.4162
vn -0.0461 -0.7942 -0.6059
vn -0.0385 -0.7058 -0.7073
vn -0.0197 -0.7885 -0.6147
vn -0.0385 -0.7059 -0.7073
vn -0.1720 -0.9797 -0.1026
vn -0.0769 -0.9933 -0.0868
vn -0.0873 -0.9286 -0.3607
vn -0.1188 -0.9867 -0.1114
vn -0.0450 -0.2467 0.9680
vn -0.2658 -0.9589 -0.0993
vn -0.0245 -0.6905 -0.7229
vn -0.0184 -0.7867 -0.6170
vn -0.0873 -0.9287 -0.3603
vn -0.0462 -0.7943 -0.6058
vn -0.2475 0.0100 -0.9688
vn -0.3810 0.0082 -0.9245
vn -0.4704 0.0206 -0.8822
vn -0.4747 0.0011 -0.8802
vn -0.4684 0.0195 -0.8833
vn -0.3743 0.0058 -0.9273
vn -0.0466 0.0043 -0.9989
vn -0.1474 0.0118 -0.9890
vn -0.1595 0.0158 -0.9871
vn -0.2473 0.0027 -0.9689
vn -0.2889 0.0099 -0.9573
vn -0.0466 0.0042 -0.9989
vn -0.0470 0.0042 -0.9989
vn -0.2884 0.0170 -0.9574
vn -0.9630 0.0229 0.2685
vn -0.9612 0.0173 0.2753
vn -0.9649 0.0167 0.2622
vn -0.9162 -0.3172 0.2448
vn -0.9031 -0.1437 0.4046
vn -0.8925 -0.0724 0.4451
vn -0.9129 -0.2250 0.3407
vn -0.7849 -0.3857 0.4849
vn -0.7819 -0.2051 0.5887
vn -0.9741 0.1669 0.1525
vn -0.9688 0.1709 0.1792
vn -0.9742 0.1667 0.1523
vn -0.9822 0.1393 0.1259
vn -0.9812 0.1413 0.1315
vn -0.9822 0.1392 0.1259
vn -0.9902 0.0878 0.1084
vn -0.9907 0.0905 0.1015
vn -0.9914 0.0813 0.1024
vn -0.9970 0.0342 0.0692
vn -0.9951 0.0495 0.0854
vn -0.9957 0.0323 0.0871
vn -0.9536 0.0483 0.2972
vn -0.9606 0.0295 0.2764
vn -0.9786 -0.0000 0.2058
vn -0.8914 0.0093 0.4531
vn -0.9216 -0.0309 0.3868
vn -0.7897 -0.0352 0.6124
vn -0.8041 -0.0517 0.5923
vn -0.8583 -0.0634 0.5091
vn -0.7356 -0.1315 0.6646
vn -0.8584 -0.0634 0.5091
vn -0.9217 -0.0309 0.3867
vn -0.9786 -0.0000 0.2057
vn -0.9957 0.0324 0.0871
vn -0.9907 0.0906 0.1015
vn -0.9822 0.1359 0.1296
vn -0.8033 -0.2788 0.5263
vn -0.9241 -0.2445 0.2936
vn -0.9039 -0.1031 0.4151
vn -0.9153 -0.1710 0.3647
vn -0.9641 0.0175 0.2648
vn -0.9641 0.0092 0.2655
vn -0.9645 0.0202 0.2634
vn -0.9349 0.0906 -0.3431
vn -0.9847 0.1585 -0.0730
vn -0.9855 0.1531 -0.0729
vn -0.9851 0.1573 -0.0696
vn -0.9923 0.0881 -0.0865
vn -0.9758 0.2164 0.0327
vn -0.9769 0.2099 0.0407
vn -0.9712 0.2317 0.0550
vn -0.9831 0.1824 -0.0176
vn -0.9607 0.2774 -0.0083
vn -0.9430 0.1002 -0.3174
vn -0.9438 0.1087 -0.3121
vn -0.9525 0.1872 -0.2403
vn -0.9570 0.2029 -0.2075
vn -0.9765 0.1845 -0.1115
vn -0.8886 0.1990 -0.4132
vn -0.8257 0.0508 -0.5618
vn -0.8645 0.1077 -0.4910
vn -0.8488 0.0917 -0.5206
vn -0.7983 0.0672 -0.5985
vn -0.6404 0.0300 -0.7674
vn -0.6182 0.0182 -0.7858
vn -0.6160 0.0011 -0.7877
vn -0.6829 0.0191 -0.7303
vn -0.7343 0.0767 -0.6744
vn -0.7923 0.0218 -0.6098
vn -0.8258 0.0641 -0.5603
vn -0.7107 0.0187 -0.7033
vn -0.9357 0.0718 -0.3453
vn -0.9490 0.0379 -0.3130
vn -0.8679 0.0190 -0.4963
vn -0.9128 0.0367 -0.4068
vn -0.9909 0.0905 -0.0997
vn -0.9831 0.0259 -0.1811
vn -0.9940 0.0725 -0.0815
vn -0.9932 0.0530 -0.1037
vn -0.9900 0.0871 -0.1112
vn -0.9846 0.1586 -0.0729
vn -0.9987 0.0445 -0.0249
vn -0.9833 0.0259 -0.1804
vn -0.7094 0.0309 -0.7041
vn -0.7351 0.0767 -0.6736
vn -0.8614 0.0164 -0.5077
vn -0.8885 0.1991 -0.4134
vn -0.9171 0.3666 -0.1565
vn -0.9544 0.2896 0.0722
vn -0.9667 0.2553 -0.0157
vn -0.9420 0.1209 -0.3129
vn -0.5582 0.0189 -0.8295
vn -0.5358 0.0009 -0.8443
vn -0.5401 0.0013 -0.8416
vn -0.5399 0.0190 -0.8415
vn -0.9993 0.0330 -0.0201
vn -0.9987 0.0075 -0.0504
vn -0.4188 -0.7348 -0.5335
vn -0.1280 -0.7148 -0.6875
vn -0.6241 -0.6895 -0.3675
vn -0.2453 -0.7378 -0.6289
vn -0.5191 -0.6864 -0.5092
vn -0.3543 -0.7322 -0.5817
vn -0.4690 -0.7868 -0.4012
vn -0.3009 -0.8570 -0.4183
vn -0.2118 -0.7503 -0.6263
vn -0.3779 -0.9037 -0.2014
vn -0.5764 -0.6928 0.4333
vn -0.6199 -0.4028 0.6734
vn -0.3982 -0.6676 0.6291
vn -0.4591 -0.3224 0.8278
vn -0.2940 -0.9379 0.1841
vn -0.4841 -0.8688 0.1040
vn -0.1728 -0.9048 -0.3892
vn -0.0773 -0.9290 -0.3619
vn -0.1605 -0.9018 0.4013
vn -0.2649 -0.4797 0.8365
vn -0.0452 -0.9876 -0.1506
vn -0.1071 -0.8401 0.5317
vn 0.0052 -0.9934 0.1145
vn -0.0689 -0.6177 0.7834
vn -0.1086 -0.2456 0.9633
vn -0.0242 -0.8806 -0.4732
vn 0.0029 -0.8355 -0.5495
vn 0.0023 -0.9300 -0.3675
vn -0.0524 -0.8365 -0.5455
vn -0.0745 -0.7463 -0.6614
vn -0.0468 -0.7698 -0.6365
vn -0.3277 -0.8133 -0.4807
vn -0.1318 -0.8269 -0.5467
vn -0.3404 -0.8643 -0.3704
vn -0.1311 -0.7697 -0.6248
vn -0.1502 -0.7821 -0.6047
vn -0.1079 -0.6924 -0.7134
vn -0.0223 -0.6940 -0.7197
vn -0.7650 -0.5640 0.3110
vn -0.7100 -0.6996 0.0805
vn -0.8637 -0.4994 -0.0686
vn -0.9085 -0.3995 0.1224
vn -0.6045 -0.7424 -0.2889
vn -0.6651 -0.7388 -0.1087
vn -0.8423 -0.4885 -0.2277
vn -0.9472 -0.2713 -0.1707
vn -0.8449 -0.4486 -0.2913
vn -0.6392 -0.6602 -0.3945
vn -0.6932 -0.5932 -0.4093
vn -0.8699 -0.4213 -0.2565
vn -0.9477 -0.2619 -0.1827
vn -0.9534 -0.2700 -0.1349
vn -0.8818 -0.4374 -0.1763
vn -0.7603 -0.5660 -0.3186
vn -0.2662 -0.9588 -0.0993
vn -0.3190 -0.9391 -0.1280
vn -0.5050 -0.8515 -0.1410
vn -0.4106 -0.9054 -0.1077
vn -0.4884 -0.8600 -0.1479
vn -0.6729 -0.7255 -0.1444
vn -0.5606 -0.8188 -0.1238
vn -0.7820 -0.6172 -0.0869
vn -0.6735 -0.7263 -0.1375
vn -0.7492 -0.6488 -0.1334
vn -0.8348 -0.5458 -0.0727
vn -0.8801 -0.4697 -0.0696
vn -0.8873 -0.4534 -0.0847
vn -0.8345 -0.5462 -0.0727
vn -0.9686 -0.2415 -0.0593
vn -0.9432 -0.3287 -0.0478
vn -0.9578 -0.2770 -0.0765
vn -0.9945 -0.0898 -0.0545
vn -0.9879 -0.1524 -0.0288
vn -0.9918 -0.0997 -0.0804
vn -0.9954 -0.0883 -0.0369
vn -0.9952 -0.0893 -0.0406
vn -0.9900 -0.0991 -0.1002
vn -0.9907 -0.0922 -0.1005
vn -0.9919 -0.0931 -0.0860
vn -0.9922 -0.1028 -0.0708
vn -0.9684 -0.2370 -0.0770
vn -0.6388 -0.1087 0.7616
vn -0.6116 -0.0459 0.7899
vn -0.7355 -0.1315 0.6646
vn -0.5604 -0.1029 0.8218
vn -0.4778 -0.0331 0.8778
vn -0.4791 -0.0403 0.8768
vn -0.3468 -0.1811 0.9203
vn -0.2956 0.0062 0.9553
vn -0.2565 -0.1137 0.9598
vn -0.1571 -0.2180 0.9632
vn -0.1110 -0.0512 0.9925
vn -0.1572 -0.2180 0.9632
vn -0.3469 -0.1811 0.9202
vn -0.6432 -0.2803 0.7126
vn -0.9920 -0.0931 -0.0858
vn -0.9988 -0.0378 -0.0299
vn -0.9879 -0.1522 -0.0288
vn -0.9432 -0.3286 -0.0478
vn -0.7809 -0.5915 -0.2007
vn -0.6656 -0.7332 -0.1390
vn -0.4107 -0.9054 -0.1077
vn -0.7478 -0.5851 -0.3138
vn -0.8762 -0.4546 -0.1603
vn -0.9516 -0.2799 -0.1272
vn -0.9440 -0.2754 -0.1820
vn -0.8612 -0.4402 -0.2540
vn -0.7158 -0.5622 -0.4142
vn -0.6933 -0.5932 -0.4093
vn -0.8566 -0.4252 -0.2922
vn -0.9507 -0.2592 -0.1703
vn -0.8701 -0.4347 -0.2322
vn -0.6452 -0.7264 -0.2369
vn -0.6868 -0.6497 -0.3259
vn -0.9133 -0.4025 0.0620
vn -0.9002 -0.4268 -0.0866
vn -0.6950 -0.7160 -0.0655
vn -0.7665 -0.6176 0.1762
vn -0.7999 -0.4631 0.3818
vn -0.9251 -0.3292 0.1893
vn 0.0100 -0.7448 -0.6672
vn -0.0604 -0.7314 -0.6792
vn -0.2220 -0.7221 -0.6552
vn -0.1380 -0.8305 -0.5396
vn -0.3146 -0.8105 -0.4941
vn -0.1458 -0.8940 -0.4236
vn -0.4180 -0.7346 -0.5344
vn -0.0421 -0.8270 -0.5607
vn -0.0502 -0.9105 -0.4104
vn -0.1072 -0.8399 0.5320
vn 0.0337 -0.8804 -0.4731
vn -0.2750 -0.5951 0.7552
vn -0.1849 -0.9756 0.1186
vn -0.0766 -0.9875 -0.1379
vn -0.2036 -0.9614 -0.1850
vn -0.4433 -0.8884 -0.1190
vn -0.2512 -0.9613 -0.1127
vn -0.4655 -0.4417 0.7669
vn -0.4032 -0.8300 0.3854
vn -0.6405 -0.5425 0.5435
vn -0.5555 -0.8044 0.2107
vn -0.3423 -0.8644 -0.3684
vn -0.2205 -0.7440 -0.6308
vn -0.2782 -0.8710 -0.4049
vn -0.4508 -0.8022 -0.3915
vn -0.3781 -0.7115 -0.5923
vn -0.5475 -0.6565 -0.5189
vn -0.2993 -0.6912 -0.6577
vn -0.6089 -0.7066 -0.3605
vn -0.1614 -0.6884 -0.7071
vn -0.4824 -0.6735 -0.5602
vn 0.9642 0.0174 0.2648
vn 0.9675 -0.0156 0.2525
vn 0.9764 -0.0838 0.1990
vn 0.9741 0.1682 0.1511
vn 0.9829 0.1310 0.1293
vn 0.9711 0.1606 0.1767
vn 0.9754 0.1461 0.1649
vn 0.9714 0.1597 0.1759
vn 0.9775 0.1116 0.1790
vn 0.9750 0.1206 0.1869
vn 0.9778 0.1119 0.1773
vn 0.9750 0.1205 0.1868
vn 0.9888 0.0527 0.1395
vn 0.9818 0.0691 0.1769
vn 0.9888 0.0527 0.1397
vn 0.9847 0.0404 0.1694
vn 0.9719 0.1048 0.2109
vn 0.9636 0.1592 0.2148
vn 0.9687 0.1723 0.1784
vn 0.9162 -0.3172 0.2448
vn 0.9763 -0.0838 0.1997
vn 0.9691 -0.0162 0.2462
vn 0.9649 0.0167 0.2622
vn 0.9731 0.2236 0.0554
vn 0.9776 0.2080 0.0310
vn 0.9820 0.1883 -0.0175
vn 0.9587 0.2718 0.0836
vn 0.9625 0.2448 0.1167
vn 0.9648 0.2417 0.1036
vn 0.9752 0.2134 0.0584
vn 0.9437 0.3018 0.1356
vn 0.9643 0.2079 0.1638
vn 0.9641 0.2095 0.1630
vn 0.9608 0.2526 0.1143
vn 0.9634 0.2121 0.1638
vn 0.9638 0.1993 0.1771
vn 0.9658 0.1877 0.1790
vn 0.9660 0.1882 0.1772
vn 0.9668 0.1904 0.1705
vn 0.9664 0.1922 0.1708
vn 0.9590 0.2217 0.1768
vn 0.9649 0.2175 0.1469
vn 0.9350 0.3118 0.1693
vn 0.9077 0.3574 0.2197
vn 0.9548 0.2204 0.1992
vn 0.9572 0.2051 0.2040
vn 0.9640 0.2098 0.1632
vn 0.9637 0.2107 0.1643
vn 0.9675 0.2257 0.1142
vn 0.9784 0.2034 0.0369
vn 0.9876 -0.1428 0.0655
vn 0.9800 -0.1560 0.1239
vn 0.9251 -0.3292 0.1893
vn 0.9133 -0.4026 0.0620
vn 0.9920 -0.0930 -0.0859
vn 0.9954 -0.0883 -0.0368
vn 0.9967 0.0196 0.0790
vn 0.9916 0.0070 0.1289
vn 0.9976 -0.0452 0.0519
vn 0.9821 -0.1637 0.0932
vn 0.9894 -0.1288 -0.0669
vn 0.9899 -0.1164 -0.0808
vn 0.9685 -0.2370 -0.0770
vn 0.9931 -0.1044 -0.0537
vn 0.9931 -0.1043 -0.0536
vn 0.9957 -0.0750 -0.0544
vn 0.9900 -0.0989 -0.1001
vn 0.9900 -0.0992 -0.1004
vn 0.9920 -0.0930 -0.0857
vn 0.9900 -0.0989 -0.1002
vn 0.9976 -0.0452 0.0518
vn 0.9933 -0.0036 0.1159
vn 0.9472 -0.2713 -0.1707
vn 0.9085 -0.3995 0.1223
vn 0.8637 -0.4994 -0.0686
vn 0.9817 -0.1754 0.0740
vn 0.9210 0.3501 0.1706
vn 0.8940 0.4298 0.1267
vn 0.9302 0.3420 0.1331
vn 0.9830 0.1336 0.1259
vn 0.9850 0.1499 0.0850
vn 0.7369 0.6444 0.2043
vn 0.8196 0.5304 0.2166
vn 0.9667 0.1908 0.1704
vn 0.9708 0.1887 0.1482
vn 0.9708 0.1887 0.1481
vn 0.8304 0.5046 0.2364
vn 0.9093 0.3646 0.2007
vn 0.9076 0.3575 0.2200
vn 0.8303 0.5047 0.2365
vn 0.8018 0.5405 0.2549
vn 0.8059 0.5342 0.2554
vn 0.7050 0.6383 0.3092
vn 0.7006 0.6443 0.3067
vn 0.7640 0.5837 0.2748
vn 0.6913 0.6693 0.2723
vn 0.7099 0.6407 0.2924
vn 0.9862 0.1641 0.0232
vn 0.9927 0.1174 0.0266
vn 0.8833 -0.3962 -0.2507
vn 0.9938 0.0893 0.0664
vn 0.9922 0.1195 0.0342
vn 0.9885 0.1383 0.0616
vn 0.7607 0.5689 0.3126
vn 0.9990 0.0080 -0.0447
vn 0.7324 0.6403 0.2317
vn 0.7918 0.5290 0.3053
vn 0.7919 0.5290 0.3051
vn 0.9047 0.3723 0.2072
vn 0.8881 0.4271 0.1697
vn 0.9792 0.1661 0.1168
vn 0.9853 0.1641 0.0483
vn 0.9187 0.3564 0.1702
vn 0.9421 0.3336 0.0331
vn 0.9779 0.1628 0.1313
vn 0.8412 0.5347 0.0807
vn 0.8907 0.4283 0.1526
vn 0.8436 0.5365 0.0237
vn 0.7900 0.6118 0.0410
vn 0.8431 0.5372 0.0231
vn 0.9486 0.3165 0.0007
vn 0.9150 0.4020 0.0343
vn 0.9426 0.3340 -0.0054
vn 0.9940 0.1053 -0.0300
vn 0.9735 0.2279 0.0197
vn 0.9970 0.0767 -0.0140
vn 0.9970 0.0767 0.0122
vn 0.9941 0.1083 -0.0036
vn 0.9940 0.1084 -0.0140
vn 0.9987 0.0080 -0.0500
vn 0.7191 0.6864 0.1088
vn 0.7422 0.6489 0.1677
vn 0.7295 0.6811 -0.0625
vn 0.6518 0.7581 0.0234
vn 0.7113 0.6993 0.0714
vn 0.7006 0.7117 0.0510
vn 0.7109 0.6916 0.1279
vn 0.7576 0.5868 -0.2859
vn 0.7109 0.6916 0.1277
vn 0.9862 0.1641 -0.0233
vn 0.9941 0.1083 -0.0096
vn 0.7490 0.6550 0.1004
vn 0.9001 0.4328 0.0496
vn 0.1491 0.9565 0.2507
vn 0.1165 0.9899 0.0811
vn 0.0238 0.9954 0.0932
vn 0.1569 0.9860 0.0569
vn 0.5855 0.8066 0.0814
vn 0.5494 0.8352 0.0259
vn 0.4378 0.8966 0.0658
vn 0.3522 0.9319 0.0866
vn 0.2642 0.9596 0.0968
vn 0.4521 0.8903 0.0550
vn 0.4459 0.8656 0.2278
vn 0.4431 0.8688 0.2210
vn 0.4424 0.8822 0.1610
vn 0.2408 0.8620 0.4461
vn 0.4578 0.8379 0.2973
vn 0.4322 0.8228 0.3691
vn 0.4878 0.7878 0.3760
vn 0.4393 0.7932 0.4217
vn 0.3388 0.8364 0.4309
vn 0.1348 0.9130 0.3849
vn 0.2137 0.9092 0.3573
vn 0.1381 0.9133 0.3832
vn 0.0535 0.9326 0.3569
vn -0.0246 0.9339 0.3567
vn 0.3928 0.8556 0.3372
vn 0.4004 0.8638 0.3058
vn 0.6787 0.7224 0.1322
vn 0.2640 0.9596 0.0968
vn -0.0685 0.9931 0.0949
vn 0.1463 0.9576 0.2481
vn 0.5917 0.7593 0.2708
vn 0.5984 0.7545 0.2695
vn 0.5912 0.7350 0.3321
vn 0.5891 0.7364 0.3326
vn 0.5886 0.7289 0.3496
vn 0.5885 0.7289 0.3497
vn 0.5887 0.7367 0.3328
vn 0.6058 0.7494 0.2674
vn 0.6070 0.7700 0.1965
vn 0.6121 0.7779 0.1421
vn 0.6122 0.7778 0.1421
vn 0.6123 0.7777 0.1424
vn 0.6126 0.7864 0.0794
vn 0.6116 0.7908 0.0244
vn 0.6088 0.7930 0.0244
vn 0.6112 0.7875 0.0794
vn 0.6113 0.7785 0.1423
vn 0.6120 0.7663 0.1958
vn -0.9691 -0.0162 0.2462
vn -0.9763 -0.0837 0.1998
vn -0.9889 0.0505 0.1400
vn -0.9775 0.1119 0.1787
vn -0.9748 0.1213 0.1874
vn -0.9719 0.1049 0.2109
vn -0.9775 0.1118 0.1789
vn -0.9713 0.1604 0.1757
vn -0.9713 0.1603 0.1756
vn -0.9636 0.1590 0.2149
vn -0.9754 0.1454 0.1658
vn -0.9749 0.1210 0.1870
vn -0.9812 0.0716 0.1791
vn -0.9675 -0.0156 0.2524
vn -0.9579 0.2078 0.1982
vn -0.9617 0.2112 0.1744
vn -0.9449 0.2144 0.2473
vn -0.9652 0.1958 0.1732
vn -0.9650 0.1975 0.1725
vn -0.9646 0.1955 0.1770
vn -0.9646 0.1955 0.1768
vn -0.9622 0.2150 0.1672
vn -0.9651 0.2057 0.1621
vn -0.9600 0.2497 0.1266
vn -0.9652 0.2052 0.1619
vn -0.9630 0.2103 0.1687
vn -0.9598 0.2505 0.1263
vn -0.9680 0.2224 0.1166
vn -0.9640 0.2456 0.1016
vn -0.9694 0.2398 0.0526
vn -0.9509 0.2764 0.1394
vn -0.9659 0.2010 0.1633
vn -0.9630 0.2035 0.1767
vn -0.9659 0.1939 0.1714
vn -0.1463 0.9576 0.2481
vn -0.1358 0.9172 0.3747
vn -0.0251 0.9339 0.3567
vn -0.1102 0.9130 0.3928
vn -0.4496 0.8064 0.3842
vn -0.3531 0.8372 0.4177
vn -0.2876 0.8620 0.4175
vn -0.3925 0.8553 0.3383
vn -0.2353 0.8612 0.4506
vn -0.4635 0.8351 0.2963
vn -0.4004 0.8638 0.3059
vn -0.4459 0.8656 0.2278
vn -0.4431 0.8688 0.2209
vn -0.4525 0.8904 0.0495
vn -0.3938 0.9153 0.0842
vn -0.6245 0.7683 0.1405
vn -0.5543 0.8281 0.0836
vn -0.5290 0.8482 0.0263
vn -0.2177 0.9721 0.0873
vn -0.3069 0.9474 0.0910
vn -0.1570 0.9861 0.0553
vn -0.4424 0.8822 0.1610
vn -0.4487 0.8153 0.3660
vn -0.2079 0.9100 0.3588
vn -0.1491 0.9565 0.2507
vn -0.9779 0.1628 0.1313
vn -0.9001 0.4328 0.0496
vn -0.8906 0.4283 0.1527
vn -0.7490 0.6549 0.1004
vn -0.9940 0.1052 -0.0316
vn -0.9899 0.1418 -0.0040
vn -0.9941 0.1084 -0.0096
vn -0.9472 0.3205 0.0106
vn -0.9727 0.2321 0.0090
vn -0.9426 0.3339 0.0022
vn -0.8409 0.5411 0.0103
vn -0.8437 0.5367 0.0127
vn -0.8865 0.4609 0.0411
vn -0.7063 0.7053 0.0616
vn -0.7637 0.5971 -0.2452
vn -0.6845 0.7287 0.0225
vn -0.7113 0.6992 0.0715
vn -0.7109 0.6916 0.1278
vn -0.7191 0.6863 0.1089
vn -0.9940 0.1084 -0.0139
vn -0.9970 0.0767 0.0123
vn -0.9862 0.1641 -0.0233
vn -0.9940 0.1084 -0.0126
vn -0.7422 0.6489 0.1677
vn -0.7109 0.6916 0.1274
vn -0.7867 0.6151 0.0527
vn -0.8864 0.4611 0.0412
vn -0.9724 0.2333 0.0091
vn -0.8411 0.5348 0.0807
vn -0.9421 0.3336 0.0332
vn -0.9817 -0.1754 0.0740
vn -0.9876 -0.1428 0.0655
vn -0.9923 -0.1023 -0.0694
vn -0.9919 -0.1056 -0.0711
vn -0.9906 -0.1099 -0.0809
vn -0.9905 -0.1144 -0.0759
vn -0.9978 -0.0511 0.0428
vn -0.9978 -0.0511 0.0427
vn -0.9933 -0.0036 0.1159
vn -0.9970 0.0223 0.0747
vn -0.9849 0.0384 0.1689
vn -0.9889 0.0506 0.1395
vn -0.9916 0.0055 0.1295
vn -0.9812 -0.1835 0.0606
vn -0.9918 -0.1057 -0.0712
vn -0.9764 -0.0837 0.1991
vn -0.9800 -0.1560 0.1239
vn -0.9187 0.3564 0.1703
vn -0.9302 0.3420 0.1331
vn -0.9853 0.1641 0.0483
vn -0.9884 0.1389 0.0619
vn -0.9889 0.1351 0.0623
vn -0.9879 0.1406 0.0654
vn -0.9786 0.1687 0.1178
vn -0.9819 0.1419 0.1255
vn -0.8196 0.5304 0.2165
vn -0.8881 0.4271 0.1697
vn -0.8059 0.5341 0.2554
vn -0.7891 0.5385 0.2955
vn -0.7889 0.5386 0.2958
vn -0.8951 0.4002 0.1965
vn -0.9063 0.3707 0.2032
vn -0.8963 0.3319 0.2940
vn -0.9715 0.1877 0.1447
vn -0.9666 0.1911 0.1707
vn -0.9653 0.2123 0.1519
vn -0.9915 0.1264 0.0308
vn -0.9958 0.0845 0.0341
vn -0.9987 0.0075 -0.0510
vn -0.7324 0.6403 0.2317
vn -0.6913 0.6693 0.2723
vn -0.6976 0.6454 0.3111
vn -0.7099 0.6408 0.2924
vn -0.6989 0.6436 0.3118
vn -0.7658 0.5833 0.2708
vn -0.9864 0.1642 0.0079
vn -0.9715 0.1877 0.1446
vn -0.9110 0.3622 0.1971
vn -0.8441 0.4841 0.2306
vn -0.7976 0.5470 0.2544
vn -0.7369 0.6444 0.2043
vn -0.9879 0.1405 0.0652
vn -0.8940 0.4298 0.1267
vn -0.9210 0.3502 0.1707
vn -0.5986 0.7544 0.2695
vn -0.6045 0.7503 0.2678
vn -0.5891 0.7364 0.3326
vn -0.5886 0.7368 0.3328
vn -0.5884 0.7290 0.3497
vn -0.5877 0.7294 0.3501
vn -0.5908 0.7353 0.3322
vn -0.5912 0.7597 0.2709
vn -0.6117 0.7665 0.1958
vn -0.6137 0.7767 0.1420
vn -0.6129 0.7773 0.1421
vn -0.6118 0.7782 0.1419
vn -0.6115 0.7872 0.0795
vn -0.6083 0.7933 0.0244
vn -0.6117 0.7907 0.0244
vn -0.6120 0.7869 0.0794
vn -0.6119 0.7780 0.1422
vn -0.6057 0.7711 0.1966
s 1
usemtl material_0
f 1//1 2//1 3//1
f 4//2 5//2 6//2
f 7//3 8//3 9//3
f 10//4 11//4 12//4
f 13//5 14//5 15//5
f 16//6 17//6 18//6
f 19//7 20//7 21//7
f 22//8 23//8 24//8
f 25//9 26//9 27//9
f 28//10 29//10 30//10
f 31//11 32//11 33//11
f 34//12 35//12 36//12
f 37//13 38//13 39//13
f 40//14 41//14 42//14
f 43//15 44//15 45//15
f 46//16 47//16 48//16
f 49//17 50//17 51//17
f 52//18 53//18 54//18
f 55//19 56//19 57//19
f 58//20 59//20 60//20
f 61//21 62//21 63//21
f 64//22 65//22 66//22
f 67//23 68//23 69//23
f 70//24 71//24 72//24
f 73//25 74//25 75//25
f 76//26 77//26 78//26
f 79//27 80//27 81//27
f 82//28 83//28 84//28
f 85//29 86//29 87//29
f 88//30 89//30 90//30
f 91//31 92//31 93//31
f 94//32 95//32 96//32
f 97//33 98//33 99//33
f 100//34 101//34 102//34
f 103//35 104//35 105//35
f 106//36 107//36 108//36
f 109//37 110//37 111//37
f 112//38 113//38 114//38
f 115//39 116//39 117//39
f 118//40 119//40 120//40
f 121//41 122//41 123//41
f 124//30 125//30 126//30
f 127//42 128//42 129//42
f 130//24 131//24 132//24
f 133//43 134//43 135//43
f 136//44 137//44 138//44
f 139//45 140//45 141//45
f 142//46 143//46 144//46
f 145//47 146//47 147//47
f 148//48 149//48 150//48
f 151//49 152//49 153//49
f 154//50 155//50 156//50
f 157//51 158//51 159//51
f 160//52 161//52 162//52
f 163//53 164//53 165//53
f 166//54 167//54 168//54
f 169//55 170//55 171//55
f 172//56 173//56 174//56
f 175//57 176//57 177//57
f 178//58 179//58 180//58
f 181//59 182//59 183//59
f 184//60 185//60 186//60
f 187//61 188//61 189//61
f 190//62 191//62 192//62
f 193//63 194//63 195//63
f 196//64 197//64 198//64
f 199//65 200//65 201//65
f 202//66 203//66 204//66
f 205//67 206//67 207//67
f 208//68 209//68 210//68
f 211//69 212//69 213//69
f 214//70 215//70 216//70
f 217//71 218//71 219//71
f 220//72 221//72 222//72
f 223//73 224//73 225//73
f 226//74 227//74 228//74
f 229//75 230//75 231//75
f 232//76 233//76 234//76
f 235//77 236//77 237//77
f 238//78 239//78 240//78
f 241//79 242//79 243//79
f 244//80 245//80 246//80
f 247//81 248//81 249//81
f 250//82 251//82 252//82
f 253//83 254//83 255//83
f 256//84 257//84 258//84
f 259//85 260//85 261//85
f 262//86 263//86 264//86
f 265//87 266//87 267//87
f 268//88 269//88 270//88
f 271//89 272//89 273//89
f 274//90 275//90 276//90
f 277//91 278//91 279//91
f 280//92 281//92 282//92
f 283//93 284//93 285//93
f 286//94 287//94 288//94
f 289//95 290//95 291//95
f 292//96 293//96 294//96
f 295//97 296//97 297//97
f 298//98 299//98 300//98
f 301//99 302//99 303//99
f 304//100 305//100 306//100
f 307//101 308//101 309//101
f 310//102 311//102 312//102
f 313//103 314//103 315//103
f 316//104 317//104 318//104
f 319//105 320//105 321//105
f 322//106 323//106 324//106
f 325//107 326//107 327//107
f 328//108 329//108 330//108
f 331//109 332//109 333//109
f 334//110 335//110 336//110
f 337//111 338//111 339//111
f 340//112 341//112 342//112
f 343//113 344//113 345//113
f 346//114 347//114 348//114
f 349//115 350//115 351//115
f 352//116 353//116 354//116
f 355//117 356//117 357//117
f 358//118 359//118 360//118
f 361//119 362//119 363//119
f 364//120 365//120 366//120
f 367//121 368//121 369//121
f 370//122 371//122 372//122
f 373//123 374//123 375//123
f 376//124 377//124 378//124
f 379//125 380//125 381//125
f 382//126 383//126 384//126
f 385//127 386//127 387//127
f 388//128 389//128 390//128
f 391//129 392//129 393//129
f 394//130 395//130 396//130
f 397//131 398//131 399//131
f 400//132 401//132 402//132
f 403//133 404//133 405//133
f 406//134 407//134 408//134
f 409//135 410//135 411//135
f 412//136 413//136 414//136
f 415//137 416//137 417//137
f 418//138 419//138 420//138
f 421//139 422//139 423//139
f 424//140 425//140 426//140
f 427//141 428//141 429//141
f 430//142 431//142 432//142
f 433//143 434//143 435//143
f 436//144 437//144 438//144
f 439//145 440//145 441//145
f 442//146 443//146 444//146
f 445//147 446//147 447//147
f 448//148 449//148 450//148
f 451//149 452//149 453//149
f 454//150 455//150 456//150
f 457//151 458//151 459//151
f 460//152 461//152 462//152
f 463//153 464//153 465//153
f 466//154 467//154 468//154
f 469//155 470//155 471//155
f 472//156 473//156 474//156
f 475//157 476//157 477//157
f 478//158 479//158 480//158
f 481//159 482//159 483//159
f 484//160 485//160 486//160
f 487//161 488//161 489//161
f 490//162 491//162 492//162
f 493//163 494//163 495//163
f 496//164 497//164 498//164
f 499//165 500//165 501//165
f 502//166 503//166 504//166
f 505//167 506//167 507//167
f 508//168 509//168 510//168
f 511//169 512//169 513//169
f 514//170 515//170 516//170
f 517//171 518//171 519//171
f 520//172 521//172 522//172
f 523//173 524//173 525//173
f 526//174 527//174 528//174
f 529//175 530//175 531//175
f 532//176 533//176 534//176
f 535//177 536//177 537//177
f 538//178 539//178 540//178
f 541//179 542//179 543//179
f 544//180 545//180 546//180
f 547//181 548//181 549//181
f 550//182 551//182 552//182
f 553//183 554//183 555//183
f 556//184 557//184 558//184
f 559//185 560//185 561//185
f 562//186 563//186 564//186
f 565//187 566//187 567//187
f 568//188 569//188 570//188
f 571//189 572//189 573//189
f 574//190 575//190 576//190
f 577//191 578//191 579//191
f 580//192 581//192 582//192
f 583//193 584//193 585//193
f 586//194 587//194 588//194
f 589//195 590//195 591//195
f 592//196 593//196 594//196
f 595//197 596//197 597//197
f 598//198 599//198 600//198
f 601//199 602//199 603//199
f 604//200 605//200 606//200
f 607//201 608//201 609//201
f 610//202 611//202 612//202
f 613//203 614//203 615//203
f 616//204 617//204 618//204
f 619//178 620//178 621//178
f 622//205 623//205 624//205
f 625//206 626//206 627//206
f 628//207 629//207 630//207
f 631//208 632//208 633//208
f 634//209 635//209 636//209
f 637//210 638//210 639//210
f 640//211 641//211 642//211
f 643//212 644//212 645//212
f 646//213 647//213 648//213
f 649//214 650//214 651//214
f 652//215 653//215 654//215
f 655//216 656//216 657//216
f 658//217 659//217 660//217
f 661//218 662//218 663//218
f 664//219 665//219 666//219
f 667//220 668//220 669//220
f 670//221 671//221 672//221
f 673//222 674//222 675//222
f 676//223 677//223 678//223
f 679//224 680//224 681//224
f 682//225 683//225 684//225
f 685//226 686//226 687//226
f 688//227 689//227 690//227
f 691//228 692//228 693//228
f 694//229 695//229 696//229
f 697//230 698//230 699//230
f 700//231 701//231 702//231
f 703//232 704//232 705//232
f 706//233 707//233 708//233
f 709//234 710//234 711//234
f 712//235 713//235 714//235
f 715//236 716//236 717//236
f 718//237 719//237 720//237
f 721//238 722//238 723//238
f 724//239 725//239 726//239
f 727//240 728//240 729//240
f 730//241 731//241 732//241
f 733//242 734//242 735//242
f 736//243 737//243 738//243
f 739//244 740//244 741//244
f 742//111 743//111 744//111
f 745//245 746//245 747//245
f 748//246 749//246 750//246
f 751//247 752//247 753//247
f 754//248 755//248 756//248
f 757//249 758//249 759//249
f 760//250 761//250 762//250
f 763//251 764//251 765//251
f 766//252 767//252 768//252
f 769//253 770//253 771//253
f 772//254 773//254 774//254
f 775//255 776//255 777//255
f 778//256 779//256 780//256
f 781//257 782//257 783//257
f 784//258 785//258 786//258
f 787//259 788//259 789//259
f 790//260 791//260 792//260
f 793//261 794//261 795//261
f 796//262 797//262 798//262
f 799//263 800//263 801//263
f 802//264 803//264 804//264
f 805//265 806//265 807//265
f 808//266 809//266 810//266
f 811//267 812//267 813//267
f 814//268 815//268 816//268
f 817//269 818//269 819//269
f 820//270 821//270 822//270
f 823//271 824//271 825//271
f 826//272 827//272 828//272
f 829//257 830//257 831//257
f 832//273 833//273 834//273
f 835//274 836//274 837//274
f 838//275 839//275 840//275
f 841//276 842//276 843//276
f 844//277 845//277 846//277
f 847//278 848//278 849//278
f 850//279 851//279 852//279
f 853//280 854//280 855//280
f 856//281 857//281 858//281
f 859//282 860//282 861//282
f 862//283 863//283 864//283
f 865//284 866//284 867//284
f 868//285 869//285 870//285
f 871//286 872//286 873//286
f 874//287 875//287 876//287
f 877//288 878//288 879//288
f 880//289 881//289 882//289
f 883//290 884//290 885//290
f 886//291 887//291 888//291
f 889//292 890//292 891//292
f 892//293 893//293 894//293
f 895//294 896//294 897//294
f 898//295 899//295 900//295
f 901//296 902//296 903//296
f 904//297 905//297 906//297
f 907//298 908//298 909//298
f 910//299 911//299 912//299
f 913//300 914//300 915//300
f 916//301 917//301 918//301
f 919//302 920//302 921//302
f 922//303 923//303 924//303
f 925//304 926//304 927//304
f 928//305 929//305 930//305
f 931//306 932//306 933//306
f 934//307 935//307 936//307
f 937//308 938//308 939//308
f 940//309 941//309 942//309
f 943//310 944//310 945//310
f 946//311 947//311 948//311
f 949//312 950//312 951//312
f 952//313 953//313 954//313
f 955//314 956//314 957//314
f 958//315 959//315 960//315
f 961//316 962//316 963//316
f 964//317 965//317 966//317
f 967//318 968//318 969//318
f 970//319 971//319 972//319
f 973//320 974//320 975//320
f 976//321 977//321 978//321
f 979//322 980//322 981//322
f 982//323 983//323 984//323
f 985//324 986//324 987//324
f 988//325 989//325 990//325
f 991//326 992//326 993//326
f 994//327 995//327 996//327
f 997//328 998//328 999//328
f 1000//329 1001//329 1002//329
f 1003//330 1004//330 1005//330
f 1006//331 1007//331 1008//331
f 1009//332 1010//332 1011//332
f 1012//333 1013//333 1014//333
f 1015//334 1016//334 1017//334
f 1018//335 1019//335 1020//335
f 1021//336 1022//336 1023//336
f 1024//337 1025//337 1026//337
f 1027//338 1028//338 1029//338
f 1030//339 1031//339 1032//339
f 1033//340 1034//340 1035//340
f 1036//341 1037//341 1038//341
f 1039//342 1040//342 1041//342
f 1042//343 1043//343 1044//343
f 1045//344 1046//344 1047//344
f 1048//345 1049//345 1050//345
f 1051//346 1052//346 1053//346
f 1054//347 1055//347 1056//347
f 1057//348 1058//348 1059//348
f 1060//349 1061//349 1062//349
f 1063//350 1064//350 1065//350
f 1066//351 1067//351 1068//351
f 1069//352 1070//352 1071//352
f 1072//353 1073//353 1074//353
f 1075//354 1076//354 1077//354
f 1078//355 1079//355 1080//355
f 1081//356 1082//356 1083//356
f 1084//357 1085//357 1086//357
f 1087//358 1088//358 1089//358
f 1090//359 1091//359 1092//359
f 1093//360 1094//360 1095//360
f 1096//361 1097//361 1098//361
f 1099//362 1100//362 1101//362
f 1102//363 1103//363 1104//363
f 1105//364 1106//364 1107//364
f 1108//365 1109//365 1110//365
f 1111//365 1112//365 1113//365
f 1114//366 1115//366 1116//366
f 1117//367 1118//367 1119//367
f 1120//368 1121//368 1122//368
f 1123//369 1124//369 1125//369
f 1126//360 1127//360 1128//360
f 1129//370 1130//370 1131//370
f 1132//371 1133//371 1134//371
f 1135//372 1136//372 1137//372
f 1138//373 1139//373 1140//373
f 1141//374 1142//374 1143//374
f 1144//375 1145//375 1146//375
f 1147//376 1148//376 1149//376
f 1150//377 1151//377 1152//377
f 1153//378 1154//378 1155//378
f 1156//379 1157//379 1158//379
f 1159//380 1160//380 1161//380
f 1162//381 1163//381 1164//381
f 1165//382 1166//382 1167//382
f 1168//383 1169//383 1170//383
f 1171//384 1172//384 1173//384
f 1174//385 1175//385 1176//385
f 1177//386 1178//386 1179//386
f 1180//387 1181//387 1182//387
f 1183//388 1184//388 1185//388
f 1186//389 1187//389 1188//389
f 1189//390 1190//390 1191//390
f 1192//391 1193//391 1194//391
f 1195//392 1196//392 1197//392
f 1198//393 1199//393 1200//393
f 1201//394 1202//394 1203//394
f 1204//395 1205//395 1206//395
f 1207//396 1208//396 1209//396
f 1210//397 1211//397 1212//397
f 1213//398 1214//398 1215//398
f 1216//399 1217//399 1218//399
f 1219//400 1220//400 1221//400
f 1222//401 1223//401 1224//401
f 1225//402 1226//402 1227//402
f 1228//403 1229//403 1230//403
f 1231//404 1232//404 1233//404
f 1234//405 1235//405 1236//405
f 1237//406 1238//406 1239//406
f 1240//407 1241//407 1242//407
f 1243//408 1244//408 1245//408
f 1246//409 1247//409 1248//409
f 1249//410 1250//410 1251//410
f 1252//411 1253//411 1254//411
f 1255//412 1256//412 1257//412
f 1258//413 1259//413 1260//413
f 1261//414 1262//414 1263//414
f 1264//415 1265//415 1266//415
f 1267//416 1268//416 1269//416
f 1270//417 1271//417 1272//417
f 1273//418 1274//418 1275//418
f 1276//419 1277//419 1278//419
f 1279//420 1280//420 1281//420
f 1282//421 1283//421 1284//421
f 1285//422 1286//422 1287//422
f 1288//423 1289//423 1290//423
f 1291//424 1292//424 1293//424
f 1294//425 1295//425 1296//425
f 1297//426 1298//426 1299//426
f 1300//427 1301//427 1302//427
f 1303//428 1304//428 1305//428
f 1306//429 1307//429 1308//429
f 1309//430 1310//430 1311//430
f 1312//431 1313//431 1314//431
f 1315//432 1316//432 1317//432
f 1318//433 1319//433 1320//433
f 1321//434 1322//434 1323//434
f 1324//435 1325//435 1326//435
f 1327//436 1328//436 1329//436
f 1330//437 1331//437 1332//437
f 1333//438 1334//438 1335//438
f 1336//439 1337//439 1338//439
f 1339//440 1340//440 1341//440
f 1342//441 1343//441 1344//441
f 1345//442 1346//442 1347//442
f 1348//443 1349//443 1350//443
f 1351//444 1352//444 1353//444
f 1354//445 1355//445 1356//445
f 1357//446 1358//446 1359//446
f 1360//447 1361//447 1362//447
f 1363//448 1364//448 1365//448
f 1366//449 1367//449 1368//449
f 1369//450 1370//450 1371//450
f 1372//451 1373//451 1374//451
f 1375//452 1376//452 1377//452
f 1378//453 1379//453 1380//453
f 1381//454 1382//454 1383//454
f 1384//455 1385//455 1386//455
f 1387//456 1388//456 1389//456
f 1390//457 1391//457 1392//457
f 1393//458 1394//458 1395//458
f 1396//459 1397//459 1398//459
f 1399//460 1400//460 1401//460
f 1402//461 1403//461 1404//461
f 1405//462 1406//462 1407//462
f 1408//463 1409//463 1410//463
f 1411//464 1412//464 1413//464
f 1414//465 1415//465 1416//465
f 1417//466 1418//466 1419//466
f 1420//467 1421//467 1422//467
f 1423//468 1424//468 1425//468
f 1426//469 1427//469 1428//469
f 1429//468 1430//468 1431//468
f 1432//470 1433//470 1434//470
f 1435//471 1436//471 1437//471
f 1438//472 1439//472 1440//472
f 1441//473 1442//473 1443//473
f 1444//474 1445//474 1446//474
f 1447//475 1448//475 1449//475
f 1450//476 1451//476 1452//476
f 1453//477 1454//477 1455//477
f 1456//478 1457//478 1458//478
f 1459//479 1460//479 1461//479
f 1462//480 1463//480 1464//480
f 1465//481 1466//481 1467//481
f 1468//482 1469//482 1470//482
f 1471//483 1472//483 1473//483
f 1474//484 1475//484 1476//484
f 1477//444 1478//444 1479//444
f 1480//485 1481//485 1482//485
f 1483//486 1484//486 1485//486
f 1486//487 1487//487 1488//487
f 1489//488 1490//488 1491//488
f 1492//489 1493//489 1494//489
f 1495//490 1496//490 1497//490
f 1498//491 1499//491 1500//491
f 1501//492 1502//492 1503//492
f 1504//493 1505//493 1506//493
f 1507//494 1508//494 1509//494
f 1510//495 1511//495 1512//495
f 1513//496 1514//496 1515//496
f 1516//497 1517//497 1518//497
f 1519//498 1520//498 1521//498
f 1522//499 1523//499 1524//499
f 1525//500 1526//500 1527//500
f 1528//501 1529//501 1530//501
f 1531//502 1532//502 1533//502
f 1534//503 1535//503 1536//503
f 1537//504 1538//504 1539//504
f 1540//505 1541//505 1542//505
f 1543//506 1544//506 1545//506
f 1546//507 1547//507 1548//507
f 1549//508 1550//508 1551//508
f 1552//509 1553//509 1554//509
f 1555//510 1556//510 1557//510
f 1558//511 1559//511 1560//511
f 1561//512 1562//512 1563//512
f 1564//513 1565//513 1566//513
f 1567//514 1568//514 1569//514
f 1570//515 1571//515 1572//515
f 1573//516 1574//516 1575//516
f 1576//517 1577//517 1578//517
f 1579//518 1580//518 1581//518
f 1582//519 1583//519 1584//519
f 1585//520 1586//520 1587//520
f 1588//521 1589//521 1590//521
f 1591//522 1592//522 1593//522
f 1594//523 1595//523 1596//523
f 1597//524 1598//524 1599//524
f 1600//525 1601//525 1602//525
f 1603//526 1604//526 1605//526
f 1606//527 1607//527 1608//527
f 1609//528 1610//528 1611//528
f 1612//529 1613//529 1614//529
f 1615//530 1616//530 1617//530
f 1618//531 1619//531 1620//531
f 1621//532 1622//532 1623//532
f 1624//533 1625//533 1626//533
f 1627//534 1628//534 1629//534
f 1630//535 1631//535 1632//535
f 1633//536 1634//536 1635//536
f 1636//537 1637//537 1638//537
f 1639//538 1640//538 1641//538
f 1642//539 1643//539 1644//539
f 1645//538 1646//538 1647//538
f 1648//540 1649//540 1650//540
f 1651//541 1652//541 1653//541
f 1654//542 1655//542 1656//542
f 1657//543 1658//543 1659//543
f 1660//544 1661//544 1662//544
f 1663//545 1664//545 1665//545
f 1666//546 1667//546 1668//546
f 1669//547 1670//547 1671//547
f 1672//548 1673//548 1674//548
f 1675//549 1676//549 1677//549
f 1678//550 1679//550 1680//550
f 1681//551 1682//551 1683//551
f 1684//552 1685//552 1686//552
f 1687//553 1688//553 1689//553
f 1690//554 1691//554 1692//554
f 1693//555 1694//555 1695//555
f 1696//556 1697//556 1698//556
f 1699//557 1700//557 1701//557
f 1702//558 1703//558 1704//558
f 1705//559 1706//559 1707//559
f 1708//560 1709//560 1710//560
f 1711//561 1712//561 1713//561
f 1714//562 1715//562 1716//562
f 1717//563 1718//563 1719//563
f 1720//564 1721//564 1722//564
f 1723//565 1724//565 1725//565
f 1726//566 1727//566 1728//566
f 1729//567 1730//567 1731//567
f 1732//568 1733//568 1734//568
f 1735//569 1736//569 1737//569
f 1738//570 1739//570 1740//570
f 1741//571 1742//571 1743//571
f 1744//572 1745//572 1746//572
f 1747//573 1748//573 1749//573
f 1750//574 1751//574 1752//574
f 1753//575 1754//575 1755//575
f 1756//576 1757//576 1758//576
f 1759//577 1760//577 1761//577
f 1762//578 1763//578 1764//578
f 1765//579 1766//579 1767//579
f 1768//580 1769//580 1770//580
f 1771//581 1772//581 1773//581
f 1774//582 1775//582 1776//582
f 1777//583 1778//583 1779//583
f 1780//584 1781//584 1782//584
f 1783//585 1784//585 1785//585
f 1786//586 1787//586 1788//586
f 1789//587 1790//587 1791//587
f 1792//588 1793//588 1794//588
f 1795//589 1796//589 1797//589
f 1798//590 1799//590 1800//590
f 1801//591 1802//591 1803//591
f 1804//592 1805//592 1806//592
f 1807//593 1808//593 1809//593
f 1810//594 1811//594 1812//594
f 1813//595 1814//595 1815//595
f 1816//596 1817//596 1818//596
f 1819//597 1820//597 1821//597
f 1822//598 1823//598 1824//598
f 1825//599 1826//599 1827//599
f 1828//600 1829//600 1830//600
f 1831//601 1832//601 1833//601
f 1834//602 1835//602 1836//602
f 1837//603 1838//603 1839//603
f 1840//604 1841//604 1842//604
f 1843//605 1844//605 1845//605
f 1846//606 1847//606 1848//606
f 1849//607 1850//607 1851//607
f 1852//608 1853//608 1854//608
f 1855//609 1856//609 1857//609
f 1858//610 1859//610 1860//610
f 1861//611 1862//611 1863//611
f 1864//612 1865//612 1866//612
f 1867//613 1868//613 1869//613
f 1870//614 1871//614 1872//614
f 1873//615 1874//615 1875//615
f 1876//615 1877//615 1878//615
f 1879//616 1880//616 1881//616
f 1882//617 1883//617 1884//617
f 1885//618 1886//618 1887//618
f 1888//619 1889//619 1890//619
f 1891//620 1892//620 1893//620
f 1894//621 1895//621 1896//621
f 1897//622 1898//622 1899//622
f 1900//623 1901//623 1902//623
f 1903//624 1904//624 1905//624
f 1906//625 1907//625 1908//625
f 1909//626 1910//626 1911//626
f 1912//627 1913//627 1914//627
f 1915//628 1916//628 1917//628
f 1918//629 1919//629 1920//629
f 1921//630 1922//630 1923//630
f 1924//631 1925//631 1926//631
f 1927//632 1928//632 1929//632
f 1930//633 1931//633 1932//633
f 1933//634 1934//634 1935//634
f 1936//635 1937//635 1938//635
f 1939//636 1940//636 1941//636
f 1942//637 1943//637 1944//637
f 1945//638 1946//638 1947//638
f 1948//639 1949//639 1950//639
f 1951//640 1952//640 1953//640
f 1954//631 1955//631 1956//631
f 1957//641 1958//641 1959//641
f 1960//642 1961//642 1962//642
f 1963//643 1964//643 1965//643
f 1966//644 1967//644 1968//644
f 1969//645 1970//645 1971//645
f 1972//646 1973//646 1974//646
f 1975//647 1976//647 1977//647
f 1978//648 1979//648 1980//648
f 1981//649 1982//649 1983//649
f 1984//650 1985//650 1986//650
f 1987//651 1988//651 1989//651
f 1990//652 1991//652 1992//652
f 1993//653 1994//653 1995//653
f 1996//654 1997//654 1998//654
f 1999//655 2000//655 2001//655
f 2002//656 2003//656 2004//656
f 2005//657 2006//657 2007//657
f 2008//658 2009//658 2010//658
f 2011//659 2012//659 2013//659
f 2014//660 2015//660 2016//660
f 2017//661 2018//661 2019//661
f 2020//662 2021//662 2022//662
f 2023//663 2024//663 2025//663
f 2026//664 2027//664 2028//664
f 2029//665 2030//665 2031//665
f 2032//666 2033//666 2034//666
f 2035//667 2036//667 2037//667
f 2038//668 2039//668 2040//668
f 2041//669 2042//669 2043//669
f 2044//670 2045//670 2046//670
f 2047//671 2048//671 2049//671
f 2050//672 2051//672 2052//672
f 2053//673 2054//673 2055//673
f 2056//674 2057//674 2058//674
f 2059//675 2060//675 2061//675
f 2062//659 2063//659 2064//659
f 2065//656 2066//656 2067//656
f 2068//676 2069//676 2070//676
f 2071//677 2072//677 2073//677
f 2074//678 2075//678 2076//678
f 2077//679 2078//679 2079//679
f 2080//680 2081//680 2082//680
f 2083//681 2084//681 2085//681
f 2086//682 2087//682 2088//682
f 2089//683 2090//683 2091//683
f 2092//684 2093//684 2094//684
f 2095//685 2096//685 2097//685
f 2098//686 2099//686 2100//686
f 2101//687 2102//687 2103//687
f 2104//688 2105//688 2106//688
f 2107//689 2108//689 2109//689
f 2110//690 2111//690 2112//690
f 2113//691 2114//691 2115//691
f 2116//692 2117//692 2118//692
f 2119//693 2120//693 2121//693
f 2122//694 2123//694 2124//694
f 2125//695 2126//695 2127//695
f 2128//696 2129//696 2130//696
f 2131//697 2132//697 2133//697
f 2134//698 2135//698 2136//698
f 2137//699 2138//699 2139//699
f 2140//700 2141//700 2142//700
f 2143//701 2144//701 2145//701
f 2146//702 2147//702 2148//702
f 2149//703 2150//703 2151//703
f 2152//704 2153//704 2154//704
f 2155//705 2156//705 2157//705
f 2158//706 2159//706 2160//706
f 2161//707 2162//707 2163//707
f 2164//708 2165//708 2166//708
f 2167//709 2168//709 2169//709
f 2170//710 2171//710 2172//710
f 2173//711 2174//711 2175//711
f 2176//712 2177//712 2178//712
f 2179//713 2180//713 2181//713
f 2182//714 2183//714 2184//714
f 2185//715 2186//715 2187//715
f 2188//716 2189//716 2190//716
f 2191//717 2192//717 2193//717
f 2194//718 2195//718 2196//718
f 2197//719 2198//719 2199//719
f 2200//720 2201//720 2202//720
f 2203//721 2204//721 2205//721
f 2206//722 2207//722 2208//722
f 2209//723 2210//723 2211//723
f 2212//724 2213//724 2214//724
f 2215//725 2216//725 2217//725
f 2218//726 2219//726 2220//726
f 2221//727 2222//727 2223//727
f 2224//728 2225//728 2226//728
f 2227//729 2228//729 2229//729
f 2230//730 2231//730 2232//730
f 2233//731 2234//731 2235//731
f 2236//732 2237//732 2238//732
f 2239//733 2240//733 2241//733
f 2242//734 2243//734 2244//734
f 2245//735 2246//735 2247//735
f 2248//736 2249//736 2250//736
f 2251//737 2252//737 2253//737
f 2254//738 2255//738 2256//738
f 2257//739 2258//739 2259//739
f 2260//740 2261//740 2262//740
f 2263//741 2264//741 2265//741
f 2266//742 2267//742 2268//742
f 2269//743 2270//743 2271//743
f 2272//744 2273//744 2274//744
f 2275//745 2276//745 2277//745
f 2278//746 2279//746 2280//746
f 2281//747 2282//747 2283//747
f 2284//748 2285//748 2286//748
f 2287//749 2288//749 2289//749
f 2290//750 2291//750 2292//750
f 2293//751 2294//751 2295//751
f 2296//752 2297//752 2298//752
f 2299//753 2300//753 2301//753
f 2302//754 2303//754 2304//754
f 2305//755 2306//755 2307//755
f 2308//756 2309//756 2310//756
f 2311//757 2312//757 2313//757
f 2314//758 2315//758 2316//758
f 2317//759 2318//759 2319//759
f 2320//760 2321//760 2322//760
f 2323//761 2324//761 2325//761
f 2326//762 2327//762 2328//762
f 2329//763 2330//763 2331//763
f 2332//764 2333//764 2334//764
f 2335//765 2336//765 2337//765
f 2338//766 2339//766 2340//766
f 2341//767 2342//767 2343//767
f 2344//768 2345//768 2346//768
f 2347//769 2348//769 2349//769
f 2350//770 2351//770 2352//770
f 2353//771 2354//771 2355//771
f 2356//772 2357//772 2358//772
f 2359//773 2360//773 2361//773
f 2362//774 2363//774 2364//774
f 2365//775 2366//775 2367//775
f 2368//776 2369//776 2370//776
f 2371//777 2372//777 2373//777
f 2374//778 2375//778 2376//778
f 2377//779 2378//779 2379//779
f 2380//780 2381//780 2382//780
f 2383//779 2384//779 2385//779
f 2386//781 2387//781 2388//781
f 2389//782 2390//782 2391//782
f 2392//783 2393//783 2394//783
f 2395//784 2396//784 2397//784
f 2398//785 2399//785 2400//785
f 2401//786 2402//786 2403//786
f 2404//787 2405//787 2406//787
f 2407//788 2408//788 2409//788
f 2410//789 2411//789 2412//789
f 2413//790 2414//790 2415//790
f 2416//791 2417//791 2418//791
f 2419//792 2420//792 2421//792
f 2422//793 2423//793 2424//793
f 2425//794 2426//794 2427//794
f 2428//795 2429//795 2430//795
f 2431//796 2432//796 2433//796
f 2434//797 2435//797 2436//797
f 2437//798 2438//798 2439//798
f 2440//799 2441//799 2442//799
f 2443//800 2444//800 2445//800
f 2446//801 2447//801 2448//801
f 2449//802 2450//802 2451//802
f 2452//803 2453//803 2454//803
f 2455//804 2456//804 2457//804
f 2458//805 2459//805 2460//805
f 2461//806 2462//806 2463//806
f 2464//807 2465//807 2466//807
f 2467//808 2468//808 2469//808
f 2470//809 2471//809 2472//809
f 2473//810 2474//810 2475//810
f 2476//811 2477//811 2478//811
f 2479//812 2480//812 2481//812
f 2482//813 2483//813 2484//813
f 2485//814 2486//814 2487//814
f 2488//815 2489//815 2490//815
f 2491//816 2492//816 2493//816
f 2494//817 2495//817 2496//817
f 2497//818 2498//818 2499//818
f 2500//819 2501//819 2502//819
f 2503//820 2504//820 2505//820
f 2506//821 2507//821 2508//821
f 2509//822 2510//822 2511//822
f 2512//823 2513//823 2514//823
f 2515//824 2516//824 2517//824
f 2518//825 2519//825 2520//825
f 2521//826 2522//826 2523//826
f 2524//827 2525//827 2526//827
f 2527//828 2528//828 2529//828
f 2530//829 2531//829 2532//829
f 2533//830 2534//830 2535//830
f 2536//831 2537//831 2538//831
f 2539//832 2540//832 2541//832
f 2542//833 2543//833 2544//833
f 2545//834 2546//834 2547//834
f 2548//835 2549//835 2550//835
f 2551//836 2552//836 2553//836
f 2554//837 2555//837 2556//837
f 2557//838 2558//838 2559//838
f 2560//839 2561//839 2562//839
f 2563//840 2564//840 2565//840
f 2566//841 2567//841 2568//841
f 2569//842 2570//842 2571//842
f 2572//843 2573//843 2574//843
f 2575//844 2576//844 2577//844
f 2578//845 2579//845 2580//845
f 2581//846 2582//846 2583//846
f 2584//847 2585//847 2586//847
f 2587//848 2588//848 2589//848
f 2590//849 2591//849 2592//849
f 2593//850 2594//850 2595//850
f 2596//851 2597//851 2598//851
f 2599//852 2600//852 2601//852
f 2602//853 2603//853 2604//853
f 2605//854 2606//854 2607//854
f 2608//855 2609//855 2610//855
f 2611//856 2612//856 2613//856
f 2614//857 2615//857 2616//857
f 2617//858 2618//858 2619//858
f 2620//859 2621//859 2622//859
f 2623//857 2624//857 2625//857
f 2626//860 2627//860 2628//860
f 2629//861 2630//861 2631//861
f 2632//862 2633//862 2634//862
f 2635//862 2636//862 2637//862
f 2638//863 2639//863 2640//863
f 2641//864 2642//864 2643//864
f 2644//865 2645//865 2646//865
f 2647//866 2648//866 2649//866
f 2650//867 2651//867 2652//867
f 2653//868 2654//868 2655//868
f 2656//869 2657//869 2658//869
f 2659//870 2660//870 2661//870
f 2662//871 2663//871 2664//871
f 2665//872 2666//872 2667//872
f 2668//873 2669//873 2670//873
f 2671//874 2672//874 2673//874
f 2674//875 2675//875 2676//875
f 2677//876 2678//876 2679//876
f 2680//877 2681//877 2682//877
f 2683//878 2684//878 2685//878
f 2686//879 2687//879 2688//879
f 2689//880 2690//880 2691//880
f 2692//881 2693//881 2694//881
f 2695//882 2696//882 2697//882
f 2698//883 2699//883 2700//883
f 2701//884 2702//884 2703//884
f 2704//885 2705//885 2706//885
f 2707//886 2708//886 2709//886
