# Blender 4.5.10 LTS
# www.blender.org
mtllib iiwa_link_6_vis_1.mtl
o node
v -0.031208 -0.052719 0.010435
v -0.032609 -0.046421 -0.005786
v -0.039191 -0.055348 -0.002122
v -0.032609 -0.046421 -0.005786
v -0.040005 -0.053388 -0.007721
v -0.039352 -0.054960 -0.003230
v -0.039352 -0.054960 -0.003230
v -0.039191 -0.055348 -0.002122
v -0.032609 -0.046421 -0.005786
v -0.011665 -0.037136 -0.002520
v -0.010847 -0.044190 0.008318
v -0.000126 -0.042285 0.007000
v -0.000138 -0.035905 -0.002108
v -0.000126 -0.042285 0.007000
v 0.004131 -0.042563 0.007176
v 0.004131 -0.042563 0.007176
v 0.011387 -0.037136 -0.002552
v -0.000138 -0.035905 -0.002108
v 0.022252 -0.040633 -0.003862
v 0.015631 -0.045857 0.009524
v 0.020190 -0.048341 0.011870
v 0.011387 -0.037136 -0.002552
v 0.010567 -0.044407 0.008490
v 0.012074 -0.044838 0.008798
v 0.012074 -0.044838 0.008798
v 0.022252 -0.040633 -0.003862
v 0.011387 -0.037136 -0.002552
v 0.012074 -0.044838 0.008798
v 0.015631 -0.045857 0.009524
v 0.022252 -0.040633 -0.003862
v 0.020764 -0.048362 0.011874
v 0.020721 -0.048630 0.012143
v 0.022752 -0.049736 0.013189
v 0.020721 -0.048630 0.012143
v 0.020764 -0.048362 0.011874
v 0.020190 -0.048341 0.011870
v 0.004131 -0.042563 0.007176
v 0.010567 -0.044407 0.008490
v 0.011387 -0.037136 -0.002552
v -0.000126 -0.042285 0.007000
v -0.000138 -0.035905 -0.002108
v -0.011665 -0.037136 -0.002520
v -0.012097 -0.044412 0.008472
v -0.010847 -0.044190 0.008318
v -0.011665 -0.037136 -0.002520
v -0.039191 -0.055348 -0.002122
v -0.038602 -0.058782 0.009142
v -0.031208 -0.052719 0.010435
v -0.012372 -0.082485 0.066082
v -0.000042 -0.083462 0.066627
v -0.011415 -0.078666 0.095970
v -0.000042 -0.083462 0.066627
v 0.000000 -0.079272 0.097000
v -0.001860 -0.079198 0.096872
v -0.011432 -0.081636 0.037843
v -0.022442 -0.078725 0.037964
v -0.021681 -0.074865 0.013632
v -0.000083 -0.082616 0.037792
v -0.011432 -0.081636 0.037843
v -0.011078 -0.077825 0.012706
v -0.011078 -0.077825 0.012706
v -0.000118 -0.078821 0.012380
v -0.000083 -0.082616 0.037792
v -0.000042 -0.083462 0.066627
v -0.012372 -0.082485 0.066082
v -0.011432 -0.081636 0.037843
v -0.011432 -0.081636 0.037843
v -0.012372 -0.082485 0.066082
v -0.024270 -0.079596 0.064460
v -0.022442 -0.078725 0.037964
v -0.024270 -0.079596 0.064460
v -0.035355 -0.074895 0.061882
v -0.022442 -0.078725 0.037964
v -0.032788 -0.073970 0.038151
v -0.031563 -0.070030 0.015101
v -0.000150 -0.073345 -0.010309
v -0.000118 -0.078821 0.012380
v -0.011078 -0.077825 0.012706
v -0.011449 -0.072243 -0.009927
v -0.011078 -0.077825 0.012706
v -0.021681 -0.074865 0.013632
v -0.022302 -0.068978 -0.008832
v -0.021681 -0.074865 0.013632
v -0.031563 -0.070030 0.015101
v 0.012286 -0.082485 0.066048
v 0.024179 -0.079597 0.064392
v 0.026472 -0.076130 0.091607
v 0.026472 -0.076130 0.091607
v 0.020198 -0.077542 0.093992
v 0.012286 -0.082485 0.066048
v 0.020198 -0.077542 0.093992
v 0.020085 -0.077557 0.094018
v 0.012286 -0.082485 0.066048
v 0.022277 -0.078726 0.037901
v 0.032623 -0.073969 0.038060
v 0.035256 -0.074895 0.061784
v 0.022277 -0.078726 0.037901
v 0.021448 -0.074864 0.013572
v 0.031334 -0.070030 0.015014
v 0.022006 -0.068978 -0.008894
v 0.031975 -0.063669 -0.007175
v 0.031334 -0.070030 0.015014
v 0.011266 -0.081637 0.037812
v 0.010843 -0.077824 0.012676
v 0.021448 -0.074864 0.013572
v -0.000042 -0.083462 0.066627
v 0.006236 -0.079001 0.096523
v 0.001862 -0.079191 0.096858
v -0.000042 -0.083462 0.066627
v 0.011257 -0.078716 0.096022
v 0.010478 -0.078817 0.096199
v 0.010478 -0.078817 0.096199
v 0.006236 -0.079001 0.096523
v -0.000042 -0.083462 0.066627
v 0.012286 -0.082485 0.066048
v 0.013565 -0.078413 0.095498
v 0.011257 -0.078716 0.096022
v 0.011257 -0.078716 0.096022
v -0.000042 -0.083462 0.066627
v 0.012286 -0.082485 0.066048
v 0.011266 -0.081637 0.037812
v 0.022277 -0.078726 0.037901
v 0.024179 -0.079597 0.064392
v -0.000042 -0.083462 0.066627
v -0.000083 -0.082616 0.037792
v 0.011266 -0.081637 0.037812
v -0.000083 -0.082616 0.037792
v -0.000118 -0.078821 0.012380
v 0.010843 -0.077824 0.012676
v 0.011151 -0.072244 -0.009958
v 0.022006 -0.068978 -0.008894
v 0.021448 -0.074864 0.013572
v -0.000150 -0.073345 -0.010309
v 0.011151 -0.072244 -0.009958
v 0.010843 -0.077824 0.012676
v -0.032265 -0.063668 -0.007086
v -0.031563 -0.070030 0.015101
v -0.038148 -0.063659 0.010309
v -0.038148 -0.063659 0.010309
v -0.039115 -0.058490 -0.004549
v -0.032265 -0.063668 -0.007086
v -0.031563 -0.070030 0.015101
v -0.038305 -0.065218 0.016520
v -0.038148 -0.063659 0.010309
v -0.031563 -0.070030 0.015101
v -0.032788 -0.073970 0.038151
v -0.038848 -0.067644 0.027402
v -0.032788 -0.073970 0.038151
v -0.039067 -0.067975 0.029491
v -0.038848 -0.067644 0.027402
v -0.038848 -0.067644 0.027402
v -0.038655 -0.067276 0.025297
v -0.031563 -0.070030 0.015101
v -0.038655 -0.067276 0.025297
v -0.038465 -0.066809 0.022855
v -0.031563 -0.070030 0.015101
v -0.038465 -0.066809 0.022855
v -0.038305 -0.065218 0.016520
v -0.031563 -0.070030 0.015101
v -0.039115 -0.058490 -0.004549
v -0.039222 -0.058173 -0.005301
v -0.032265 -0.063668 -0.007086
v 0.010843 -0.077824 0.012676
v -0.000118 -0.078821 0.012380
v -0.000150 -0.073345 -0.010309
v 0.021448 -0.074864 0.013572
v 0.010843 -0.077824 0.012676
v 0.011151 -0.072244 -0.009958
v 0.010843 -0.077824 0.012676
v 0.011266 -0.081637 0.037812
v -0.000083 -0.082616 0.037792
v 0.011266 -0.081637 0.037812
v 0.012286 -0.082485 0.066048
v -0.000042 -0.083462 0.066627
v 0.024179 -0.079597 0.064392
v 0.012286 -0.082485 0.066048
v 0.011266 -0.081637 0.037812
v 0.001862 -0.079191 0.096858
v 0.000000 -0.079272 0.097000
v -0.000042 -0.083462 0.066627
v 0.021448 -0.074864 0.013572
v 0.022277 -0.078726 0.037901
v 0.011266 -0.081637 0.037812
v 0.031334 -0.070030 0.015014
v 0.021448 -0.074864 0.013572
v 0.022006 -0.068978 -0.008894
v 0.031334 -0.070030 0.015014
v 0.032623 -0.073969 0.038060
v 0.022277 -0.078726 0.037901
v 0.035256 -0.074895 0.061784
v 0.024179 -0.079597 0.064392
v 0.022277 -0.078726 0.037901
v 0.029266 -0.075500 0.090545
v 0.026472 -0.076130 0.091607
v 0.024179 -0.079597 0.064392
v 0.020085 -0.077557 0.094018
v 0.013565 -0.078413 0.095498
v 0.012286 -0.082485 0.066048
v -0.031563 -0.070030 0.015101
v -0.032265 -0.063668 -0.007086
v -0.022302 -0.068978 -0.008832
v -0.021681 -0.074865 0.013632
v -0.022302 -0.068978 -0.008832
v -0.011449 -0.072243 -0.009927
v -0.011078 -0.077825 0.012706
v -0.011449 -0.072243 -0.009927
v -0.000150 -0.073345 -0.010309
v -0.031563 -0.070030 0.015101
v -0.021681 -0.074865 0.013632
v -0.022442 -0.078725 0.037964
v -0.035355 -0.074895 0.061882
v -0.032788 -0.073970 0.038151
v -0.022442 -0.078725 0.037964
v -0.024270 -0.079596 0.064460
v -0.022442 -0.078725 0.037964
v -0.011432 -0.081636 0.037843
v -0.011432 -0.081636 0.037843
v -0.000083 -0.082616 0.037792
v -0.000042 -0.083462 0.066627
v -0.021681 -0.074865 0.013632
v -0.011078 -0.077825 0.012706
v -0.011432 -0.081636 0.037843
v -0.039942 -0.056787 -0.003854
v -0.039352 -0.054960 -0.003230
v -0.040005 -0.053388 -0.007721
v -0.039942 -0.056787 -0.003854
v -0.039222 -0.058173 -0.005301
v -0.039115 -0.058490 -0.004549
v -0.039942 -0.056787 -0.003854
v -0.039183 -0.061645 0.010879
v -0.038602 -0.058782 0.009142
v -0.038602 -0.058782 0.009142
v -0.039191 -0.055348 -0.002122
v -0.039942 -0.056787 -0.003854
v -0.039183 -0.061645 0.010879
v -0.038480 -0.059496 0.011485
v -0.038602 -0.058782 0.009142
v -0.039115 -0.058490 -0.004549
v -0.038148 -0.063659 0.010309
v -0.039183 -0.061645 0.010879
v -0.039183 -0.061645 0.010879
v -0.039942 -0.056787 -0.003854
v -0.039115 -0.058490 -0.004549
v -0.039806 -0.065255 0.025550
v -0.039183 -0.061645 0.010879
v -0.038305 -0.065218 0.016520
v -0.038305 -0.065218 0.016520
v -0.038465 -0.066809 0.022855
v -0.039806 -0.065255 0.025550
v -0.039183 -0.061645 0.010879
v -0.038148 -0.063659 0.010309
v -0.038305 -0.065218 0.016520
v -0.039806 -0.065255 0.025550
v -0.038455 -0.059645 0.011972
v -0.039183 -0.061645 0.010879
v -0.038455 -0.059645 0.011972
v -0.038480 -0.059496 0.011485
v -0.039183 -0.061645 0.010879
v -0.038465 -0.066809 0.022855
v -0.038655 -0.067276 0.025297
v -0.039806 -0.065255 0.025550
v -0.039191 -0.055348 -0.002122
v -0.039352 -0.054960 -0.003230
v -0.039942 -0.056787 -0.003854
v 0.008276 -0.047188 0.031859
v 0.012377 -0.049976 0.030400
v -0.000095 -0.049685 0.028775
v 0.008276 -0.047188 0.031859
v 0.012276 -0.047188 0.032509
v 0.012377 -0.049976 0.030400
v 0.012324 -0.049297 0.020790
v -0.000107 -0.048530 0.020576
v -0.000100 -0.049225 0.025514
v -0.000109 -0.047899 0.019005
v -0.000107 -0.048530 0.020576
v 0.012324 -0.049297 0.020790
v 0.024039 -0.050508 0.035189
v 0.012377 -0.049976 0.030400
v 0.016344 -0.047189 0.033170
v 0.012377 -0.049976 0.030400
v 0.012276 -0.047188 0.032509
v 0.016344 -0.047189 0.033170
v -0.000100 -0.049225 0.025514
v 0.012377 -0.049976 0.030400
v 0.012365 -0.050405 0.027207
v -0.000100 -0.049225 0.025514
v -0.000095 -0.049685 0.028775
v 0.012377 -0.049976 0.030400
v 0.023951 -0.051817 0.032377
v 0.012365 -0.050405 0.027207
v 0.012377 -0.049976 0.030400
v 0.023734 -0.052326 0.025994
v 0.012324 -0.049297 0.020790
v 0.012365 -0.050405 0.027207
v 0.012324 -0.049297 0.020790
v 0.020190 -0.048341 0.011870
v 0.015631 -0.045857 0.009524
v 0.012324 -0.049297 0.020790
v 0.020721 -0.048630 0.012143
v 0.020190 -0.048341 0.011870
v 0.012324 -0.049297 0.020790
v 0.023473 -0.051350 0.019256
v 0.022752 -0.049736 0.013189
v 0.012324 -0.049297 0.020790
v 0.023734 -0.052326 0.025994
v 0.023473 -0.051350 0.019256
v 0.022752 -0.049736 0.013189
v 0.020721 -0.048630 0.012143
v 0.012324 -0.049297 0.020790
v 0.012324 -0.049297 0.020790
v 0.012074 -0.044838 0.008798
v -0.000116 -0.045943 0.014131
v -0.000116 -0.045943 0.014131
v 0.010567 -0.044407 0.008490
v 0.004131 -0.042563 0.007176
v -0.000116 -0.045943 0.014131
v 0.012074 -0.044838 0.008798
v 0.010567 -0.044407 0.008490
v 0.004131 -0.042563 0.007176
v -0.000126 -0.042285 0.007000
v -0.000116 -0.045943 0.014131
v -0.000116 -0.045943 0.014131
v -0.000109 -0.047899 0.019005
v 0.012324 -0.049297 0.020790
v 0.015631 -0.045857 0.009524
v 0.012074 -0.044838 0.008798
v 0.012324 -0.049297 0.020790
v 0.012365 -0.050405 0.027207
v 0.023951 -0.051817 0.032377
v 0.023734 -0.052326 0.025994
v 0.012377 -0.049976 0.030400
v 0.024039 -0.050508 0.035189
v 0.023951 -0.051817 0.032377
v -0.000100 -0.049225 0.025514
v 0.012365 -0.050405 0.027207
v 0.012324 -0.049297 0.020790
v -0.000116 -0.045943 0.014131
v -0.010847 -0.044190 0.008318
v -0.012097 -0.044412 0.008472
v -0.000116 -0.045943 0.014131
v -0.000126 -0.042285 0.007000
v -0.010847 -0.044190 0.008318
v -0.012535 -0.049319 0.020902
v -0.000109 -0.047899 0.019005
v -0.000116 -0.045943 0.014131
v -0.000116 -0.045943 0.014131
v -0.012428 -0.044567 0.008608
v -0.012535 -0.049319 0.020902
v -0.000100 -0.049225 0.025514
v -0.000107 -0.048530 0.020576
v -0.012535 -0.049319 0.020902
v -0.000107 -0.048530 0.020576
v -0.000109 -0.047899 0.019005
v -0.012535 -0.049319 0.020902
v -0.012097 -0.044412 0.008472
v -0.012428 -0.044567 0.008608
v -0.000116 -0.045943 0.014131
v 0.022478 -0.073695 0.105271
v 0.013565 -0.078413 0.095498
v 0.020085 -0.077557 0.094018
v 0.027659 -0.074758 0.096606
v 0.020198 -0.077542 0.093992
v 0.026472 -0.076130 0.091607
v 0.027659 -0.074758 0.096606
v 0.020085 -0.077557 0.094018
v 0.020198 -0.077542 0.093992
v 0.026472 -0.076130 0.091607
v 0.029266 -0.075500 0.090545
v 0.027659 -0.074758 0.096606
v 0.020085 -0.077557 0.094018
v 0.027659 -0.074758 0.096606
v 0.022478 -0.073695 0.105271
v 0.016344 -0.047189 0.033170
v 0.008346 -0.045238 0.031425
v 0.024314 -0.045239 0.036882
v 0.016344 -0.047189 0.033170
v 0.012276 -0.047188 0.032509
v 0.008346 -0.045238 0.031425
v 0.012276 -0.047188 0.032509
v 0.008276 -0.047188 0.031859
v 0.008346 -0.045238 0.031425
v -0.066594 0.000433 -0.100407
v -0.055563 -0.024127 -0.100423
v -0.059115 -0.016202 -0.094918
v -0.055563 -0.024127 -0.100423
v -0.055555 -0.024127 -0.094923
v -0.059115 -0.016202 -0.094918
v -0.048403 -0.032578 -0.100433
v -0.048395 -0.032578 -0.094931
v -0.055555 -0.024127 -0.094923
v -0.055555 -0.024127 -0.094923
v -0.055563 -0.024127 -0.100423
v -0.048403 -0.032578 -0.100433
v -0.028384 -0.045618 -0.100461
v -0.000275 -0.051429 -0.100500
v -0.013079 -0.048779 -0.094982
v -0.000275 -0.051429 -0.100500
v -0.000268 -0.051428 -0.095000
v -0.013079 -0.048779 -0.094982
v -0.013079 -0.048779 -0.094982
v -0.025934 -0.046123 -0.094964
v -0.028384 -0.045618 -0.100461
v 0.027515 -0.045045 -0.100500
v 0.027841 -0.045617 -0.095039
v 0.025399 -0.046123 -0.095036
v 0.012544 -0.048779 -0.095018
v 0.011726 -0.050405 -0.100500
v 0.023261 -0.047407 -0.100500
v -0.000268 -0.051428 -0.095000
v -0.000148 -0.051428 -0.100500
v 0.011726 -0.050405 -0.100500
v -0.000268 -0.051428 -0.095000
v -0.000275 -0.051429 -0.100500
v -0.000148 -0.051428 -0.100500
v 0.011726 -0.050405 -0.100500
v 0.012544 -0.048779 -0.095018
v -0.000268 -0.051428 -0.095000
v 0.023261 -0.047407 -0.100500
v 0.025399 -0.046123 -0.095036
v 0.012544 -0.048779 -0.095018
v -0.048143 -0.032826 -0.100433
v -0.028384 -0.045618 -0.100461
v -0.037266 -0.039862 -0.094948
v -0.028384 -0.045618 -0.100461
v -0.028376 -0.045617 -0.094961
v -0.037266 -0.039862 -0.094948
v -0.037266 -0.039862 -0.094948
v -0.048135 -0.032826 -0.094933
v -0.048143 -0.032826 -0.100433
v 0.025399 -0.046123 -0.095036
v 0.023261 -0.047407 -0.100500
v 0.027515 -0.045045 -0.100500
v -0.025934 -0.046123 -0.094964
v -0.028376 -0.045617 -0.094961
v -0.028384 -0.045618 -0.100461
v -0.000158 -0.020570 -0.016086
v -0.000138 -0.035905 -0.002108
v 0.011387 -0.037136 -0.002552
v 0.013574 -0.022568 -0.016644
v 0.011387 -0.037136 -0.002552
v 0.022252 -0.040633 -0.003862
v -0.059890 -0.017213 -0.085825
v -0.059115 -0.016202 -0.094918
v -0.048386 -0.032595 -0.092867
v -0.048386 -0.032595 -0.092867
v -0.059115 -0.016202 -0.094918
v -0.055555 -0.024127 -0.094923
v -0.055555 -0.024127 -0.094923
v -0.048395 -0.032578 -0.094931
v -0.048386 -0.032595 -0.092867
v -0.059890 -0.017213 -0.085825
v -0.048273 -0.032946 -0.088019
v -0.048112 -0.033448 -0.081088
v -0.057219 -0.021025 -0.069501
v -0.048044 -0.033660 -0.078164
v -0.047506 -0.035483 -0.067149
v -0.047506 -0.035483 -0.067149
v -0.054830 -0.023530 -0.062332
v -0.057219 -0.021025 -0.069501
v -0.058904 -0.018804 -0.077307
v -0.048112 -0.033448 -0.081088
v -0.048061 -0.033604 -0.078925
v -0.048061 -0.033604 -0.078925
v -0.048044 -0.033660 -0.078164
v -0.058904 -0.018804 -0.077307
v -0.049189 -0.029273 -0.049135
v -0.054830 -0.023530 -0.062332
v -0.047250 -0.036351 -0.061905
v -0.054830 -0.023530 -0.062332
v -0.047506 -0.035483 -0.067149
v -0.047311 -0.036145 -0.063154
v -0.047311 -0.036145 -0.063154
v -0.047250 -0.036351 -0.061905
v -0.054830 -0.023530 -0.062332
v -0.044222 -0.036172 -0.036145
v -0.049189 -0.029273 -0.049135
v -0.045612 -0.040731 -0.045451
v -0.049189 -0.029273 -0.049135
v -0.046368 -0.038708 -0.053052
v -0.045612 -0.040731 -0.045451
v -0.040115 -0.043470 -0.022235
v -0.044222 -0.036172 -0.036145
v -0.043706 -0.044860 -0.032798
v -0.044222 -0.036172 -0.036145
v -0.044587 -0.042952 -0.038645
v -0.043706 -0.044860 -0.032798
v -0.032609 -0.046421 -0.005786
v -0.036468 -0.038007 -0.020622
v -0.042134 -0.048266 -0.022357
v -0.042134 -0.048266 -0.022357
v -0.036468 -0.038007 -0.020622
v -0.040115 -0.043470 -0.022235
v -0.040115 -0.043470 -0.022235
v -0.042323 -0.047856 -0.023614
v -0.042134 -0.048266 -0.022357
v -0.042134 -0.048266 -0.022357
v -0.040005 -0.053388 -0.007721
v -0.032609 -0.046421 -0.005786
v -0.043706 -0.044860 -0.032798
v -0.042323 -0.047856 -0.023614
v -0.040115 -0.043470 -0.022235
v -0.045612 -0.040731 -0.045451
v -0.044587 -0.042952 -0.038645
v -0.044222 -0.036172 -0.036145
v -0.047250 -0.036351 -0.061905
v -0.046368 -0.038708 -0.053052
v -0.049189 -0.029273 -0.049135
v -0.057219 -0.021025 -0.069501
v -0.058904 -0.018804 -0.077307
v -0.048044 -0.033660 -0.078164
v -0.048112 -0.033448 -0.081088
v -0.058904 -0.018804 -0.077307
v -0.059890 -0.017213 -0.085825
v -0.048386 -0.032595 -0.092867
v -0.048273 -0.032946 -0.088019
v -0.059890 -0.017213 -0.085825
v 0.011387 -0.037136 -0.002552
v 0.013574 -0.022568 -0.016644
v -0.000158 -0.020570 -0.016086
v -0.000209 -0.059737 -0.052659
v -0.000150 -0.073345 -0.010309
v -0.011449 -0.072243 -0.009927
v -0.032265 -0.063668 -0.007086
v -0.036385 -0.048440 -0.050273
v -0.025344 -0.054574 -0.051585
v -0.000238 -0.053916 -0.073708
v -0.000209 -0.059737 -0.052659
v -0.013100 -0.058423 -0.052381
v -0.022302 -0.068978 -0.008832
v -0.025344 -0.054574 -0.051585
v -0.013100 -0.058423 -0.052381
v -0.025344 -0.054574 -0.051585
v -0.026205 -0.048792 -0.073102
v -0.013539 -0.052610 -0.073549
v -0.013539 -0.052610 -0.073549
v -0.013079 -0.048779 -0.094982
v -0.000268 -0.051428 -0.095000
v -0.026205 -0.048792 -0.073102
v -0.025934 -0.046123 -0.094964
v -0.013079 -0.048779 -0.094982
v -0.036385 -0.048440 -0.050273
v -0.037701 -0.042726 -0.072354
v -0.026205 -0.048792 -0.073102
v -0.037701 -0.042726 -0.072354
v -0.037266 -0.039862 -0.094948
v -0.028376 -0.045617 -0.094961
v -0.028376 -0.045617 -0.094961
v -0.026205 -0.048792 -0.073102
v -0.037701 -0.042726 -0.072354
v 0.022006 -0.068978 -0.008894
v 0.011151 -0.072244 -0.009958
v 0.012683 -0.058423 -0.052417
v 0.031975 -0.063669 -0.007175
v 0.022006 -0.068978 -0.008894
v 0.024929 -0.054572 -0.051655
v -0.000209 -0.059737 -0.052659
v 0.012683 -0.058423 -0.052417
v 0.011151 -0.072244 -0.009958
v 0.024929 -0.054572 -0.051655
v 0.012683 -0.058423 -0.052417
v 0.013064 -0.052610 -0.073586
v 0.025731 -0.048792 -0.073174
v 0.025399 -0.046123 -0.095036
v 0.027841 -0.045617 -0.095039
v 0.025731 -0.048792 -0.073174
v 0.013064 -0.052610 -0.073586
v 0.012544 -0.048779 -0.095018
v -0.000238 -0.053916 -0.073708
v 0.013064 -0.052610 -0.073586
v 0.012683 -0.058423 -0.052417
v 0.013064 -0.052610 -0.073586
v -0.000238 -0.053916 -0.073708
v -0.000268 -0.051428 -0.095000
v -0.036385 -0.048440 -0.050273
v -0.043285 -0.046506 -0.033529
v -0.045131 -0.041615 -0.045948
v -0.032265 -0.063668 -0.007086
v -0.039222 -0.058173 -0.005301
v -0.042152 -0.049509 -0.025906
v -0.042152 -0.049509 -0.025906
v -0.036385 -0.048440 -0.050273
v -0.032265 -0.063668 -0.007086
v -0.042152 -0.049509 -0.025906
v -0.043285 -0.046506 -0.033529
v -0.036385 -0.048440 -0.050273
v -0.037701 -0.042726 -0.072354
v -0.046887 -0.036631 -0.063330
v -0.046953 -0.036446 -0.063976
v -0.036385 -0.048440 -0.050273
v -0.045397 -0.040860 -0.048582
v -0.046887 -0.036631 -0.063330
v -0.046887 -0.036631 -0.063330
v -0.037701 -0.042726 -0.072354
v -0.036385 -0.048440 -0.050273
v -0.037266 -0.039862 -0.094948
v -0.037701 -0.042726 -0.072354
v -0.047908 -0.033724 -0.078969
v -0.037701 -0.042726 -0.072354
v -0.047423 -0.035107 -0.071352
v -0.047908 -0.033724 -0.078969
v -0.047908 -0.033724 -0.078969
v -0.048135 -0.032826 -0.094933
v -0.037266 -0.039862 -0.094948
v -0.046953 -0.036446 -0.063976
v -0.047423 -0.035107 -0.071352
v -0.037701 -0.042726 -0.072354
v -0.045131 -0.041615 -0.045948
v -0.045397 -0.040860 -0.048582
v -0.036385 -0.048440 -0.050273
v -0.000268 -0.051428 -0.095000
v 0.012544 -0.048779 -0.095018
v 0.013064 -0.052610 -0.073586
v 0.012683 -0.058423 -0.052417
v -0.000209 -0.059737 -0.052659
v -0.000238 -0.053916 -0.073708
v 0.012544 -0.048779 -0.095018
v 0.025399 -0.046123 -0.095036
v 0.025731 -0.048792 -0.073174
v 0.013064 -0.052610 -0.073586
v 0.025731 -0.048792 -0.073174
v 0.024929 -0.054572 -0.051655
v 0.011151 -0.072244 -0.009958
v -0.000150 -0.073345 -0.010309
v -0.000209 -0.059737 -0.052659
v 0.012683 -0.058423 -0.052417
v 0.024929 -0.054572 -0.051655
v 0.022006 -0.068978 -0.008894
v -0.028376 -0.045617 -0.094961
v -0.025934 -0.046123 -0.094964
v -0.026205 -0.048792 -0.073102
v -0.026205 -0.048792 -0.073102
v -0.025344 -0.054574 -0.051585
v -0.036385 -0.048440 -0.050273
v -0.013079 -0.048779 -0.094982
v -0.013539 -0.052610 -0.073549
v -0.026205 -0.048792 -0.073102
v -0.000268 -0.051428 -0.095000
v -0.000238 -0.053916 -0.073708
v -0.013539 -0.052610 -0.073549
v -0.013539 -0.052610 -0.073549
v -0.013100 -0.058423 -0.052381
v -0.025344 -0.054574 -0.051585
v -0.013100 -0.058423 -0.052381
v -0.011449 -0.072243 -0.009927
v -0.022302 -0.068978 -0.008832
v -0.013100 -0.058423 -0.052381
v -0.013539 -0.052610 -0.073549
v -0.000238 -0.053916 -0.073708
v -0.025344 -0.054574 -0.051585
v -0.022302 -0.068978 -0.008832
v -0.032265 -0.063668 -0.007086
v -0.011449 -0.072243 -0.009927
v -0.013100 -0.058423 -0.052381
v -0.000209 -0.059737 -0.052659
v -0.045131 -0.041615 -0.045948
v -0.043285 -0.046506 -0.033529
v -0.044587 -0.042952 -0.038645
v -0.043285 -0.046506 -0.033529
v -0.043706 -0.044860 -0.032798
v -0.044587 -0.042952 -0.038645
v -0.046887 -0.036631 -0.063330
v -0.045397 -0.040860 -0.048582
v -0.046368 -0.038708 -0.053052
v -0.046368 -0.038708 -0.053052
v -0.047250 -0.036351 -0.061905
v -0.046887 -0.036631 -0.063330
v -0.045397 -0.040860 -0.048582
v -0.045612 -0.040731 -0.045451
v -0.046368 -0.038708 -0.053052
v -0.047250 -0.036351 -0.061905
v -0.047311 -0.036145 -0.063154
v -0.046887 -0.036631 -0.063330
v -0.045397 -0.040860 -0.048582
v -0.045131 -0.041615 -0.045948
v -0.045612 -0.040731 -0.045451
v -0.048044 -0.033660 -0.078164
v -0.047908 -0.033724 -0.078969
v -0.047423 -0.035107 -0.071352
v -0.047423 -0.035107 -0.071352
v -0.047506 -0.035483 -0.067149
v -0.048044 -0.033660 -0.078164
v -0.048044 -0.033660 -0.078164
v -0.048061 -0.033604 -0.078925
v -0.047908 -0.033724 -0.078969
v -0.046953 -0.036446 -0.063976
v -0.047311 -0.036145 -0.063154
v -0.047506 -0.035483 -0.067149
v -0.047423 -0.035107 -0.071352
v -0.046953 -0.036446 -0.063976
v -0.047506 -0.035483 -0.067149
v -0.039942 -0.056787 -0.003854
v -0.040005 -0.053388 -0.007721
v -0.042134 -0.048266 -0.022357
v -0.042134 -0.048266 -0.022357
v -0.043285 -0.046506 -0.033529
v -0.039942 -0.056787 -0.003854
v -0.042134 -0.048266 -0.022357
v -0.042323 -0.047856 -0.023614
v -0.043285 -0.046506 -0.033529
v -0.039942 -0.056787 -0.003854
v -0.042152 -0.049509 -0.025906
v -0.039222 -0.058173 -0.005301
v -0.039942 -0.056787 -0.003854
v -0.043285 -0.046506 -0.033529
v -0.042152 -0.049509 -0.025906
v -0.048135 -0.032826 -0.094933
v -0.048273 -0.032946 -0.088019
v -0.048386 -0.032595 -0.092867
v -0.047908 -0.033724 -0.078969
v -0.048112 -0.033448 -0.081088
v -0.048273 -0.032946 -0.088019
v -0.048273 -0.032946 -0.088019
v -0.048135 -0.032826 -0.094933
v -0.047908 -0.033724 -0.078969
v -0.047908 -0.033724 -0.078969
v -0.048061 -0.033604 -0.078925
v -0.048112 -0.033448 -0.081088
v -0.048386 -0.032595 -0.092867
v -0.048395 -0.032578 -0.094931
v -0.048135 -0.032826 -0.094933
v -0.042323 -0.047856 -0.023614
v -0.043706 -0.044860 -0.032798
v -0.043285 -0.046506 -0.033529
v -0.046953 -0.036446 -0.063976
v -0.046887 -0.036631 -0.063330
v -0.047311 -0.036145 -0.063154
v -0.044587 -0.042952 -0.038645
v -0.045612 -0.040731 -0.045451
v -0.045131 -0.041615 -0.045948
v -0.048403 -0.032578 -0.100433
v -0.048143 -0.032826 -0.100433
v -0.048135 -0.032826 -0.094933
v -0.048135 -0.032826 -0.094933
v -0.048395 -0.032578 -0.094931
v -0.048403 -0.032578 -0.100433
v 0.022252 -0.040633 -0.003862
v 0.020764 -0.048362 0.011874
v 0.030966 -0.052719 0.010348
v 0.026190 -0.028579 -0.018202
v 0.022252 -0.040633 -0.003862
v 0.032322 -0.046421 -0.005876
v 0.032322 -0.046421 -0.005876
v 0.038944 -0.055248 -0.002532
v 0.039063 -0.054963 -0.003346
v 0.030966 -0.052719 0.010348
v 0.038356 -0.058782 0.009034
v 0.038944 -0.055248 -0.002532
v 0.038944 -0.055248 -0.002532
v 0.032322 -0.046421 -0.005876
v 0.030966 -0.052719 0.010348
v 0.036139 -0.038007 -0.020724
v 0.032322 -0.046421 -0.005876
v 0.039720 -0.053393 -0.007833
v 0.022752 -0.049736 0.013189
v 0.030966 -0.052719 0.010348
v 0.020764 -0.048362 0.011874
v 0.022752 -0.049736 0.013189
v 0.029455 -0.053387 0.016638
v 0.030966 -0.052719 0.010348
v 0.030966 -0.052719 0.010348
v 0.038217 -0.059621 0.011779
v 0.038237 -0.059497 0.011373
v 0.038217 -0.059621 0.011779
v 0.030966 -0.052719 0.010348
v 0.031123 -0.055055 0.018239
v 0.031123 -0.055055 0.018239
v 0.031963 -0.055897 0.019046
v 0.038217 -0.059621 0.011779
v 0.031963 -0.055897 0.019046
v 0.039081 -0.063018 0.025881
v 0.038217 -0.059621 0.011779
v 0.038237 -0.059497 0.011373
v 0.038356 -0.058782 0.009034
v 0.030966 -0.052719 0.010348
v 0.029455 -0.053387 0.016638
v 0.031123 -0.055055 0.018239
v 0.030966 -0.052719 0.010348
v 0.020190 -0.048341 0.011870
v 0.020764 -0.048362 0.011874
v 0.022252 -0.040633 -0.003862
v 0.039063 -0.054963 -0.003346
v 0.039720 -0.053393 -0.007833
v 0.032322 -0.046421 -0.005876
v 0.030966 -0.052719 0.010348
v 0.032322 -0.046421 -0.005876
v 0.022252 -0.040633 -0.003862
v 0.024179 -0.079597 0.064392
v 0.036881 -0.072921 0.086325
v 0.029266 -0.075500 0.090545
v 0.024179 -0.079597 0.064392
v 0.035256 -0.074895 0.061784
v 0.038203 -0.072473 0.085592
v 0.038203 -0.072473 0.085592
v 0.036881 -0.072921 0.086325
v 0.024179 -0.079597 0.064392
v 0.031975 -0.063669 -0.007175
v 0.038487 -0.059873 -0.001029
v 0.037975 -0.063594 0.010228
v 0.037975 -0.063594 0.010228
v 0.031334 -0.070030 0.015014
v 0.031975 -0.063669 -0.007175
v 0.031975 -0.063669 -0.007175
v 0.039029 -0.058098 -0.005371
v 0.038935 -0.058406 -0.004615
v 0.038935 -0.058406 -0.004615
v 0.038487 -0.059873 -0.001029
v 0.031975 -0.063669 -0.007175
v 0.037975 -0.063594 0.010228
v 0.037889 -0.064216 0.012111
v 0.031334 -0.070030 0.015014
v 0.032623 -0.073969 0.038060
v 0.031334 -0.070030 0.015014
v 0.038455 -0.067277 0.025189
v 0.038455 -0.067277 0.025189
v 0.038879 -0.067976 0.029382
v 0.032623 -0.073969 0.038060
v 0.031334 -0.070030 0.015014
v 0.038075 -0.065222 0.016410
v 0.038455 -0.067277 0.025189
v 0.035256 -0.074895 0.061784
v 0.032623 -0.073969 0.038060
v 0.040876 -0.069367 0.042961
v 0.040876 -0.069367 0.042961
v 0.042999 -0.069431 0.054472
v 0.035256 -0.074895 0.061784
v 0.032623 -0.073969 0.038060
v 0.040180 -0.068882 0.038233
v 0.040876 -0.069367 0.042961
v 0.046815 -0.068259 0.077816
v 0.046917 -0.068158 0.078861
v 0.045989 -0.068702 0.079688
v 0.035256 -0.074895 0.061784
v 0.044295 -0.069469 0.061500
v 0.046815 -0.068259 0.077816
v 0.046815 -0.068259 0.077816
v 0.038203 -0.072473 0.085592
v 0.035256 -0.074895 0.061784
v 0.035256 -0.074895 0.061784
v 0.043823 -0.069454 0.058942
v 0.044295 -0.069469 0.061500
v 0.045989 -0.068702 0.079688
v 0.038203 -0.072473 0.085592
v 0.046815 -0.068259 0.077816
v 0.042999 -0.069431 0.054472
v 0.043823 -0.069454 0.058942
v 0.035256 -0.074895 0.061784
v 0.038879 -0.067976 0.029382
v 0.040180 -0.068882 0.038233
v 0.032623 -0.073969 0.038060
v 0.037889 -0.064216 0.012111
v 0.038075 -0.065222 0.016410
v 0.031334 -0.070030 0.015014
v 0.040775 -0.052375 -0.019362
v 0.039029 -0.058098 -0.005371
v 0.031975 -0.063669 -0.007175
v 0.039661 -0.056786 -0.003969
v 0.039029 -0.058098 -0.005371
v 0.040775 -0.052375 -0.019362
v 0.039661 -0.056786 -0.003969
v 0.038935 -0.058406 -0.004615
v 0.039029 -0.058098 -0.005371
v 0.042046 -0.047834 -0.023717
v 0.039720 -0.053393 -0.007833
v 0.039661 -0.056786 -0.003969
v 0.039720 -0.053393 -0.007833
v 0.039063 -0.054963 -0.003346
v 0.039661 -0.056786 -0.003969
v 0.039661 -0.056786 -0.003969
v 0.038944 -0.055248 -0.002532
v 0.038356 -0.058782 0.009034
v 0.039661 -0.056786 -0.003969
v 0.039063 -0.054963 -0.003346
v 0.038944 -0.055248 -0.002532
v 0.038356 -0.058782 0.009034
v 0.038943 -0.061644 0.010766
v 0.039661 -0.056786 -0.003969
v 0.038943 -0.061644 0.010766
v 0.039081 -0.063018 0.025881
v 0.039607 -0.065254 0.025434
v 0.039081 -0.063018 0.025881
v 0.038943 -0.061644 0.010766
v 0.038217 -0.059621 0.011779
v 0.038943 -0.061644 0.010766
v 0.038237 -0.059497 0.011373
v 0.038217 -0.059621 0.011779
v 0.038943 -0.061644 0.010766
v 0.037975 -0.063594 0.010228
v 0.038487 -0.059873 -0.001029
v 0.038487 -0.059873 -0.001029
v 0.039661 -0.056786 -0.003969
v 0.038943 -0.061644 0.010766
v 0.038943 -0.061644 0.010766
v 0.038075 -0.065222 0.016410
v 0.037889 -0.064216 0.012111
v 0.039607 -0.065254 0.025434
v 0.038455 -0.067277 0.025189
v 0.038075 -0.065222 0.016410
v 0.038075 -0.065222 0.016410
v 0.038943 -0.061644 0.010766
v 0.039607 -0.065254 0.025434
v 0.037889 -0.064216 0.012111
v 0.037975 -0.063594 0.010228
v 0.038943 -0.061644 0.010766
v 0.038487 -0.059873 -0.001029
v 0.038935 -0.058406 -0.004615
v 0.039661 -0.056786 -0.003969
v 0.038356 -0.058782 0.009034
v 0.038237 -0.059497 0.011373
v 0.038943 -0.061644 0.010766
v 0.048124 -0.066120 0.074182
v 0.048538 -0.065831 0.077345
v 0.048294 -0.066556 0.077452
v 0.044295 -0.069469 0.061500
v 0.045513 -0.066728 0.059297
v 0.048124 -0.066120 0.074182
v 0.048124 -0.066120 0.074182
v 0.046815 -0.068259 0.077816
v 0.044295 -0.069469 0.061500
v 0.044295 -0.069469 0.061500
v 0.043823 -0.069454 0.058942
v 0.045513 -0.066728 0.059297
v 0.044419 -0.066441 0.054117
v 0.045513 -0.066728 0.059297
v 0.043823 -0.069454 0.058942
v 0.043823 -0.069454 0.058942
v 0.042999 -0.069431 0.054472
v 0.044419 -0.066441 0.054117
v 0.042999 -0.069431 0.054472
v 0.040876 -0.069367 0.042961
v 0.042322 -0.065894 0.044185
v 0.042322 -0.065894 0.044185
v 0.044231 -0.066392 0.053224
v 0.042999 -0.069431 0.054472
v 0.040034 -0.066012 0.029519
v 0.039610 -0.063805 0.029885
v 0.041801 -0.065492 0.041437
v 0.041801 -0.065492 0.041437
v 0.040876 -0.069367 0.042961
v 0.040034 -0.066012 0.029519
v 0.040034 -0.066012 0.029519
v 0.040876 -0.069367 0.042961
v 0.040180 -0.068882 0.038233
v 0.040180 -0.068882 0.038233
v 0.038879 -0.067976 0.029382
v 0.040034 -0.066012 0.029519
v 0.041801 -0.065492 0.041437
v 0.042322 -0.065894 0.044185
v 0.040876 -0.069367 0.042961
v 0.044231 -0.066392 0.053224
v 0.044419 -0.066441 0.054117
v 0.042999 -0.069431 0.054472
v 0.048294 -0.066556 0.077452
v 0.046815 -0.068259 0.077816
v 0.048124 -0.066120 0.074182
v 0.044129 -0.052763 0.055867
v 0.037331 -0.047188 0.047531
v 0.042605 -0.047189 0.053099
v 0.031239 -0.049420 0.040893
v 0.031152 -0.047188 0.041007
v 0.037331 -0.047188 0.047531
v 0.037331 -0.047188 0.047531
v 0.044129 -0.052763 0.055867
v 0.031239 -0.049420 0.040893
v 0.032250 -0.052639 0.039564
v 0.031688 -0.050870 0.040302
v 0.044129 -0.052763 0.055867
v 0.031688 -0.050870 0.040302
v 0.031239 -0.049420 0.040893
v 0.044129 -0.052763 0.055867
v 0.044059 -0.057860 0.055013
v 0.032638 -0.053298 0.039053
v 0.032250 -0.052639 0.039564
v 0.032638 -0.053298 0.039053
v 0.044059 -0.057860 0.055013
v 0.039523 -0.057732 0.045346
v 0.039523 -0.057732 0.045346
v 0.034491 -0.056440 0.036616
v 0.033808 -0.055282 0.037514
v 0.039523 -0.057732 0.045346
v 0.033808 -0.055282 0.037514
v 0.032638 -0.053298 0.039053
v 0.039523 -0.057732 0.045346
v 0.034758 -0.056825 0.036265
v 0.034491 -0.056440 0.036616
v 0.050474 -0.053974 0.075398
v 0.044129 -0.052763 0.055867
v 0.046503 -0.047189 0.061529
v 0.046503 -0.047189 0.061529
v 0.049606 -0.047188 0.068236
v 0.050474 -0.053974 0.075398
v 0.044129 -0.052763 0.055867
v 0.044019 -0.047188 0.056157
v 0.046503 -0.047189 0.061529
v 0.044059 -0.057860 0.055013
v 0.044129 -0.052763 0.055867
v 0.050474 -0.053974 0.075398
v 0.050474 -0.053974 0.075398
v 0.050038 -0.056645 0.075836
v 0.044059 -0.057860 0.055013
v 0.050038 -0.056645 0.075836
v 0.048124 -0.066120 0.074182
v 0.045513 -0.066728 0.059297
v 0.045513 -0.066728 0.059297
v 0.044059 -0.057860 0.055013
v 0.050038 -0.056645 0.075836
v 0.050038 -0.056645 0.075836
v 0.048538 -0.065831 0.077345
v 0.048124 -0.066120 0.074182
v 0.045513 -0.066728 0.059297
v 0.044419 -0.066441 0.054117
v 0.044059 -0.057860 0.055013
v 0.039523 -0.057732 0.045346
v 0.044059 -0.057860 0.055013
v 0.044231 -0.066392 0.053224
v 0.044231 -0.066392 0.053224
v 0.042322 -0.065894 0.044185
v 0.039523 -0.057732 0.045346
v 0.041801 -0.065492 0.041437
v 0.038032 -0.061534 0.031959
v 0.035151 -0.057390 0.035748
v 0.041801 -0.065492 0.041437
v 0.039610 -0.063805 0.029885
v 0.038032 -0.061534 0.031959
v 0.035151 -0.057390 0.035748
v 0.039523 -0.057732 0.045346
v 0.041801 -0.065492 0.041437
v 0.035151 -0.057390 0.035748
v 0.034758 -0.056825 0.036265
v 0.039523 -0.057732 0.045346
v 0.042322 -0.065894 0.044185
v 0.041801 -0.065492 0.041437
v 0.039523 -0.057732 0.045346
v 0.044419 -0.066441 0.054117
v 0.044231 -0.066392 0.053224
v 0.044059 -0.057860 0.055013
v 0.049606 -0.047188 0.068236
v 0.050982 -0.047188 0.074863
v 0.050474 -0.053974 0.075398
v 0.032250 -0.052639 0.039564
v 0.044129 -0.052763 0.055867
v 0.044059 -0.057860 0.055013
v 0.042605 -0.047189 0.053099
v 0.044019 -0.047188 0.056157
v 0.044129 -0.052763 0.055867
v 0.033081 -0.056868 0.026479
v 0.023473 -0.051350 0.019256
v 0.023734 -0.052326 0.025994
v 0.023473 -0.051350 0.019256
v 0.031123 -0.055055 0.018239
v 0.029455 -0.053387 0.016638
v 0.023473 -0.051350 0.019256
v 0.033081 -0.056868 0.026479
v 0.031963 -0.055897 0.019046
v 0.031963 -0.055897 0.019046
v 0.031123 -0.055055 0.018239
v 0.023473 -0.051350 0.019256
v 0.031068 -0.047188 0.040943
v 0.031152 -0.047188 0.041007
v 0.031239 -0.049420 0.040893
v 0.031688 -0.050870 0.040302
v 0.024039 -0.050508 0.035189
v 0.024112 -0.047188 0.037271
v 0.024039 -0.050508 0.035189
v 0.023757 -0.047188 0.037083
v 0.024112 -0.047188 0.037271
v 0.024112 -0.047188 0.037271
v 0.031068 -0.047188 0.040943
v 0.031688 -0.050870 0.040302
v 0.032250 -0.052639 0.039564
v 0.023951 -0.051817 0.032377
v 0.024039 -0.050508 0.035189
v 0.024039 -0.050508 0.035189
v 0.031688 -0.050870 0.040302
v 0.032250 -0.052639 0.039564
v 0.023951 -0.051817 0.032377
v 0.033808 -0.055282 0.037514
v 0.033621 -0.056473 0.034088
v 0.023951 -0.051817 0.032377
v 0.032638 -0.053298 0.039053
v 0.033808 -0.055282 0.037514
v 0.033621 -0.056473 0.034088
v 0.033808 -0.055282 0.037514
v 0.034491 -0.056440 0.036616
v 0.034491 -0.056440 0.036616
v 0.034758 -0.056825 0.036265
v 0.033621 -0.056473 0.034088
v 0.038032 -0.061534 0.031959
v 0.033081 -0.056868 0.026479
v 0.033621 -0.056473 0.034088
v 0.033081 -0.056868 0.026479
v 0.038032 -0.061534 0.031959
v 0.039610 -0.063805 0.029885
v 0.039081 -0.063018 0.025881
v 0.031963 -0.055897 0.019046
v 0.033081 -0.056868 0.026479
v 0.039610 -0.063805 0.029885
v 0.039081 -0.063018 0.025881
v 0.033081 -0.056868 0.026479
v 0.033621 -0.056473 0.034088
v 0.035151 -0.057390 0.035748
v 0.038032 -0.061534 0.031959
v 0.034758 -0.056825 0.036265
v 0.035151 -0.057390 0.035748
v 0.033621 -0.056473 0.034088
v 0.033621 -0.056473 0.034088
v 0.023734 -0.052326 0.025994
v 0.023951 -0.051817 0.032377
v 0.032250 -0.052639 0.039564
v 0.032638 -0.053298 0.039053
v 0.023951 -0.051817 0.032377
v 0.031239 -0.049420 0.040893
v 0.031688 -0.050870 0.040302
v 0.031068 -0.047188 0.040943
v 0.029455 -0.053387 0.016638
v 0.022752 -0.049736 0.013189
v 0.023473 -0.051350 0.019256
v 0.016344 -0.047189 0.033170
v 0.023757 -0.047188 0.037083
v 0.024039 -0.050508 0.035189
v 0.023734 -0.052326 0.025994
v 0.033621 -0.056473 0.034088
v 0.033081 -0.056868 0.026479
v 0.046880 -0.067450 0.085995
v 0.038203 -0.072473 0.085592
v 0.045989 -0.068702 0.079688
v 0.046880 -0.067450 0.085995
v 0.036881 -0.072921 0.086325
v 0.038203 -0.072473 0.085592
v 0.029266 -0.075500 0.090545
v 0.046867 -0.067210 0.088419
v 0.046314 -0.066838 0.092148
v 0.046867 -0.067210 0.088419
v 0.029266 -0.075500 0.090545
v 0.036881 -0.072921 0.086325
v 0.036881 -0.072921 0.086325
v 0.046880 -0.067450 0.085995
v 0.046867 -0.067210 0.088419
v 0.029266 -0.075500 0.090545
v 0.043410 -0.065894 0.101556
v 0.027659 -0.074758 0.096606
v 0.027659 -0.074758 0.096606
v 0.043410 -0.065894 0.101556
v 0.043215 -0.065831 0.102188
v 0.046314 -0.066838 0.092148
v 0.043410 -0.065894 0.101556
v 0.029266 -0.075500 0.090545
v 0.045989 -0.068702 0.079688
v 0.046917 -0.068158 0.078861
v 0.046880 -0.067450 0.085995
v 0.049921 -0.047189 0.094573
v 0.048019 -0.064411 0.092229
v 0.048597 -0.064780 0.088363
v 0.051297 -0.047189 0.077676
v 0.050038 -0.056645 0.075836
v 0.050474 -0.053974 0.075398
v 0.048658 -0.065723 0.078452
v 0.048538 -0.065831 0.077345
v 0.050038 -0.056645 0.075836
v 0.050038 -0.056645 0.075836
v 0.051297 -0.047189 0.077676
v 0.048658 -0.065723 0.078452
v 0.051297 -0.047189 0.077676
v 0.051013 -0.047189 0.081167
v 0.048640 -0.065457 0.081244
v 0.048640 -0.065457 0.081244
v 0.048658 -0.065723 0.078452
v 0.051297 -0.047189 0.077676
v 0.050474 -0.053974 0.075398
v 0.050982 -0.047188 0.074863
v 0.051297 -0.047189 0.077676
v 0.048597 -0.064780 0.088363
v 0.048640 -0.065457 0.081244
v 0.051013 -0.047189 0.081167
v 0.048597 -0.064780 0.088363
v 0.048019 -0.064411 0.092229
v 0.046314 -0.066838 0.092148
v 0.043410 -0.065894 0.101556
v 0.046314 -0.066838 0.092148
v 0.046688 -0.063997 0.096527
v 0.046314 -0.066838 0.092148
v 0.048019 -0.064411 0.092229
v 0.046688 -0.063997 0.096527
v 0.048640 -0.065457 0.081244
v 0.048597 -0.064780 0.088363
v 0.046880 -0.067450 0.085995
v 0.048597 -0.064780 0.088363
v 0.046867 -0.067210 0.088419
v 0.046880 -0.067450 0.085995
v 0.048640 -0.065457 0.081244
v 0.046917 -0.068158 0.078861
v 0.048411 -0.066449 0.078548
v 0.048411 -0.066449 0.078548
v 0.048658 -0.065723 0.078452
v 0.048640 -0.065457 0.081244
v 0.046880 -0.067450 0.085995
v 0.046917 -0.068158 0.078861
v 0.048640 -0.065457 0.081244
v 0.046688 -0.063997 0.096527
v 0.044797 -0.063409 0.102634
v 0.043410 -0.065894 0.101556
v 0.046314 -0.066838 0.092148
v 0.046867 -0.067210 0.088419
v 0.048597 -0.064780 0.088363
v 0.024314 -0.045239 0.036882
v 0.023757 -0.047188 0.037083
v 0.016344 -0.047189 0.033170
v 0.024314 -0.045239 0.036882
v 0.024112 -0.047188 0.037271
v 0.023757 -0.047188 0.037083
v 0.049606 -0.047188 0.068236
v 0.046895 -0.045238 0.061343
v 0.051061 -0.045238 0.077696
v 0.046895 -0.045238 0.061343
v 0.044019 -0.047188 0.056157
v 0.042605 -0.047189 0.053099
v 0.042605 -0.047189 0.053099
v 0.037647 -0.045238 0.047228
v 0.046895 -0.045238 0.061343
v 0.046895 -0.045238 0.061343
v 0.046503 -0.047189 0.061529
v 0.044019 -0.047188 0.056157
v 0.037647 -0.045238 0.047228
v 0.037331 -0.047188 0.047531
v 0.031152 -0.047188 0.041007
v 0.031152 -0.047188 0.041007
v 0.024314 -0.045239 0.036882
v 0.037647 -0.045238 0.047228
v 0.031152 -0.047188 0.041007
v 0.031068 -0.047188 0.040943
v 0.024314 -0.045239 0.036882
v 0.031068 -0.047188 0.040943
v 0.024112 -0.047188 0.037271
v 0.024314 -0.045239 0.036882
v 0.042605 -0.047189 0.053099
v 0.037331 -0.047188 0.047531
v 0.037647 -0.045238 0.047228
v 0.049606 -0.047188 0.068236
v 0.046503 -0.047189 0.061529
v 0.046895 -0.045238 0.061343
v 0.038455 -0.067277 0.025189
v 0.039607 -0.065254 0.025434
v 0.040034 -0.066012 0.029519
v 0.039610 -0.063805 0.029885
v 0.039607 -0.065254 0.025434
v 0.039081 -0.063018 0.025881
v 0.039607 -0.065254 0.025434
v 0.039610 -0.063805 0.029885
v 0.040034 -0.066012 0.029519
v 0.040034 -0.066012 0.029519
v 0.038879 -0.067976 0.029382
v 0.038455 -0.067277 0.025189
v 0.048658 -0.065723 0.078452
v 0.048411 -0.066449 0.078548
v 0.048294 -0.066556 0.077452
v 0.048411 -0.066449 0.078548
v 0.046917 -0.068158 0.078861
v 0.046815 -0.068259 0.077816
v 0.046815 -0.068259 0.077816
v 0.048294 -0.066556 0.077452
v 0.048411 -0.066449 0.078548
v 0.048294 -0.066556 0.077452
v 0.048538 -0.065831 0.077345
v 0.048658 -0.065723 0.078452
v 0.055020 -0.024127 -0.095077
v 0.051798 -0.028270 -0.100500
v 0.052725 -0.027141 -0.100500
v 0.052725 -0.027141 -0.100500
v 0.053628 -0.025993 -0.100500
v 0.055020 -0.024127 -0.095077
v 0.047860 -0.032578 -0.095067
v 0.047852 -0.032577 -0.100500
v 0.051798 -0.028270 -0.100500
v 0.051798 -0.028270 -0.100500
v 0.055020 -0.024127 -0.095077
v 0.047860 -0.032578 -0.095067
v 0.066051 0.000434 -0.095092
v 0.058580 -0.016202 -0.095082
v 0.061226 -0.013548 -0.100500
v 0.055359 -0.023638 -0.100500
v 0.061226 -0.013548 -0.100500
v 0.058580 -0.016202 -0.095082
v 0.055020 -0.024127 -0.095077
v 0.055005 -0.024121 -0.100500
v 0.055359 -0.023638 -0.100500
v 0.058580 -0.016202 -0.095082
v 0.055020 -0.024127 -0.095077
v 0.055359 -0.023638 -0.100500
v 0.061226 -0.013548 -0.100500
v 0.065283 -0.002603 -0.100500
v 0.066051 0.000434 -0.095092
v 0.066848 0.026349 -0.100500
v 0.066686 0.027351 -0.095093
v 0.066560 0.022074 -0.095093
v 0.066091 0.002116 -0.095092
v 0.067405 0.008876 -0.100500
v 0.067721 0.014709 -0.100500
v 0.067721 0.014709 -0.100500
v 0.066560 0.022074 -0.095093
v 0.066091 0.002116 -0.095092
v 0.067721 0.014709 -0.100500
v 0.067534 0.020548 -0.100500
v 0.066560 0.022074 -0.095093
v 0.066560 0.022074 -0.095093
v 0.067534 0.020548 -0.100500
v 0.066848 0.026349 -0.100500
v 0.065850 0.000469 -0.100500
v 0.067405 0.008876 -0.100500
v 0.066091 0.002116 -0.095092
v 0.066091 0.002116 -0.095092
v 0.066051 0.000434 -0.095092
v 0.065850 0.000469 -0.100500
v 0.061335 0.040941 -0.095086
v 0.065665 0.032070 -0.100500
v 0.056651 0.052332 -0.100500
v 0.066686 0.027351 -0.095093
v 0.066643 0.027344 -0.100500
v 0.065665 0.032070 -0.100500
v 0.061335 0.040941 -0.095086
v 0.066686 0.027351 -0.095093
v 0.065665 0.032070 -0.100500
v 0.066848 0.026349 -0.100500
v 0.066643 0.027344 -0.100500
v 0.066686 0.027351 -0.095093
v 0.065283 -0.002603 -0.100500
v 0.065850 0.000469 -0.100500
v 0.066051 0.000434 -0.095092
v 0.053628 -0.025993 -0.100500
v 0.055005 -0.024121 -0.100500
v 0.055020 -0.024127 -0.095077
v 0.027515 -0.045045 -0.100500
v 0.044028 -0.035880 -0.100500
v 0.036731 -0.039862 -0.095055
v 0.044028 -0.035880 -0.100500
v 0.047595 -0.032831 -0.095074
v 0.036731 -0.039862 -0.095055
v 0.036731 -0.039862 -0.095055
v 0.027841 -0.045617 -0.095039
v 0.027515 -0.045045 -0.100500
v 0.044028 -0.035880 -0.100500
v 0.047592 -0.032827 -0.100500
v 0.047595 -0.032831 -0.095074
v 0.046454 -0.005354 -0.042846
v 0.040196 0.005730 -0.040831
v 0.032232 -0.012611 -0.030311
v 0.061221 0.015295 -0.062495
v 0.054424 0.032656 -0.060559
v 0.049930 0.024449 -0.052792
v 0.048782 -0.029273 -0.049272
v 0.049322 -0.017607 -0.045623
v 0.041898 -0.028049 -0.033796
v 0.056714 0.009025 -0.054925
v 0.049930 0.024449 -0.052792
v 0.040196 0.005730 -0.040831
v 0.049322 -0.017607 -0.045623
v 0.046454 -0.005354 -0.042846
v 0.038016 -0.019898 -0.031824
v 0.058213 -0.007913 -0.058089
v 0.056714 0.009025 -0.054925
v 0.046454 -0.005354 -0.042846
v 0.054386 -0.023530 -0.062484
v 0.058213 -0.007913 -0.058089
v 0.049322 -0.017607 -0.045623
v 0.056755 -0.021025 -0.069660
v 0.062011 -0.003639 -0.065457
v 0.058213 -0.007913 -0.058089
v 0.058027 0.039001 -0.070162
v 0.064503 0.020191 -0.071683
v 0.066564 0.022816 -0.082675
v 0.062011 -0.003639 -0.065457
v 0.061221 0.015295 -0.062495
v 0.056714 0.009025 -0.054925
v 0.064503 0.020191 -0.071683
v 0.058027 0.039001 -0.070162
v 0.054424 0.032656 -0.060559
v 0.064639 -0.000088 -0.074057
v 0.064503 0.020191 -0.071683
v 0.061221 0.015295 -0.062495
v 0.064503 0.020191 -0.071683
v 0.064639 -0.000088 -0.074057
v 0.066101 0.002096 -0.084026
v 0.060744 0.042383 -0.081827
v 0.066564 0.022816 -0.082675
v 0.066686 0.027351 -0.095093
v 0.066564 0.022816 -0.082675
v 0.066560 0.022074 -0.095093
v 0.066686 0.027351 -0.095093
v 0.066560 0.022074 -0.095093
v 0.066564 0.022816 -0.082675
v 0.066101 0.002096 -0.084026
v 0.064639 -0.000088 -0.074057
v 0.058417 -0.018804 -0.077470
v 0.059380 -0.017213 -0.085991
v 0.058417 -0.018804 -0.077470
v 0.064639 -0.000088 -0.074057
v 0.062011 -0.003639 -0.065457
v 0.059380 -0.017213 -0.085991
v 0.058580 -0.016202 -0.095082
v 0.066051 0.000434 -0.095092
v 0.066051 0.000434 -0.095092
v 0.066101 0.002096 -0.084026
v 0.059380 -0.017213 -0.085991
v 0.013574 -0.022568 -0.016644
v 0.026190 -0.028579 -0.018202
v 0.032232 -0.012611 -0.030311
v 0.032232 -0.012611 -0.030311
v 0.024995 -0.006820 -0.029154
v 0.013574 -0.022568 -0.016644
v 0.038016 -0.019898 -0.031824
v 0.026190 -0.028579 -0.018202
v 0.038797 -0.033163 -0.027486
v 0.038797 -0.033163 -0.027486
v 0.041898 -0.028049 -0.033796
v 0.038016 -0.019898 -0.031824
v 0.026190 -0.028579 -0.018202
v 0.036139 -0.038007 -0.020724
v 0.038797 -0.033163 -0.027486
v 0.038797 -0.033163 -0.027486
v 0.036139 -0.038007 -0.020724
v 0.042316 -0.047188 -0.025562
v 0.036139 -0.038007 -0.020724
v 0.042046 -0.047834 -0.023717
v 0.042316 -0.047188 -0.025562
v 0.043357 -0.044839 -0.032912
v 0.044186 -0.042967 -0.038773
v 0.043850 -0.036172 -0.036268
v 0.038797 -0.033163 -0.027486
v 0.043135 -0.045339 -0.031348
v 0.043357 -0.044839 -0.032912
v 0.043850 -0.036172 -0.036268
v 0.038797 -0.033163 -0.027486
v 0.043357 -0.044839 -0.032912
v 0.043850 -0.036172 -0.036268
v 0.044186 -0.042967 -0.038773
v 0.045478 -0.040050 -0.047900
v 0.045478 -0.040050 -0.047900
v 0.048782 -0.029273 -0.049272
v 0.043850 -0.036172 -0.036268
v 0.048782 -0.029273 -0.049272
v 0.045944 -0.038726 -0.053185
v 0.046836 -0.036191 -0.063306
v 0.046836 -0.036191 -0.063306
v 0.054386 -0.023530 -0.062484
v 0.048782 -0.029273 -0.049272
v 0.046836 -0.036191 -0.063306
v 0.047012 -0.035689 -0.065305
v 0.054386 -0.023530 -0.062484
v 0.056755 -0.021025 -0.069660
v 0.054386 -0.023530 -0.062484
v 0.047092 -0.035394 -0.067266
v 0.047567 -0.033618 -0.079064
v 0.058417 -0.018804 -0.077470
v 0.056755 -0.021025 -0.069660
v 0.047092 -0.035394 -0.067266
v 0.047567 -0.033618 -0.079064
v 0.056755 -0.021025 -0.069660
v 0.047567 -0.033618 -0.079064
v 0.047622 -0.033415 -0.080417
v 0.058417 -0.018804 -0.077470
v 0.055020 -0.024127 -0.095077
v 0.058580 -0.016202 -0.095082
v 0.059380 -0.017213 -0.085991
v 0.047635 -0.033370 -0.081216
v 0.047860 -0.032578 -0.095067
v 0.055020 -0.024127 -0.095077
v 0.055020 -0.024127 -0.095077
v 0.058417 -0.018804 -0.077470
v 0.047635 -0.033370 -0.081216
v 0.059380 -0.017213 -0.085991
v 0.058417 -0.018804 -0.077470
v 0.055020 -0.024127 -0.095077
v 0.047622 -0.033415 -0.080417
v 0.047635 -0.033370 -0.081216
v 0.058417 -0.018804 -0.077470
v 0.047012 -0.035689 -0.065305
v 0.047092 -0.035394 -0.067266
v 0.054386 -0.023530 -0.062484
v 0.045478 -0.040050 -0.047900
v 0.045944 -0.038726 -0.053185
v 0.048782 -0.029273 -0.049272
v 0.043850 -0.036172 -0.036268
v 0.041898 -0.028049 -0.033796
v 0.038797 -0.033163 -0.027486
v 0.042316 -0.047188 -0.025562
v 0.043135 -0.045339 -0.031348
v 0.038797 -0.033163 -0.027486
v 0.039720 -0.053393 -0.007833
v 0.042046 -0.047834 -0.023717
v 0.036139 -0.038007 -0.020724
v 0.038016 -0.019898 -0.031824
v 0.032232 -0.012611 -0.030311
v 0.026190 -0.028579 -0.018202
v 0.022252 -0.040633 -0.003862
v 0.026190 -0.028579 -0.018202
v 0.013574 -0.022568 -0.016644
v 0.032322 -0.046421 -0.005876
v 0.036139 -0.038007 -0.020724
v 0.026190 -0.028579 -0.018202
v 0.066051 0.000434 -0.095092
v 0.066091 0.002116 -0.095092
v 0.066101 0.002096 -0.084026
v 0.062011 -0.003639 -0.065457
v 0.056755 -0.021025 -0.069660
v 0.058417 -0.018804 -0.077470
v 0.059380 -0.017213 -0.085991
v 0.066101 0.002096 -0.084026
v 0.064639 -0.000088 -0.074057
v 0.066101 0.002096 -0.084026
v 0.066091 0.002116 -0.095092
v 0.066560 0.022074 -0.095093
v 0.066686 0.027351 -0.095093
v 0.061335 0.040941 -0.095086
v 0.060744 0.042383 -0.081827
v 0.066101 0.002096 -0.084026
v 0.066564 0.022816 -0.082675
v 0.064503 0.020191 -0.071683
v 0.061221 0.015295 -0.062495
v 0.062011 -0.003639 -0.065457
v 0.064639 -0.000088 -0.074057
v 0.054424 0.032656 -0.060559
v 0.061221 0.015295 -0.062495
v 0.064503 0.020191 -0.071683
v 0.056714 0.009025 -0.054925
v 0.058213 -0.007913 -0.058089
v 0.062011 -0.003639 -0.065457
v 0.066564 0.022816 -0.082675
v 0.060744 0.042383 -0.081827
v 0.058027 0.039001 -0.070162
v 0.058213 -0.007913 -0.058089
v 0.054386 -0.023530 -0.062484
v 0.056755 -0.021025 -0.069660
v 0.049322 -0.017607 -0.045623
v 0.048782 -0.029273 -0.049272
v 0.054386 -0.023530 -0.062484
v 0.046454 -0.005354 -0.042846
v 0.049322 -0.017607 -0.045623
v 0.058213 -0.007913 -0.058089
v 0.038016 -0.019898 -0.031824
v 0.041898 -0.028049 -0.033796
v 0.049322 -0.017607 -0.045623
v 0.040196 0.005730 -0.040831
v 0.046454 -0.005354 -0.042846
v 0.056714 0.009025 -0.054925
v 0.041898 -0.028049 -0.033796
v 0.043850 -0.036172 -0.036268
v 0.048782 -0.029273 -0.049272
v 0.049930 0.024449 -0.052792
v 0.056714 0.009025 -0.054925
v 0.061221 0.015295 -0.062495
v 0.024995 -0.006820 -0.029154
v 0.032232 -0.012611 -0.030311
v 0.040196 0.005730 -0.040831
v 0.032232 -0.012611 -0.030311
v 0.038016 -0.019898 -0.031824
v 0.046454 -0.005354 -0.042846
v 0.035974 -0.048441 -0.050374
v 0.024929 -0.054572 -0.051655
v 0.025731 -0.048792 -0.073174
v 0.037229 -0.042725 -0.072458
v 0.025731 -0.048792 -0.073174
v 0.027841 -0.045617 -0.095039
v 0.037229 -0.042725 -0.072458
v 0.047335 -0.033920 -0.079108
v 0.047129 -0.034663 -0.072667
v 0.036731 -0.039862 -0.095055
v 0.047570 -0.033079 -0.086404
v 0.047335 -0.033920 -0.079108
v 0.036731 -0.039862 -0.095055
v 0.047595 -0.032831 -0.095074
v 0.047570 -0.033079 -0.086404
v 0.047335 -0.033920 -0.079108
v 0.037229 -0.042725 -0.072458
v 0.036731 -0.039862 -0.095055
v 0.037229 -0.042725 -0.072458
v 0.046402 -0.036761 -0.063492
v 0.045918 -0.038155 -0.057393
v 0.045918 -0.038155 -0.057393
v 0.035974 -0.048441 -0.050374
v 0.037229 -0.042725 -0.072458
v 0.037229 -0.042725 -0.072458
v 0.047033 -0.034940 -0.071454
v 0.046402 -0.036761 -0.063492
v 0.035974 -0.048441 -0.050374
v 0.042943 -0.046483 -0.033642
v 0.040775 -0.052375 -0.019362
v 0.035974 -0.048441 -0.050374
v 0.044939 -0.040946 -0.048738
v 0.044072 -0.043413 -0.041084
v 0.044072 -0.043413 -0.041084
v 0.042943 -0.046483 -0.033642
v 0.035974 -0.048441 -0.050374
v 0.040775 -0.052375 -0.019362
v 0.031975 -0.063669 -0.007175
v 0.035974 -0.048441 -0.050374
v 0.045918 -0.038155 -0.057393
v 0.044939 -0.040946 -0.048738
v 0.035974 -0.048441 -0.050374
v 0.047129 -0.034663 -0.072667
v 0.047033 -0.034940 -0.071454
v 0.037229 -0.042725 -0.072458
v 0.027841 -0.045617 -0.095039
v 0.036731 -0.039862 -0.095055
v 0.037229 -0.042725 -0.072458
v 0.025731 -0.048792 -0.073174
v 0.037229 -0.042725 -0.072458
v 0.035974 -0.048441 -0.050374
v 0.024929 -0.054572 -0.051655
v 0.035974 -0.048441 -0.050374
v 0.031975 -0.063669 -0.007175
v 0.039661 -0.056786 -0.003969
v 0.042943 -0.046483 -0.033642
v 0.042046 -0.047834 -0.023717
v 0.042943 -0.046483 -0.033642
v 0.043135 -0.045339 -0.031348
v 0.042316 -0.047188 -0.025562
v 0.042316 -0.047188 -0.025562
v 0.042046 -0.047834 -0.023717
v 0.042943 -0.046483 -0.033642
v 0.042943 -0.046483 -0.033642
v 0.043357 -0.044839 -0.032912
v 0.043135 -0.045339 -0.031348
v 0.046836 -0.036191 -0.063306
v 0.045944 -0.038726 -0.053185
v 0.045918 -0.038155 -0.057393
v 0.044939 -0.040946 -0.048738
v 0.045918 -0.038155 -0.057393
v 0.045944 -0.038726 -0.053185
v 0.045478 -0.040050 -0.047900
v 0.044186 -0.042967 -0.038773
v 0.044072 -0.043413 -0.041084
v 0.044072 -0.043413 -0.041084
v 0.044939 -0.040946 -0.048738
v 0.045478 -0.040050 -0.047900
v 0.042943 -0.046483 -0.033642
v 0.044072 -0.043413 -0.041084
v 0.044186 -0.042967 -0.038773
v 0.044186 -0.042967 -0.038773
v 0.043357 -0.044839 -0.032912
v 0.042943 -0.046483 -0.033642
v 0.045944 -0.038726 -0.053185
v 0.045478 -0.040050 -0.047900
v 0.044939 -0.040946 -0.048738
v 0.047567 -0.033618 -0.079064
v 0.047092 -0.035394 -0.067266
v 0.047129 -0.034663 -0.072667
v 0.046402 -0.036761 -0.063492
v 0.047092 -0.035394 -0.067266
v 0.047012 -0.035689 -0.065305
v 0.046402 -0.036761 -0.063492
v 0.047033 -0.034940 -0.071454
v 0.047092 -0.035394 -0.067266
v 0.047012 -0.035689 -0.065305
v 0.046836 -0.036191 -0.063306
v 0.046402 -0.036761 -0.063492
v 0.047033 -0.034940 -0.071454
v 0.047129 -0.034663 -0.072667
v 0.047092 -0.035394 -0.067266
v 0.047860 -0.032578 -0.095067
v 0.047635 -0.033370 -0.081216
v 0.047570 -0.033079 -0.086404
v 0.047335 -0.033920 -0.079108
v 0.047635 -0.033370 -0.081216
v 0.047622 -0.033415 -0.080417
v 0.047335 -0.033920 -0.079108
v 0.047570 -0.033079 -0.086404
v 0.047635 -0.033370 -0.081216
v 0.047622 -0.033415 -0.080417
v 0.047567 -0.033618 -0.079064
v 0.047335 -0.033920 -0.079108
v 0.047570 -0.033079 -0.086404
v 0.047595 -0.032831 -0.095074
v 0.047860 -0.032578 -0.095067
v 0.047129 -0.034663 -0.072667
v 0.047335 -0.033920 -0.079108
v 0.047567 -0.033618 -0.079064
v 0.045918 -0.038155 -0.057393
v 0.046402 -0.036761 -0.063492
v 0.046836 -0.036191 -0.063306
v 0.040775 -0.052375 -0.019362
v 0.042943 -0.046483 -0.033642
v 0.039661 -0.056786 -0.003969
v 0.047852 -0.032577 -0.100500
v 0.047860 -0.032578 -0.095067
v 0.047595 -0.032831 -0.095074
v 0.047595 -0.032831 -0.095074
v 0.047592 -0.032827 -0.100500
v 0.047852 -0.032577 -0.100500
v -0.040223 -0.066014 0.029631
v -0.039794 -0.063800 0.029998
v -0.039519 -0.063418 0.028013
v -0.039519 -0.063418 0.028013
v -0.039806 -0.065255 0.025550
v -0.040223 -0.066014 0.029631
v -0.039519 -0.063418 0.028013
v -0.039305 -0.063056 0.025983
v -0.039806 -0.065255 0.025550
v -0.039806 -0.065255 0.025550
v -0.038655 -0.067276 0.025297
v -0.038848 -0.067644 0.027402
v -0.038848 -0.067644 0.027402
v -0.040223 -0.066014 0.029631
v -0.039806 -0.065255 0.025550
v -0.038848 -0.067644 0.027402
v -0.039067 -0.067975 0.029491
v -0.040223 -0.066014 0.029631
v -0.022533 -0.040633 -0.003799
v -0.032609 -0.046421 -0.005786
v -0.031208 -0.052719 0.010435
v -0.038602 -0.058782 0.009142
v -0.032131 -0.055934 0.019245
v -0.031306 -0.055278 0.018583
v -0.032131 -0.055934 0.019245
v -0.038480 -0.059496 0.011485
v -0.038455 -0.059645 0.011972
v -0.032131 -0.055934 0.019245
v -0.038602 -0.058782 0.009142
v -0.038480 -0.059496 0.011485
v -0.038455 -0.059645 0.011972
v -0.036436 -0.059357 0.022701
v -0.032131 -0.055934 0.019245
v -0.038455 -0.059645 0.011972
v -0.039305 -0.063056 0.025983
v -0.036436 -0.059357 0.022701
v -0.021001 -0.048363 0.011932
v -0.031208 -0.052719 0.010435
v -0.023190 -0.049629 0.013038
v -0.031208 -0.052719 0.010435
v -0.025668 -0.050794 0.014058
v -0.023190 -0.049629 0.013038
v -0.031208 -0.052719 0.010435
v -0.031306 -0.055278 0.018583
v -0.025668 -0.050794 0.014058
v -0.011665 -0.037136 -0.002520
v -0.022533 -0.040633 -0.003799
v -0.012097 -0.044412 0.008472
v -0.022533 -0.040633 -0.003799
v -0.021001 -0.048363 0.011932
v -0.020461 -0.048345 0.011915
v -0.020461 -0.048345 0.011915
v -0.012428 -0.044567 0.008608
v -0.022533 -0.040633 -0.003799
v -0.012428 -0.044567 0.008608
v -0.012097 -0.044412 0.008472
v -0.022533 -0.040633 -0.003799
v -0.020461 -0.048345 0.011915
v -0.021001 -0.048363 0.011932
v -0.020970 -0.048585 0.012124
v -0.023190 -0.049629 0.013038
v -0.020970 -0.048585 0.012124
v -0.021001 -0.048363 0.011932
v -0.031306 -0.055278 0.018583
v -0.031208 -0.052719 0.010435
v -0.038602 -0.058782 0.009142
v -0.031208 -0.052719 0.010435
v -0.021001 -0.048363 0.011932
v -0.022533 -0.040633 -0.003799
v -0.000042 -0.083462 0.066627
v -0.006173 -0.079023 0.096575
v -0.009801 -0.078875 0.096326
v -0.001860 -0.079198 0.096872
v -0.006173 -0.079023 0.096575
v -0.000042 -0.083462 0.066627
v -0.009801 -0.078875 0.096326
v -0.011415 -0.078666 0.095970
v -0.000042 -0.083462 0.066627
v -0.024270 -0.079596 0.064460
v -0.036939 -0.072875 0.086359
v -0.038191 -0.072434 0.085645
v -0.024270 -0.079596 0.064460
v -0.029192 -0.075478 0.090594
v -0.030167 -0.075252 0.090215
v -0.030167 -0.075252 0.090215
v -0.036939 -0.072875 0.086359
v -0.024270 -0.079596 0.064460
v -0.024270 -0.079596 0.064460
v -0.026468 -0.076108 0.091651
v -0.029192 -0.075478 0.090594
v -0.012372 -0.082485 0.066082
v -0.020512 -0.077486 0.093964
v -0.026468 -0.076108 0.091651
v -0.012372 -0.082485 0.066082
v -0.020180 -0.077529 0.094037
v -0.020512 -0.077486 0.093964
v -0.012372 -0.082485 0.066082
v -0.013558 -0.078389 0.095497
v -0.020180 -0.077529 0.094037
v -0.035355 -0.074895 0.061882
v -0.038191 -0.072434 0.085645
v -0.046860 -0.068265 0.077874
v -0.046860 -0.068265 0.077874
v -0.038191 -0.072434 0.085645
v -0.039099 -0.072117 0.085128
v -0.039099 -0.072117 0.085128
v -0.046968 -0.068159 0.078992
v -0.046860 -0.068265 0.077874
v -0.032788 -0.073970 0.038151
v -0.035355 -0.074895 0.061882
v -0.043087 -0.069647 0.054519
v -0.035355 -0.074895 0.061882
v -0.043823 -0.069378 0.059076
v -0.043087 -0.069647 0.054519
v -0.032788 -0.073970 0.038151
v -0.040488 -0.068567 0.038335
v -0.039067 -0.067975 0.029491
v -0.043087 -0.069647 0.054519
v -0.040488 -0.068567 0.038335
v -0.032788 -0.073970 0.038151
v -0.046860 -0.068265 0.077874
v -0.043823 -0.069378 0.059076
v -0.035355 -0.074895 0.061882
v -0.026468 -0.076108 0.091651
v -0.024270 -0.079596 0.064460
v -0.012372 -0.082485 0.066082
v -0.038191 -0.072434 0.085645
v -0.035355 -0.074895 0.061882
v -0.024270 -0.079596 0.064460
v -0.011415 -0.078666 0.095970
v -0.013558 -0.078389 0.095497
v -0.012372 -0.082485 0.066082
v -0.038455 -0.059645 0.011972
v -0.039806 -0.065255 0.025550
v -0.039305 -0.063056 0.025983
v -0.000095 -0.049685 0.028775
v -0.000093 -0.047188 0.030500
v 0.008276 -0.047188 0.031859
v -0.033285 -0.056876 0.026711
v -0.033798 -0.056454 0.034267
v -0.023931 -0.052330 0.026140
v -0.000095 -0.049685 0.028775
v -0.012561 -0.049969 0.030453
v -0.008568 -0.047189 0.031214
v -0.012561 -0.049969 0.030453
v -0.012371 -0.047189 0.032526
v -0.008568 -0.047189 0.031214
v -0.008568 -0.047189 0.031214
v -0.000093 -0.047188 0.030500
v -0.000095 -0.049685 0.028775
v -0.023692 -0.051377 0.019444
v -0.025668 -0.050794 0.014058
v -0.031306 -0.055278 0.018583
v -0.023692 -0.051377 0.019444
v -0.023190 -0.049629 0.013038
v -0.025668 -0.050794 0.014058
v -0.031306 -0.055278 0.018583
v -0.033285 -0.056876 0.026711
v -0.023692 -0.051377 0.019444
v -0.012535 -0.049319 0.020902
v -0.020970 -0.048585 0.012124
v -0.023190 -0.049629 0.013038
v -0.023190 -0.049629 0.013038
v -0.023692 -0.051377 0.019444
v -0.012535 -0.049319 0.020902
v -0.012535 -0.049319 0.020902
v -0.012428 -0.044567 0.008608
v -0.020461 -0.048345 0.011915
v -0.020461 -0.048345 0.011915
v -0.020970 -0.048585 0.012124
v -0.012535 -0.049319 0.020902
v -0.000100 -0.049225 0.025514
v -0.012535 -0.049319 0.020902
v -0.012558 -0.050406 0.027281
v -0.024208 -0.050495 0.035270
v -0.024218 -0.047189 0.036611
v -0.012371 -0.047189 0.032526
v -0.012558 -0.050406 0.027281
v -0.012561 -0.049969 0.030453
v -0.000095 -0.049685 0.028775
v -0.024129 -0.051807 0.032479
v -0.024208 -0.050495 0.035270
v -0.012561 -0.049969 0.030453
v -0.023931 -0.052330 0.026140
v -0.024129 -0.051807 0.032479
v -0.012558 -0.050406 0.027281
v -0.038168 -0.061469 0.032123
v -0.035298 -0.057352 0.035874
v -0.033798 -0.056454 0.034267
v -0.033798 -0.056454 0.034267
v -0.034928 -0.056821 0.036358
v -0.034241 -0.055835 0.037256
v -0.033798 -0.056454 0.034267
v -0.035298 -0.057352 0.035874
v -0.034928 -0.056821 0.036358
v -0.024129 -0.051807 0.032479
v -0.023931 -0.052330 0.026140
v -0.033798 -0.056454 0.034267
v -0.033798 -0.056454 0.034267
v -0.033990 -0.055377 0.037584
v -0.024129 -0.051807 0.032479
v -0.032085 -0.051914 0.040070
v -0.031834 -0.050873 0.040401
v -0.024208 -0.050495 0.035270
v -0.024129 -0.051807 0.032479
v -0.032450 -0.052575 0.039594
v -0.032085 -0.051914 0.040070
v -0.024129 -0.051807 0.032479
v -0.032812 -0.053236 0.039121
v -0.032450 -0.052575 0.039594
v -0.031328 -0.048777 0.041068
v -0.031308 -0.047189 0.041094
v -0.024595 -0.047189 0.036741
v -0.024208 -0.050495 0.035270
v -0.031834 -0.050873 0.040401
v -0.031328 -0.048777 0.041068
v -0.024595 -0.047189 0.036741
v -0.024208 -0.050495 0.035270
v -0.031328 -0.048777 0.041068
v -0.033285 -0.056876 0.026711
v -0.039519 -0.063418 0.028013
v -0.039794 -0.063800 0.029998
v -0.033285 -0.056876 0.026711
v -0.036436 -0.059357 0.022701
v -0.039305 -0.063056 0.025983
v -0.033285 -0.056876 0.026711
v -0.032131 -0.055934 0.019245
v -0.036436 -0.059357 0.022701
v -0.039305 -0.063056 0.025983
v -0.039519 -0.063418 0.028013
v -0.033285 -0.056876 0.026711
v -0.039794 -0.063800 0.029998
v -0.038168 -0.061469 0.032123
v -0.033285 -0.056876 0.026711
v -0.024595 -0.047189 0.036741
v -0.024218 -0.047189 0.036611
v -0.024208 -0.050495 0.035270
v -0.024208 -0.050495 0.035270
v -0.024129 -0.051807 0.032479
v -0.032085 -0.051914 0.040070
v -0.033990 -0.055377 0.037584
v -0.032812 -0.053236 0.039121
v -0.024129 -0.051807 0.032479
v -0.034241 -0.055835 0.037256
v -0.033990 -0.055377 0.037584
v -0.033798 -0.056454 0.034267
v -0.033798 -0.056454 0.034267
v -0.033285 -0.056876 0.026711
v -0.038168 -0.061469 0.032123
v -0.012558 -0.050406 0.027281
v -0.012535 -0.049319 0.020902
v -0.023931 -0.052330 0.026140
v -0.012561 -0.049969 0.030453
v -0.012558 -0.050406 0.027281
v -0.024129 -0.051807 0.032479
v -0.000095 -0.049685 0.028775
v -0.000100 -0.049225 0.025514
v -0.012558 -0.050406 0.027281
v -0.012371 -0.047189 0.032526
v -0.012561 -0.049969 0.030453
v -0.024208 -0.050495 0.035270
v -0.023692 -0.051377 0.019444
v -0.023931 -0.052330 0.026140
v -0.012535 -0.049319 0.020902
v -0.031306 -0.055278 0.018583
v -0.032131 -0.055934 0.019245
v -0.033285 -0.056876 0.026711
v -0.023931 -0.052330 0.026140
v -0.023692 -0.051377 0.019444
v -0.033285 -0.056876 0.026711
v -0.027660 -0.074759 0.096683
v -0.029192 -0.075478 0.090594
v -0.026468 -0.076108 0.091651
v -0.026468 -0.076108 0.091651
v -0.020512 -0.077486 0.093964
v -0.027660 -0.074759 0.096683
v -0.022455 -0.073695 0.105333
v -0.027660 -0.074759 0.096683
v -0.020180 -0.077529 0.094037
v -0.020180 -0.077529 0.094037
v -0.013558 -0.078389 0.095497
v -0.022455 -0.073695 0.105333
v -0.014611 -0.072909 0.111730
v -0.022455 -0.073695 0.105333
v -0.011415 -0.078666 0.095970
v -0.011415 -0.078666 0.095970
v -0.009801 -0.078875 0.096326
v -0.014611 -0.072909 0.111730
v -0.005051 -0.072490 0.115121
v -0.014611 -0.072909 0.111730
v -0.006173 -0.079023 0.096575
v -0.005051 -0.072490 0.115121
v -0.001860 -0.079198 0.096872
v 0.000000 -0.079272 0.097000
v 0.000000 -0.079272 0.097000
v 0.005101 -0.072490 0.115107
v -0.005051 -0.072490 0.115121
v 0.005101 -0.072490 0.115107
v 0.001862 -0.079191 0.096858
v 0.006236 -0.079001 0.096523
v 0.014652 -0.072908 0.111689
v 0.010478 -0.078817 0.096199
v 0.011257 -0.078716 0.096022
v 0.014652 -0.072908 0.111689
v 0.006236 -0.079001 0.096523
v 0.010478 -0.078817 0.096199
v 0.022478 -0.073695 0.105271
v 0.011257 -0.078716 0.096022
v 0.013565 -0.078413 0.095498
v 0.016977 -0.063276 0.127300
v 0.007397 -0.063011 0.129877
v 0.005101 -0.072490 0.115107
v 0.014652 -0.072908 0.111689
v 0.022599 -0.063553 0.124597
v 0.021896 -0.063504 0.125072
v 0.021896 -0.063504 0.125072
v 0.016977 -0.063276 0.127300
v 0.014652 -0.072908 0.111689
v -0.003100 -0.062962 0.130363
v -0.005051 -0.072490 0.115121
v 0.005101 -0.072490 0.115107
v 0.005101 -0.072490 0.115107
v 0.007397 -0.063011 0.129877
v -0.003100 -0.062962 0.130363
v -0.018457 -0.063341 0.126717
v -0.014611 -0.072909 0.111730
v -0.005051 -0.072490 0.115121
v -0.005051 -0.072490 0.115121
v -0.007766 -0.063022 0.129792
v -0.008386 -0.063030 0.129716
v -0.005051 -0.072490 0.115121
v -0.008386 -0.063030 0.129716
v -0.018457 -0.063341 0.126717
v -0.031746 -0.064215 0.118218
v -0.022455 -0.073695 0.105333
v -0.014611 -0.072909 0.111730
v -0.014611 -0.072909 0.111730
v -0.022555 -0.063549 0.124700
v -0.023226 -0.063584 0.124369
v -0.014611 -0.072909 0.111730
v -0.023226 -0.063584 0.124369
v -0.031746 -0.064215 0.118218
v -0.041482 -0.065477 0.105816
v -0.027660 -0.074759 0.096683
v -0.022455 -0.073695 0.105333
v -0.022455 -0.073695 0.105333
v -0.034908 -0.064543 0.115005
v -0.035469 -0.064602 0.114435
v -0.022455 -0.073695 0.105333
v -0.035469 -0.064602 0.114435
v -0.041482 -0.065477 0.105816
v -0.043431 -0.065894 0.101682
v -0.030167 -0.075252 0.090215
v -0.029192 -0.075478 0.090594
v -0.046576 -0.066978 0.090874
v -0.047066 -0.067452 0.086124
v -0.036939 -0.072875 0.086359
v -0.030167 -0.075252 0.090215
v -0.043431 -0.065894 0.101682
v -0.043753 -0.065963 0.100998
v -0.043753 -0.065963 0.100998
v -0.046576 -0.066978 0.090874
v -0.030167 -0.075252 0.090215
v -0.036939 -0.072875 0.086359
v -0.030167 -0.075252 0.090215
v -0.046576 -0.066978 0.090874
v -0.047066 -0.067452 0.086124
v -0.039099 -0.072117 0.085128
v -0.038191 -0.072434 0.085645
v -0.039099 -0.072117 0.085128
v -0.047066 -0.067452 0.086124
v -0.047126 -0.067509 0.085543
v -0.047126 -0.067509 0.085543
v -0.046968 -0.068159 0.078992
v -0.039099 -0.072117 0.085128
v -0.038191 -0.072434 0.085645
v -0.036939 -0.072875 0.086359
v -0.047066 -0.067452 0.086124
v -0.029192 -0.075478 0.090594
v -0.027660 -0.074759 0.096683
v -0.043431 -0.065894 0.101682
v -0.041482 -0.065477 0.105816
v -0.043431 -0.065894 0.101682
v -0.027660 -0.074759 0.096683
v -0.031746 -0.064215 0.118218
v -0.034908 -0.064543 0.115005
v -0.022455 -0.073695 0.105333
v -0.018457 -0.063341 0.126717
v -0.022555 -0.063549 0.124700
v -0.014611 -0.072909 0.111730
v -0.003100 -0.062962 0.130363
v -0.007766 -0.063022 0.129792
v -0.005051 -0.072490 0.115121
v 0.005101 -0.072490 0.115107
v 0.014652 -0.072908 0.111689
v 0.016977 -0.063276 0.127300
v 0.014652 -0.072908 0.111689
v 0.022478 -0.073695 0.105271
v 0.030600 -0.064106 0.119192
v 0.011257 -0.078716 0.096022
v 0.022478 -0.073695 0.105271
v 0.014652 -0.072908 0.111689
v 0.006236 -0.079001 0.096523
v 0.014652 -0.072908 0.111689
v 0.005101 -0.072490 0.115107
v 0.000000 -0.079272 0.097000
v 0.001862 -0.079191 0.096858
v 0.005101 -0.072490 0.115107
v -0.006173 -0.079023 0.096575
v -0.001860 -0.079198 0.096872
v -0.005051 -0.072490 0.115121
v -0.009801 -0.078875 0.096326
v -0.006173 -0.079023 0.096575
v -0.014611 -0.072909 0.111730
v -0.013558 -0.078389 0.095497
v -0.011415 -0.078666 0.095970
v -0.022455 -0.073695 0.105333
v -0.020512 -0.077486 0.093964
v -0.020180 -0.077529 0.094037
v -0.027660 -0.074759 0.096683
v -0.051351 -0.047189 0.077819
v -0.048710 -0.065722 0.078588
v -0.048774 -0.065457 0.081384
v -0.048710 -0.065722 0.078588
v -0.051351 -0.047189 0.077819
v -0.049890 -0.058949 0.076199
v -0.051351 -0.047189 0.077819
v -0.050114 -0.056661 0.075967
v -0.049890 -0.058949 0.076199
v -0.051351 -0.047189 0.077819
v -0.051044 -0.047188 0.075005
v -0.050114 -0.056661 0.075967
v -0.049890 -0.058949 0.076199
v -0.048593 -0.065832 0.077480
v -0.048710 -0.065722 0.078588
v -0.046681 -0.063996 0.096664
v -0.048799 -0.047189 0.097274
v -0.049927 -0.047189 0.094712
v -0.051056 -0.047189 0.081309
v -0.048866 -0.065077 0.085381
v -0.048291 -0.064550 0.090908
v -0.051056 -0.047189 0.081309
v -0.048774 -0.065457 0.081384
v -0.048866 -0.065077 0.085381
v -0.048291 -0.064550 0.090908
v -0.049927 -0.047189 0.094712
v -0.051056 -0.047189 0.081309
v -0.040028 -0.062643 0.110643
v -0.041673 -0.047189 0.111769
v -0.043095 -0.047189 0.110228
v -0.048799 -0.047189 0.097274
v -0.045356 -0.063540 0.101401
v -0.042997 -0.063057 0.106393
v -0.042997 -0.063057 0.106393
v -0.043095 -0.047189 0.110228
v -0.048799 -0.047189 0.097274
v -0.048799 -0.047189 0.097274
v -0.046681 -0.063996 0.096664
v -0.045356 -0.063540 0.101401
v -0.029250 -0.061543 0.121871
v -0.030367 -0.047189 0.123348
v -0.031596 -0.047189 0.122685
v -0.031596 -0.047189 0.122685
v -0.041673 -0.047189 0.111769
v -0.036759 -0.062187 0.115322
v -0.041673 -0.047189 0.111769
v -0.040028 -0.062643 0.110643
v -0.036759 -0.062187 0.115322
v -0.036759 -0.062187 0.115322
v -0.032898 -0.061802 0.119240
v -0.031596 -0.047189 0.122685
v -0.015420 -0.060822 0.129143
v -0.015987 -0.047189 0.130847
v -0.016675 -0.047188 0.130733
v -0.016675 -0.047188 0.130733
v -0.030367 -0.047189 0.123348
v -0.024065 -0.061174 0.125610
v -0.030367 -0.047189 0.123348
v -0.029250 -0.061543 0.121871
v -0.024065 -0.061174 0.125610
v -0.024065 -0.061174 0.125610
v -0.019124 -0.060933 0.128041
v -0.016675 -0.047188 0.130733
v 0.000051 -0.047189 0.133500
v -0.015987 -0.047189 0.130847
v -0.008689 -0.060623 0.131147
v -0.015987 -0.047189 0.130847
v -0.015420 -0.060822 0.129143
v -0.008689 -0.060623 0.131147
v -0.008689 -0.060623 0.131147
v -0.003212 -0.060557 0.131816
v 0.000051 -0.047189 0.133500
v 0.016081 -0.047189 0.130802
v 0.000051 -0.047189 0.133500
v 0.007664 -0.060604 0.131313
v 0.000051 -0.047189 0.133500
v 0.000037 -0.060571 0.131666
v 0.007664 -0.060604 0.131313
v 0.007664 -0.060604 0.131313
v 0.015544 -0.060813 0.129195
v 0.016081 -0.047189 0.130802
v -0.003212 -0.060557 0.131816
v 0.000037 -0.060571 0.131666
v 0.000051 -0.047189 0.133500
v -0.016675 -0.047188 0.130733
v -0.019124 -0.060933 0.128041
v -0.015420 -0.060822 0.129143
v -0.031596 -0.047189 0.122685
v -0.032898 -0.061802 0.119240
v -0.029250 -0.061543 0.121871
v -0.043095 -0.047189 0.110228
v -0.042997 -0.063057 0.106393
v -0.040028 -0.062643 0.110643
v -0.049927 -0.047189 0.094712
v -0.048291 -0.064550 0.090908
v -0.046681 -0.063996 0.096664
v -0.048774 -0.065457 0.081384
v -0.051056 -0.047189 0.081309
v -0.051351 -0.047189 0.077819
v 0.007397 -0.063011 0.129877
v 0.016977 -0.063276 0.127300
v 0.015544 -0.060813 0.129195
v 0.016977 -0.063276 0.127300
v 0.017590 -0.060867 0.128645
v 0.015544 -0.060813 0.129195
v 0.007397 -0.063011 0.129877
v 0.007664 -0.060604 0.131313
v 0.000037 -0.060571 0.131666
v 0.000037 -0.060571 0.131666
v -0.003100 -0.062962 0.130363
v 0.007397 -0.063011 0.129877
v -0.003212 -0.060557 0.131816
v -0.008689 -0.060623 0.131147
v -0.007766 -0.063022 0.129792
v -0.008689 -0.060623 0.131147
v -0.008386 -0.063030 0.129716
v -0.007766 -0.063022 0.129792
v -0.008386 -0.063030 0.129716
v -0.008689 -0.060623 0.131147
v -0.015420 -0.060822 0.129143
v -0.015420 -0.060822 0.129143
v -0.018457 -0.063341 0.126717
v -0.008386 -0.063030 0.129716
v -0.019124 -0.060933 0.128041
v -0.024065 -0.061174 0.125610
v -0.022555 -0.063549 0.124700
v -0.024065 -0.061174 0.125610
v -0.023226 -0.063584 0.124369
v -0.022555 -0.063549 0.124700
v -0.023226 -0.063584 0.124369
v -0.024065 -0.061174 0.125610
v -0.029250 -0.061543 0.121871
v -0.029250 -0.061543 0.121871
v -0.031746 -0.064215 0.118218
v -0.023226 -0.063584 0.124369
v -0.032898 -0.061802 0.119240
v -0.036759 -0.062187 0.115322
v -0.034908 -0.064543 0.115005
v -0.036759 -0.062187 0.115322
v -0.035469 -0.064602 0.114435
v -0.034908 -0.064543 0.115005
v -0.035469 -0.064602 0.114435
v -0.036759 -0.062187 0.115322
v -0.040028 -0.062643 0.110643
v -0.040028 -0.062643 0.110643
v -0.041482 -0.065477 0.105816
v -0.035469 -0.064602 0.114435
v -0.042997 -0.063057 0.106393
v -0.045356 -0.063540 0.101401
v -0.043431 -0.065894 0.101682
v -0.045356 -0.063540 0.101401
v -0.043753 -0.065963 0.100998
v -0.043431 -0.065894 0.101682
v -0.046576 -0.066978 0.090874
v -0.043753 -0.065963 0.100998
v -0.046681 -0.063996 0.096664
v -0.043753 -0.065963 0.100998
v -0.045356 -0.063540 0.101401
v -0.046681 -0.063996 0.096664
v -0.048291 -0.064550 0.090908
v -0.048866 -0.065077 0.085381
v -0.047066 -0.067452 0.086124
v -0.048866 -0.065077 0.085381
v -0.047126 -0.067509 0.085543
v -0.047066 -0.067452 0.086124
v -0.047126 -0.067509 0.085543
v -0.048866 -0.065077 0.085381
v -0.048774 -0.065457 0.081384
v -0.048774 -0.065457 0.081384
v -0.046968 -0.068159 0.078992
v -0.047126 -0.067509 0.085543
v -0.048774 -0.065457 0.081384
v -0.048710 -0.065722 0.078588
v -0.046968 -0.068159 0.078992
v -0.047066 -0.067452 0.086124
v -0.046576 -0.066978 0.090874
v -0.048291 -0.064550 0.090908
v -0.046681 -0.063996 0.096664
v -0.048291 -0.064550 0.090908
v -0.046576 -0.066978 0.090874
v -0.043431 -0.065894 0.101682
v -0.041482 -0.065477 0.105816
v -0.042997 -0.063057 0.106393
v -0.040028 -0.062643 0.110643
v -0.042997 -0.063057 0.106393
v -0.041482 -0.065477 0.105816
v -0.034908 -0.064543 0.115005
v -0.031746 -0.064215 0.118218
v -0.032898 -0.061802 0.119240
v -0.029250 -0.061543 0.121871
v -0.032898 -0.061802 0.119240
v -0.031746 -0.064215 0.118218
v -0.022555 -0.063549 0.124700
v -0.018457 -0.063341 0.126717
v -0.019124 -0.060933 0.128041
v -0.015420 -0.060822 0.129143
v -0.019124 -0.060933 0.128041
v -0.018457 -0.063341 0.126717
v -0.007766 -0.063022 0.129792
v -0.003100 -0.062962 0.130363
v -0.003212 -0.060557 0.131816
v 0.000037 -0.060571 0.131666
v -0.003212 -0.060557 0.131816
v -0.003100 -0.062962 0.130363
v 0.015544 -0.060813 0.129195
v 0.007664 -0.060604 0.131313
v 0.007397 -0.063011 0.129877
v -0.040223 -0.066014 0.029631
v -0.039067 -0.067975 0.029491
v -0.040488 -0.068567 0.038335
v -0.040223 -0.066014 0.029631
v -0.043087 -0.069647 0.054519
v -0.042068 -0.065142 0.041551
v -0.043087 -0.069647 0.054519
v -0.044387 -0.066508 0.053337
v -0.042068 -0.065142 0.041551
v -0.043087 -0.069647 0.054519
v -0.044562 -0.066612 0.054227
v -0.044387 -0.066508 0.053337
v -0.042068 -0.065142 0.041551
v -0.039794 -0.063800 0.029998
v -0.040223 -0.066014 0.029631
v -0.048593 -0.065832 0.077480
v -0.044562 -0.066612 0.054227
v -0.043823 -0.069378 0.059076
v -0.044562 -0.066612 0.054227
v -0.043087 -0.069647 0.054519
v -0.043823 -0.069378 0.059076
v -0.043823 -0.069378 0.059076
v -0.046860 -0.068265 0.077874
v -0.048593 -0.065832 0.077480
v -0.047969 -0.067216 0.077703
v -0.048593 -0.065832 0.077480
v -0.046860 -0.068265 0.077874
v -0.040488 -0.068567 0.038335
v -0.043087 -0.069647 0.054519
v -0.040223 -0.066014 0.029631
v -0.044244 -0.052762 0.055990
v -0.043998 -0.047188 0.056444
v -0.031328 -0.048777 0.041068
v -0.031328 -0.048777 0.041068
v -0.031834 -0.050873 0.040401
v -0.044244 -0.052762 0.055990
v -0.031328 -0.048777 0.041068
v -0.043998 -0.047188 0.056444
v -0.037959 -0.047188 0.047173
v -0.037959 -0.047188 0.047173
v -0.031308 -0.047189 0.041094
v -0.031328 -0.048777 0.041068
v -0.031834 -0.050873 0.040401
v -0.032085 -0.051914 0.040070
v -0.044244 -0.052762 0.055990
v -0.050114 -0.056661 0.075967
v -0.051044 -0.047188 0.075005
v -0.047212 -0.047189 0.061378
v -0.047212 -0.047189 0.061378
v -0.044244 -0.052762 0.055990
v -0.050114 -0.056661 0.075967
v -0.047212 -0.047189 0.061378
v -0.043998 -0.047188 0.056444
v -0.044244 -0.052762 0.055990
v -0.032812 -0.053236 0.039121
v -0.033990 -0.055377 0.037584
v -0.039667 -0.057733 0.045456
v -0.039667 -0.057733 0.045456
v -0.044176 -0.057860 0.055136
v -0.032812 -0.053236 0.039121
v -0.044176 -0.057860 0.055136
v -0.044244 -0.052762 0.055990
v -0.032450 -0.052575 0.039594
v -0.032450 -0.052575 0.039594
v -0.032812 -0.053236 0.039121
v -0.044176 -0.057860 0.055136
v -0.033990 -0.055377 0.037584
v -0.034241 -0.055835 0.037256
v -0.039667 -0.057733 0.045456
v -0.042068 -0.065142 0.041551
v -0.039667 -0.057733 0.045456
v -0.035298 -0.057352 0.035874
v -0.039667 -0.057733 0.045456
v -0.034928 -0.056821 0.036358
v -0.035298 -0.057352 0.035874
v -0.035298 -0.057352 0.035874
v -0.038168 -0.061469 0.032123
v -0.042068 -0.065142 0.041551
v -0.044387 -0.066508 0.053337
v -0.044176 -0.057860 0.055136
v -0.039667 -0.057733 0.045456
v -0.044562 -0.066612 0.054227
v -0.048593 -0.065832 0.077480
v -0.049890 -0.058949 0.076199
v -0.044176 -0.057860 0.055136
v -0.044387 -0.066508 0.053337
v -0.044562 -0.066612 0.054227
v -0.049890 -0.058949 0.076199
v -0.044176 -0.057860 0.055136
v -0.044562 -0.066612 0.054227
v -0.049890 -0.058949 0.076199
v -0.050114 -0.056661 0.075967
v -0.044176 -0.057860 0.055136
v -0.039667 -0.057733 0.045456
v -0.042068 -0.065142 0.041551
v -0.044387 -0.066508 0.053337
v -0.038168 -0.061469 0.032123
v -0.039794 -0.063800 0.029998
v -0.042068 -0.065142 0.041551
v -0.034241 -0.055835 0.037256
v -0.034928 -0.056821 0.036358
v -0.039667 -0.057733 0.045456
v -0.044244 -0.052762 0.055990
v -0.044176 -0.057860 0.055136
v -0.050114 -0.056661 0.075967
v -0.032085 -0.051914 0.040070
v -0.032450 -0.052575 0.039594
v -0.044244 -0.052762 0.055990
v -0.000092 -0.045238 0.030737
v 0.008346 -0.045238 0.031425
v 0.008276 -0.047188 0.031859
v -0.008568 -0.047189 0.031214
v -0.008529 -0.045238 0.031448
v -0.000092 -0.045238 0.030737
v -0.000092 -0.045238 0.030737
v -0.000093 -0.047188 0.030500
v -0.008568 -0.047189 0.031214
v -0.024482 -0.045239 0.036950
v -0.008529 -0.045238 0.031448
v -0.012371 -0.047189 0.032526
v -0.012371 -0.047189 0.032526
v -0.024218 -0.047189 0.036611
v -0.024482 -0.045239 0.036950
v -0.008529 -0.045238 0.031448
v -0.008568 -0.047189 0.031214
v -0.012371 -0.047189 0.032526
v -0.037784 -0.045238 0.047333
v -0.024482 -0.045239 0.036950
v -0.031308 -0.047189 0.041094
v -0.024482 -0.045239 0.036950
v -0.024595 -0.047189 0.036741
v -0.031308 -0.047189 0.041094
v -0.037784 -0.045238 0.047333
v -0.037959 -0.047188 0.047173
v -0.043998 -0.047188 0.056444
v -0.043998 -0.047188 0.056444
v -0.046995 -0.045238 0.061474
v -0.037784 -0.045238 0.047333
v -0.046995 -0.045238 0.061474
v -0.047212 -0.047189 0.061378
v -0.051044 -0.047188 0.075005
v -0.051044 -0.047188 0.075005
v -0.051114 -0.045238 0.077838
v -0.046995 -0.045238 0.061474
v -0.049697 -0.045238 0.094653
v -0.051114 -0.045238 0.077838
v -0.051056 -0.047189 0.081309
v -0.051114 -0.045238 0.077838
v -0.051351 -0.047189 0.077819
v -0.051056 -0.047189 0.081309
v -0.042897 -0.045239 0.110098
v -0.049697 -0.045238 0.094653
v -0.048799 -0.047189 0.097274
v -0.049697 -0.045238 0.094653
v -0.049927 -0.047189 0.094712
v -0.048799 -0.047189 0.097274
v -0.031450 -0.045238 0.122497
v -0.042897 -0.045239 0.110098
v -0.041673 -0.047189 0.111769
v -0.042897 -0.045239 0.110098
v -0.043095 -0.047189 0.110228
v -0.041673 -0.047189 0.111769
v -0.016598 -0.045238 0.130508
v -0.031450 -0.045238 0.122497
v -0.030367 -0.047189 0.123348
v -0.031450 -0.045238 0.122497
v -0.031596 -0.047189 0.122685
v -0.030367 -0.047189 0.123348
v 0.000050 -0.045238 0.133263
v -0.016598 -0.045238 0.130508
v -0.015987 -0.047189 0.130847
v -0.016598 -0.045238 0.130508
v -0.016675 -0.047188 0.130733
v -0.015987 -0.047189 0.130847
v 0.000050 -0.045238 0.133263
v 0.000051 -0.047189 0.133500
v 0.016081 -0.047189 0.130802
v 0.016081 -0.047189 0.130802
v 0.016691 -0.045238 0.130462
v 0.000050 -0.045238 0.133263
v -0.015987 -0.047189 0.130847
v 0.000051 -0.047189 0.133500
v 0.000050 -0.045238 0.133263
v -0.030367 -0.047189 0.123348
v -0.016675 -0.047188 0.130733
v -0.016598 -0.045238 0.130508
v -0.041673 -0.047189 0.111769
v -0.031596 -0.047189 0.122685
v -0.031450 -0.045238 0.122497
v -0.048799 -0.047189 0.097274
v -0.043095 -0.047189 0.110228
v -0.042897 -0.045239 0.110098
v -0.051056 -0.047189 0.081309
v -0.049927 -0.047189 0.094712
v -0.049697 -0.045238 0.094653
v -0.051044 -0.047188 0.075005
v -0.051351 -0.047189 0.077819
v -0.051114 -0.045238 0.077838
v -0.043998 -0.047188 0.056444
v -0.047212 -0.047189 0.061378
v -0.046995 -0.045238 0.061474
v -0.031308 -0.047189 0.041094
v -0.037959 -0.047188 0.047173
v -0.037784 -0.045238 0.047333
v -0.024218 -0.047189 0.036611
v -0.024595 -0.047189 0.036741
v -0.024482 -0.045239 0.036950
v 0.008276 -0.047188 0.031859
v -0.000093 -0.047188 0.030500
v -0.000092 -0.045238 0.030737
v -0.046968 -0.068159 0.078992
v -0.048710 -0.065722 0.078588
v -0.047969 -0.067216 0.077703
v -0.048710 -0.065722 0.078588
v -0.048593 -0.065832 0.077480
v -0.047969 -0.067216 0.077703
v -0.047969 -0.067216 0.077703
v -0.046860 -0.068265 0.077874
v -0.046968 -0.068159 0.078992
v -0.066594 0.000433 -0.100407
v -0.066626 0.002116 -0.094907
v -0.067096 0.022074 -0.094907
v -0.066594 0.000433 -0.100407
v -0.066586 0.000434 -0.094907
v -0.066626 0.002116 -0.094907
v -0.067096 0.022074 -0.094907
v -0.067228 0.027352 -0.100407
v -0.066594 0.000433 -0.100407
v -0.067228 0.027352 -0.100407
v -0.067220 0.027352 -0.094907
v -0.061870 0.040941 -0.094914
v -0.061870 0.040941 -0.094914
v -0.057365 0.052405 -0.100420
v -0.067228 0.027352 -0.100407
v -0.038552 0.071666 -0.100446
v -0.057365 0.052405 -0.100420
v -0.052082 0.057806 -0.094928
v -0.057365 0.052405 -0.100420
v -0.057357 0.052405 -0.094920
v -0.052082 0.057806 -0.094928
v -0.038552 0.071666 -0.100446
v -0.038028 0.071884 -0.094947
v -0.019641 0.079627 -0.094973
v -0.038552 0.071666 -0.100446
v -0.038544 0.071666 -0.094946
v -0.038028 0.071884 -0.094947
v -0.052082 0.057806 -0.094928
v -0.038544 0.071666 -0.094946
v -0.038552 0.071666 -0.100446
v -0.061870 0.040941 -0.094914
v -0.057357 0.052405 -0.094920
v -0.057365 0.052405 -0.100420
v -0.067096 0.022074 -0.094907
v -0.067220 0.027352 -0.094907
v -0.067228 0.027352 -0.100407
v -0.059115 -0.016202 -0.094918
v -0.066586 0.000434 -0.094907
v -0.066594 0.000433 -0.100407
v 0.008406 -0.000451 -0.027740
v -0.000158 -0.020570 -0.016086
v 0.013574 -0.022568 -0.016644
v -0.026511 -0.028579 -0.018129
v -0.036468 -0.038007 -0.020622
v -0.032609 -0.046421 -0.005786
v -0.036468 -0.038007 -0.020622
v -0.042261 -0.028049 -0.033679
v -0.044222 -0.036172 -0.036145
v -0.026511 -0.028579 -0.018129
v -0.038375 -0.019898 -0.031717
v -0.042261 -0.028049 -0.033679
v -0.026511 -0.028579 -0.018129
v -0.032587 -0.012611 -0.030221
v -0.038375 -0.019898 -0.031717
v -0.013891 -0.022568 -0.016605
v -0.026511 -0.028579 -0.018129
v -0.022533 -0.040633 -0.003799
v -0.000158 -0.020570 -0.016086
v -0.013891 -0.022568 -0.016605
v -0.011665 -0.037136 -0.002520
v -0.013891 -0.022568 -0.016605
v -0.025347 -0.006820 -0.029084
v -0.032587 -0.012611 -0.030221
v -0.013891 -0.022568 -0.016605
v -0.017239 -0.002776 -0.028246
v -0.025347 -0.006820 -0.029084
v -0.013891 -0.022568 -0.016605
v -0.000158 -0.020570 -0.016086
v -0.008754 -0.000451 -0.027716
v -0.000158 -0.020570 -0.016086
v -0.000174 0.000301 -0.027539
v -0.008754 -0.000451 -0.027716
v -0.040580 0.005730 -0.040718
v -0.032587 -0.012611 -0.030221
v -0.025347 -0.006820 -0.029084
v -0.049719 -0.017607 -0.045485
v -0.042261 -0.028049 -0.033679
v -0.038375 -0.019898 -0.031717
v -0.049189 -0.029273 -0.049135
v -0.044222 -0.036172 -0.036145
v -0.042261 -0.028049 -0.033679
v -0.046844 -0.005354 -0.042716
v -0.038375 -0.019898 -0.031717
v -0.032587 -0.012611 -0.030221
v -0.058645 -0.007913 -0.057926
v -0.049719 -0.017607 -0.045485
v -0.046844 -0.005354 -0.042716
v -0.054830 -0.023530 -0.062332
v -0.049189 -0.029273 -0.049135
v -0.049719 -0.017607 -0.045485
v -0.057138 0.009025 -0.054766
v -0.046844 -0.005354 -0.042716
v -0.040580 0.005730 -0.040718
v -0.050347 0.024449 -0.052652
v -0.040580 0.005730 -0.040718
v -0.031801 0.014455 -0.039245
v -0.021619 0.020410 -0.038154
v -0.017239 -0.002776 -0.028246
v -0.008754 -0.000451 -0.027716
v -0.031801 0.014455 -0.039245
v -0.025347 -0.006820 -0.029084
v -0.017239 -0.002776 -0.028246
v -0.010931 0.023735 -0.037443
v -0.008754 -0.000451 -0.027716
v -0.000174 0.000301 -0.027539
v -0.026980 0.044571 -0.050041
v -0.021619 0.020410 -0.038154
v -0.010931 0.023735 -0.037443
v -0.039700 0.036496 -0.051161
v -0.031801 0.014455 -0.039245
v -0.021619 0.020410 -0.038154
v -0.054863 0.032656 -0.060406
v -0.050347 0.024449 -0.052652
v -0.039700 0.036496 -0.051161
v -0.062464 -0.003638 -0.065283
v -0.058645 -0.007913 -0.057926
v -0.057138 0.009025 -0.054766
v -0.057219 -0.021025 -0.069501
v -0.054830 -0.023530 -0.062332
v -0.058645 -0.007913 -0.057926
v -0.058904 -0.018804 -0.077307
v -0.057219 -0.021025 -0.069501
v -0.062464 -0.003638 -0.065283
v -0.065116 -0.000087 -0.073877
v -0.062464 -0.003638 -0.065283
v -0.061666 0.015295 -0.062323
v -0.061666 0.015295 -0.062323
v -0.057138 0.009025 -0.054766
v -0.050347 0.024449 -0.052652
v -0.064973 0.020191 -0.071503
v -0.061666 0.015295 -0.062323
v -0.054863 0.032656 -0.060406
v -0.064973 0.020191 -0.071503
v -0.067064 0.022816 -0.082489
v -0.066606 0.002096 -0.083841
v -0.065116 -0.000087 -0.073877
v -0.066606 0.002096 -0.083841
v -0.059890 -0.017213 -0.085825
v -0.059890 -0.017213 -0.085825
v -0.066606 0.002096 -0.083841
v -0.066586 0.000434 -0.094907
v -0.066606 0.002096 -0.083841
v -0.066626 0.002116 -0.094907
v -0.066586 0.000434 -0.094907
v -0.067096 0.022074 -0.094907
v -0.066626 0.002116 -0.094907
v -0.066606 0.002096 -0.083841
v -0.058493 0.039001 -0.070000
v -0.061242 0.042384 -0.081657
v -0.067064 0.022816 -0.082489
v -0.061242 0.042384 -0.081657
v -0.061870 0.040941 -0.094914
v -0.067220 0.027352 -0.094907
v -0.067220 0.027352 -0.094907
v -0.067064 0.022816 -0.082489
v -0.061242 0.042384 -0.081657
v -0.061242 0.042384 -0.081657
v -0.058493 0.039001 -0.070000
v -0.047084 0.054215 -0.068978
v -0.029807 0.055669 -0.058081
v -0.026980 0.044571 -0.050041
v -0.013595 0.048975 -0.049279
v -0.058493 0.039001 -0.070000
v -0.054863 0.032656 -0.060406
v -0.043594 0.046357 -0.059082
v -0.043594 0.046357 -0.059082
v -0.039700 0.036496 -0.051161
v -0.026980 0.044571 -0.050041
v -0.047084 0.054215 -0.068978
v -0.043594 0.046357 -0.059082
v -0.029807 0.055669 -0.058081
v -0.032596 0.064910 -0.068203
v -0.029807 0.055669 -0.058081
v -0.015077 0.060826 -0.057387
v -0.018289 0.078224 -0.080395
v -0.035350 0.070921 -0.080687
v -0.032596 0.064910 -0.068203
v -0.061242 0.042384 -0.081657
v -0.050171 0.058810 -0.081104
v -0.057357 0.052405 -0.094920
v -0.057357 0.052405 -0.094920
v -0.050171 0.058810 -0.081104
v -0.051565 0.059373 -0.087886
v -0.051565 0.059373 -0.087886
v -0.052082 0.057806 -0.094928
v -0.057357 0.052405 -0.094920
v -0.050171 0.058810 -0.081104
v -0.047084 0.054215 -0.068978
v -0.032596 0.064910 -0.068203
v -0.036715 0.072159 -0.087685
v -0.051565 0.059373 -0.087886
v -0.050171 0.058810 -0.081104
v -0.051565 0.059373 -0.087886
v -0.036715 0.072159 -0.087685
v -0.038544 0.071666 -0.094946
v -0.036715 0.072159 -0.087685
v -0.038028 0.071884 -0.094947
v -0.038544 0.071666 -0.094946
v -0.019145 0.080077 -0.087548
v -0.036715 0.072159 -0.087685
v -0.035350 0.070921 -0.080687
v -0.019641 0.079627 -0.094973
v -0.038028 0.071884 -0.094947
v -0.036715 0.072159 -0.087685
v -0.038544 0.071666 -0.094946
v -0.052082 0.057806 -0.094928
v -0.051565 0.059373 -0.087886
v -0.050171 0.058810 -0.081104
v -0.035350 0.070921 -0.080687
v -0.036715 0.072159 -0.087685
v -0.032596 0.064910 -0.068203
v -0.035350 0.070921 -0.080687
v -0.050171 0.058810 -0.081104
v -0.057357 0.052405 -0.094920
v -0.061870 0.040941 -0.094914
v -0.061242 0.042384 -0.081657
v -0.029807 0.055669 -0.058081
v -0.032596 0.064910 -0.068203
v -0.047084 0.054215 -0.068978
v -0.026980 0.044571 -0.050041
v -0.029807 0.055669 -0.058081
v -0.043594 0.046357 -0.059082
v -0.043594 0.046357 -0.059082
v -0.047084 0.054215 -0.068978
v -0.058493 0.039001 -0.070000
v -0.047084 0.054215 -0.068978
v -0.050171 0.058810 -0.081104
v -0.061242 0.042384 -0.081657
v -0.067220 0.027352 -0.094907
v -0.067096 0.022074 -0.094907
v -0.067064 0.022816 -0.082489
v -0.067064 0.022816 -0.082489
v -0.064973 0.020191 -0.071503
v -0.058493 0.039001 -0.070000
v -0.066606 0.002096 -0.083841
v -0.067064 0.022816 -0.082489
v -0.067096 0.022074 -0.094907
v -0.066586 0.000434 -0.094907
v -0.059115 -0.016202 -0.094918
v -0.059890 -0.017213 -0.085825
v -0.059890 -0.017213 -0.085825
v -0.058904 -0.018804 -0.077307
v -0.065116 -0.000087 -0.073877
v -0.066606 0.002096 -0.083841
v -0.065116 -0.000087 -0.073877
v -0.064973 0.020191 -0.071503
v -0.054863 0.032656 -0.060406
v -0.058493 0.039001 -0.070000
v -0.064973 0.020191 -0.071503
v -0.050347 0.024449 -0.052652
v -0.054863 0.032656 -0.060406
v -0.061666 0.015295 -0.062323
v -0.061666 0.015295 -0.062323
v -0.064973 0.020191 -0.071503
v -0.065116 -0.000087 -0.073877
v -0.062464 -0.003638 -0.065283
v -0.065116 -0.000087 -0.073877
v -0.058904 -0.018804 -0.077307
v -0.058645 -0.007913 -0.057926
v -0.062464 -0.003638 -0.065283
v -0.057219 -0.021025 -0.069501
v -0.057138 0.009025 -0.054766
v -0.061666 0.015295 -0.062323
v -0.062464 -0.003638 -0.065283
v -0.039700 0.036496 -0.051161
v -0.043594 0.046357 -0.059082
v -0.054863 0.032656 -0.060406
v -0.021619 0.020410 -0.038154
v -0.026980 0.044571 -0.050041
v -0.039700 0.036496 -0.051161
v -0.010931 0.023735 -0.037443
v -0.013595 0.048975 -0.049279
v -0.026980 0.044571 -0.050041
v -0.017239 -0.002776 -0.028246
v -0.021619 0.020410 -0.038154
v -0.031801 0.014455 -0.039245
v -0.008754 -0.000451 -0.027716
v -0.010931 0.023735 -0.037443
v -0.021619 0.020410 -0.038154
v -0.031801 0.014455 -0.039245
v -0.039700 0.036496 -0.051161
v -0.050347 0.024449 -0.052652
v -0.040580 0.005730 -0.040718
v -0.050347 0.024449 -0.052652
v -0.057138 0.009025 -0.054766
v -0.049719 -0.017607 -0.045485
v -0.058645 -0.007913 -0.057926
v -0.054830 -0.023530 -0.062332
v -0.046844 -0.005354 -0.042716
v -0.057138 0.009025 -0.054766
v -0.058645 -0.007913 -0.057926
v -0.032587 -0.012611 -0.030221
v -0.040580 0.005730 -0.040718
v -0.046844 -0.005354 -0.042716
v -0.042261 -0.028049 -0.033679
v -0.049719 -0.017607 -0.045485
v -0.049189 -0.029273 -0.049135
v -0.038375 -0.019898 -0.031717
v -0.046844 -0.005354 -0.042716
v -0.049719 -0.017607 -0.045485
v -0.025347 -0.006820 -0.029084
v -0.031801 0.014455 -0.039245
v -0.040580 0.005730 -0.040718
v -0.008754 -0.000451 -0.027716
v -0.017239 -0.002776 -0.028246
v -0.013891 -0.022568 -0.016605
v -0.032587 -0.012611 -0.030221
v -0.026511 -0.028579 -0.018129
v -0.013891 -0.022568 -0.016605
v -0.011665 -0.037136 -0.002520
v -0.000138 -0.035905 -0.002108
v -0.000158 -0.020570 -0.016086
v -0.022533 -0.040633 -0.003799
v -0.011665 -0.037136 -0.002520
v -0.013891 -0.022568 -0.016605
v -0.042261 -0.028049 -0.033679
v -0.036468 -0.038007 -0.020622
v -0.026511 -0.028579 -0.018129
v -0.044222 -0.036172 -0.036145
v -0.040115 -0.043470 -0.022235
v -0.036468 -0.038007 -0.020622
v -0.032609 -0.046421 -0.005786
v -0.022533 -0.040633 -0.003799
v -0.026511 -0.028579 -0.018129
v 0.008406 -0.000451 -0.027740
v -0.000174 0.000301 -0.027539
v -0.000158 -0.020570 -0.016086
v 0.040772 -0.065344 0.107011
v 0.034927 -0.064545 0.114891
v 0.022478 -0.073695 0.105271
v 0.043215 -0.065831 0.102188
v 0.040772 -0.065344 0.107011
v 0.027659 -0.074758 0.096606
v 0.030600 -0.064106 0.119192
v 0.022599 -0.063553 0.124597
v 0.014652 -0.072908 0.111689
v 0.022478 -0.073695 0.105271
v 0.034927 -0.064545 0.114891
v 0.034514 -0.064488 0.115448
v 0.034514 -0.064488 0.115448
v 0.030600 -0.064106 0.119192
v 0.022478 -0.073695 0.105271
v 0.022478 -0.073695 0.105271
v 0.027659 -0.074758 0.096606
v 0.040772 -0.065344 0.107011
v 0.016769 -0.047189 0.130686
v 0.017590 -0.060867 0.128645
v 0.022688 -0.061096 0.126338
v 0.015544 -0.060813 0.129195
v 0.017590 -0.060867 0.128645
v 0.016769 -0.047189 0.130686
v 0.016769 -0.047189 0.130686
v 0.016081 -0.047189 0.130802
v 0.015544 -0.060813 0.129195
v 0.022688 -0.061096 0.126338
v 0.030440 -0.047188 0.123263
v 0.016769 -0.047189 0.130686
v 0.031668 -0.047189 0.122597
v 0.031711 -0.061694 0.120249
v 0.035769 -0.062073 0.116371
v 0.035769 -0.062073 0.116371
v 0.041715 -0.047188 0.111653
v 0.031668 -0.047189 0.122597
v 0.029362 -0.061538 0.121834
v 0.031711 -0.061694 0.120249
v 0.031668 -0.047189 0.122597
v 0.031668 -0.047189 0.122597
v 0.030440 -0.047188 0.123263
v 0.029362 -0.061538 0.121834
v 0.043132 -0.047189 0.110108
v 0.042261 -0.062925 0.107631
v 0.044797 -0.063409 0.102634
v 0.044797 -0.063409 0.102634
v 0.048800 -0.047188 0.097138
v 0.043132 -0.047189 0.110108
v 0.040098 -0.062642 0.110543
v 0.042261 -0.062925 0.107631
v 0.043132 -0.047189 0.110108
v 0.043132 -0.047189 0.110108
v 0.041715 -0.047188 0.111653
v 0.040098 -0.062642 0.110543
v 0.048597 -0.064780 0.088363
v 0.051013 -0.047189 0.081167
v 0.049921 -0.047189 0.094573
v 0.049921 -0.047189 0.094573
v 0.048800 -0.047188 0.097138
v 0.046688 -0.063997 0.096527
v 0.046688 -0.063997 0.096527
v 0.048019 -0.064411 0.092229
v 0.049921 -0.047189 0.094573
v 0.044797 -0.063409 0.102634
v 0.046688 -0.063997 0.096527
v 0.048800 -0.047188 0.097138
v 0.035769 -0.062073 0.116371
v 0.040098 -0.062642 0.110543
v 0.041715 -0.047188 0.111653
v 0.022688 -0.061096 0.126338
v 0.029362 -0.061538 0.121834
v 0.030440 -0.047188 0.123263
v 0.044797 -0.063409 0.102634
v 0.043215 -0.065831 0.102188
v 0.043410 -0.065894 0.101556
v 0.044797 -0.063409 0.102634
v 0.042261 -0.062925 0.107631
v 0.040772 -0.065344 0.107011
v 0.034927 -0.064545 0.114891
v 0.040772 -0.065344 0.107011
v 0.040098 -0.062642 0.110543
v 0.040772 -0.065344 0.107011
v 0.042261 -0.062925 0.107631
v 0.040098 -0.062642 0.110543
v 0.035769 -0.062073 0.116371
v 0.034514 -0.064488 0.115448
v 0.034927 -0.064545 0.114891
v 0.035769 -0.062073 0.116371
v 0.031711 -0.061694 0.120249
v 0.030600 -0.064106 0.119192
v 0.022599 -0.063553 0.124597
v 0.030600 -0.064106 0.119192
v 0.029362 -0.061538 0.121834
v 0.022688 -0.061096 0.126338
v 0.021896 -0.063504 0.125072
v 0.022599 -0.063553 0.124597
v 0.030600 -0.064106 0.119192
v 0.031711 -0.061694 0.120249
v 0.029362 -0.061538 0.121834
v 0.022688 -0.061096 0.126338
v 0.017590 -0.060867 0.128645
v 0.016977 -0.063276 0.127300
v 0.016977 -0.063276 0.127300
v 0.021896 -0.063504 0.125072
v 0.022688 -0.061096 0.126338
v 0.029362 -0.061538 0.121834
v 0.022688 -0.061096 0.126338
v 0.022599 -0.063553 0.124597
v 0.030600 -0.064106 0.119192
v 0.034514 -0.064488 0.115448
v 0.035769 -0.062073 0.116371
v 0.040098 -0.062642 0.110543
v 0.035769 -0.062073 0.116371
v 0.034927 -0.064545 0.114891
v 0.040772 -0.065344 0.107011
v 0.043215 -0.065831 0.102188
v 0.044797 -0.063409 0.102634
v 0.016691 -0.045238 0.130462
v 0.016769 -0.047189 0.130686
v 0.030440 -0.047188 0.123263
v 0.030440 -0.047188 0.123263
v 0.031522 -0.045239 0.122409
v 0.016691 -0.045238 0.130462
v 0.031522 -0.045239 0.122409
v 0.031668 -0.047189 0.122597
v 0.041715 -0.047188 0.111653
v 0.041715 -0.047188 0.111653
v 0.042933 -0.045238 0.109978
v 0.031522 -0.045239 0.122409
v 0.042933 -0.045238 0.109978
v 0.043132 -0.047189 0.110108
v 0.048800 -0.047188 0.097138
v 0.048800 -0.047188 0.097138
v 0.049690 -0.045239 0.094515
v 0.042933 -0.045238 0.109978
v 0.049690 -0.045239 0.094515
v 0.049921 -0.047189 0.094573
v 0.051013 -0.047189 0.081167
v 0.051013 -0.047189 0.081167
v 0.051061 -0.045238 0.077696
v 0.049690 -0.045239 0.094515
v 0.051061 -0.045238 0.077696
v 0.050982 -0.047188 0.074863
v 0.049606 -0.047188 0.068236
v 0.051061 -0.045238 0.077696
v 0.051297 -0.047189 0.077676
v 0.050982 -0.047188 0.074863
v 0.051013 -0.047189 0.081167
v 0.051297 -0.047189 0.077676
v 0.051061 -0.045238 0.077696
v 0.048800 -0.047188 0.097138
v 0.049921 -0.047189 0.094573
v 0.049690 -0.045239 0.094515
v 0.041715 -0.047188 0.111653
v 0.043132 -0.047189 0.110108
v 0.042933 -0.045238 0.109978
v 0.030440 -0.047188 0.123263
v 0.031668 -0.047189 0.122597
v 0.031522 -0.045239 0.122409
v 0.016081 -0.047189 0.130802
v 0.016769 -0.047189 0.130686
v 0.016691 -0.045238 0.130462
v -0.019641 0.079627 -0.094973
v -0.013738 0.082116 -0.100481
v -0.038552 0.071666 -0.100446
v 0.056651 0.052332 -0.100500
v 0.056822 0.052405 -0.095079
v 0.061335 0.040941 -0.095086
v 0.044551 0.064968 -0.095062
v 0.044693 0.066471 -0.100500
v 0.040148 0.070143 -0.100500
v 0.044551 0.064968 -0.095062
v 0.048905 0.062424 -0.100500
v 0.044693 0.066471 -0.100500
v 0.051546 0.057806 -0.095072
v 0.052753 0.058029 -0.100500
v 0.048905 0.062424 -0.100500
v 0.048905 0.062424 -0.100500
v 0.044551 0.064968 -0.095062
v 0.051546 0.057806 -0.095072
v 0.051546 0.057806 -0.095072
v 0.056822 0.052405 -0.095079
v 0.056211 0.053321 -0.100500
v 0.056211 0.053321 -0.100500
v 0.052753 0.058029 -0.100500
v 0.051546 0.057806 -0.095072
v 0.040148 0.070143 -0.100500
v 0.038010 0.071666 -0.095053
v 0.044551 0.064968 -0.095062
v 0.056822 0.052405 -0.095079
v 0.056651 0.052332 -0.100500
v 0.056211 0.053321 -0.100500
v 0.019106 0.079627 -0.095027
v 0.019355 0.080567 -0.100500
v 0.013095 0.081495 -0.100500
v 0.019106 0.079627 -0.095027
v 0.028329 0.075743 -0.095040
v 0.024871 0.078641 -0.100500
v 0.024871 0.078641 -0.100500
v 0.022134 0.079663 -0.100500
v 0.019106 0.079627 -0.095027
v 0.028329 0.075743 -0.095040
v 0.030201 0.076250 -0.100500
v 0.024871 0.078641 -0.100500
v 0.028329 0.075743 -0.095040
v 0.037493 0.071883 -0.095052
v 0.035306 0.073410 -0.100500
v 0.035306 0.073410 -0.100500
v 0.030201 0.076250 -0.100500
v 0.028329 0.075743 -0.095040
v 0.037966 0.071615 -0.100500
v 0.035306 0.073410 -0.100500
v 0.037493 0.071883 -0.095052
v 0.037493 0.071883 -0.095052
v 0.038010 0.071666 -0.095053
v 0.037966 0.071615 -0.100500
v 0.022134 0.079663 -0.100500
v 0.019355 0.080567 -0.100500
v 0.019106 0.079627 -0.095027
v -0.000267 0.082116 -0.095000
v 0.013195 0.082116 -0.095019
v 0.013095 0.081495 -0.100500
v -0.013738 0.082116 -0.100481
v -0.013730 0.082116 -0.094981
v -0.000267 0.082116 -0.095000
v -0.000267 0.082116 -0.095000
v -0.000148 0.083462 -0.100500
v -0.013738 0.082116 -0.100481
v 0.013095 0.081495 -0.100500
v -0.000148 0.083462 -0.100500
v -0.000267 0.082116 -0.095000
v 0.013095 0.081495 -0.100500
v 0.013195 0.082116 -0.095019
v 0.019106 0.079627 -0.095027
v 0.040148 0.070143 -0.100500
v 0.037966 0.071615 -0.100500
v 0.038010 0.071666 -0.095053
v -0.019641 0.079627 -0.094973
v -0.013730 0.082116 -0.094981
v -0.013738 0.082116 -0.100481
v 0.010556 0.023735 -0.037473
v -0.000187 0.024785 -0.037199
v -0.000174 0.000301 -0.027539
v 0.014647 0.060826 -0.057429
v -0.000215 0.062439 -0.057141
v -0.000204 0.050338 -0.049009
v 0.031421 0.014455 -0.039333
v 0.021242 0.020410 -0.038213
v 0.016890 -0.002776 -0.028294
v 0.013187 0.048975 -0.049316
v -0.000204 0.050338 -0.049009
v -0.000187 0.024785 -0.037199
v 0.021242 0.020410 -0.038213
v 0.010556 0.023735 -0.037473
v 0.008406 -0.000451 -0.027740
v 0.026570 0.044571 -0.050115
v 0.013187 0.048975 -0.049316
v 0.010556 0.023735 -0.037473
v 0.039286 0.036496 -0.051272
v 0.026570 0.044571 -0.050115
v 0.021242 0.020410 -0.038213
v 0.040196 0.005730 -0.040831
v 0.031421 0.014455 -0.039333
v 0.024995 -0.006820 -0.029154
v 0.049930 0.024449 -0.052792
v 0.039286 0.036496 -0.051272
v 0.031421 0.014455 -0.039333
v 0.043160 0.046358 -0.059203
v 0.029374 0.055669 -0.058163
v 0.026570 0.044571 -0.050115
v -0.000247 0.080648 -0.080299
v -0.000229 0.073029 -0.067472
v 0.016182 0.071055 -0.067708
v 0.029374 0.055669 -0.058163
v 0.014647 0.060826 -0.057429
v 0.013187 0.048975 -0.049316
v 0.016182 0.071055 -0.067708
v -0.000229 0.073029 -0.067472
v -0.000215 0.062439 -0.057141
v 0.032136 0.064910 -0.068294
v 0.016182 0.071055 -0.067708
v 0.014647 0.060826 -0.057429
v 0.032136 0.064910 -0.068294
v 0.034855 0.070921 -0.080784
v 0.026518 0.075185 -0.080596
v 0.026518 0.075185 -0.080596
v 0.016182 0.071055 -0.067708
v 0.032136 0.064910 -0.068294
v -0.000247 0.080648 -0.080299
v 0.017795 0.078224 -0.080445
v 0.013195 0.082116 -0.095019
v 0.017795 0.078224 -0.080445
v 0.019106 0.079627 -0.095027
v 0.013195 0.082116 -0.095019
v 0.019106 0.079627 -0.095027
v 0.017795 0.078224 -0.080445
v 0.026518 0.075185 -0.080596
v 0.028329 0.075743 -0.095040
v 0.026518 0.075185 -0.080596
v 0.034855 0.070921 -0.080784
v 0.046621 0.054215 -0.069109
v 0.049674 0.058810 -0.081243
v 0.042635 0.065449 -0.081001
v 0.042635 0.065449 -0.081001
v 0.032136 0.064910 -0.068294
v 0.046621 0.054215 -0.069109
v 0.054424 0.032656 -0.060559
v 0.043160 0.046358 -0.059203
v 0.039286 0.036496 -0.051272
v 0.046621 0.054215 -0.069109
v 0.032136 0.064910 -0.068294
v 0.029374 0.055669 -0.058163
v 0.058027 0.039001 -0.070162
v 0.046621 0.054215 -0.069109
v 0.043160 0.046358 -0.059203
v 0.060744 0.042383 -0.081827
v 0.049674 0.058810 -0.081243
v 0.046621 0.054215 -0.069109
v 0.038010 0.071666 -0.095053
v 0.034855 0.070921 -0.080784
v 0.042635 0.065449 -0.081001
v 0.042635 0.065449 -0.081001
v 0.044551 0.064968 -0.095062
v 0.038010 0.071666 -0.095053
v 0.044551 0.064968 -0.095062
v 0.042635 0.065449 -0.081001
v 0.049674 0.058810 -0.081243
v 0.060744 0.042383 -0.081827
v 0.061335 0.040941 -0.095086
v 0.056822 0.052405 -0.095079
v 0.056822 0.052405 -0.095079
v 0.049674 0.058810 -0.081243
v 0.060744 0.042383 -0.081827
v 0.013574 -0.022568 -0.016644
v 0.016890 -0.002776 -0.028294
v 0.008406 -0.000451 -0.027740
v -0.013595 0.048975 -0.049279
v -0.010931 0.023735 -0.037443
v -0.000187 0.024785 -0.037199
v -0.015077 0.060826 -0.057387
v -0.013595 0.048975 -0.049279
v -0.000204 0.050338 -0.049009
v -0.016642 0.071055 -0.067662
v -0.015077 0.060826 -0.057387
v -0.000215 0.062439 -0.057141
v -0.000247 0.080648 -0.080299
v -0.018289 0.078224 -0.080395
v -0.016642 0.071055 -0.067662
v -0.000247 0.080648 -0.080299
v -0.000267 0.082116 -0.095000
v -0.019145 0.080077 -0.087548
v -0.019145 0.080077 -0.087548
v -0.000267 0.082116 -0.095000
v -0.013730 0.082116 -0.094981
v -0.013730 0.082116 -0.094981
v -0.019641 0.079627 -0.094973
v -0.019145 0.080077 -0.087548
v -0.036715 0.072159 -0.087685
v -0.019145 0.080077 -0.087548
v -0.019641 0.079627 -0.094973
v -0.019145 0.080077 -0.087548
v -0.018289 0.078224 -0.080395
v -0.000247 0.080648 -0.080299
v -0.016642 0.071055 -0.067662
v -0.000229 0.073029 -0.067472
v -0.000247 0.080648 -0.080299
v -0.035350 0.070921 -0.080687
v -0.018289 0.078224 -0.080395
v -0.019145 0.080077 -0.087548
v -0.032596 0.064910 -0.068203
v -0.016642 0.071055 -0.067662
v -0.018289 0.078224 -0.080395
v -0.000215 0.062439 -0.057141
v -0.000229 0.073029 -0.067472
v -0.016642 0.071055 -0.067662
v -0.000204 0.050338 -0.049009
v -0.000215 0.062439 -0.057141
v -0.015077 0.060826 -0.057387
v -0.015077 0.060826 -0.057387
v -0.016642 0.071055 -0.067662
v -0.032596 0.064910 -0.068203
v -0.013595 0.048975 -0.049279
v -0.015077 0.060826 -0.057387
v -0.029807 0.055669 -0.058081
v -0.000187 0.024785 -0.037199
v -0.000204 0.050338 -0.049009
v -0.013595 0.048975 -0.049279
v -0.000174 0.000301 -0.027539
v -0.000187 0.024785 -0.037199
v -0.010931 0.023735 -0.037443
v 0.024995 -0.006820 -0.029154
v 0.016890 -0.002776 -0.028294
v 0.013574 -0.022568 -0.016644
v 0.056822 0.052405 -0.095079
v 0.051546 0.057806 -0.095072
v 0.049674 0.058810 -0.081243
v 0.049674 0.058810 -0.081243
v 0.051546 0.057806 -0.095072
v 0.044551 0.064968 -0.095062
v 0.038010 0.071666 -0.095053
v 0.037493 0.071883 -0.095052
v 0.034855 0.070921 -0.080784
v 0.046621 0.054215 -0.069109
v 0.058027 0.039001 -0.070162
v 0.060744 0.042383 -0.081827
v 0.043160 0.046358 -0.059203
v 0.054424 0.032656 -0.060559
v 0.058027 0.039001 -0.070162
v 0.029374 0.055669 -0.058163
v 0.043160 0.046358 -0.059203
v 0.046621 0.054215 -0.069109
v 0.039286 0.036496 -0.051272
v 0.049930 0.024449 -0.052792
v 0.054424 0.032656 -0.060559
v 0.042635 0.065449 -0.081001
v 0.034855 0.070921 -0.080784
v 0.032136 0.064910 -0.068294
v 0.034855 0.070921 -0.080784
v 0.037493 0.071883 -0.095052
v 0.028329 0.075743 -0.095040
v 0.026518 0.075185 -0.080596
v 0.028329 0.075743 -0.095040
v 0.019106 0.079627 -0.095027
v 0.013195 0.082116 -0.095019
v -0.000267 0.082116 -0.095000
v -0.000247 0.080648 -0.080299
v 0.026518 0.075185 -0.080596
v 0.017795 0.078224 -0.080445
v 0.016182 0.071055 -0.067708
v 0.014647 0.060826 -0.057429
v 0.029374 0.055669 -0.058163
v 0.032136 0.064910 -0.068294
v -0.000215 0.062439 -0.057141
v 0.014647 0.060826 -0.057429
v 0.016182 0.071055 -0.067708
v 0.013187 0.048975 -0.049316
v 0.026570 0.044571 -0.050115
v 0.029374 0.055669 -0.058163
v 0.016182 0.071055 -0.067708
v 0.017795 0.078224 -0.080445
v -0.000247 0.080648 -0.080299
v 0.026570 0.044571 -0.050115
v 0.039286 0.036496 -0.051272
v 0.043160 0.046358 -0.059203
v 0.031421 0.014455 -0.039333
v 0.040196 0.005730 -0.040831
v 0.049930 0.024449 -0.052792
v 0.021242 0.020410 -0.038213
v 0.031421 0.014455 -0.039333
v 0.039286 0.036496 -0.051272
v 0.010556 0.023735 -0.037473
v 0.021242 0.020410 -0.038213
v 0.026570 0.044571 -0.050115
v 0.008406 -0.000451 -0.027740
v 0.016890 -0.002776 -0.028294
v 0.021242 0.020410 -0.038213
v -0.000187 0.024785 -0.037199
v 0.010556 0.023735 -0.037473
v 0.013187 0.048975 -0.049316
v 0.016890 -0.002776 -0.028294
v 0.024995 -0.006820 -0.029154
v 0.031421 0.014455 -0.039333
v -0.000204 0.050338 -0.049009
v 0.013187 0.048975 -0.049316
v 0.014647 0.060826 -0.057429
v -0.000174 0.000301 -0.027539
v 0.008406 -0.000451 -0.027740
v 0.010556 0.023735 -0.037473
vn -0.6999 0.6433 0.3103
vn -0.6920 0.6440 0.3261
vn -0.0806 0.8326 0.5480
vn 0.0297 0.8187 0.5735
vn 0.1098 0.8309 0.5455
vn 0.2358 0.8601 0.4524
vn 0.1229 0.8246 0.5521
vn 0.3179 0.7934 0.5191
vn 0.1668 0.8878 0.4290
vn 0.0203 0.7064 0.7075
vn 0.0208 0.7064 0.7075
vn 0.1235 0.8246 0.5521
vn -0.1074 0.8142 0.5706
vn -0.0802 0.8326 0.5480
vn -0.6394 0.7255 0.2546
vn -0.0839 -0.9881 0.1290
vn -0.0493 -0.9894 0.1365
vn -0.2540 -0.9540 -0.1593
vn -0.0857 -0.9849 -0.1506
vn -0.0939 -0.9847 -0.1470
vn -0.0774 -0.9965 -0.0325
vn -0.2310 -0.9722 -0.0369
vn -0.3787 -0.9238 -0.0565
vn -0.4139 -0.8934 -0.1747
vn -0.0949 -0.9677 -0.2334
vn -0.2802 -0.9331 -0.2255
vn -0.4548 -0.8645 -0.2140
vn 0.2482 -0.9633 0.1018
vn 0.2540 -0.9622 0.0983
vn 0.1598 -0.9788 0.1279
vn 0.4173 -0.9051 -0.0816
vn 0.4522 -0.8784 -0.1548
vn 0.4880 -0.8427 -0.2275
vn 0.2775 -0.9492 -0.1486
vn 0.0534 -0.9892 0.1364
vn 0.1515 -0.9833 0.1005
vn 0.0533 -0.9892 0.1364
vn 0.1577 -0.9791 0.1286
vn 0.0842 -0.9883 0.1272
vn 0.2556 -0.9655 -0.0501
vn 0.0860 -0.9959 -0.0293
vn 0.0935 -0.9847 -0.1472
vn 0.3011 -0.9243 -0.2347
vn 0.1016 -0.9662 -0.2369
vn -0.6007 -0.7733 -0.2027
vn -0.6384 -0.7389 -0.2155
vn -0.5968 -0.7745 -0.2096
vn -0.5524 -0.8163 -0.1689
vn -0.5314 -0.8263 -0.1866
vn -0.5821 -0.7903 -0.1915
vn -0.5867 -0.7858 -0.1959
vn -0.6388 -0.7376 -0.2191
vn 0.0942 -0.9677 -0.2337
vn 0.2796 -0.9331 -0.2263
vn 0.0853 -0.9849 -0.1508
vn 0.0774 -0.9965 -0.0328
vn 0.2309 -0.9722 -0.0376
vn 0.2535 -0.9540 -0.1600
vn 0.4542 -0.8645 -0.2153
vn 0.4134 -0.8934 -0.1759
vn 0.3786 -0.9238 -0.0576
vn 0.2549 -0.9617 0.1010
vn 0.1576 -0.9791 0.1286
vn -0.4887 -0.8427 -0.2261
vn -0.3017 -0.9243 -0.2339
vn -0.1022 -0.9662 -0.2366
vn -0.4526 -0.8784 -0.1535
vn -0.4175 -0.9051 -0.0804
vn -0.2558 -0.9655 -0.0494
vn -0.0861 -0.9959 -0.0291
vn -0.2779 -0.9492 -0.1479
vn -0.9479 0.2314 0.2188
vn -0.9060 -0.4207 -0.0479
vn -0.9502 0.2782 0.1407
vn -0.9380 0.3149 0.1451
vn -0.9525 0.2740 0.1331
vn -0.8959 -0.4344 -0.0928
vn -0.9095 -0.4064 -0.0871
vn -0.8805 -0.4503 -0.1482
vn -0.8595 -0.4902 -0.1448
vn -0.8963 -0.4242 -0.1292
vn -0.9457 0.3228 0.0392
vn -0.9525 0.2742 0.1327
vn -0.8665 -0.4735 -0.1580
vn 0.1178 0.5909 -0.7981
vn 0.1282 0.6013 -0.7887
vn 0.0586 0.9886 0.1390
vn 0.0508 0.9268 0.3722
vn 0.3711 0.3331 -0.8668
vn 0.1113 0.9849 -0.1328
vn 0.0050 0.9902 0.1394
vn 0.1776 0.9752 -0.1317
vn 0.1815 0.9692 0.1662
vn 0.2981 0.8850 0.3577
vn 0.2979 0.8851 0.3576
vn 0.2066 0.9514 0.2285
vn 0.1972 0.9713 0.1331
vn 0.2979 0.8851 0.3575
vn 0.0668 0.9357 0.3465
vn 0.1421 0.8534 0.5015
vn 0.1418 0.8538 0.5009
vn 0.0392 0.8891 0.4560
vn 0.0508 0.9269 0.3719
vn 0.1947 0.9207 0.3383
vn 0.1573 0.9840 -0.0838
vn 0.2119 0.8834 -0.4179
vn 0.0701 0.9831 0.1693
vn -0.1012 0.8853 0.4538
vn -0.1014 0.8851 0.4542
vn -0.0491 0.9269 0.3721
vn -0.0571 0.9314 0.3595
vn -0.0590 0.9885 0.1392
vn -0.0490 0.9268 0.3723
vn -0.1564 0.8186 0.5526
vn 0.1876 -0.9406 0.2829
vn 0.2840 -0.9398 0.1903
vn 0.2065 -0.9042 0.3738
vn 0.2839 -0.9398 0.1903
vn 0.2531 -0.9303 0.2655
vn 0.2916 0.4324 -0.8532
vn 0.1565 -0.2200 -0.9629
vn 0.1565 -0.2199 -0.9629
vn -0.9122 -0.4097 0.0013
vn -0.7629 -0.6465 0.0011
vn -0.2024 -0.9793 0.0004
vn -0.2025 -0.9793 0.0003
vn -0.2024 -0.9793 0.0002
vn 0.2011 -0.9729 -0.1139
vn 0.2441 -0.9391 0.2420
vn 0.0858 -0.9963 0.0017
vn 0.0076 -1.0000 -0.0000
vn 0.1963 -0.9477 0.2516
vn 0.2003 -0.9683 0.1492
vn -0.5434 -0.8395 0.0008
vn 0.4852 -0.8743 0.0156
vn 0.1000 0.6704 0.7353
vn 0.2920 0.6420 0.7090
vn -0.8218 -0.5543 -0.1317
vn -0.5084 -0.2289 0.8301
vn -0.7629 -0.6465 -0.0023
vn -0.8058 -0.5917 -0.0241
vn -0.8249 -0.5628 -0.0529
vn -0.8334 -0.5457 0.0870
vn -0.8077 -0.5891 -0.0237
vn -0.8077 -0.5891 -0.0246
vn -0.8536 -0.4997 0.1474
vn -0.8594 -0.5095 -0.0425
vn -0.8594 -0.5095 -0.0421
vn -0.9448 -0.2156 0.2467
vn -0.9560 -0.2929 0.0171
vn -0.9474 0.0645 0.3136
vn -0.9889 -0.0015 0.1485
vn -0.8196 0.3801 0.4287
vn -0.7083 0.2817 0.6473
vn -0.8935 0.3697 0.2550
vn -0.6920 0.6440 0.3260
vn -0.8935 0.3696 0.2551
vn -0.9889 -0.0015 0.1484
vn -0.9560 -0.2930 0.0172
vn -0.8071 -0.5904 0.0062
vn -0.8070 -0.5904 -0.0169
vn 0.1282 0.6795 0.7224
vn -0.1026 -0.9471 -0.3042
vn -0.4928 -0.8343 -0.2472
vn -0.1035 -0.9587 -0.2650
vn -0.3043 -0.9091 -0.2846
vn -0.2880 -0.9277 -0.2377
vn -0.1995 -0.9639 -0.1766
vn -0.2011 -0.9720 -0.1212
vn -0.4677 -0.8621 -0.1952
vn -0.5399 -0.8337 -0.1160
vn -0.4693 -0.8793 -0.0811
vn 0.3017 -0.9097 -0.2852
vn 0.4883 -0.8365 -0.2484
vn 0.1023 -0.9470 -0.3046
vn 0.3046 -0.9199 -0.2471
vn 0.2009 -0.9720 -0.1218
vn 0.2893 -0.9410 -0.1752
vn 0.0967 -0.9602 -0.2619
vn 0.0981 -0.9884 -0.1156
vn -0.6604 -0.7269 -0.1882
vn -0.6388 -0.7375 -0.2193
vn -0.6685 -0.7191 -0.1898
vn -0.6442 -0.7502 -0.1490
vn -0.6528 -0.7431 -0.1472
vn -0.6472 -0.7465 -0.1546
vn -0.6160 -0.7799 -0.1107
vn -0.6201 -0.7779 -0.1017
vn -0.5430 -0.8388 -0.0395
vn -0.6528 -0.7432 -0.1471
vn 0.1990 -0.9639 -0.1771
vn 0.1028 -0.9587 -0.2653
vn 0.2007 -0.9720 -0.1218
vn 0.2874 -0.9277 -0.2385
vn 0.1018 -0.9471 -0.3045
vn 0.3036 -0.9090 -0.2855
vn -0.2012 -0.9720 -0.1212
vn -0.4938 -0.8446 -0.2072
vn -0.2898 -0.9411 -0.1744
vn -0.0984 -0.9884 -0.1154
vn -0.3052 -0.9199 -0.2462
vn -0.3025 -0.9097 -0.2844
vn -0.0974 -0.9602 -0.2616
vn -0.4891 -0.8365 -0.2470
vn -0.1032 -0.9470 -0.3043
vn -0.9432 -0.3320 0.0094
vn -0.9610 -0.2708 0.0564
vn -0.8569 -0.5120 -0.0602
vn -0.7908 -0.6064 -0.0827
vn -0.8764 -0.4799 -0.0406
vn -0.7634 -0.6423 -0.0687
vn -0.8872 -0.4595 -0.0421
vn -0.7461 -0.6619 -0.0726
vn -0.7399 -0.6686 -0.0746
vn -0.6244 -0.7800 -0.0425
vn -0.7366 -0.6721 -0.0754
vn -0.7380 -0.6707 -0.0747
vn -0.9479 0.2314 0.2189
vn -0.9942 -0.0507 0.0945
vn -0.9612 -0.2700 0.0565
vn -0.9060 -0.4205 -0.0480
vn -0.7915 -0.5996 -0.1186
vn -0.7860 -0.6176 -0.0264
vn -0.6242 -0.7802 -0.0419
vn -0.7510 -0.6598 -0.0264
vn -0.6243 -0.7801 -0.0419
vn -0.6916 -0.7223 -0.0032
vn -0.7671 -0.6332 -0.1030
vn -0.8827 -0.4694 -0.0202
vn -0.6917 -0.7222 0.0010
vn -0.6916 -0.7223 0.0010
vn 0.4080 0.8036 0.4333
vn 0.4754 0.6048 0.6389
vn 0.6926 0.6432 0.3265
vn 0.6401 0.7251 0.2541
vn 0.7013 0.6428 0.3082
vn 0.6628 0.5655 0.4908
vn 0.4122 0.8663 0.2821
vn 0.3925 0.8999 0.1899
vn 0.6403 0.7252 0.2531
vn 0.6538 0.7289 0.2028
vn 0.6262 0.7658 0.1463
vn 0.6260 0.7660 0.1461
vn 0.6401 0.7251 0.2542
vn 0.5748 0.7877 0.2217
vn 0.0296 0.8961 0.4430
vn 0.5186 0.7816 0.3468
vn 0.3575 -0.9308 0.0762
vn 0.3991 -0.9159 0.0437
vn 0.3576 -0.9308 0.0762
vn 0.6357 -0.7411 -0.2160
vn 0.6015 -0.7724 -0.2040
vn 0.6387 -0.7369 -0.2217
vn 0.6386 -0.7369 -0.2217
vn 0.5869 -0.7764 -0.2297
vn 0.5572 -0.8128 -0.1701
vn 0.5278 -0.8276 -0.1911
vn 0.5962 -0.7756 -0.2074
vn 0.5259 -0.8456 -0.0913
vn 0.5098 -0.8546 -0.0988
vn 0.5534 -0.8164 -0.1650
vn 0.5248 -0.8507 0.0303
vn 0.5142 -0.8575 -0.0158
vn 0.4631 -0.8857 0.0327
vn 0.5099 -0.8546 -0.0988
vn 0.4165 -0.9086 -0.0312
vn 0.5099 -0.8545 -0.0986
vn 0.5962 -0.7756 -0.2073
vn 0.9183 -0.3932 -0.0463
vn 0.9183 -0.3931 -0.0464
vn 0.9465 0.2351 0.2209
vn 0.9466 0.2350 0.2208
vn 0.9413 0.3066 0.1415
vn 0.9466 0.2351 0.2207
vn 0.9504 0.2785 0.1381
vn 0.9739 0.2267 0.0117
vn 0.9443 0.3283 0.0212
vn 0.9522 0.2760 0.1312
vn 0.9018 -0.4208 -0.0981
vn 0.8946 -0.4355 -0.1000
vn 0.8880 -0.4377 -0.1409
vn 0.8669 -0.4756 -0.1489
vn 0.8794 -0.4516 -0.1509
vn 0.9018 -0.4209 -0.0978
vn 0.9183 -0.3932 -0.0461
vn 0.9521 0.2755 0.1327
vn 0.9393 -0.3302 -0.0928
vn 0.8624 -0.4888 -0.1313
vn 0.7874 -0.6117 -0.0763
vn 0.8483 -0.5050 -0.1593
vn 0.8436 -0.4961 -0.2056
vn 0.8831 -0.4392 -0.1652
vn 0.9294 -0.3260 -0.1732
vn 0.8734 -0.4400 -0.2087
vn 0.9656 0.2108 -0.1523
vn 0.9519 -0.2780 -0.1290
vn 0.8536 -0.4904 -0.1759
vn 0.8539 -0.4899 -0.1757
vn 0.9256 -0.3078 -0.2205
vn 0.8737 -0.4398 -0.2081
vn 0.7353 -0.6657 -0.1268
vn 0.7187 -0.1415 -0.6807
vn 0.7246 0.0632 -0.6863
vn 0.7472 -0.0760 -0.6602
vn 0.7240 0.4485 -0.5241
vn 0.7267 0.4402 -0.5273
vn 0.6939 0.6495 -0.3109
vn 0.7026 0.6350 -0.3213
vn 0.6971 0.6484 -0.3059
vn 0.6972 0.6484 -0.3059
vn 0.6548 0.7047 -0.2731
vn 0.9460 -0.0853 -0.3126
vn 0.8626 -0.3109 -0.3991
vn 0.9070 0.0397 -0.4193
vn 0.9511 0.0383 -0.3066
vn 0.9453 -0.1970 -0.2599
vn 0.9721 -0.1678 -0.1637
vn 0.9605 0.0236 -0.2772
vn 0.9777 -0.1780 -0.1117
vn 0.9772 0.0622 -0.2030
vn 0.9007 0.1065 -0.4212
vn 0.9232 0.3416 -0.1761
vn 0.7923 0.6070 -0.0616
vn 0.8290 0.4259 -0.3624
vn 0.6546 0.7050 -0.2730
vn 0.9325 0.3379 -0.1274
vn 0.9773 0.0621 -0.2023
vn 0.9752 -0.0890 -0.2025
vn 0.8055 0.0871 -0.5862
vn 0.9069 0.0397 -0.4194
vn 0.4295 0.8960 0.1131
vn 0.4434 0.8106 0.3825
vn 0.4724 0.8803 0.0440
vn 0.4434 0.8104 0.3830
vn 0.6024 0.0640 -0.7956
vn 0.5112 0.4485 -0.7331
vn 0.4112 0.4778 -0.7763
vn 0.4547 0.2266 -0.8613
vn 0.4217 0.8169 -0.3935
vn 0.5073 0.4640 -0.7262
vn 0.4564 0.8324 -0.3143
vn 0.5091 0.6946 -0.5084
vn 0.7302 0.6320 -0.2596
vn 0.6786 0.6933 -0.2426
vn 0.7326 0.6751 -0.0870
vn 0.7533 0.6443 -0.1320
vn 0.7148 0.6991 -0.0161
vn 0.7171 0.6957 0.0420
vn 0.6784 0.6934 -0.2427
vn 0.6783 0.6936 -0.2424
vn 0.4445 0.8916 -0.0862
vn 0.5093 0.6942 -0.5087
vn 0.8542 0.0538 0.5172
vn 0.3909 0.9000 0.1930
vn 0.4100 0.4780 -0.7768
vn 0.4390 0.8951 -0.0776
vn 0.4949 -0.8630 0.1013
vn 0.4616 -0.8237 0.3292
vn 0.4362 -0.8867 0.1531
vn 0.4369 -0.8603 0.2627
vn 0.4803 -0.8726 0.0890
vn 0.4249 -0.8780 0.2202
vn 0.4254 -0.8781 0.2188
vn 0.4255 -0.8780 0.2194
vn 0.5585 -0.8252 0.0848
vn 0.9788 -0.1297 0.1585
vn 0.9856 -0.1473 0.0828
vn 0.9806 -0.1747 -0.0892
vn 0.9895 -0.1393 0.0387
vn 0.9885 -0.1281 0.0804
vn 0.9899 -0.1401 0.0197
vn 0.9904 -0.0829 -0.1109
vn 0.9915 -0.1287 0.0184
vn 0.8031 -0.5698 0.1742
vn 0.7759 -0.5573 0.2954
vn 0.7775 -0.5558 0.2943
vn 0.8148 -0.5766 0.0599
vn 0.8140 -0.5776 0.0616
vn 0.7574 -0.6310 0.1679
vn 0.9475 -0.3176 0.0364
vn 0.8162 -0.5745 0.0612
vn 0.7748 -0.5598 0.2938
vn 0.8041 -0.5679 0.1759
vn 0.4555 -0.2190 -0.8629
vn 0.4568 -0.2193 -0.8621
vn 0.8755 0.4287 -0.2230
vn 0.8860 -0.2171 -0.4097
vn 0.7549 0.4305 -0.4947
vn 0.8860 -0.2172 -0.4097
vn 0.7085 -0.2186 -0.6710
vn 0.5530 0.4319 -0.7125
vn 0.5544 0.3951 -0.7325
vn 0.4555 -0.2193 -0.8628
vn 0.8859 -0.2172 -0.4099
vn 0.8643 -0.4706 -0.1776
vn 0.9667 0.2433 -0.0799
vn 0.9779 0.1987 -0.0654
vn 0.8548 -0.4910 -0.1682
vn 0.9417 -0.3294 -0.0684
vn 0.7521 -0.6590 -0.0103
vn 0.7532 -0.6576 -0.0162
vn 0.9422 -0.3278 -0.0699
vn 0.7726 -0.6344 0.0255
vn 0.7859 -0.6182 0.0109
vn 0.7374 -0.6754 -0.0011
vn 0.7623 -0.6459 0.0404
vn 0.8861 -0.3978 0.2379
vn 0.8514 -0.4950 0.1733
vn 0.8058 -0.5922 -0.0030
vn 0.9120 -0.4096 0.0201
vn 0.9359 -0.3468 0.0616
vn 0.9991 -0.0237 0.0345
vn 0.9836 -0.0533 0.1724
vn 0.9706 -0.0228 0.2395
vn 0.9852 0.0316 0.1686
vn 0.9827 0.1162 0.1442
vn 0.9833 -0.1819 0.0116
vn 0.9990 -0.0237 -0.0373
vn 0.9118 0.4056 0.0646
vn 0.9793 0.2024 -0.0081
vn 0.9210 0.3625 0.1426
vn 0.9792 0.2027 -0.0081
vn 0.9826 -0.1817 -0.0377
vn 0.8056 -0.5925 -0.0030
vn 0.4853 -0.8743 0.0108
vn 0.5400 -0.8340 0.1136
vn 0.5394 -0.8335 -0.1195
vn 0.6506 -0.7595 -0.0009
vn 0.5920 0.1919 0.7828
vn 0.7306 0.2137 0.6485
vn 0.8953 -0.1702 0.4117
vn 0.6205 0.1669 0.7662
vn 0.7701 0.0359 0.6369
vn 0.7873 -0.0452 0.6149
vn 0.8712 -0.3186 0.3736
vn 0.9020 -0.3377 0.2690
vn 0.9228 0.2980 0.2442
vn 0.8727 -0.0397 0.4867
vn 0.8403 0.2504 0.4808
vn 0.9464 -0.0313 0.3214
vn 0.9897 -0.0101 0.1429
vn 0.9539 0.2789 0.1112
vn 0.9997 -0.0237 0.0011
vn 0.9997 -0.0224 0.0010
vn 0.9453 -0.3227 0.0466
vn 0.9306 -0.3359 0.1457
vn 0.9051 -0.4065 -0.1249
vn 0.9420 -0.3325 0.0457
vn 0.3318 0.4871 0.8079
vn 0.4198 0.3580 0.8340
vn 0.6329 0.2741 0.7241
vn 0.7840 0.2342 0.5749
vn 0.6243 0.4978 0.6020
vn 0.8117 0.2744 0.5156
vn 0.8585 0.4317 0.2768
vn 0.9902 -0.0024 0.1394
vn 0.9392 0.2656 0.2176
vn 0.8780 0.1285 0.4611
vn 0.9404 -0.2605 0.2185
vn 0.9564 -0.2918 0.0112
vn 0.8470 -0.5139 0.1359
vn 0.8592 -0.5090 -0.0519
vn 0.8333 -0.5463 0.0843
vn 0.8066 -0.5911 0.0036
vn 0.8247 -0.5632 -0.0516
vn 0.8083 -0.5861 -0.0551
vn 0.9050 -0.4066 -0.1249
vn 0.7627 -0.6463 -0.0246
vn 0.8001 -0.5992 0.0268
vn 0.8478 -0.5304 -0.0032
vn 0.8061 -0.5914 -0.0209
vn 0.8586 -0.5110 -0.0418
vn 0.8743 0.0638 0.4812
vn 0.9392 0.2655 0.2178
vn 0.6013 0.3258 0.7296
vn 0.3900 0.6493 0.6529
vn 0.6615 0.5667 0.4912
vn 0.9997 -0.0238 -0.0009
vn 0.9433 -0.3123 0.1121
vn 0.9404 -0.3339 0.0648
vn 0.9997 -0.0235 -0.0009
vn 0.9305 0.3663 0.0017
vn 0.9837 -0.0335 0.1765
vn 0.9570 -0.0055 0.2902
vn 0.8465 0.2810 0.4521
vn 0.8903 -0.0063 0.4553
vn 0.9206 0.2613 0.2901
vn 0.9349 -0.2877 0.2081
vn 0.9320 -0.1468 0.3315
vn 0.7948 0.0489 0.6049
vn 0.7418 0.1982 0.6407
vn 0.6110 0.2061 0.7643
vn 0.9121 0.0982 0.3980
vn 0.7363 0.2362 0.6341
vn 0.3951 0.3219 0.8604
vn 0.5527 0.2754 0.7865
vn 0.4931 -0.8446 -0.2085
vn 0.4691 -0.8793 -0.0824
vn 0.6291 -0.7742 -0.0692
vn 0.5718 -0.8169 -0.0757
vn 0.5432 -0.8393 -0.0224
vn 0.6095 -0.7847 -0.1129
vn 0.6248 -0.7705 -0.1266
vn 0.6557 -0.7391 -0.1540
vn 0.6248 -0.7704 -0.1267
vn 0.6687 -0.7176 -0.1946
vn 0.6502 -0.7416 -0.1654
vn 0.6611 -0.7247 -0.1943
vn 0.6502 -0.7416 -0.1655
vn 0.6248 -0.7705 -0.1265
vn 0.5395 -0.8337 -0.1175
vn 0.4671 -0.8621 -0.1965
vn 0.4920 -0.8343 -0.2486
vn 0.9925 -0.0951 0.0767
vn 0.9628 -0.2652 0.0516
vn 0.9661 -0.2526 0.0529
vn 0.9629 -0.2649 0.0514
vn 0.7697 -0.6319 -0.0905
vn 0.8401 -0.5368 -0.0780
vn 0.9368 -0.3492 0.0210
vn 0.8771 -0.4772 -0.0545
vn 0.9489 -0.3152 0.0139
vn 0.9629 -0.2650 0.0517
vn 0.8736 -0.4846 -0.0444
vn 0.4068 -0.9056 -0.1199
vn 0.8292 -0.5568 -0.0499
vn 0.7871 -0.6119 -0.0776
vn 0.8051 -0.5881 -0.0765
vn 0.7865 -0.6127 -0.0776
vn 0.0377 -0.9977 -0.0564
vn 0.8498 -0.5268 -0.0165
vn 0.7969 -0.6025 -0.0438
vn 0.7948 -0.6041 -0.0583
vn 0.6907 -0.7229 -0.0187
vn 0.7944 -0.6058 -0.0445
vn 0.8046 -0.5895 -0.0710
vn 0.8423 -0.5312 -0.0913
vn 0.6905 -0.7233 -0.0010
vn 0.6916 -0.7223 -0.0009
vn -0.9742 0.2047 -0.0955
vn -0.9720 0.2281 -0.0569
vn -0.9705 0.2332 -0.0608
vn -0.8662 -0.4728 -0.1620
vn -0.8584 -0.4814 -0.1772
vn -0.8546 -0.4916 -0.1675
vn -0.5176 0.7816 0.3482
vn -0.5550 0.8226 0.1236
vn -0.6847 0.6864 0.2451
vn -0.6845 0.6866 0.2449
vn -0.5765 0.8125 0.0867
vn -0.7304 0.6725 0.1194
vn -0.4096 0.8885 0.2071
vn -0.3872 0.9159 0.1054
vn -0.4644 0.8465 0.2603
vn -0.3168 0.7966 0.5148
vn -0.0144 0.8969 0.4421
vn -0.2198 0.8640 0.4530
vn -0.2190 0.8645 0.4525
vn 0.0033 0.6529 0.7575
vn 0.0047 0.6530 0.7574
vn -0.6411 0.7343 0.2229
vn -0.4067 0.8036 0.4345
vn -0.0495 -0.9894 0.1365
vn -0.1505 -0.9833 0.1024
vn -0.3672 -0.9273 0.0722
vn -0.2620 -0.9597 0.1019
vn -0.3668 -0.9275 0.0725
vn -0.2616 -0.9598 0.1020
vn -0.2599 -0.9608 0.0964
vn -0.1554 -0.9792 0.1302
vn -0.1557 -0.9792 0.1301
vn -0.4598 -0.8872 0.0370
vn -0.1131 -0.9226 -0.3688
vn -0.4728 -0.8803 0.0385
vn -0.5009 -0.8611 -0.0877
vn -0.5369 -0.8428 -0.0370
vn -0.5706 -0.8082 -0.1457
vn -0.5706 -0.8082 -0.1456
vn -0.5369 -0.8428 -0.0369
vn -0.2480 -0.9632 0.1035
vn -0.3993 -0.9156 0.0471
vn -0.1553 -0.9793 0.1301
vn -0.9748 0.2231 -0.0048
vn 0.1324 0.5634 -0.8155
vn -0.4397 0.8946 -0.0799
vn -0.1300 0.4311 -0.8929
vn -0.2637 0.5881 -0.7646
vn -0.0691 0.5672 -0.8207
vn -0.4634 0.8466 0.2615
vn -0.3381 0.9143 0.2229
vn -0.4607 0.8854 0.0619
vn -0.2800 0.8963 0.3439
vn -0.2065 0.9480 0.2423
vn -0.2799 0.8963 0.3439
vn -0.2808 0.8958 0.3446
vn -0.0695 0.9834 0.1675
vn -0.3045 0.3572 -0.8830
vn -0.0409 0.9898 -0.1367
vn -0.2137 0.8819 -0.4203
vn -0.1578 0.9837 -0.0862
vn -0.6770 0.6943 -0.2440
vn -0.6772 0.6942 -0.2441
vn -0.4446 0.8914 -0.0876
vn -0.4577 0.8376 -0.2983
vn -0.5311 0.3705 -0.7620
vn -0.5178 0.6690 -0.5332
vn -0.5186 0.6674 -0.5344
vn -0.5440 0.0206 -0.8388
vn -0.5311 0.3706 -0.7620
vn -0.5649 0.2793 -0.7765
vn -0.7201 0.6930 0.0339
vn -0.7174 0.6821 0.1417
vn -0.6209 0.7839 0.0029
vn -0.7183 0.6941 0.0477
vn -0.7527 0.6450 -0.1319
vn -0.3039 0.3573 -0.8832
vn -0.3929 0.8280 -0.4001
vn -0.5183 0.6682 -0.5338
vn -0.7700 0.5925 -0.2368
vn -0.7322 0.6755 -0.0875
vn -0.1806 0.9697 0.1647
vn -0.1785 0.9747 -0.1347
vn -0.0739 0.9875 0.1391
vn -0.3341 0.5780 -0.7445
vn -0.1964 0.9717 0.1314
vn -0.4288 0.8964 0.1124
vn -0.2886 -0.9397 0.1836
vn -0.2888 -0.9396 0.1835
vn -0.2510 -0.9309 0.2654
vn -0.1844 -0.9414 0.2824
vn -0.1589 -0.9373 0.3102
vn -0.1884 -0.9342 0.3031
vn -0.0779 -0.9389 0.3354
vn -0.0609 -0.9403 0.3349
vn 0.0005 -0.9365 0.3506
vn 0.0664 -0.9404 0.3335
vn 0.1912 -0.9331 0.3045
vn 0.0666 -0.9381 0.3399
vn 0.1877 -0.9406 0.2828
vn 0.1175 -0.8440 0.5234
vn 0.2522 -0.8507 0.4613
vn 0.1852 -0.8484 0.4959
vn 0.0007 -0.8480 0.5300
vn 0.0210 -0.8429 0.5377
vn -0.1424 -0.8505 0.5064
vn -0.0548 -0.8436 0.5342
vn -0.1283 -0.8453 0.5186
vn -0.2700 -0.8581 0.4367
vn -0.1988 -0.8485 0.4905
vn -0.2622 -0.8532 0.4508
vn -0.3675 -0.8702 0.3281
vn -0.3190 -0.8585 0.4016
vn -0.3652 -0.8656 0.3427
vn -0.3339 -0.8817 0.3332
vn -0.4702 -0.8721 0.1354
vn -0.3872 -0.8812 0.2711
vn -0.4336 -0.8766 0.2088
vn -0.4321 -0.8746 0.2198
vn -0.4574 -0.8421 0.2856
vn -0.4878 -0.8622 0.1363
vn -0.4935 -0.8666 0.0740
vn -0.4578 -0.8427 0.2834
vn -0.4271 -0.8791 0.2113
vn -0.4023 -0.8724 0.2777
vn -0.1984 -0.8484 0.4907
vn -0.0545 -0.8435 0.5343
vn 0.1432 -0.8516 0.5042
vn 0.2699 -0.8593 0.4345
vn 0.1617 -0.9362 0.3120
vn 0.0784 -0.9393 0.3339
vn 0.0663 -0.9404 0.3335
vn -0.0612 -0.9403 0.3349
vn -0.0616 -0.9370 0.3438
vn -0.1841 -0.9414 0.2827
vn -0.2003 -0.9032 0.3796
vn -0.9899 -0.1414 -0.0092
vn -0.9856 -0.1363 0.1005
vn -0.9882 -0.1077 -0.1090
vn -0.9883 -0.1080 -0.1078
vn -0.9763 -0.1995 -0.0835
vn -0.9076 -0.1289 0.3996
vn -0.9891 -0.0956 0.1120
vn -0.9922 -0.1240 -0.0111
vn -0.9902 -0.1116 0.0835
vn -0.7288 -0.1266 0.6730
vn -0.8982 -0.0800 0.4322
vn -0.9104 -0.1025 0.4008
vn -0.9516 -0.1300 0.2786
vn -0.4709 -0.1265 0.8731
vn -0.7324 -0.0798 0.6761
vn -0.8071 -0.1279 0.5763
vn -0.7034 -0.1031 0.7033
vn -0.1624 -0.1290 0.9783
vn -0.4735 -0.0714 0.8779
vn -0.5741 -0.1279 0.8087
vn -0.4355 -0.0977 0.8949
vn -0.1628 -0.0665 0.9844
vn -0.2794 -0.1305 0.9513
vn -0.1195 -0.0953 0.9882
vn 0.1656 -0.0664 0.9840
vn 0.0452 -0.1357 0.9897
vn 0.2545 -0.1232 0.9592
vn 0.0451 -0.1357 0.9897
vn -0.2787 -0.1365 0.9506
vn -0.5727 -0.1394 0.8078
vn -0.8045 -0.1443 0.5761
vn -0.9482 -0.1506 0.2797
vn -0.9889 -0.1232 0.0833
vn 0.2090 -0.5171 0.8300
vn 0.2094 -0.5169 0.8300
vn 0.0373 -0.5150 0.8564
vn 0.0372 -0.5152 0.8562
vn -0.0975 -0.5176 0.8500
vn -0.0978 -0.5177 0.8500
vn -0.2299 -0.5186 0.8235
vn -0.2295 -0.5173 0.8245
vn -0.3556 -0.5228 0.7747
vn -0.4717 -0.5280 0.7062
vn -0.4717 -0.5264 0.7074
vn -0.5750 -0.5349 0.6192
vn -0.5744 -0.5345 0.6200
vn -0.6625 -0.5433 0.5157
vn -0.6629 -0.5410 0.5175
vn -0.7324 -0.5512 0.3996
vn -0.7323 -0.5510 0.4002
vn -0.7820 -0.5597 0.2742
vn -0.7810 -0.5620 0.2724
vn -0.8096 -0.5704 0.1387
vn -0.8096 -0.5699 0.1403
vn -0.8139 -0.5799 0.0363
vn -0.8151 -0.5781 0.0376
vn -0.8157 -0.5773 0.0362
vn -0.8079 -0.5724 0.1403
vn -0.7841 -0.5574 0.2730
vn -0.7309 -0.5528 0.4003
vn -0.6648 -0.5392 0.5170
vn -0.5737 -0.5360 0.6193
vn -0.4729 -0.5253 0.7074
vn -0.3546 -0.5239 0.7745
vn -0.2299 -0.5169 0.8246
vn -0.0974 -0.5178 0.8499
vn 0.0373 -0.5153 0.8562
vn 0.2092 -0.5180 0.8294
vn -0.8543 -0.4912 -0.1701
vn -0.9746 -0.1766 -0.1379
vn -0.8683 -0.4434 -0.2223
vn -0.8684 -0.4434 -0.2221
vn -0.9629 0.2140 -0.1647
vn -0.8720 -0.4703 -0.1354
vn -0.8887 -0.4432 -0.1174
vn -0.8036 -0.5875 -0.0951
vn 0.0031 -0.1577 -0.9875
vn -0.8545 -0.4908 -0.1700
vn -0.7645 0.0857 -0.6389
vn -0.7512 0.3578 -0.5547
vn -0.4869 -0.8138 -0.3172
vn -0.6745 0.0206 -0.7380
vn -0.7512 0.3577 -0.5547
vn -0.9556 -0.1211 -0.2687
vn -0.9302 -0.1944 -0.3113
vn -0.8352 0.0811 -0.5440
vn -0.7102 0.6242 -0.3254
vn -0.7091 0.6273 -0.3220
vn -0.8092 0.0866 -0.5811
vn -0.7115 0.6230 -0.3249
vn -0.7105 0.6237 -0.3258
vn -0.8182 0.4523 -0.3551
vn -0.6560 0.7044 -0.2711
vn -0.7810 0.6191 -0.0819
vn -0.9016 0.1091 -0.4185
vn -0.9642 -0.2115 -0.1601
vn -0.9806 0.0625 -0.1856
vn -0.9637 0.0693 -0.2579
vn -0.9565 -0.1205 -0.2657
vn -0.9186 0.3703 -0.1378
vn -0.6562 0.7042 -0.2712
vn -0.9606 0.0334 -0.2758
vn -0.6173 0.6544 -0.4366
vn 0.0793 -0.2193 -0.9724
vn -0.0834 0.1205 -0.9892
vn -0.0833 0.1203 -0.9892
vn -0.3237 0.1191 -0.9386
vn -0.3237 0.1194 -0.9386
vn -0.3238 0.1192 -0.9386
vn -0.5550 0.4318 -0.7110
vn -0.5401 0.1207 -0.8329
vn -0.8319 0.1191 -0.5419
vn -0.8319 0.1193 -0.5419
vn -0.9558 0.1196 -0.2688
vn -0.9237 0.3046 -0.2325
vn -0.9893 0.1195 0.0834
vn -0.9893 0.1194 0.0834
vn -0.9087 0.1192 0.4001
vn -0.9087 0.1193 0.4001
vn -0.7295 0.1191 0.6735
vn -0.7294 0.1193 0.6736
vn -0.4713 0.1193 0.8738
vn -0.4714 0.1193 0.8738
vn -0.1621 0.1195 0.9795
vn -0.1626 0.1193 0.9794
vn 0.1648 0.1191 0.9791
vn 0.1648 0.1192 0.9791
vn -0.1620 0.1190 0.9796
vn -0.7295 0.1192 0.6735
vn -0.9087 0.1193 0.4000
vn -0.9894 0.1192 0.0834
vn -0.9868 0.1210 -0.1077
vn -0.6697 0.1203 -0.7328
vn -0.3231 0.1195 -0.9388
vn 0.1591 0.1190 -0.9801
vn -0.8088 -0.5396 0.2337
vn -0.9071 -0.4175 -0.0547
vn -0.6874 -0.7262 0.0031
vn -0.9997 -0.0235 0.0014
vn -0.9997 -0.0237 0.0014
vn -0.9305 0.3663 0.0014
vn -0.7154 0.6987 0.0010
vn -0.3881 0.9216 0.0005
vn -0.3892 0.9212 0.0006
vn -0.9305 0.3663 0.0013
vn -0.9997 -0.0235 0.0015
vn 0.1034 0.4652 0.8791
vn -0.6601 0.5667 0.4931
vn -0.8883 0.0770 0.4528
vn -0.6908 0.1596 0.7052
vn -0.5992 0.3258 0.7313
vn -0.3882 0.6493 0.6539
vn -0.1262 0.6795 0.7227
vn -0.4175 0.3580 0.8351
vn -0.3080 0.4431 0.8419
vn -0.1009 0.4652 0.8794
vn -0.0601 0.4802 0.8751
vn -0.3928 0.3219 0.8615
vn -0.7400 0.1981 0.6427
vn -0.9110 0.0983 0.4006
vn -0.5505 0.2754 0.7881
vn -0.7931 0.0489 0.6071
vn -0.9310 -0.1468 0.3341
vn -0.6089 0.2060 0.7660
vn -0.4445 0.3050 0.8422
vn -0.1568 0.3629 0.9185
vn -0.2666 0.3483 0.8987
vn -0.0515 0.3686 0.9281
vn -0.1843 0.4007 0.8975
vn -0.3076 0.3649 0.8788
vn -0.5491 0.3941 0.7370
vn -0.8890 -0.0063 0.4578
vn -0.9342 -0.2877 0.2108
vn -0.9430 -0.3123 0.1147
vn -0.9562 -0.0055 0.2928
vn -0.7345 0.2362 0.6361
vn -0.8453 0.2811 0.4544
vn -0.9833 -0.0334 0.1792
vn -0.9402 -0.3339 0.0674
vn -0.9419 -0.3326 0.0482
vn -0.9997 -0.0237 0.0018
vn -0.9997 -0.0235 0.0018
vn -0.9198 0.2612 0.2927
vn -0.9305 0.3663 0.0042
vn -0.9536 0.2789 0.1138
vn -0.7633 0.5496 0.3395
vn -0.2222 0.5343 0.8156
vn -0.6598 0.4874 0.5720
vn -0.3773 0.4848 0.7891
vn -0.4588 0.6100 0.6461
vn -0.2683 0.6735 0.6888
vn -0.3545 0.8095 0.4680
vn -0.8194 0.5465 0.1729
vn -0.8466 0.4872 0.2145
vn -0.7117 0.6950 -0.1024
vn -0.5547 0.7214 0.4146
vn -0.6416 0.7422 0.1935
vn -0.6492 0.7522 0.1125
vn -0.3889 0.9206 0.0354
vn -0.4009 0.8855 0.2348
vn -0.3878 0.9211 0.0352
vn -0.6166 0.7458 0.2522
vn -0.5711 0.6832 0.4550
vn -0.4673 0.5850 0.6629
vn -0.3799 0.4773 0.7924
vn -0.6615 0.4561 0.5954
vn -0.7703 0.5061 0.3879
vn -0.9997 -0.0235 0.0040
vn -0.9221 0.2980 0.2467
vn -0.9997 -0.0224 0.0039
vn -0.9054 -0.4065 -0.1224
vn -0.9452 -0.3227 0.0491
vn -0.9893 -0.0101 0.1457
vn -0.8390 0.2504 0.4831
vn -0.7287 0.2137 0.6506
vn -0.9456 -0.0313 0.3240
vn -0.9302 -0.3359 0.1483
vn -0.9012 -0.3377 0.2716
vn -0.8713 -0.0397 0.4891
vn -0.5498 0.3803 0.7437
vn -0.3084 0.3640 0.8789
vn -0.1832 0.4015 0.8974
vn -0.2890 0.3295 0.8988
vn -0.1714 0.3543 0.9193
vn -0.4508 0.2941 0.8428
vn -0.6183 0.1670 0.7680
vn -0.8701 -0.3186 0.3760
vn -0.7856 -0.0452 0.6171
vn -0.5898 0.1919 0.7844
vn -0.8941 -0.1702 0.4143
vn -0.7683 0.0359 0.6390
vn -0.4247 0.2821 0.8603
vn -0.1839 0.4750 0.8605
vn -0.3296 0.4870 0.8088
vn -0.0979 0.6704 0.7355
vn -0.2900 0.6419 0.7098
vn -0.6096 0.4763 0.6337
vn -0.7994 0.4017 0.4468
vn -0.4737 0.6048 0.6402
vn 0.0626 0.4802 0.8749
vn 0.3601 -0.8629 0.3546
vn 0.3965 -0.8714 0.2888
vn 0.2526 -0.8507 0.4610
vn 0.3599 -0.8628 0.3550
vn 0.3090 -0.8579 0.4106
vn 0.3667 -0.8713 0.3262
vn 0.4056 -0.1110 0.9073
vn 0.2542 -0.1278 0.9587
vn 0.1652 -0.1220 0.9787
vn 0.4760 -0.0715 0.8766
vn 0.6806 -0.1151 0.7235
vn 0.7343 -0.0796 0.6741
vn 0.5482 -0.1321 0.8258
vn 0.4730 -0.1224 0.8725
vn 0.8804 -0.1209 0.4585
vn 0.9126 -0.0901 0.3988
vn 0.7886 -0.1380 0.5992
vn 0.7310 -0.1246 0.6709
vn 0.9914 -0.1032 0.0808
vn 0.9087 -0.1286 0.3971
vn 0.9410 -0.1455 0.3055
vn 0.9436 -0.1296 0.3046
vn 0.7905 -0.1257 0.5994
vn 0.5495 -0.1236 0.8263
vn 0.7744 -0.5599 0.2947
vn 0.7212 -0.5512 0.4195
vn 0.6495 -0.5390 0.5364
vn 0.6510 -0.5378 0.5358
vn 0.6479 -0.5415 0.5357
vn 0.5571 -0.5348 0.6353
vn 0.4514 -0.5247 0.7218
vn 0.4502 -0.5269 0.7209
vn 0.4520 -0.5243 0.7217
vn 0.3319 -0.5230 0.7851
vn 0.3317 -0.5220 0.7858
vn 0.4514 -0.5265 0.7204
vn 0.5572 -0.5329 0.6368
vn 0.6489 -0.5412 0.5348
vn 0.7220 -0.5490 0.4211
vn 0.4738 0.1192 0.8725
vn 0.7314 0.1197 0.6714
vn 0.7314 0.1194 0.6714
vn 0.9098 0.1193 0.3976
vn 0.9098 0.1195 0.3975
vn 0.9895 0.1196 0.0806
vn 0.9896 0.1192 0.0807
vn 0.9486 0.2477 -0.1970
vn 0.9865 0.1205 -0.1105
vn 0.9896 0.1189 0.0805
vn 0.9097 0.1196 0.3976
vn 0.7314 0.1193 0.6714
vn 0.4732 0.1197 0.8728
vn 0.1652 0.1190 0.9791
vn 0.9299 0.3661 -0.0343
vn 0.6124 0.7578 0.2253
vn 0.6770 0.7046 0.2123
vn 0.7385 0.6467 0.1908
vn 0.6949 0.6783 0.2389
vn 0.7149 0.6983 0.0374
vn 0.7898 0.5801 0.1994
vn 0.7128 0.6961 0.0853
vn 0.9131 0.4062 -0.0343
vn 0.1445 0.9741 0.1739
vn 0.3774 0.8954 0.2364
vn 0.3428 0.9188 0.1957
vn 0.3994 0.8901 0.2196
vn 0.3862 0.9168 0.1018
vn 0.4719 0.8482 0.2405
vn 0.5594 0.8289 0.0076
vn 0.3890 0.9212 -0.0117
vn 0.3046 0.9363 0.1747
vn -0.0002 0.9937 -0.1124
vn -0.0000 1.0000 -0.0000
vn -0.0955 0.9674 0.2347
vn 0.1426 0.9607 0.2382
vn 0.3856 0.9160 -0.1107
vn 0.5592 0.8289 -0.0122
vn -0.3881 0.9216 0.0006
vn 0.0595 0.3664 0.9286
vn 0.0764 0.5562 0.8275
vn 0.2915 0.3295 0.8980
vn 0.0634 0.4187 0.9059
vn 0.1739 0.3543 0.9188
vn 0.1857 0.4015 0.8969
vn 0.3110 0.3639 0.8780
vn 0.4271 0.2820 0.8591
vn 0.4531 0.2941 0.8415
vn 0.3821 0.4773 0.7913
vn 0.1101 0.8546 0.5075
vn 0.2266 0.5310 0.8165
vn 0.0939 0.6953 0.7126
vn 0.2796 0.6594 0.6979
vn 0.4111 0.7832 0.4664
vn 0.3246 0.7936 0.5146
vn 0.1317 0.9673 0.2167
vn 0.3853 0.9146 0.1226
vn 0.3285 0.9369 0.1197
vn 0.4551 0.8858 0.0913
vn 0.6337 0.6570 0.4083
vn 0.5397 0.6948 0.4754
vn 0.5518 0.3802 0.7422
vn 0.4692 0.5850 0.6615
vn 0.6631 0.4561 0.5935
vn 0.7714 0.5061 0.3857
vn 0.5702 0.8041 0.1680
vn 0.7135 0.6968 0.0734
vn 0.6858 0.7246 0.0687
vn 0.8199 0.5464 0.1706
vn 0.1863 0.4750 0.8600
vn -0.0615 0.4184 0.9062
vn -0.0734 0.5569 0.8274
vn -0.0876 0.6993 0.7095
vn -0.1180 0.8587 0.4987
vn -0.0681 0.9927 0.0992
vn 0.0004 0.9643 0.2648
vn -0.3879 0.9212 -0.0299
vn -0.4105 0.9114 -0.0278
vn -0.1298 0.9560 0.2632
vn -0.1087 0.8546 0.5078
vn -0.3824 0.8823 0.2743
vn -0.3268 0.8048 0.4954
vn -0.0919 0.6953 0.7128
vn -0.0741 0.5562 0.8278
vn -0.2777 0.6594 0.6987
vn -0.2244 0.5310 0.8171
vn -0.0609 0.4187 0.9061
vn -0.0569 0.3664 0.9287
vn 0.3103 0.4431 0.8411
vn 0.7146 0.6980 0.0461
vn 0.7147 0.6979 0.0461
vn 0.3858 0.9129 0.1330
vn 0.7643 0.5496 0.3373
vn 0.6614 0.4873 0.5701
vn 0.4606 0.6100 0.6448
vn 0.5512 0.3942 0.7354
vn 0.5194 0.7203 0.4597
vn 0.3848 0.9134 0.1328
vn 0.3868 0.9183 0.0840
vn 0.0001 0.9951 0.0994
vn 0.2932 0.8168 0.4969
vn 0.2701 0.6735 0.6880
vn 0.0896 0.6992 0.7092
vn 0.2245 0.5343 0.8150
vn 0.1194 0.8587 0.4984
vn 0.3795 0.4847 0.7880
vn 0.4469 0.3050 0.8410
vn 0.3101 0.3649 0.8779
vn 0.1868 0.4007 0.8970
vn 0.1594 0.3629 0.9181
vn 0.0640 0.4184 0.9060
vn 0.2691 0.3483 0.8979
vn 0.0756 0.5569 0.8271
vn 0.0541 0.3686 0.9280
s 1
usemtl material_0
f 1//1 2//1 3//1
f 4//2 5//2 6//2
f 7//2 8//2 9//2
f 10//3 11//3 12//3
f 13//4 14//4 15//4
f 16//5 17//5 18//5
f 19//6 20//6 21//6
f 22//7 23//7 24//7
f 25//8 26//8 27//8
f 28//9 29//9 30//9
f 31//10 32//10 33//10
f 34//11 35//11 36//11
f 37//12 38//12 39//12
f 40//13 41//13 42//13
f 43//14 44//14 45//14
f 46//15 47//15 48//15
f 49//16 50//16 51//16
f 52//17 53//17 54//17
f 55//18 56//18 57//18
f 58//19 59//19 60//19
f 61//20 62//20 63//20
f 64//21 65//21 66//21
f 67//22 68//22 69//22
f 70//23 71//23 72//23
f 73//24 74//24 75//24
f 76//25 77//25 78//25
f 79//26 80//26 81//26
f 82//27 83//27 84//27
f 85//28 86//28 87//28
f 88//29 89//29 90//29
f 91//30 92//30 93//30
f 94//31 95//31 96//31
f 97//32 98//32 99//32
f 100//33 101//33 102//33
f 103//34 104//34 105//34
f 106//35 107//35 108//35
f 109//36 110//36 111//36
f 112//37 113//37 114//37
f 115//38 116//38 117//38
f 118//39 119//39 120//39
f 121//40 122//40 123//40
f 124//41 125//41 126//41
f 127//42 128//42 129//42
f 130//43 131//43 132//43
f 133//44 134//44 135//44
f 136//45 137//45 138//45
f 139//46 140//46 141//46
f 142//47 143//47 144//47
f 145//48 146//48 147//48
f 148//49 149//49 150//49
f 151//50 152//50 153//50
f 154//51 155//51 156//51
f 157//47 158//47 159//47
f 160//52 161//52 162//52
f 163//53 164//53 165//53
f 166//54 167//54 168//54
f 169//55 170//55 171//55
f 172//56 173//56 174//56
f 175//57 176//57 177//57
f 178//35 179//35 180//35
f 181//58 182//58 183//58
f 184//59 185//59 186//59
f 187//60 188//60 189//60
f 190//61 191//61 192//61
f 193//62 194//62 195//62
f 196//63 197//63 198//63
f 199//64 200//64 201//64
f 202//65 203//65 204//65
f 205//66 206//66 207//66
f 208//67 209//67 210//67
f 211//68 212//68 213//68
f 214//69 215//69 216//69
f 217//70 218//70 219//70
f 220//71 221//71 222//71
f 223//72 224//72 225//72
f 226//73 227//73 228//73
f 229//74 230//74 231//74
f 232//75 233//75 234//75
f 235//76 236//76 237//76
f 238//77 239//77 240//77
f 241//78 242//78 243//78
f 244//79 245//79 246//79
f 247//80 248//80 249//80
f 250//81 251//81 252//81
f 253//82 254//82 255//82
f 256//83 257//83 258//83
f 259//84 260//84 261//84
f 262//72 263//72 264//72
f 265//85 266//85 267//85
f 268//86 269//86 270//86
f 271//87 272//87 273//87
f 274//88 275//88 276//88
f 277//89 278//89 279//89
f 280//86 281//86 282//86
f 283//90 284//90 285//90
f 286//91 287//91 288//91
f 289//92 290//92 291//92
f 292//93 293//93 294//93
f 295//94 296//94 297//94
f 298//95 299//95 300//95
f 301//96 302//96 303//96
f 304//97 305//97 306//97
f 307//98 308//98 309//98
f 310//99 311//99 312//99
f 313//100 314//100 315//100
f 316//101 317//101 318//101
f 319//102 320//102 321//102
f 322//103 323//103 324//103
f 325//104 326//104 327//104
f 328//105 329//105 330//105
f 331//106 332//106 333//106
f 334//107 335//107 336//107
f 337//108 338//108 339//108
f 340//109 341//109 342//109
f 343//110 344//110 345//110
f 346//111 347//111 348//111
f 349//112 350//112 351//112
f 352//113 353//113 354//113
f 355//114 356//114 357//114
f 358//115 359//115 360//115
f 361//116 362//116 363//116
f 364//117 365//117 366//117
f 367//118 368//118 369//118
f 370//119 371//119 372//119
f 373//120 374//120 375//120
f 376//121 377//121 378//121
f 379//122 380//122 381//122
f 382//123 383//123 384//123
f 385//123 386//123 387//123
f 388//124 389//124 390//124
f 391//124 392//124 393//124
f 394//125 395//125 396//125
f 397//126 398//126 399//126
f 400//127 401//127 402//127
f 403//128 404//128 405//128
f 406//129 407//129 408//129
f 409//130 410//130 411//130
f 412//131 413//131 414//131
f 415//132 416//132 417//132
f 418//133 419//133 420//133
f 421//134 422//134 423//134
f 424//134 425//134 426//134
f 427//134 428//134 429//134
f 430//135 431//135 432//135
f 433//126 434//126 435//126
f 436//136 437//136 438//136
f 439//137 440//137 441//137
f 442//138 443//138 444//138
f 445//139 446//139 447//139
f 448//140 449//140 450//140
f 451//141 452//141 453//141
f 454//142 455//142 456//142
f 457//143 458//143 459//143
f 460//144 461//144 462//144
f 463//145 464//145 465//145
f 466//146 467//146 468//146
f 469//147 470//147 471//147
f 472//148 473//148 474//148
f 475//149 476//149 477//149
f 478//150 479//150 480//150
f 481//151 482//151 483//151
f 484//152 485//152 486//152
f 487//153 488//153 489//153
f 490//154 491//154 492//154
f 493//155 494//155 495//155
f 496//156 497//156 498//156
f 499//157 500//157 501//157
f 502//158 503//158 504//158
f 505//159 506//159 507//159
f 508//160 509//160 510//160
f 511//161 512//161 513//161
f 514//141 515//141 516//141
f 517//162 518//162 519//162
f 520//163 521//163 522//163
f 523//164 524//164 525//164
f 526//165 527//165 528//165
f 529//166 530//166 531//166
f 532//167 533//167 534//167
f 535//168 536//168 537//168
f 538//169 539//169 540//169
f 541//170 542//170 543//170
f 544//171 545//171 546//171
f 547//172 548//172 549//172
f 550//173 551//173 552//173
f 553//174 554//174 555//174
f 556//175 557//175 558//175
f 559//176 560//176 561//176
f 562//177 563//177 564//177
f 565//178 566//178 567//178
f 568//179 569//179 570//179
f 571//180 572//180 573//180
f 574//181 575//181 576//181
f 577//182 578//182 579//182
f 580//183 581//183 582//183
f 583//181 584//181 585//181
f 586//184 587//184 588//184
f 589//185 590//185 591//185
f 592//186 593//186 594//186
f 595//187 596//187 597//187
f 598//188 599//188 600//188
f 601//189 602//189 603//189
f 604//188 605//188 606//188
f 607//190 608//190 609//190
f 610//191 611//191 612//191
f 613//192 614//192 615//192
f 616//193 617//193 618//193
f 619//194 620//194 621//194
f 622//195 623//195 624//195
f 625//196 626//196 627//196
f 628//197 629//197 630//197
f 631//198 632//198 633//198
f 634//199 635//199 636//199
f 637//200 638//200 639//200
f 640//201 641//201 642//201
f 643//202 644//202 645//202
f 646//203 647//203 648//203
f 649//204 650//204 651//204
f 652//205 653//205 654//205
f 655//206 656//206 657//206
f 658//207 659//207 660//207
f 661//208 662//208 663//208
f 664//209 665//209 666//209
f 667//210 668//210 669//210
f 670//211 671//211 672//211
f 673//212 674//212 675//212
f 676//213 677//213 678//213
f 679//214 680//214 681//214
f 682//215 683//215 684//215
f 685//216 686//216 687//216
f 688//217 689//217 690//217
f 691//218 692//218 693//218
f 694//219 695//219 696//219
f 697//220 698//220 699//220
f 700//221 701//221 702//221
f 703//222 704//222 705//222
f 706//223 707//223 708//223
f 709//224 710//224 711//224
f 712//225 713//225 714//225
f 715//226 716//226 717//226
f 718//227 719//227 720//227
f 721//207 722//207 723//207
f 724//228 725//228 726//228
f 727//229 728//229 729//229
f 730//230 731//230 732//230
f 733//231 734//231 735//231
f 736//232 737//232 738//232
f 739//233 740//233 741//233
f 742//234 743//234 744//234
f 745//235 746//235 747//235
f 748//236 749//236 750//236
f 751//237 752//237 753//237
f 754//238 755//238 756//238
f 757//239 758//239 759//239
f 760//240 761//240 762//240
f 763//241 764//241 765//241
f 766//242 767//242 768//242
f 769//243 770//243 771//243
f 772//244 773//244 774//244
f 775//245 776//245 777//245
f 778//246 779//246 780//246
f 781//234 782//234 783//234
f 784//247 785//247 786//247
f 787//248 788//248 789//248
f 790//249 791//249 792//249
f 793//250 794//250 795//250
f 796//251 797//251 798//251
f 799//252 800//252 801//252
f 802//253 803//253 804//253
f 805//254 806//254 807//254
f 808//255 809//255 810//255
f 811//256 812//256 813//256
f 814//257 815//257 816//257
f 817//258 818//258 819//258
f 820//259 821//259 822//259
f 823//260 824//260 825//260
f 826//261 827//261 828//261
f 829//262 830//262 831//262
f 832//263 833//263 834//263
f 835//264 836//264 837//264
f 838//265 839//265 840//265
f 841//266 842//266 843//266
f 844//267 845//267 846//267
f 847//261 848//261 849//261
f 850//268 851//268 852//268
f 853//253 854//253 855//253
f 856//269 857//269 858//269
f 859//270 860//270 861//270
f 862//271 863//271 864//271
f 865//272 866//272 867//272
f 868//273 869//273 870//273
f 871//274 872//274 873//274
f 874//275 875//275 876//275
f 877//276 878//276 879//276
f 880//277 881//277 882//277
f 883//278 884//278 885//278
f 886//279 887//279 888//279
f 889//280 890//280 891//280
f 892//281 893//281 894//281
f 895//282 896//282 897//282
f 898//283 899//283 900//283
f 901//284 902//284 903//284
f 904//285 905//285 906//285
f 907//286 908//286 909//286
f 910//287 911//287 912//287
f 913//288 914//288 915//288
f 916//289 917//289 918//289
f 919//290 920//290 921//290
f 922//291 923//291 924//291
f 925//292 926//292 927//292
f 928//293 929//293 930//293
f 931//294 932//294 933//294
f 934//295 935//295 936//295
f 937//296 938//296 939//296
f 940//297 941//297 942//297
f 943//298 944//298 945//298
f 946//299 947//299 948//299
f 949//300 950//300 951//300
f 952//301 953//301 954//301
f 955//302 956//302 957//302
f 958//303 959//303 960//303
f 961//304 962//304 963//304
f 964//305 965//305 966//305
f 967//306 968//306 969//306
f 970//307 971//307 972//307
f 973//308 974//308 975//308
f 976//309 977//309 978//309
f 979//310 980//310 981//310
f 982//311 983//311 984//311
f 985//312 986//312 987//312
f 988//313 989//313 990//313
f 991//314 992//314 993//314
f 994//315 995//315 996//315
f 997//316 998//316 999//316
f 1000//317 1001//317 1002//317
f 1003//318 1004//318 1005//318
f 1006//319 1007//319 1008//319
f 1009//320 1010//320 1011//320
f 1012//321 1013//321 1014//321
f 1015//322 1016//322 1017//322
f 1018//323 1019//323 1020//323
f 1021//323 1022//323 1023//323
f 1024//324 1025//324 1026//324
f 1027//325 1028//325 1029//325
f 1030//326 1031//326 1032//326
f 1033//327 1034//327 1035//327
f 1036//328 1037//328 1038//328
f 1039//329 1040//329 1041//329
f 1042//330 1043//330 1044//330
f 1045//331 1046//331 1047//331
f 1048//332 1049//332 1050//332
f 1051//333 1052//333 1053//333
f 1054//334 1055//334 1056//334
f 1057//335 1058//335 1059//335
f 1060//336 1061//336 1062//336
f 1063//337 1064//337 1065//337
f 1066//338 1067//338 1068//338
f 1069//339 1070//339 1071//339
f 1072//340 1073//340 1074//340
f 1075//341 1076//341 1077//341
f 1078//342 1079//342 1080//342
f 1081//343 1082//343 1083//343
f 1084//344 1085//344 1086//344
f 1087//345 1088//345 1089//345
f 1090//346 1091//346 1092//346
f 1093//347 1094//347 1095//347
f 1096//348 1097//348 1098//348
f 1099//349 1100//349 1101//349
f 1102//350 1103//350 1104//350
f 1105//351 1106//351 1107//351
f 1108//352 1109//352 1110//352
f 1111//353 1112//353 1113//353
f 1114//354 1115//354 1116//354
f 1117//355 1118//355 1119//355
f 1120//356 1121//356 1122//356
f 1123//357 1124//357 1125//357
f 1126//358 1127//358 1128//358
f 1129//359 1130//359 1131//359
f 1132//360 1133//360 1134//360
f 1135//361 1136//361 1137//361
f 1138//362 1139//362 1140//362
f 1141//363 1142//363 1143//363
f 1144//364 1145//364 1146//364
f 1147//365 1148//365 1149//365
f 1150//366 1151//366 1152//366
f 1153//367 1154//367 1155//367
f 1156//368 1157//368 1158//368
f 1159//369 1160//369 1161//369
f 1162//370 1163//370 1164//370
f 1165//371 1166//371 1167//371
f 1168//372 1169//372 1170//372
f 1171//373 1172//373 1173//373
f 1174//374 1175//374 1176//374
f 1177//375 1178//375 1179//375
f 1180//376 1181//376 1182//376
f 1183//377 1184//377 1185//377
f 1186//378 1187//378 1188//378
f 1189//379 1190//379 1191//379
f 1192//380 1193//380 1194//380
f 1195//381 1196//381 1197//381
f 1198//382 1199//382 1200//382
f 1201//383 1202//383 1203//383
f 1204//384 1205//384 1206//384
f 1207//385 1208//385 1209//385
f 1210//386 1211//386 1212//386
f 1213//387 1214//387 1215//387
f 1216//388 1217//388 1218//388
f 1219//389 1220//389 1221//389
f 1222//390 1223//390 1224//390
f 1225//391 1226//391 1227//391
f 1228//392 1229//392 1230//392
f 1231//393 1232//393 1233//393
f 1234//390 1235//390 1236//390
f 1237//394 1238//394 1239//394
f 1240//395 1241//395 1242//395
f 1243//396 1244//396 1245//396
f 1246//397 1247//397 1248//397
f 1249//398 1250//398 1251//398
f 1252//399 1253//399 1254//399
f 1255//400 1256//400 1257//400
f 1258//401 1259//401 1260//401
f 1261//402 1262//402 1263//402
f 1264//403 1265//403 1266//403
f 1267//404 1268//404 1269//404
f 1270//405 1271//405 1272//405
f 1273//406 1274//406 1275//406
f 1276//407 1277//407 1278//407
f 1279//408 1280//408 1281//408
f 1282//409 1283//409 1284//409
f 1285//410 1286//410 1287//410
f 1288//411 1289//411 1290//411
f 1291//412 1292//412 1293//412
f 1294//413 1295//413 1296//413
f 1297//414 1298//414 1299//414
f 1300//415 1301//415 1302//415
f 1303//416 1304//416 1305//416
f 1306//417 1307//417 1308//417
f 1309//418 1310//418 1311//418
f 1312//419 1313//419 1314//419
f 1315//420 1316//420 1317//420
f 1318//421 1319//421 1320//421
f 1321//422 1322//422 1323//422
f 1324//423 1325//423 1326//423
f 1327//424 1328//424 1329//424
f 1330//425 1331//425 1332//425
f 1333//426 1334//426 1335//426
f 1336//427 1337//427 1338//427
f 1339//428 1340//428 1341//428
f 1342//429 1343//429 1344//429
f 1345//430 1346//430 1347//430
f 1348//431 1349//431 1350//431
f 1351//432 1352//432 1353//432
f 1354//433 1355//433 1356//433
f 1357//434 1358//434 1359//434
f 1360//435 1361//435 1362//435
f 1363//436 1364//436 1365//436
f 1366//437 1367//437 1368//437
f 1369//438 1370//438 1371//438
f 1372//439 1373//439 1374//439
f 1375//440 1376//440 1377//440
f 1378//441 1379//441 1380//441
f 1381//442 1382//442 1383//442
f 1384//443 1385//443 1386//443
f 1387//444 1388//444 1389//444
f 1390//445 1391//445 1392//445
f 1393//446 1394//446 1395//446
f 1396//447 1397//447 1398//447
f 1399//448 1400//448 1401//448
f 1402//449 1403//449 1404//449
f 1405//450 1406//450 1407//450
f 1408//451 1409//451 1410//451
f 1411//452 1412//452 1413//452
f 1414//453 1415//453 1416//453
f 1417//454 1418//454 1419//454
f 1420//455 1421//455 1422//455
f 1423//456 1424//456 1425//456
f 1426//457 1427//457 1428//457
f 1429//458 1430//458 1431//458
f 1432//456 1433//456 1434//456
f 1435//459 1436//459 1437//459
f 1438//460 1439//460 1440//460
f 1441//461 1442//461 1443//461
f 1444//462 1445//462 1446//462
f 1447//463 1448//463 1449//463
f 1450//464 1451//464 1452//464
f 1453//465 1454//465 1455//465
f 1456//466 1457//466 1458//466
f 1459//467 1460//467 1461//467
f 1462//468 1463//468 1464//468
f 1465//469 1466//469 1467//469
f 1468//470 1469//470 1470//470
f 1471//471 1472//471 1473//471
f 1474//472 1475//472 1476//472
f 1477//460 1478//460 1479//460
f 1480//473 1481//473 1482//473
f 1483//474 1484//474 1485//474
f 1486//455 1487//455 1488//455
f 1489//475 1490//475 1491//475
f 1492//476 1493//476 1494//476
f 1495//477 1496//477 1497//477
f 1498//478 1499//478 1500//478
f 1501//479 1502//479 1503//479
f 1504//480 1505//480 1506//480
f 1507//481 1508//481 1509//481
f 1510//482 1511//482 1512//482
f 1513//483 1514//483 1515//483
f 1516//484 1517//484 1518//484
f 1519//485 1520//485 1521//485
f 1522//486 1523//486 1524//486
f 1525//487 1526//487 1527//487
f 1528//488 1529//488 1530//488
f 1531//489 1532//489 1533//489
f 1534//490 1535//490 1536//490
f 1537//491 1538//491 1539//491
f 1540//492 1541//492 1542//492
f 1543//493 1544//493 1545//493
f 1546//494 1547//494 1548//494
f 1549//495 1550//495 1551//495
f 1552//496 1553//496 1554//496
f 1555//497 1556//497 1557//497
f 1558//498 1559//498 1560//498
f 1561//499 1562//499 1563//499
f 1564//500 1565//500 1566//500
f 1567//501 1568//501 1569//501
f 1570//502 1571//502 1572//502
f 1573//503 1574//503 1575//503
f 1576//504 1577//504 1578//504
f 1579//505 1580//505 1581//505
f 1582//506 1583//506 1584//506
f 1585//507 1586//507 1587//507
f 1588//506 1589//506 1590//506
f 1591//508 1592//508 1593//508
f 1594//509 1595//509 1596//509
f 1597//510 1598//510 1599//510
f 1600//511 1601//511 1602//511
f 1603//512 1604//512 1605//512
f 1606//513 1607//513 1608//513
f 1609//514 1610//514 1611//514
f 1612//515 1613//515 1614//515
f 1615//516 1616//516 1617//516
f 1618//517 1619//517 1620//517
f 1621//518 1622//518 1623//518
f 1624//519 1625//519 1626//519
f 1627//520 1628//520 1629//520
f 1630//521 1631//521 1632//521
f 1633//522 1634//522 1635//522
f 1636//523 1637//523 1638//523
f 1639//524 1640//524 1641//524
f 1642//525 1643//525 1644//525
f 1645//526 1646//526 1647//526
f 1648//527 1649//527 1650//527
f 1651//528 1652//528 1653//528
f 1654//529 1655//529 1656//529
f 1657//530 1658//530 1659//530
f 1660//531 1661//531 1662//531
f 1663//532 1664//532 1665//532
f 1666//533 1667//533 1668//533
f 1669//534 1670//534 1671//534
f 1672//535 1673//535 1674//535
f 1675//536 1676//536 1677//536
f 1678//537 1679//537 1680//537
f 1681//538 1682//538 1683//538
f 1684//539 1685//539 1686//539
f 1687//540 1688//540 1689//540
f 1690//541 1691//541 1692//541
f 1693//542 1694//542 1695//542
f 1696//543 1697//543 1698//543
f 1699//544 1700//544 1701//544
f 1702//545 1703//545 1704//545
f 1705//546 1706//546 1707//546
f 1708//547 1709//547 1710//547
f 1711//548 1712//548 1713//548
f 1714//549 1715//549 1716//549
f 1717//550 1718//550 1719//550
f 1720//551 1721//551 1722//551
f 1723//552 1724//552 1725//552
f 1726//553 1727//553 1728//553
f 1729//554 1730//554 1731//554
f 1732//555 1733//555 1734//555
f 1735//556 1736//556 1737//556
f 1738//557 1739//557 1740//557
f 1741//558 1742//558 1743//558
f 1744//559 1745//559 1746//559
f 1747//560 1748//560 1749//560
f 1750//561 1751//561 1752//561
f 1753//562 1754//562 1755//562
f 1756//563 1757//563 1758//563
f 1759//563 1760//563 1761//563
f 1762//564 1763//564 1764//564
f 1765//565 1766//565 1767//565
f 1768//566 1769//566 1770//566
f 1771//567 1772//567 1773//567
f 1774//568 1775//568 1776//568
f 1777//569 1778//569 1779//569
f 1780//570 1781//570 1782//570
f 1783//571 1784//571 1785//571
f 1786//572 1787//572 1788//572
f 1789//573 1790//573 1791//573
f 1792//574 1793//574 1794//574
f 1795//575 1796//575 1797//575
f 1798//576 1799//576 1800//576
f 1801//577 1802//577 1803//577
f 1804//578 1805//578 1806//578
f 1807//579 1808//579 1809//579
f 1810//580 1811//580 1812//580
f 1813//581 1814//581 1815//581
f 1816//582 1817//582 1818//582
f 1819//583 1820//583 1821//583
f 1822//584 1823//584 1824//584
f 1825//585 1826//585 1827//585
f 1828//586 1829//586 1830//586
f 1831//587 1832//587 1833//587
f 1834//588 1835//588 1836//588
f 1837//589 1838//589 1839//589
f 1840//590 1841//590 1842//590
f 1843//591 1844//591 1845//591
f 1846//592 1847//592 1848//592
f 1849//593 1850//593 1851//593
f 1852//594 1853//594 1854//594
f 1855//595 1856//595 1857//595
f 1858//596 1859//596 1860//596
f 1861//597 1862//597 1863//597
f 1864//598 1865//598 1866//598
f 1867//599 1868//599 1869//599
f 1870//600 1871//600 1872//600
f 1873//601 1874//601 1875//601
f 1876//602 1877//602 1878//602
f 1879//601 1880//601 1881//601
f 1882//603 1883//603 1884//603
f 1885//604 1886//604 1887//604
f 1888//605 1889//605 1890//605
f 1891//606 1892//606 1893//606
f 1894//607 1895//607 1896//607
f 1897//608 1898//608 1899//608
f 1900//609 1901//609 1902//609
f 1903//610 1904//610 1905//610
f 1906//611 1907//611 1908//611
f 1909//612 1910//612 1911//612
f 1912//613 1913//613 1914//613
f 1915//614 1916//614 1917//614
f 1918//615 1919//615 1920//615
f 1921//616 1922//616 1923//616
f 1924//617 1925//617 1926//617
f 1927//618 1928//618 1929//618
f 1930//619 1931//619 1932//619
f 1933//620 1934//620 1935//620
f 1936//621 1937//621 1938//621
f 1939//622 1940//622 1941//622
f 1942//623 1943//623 1944//623
f 1945//624 1946//624 1947//624
f 1948//625 1949//625 1950//625
f 1951//613 1952//613 1953//613
f 1954//626 1955//626 1956//626
f 1957//627 1958//627 1959//627
f 1960//628 1961//628 1962//628
f 1963//629 1964//629 1965//629
f 1966//630 1967//630 1968//630
f 1969//631 1970//631 1971//631
f 1972//632 1973//632 1974//632
f 1975//633 1976//633 1977//633
f 1978//634 1979//634 1980//634
f 1981//635 1982//635 1983//635
f 1984//636 1985//636 1986//636
f 1987//637 1988//637 1989//637
f 1990//638 1991//638 1992//638
f 1993//639 1994//639 1995//639
f 1996//640 1997//640 1998//640
f 1999//641 2000//641 2001//641
f 2002//642 2003//642 2004//642
f 2005//643 2006//643 2007//643
f 2008//644 2009//644 2010//644
f 2011//645 2012//645 2013//645
f 2014//646 2015//646 2016//646
f 2017//647 2018//647 2019//647
f 2020//648 2021//648 2022//648
f 2023//649 2024//649 2025//649
f 2026//650 2027//650 2028//650
f 2029//651 2030//651 2031//651
f 2032//652 2033//652 2034//652
f 2035//653 2036//653 2037//653
f 2038//654 2039//654 2040//654
f 2041//655 2042//655 2043//655
f 2044//656 2045//656 2046//656
f 2047//657 2048//657 2049//657
f 2050//658 2051//658 2052//658
f 2053//659 2054//659 2055//659
f 2056//660 2057//660 2058//660
f 2059//661 2060//661 2061//661
f 2062//662 2063//662 2064//662
f 2065//663 2066//663 2067//663
f 2068//664 2069//664 2070//664
f 2071//652 2072//652 2073//652
f 2074//665 2075//665 2076//665
f 2077//666 2078//666 2079//666
f 2080//667 2081//667 2082//667
f 2083//668 2084//668 2085//668
f 2086//669 2087//669 2088//669
f 2089//670 2090//670 2091//670
f 2092//671 2093//671 2094//671
f 2095//672 2096//672 2097//672
f 2098//673 2099//673 2100//673
f 2101//674 2102//674 2103//674
f 2104//675 2105//675 2106//675
f 2107//676 2108//676 2109//676
f 2110//677 2111//677 2112//677
f 2113//678 2114//678 2115//678
f 2116//679 2117//679 2118//679
f 2119//680 2120//680 2121//680
f 2122//681 2123//681 2124//681
f 2125//682 2126//682 2127//682
f 2128//683 2129//683 2130//683
f 2131//684 2132//684 2133//684
f 2134//685 2135//685 2136//685
f 2137//686 2138//686 2139//686
f 2140//687 2141//687 2142//687
f 2143//688 2144//688 2145//688
f 2146//689 2147//689 2148//689
f 2149//690 2150//690 2151//690
f 2152//691 2153//691 2154//691
f 2155//692 2156//692 2157//692
f 2158//693 2159//693 2160//693
f 2161//694 2162//694 2163//694
f 2164//695 2165//695 2166//695
f 2167//696 2168//696 2169//696
f 2170//697 2171//697 2172//697
f 2173//698 2174//698 2175//698
f 2176//699 2177//699 2178//699
f 2179//700 2180//700 2181//700
f 2182//701 2183//701 2184//701
f 2185//702 2186//702 2187//702
f 2188//703 2189//703 2190//703
f 2191//704 2192//704 2193//704
f 2194//705 2195//705 2196//705
f 2197//706 2198//706 2199//706
f 2200//707 2201//707 2202//707
f 2203//708 2204//708 2205//708
f 2206//709 2207//709 2208//709
f 2209//710 2210//710 2211//710
f 2212//711 2213//711 2214//711
f 2215//712 2216//712 2217//712
f 2218//713 2219//713 2220//713
f 2221//714 2222//714 2223//714
f 2224//715 2225//715 2226//715
f 2227//716 2228//716 2229//716
f 2230//717 2231//717 2232//717
f 2233//717 2234//717 2235//717
f 2236//718 2237//718 2238//718
f 2239//719 2240//719 2241//719
f 2242//720 2243//720 2244//720
f 2245//721 2246//721 2247//721
f 2248//722 2249//722 2250//722
f 2251//723 2252//723 2253//723
f 2254//724 2255//724 2256//724
f 2257//725 2258//725 2259//725
f 2260//726 2261//726 2262//726
f 2263//727 2264//727 2265//727
f 2266//728 2267//728 2268//728
f 2269//729 2270//729 2271//729
f 2272//730 2273//730 2274//730
f 2275//731 2276//731 2277//731
f 2278//732 2279//732 2280//732
f 2281//733 2282//733 2283//733
f 2284//734 2285//734 2286//734
f 2287//735 2288//735 2289//735
f 2290//736 2291//736 2292//736
f 2293//737 2294//737 2295//737
f 2296//738 2297//738 2298//738
f 2299//739 2300//739 2301//739
f 2302//740 2303//740 2304//740
f 2305//741 2306//741 2307//741
f 2308//742 2309//742 2310//742
f 2311//743 2312//743 2313//743
f 2314//744 2315//744 2316//744
f 2317//745 2318//745 2319//745
f 2320//746 2321//746 2322//746
f 2323//747 2324//747 2325//747
f 2326//748 2327//748 2328//748
f 2329//749 2330//749 2331//749
f 2332//750 2333//750 2334//750
f 2335//751 2336//751 2337//751
f 2338//752 2339//752 2340//752
f 2341//753 2342//753 2343//753
f 2344//754 2345//754 2346//754
f 2347//755 2348//755 2349//755
f 2350//756 2351//756 2352//756
f 2353//757 2354//757 2355//757
f 2356//758 2357//758 2358//758
f 2359//759 2360//759 2361//759
f 2362//760 2363//760 2364//760
f 2365//761 2366//761 2367//761
f 2368//762 2369//762 2370//762
f 2371//763 2372//763 2373//763
f 2374//764 2375//764 2376//764
f 2377//765 2378//765 2379//765
f 2380//766 2381//766 2382//766
f 2383//767 2384//767 2385//767
f 2386//768 2387//768 2388//768
f 2389//769 2390//769 2391//769
f 2392//770 2393//770 2394//770
f 2395//771 2396//771 2397//771
f 2398//772 2399//772 2400//772
f 2401//773 2402//773 2403//773
f 2404//774 2405//774 2406//774
f 2407//775 2408//775 2409//775
f 2410//769 2411//769 2412//769
f 2413//776 2414//776 2415//776
f 2416//777 2417//777 2418//777
f 2419//778 2420//778 2421//778
f 2422//779 2423//779 2424//779
f 2425//780 2426//780 2427//780
f 2428//781 2429//781 2430//781
f 2431//782 2432//782 2433//782
f 2434//783 2435//783 2436//783
f 2437//784 2438//784 2439//784
f 2440//785 2441//785 2442//785
f 2443//786 2444//786 2445//786
f 2446//787 2447//787 2448//787
f 2449//788 2450//788 2451//788
f 2452//789 2453//789 2454//789
f 2455//790 2456//790 2457//790
f 2458//791 2459//791 2460//791
f 2461//792 2462//792 2463//792
f 2464//793 2465//793 2466//793
f 2467//794 2468//794 2469//794
f 2470//795 2471//795 2472//795
f 2473//796 2474//796 2475//796
f 2476//797 2477//797 2478//797
f 2479//798 2480//798 2481//798
f 2482//799 2483//799 2484//799
f 2485//800 2486//800 2487//800
f 2488//801 2489//801 2490//801
f 2491//802 2492//802 2493//802
f 2494//803 2495//803 2496//803
f 2497//797 2498//797 2499//797
f 2500//804 2501//804 2502//804
f 2503//805 2504//805 2505//805
f 2506//806 2507//806 2508//806
f 2509//807 2510//807 2511//807
f 2512//788 2513//788 2514//788
f 2515//808 2516//808 2517//808
f 2518//809 2519//809 2520//809
f 2521//810 2522//810 2523//810
f 2524//811 2525//811 2526//811
f 2527//812 2528//812 2529//812
f 2530//813 2531//813 2532//813
f 2533//814 2534//814 2535//814
f 2536//815 2537//815 2538//815
f 2539//814 2540//814 2541//814
f 2542//816 2543//816 2544//816
f 2545//816 2546//816 2547//816
f 2548//817 2549//817 2550//817
f 2551//817 2552//817 2553//817
f 2554//818 2555//818 2556//818
f 2557//819 2558//819 2559//819
f 2560//817 2561//817 2562//817
f 2563//820 2564//820 2565//820
f 2566//821 2567//821 2568//821
f 2569//123 2570//123 2571//123
f 2572//822 2573//822 2574//822
f 2575//823 2576//823 2577//823
f 2578//824 2579//824 2580//824
f 2581//825 2582//825 2583//825
f 2584//826 2585//826 2586//826
f 2587//827 2588//827 2589//827
f 2590//828 2591//828 2592//828
f 2593//829 2594//829 2595//829
f 2596//830 2597//830 2598//830
f 2599//831 2600//831 2601//831
f 2602//832 2603//832 2604//832
f 2605//833 2606//833 2607//833
f 2608//834 2609//834 2610//834
f 2611//835 2612//835 2613//835
f 2614//836 2615//836 2616//836
f 2617//837 2618//837 2619//837
f 2620//838 2621//838 2622//838
f 2623//839 2624//839 2625//839
f 2626//840 2627//840 2628//840
f 2629//841 2630//841 2631//841
f 2632//842 2633//842 2634//842
f 2635//843 2636//843 2637//843
f 2638//844 2639//844 2640//844
f 2641//845 2642//845 2643//845
f 2644//846 2645//846 2646//846
f 2647//847 2648//847 2649//847
f 2650//848 2651//848 2652//848
f 2653//849 2654//849 2655//849
f 2656//850 2657//850 2658//850
f 2659//851 2660//851 2661//851
f 2662//852 2663//852 2664//852
f 2665//853 2666//853 2667//853
f 2668//854 2669//854 2670//854
f 2671//855 2672//855 2673//855
f 2674//856 2675//856 2676//856
f 2677//857 2678//857 2679//857
f 2680//858 2681//858 2682//858
f 2683//859 2684//859 2685//859
f 2686//860 2687//860 2688//860
f 2689//861 2690//861 2691//861
f 2692//862 2693//862 2694//862
f 2695//863 2696//863 2697//863
f 2698//864 2699//864 2700//864
f 2701//865 2702//865 2703//865
f 2704//866 2705//866 2706//866
f 2707//867 2708//867 2709//867
f 2710//868 2711//868 2712//868
f 2713//869 2714//869 2715//869
f 2716//870 2717//870 2718//870
f 2719//871 2720//871 2721//871
f 2722//872 2723//872 2724//872
f 2725//873 2726//873 2727//873
f 2728//874 2729//874 2730//874
f 2731//875 2732//875 2733//875
f 2734//876 2735//876 2736//876
f 2737//870 2738//870 2739//870
f 2740//877 2741//877 2742//877
f 2743//878 2744//878 2745//878
f 2746//859 2747//859 2748//859
f 2749//879 2750//879 2751//879
f 2752//880 2753//880 2754//880
f 2755//881 2756//881 2757//881
f 2758//882 2759//882 2760//882
f 2761//883 2762//883 2763//883
f 2764//884 2765//884 2766//884
f 2767//885 2768//885 2769//885
f 2770//886 2771//886 2772//886
f 2773//887 2774//887 2775//887
f 2776//888 2777//888 2778//888
f 2779//889 2780//889 2781//889
f 2782//890 2783//890 2784//890
f 2785//891 2786//891 2787//891
f 2788//892 2789//892 2790//892
f 2791//893 2792//893 2793//893
f 2794//894 2795//894 2796//894
f 2797//895 2798//895 2799//895
f 2800//896 2801//896 2802//896
f 2803//897 2804//897 2805//897
f 2806//898 2807//898 2808//898
f 2809//899 2810//899 2811//899
f 2812//900 2813//900 2814//900
f 2815//901 2816//901 2817//901
f 2818//902 2819//902 2820//902
f 2821//903 2822//903 2823//903
f 2824//904 2825//904 2826//904
f 2827//905 2828//905 2829//905
f 2830//906 2831//906 2832//906
f 2833//907 2834//907 2835//907
f 2836//908 2837//908 2838//908
f 2839//909 2840//909 2841//909
f 2842//910 2843//910 2844//910
f 2845//911 2846//911 2847//911
f 2848//912 2849//912 2850//912
f 2851//913 2852//913 2853//913
f 2854//914 2855//914 2856//914
f 2857//915 2858//915 2859//915
f 2860//916 2861//916 2862//916
f 2863//917 2864//917 2865//917
f 2866//918 2867//918 2868//918
f 2869//919 2870//919 2871//919
f 2872//920 2873//920 2874//920
f 2875//921 2876//921 2877//921
f 2878//922 2879//922 2880//922
f 2881//923 2882//923 2883//923
f 2884//924 2885//924 2886//924
f 2887//925 2888//925 2889//925
f 2890//926 2891//926 2892//926
f 2893//927 2894//927 2895//927
f 2896//928 2897//928 2898//928
f 2899//929 2900//929 2901//929
f 2902//930 2903//930 2904//930
f 2905//931 2906//931 2907//931
f 2908//932 2909//932 2910//932
f 2911//933 2912//933 2913//933
f 2914//934 2915//934 2916//934
f 2917//935 2918//935 2919//935
f 2920//936 2921//936 2922//936
f 2923//937 2924//937 2925//937
f 2926//938 2927//938 2928//938
f 2929//939 2930//939 2931//939
f 2932//940 2933//940 2934//940
f 2935//941 2936//941 2937//941
f 2938//942 2939//942 2940//942
f 2941//943 2942//943 2943//943
f 2944//944 2945//944 2946//944
f 2947//945 2948//945 2949//945
f 2950//946 2951//946 2952//946
f 2953//947 2954//947 2955//947
f 2956//948 2957//948 2958//948
f 2959//949 2960//949 2961//949
f 2962//950 2963//950 2964//950
f 2965//951 2966//951 2967//951
f 2968//952 2969//952 2970//952
f 2971//953 2972//953 2973//953
f 2974//954 2975//954 2976//954
f 2977//955 2978//955 2979//955
f 2980//955 2981//955 2982//955
f 2983//956 2984//956 2985//956
f 2986//957 2987//957 2988//957
f 2989//958 2990//958 2991//958
f 2992//959 2993//959 2994//959
f 2995//960 2996//960 2997//960
f 2998//961 2999//961 3000//961
f 3001//962 3002//962 3003//962
f 3004//963 3005//963 3006//963
f 3007//964 3008//964 3009//964
f 3010//965 3011//965 3012//965
f 3013//966 3014//966 3015//966
f 3016//967 3017//967 3018//967
f 3019//968 3020//968 3021//968
f 3022//818 3023//818 3024//818
f 3025//969 3026//969 3027//969
f 3028//970 3029//970 3030//970
f 3031//971 3032//971 3033//971
f 3034//972 3035//972 3036//972
f 3037//973 3038//973 3039//973
f 3040//974 3041//974 3042//974
f 3043//975 3044//975 3045//975
f 3046//976 3047//976 3048//976
f 3049//977 3050//977 3051//977
f 3052//978 3053//978 3054//978
f 3055//979 3056//979 3057//979
f 3058//980 3059//980 3060//980
f 3061//981 3062//981 3063//981
f 3064//982 3065//982 3066//982
f 3067//983 3068//983 3069//983
f 3070//984 3071//984 3072//984
f 3073//985 3074//985 3075//985
f 3076//986 3077//986 3078//986
f 3079//987 3080//987 3081//987
f 3082//988 3083//988 3084//988
f 3085//989 3086//989 3087//989
f 3088//990 3089//990 3090//990
f 3091//991 3092//991 3093//991
f 3094//992 3095//992 3096//992
f 3097//993 3098//993 3099//993
f 3100//994 3101//994 3102//994
f 3103//995 3104//995 3105//995
f 3106//996 3107//996 3108//996
f 3109//997 3110//997 3111//997
f 3112//998 3113//998 3114//998
f 3115//999 3116//999 3117//999
f 3118//1000 3119//1000 3120//1000
f 3121//1001 3122//1001 3123//1001
f 3124//1002 3125//1002 3126//1002
f 3127//1003 3128//1003 3129//1003
f 3130//1004 3131//1004 3132//1004
f 3133//1005 3134//1005 3135//1005
f 3136//1006 3137//1006 3138//1006
f 3139//1007 3140//1007 3141//1007
f 3142//1008 3143//1008 3144//1008
f 3145//1009 3146//1009 3147//1009
f 3148//1010 3149//1010 3150//1010
f 3151//1011 3152//1011 3153//1011
f 3154//1012 3155//1012 3156//1012
f 3157//1013 3158//1013 3159//1013
f 3160//1014 3161//1014 3162//1014
f 3163//1015 3164//1015 3165//1015
f 3166//1016 3167//1016 3168//1016
f 3169//1017 3170//1017 3171//1017
f 3172//1018 3173//1018 3174//1018
f 3175//1019 3176//1019 3177//1019
f 3178//1020 3179//1020 3180//1020
f 3181//1021 3182//1021 3183//1021
f 3184//1022 3185//1022 3186//1022
f 3187//482 3188//482 3189//482
f 3190//1023 3191//1023 3192//1023
f 3193//1024 3194//1024 3195//1024
f 3196//1025 3197//1025 3198//1025
f 3199//1026 3200//1026 3201//1026
f 3202//1027 3203//1027 3204//1027
f 3205//1028 3206//1028 3207//1028
f 3208//1029 3209//1029 3210//1029
f 3211//1030 3212//1030 3213//1030
f 3214//1031 3215//1031 3216//1031
f 3217//1032 3218//1032 3219//1032
f 3220//1033 3221//1033 3222//1033
f 3223//1034 3224//1034 3225//1034
f 3226//1035 3227//1035 3228//1035
f 3229//1036 3230//1036 3231//1036
f 3232//1037 3233//1037 3234//1037
f 3235//1038 3236//1038 3237//1038
f 3238//1039 3239//1039 3240//1039
f 3241//1040 3242//1040 3243//1040
f 3244//1041 3245//1041 3246//1041
f 3247//1042 3248//1042 3249//1042
f 3250//1043 3251//1043 3252//1043
f 3253//1044 3254//1044 3255//1044
f 3256//1045 3257//1045 3258//1045
f 3259//1046 3260//1046 3261//1046
f 3262//1047 3263//1047 3264//1047
f 3265//1048 3266//1048 3267//1048
f 3268//1049 3269//1049 3270//1049
f 3271//1050 3272//1050 3273//1050
f 3274//1051 3275//1051 3276//1051
f 3277//1052 3278//1052 3279//1052
f 3280//1053 3281//1053 3282//1053
f 3283//1054 3284//1054 3285//1054
f 3286//1055 3287//1055 3288//1055
f 3289//1056 3290//1056 3291//1056
f 3292//1057 3293//1057 3294//1057
f 3295//1058 3296//1058 3297//1058
f 3298//1059 3299//1059 3300//1059
f 3301//1060 3302//1060 3303//1060
f 3304//1061 3305//1061 3306//1061
f 3307//1062 3308//1062 3309//1062
f 3310//1063 3311//1063 3312//1063
f 3313//1064 3314//1064 3315//1064
f 3316//1065 3317//1065 3318//1065
f 3319//1066 3320//1066 3321//1066
f 3322//1067 3323//1067 3324//1067
f 3325//1068 3326//1068 3327//1068
